2024,다다0000,in_age_001,433
2024,다다0000,in_age_002,570
2024,다다0000,in_age_003,678
2024,다다0000,in_age_004,559
2024,다다0000,in_age_005,395
2024,다다0000,in_age_006,493
2024,다다0000,in_age_007,605
2024,다다0000,in_age_008,685
2024,다다0000,in_age_009,873
2024,다다0000,in_age_010,840
2024,다다0000,in_age_011,869
2024,다다0000,in_age_012,621
2024,다다0000,in_age_013,453
2024,다다0000,in_age_014,310
2024,다다0000,in_age_015,199
2024,다다0000,in_age_016,133
2024,다다0000,in_age_017,98
2024,다다0000,in_age_018,48
2024,다다0000,in_age_019,13
2024,다다0000,in_age_020,5
2024,다다0000,in_age_021,5
2024,다다0000,in_age_031,220
2024,다다0000,in_age_032,295
2024,다다0000,in_age_033,346
2024,다다0000,in_age_034,308
2024,다다0000,in_age_035,226
2024,다다0000,in_age_036,258
2024,다다0000,in_age_037,268
2024,다다0000,in_age_038,335
2024,다다0000,in_age_039,422
2024,다다0000,in_age_040,409
2024,다다0000,in_age_041,456
2024,다다0000,in_age_042,328
2024,다다0000,in_age_043,207
2024,다다0000,in_age_044,154
2024,다다0000,in_age_045,94
2024,다다0000,in_age_046,63
2024,다다0000,in_age_047,38
2024,다다0000,in_age_048,13
2024,다다0000,in_age_049,5
2024,다다0000,in_age_050,0
2024,다다0000,in_age_061,211
2024,다다0000,in_age_062,278
2024,다다0000,in_age_063,335
2024,다다0000,in_age_064,249
2024,다다0000,in_age_065,167
2024,다다0000,in_age_066,233
2024,다다0000,in_age_067,335
2024,다다0000,in_age_068,353
2024,다다0000,in_age_069,449
2024,다다0000,in_age_070,429
2024,다다0000,in_age_071,411
2024,다다0000,in_age_072,291
2024,다다0000,in_age_073,244
2024,다다0000,in_age_074,154
2024,다다0000,in_age_075,103
2024,다다0000,in_age_076,73
2024,다다0000,in_age_077,58
2024,다다0000,in_age_078,33
2024,다다0000,in_age_079,13
2024,다다0000,in_age_080,5
2024,다다0000,in_age_081,5
2024,다다0000,to_in_001,8876
2024,다다0000,to_in_007,4449
2024,다다0000,to_in_008,4425
2024,다다0100,in_age_001,64
2024,다다0100,in_age_002,88
2024,다다0100,in_age_003,89
2024,다다0100,in_age_004,89
2024,다다0100,in_age_005,88
2024,다다0100,in_age_006,111
2024,다다0100,in_age_007,123
2024,다다0100,in_age_008,115
2024,다다0100,in_age_009,134
2024,다다0100,in_age_010,125
2024,다다0100,in_age_011,155
2024,다다0100,in_age_012,157
2024,다다0100,in_age_013,126
2024,다다0100,in_age_014,108
2024,다다0100,in_age_015,43
2024,다다0100,in_age_016,48
2024,다다0100,in_age_017,33
2024,다다0100,in_age_018,33
2024,다다0100,in_age_019,13
2024,다다0100,in_age_031,34
2024,다다0100,in_age_032,43
2024,다다0100,in_age_033,49
2024,다다0100,in_age_034,49
2024,다다0100,in_age_035,58
2024,다다0100,in_age_036,71
2024,다다0100,in_age_037,57
2024,다다0100,in_age_038,57
2024,다다0100,in_age_039,76
2024,다다0100,in_age_040,64
2024,다다0100,in_age_041,78
2024,다다0100,in_age_042,87
2024,다다0100,in_age_043,75
2024,다다0100,in_age_044,58
2024,다다0100,in_age_045,28
2024,다다0100,in_age_046,23
2024,다다0100,in_age_047,13
2024,다다0100,in_age_048,13
2024,다다0100,in_age_049,5
2024,다다0100,in_age_061,33
2024,다다0100,in_age_062,43
2024,다다0100,in_age_063,43
2024,다다0100,in_age_064,38
2024,다다0100,in_age_065,28
2024,다다0100,in_age_066,38
2024,다다0100,in_age_067,69
2024,다다0100,in_age_068,56
2024,다다0100,in_age_069,56
2024,다다0100,in_age_070,64
2024,다다0100,in_age_071,75
2024,다다0100,in_age_072,73
2024,다다0100,in_age_073,54
2024,다다0100,in_age_074,53
2024,다다0100,in_age_075,13
2024,다다0100,in_age_076,23
2024,다다0100,in_age_077,18
2024,다다0100,in_age_078,18
2024,다다0100,in_age_079,13
2024,다다0100,to_in_001,1738
2024,다다0100,to_in_007,937
2024,다다0100,to_in_008,804
2024,다다0186,in_age_014,5
2024,다다0186,in_age_044,0
2024,다다0186,in_age_074,5
2024,다다0186,to_in_001,5
2024,다다0186,to_in_007,0
2024,다다0186,to_in_008,5
2024,다다0200,in_age_001,28
2024,다다0200,in_age_002,28
2024,다다0200,in_age_003,23
2024,다다0200,in_age_004,23
2024,다다0200,in_age_005,28
2024,다다0200,in_age_006,33
2024,다다0200,in_age_007,53
2024,다다0200,in_age_008,43
2024,다다0200,in_age_009,43
2024,다다0200,in_age_010,43
2024,다다0200,in_age_011,55
2024,다다0200,in_age_012,68
2024,다다0200,in_age_013,68
2024,다다0200,in_age_014,48
2024,다다0200,in_age_015,18
2024,다다0200,in_age_016,13
2024,다다0200,in_age_017,13
2024,다다0200,in_age_018,8
2024,다다0200,in_age_019,8
2024,다다0200,in_age_021,0
2024,다다0200,in_age_031,18
2024,다다0200,in_age_032,13
2024,다다0200,in_age_033,13
2024,다다0200,in_age_034,13
2024,다다0200,in_age_035,18
2024,다다0200,in_age_036,18
2024,다다0200,in_age_037,28
2024,다다0200,in_age_038,23
2024,다다0200,in_age_039,23
2024,다다0200,in_age_040,28
2024,다다0200,in_age_041,28
2024,다다0200,in_age_042,33
2024,다다0200,in_age_043,38
2024,다다0200,in_age_044,23
2024,다다0200,in_age_045,8
2024,다다0200,in_age_046,8
2024,다다0200,in_age_047,5
2024,다다0200,in_age_048,0
2024,다다0200,in_age_049,5
2024,다다0200,in_age_061,13
2024,다다0200,in_age_062,18
2024,다다0200,in_age_063,13
2024,다다0200,in_age_064,13
2024,다다0200,in_age_065,8
2024,다다0200,in_age_066,18
2024,다다0200,in_age_067,23
2024,다다0200,in_age_068,23
2024,다다0200,in_age_069,23
2024,다다0200,in_age_070,18
2024,다다0200,in_age_071,25
2024,다다0200,in_age_072,33
2024,다다0200,in_age_073,28
2024,다다0200,in_age_074,23
2024,다다0200,in_age_075,8
2024,다다0200,in_age_076,8
2024,다다0200,in_age_077,8
2024,다다0200,in_age_078,8
2024,다다0200,in_age_079,5
2024,다다0200,in_age_081,0
2024,다다0200,to_in_001,640
2024,다다0200,to_in_007,343
2024,다다0200,to_in_008,295
2024,다다0201,in_age_001,5
2024,다다0201,in_age_002,5
2024,다다0201,in_age_003,8
2024,다다0201,in_age_004,18
2024,다다0201,in_age_005,18
2024,다다0201,in_age_006,13
2024,다다0201,in_age_007,13
2024,다다0201,in_age_008,13
2024,다다0201,in_age_009,18
2024,다다0201,in_age_010,13
2024,다다0201,in_age_011,24
2024,다다0201,in_age_012,18
2024,다다0201,in_age_013,18
2024,다다0201,in_age_014,29
2024,다다0201,in_age_015,8
2024,다다0201,in_age_016,8
2024,다다0201,in_age_017,8
2024,다다0201,in_age_018,8
2024,다다0201,in_age_019,0
2024,다다0201,in_age_032,0
2024,다다0201,in_age_033,5
2024,다다0201,in_age_034,8
2024,다다0201,in_age_035,13
2024,다다0201,in_age_036,8
2024,다다0201,in_age_037,8
2024,다다0201,in_age_038,8
2024,다다0201,in_age_039,8
2024,다다0201,in_age_040,8
2024,다다0201,in_age_041,14
2024,다다0201,in_age_042,13
2024,다다0201,in_age_043,8
2024,다다0201,in_age_044,13
2024,다다0201,in_age_045,8
2024,다다0201,in_age_046,5
2024,다다0201,in_age_047,5
2024,다다0201,in_age_048,5
2024,다다0201,in_age_061,5
2024,다다0201,in_age_062,5
2024,다다0201,in_age_063,5
2024,다다0201,in_age_064,8
2024,다다0201,in_age_065,5
2024,다다0201,in_age_066,8
2024,다다0201,in_age_067,5
2024,다다0201,in_age_068,8
2024,다다0201,in_age_069,8
2024,다다0201,in_age_070,8
2024,다다0201,in_age_071,8
2024,다다0201,in_age_072,8
2024,다다0201,in_age_073,8
2024,다다0201,in_age_074,19
2024,다다0201,in_age_075,5
2024,다다0201,in_age_076,8
2024,다다0201,in_age_077,5
2024,다다0201,in_age_078,8
2024,다다0201,in_age_079,0
2024,다다0201,to_in_001,235
2024,다다0201,to_in_007,124
2024,다다0201,to_in_008,109
2024,다다0300,in_age_001,105
2024,다다0300,in_age_002,96
2024,다다0300,in_age_003,112
2024,다다0300,in_age_004,102
2024,다다0300,in_age_005,99
2024,다다0300,in_age_006,174
2024,다다0300,in_age_007,188
2024,다다0300,in_age_008,196
2024,다다0300,in_age_009,209
2024,다다0300,in_age_010,192
2024,다다0300,in_age_011,243
2024,다다0300,in_age_012,229
2024,다다0300,in_age_013,243
2024,다다0300,in_age_014,184
2024,다다0300,in_age_015,105
2024,다다0300,in_age_016,79
2024,다다0300,in_age_017,64
2024,다다0300,in_age_018,34
2024,다다0300,in_age_019,13
2024,다다0300,in_age_020,0
2024,다다0300,in_age_031,48
2024,다다0300,in_age_032,50
2024,다다0300,in_age_033,63
2024,다다0300,in_age_034,51
2024,다다0300,in_age_035,59
2024,다다0300,in_age_036,99
2024,다다0300,in_age_037,105
2024,다다0300,in_age_038,106
2024,다다0300,in_age_039,99
2024,다다0300,in_age_040,105
2024,다다0300,in_age_041,115
2024,다다0300,in_age_042,127
2024,다다0300,in_age_043,111
2024,다다0300,in_age_044,102
2024,다다0300,in_age_045,49
2024,다다0300,in_age_046,42
2024,다다0300,in_age_047,18
2024,다다0300,in_age_048,13
2024,다다0300,in_age_049,5
2024,다다0300,in_age_061,55
2024,다다0300,in_age_062,49
2024,다다0300,in_age_063,52
2024,다다0300,in_age_064,54
2024,다다0300,in_age_065,38
2024,다다0300,in_age_066,78
2024,다다0300,in_age_067,81
2024,다다0300,in_age_068,88
2024,다다0300,in_age_069,108
2024,다다0300,in_age_070,90
2024,다다0300,in_age_071,126
2024,다다0300,in_age_072,105
2024,다다0300,in_age_073,130
2024,다다0300,in_age_074,80
2024,다다0300,in_age_075,54
2024,다다0300,in_age_076,40
2024,다다0300,in_age_077,44
2024,다다0300,in_age_078,24
2024,다다0300,in_age_079,13
2024,다다0300,in_age_080,0
2024,다다0300,to_in_001,2673
2024,다다0300,to_in_007,1366
2024,다다0300,to_in_008,1310
2024,다다0301,in_age_001,70
2024,다다0301,in_age_002,106
2024,다다0301,in_age_003,67
2024,다다0301,in_age_004,66
2024,다다0301,in_age_005,91
2024,다다0301,in_age_006,134
2024,다다0301,in_age_007,142
2024,다다0301,in_age_008,152
2024,다다0301,in_age_009,176
2024,다다0301,in_age_010,159
2024,다다0301,in_age_011,190
2024,다다0301,in_age_012,184
2024,다다0301,in_age_013,155
2024,다다0301,in_age_014,131
2024,다다0301,in_age_015,68
2024,다다0301,in_age_016,48
2024,다다0301,in_age_017,53
2024,다다0301,in_age_018,28
2024,다다0301,in_age_019,13
2024,다다0301,in_age_020,5
2024,다다0301,in_age_031,36
2024,다다0301,in_age_032,53
2024,다다0301,in_age_033,29
2024,다다0301,in_age_034,33
2024,다다0301,in_age_035,51
2024,다다0301,in_age_036,94
2024,다다0301,in_age_037,77
2024,다다0301,in_age_038,81
2024,다다0301,in_age_039,95
2024,다다0301,in_age_040,94
2024,다다0301,in_age_041,114
2024,다다0301,in_age_042,107
2024,다다0301,in_age_043,80
2024,다다0301,in_age_044,66
2024,다다0301,in_age_045,38
2024,다다0301,in_age_046,23
2024,다다0301,in_age_047,18
2024,다다0301,in_age_048,13
2024,다다0301,in_age_049,5
2024,다다0301,in_age_061,37
2024,다다0301,in_age_062,56
2024,다다0301,in_age_063,36
2024,다다0301,in_age_064,36
2024,다다0301,in_age_065,43
2024,다다0301,in_age_066,38
2024,다다0301,in_age_067,68
2024,다다0301,in_age_068,69
2024,다다0301,in_age_069,79
2024,다다0301,in_age_070,63
2024,다다0301,in_age_071,74
2024,다다0301,in_age_072,75
2024,다다0301,in_age_073,73
2024,다다0301,in_age_074,63
2024,다다0301,in_age_075,28
2024,다다0301,in_age_076,28
2024,다다0301,in_age_077,33
2024,다다0301,in_age_078,18
2024,다다0301,in_age_079,13
2024,다다0301,in_age_080,5
2024,다다0301,to_in_001,2044
2024,다다0301,to_in_007,1106
2024,다다0301,to_in_008,936
2024,다다0302,in_age_001,5
2024,다다0302,in_age_002,5
2024,다다0302,in_age_004,0
2024,다다0302,in_age_005,5
2024,다다0302,in_age_006,15
2024,다다0302,in_age_007,22
2024,다다0302,in_age_008,14
2024,다다0302,in_age_009,18
2024,다다0302,in_age_010,19
2024,다다0302,in_age_011,13
2024,다다0302,in_age_012,11
2024,다다0302,in_age_013,16
2024,다다0302,in_age_014,8
2024,다다0302,in_age_015,5
2024,다다0302,in_age_016,0
2024,다다0302,in_age_017,5
2024,다다0302,in_age_018,0
2024,다다0302,in_age_034,0
2024,다다0302,in_age_035,5
2024,다다0302,in_age_036,9
2024,다다0302,in_age_037,13
2024,다다0302,in_age_038,6
2024,다다0302,in_age_039,13
2024,다다0302,in_age_040,11
2024,다다0302,in_age_041,8
2024,다다0302,in_age_042,6
2024,다다0302,in_age_043,13
2024,다다0302,in_age_044,5
2024,다다0302,in_age_047,5
2024,다다0302,in_age_048,0
2024,다다0302,in_age_061,5
2024,다다0302,in_age_062,5
2024,다다0302,in_age_065,0
2024,다다0302,in_age_066,6
2024,다다0302,in_age_067,9
2024,다다0302,in_age_068,5
2024,다다0302,in_age_069,5
2024,다다0302,in_age_070,5
2024,다다0302,in_age_071,5
2024,다다0302,in_age_072,5
2024,다다0302,in_age_073,5
2024,다다0302,in_age_074,5
2024,다다0302,in_age_075,5
2024,다다0302,in_age_076,0
2024,다다0302,in_age_077,0
2024,다다0302,to_in_001,147
2024,다다0302,to_in_007,92
2024,다다0302,to_in_008,53
2024,다다0385,in_age_007,0
2024,다다0385,in_age_067,0
2024,다다0385,to_in_001,0
2024,다다0385,to_in_007,0
2024,다다0385,to_in_008,0
2024,다다0400,in_age_001,181
2024,다다0400,in_age_002,351
2024,다다0400,in_age_003,415
2024,다다0400,in_age_004,452
2024,다다0400,in_age_005,464
2024,다다0400,in_age_006,443
2024,다다0400,in_age_007,441
2024,다다0400,in_age_008,428
2024,다다0400,in_age_009,515
2024,다다0400,in_age_010,606
2024,다다0400,in_age_011,866
2024,다다0400,in_age_012,732
2024,다다0400,in_age_013,581
2024,다다0400,in_age_014,447
2024,다다0400,in_age_015,269
2024,다다0400,in_age_016,218
2024,다다0400,in_age_017,127
2024,다다0400,in_age_018,88
2024,다다0400,in_age_019,23
2024,다다0400,in_age_020,8
2024,다다0400,in_age_021,5
2024,다다0400,in_age_031,88
2024,다다0400,in_age_032,198
2024,다다0400,in_age_033,227
2024,다다0400,in_age_034,227
2024,다다0400,in_age_035,271
2024,다다0400,in_age_036,235
2024,다다0400,in_age_037,238
2024,다다0400,in_age_038,212
2024,다다0400,in_age_039,246
2024,다다0400,in_age_040,250
2024,다다0400,in_age_041,415
2024,다다0400,in_age_042,338
2024,다다0400,in_age_043,267
2024,다다0400,in_age_044,169
2024,다다0400,in_age_045,102
2024,다다0400,in_age_046,103
2024,다다0400,in_age_047,45
2024,다다0400,in_age_048,23
2024,다다0400,in_age_049,8
2024,다다0400,in_age_050,0
2024,다다0400,in_age_061,91
2024,다다0400,in_age_062,156
2024,다다0400,in_age_063,186
2024,다다0400,in_age_064,228
2024,다다0400,in_age_065,191
2024,다다0400,in_age_066,211
2024,다다0400,in_age_067,201
2024,다다0400,in_age_068,219
2024,다다0400,in_age_069,272
2024,다다0400,in_age_070,359
2024,다다0400,in_age_071,449
2024,다다0400,in_age_072,392
2024,다다0400,in_age_073,312
2024,다다0400,in_age_074,276
2024,다다0400,in_age_075,165
2024,다다0400,in_age_076,118
2024,다다0400,in_age_077,85
2024,다다0400,in_age_078,63
2024,다다0400,in_age_079,18
2024,다다0400,in_age_080,8
2024,다다0400,in_age_081,5
2024,다다0400,to_in_001,7648
2024,다다0400,to_in_007,3653
2024,다다0400,to_in_008,3998
2024,다다0401,in_age_001,8
2024,다다0401,in_age_002,13
2024,다다0401,in_age_003,18
2024,다다0401,in_age_004,28
2024,다다0401,in_age_005,28
2024,다다0401,in_age_006,28
2024,다다0401,in_age_007,28
2024,다다0401,in_age_008,18
2024,다다0401,in_age_009,33
2024,다다0401,in_age_010,48
2024,다다0401,in_age_011,53
2024,다다0401,in_age_012,59
2024,다다0401,in_age_013,73
2024,다다0401,in_age_014,55
2024,다다0401,in_age_015,38
2024,다다0401,in_age_016,28
2024,다다0401,in_age_017,23
2024,다다0401,in_age_018,13
2024,다다0401,in_age_019,13
2024,다다0401,in_age_020,8
2024,다다0401,in_age_021,0
2024,다다0401,in_age_031,0
2024,다다0401,in_age_032,8
2024,다다0401,in_age_033,8
2024,다다0401,in_age_034,8
2024,다다0401,in_age_035,18
2024,다다0401,in_age_036,18
2024,다다0401,in_age_037,13
2024,다다0401,in_age_038,13
2024,다다0401,in_age_039,18
2024,다다0401,in_age_040,28
2024,다다0401,in_age_041,33
2024,다다0401,in_age_042,28
2024,다다0401,in_age_043,41
2024,다다0401,in_age_044,35
2024,다다0401,in_age_045,18
2024,다다0401,in_age_046,13
2024,다다0401,in_age_047,5
2024,다다0401,in_age_048,5
2024,다다0401,in_age_049,5
2024,다다0401,in_age_061,8
2024,다다0401,in_age_062,5
2024,다다0401,in_age_063,8
2024,다다0401,in_age_064,18
2024,다다0401,in_age_065,8
2024,다다0401,in_age_066,13
2024,다다0401,in_age_067,13
2024,다다0401,in_age_068,8
2024,다다0401,in_age_069,13
2024,다다0401,in_age_070,23
2024,다다0401,in_age_071,23
2024,다다0401,in_age_072,34
2024,다다0401,in_age_073,35
2024,다다0401,in_age_074,23
2024,다다0401,in_age_075,18
2024,다다0401,in_age_076,13
2024,다다0401,in_age_077,18
2024,다다0401,in_age_078,13
2024,다다0401,in_age_079,8
2024,다다0401,in_age_080,8
2024,다다0401,in_age_081,0
2024,다다0401,to_in_001,616
2024,다다0401,to_in_007,308
2024,다다0401,to_in_008,306
2024,다다0402,in_age_001,5
2024,다다0402,in_age_002,8
2024,다다0402,in_age_003,13
2024,다다0402,in_age_004,14
2024,다다0402,in_age_005,18
2024,다다0402,in_age_006,28
2024,다다0402,in_age_007,23
2024,다다0402,in_age_008,13
2024,다다0402,in_age_009,28
2024,다다0402,in_age_010,23
2024,다다0402,in_age_011,28
2024,다다0402,in_age_012,43
2024,다다0402,in_age_013,24
2024,다다0402,in_age_014,23
2024,다다0402,in_age_015,13
2024,다다0402,in_age_016,8
2024,다다0402,in_age_017,8
2024,다다0402,in_age_018,8
2024,다다0402,in_age_031,5
2024,다다0402,in_age_032,5
2024,다다0402,in_age_033,8
2024,다다0402,in_age_034,11
2024,다다0402,in_age_035,13
2024,다다0402,in_age_036,18
2024,다다0402,in_age_037,13
2024,다다0402,in_age_038,8
2024,다다0402,in_age_039,13
2024,다다0402,in_age_040,13
2024,다다0402,in_age_041,18
2024,다다0402,in_age_042,18
2024,다다0402,in_age_043,14
2024,다다0402,in_age_044,13
2024,다다0402,in_age_045,8
2024,다다0402,in_age_046,8
2024,다다0402,in_age_047,5
2024,다다0402,in_age_048,5
2024,다다0402,in_age_061,5
2024,다다0402,in_age_062,5
2024,다다0402,in_age_063,8
2024,다다0402,in_age_064,8
2024,다다0402,in_age_065,8
2024,다다0402,in_age_066,8
2024,다다0402,in_age_067,13
2024,다다0402,in_age_068,5
2024,다다0402,in_age_069,13
2024,다다0402,in_age_070,8
2024,다다0402,in_age_071,8
2024,다다0402,in_age_072,23
2024,다다0402,in_age_073,13
2024,다다0402,in_age_074,8
2024,다다0402,in_age_075,8
2024,다다0402,in_age_076,5
2024,다다0402,in_age_077,5
2024,다다0402,in_age_078,5
2024,다다0402,to_in_001,325
2024,다다0402,to_in_007,190
2024,다다0402,to_in_008,138
2024,다다0500,in_age_001,345
2024,다다0500,in_age_002,536
2024,다다0500,in_age_003,774
2024,다다0500,in_age_004,811
2024,다다0500,in_age_005,811
2024,다다0500,in_age_006,1103
2024,다다0500,in_age_007,1132
2024,다다0500,in_age_008,925
2024,다다0500,in_age_009,1108
2024,다다0500,in_age_010,1119
2024,다다0500,in_age_011,1350
2024,다다0500,in_age_012,1239
2024,다다0500,in_age_013,1135
2024,다다0500,in_age_014,882
2024,다다0500,in_age_015,460
2024,다다0500,in_age_016,332
2024,다다0500,in_age_017,211
2024,다다0500,in_age_018,96
2024,다다0500,in_age_019,43
2024,다다0500,in_age_020,8
2024,다다0500,in_age_021,5
2024,다다0500,in_age_031,184
2024,다다0500,in_age_032,267
2024,다다0500,in_age_033,369
2024,다다0500,in_age_034,415
2024,다다0500,in_age_035,416
2024,다다0500,in_age_036,556
2024,다다0500,in_age_037,585
2024,다다0500,in_age_038,450
2024,다다0500,in_age_039,554
2024,다다0500,in_age_040,524
2024,다다0500,in_age_041,642
2024,다다0500,in_age_042,594
2024,다다0500,in_age_043,523
2024,다다0500,in_age_044,436
2024,다다0500,in_age_045,216
2024,다다0500,in_age_046,136
2024,다다0500,in_age_047,79
2024,다다0500,in_age_048,28
2024,다다0500,in_age_049,8
2024,다다0500,in_age_050,0
2024,다다0500,in_age_061,164
2024,다다0500,in_age_062,272
2024,다다0500,in_age_063,403
2024,다다0500,in_age_064,399
2024,다다0500,in_age_065,398
2024,다다0500,in_age_066,550
2024,다다0500,in_age_067,550
2024,다다0500,in_age_068,473
2024,다다0500,in_age_069,552
2024,다다0500,in_age_070,593
2024,다다0500,in_age_071,711
2024,다다0500,in_age_072,643
2024,다다0500,in_age_073,610
2024,다다0500,in_age_074,449
2024,다다0500,in_age_075,247
2024,다다0500,in_age_076,194
2024,다다0500,in_age_077,130
2024,다다0500,in_age_078,71
2024,다다0500,in_age_079,33
2024,다다0500,in_age_080,5
2024,다다0500,in_age_081,5
2024,다다0500,to_in_001,14423
2024,다다0500,to_in_007,6978
2024,다다0500,to_in_008,7443
2024,다다0501,in_age_002,0
2024,다다0501,in_age_003,0
2024,다다0501,in_age_005,5
2024,다다0501,in_age_006,8
2024,다다0501,in_age_007,5
2024,다다0501,in_age_008,5
2024,다다0501,in_age_009,0
2024,다다0501,in_age_010,5
2024,다다0501,in_age_011,8
2024,다다0501,in_age_012,8
2024,다다0501,in_age_013,8
2024,다다0501,in_age_014,5
2024,다다0501,in_age_015,5
2024,다다0501,in_age_018,5
2024,다다0501,in_age_019,5
2024,다다0501,in_age_032,0
2024,다다0501,in_age_033,0
2024,다다0501,in_age_035,5
2024,다다0501,in_age_036,5
2024,다다0501,in_age_037,5
2024,다다0501,in_age_038,0
2024,다다0501,in_age_040,5
2024,다다0501,in_age_041,5
2024,다다0501,in_age_042,8
2024,다다0501,in_age_043,5
2024,다다0501,in_age_045,0
2024,다다0501,in_age_048,0
2024,다다0501,in_age_049,5
2024,다다0501,in_age_065,0
2024,다다0501,in_age_066,5
2024,다다0501,in_age_068,5
2024,다다0501,in_age_069,0
2024,다다0501,in_age_071,8
2024,다다0501,in_age_072,5
2024,다다0501,in_age_073,5
2024,다다0501,in_age_074,5
2024,다다0501,in_age_075,0
2024,다다0501,in_age_078,0
2024,다다0501,to_in_001,48
2024,다다0501,to_in_007,28
2024,다다0501,to_in_008,18
2024,다다0502,in_age_001,0
2024,다다0502,in_age_002,5
2024,다다0502,in_age_003,0
2024,다다0502,in_age_005,0
2024,다다0502,in_age_006,5
2024,다다0502,in_age_007,8
2024,다다0502,in_age_008,8
2024,다다0502,in_age_009,5
2024,다다0502,in_age_010,8
2024,다다0502,in_age_011,8
2024,다다0502,in_age_012,8
2024,다다0502,in_age_013,5
2024,다다0502,in_age_014,8
2024,다다0502,in_age_015,5
2024,다다0502,in_age_016,5
2024,다다0502,in_age_017,0
2024,다다0502,in_age_018,0
2024,다다0502,in_age_032,5
2024,다다0502,in_age_035,0
2024,다다0502,in_age_036,0
2024,다다0502,in_age_037,5
2024,다다0502,in_age_038,5
2024,다다0502,in_age_039,0
2024,다다0502,in_age_040,5
2024,다다0502,in_age_041,5
2024,다다0502,in_age_042,5
2024,다다0502,in_age_043,5
2024,다다0502,in_age_044,5
2024,다다0502,in_age_045,5
2024,다다0502,in_age_046,5
2024,다다0502,in_age_061,0
2024,다다0502,in_age_063,0
2024,다다0502,in_age_066,0
2024,다다0502,in_age_067,5
2024,다다0502,in_age_068,5
2024,다다0502,in_age_069,5
2024,다다0502,in_age_070,8
2024,다다0502,in_age_071,5
2024,다다0502,in_age_072,5
2024,다다0502,in_age_073,5
2024,다다0502,in_age_074,5
2024,다다0502,in_age_075,5
2024,다다0502,in_age_077,0
2024,다다0502,in_age_078,0
2024,다다0502,to_in_001,73
2024,다다0502,to_in_007,38
2024,다다0502,to_in_008,38
2024,다다0503,in_age_004,5
2024,다다0503,in_age_006,5
2024,다다0503,in_age_007,5
2024,다다0503,in_age_008,5
2024,다다0503,in_age_009,0
2024,다다0503,in_age_012,5
2024,다다0503,in_age_013,0
2024,다다0503,in_age_034,5
2024,다다0503,in_age_037,0
2024,다다0503,in_age_042,0
2024,다다0503,in_age_043,0
2024,다다0503,in_age_066,5
2024,다다0503,in_age_067,5
2024,다다0503,in_age_068,5
2024,다다0503,in_age_069,0
2024,다다0503,in_age_072,0
2024,다다0503,to_in_001,13
2024,다다0503,to_in_007,5
2024,다다0503,to_in_008,8
2024,다다0588,in_age_005,5
2024,다다0588,in_age_006,8
2024,다다0588,in_age_007,8
2024,다다0588,in_age_008,5
2024,다다0588,in_age_009,5
2024,다다0588,in_age_010,5
2024,다다0588,in_age_012,5
2024,다다0588,in_age_013,8
2024,다다0588,in_age_014,0
2024,다다0588,in_age_015,5
2024,다다0588,in_age_019,0
2024,다다0588,in_age_035,0
2024,다다0588,in_age_036,8
2024,다다0588,in_age_037,8
2024,다다0588,in_age_038,5
2024,다다0588,in_age_039,0
2024,다다0588,in_age_040,0
2024,다다0588,in_age_042,0
2024,다다0588,in_age_043,5
2024,다다0588,in_age_045,0
2024,다다0588,in_age_049,0
2024,다다0588,in_age_065,0
2024,다다0588,in_age_069,5
2024,다다0588,in_age_070,5
2024,다다0588,in_age_072,5
2024,다다0588,in_age_073,0
2024,다다0588,in_age_074,0
2024,다다0588,in_age_075,0
2024,다다0588,to_in_001,36
2024,다다0588,to_in_007,26
2024,다다0588,to_in_008,8
2024,다다0593,in_age_002,0
2024,다다0593,in_age_006,5
2024,다다0593,in_age_007,5
2024,다다0593,in_age_008,5
2024,다다0593,in_age_032,0
2024,다다0593,in_age_036,5
2024,다다0593,in_age_037,5
2024,다다0593,in_age_038,5
2024,다다0593,to_in_001,8
2024,다다0593,to_in_007,8
2024,다다0593,to_in_008,0
2024,다다0594,in_age_001,8
2024,다다0594,in_age_002,5
2024,다다0594,in_age_003,0
2024,다다0594,in_age_004,0
2024,다다0594,in_age_005,8
2024,다다0594,in_age_006,34
2024,다다0594,in_age_007,29
2024,다다0594,in_age_008,23
2024,다다0594,in_age_009,18
2024,다다0594,in_age_010,13
2024,다다0594,in_age_011,8
2024,다다0594,in_age_012,8
2024,다다0594,in_age_013,18
2024,다다0594,in_age_014,23
2024,다다0594,in_age_015,13
2024,다다0594,in_age_016,13
2024,다다0594,in_age_017,13
2024,다다0594,in_age_018,8
2024,다다0594,in_age_031,5
2024,다다0594,in_age_032,5
2024,다다0594,in_age_033,0
2024,다다0594,in_age_034,0
2024,다다0594,in_age_035,8
2024,다다0594,in_age_036,34
2024,다다0594,in_age_037,29
2024,다다0594,in_age_038,18
2024,다다0594,in_age_039,13
2024,다다0594,in_age_040,8
2024,다다0594,in_age_041,8
2024,다다0594,in_age_042,5
2024,다다0594,in_age_043,5
2024,다다0594,in_age_044,13
2024,다다0594,in_age_045,8
2024,다다0594,in_age_046,8
2024,다다0594,in_age_047,8
2024,다다0594,in_age_048,5
2024,다다0594,in_age_061,8
2024,다다0594,in_age_067,5
2024,다다0594,in_age_068,5
2024,다다0594,in_age_069,8
2024,다다0594,in_age_070,5
2024,다다0594,in_age_071,0
2024,다다0594,in_age_072,5
2024,다다0594,in_age_073,13
2024,다다0594,in_age_074,8
2024,다다0594,in_age_075,8
2024,다다0594,in_age_076,5
2024,다다0594,in_age_077,8
2024,다다0594,in_age_078,5
2024,다다0594,to_in_001,235
2024,다다0594,to_in_007,170
2024,다다0594,to_in_008,63
2024,다다0595,in_age_001,13
2024,다다0595,in_age_002,18
2024,다다0595,in_age_003,18
2024,다다0595,in_age_004,13
2024,다다0595,in_age_005,23
2024,다다0595,in_age_006,50
2024,다다0595,in_age_007,57
2024,다다0595,in_age_008,39
2024,다다0595,in_age_009,33
2024,다다0595,in_age_010,28
2024,다다0595,in_age_011,35
2024,다다0595,in_age_012,38
2024,다다0595,in_age_013,39
2024,다다0595,in_age_014,44
2024,다다0595,in_age_015,33
2024,다다0595,in_age_016,28
2024,다다0595,in_age_017,23
2024,다다0595,in_age_018,8
2024,다다0595,in_age_019,5
2024,다다0595,in_age_020,0
2024,다다0595,in_age_031,8
2024,다다0595,in_age_032,8
2024,다다0595,in_age_033,13
2024,다다0595,in_age_034,8
2024,다다0595,in_age_035,18
2024,다다0595,in_age_036,35
2024,다다0595,in_age_037,52
2024,다다0595,in_age_038,34
2024,다다0595,in_age_039,23
2024,다다0595,in_age_040,18
2024,다다0595,in_age_041,20
2024,다다0595,in_age_042,18
2024,다다0595,in_age_043,24
2024,다다0595,in_age_044,24
2024,다다0595,in_age_045,13
2024,다다0595,in_age_046,13
2024,다다0595,in_age_047,8
2024,다다0595,in_age_048,5
2024,다다0595,in_age_049,5
2024,다다0595,in_age_061,8
2024,다다0595,in_age_062,8
2024,다다0595,in_age_063,8
2024,다다0595,in_age_064,5
2024,다다0595,in_age_065,8
2024,다다0595,in_age_066,13
2024,다다0595,in_age_067,5
2024,다다0595,in_age_068,8
2024,다다0595,in_age_069,8
2024,다다0595,in_age_070,13
2024,다다0595,in_age_071,18
2024,다다0595,in_age_072,18
2024,다다0595,in_age_073,18
2024,다다0595,in_age_074,23
2024,다다0595,in_age_075,18
2024,다다0595,in_age_076,13
2024,다다0595,in_age_077,13
2024,다다0595,in_age_078,8
2024,다다0595,in_age_079,5
2024,다다0595,in_age_080,0
2024,다다0595,to_in_001,544
2024,다다0595,to_in_007,339
2024,다다0595,to_in_008,208
2024,다다0596,in_age_001,5
2024,다다0596,in_age_002,5
2024,다다0596,in_age_003,5
2024,다다0596,in_age_004,5
2024,다다0596,in_age_005,0
2024,다다0596,in_age_006,5
2024,다다0596,in_age_007,8
2024,다다0596,in_age_008,5
2024,다다0596,in_age_009,8
2024,다다0596,in_age_010,5
2024,다다0596,in_age_011,5
2024,다다0596,in_age_012,5
2024,다다0596,in_age_013,8
2024,다다0596,in_age_014,5
2024,다다0596,in_age_015,0
2024,다다0596,in_age_016,5
2024,다다0596,in_age_017,0
2024,다다0596,in_age_032,5
2024,다다0596,in_age_033,5
2024,다다0596,in_age_034,0
2024,다다0596,in_age_035,0
2024,다다0596,in_age_036,5
2024,다다0596,in_age_037,8
2024,다다0596,in_age_038,0
2024,다다0596,in_age_039,5
2024,다다0596,in_age_040,5
2024,다다0596,in_age_041,0
2024,다다0596,in_age_043,5
2024,다다0596,in_age_044,5
2024,다다0596,in_age_046,5
2024,다다0596,in_age_061,5
2024,다다0596,in_age_062,0
2024,다다0596,in_age_064,0
2024,다다0596,in_age_066,0
2024,다다0596,in_age_068,5
2024,다다0596,in_age_069,5
2024,다다0596,in_age_071,0
2024,다다0596,in_age_072,5
2024,다다0596,in_age_073,5
2024,다다0596,in_age_074,0
2024,다다0596,in_age_075,0
2024,다다0596,in_age_077,0
2024,다다0596,to_in_001,48
2024,다다0596,to_in_007,28
2024,다다0596,to_in_008,18
2024,다다0599,in_age_005,5
2024,다다0599,in_age_006,0
2024,다다0599,in_age_007,0
2024,다다0599,in_age_008,0
2024,다다0599,in_age_009,0
2024,다다0599,in_age_012,0
2024,다다0599,in_age_013,0
2024,다다0599,in_age_014,5
2024,다다0599,in_age_035,5
2024,다다0599,in_age_036,0
2024,다다0599,in_age_037,0
2024,다다0599,in_age_038,0
2024,다다0599,in_age_039,0
2024,다다0599,in_age_043,0
2024,다다0599,in_age_044,5
2024,다다0599,in_age_072,0
2024,다다0599,to_in_001,8
2024,다다0599,to_in_007,8
2024,다다0599,to_in_008,0
2024,다다0600,in_age_001,255
2024,다다0600,in_age_002,327
2024,다다0600,in_age_003,386
2024,다다0600,in_age_004,392
2024,다다0600,in_age_005,686
2024,다다0600,in_age_006,1237
2024,다다0600,in_age_007,1122
2024,다다0600,in_age_008,842
2024,다다0600,in_age_009,981
2024,다다0600,in_age_010,869
2024,다다0600,in_age_011,955
2024,다다0600,in_age_012,886
2024,다다0600,in_age_013,764
2024,다다0600,in_age_014,638
2024,다다0600,in_age_015,382
2024,다다0600,in_age_016,288
2024,다다0600,in_age_017,198
2024,다다0600,in_age_018,128
2024,다다0600,in_age_019,74
2024,다다0600,in_age_020,23
2024,다다0600,in_age_021,5
2024,다다0600,in_age_031,120
2024,다다0600,in_age_032,167
2024,다다0600,in_age_033,210
2024,다다0600,in_age_034,205
2024,다다0600,in_age_035,309
2024,다다0600,in_age_036,582
2024,다다0600,in_age_037,588
2024,다다0600,in_age_038,413
2024,다다0600,in_age_039,501
2024,다다0600,in_age_040,414
2024,다다0600,in_age_041,468
2024,다다0600,in_age_042,453
2024,다다0600,in_age_043,351
2024,다다0600,in_age_044,324
2024,다다0600,in_age_045,165
2024,다다0600,in_age_046,138
2024,다다0600,in_age_047,79
2024,다다0600,in_age_048,49
2024,다다0600,in_age_049,13
2024,다다0600,in_age_050,5
2024,다다0600,in_age_061,138
2024,다다0600,in_age_062,158
2024,다다0600,in_age_063,174
2024,다다0600,in_age_064,185
2024,다다0600,in_age_065,380
2024,다다0600,in_age_066,658
2024,다다0600,in_age_067,537
2024,다다0600,in_age_068,427
2024,다다0600,in_age_069,478
2024,다다0600,in_age_070,458
2024,다다0600,in_age_071,490
2024,다다0600,in_age_072,431
2024,다다0600,in_age_073,416
2024,다다0600,in_age_074,312
2024,다다0600,in_age_075,220
2024,다다0600,in_age_076,153
2024,다다0600,in_age_077,122
2024,다다0600,in_age_078,77
2024,다다0600,in_age_079,64
2024,다다0600,in_age_080,23
2024,다다0600,in_age_081,5
2024,다다0600,to_in_001,11441
2024,다다0600,to_in_007,5550
2024,다다0600,to_in_008,5894
2024,다다0601,in_age_001,5
2024,다다0601,in_age_002,5
2024,다다0601,in_age_003,5
2024,다다0601,in_age_004,8
2024,다다0601,in_age_005,5
2024,다다0601,in_age_006,5
2024,다다0601,in_age_007,8
2024,다다0601,in_age_008,8
2024,다다0601,in_age_009,8
2024,다다0601,in_age_010,18
2024,다다0601,in_age_011,8
2024,다다0601,in_age_012,18
2024,다다0601,in_age_013,13
2024,다다0601,in_age_014,13
2024,다다0601,in_age_015,8
2024,다다0601,in_age_016,5
2024,다다0601,in_age_017,8
2024,다다0601,in_age_018,5
2024,다다0601,in_age_019,5
2024,다다0601,in_age_020,0
2024,다다0601,in_age_031,5
2024,다다0601,in_age_032,0
2024,다다0601,in_age_033,0
2024,다다0601,in_age_034,5
2024,다다0601,in_age_036,5
2024,다다0601,in_age_037,5
2024,다다0601,in_age_038,5
2024,다다0601,in_age_039,5
2024,다다0601,in_age_040,13
2024,다다0601,in_age_041,5
2024,다다0601,in_age_042,13
2024,다다0601,in_age_043,8
2024,다다0601,in_age_044,8
2024,다다0601,in_age_045,5
2024,다다0601,in_age_046,5
2024,다다0601,in_age_047,5
2024,다다0601,in_age_048,5
2024,다다0601,in_age_049,5
2024,다다0601,in_age_062,0
2024,다다0601,in_age_063,5
2024,다다0601,in_age_064,5
2024,다다0601,in_age_065,5
2024,다다0601,in_age_066,5
2024,다다0601,in_age_067,5
2024,다다0601,in_age_068,5
2024,다다0601,in_age_069,5
2024,다다0601,in_age_070,8
2024,다다0601,in_age_071,5
2024,다다0601,in_age_072,8
2024,다다0601,in_age_073,8
2024,다다0601,in_age_074,5
2024,다다0601,in_age_075,5
2024,다다0601,in_age_076,0
2024,다다0601,in_age_077,5
2024,다다0601,in_age_078,5
2024,다다0601,in_age_079,0
2024,다다0601,in_age_080,0
2024,다다0601,to_in_001,143
2024,다다0601,to_in_007,78
2024,다다0601,to_in_008,68
2024,다다0602,in_age_006,0
2024,다다0602,in_age_007,5
2024,다다0602,in_age_010,5
2024,다다0602,in_age_036,0
2024,다다0602,in_age_037,5
2024,다다0602,in_age_040,0
2024,다다0602,in_age_070,0
2024,다다0602,to_in_001,5
2024,다다0602,to_in_007,5
2024,다다0602,to_in_008,0
2024,다다0603,in_age_002,5
2024,다다0603,in_age_004,5
2024,다다0603,in_age_005,8
2024,다다0603,in_age_006,8
2024,다다0603,in_age_007,8
2024,다다0603,in_age_008,8
2024,다다0603,in_age_009,8
2024,다다0603,in_age_010,13
2024,다다0603,in_age_011,13
2024,다다0603,in_age_012,18
2024,다다0603,in_age_013,23
2024,다다0603,in_age_014,13
2024,다다0603,in_age_015,13
2024,다다0603,in_age_016,8
2024,다다0603,in_age_017,8
2024,다다0603,in_age_018,5
2024,다다0603,in_age_019,0
2024,다다0603,in_age_032,0
2024,다다0603,in_age_035,5
2024,다다0603,in_age_036,5
2024,다다0603,in_age_037,0
2024,다다0603,in_age_038,5
2024,다다0603,in_age_039,5
2024,다다0603,in_age_040,8
2024,다다0603,in_age_041,5
2024,다다0603,in_age_042,8
2024,다다0603,in_age_043,13
2024,다다0603,in_age_044,8
2024,다다0603,in_age_045,8
2024,다다0603,in_age_046,8
2024,다다0603,in_age_047,5
2024,다다0603,in_age_049,0
2024,다다0603,in_age_062,0
2024,다다0603,in_age_064,5
2024,다다0603,in_age_065,5
2024,다다0603,in_age_066,5
2024,다다0603,in_age_067,8
2024,다다0603,in_age_068,5
2024,다다0603,in_age_069,5
2024,다다0603,in_age_070,8
2024,다다0603,in_age_071,8
2024,다다0603,in_age_072,8
2024,다다0603,in_age_073,8
2024,다다0603,in_age_074,8
2024,다다0603,in_age_075,8
2024,다다0603,in_age_076,5
2024,다다0603,in_age_077,5
2024,다다0603,in_age_078,5
2024,다다0603,to_in_001,153
2024,다다0603,to_in_007,78
2024,다다0603,to_in_008,78
2024,다다0676,in_age_004,0
2024,다다0676,in_age_006,5
2024,다다0676,in_age_007,5
2024,다다0676,in_age_008,8
2024,다다0676,in_age_009,0
2024,다다0676,in_age_011,0
2024,다다0676,in_age_013,0
2024,다다0676,in_age_014,0
2024,다다0676,in_age_016,0
2024,다다0676,in_age_017,5
2024,다다0676,in_age_036,5
2024,다다0676,in_age_037,5
2024,다다0676,in_age_038,8
2024,다다0676,in_age_039,0
2024,다다0676,in_age_041,0
2024,다다0676,in_age_044,0
2024,다다0676,in_age_047,5
2024,다다0676,in_age_064,0
2024,다다0676,in_age_073,0
2024,다다0676,in_age_076,0
2024,다다0676,to_in_001,26
2024,다다0676,to_in_007,26
2024,다다0676,to_in_008,5
2024,다다0677,in_age_001,8
2024,다다0677,in_age_002,8
2024,다다0677,in_age_003,5
2024,다다0677,in_age_004,5
2024,다다0677,in_age_005,5
2024,다다0677,in_age_006,13
2024,다다0677,in_age_007,13
2024,다다0677,in_age_008,13
2024,다다0677,in_age_009,13
2024,다다0677,in_age_010,18
2024,다다0677,in_age_011,8
2024,다다0677,in_age_012,8
2024,다다0677,in_age_013,18
2024,다다0677,in_age_014,13
2024,다다0677,in_age_015,13
2024,다다0677,in_age_016,8
2024,다다0677,in_age_017,8
2024,다다0677,in_age_018,5
2024,다다0677,in_age_019,5
2024,다다0677,in_age_031,5
2024,다다0677,in_age_032,5
2024,다다0677,in_age_033,5
2024,다다0677,in_age_034,5
2024,다다0677,in_age_035,0
2024,다다0677,in_age_036,8
2024,다다0677,in_age_037,8
2024,다다0677,in_age_038,13
2024,다다0677,in_age_039,13
2024,다다0677,in_age_040,13
2024,다다0677,in_age_041,8
2024,다다0677,in_age_042,8
2024,다다0677,in_age_043,8
2024,다다0677,in_age_044,8
2024,다다0677,in_age_045,8
2024,다다0677,in_age_046,8
2024,다다0677,in_age_047,0
2024,다다0677,in_age_048,0
2024,다다0677,in_age_061,5
2024,다다0677,in_age_062,5
2024,다다0677,in_age_063,0
2024,다다0677,in_age_065,5
2024,다다0677,in_age_066,5
2024,다다0677,in_age_067,5
2024,다다0677,in_age_068,0
2024,다다0677,in_age_069,5
2024,다다0677,in_age_070,5
2024,다다0677,in_age_071,5
2024,다다0677,in_age_072,0
2024,다다0677,in_age_073,8
2024,다다0677,in_age_074,8
2024,다다0677,in_age_075,8
2024,다다0677,in_age_076,5
2024,다다0677,in_age_077,5
2024,다다0677,in_age_078,5
2024,다다0677,in_age_079,5
2024,다다0677,to_in_001,173
2024,다다0677,to_in_007,113
2024,다다0677,to_in_008,63
2024,다다0678,in_age_013,8
2024,다다0678,in_age_043,5
2024,다다0678,in_age_073,5
2024,다다0678,to_in_001,8
2024,다다0678,to_in_007,5
2024,다다0678,to_in_008,5
2024,다다0695,in_age_001,0
2024,다다0695,in_age_002,0
2024,다다0695,in_age_005,5
2024,다다0695,in_age_007,5
2024,다다0695,in_age_009,0
2024,다다0695,in_age_010,0
2024,다다0695,in_age_035,5
2024,다다0695,in_age_037,5
2024,다다0695,in_age_040,0
2024,다다0695,in_age_061,0
2024,다다0695,in_age_062,0
2024,다다0695,in_age_069,0
2024,다다0695,to_in_001,8
2024,다다0695,to_in_007,8
2024,다다0695,to_in_008,5
2024,다다0696,in_age_001,0
2024,다다0696,in_age_002,0
2024,다다0696,in_age_003,8
2024,다다0696,in_age_004,5
2024,다다0696,in_age_005,5
2024,다다0696,in_age_006,18
2024,다다0696,in_age_007,8
2024,다다0696,in_age_008,8
2024,다다0696,in_age_009,5
2024,다다0696,in_age_010,8
2024,다다0696,in_age_011,8
2024,다다0696,in_age_012,8
2024,다다0696,in_age_013,23
2024,다다0696,in_age_014,8
2024,다다0696,in_age_015,5
2024,다다0696,in_age_016,8
2024,다다0696,in_age_017,5
2024,다다0696,in_age_018,5
2024,다다0696,in_age_033,5
2024,다다0696,in_age_034,5
2024,다다0696,in_age_035,5
2024,다다0696,in_age_036,13
2024,다다0696,in_age_037,8
2024,다다0696,in_age_038,8
2024,다다0696,in_age_039,5
2024,다다0696,in_age_040,5
2024,다다0696,in_age_041,5
2024,다다0696,in_age_042,0
2024,다다0696,in_age_043,13
2024,다다0696,in_age_044,8
2024,다다0696,in_age_045,0
2024,다다0696,in_age_046,8
2024,다다0696,in_age_061,0
2024,다다0696,in_age_062,0
2024,다다0696,in_age_063,5
2024,다다0696,in_age_064,0
2024,다다0696,in_age_065,5
2024,다다0696,in_age_066,5
2024,다다0696,in_age_067,8
2024,다다0696,in_age_069,5
2024,다다0696,in_age_070,5
2024,다다0696,in_age_071,8
2024,다다0696,in_age_072,8
2024,다다0696,in_age_073,8
2024,다다0696,in_age_074,5
2024,다다0696,in_age_075,5
2024,다다0696,in_age_076,5
2024,다다0696,in_age_077,5
2024,다다0696,in_age_078,5
2024,다다0696,to_in_001,128
2024,다다0696,to_in_007,78
2024,다다0696,to_in_008,53
2024,다다0697,in_age_004,0
2024,다다0697,in_age_006,0
2024,다다0697,in_age_009,0
2024,다다0697,in_age_011,0
2024,다다0697,in_age_012,8
2024,다다0697,in_age_013,5
2024,다다0697,in_age_014,5
2024,다다0697,in_age_015,0
2024,다다0697,in_age_034,0
2024,다다0697,in_age_036,0
2024,다다0697,in_age_041,0
2024,다다0697,in_age_042,5
2024,다다0697,in_age_044,5
2024,다다0697,in_age_045,0
2024,다다0697,in_age_069,0
2024,다다0697,in_age_072,8
2024,다다0697,in_age_073,5
2024,다다0697,in_age_074,0
2024,다다0697,to_in_001,18
2024,다다0697,to_in_007,8
2024,다다0697,to_in_008,8
2024,다다0699,in_age_001,5
2024,다다0699,in_age_002,8
2024,다다0699,in_age_003,5
2024,다다0699,in_age_004,8
2024,다다0699,in_age_005,5
2024,다다0699,in_age_006,8
2024,다다0699,in_age_007,14
2024,다다0699,in_age_008,14
2024,다다0699,in_age_009,8
2024,다다0699,in_age_010,8
2024,다다0699,in_age_011,5
2024,다다0699,in_age_012,8
2024,다다0699,in_age_013,13
2024,다다0699,in_age_014,13
2024,다다0699,in_age_015,8
2024,다다0699,in_age_016,8
2024,다다0699,in_age_017,8
2024,다다0699,in_age_018,8
2024,다다0699,in_age_019,5
2024,다다0699,in_age_032,5
2024,다다0699,in_age_034,8
2024,다다0699,in_age_035,5
2024,다다0699,in_age_036,8
2024,다다0699,in_age_037,11
2024,다다0699,in_age_038,14
2024,다다0699,in_age_039,8
2024,다다0699,in_age_040,5
2024,다다0699,in_age_041,5
2024,다다0699,in_age_042,5
2024,다다0699,in_age_043,8
2024,다다0699,in_age_044,8
2024,다다0699,in_age_045,5
2024,다다0699,in_age_046,5
2024,다다0699,in_age_047,5
2024,다다0699,in_age_048,5
2024,다다0699,in_age_061,5
2024,다다0699,in_age_062,5
2024,다다0699,in_age_063,5
2024,다다0699,in_age_064,0
2024,다다0699,in_age_067,5
2024,다다0699,in_age_068,5
2024,다다0699,in_age_069,0
2024,다다0699,in_age_070,5
2024,다다0699,in_age_071,0
2024,다다0699,in_age_072,5
2024,다다0699,in_age_073,8
2024,다다0699,in_age_074,5
2024,다다0699,in_age_075,5
2024,다다0699,in_age_076,5
2024,다다0699,in_age_077,5
2024,다다0699,in_age_078,5
2024,다다0699,in_age_079,5
2024,다다0699,to_in_001,130
2024,다다0699,to_in_007,80
2024,다다0699,to_in_008,48
2024,다다0700,in_age_001,134
2024,다다0700,in_age_002,186
2024,다다0700,in_age_003,179
2024,다다0700,in_age_004,155
2024,다다0700,in_age_005,150
2024,다다0700,in_age_006,206
2024,다다0700,in_age_007,265
2024,다다0700,in_age_008,269
2024,다다0700,in_age_009,331
2024,다다0700,in_age_010,286
2024,다다0700,in_age_011,289
2024,다다0700,in_age_012,313
2024,다다0700,in_age_013,266
2024,다다0700,in_age_014,266
2024,다다0700,in_age_015,164
2024,다다0700,in_age_016,113
2024,다다0700,in_age_017,89
2024,다다0700,in_age_018,43
2024,다다0700,in_age_019,13
2024,다다0700,in_age_020,8
2024,다다0700,in_age_031,69
2024,다다0700,in_age_032,93
2024,다다0700,in_age_033,95
2024,다다0700,in_age_034,96
2024,다다0700,in_age_035,85
2024,다다0700,in_age_036,111
2024,다다0700,in_age_037,141
2024,다다0700,in_age_038,134
2024,다다0700,in_age_039,174
2024,다다0700,in_age_040,144
2024,다다0700,in_age_041,144
2024,다다0700,in_age_042,156
2024,다다0700,in_age_043,116
2024,다다0700,in_age_044,126
2024,다다0700,in_age_045,71
2024,다다0700,in_age_046,54
2024,다다0700,in_age_047,28
2024,다다0700,in_age_048,13
2024,다다0700,in_age_049,5
2024,다다0700,in_age_050,0
2024,다다0700,in_age_061,63
2024,다다0700,in_age_062,91
2024,다다0700,in_age_063,82
2024,다다0700,in_age_064,57
2024,다다0700,in_age_065,68
2024,다다0700,in_age_066,93
2024,다다0700,in_age_067,122
2024,다다0700,in_age_068,133
2024,다다0700,in_age_069,155
2024,다다0700,in_age_070,140
2024,다다0700,in_age_071,143
2024,다다0700,in_age_072,155
2024,다다0700,in_age_073,148
2024,다다0700,in_age_074,143
2024,다다0700,in_age_075,96
2024,다다0700,in_age_076,57
2024,다다0700,in_age_077,59
2024,다다0700,in_age_078,28
2024,다다0700,in_age_079,13
2024,다다0700,in_age_080,5
2024,다다0700,to_in_001,3718
2024,다다0700,to_in_007,1869
2024,다다0700,to_in_008,1847
2024,다다0701,in_age_001,82
2024,다다0701,in_age_002,81
2024,다다0701,in_age_003,130
2024,다다0701,in_age_004,139
2024,다다0701,in_age_005,140
2024,다다0701,in_age_006,179
2024,다다0701,in_age_007,178
2024,다다0701,in_age_008,158
2024,다다0701,in_age_009,198
2024,다다0701,in_age_010,218
2024,다다0701,in_age_011,282
2024,다다0701,in_age_012,277
2024,다다0701,in_age_013,210
2024,다다0701,in_age_014,211
2024,다다0701,in_age_015,150
2024,다다0701,in_age_016,108
2024,다다0701,in_age_017,120
2024,다다0701,in_age_018,49
2024,다다0701,in_age_019,28
2024,다다0701,in_age_020,5
2024,다다0701,in_age_021,0
2024,다다0701,in_age_031,52
2024,다다0701,in_age_032,38
2024,다다0701,in_age_033,65
2024,다다0701,in_age_034,73
2024,다다0701,in_age_035,80
2024,다다0701,in_age_036,94
2024,다다0701,in_age_037,93
2024,다다0701,in_age_038,68
2024,다다0701,in_age_039,112
2024,다다0701,in_age_040,121
2024,다다0701,in_age_041,147
2024,다다0701,in_age_042,154
2024,다다0701,in_age_043,98
2024,다다0701,in_age_044,108
2024,다다0701,in_age_045,68
2024,다다0701,in_age_046,43
2024,다다0701,in_age_047,48
2024,다다0701,in_age_048,13
2024,다다0701,in_age_049,8
2024,다다0701,in_age_061,33
2024,다다0701,in_age_062,46
2024,다다0701,in_age_063,63
2024,다다0701,in_age_064,64
2024,다다0701,in_age_065,63
2024,다다0701,in_age_066,88
2024,다다0701,in_age_067,83
2024,다다0701,in_age_068,93
2024,다다0701,in_age_069,84
2024,다다0701,in_age_070,95
2024,다다0701,in_age_071,138
2024,다다0701,in_age_072,126
2024,다다0701,in_age_073,110
2024,다다0701,in_age_074,101
2024,다다0701,in_age_075,80
2024,다다0701,in_age_076,68
2024,다다0701,in_age_077,70
2024,다다0701,in_age_078,34
2024,다다0701,in_age_079,23
2024,다다0701,in_age_080,5
2024,다다0701,in_age_081,0
2024,다다0701,to_in_001,2939
2024,다다0701,to_in_007,1474
2024,다다0701,to_in_008,1463
2024,다다0702,in_age_001,113
2024,다다0702,in_age_002,217
2024,다다0702,in_age_003,303
2024,다다0702,in_age_004,315
2024,다다0702,in_age_005,283
2024,다다0702,in_age_006,355
2024,다다0702,in_age_007,385
2024,다다0702,in_age_008,274
2024,다다0702,in_age_009,428
2024,다다0702,in_age_010,483
2024,다다0702,in_age_011,572
2024,다다0702,in_age_012,603
2024,다다0702,in_age_013,554
2024,다다0702,in_age_014,470
2024,다다0702,in_age_015,367
2024,다다0702,in_age_016,316
2024,다다0702,in_age_017,228
2024,다다0702,in_age_018,108
2024,다다0702,in_age_019,45
2024,다다0702,in_age_020,14
2024,다다0702,in_age_021,5
2024,다다0702,in_age_031,58
2024,다다0702,in_age_032,114
2024,다다0702,in_age_033,157
2024,다다0702,in_age_034,161
2024,다다0702,in_age_035,166
2024,다다0702,in_age_036,181
2024,다다0702,in_age_037,207
2024,다다0702,in_age_038,157
2024,다다0702,in_age_039,201
2024,다다0702,in_age_040,274
2024,다다0702,in_age_041,325
2024,다다0702,in_age_042,315
2024,다다0702,in_age_043,286
2024,다다0702,in_age_044,221
2024,다다0702,in_age_045,186
2024,다다0702,in_age_046,126
2024,다다0702,in_age_047,90
2024,다다0702,in_age_048,38
2024,다다0702,in_age_049,8
2024,다다0702,in_age_050,0
2024,다다0702,in_age_051,5
2024,다다0702,in_age_061,53
2024,다다0702,in_age_062,101
2024,다다0702,in_age_063,144
2024,다다0702,in_age_064,152
2024,다다0702,in_age_065,120
2024,다다0702,in_age_066,177
2024,다다0702,in_age_067,176
2024,다다0702,in_age_068,120
2024,다다0702,in_age_069,225
2024,다다0702,in_age_070,212
2024,다다0702,in_age_071,250
2024,다다0702,in_age_072,291
2024,다다0702,in_age_073,271
2024,다다0702,in_age_074,247
2024,다다0702,in_age_075,184
2024,다다0702,in_age_076,188
2024,다다0702,in_age_077,141
2024,다다0702,in_age_078,73
2024,다다0702,in_age_079,35
2024,다다0702,in_age_080,14
2024,다다0702,in_age_081,5
2024,다다0702,to_in_001,6431
2024,다다0702,to_in_007,3267
2024,다다0702,to_in_008,3167
2024,다다0703,in_age_001,18
2024,다다0703,in_age_002,37
2024,다다0703,in_age_003,58
2024,다다0703,in_age_004,50
2024,다다0703,in_age_005,32
2024,다다0703,in_age_006,44
2024,다다0703,in_age_007,63
2024,다다0703,in_age_008,65
2024,다다0703,in_age_009,56
2024,다다0703,in_age_010,68
2024,다다0703,in_age_011,87
2024,다다0703,in_age_012,69
2024,다다0703,in_age_013,78
2024,다다0703,in_age_014,89
2024,다다0703,in_age_015,46
2024,다다0703,in_age_016,28
2024,다다0703,in_age_017,18
2024,다다0703,in_age_018,18
2024,다다0703,in_age_019,5
2024,다다0703,in_age_031,8
2024,다다0703,in_age_032,17
2024,다다0703,in_age_033,30
2024,다다0703,in_age_034,22
2024,다다0703,in_age_035,22
2024,다다0703,in_age_036,24
2024,다다0703,in_age_037,37
2024,다다0703,in_age_038,35
2024,다다0703,in_age_039,25
2024,다다0703,in_age_040,27
2024,다다0703,in_age_041,44
2024,다다0703,in_age_042,32
2024,다다0703,in_age_043,33
2024,다다0703,in_age_044,41
2024,다다0703,in_age_045,26
2024,다다0703,in_age_046,13
2024,다다0703,in_age_047,8
2024,다다0703,in_age_048,8
2024,다다0703,in_age_049,0
2024,다다0703,in_age_061,8
2024,다다0703,in_age_062,18
2024,다다0703,in_age_063,26
2024,다다0703,in_age_064,26
2024,다다0703,in_age_065,13
2024,다다0703,in_age_066,18
2024,다다0703,in_age_067,24
2024,다다0703,in_age_068,33
2024,다다0703,in_age_069,34
2024,다다0703,in_age_070,39
2024,다다0703,in_age_071,41
2024,다다0703,in_age_072,35
2024,다다0703,in_age_073,43
2024,다다0703,in_age_074,46
2024,다다0703,in_age_075,23
2024,다다0703,in_age_076,13
2024,다다0703,in_age_077,8
2024,다다0703,in_age_078,13
2024,다다0703,in_age_079,0
2024,다다0703,to_in_001,923
2024,다다0703,to_in_007,446
2024,다다0703,to_in_008,475
2024,다다0776,in_age_004,0
2024,다다0776,in_age_005,0
2024,다다0776,in_age_006,8
2024,다다0776,in_age_007,8
2024,다다0776,in_age_008,5
2024,다다0776,in_age_009,8
2024,다다0776,in_age_010,5
2024,다다0776,in_age_011,8
2024,다다0776,in_age_012,5
2024,다다0776,in_age_013,5
2024,다다0776,in_age_014,5
2024,다다0776,in_age_015,5
2024,다다0776,in_age_016,5
2024,다다0776,in_age_017,5
2024,다다0776,in_age_018,5
2024,다다0776,in_age_034,0
2024,다다0776,in_age_035,0
2024,다다0776,in_age_036,8
2024,다다0776,in_age_037,5
2024,다다0776,in_age_038,5
2024,다다0776,in_age_039,8
2024,다다0776,in_age_040,5
2024,다다0776,in_age_041,5
2024,다다0776,in_age_042,5
2024,다다0776,in_age_043,0
2024,다다0776,in_age_044,0
2024,다다0776,in_age_045,0
2024,다다0776,in_age_046,5
2024,다다0776,in_age_047,0
2024,다다0776,in_age_048,0
2024,다다0776,in_age_067,0
2024,다다0776,in_age_068,0
2024,다다0776,in_age_070,0
2024,다다0776,in_age_071,5
2024,다다0776,in_age_073,5
2024,다다0776,in_age_074,0
2024,다다0776,in_age_075,5
2024,다다0776,in_age_076,5
2024,다다0776,in_age_077,5
2024,다다0776,in_age_078,0
2024,다다0776,to_in_001,58
2024,다다0776,to_in_007,43
2024,다다0776,to_in_008,18
2024,다다0777,in_age_001,5
2024,다다0777,in_age_002,5
2024,다다0777,in_age_003,8
2024,다다0777,in_age_004,8
2024,다다0777,in_age_005,8
2024,다다0777,in_age_006,23
2024,다다0777,in_age_007,22
2024,다다0777,in_age_008,16
2024,다다0777,in_age_009,13
2024,다다0777,in_age_010,8
2024,다다0777,in_age_011,8
2024,다다0777,in_age_012,8
2024,다다0777,in_age_013,13
2024,다다0777,in_age_014,8
2024,다다0777,in_age_015,23
2024,다다0777,in_age_016,13
2024,다다0777,in_age_017,8
2024,다다0777,in_age_018,0
2024,다다0777,in_age_019,5
2024,다다0777,in_age_031,5
2024,다다0777,in_age_033,5
2024,다다0777,in_age_034,5
2024,다다0777,in_age_035,8
2024,다다0777,in_age_036,18
2024,다다0777,in_age_037,22
2024,다다0777,in_age_038,16
2024,다다0777,in_age_039,8
2024,다다0777,in_age_040,8
2024,다다0777,in_age_041,5
2024,다다0777,in_age_042,5
2024,다다0777,in_age_043,8
2024,다다0777,in_age_044,5
2024,다다0777,in_age_045,13
2024,다다0777,in_age_046,8
2024,다다0777,in_age_047,5
2024,다다0777,in_age_061,0
2024,다다0777,in_age_062,5
2024,다다0777,in_age_063,5
2024,다다0777,in_age_064,5
2024,다다0777,in_age_065,0
2024,다다0777,in_age_066,5
2024,다다0777,in_age_067,5
2024,다다0777,in_age_068,0
2024,다다0777,in_age_069,5
2024,다다0777,in_age_070,0
2024,다다0777,in_age_071,5
2024,다다0777,in_age_072,5
2024,다다0777,in_age_073,8
2024,다다0777,in_age_074,8
2024,다다0777,in_age_075,13
2024,다다0777,in_age_076,5
2024,다다0777,in_age_077,5
2024,다다0777,in_age_078,0
2024,다다0777,in_age_079,5
2024,다다0777,to_in_001,185
2024,다다0777,to_in_007,130
2024,다다0777,to_in_008,58
2024,다다0778,in_age_006,5
2024,다다0778,in_age_010,0
2024,다다0778,in_age_011,0
2024,다다0778,in_age_012,5
2024,다다0778,in_age_014,0
2024,다다0778,in_age_017,0
2024,다다0778,in_age_036,5
2024,다다0778,in_age_041,0
2024,다다0778,in_age_042,5
2024,다다0778,in_age_047,0
2024,다다0778,in_age_070,0
2024,다다0778,in_age_074,0
2024,다다0778,to_in_001,8
2024,다다0778,to_in_007,8
2024,다다0778,to_in_008,5
2024,다다0796,in_age_003,5
2024,다다0796,in_age_004,5
2024,다다0796,in_age_005,5
2024,다다0796,in_age_006,0
2024,다다0796,in_age_008,5
2024,다다0796,in_age_009,5
2024,다다0796,in_age_010,8
2024,다다0796,in_age_011,8
2024,다다0796,in_age_012,8
2024,다다0796,in_age_013,13
2024,다다0796,in_age_014,13
2024,다다0796,in_age_015,13
2024,다다0796,in_age_016,13
2024,다다0796,in_age_017,5
2024,다다0796,in_age_018,5
2024,다다0796,in_age_019,5
2024,다다0796,in_age_033,0
2024,다다0796,in_age_034,5
2024,다다0796,in_age_036,0
2024,다다0796,in_age_038,5
2024,다다0796,in_age_039,5
2024,다다0796,in_age_040,5
2024,다다0796,in_age_041,5
2024,다다0796,in_age_042,5
2024,다다0796,in_age_043,5
2024,다다0796,in_age_044,8
2024,다다0796,in_age_045,5
2024,다다0796,in_age_046,8
2024,다다0796,in_age_047,5
2024,다다0796,in_age_048,5
2024,다다0796,in_age_063,0
2024,다다0796,in_age_064,0
2024,다다0796,in_age_065,5
2024,다다0796,in_age_068,0
2024,다다0796,in_age_070,8
2024,다다0796,in_age_071,5
2024,다다0796,in_age_072,8
2024,다다0796,in_age_073,8
2024,다다0796,in_age_074,5
2024,다다0796,in_age_075,8
2024,다다0796,in_age_076,5
2024,다다0796,in_age_077,5
2024,다다0796,in_age_078,5
2024,다다0796,in_age_079,5
2024,다다0796,to_in_001,88
2024,다다0796,to_in_007,48
2024,다다0796,to_in_008,38
2024,다다0797,in_age_005,5
2024,다다0797,in_age_006,5
2024,다다0797,in_age_007,5
2024,다다0797,in_age_008,8
2024,다다0797,in_age_009,5
2024,다다0797,in_age_010,5
2024,다다0797,in_age_011,5
2024,다다0797,in_age_012,5
2024,다다0797,in_age_013,13
2024,다다0797,in_age_014,8
2024,다다0797,in_age_015,5
2024,다다0797,in_age_016,8
2024,다다0797,in_age_017,0
2024,다다0797,in_age_018,8
2024,다다0797,in_age_019,0
2024,다다0797,in_age_035,0
2024,다다0797,in_age_036,5
2024,다다0797,in_age_038,8
2024,다다0797,in_age_039,0
2024,다다0797,in_age_040,5
2024,다다0797,in_age_041,5
2024,다다0797,in_age_042,5
2024,다다0797,in_age_043,8
2024,다다0797,in_age_044,5
2024,다다0797,in_age_045,5
2024,다다0797,in_age_046,8
2024,다다0797,in_age_048,5
2024,다다0797,in_age_049,0
2024,다다0797,in_age_065,0
2024,다다0797,in_age_067,5
2024,다다0797,in_age_069,0
2024,다다0797,in_age_070,0
2024,다다0797,in_age_071,0
2024,다다0797,in_age_072,0
2024,다다0797,in_age_073,8
2024,다다0797,in_age_074,8
2024,다다0797,in_age_075,5
2024,다다0797,in_age_076,8
2024,다다0797,in_age_077,0
2024,다다0797,in_age_078,5
2024,다다0797,to_in_001,58
2024,다다0797,to_in_007,33
2024,다다0797,to_in_008,28
2024,다다0798,in_age_001,0
2024,다다0798,in_age_002,5
2024,다다0798,in_age_003,5
2024,다다0798,in_age_005,5
2024,다다0798,in_age_006,5
2024,다다0798,in_age_007,8
2024,다다0798,in_age_008,5
2024,다다0798,in_age_009,0
2024,다다0798,in_age_010,0
2024,다다0798,in_age_011,5
2024,다다0798,in_age_012,13
2024,다다0798,in_age_013,13
2024,다다0798,in_age_014,8
2024,다다0798,in_age_015,8
2024,다다0798,in_age_016,8
2024,다다0798,in_age_017,13
2024,다다0798,in_age_018,5
2024,다다0798,in_age_019,0
2024,다다0798,in_age_035,5
2024,다다0798,in_age_036,5
2024,다다0798,in_age_037,8
2024,다다0798,in_age_038,5
2024,다다0798,in_age_039,0
2024,다다0798,in_age_040,0
2024,다다0798,in_age_042,5
2024,다다0798,in_age_043,8
2024,다다0798,in_age_044,5
2024,다다0798,in_age_045,5
2024,다다0798,in_age_046,5
2024,다다0798,in_age_047,5
2024,다다0798,in_age_061,0
2024,다다0798,in_age_062,5
2024,다다0798,in_age_063,5
2024,다다0798,in_age_067,5
2024,다다0798,in_age_071,5
2024,다다0798,in_age_072,8
2024,다다0798,in_age_073,5
2024,다다0798,in_age_074,5
2024,다다0798,in_age_075,5
2024,다다0798,in_age_076,5
2024,다다0798,in_age_077,8
2024,다다0798,in_age_078,5
2024,다다0798,in_age_079,0
2024,다다0798,to_in_001,93
2024,다다0798,to_in_007,43
2024,다다0798,to_in_008,48
2024,다다0799,in_age_001,0
2024,다다0799,in_age_005,5
2024,다다0799,in_age_006,0
2024,다다0799,in_age_007,5
2024,다다0799,in_age_008,8
2024,다다0799,in_age_010,0
2024,다다0799,in_age_011,0
2024,다다0799,in_age_012,13
2024,다다0799,in_age_013,8
2024,다다0799,in_age_014,8
2024,다다0799,in_age_015,5
2024,다다0799,in_age_016,8
2024,다다0799,in_age_017,0
2024,다다0799,in_age_018,5
2024,다다0799,in_age_019,0
2024,다다0799,in_age_035,5
2024,다다0799,in_age_036,0
2024,다다0799,in_age_037,5
2024,다다0799,in_age_038,8
2024,다다0799,in_age_040,0
2024,다다0799,in_age_042,5
2024,다다0799,in_age_043,5
2024,다다0799,in_age_044,8
2024,다다0799,in_age_045,0
2024,다다0799,in_age_046,0
2024,다다0799,in_age_061,0
2024,다다0799,in_age_071,0
2024,다다0799,in_age_072,8
2024,다다0799,in_age_073,5
2024,다다0799,in_age_074,5
2024,다다0799,in_age_075,0
2024,다다0799,in_age_076,8
2024,다다0799,in_age_077,0
2024,다다0799,in_age_078,5
2024,다다0799,in_age_079,0
2024,다다0799,to_in_001,53
2024,다다0799,to_in_007,28
2024,다다0799,to_in_008,23
2024,다다0800,in_age_001,262
2024,다다0800,in_age_002,367
2024,다다0800,in_age_003,399
2024,다다0800,in_age_004,263
2024,다다0800,in_age_005,208
2024,다다0800,in_age_006,218
2024,다다0800,in_age_007,397
2024,다다0800,in_age_008,384
2024,다다0800,in_age_009,504
2024,다다0800,in_age_010,429
2024,다다0800,in_age_011,439
2024,다다0800,in_age_012,327
2024,다다0800,in_age_013,240
2024,다다0800,in_age_014,189
2024,다다0800,in_age_015,105
2024,다다0800,in_age_016,83
2024,다다0800,in_age_017,68
2024,다다0800,in_age_018,43
2024,다다0800,in_age_019,13
2024,다다0800,in_age_020,5
2024,다다0800,in_age_031,130
2024,다다0800,in_age_032,183
2024,다다0800,in_age_033,190
2024,다다0800,in_age_034,148
2024,다다0800,in_age_035,130
2024,다다0800,in_age_036,120
2024,다다0800,in_age_037,186
2024,다다0800,in_age_038,185
2024,다다0800,in_age_039,256
2024,다다0800,in_age_040,221
2024,다다0800,in_age_041,214
2024,다다0800,in_age_042,166
2024,다다0800,in_age_043,115
2024,다다0800,in_age_044,101
2024,다다0800,in_age_045,48
2024,다다0800,in_age_046,43
2024,다다0800,in_age_047,28
2024,다다0800,in_age_048,18
2024,다다0800,in_age_049,5
2024,다다0800,in_age_061,130
2024,다다0800,in_age_062,187
2024,다다0800,in_age_063,207
2024,다다0800,in_age_064,118
2024,다다0800,in_age_065,81
2024,다다0800,in_age_066,101
2024,다다0800,in_age_067,209
2024,다다0800,in_age_068,197
2024,다다0800,in_age_069,251
2024,다다0800,in_age_070,206
2024,다다0800,in_age_071,228
2024,다다0800,in_age_072,164
2024,다다0800,in_age_073,128
2024,다다0800,in_age_074,91
2024,다다0800,in_age_075,55
2024,다다0800,in_age_076,38
2024,다다0800,in_age_077,38
2024,다다0800,in_age_078,23
2024,다다0800,in_age_079,8
2024,다다0800,in_age_080,5
2024,다다0800,to_in_001,4949
2024,다다0800,to_in_007,2486
2024,다다0800,to_in_008,2461
2024,다다0801,in_age_001,222
2024,다다0801,in_age_002,369
2024,다다0801,in_age_003,483
2024,다다0801,in_age_004,456
2024,다다0801,in_age_005,432
2024,다다0801,in_age_006,580
2024,다다0801,in_age_007,580
2024,다다0801,in_age_008,530
2024,다다0801,in_age_009,672
2024,다다0801,in_age_010,734
2024,다다0801,in_age_011,959
2024,다다0801,in_age_012,836
2024,다다0801,in_age_013,811
2024,다다0801,in_age_014,719
2024,다다0801,in_age_015,463
2024,다다0801,in_age_016,516
2024,다다0801,in_age_017,343
2024,다다0801,in_age_018,160
2024,다다0801,in_age_019,63
2024,다다0801,in_age_020,13
2024,다다0801,in_age_021,5
2024,다다0801,in_age_031,110
2024,다다0801,in_age_032,184
2024,다다0801,in_age_033,238
2024,다다0801,in_age_034,226
2024,다다0801,in_age_035,216
2024,다다0801,in_age_036,313
2024,다다0801,in_age_037,315
2024,다다0801,in_age_038,267
2024,다다0801,in_age_039,358
2024,다다0801,in_age_040,393
2024,다다0801,in_age_041,492
2024,다다0801,in_age_042,442
2024,다다0801,in_age_043,424
2024,다다0801,in_age_044,346
2024,다다0801,in_age_045,202
2024,다다0801,in_age_046,226
2024,다다0801,in_age_047,171
2024,다다0801,in_age_048,58
2024,다다0801,in_age_049,18
2024,다다0801,in_age_061,110
2024,다다0801,in_age_062,183
2024,다다0801,in_age_063,243
2024,다다0801,in_age_064,228
2024,다다0801,in_age_065,219
2024,다다0801,in_age_066,270
2024,다다0801,in_age_067,268
2024,다다0801,in_age_068,261
2024,다다0801,in_age_069,312
2024,다다0801,in_age_070,344
2024,다다0801,in_age_071,465
2024,다다0801,in_age_072,392
2024,다다0801,in_age_073,390
2024,다다0801,in_age_074,371
2024,다다0801,in_age_075,259
2024,다다0801,in_age_076,293
2024,다다0801,in_age_077,170
2024,다다0801,in_age_078,100
2024,다다0801,in_age_079,48
2024,다다0801,in_age_080,13
2024,다다0801,in_age_081,5
2024,다다0801,to_in_001,9939
2024,다다0801,to_in_007,4995
2024,다다0801,to_in_008,4942
2024,다다0802,in_age_001,193
2024,다다0802,in_age_002,280
2024,다다0802,in_age_003,436
2024,다다0802,in_age_004,390
2024,다다0802,in_age_005,398
2024,다다0802,in_age_006,550
2024,다다0802,in_age_007,582
2024,다다0802,in_age_008,481
2024,다다0802,in_age_009,605
2024,다다0802,in_age_010,653
2024,다다0802,in_age_011,892
2024,다다0802,in_age_012,944
2024,다다0802,in_age_013,898
2024,다다0802,in_age_014,761
2024,다다0802,in_age_015,523
2024,다다0802,in_age_016,448
2024,다다0802,in_age_017,383
2024,다다0802,in_age_018,233
2024,다다0802,in_age_019,100
2024,다다0802,in_age_020,18
2024,다다0802,in_age_021,8
2024,다다0802,in_age_031,108
2024,다다0802,in_age_032,160
2024,다다0802,in_age_033,215
2024,다다0802,in_age_034,232
2024,다다0802,in_age_035,230
2024,다다0802,in_age_036,307
2024,다다0802,in_age_037,312
2024,다다0802,in_age_038,267
2024,다다0802,in_age_039,314
2024,다다0802,in_age_040,346
2024,다다0802,in_age_041,461
2024,다다0802,in_age_042,485
2024,다다0802,in_age_043,473
2024,다다0802,in_age_044,391
2024,다다0802,in_age_045,237
2024,다다0802,in_age_046,198
2024,다다0802,in_age_047,164
2024,다다0802,in_age_048,74
2024,다다0802,in_age_049,28
2024,다다0802,in_age_050,0
2024,다다0802,in_age_051,0
2024,다다0802,in_age_061,83
2024,다다0802,in_age_062,118
2024,다다0802,in_age_063,219
2024,다다0802,in_age_064,156
2024,다다0802,in_age_065,171
2024,다다0802,in_age_066,246
2024,다다0802,in_age_067,268
2024,다다0802,in_age_068,212
2024,다다0802,in_age_069,289
2024,다다0802,in_age_070,310
2024,다다0802,in_age_071,429
2024,다다0802,in_age_072,457
2024,다다0802,in_age_073,423
2024,다다0802,in_age_074,373
2024,다다0802,in_age_075,284
2024,다다0802,in_age_076,253
2024,다다0802,in_age_077,222
2024,다다0802,in_age_078,157
2024,다다0802,in_age_079,70
2024,다다0802,in_age_080,18
2024,다다0802,in_age_081,5
2024,다다0802,to_in_001,9781
2024,다다0802,to_in_007,5008
2024,다다0802,to_in_008,4771
2024,다다0803,in_age_001,25
2024,다다0803,in_age_002,44
2024,다다0803,in_age_003,48
2024,다다0803,in_age_004,33
2024,다다0803,in_age_005,59
2024,다다0803,in_age_006,99
2024,다다0803,in_age_007,129
2024,다다0803,in_age_008,76
2024,다다0803,in_age_009,98
2024,다다0803,in_age_010,91
2024,다다0803,in_age_011,121
2024,다다0803,in_age_012,112
2024,다다0803,in_age_013,111
2024,다다0803,in_age_014,115
2024,다다0803,in_age_015,66
2024,다다0803,in_age_016,33
2024,다다0803,in_age_017,38
2024,다다0803,in_age_018,28
2024,다다0803,in_age_019,13
2024,다다0803,in_age_020,5
2024,다다0803,in_age_021,0
2024,다다0803,in_age_031,15
2024,다다0803,in_age_032,24
2024,다다0803,in_age_033,23
2024,다다0803,in_age_034,23
2024,다다0803,in_age_035,29
2024,다다0803,in_age_036,62
2024,다다0803,in_age_037,68
2024,다다0803,in_age_038,43
2024,다다0803,in_age_039,62
2024,다다0803,in_age_040,53
2024,다다0803,in_age_041,73
2024,다다0803,in_age_042,65
2024,다다0803,in_age_043,66
2024,다다0803,in_age_044,50
2024,다다0803,in_age_045,36
2024,다다0803,in_age_046,13
2024,다다0803,in_age_047,13
2024,다다0803,in_age_048,8
2024,다다0803,in_age_049,5
2024,다다0803,in_age_050,0
2024,다다0803,in_age_061,13
2024,다다0803,in_age_062,18
2024,다다0803,in_age_063,23
2024,다다0803,in_age_064,13
2024,다다0803,in_age_065,28
2024,다다0803,in_age_066,35
2024,다다0803,in_age_067,59
2024,다다0803,in_age_068,36
2024,다다0803,in_age_069,39
2024,다다0803,in_age_070,36
2024,다다0803,in_age_071,46
2024,다다0803,in_age_072,45
2024,다다0803,in_age_073,48
2024,다다0803,in_age_074,63
2024,다다0803,in_age_075,28
2024,다다0803,in_age_076,23
2024,다다0803,in_age_077,23
2024,다다0803,in_age_078,23
2024,다다0803,in_age_079,13
2024,다다0803,in_age_080,5
2024,다다0803,in_age_081,0
2024,다다0803,to_in_001,1345
2024,다다0803,to_in_007,725
2024,다다0803,to_in_008,618
2024,다다0872,in_age_002,5
2024,다다0872,in_age_003,0
2024,다다0872,in_age_004,5
2024,다다0872,in_age_005,5
2024,다다0872,in_age_006,5
2024,다다0872,in_age_007,0
2024,다다0872,in_age_009,0
2024,다다0872,in_age_010,5
2024,다다0872,in_age_011,0
2024,다다0872,in_age_012,5
2024,다다0872,in_age_013,5
2024,다다0872,in_age_014,5
2024,다다0872,in_age_015,5
2024,다다0872,in_age_016,5
2024,다다0872,in_age_017,5
2024,다다0872,in_age_018,5
2024,다다0872,in_age_032,5
2024,다다0872,in_age_034,5
2024,다다0872,in_age_035,0
2024,다다0872,in_age_036,5
2024,다다0872,in_age_037,0
2024,다다0872,in_age_039,0
2024,다다0872,in_age_040,5
2024,다다0872,in_age_041,0
2024,다다0872,in_age_042,0
2024,다다0872,in_age_043,0
2024,다다0872,in_age_044,0
2024,다다0872,in_age_045,0
2024,다다0872,in_age_046,5
2024,다다0872,in_age_063,0
2024,다다0872,in_age_064,5
2024,다다0872,in_age_065,0
2024,다다0872,in_age_066,0
2024,다다0872,in_age_070,5
2024,다다0872,in_age_072,5
2024,다다0872,in_age_073,5
2024,다다0872,in_age_074,0
2024,다다0872,in_age_075,5
2024,다다0872,in_age_077,5
2024,다다0872,in_age_078,5
2024,다다0872,to_in_001,38
2024,다다0872,to_in_007,18
2024,다다0872,to_in_008,18
2024,다다0873,in_age_001,8
2024,다다0873,in_age_002,8
2024,다다0873,in_age_003,13
2024,다다0873,in_age_004,8
2024,다다0873,in_age_005,8
2024,다다0873,in_age_006,13
2024,다다0873,in_age_007,19
2024,다다0873,in_age_008,13
2024,다다0873,in_age_009,18
2024,다다0873,in_age_010,13
2024,다다0873,in_age_011,28
2024,다다0873,in_age_012,28
2024,다다0873,in_age_013,28
2024,다다0873,in_age_014,18
2024,다다0873,in_age_015,13
2024,다다0873,in_age_016,18
2024,다다0873,in_age_017,18
2024,다다0873,in_age_018,5
2024,다다0873,in_age_019,5
2024,다다0873,in_age_031,5
2024,다다0873,in_age_032,5
2024,다다0873,in_age_033,8
2024,다다0873,in_age_034,5
2024,다다0873,in_age_035,5
2024,다다0873,in_age_036,13
2024,다다0873,in_age_037,14
2024,다다0873,in_age_038,8
2024,다다0873,in_age_039,8
2024,다다0873,in_age_040,8
2024,다다0873,in_age_041,13
2024,다다0873,in_age_042,13
2024,다다0873,in_age_043,13
2024,다다0873,in_age_044,13
2024,다다0873,in_age_045,8
2024,다다0873,in_age_046,13
2024,다다0873,in_age_047,5
2024,다다0873,in_age_048,0
2024,다다0873,in_age_061,5
2024,다다0873,in_age_062,5
2024,다다0873,in_age_063,8
2024,다다0873,in_age_064,5
2024,다다0873,in_age_065,5
2024,다다0873,in_age_066,8
2024,다다0873,in_age_067,5
2024,다다0873,in_age_068,5
2024,다다0873,in_age_069,8
2024,다다0873,in_age_070,5
2024,다다0873,in_age_071,13
2024,다다0873,in_age_072,13
2024,다다0873,in_age_073,18
2024,다다0873,in_age_074,8
2024,다다0873,in_age_075,8
2024,다다0873,in_age_076,8
2024,다다0873,in_age_077,13
2024,다다0873,in_age_078,5
2024,다다0873,in_age_079,5
2024,다다0873,to_in_001,274
2024,다다0873,to_in_007,159
2024,다다0873,to_in_008,118
2024,다다0877,in_age_003,0
2024,다다0877,in_age_004,0
2024,다다0877,in_age_006,5
2024,다다0877,in_age_008,5
2024,다다0877,in_age_009,5
2024,다다0877,in_age_010,5
2024,다다0877,in_age_011,0
2024,다다0877,in_age_012,5
2024,다다0877,in_age_013,0
2024,다다0877,in_age_014,5
2024,다다0877,in_age_015,5
2024,다다0877,in_age_016,5
2024,다다0877,in_age_033,0
2024,다다0877,in_age_034,0
2024,다다0877,in_age_036,0
2024,다다0877,in_age_038,5
2024,다다0877,in_age_039,5
2024,다다0877,in_age_040,0
2024,다다0877,in_age_041,0
2024,다다0877,in_age_042,5
2024,다다0877,in_age_044,5
2024,다다0877,in_age_045,5
2024,다다0877,in_age_046,0
2024,다다0877,in_age_066,0
2024,다다0877,in_age_070,0
2024,다다0877,in_age_072,5
2024,다다0877,in_age_073,0
2024,다다0877,in_age_074,5
2024,다다0877,in_age_075,5
2024,다다0877,in_age_076,5
2024,다다0877,to_in_001,28
2024,다다0877,to_in_007,18
2024,다다0877,to_in_008,8
2024,다다0878,in_age_001,0
2024,다다0878,in_age_003,8
2024,다다0878,in_age_004,8
2024,다다0878,in_age_005,8
2024,다다0878,in_age_006,23
2024,다다0878,in_age_007,33
2024,다다0878,in_age_008,18
2024,다다0878,in_age_009,13
2024,다다0878,in_age_010,13
2024,다다0878,in_age_011,18
2024,다다0878,in_age_012,18
2024,다다0878,in_age_013,23
2024,다다0878,in_age_014,23
2024,다다0878,in_age_015,18
2024,다다0878,in_age_016,23
2024,다다0878,in_age_017,13
2024,다다0878,in_age_018,8
2024,다다0878,in_age_019,8
2024,다다0878,in_age_031,0
2024,다다0878,in_age_033,5
2024,다다0878,in_age_034,5
2024,다다0878,in_age_035,5
2024,다다0878,in_age_036,23
2024,다다0878,in_age_037,28
2024,다다0878,in_age_038,13
2024,다다0878,in_age_039,13
2024,다다0878,in_age_040,8
2024,다다0878,in_age_041,8
2024,다다0878,in_age_042,8
2024,다다0878,in_age_043,13
2024,다다0878,in_age_044,8
2024,다다0878,in_age_045,8
2024,다다0878,in_age_046,13
2024,다다0878,in_age_047,5
2024,다다0878,in_age_048,5
2024,다다0878,in_age_049,5
2024,다다0878,in_age_063,5
2024,다다0878,in_age_064,8
2024,다다0878,in_age_065,5
2024,다다0878,in_age_066,5
2024,다다0878,in_age_067,5
2024,다다0878,in_age_068,5
2024,다다0878,in_age_069,5
2024,다다0878,in_age_070,5
2024,다다0878,in_age_071,8
2024,다다0878,in_age_072,8
2024,다다0878,in_age_073,8
2024,다다0878,in_age_074,13
2024,다다0878,in_age_075,13
2024,다다0878,in_age_076,13
2024,다다0878,in_age_077,8
2024,다다0878,in_age_078,8
2024,다다0878,in_age_079,5
2024,다다0878,to_in_001,273
2024,다다0878,to_in_007,168
2024,다다0878,to_in_008,108
2024,다다0879,in_age_008,0
2024,다다0879,in_age_009,0
2024,다다0879,in_age_038,0
2024,다다0879,in_age_039,0
2024,다다0879,to_in_001,5
2024,다다0879,to_in_007,5
2024,다다0879,to_in_008,0
2024,다다0890,in_age_012,0
2024,다다0890,in_age_013,0
2024,다다0890,in_age_042,0
2024,다다0890,in_age_043,0
2024,다다0890,to_in_001,5
2024,다다0890,to_in_007,5
2024,다다0890,to_in_008,0
2024,다다0892,in_age_006,0
2024,다다0892,in_age_007,5
2024,다다0892,in_age_008,0
2024,다다0892,in_age_010,0
2024,다다0892,in_age_012,5
2024,다다0892,in_age_014,5
2024,다다0892,in_age_036,0
2024,다다0892,in_age_037,5
2024,다다0892,in_age_038,0
2024,다다0892,in_age_044,5
2024,다다0892,in_age_070,0
2024,다다0892,in_age_072,5
2024,다다0892,to_in_001,8
2024,다다0892,to_in_007,8
2024,다다0892,to_in_008,5
2024,다다0896,in_age_012,0
2024,다다0896,in_age_042,0
2024,다다0896,to_in_001,0
2024,다다0896,to_in_007,0
2024,다다0896,to_in_008,0
2024,다다0897,in_age_001,5
2024,다다0897,in_age_004,0
2024,다다0897,in_age_005,6
2024,다다0897,in_age_006,5
2024,다다0897,in_age_007,8
2024,다다0897,in_age_008,0
2024,다다0897,in_age_009,0
2024,다다0897,in_age_010,5
2024,다다0897,in_age_011,5
2024,다다0897,in_age_012,8
2024,다다0897,in_age_013,8
2024,다다0897,in_age_014,8
2024,다다0897,in_age_015,5
2024,다다0897,in_age_016,8
2024,다다0897,in_age_017,8
2024,다다0897,in_age_018,5
2024,다다0897,in_age_019,0
2024,다다0897,in_age_031,5
2024,다다0897,in_age_035,0
2024,다다0897,in_age_036,5
2024,다다0897,in_age_037,8
2024,다다0897,in_age_039,0
2024,다다0897,in_age_041,5
2024,다다0897,in_age_042,5
2024,다다0897,in_age_043,5
2024,다다0897,in_age_044,5
2024,다다0897,in_age_045,0
2024,다다0897,in_age_046,0
2024,다다0897,in_age_047,5
2024,다다0897,in_age_048,0
2024,다다0897,in_age_064,0
2024,다다0897,in_age_065,6
2024,다다0897,in_age_066,0
2024,다다0897,in_age_068,0
2024,다다0897,in_age_070,5
2024,다다0897,in_age_072,5
2024,다다0897,in_age_073,0
2024,다다0897,in_age_074,5
2024,다다0897,in_age_075,5
2024,다다0897,in_age_076,8
2024,다다0897,in_age_077,5
2024,다다0897,in_age_078,5
2024,다다0897,in_age_079,0
2024,다다0897,to_in_001,64
2024,다다0897,to_in_007,33
2024,다다0897,to_in_008,29
2024,다다0898,in_age_002,0
2024,다다0898,in_age_004,0
2024,다다0898,in_age_005,5
2024,다다0898,in_age_006,5
2024,다다0898,in_age_007,8
2024,다다0898,in_age_008,5
2024,다다0898,in_age_009,0
2024,다다0898,in_age_010,8
2024,다다0898,in_age_011,8
2024,다다0898,in_age_012,13
2024,다다0898,in_age_013,13
2024,다다0898,in_age_014,8
2024,다다0898,in_age_015,8
2024,다다0898,in_age_016,8
2024,다다0898,in_age_017,8
2024,다다0898,in_age_018,5
2024,다다0898,in_age_032,0
2024,다다0898,in_age_034,0
2024,다다0898,in_age_035,5
2024,다다0898,in_age_036,5
2024,다다0898,in_age_037,8
2024,다다0898,in_age_038,0
2024,다다0898,in_age_039,0
2024,다다0898,in_age_040,5
2024,다다0898,in_age_041,5
2024,다다0898,in_age_042,8
2024,다다0898,in_age_043,8
2024,다다0898,in_age_044,8
2024,다다0898,in_age_045,5
2024,다다0898,in_age_046,8
2024,다다0898,in_age_047,5
2024,다다0898,in_age_048,5
2024,다다0898,in_age_068,0
2024,다다0898,in_age_070,5
2024,다다0898,in_age_071,5
2024,다다0898,in_age_072,8
2024,다다0898,in_age_073,8
2024,다다0898,in_age_074,0
2024,다다0898,in_age_075,8
2024,다다0898,in_age_076,8
2024,다다0898,in_age_077,5
2024,다다0898,in_age_078,5
2024,다다0898,to_in_001,83
2024,다다0898,to_in_007,38
2024,다다0898,to_in_008,43
2024,다다0899,in_age_001,5
2024,다다0899,in_age_004,0
2024,다다0899,in_age_006,5
2024,다다0899,in_age_007,5
2024,다다0899,in_age_008,5
2024,다다0899,in_age_009,0
2024,다다0899,in_age_010,0
2024,다다0899,in_age_011,5
2024,다다0899,in_age_012,5
2024,다다0899,in_age_013,8
2024,다다0899,in_age_014,8
2024,다다0899,in_age_015,8
2024,다다0899,in_age_016,5
2024,다다0899,in_age_017,8
2024,다다0899,in_age_018,5
2024,다다0899,in_age_036,0
2024,다다0899,in_age_037,5
2024,다다0899,in_age_038,5
2024,다다0899,in_age_039,0
2024,다다0899,in_age_040,0
2024,다다0899,in_age_041,5
2024,다다0899,in_age_042,5
2024,다다0899,in_age_043,5
2024,다다0899,in_age_044,5
2024,다다0899,in_age_045,8
2024,다다0899,in_age_046,5
2024,다다0899,in_age_047,0
2024,다다0899,in_age_061,5
2024,다다0899,in_age_064,0
2024,다다0899,in_age_066,5
2024,다다0899,in_age_071,5
2024,다다0899,in_age_072,5
2024,다다0899,in_age_073,8
2024,다다0899,in_age_074,5
2024,다다0899,in_age_075,5
2024,다다0899,in_age_076,0
2024,다다0899,in_age_077,8
2024,다다0899,in_age_078,5
2024,다다0899,to_in_001,58
2024,다다0899,to_in_007,23
2024,다다0899,to_in_008,33
2024,다다0900,in_age_001,395
2024,다다0900,in_age_002,576
2024,다다0900,in_age_003,753
2024,다다0900,in_age_004,708
2024,다다0900,in_age_005,602
2024,다다0900,in_age_006,745
2024,다다0900,in_age_007,851
2024,다다0900,in_age_008,782
2024,다다0900,in_age_009,1021
2024,다다0900,in_age_010,968
2024,다다0900,in_age_011,1183
2024,다다0900,in_age_012,1114
2024,다다0900,in_age_013,983
2024,다다0900,in_age_014,846
2024,다다0900,in_age_015,540
2024,다다0900,in_age_016,440
2024,다다0900,in_age_017,226
2024,다다0900,in_age_018,135
2024,다다0900,in_age_019,43
2024,다다0900,in_age_020,8
2024,다다0900,in_age_021,5
2024,다다0900,in_age_031,190
2024,다다0900,in_age_032,316
2024,다다0900,in_age_033,364
2024,다다0900,in_age_034,360
2024,다다0900,in_age_035,309
2024,다다0900,in_age_036,399
2024,다다0900,in_age_037,403
2024,다다0900,in_age_038,395
2024,다다0900,in_age_039,502
2024,다다0900,in_age_040,452
2024,다다0900,in_age_041,568
2024,다다0900,in_age_042,549
2024,다다0900,in_age_043,458
2024,다다0900,in_age_044,380
2024,다다0900,in_age_045,234
2024,다다0900,in_age_046,188
2024,다다0900,in_age_047,93
2024,다다0900,in_age_048,53
2024,다다0900,in_age_049,13
2024,다다0900,in_age_050,5
2024,다다0900,in_age_051,0
2024,다다0900,in_age_061,203
2024,다다0900,in_age_062,258
2024,다다0900,in_age_063,387
2024,다다0900,in_age_064,346
2024,다다0900,in_age_065,296
2024,다다0900,in_age_066,344
2024,다다0900,in_age_067,446
2024,다다0900,in_age_068,390
2024,다다0900,in_age_069,517
2024,다다0900,in_age_070,514
2024,다다0900,in_age_071,618
2024,다다0900,in_age_072,563
2024,다다0900,in_age_073,528
2024,다다0900,in_age_074,464
2024,다다0900,in_age_075,309
2024,다다0900,in_age_076,250
2024,다다0900,in_age_077,136
2024,다다0900,in_age_078,85
2024,다다0900,in_age_079,33
2024,다다0900,in_age_080,8
2024,다다0900,in_age_081,5
2024,다다0900,to_in_001,12917
2024,다다0900,to_in_007,6222
2024,다다0900,to_in_008,6698
2024,다다0901,in_age_001,237
2024,다다0901,in_age_002,395
2024,다다0901,in_age_003,542
2024,다다0901,in_age_004,548
2024,다다0901,in_age_005,680
2024,다다0901,in_age_006,844
2024,다다0901,in_age_007,832
2024,다다0901,in_age_008,648
2024,다다0901,in_age_009,840
2024,다다0901,in_age_010,843
2024,다다0901,in_age_011,1127
2024,다다0901,in_age_012,1046
2024,다다0901,in_age_013,969
2024,다다0901,in_age_014,802
2024,다다0901,in_age_015,528
2024,다다0901,in_age_016,503
2024,다다0901,in_age_017,378
2024,다다0901,in_age_018,234
2024,다다0901,in_age_019,73
2024,다다0901,in_age_020,8
2024,다다0901,in_age_021,5
2024,다다0901,in_age_031,124
2024,다다0901,in_age_032,204
2024,다다0901,in_age_033,264
2024,다다0901,in_age_034,276
2024,다다0901,in_age_035,361
2024,다다0901,in_age_036,410
2024,다다0901,in_age_037,465
2024,다다0901,in_age_038,340
2024,다다0901,in_age_039,429
2024,다다0901,in_age_040,428
2024,다다0901,in_age_041,564
2024,다다0901,in_age_042,534
2024,다다0901,in_age_043,480
2024,다다0901,in_age_044,377
2024,다다0901,in_age_045,226
2024,다다0901,in_age_046,221
2024,다다0901,in_age_047,152
2024,다다0901,in_age_048,94
2024,다다0901,in_age_049,23
2024,다다0901,in_age_050,8
2024,다다0901,in_age_051,0
2024,다다0901,in_age_061,111
2024,다다0901,in_age_062,189
2024,다다0901,in_age_063,281
2024,다다0901,in_age_064,270
2024,다다0901,in_age_065,322
2024,다다0901,in_age_066,432
2024,다다0901,in_age_067,370
2024,다다0901,in_age_068,306
2024,다다0901,in_age_069,414
2024,다다0901,in_age_070,418
2024,다다0901,in_age_071,566
2024,다다0901,in_age_072,515
2024,다다0901,in_age_073,487
2024,다다0901,in_age_074,428
2024,다다0901,in_age_075,305
2024,다다0901,in_age_076,285
2024,다다0901,in_age_077,229
2024,다다0901,in_age_078,138
2024,다다0901,in_age_079,48
2024,다다0901,in_age_080,8
2024,다다0901,in_age_081,0
2024,다다0901,to_in_001,12080
2024,다다0901,to_in_007,5958
2024,다다0901,to_in_008,6120
2024,다다0902,in_age_001,211
2024,다다0902,in_age_002,249
2024,다다0902,in_age_003,339
2024,다다0902,in_age_004,336
2024,다다0902,in_age_005,428
2024,다다0902,in_age_006,580
2024,다다0902,in_age_007,618
2024,다다0902,in_age_008,556
2024,다다0902,in_age_009,646
2024,다다0902,in_age_010,681
2024,다다0902,in_age_011,886
2024,다다0902,in_age_012,928
2024,다다0902,in_age_013,1007
2024,다다0902,in_age_014,917
2024,다다0902,in_age_015,609
2024,다다0902,in_age_016,495
2024,다다0902,in_age_017,376
2024,다다0902,in_age_018,224
2024,다다0902,in_age_019,92
2024,다다0902,in_age_020,16
2024,다다0902,in_age_021,5
2024,다다0902,in_age_031,108
2024,다다0902,in_age_032,127
2024,다다0902,in_age_033,186
2024,다다0902,in_age_034,171
2024,다다0902,in_age_035,247
2024,다다0902,in_age_036,307
2024,다다0902,in_age_037,330
2024,다다0902,in_age_038,320
2024,다다0902,in_age_039,370
2024,다다0902,in_age_040,378
2024,다다0902,in_age_041,471
2024,다다0902,in_age_042,507
2024,다다0902,in_age_043,501
2024,다다0902,in_age_044,452
2024,다다0902,in_age_045,289
2024,다다0902,in_age_046,203
2024,다다0902,in_age_047,129
2024,다다0902,in_age_048,73
2024,다다0902,in_age_049,23
2024,다다0902,in_age_050,5
2024,다다0902,in_age_061,101
2024,다다0902,in_age_062,125
2024,다다0902,in_age_063,151
2024,다다0902,in_age_064,163
2024,다다0902,in_age_065,179
2024,다다0902,in_age_066,271
2024,다다0902,in_age_067,286
2024,다다0902,in_age_068,239
2024,다다0902,in_age_069,279
2024,다다0902,in_age_070,301
2024,다다0902,in_age_071,413
2024,다다0902,in_age_072,419
2024,다다0902,in_age_073,504
2024,다다0902,in_age_074,463
2024,다다0902,in_age_075,318
2024,다다0902,in_age_076,290
2024,다다0902,in_age_077,250
2024,다다0902,in_age_078,154
2024,다다0902,in_age_079,67
2024,다다0902,in_age_080,16
2024,다다0902,in_age_081,5
2024,다다0902,to_in_001,10187
2024,다다0902,to_in_007,5203
2024,다다0902,to_in_008,4982
2024,다다0903,in_age_001,46
2024,다다0903,in_age_002,57
2024,다다0903,in_age_003,80
2024,다다0903,in_age_004,83
2024,다다0903,in_age_005,75
2024,다다0903,in_age_006,114
2024,다다0903,in_age_007,136
2024,다다0903,in_age_008,138
2024,다다0903,in_age_009,154
2024,다다0903,in_age_010,149
2024,다다0903,in_age_011,144
2024,다다0903,in_age_012,132
2024,다다0903,in_age_013,148
2024,다다0903,in_age_014,149
2024,다다0903,in_age_015,84
2024,다다0903,in_age_016,73
2024,다다0903,in_age_017,48
2024,다다0903,in_age_018,23
2024,다다0903,in_age_019,13
2024,다다0903,in_age_020,5
2024,다다0903,in_age_031,21
2024,다다0903,in_age_032,26
2024,다다0903,in_age_033,46
2024,다다0903,in_age_034,46
2024,다다0903,in_age_035,47
2024,다다0903,in_age_036,71
2024,다다0903,in_age_037,75
2024,다다0903,in_age_038,79
2024,다다0903,in_age_039,77
2024,다다0903,in_age_040,90
2024,다다0903,in_age_041,80
2024,다다0903,in_age_042,65
2024,다다0903,in_age_043,75
2024,다다0903,in_age_044,82
2024,다다0903,in_age_045,36
2024,다다0903,in_age_046,33
2024,다다0903,in_age_047,18
2024,다다0903,in_age_048,8
2024,다다0903,in_age_049,5
2024,다다0903,in_age_061,23
2024,다다0903,in_age_062,34
2024,다다0903,in_age_063,37
2024,다다0903,in_age_064,35
2024,다다0903,in_age_065,26
2024,다다0903,in_age_066,46
2024,다다0903,in_age_067,64
2024,다다0903,in_age_068,57
2024,다다0903,in_age_069,80
2024,다다0903,in_age_070,62
2024,다다0903,in_age_071,62
2024,다다0903,in_age_072,65
2024,다다0903,in_age_073,71
2024,다다0903,in_age_074,65
2024,다다0903,in_age_075,51
2024,다다0903,in_age_076,43
2024,다다0903,in_age_077,28
2024,다다0903,in_age_078,13
2024,다다0903,in_age_079,8
2024,다다0903,in_age_080,5
2024,다다0903,to_in_001,1847
2024,다다0903,to_in_007,984
2024,다다0903,to_in_008,861
2024,다다0970,in_age_002,5
2024,다다0970,in_age_003,5
2024,다다0970,in_age_004,5
2024,다다0970,in_age_006,8
2024,다다0970,in_age_007,11
2024,다다0970,in_age_008,8
2024,다다0970,in_age_009,8
2024,다다0970,in_age_010,5
2024,다다0970,in_age_011,5
2024,다다0970,in_age_012,8
2024,다다0970,in_age_013,8
2024,다다0970,in_age_014,5
2024,다다0970,in_age_015,5
2024,다다0970,in_age_016,5
2024,다다0970,in_age_018,5
2024,다다0970,in_age_033,5
2024,다다0970,in_age_034,0
2024,다다0970,in_age_036,8
2024,다다0970,in_age_037,11
2024,다다0970,in_age_038,8
2024,다다0970,in_age_039,8
2024,다다0970,in_age_040,0
2024,다다0970,in_age_041,0
2024,다다0970,in_age_042,5
2024,다다0970,in_age_043,5
2024,다다0970,in_age_044,5
2024,다다0970,in_age_045,0
2024,다다0970,in_age_046,0
2024,다다0970,in_age_062,5
2024,다다0970,in_age_063,5
2024,다다0970,in_age_064,5
2024,다다0970,in_age_066,0
2024,다다0970,in_age_068,5
2024,다다0970,in_age_069,0
2024,다다0970,in_age_070,5
2024,다다0970,in_age_071,0
2024,다다0970,in_age_072,5
2024,다다0970,in_age_073,0
2024,다다0970,in_age_074,0
2024,다다0970,in_age_075,5
2024,다다0970,in_age_076,0
2024,다다0970,in_age_078,5
2024,다다0970,to_in_001,74
2024,다다0970,to_in_007,44
2024,다다0970,to_in_008,28
2024,다다0971,in_age_003,5
2024,다다0971,in_age_005,0
2024,다다0971,in_age_006,8
2024,다다0971,in_age_007,0
2024,다다0971,in_age_008,8
2024,다다0971,in_age_009,5
2024,다다0971,in_age_010,0
2024,다다0971,in_age_011,0
2024,다다0971,in_age_012,5
2024,다다0971,in_age_013,8
2024,다다0971,in_age_014,8
2024,다다0971,in_age_015,5
2024,다다0971,in_age_016,5
2024,다다0971,in_age_017,8
2024,다다0971,in_age_018,0
2024,다다0971,in_age_035,0
2024,다다0971,in_age_036,5
2024,다다0971,in_age_037,0
2024,다다0971,in_age_038,8
2024,다다0971,in_age_039,5
2024,다다0971,in_age_041,0
2024,다다0971,in_age_043,5
2024,다다0971,in_age_044,8
2024,다다0971,in_age_045,5
2024,다다0971,in_age_046,0
2024,다다0971,in_age_047,5
2024,다다0971,in_age_063,5
2024,다다0971,in_age_066,5
2024,다다0971,in_age_068,0
2024,다다0971,in_age_070,0
2024,다다0971,in_age_072,5
2024,다다0971,in_age_073,5
2024,다다0971,in_age_074,5
2024,다다0971,in_age_075,5
2024,다다0971,in_age_076,5
2024,다다0971,in_age_077,5
2024,다다0971,in_age_078,0
2024,다다0971,to_in_001,58
2024,다다0971,to_in_007,33
2024,다다0971,to_in_008,23
2024,다다0975,in_age_004,0
2024,다다0975,in_age_006,0
2024,다다0975,in_age_009,0
2024,다다0975,in_age_011,5
2024,다다0975,in_age_012,5
2024,다다0975,in_age_013,5
2024,다다0975,in_age_014,5
2024,다다0975,in_age_017,5
2024,다다0975,in_age_019,5
2024,다다0975,in_age_036,0
2024,다다0975,in_age_041,5
2024,다다0975,in_age_042,5
2024,다다0975,in_age_043,5
2024,다다0975,in_age_044,0
2024,다다0975,in_age_047,0
2024,다다0975,in_age_064,0
2024,다다0975,in_age_069,0
2024,다다0975,in_age_071,5
2024,다다0975,in_age_073,5
2024,다다0975,in_age_074,0
2024,다다0975,in_age_077,5
2024,다다0975,in_age_079,5
2024,다다0975,to_in_001,23
2024,다다0975,to_in_007,13
2024,다다0975,to_in_008,13
2024,다다0978,in_age_001,0
2024,다다0978,in_age_002,0
2024,다다0978,in_age_005,5
2024,다다0978,in_age_006,12
2024,다다0978,in_age_007,8
2024,다다0978,in_age_008,0
2024,다다0978,in_age_009,5
2024,다다0978,in_age_010,5
2024,다다0978,in_age_011,5
2024,다다0978,in_age_012,5
2024,다다0978,in_age_013,8
2024,다다0978,in_age_014,5
2024,다다0978,in_age_015,5
2024,다다0978,in_age_016,5
2024,다다0978,in_age_017,5
2024,다다0978,in_age_020,0
2024,다다0978,in_age_031,0
2024,다다0978,in_age_032,0
2024,다다0978,in_age_035,5
2024,다다0978,in_age_036,7
2024,다다0978,in_age_037,5
2024,다다0978,in_age_038,0
2024,다다0978,in_age_039,5
2024,다다0978,in_age_041,0
2024,다다0978,in_age_042,5
2024,다다0978,in_age_043,5
2024,다다0978,in_age_044,0
2024,다다0978,in_age_045,0
2024,다다0978,in_age_046,0
2024,다다0978,in_age_047,5
2024,다다0978,in_age_066,0
2024,다다0978,in_age_067,0
2024,다다0978,in_age_069,5
2024,다다0978,in_age_070,5
2024,다다0978,in_age_071,0
2024,다다0978,in_age_072,0
2024,다다0978,in_age_073,5
2024,다다0978,in_age_074,0
2024,다다0978,in_age_075,5
2024,다다0978,in_age_076,0
2024,다다0978,in_age_077,5
2024,다다0978,in_age_080,0
2024,다다0978,to_in_001,55
2024,다다0978,to_in_007,35
2024,다다0978,to_in_008,23
2024,다다0979,in_age_001,0
2024,다다0979,in_age_004,5
2024,다다0979,in_age_008,5
2024,다다0979,in_age_010,5
2024,다다0979,in_age_011,0
2024,다다0979,in_age_013,5
2024,다다0979,in_age_014,0
2024,다다0979,in_age_016,0
2024,다다0979,in_age_017,5
2024,다다0979,in_age_018,0
2024,다다0979,in_age_031,0
2024,다다0979,in_age_038,0
2024,다다0979,in_age_040,0
2024,다다0979,in_age_043,5
2024,다다0979,in_age_044,0
2024,다다0979,in_age_046,0
2024,다다0979,in_age_048,0
2024,다다0979,in_age_064,5
2024,다다0979,in_age_068,5
2024,다다0979,in_age_070,0
2024,다다0979,in_age_071,0
2024,다다0979,in_age_073,0
2024,다다0979,in_age_077,5
2024,다다0979,to_in_001,18
2024,다다0979,to_in_007,8
2024,다다0979,to_in_008,8
2024,다다0990,in_age_003,0
2024,다다0990,in_age_004,0
2024,다다0990,in_age_005,0
2024,다다0990,in_age_006,0
2024,다다0990,in_age_007,0
2024,다다0990,in_age_009,5
2024,다다0990,in_age_011,5
2024,다다0990,in_age_012,0
2024,다다0990,in_age_013,0
2024,다다0990,in_age_014,8
2024,다다0990,in_age_015,5
2024,다다0990,in_age_016,8
2024,다다0990,in_age_017,5
2024,다다0990,in_age_018,5
2024,다다0990,in_age_033,0
2024,다다0990,in_age_035,0
2024,다다0990,in_age_036,0
2024,다다0990,in_age_037,0
2024,다다0990,in_age_039,0
2024,다다0990,in_age_041,5
2024,다다0990,in_age_042,0
2024,다다0990,in_age_044,5
2024,다다0990,in_age_045,5
2024,다다0990,in_age_046,5
2024,다다0990,in_age_048,5
2024,다다0990,in_age_064,0
2024,다다0990,in_age_069,5
2024,다다0990,in_age_073,0
2024,다다0990,in_age_074,8
2024,다다0990,in_age_075,5
2024,다다0990,in_age_076,8
2024,다다0990,in_age_077,5
2024,다다0990,in_age_078,0
2024,다다0990,to_in_001,33
2024,다다0990,to_in_007,18
2024,다다0990,to_in_008,13
2024,다다0991,in_age_001,8
2024,다다0991,in_age_003,5
2024,다다0991,in_age_004,5
2024,다다0991,in_age_005,8
2024,다다0991,in_age_006,24
2024,다다0991,in_age_007,8
2024,다다0991,in_age_008,8
2024,다다0991,in_age_009,8
2024,다다0991,in_age_010,8
2024,다다0991,in_age_011,13
2024,다다0991,in_age_012,13
2024,다다0991,in_age_013,18
2024,다다0991,in_age_014,23
2024,다다0991,in_age_015,18
2024,다다0991,in_age_016,13
2024,다다0991,in_age_017,5
2024,다다0991,in_age_018,5
2024,다다0991,in_age_019,5
2024,다다0991,in_age_031,5
2024,다다0991,in_age_033,0
2024,다다0991,in_age_034,0
2024,다다0991,in_age_035,8
2024,다다0991,in_age_036,19
2024,다다0991,in_age_037,8
2024,다다0991,in_age_038,8
2024,다다0991,in_age_039,8
2024,다다0991,in_age_040,5
2024,다다0991,in_age_041,8
2024,다다0991,in_age_042,8
2024,다다0991,in_age_043,8
2024,다다0991,in_age_044,13
2024,다다0991,in_age_045,8
2024,다다0991,in_age_046,8
2024,다다0991,in_age_047,0
2024,다다0991,in_age_049,5
2024,다다0991,in_age_061,5
2024,다다0991,in_age_063,5
2024,다다0991,in_age_064,0
2024,다다0991,in_age_065,0
2024,다다0991,in_age_066,8
2024,다다0991,in_age_067,0
2024,다다0991,in_age_068,0
2024,다다0991,in_age_069,0
2024,다다0991,in_age_070,5
2024,다다0991,in_age_071,8
2024,다다0991,in_age_072,8
2024,다다0991,in_age_073,13
2024,다다0991,in_age_074,8
2024,다다0991,in_age_075,13
2024,다다0991,in_age_076,5
2024,다다0991,in_age_077,0
2024,다다0991,in_age_078,5
2024,다다0991,in_age_079,0
2024,다다0991,to_in_001,184
2024,다다0991,to_in_007,109
2024,다다0991,to_in_008,73
2024,다다0992,in_age_001,5
2024,다다0992,in_age_002,8
2024,다다0992,in_age_003,5
2024,다다0992,in_age_004,5
2024,다다0992,in_age_005,8
2024,다다0992,in_age_006,8
2024,다다0992,in_age_007,8
2024,다다0992,in_age_008,5
2024,다다0992,in_age_009,8
2024,다다0992,in_age_010,8
2024,다다0992,in_age_011,8
2024,다다0992,in_age_012,8
2024,다다0992,in_age_013,8
2024,다다0992,in_age_014,5
2024,다다0992,in_age_015,5
2024,다다0992,in_age_016,5
2024,다다0992,in_age_017,5
2024,다다0992,in_age_018,5
2024,다다0992,in_age_031,5
2024,다다0992,in_age_032,5
2024,다다0992,in_age_033,5
2024,다다0992,in_age_035,8
2024,다다0992,in_age_036,8
2024,다다0992,in_age_037,8
2024,다다0992,in_age_038,5
2024,다다0992,in_age_039,0
2024,다다0992,in_age_040,8
2024,다다0992,in_age_041,5
2024,다다0992,in_age_042,5
2024,다다0992,in_age_043,5
2024,다다0992,in_age_044,5
2024,다다0992,in_age_045,5
2024,다다0992,in_age_046,5
2024,다다0992,in_age_047,0
2024,다다0992,in_age_061,5
2024,다다0992,in_age_062,8
2024,다다0992,in_age_063,0
2024,다다0992,in_age_064,5
2024,다다0992,in_age_065,5
2024,다다0992,in_age_066,0
2024,다다0992,in_age_067,5
2024,다다0992,in_age_069,8
2024,다다0992,in_age_070,5
2024,다다0992,in_age_071,5
2024,다다0992,in_age_072,5
2024,다다0992,in_age_073,8
2024,다다0992,in_age_074,0
2024,다다0992,in_age_075,5
2024,다다0992,in_age_076,5
2024,다다0992,in_age_077,5
2024,다다0992,in_age_078,5
2024,다다0992,to_in_001,103
2024,다다0992,to_in_007,63
2024,다다0992,to_in_008,43
2024,다다0995,in_age_014,5
2024,다다0995,in_age_044,0
2024,다다0995,in_age_074,0
2024,다다0995,to_in_001,5
2024,다다0995,to_in_007,0
2024,다다0995,to_in_008,0
2024,다다0996,in_age_002,0
2024,다다0996,in_age_004,5
2024,다다0996,in_age_006,0
2024,다다0996,in_age_007,5
2024,다다0996,in_age_008,5
2024,다다0996,in_age_009,5
2024,다다0996,in_age_010,5
2024,다다0996,in_age_011,5
2024,다다0996,in_age_012,5
2024,다다0996,in_age_013,13
2024,다다0996,in_age_014,5
2024,다다0996,in_age_015,8
2024,다다0996,in_age_016,8
2024,다다0996,in_age_017,8
2024,다다0996,in_age_018,5
2024,다다0996,in_age_032,0
2024,다다0996,in_age_034,0
2024,다다0996,in_age_037,0
2024,다다0996,in_age_038,5
2024,다다0996,in_age_039,0
2024,다다0996,in_age_040,5
2024,다다0996,in_age_041,5
2024,다다0996,in_age_043,8
2024,다다0996,in_age_044,0
2024,다다0996,in_age_045,5
2024,다다0996,in_age_046,5
2024,다다0996,in_age_047,5
2024,다다0996,in_age_048,0
2024,다다0996,in_age_064,5
2024,다다0996,in_age_066,0
2024,다다0996,in_age_067,5
2024,다다0996,in_age_069,0
2024,다다0996,in_age_070,5
2024,다다0996,in_age_071,5
2024,다다0996,in_age_072,5
2024,다다0996,in_age_073,8
2024,다다0996,in_age_074,5
2024,다다0996,in_age_075,8
2024,다다0996,in_age_076,8
2024,다다0996,in_age_077,8
2024,다다0996,in_age_078,5
2024,다다0996,to_in_001,68
2024,다다0996,to_in_007,28
2024,다다0996,to_in_008,43
2024,다다0997,in_age_001,8
2024,다다0997,in_age_002,18
2024,다다0997,in_age_003,28
2024,다다0997,in_age_004,18
2024,다다0997,in_age_005,13
2024,다다0997,in_age_006,18
2024,다다0997,in_age_007,23
2024,다다0997,in_age_008,23
2024,다다0997,in_age_009,28
2024,다다0997,in_age_010,38
2024,다다0997,in_age_011,43
2024,다다0997,in_age_012,48
2024,다다0997,in_age_013,68
2024,다다0997,in_age_014,58
2024,다다0997,in_age_015,33
2024,다다0997,in_age_016,23
2024,다다0997,in_age_017,33
2024,다다0997,in_age_018,8
2024,다다0997,in_age_019,5
2024,다다0997,in_age_031,5
2024,다다0997,in_age_032,8
2024,다다0997,in_age_033,13
2024,다다0997,in_age_034,8
2024,다다0997,in_age_035,8
2024,다다0997,in_age_036,8
2024,다다0997,in_age_037,13
2024,다다0997,in_age_038,13
2024,다다0997,in_age_039,13
2024,다다0997,in_age_040,18
2024,다다0997,in_age_041,23
2024,다다0997,in_age_042,23
2024,다다0997,in_age_043,33
2024,다다0997,in_age_044,28
2024,다다0997,in_age_045,18
2024,다다0997,in_age_046,8
2024,다다0997,in_age_047,13
2024,다다0997,in_age_048,5
2024,다다0997,in_age_061,8
2024,다다0997,in_age_062,13
2024,다다0997,in_age_063,13
2024,다다0997,in_age_064,8
2024,다다0997,in_age_065,5
2024,다다0997,in_age_066,8
2024,다다0997,in_age_067,8
2024,다다0997,in_age_068,8
2024,다다0997,in_age_069,18
2024,다다0997,in_age_070,18
2024,다다0997,in_age_071,18
2024,다다0997,in_age_072,23
2024,다다0997,in_age_073,38
2024,다다0997,in_age_074,28
2024,다다0997,in_age_075,18
2024,다다0997,in_age_076,18
2024,다다0997,in_age_077,18
2024,다다0997,in_age_078,8
2024,다다0997,in_age_079,5
2024,다다0997,to_in_001,528
2024,다다0997,to_in_007,258
2024,다다0997,to_in_008,273
2024,다다0998,in_age_001,0
2024,다다0998,in_age_002,0
2024,다다0998,in_age_003,0
2024,다다0998,in_age_004,0
2024,다다0998,in_age_005,8
2024,다다0998,in_age_006,5
2024,다다0998,in_age_007,5
2024,다다0998,in_age_008,5
2024,다다0998,in_age_009,5
2024,다다0998,in_age_010,8
2024,다다0998,in_age_011,8
2024,다다0998,in_age_012,8
2024,다다0998,in_age_013,13
2024,다다0998,in_age_014,13
2024,다다0998,in_age_015,8
2024,다다0998,in_age_016,8
2024,다다0998,in_age_017,8
2024,다다0998,in_age_018,8
2024,다다0998,in_age_019,0
2024,다다0998,in_age_031,0
2024,다다0998,in_age_034,0
2024,다다0998,in_age_035,5
2024,다다0998,in_age_036,5
2024,다다0998,in_age_037,5
2024,다다0998,in_age_038,0
2024,다다0998,in_age_039,5
2024,다다0998,in_age_040,5
2024,다다0998,in_age_041,5
2024,다다0998,in_age_042,5
2024,다다0998,in_age_043,8
2024,다다0998,in_age_044,8
2024,다다0998,in_age_045,5
2024,다다0998,in_age_047,0
2024,다다0998,in_age_048,5
2024,다다0998,in_age_062,0
2024,다다0998,in_age_063,0
2024,다다0998,in_age_065,0
2024,다다0998,in_age_068,5
2024,다다0998,in_age_070,5
2024,다다0998,in_age_071,5
2024,다다0998,in_age_072,5
2024,다다0998,in_age_073,5
2024,다다0998,in_age_074,8
2024,다다0998,in_age_075,5
2024,다다0998,in_age_076,8
2024,다다0998,in_age_077,8
2024,다다0998,in_age_078,5
2024,다다0998,in_age_079,0
2024,다다0998,to_in_001,93
2024,다다0998,to_in_007,48
2024,다다0998,to_in_008,43
2024,다다0999,in_age_001,5
2024,다다0999,in_age_002,5
2024,다다0999,in_age_003,5
2024,다다0999,in_age_004,8
2024,다다0999,in_age_005,0
2024,다다0999,in_age_006,8
2024,다다0999,in_age_007,8
2024,다다0999,in_age_008,8
2024,다다0999,in_age_009,8
2024,다다0999,in_age_010,8
2024,다다0999,in_age_011,8
2024,다다0999,in_age_012,8
2024,다다0999,in_age_013,18
2024,다다0999,in_age_014,13
2024,다다0999,in_age_015,13
2024,다다0999,in_age_016,8
2024,다다0999,in_age_017,5
2024,다다0999,in_age_018,13
2024,다다0999,in_age_019,5
2024,다다0999,in_age_031,5
2024,다다0999,in_age_032,0
2024,다다0999,in_age_034,5
2024,다다0999,in_age_036,8
2024,다다0999,in_age_037,5
2024,다다0999,in_age_038,5
2024,다다0999,in_age_039,8
2024,다다0999,in_age_040,8
2024,다다0999,in_age_041,5
2024,다다0999,in_age_042,8
2024,다다0999,in_age_043,8
2024,다다0999,in_age_044,8
2024,다다0999,in_age_045,8
2024,다다0999,in_age_046,8
2024,다다0999,in_age_047,5
2024,다다0999,in_age_048,5
2024,다다0999,in_age_061,5
2024,다다0999,in_age_062,5
2024,다다0999,in_age_063,5
2024,다다0999,in_age_064,5
2024,다다0999,in_age_065,0
2024,다다0999,in_age_066,5
2024,다다0999,in_age_067,5
2024,다다0999,in_age_068,0
2024,다다0999,in_age_069,5
2024,다다0999,in_age_070,8
2024,다다0999,in_age_071,8
2024,다다0999,in_age_072,8
2024,다다0999,in_age_073,8
2024,다다0999,in_age_074,8
2024,다다0999,in_age_075,5
2024,다다0999,in_age_076,5
2024,다다0999,in_age_077,5
2024,다다0999,in_age_078,8
2024,다다0999,in_age_079,5
2024,다다0999,to_in_001,143
2024,다다0999,to_in_007,73
2024,다다0999,to_in_008,73
2024,다다1000,in_age_001,269
2024,다다1000,in_age_002,480
2024,다다1000,in_age_003,623
2024,다다1000,in_age_004,648
2024,다다1000,in_age_005,832
2024,다다1000,in_age_006,1112
2024,다다1000,in_age_007,1029
2024,다다1000,in_age_008,816
2024,다다1000,in_age_009,998
2024,다다1000,in_age_010,949
2024,다다1000,in_age_011,1165
2024,다다1000,in_age_012,951
2024,다다1000,in_age_013,848
2024,다다1000,in_age_014,653
2024,다다1000,in_age_015,365
2024,다다1000,in_age_016,257
2024,다다1000,in_age_017,164
2024,다다1000,in_age_018,88
2024,다다1000,in_age_019,28
2024,다다1000,in_age_020,8
2024,다다1000,in_age_021,5
2024,다다1000,in_age_031,134
2024,다다1000,in_age_032,239
2024,다다1000,in_age_033,330
2024,다다1000,in_age_034,312
2024,다다1000,in_age_035,451
2024,다다1000,in_age_036,534
2024,다다1000,in_age_037,534
2024,다다1000,in_age_038,403
2024,다다1000,in_age_039,488
2024,다다1000,in_age_040,461
2024,다다1000,in_age_041,550
2024,다다1000,in_age_042,503
2024,다다1000,in_age_043,391
2024,다다1000,in_age_044,332
2024,다다1000,in_age_045,163
2024,다다1000,in_age_046,125
2024,다다1000,in_age_047,64
2024,다다1000,in_age_048,28
2024,다다1000,in_age_049,8
2024,다다1000,in_age_061,133
2024,다다1000,in_age_062,239
2024,다다1000,in_age_063,291
2024,다다1000,in_age_064,334
2024,다다1000,in_age_065,379
2024,다다1000,in_age_066,581
2024,다다1000,in_age_067,498
2024,다다1000,in_age_068,411
2024,다다1000,in_age_069,508
2024,다다1000,in_age_070,491
2024,다다1000,in_age_071,618
2024,다다1000,in_age_072,446
2024,다다1000,in_age_073,460
2024,다다1000,in_age_074,319
2024,다다1000,in_age_075,200
2024,다다1000,in_age_076,135
2024,다다1000,in_age_077,98
2024,다다1000,in_age_078,58
2024,다다1000,in_age_079,23
2024,다다1000,in_age_080,8
2024,다다1000,in_age_081,5
2024,다다1000,to_in_001,12291
2024,다다1000,to_in_007,6056
2024,다다1000,to_in_008,6238
2024,다다1001,in_age_001,248
2024,다다1001,in_age_002,355
2024,다다1001,in_age_003,558
2024,다다1001,in_age_004,573
2024,다다1001,in_age_005,674
2024,다다1001,in_age_006,847
2024,다다1001,in_age_007,837
2024,다다1001,in_age_008,637
2024,다다1001,in_age_009,791
2024,다다1001,in_age_010,854
2024,다다1001,in_age_011,1017
2024,다다1001,in_age_012,961
2024,다다1001,in_age_013,894
2024,다다1001,in_age_014,708
2024,다다1001,in_age_015,502
2024,다다1001,in_age_016,459
2024,다다1001,in_age_017,304
2024,다다1001,in_age_018,207
2024,다다1001,in_age_019,81
2024,다다1001,in_age_020,24
2024,다다1001,in_age_021,5
2024,다다1001,in_age_031,120
2024,다다1001,in_age_032,171
2024,다다1001,in_age_033,279
2024,다다1001,in_age_034,274
2024,다다1001,in_age_035,372
2024,다다1001,in_age_036,424
2024,다다1001,in_age_037,434
2024,다다1001,in_age_038,313
2024,다다1001,in_age_039,391
2024,다다1001,in_age_040,429
2024,다다1001,in_age_041,508
2024,다다1001,in_age_042,475
2024,다다1001,in_age_043,441
2024,다다1001,in_age_044,338
2024,다다1001,in_age_045,230
2024,다다1001,in_age_046,211
2024,다다1001,in_age_047,137
2024,다다1001,in_age_048,59
2024,다다1001,in_age_049,18
2024,다다1001,in_age_050,5
2024,다다1001,in_age_061,131
2024,다다1001,in_age_062,187
2024,다다1001,in_age_063,277
2024,다다1001,in_age_064,302
2024,다다1001,in_age_065,305
2024,다다1001,in_age_066,426
2024,다다1001,in_age_067,401
2024,다다1001,in_age_068,322
2024,다다1001,in_age_069,398
2024,다다1001,in_age_070,423
2024,다다1001,in_age_071,512
2024,다다1001,in_age_072,484
2024,다다1001,in_age_073,451
2024,다다1001,in_age_074,373
2024,다다1001,in_age_075,270
2024,다다1001,in_age_076,246
2024,다다1001,in_age_077,170
2024,다다1001,in_age_078,146
2024,다다1001,in_age_079,66
2024,다다1001,in_age_080,24
2024,다다1001,in_age_081,5
2024,다다1001,to_in_001,11544
2024,다다1001,to_in_007,5625
2024,다다1001,to_in_008,5917
2024,다다1002,in_age_001,315
2024,다다1002,in_age_002,524
2024,다다1002,in_age_003,656
2024,다다1002,in_age_004,619
2024,다다1002,in_age_005,699
2024,다다1002,in_age_006,841
2024,다다1002,in_age_007,871
2024,다다1002,in_age_008,730
2024,다다1002,in_age_009,926
2024,다다1002,in_age_010,1047
2024,다다1002,in_age_011,1215
2024,다다1002,in_age_012,1175
2024,다다1002,in_age_013,1234
2024,다다1002,in_age_014,1019
2024,다다1002,in_age_015,711
2024,다다1002,in_age_016,639
2024,다다1002,in_age_017,503
2024,다다1002,in_age_018,260
2024,다다1002,in_age_019,83
2024,다다1002,in_age_020,18
2024,다다1002,in_age_021,5
2024,다다1002,in_age_031,162
2024,다다1002,in_age_032,274
2024,다다1002,in_age_033,334
2024,다다1002,in_age_034,313
2024,다다1002,in_age_035,414
2024,다다1002,in_age_036,436
2024,다다1002,in_age_037,455
2024,다다1002,in_age_038,379
2024,다다1002,in_age_039,481
2024,다다1002,in_age_040,560
2024,다다1002,in_age_041,653
2024,다다1002,in_age_042,618
2024,다다1002,in_age_043,603
2024,다다1002,in_age_044,490
2024,다다1002,in_age_045,317
2024,다다1002,in_age_046,277
2024,다다1002,in_age_047,212
2024,다다1002,in_age_048,93
2024,다다1002,in_age_049,18
2024,다다1002,in_age_050,0
2024,다다1002,in_age_051,0
2024,다다1002,in_age_061,151
2024,다다1002,in_age_062,248
2024,다다1002,in_age_063,320
2024,다다1002,in_age_064,304
2024,다다1002,in_age_065,288
2024,다다1002,in_age_066,403
2024,다다1002,in_age_067,414
2024,다다1002,in_age_068,354
2024,다다1002,in_age_069,443
2024,다다1002,in_age_070,485
2024,다다1002,in_age_071,560
2024,다다1002,in_age_072,555
2024,다다1002,in_age_073,629
2024,다다1002,in_age_074,532
2024,다다1002,in_age_075,397
2024,다다1002,in_age_076,360
2024,다다1002,in_age_077,289
2024,다다1002,in_age_078,170
2024,다다1002,in_age_079,68
2024,다다1002,in_age_080,18
2024,다다1002,in_age_081,0
2024,다다1002,to_in_001,14088
2024,다다1002,to_in_007,7090
2024,다다1002,to_in_008,6996
2024,다다1003,in_age_001,134
2024,다다1003,in_age_002,165
2024,다다1003,in_age_003,237
2024,다다1003,in_age_004,221
2024,다다1003,in_age_005,232
2024,다다1003,in_age_006,332
2024,다다1003,in_age_007,352
2024,다다1003,in_age_008,292
2024,다다1003,in_age_009,388
2024,다다1003,in_age_010,382
2024,다다1003,in_age_011,454
2024,다다1003,in_age_012,455
2024,다다1003,in_age_013,473
2024,다다1003,in_age_014,485
2024,다다1003,in_age_015,310
2024,다다1003,in_age_016,226
2024,다다1003,in_age_017,187
2024,다다1003,in_age_018,103
2024,다다1003,in_age_019,28
2024,다다1003,in_age_020,8
2024,다다1003,in_age_021,5
2024,다다1003,in_age_031,58
2024,다다1003,in_age_032,82
2024,다다1003,in_age_033,124
2024,다다1003,in_age_034,114
2024,다다1003,in_age_035,143
2024,다다1003,in_age_036,178
2024,다다1003,in_age_037,190
2024,다다1003,in_age_038,153
2024,다다1003,in_age_039,196
2024,다다1003,in_age_040,204
2024,다다1003,in_age_041,238
2024,다다1003,in_age_042,245
2024,다다1003,in_age_043,246
2024,다다1003,in_age_044,243
2024,다다1003,in_age_045,134
2024,다다1003,in_age_046,101
2024,다다1003,in_age_047,70
2024,다다1003,in_age_048,33
2024,다다1003,in_age_049,8
2024,다다1003,in_age_050,5
2024,다다1003,in_age_051,0
2024,다다1003,in_age_061,79
2024,다다1003,in_age_062,86
2024,다다1003,in_age_063,111
2024,다다1003,in_age_064,105
2024,다다1003,in_age_065,87
2024,다다1003,in_age_066,152
2024,다다1003,in_age_067,160
2024,다다1003,in_age_068,137
2024,다다1003,in_age_069,190
2024,다다1003,in_age_070,176
2024,다다1003,in_age_071,219
2024,다다1003,in_age_072,208
2024,다다1003,in_age_073,225
2024,다다1003,in_age_074,245
2024,다다1003,in_age_075,174
2024,다다1003,in_age_076,123
2024,다다1003,in_age_077,120
2024,다다1003,in_age_078,68
2024,다다1003,in_age_079,18
2024,다다1003,in_age_080,5
2024,다다1003,in_age_081,5
2024,다다1003,to_in_001,5467
2024,다다1003,to_in_007,2766
2024,다다1003,to_in_008,2699
2024,다다1075,in_age_001,5
2024,다다1075,in_age_002,8
2024,다다1075,in_age_003,18
2024,다다1075,in_age_004,8
2024,다다1075,in_age_005,8
2024,다다1075,in_age_006,18
2024,다다1075,in_age_007,13
2024,다다1075,in_age_008,18
2024,다다1075,in_age_009,18
2024,다다1075,in_age_010,8
2024,다다1075,in_age_011,13
2024,다다1075,in_age_012,8
2024,다다1075,in_age_013,28
2024,다다1075,in_age_014,18
2024,다다1075,in_age_015,18
2024,다다1075,in_age_016,18
2024,다다1075,in_age_017,13
2024,다다1075,in_age_018,5
2024,다다1075,in_age_019,5
2024,다다1075,in_age_020,0
2024,다다1075,in_age_031,5
2024,다다1075,in_age_032,8
2024,다다1075,in_age_033,8
2024,다다1075,in_age_034,5
2024,다다1075,in_age_035,8
2024,다다1075,in_age_036,13
2024,다다1075,in_age_037,13
2024,다다1075,in_age_038,8
2024,다다1075,in_age_039,13
2024,다다1075,in_age_040,8
2024,다다1075,in_age_041,8
2024,다다1075,in_age_042,8
2024,다다1075,in_age_043,13
2024,다다1075,in_age_044,8
2024,다다1075,in_age_045,8
2024,다다1075,in_age_046,8
2024,다다1075,in_age_047,5
2024,다다1075,in_age_061,0
2024,다다1075,in_age_062,5
2024,다다1075,in_age_063,8
2024,다다1075,in_age_064,5
2024,다다1075,in_age_065,0
2024,다다1075,in_age_066,0
2024,다다1075,in_age_067,5
2024,다다1075,in_age_068,8
2024,다다1075,in_age_069,8
2024,다다1075,in_age_070,5
2024,다다1075,in_age_071,5
2024,다다1075,in_age_072,5
2024,다다1075,in_age_073,13
2024,다다1075,in_age_074,13
2024,다다1075,in_age_075,8
2024,다다1075,in_age_076,8
2024,다다1075,in_age_077,8
2024,다다1075,in_age_078,5
2024,다다1075,in_age_079,5
2024,다다1075,in_age_080,0
2024,다다1075,to_in_001,238
2024,다다1075,to_in_007,138
2024,다다1075,to_in_008,98
2024,다다1076,in_age_001,0
2024,다다1076,in_age_002,8
2024,다다1076,in_age_003,0
2024,다다1076,in_age_005,0
2024,다다1076,in_age_006,0
2024,다다1076,in_age_007,8
2024,다다1076,in_age_008,8
2024,다다1076,in_age_009,5
2024,다다1076,in_age_010,5
2024,다다1076,in_age_011,8
2024,다다1076,in_age_012,5
2024,다다1076,in_age_013,13
2024,다다1076,in_age_014,8
2024,다다1076,in_age_015,5
2024,다다1076,in_age_016,8
2024,다다1076,in_age_017,5
2024,다다1076,in_age_018,8
2024,다다1076,in_age_032,5
2024,다다1076,in_age_036,0
2024,다다1076,in_age_037,5
2024,다다1076,in_age_038,5
2024,다다1076,in_age_039,0
2024,다다1076,in_age_040,5
2024,다다1076,in_age_041,5
2024,다다1076,in_age_042,5
2024,다다1076,in_age_043,8
2024,다다1076,in_age_044,5
2024,다다1076,in_age_045,5
2024,다다1076,in_age_046,5
2024,다다1076,in_age_047,0
2024,다다1076,in_age_048,8
2024,다다1076,in_age_061,0
2024,다다1076,in_age_062,5
2024,다다1076,in_age_063,0
2024,다다1076,in_age_065,0
2024,다다1076,in_age_067,5
2024,다다1076,in_age_068,0
2024,다다1076,in_age_069,5
2024,다다1076,in_age_070,0
2024,다다1076,in_age_071,5
2024,다다1076,in_age_072,5
2024,다다1076,in_age_073,8
2024,다다1076,in_age_074,5
2024,다다1076,in_age_075,0
2024,다다1076,in_age_076,5
2024,다다1076,in_age_077,0
2024,다다1076,in_age_078,5
2024,다다1076,to_in_001,73
2024,다다1076,to_in_007,38
2024,다다1076,to_in_008,33
2024,다다1089,in_age_001,5
2024,다다1089,in_age_002,5
2024,다다1089,in_age_003,5
2024,다다1089,in_age_004,8
2024,다다1089,in_age_005,5
2024,다다1089,in_age_006,8
2024,다다1089,in_age_007,8
2024,다다1089,in_age_008,8
2024,다다1089,in_age_009,8
2024,다다1089,in_age_010,13
2024,다다1089,in_age_011,13
2024,다다1089,in_age_012,13
2024,다다1089,in_age_013,13
2024,다다1089,in_age_014,19
2024,다다1089,in_age_015,8
2024,다다1089,in_age_016,5
2024,다다1089,in_age_017,5
2024,다다1089,in_age_031,0
2024,다다1089,in_age_032,5
2024,다다1089,in_age_033,5
2024,다다1089,in_age_034,5
2024,다다1089,in_age_035,0
2024,다다1089,in_age_036,8
2024,다다1089,in_age_037,8
2024,다다1089,in_age_038,5
2024,다다1089,in_age_039,8
2024,다다1089,in_age_040,8
2024,다다1089,in_age_041,5
2024,다다1089,in_age_042,8
2024,다다1089,in_age_043,8
2024,다다1089,in_age_044,6
2024,다다1089,in_age_045,5
2024,다다1089,in_age_046,5
2024,다다1089,in_age_061,0
2024,다다1089,in_age_063,0
2024,다다1089,in_age_064,5
2024,다다1089,in_age_065,0
2024,다다1089,in_age_066,5
2024,다다1089,in_age_067,0
2024,다다1089,in_age_068,0
2024,다다1089,in_age_069,0
2024,다다1089,in_age_070,8
2024,다다1089,in_age_071,8
2024,다다1089,in_age_072,8
2024,다다1089,in_age_073,8
2024,다다1089,in_age_074,13
2024,다다1089,in_age_075,5
2024,다다1089,in_age_076,5
2024,다다1089,in_age_077,5
2024,다다1089,to_in_001,134
2024,다다1089,to_in_007,74
2024,다다1089,to_in_008,58
2024,다다1090,in_age_001,0
2024,다다1090,in_age_003,0
2024,다다1090,in_age_004,0
2024,다다1090,in_age_007,5
2024,다다1090,in_age_010,5
2024,다다1090,in_age_011,0
2024,다다1090,in_age_013,5
2024,다다1090,in_age_014,5
2024,다다1090,in_age_016,5
2024,다다1090,in_age_017,5
2024,다다1090,in_age_033,0
2024,다다1090,in_age_037,5
2024,다다1090,in_age_040,0
2024,다다1090,in_age_041,0
2024,다다1090,in_age_043,0
2024,다다1090,in_age_046,5
2024,다다1090,in_age_047,0
2024,다다1090,in_age_061,0
2024,다다1090,in_age_064,0
2024,다다1090,in_age_067,0
2024,다다1090,in_age_070,0
2024,다다1090,in_age_073,0
2024,다다1090,in_age_074,5
2024,다다1090,in_age_077,0
2024,다다1090,to_in_001,18
2024,다다1090,to_in_007,8
2024,다다1090,to_in_008,8
2024,다다1091,in_age_003,5
2024,다다1091,in_age_004,5
2024,다다1091,in_age_005,5
2024,다다1091,in_age_006,8
2024,다다1091,in_age_007,8
2024,다다1091,in_age_008,8
2024,다다1091,in_age_009,8
2024,다다1091,in_age_010,5
2024,다다1091,in_age_011,8
2024,다다1091,in_age_012,13
2024,다다1091,in_age_013,8
2024,다다1091,in_age_014,8
2024,다다1091,in_age_015,8
2024,다다1091,in_age_016,5
2024,다다1091,in_age_017,8
2024,다다1091,in_age_018,5
2024,다다1091,in_age_034,5
2024,다다1091,in_age_035,5
2024,다다1091,in_age_036,8
2024,다다1091,in_age_037,8
2024,다다1091,in_age_038,8
2024,다다1091,in_age_039,8
2024,다다1091,in_age_040,5
2024,다다1091,in_age_041,5
2024,다다1091,in_age_042,8
2024,다다1091,in_age_043,8
2024,다다1091,in_age_044,8
2024,다다1091,in_age_045,5
2024,다다1091,in_age_047,5
2024,다다1091,in_age_048,0
2024,다다1091,in_age_063,5
2024,다다1091,in_age_067,0
2024,다다1091,in_age_069,8
2024,다다1091,in_age_070,5
2024,다다1091,in_age_071,5
2024,다다1091,in_age_072,8
2024,다다1091,in_age_073,8
2024,다다1091,in_age_074,5
2024,다다1091,in_age_075,5
2024,다다1091,in_age_076,5
2024,다다1091,in_age_077,5
2024,다다1091,in_age_078,5
2024,다다1091,to_in_001,98
2024,다다1091,to_in_007,63
2024,다다1091,to_in_008,38
2024,다다1092,in_age_001,0
2024,다다1092,in_age_004,0
2024,다다1092,in_age_006,5
2024,다다1092,in_age_007,5
2024,다다1092,in_age_008,5
2024,다다1092,in_age_009,5
2024,다다1092,in_age_010,8
2024,다다1092,in_age_011,5
2024,다다1092,in_age_012,5
2024,다다1092,in_age_013,8
2024,다다1092,in_age_014,5
2024,다다1092,in_age_015,8
2024,다다1092,in_age_016,5
2024,다다1092,in_age_017,5
2024,다다1092,in_age_031,0
2024,다다1092,in_age_036,5
2024,다다1092,in_age_037,5
2024,다다1092,in_age_038,5
2024,다다1092,in_age_039,0
2024,다다1092,in_age_040,5
2024,다다1092,in_age_041,5
2024,다다1092,in_age_042,5
2024,다다1092,in_age_043,5
2024,다다1092,in_age_044,0
2024,다다1092,in_age_045,5
2024,다다1092,in_age_046,5
2024,다다1092,in_age_064,0
2024,다다1092,in_age_067,0
2024,다다1092,in_age_068,0
2024,다다1092,in_age_069,0
2024,다다1092,in_age_070,5
2024,다다1092,in_age_071,5
2024,다다1092,in_age_072,0
2024,다다1092,in_age_073,5
2024,다다1092,in_age_074,5
2024,다다1092,in_age_075,5
2024,다다1092,in_age_076,0
2024,다다1092,in_age_077,5
2024,다다1092,to_in_001,48
2024,다다1092,to_in_007,28
2024,다다1092,to_in_008,23
2024,다다1093,in_age_001,5
2024,다다1093,in_age_002,5
2024,다다1093,in_age_004,0
2024,다다1093,in_age_005,5
2024,다다1093,in_age_006,5
2024,다다1093,in_age_007,5
2024,다다1093,in_age_008,5
2024,다다1093,in_age_009,5
2024,다다1093,in_age_010,8
2024,다다1093,in_age_011,13
2024,다다1093,in_age_012,8
2024,다다1093,in_age_013,13
2024,다다1093,in_age_014,8
2024,다다1093,in_age_015,8
2024,다다1093,in_age_016,8
2024,다다1093,in_age_017,8
2024,다다1093,in_age_018,5
2024,다다1093,in_age_019,5
2024,다다1093,in_age_031,5
2024,다다1093,in_age_032,0
2024,다다1093,in_age_035,5
2024,다다1093,in_age_036,0
2024,다다1093,in_age_037,5
2024,다다1093,in_age_038,5
2024,다다1093,in_age_039,5
2024,다다1093,in_age_040,5
2024,다다1093,in_age_041,8
2024,다다1093,in_age_042,5
2024,다다1093,in_age_043,5
2024,다다1093,in_age_044,5
2024,다다1093,in_age_045,5
2024,다다1093,in_age_046,5
2024,다다1093,in_age_047,5
2024,다다1093,in_age_048,0
2024,다다1093,in_age_061,0
2024,다다1093,in_age_062,5
2024,다다1093,in_age_064,0
2024,다다1093,in_age_065,5
2024,다다1093,in_age_066,5
2024,다다1093,in_age_067,5
2024,다다1093,in_age_068,5
2024,다다1093,in_age_070,5
2024,다다1093,in_age_071,5
2024,다다1093,in_age_072,5
2024,다다1093,in_age_073,8
2024,다다1093,in_age_074,8
2024,다다1093,in_age_075,5
2024,다다1093,in_age_076,5
2024,다다1093,in_age_077,5
2024,다다1093,in_age_078,5
2024,다다1093,in_age_079,5
2024,다다1093,to_in_001,108
2024,다다1093,to_in_007,58
2024,다다1093,to_in_008,53
2024,다다1094,in_age_001,5
2024,다다1094,in_age_002,5
2024,다다1094,in_age_003,8
2024,다다1094,in_age_004,8
2024,다다1094,in_age_005,5
2024,다다1094,in_age_006,5
2024,다다1094,in_age_007,8
2024,다다1094,in_age_008,8
2024,다다1094,in_age_009,5
2024,다다1094,in_age_010,5
2024,다다1094,in_age_011,0
2024,다다1094,in_age_012,8
2024,다다1094,in_age_013,8
2024,다다1094,in_age_014,13
2024,다다1094,in_age_015,13
2024,다다1094,in_age_016,5
2024,다다1094,in_age_017,8
2024,다다1094,in_age_018,5
2024,다다1094,in_age_031,0
2024,다다1094,in_age_033,5
2024,다다1094,in_age_034,5
2024,다다1094,in_age_035,5
2024,다다1094,in_age_036,5
2024,다다1094,in_age_037,5
2024,다다1094,in_age_038,8
2024,다다1094,in_age_039,5
2024,다다1094,in_age_040,5
2024,다다1094,in_age_041,0
2024,다다1094,in_age_042,0
2024,다다1094,in_age_043,5
2024,다다1094,in_age_044,8
2024,다다1094,in_age_045,8
2024,다다1094,in_age_046,5
2024,다다1094,in_age_047,5
2024,다다1094,in_age_061,5
2024,다다1094,in_age_062,5
2024,다다1094,in_age_063,5
2024,다다1094,in_age_064,8
2024,다다1094,in_age_067,5
2024,다다1094,in_age_068,0
2024,다다1094,in_age_069,0
2024,다다1094,in_age_070,0
2024,다다1094,in_age_072,8
2024,다다1094,in_age_073,8
2024,다다1094,in_age_074,5
2024,다다1094,in_age_075,8
2024,다다1094,in_age_076,5
2024,다다1094,in_age_077,8
2024,다다1094,in_age_078,5
2024,다다1094,to_in_001,98
2024,다다1094,to_in_007,43
2024,다다1094,to_in_008,53
2024,다다1095,in_age_008,0
2024,다다1095,in_age_009,0
2024,다다1095,in_age_010,0
2024,다다1095,in_age_011,0
2024,다다1095,in_age_012,8
2024,다다1095,in_age_013,5
2024,다다1095,in_age_014,0
2024,다다1095,in_age_015,0
2024,다다1095,in_age_016,5
2024,다다1095,in_age_017,0
2024,다다1095,in_age_019,0
2024,다다1095,in_age_038,0
2024,다다1095,in_age_039,0
2024,다다1095,in_age_042,8
2024,다다1095,in_age_043,5
2024,다다1095,in_age_046,5
2024,다다1095,in_age_049,0
2024,다다1095,in_age_070,0
2024,다다1095,in_age_071,0
2024,다다1095,in_age_072,5
2024,다다1095,in_age_073,5
2024,다다1095,in_age_074,0
2024,다다1095,in_age_075,0
2024,다다1095,in_age_077,0
2024,다다1095,to_in_001,18
2024,다다1095,to_in_007,8
2024,다다1095,to_in_008,8
2024,다다1096,in_age_001,5
2024,다다1096,in_age_005,0
2024,다다1096,in_age_006,5
2024,다다1096,in_age_007,5
2024,다다1096,in_age_008,5
2024,다다1096,in_age_009,0
2024,다다1096,in_age_010,5
2024,다다1096,in_age_012,8
2024,다다1096,in_age_013,8
2024,다다1096,in_age_015,5
2024,다다1096,in_age_016,5
2024,다다1096,in_age_017,0
2024,다다1096,in_age_018,5
2024,다다1096,in_age_019,5
2024,다다1096,in_age_020,0
2024,다다1096,in_age_031,0
2024,다다1096,in_age_035,0
2024,다다1096,in_age_036,5
2024,다다1096,in_age_037,5
2024,다다1096,in_age_038,5
2024,다다1096,in_age_040,5
2024,다다1096,in_age_042,0
2024,다다1096,in_age_043,5
2024,다다1096,in_age_045,0
2024,다다1096,in_age_048,0
2024,다다1096,in_age_061,0
2024,다다1096,in_age_067,5
2024,다다1096,in_age_068,0
2024,다다1096,in_age_069,0
2024,다다1096,in_age_070,0
2024,다다1096,in_age_072,5
2024,다다1096,in_age_073,5
2024,다다1096,in_age_075,0
2024,다다1096,in_age_076,5
2024,다다1096,in_age_077,0
2024,다다1096,in_age_078,5
2024,다다1096,in_age_079,5
2024,다다1096,in_age_080,0
2024,다다1096,to_in_001,48
2024,다다1096,to_in_007,18
2024,다다1096,to_in_008,28
2024,다다1097,in_age_001,8
2024,다다1097,in_age_002,13
2024,다다1097,in_age_003,13
2024,다다1097,in_age_004,8
2024,다다1097,in_age_005,8
2024,다다1097,in_age_006,8
2024,다다1097,in_age_007,0
2024,다다1097,in_age_008,8
2024,다다1097,in_age_009,13
2024,다다1097,in_age_010,18
2024,다다1097,in_age_011,13
2024,다다1097,in_age_012,18
2024,다다1097,in_age_013,23
2024,다다1097,in_age_014,33
2024,다다1097,in_age_015,19
2024,다다1097,in_age_016,18
2024,다다1097,in_age_017,18
2024,다다1097,in_age_018,5
2024,다다1097,in_age_019,5
2024,다다1097,in_age_031,8
2024,다다1097,in_age_032,8
2024,다다1097,in_age_033,8
2024,다다1097,in_age_034,8
2024,다다1097,in_age_035,5
2024,다다1097,in_age_036,5
2024,다다1097,in_age_038,5
2024,다다1097,in_age_039,8
2024,다다1097,in_age_040,8
2024,다다1097,in_age_041,8
2024,다다1097,in_age_042,8
2024,다다1097,in_age_043,13
2024,다다1097,in_age_044,18
2024,다다1097,in_age_045,8
2024,다다1097,in_age_046,8
2024,다다1097,in_age_047,5
2024,다다1097,in_age_048,0
2024,다다1097,in_age_061,8
2024,다다1097,in_age_062,5
2024,다다1097,in_age_063,8
2024,다다1097,in_age_065,5
2024,다다1097,in_age_066,5
2024,다다1097,in_age_067,0
2024,다다1097,in_age_068,8
2024,다다1097,in_age_069,8
2024,다다1097,in_age_070,13
2024,다다1097,in_age_071,5
2024,다다1097,in_age_072,13
2024,다다1097,in_age_073,13
2024,다다1097,in_age_074,18
2024,다다1097,in_age_075,14
2024,다다1097,in_age_076,8
2024,다다1097,in_age_077,13
2024,다다1097,in_age_078,5
2024,다다1097,in_age_079,5
2024,다다1097,to_in_001,239
2024,다다1097,to_in_007,113
2024,다다1097,to_in_008,129
2024,다다1098,in_age_002,0
2024,다다1098,in_age_003,0
2024,다다1098,in_age_004,5
2024,다다1098,in_age_005,8
2024,다다1098,in_age_007,0
2024,다다1098,in_age_008,0
2024,다다1098,in_age_009,5
2024,다다1098,in_age_010,8
2024,다다1098,in_age_011,8
2024,다다1098,in_age_012,18
2024,다다1098,in_age_013,18
2024,다다1098,in_age_014,18
2024,다다1098,in_age_015,13
2024,다다1098,in_age_016,8
2024,다다1098,in_age_017,13
2024,다다1098,in_age_018,5
2024,다다1098,in_age_020,0
2024,다다1098,in_age_032,0
2024,다다1098,in_age_033,0
2024,다다1098,in_age_034,0
2024,다다1098,in_age_035,8
2024,다다1098,in_age_037,0
2024,다다1098,in_age_038,0
2024,다다1098,in_age_039,5
2024,다다1098,in_age_040,5
2024,다다1098,in_age_041,8
2024,다다1098,in_age_042,8
2024,다다1098,in_age_043,8
2024,다다1098,in_age_044,8
2024,다다1098,in_age_045,8
2024,다다1098,in_age_046,8
2024,다다1098,in_age_047,5
2024,다다1098,in_age_048,5
2024,다다1098,in_age_064,5
2024,다다1098,in_age_065,5
2024,다다1098,in_age_069,0
2024,다다1098,in_age_070,5
2024,다다1098,in_age_071,5
2024,다다1098,in_age_072,8
2024,다다1098,in_age_073,8
2024,다다1098,in_age_074,8
2024,다다1098,in_age_075,8
2024,다다1098,in_age_076,5
2024,다다1098,in_age_077,8
2024,다다1098,in_age_078,5
2024,다다1098,in_age_080,0
2024,다다1098,to_in_001,123
2024,다다1098,to_in_007,63
2024,다다1098,to_in_008,63
2024,다다1099,in_age_001,0
2024,다다1099,in_age_003,0
2024,다다1099,in_age_006,0
2024,다다1099,in_age_007,0
2024,다다1099,in_age_009,5
2024,다다1099,in_age_010,0
2024,다다1099,in_age_011,8
2024,다다1099,in_age_012,5
2024,다다1099,in_age_013,5
2024,다다1099,in_age_014,5
2024,다다1099,in_age_015,0
2024,다다1099,in_age_016,5
2024,다다1099,in_age_017,5
2024,다다1099,in_age_018,5
2024,다다1099,in_age_031,0
2024,다다1099,in_age_037,0
2024,다다1099,in_age_041,8
2024,다다1099,in_age_042,0
2024,다다1099,in_age_043,5
2024,다다1099,in_age_044,0
2024,다다1099,in_age_046,0
2024,다다1099,in_age_063,0
2024,다다1099,in_age_066,0
2024,다다1099,in_age_069,5
2024,다다1099,in_age_070,0
2024,다다1099,in_age_071,5
2024,다다1099,in_age_072,5
2024,다다1099,in_age_073,5
2024,다다1099,in_age_074,0
2024,다다1099,in_age_075,0
2024,다다1099,in_age_076,5
2024,다다1099,in_age_077,5
2024,다다1099,in_age_078,5
2024,다다1099,to_in_001,33
2024,다다1099,to_in_007,13
2024,다다1099,to_in_008,18
2024,다다1100,in_age_001,258
2024,다다1100,in_age_002,458
2024,다다1100,in_age_003,644
2024,다다1100,in_age_004,600
2024,다다1100,in_age_005,375
2024,다다1100,in_age_006,386
2024,다다1100,in_age_007,451
2024,다다1100,in_age_008,461
2024,다다1100,in_age_009,728
2024,다다1100,in_age_010,691
2024,다다1100,in_age_011,798
2024,다다1100,in_age_012,502
2024,다다1100,in_age_013,402
2024,다다1100,in_age_014,275
2024,다다1100,in_age_015,126
2024,다다1100,in_age_016,88
2024,다다1100,in_age_017,63
2024,다다1100,in_age_018,33
2024,다다1100,in_age_019,18
2024,다다1100,in_age_020,5
2024,다다1100,in_age_031,132
2024,다다1100,in_age_032,241
2024,다다1100,in_age_033,312
2024,다다1100,in_age_034,304
2024,다다1100,in_age_035,198
2024,다다1100,in_age_036,184
2024,다다1100,in_age_037,227
2024,다다1100,in_age_038,220
2024,다다1100,in_age_039,335
2024,다다1100,in_age_040,319
2024,다다1100,in_age_041,395
2024,다다1100,in_age_042,249
2024,다다1100,in_age_043,212
2024,다다1100,in_age_044,133
2024,다다1100,in_age_045,63
2024,다다1100,in_age_046,38
2024,다다1100,in_age_047,28
2024,다다1100,in_age_048,8
2024,다다1100,in_age_049,5
2024,다다1100,in_age_050,5
2024,다다1100,in_age_061,129
2024,다다1100,in_age_062,215
2024,다다1100,in_age_063,330
2024,다다1100,in_age_064,294
2024,다다1100,in_age_065,180
2024,다다1100,in_age_066,200
2024,다다1100,in_age_067,227
2024,다다1100,in_age_068,239
2024,다다1100,in_age_069,396
2024,다다1100,in_age_070,370
2024,다다1100,in_age_071,401
2024,다다1100,in_age_072,251
2024,다다1100,in_age_073,193
2024,다다1100,in_age_074,140
2024,다다1100,in_age_075,61
2024,다다1100,in_age_076,48
2024,다다1100,in_age_077,33
2024,다다1100,in_age_078,23
2024,다다1100,in_age_079,13
2024,다다1100,in_age_080,5
2024,다다1100,to_in_001,7353
2024,다다1100,to_in_007,3607
2024,다다1100,to_in_008,3744
2024,다다1101,in_age_001,372
2024,다다1101,in_age_002,542
2024,다다1101,in_age_003,733
2024,다다1101,in_age_004,660
2024,다다1101,in_age_005,608
2024,다다1101,in_age_006,692
2024,다다1101,in_age_007,788
2024,다다1101,in_age_008,738
2024,다다1101,in_age_009,920
2024,다다1101,in_age_010,894
2024,다다1101,in_age_011,1114
2024,다다1101,in_age_012,1098
2024,다다1101,in_age_013,1125
2024,다다1101,in_age_014,1039
2024,다다1101,in_age_015,525
2024,다다1101,in_age_016,354
2024,다다1101,in_age_017,195
2024,다다1101,in_age_018,106
2024,다다1101,in_age_019,33
2024,다다1101,in_age_020,5
2024,다다1101,in_age_031,180
2024,다다1101,in_age_032,264
2024,다다1101,in_age_033,399
2024,다다1101,in_age_034,353
2024,다다1101,in_age_035,339
2024,다다1101,in_age_036,353
2024,다다1101,in_age_037,438
2024,다다1101,in_age_038,369
2024,다다1101,in_age_039,427
2024,다다1101,in_age_040,446
2024,다다1101,in_age_041,525
2024,다다1101,in_age_042,523
2024,다다1101,in_age_043,504
2024,다다1101,in_age_044,506
2024,다다1101,in_age_045,252
2024,다다1101,in_age_046,172
2024,다다1101,in_age_047,79
2024,다다1101,in_age_048,43
2024,다다1101,in_age_049,8
2024,다다1101,in_age_050,0
2024,다다1101,in_age_061,190
2024,다다1101,in_age_062,276
2024,다다1101,in_age_063,332
2024,다다1101,in_age_064,305
2024,다다1101,in_age_065,272
2024,다다1101,in_age_066,337
2024,다다1101,in_age_067,348
2024,다다1101,in_age_068,367
2024,다다1101,in_age_069,491
2024,다다1101,in_age_070,451
2024,다다1101,in_age_071,592
2024,다다1101,in_age_072,578
2024,다다1101,in_age_073,619
2024,다다1101,in_age_074,531
2024,다다1101,in_age_075,276
2024,다다1101,in_age_076,185
2024,다다1101,in_age_077,119
2024,다다1101,in_age_078,61
2024,다다1101,in_age_079,28
2024,다다1101,in_age_080,5
2024,다다1101,to_in_001,12537
2024,다다1101,to_in_007,6181
2024,다다1101,to_in_008,6359
2024,다다1102,in_age_001,102
2024,다다1102,in_age_002,157
2024,다다1102,in_age_003,187
2024,다다1102,in_age_004,211
2024,다다1102,in_age_005,191
2024,다다1102,in_age_006,235
2024,다다1102,in_age_007,238
2024,다다1102,in_age_008,230
2024,다다1102,in_age_009,282
2024,다다1102,in_age_010,306
2024,다다1102,in_age_011,374
2024,다다1102,in_age_012,340
2024,다다1102,in_age_013,360
2024,다다1102,in_age_014,309
2024,다다1102,in_age_015,208
2024,다다1102,in_age_016,165
2024,다다1102,in_age_017,114
2024,다다1102,in_age_018,53
2024,다다1102,in_age_019,18
2024,다다1102,in_age_031,57
2024,다다1102,in_age_032,71
2024,다다1102,in_age_033,97
2024,다다1102,in_age_034,102
2024,다다1102,in_age_035,109
2024,다다1102,in_age_036,116
2024,다다1102,in_age_037,134
2024,다다1102,in_age_038,120
2024,다다1102,in_age_039,150
2024,다다1102,in_age_040,163
2024,다다1102,in_age_041,175
2024,다다1102,in_age_042,176
2024,다다1102,in_age_043,178
2024,다다1102,in_age_044,141
2024,다다1102,in_age_045,101
2024,다다1102,in_age_046,76
2024,다다1102,in_age_047,43
2024,다다1102,in_age_048,18
2024,다다1102,in_age_049,5
2024,다다1102,in_age_061,43
2024,다다1102,in_age_062,84
2024,다다1102,in_age_063,93
2024,다다1102,in_age_064,107
2024,다다1102,in_age_065,85
2024,다다1102,in_age_066,122
2024,다다1102,in_age_067,102
2024,다다1102,in_age_068,108
2024,다다1102,in_age_069,130
2024,다다1102,in_age_070,146
2024,다다1102,in_age_071,197
2024,다다1102,in_age_072,162
2024,다다1102,in_age_073,180
2024,다다1102,in_age_074,166
2024,다다1102,in_age_075,105
2024,다다1102,in_age_076,87
2024,다다1102,in_age_077,69
2024,다다1102,in_age_078,38
2024,다다1102,in_age_079,18
2024,다다1102,to_in_001,4081
2024,다다1102,to_in_007,2031
2024,다다1102,to_in_008,2053
2024,다다1103,in_age_006,0
2024,다다1103,in_age_008,5
2024,다다1103,in_age_009,5
2024,다다1103,in_age_011,5
2024,다다1103,in_age_012,0
2024,다다1103,in_age_013,5
2024,다다1103,in_age_014,5
2024,다다1103,in_age_017,5
2024,다다1103,in_age_019,0
2024,다다1103,in_age_036,0
2024,다다1103,in_age_038,5
2024,다다1103,in_age_039,5
2024,다다1103,in_age_041,5
2024,다다1103,in_age_043,5
2024,다다1103,in_age_047,0
2024,다다1103,in_age_072,0
2024,다다1103,in_age_073,0
2024,다다1103,in_age_074,5
2024,다다1103,in_age_077,0
2024,다다1103,in_age_079,0
2024,다다1103,to_in_001,18
2024,다다1103,to_in_007,13
2024,다다1103,to_in_008,8
2024,다다1172,in_age_016,0
2024,다다1172,in_age_018,0
2024,다다1172,in_age_048,0
2024,다다1172,in_age_076,0
2024,다다1172,to_in_001,5
2024,다다1172,to_in_007,0
2024,다다1172,to_in_008,0
2024,다다1173,in_age_001,0
2024,다다1173,in_age_002,0
2024,다다1173,in_age_004,0
2024,다다1173,in_age_006,5
2024,다다1173,in_age_007,0
2024,다다1173,in_age_008,0
2024,다다1173,in_age_010,0
2024,다다1173,in_age_011,5
2024,다다1173,in_age_012,5
2024,다다1173,in_age_013,5
2024,다다1173,in_age_014,5
2024,다다1173,in_age_015,8
2024,다다1173,in_age_016,5
2024,다다1173,in_age_017,8
2024,다다1173,in_age_018,5
2024,다다1173,in_age_020,0
2024,다다1173,in_age_037,0
2024,다다1173,in_age_040,0
2024,다다1173,in_age_041,0
2024,다다1173,in_age_043,5
2024,다다1173,in_age_044,5
2024,다다1173,in_age_045,5
2024,다다1173,in_age_047,5
2024,다다1173,in_age_061,0
2024,다다1173,in_age_062,0
2024,다다1173,in_age_064,0
2024,다다1173,in_age_066,5
2024,다다1173,in_age_068,0
2024,다다1173,in_age_071,0
2024,다다1173,in_age_072,5
2024,다다1173,in_age_073,0
2024,다다1173,in_age_074,5
2024,다다1173,in_age_075,5
2024,다다1173,in_age_076,5
2024,다다1173,in_age_077,8
2024,다다1173,in_age_078,5
2024,다다1173,in_age_080,0
2024,다다1173,to_in_001,43
2024,다다1173,to_in_007,13
2024,다다1173,to_in_008,28
2024,다다1176,in_age_001,8
2024,다다1176,in_age_002,5
2024,다다1176,in_age_003,8
2024,다다1176,in_age_004,5
2024,다다1176,in_age_005,5
2024,다다1176,in_age_006,8
2024,다다1176,in_age_007,13
2024,다다1176,in_age_008,8
2024,다다1176,in_age_009,18
2024,다다1176,in_age_010,8
2024,다다1176,in_age_011,5
2024,다다1176,in_age_012,8
2024,다다1176,in_age_013,13
2024,다다1176,in_age_014,13
2024,다다1176,in_age_015,5
2024,다다1176,in_age_016,8
2024,다다1176,in_age_017,13
2024,다다1176,in_age_018,5
2024,다다1176,in_age_031,5
2024,다다1176,in_age_032,5
2024,다다1176,in_age_033,8
2024,다다1176,in_age_034,0
2024,다다1176,in_age_035,5
2024,다다1176,in_age_036,8
2024,다다1176,in_age_037,8
2024,다다1176,in_age_038,8
2024,다다1176,in_age_039,8
2024,다다1176,in_age_040,5
2024,다다1176,in_age_041,5
2024,다다1176,in_age_042,5
2024,다다1176,in_age_043,8
2024,다다1176,in_age_044,8
2024,다다1176,in_age_045,5
2024,다다1176,in_age_046,8
2024,다다1176,in_age_047,5
2024,다다1176,in_age_048,0
2024,다다1176,in_age_061,5
2024,다다1176,in_age_062,5
2024,다다1176,in_age_063,5
2024,다다1176,in_age_064,5
2024,다다1176,in_age_067,5
2024,다다1176,in_age_068,5
2024,다다1176,in_age_069,8
2024,다다1176,in_age_070,5
2024,다다1176,in_age_071,0
2024,다다1176,in_age_072,5
2024,다다1176,in_age_073,8
2024,다다1176,in_age_074,8
2024,다다1176,in_age_075,0
2024,다다1176,in_age_076,5
2024,다다1176,in_age_077,8
2024,다다1176,in_age_078,5
2024,다다1176,to_in_001,138
2024,다다1176,to_in_007,83
2024,다다1176,to_in_008,58
2024,다다1179,in_age_002,0
2024,다다1179,in_age_003,0
2024,다다1179,in_age_005,5
2024,다다1179,in_age_006,0
2024,다다1179,in_age_007,5
2024,다다1179,in_age_008,0
2024,다다1179,in_age_010,5
2024,다다1179,in_age_012,0
2024,다다1179,in_age_013,5
2024,다다1179,in_age_014,5
2024,다다1179,in_age_015,5
2024,다다1179,in_age_016,0
2024,다다1179,in_age_018,0
2024,다다1179,in_age_019,0
2024,다다1179,in_age_032,0
2024,다다1179,in_age_035,5
2024,다다1179,in_age_036,0
2024,다다1179,in_age_037,5
2024,다다1179,in_age_040,5
2024,다다1179,in_age_042,0
2024,다다1179,in_age_043,5
2024,다다1179,in_age_063,0
2024,다다1179,in_age_068,0
2024,다다1179,in_age_070,0
2024,다다1179,in_age_073,0
2024,다다1179,in_age_074,5
2024,다다1179,in_age_075,5
2024,다다1179,in_age_076,0
2024,다다1179,in_age_078,0
2024,다다1179,in_age_079,0
2024,다다1179,to_in_001,18
2024,다다1179,to_in_007,13
2024,다다1179,to_in_008,8
2024,다다1192,in_age_013,0
2024,다다1192,in_age_043,0
2024,다다1192,to_in_001,0
2024,다다1192,to_in_007,0
2024,다다1192,to_in_008,0
2024,다다1193,in_age_012,5
2024,다다1193,in_age_013,0
2024,다다1193,in_age_043,0
2024,다다1193,in_age_072,5
2024,다다1193,to_in_001,5
2024,다다1193,to_in_007,0
2024,다다1193,to_in_008,5
2024,다다1194,in_age_001,0
2024,다다1194,in_age_002,0
2024,다다1194,in_age_006,0
2024,다다1194,in_age_007,5
2024,다다1194,in_age_008,5
2024,다다1194,in_age_010,5
2024,다다1194,in_age_011,0
2024,다다1194,in_age_012,5
2024,다다1194,in_age_014,0
2024,다다1194,in_age_015,0
2024,다다1194,in_age_017,0
2024,다다1194,in_age_036,0
2024,다다1194,in_age_037,0
2024,다다1194,in_age_038,5
2024,다다1194,in_age_041,0
2024,다다1194,in_age_042,5
2024,다다1194,in_age_061,0
2024,다다1194,in_age_062,0
2024,다다1194,in_age_067,0
2024,다다1194,in_age_070,5
2024,다다1194,in_age_072,0
2024,다다1194,in_age_074,0
2024,다다1194,in_age_075,0
2024,다다1194,in_age_077,0
2024,다다1194,to_in_001,13
2024,다다1194,to_in_007,8
2024,다다1194,to_in_008,8
2024,다다1196,in_age_002,0
2024,다다1196,in_age_003,0
2024,다다1196,in_age_005,5
2024,다다1196,in_age_006,0
2024,다다1196,in_age_007,0
2024,다다1196,in_age_008,5
2024,다다1196,in_age_009,5
2024,다다1196,in_age_010,5
2024,다다1196,in_age_011,5
2024,다다1196,in_age_012,5
2024,다다1196,in_age_013,8
2024,다다1196,in_age_014,8
2024,다다1196,in_age_015,5
2024,다다1196,in_age_016,8
2024,다다1196,in_age_017,8
2024,다다1196,in_age_018,8
2024,다다1196,in_age_035,5
2024,다다1196,in_age_036,0
2024,다다1196,in_age_037,0
2024,다다1196,in_age_039,0
2024,다다1196,in_age_040,5
2024,다다1196,in_age_041,5
2024,다다1196,in_age_042,5
2024,다다1196,in_age_043,5
2024,다다1196,in_age_044,5
2024,다다1196,in_age_045,0
2024,다다1196,in_age_046,5
2024,다다1196,in_age_047,5
2024,다다1196,in_age_048,5
2024,다다1196,in_age_062,0
2024,다다1196,in_age_063,0
2024,다다1196,in_age_068,5
2024,다다1196,in_age_069,0
2024,다다1196,in_age_070,0
2024,다다1196,in_age_071,0
2024,다다1196,in_age_073,5
2024,다다1196,in_age_074,5
2024,다다1196,in_age_075,5
2024,다다1196,in_age_076,5
2024,다다1196,in_age_077,5
2024,다다1196,in_age_078,5
2024,다다1196,to_in_001,63
2024,다다1196,to_in_007,38
2024,다다1196,to_in_008,28
2024,다다1197,in_age_003,5
2024,다다1197,in_age_004,5
2024,다다1197,in_age_009,0
2024,다다1197,in_age_010,0
2024,다다1197,in_age_011,5
2024,다다1197,in_age_012,8
2024,다다1197,in_age_013,8
2024,다다1197,in_age_014,13
2024,다다1197,in_age_015,8
2024,다다1197,in_age_016,8
2024,다다1197,in_age_017,13
2024,다다1197,in_age_018,5
2024,다다1197,in_age_019,5
2024,다다1197,in_age_039,0
2024,다다1197,in_age_041,0
2024,다다1197,in_age_042,5
2024,다다1197,in_age_043,5
2024,다다1197,in_age_044,8
2024,다다1197,in_age_045,0
2024,다다1197,in_age_046,8
2024,다다1197,in_age_047,5
2024,다다1197,in_age_063,5
2024,다다1197,in_age_064,5
2024,다다1197,in_age_070,0
2024,다다1197,in_age_071,5
2024,다다1197,in_age_072,5
2024,다다1197,in_age_073,5
2024,다다1197,in_age_074,8
2024,다다1197,in_age_075,5
2024,다다1197,in_age_076,0
2024,다다1197,in_age_077,8
2024,다다1197,in_age_078,5
2024,다다1197,in_age_079,5
2024,다다1197,to_in_001,68
2024,다다1197,to_in_007,28
2024,다다1197,to_in_008,43
2024,다다1198,in_age_003,5
2024,다다1198,in_age_004,0
2024,다다1198,in_age_007,5
2024,다다1198,in_age_009,5
2024,다다1198,in_age_011,5
2024,다다1198,in_age_012,5
2024,다다1198,in_age_013,5
2024,다다1198,in_age_014,5
2024,다다1198,in_age_015,5
2024,다다1198,in_age_017,0
2024,다다1198,in_age_018,5
2024,다다1198,in_age_033,0
2024,다다1198,in_age_037,5
2024,다다1198,in_age_039,0
2024,다다1198,in_age_041,0
2024,다다1198,in_age_042,5
2024,다다1198,in_age_043,0
2024,다다1198,in_age_044,0
2024,다다1198,in_age_048,0
2024,다다1198,in_age_063,0
2024,다다1198,in_age_064,0
2024,다다1198,in_age_069,0
2024,다다1198,in_age_071,5
2024,다다1198,in_age_073,0
2024,다다1198,in_age_074,5
2024,다다1198,in_age_075,5
2024,다다1198,in_age_077,0
2024,다다1198,in_age_078,0
2024,다다1198,to_in_001,23
2024,다다1198,to_in_007,8
2024,다다1198,to_in_008,13
2024,다다1199,in_age_003,0
2024,다다1199,in_age_004,5
2024,다다1199,in_age_007,0
2024,다다1199,in_age_010,8
2024,다다1199,in_age_011,0
2024,다다1199,in_age_012,5
2024,다다1199,in_age_013,8
2024,다다1199,in_age_017,0
2024,다다1199,in_age_033,0
2024,다다1199,in_age_034,5
2024,다다1199,in_age_040,5
2024,다다1199,in_age_041,0
2024,다다1199,in_age_042,0
2024,다다1199,in_age_043,5
2024,다다1199,in_age_067,0
2024,다다1199,in_age_070,5
2024,다다1199,in_age_072,0
2024,다다1199,in_age_073,5
2024,다다1199,in_age_077,0
2024,다다1199,to_in_001,13
2024,다다1199,to_in_007,8
2024,다다1199,to_in_008,8
2024,다다1200,in_age_001,45
2024,다다1200,in_age_002,75
2024,다다1200,in_age_003,93
2024,다다1200,in_age_004,74
2024,다다1200,in_age_005,43
2024,다다1200,in_age_006,48
2024,다다1200,in_age_007,92
2024,다다1200,in_age_008,88
2024,다다1200,in_age_009,148
2024,다다1200,in_age_010,109
2024,다다1200,in_age_011,109
2024,다다1200,in_age_012,85
2024,다다1200,in_age_013,84
2024,다다1200,in_age_014,48
2024,다다1200,in_age_015,23
2024,다다1200,in_age_016,18
2024,다다1200,in_age_017,13
2024,다다1200,in_age_018,13
2024,다다1200,in_age_019,5
2024,다다1200,in_age_020,5
2024,다다1200,in_age_031,30
2024,다다1200,in_age_032,44
2024,다다1200,in_age_033,53
2024,다다1200,in_age_034,33
2024,다다1200,in_age_035,28
2024,다다1200,in_age_036,23
2024,다다1200,in_age_037,46
2024,다다1200,in_age_038,50
2024,다다1200,in_age_039,62
2024,다다1200,in_age_040,62
2024,다다1200,in_age_041,55
2024,다다1200,in_age_042,44
2024,다다1200,in_age_043,43
2024,다다1200,in_age_044,23
2024,다다1200,in_age_045,13
2024,다다1200,in_age_046,13
2024,다다1200,in_age_047,5
2024,다다1200,in_age_048,5
2024,다다1200,in_age_061,13
2024,다다1200,in_age_062,34
2024,다다1200,in_age_063,38
2024,다다1200,in_age_064,39
2024,다다1200,in_age_065,13
2024,다다1200,in_age_066,23
2024,다다1200,in_age_067,49
2024,다다1200,in_age_068,41
2024,다다1200,in_age_069,84
2024,다다1200,in_age_070,50
2024,다다1200,in_age_071,57
2024,다다1200,in_age_072,39
2024,다다1200,in_age_073,44
2024,다다1200,in_age_074,23
2024,다다1200,in_age_075,13
2024,다다1200,in_age_076,8
2024,다다1200,in_age_077,8
2024,다다1200,in_age_078,8
2024,다다1200,in_age_079,5
2024,다다1200,in_age_080,5
2024,다다1200,to_in_001,1212
2024,다다1200,to_in_007,627
2024,다다1200,to_in_008,583
2024,다다1201,in_age_001,28
2024,다다1201,in_age_002,39
2024,다다1201,in_age_003,50
2024,다다1201,in_age_004,29
2024,다다1201,in_age_005,19
2024,다다1201,in_age_006,33
2024,다다1201,in_age_007,28
2024,다다1201,in_age_008,33
2024,다다1201,in_age_009,53
2024,다다1201,in_age_010,40
2024,다다1201,in_age_011,33
2024,다다1201,in_age_012,43
2024,다다1201,in_age_013,42
2024,다다1201,in_age_014,23
2024,다다1201,in_age_015,13
2024,다다1201,in_age_016,8
2024,다다1201,in_age_017,5
2024,다다1201,in_age_031,8
2024,다다1201,in_age_032,13
2024,다다1201,in_age_033,25
2024,다다1201,in_age_034,13
2024,다다1201,in_age_035,11
2024,다다1201,in_age_036,18
2024,다다1201,in_age_037,18
2024,다다1201,in_age_038,13
2024,다다1201,in_age_039,29
2024,다다1201,in_age_040,19
2024,다다1201,in_age_041,13
2024,다다1201,in_age_042,23
2024,다다1201,in_age_043,19
2024,다다1201,in_age_044,13
2024,다다1201,in_age_045,8
2024,다다1201,in_age_046,5
2024,다다1201,in_age_047,5
2024,다다1201,in_age_061,18
2024,다다1201,in_age_062,24
2024,다다1201,in_age_063,28
2024,다다1201,in_age_064,14
2024,다다1201,in_age_065,13
2024,다다1201,in_age_066,13
2024,다다1201,in_age_067,8
2024,다다1201,in_age_068,18
2024,다다1201,in_age_069,27
2024,다다1201,in_age_070,19
2024,다다1201,in_age_071,23
2024,다다1201,in_age_072,23
2024,다다1201,in_age_073,21
2024,다다1201,in_age_074,13
2024,다다1201,in_age_075,8
2024,다다1201,in_age_076,5
2024,다다1201,to_in_001,524
2024,다다1201,to_in_007,249
2024,다다1201,to_in_008,273
2024,다다1202,in_age_001,111
2024,다다1202,in_age_002,85
2024,다다1202,in_age_003,145
2024,다다1202,in_age_004,146
2024,다다1202,in_age_005,193
2024,다다1202,in_age_006,195
2024,다다1202,in_age_007,219
2024,다다1202,in_age_008,163
2024,다다1202,in_age_009,214
2024,다다1202,in_age_010,200
2024,다다1202,in_age_011,260
2024,다다1202,in_age_012,241
2024,다다1202,in_age_013,210
2024,다다1202,in_age_014,157
2024,다다1202,in_age_015,108
2024,다다1202,in_age_016,76
2024,다다1202,in_age_017,48
2024,다다1202,in_age_018,33
2024,다다1202,in_age_019,8
2024,다다1202,in_age_020,5
2024,다다1202,in_age_021,5
2024,다다1202,in_age_031,54
2024,다다1202,in_age_032,43
2024,다다1202,in_age_033,81
2024,다다1202,in_age_034,80
2024,다다1202,in_age_035,93
2024,다다1202,in_age_036,98
2024,다다1202,in_age_037,120
2024,다다1202,in_age_038,88
2024,다다1202,in_age_039,117
2024,다다1202,in_age_040,95
2024,다다1202,in_age_041,118
2024,다다1202,in_age_042,138
2024,다다1202,in_age_043,114
2024,다다1202,in_age_044,92
2024,다다1202,in_age_045,43
2024,다다1202,in_age_046,39
2024,다다1202,in_age_047,18
2024,다다1202,in_age_048,8
2024,다다1202,in_age_049,5
2024,다다1202,in_age_061,55
2024,다다1202,in_age_062,40
2024,다다1202,in_age_063,62
2024,다다1202,in_age_064,69
2024,다다1202,in_age_065,98
2024,다다1202,in_age_066,100
2024,다다1202,in_age_067,97
2024,다다1202,in_age_068,73
2024,다다1202,in_age_069,95
2024,다다1202,in_age_070,103
2024,다다1202,in_age_071,140
2024,다다1202,in_age_072,101
2024,다다1202,in_age_073,94
2024,다다1202,in_age_074,68
2024,다다1202,in_age_075,63
2024,다다1202,in_age_076,40
2024,다다1202,in_age_077,28
2024,다다1202,in_age_078,23
2024,다다1202,in_age_079,5
2024,다다1202,in_age_080,5
2024,다다1202,in_age_081,5
2024,다다1202,to_in_001,2813
2024,다다1202,to_in_007,1448
2024,다다1202,to_in_008,1368
2024,다다1203,in_age_001,28
2024,다다1203,in_age_002,50
2024,다다1203,in_age_003,62
2024,다다1203,in_age_004,67
2024,다다1203,in_age_005,49
2024,다다1203,in_age_006,56
2024,다다1203,in_age_007,60
2024,다다1203,in_age_008,63
2024,다다1203,in_age_009,78
2024,다다1203,in_age_010,91
2024,다다1203,in_age_011,109
2024,다다1203,in_age_012,85
2024,다다1203,in_age_013,89
2024,다다1203,in_age_014,70
2024,다다1203,in_age_015,58
2024,다다1203,in_age_016,28
2024,다다1203,in_age_017,23
2024,다다1203,in_age_018,13
2024,다다1203,in_age_019,8
2024,다다1203,in_age_031,13
2024,다다1203,in_age_032,23
2024,다다1203,in_age_033,32
2024,다다1203,in_age_034,45
2024,다다1203,in_age_035,29
2024,다다1203,in_age_036,30
2024,다다1203,in_age_037,35
2024,다다1203,in_age_038,28
2024,다다1203,in_age_039,44
2024,다다1203,in_age_040,46
2024,다다1203,in_age_041,51
2024,다다1203,in_age_042,51
2024,다다1203,in_age_043,47
2024,다다1203,in_age_044,38
2024,다다1203,in_age_045,28
2024,다다1203,in_age_046,13
2024,다다1203,in_age_047,13
2024,다다1203,in_age_048,5
2024,다다1203,in_age_049,5
2024,다다1203,in_age_061,13
2024,다다1203,in_age_062,30
2024,다다1203,in_age_063,28
2024,다다1203,in_age_064,25
2024,다다1203,in_age_065,18
2024,다다1203,in_age_066,24
2024,다다1203,in_age_067,28
2024,다다1203,in_age_068,38
2024,다다1203,in_age_069,32
2024,다다1203,in_age_070,43
2024,다다1203,in_age_071,61
2024,다다1203,in_age_072,37
2024,다다1203,in_age_073,40
2024,다다1203,in_age_074,35
2024,다다1203,in_age_075,28
2024,다다1203,in_age_076,13
2024,다다1203,in_age_077,13
2024,다다1203,in_age_078,8
2024,다다1203,in_age_079,8
2024,다다1203,to_in_001,1093
2024,다다1203,to_in_007,568
2024,다다1203,to_in_008,523
2024,다다1204,in_age_002,5
2024,다다1204,in_age_003,5
2024,다다1204,in_age_004,5
2024,다다1204,in_age_005,5
2024,다다1204,in_age_006,8
2024,다다1204,in_age_007,5
2024,다다1204,in_age_008,5
2024,다다1204,in_age_009,8
2024,다다1204,in_age_010,5
2024,다다1204,in_age_011,15
2024,다다1204,in_age_012,8
2024,다다1204,in_age_013,5
2024,다다1204,in_age_014,5
2024,다다1204,in_age_015,5
2024,다다1204,in_age_016,11
2024,다다1204,in_age_017,8
2024,다다1204,in_age_018,5
2024,다다1204,in_age_019,5
2024,다다1204,in_age_020,0
2024,다다1204,in_age_032,5
2024,다다1204,in_age_033,0
2024,다다1204,in_age_034,0
2024,다다1204,in_age_035,5
2024,다다1204,in_age_036,5
2024,다다1204,in_age_037,0
2024,다다1204,in_age_038,0
2024,다다1204,in_age_039,8
2024,다다1204,in_age_040,0
2024,다다1204,in_age_041,12
2024,다다1204,in_age_042,5
2024,다다1204,in_age_043,5
2024,다다1204,in_age_044,5
2024,다다1204,in_age_045,0
2024,다다1204,in_age_046,0
2024,다다1204,in_age_047,5
2024,다다1204,in_age_050,0
2024,다다1204,in_age_063,0
2024,다다1204,in_age_064,5
2024,다다1204,in_age_065,0
2024,다다1204,in_age_066,0
2024,다다1204,in_age_067,5
2024,다다1204,in_age_068,0
2024,다다1204,in_age_069,0
2024,다다1204,in_age_070,5
2024,다다1204,in_age_071,5
2024,다다1204,in_age_072,5
2024,다다1204,in_age_073,0
2024,다다1204,in_age_074,5
2024,다다1204,in_age_075,0
2024,다다1204,in_age_076,6
2024,다다1204,in_age_077,5
2024,다다1204,in_age_078,5
2024,다다1204,in_age_079,5
2024,다다1204,to_in_001,91
2024,다다1204,to_in_007,45
2024,다다1204,to_in_008,49
2024,다다1273,in_age_006,0
2024,다다1273,in_age_007,5
2024,다다1273,in_age_010,5
2024,다다1273,in_age_011,0
2024,다다1273,in_age_012,0
2024,다다1273,in_age_013,5
2024,다다1273,in_age_014,8
2024,다다1273,in_age_015,5
2024,다다1273,in_age_016,0
2024,다다1273,in_age_017,5
2024,다다1273,in_age_019,0
2024,다다1273,in_age_036,0
2024,다다1273,in_age_041,0
2024,다다1273,in_age_042,0
2024,다다1273,in_age_044,5
2024,다다1273,in_age_045,5
2024,다다1273,in_age_067,5
2024,다다1273,in_age_070,5
2024,다다1273,in_age_073,5
2024,다다1273,in_age_074,8
2024,다다1273,in_age_076,0
2024,다다1273,in_age_077,5
2024,다다1273,in_age_079,0
2024,다다1273,to_in_001,23
2024,다다1273,to_in_007,8
2024,다다1273,to_in_008,13
2024,다다1274,in_age_001,5
2024,다다1274,in_age_002,8
2024,다다1274,in_age_003,5
2024,다다1274,in_age_004,5
2024,다다1274,in_age_005,5
2024,다다1274,in_age_008,5
2024,다다1274,in_age_009,5
2024,다다1274,in_age_010,5
2024,다다1274,in_age_011,5
2024,다다1274,in_age_012,8
2024,다다1274,in_age_013,8
2024,다다1274,in_age_014,8
2024,다다1274,in_age_015,8
2024,다다1274,in_age_016,5
2024,다다1274,in_age_017,5
2024,다다1274,in_age_019,5
2024,다다1274,in_age_032,0
2024,다다1274,in_age_033,5
2024,다다1274,in_age_039,5
2024,다다1274,in_age_040,5
2024,다다1274,in_age_041,5
2024,다다1274,in_age_042,5
2024,다다1274,in_age_043,5
2024,다다1274,in_age_044,8
2024,다다1274,in_age_045,5
2024,다다1274,in_age_046,5
2024,다다1274,in_age_049,0
2024,다다1274,in_age_061,5
2024,다다1274,in_age_062,8
2024,다다1274,in_age_063,0
2024,다다1274,in_age_064,5
2024,다다1274,in_age_065,5
2024,다다1274,in_age_068,5
2024,다다1274,in_age_069,5
2024,다다1274,in_age_070,0
2024,다다1274,in_age_071,5
2024,다다1274,in_age_072,5
2024,다다1274,in_age_073,8
2024,다다1274,in_age_074,5
2024,다다1274,in_age_075,5
2024,다다1274,in_age_076,0
2024,다다1274,in_age_077,5
2024,다다1274,in_age_079,0
2024,다다1274,to_in_001,63
2024,다다1274,to_in_007,28
2024,다다1274,to_in_008,38
2024,다다1275,in_age_001,0
2024,다다1275,in_age_002,5
2024,다다1275,in_age_003,5
2024,다다1275,in_age_005,5
2024,다다1275,in_age_006,5
2024,다다1275,in_age_007,5
2024,다다1275,in_age_008,0
2024,다다1275,in_age_009,5
2024,다다1275,in_age_010,5
2024,다다1275,in_age_011,5
2024,다다1275,in_age_012,8
2024,다다1275,in_age_013,5
2024,다다1275,in_age_014,5
2024,다다1275,in_age_015,0
2024,다다1275,in_age_016,8
2024,다다1275,in_age_017,5
2024,다다1275,in_age_018,0
2024,다다1275,in_age_019,5
2024,다다1275,in_age_031,0
2024,다다1275,in_age_033,0
2024,다다1275,in_age_035,0
2024,다다1275,in_age_036,5
2024,다다1275,in_age_037,5
2024,다다1275,in_age_038,0
2024,다다1275,in_age_039,0
2024,다다1275,in_age_040,0
2024,다다1275,in_age_041,5
2024,다다1275,in_age_042,0
2024,다다1275,in_age_043,5
2024,다다1275,in_age_044,5
2024,다다1275,in_age_045,0
2024,다다1275,in_age_046,5
2024,다다1275,in_age_047,5
2024,다다1275,in_age_062,5
2024,다다1275,in_age_063,5
2024,다다1275,in_age_065,0
2024,다다1275,in_age_066,5
2024,다다1275,in_age_067,0
2024,다다1275,in_age_069,0
2024,다다1275,in_age_070,0
2024,다다1275,in_age_071,5
2024,다다1275,in_age_072,5
2024,다다1275,in_age_073,5
2024,다다1275,in_age_074,0
2024,다다1275,in_age_076,5
2024,다다1275,in_age_077,0
2024,다다1275,in_age_078,0
2024,다다1275,in_age_079,5
2024,다다1275,to_in_001,53
2024,다다1275,to_in_007,23
2024,다다1275,to_in_008,28
2024,다다1276,in_age_006,0
2024,다다1276,in_age_010,0
2024,다다1276,in_age_011,5
2024,다다1276,in_age_012,5
2024,다다1276,in_age_013,5
2024,다다1276,in_age_014,5
2024,다다1276,in_age_015,0
2024,다다1276,in_age_016,0
2024,다다1276,in_age_019,0
2024,다다1276,in_age_036,0
2024,다다1276,in_age_040,0
2024,다다1276,in_age_042,5
2024,다다1276,in_age_044,5
2024,다다1276,in_age_071,5
2024,다다1276,in_age_073,5
2024,다다1276,in_age_074,0
2024,다다1276,in_age_075,0
2024,다다1276,in_age_076,0
2024,다다1276,in_age_079,0
2024,다다1276,to_in_001,13
2024,다다1276,to_in_007,8
2024,다다1276,to_in_008,8
2024,다다1278,in_age_002,5
2024,다다1278,in_age_003,0
2024,다다1278,in_age_004,0
2024,다다1278,in_age_005,0
2024,다다1278,in_age_007,5
2024,다다1278,in_age_009,5
2024,다다1278,in_age_010,8
2024,다다1278,in_age_011,0
2024,다다1278,in_age_012,8
2024,다다1278,in_age_013,5
2024,다다1278,in_age_014,5
2024,다다1278,in_age_015,5
2024,다다1278,in_age_016,0
2024,다다1278,in_age_017,5
2024,다다1278,in_age_018,0
2024,다다1278,in_age_032,0
2024,다다1278,in_age_037,5
2024,다다1278,in_age_039,5
2024,다다1278,in_age_040,5
2024,다다1278,in_age_042,8
2024,다다1278,in_age_043,0
2024,다다1278,in_age_044,5
2024,다다1278,in_age_045,5
2024,다다1278,in_age_046,0
2024,다다1278,in_age_047,5
2024,다다1278,in_age_062,5
2024,다다1278,in_age_063,0
2024,다다1278,in_age_064,0
2024,다다1278,in_age_065,0
2024,다다1278,in_age_069,5
2024,다다1278,in_age_070,5
2024,다다1278,in_age_071,0
2024,다다1278,in_age_072,5
2024,다다1278,in_age_073,5
2024,다다1278,in_age_074,5
2024,다다1278,in_age_075,5
2024,다다1278,in_age_078,0
2024,다다1278,to_in_001,38
2024,다다1278,to_in_007,23
2024,다다1278,to_in_008,18
2024,다다1279,in_age_011,5
2024,다다1279,in_age_012,0
2024,다다1279,in_age_014,0
2024,다다1279,in_age_015,0
2024,다다1279,in_age_019,5
2024,다다1279,in_age_041,0
2024,다다1279,in_age_044,0
2024,다다1279,in_age_071,5
2024,다다1279,in_age_072,0
2024,다다1279,in_age_075,0
2024,다다1279,in_age_079,5
2024,다다1279,to_in_001,8
2024,다다1279,to_in_007,5
2024,다다1279,to_in_008,8
2024,다다1290,in_age_013,0
2024,다다1290,in_age_014,0
2024,다다1290,in_age_044,0
2024,다다1290,in_age_073,0
2024,다다1290,to_in_001,5
2024,다다1290,to_in_007,0
2024,다다1290,to_in_008,0
2024,다다1291,in_age_001,5
2024,다다1291,in_age_006,5
2024,다다1291,in_age_007,13
2024,다다1291,in_age_008,5
2024,다다1291,in_age_009,5
2024,다다1291,in_age_010,5
2024,다다1291,in_age_011,5
2024,다다1291,in_age_012,5
2024,다다1291,in_age_013,5
2024,다다1291,in_age_014,0
2024,다다1291,in_age_015,5
2024,다다1291,in_age_016,5
2024,다다1291,in_age_017,0
2024,다다1291,in_age_019,0
2024,다다1291,in_age_036,5
2024,다다1291,in_age_037,13
2024,다다1291,in_age_038,5
2024,다다1291,in_age_039,0
2024,다다1291,in_age_040,0
2024,다다1291,in_age_041,5
2024,다다1291,in_age_042,5
2024,다다1291,in_age_043,5
2024,다다1291,in_age_044,0
2024,다다1291,in_age_045,5
2024,다다1291,in_age_046,5
2024,다다1291,in_age_049,0
2024,다다1291,in_age_061,5
2024,다다1291,in_age_067,5
2024,다다1291,in_age_069,0
2024,다다1291,in_age_070,0
2024,다다1291,in_age_072,0
2024,다다1291,in_age_073,0
2024,다다1291,in_age_075,0
2024,다다1291,in_age_077,0
2024,다다1291,to_in_001,43
2024,다다1291,to_in_007,33
2024,다다1291,to_in_008,8
2024,다다1292,in_age_014,5
2024,다다1292,in_age_015,0
2024,다다1292,in_age_016,5
2024,다다1292,in_age_017,5
2024,다다1292,in_age_018,0
2024,다다1292,in_age_044,5
2024,다다1292,in_age_047,5
2024,다다1292,in_age_074,5
2024,다다1292,in_age_075,0
2024,다다1292,in_age_076,5
2024,다다1292,in_age_078,0
2024,다다1292,to_in_001,8
2024,다다1292,to_in_007,5
2024,다다1292,to_in_008,8
2024,다다1293,in_age_009,0
2024,다다1293,in_age_014,0
2024,다다1293,in_age_039,0
2024,다다1293,in_age_074,0
2024,다다1293,to_in_001,5
2024,다다1293,to_in_007,0
2024,다다1293,to_in_008,0
2024,다다1295,in_age_009,0
2024,다다1295,in_age_010,0
2024,다다1295,in_age_011,0
2024,다다1295,in_age_012,0
2024,다다1295,in_age_013,5
2024,다다1295,in_age_014,8
2024,다다1295,in_age_015,5
2024,다다1295,in_age_019,0
2024,다다1295,in_age_039,0
2024,다다1295,in_age_040,0
2024,다다1295,in_age_041,0
2024,다다1295,in_age_043,5
2024,다다1295,in_age_044,5
2024,다다1295,in_age_045,5
2024,다다1295,in_age_072,0
2024,다다1295,in_age_074,5
2024,다다1295,in_age_075,0
2024,다다1295,in_age_079,0
2024,다다1295,to_in_001,13
2024,다다1295,to_in_007,8
2024,다다1295,to_in_008,5
2024,다다1296,in_age_002,0
2024,다다1296,in_age_003,5
2024,다다1296,in_age_005,0
2024,다다1296,in_age_008,0
2024,다다1296,in_age_009,5
2024,다다1296,in_age_010,5
2024,다다1296,in_age_011,5
2024,다다1296,in_age_012,5
2024,다다1296,in_age_013,5
2024,다다1296,in_age_014,13
2024,다다1296,in_age_015,8
2024,다다1296,in_age_016,8
2024,다다1296,in_age_017,8
2024,다다1296,in_age_018,0
2024,다다1296,in_age_032,0
2024,다다1296,in_age_033,0
2024,다다1296,in_age_035,0
2024,다다1296,in_age_038,0
2024,다다1296,in_age_039,5
2024,다다1296,in_age_040,0
2024,다다1296,in_age_041,0
2024,다다1296,in_age_042,0
2024,다다1296,in_age_043,5
2024,다다1296,in_age_044,8
2024,다다1296,in_age_045,5
2024,다다1296,in_age_046,5
2024,다다1296,in_age_047,5
2024,다다1296,in_age_063,5
2024,다다1296,in_age_070,0
2024,다다1296,in_age_071,0
2024,다다1296,in_age_072,0
2024,다다1296,in_age_073,0
2024,다다1296,in_age_074,5
2024,다다1296,in_age_075,5
2024,다다1296,in_age_076,8
2024,다다1296,in_age_077,8
2024,다다1296,in_age_078,0
2024,다다1296,to_in_001,53
2024,다다1296,to_in_007,28
2024,다다1296,to_in_008,28
2024,다다1297,in_age_004,0
2024,다다1297,in_age_005,0
2024,다다1297,in_age_006,0
2024,다다1297,in_age_007,0
2024,다다1297,in_age_010,8
2024,다다1297,in_age_011,5
2024,다다1297,in_age_012,5
2024,다다1297,in_age_013,5
2024,다다1297,in_age_014,0
2024,다다1297,in_age_015,0
2024,다다1297,in_age_016,8
2024,다다1297,in_age_017,8
2024,다다1297,in_age_018,0
2024,다다1297,in_age_020,0
2024,다다1297,in_age_034,0
2024,다다1297,in_age_037,0
2024,다다1297,in_age_040,5
2024,다다1297,in_age_041,0
2024,다다1297,in_age_042,5
2024,다다1297,in_age_043,5
2024,다다1297,in_age_046,5
2024,다다1297,in_age_047,8
2024,다다1297,in_age_065,0
2024,다다1297,in_age_066,0
2024,다다1297,in_age_070,5
2024,다다1297,in_age_071,0
2024,다다1297,in_age_073,5
2024,다다1297,in_age_074,0
2024,다다1297,in_age_075,0
2024,다다1297,in_age_076,5
2024,다다1297,in_age_077,5
2024,다다1297,in_age_078,0
2024,다다1297,in_age_080,0
2024,다다1297,to_in_001,38
2024,다다1297,to_in_007,18
2024,다다1297,to_in_008,18
2024,다다1298,in_age_002,0
2024,다다1298,in_age_008,0
2024,다다1298,in_age_009,0
2024,다다1298,in_age_012,8
2024,다다1298,in_age_013,8
2024,다다1298,in_age_014,8
2024,다다1298,in_age_015,5
2024,다다1298,in_age_016,8
2024,다다1298,in_age_017,8
2024,다다1298,in_age_018,5
2024,다다1298,in_age_019,5
2024,다다1298,in_age_039,0
2024,다다1298,in_age_042,8
2024,다다1298,in_age_043,5
2024,다다1298,in_age_044,5
2024,다다1298,in_age_045,0
2024,다다1298,in_age_046,5
2024,다다1298,in_age_047,5
2024,다다1298,in_age_049,0
2024,다다1298,in_age_062,0
2024,다다1298,in_age_068,0
2024,다다1298,in_age_072,5
2024,다다1298,in_age_073,5
2024,다다1298,in_age_074,8
2024,다다1298,in_age_075,0
2024,다다1298,in_age_076,5
2024,다다1298,in_age_077,8
2024,다다1298,in_age_078,5
2024,다다1298,in_age_079,0
2024,다다1298,to_in_001,53
2024,다다1298,to_in_007,23
2024,다다1298,to_in_008,28
2024,다다1299,in_age_001,5
2024,다다1299,in_age_004,0
2024,다다1299,in_age_005,0
2024,다다1299,in_age_006,5
2024,다다1299,in_age_007,0
2024,다다1299,in_age_009,5
2024,다다1299,in_age_010,5
2024,다다1299,in_age_011,5
2024,다다1299,in_age_012,8
2024,다다1299,in_age_013,8
2024,다다1299,in_age_014,8
2024,다다1299,in_age_015,8
2024,다다1299,in_age_016,0
2024,다다1299,in_age_017,5
2024,다다1299,in_age_018,5
2024,다다1299,in_age_019,0
2024,다다1299,in_age_031,0
2024,다다1299,in_age_034,0
2024,다다1299,in_age_035,0
2024,다다1299,in_age_036,5
2024,다다1299,in_age_037,0
2024,다다1299,in_age_039,5
2024,다다1299,in_age_040,5
2024,다다1299,in_age_041,5
2024,다다1299,in_age_042,5
2024,다다1299,in_age_043,5
2024,다다1299,in_age_044,8
2024,다다1299,in_age_045,5
2024,다다1299,in_age_047,0
2024,다다1299,in_age_048,5
2024,다다1299,in_age_061,5
2024,다다1299,in_age_066,0
2024,다다1299,in_age_070,0
2024,다다1299,in_age_071,0
2024,다다1299,in_age_072,5
2024,다다1299,in_age_073,5
2024,다다1299,in_age_074,0
2024,다다1299,in_age_075,8
2024,다다1299,in_age_076,0
2024,다다1299,in_age_077,0
2024,다다1299,in_age_078,5
2024,다다1299,in_age_079,0
2024,다다1299,to_in_001,43
2024,다다1299,to_in_007,23
2024,다다1299,to_in_008,18
2024,다다1300,in_age_001,26
2024,다다1300,in_age_002,14
2024,다다1300,in_age_003,20
2024,다다1300,in_age_004,19
2024,다다1300,in_age_005,18
2024,다다1300,in_age_006,21
2024,다다1300,in_age_007,23
2024,다다1300,in_age_008,23
2024,다다1300,in_age_009,42
2024,다다1300,in_age_010,33
2024,다다1300,in_age_011,26
2024,다다1300,in_age_012,38
2024,다다1300,in_age_013,28
2024,다다1300,in_age_014,8
2024,다다1300,in_age_015,5
2024,다다1300,in_age_016,8
2024,다다1300,in_age_017,8
2024,다다1300,in_age_018,5
2024,다다1300,in_age_020,0
2024,다다1300,in_age_031,18
2024,다다1300,in_age_032,8
2024,다다1300,in_age_033,5
2024,다다1300,in_age_034,5
2024,다다1300,in_age_035,8
2024,다다1300,in_age_036,16
2024,다다1300,in_age_037,13
2024,다다1300,in_age_038,8
2024,다다1300,in_age_039,22
2024,다다1300,in_age_040,11
2024,다다1300,in_age_041,15
2024,다다1300,in_age_042,18
2024,다다1300,in_age_043,13
2024,다다1300,in_age_044,8
2024,다다1300,in_age_045,0
2024,다다1300,in_age_046,5
2024,다다1300,in_age_047,5
2024,다다1300,in_age_048,5
2024,다다1300,in_age_061,8
2024,다다1300,in_age_062,11
2024,다다1300,in_age_063,17
2024,다다1300,in_age_064,11
2024,다다1300,in_age_065,8
2024,다다1300,in_age_066,8
2024,다다1300,in_age_067,13
2024,다다1300,in_age_068,13
2024,다다1300,in_age_069,22
2024,다다1300,in_age_070,19
2024,다다1300,in_age_071,11
2024,다다1300,in_age_072,18
2024,다다1300,in_age_073,13
2024,다다1300,in_age_074,5
2024,다다1300,in_age_075,5
2024,다다1300,in_age_076,5
2024,다다1300,in_age_077,5
2024,다다1300,in_age_078,0
2024,다다1300,in_age_080,0
2024,다다1300,to_in_001,355
2024,다다1300,to_in_007,169
2024,다다1300,to_in_008,189
2024,다다1301,in_age_001,0
2024,다다1301,in_age_002,8
2024,다다1301,in_age_003,5
2024,다다1301,in_age_004,8
2024,다다1301,in_age_005,8
2024,다다1301,in_age_006,5
2024,다다1301,in_age_007,8
2024,다다1301,in_age_008,8
2024,다다1301,in_age_009,8
2024,다다1301,in_age_010,8
2024,다다1301,in_age_011,18
2024,다다1301,in_age_012,13
2024,다다1301,in_age_013,28
2024,다다1301,in_age_014,18
2024,다다1301,in_age_015,13
2024,다다1301,in_age_016,5
2024,다다1301,in_age_017,5
2024,다다1301,in_age_018,5
2024,다다1301,in_age_032,8
2024,다다1301,in_age_033,5
2024,다다1301,in_age_034,8
2024,다다1301,in_age_035,8
2024,다다1301,in_age_036,0
2024,다다1301,in_age_037,5
2024,다다1301,in_age_038,5
2024,다다1301,in_age_039,5
2024,다다1301,in_age_040,8
2024,다다1301,in_age_041,8
2024,다다1301,in_age_042,8
2024,다다1301,in_age_043,13
2024,다다1301,in_age_044,8
2024,다다1301,in_age_045,8
2024,다다1301,in_age_046,5
2024,다다1301,in_age_047,0
2024,다다1301,in_age_048,0
2024,다다1301,in_age_061,0
2024,다다1301,in_age_062,0
2024,다다1301,in_age_063,5
2024,다다1301,in_age_064,5
2024,다다1301,in_age_065,8
2024,다다1301,in_age_066,5
2024,다다1301,in_age_067,5
2024,다다1301,in_age_068,5
2024,다다1301,in_age_069,5
2024,다다1301,in_age_070,5
2024,다다1301,in_age_071,8
2024,다다1301,in_age_072,5
2024,다다1301,in_age_073,13
2024,다다1301,in_age_074,8
2024,다다1301,in_age_075,5
2024,다다1301,in_age_076,0
2024,다다1301,in_age_077,0
2024,다다1301,in_age_078,0
2024,다다1301,to_in_001,153
2024,다다1301,to_in_007,88
2024,다다1301,to_in_008,63
2024,다다1302,in_age_001,38
2024,다다1302,in_age_002,75
2024,다다1302,in_age_003,85
2024,다다1302,in_age_004,61
2024,다다1302,in_age_005,38
2024,다다1302,in_age_006,53
2024,다다1302,in_age_007,75
2024,다다1302,in_age_008,54
2024,다다1302,in_age_009,109
2024,다다1302,in_age_010,78
2024,다다1302,in_age_011,79
2024,다다1302,in_age_012,56
2024,다다1302,in_age_013,56
2024,다다1302,in_age_014,55
2024,다다1302,in_age_015,24
2024,다다1302,in_age_016,19
2024,다다1302,in_age_017,13
2024,다다1302,in_age_018,5
2024,다다1302,in_age_019,5
2024,다다1302,in_age_031,16
2024,다다1302,in_age_032,40
2024,다다1302,in_age_033,36
2024,다다1302,in_age_034,40
2024,다다1302,in_age_035,23
2024,다다1302,in_age_036,38
2024,다다1302,in_age_037,38
2024,다다1302,in_age_038,30
2024,다다1302,in_age_039,53
2024,다다1302,in_age_040,37
2024,다다1302,in_age_041,44
2024,다다1302,in_age_042,31
2024,다다1302,in_age_043,25
2024,다다1302,in_age_044,28
2024,다다1302,in_age_045,13
2024,다다1302,in_age_046,8
2024,다다1302,in_age_047,8
2024,다다1302,in_age_048,5
2024,다다1302,in_age_061,20
2024,다다1302,in_age_062,33
2024,다다1302,in_age_063,47
2024,다다1302,in_age_064,24
2024,다다1302,in_age_065,13
2024,다다1302,in_age_066,18
2024,다다1302,in_age_067,35
2024,다다1302,in_age_068,22
2024,다다1302,in_age_069,54
2024,다다1302,in_age_070,44
2024,다다1302,in_age_071,38
2024,다다1302,in_age_072,23
2024,다다1302,in_age_073,29
2024,다다1302,in_age_074,25
2024,다다1302,in_age_075,14
2024,다다1302,in_age_076,14
2024,다다1302,in_age_077,5
2024,다다1302,in_age_078,0
2024,다다1302,in_age_079,5
2024,다다1302,to_in_001,970
2024,다다1302,to_in_007,510
2024,다다1302,to_in_008,458
2024,다다1303,in_age_001,145
2024,다다1303,in_age_002,227
2024,다다1303,in_age_003,351
2024,다다1303,in_age_004,344
2024,다다1303,in_age_005,357
2024,다다1303,in_age_006,433
2024,다다1303,in_age_007,438
2024,다다1303,in_age_008,325
2024,다다1303,in_age_009,450
2024,다다1303,in_age_010,466
2024,다다1303,in_age_011,597
2024,다다1303,in_age_012,569
2024,다다1303,in_age_013,600
2024,다다1303,in_age_014,491
2024,다다1303,in_age_015,301
2024,다다1303,in_age_016,235
2024,다다1303,in_age_017,169
2024,다다1303,in_age_018,91
2024,다다1303,in_age_019,33
2024,다다1303,in_age_020,8
2024,다다1303,in_age_021,0
2024,다다1303,in_age_031,71
2024,다다1303,in_age_032,125
2024,다다1303,in_age_033,175
2024,다다1303,in_age_034,184
2024,다다1303,in_age_035,185
2024,다다1303,in_age_036,239
2024,다다1303,in_age_037,231
2024,다다1303,in_age_038,172
2024,다다1303,in_age_039,223
2024,다다1303,in_age_040,247
2024,다다1303,in_age_041,316
2024,다다1303,in_age_042,265
2024,다다1303,in_age_043,296
2024,다다1303,in_age_044,236
2024,다다1303,in_age_045,139
2024,다다1303,in_age_046,99
2024,다다1303,in_age_047,68
2024,다다1303,in_age_048,33
2024,다다1303,in_age_049,8
2024,다다1303,in_age_050,5
2024,다다1303,in_age_061,77
2024,다다1303,in_age_062,105
2024,다다1303,in_age_063,174
2024,다다1303,in_age_064,163
2024,다다1303,in_age_065,170
2024,다다1303,in_age_066,192
2024,다다1303,in_age_067,205
2024,다다1303,in_age_068,156
2024,다다1303,in_age_069,225
2024,다다1303,in_age_070,217
2024,다다1303,in_age_071,284
2024,다다1303,in_age_072,307
2024,다다1303,in_age_073,302
2024,다다1303,in_age_074,258
2024,다다1303,in_age_075,165
2024,다다1303,in_age_076,134
2024,다다1303,in_age_077,104
2024,다다1303,in_age_078,61
2024,다다1303,in_age_079,28
2024,다다1303,in_age_080,8
2024,다다1303,in_age_081,0
2024,다다1303,to_in_001,6638
2024,다다1303,to_in_007,3303
2024,다다1303,to_in_008,3333
2024,다다1304,in_age_001,5
2024,다다1304,in_age_002,8
2024,다다1304,in_age_003,8
2024,다다1304,in_age_004,8
2024,다다1304,in_age_005,13
2024,다다1304,in_age_006,13
2024,다다1304,in_age_007,13
2024,다다1304,in_age_008,13
2024,다다1304,in_age_009,13
2024,다다1304,in_age_010,13
2024,다다1304,in_age_011,29
2024,다다1304,in_age_012,28
2024,다다1304,in_age_013,39
2024,다다1304,in_age_014,18
2024,다다1304,in_age_015,23
2024,다다1304,in_age_016,18
2024,다다1304,in_age_017,13
2024,다다1304,in_age_018,13
2024,다다1304,in_age_019,8
2024,다다1304,in_age_032,5
2024,다다1304,in_age_033,5
2024,다다1304,in_age_034,5
2024,다다1304,in_age_035,8
2024,다다1304,in_age_036,5
2024,다다1304,in_age_037,8
2024,다다1304,in_age_038,8
2024,다다1304,in_age_039,8
2024,다다1304,in_age_040,8
2024,다다1304,in_age_041,19
2024,다다1304,in_age_042,18
2024,다다1304,in_age_043,24
2024,다다1304,in_age_044,8
2024,다다1304,in_age_045,8
2024,다다1304,in_age_046,8
2024,다다1304,in_age_047,5
2024,다다1304,in_age_048,5
2024,다다1304,in_age_049,5
2024,다다1304,in_age_061,5
2024,다다1304,in_age_062,5
2024,다다1304,in_age_063,5
2024,다다1304,in_age_064,5
2024,다다1304,in_age_065,5
2024,다다1304,in_age_066,8
2024,다다1304,in_age_067,5
2024,다다1304,in_age_068,8
2024,다다1304,in_age_069,5
2024,다다1304,in_age_070,5
2024,다다1304,in_age_071,8
2024,다다1304,in_age_072,8
2024,다다1304,in_age_073,18
2024,다다1304,in_age_074,8
2024,다다1304,in_age_075,13
2024,다다1304,in_age_076,8
2024,다다1304,in_age_077,13
2024,다다1304,in_age_078,8
2024,다다1304,in_age_079,8
2024,다다1304,to_in_001,280
2024,다다1304,to_in_007,145
2024,다다1304,to_in_008,133
2024,다다1371,in_age_004,0
2024,다다1371,in_age_005,5
2024,다다1371,in_age_006,8
2024,다다1371,in_age_007,5
2024,다다1371,in_age_008,5
2024,다다1371,in_age_009,0
2024,다다1371,in_age_010,5
2024,다다1371,in_age_011,5
2024,다다1371,in_age_012,5
2024,다다1371,in_age_013,0
2024,다다1371,in_age_014,5
2024,다다1371,in_age_015,0
2024,다다1371,in_age_016,5
2024,다다1371,in_age_018,5
2024,다다1371,in_age_034,0
2024,다다1371,in_age_035,5
2024,다다1371,in_age_036,8
2024,다다1371,in_age_037,5
2024,다다1371,in_age_038,5
2024,다다1371,in_age_039,0
2024,다다1371,in_age_040,5
2024,다다1371,in_age_041,0
2024,다다1371,in_age_042,5
2024,다다1371,in_age_043,0
2024,다다1371,in_age_044,5
2024,다다1371,in_age_045,0
2024,다다1371,in_age_067,0
2024,다다1371,in_age_068,0
2024,다다1371,in_age_070,0
2024,다다1371,in_age_071,5
2024,다다1371,in_age_074,0
2024,다다1371,in_age_076,5
2024,다다1371,in_age_078,5
2024,다다1371,to_in_001,38
2024,다다1371,to_in_007,28
2024,다다1371,to_in_008,13
2024,다다1372,in_age_001,5
2024,다다1372,in_age_002,8
2024,다다1372,in_age_003,13
2024,다다1372,in_age_004,8
2024,다다1372,in_age_005,8
2024,다다1372,in_age_006,23
2024,다다1372,in_age_007,13
2024,다다1372,in_age_008,13
2024,다다1372,in_age_009,18
2024,다다1372,in_age_010,13
2024,다다1372,in_age_011,23
2024,다다1372,in_age_012,13
2024,다다1372,in_age_013,18
2024,다다1372,in_age_014,23
2024,다다1372,in_age_015,18
2024,다다1372,in_age_016,18
2024,다다1372,in_age_017,18
2024,다다1372,in_age_018,13
2024,다다1372,in_age_019,5
2024,다다1372,in_age_032,8
2024,다다1372,in_age_033,8
2024,다다1372,in_age_034,8
2024,다다1372,in_age_035,8
2024,다다1372,in_age_036,23
2024,다다1372,in_age_037,8
2024,다다1372,in_age_038,8
2024,다다1372,in_age_039,8
2024,다다1372,in_age_040,8
2024,다다1372,in_age_041,13
2024,다다1372,in_age_042,8
2024,다다1372,in_age_043,8
2024,다다1372,in_age_044,13
2024,다다1372,in_age_045,8
2024,다다1372,in_age_046,8
2024,다다1372,in_age_047,8
2024,다다1372,in_age_048,5
2024,다다1372,in_age_061,5
2024,다다1372,in_age_062,5
2024,다다1372,in_age_063,8
2024,다다1372,in_age_064,5
2024,다다1372,in_age_066,5
2024,다다1372,in_age_067,5
2024,다다1372,in_age_068,5
2024,다다1372,in_age_069,8
2024,다다1372,in_age_070,5
2024,다다1372,in_age_071,8
2024,다다1372,in_age_072,8
2024,다다1372,in_age_073,8
2024,다다1372,in_age_074,8
2024,다다1372,in_age_075,8
2024,다다1372,in_age_076,8
2024,다다1372,in_age_077,13
2024,다다1372,in_age_078,8
2024,다다1372,in_age_079,5
2024,다다1372,to_in_001,263
2024,다다1372,to_in_007,153
2024,다다1372,to_in_008,113
2024,다다1374,in_age_005,0
2024,다다1374,in_age_008,0
2024,다다1374,in_age_012,5
2024,다다1374,in_age_013,5
2024,다다1374,in_age_014,8
2024,다다1374,in_age_017,5
2024,다다1374,in_age_035,0
2024,다다1374,in_age_038,0
2024,다다1374,in_age_044,5
2024,다다1374,in_age_047,0
2024,다다1374,in_age_072,5
2024,다다1374,in_age_073,5
2024,다다1374,in_age_074,5
2024,다다1374,in_age_077,0
2024,다다1374,to_in_001,13
2024,다다1374,to_in_007,8
2024,다다1374,to_in_008,8
2024,다다1375,in_age_001,5
2024,다다1375,in_age_002,8
2024,다다1375,in_age_003,8
2024,다다1375,in_age_004,5
2024,다다1375,in_age_005,5
2024,다다1375,in_age_006,8
2024,다다1375,in_age_007,8
2024,다다1375,in_age_008,8
2024,다다1375,in_age_009,13
2024,다다1375,in_age_010,8
2024,다다1375,in_age_011,13
2024,다다1375,in_age_012,8
2024,다다1375,in_age_013,18
2024,다다1375,in_age_014,13
2024,다다1375,in_age_015,8
2024,다다1375,in_age_016,13
2024,다다1375,in_age_017,8
2024,다다1375,in_age_018,5
2024,다다1375,in_age_019,0
2024,다다1375,in_age_031,0
2024,다다1375,in_age_032,5
2024,다다1375,in_age_033,8
2024,다다1375,in_age_034,5
2024,다다1375,in_age_035,5
2024,다다1375,in_age_036,8
2024,다다1375,in_age_037,8
2024,다다1375,in_age_038,5
2024,다다1375,in_age_039,8
2024,다다1375,in_age_040,8
2024,다다1375,in_age_041,8
2024,다다1375,in_age_042,5
2024,다다1375,in_age_043,8
2024,다다1375,in_age_044,8
2024,다다1375,in_age_045,5
2024,다다1375,in_age_046,8
2024,다다1375,in_age_047,5
2024,다다1375,in_age_048,5
2024,다다1375,in_age_061,0
2024,다다1375,in_age_062,5
2024,다다1375,in_age_063,5
2024,다다1375,in_age_065,0
2024,다다1375,in_age_066,5
2024,다다1375,in_age_067,5
2024,다다1375,in_age_068,5
2024,다다1375,in_age_069,8
2024,다다1375,in_age_070,5
2024,다다1375,in_age_071,8
2024,다다1375,in_age_072,5
2024,다다1375,in_age_073,8
2024,다다1375,in_age_074,8
2024,다다1375,in_age_075,8
2024,다다1375,in_age_076,5
2024,다다1375,in_age_077,8
2024,다다1375,in_age_078,0
2024,다다1375,in_age_079,0
2024,다다1375,to_in_001,143
2024,다다1375,to_in_007,83
2024,다다1375,to_in_008,63
2024,다다1376,in_age_003,0
2024,다다1376,in_age_006,5
2024,다다1376,in_age_007,5
2024,다다1376,in_age_008,0
2024,다다1376,in_age_009,5
2024,다다1376,in_age_011,8
2024,다다1376,in_age_012,8
2024,다다1376,in_age_013,5
2024,다다1376,in_age_014,5
2024,다다1376,in_age_015,0
2024,다다1376,in_age_017,5
2024,다다1376,in_age_033,0
2024,다다1376,in_age_036,0
2024,다다1376,in_age_037,5
2024,다다1376,in_age_038,0
2024,다다1376,in_age_039,5
2024,다다1376,in_age_041,5
2024,다다1376,in_age_042,8
2024,다다1376,in_age_043,5
2024,다다1376,in_age_044,5
2024,다다1376,in_age_045,0
2024,다다1376,in_age_047,0
2024,다다1376,in_age_066,0
2024,다다1376,in_age_067,0
2024,다다1376,in_age_071,5
2024,다다1376,in_age_072,0
2024,다다1376,in_age_073,0
2024,다다1376,in_age_077,0
2024,다다1376,to_in_001,28
2024,다다1376,to_in_007,23
2024,다다1376,to_in_008,8
2024,다다1377,in_age_001,8
2024,다다1377,in_age_002,8
2024,다다1377,in_age_003,13
2024,다다1377,in_age_004,18
2024,다다1377,in_age_005,13
2024,다다1377,in_age_006,23
2024,다다1377,in_age_007,13
2024,다다1377,in_age_008,18
2024,다다1377,in_age_009,18
2024,다다1377,in_age_010,23
2024,다다1377,in_age_011,18
2024,다다1377,in_age_012,13
2024,다다1377,in_age_013,23
2024,다다1377,in_age_014,28
2024,다다1377,in_age_015,13
2024,다다1377,in_age_016,8
2024,다다1377,in_age_017,8
2024,다다1377,in_age_018,8
2024,다다1377,in_age_019,5
2024,다다1377,in_age_031,5
2024,다다1377,in_age_032,5
2024,다다1377,in_age_033,8
2024,다다1377,in_age_034,8
2024,다다1377,in_age_035,8
2024,다다1377,in_age_036,23
2024,다다1377,in_age_037,13
2024,다다1377,in_age_038,18
2024,다다1377,in_age_039,13
2024,다다1377,in_age_040,13
2024,다다1377,in_age_041,13
2024,다다1377,in_age_042,5
2024,다다1377,in_age_043,13
2024,다다1377,in_age_044,18
2024,다다1377,in_age_045,5
2024,다다1377,in_age_046,5
2024,다다1377,in_age_047,5
2024,다다1377,in_age_048,5
2024,다다1377,in_age_061,5
2024,다다1377,in_age_062,5
2024,다다1377,in_age_063,5
2024,다다1377,in_age_064,8
2024,다다1377,in_age_065,5
2024,다다1377,in_age_066,8
2024,다다1377,in_age_067,0
2024,다다1377,in_age_068,5
2024,다다1377,in_age_069,8
2024,다다1377,in_age_070,8
2024,다다1377,in_age_071,8
2024,다다1377,in_age_072,8
2024,다다1377,in_age_073,8
2024,다다1377,in_age_074,8
2024,다다1377,in_age_075,8
2024,다다1377,in_age_076,5
2024,다다1377,in_age_077,5
2024,다다1377,in_age_078,8
2024,다다1377,in_age_079,5
2024,다다1377,to_in_001,273
2024,다다1377,to_in_007,173
2024,다다1377,to_in_008,103
2024,다다1378,in_age_001,8
2024,다다1378,in_age_002,8
2024,다다1378,in_age_003,13
2024,다다1378,in_age_004,8
2024,다다1378,in_age_005,8
2024,다다1378,in_age_006,23
2024,다다1378,in_age_007,24
2024,다다1378,in_age_008,20
2024,다다1378,in_age_009,23
2024,다다1378,in_age_010,18
2024,다다1378,in_age_011,18
2024,다다1378,in_age_012,13
2024,다다1378,in_age_013,23
2024,다다1378,in_age_014,13
2024,다다1378,in_age_015,8
2024,다다1378,in_age_016,8
2024,다다1378,in_age_017,8
2024,다다1378,in_age_018,18
2024,다다1378,in_age_019,5
2024,다다1378,in_age_020,0
2024,다다1378,in_age_031,8
2024,다다1378,in_age_032,5
2024,다다1378,in_age_033,8
2024,다다1378,in_age_034,5
2024,다다1378,in_age_035,8
2024,다다1378,in_age_036,18
2024,다다1378,in_age_037,24
2024,다다1378,in_age_038,15
2024,다다1378,in_age_039,18
2024,다다1378,in_age_040,8
2024,다다1378,in_age_041,13
2024,다다1378,in_age_042,8
2024,다다1378,in_age_043,13
2024,다다1378,in_age_044,8
2024,다다1378,in_age_045,5
2024,다다1378,in_age_046,5
2024,다다1378,in_age_047,0
2024,다다1378,in_age_048,5
2024,다다1378,in_age_061,0
2024,다다1378,in_age_062,5
2024,다다1378,in_age_063,5
2024,다다1378,in_age_064,8
2024,다다1378,in_age_065,5
2024,다다1378,in_age_066,8
2024,다다1378,in_age_067,0
2024,다다1378,in_age_068,5
2024,다다1378,in_age_069,8
2024,다다1378,in_age_070,8
2024,다다1378,in_age_071,8
2024,다다1378,in_age_072,5
2024,다다1378,in_age_073,13
2024,다다1378,in_age_074,5
2024,다다1378,in_age_075,5
2024,다다1378,in_age_076,5
2024,다다1378,in_age_077,8
2024,다다1378,in_age_078,13
2024,다다1378,in_age_079,5
2024,다다1378,in_age_080,0
2024,다다1378,to_in_001,256
2024,다다1378,to_in_007,161
2024,다다1378,to_in_008,93
2024,다다1379,in_age_001,5
2024,다다1379,in_age_002,5
2024,다다1379,in_age_003,0
2024,다다1379,in_age_004,5
2024,다다1379,in_age_005,8
2024,다다1379,in_age_006,8
2024,다다1379,in_age_007,8
2024,다다1379,in_age_008,8
2024,다다1379,in_age_009,5
2024,다다1379,in_age_010,13
2024,다다1379,in_age_011,5
2024,다다1379,in_age_012,5
2024,다다1379,in_age_013,8
2024,다다1379,in_age_014,5
2024,다다1379,in_age_015,8
2024,다다1379,in_age_016,8
2024,다다1379,in_age_017,8
2024,다다1379,in_age_018,5
2024,다다1379,in_age_031,0
2024,다다1379,in_age_032,0
2024,다다1379,in_age_034,5
2024,다다1379,in_age_035,8
2024,다다1379,in_age_036,8
2024,다다1379,in_age_037,8
2024,다다1379,in_age_038,8
2024,다다1379,in_age_039,5
2024,다다1379,in_age_040,8
2024,다다1379,in_age_041,5
2024,다다1379,in_age_042,0
2024,다다1379,in_age_043,5
2024,다다1379,in_age_044,5
2024,다다1379,in_age_045,5
2024,다다1379,in_age_046,5
2024,다다1379,in_age_047,5
2024,다다1379,in_age_048,5
2024,다다1379,in_age_061,5
2024,다다1379,in_age_062,5
2024,다다1379,in_age_063,0
2024,다다1379,in_age_066,5
2024,다다1379,in_age_067,0
2024,다다1379,in_age_068,0
2024,다다1379,in_age_069,0
2024,다다1379,in_age_070,5
2024,다다1379,in_age_072,5
2024,다다1379,in_age_073,8
2024,다다1379,in_age_074,5
2024,다다1379,in_age_075,5
2024,다다1379,in_age_076,5
2024,다다1379,in_age_077,5
2024,다다1379,to_in_001,83
2024,다다1379,to_in_007,53
2024,다다1379,to_in_008,28
2024,다다1380,in_age_001,8
2024,다다1380,in_age_002,13
2024,다다1380,in_age_003,25
2024,다다1380,in_age_004,18
2024,다다1380,in_age_005,13
2024,다다1380,in_age_006,37
2024,다다1380,in_age_007,24
2024,다다1380,in_age_008,33
2024,다다1380,in_age_009,29
2024,다다1380,in_age_010,28
2024,다다1380,in_age_011,18
2024,다다1380,in_age_012,23
2024,다다1380,in_age_013,34
2024,다다1380,in_age_014,23
2024,다다1380,in_age_015,13
2024,다다1380,in_age_016,13
2024,다다1380,in_age_017,13
2024,다다1380,in_age_018,8
2024,다다1380,in_age_019,5
2024,다다1380,in_age_031,5
2024,다다1380,in_age_032,8
2024,다다1380,in_age_033,8
2024,다다1380,in_age_034,8
2024,다다1380,in_age_035,8
2024,다다1380,in_age_036,32
2024,다다1380,in_age_037,24
2024,다다1380,in_age_038,23
2024,다다1380,in_age_039,24
2024,다다1380,in_age_040,18
2024,다다1380,in_age_041,8
2024,다다1380,in_age_042,8
2024,다다1380,in_age_043,13
2024,다다1380,in_age_044,18
2024,다다1380,in_age_045,8
2024,다다1380,in_age_046,8
2024,다다1380,in_age_047,5
2024,다다1380,in_age_048,5
2024,다다1380,in_age_049,0
2024,다다1380,in_age_061,5
2024,다다1380,in_age_062,8
2024,다다1380,in_age_063,15
2024,다다1380,in_age_064,8
2024,다다1380,in_age_065,0
2024,다다1380,in_age_066,5
2024,다다1380,in_age_067,5
2024,다다1380,in_age_068,8
2024,다다1380,in_age_069,8
2024,다다1380,in_age_070,8
2024,다다1380,in_age_071,8
2024,다다1380,in_age_072,13
2024,다다1380,in_age_073,19
2024,다다1380,in_age_074,5
2024,다다1380,in_age_075,8
2024,다다1380,in_age_076,8
2024,다다1380,in_age_077,8
2024,다다1380,in_age_078,5
2024,다다1380,in_age_079,5
2024,다다1380,to_in_001,372
2024,다다1380,to_in_007,224
2024,다다1380,to_in_008,146
2024,다다1381,in_age_001,5
2024,다다1381,in_age_002,8
2024,다다1381,in_age_003,8
2024,다다1381,in_age_004,5
2024,다다1381,in_age_005,5
2024,다다1381,in_age_006,5
2024,다다1381,in_age_007,8
2024,다다1381,in_age_008,8
2024,다다1381,in_age_009,13
2024,다다1381,in_age_010,8
2024,다다1381,in_age_011,8
2024,다다1381,in_age_012,5
2024,다다1381,in_age_013,8
2024,다다1381,in_age_014,8
2024,다다1381,in_age_015,8
2024,다다1381,in_age_016,8
2024,다다1381,in_age_017,8
2024,다다1381,in_age_018,0
2024,다다1381,in_age_019,0
2024,다다1381,in_age_020,0
2024,다다1381,in_age_031,0
2024,다다1381,in_age_032,5
2024,다다1381,in_age_033,5
2024,다다1381,in_age_034,5
2024,다다1381,in_age_035,5
2024,다다1381,in_age_036,5
2024,다다1381,in_age_037,8
2024,다다1381,in_age_038,8
2024,다다1381,in_age_039,8
2024,다다1381,in_age_040,8
2024,다다1381,in_age_041,5
2024,다다1381,in_age_042,5
2024,다다1381,in_age_043,5
2024,다다1381,in_age_044,5
2024,다다1381,in_age_045,5
2024,다다1381,in_age_046,5
2024,다다1381,in_age_047,5
2024,다다1381,in_age_050,0
2024,다다1381,in_age_061,0
2024,다다1381,in_age_062,5
2024,다다1381,in_age_063,5
2024,다다1381,in_age_065,0
2024,다다1381,in_age_066,0
2024,다다1381,in_age_068,5
2024,다다1381,in_age_069,8
2024,다다1381,in_age_070,5
2024,다다1381,in_age_071,8
2024,다다1381,in_age_073,8
2024,다다1381,in_age_074,5
2024,다다1381,in_age_075,8
2024,다다1381,in_age_076,5
2024,다다1381,in_age_077,8
2024,다다1381,in_age_078,0
2024,다다1381,in_age_079,0
2024,다다1381,to_in_001,113
2024,다다1381,to_in_007,68
2024,다다1381,to_in_008,43
2024,다다1382,in_age_001,0
2024,다다1382,in_age_002,5
2024,다다1382,in_age_003,8
2024,다다1382,in_age_006,5
2024,다다1382,in_age_007,8
2024,다다1382,in_age_008,18
2024,다다1382,in_age_009,13
2024,다다1382,in_age_010,5
2024,다다1382,in_age_011,8
2024,다다1382,in_age_012,5
2024,다다1382,in_age_013,8
2024,다다1382,in_age_014,5
2024,다다1382,in_age_015,8
2024,다다1382,in_age_016,8
2024,다다1382,in_age_017,5
2024,다다1382,in_age_018,8
2024,다다1382,in_age_033,0
2024,다다1382,in_age_036,5
2024,다다1382,in_age_037,8
2024,다다1382,in_age_038,13
2024,다다1382,in_age_039,8
2024,다다1382,in_age_040,0
2024,다다1382,in_age_041,5
2024,다다1382,in_age_042,0
2024,다다1382,in_age_043,5
2024,다다1382,in_age_044,5
2024,다다1382,in_age_045,5
2024,다다1382,in_age_046,8
2024,다다1382,in_age_047,5
2024,다다1382,in_age_048,5
2024,다다1382,in_age_061,0
2024,다다1382,in_age_062,5
2024,다다1382,in_age_063,5
2024,다다1382,in_age_068,5
2024,다다1382,in_age_069,5
2024,다다1382,in_age_070,0
2024,다다1382,in_age_071,5
2024,다다1382,in_age_072,5
2024,다다1382,in_age_073,8
2024,다다1382,in_age_074,0
2024,다다1382,in_age_075,5
2024,다다1382,in_age_076,8
2024,다다1382,in_age_077,5
2024,다다1382,in_age_078,5
2024,다다1382,to_in_001,98
2024,다다1382,to_in_007,63
2024,다다1382,to_in_008,38
2024,다다1387,in_age_003,5
2024,다다1387,in_age_006,0
2024,다다1387,in_age_007,5
2024,다다1387,in_age_008,8
2024,다다1387,in_age_009,8
2024,다다1387,in_age_010,0
2024,다다1387,in_age_011,5
2024,다다1387,in_age_012,5
2024,다다1387,in_age_013,5
2024,다다1387,in_age_014,8
2024,다다1387,in_age_015,8
2024,다다1387,in_age_016,8
2024,다다1387,in_age_017,5
2024,다다1387,in_age_033,0
2024,다다1387,in_age_036,0
2024,다다1387,in_age_037,5
2024,다다1387,in_age_038,8
2024,다다1387,in_age_039,8
2024,다다1387,in_age_040,0
2024,다다1387,in_age_042,0
2024,다다1387,in_age_043,5
2024,다다1387,in_age_044,0
2024,다다1387,in_age_045,5
2024,다다1387,in_age_046,5
2024,다다1387,in_age_047,5
2024,다다1387,in_age_063,5
2024,다다1387,in_age_068,5
2024,다다1387,in_age_071,5
2024,다다1387,in_age_072,0
2024,다다1387,in_age_073,0
2024,다다1387,in_age_074,8
2024,다다1387,in_age_075,8
2024,다다1387,in_age_076,0
2024,다다1387,in_age_077,5
2024,다다1387,to_in_001,53
2024,다다1387,to_in_007,28
2024,다다1387,to_in_008,23
2024,다다1388,in_age_006,5
2024,다다1388,in_age_007,5
2024,다다1388,in_age_008,5
2024,다다1388,in_age_009,11
2024,다다1388,in_age_012,8
2024,다다1388,in_age_013,5
2024,다다1388,in_age_014,5
2024,다다1388,in_age_015,5
2024,다다1388,in_age_016,5
2024,다다1388,in_age_017,0
2024,다다1388,in_age_036,5
2024,다다1388,in_age_037,5
2024,다다1388,in_age_038,0
2024,다다1388,in_age_039,6
2024,다다1388,in_age_042,5
2024,다다1388,in_age_043,5
2024,다다1388,in_age_044,0
2024,다다1388,in_age_045,0
2024,다다1388,in_age_046,0
2024,다다1388,in_age_047,0
2024,다다1388,in_age_068,0
2024,다다1388,in_age_069,5
2024,다다1388,in_age_072,5
2024,다다1388,in_age_074,5
2024,다다1388,in_age_075,0
2024,다다1388,in_age_076,0
2024,다다1388,to_in_001,29
2024,다다1388,to_in_007,24
2024,다다1388,to_in_008,8
2024,다다1392,in_age_003,0
2024,다다1392,in_age_005,0
2024,다다1392,in_age_006,8
2024,다다1392,in_age_007,5
2024,다다1392,in_age_008,5
2024,다다1392,in_age_010,5
2024,다다1392,in_age_011,5
2024,다다1392,in_age_012,8
2024,다다1392,in_age_013,5
2024,다다1392,in_age_014,8
2024,다다1392,in_age_015,5
2024,다다1392,in_age_016,5
2024,다다1392,in_age_017,5
2024,다다1392,in_age_018,5
2024,다다1392,in_age_035,0
2024,다다1392,in_age_036,8
2024,다다1392,in_age_037,5
2024,다다1392,in_age_038,5
2024,다다1392,in_age_040,5
2024,다다1392,in_age_041,5
2024,다다1392,in_age_042,8
2024,다다1392,in_age_043,5
2024,다다1392,in_age_044,5
2024,다다1392,in_age_045,5
2024,다다1392,in_age_046,0
2024,다다1392,in_age_047,0
2024,다다1392,in_age_048,5
2024,다다1392,in_age_063,0
2024,다다1392,in_age_068,0
2024,다다1392,in_age_070,0
2024,다다1392,in_age_071,5
2024,다다1392,in_age_072,5
2024,다다1392,in_age_073,0
2024,다다1392,in_age_074,5
2024,다다1392,in_age_075,5
2024,다다1392,in_age_076,5
2024,다다1392,in_age_077,5
2024,다다1392,in_age_078,5
2024,다다1392,to_in_001,58
2024,다다1392,to_in_007,33
2024,다다1392,to_in_008,28
2024,다다1393,in_age_007,0
2024,다다1393,in_age_008,5
2024,다다1393,in_age_009,0
2024,다다1393,in_age_011,5
2024,다다1393,in_age_012,5
2024,다다1393,in_age_013,8
2024,다다1393,in_age_014,8
2024,다다1393,in_age_015,5
2024,다다1393,in_age_016,8
2024,다다1393,in_age_017,8
2024,다다1393,in_age_018,5
2024,다다1393,in_age_019,5
2024,다다1393,in_age_038,0
2024,다다1393,in_age_039,0
2024,다다1393,in_age_041,5
2024,다다1393,in_age_042,5
2024,다다1393,in_age_043,8
2024,다다1393,in_age_044,8
2024,다다1393,in_age_045,5
2024,다다1393,in_age_046,5
2024,다다1393,in_age_047,5
2024,다다1393,in_age_067,0
2024,다다1393,in_age_068,5
2024,다다1393,in_age_071,0
2024,다다1393,in_age_072,5
2024,다다1393,in_age_073,8
2024,다다1393,in_age_074,5
2024,다다1393,in_age_075,0
2024,다다1393,in_age_076,5
2024,다다1393,in_age_077,5
2024,다다1393,in_age_078,5
2024,다다1393,in_age_079,5
2024,다다1393,to_in_001,48
2024,다다1393,to_in_007,23
2024,다다1393,to_in_008,28
2024,다다1395,in_age_013,5
2024,다다1395,in_age_014,5
2024,다다1395,in_age_043,0
2024,다다1395,in_age_044,0
2024,다다1395,in_age_073,0
2024,다다1395,in_age_074,5
2024,다다1395,to_in_001,5
2024,다다1395,to_in_007,5
2024,다다1395,to_in_008,5
2024,다다1396,in_age_011,0
2024,다다1396,in_age_013,0
2024,다다1396,in_age_041,0
2024,다다1396,in_age_043,0
2024,다다1396,to_in_001,5
2024,다다1396,to_in_007,5
2024,다다1396,to_in_008,0
2024,다다1397,in_age_006,0
2024,다다1397,in_age_007,6
2024,다다1397,in_age_008,0
2024,다다1397,in_age_012,0
2024,다다1397,in_age_015,5
2024,다다1397,in_age_036,0
2024,다다1397,in_age_037,6
2024,다다1397,in_age_038,0
2024,다다1397,in_age_042,0
2024,다다1397,in_age_075,5
2024,다다1397,to_in_001,11
2024,다다1397,to_in_007,11
2024,다다1397,to_in_008,5
2024,다다1398,in_age_001,5
2024,다다1398,in_age_003,0
2024,다다1398,in_age_005,0
2024,다다1398,in_age_007,0
2024,다다1398,in_age_008,5
2024,다다1398,in_age_009,0
2024,다다1398,in_age_010,0
2024,다다1398,in_age_011,5
2024,다다1398,in_age_012,8
2024,다다1398,in_age_013,5
2024,다다1398,in_age_014,5
2024,다다1398,in_age_017,5
2024,다다1398,in_age_019,0
2024,다다1398,in_age_031,5
2024,다다1398,in_age_037,0
2024,다다1398,in_age_038,5
2024,다다1398,in_age_041,0
2024,다다1398,in_age_042,5
2024,다다1398,in_age_043,5
2024,다다1398,in_age_044,0
2024,다다1398,in_age_047,0
2024,다다1398,in_age_063,0
2024,다다1398,in_age_065,0
2024,다다1398,in_age_069,0
2024,다다1398,in_age_070,0
2024,다다1398,in_age_071,0
2024,다다1398,in_age_072,5
2024,다다1398,in_age_073,0
2024,다다1398,in_age_074,5
2024,다다1398,in_age_077,5
2024,다다1398,in_age_079,0
2024,다다1398,to_in_001,23
2024,다다1398,to_in_007,13
2024,다다1398,to_in_008,13
2024,다다1399,in_age_001,5
2024,다다1399,in_age_003,0
2024,다다1399,in_age_004,5
2024,다다1399,in_age_007,5
2024,다다1399,in_age_008,5
2024,다다1399,in_age_009,5
2024,다다1399,in_age_010,5
2024,다다1399,in_age_011,8
2024,다다1399,in_age_012,8
2024,다다1399,in_age_013,8
2024,다다1399,in_age_014,8
2024,다다1399,in_age_015,8
2024,다다1399,in_age_016,13
2024,다다1399,in_age_017,8
2024,다다1399,in_age_018,8
2024,다다1399,in_age_019,5
2024,다다1399,in_age_020,0
2024,다다1399,in_age_033,0
2024,다다1399,in_age_037,0
2024,다다1399,in_age_038,5
2024,다다1399,in_age_039,0
2024,다다1399,in_age_040,5
2024,다다1399,in_age_041,5
2024,다다1399,in_age_042,5
2024,다다1399,in_age_043,8
2024,다다1399,in_age_044,5
2024,다다1399,in_age_045,5
2024,다다1399,in_age_046,8
2024,다다1399,in_age_047,5
2024,다다1399,in_age_048,5
2024,다다1399,in_age_061,5
2024,다다1399,in_age_064,5
2024,다다1399,in_age_067,0
2024,다다1399,in_age_069,0
2024,다다1399,in_age_070,0
2024,다다1399,in_age_071,5
2024,다다1399,in_age_072,8
2024,다다1399,in_age_073,5
2024,다다1399,in_age_074,8
2024,다다1399,in_age_075,5
2024,다다1399,in_age_076,8
2024,다다1399,in_age_077,5
2024,다다1399,in_age_078,8
2024,다다1399,in_age_079,5
2024,다다1399,in_age_080,0
2024,다다1399,to_in_001,83
2024,다다1399,to_in_007,33
2024,다다1399,to_in_008,48
2024,다다1400,in_age_001,21
2024,다다1400,in_age_002,31
2024,다다1400,in_age_003,23
2024,다다1400,in_age_004,23
2024,다다1400,in_age_005,18
2024,다다1400,in_age_006,18
2024,다다1400,in_age_007,18
2024,다다1400,in_age_008,24
2024,다다1400,in_age_009,36
2024,다다1400,in_age_010,46
2024,다다1400,in_age_011,39
2024,다다1400,in_age_012,28
2024,다다1400,in_age_013,28
2024,다다1400,in_age_014,18
2024,다다1400,in_age_015,13
2024,다다1400,in_age_016,8
2024,다다1400,in_age_017,5
2024,다다1400,in_age_018,8
2024,다다1400,in_age_019,5
2024,다다1400,in_age_020,0
2024,다다1400,in_age_031,18
2024,다다1400,in_age_032,13
2024,다다1400,in_age_033,13
2024,다다1400,in_age_034,13
2024,다다1400,in_age_035,8
2024,다다1400,in_age_036,8
2024,다다1400,in_age_037,13
2024,다다1400,in_age_038,12
2024,다다1400,in_age_039,20
2024,다다1400,in_age_040,21
2024,다다1400,in_age_041,23
2024,다다1400,in_age_042,13
2024,다다1400,in_age_043,18
2024,다다1400,in_age_044,8
2024,다다1400,in_age_045,5
2024,다다1400,in_age_046,8
2024,다다1400,in_age_047,0
2024,다다1400,in_age_048,0
2024,다다1400,in_age_061,8
2024,다다1400,in_age_062,16
2024,다다1400,in_age_063,13
2024,다다1400,in_age_064,8
2024,다다1400,in_age_065,8
2024,다다1400,in_age_066,8
2024,다다1400,in_age_067,8
2024,다다1400,in_age_068,17
2024,다다1400,in_age_069,14
2024,다다1400,in_age_070,28
2024,다다1400,in_age_071,14
2024,다다1400,in_age_072,18
2024,다다1400,in_age_073,8
2024,다다1400,in_age_074,8
2024,다다1400,in_age_075,8
2024,다다1400,in_age_076,5
2024,다다1400,in_age_077,5
2024,다다1400,in_age_078,8
2024,다다1400,in_age_079,5
2024,다다1400,in_age_080,0
2024,다다1400,to_in_001,410
2024,다다1400,to_in_007,208
2024,다다1400,to_in_008,200
2024,다다1401,in_age_002,0
2024,다다1401,in_age_004,0
2024,다다1401,in_age_005,5
2024,다다1401,in_age_006,5
2024,다다1401,in_age_007,5
2024,다다1401,in_age_008,5
2024,다다1401,in_age_011,8
2024,다다1401,in_age_012,5
2024,다다1401,in_age_013,5
2024,다다1401,in_age_014,5
2024,다다1401,in_age_015,5
2024,다다1401,in_age_016,5
2024,다다1401,in_age_017,5
2024,다다1401,in_age_018,5
2024,다다1401,in_age_032,0
2024,다다1401,in_age_034,0
2024,다다1401,in_age_035,5
2024,다다1401,in_age_036,5
2024,다다1401,in_age_037,5
2024,다다1401,in_age_038,5
2024,다다1401,in_age_041,5
2024,다다1401,in_age_042,0
2024,다다1401,in_age_043,5
2024,다다1401,in_age_044,0
2024,다다1401,in_age_045,5
2024,다다1401,in_age_046,0
2024,다다1401,in_age_048,5
2024,다다1401,in_age_068,0
2024,다다1401,in_age_071,5
2024,다다1401,in_age_072,0
2024,다다1401,in_age_074,0
2024,다다1401,in_age_075,5
2024,다다1401,in_age_076,0
2024,다다1401,in_age_077,5
2024,다다1401,to_in_001,38
2024,다다1401,to_in_007,23
2024,다다1401,to_in_008,13
2024,다다1402,in_age_001,204
2024,다다1402,in_age_002,410
2024,다다1402,in_age_003,561
2024,다다1402,in_age_004,387
2024,다다1402,in_age_005,172
2024,다다1402,in_age_006,135
2024,다다1402,in_age_007,211
2024,다다1402,in_age_008,327
2024,다다1402,in_age_009,588
2024,다다1402,in_age_010,560
2024,다다1402,in_age_011,410
2024,다다1402,in_age_012,290
2024,다다1402,in_age_013,214
2024,다다1402,in_age_014,154
2024,다다1402,in_age_015,103
2024,다다1402,in_age_016,83
2024,다다1402,in_age_017,68
2024,다다1402,in_age_018,61
2024,다다1402,in_age_019,35
2024,다다1402,in_age_020,8
2024,다다1402,in_age_021,5
2024,다다1402,in_age_031,104
2024,다다1402,in_age_032,210
2024,다다1402,in_age_033,288
2024,다다1402,in_age_034,198
2024,다다1402,in_age_035,96
2024,다다1402,in_age_036,67
2024,다다1402,in_age_037,88
2024,다다1402,in_age_038,154
2024,다다1402,in_age_039,257
2024,다다1402,in_age_040,289
2024,다다1402,in_age_041,207
2024,다다1402,in_age_042,151
2024,다다1402,in_age_043,111
2024,다다1402,in_age_044,70
2024,다다1402,in_age_045,46
2024,다다1402,in_age_046,37
2024,다다1402,in_age_047,24
2024,다다1402,in_age_048,8
2024,다다1402,in_age_049,5
2024,다다1402,in_age_050,0
2024,다다1402,in_age_061,98
2024,다다1402,in_age_062,203
2024,다다1402,in_age_063,276
2024,다다1402,in_age_064,192
2024,다다1402,in_age_065,74
2024,다다1402,in_age_066,71
2024,다다1402,in_age_067,121
2024,다다1402,in_age_068,171
2024,다다1402,in_age_069,334
2024,다다1402,in_age_070,269
2024,다다1402,in_age_071,201
2024,다다1402,in_age_072,137
2024,다다1402,in_age_073,101
2024,다다1402,in_age_074,82
2024,다다1402,in_age_075,55
2024,다다1402,in_age_076,44
2024,다다1402,in_age_077,47
2024,다다1402,in_age_078,51
2024,다다1402,in_age_079,30
2024,다다1402,in_age_080,8
2024,다다1402,in_age_081,5
2024,다다1402,to_in_001,4974
2024,다다1402,to_in_007,2409
2024,다다1402,to_in_008,2563
2024,다다1403,in_age_001,464
2024,다다1403,in_age_002,884
2024,다다1403,in_age_003,1084
2024,다다1403,in_age_004,904
2024,다다1403,in_age_005,704
2024,다다1403,in_age_006,775
2024,다다1403,in_age_007,854
2024,다다1403,in_age_008,853
2024,다다1403,in_age_009,1405
2024,다다1403,in_age_010,1278
2024,다다1403,in_age_011,1354
2024,다다1403,in_age_012,1222
2024,다다1403,in_age_013,1079
2024,다다1403,in_age_014,801
2024,다다1403,in_age_015,448
2024,다다1403,in_age_016,306
2024,다다1403,in_age_017,212
2024,다다1403,in_age_018,122
2024,다다1403,in_age_019,43
2024,다다1403,in_age_020,8
2024,다다1403,in_age_021,8
2024,다다1403,in_age_031,235
2024,다다1403,in_age_032,438
2024,다다1403,in_age_033,552
2024,다다1403,in_age_034,482
2024,다다1403,in_age_035,394
2024,다다1403,in_age_036,425
2024,다다1403,in_age_037,424
2024,다다1403,in_age_038,404
2024,다다1403,in_age_039,676
2024,다다1403,in_age_040,615
2024,다다1403,in_age_041,646
2024,다다1403,in_age_042,587
2024,다다1403,in_age_043,506
2024,다다1403,in_age_044,364
2024,다다1403,in_age_045,217
2024,다다1403,in_age_046,126
2024,다다1403,in_age_047,78
2024,다다1403,in_age_048,38
2024,다다1403,in_age_049,8
2024,다다1403,in_age_050,0
2024,다다1403,in_age_061,227
2024,다다1403,in_age_062,444
2024,다다1403,in_age_063,530
2024,다다1403,in_age_064,420
2024,다다1403,in_age_065,308
2024,다다1403,in_age_066,348
2024,다다1403,in_age_067,428
2024,다다1403,in_age_068,447
2024,다다1403,in_age_069,732
2024,다다1403,in_age_070,661
2024,다다1403,in_age_071,706
2024,다다1403,in_age_072,633
2024,다다1403,in_age_073,576
2024,다다1403,in_age_074,435
2024,다다1403,in_age_075,234
2024,다다1403,in_age_076,178
2024,다다1403,in_age_077,137
2024,다다1403,in_age_078,82
2024,다다1403,in_age_079,33
2024,다다1403,in_age_080,8
2024,다다1403,in_age_081,8
2024,다다1403,to_in_001,14798
2024,다다1403,to_in_007,7221
2024,다다1403,to_in_008,7575
2024,다다1404,in_age_001,8
2024,다다1404,in_age_002,8
2024,다다1404,in_age_003,8
2024,다다1404,in_age_004,18
2024,다다1404,in_age_005,28
2024,다다1404,in_age_006,28
2024,다다1404,in_age_007,23
2024,다다1404,in_age_008,18
2024,다다1404,in_age_009,28
2024,다다1404,in_age_010,23
2024,다다1404,in_age_011,28
2024,다다1404,in_age_012,43
2024,다다1404,in_age_013,33
2024,다다1404,in_age_014,28
2024,다다1404,in_age_015,18
2024,다다1404,in_age_016,23
2024,다다1404,in_age_017,13
2024,다다1404,in_age_018,13
2024,다다1404,in_age_019,8
2024,다다1404,in_age_020,5
2024,다다1404,in_age_031,5
2024,다다1404,in_age_032,5
2024,다다1404,in_age_033,5
2024,다다1404,in_age_034,13
2024,다다1404,in_age_035,18
2024,다다1404,in_age_036,13
2024,다다1404,in_age_037,13
2024,다다1404,in_age_038,13
2024,다다1404,in_age_039,18
2024,다다1404,in_age_040,13
2024,다다1404,in_age_041,18
2024,다다1404,in_age_042,23
2024,다다1404,in_age_043,18
2024,다다1404,in_age_044,13
2024,다다1404,in_age_045,13
2024,다다1404,in_age_046,8
2024,다다1404,in_age_047,5
2024,다다1404,in_age_048,8
2024,다다1404,in_age_049,5
2024,다다1404,in_age_050,5
2024,다다1404,in_age_061,5
2024,다다1404,in_age_062,8
2024,다다1404,in_age_063,8
2024,다다1404,in_age_064,8
2024,다다1404,in_age_065,8
2024,다다1404,in_age_066,13
2024,다다1404,in_age_067,8
2024,다다1404,in_age_068,8
2024,다다1404,in_age_069,13
2024,다다1404,in_age_070,8
2024,다다1404,in_age_071,13
2024,다다1404,in_age_072,18
2024,다다1404,in_age_073,13
2024,다다1404,in_age_074,18
2024,다다1404,in_age_075,5
2024,다다1404,in_age_076,18
2024,다다1404,in_age_077,8
2024,다다1404,in_age_078,8
2024,다다1404,in_age_079,5
2024,다다1404,in_age_080,0
2024,다다1404,to_in_001,403
2024,다다1404,to_in_007,223
2024,다다1404,to_in_008,183
2024,다다1471,in_age_002,5
2024,다다1471,in_age_005,5
2024,다다1471,in_age_006,5
2024,다다1471,in_age_008,0
2024,다다1471,in_age_009,5
2024,다다1471,in_age_010,8
2024,다다1471,in_age_011,5
2024,다다1471,in_age_012,8
2024,다다1471,in_age_013,5
2024,다다1471,in_age_014,5
2024,다다1471,in_age_015,0
2024,다다1471,in_age_016,5
2024,다다1471,in_age_017,5
2024,다다1471,in_age_019,0
2024,다다1471,in_age_035,5
2024,다다1471,in_age_036,0
2024,다다1471,in_age_038,0
2024,다다1471,in_age_039,5
2024,다다1471,in_age_040,5
2024,다다1471,in_age_042,5
2024,다다1471,in_age_043,5
2024,다다1471,in_age_044,5
2024,다다1471,in_age_062,5
2024,다다1471,in_age_066,0
2024,다다1471,in_age_069,5
2024,다다1471,in_age_070,0
2024,다다1471,in_age_071,5
2024,다다1471,in_age_072,0
2024,다다1471,in_age_073,0
2024,다다1471,in_age_074,0
2024,다다1471,in_age_075,0
2024,다다1471,in_age_076,5
2024,다다1471,in_age_077,5
2024,다다1471,in_age_079,0
2024,다다1471,to_in_001,38
2024,다다1471,to_in_007,18
2024,다다1471,to_in_008,18
2024,다다1474,in_age_002,5
2024,다다1474,in_age_003,8
2024,다다1474,in_age_004,5
2024,다다1474,in_age_006,5
2024,다다1474,in_age_007,5
2024,다다1474,in_age_008,5
2024,다다1474,in_age_009,5
2024,다다1474,in_age_010,5
2024,다다1474,in_age_011,8
2024,다다1474,in_age_012,5
2024,다다1474,in_age_013,13
2024,다다1474,in_age_014,8
2024,다다1474,in_age_015,13
2024,다다1474,in_age_016,8
2024,다다1474,in_age_017,8
2024,다다1474,in_age_018,5
2024,다다1474,in_age_019,5
2024,다다1474,in_age_020,5
2024,다다1474,in_age_032,5
2024,다다1474,in_age_033,5
2024,다다1474,in_age_034,0
2024,다다1474,in_age_036,5
2024,다다1474,in_age_037,5
2024,다다1474,in_age_038,0
2024,다다1474,in_age_039,5
2024,다다1474,in_age_040,5
2024,다다1474,in_age_041,5
2024,다다1474,in_age_042,5
2024,다다1474,in_age_043,8
2024,다다1474,in_age_044,5
2024,다다1474,in_age_045,8
2024,다다1474,in_age_046,5
2024,다다1474,in_age_047,5
2024,다다1474,in_age_048,5
2024,다다1474,in_age_062,5
2024,다다1474,in_age_063,5
2024,다다1474,in_age_064,0
2024,다다1474,in_age_068,5
2024,다다1474,in_age_069,5
2024,다다1474,in_age_070,0
2024,다다1474,in_age_071,5
2024,다다1474,in_age_072,0
2024,다다1474,in_age_073,5
2024,다다1474,in_age_074,8
2024,다다1474,in_age_075,5
2024,다다1474,in_age_076,5
2024,다다1474,in_age_077,8
2024,다다1474,in_age_078,5
2024,다다1474,in_age_079,5
2024,다다1474,in_age_080,5
2024,다다1474,to_in_001,98
2024,다다1474,to_in_007,48
2024,다다1474,to_in_008,48
2024,다다1475,in_age_002,5
2024,다다1475,in_age_003,0
2024,다다1475,in_age_004,5
2024,다다1475,in_age_005,0
2024,다다1475,in_age_006,8
2024,다다1475,in_age_007,5
2024,다다1475,in_age_008,0
2024,다다1475,in_age_009,5
2024,다다1475,in_age_010,0
2024,다다1475,in_age_011,5
2024,다다1475,in_age_012,8
2024,다다1475,in_age_013,8
2024,다다1475,in_age_014,5
2024,다다1475,in_age_016,0
2024,다다1475,in_age_017,5
2024,다다1475,in_age_019,5
2024,다다1475,in_age_032,0
2024,다다1475,in_age_033,0
2024,다다1475,in_age_036,5
2024,다다1475,in_age_037,0
2024,다다1475,in_age_038,0
2024,다다1475,in_age_039,0
2024,다다1475,in_age_041,5
2024,다다1475,in_age_042,5
2024,다다1475,in_age_043,5
2024,다다1475,in_age_044,5
2024,다다1475,in_age_047,5
2024,다다1475,in_age_062,0
2024,다다1475,in_age_064,5
2024,다다1475,in_age_065,0
2024,다다1475,in_age_066,8
2024,다다1475,in_age_067,0
2024,다다1475,in_age_069,0
2024,다다1475,in_age_070,0
2024,다다1475,in_age_071,5
2024,다다1475,in_age_072,5
2024,다다1475,in_age_073,5
2024,다다1475,in_age_074,0
2024,다다1475,in_age_076,0
2024,다다1475,in_age_077,5
2024,다다1475,in_age_079,5
2024,다다1475,to_in_001,43
2024,다다1475,to_in_007,23
2024,다다1475,to_in_008,23
2024,다다1476,in_age_001,23
2024,다다1476,in_age_002,23
2024,다다1476,in_age_003,38
2024,다다1476,in_age_004,48
2024,다다1476,in_age_005,18
2024,다다1476,in_age_006,48
2024,다다1476,in_age_007,33
2024,다다1476,in_age_008,38
2024,다다1476,in_age_009,63
2024,다다1476,in_age_010,83
2024,다다1476,in_age_011,75
2024,다다1476,in_age_012,63
2024,다다1476,in_age_013,94
2024,다다1476,in_age_014,74
2024,다다1476,in_age_015,64
2024,다다1476,in_age_016,81
2024,다다1476,in_age_017,44
2024,다다1476,in_age_018,13
2024,다다1476,in_age_019,8
2024,다다1476,in_age_031,13
2024,다다1476,in_age_032,13
2024,다다1476,in_age_033,18
2024,다다1476,in_age_034,28
2024,다다1476,in_age_035,13
2024,다다1476,in_age_036,28
2024,다다1476,in_age_037,13
2024,다다1476,in_age_038,18
2024,다다1476,in_age_039,43
2024,다다1476,in_age_040,43
2024,다다1476,in_age_041,39
2024,다다1476,in_age_042,33
2024,다다1476,in_age_043,46
2024,다다1476,in_age_044,44
2024,다다1476,in_age_045,28
2024,다다1476,in_age_046,39
2024,다다1476,in_age_047,19
2024,다다1476,in_age_048,8
2024,다다1476,in_age_061,8
2024,다다1476,in_age_062,13
2024,다다1476,in_age_063,18
2024,다다1476,in_age_064,18
2024,다다1476,in_age_065,8
2024,다다1476,in_age_066,23
2024,다다1476,in_age_067,18
2024,다다1476,in_age_068,18
2024,다다1476,in_age_069,23
2024,다다1476,in_age_070,38
2024,다다1476,in_age_071,34
2024,다다1476,in_age_072,33
2024,다다1476,in_age_073,46
2024,다다1476,in_age_074,28
2024,다다1476,in_age_075,39
2024,다다1476,in_age_076,45
2024,다다1476,in_age_077,28
2024,다다1476,in_age_078,8
2024,다다1476,in_age_079,8
2024,다다1476,to_in_001,922
2024,다다1476,to_in_007,475
2024,다다1476,to_in_008,445
2024,다다1477,in_age_001,5
2024,다다1477,in_age_002,8
2024,다다1477,in_age_003,8
2024,다다1477,in_age_004,13
2024,다다1477,in_age_005,5
2024,다다1477,in_age_006,18
2024,다다1477,in_age_007,8
2024,다다1477,in_age_008,13
2024,다다1477,in_age_009,13
2024,다다1477,in_age_010,13
2024,다다1477,in_age_011,18
2024,다다1477,in_age_012,23
2024,다다1477,in_age_013,23
2024,다다1477,in_age_014,18
2024,다다1477,in_age_015,8
2024,다다1477,in_age_016,18
2024,다다1477,in_age_017,8
2024,다다1477,in_age_018,13
2024,다다1477,in_age_019,5
2024,다다1477,in_age_031,5
2024,다다1477,in_age_032,8
2024,다다1477,in_age_033,5
2024,다다1477,in_age_034,8
2024,다다1477,in_age_035,5
2024,다다1477,in_age_036,13
2024,다다1477,in_age_037,8
2024,다다1477,in_age_038,8
2024,다다1477,in_age_039,8
2024,다다1477,in_age_040,8
2024,다다1477,in_age_041,8
2024,다다1477,in_age_042,13
2024,다다1477,in_age_043,13
2024,다다1477,in_age_044,13
2024,다다1477,in_age_045,5
2024,다다1477,in_age_046,8
2024,다다1477,in_age_047,5
2024,다다1477,in_age_048,5
2024,다다1477,in_age_049,0
2024,다다1477,in_age_061,5
2024,다다1477,in_age_062,5
2024,다다1477,in_age_063,5
2024,다다1477,in_age_064,8
2024,다다1477,in_age_065,5
2024,다다1477,in_age_066,5
2024,다다1477,in_age_067,5
2024,다다1477,in_age_068,8
2024,다다1477,in_age_069,8
2024,다다1477,in_age_070,5
2024,다다1477,in_age_071,8
2024,다다1477,in_age_072,8
2024,다다1477,in_age_073,8
2024,다다1477,in_age_074,8
2024,다다1477,in_age_075,5
2024,다다1477,in_age_076,13
2024,다다1477,in_age_077,5
2024,다다1477,in_age_078,13
2024,다다1477,in_age_079,5
2024,다다1477,to_in_001,238
2024,다다1477,to_in_007,118
2024,다다1477,to_in_008,118
2024,다다1478,in_age_001,8
2024,다다1478,in_age_002,13
2024,다다1478,in_age_003,18
2024,다다1478,in_age_004,8
2024,다다1478,in_age_005,8
2024,다다1478,in_age_006,5
2024,다다1478,in_age_007,8
2024,다다1478,in_age_008,8
2024,다다1478,in_age_009,18
2024,다다1478,in_age_010,18
2024,다다1478,in_age_011,13
2024,다다1478,in_age_012,18
2024,다다1478,in_age_013,13
2024,다다1478,in_age_014,23
2024,다다1478,in_age_015,18
2024,다다1478,in_age_016,23
2024,다다1478,in_age_017,23
2024,다다1478,in_age_018,13
2024,다다1478,in_age_019,8
2024,다다1478,in_age_031,8
2024,다다1478,in_age_032,8
2024,다다1478,in_age_033,8
2024,다다1478,in_age_035,5
2024,다다1478,in_age_036,5
2024,다다1478,in_age_037,8
2024,다다1478,in_age_038,8
2024,다다1478,in_age_039,8
2024,다다1478,in_age_040,8
2024,다다1478,in_age_041,8
2024,다다1478,in_age_042,13
2024,다다1478,in_age_043,8
2024,다다1478,in_age_044,8
2024,다다1478,in_age_045,8
2024,다다1478,in_age_046,8
2024,다다1478,in_age_047,8
2024,다다1478,in_age_048,5
2024,다다1478,in_age_049,5
2024,다다1478,in_age_062,8
2024,다다1478,in_age_063,8
2024,다다1478,in_age_064,8
2024,다다1478,in_age_065,8
2024,다다1478,in_age_067,5
2024,다다1478,in_age_068,5
2024,다다1478,in_age_069,8
2024,다다1478,in_age_070,8
2024,다다1478,in_age_071,8
2024,다다1478,in_age_072,5
2024,다다1478,in_age_073,8
2024,다다1478,in_age_074,18
2024,다다1478,in_age_075,8
2024,다다1478,in_age_076,13
2024,다다1478,in_age_077,13
2024,다다1478,in_age_078,8
2024,다다1478,in_age_079,8
2024,다다1478,to_in_001,248
2024,다다1478,to_in_007,123
2024,다다1478,to_in_008,128
2024,다다1479,in_age_006,0
2024,다다1479,in_age_007,0
2024,다다1479,in_age_009,5
2024,다다1479,in_age_010,0
2024,다다1479,in_age_011,0
2024,다다1479,in_age_012,5
2024,다다1479,in_age_013,8
2024,다다1479,in_age_014,8
2024,다다1479,in_age_015,5
2024,다다1479,in_age_016,5
2024,다다1479,in_age_017,8
2024,다다1479,in_age_018,5
2024,다다1479,in_age_019,5
2024,다다1479,in_age_036,0
2024,다다1479,in_age_039,0
2024,다다1479,in_age_040,0
2024,다다1479,in_age_041,0
2024,다다1479,in_age_042,0
2024,다다1479,in_age_043,5
2024,다다1479,in_age_044,5
2024,다다1479,in_age_045,5
2024,다다1479,in_age_046,0
2024,다다1479,in_age_047,5
2024,다다1479,in_age_048,0
2024,다다1479,in_age_049,0
2024,다다1479,in_age_067,0
2024,다다1479,in_age_069,0
2024,다다1479,in_age_072,0
2024,다다1479,in_age_073,5
2024,다다1479,in_age_074,5
2024,다다1479,in_age_075,5
2024,다다1479,in_age_076,5
2024,다다1479,in_age_077,5
2024,다다1479,in_age_078,0
2024,다다1479,in_age_079,0
2024,다다1479,to_in_001,33
2024,다다1479,to_in_007,18
2024,다다1479,to_in_008,13
2024,다다1480,in_age_001,0
2024,다다1480,in_age_002,5
2024,다다1480,in_age_003,5
2024,다다1480,in_age_004,5
2024,다다1480,in_age_005,5
2024,다다1480,in_age_006,8
2024,다다1480,in_age_007,8
2024,다다1480,in_age_008,8
2024,다다1480,in_age_009,8
2024,다다1480,in_age_010,8
2024,다다1480,in_age_011,8
2024,다다1480,in_age_012,8
2024,다다1480,in_age_013,13
2024,다다1480,in_age_014,8
2024,다다1480,in_age_015,5
2024,다다1480,in_age_016,5
2024,다다1480,in_age_017,8
2024,다다1480,in_age_018,5
2024,다다1480,in_age_020,0
2024,다다1480,in_age_032,0
2024,다다1480,in_age_034,5
2024,다다1480,in_age_035,0
2024,다다1480,in_age_036,8
2024,다다1480,in_age_037,8
2024,다다1480,in_age_038,5
2024,다다1480,in_age_039,8
2024,다다1480,in_age_040,5
2024,다다1480,in_age_041,5
2024,다다1480,in_age_042,5
2024,다다1480,in_age_043,8
2024,다다1480,in_age_044,5
2024,다다1480,in_age_045,0
2024,다다1480,in_age_046,0
2024,다다1480,in_age_047,5
2024,다다1480,in_age_048,0
2024,다다1480,in_age_061,0
2024,다다1480,in_age_062,0
2024,다다1480,in_age_063,5
2024,다다1480,in_age_064,0
2024,다다1480,in_age_065,5
2024,다다1480,in_age_066,5
2024,다다1480,in_age_067,0
2024,다다1480,in_age_068,5
2024,다다1480,in_age_069,5
2024,다다1480,in_age_070,8
2024,다다1480,in_age_071,5
2024,다다1480,in_age_072,5
2024,다다1480,in_age_073,5
2024,다다1480,in_age_074,5
2024,다다1480,in_age_075,5
2024,다다1480,in_age_076,5
2024,다다1480,in_age_077,8
2024,다다1480,in_age_078,5
2024,다다1480,in_age_080,0
2024,다다1480,to_in_001,113
2024,다다1480,to_in_007,63
2024,다다1480,to_in_008,53
2024,다다1481,in_age_001,5
2024,다다1481,in_age_002,5
2024,다다1481,in_age_003,5
2024,다다1481,in_age_004,5
2024,다다1481,in_age_005,8
2024,다다1481,in_age_006,16
2024,다다1481,in_age_007,13
2024,다다1481,in_age_008,13
2024,다다1481,in_age_009,8
2024,다다1481,in_age_010,5
2024,다다1481,in_age_011,18
2024,다다1481,in_age_012,18
2024,다다1481,in_age_013,18
2024,다다1481,in_age_014,8
2024,다다1481,in_age_015,8
2024,다다1481,in_age_016,18
2024,다다1481,in_age_017,8
2024,다다1481,in_age_018,8
2024,다다1481,in_age_019,5
2024,다다1481,in_age_020,5
2024,다다1481,in_age_031,0
2024,다다1481,in_age_032,5
2024,다다1481,in_age_033,0
2024,다다1481,in_age_034,5
2024,다다1481,in_age_035,8
2024,다다1481,in_age_036,13
2024,다다1481,in_age_037,8
2024,다다1481,in_age_038,8
2024,다다1481,in_age_039,8
2024,다다1481,in_age_040,5
2024,다다1481,in_age_041,13
2024,다다1481,in_age_042,13
2024,다다1481,in_age_043,8
2024,다다1481,in_age_044,5
2024,다다1481,in_age_045,5
2024,다다1481,in_age_046,8
2024,다다1481,in_age_047,5
2024,다다1481,in_age_049,5
2024,다다1481,in_age_061,0
2024,다다1481,in_age_062,0
2024,다다1481,in_age_063,5
2024,다다1481,in_age_064,0
2024,다다1481,in_age_066,5
2024,다다1481,in_age_067,5
2024,다다1481,in_age_068,5
2024,다다1481,in_age_069,5
2024,다다1481,in_age_070,5
2024,다다1481,in_age_071,8
2024,다다1481,in_age_072,8
2024,다다1481,in_age_073,8
2024,다다1481,in_age_074,5
2024,다다1481,in_age_075,8
2024,다다1481,in_age_076,8
2024,다다1481,in_age_077,5
2024,다다1481,in_age_078,8
2024,다다1481,in_age_079,0
2024,다다1481,in_age_080,5
2024,다다1481,to_in_001,181
2024,다다1481,to_in_007,111
2024,다다1481,to_in_008,73
2024,다다1483,in_age_006,0
2024,다다1483,in_age_007,0
2024,다다1483,in_age_008,0
2024,다다1483,in_age_009,0
2024,다다1483,in_age_010,0
2024,다다1483,in_age_011,5
2024,다다1483,in_age_012,5
2024,다다1483,in_age_013,8
2024,다다1483,in_age_014,0
2024,다다1483,in_age_018,5
2024,다다1483,in_age_036,0
2024,다다1483,in_age_037,0
2024,다다1483,in_age_038,0
2024,다다1483,in_age_040,0
2024,다다1483,in_age_042,5
2024,다다1483,in_age_043,5
2024,다다1483,in_age_044,0
2024,다다1483,in_age_048,0
2024,다다1483,in_age_069,0
2024,다다1483,in_age_071,5
2024,다다1483,in_age_073,5
2024,다다1483,in_age_078,0
2024,다다1483,to_in_001,23
2024,다다1483,to_in_007,13
2024,다다1483,to_in_008,8
2024,다다1492,in_age_002,5
2024,다다1492,in_age_003,0
2024,다다1492,in_age_004,0
2024,다다1492,in_age_005,0
2024,다다1492,in_age_006,0
2024,다다1492,in_age_007,5
2024,다다1492,in_age_008,8
2024,다다1492,in_age_009,0
2024,다다1492,in_age_010,0
2024,다다1492,in_age_011,8
2024,다다1492,in_age_012,5
2024,다다1492,in_age_013,5
2024,다다1492,in_age_014,8
2024,다다1492,in_age_016,5
2024,다다1492,in_age_017,8
2024,다다1492,in_age_018,0
2024,다다1492,in_age_019,0
2024,다다1492,in_age_020,0
2024,다다1492,in_age_032,0
2024,다다1492,in_age_033,0
2024,다다1492,in_age_035,0
2024,다다1492,in_age_036,0
2024,다다1492,in_age_037,5
2024,다다1492,in_age_038,5
2024,다다1492,in_age_039,0
2024,다다1492,in_age_040,0
2024,다다1492,in_age_041,5
2024,다다1492,in_age_042,5
2024,다다1492,in_age_043,5
2024,다다1492,in_age_044,5
2024,다다1492,in_age_046,5
2024,다다1492,in_age_062,0
2024,다다1492,in_age_064,0
2024,다다1492,in_age_068,5
2024,다다1492,in_age_071,5
2024,다다1492,in_age_072,5
2024,다다1492,in_age_074,8
2024,다다1492,in_age_076,5
2024,다다1492,in_age_077,8
2024,다다1492,in_age_078,0
2024,다다1492,in_age_079,0
2024,다다1492,in_age_080,0
2024,다다1492,to_in_001,48
2024,다다1492,to_in_007,28
2024,다다1492,to_in_008,18
2024,다다1495,in_age_012,0
2024,다다1495,in_age_013,0
2024,다다1495,in_age_014,0
2024,다다1495,in_age_015,0
2024,다다1495,in_age_043,0
2024,다다1495,in_age_045,0
2024,다다1495,in_age_072,0
2024,다다1495,in_age_074,0
2024,다다1495,to_in_001,5
2024,다다1495,to_in_007,5
2024,다다1495,to_in_008,5
2024,다다1497,in_age_012,0
2024,다다1497,in_age_014,5
2024,다다1497,in_age_044,0
2024,다다1497,in_age_072,0
2024,다다1497,in_age_074,5
2024,다다1497,to_in_001,5
2024,다다1497,to_in_007,0
2024,다다1497,to_in_008,5
2024,다다1499,in_age_005,5
2024,다다1499,in_age_006,5
2024,다다1499,in_age_007,5
2024,다다1499,in_age_008,5
2024,다다1499,in_age_009,0
2024,다다1499,in_age_010,0
2024,다다1499,in_age_011,5
2024,다다1499,in_age_012,8
2024,다다1499,in_age_013,5
2024,다다1499,in_age_014,0
2024,다다1499,in_age_015,5
2024,다다1499,in_age_017,0
2024,다다1499,in_age_035,5
2024,다다1499,in_age_036,5
2024,다다1499,in_age_037,0
2024,다다1499,in_age_038,5
2024,다다1499,in_age_039,0
2024,다다1499,in_age_041,0
2024,다다1499,in_age_042,5
2024,다다1499,in_age_047,0
2024,다다1499,in_age_066,0
2024,다다1499,in_age_067,0
2024,다다1499,in_age_070,0
2024,다다1499,in_age_071,0
2024,다다1499,in_age_072,5
2024,다다1499,in_age_073,5
2024,다다1499,in_age_074,0
2024,다다1499,in_age_075,5
2024,다다1499,to_in_001,23
2024,다다1499,to_in_007,13
2024,다다1499,to_in_008,8
2024,다다1500,in_age_001,89
2024,다다1500,in_age_002,112
2024,다다1500,in_age_003,87
2024,다다1500,in_age_004,69
2024,다다1500,in_age_005,65
2024,다다1500,in_age_006,129
2024,다다1500,in_age_007,183
2024,다다1500,in_age_008,152
2024,다다1500,in_age_009,142
2024,다다1500,in_age_010,150
2024,다다1500,in_age_011,148
2024,다다1500,in_age_012,154
2024,다다1500,in_age_013,102
2024,다다1500,in_age_014,86
2024,다다1500,in_age_015,62
2024,다다1500,in_age_016,55
2024,다다1500,in_age_017,43
2024,다다1500,in_age_018,28
2024,다다1500,in_age_019,8
2024,다다1500,in_age_020,0
2024,다다1500,in_age_031,39
2024,다다1500,in_age_032,57
2024,다다1500,in_age_033,45
2024,다다1500,in_age_034,43
2024,다다1500,in_age_035,28
2024,다다1500,in_age_036,66
2024,다다1500,in_age_037,92
2024,다다1500,in_age_038,80
2024,다다1500,in_age_039,73
2024,다다1500,in_age_040,72
2024,다다1500,in_age_041,72
2024,다다1500,in_age_042,88
2024,다다1500,in_age_043,57
2024,다다1500,in_age_044,38
2024,다다1500,in_age_045,32
2024,다다1500,in_age_046,24
2024,다다1500,in_age_047,13
2024,다다1500,in_age_048,8
2024,다다1500,in_age_061,53
2024,다다1500,in_age_062,53
2024,다다1500,in_age_063,45
2024,다다1500,in_age_064,29
2024,다다1500,in_age_065,35
2024,다다1500,in_age_066,61
2024,다다1500,in_age_067,89
2024,다다1500,in_age_068,70
2024,다다1500,in_age_069,67
2024,다다1500,in_age_070,76
2024,다다1500,in_age_071,74
2024,다다1500,in_age_072,69
2024,다다1500,in_age_073,43
2024,다다1500,in_age_074,51
2024,다다1500,in_age_075,28
2024,다다1500,in_age_076,29
2024,다다1500,in_age_077,33
2024,다다1500,in_age_078,18
2024,다다1500,in_age_079,8
2024,다다1500,in_age_080,0
2024,다다1500,to_in_001,1850
2024,다다1500,to_in_007,916
2024,다다1500,to_in_008,932
2024,다다1501,in_age_001,70
2024,다다1501,in_age_002,56
2024,다다1501,in_age_003,61
2024,다다1501,in_age_004,38
2024,다다1501,in_age_005,28
2024,다다1501,in_age_006,59
2024,다다1501,in_age_007,82
2024,다다1501,in_age_008,81
2024,다다1501,in_age_009,110
2024,다다1501,in_age_010,56
2024,다다1501,in_age_011,80
2024,다다1501,in_age_012,68
2024,다다1501,in_age_013,45
2024,다다1501,in_age_014,39
2024,다다1501,in_age_015,18
2024,다다1501,in_age_016,13
2024,다다1501,in_age_017,8
2024,다다1501,in_age_018,5
2024,다다1501,in_age_031,48
2024,다다1501,in_age_032,28
2024,다다1501,in_age_033,36
2024,다다1501,in_age_034,18
2024,다다1501,in_age_035,13
2024,다다1501,in_age_036,31
2024,다다1501,in_age_037,49
2024,다다1501,in_age_038,39
2024,다다1501,in_age_039,61
2024,다다1501,in_age_040,31
2024,다다1501,in_age_041,37
2024,다다1501,in_age_042,31
2024,다다1501,in_age_043,24
2024,다다1501,in_age_044,24
2024,다다1501,in_age_045,8
2024,다다1501,in_age_046,8
2024,다다1501,in_age_047,0
2024,다다1501,in_age_048,5
2024,다다1501,in_age_061,25
2024,다다1501,in_age_062,26
2024,다다1501,in_age_063,23
2024,다다1501,in_age_064,18
2024,다다1501,in_age_065,13
2024,다다1501,in_age_066,31
2024,다다1501,in_age_067,36
2024,다다1501,in_age_068,40
2024,다다1501,in_age_069,47
2024,다다1501,in_age_070,23
2024,다다1501,in_age_071,41
2024,다다1501,in_age_072,35
2024,다다1501,in_age_073,19
2024,다다1501,in_age_074,18
2024,다다1501,in_age_075,8
2024,다다1501,in_age_076,8
2024,다다1501,in_age_077,8
2024,다다1501,in_age_078,0
2024,다다1501,to_in_001,919
2024,다다1501,to_in_007,496
2024,다다1501,to_in_008,426
2024,다다1502,in_age_001,187
2024,다다1502,in_age_002,317
2024,다다1502,in_age_003,419
2024,다다1502,in_age_004,308
2024,다다1502,in_age_005,219
2024,다다1502,in_age_006,270
2024,다다1502,in_age_007,304
2024,다다1502,in_age_008,346
2024,다다1502,in_age_009,523
2024,다다1502,in_age_010,479
2024,다다1502,in_age_011,492
2024,다다1502,in_age_012,399
2024,다다1502,in_age_013,367
2024,다다1502,in_age_014,313
2024,다다1502,in_age_015,232
2024,다다1502,in_age_016,171
2024,다다1502,in_age_017,111
2024,다다1502,in_age_018,68
2024,다다1502,in_age_019,13
2024,다다1502,in_age_020,5
2024,다다1502,in_age_021,5
2024,다다1502,in_age_031,85
2024,다다1502,in_age_032,167
2024,다다1502,in_age_033,232
2024,다다1502,in_age_034,170
2024,다다1502,in_age_035,128
2024,다다1502,in_age_036,132
2024,다다1502,in_age_037,137
2024,다다1502,in_age_038,168
2024,다다1502,in_age_039,259
2024,다다1502,in_age_040,227
2024,다다1502,in_age_041,225
2024,다다1502,in_age_042,195
2024,다다1502,in_age_043,162
2024,다다1502,in_age_044,129
2024,다다1502,in_age_045,103
2024,다다1502,in_age_046,70
2024,다다1502,in_age_047,39
2024,다다1502,in_age_048,23
2024,다다1502,in_age_049,8
2024,다다1502,in_age_050,0
2024,다다1502,in_age_061,100
2024,다다1502,in_age_062,148
2024,다다1502,in_age_063,185
2024,다다1502,in_age_064,136
2024,다다1502,in_age_065,89
2024,다다1502,in_age_066,136
2024,다다1502,in_age_067,165
2024,다다1502,in_age_068,176
2024,다다1502,in_age_069,262
2024,다다1502,in_age_070,250
2024,다다1502,in_age_071,265
2024,다다1502,in_age_072,207
2024,다다1502,in_age_073,203
2024,다다1502,in_age_074,182
2024,다다1502,in_age_075,132
2024,다다1502,in_age_076,99
2024,다다1502,in_age_077,75
2024,다다1502,in_age_078,48
2024,다다1502,in_age_079,8
2024,다다1502,in_age_080,5
2024,다다1502,in_age_081,5
2024,다다1502,to_in_001,5544
2024,다다1502,to_in_007,2665
2024,다다1502,to_in_008,2877
2024,다다1503,in_age_001,261
2024,다다1503,in_age_002,409
2024,다다1503,in_age_003,459
2024,다다1503,in_age_004,308
2024,다다1503,in_age_005,174
2024,다다1503,in_age_006,232
2024,다다1503,in_age_007,355
2024,다다1503,in_age_008,430
2024,다다1503,in_age_009,601
2024,다다1503,in_age_010,481
2024,다다1503,in_age_011,405
2024,다다1503,in_age_012,302
2024,다다1503,in_age_013,249
2024,다다1503,in_age_014,163
2024,다다1503,in_age_015,98
2024,다다1503,in_age_016,79
2024,다다1503,in_age_017,38
2024,다다1503,in_age_018,23
2024,다다1503,in_age_019,8
2024,다다1503,in_age_020,5
2024,다다1503,in_age_031,146
2024,다다1503,in_age_032,207
2024,다다1503,in_age_033,253
2024,다다1503,in_age_034,157
2024,다다1503,in_age_035,93
2024,다다1503,in_age_036,109
2024,다다1503,in_age_037,183
2024,다다1503,in_age_038,214
2024,다다1503,in_age_039,305
2024,다다1503,in_age_040,256
2024,다다1503,in_age_041,206
2024,다다1503,in_age_042,146
2024,다다1503,in_age_043,135
2024,다다1503,in_age_044,75
2024,다다1503,in_age_045,38
2024,다다1503,in_age_046,43
2024,다다1503,in_age_047,13
2024,다다1503,in_age_048,8
2024,다다1503,in_age_049,0
2024,다다1503,in_age_061,118
2024,다다1503,in_age_062,200
2024,다다1503,in_age_063,204
2024,다다1503,in_age_064,149
2024,다다1503,in_age_065,79
2024,다다1503,in_age_066,121
2024,다다1503,in_age_067,175
2024,다다1503,in_age_068,219
2024,다다1503,in_age_069,299
2024,다다1503,in_age_070,223
2024,다다1503,in_age_071,202
2024,다다1503,in_age_072,159
2024,다다1503,in_age_073,112
2024,다다1503,in_age_074,86
2024,다다1503,in_age_075,58
2024,다다1503,in_age_076,34
2024,다다1503,in_age_077,23
2024,다다1503,in_age_078,13
2024,다다1503,in_age_079,8
2024,다다1503,in_age_080,5
2024,다다1503,to_in_001,5071
2024,다다1503,to_in_007,2581
2024,다다1503,to_in_008,2488
2024,다다1504,in_age_001,84
2024,다다1504,in_age_002,115
2024,다다1504,in_age_003,154
2024,다다1504,in_age_004,121
2024,다다1504,in_age_005,130
2024,다다1504,in_age_006,193
2024,다다1504,in_age_007,204
2024,다다1504,in_age_008,206
2024,다다1504,in_age_009,223
2024,다다1504,in_age_010,197
2024,다다1504,in_age_011,257
2024,다다1504,in_age_012,261
2024,다다1504,in_age_013,241
2024,다다1504,in_age_014,197
2024,다다1504,in_age_015,97
2024,다다1504,in_age_016,73
2024,다다1504,in_age_017,68
2024,다다1504,in_age_018,59
2024,다다1504,in_age_019,33
2024,다다1504,in_age_020,8
2024,다다1504,in_age_021,8
2024,다다1504,in_age_031,45
2024,다다1504,in_age_032,58
2024,다다1504,in_age_033,83
2024,다다1504,in_age_034,68
2024,다다1504,in_age_035,85
2024,다다1504,in_age_036,106
2024,다다1504,in_age_037,114
2024,다다1504,in_age_038,110
2024,다다1504,in_age_039,131
2024,다다1504,in_age_040,106
2024,다다1504,in_age_041,148
2024,다다1504,in_age_042,141
2024,다다1504,in_age_043,124
2024,다다1504,in_age_044,97
2024,다다1504,in_age_045,43
2024,다다1504,in_age_046,28
2024,다다1504,in_age_047,13
2024,다다1504,in_age_048,13
2024,다다1504,in_age_049,5
2024,다다1504,in_age_061,42
2024,다다1504,in_age_062,55
2024,다다1504,in_age_063,69
2024,다다1504,in_age_064,56
2024,다다1504,in_age_065,43
2024,다다1504,in_age_066,90
2024,다다1504,in_age_067,93
2024,다다1504,in_age_068,94
2024,다다1504,in_age_069,95
2024,다다1504,in_age_070,89
2024,다다1504,in_age_071,107
2024,다다1504,in_age_072,118
2024,다다1504,in_age_073,115
2024,다다1504,in_age_074,98
2024,다다1504,in_age_075,52
2024,다다1504,in_age_076,43
2024,다다1504,in_age_077,53
2024,다다1504,in_age_078,44
2024,다다1504,in_age_079,28
2024,다다1504,in_age_080,8
2024,다다1504,in_age_081,8
2024,다다1504,to_in_001,2919
2024,다다1504,to_in_007,1522
2024,다다1504,to_in_008,1400
2024,다다1574,in_age_001,5
2024,다다1574,in_age_002,8
2024,다다1574,in_age_003,13
2024,다다1574,in_age_004,5
2024,다다1574,in_age_005,8
2024,다다1574,in_age_006,8
2024,다다1574,in_age_007,13
2024,다다1574,in_age_008,23
2024,다다1574,in_age_009,8
2024,다다1574,in_age_010,13
2024,다다1574,in_age_011,13
2024,다다1574,in_age_012,8
2024,다다1574,in_age_013,13
2024,다다1574,in_age_014,23
2024,다다1574,in_age_015,18
2024,다다1574,in_age_016,8
2024,다다1574,in_age_017,8
2024,다다1574,in_age_018,8
2024,다다1574,in_age_019,5
2024,다다1574,in_age_020,5
2024,다다1574,in_age_031,5
2024,다다1574,in_age_032,8
2024,다다1574,in_age_033,8
2024,다다1574,in_age_034,5
2024,다다1574,in_age_035,8
2024,다다1574,in_age_036,8
2024,다다1574,in_age_037,8
2024,다다1574,in_age_038,13
2024,다다1574,in_age_039,8
2024,다다1574,in_age_040,8
2024,다다1574,in_age_041,8
2024,다다1574,in_age_042,8
2024,다다1574,in_age_043,8
2024,다다1574,in_age_044,13
2024,다다1574,in_age_045,8
2024,다다1574,in_age_046,5
2024,다다1574,in_age_047,5
2024,다다1574,in_age_048,5
2024,다다1574,in_age_061,5
2024,다다1574,in_age_062,5
2024,다다1574,in_age_063,5
2024,다다1574,in_age_064,0
2024,다다1574,in_age_065,5
2024,다다1574,in_age_066,5
2024,다다1574,in_age_067,5
2024,다다1574,in_age_068,8
2024,다다1574,in_age_069,5
2024,다다1574,in_age_070,8
2024,다다1574,in_age_071,5
2024,다다1574,in_age_072,0
2024,다다1574,in_age_073,8
2024,다다1574,in_age_074,13
2024,다다1574,in_age_075,8
2024,다다1574,in_age_076,5
2024,다다1574,in_age_077,8
2024,다다1574,in_age_078,8
2024,다다1574,in_age_079,5
2024,다다1574,in_age_080,5
2024,다다1574,to_in_001,213
2024,다다1574,to_in_007,118
2024,다다1574,to_in_008,93
2024,다다1575,in_age_002,5
2024,다다1575,in_age_003,5
2024,다다1575,in_age_004,0
2024,다다1575,in_age_005,5
2024,다다1575,in_age_006,5
2024,다다1575,in_age_007,8
2024,다다1575,in_age_008,5
2024,다다1575,in_age_009,5
2024,다다1575,in_age_010,5
2024,다다1575,in_age_012,5
2024,다다1575,in_age_013,5
2024,다다1575,in_age_014,5
2024,다다1575,in_age_015,5
2024,다다1575,in_age_016,5
2024,다다1575,in_age_032,0
2024,다다1575,in_age_034,0
2024,다다1575,in_age_035,5
2024,다다1575,in_age_036,5
2024,다다1575,in_age_037,8
2024,다다1575,in_age_038,5
2024,다다1575,in_age_039,5
2024,다다1575,in_age_040,0
2024,다다1575,in_age_042,5
2024,다다1575,in_age_043,5
2024,다다1575,in_age_044,5
2024,다다1575,in_age_045,5
2024,다다1575,in_age_062,0
2024,다다1575,in_age_063,5
2024,다다1575,in_age_068,5
2024,다다1575,in_age_069,0
2024,다다1575,in_age_070,5
2024,다다1575,in_age_072,0
2024,다다1575,in_age_074,5
2024,다다1575,in_age_076,5
2024,다다1575,to_in_001,48
2024,다다1575,to_in_007,33
2024,다다1575,to_in_008,13
2024,다다1576,in_age_002,0
2024,다다1576,in_age_003,5
2024,다다1576,in_age_005,5
2024,다다1576,in_age_006,8
2024,다다1576,in_age_007,5
2024,다다1576,in_age_008,5
2024,다다1576,in_age_009,5
2024,다다1576,in_age_010,5
2024,다다1576,in_age_011,5
2024,다다1576,in_age_012,5
2024,다다1576,in_age_013,5
2024,다다1576,in_age_015,0
2024,다다1576,in_age_017,5
2024,다다1576,in_age_033,5
2024,다다1576,in_age_035,5
2024,다다1576,in_age_036,5
2024,다다1576,in_age_037,5
2024,다다1576,in_age_038,5
2024,다다1576,in_age_039,5
2024,다다1576,in_age_040,0
2024,다다1576,in_age_041,5
2024,다다1576,in_age_042,5
2024,다다1576,in_age_043,5
2024,다다1576,in_age_062,0
2024,다다1576,in_age_063,0
2024,다다1576,in_age_066,5
2024,다다1576,in_age_067,0
2024,다다1576,in_age_068,5
2024,다다1576,in_age_070,5
2024,다다1576,in_age_071,5
2024,다다1576,in_age_072,5
2024,다다1576,in_age_075,0
2024,다다1576,in_age_077,5
2024,다다1576,to_in_001,38
2024,다다1576,to_in_007,23
2024,다다1576,to_in_008,18
2024,다다1577,in_age_009,5
2024,다다1577,in_age_039,5
2024,다다1577,to_in_001,5
2024,다다1577,to_in_007,5
2024,다다1577,to_in_008,0
2024,다다1579,in_age_008,0
2024,다다1579,in_age_009,5
2024,다다1579,in_age_010,5
2024,다다1579,in_age_011,5
2024,다다1579,in_age_012,5
2024,다다1579,in_age_014,5
2024,다다1579,in_age_016,5
2024,다다1579,in_age_017,0
2024,다다1579,in_age_019,0
2024,다다1579,in_age_038,0
2024,다다1579,in_age_039,5
2024,다다1579,in_age_040,0
2024,다다1579,in_age_041,5
2024,다다1579,in_age_049,0
2024,다다1579,in_age_070,0
2024,다다1579,in_age_072,5
2024,다다1579,in_age_074,5
2024,다다1579,in_age_076,5
2024,다다1579,in_age_077,0
2024,다다1579,to_in_001,13
2024,다다1579,to_in_007,8
2024,다다1579,to_in_008,8
2024,다다1580,in_age_001,5
2024,다다1580,in_age_002,5
2024,다다1580,in_age_003,8
2024,다다1580,in_age_004,8
2024,다다1580,in_age_005,5
2024,다다1580,in_age_006,8
2024,다다1580,in_age_007,5
2024,다다1580,in_age_008,8
2024,다다1580,in_age_009,13
2024,다다1580,in_age_010,8
2024,다다1580,in_age_011,8
2024,다다1580,in_age_012,28
2024,다다1580,in_age_013,23
2024,다다1580,in_age_014,13
2024,다다1580,in_age_015,18
2024,다다1580,in_age_016,23
2024,다다1580,in_age_017,13
2024,다다1580,in_age_018,13
2024,다다1580,in_age_019,8
2024,다다1580,in_age_031,0
2024,다다1580,in_age_032,5
2024,다다1580,in_age_033,5
2024,다다1580,in_age_034,5
2024,다다1580,in_age_035,0
2024,다다1580,in_age_036,5
2024,다다1580,in_age_037,5
2024,다다1580,in_age_038,8
2024,다다1580,in_age_039,8
2024,다다1580,in_age_040,5
2024,다다1580,in_age_041,8
2024,다다1580,in_age_042,13
2024,다다1580,in_age_043,8
2024,다다1580,in_age_044,8
2024,다다1580,in_age_045,13
2024,다다1580,in_age_046,13
2024,다다1580,in_age_047,5
2024,다다1580,in_age_048,5
2024,다다1580,in_age_049,5
2024,다다1580,in_age_061,0
2024,다다1580,in_age_062,5
2024,다다1580,in_age_063,5
2024,다다1580,in_age_064,5
2024,다다1580,in_age_065,5
2024,다다1580,in_age_066,5
2024,다다1580,in_age_068,5
2024,다다1580,in_age_069,5
2024,다다1580,in_age_070,5
2024,다다1580,in_age_071,5
2024,다다1580,in_age_072,13
2024,다다1580,in_age_073,13
2024,다다1580,in_age_074,8
2024,다다1580,in_age_075,8
2024,다다1580,in_age_076,13
2024,다다1580,in_age_077,8
2024,다다1580,in_age_078,8
2024,다다1580,in_age_079,5
2024,다다1580,to_in_001,213
2024,다다1580,to_in_007,103
2024,다다1580,to_in_008,108
2024,다다1581,in_age_004,0
2024,다다1581,in_age_009,0
2024,다다1581,in_age_010,0
2024,다다1581,in_age_012,5
2024,다다1581,in_age_013,5
2024,다다1581,in_age_014,5
2024,다다1581,in_age_015,0
2024,다다1581,in_age_016,0
2024,다다1581,in_age_034,0
2024,다다1581,in_age_039,0
2024,다다1581,in_age_042,5
2024,다다1581,in_age_043,0
2024,다다1581,in_age_044,0
2024,다다1581,in_age_045,0
2024,다다1581,in_age_046,0
2024,다다1581,in_age_070,0
2024,다다1581,in_age_072,0
2024,다다1581,in_age_073,0
2024,다다1581,in_age_074,0
2024,다다1581,to_in_001,13
2024,다다1581,to_in_007,8
2024,다다1581,to_in_008,5
2024,다다1589,in_age_002,5
2024,다다1589,in_age_004,0
2024,다다1589,in_age_005,5
2024,다다1589,in_age_006,5
2024,다다1589,in_age_007,5
2024,다다1589,in_age_008,5
2024,다다1589,in_age_009,5
2024,다다1589,in_age_010,5
2024,다다1589,in_age_011,0
2024,다다1589,in_age_014,0
2024,다다1589,in_age_015,0
2024,다다1589,in_age_017,5
2024,다다1589,in_age_032,0
2024,다다1589,in_age_035,5
2024,다다1589,in_age_036,5
2024,다다1589,in_age_037,5
2024,다다1589,in_age_038,5
2024,다다1589,in_age_039,5
2024,다다1589,in_age_040,0
2024,다다1589,in_age_041,0
2024,다다1589,in_age_045,0
2024,다다1589,in_age_047,0
2024,다다1589,in_age_062,5
2024,다다1589,in_age_064,0
2024,다다1589,in_age_070,0
2024,다다1589,in_age_074,0
2024,다다1589,in_age_077,5
2024,다다1589,to_in_001,28
2024,다다1589,to_in_007,23
2024,다다1589,to_in_008,8
2024,다다1592,in_age_003,5
2024,다다1592,in_age_004,5
2024,다다1592,in_age_005,5
2024,다다1592,in_age_006,5
2024,다다1592,in_age_007,5
2024,다다1592,in_age_008,0
2024,다다1592,in_age_009,5
2024,다다1592,in_age_010,8
2024,다다1592,in_age_011,8
2024,다다1592,in_age_012,8
2024,다다1592,in_age_013,13
2024,다다1592,in_age_014,8
2024,다다1592,in_age_015,13
2024,다다1592,in_age_016,8
2024,다다1592,in_age_017,8
2024,다다1592,in_age_018,8
2024,다다1592,in_age_033,5
2024,다다1592,in_age_034,5
2024,다다1592,in_age_035,5
2024,다다1592,in_age_037,0
2024,다다1592,in_age_040,8
2024,다다1592,in_age_041,5
2024,다다1592,in_age_042,5
2024,다다1592,in_age_043,8
2024,다다1592,in_age_044,5
2024,다다1592,in_age_045,5
2024,다다1592,in_age_046,5
2024,다다1592,in_age_047,5
2024,다다1592,in_age_048,5
2024,다다1592,in_age_064,5
2024,다다1592,in_age_066,5
2024,다다1592,in_age_067,5
2024,다다1592,in_age_068,0
2024,다다1592,in_age_069,5
2024,다다1592,in_age_070,0
2024,다다1592,in_age_071,5
2024,다다1592,in_age_072,5
2024,다다1592,in_age_073,8
2024,다다1592,in_age_074,5
2024,다다1592,in_age_075,8
2024,다다1592,in_age_076,5
2024,다다1592,in_age_077,5
2024,다다1592,in_age_078,5
2024,다다1592,to_in_001,88
2024,다다1592,to_in_007,43
2024,다다1592,to_in_008,43
2024,다다1594,in_age_003,0
2024,다다1594,in_age_004,0
2024,다다1594,in_age_008,0
2024,다다1594,in_age_014,5
2024,다다1594,in_age_015,0
2024,다다1594,in_age_016,5
2024,다다1594,in_age_017,5
2024,다다1594,in_age_018,5
2024,다다1594,in_age_034,0
2024,다다1594,in_age_045,0
2024,다다1594,in_age_048,0
2024,다다1594,in_age_063,0
2024,다다1594,in_age_068,0
2024,다다1594,in_age_074,5
2024,다다1594,in_age_076,5
2024,다다1594,in_age_077,5
2024,다다1594,in_age_078,0
2024,다다1594,to_in_001,13
2024,다다1594,to_in_007,5
2024,다다1594,to_in_008,8
2024,다다1595,in_age_013,5
2024,다다1595,in_age_014,5
2024,다다1595,in_age_044,5
2024,다다1595,in_age_073,5
2024,다다1595,to_in_001,5
2024,다다1595,to_in_007,5
2024,다다1595,to_in_008,5
2024,다다1596,in_age_003,5
2024,다다1596,in_age_008,5
2024,다다1596,in_age_009,0
2024,다다1596,in_age_010,5
2024,다다1596,in_age_011,5
2024,다다1596,in_age_012,5
2024,다다1596,in_age_013,8
2024,다다1596,in_age_014,5
2024,다다1596,in_age_016,5
2024,다다1596,in_age_017,5
2024,다다1596,in_age_018,5
2024,다다1596,in_age_019,0
2024,다다1596,in_age_033,0
2024,다다1596,in_age_040,5
2024,다다1596,in_age_041,0
2024,다다1596,in_age_042,5
2024,다다1596,in_age_043,8
2024,다다1596,in_age_044,5
2024,다다1596,in_age_046,0
2024,다다1596,in_age_063,0
2024,다다1596,in_age_068,5
2024,다다1596,in_age_069,0
2024,다다1596,in_age_070,0
2024,다다1596,in_age_071,5
2024,다다1596,in_age_073,5
2024,다다1596,in_age_076,5
2024,다다1596,in_age_077,5
2024,다다1596,in_age_078,5
2024,다다1596,in_age_079,0
2024,다다1596,to_in_001,28
2024,다다1596,to_in_007,13
2024,다다1596,to_in_008,13
2024,다다1599,in_age_007,0
2024,다다1599,in_age_009,0
2024,다다1599,in_age_010,0
2024,다다1599,in_age_011,5
2024,다다1599,in_age_014,0
2024,다다1599,in_age_015,0
2024,다다1599,in_age_037,0
2024,다다1599,in_age_039,0
2024,다다1599,in_age_040,0
2024,다다1599,in_age_044,0
2024,다다1599,in_age_045,0
2024,다다1599,in_age_071,5
2024,다다1599,to_in_001,8
2024,다다1599,to_in_007,8
2024,다다1599,to_in_008,5
2024,다다1600,in_age_001,23
2024,다다1600,in_age_002,35
2024,다다1600,in_age_003,35
2024,다다1600,in_age_004,38
2024,다다1600,in_age_005,38
2024,다다1600,in_age_006,33
2024,다다1600,in_age_007,53
2024,다다1600,in_age_008,39
2024,다다1600,in_age_009,57
2024,다다1600,in_age_010,69
2024,다다1600,in_age_011,76
2024,다다1600,in_age_012,60
2024,다다1600,in_age_013,48
2024,다다1600,in_age_014,33
2024,다다1600,in_age_015,28
2024,다다1600,in_age_016,13
2024,다다1600,in_age_017,13
2024,다다1600,in_age_018,8
2024,다다1600,in_age_019,5
2024,다다1600,in_age_020,0
2024,다다1600,in_age_031,13
2024,다다1600,in_age_032,18
2024,다다1600,in_age_033,20
2024,다다1600,in_age_034,18
2024,다다1600,in_age_035,13
2024,다다1600,in_age_036,18
2024,다다1600,in_age_037,28
2024,다다1600,in_age_038,18
2024,다다1600,in_age_039,24
2024,다다1600,in_age_040,38
2024,다다1600,in_age_041,36
2024,다다1600,in_age_042,30
2024,다다1600,in_age_043,23
2024,다다1600,in_age_044,18
2024,다다1600,in_age_045,13
2024,다다1600,in_age_046,5
2024,다다1600,in_age_047,8
2024,다다1600,in_age_048,0
2024,다다1600,in_age_061,13
2024,다다1600,in_age_062,15
2024,다다1600,in_age_063,18
2024,다다1600,in_age_064,18
2024,다다1600,in_age_065,23
2024,다다1600,in_age_066,18
2024,다다1600,in_age_067,28
2024,다다1600,in_age_068,19
2024,다다1600,in_age_069,31
2024,다다1600,in_age_070,29
2024,다다1600,in_age_071,38
2024,다다1600,in_age_072,28
2024,다다1600,in_age_073,23
2024,다다1600,in_age_074,13
2024,다다1600,in_age_075,18
2024,다다1600,in_age_076,8
2024,다다1600,in_age_077,8
2024,다다1600,in_age_078,8
2024,다다1600,in_age_079,5
2024,다다1600,in_age_080,0
2024,다다1600,to_in_001,698
2024,다다1600,to_in_007,346
2024,다다1600,to_in_008,350
2024,다다1601,in_age_001,51
2024,다다1601,in_age_002,52
2024,다다1601,in_age_003,33
2024,다다1601,in_age_004,18
2024,다다1601,in_age_005,18
2024,다다1601,in_age_006,31
2024,다다1601,in_age_007,75
2024,다다1601,in_age_008,78
2024,다다1601,in_age_009,89
2024,다다1601,in_age_010,47
2024,다다1601,in_age_011,45
2024,다다1601,in_age_012,33
2024,다다1601,in_age_013,28
2024,다다1601,in_age_014,18
2024,다다1601,in_age_015,8
2024,다다1601,in_age_016,8
2024,다다1601,in_age_017,5
2024,다다1601,in_age_018,0
2024,다다1601,in_age_031,20
2024,다다1601,in_age_032,28
2024,다다1601,in_age_033,19
2024,다다1601,in_age_034,13
2024,다다1601,in_age_035,13
2024,다다1601,in_age_036,13
2024,다다1601,in_age_037,40
2024,다다1601,in_age_038,39
2024,다다1601,in_age_039,42
2024,다다1601,in_age_040,31
2024,다다1601,in_age_041,25
2024,다다1601,in_age_042,18
2024,다다1601,in_age_043,13
2024,다다1601,in_age_044,5
2024,다다1601,in_age_045,8
2024,다다1601,in_age_046,5
2024,다다1601,in_age_047,5
2024,다다1601,in_age_048,0
2024,다다1601,in_age_061,29
2024,다다1601,in_age_062,27
2024,다다1601,in_age_063,19
2024,다다1601,in_age_064,8
2024,다다1601,in_age_065,8
2024,다다1601,in_age_066,21
2024,다다1601,in_age_067,33
2024,다다1601,in_age_068,37
2024,다다1601,in_age_069,50
2024,다다1601,in_age_070,19
2024,다다1601,in_age_071,18
2024,다다1601,in_age_072,13
2024,다다1601,in_age_073,13
2024,다다1601,in_age_074,13
2024,다다1601,in_age_075,5
2024,다다1601,in_age_076,5
2024,다다1601,in_age_077,0
2024,다다1601,to_in_001,637
2024,다다1601,to_in_007,328
2024,다다1601,to_in_008,307
2024,다다1602,in_age_005,0
2024,다다1602,in_age_006,5
2024,다다1602,in_age_007,5
2024,다다1602,in_age_008,0
2024,다다1602,in_age_012,0
2024,다다1602,in_age_013,5
2024,다다1602,in_age_014,5
2024,다다1602,in_age_035,0
2024,다다1602,in_age_036,5
2024,다다1602,in_age_037,5
2024,다다1602,in_age_038,0
2024,다다1602,in_age_043,5
2024,다다1602,in_age_044,5
2024,다다1602,in_age_072,0
2024,다다1602,in_age_074,0
2024,다다1602,to_in_001,13
2024,다다1602,to_in_007,8
2024,다다1602,to_in_008,5
2024,다다1603,in_age_002,0
2024,다다1603,in_age_003,5
2024,다다1603,in_age_004,5
2024,다다1603,in_age_005,5
2024,다다1603,in_age_006,5
2024,다다1603,in_age_007,5
2024,다다1603,in_age_010,5
2024,다다1603,in_age_011,5
2024,다다1603,in_age_012,5
2024,다다1603,in_age_013,8
2024,다다1603,in_age_017,5
2024,다다1603,in_age_033,0
2024,다다1603,in_age_034,5
2024,다다1603,in_age_035,0
2024,다다1603,in_age_036,5
2024,다다1603,in_age_037,0
2024,다다1603,in_age_040,5
2024,다다1603,in_age_041,0
2024,다다1603,in_age_042,5
2024,다다1603,in_age_043,8
2024,다다1603,in_age_047,0
2024,다다1603,in_age_062,0
2024,다다1603,in_age_063,5
2024,다다1603,in_age_065,5
2024,다다1603,in_age_066,0
2024,다다1603,in_age_067,5
2024,다다1603,in_age_070,5
2024,다다1603,in_age_071,5
2024,다다1603,in_age_072,5
2024,다다1603,in_age_073,5
2024,다다1603,in_age_077,0
2024,다다1603,to_in_001,33
2024,다다1603,to_in_007,18
2024,다다1603,to_in_008,18
2024,다다1604,in_age_001,5
2024,다다1604,in_age_003,5
2024,다다1604,in_age_004,0
2024,다다1604,in_age_005,0
2024,다다1604,in_age_006,5
2024,다다1604,in_age_007,5
2024,다다1604,in_age_008,5
2024,다다1604,in_age_009,5
2024,다다1604,in_age_010,8
2024,다다1604,in_age_011,5
2024,다다1604,in_age_012,5
2024,다다1604,in_age_013,5
2024,다다1604,in_age_014,5
2024,다다1604,in_age_015,5
2024,다다1604,in_age_016,0
2024,다다1604,in_age_018,5
2024,다다1604,in_age_031,0
2024,다다1604,in_age_033,0
2024,다다1604,in_age_034,0
2024,다다1604,in_age_037,5
2024,다다1604,in_age_038,5
2024,다다1604,in_age_039,5
2024,다다1604,in_age_040,5
2024,다다1604,in_age_041,5
2024,다다1604,in_age_043,5
2024,다다1604,in_age_044,0
2024,다다1604,in_age_045,5
2024,다다1604,in_age_048,0
2024,다다1604,in_age_061,0
2024,다다1604,in_age_063,0
2024,다다1604,in_age_065,0
2024,다다1604,in_age_066,5
2024,다다1604,in_age_068,5
2024,다다1604,in_age_069,0
2024,다다1604,in_age_070,8
2024,다다1604,in_age_071,5
2024,다다1604,in_age_072,5
2024,다다1604,in_age_073,0
2024,다다1604,in_age_074,5
2024,다다1604,in_age_075,5
2024,다다1604,in_age_076,0
2024,다다1604,in_age_078,0
2024,다다1604,to_in_001,48
2024,다다1604,to_in_007,23
2024,다다1604,to_in_008,23
2024,다다1605,in_age_014,0
2024,다다1605,in_age_044,0
2024,다다1605,to_in_001,0
2024,다다1605,to_in_007,0
2024,다다1605,to_in_008,0
2024,다다1668,in_age_006,0
2024,다다1668,in_age_007,0
2024,다다1668,in_age_012,5
2024,다다1668,in_age_013,8
2024,다다1668,in_age_014,0
2024,다다1668,in_age_015,0
2024,다다1668,in_age_016,5
2024,다다1668,in_age_017,5
2024,다다1668,in_age_018,0
2024,다다1668,in_age_019,5
2024,다다1668,in_age_020,5
2024,다다1668,in_age_036,0
2024,다다1668,in_age_037,0
2024,다다1668,in_age_042,5
2024,다다1668,in_age_043,5
2024,다다1668,in_age_044,0
2024,다다1668,in_age_046,5
2024,다다1668,in_age_047,5
2024,다다1668,in_age_049,0
2024,다다1668,in_age_072,0
2024,다다1668,in_age_073,5
2024,다다1668,in_age_075,0
2024,다다1668,in_age_076,5
2024,다다1668,in_age_077,0
2024,다다1668,in_age_078,0
2024,다다1668,in_age_079,5
2024,다다1668,in_age_080,5
2024,다다1668,to_in_001,28
2024,다다1668,to_in_007,13
2024,다다1668,to_in_008,13
2024,다다1674,in_age_001,5
2024,다다1674,in_age_002,8
2024,다다1674,in_age_003,13
2024,다다1674,in_age_004,13
2024,다다1674,in_age_005,8
2024,다다1674,in_age_006,19
2024,다다1674,in_age_007,13
2024,다다1674,in_age_008,18
2024,다다1674,in_age_009,23
2024,다다1674,in_age_010,13
2024,다다1674,in_age_011,13
2024,다다1674,in_age_012,23
2024,다다1674,in_age_013,28
2024,다다1674,in_age_014,33
2024,다다1674,in_age_015,13
2024,다다1674,in_age_016,18
2024,다다1674,in_age_017,13
2024,다다1674,in_age_018,18
2024,다다1674,in_age_019,5
2024,다다1674,in_age_031,0
2024,다다1674,in_age_032,8
2024,다다1674,in_age_033,8
2024,다다1674,in_age_034,5
2024,다다1674,in_age_035,8
2024,다다1674,in_age_036,14
2024,다다1674,in_age_037,13
2024,다다1674,in_age_038,13
2024,다다1674,in_age_039,18
2024,다다1674,in_age_040,8
2024,다다1674,in_age_041,13
2024,다다1674,in_age_042,13
2024,다다1674,in_age_043,13
2024,다다1674,in_age_044,18
2024,다다1674,in_age_045,8
2024,다다1674,in_age_046,8
2024,다다1674,in_age_047,5
2024,다다1674,in_age_048,5
2024,다다1674,in_age_061,5
2024,다다1674,in_age_062,5
2024,다다1674,in_age_063,8
2024,다다1674,in_age_064,8
2024,다다1674,in_age_065,5
2024,다다1674,in_age_066,5
2024,다다1674,in_age_067,5
2024,다다1674,in_age_068,8
2024,다다1674,in_age_069,5
2024,다다1674,in_age_070,5
2024,다다1674,in_age_071,5
2024,다다1674,in_age_072,13
2024,다다1674,in_age_073,13
2024,다다1674,in_age_074,18
2024,다다1674,in_age_075,5
2024,다다1674,in_age_076,13
2024,다다1674,in_age_077,8
2024,다다1674,in_age_078,13
2024,다다1674,in_age_079,5
2024,다다1674,to_in_001,294
2024,다다1674,to_in_007,174
2024,다다1674,to_in_008,118
2024,다다1675,in_age_001,8
2024,다다1675,in_age_002,5
2024,다다1675,in_age_003,8
2024,다다1675,in_age_004,8
2024,다다1675,in_age_005,5
2024,다다1675,in_age_006,8
2024,다다1675,in_age_007,5
2024,다다1675,in_age_008,8
2024,다다1675,in_age_009,13
2024,다다1675,in_age_010,8
2024,다다1675,in_age_011,8
2024,다다1675,in_age_012,8
2024,다다1675,in_age_013,13
2024,다다1675,in_age_014,8
2024,다다1675,in_age_015,5
2024,다다1675,in_age_016,8
2024,다다1675,in_age_017,5
2024,다다1675,in_age_018,8
2024,다다1675,in_age_019,5
2024,다다1675,in_age_031,5
2024,다다1675,in_age_032,5
2024,다다1675,in_age_033,5
2024,다다1675,in_age_034,5
2024,다다1675,in_age_035,0
2024,다다1675,in_age_036,5
2024,다다1675,in_age_037,0
2024,다다1675,in_age_038,8
2024,다다1675,in_age_039,8
2024,다다1675,in_age_040,8
2024,다다1675,in_age_041,8
2024,다다1675,in_age_042,5
2024,다다1675,in_age_043,8
2024,다다1675,in_age_044,5
2024,다다1675,in_age_045,5
2024,다다1675,in_age_047,5
2024,다다1675,in_age_061,0
2024,다다1675,in_age_062,0
2024,다다1675,in_age_063,5
2024,다다1675,in_age_064,5
2024,다다1675,in_age_065,5
2024,다다1675,in_age_066,5
2024,다다1675,in_age_067,5
2024,다다1675,in_age_068,5
2024,다다1675,in_age_069,5
2024,다다1675,in_age_070,5
2024,다다1675,in_age_071,5
2024,다다1675,in_age_072,5
2024,다다1675,in_age_073,8
2024,다다1675,in_age_074,5
2024,다다1675,in_age_075,5
2024,다다1675,in_age_076,8
2024,다다1675,in_age_077,5
2024,다다1675,in_age_078,8
2024,다다1675,in_age_079,5
2024,다다1675,to_in_001,118
2024,다다1675,to_in_007,63
2024,다다1675,to_in_008,58
2024,다다1676,in_age_010,5
2024,다다1676,in_age_013,0
2024,다다1676,in_age_040,5
2024,다다1676,in_age_043,0
2024,다다1676,to_in_001,5
2024,다다1676,to_in_007,5
2024,다다1676,to_in_008,0
2024,다다1677,in_age_001,0
2024,다다1677,in_age_002,0
2024,다다1677,in_age_003,5
2024,다다1677,in_age_004,5
2024,다다1677,in_age_005,5
2024,다다1677,in_age_006,0
2024,다다1677,in_age_008,5
2024,다다1677,in_age_009,5
2024,다다1677,in_age_012,5
2024,다다1677,in_age_013,8
2024,다다1677,in_age_014,0
2024,다다1677,in_age_016,0
2024,다다1677,in_age_017,5
2024,다다1677,in_age_032,0
2024,다다1677,in_age_033,0
2024,다다1677,in_age_034,5
2024,다다1677,in_age_038,0
2024,다다1677,in_age_039,5
2024,다다1677,in_age_043,5
2024,다다1677,in_age_047,5
2024,다다1677,in_age_061,0
2024,다다1677,in_age_063,5
2024,다다1677,in_age_065,5
2024,다다1677,in_age_066,0
2024,다다1677,in_age_068,0
2024,다다1677,in_age_069,0
2024,다다1677,in_age_072,5
2024,다다1677,in_age_073,5
2024,다다1677,in_age_074,0
2024,다다1677,in_age_076,0
2024,다다1677,in_age_077,0
2024,다다1677,to_in_001,23
2024,다다1677,to_in_007,8
2024,다다1677,to_in_008,13
2024,다다1678,in_age_006,5
2024,다다1678,in_age_010,0
2024,다다1678,in_age_012,5
2024,다다1678,in_age_013,5
2024,다다1678,in_age_014,0
2024,다다1678,in_age_015,0
2024,다다1678,in_age_016,0
2024,다다1678,in_age_017,5
2024,다다1678,in_age_019,5
2024,다다1678,in_age_036,5
2024,다다1678,in_age_040,0
2024,다다1678,in_age_042,5
2024,다다1678,in_age_043,5
2024,다다1678,in_age_046,0
2024,다다1678,in_age_066,0
2024,다다1678,in_age_074,0
2024,다다1678,in_age_075,0
2024,다다1678,in_age_077,5
2024,다다1678,in_age_079,5
2024,다다1678,to_in_001,18
2024,다다1678,to_in_007,8
2024,다다1678,to_in_008,8
2024,다다1679,in_age_001,5
2024,다다1679,in_age_002,5
2024,다다1679,in_age_003,5
2024,다다1679,in_age_004,5
2024,다다1679,in_age_005,0
2024,다다1679,in_age_006,8
2024,다다1679,in_age_007,8
2024,다다1679,in_age_008,8
2024,다다1679,in_age_009,8
2024,다다1679,in_age_010,5
2024,다다1679,in_age_011,5
2024,다다1679,in_age_012,8
2024,다다1679,in_age_013,8
2024,다다1679,in_age_014,8
2024,다다1679,in_age_015,8
2024,다다1679,in_age_016,5
2024,다다1679,in_age_017,13
2024,다다1679,in_age_018,8
2024,다다1679,in_age_019,0
2024,다다1679,in_age_031,5
2024,다다1679,in_age_032,0
2024,다다1679,in_age_033,0
2024,다다1679,in_age_035,0
2024,다다1679,in_age_036,8
2024,다다1679,in_age_037,8
2024,다다1679,in_age_038,8
2024,다다1679,in_age_039,5
2024,다다1679,in_age_040,5
2024,다다1679,in_age_041,5
2024,다다1679,in_age_042,5
2024,다다1679,in_age_043,5
2024,다다1679,in_age_044,5
2024,다다1679,in_age_045,5
2024,다다1679,in_age_047,5
2024,다다1679,in_age_048,5
2024,다다1679,in_age_062,0
2024,다다1679,in_age_063,0
2024,다다1679,in_age_064,5
2024,다다1679,in_age_067,5
2024,다다1679,in_age_068,0
2024,다다1679,in_age_069,8
2024,다다1679,in_age_070,5
2024,다다1679,in_age_071,5
2024,다다1679,in_age_072,5
2024,다다1679,in_age_073,5
2024,다다1679,in_age_074,8
2024,다다1679,in_age_075,5
2024,다다1679,in_age_076,5
2024,다다1679,in_age_077,8
2024,다다1679,in_age_078,5
2024,다다1679,in_age_079,0
2024,다다1679,to_in_001,103
2024,다다1679,to_in_007,58
2024,다다1679,to_in_008,48
2024,다다1680,in_age_001,5
2024,다다1680,in_age_003,0
2024,다다1680,in_age_004,5
2024,다다1680,in_age_005,5
2024,다다1680,in_age_006,5
2024,다다1680,in_age_007,8
2024,다다1680,in_age_008,5
2024,다다1680,in_age_009,0
2024,다다1680,in_age_010,8
2024,다다1680,in_age_011,5
2024,다다1680,in_age_012,13
2024,다다1680,in_age_013,8
2024,다다1680,in_age_014,8
2024,다다1680,in_age_015,5
2024,다다1680,in_age_016,13
2024,다다1680,in_age_017,8
2024,다다1680,in_age_018,13
2024,다다1680,in_age_019,5
2024,다다1680,in_age_020,0
2024,다다1680,in_age_031,0
2024,다다1680,in_age_033,0
2024,다다1680,in_age_034,5
2024,다다1680,in_age_035,5
2024,다다1680,in_age_036,5
2024,다다1680,in_age_037,8
2024,다다1680,in_age_038,5
2024,다다1680,in_age_039,0
2024,다다1680,in_age_040,5
2024,다다1680,in_age_041,0
2024,다다1680,in_age_042,8
2024,다다1680,in_age_043,5
2024,다다1680,in_age_044,5
2024,다다1680,in_age_045,5
2024,다다1680,in_age_046,5
2024,다다1680,in_age_047,8
2024,다다1680,in_age_048,8
2024,다다1680,in_age_049,0
2024,다다1680,in_age_061,0
2024,다다1680,in_age_066,0
2024,다다1680,in_age_067,0
2024,다다1680,in_age_070,5
2024,다다1680,in_age_071,0
2024,다다1680,in_age_072,5
2024,다다1680,in_age_073,5
2024,다다1680,in_age_074,8
2024,다다1680,in_age_075,0
2024,다다1680,in_age_076,8
2024,다다1680,in_age_077,8
2024,다다1680,in_age_078,8
2024,다다1680,in_age_079,0
2024,다다1680,in_age_080,0
2024,다다1680,to_in_001,103
2024,다다1680,to_in_007,58
2024,다다1680,to_in_008,43
2024,다다1681,in_age_006,5
2024,다다1681,in_age_007,0
2024,다다1681,in_age_010,0
2024,다다1681,in_age_014,0
2024,다다1681,in_age_015,0
2024,다다1681,in_age_036,0
2024,다다1681,in_age_037,0
2024,다다1681,in_age_040,0
2024,다다1681,in_age_045,0
2024,다다1681,in_age_066,5
2024,다다1681,in_age_074,0
2024,다다1681,to_in_001,8
2024,다다1681,to_in_007,5
2024,다다1681,to_in_008,5
2024,다다1683,in_age_004,0
2024,다다1683,in_age_010,0
2024,다다1683,in_age_012,5
2024,다다1683,in_age_014,0
2024,다다1683,in_age_034,0
2024,다다1683,in_age_042,5
2024,다다1683,in_age_044,0
2024,다다1683,in_age_070,0
2024,다다1683,to_in_001,5
2024,다다1683,to_in_007,5
2024,다다1683,to_in_008,0
2024,다다1689,in_age_002,5
2024,다다1689,in_age_004,5
2024,다다1689,in_age_005,5
2024,다다1689,in_age_006,8
2024,다다1689,in_age_007,8
2024,다다1689,in_age_008,8
2024,다다1689,in_age_009,8
2024,다다1689,in_age_010,8
2024,다다1689,in_age_011,5
2024,다다1689,in_age_012,8
2024,다다1689,in_age_013,5
2024,다다1689,in_age_014,13
2024,다다1689,in_age_015,13
2024,다다1689,in_age_016,13
2024,다다1689,in_age_017,5
2024,다다1689,in_age_018,5
2024,다다1689,in_age_034,5
2024,다다1689,in_age_035,5
2024,다다1689,in_age_036,8
2024,다다1689,in_age_037,8
2024,다다1689,in_age_038,5
2024,다다1689,in_age_039,5
2024,다다1689,in_age_040,5
2024,다다1689,in_age_041,5
2024,다다1689,in_age_042,8
2024,다다1689,in_age_043,5
2024,다다1689,in_age_044,5
2024,다다1689,in_age_045,5
2024,다다1689,in_age_046,8
2024,다다1689,in_age_048,0
2024,다다1689,in_age_062,5
2024,다다1689,in_age_064,0
2024,다다1689,in_age_065,0
2024,다다1689,in_age_066,0
2024,다다1689,in_age_068,0
2024,다다1689,in_age_069,8
2024,다다1689,in_age_070,5
2024,다다1689,in_age_071,5
2024,다다1689,in_age_073,5
2024,다다1689,in_age_074,8
2024,다다1689,in_age_075,8
2024,다다1689,in_age_076,5
2024,다다1689,in_age_077,5
2024,다다1689,in_age_078,5
2024,다다1689,to_in_001,103
2024,다다1689,to_in_007,63
2024,다다1689,to_in_008,43
2024,다다1690,in_age_014,5
2024,다다1690,in_age_044,0
2024,다다1690,in_age_074,0
2024,다다1690,to_in_001,5
2024,다다1690,to_in_007,0
2024,다다1690,to_in_008,0
2024,다다1691,in_age_001,5
2024,다다1691,in_age_002,0
2024,다다1691,in_age_003,0
2024,다다1691,in_age_006,0
2024,다다1691,in_age_007,5
2024,다다1691,in_age_009,0
2024,다다1691,in_age_013,5
2024,다다1691,in_age_014,5
2024,다다1691,in_age_015,0
2024,다다1691,in_age_016,0
2024,다다1691,in_age_017,0
2024,다다1691,in_age_031,0
2024,다다1691,in_age_036,0
2024,다다1691,in_age_037,5
2024,다다1691,in_age_039,0
2024,다다1691,in_age_043,0
2024,다다1691,in_age_044,5
2024,다다1691,in_age_046,0
2024,다다1691,in_age_061,0
2024,다다1691,in_age_062,0
2024,다다1691,in_age_063,0
2024,다다1691,in_age_067,0
2024,다다1691,in_age_073,5
2024,다다1691,in_age_074,5
2024,다다1691,in_age_075,0
2024,다다1691,in_age_077,0
2024,다다1691,to_in_001,23
2024,다다1691,to_in_007,8
2024,다다1691,to_in_008,13
2024,다다1692,in_age_012,0
2024,다다1692,in_age_013,0
2024,다다1692,in_age_014,5
2024,다다1692,in_age_043,0
2024,다다1692,in_age_072,0
2024,다다1692,in_age_074,5
2024,다다1692,to_in_001,5
2024,다다1692,to_in_007,0
2024,다다1692,to_in_008,5
2024,다다1693,in_age_006,0
2024,다다1693,in_age_013,5
2024,다다1693,in_age_014,5
2024,다다1693,in_age_043,5
2024,다다1693,in_age_044,5
2024,다다1693,in_age_066,0
2024,다다1693,to_in_001,8
2024,다다1693,to_in_007,8
2024,다다1693,to_in_008,0
2024,다다1694,in_age_002,5
2024,다다1694,in_age_003,5
2024,다다1694,in_age_004,8
2024,다다1694,in_age_005,8
2024,다다1694,in_age_006,5
2024,다다1694,in_age_007,0
2024,다다1694,in_age_008,5
2024,다다1694,in_age_009,5
2024,다다1694,in_age_010,5
2024,다다1694,in_age_011,5
2024,다다1694,in_age_012,13
2024,다다1694,in_age_013,13
2024,다다1694,in_age_014,13
2024,다다1694,in_age_015,13
2024,다다1694,in_age_016,18
2024,다다1694,in_age_017,13
2024,다다1694,in_age_018,13
2024,다다1694,in_age_019,5
2024,다다1694,in_age_020,5
2024,다다1694,in_age_033,0
2024,다다1694,in_age_034,0
2024,다다1694,in_age_035,5
2024,다다1694,in_age_036,5
2024,다다1694,in_age_038,5
2024,다다1694,in_age_039,5
2024,다다1694,in_age_040,5
2024,다다1694,in_age_041,5
2024,다다1694,in_age_042,8
2024,다다1694,in_age_043,8
2024,다다1694,in_age_044,8
2024,다다1694,in_age_045,8
2024,다다1694,in_age_046,8
2024,다다1694,in_age_047,5
2024,다다1694,in_age_048,5
2024,다다1694,in_age_049,0
2024,다다1694,in_age_050,5
2024,다다1694,in_age_062,5
2024,다다1694,in_age_063,0
2024,다다1694,in_age_064,8
2024,다다1694,in_age_065,5
2024,다다1694,in_age_067,0
2024,다다1694,in_age_069,0
2024,다다1694,in_age_070,5
2024,다다1694,in_age_071,5
2024,다다1694,in_age_072,8
2024,다다1694,in_age_073,5
2024,다다1694,in_age_074,8
2024,다다1694,in_age_075,8
2024,다다1694,in_age_076,8
2024,다다1694,in_age_077,8
2024,다다1694,in_age_078,8
2024,다다1694,in_age_079,0
2024,다다1694,to_in_001,128
2024,다다1694,to_in_007,58
2024,다다1694,to_in_008,68
2024,다다1695,in_age_001,0
2024,다다1695,in_age_002,0
2024,다다1695,in_age_003,5
2024,다다1695,in_age_004,8
2024,다다1695,in_age_005,5
2024,다다1695,in_age_009,5
2024,다다1695,in_age_011,5
2024,다다1695,in_age_012,5
2024,다다1695,in_age_013,0
2024,다다1695,in_age_015,5
2024,다다1695,in_age_016,5
2024,다다1695,in_age_017,5
2024,다다1695,in_age_032,0
2024,다다1695,in_age_033,5
2024,다다1695,in_age_035,5
2024,다다1695,in_age_039,0
2024,다다1695,in_age_041,0
2024,다다1695,in_age_042,5
2024,다다1695,in_age_043,0
2024,다다1695,in_age_045,0
2024,다다1695,in_age_046,0
2024,다다1695,in_age_047,5
2024,다다1695,in_age_061,0
2024,다다1695,in_age_064,8
2024,다다1695,in_age_065,5
2024,다다1695,in_age_069,5
2024,다다1695,in_age_071,0
2024,다다1695,in_age_075,5
2024,다다1695,in_age_076,5
2024,다다1695,to_in_001,23
2024,다다1695,to_in_007,13
2024,다다1695,to_in_008,13
2024,다다1696,in_age_003,0
2024,다다1696,in_age_005,5
2024,다다1696,in_age_006,0
2024,다다1696,in_age_007,5
2024,다다1696,in_age_008,0
2024,다다1696,in_age_010,5
2024,다다1696,in_age_011,8
2024,다다1696,in_age_012,8
2024,다다1696,in_age_013,13
2024,다다1696,in_age_014,13
2024,다다1696,in_age_015,5
2024,다다1696,in_age_016,5
2024,다다1696,in_age_017,8
2024,다다1696,in_age_018,5
2024,다다1696,in_age_019,5
2024,다다1696,in_age_033,0
2024,다다1696,in_age_035,0
2024,다다1696,in_age_036,0
2024,다다1696,in_age_037,0
2024,다다1696,in_age_040,5
2024,다다1696,in_age_041,5
2024,다다1696,in_age_042,8
2024,다다1696,in_age_043,8
2024,다다1696,in_age_044,8
2024,다다1696,in_age_045,5
2024,다다1696,in_age_046,5
2024,다다1696,in_age_047,0
2024,다다1696,in_age_048,0
2024,다다1696,in_age_049,5
2024,다다1696,in_age_065,0
2024,다다1696,in_age_067,5
2024,다다1696,in_age_068,0
2024,다다1696,in_age_070,0
2024,다다1696,in_age_071,5
2024,다다1696,in_age_072,5
2024,다다1696,in_age_073,8
2024,다다1696,in_age_074,5
2024,다다1696,in_age_075,0
2024,다다1696,in_age_076,0
2024,다다1696,in_age_077,8
2024,다다1696,in_age_078,0
2024,다다1696,in_age_079,5
2024,다다1696,to_in_001,73
2024,다다1696,to_in_007,38
2024,다다1696,to_in_008,33
2024,다다1697,in_age_006,0
2024,다다1697,in_age_008,5
2024,다다1697,in_age_010,0
2024,다다1697,in_age_014,0
2024,다다1697,in_age_036,0
2024,다다1697,in_age_038,5
2024,다다1697,in_age_040,0
2024,다다1697,in_age_044,0
2024,다다1697,to_in_001,5
2024,다다1697,to_in_007,5
2024,다다1697,to_in_008,0
2024,다다1698,in_age_001,0
2024,다다1698,in_age_003,5
2024,다다1698,in_age_004,0
2024,다다1698,in_age_005,0
2024,다다1698,in_age_009,0
2024,다다1698,in_age_010,5
2024,다다1698,in_age_012,5
2024,다다1698,in_age_013,5
2024,다다1698,in_age_014,5
2024,다다1698,in_age_033,5
2024,다다1698,in_age_035,0
2024,다다1698,in_age_039,0
2024,다다1698,in_age_040,0
2024,다다1698,in_age_042,0
2024,다다1698,in_age_043,5
2024,다다1698,in_age_044,0
2024,다다1698,in_age_061,0
2024,다다1698,in_age_064,0
2024,다다1698,in_age_070,0
2024,다다1698,in_age_072,5
2024,다다1698,in_age_073,0
2024,다다1698,in_age_074,5
2024,다다1698,to_in_001,18
2024,다다1698,to_in_007,8
2024,다다1698,to_in_008,8
2024,다다1700,in_age_001,0
2024,다다1700,in_age_002,5
2024,다다1700,in_age_003,8
2024,다다1700,in_age_005,5
2024,다다1700,in_age_006,5
2024,다다1700,in_age_007,5
2024,다다1700,in_age_008,5
2024,다다1700,in_age_009,8
2024,다다1700,in_age_010,8
2024,다다1700,in_age_011,8
2024,다다1700,in_age_012,5
2024,다다1700,in_age_013,8
2024,다다1700,in_age_014,5
2024,다다1700,in_age_015,8
2024,다다1700,in_age_016,8
2024,다다1700,in_age_017,8
2024,다다1700,in_age_018,5
2024,다다1700,in_age_019,5
2024,다다1700,in_age_031,0
2024,다다1700,in_age_033,8
2024,다다1700,in_age_035,5
2024,다다1700,in_age_036,5
2024,다다1700,in_age_037,5
2024,다다1700,in_age_038,0
2024,다다1700,in_age_039,5
2024,다다1700,in_age_040,8
2024,다다1700,in_age_041,5
2024,다다1700,in_age_042,5
2024,다다1700,in_age_043,8
2024,다다1700,in_age_044,5
2024,다다1700,in_age_045,5
2024,다다1700,in_age_046,5
2024,다다1700,in_age_047,5
2024,다다1700,in_age_049,5
2024,다다1700,in_age_062,5
2024,다다1700,in_age_063,0
2024,다다1700,in_age_068,5
2024,다다1700,in_age_069,5
2024,다다1700,in_age_070,5
2024,다다1700,in_age_071,5
2024,다다1700,in_age_072,0
2024,다다1700,in_age_073,5
2024,다다1700,in_age_074,5
2024,다다1700,in_age_075,8
2024,다다1700,in_age_076,5
2024,다다1700,in_age_077,5
2024,다다1700,in_age_078,5
2024,다다1700,in_age_079,0
2024,다다1700,to_in_001,83
2024,다다1700,to_in_007,48
2024,다다1700,to_in_008,33
2024,다다1701,in_age_001,16
2024,다다1701,in_age_002,15
2024,다다1701,in_age_003,13
2024,다다1701,in_age_004,13
2024,다다1701,in_age_005,18
2024,다다1701,in_age_006,19
2024,다다1701,in_age_007,22
2024,다다1701,in_age_008,37
2024,다다1701,in_age_009,23
2024,다다1701,in_age_010,28
2024,다다1701,in_age_011,34
2024,다다1701,in_age_012,23
2024,다다1701,in_age_013,33
2024,다다1701,in_age_014,33
2024,다다1701,in_age_015,13
2024,다다1701,in_age_016,13
2024,다다1701,in_age_017,23
2024,다다1701,in_age_018,13
2024,다다1701,in_age_019,8
2024,다다1701,in_age_020,0
2024,다다1701,in_age_031,8
2024,다다1701,in_age_032,8
2024,다다1701,in_age_033,8
2024,다다1701,in_age_034,8
2024,다다1701,in_age_035,13
2024,다다1701,in_age_036,14
2024,다다1701,in_age_037,14
2024,다다1701,in_age_038,22
2024,다다1701,in_age_039,13
2024,다다1701,in_age_040,13
2024,다다1701,in_age_041,23
2024,다다1701,in_age_042,13
2024,다다1701,in_age_043,18
2024,다다1701,in_age_044,13
2024,다다1701,in_age_045,8
2024,다다1701,in_age_046,5
2024,다다1701,in_age_047,13
2024,다다1701,in_age_048,5
2024,다다1701,in_age_061,13
2024,다다1701,in_age_062,7
2024,다다1701,in_age_063,8
2024,다다1701,in_age_064,8
2024,다다1701,in_age_065,8
2024,다다1701,in_age_066,8
2024,다다1701,in_age_067,13
2024,다다1701,in_age_068,18
2024,다다1701,in_age_069,13
2024,다다1701,in_age_070,13
2024,다다1701,in_age_071,14
2024,다다1701,in_age_072,8
2024,다다1701,in_age_073,13
2024,다다1701,in_age_074,18
2024,다다1701,in_age_075,5
2024,다다1701,in_age_076,8
2024,다다1701,in_age_077,8
2024,다다1701,in_age_078,8
2024,다다1701,in_age_079,8
2024,다다1701,in_age_080,0
2024,다다1701,to_in_001,393
2024,다다1701,to_in_007,204
2024,다다1701,to_in_008,192
2024,다다1702,in_age_006,5
2024,다다1702,in_age_007,5
2024,다다1702,in_age_011,0
2024,다다1702,in_age_012,0
2024,다다1702,in_age_013,5
2024,다다1702,in_age_036,5
2024,다다1702,in_age_037,5
2024,다다1702,in_age_041,0
2024,다다1702,in_age_043,5
2024,다다1702,in_age_072,0
2024,다다1702,in_age_073,0
2024,다다1702,to_in_001,8
2024,다다1702,to_in_007,8
2024,다다1702,to_in_008,5
2024,다다1703,in_age_003,0
2024,다다1703,in_age_004,0
2024,다다1703,in_age_005,0
2024,다다1703,in_age_006,5
2024,다다1703,in_age_007,5
2024,다다1703,in_age_009,5
2024,다다1703,in_age_010,5
2024,다다1703,in_age_011,8
2024,다다1703,in_age_012,5
2024,다다1703,in_age_013,8
2024,다다1703,in_age_014,8
2024,다다1703,in_age_015,5
2024,다다1703,in_age_016,5
2024,다다1703,in_age_018,0
2024,다다1703,in_age_036,5
2024,다다1703,in_age_037,5
2024,다다1703,in_age_039,0
2024,다다1703,in_age_041,5
2024,다다1703,in_age_042,5
2024,다다1703,in_age_043,5
2024,다다1703,in_age_044,8
2024,다다1703,in_age_045,5
2024,다다1703,in_age_063,0
2024,다다1703,in_age_064,0
2024,다다1703,in_age_065,0
2024,다다1703,in_age_067,5
2024,다다1703,in_age_069,0
2024,다다1703,in_age_070,5
2024,다다1703,in_age_071,5
2024,다다1703,in_age_072,5
2024,다다1703,in_age_073,5
2024,다다1703,in_age_075,0
2024,다다1703,in_age_076,5
2024,다다1703,in_age_078,0
2024,다다1703,to_in_001,43
2024,다다1703,to_in_007,23
2024,다다1703,to_in_008,18
2024,다다1704,in_age_001,13
2024,다다1704,in_age_002,8
2024,다다1704,in_age_003,13
2024,다다1704,in_age_004,8
2024,다다1704,in_age_005,8
2024,다다1704,in_age_006,8
2024,다다1704,in_age_007,18
2024,다다1704,in_age_008,8
2024,다다1704,in_age_009,13
2024,다다1704,in_age_010,13
2024,다다1704,in_age_011,13
2024,다다1704,in_age_012,8
2024,다다1704,in_age_013,13
2024,다다1704,in_age_014,8
2024,다다1704,in_age_015,8
2024,다다1704,in_age_016,5
2024,다다1704,in_age_018,5
2024,다다1704,in_age_031,8
2024,다다1704,in_age_032,5
2024,다다1704,in_age_033,8
2024,다다1704,in_age_034,5
2024,다다1704,in_age_035,8
2024,다다1704,in_age_036,8
2024,다다1704,in_age_037,8
2024,다다1704,in_age_038,8
2024,다다1704,in_age_039,8
2024,다다1704,in_age_040,8
2024,다다1704,in_age_041,5
2024,다다1704,in_age_042,5
2024,다다1704,in_age_043,8
2024,다다1704,in_age_044,5
2024,다다1704,in_age_045,5
2024,다다1704,in_age_046,5
2024,다다1704,in_age_061,5
2024,다다1704,in_age_062,5
2024,다다1704,in_age_063,8
2024,다다1704,in_age_064,5
2024,다다1704,in_age_065,5
2024,다다1704,in_age_066,0
2024,다다1704,in_age_067,8
2024,다다1704,in_age_068,5
2024,다다1704,in_age_069,8
2024,다다1704,in_age_070,8
2024,다다1704,in_age_071,8
2024,다다1704,in_age_072,5
2024,다다1704,in_age_073,5
2024,다다1704,in_age_074,8
2024,다다1704,in_age_075,8
2024,다다1704,in_age_076,5
2024,다다1704,in_age_078,5
2024,다다1704,to_in_001,168
2024,다다1704,to_in_007,88
2024,다다1704,to_in_008,78
2024,다다1705,in_age_002,8
2024,다다1705,in_age_003,18
2024,다다1705,in_age_004,8
2024,다다1705,in_age_005,18
2024,다다1705,in_age_006,23
2024,다다1705,in_age_007,8
2024,다다1705,in_age_008,8
2024,다다1705,in_age_009,18
2024,다다1705,in_age_010,28
2024,다다1705,in_age_011,28
2024,다다1705,in_age_012,28
2024,다다1705,in_age_013,29
2024,다다1705,in_age_014,23
2024,다다1705,in_age_015,13
2024,다다1705,in_age_016,13
2024,다다1705,in_age_017,13
2024,다다1705,in_age_018,18
2024,다다1705,in_age_019,5
2024,다다1705,in_age_020,5
2024,다다1705,in_age_032,5
2024,다다1705,in_age_033,13
2024,다다1705,in_age_034,5
2024,다다1705,in_age_035,13
2024,다다1705,in_age_036,18
2024,다다1705,in_age_037,5
2024,다다1705,in_age_038,5
2024,다다1705,in_age_039,8
2024,다다1705,in_age_040,13
2024,다다1705,in_age_041,13
2024,다다1705,in_age_042,18
2024,다다1705,in_age_043,14
2024,다다1705,in_age_044,13
2024,다다1705,in_age_045,5
2024,다다1705,in_age_046,8
2024,다다1705,in_age_047,5
2024,다다1705,in_age_048,8
2024,다다1705,in_age_050,0
2024,다다1705,in_age_062,5
2024,다다1705,in_age_063,8
2024,다다1705,in_age_064,5
2024,다다1705,in_age_065,8
2024,다다1705,in_age_066,5
2024,다다1705,in_age_067,5
2024,다다1705,in_age_068,5
2024,다다1705,in_age_069,8
2024,다다1705,in_age_070,13
2024,다다1705,in_age_071,18
2024,다다1705,in_age_072,8
2024,다다1705,in_age_073,13
2024,다다1705,in_age_074,8
2024,다다1705,in_age_075,8
2024,다다1705,in_age_076,8
2024,다다1705,in_age_077,8
2024,다다1705,in_age_078,8
2024,다다1705,in_age_079,5
2024,다다1705,in_age_080,0
2024,다다1705,to_in_001,304
2024,다다1705,to_in_007,164
2024,다다1705,to_in_008,138
2024,다다1774,in_age_001,8
2024,다다1774,in_age_002,23
2024,다다1774,in_age_003,28
2024,다다1774,in_age_004,8
2024,다다1774,in_age_005,13
2024,다다1774,in_age_006,33
2024,다다1774,in_age_007,31
2024,다다1774,in_age_008,34
2024,다다1774,in_age_009,33
2024,다다1774,in_age_010,23
2024,다다1774,in_age_011,13
2024,다다1774,in_age_012,13
2024,다다1774,in_age_013,23
2024,다다1774,in_age_014,13
2024,다다1774,in_age_015,13
2024,다다1774,in_age_016,8
2024,다다1774,in_age_017,13
2024,다다1774,in_age_018,8
2024,다다1774,in_age_019,5
2024,다다1774,in_age_020,0
2024,다다1774,in_age_031,5
2024,다다1774,in_age_032,13
2024,다다1774,in_age_033,13
2024,다다1774,in_age_034,5
2024,다다1774,in_age_035,13
2024,다다1774,in_age_036,23
2024,다다1774,in_age_037,21
2024,다다1774,in_age_038,24
2024,다다1774,in_age_039,23
2024,다다1774,in_age_040,8
2024,다다1774,in_age_041,13
2024,다다1774,in_age_042,5
2024,다다1774,in_age_043,8
2024,다다1774,in_age_044,8
2024,다다1774,in_age_045,8
2024,다다1774,in_age_046,5
2024,다다1774,in_age_047,5
2024,다다1774,in_age_048,0
2024,다다1774,in_age_050,0
2024,다다1774,in_age_061,8
2024,다다1774,in_age_062,8
2024,다다1774,in_age_063,13
2024,다다1774,in_age_064,5
2024,다다1774,in_age_065,0
2024,다다1774,in_age_066,8
2024,다다1774,in_age_067,8
2024,다다1774,in_age_068,13
2024,다다1774,in_age_069,13
2024,다다1774,in_age_070,13
2024,다다1774,in_age_071,5
2024,다다1774,in_age_072,8
2024,다다1774,in_age_073,13
2024,다다1774,in_age_074,8
2024,다다1774,in_age_075,8
2024,다다1774,in_age_076,8
2024,다다1774,in_age_077,8
2024,다다1774,in_age_078,5
2024,다다1774,in_age_079,5
2024,다다1774,to_in_001,337
2024,다다1774,to_in_007,197
2024,다다1774,to_in_008,138
2024,다다1776,in_age_006,0
2024,다다1776,in_age_012,0
2024,다다1776,in_age_014,5
2024,다다1776,in_age_015,0
2024,다다1776,in_age_036,0
2024,다다1776,in_age_044,0
2024,다다1776,in_age_045,0
2024,다다1776,in_age_072,0
2024,다다1776,in_age_074,0
2024,다다1776,to_in_001,5
2024,다다1776,to_in_007,5
2024,다다1776,to_in_008,5
2024,다다1777,in_age_001,5
2024,다다1777,in_age_002,5
2024,다다1777,in_age_003,13
2024,다다1777,in_age_004,5
2024,다다1777,in_age_005,5
2024,다다1777,in_age_006,8
2024,다다1777,in_age_007,5
2024,다다1777,in_age_008,8
2024,다다1777,in_age_009,8
2024,다다1777,in_age_010,8
2024,다다1777,in_age_011,8
2024,다다1777,in_age_012,8
2024,다다1777,in_age_013,8
2024,다다1777,in_age_014,8
2024,다다1777,in_age_015,8
2024,다다1777,in_age_016,8
2024,다다1777,in_age_017,8
2024,다다1777,in_age_018,8
2024,다다1777,in_age_019,8
2024,다다1777,in_age_031,0
2024,다다1777,in_age_032,0
2024,다다1777,in_age_033,8
2024,다다1777,in_age_034,5
2024,다다1777,in_age_035,5
2024,다다1777,in_age_036,8
2024,다다1777,in_age_037,5
2024,다다1777,in_age_038,5
2024,다다1777,in_age_039,0
2024,다다1777,in_age_040,8
2024,다다1777,in_age_041,8
2024,다다1777,in_age_042,5
2024,다다1777,in_age_043,5
2024,다다1777,in_age_044,8
2024,다다1777,in_age_045,5
2024,다다1777,in_age_046,8
2024,다다1777,in_age_047,0
2024,다다1777,in_age_048,8
2024,다다1777,in_age_061,0
2024,다다1777,in_age_062,0
2024,다다1777,in_age_063,5
2024,다다1777,in_age_064,5
2024,다다1777,in_age_065,0
2024,다다1777,in_age_066,5
2024,다다1777,in_age_067,0
2024,다다1777,in_age_068,5
2024,다다1777,in_age_069,5
2024,다다1777,in_age_070,5
2024,다다1777,in_age_072,5
2024,다다1777,in_age_073,5
2024,다다1777,in_age_074,5
2024,다다1777,in_age_075,5
2024,다다1777,in_age_076,5
2024,다다1777,in_age_077,8
2024,다다1777,in_age_078,5
2024,다다1777,in_age_079,8
2024,다다1777,to_in_001,128
2024,다다1777,to_in_007,68
2024,다다1777,to_in_008,63
2024,다다1778,in_age_001,0
2024,다다1778,in_age_002,5
2024,다다1778,in_age_003,8
2024,다다1778,in_age_004,5
2024,다다1778,in_age_006,0
2024,다다1778,in_age_007,5
2024,다다1778,in_age_008,5
2024,다다1778,in_age_009,8
2024,다다1778,in_age_010,8
2024,다다1778,in_age_011,5
2024,다다1778,in_age_012,8
2024,다다1778,in_age_013,5
2024,다다1778,in_age_014,8
2024,다다1778,in_age_015,8
2024,다다1778,in_age_016,8
2024,다다1778,in_age_017,8
2024,다다1778,in_age_018,5
2024,다다1778,in_age_019,5
2024,다다1778,in_age_031,0
2024,다다1778,in_age_032,0
2024,다다1778,in_age_033,8
2024,다다1778,in_age_036,0
2024,다다1778,in_age_037,5
2024,다다1778,in_age_038,5
2024,다다1778,in_age_039,5
2024,다다1778,in_age_040,8
2024,다다1778,in_age_041,0
2024,다다1778,in_age_042,5
2024,다다1778,in_age_043,5
2024,다다1778,in_age_044,5
2024,다다1778,in_age_045,5
2024,다다1778,in_age_046,0
2024,다다1778,in_age_047,5
2024,다다1778,in_age_048,5
2024,다다1778,in_age_062,5
2024,다다1778,in_age_063,5
2024,다다1778,in_age_064,5
2024,다다1778,in_age_067,0
2024,다다1778,in_age_068,5
2024,다다1778,in_age_069,5
2024,다다1778,in_age_070,0
2024,다다1778,in_age_071,5
2024,다다1778,in_age_072,5
2024,다다1778,in_age_073,5
2024,다다1778,in_age_074,5
2024,다다1778,in_age_075,8
2024,다다1778,in_age_076,8
2024,다다1778,in_age_077,8
2024,다다1778,in_age_078,5
2024,다다1778,in_age_079,5
2024,다다1778,to_in_001,88
2024,다다1778,to_in_007,38
2024,다다1778,to_in_008,48
2024,다다1779,in_age_001,0
2024,다다1779,in_age_007,0
2024,다다1779,in_age_009,5
2024,다다1779,in_age_012,5
2024,다다1779,in_age_014,5
2024,다다1779,in_age_015,5
2024,다다1779,in_age_037,0
2024,다다1779,in_age_039,0
2024,다다1779,in_age_042,0
2024,다다1779,in_age_044,0
2024,다다1779,in_age_045,5
2024,다다1779,in_age_061,0
2024,다다1779,in_age_069,0
2024,다다1779,in_age_072,5
2024,다다1779,in_age_074,0
2024,다다1779,to_in_001,13
2024,다다1779,to_in_007,8
2024,다다1779,to_in_008,5
2024,다다1780,in_age_001,5
2024,다다1780,in_age_002,8
2024,다다1780,in_age_003,5
2024,다다1780,in_age_004,5
2024,다다1780,in_age_005,5
2024,다다1780,in_age_006,5
2024,다다1780,in_age_007,5
2024,다다1780,in_age_008,8
2024,다다1780,in_age_009,13
2024,다다1780,in_age_010,13
2024,다다1780,in_age_011,18
2024,다다1780,in_age_012,13
2024,다다1780,in_age_013,18
2024,다다1780,in_age_014,13
2024,다다1780,in_age_015,8
2024,다다1780,in_age_016,18
2024,다다1780,in_age_017,23
2024,다다1780,in_age_018,13
2024,다다1780,in_age_019,5
2024,다다1780,in_age_031,5
2024,다다1780,in_age_032,5
2024,다다1780,in_age_034,5
2024,다다1780,in_age_035,5
2024,다다1780,in_age_036,5
2024,다다1780,in_age_037,5
2024,다다1780,in_age_038,5
2024,다다1780,in_age_039,8
2024,다다1780,in_age_040,8
2024,다다1780,in_age_041,13
2024,다다1780,in_age_042,13
2024,다다1780,in_age_043,8
2024,다다1780,in_age_044,8
2024,다다1780,in_age_045,5
2024,다다1780,in_age_046,8
2024,다다1780,in_age_047,8
2024,다다1780,in_age_048,8
2024,다다1780,in_age_049,5
2024,다다1780,in_age_061,5
2024,다다1780,in_age_062,5
2024,다다1780,in_age_063,5
2024,다다1780,in_age_067,5
2024,다다1780,in_age_068,0
2024,다다1780,in_age_069,5
2024,다다1780,in_age_070,5
2024,다다1780,in_age_071,5
2024,다다1780,in_age_072,5
2024,다다1780,in_age_073,8
2024,다다1780,in_age_074,8
2024,다다1780,in_age_075,5
2024,다다1780,in_age_076,8
2024,다다1780,in_age_077,18
2024,다다1780,in_age_078,8
2024,다다1780,in_age_079,5
2024,다다1780,to_in_001,183
2024,다다1780,to_in_007,103
2024,다다1780,to_in_008,83
2024,다다1781,in_age_006,0
2024,다다1781,in_age_007,8
2024,다다1781,in_age_008,0
2024,다다1781,in_age_014,5
2024,다다1781,in_age_036,0
2024,다다1781,in_age_037,5
2024,다다1781,in_age_038,0
2024,다다1781,in_age_044,5
2024,다다1781,in_age_067,0
2024,다다1781,to_in_001,13
2024,다다1781,to_in_007,13
2024,다다1781,to_in_008,0
2024,다다1788,in_age_015,0
2024,다다1788,in_age_016,0
2024,다다1788,in_age_046,0
2024,다다1788,in_age_075,0
2024,다다1788,to_in_001,5
2024,다다1788,to_in_007,0
2024,다다1788,to_in_008,0
2024,다다1791,in_age_001,5
2024,다다1791,in_age_002,0
2024,다다1791,in_age_005,5
2024,다다1791,in_age_006,0
2024,다다1791,in_age_007,5
2024,다다1791,in_age_008,5
2024,다다1791,in_age_009,0
2024,다다1791,in_age_010,8
2024,다다1791,in_age_011,5
2024,다다1791,in_age_012,5
2024,다다1791,in_age_013,5
2024,다다1791,in_age_014,8
2024,다다1791,in_age_015,8
2024,다다1791,in_age_016,0
2024,다다1791,in_age_017,0
2024,다다1791,in_age_031,5
2024,다다1791,in_age_035,5
2024,다다1791,in_age_036,0
2024,다다1791,in_age_037,5
2024,다다1791,in_age_038,0
2024,다다1791,in_age_039,0
2024,다다1791,in_age_040,5
2024,다다1791,in_age_041,5
2024,다다1791,in_age_042,5
2024,다다1791,in_age_043,5
2024,다다1791,in_age_044,5
2024,다다1791,in_age_045,8
2024,다다1791,in_age_046,0
2024,다다1791,in_age_062,0
2024,다다1791,in_age_068,0
2024,다다1791,in_age_070,5
2024,다다1791,in_age_071,0
2024,다다1791,in_age_072,5
2024,다다1791,in_age_073,0
2024,다다1791,in_age_074,5
2024,다다1791,in_age_075,5
2024,다다1791,in_age_077,0
2024,다다1791,to_in_001,33
2024,다다1791,to_in_007,23
2024,다다1791,to_in_008,13
2024,다다1792,in_age_001,0
2024,다다1792,in_age_002,0
2024,다다1792,in_age_003,0
2024,다다1792,in_age_007,8
2024,다다1792,in_age_008,5
2024,다다1792,in_age_009,8
2024,다다1792,in_age_010,5
2024,다다1792,in_age_012,0
2024,다다1792,in_age_013,5
2024,다다1792,in_age_014,5
2024,다다1792,in_age_015,0
2024,다다1792,in_age_016,0
2024,다다1792,in_age_031,0
2024,다다1792,in_age_032,0
2024,다다1792,in_age_033,0
2024,다다1792,in_age_037,5
2024,다다1792,in_age_039,8
2024,다다1792,in_age_040,0
2024,다다1792,in_age_042,0
2024,다다1792,in_age_043,5
2024,다다1792,in_age_044,0
2024,다다1792,in_age_046,0
2024,다다1792,in_age_067,5
2024,다다1792,in_age_068,5
2024,다다1792,in_age_069,0
2024,다다1792,in_age_070,0
2024,다다1792,in_age_073,5
2024,다다1792,in_age_074,5
2024,다다1792,in_age_075,0
2024,다다1792,to_in_001,28
2024,다다1792,to_in_007,23
2024,다다1792,to_in_008,8
2024,다다1793,in_age_005,5
2024,다다1793,in_age_006,0
2024,다다1793,in_age_007,0
2024,다다1793,in_age_009,5
2024,다다1793,in_age_011,8
2024,다다1793,in_age_012,5
2024,다다1793,in_age_013,5
2024,다다1793,in_age_014,0
2024,다다1793,in_age_015,8
2024,다다1793,in_age_017,8
2024,다다1793,in_age_018,5
2024,다다1793,in_age_035,5
2024,다다1793,in_age_039,0
2024,다다1793,in_age_041,5
2024,다다1793,in_age_042,0
2024,다다1793,in_age_043,0
2024,다다1793,in_age_045,5
2024,다다1793,in_age_047,5
2024,다다1793,in_age_048,0
2024,다다1793,in_age_066,0
2024,다다1793,in_age_067,0
2024,다다1793,in_age_069,0
2024,다다1793,in_age_071,5
2024,다다1793,in_age_072,0
2024,다다1793,in_age_073,0
2024,다다1793,in_age_074,0
2024,다다1793,in_age_075,5
2024,다다1793,in_age_077,5
2024,다다1793,in_age_078,0
2024,다다1793,to_in_001,28
2024,다다1793,to_in_007,13
2024,다다1793,to_in_008,18
2024,다다1794,in_age_001,0
2024,다다1794,in_age_002,0
2024,다다1794,in_age_004,5
2024,다다1794,in_age_005,5
2024,다다1794,in_age_006,8
2024,다다1794,in_age_007,5
2024,다다1794,in_age_008,8
2024,다다1794,in_age_009,5
2024,다다1794,in_age_010,5
2024,다다1794,in_age_011,8
2024,다다1794,in_age_012,18
2024,다다1794,in_age_013,18
2024,다다1794,in_age_014,13
2024,다다1794,in_age_015,13
2024,다다1794,in_age_016,18
2024,다다1794,in_age_017,23
2024,다다1794,in_age_018,18
2024,다다1794,in_age_019,8
2024,다다1794,in_age_031,0
2024,다다1794,in_age_032,0
2024,다다1794,in_age_034,5
2024,다다1794,in_age_035,5
2024,다다1794,in_age_036,5
2024,다다1794,in_age_037,5
2024,다다1794,in_age_038,5
2024,다다1794,in_age_039,5
2024,다다1794,in_age_041,8
2024,다다1794,in_age_042,8
2024,다다1794,in_age_043,8
2024,다다1794,in_age_044,8
2024,다다1794,in_age_045,8
2024,다다1794,in_age_046,5
2024,다다1794,in_age_047,13
2024,다다1794,in_age_048,5
2024,다다1794,in_age_049,5
2024,다다1794,in_age_064,0
2024,다다1794,in_age_065,5
2024,다다1794,in_age_066,5
2024,다다1794,in_age_067,5
2024,다다1794,in_age_068,5
2024,다다1794,in_age_070,5
2024,다다1794,in_age_071,5
2024,다다1794,in_age_072,8
2024,다다1794,in_age_073,8
2024,다다1794,in_age_074,8
2024,다다1794,in_age_075,8
2024,다다1794,in_age_076,13
2024,다다1794,in_age_077,13
2024,다다1794,in_age_078,13
2024,다다1794,in_age_079,8
2024,다다1794,to_in_001,168
2024,다다1794,to_in_007,78
2024,다다1794,to_in_008,88
2024,다다1795,in_age_004,0
2024,다다1795,in_age_012,0
2024,다다1795,in_age_015,0
2024,다다1795,in_age_016,0
2024,다다1795,in_age_017,0
2024,다다1795,in_age_018,0
2024,다다1795,in_age_034,0
2024,다다1795,in_age_042,0
2024,다다1795,in_age_046,0
2024,다다1795,in_age_047,0
2024,다다1795,in_age_075,0
2024,다다1795,in_age_078,0
2024,다다1795,to_in_001,8
2024,다다1795,to_in_007,5
2024,다다1795,to_in_008,5
2024,다다1796,in_age_005,0
2024,다다1796,in_age_006,0
2024,다다1796,in_age_011,0
2024,다다1796,in_age_012,8
2024,다다1796,in_age_014,5
2024,다다1796,in_age_015,0
2024,다다1796,in_age_016,0
2024,다다1796,in_age_017,5
2024,다다1796,in_age_018,0
2024,다다1796,in_age_036,0
2024,다다1796,in_age_041,0
2024,다다1796,in_age_042,5
2024,다다1796,in_age_044,5
2024,다다1796,in_age_046,0
2024,다다1796,in_age_047,0
2024,다다1796,in_age_065,0
2024,다다1796,in_age_072,5
2024,다다1796,in_age_075,0
2024,다다1796,in_age_077,0
2024,다다1796,in_age_078,0
2024,다다1796,to_in_001,13
2024,다다1796,to_in_007,8
2024,다다1796,to_in_008,8
2024,다다1798,in_age_002,0
2024,다다1798,in_age_005,5
2024,다다1798,in_age_007,5
2024,다다1798,in_age_009,0
2024,다다1798,in_age_010,5
2024,다다1798,in_age_011,5
2024,다다1798,in_age_012,5
2024,다다1798,in_age_013,5
2024,다다1798,in_age_014,5
2024,다다1798,in_age_015,5
2024,다다1798,in_age_016,8
2024,다다1798,in_age_017,5
2024,다다1798,in_age_018,5
2024,다다1798,in_age_032,0
2024,다다1798,in_age_035,5
2024,다다1798,in_age_037,0
2024,다다1798,in_age_039,0
2024,다다1798,in_age_040,5
2024,다다1798,in_age_041,0
2024,다다1798,in_age_042,5
2024,다다1798,in_age_043,5
2024,다다1798,in_age_044,5
2024,다다1798,in_age_045,0
2024,다다1798,in_age_046,5
2024,다다1798,in_age_047,5
2024,다다1798,in_age_048,0
2024,다다1798,in_age_067,0
2024,다다1798,in_age_071,5
2024,다다1798,in_age_072,0
2024,다다1798,in_age_074,0
2024,다다1798,in_age_075,5
2024,다다1798,in_age_076,5
2024,다다1798,in_age_077,0
2024,다다1798,in_age_078,5
2024,다다1798,to_in_001,38
2024,다다1798,to_in_007,23
2024,다다1798,to_in_008,13
2024,다다1799,in_age_014,0
2024,다다1799,in_age_074,0
2024,다다1799,to_in_001,0
2024,다다1799,to_in_007,0
2024,다다1799,to_in_008,0
2024,다다1800,in_age_006,0
2024,다다1800,in_age_007,0
2024,다다1800,in_age_011,5
2024,다다1800,in_age_013,0
2024,다다1800,in_age_036,0
2024,다다1800,in_age_037,0
2024,다다1800,in_age_041,5
2024,다다1800,in_age_043,0
2024,다다1800,to_in_001,5
2024,다다1800,to_in_007,5
2024,다다1800,to_in_008,0
2024,다다1801,in_age_003,0
2024,다다1801,in_age_004,0
2024,다다1801,in_age_005,5
2024,다다1801,in_age_006,5
2024,다다1801,in_age_007,8
2024,다다1801,in_age_008,8
2024,다다1801,in_age_009,5
2024,다다1801,in_age_010,8
2024,다다1801,in_age_011,8
2024,다다1801,in_age_012,8
2024,다다1801,in_age_013,13
2024,다다1801,in_age_014,8
2024,다다1801,in_age_015,5
2024,다다1801,in_age_016,5
2024,다다1801,in_age_017,15
2024,다다1801,in_age_018,17
2024,다다1801,in_age_019,20
2024,다다1801,in_age_020,0
2024,다다1801,in_age_021,5
2024,다다1801,in_age_035,5
2024,다다1801,in_age_036,0
2024,다다1801,in_age_037,5
2024,다다1801,in_age_038,5
2024,다다1801,in_age_039,5
2024,다다1801,in_age_040,5
2024,다다1801,in_age_041,5
2024,다다1801,in_age_042,5
2024,다다1801,in_age_043,8
2024,다다1801,in_age_044,8
2024,다다1801,in_age_045,5
2024,다다1801,in_age_046,0
2024,다다1801,in_age_047,5
2024,다다1801,in_age_048,5
2024,다다1801,in_age_049,5
2024,다다1801,in_age_063,0
2024,다다1801,in_age_064,0
2024,다다1801,in_age_065,5
2024,다다1801,in_age_066,5
2024,다다1801,in_age_067,5
2024,다다1801,in_age_068,5
2024,다다1801,in_age_069,0
2024,다다1801,in_age_070,5
2024,다다1801,in_age_071,5
2024,다다1801,in_age_072,5
2024,다다1801,in_age_073,8
2024,다다1801,in_age_074,5
2024,다다1801,in_age_076,5
2024,다다1801,in_age_077,12
2024,다다1801,in_age_078,12
2024,다다1801,in_age_079,15
2024,다다1801,in_age_080,0
2024,다다1801,in_age_081,5
2024,다다1801,to_in_001,127
2024,다다1801,to_in_007,48
2024,다다1801,to_in_008,77
2024,다다1802,in_age_001,5
2024,다다1802,in_age_002,5
2024,다다1802,in_age_003,5
2024,다다1802,in_age_004,5
2024,다다1802,in_age_005,5
2024,다다1802,in_age_006,0
2024,다다1802,in_age_007,5
2024,다다1802,in_age_009,5
2024,다다1802,in_age_010,5
2024,다다1802,in_age_011,8
2024,다다1802,in_age_012,5
2024,다다1802,in_age_013,5
2024,다다1802,in_age_014,5
2024,다다1802,in_age_015,5
2024,다다1802,in_age_031,0
2024,다다1802,in_age_032,5
2024,다다1802,in_age_034,0
2024,다다1802,in_age_035,0
2024,다다1802,in_age_036,0
2024,다다1802,in_age_037,5
2024,다다1802,in_age_039,5
2024,다다1802,in_age_040,0
2024,다다1802,in_age_041,5
2024,다다1802,in_age_042,5
2024,다다1802,in_age_043,5
2024,다다1802,in_age_044,5
2024,다다1802,in_age_045,0
2024,다다1802,in_age_061,5
2024,다다1802,in_age_063,5
2024,다다1802,in_age_064,5
2024,다다1802,in_age_065,5
2024,다다1802,in_age_067,0
2024,다다1802,in_age_069,5
2024,다다1802,in_age_070,5
2024,다다1802,in_age_071,5
2024,다다1802,in_age_073,5
2024,다다1802,in_age_074,0
2024,다다1802,in_age_075,0
2024,다다1802,to_in_001,43
2024,다다1802,to_in_007,23
2024,다다1802,to_in_008,18
2024,다다1803,in_age_001,35
2024,다다1803,in_age_002,40
2024,다다1803,in_age_003,33
2024,다다1803,in_age_004,29
2024,다다1803,in_age_005,23
2024,다다1803,in_age_006,33
2024,다다1803,in_age_007,60
2024,다다1803,in_age_008,58
2024,다다1803,in_age_009,63
2024,다다1803,in_age_010,60
2024,다다1803,in_age_011,54
2024,다다1803,in_age_012,65
2024,다다1803,in_age_013,63
2024,다다1803,in_age_014,38
2024,다다1803,in_age_015,18
2024,다다1803,in_age_016,13
2024,다다1803,in_age_017,8
2024,다다1803,in_age_018,8
2024,다다1803,in_age_019,5
2024,다다1803,in_age_020,5
2024,다다1803,in_age_031,22
2024,다다1803,in_age_032,25
2024,다다1803,in_age_033,18
2024,다다1803,in_age_034,19
2024,다다1803,in_age_035,13
2024,다다1803,in_age_036,18
2024,다다1803,in_age_037,29
2024,다다1803,in_age_038,23
2024,다다1803,in_age_039,33
2024,다다1803,in_age_040,33
2024,다다1803,in_age_041,24
2024,다다1803,in_age_042,28
2024,다다1803,in_age_043,33
2024,다다1803,in_age_044,18
2024,다다1803,in_age_045,13
2024,다다1803,in_age_046,8
2024,다다1803,in_age_047,5
2024,다다1803,in_age_048,5
2024,다다1803,in_age_061,16
2024,다다1803,in_age_062,18
2024,다다1803,in_age_063,13
2024,다다1803,in_age_064,8
2024,다다1803,in_age_065,13
2024,다다1803,in_age_066,18
2024,다다1803,in_age_067,29
2024,다다1803,in_age_068,33
2024,다다1803,in_age_069,33
2024,다다1803,in_age_070,25
2024,다다1803,in_age_071,28
2024,다다1803,in_age_072,35
2024,다다1803,in_age_073,28
2024,다다1803,in_age_074,18
2024,다다1803,in_age_075,8
2024,다다1803,in_age_076,8
2024,다다1803,in_age_077,8
2024,다다1803,in_age_078,5
2024,다다1803,in_age_079,5
2024,다다1803,in_age_080,5
2024,다다1803,to_in_001,710
2024,다다1803,to_in_007,362
2024,다다1803,to_in_008,346
2024,다다1804,in_age_001,33
2024,다다1804,in_age_002,59
2024,다다1804,in_age_003,60
2024,다다1804,in_age_004,75
2024,다다1804,in_age_005,38
2024,다다1804,in_age_006,53
2024,다다1804,in_age_007,83
2024,다다1804,in_age_008,53
2024,다다1804,in_age_009,102
2024,다다1804,in_age_010,96
2024,다다1804,in_age_011,100
2024,다다1804,in_age_012,81
2024,다다1804,in_age_013,103
2024,다다1804,in_age_014,58
2024,다다1804,in_age_015,48
2024,다다1804,in_age_016,28
2024,다다1804,in_age_017,23
2024,다다1804,in_age_018,8
2024,다다1804,in_age_019,5
2024,다다1804,in_age_020,5
2024,다다1804,in_age_031,18
2024,다다1804,in_age_032,34
2024,다다1804,in_age_033,35
2024,다다1804,in_age_034,35
2024,다다1804,in_age_035,18
2024,다다1804,in_age_036,28
2024,다다1804,in_age_037,43
2024,다다1804,in_age_038,28
2024,다다1804,in_age_039,52
2024,다다1804,in_age_040,54
2024,다다1804,in_age_041,48
2024,다다1804,in_age_042,35
2024,다다1804,in_age_043,48
2024,다다1804,in_age_044,33
2024,다다1804,in_age_045,18
2024,다다1804,in_age_046,18
2024,다다1804,in_age_047,8
2024,다다1804,in_age_048,8
2024,다다1804,in_age_061,18
2024,다다1804,in_age_062,23
2024,다다1804,in_age_063,23
2024,다다1804,in_age_064,38
2024,다다1804,in_age_065,18
2024,다다1804,in_age_066,23
2024,다다1804,in_age_067,43
2024,다다1804,in_age_068,28
2024,다다1804,in_age_069,48
2024,다다1804,in_age_070,45
2024,다다1804,in_age_071,55
2024,다다1804,in_age_072,44
2024,다다1804,in_age_073,58
2024,다다1804,in_age_074,28
2024,다다1804,in_age_075,28
2024,다다1804,in_age_076,13
2024,다다1804,in_age_077,18
2024,다다1804,in_age_078,8
2024,다다1804,in_age_079,5
2024,다다1804,in_age_080,5
2024,다다1804,to_in_001,1110
2024,다다1804,to_in_007,550
2024,다다1804,to_in_008,563
2024,다다1805,in_age_001,81
2024,다다1805,in_age_002,126
2024,다다1805,in_age_003,140
2024,다다1805,in_age_004,121
2024,다다1805,in_age_005,88
2024,다다1805,in_age_006,135
2024,다다1805,in_age_007,139
2024,다다1805,in_age_008,168
2024,다다1805,in_age_009,221
2024,다다1805,in_age_010,170
2024,다다1805,in_age_011,267
2024,다다1805,in_age_012,212
2024,다다1805,in_age_013,174
2024,다다1805,in_age_014,166
2024,다다1805,in_age_015,103
2024,다다1805,in_age_016,125
2024,다다1805,in_age_017,93
2024,다다1805,in_age_018,48
2024,다다1805,in_age_019,23
2024,다다1805,in_age_020,0
2024,다다1805,in_age_031,40
2024,다다1805,in_age_032,70
2024,다다1805,in_age_033,67
2024,다다1805,in_age_034,66
2024,다다1805,in_age_035,53
2024,다다1805,in_age_036,71
2024,다다1805,in_age_037,63
2024,다다1805,in_age_038,86
2024,다다1805,in_age_039,102
2024,다다1805,in_age_040,97
2024,다다1805,in_age_041,137
2024,다다1805,in_age_042,110
2024,다다1805,in_age_043,94
2024,다다1805,in_age_044,84
2024,다다1805,in_age_045,53
2024,다다1805,in_age_046,48
2024,다다1805,in_age_047,33
2024,다다1805,in_age_048,13
2024,다다1805,in_age_049,5
2024,다다1805,in_age_061,39
2024,다다1805,in_age_062,54
2024,다다1805,in_age_063,76
2024,다다1805,in_age_064,58
2024,다다1805,in_age_065,38
2024,다다1805,in_age_066,67
2024,다다1805,in_age_067,74
2024,다다1805,in_age_068,85
2024,다다1805,in_age_069,117
2024,다다1805,in_age_070,71
2024,다다1805,in_age_071,133
2024,다다1805,in_age_072,105
2024,다다1805,in_age_073,83
2024,다다1805,in_age_074,80
2024,다다1805,in_age_075,48
2024,다다1805,in_age_076,75
2024,다다1805,in_age_077,58
2024,다다1805,in_age_078,33
2024,다다1805,in_age_079,18
2024,다다1805,in_age_080,0
2024,다다1805,to_in_001,2601
2024,다다1805,to_in_007,1291
2024,다다1805,to_in_008,1308
2024,다다1874,in_age_004,5
2024,다다1874,in_age_005,5
2024,다다1874,in_age_006,0
2024,다다1874,in_age_007,5
2024,다다1874,in_age_008,5
2024,다다1874,in_age_013,5
2024,다다1874,in_age_014,0
2024,다다1874,in_age_017,0
2024,다다1874,in_age_034,0
2024,다다1874,in_age_035,5
2024,다다1874,in_age_037,5
2024,다다1874,in_age_038,5
2024,다다1874,in_age_043,5
2024,다다1874,in_age_064,0
2024,다다1874,in_age_066,0
2024,다다1874,in_age_074,0
2024,다다1874,in_age_077,0
2024,다다1874,to_in_001,18
2024,다다1874,to_in_007,13
2024,다다1874,to_in_008,5
2024,다다1876,in_age_009,0
2024,다다1876,in_age_039,0
2024,다다1876,to_in_001,0
2024,다다1876,to_in_007,0
2024,다다1876,to_in_008,0
2024,다다1877,in_age_010,0
2024,다다1877,in_age_012,0
2024,다다1877,in_age_013,0
2024,다다1877,in_age_014,0
2024,다다1877,in_age_015,0
2024,다다1877,in_age_019,5
2024,다다1877,in_age_040,0
2024,다다1877,in_age_044,0
2024,다다1877,in_age_072,0
2024,다다1877,in_age_073,0
2024,다다1877,in_age_075,0
2024,다다1877,in_age_079,5
2024,다다1877,to_in_001,8
2024,다다1877,to_in_007,5
2024,다다1877,to_in_008,5
2024,다다1878,in_age_001,5
2024,다다1878,in_age_002,5
2024,다다1878,in_age_003,5
2024,다다1878,in_age_006,0
2024,다다1878,in_age_007,0
2024,다다1878,in_age_008,5
2024,다다1878,in_age_009,5
2024,다다1878,in_age_010,5
2024,다다1878,in_age_011,5
2024,다다1878,in_age_012,5
2024,다다1878,in_age_013,13
2024,다다1878,in_age_014,8
2024,다다1878,in_age_015,5
2024,다다1878,in_age_016,8
2024,다다1878,in_age_017,8
2024,다다1878,in_age_018,0
2024,다다1878,in_age_019,5
2024,다다1878,in_age_020,0
2024,다다1878,in_age_031,5
2024,다다1878,in_age_032,5
2024,다다1878,in_age_033,0
2024,다다1878,in_age_036,0
2024,다다1878,in_age_037,0
2024,다다1878,in_age_038,5
2024,다다1878,in_age_039,5
2024,다다1878,in_age_040,5
2024,다다1878,in_age_041,5
2024,다다1878,in_age_042,5
2024,다다1878,in_age_043,8
2024,다다1878,in_age_044,5
2024,다다1878,in_age_045,5
2024,다다1878,in_age_046,5
2024,다다1878,in_age_047,8
2024,다다1878,in_age_049,0
2024,다다1878,in_age_061,5
2024,다다1878,in_age_063,0
2024,다다1878,in_age_068,5
2024,다다1878,in_age_069,0
2024,다다1878,in_age_071,0
2024,다다1878,in_age_072,5
2024,다다1878,in_age_073,5
2024,다다1878,in_age_074,8
2024,다다1878,in_age_075,0
2024,다다1878,in_age_076,8
2024,다다1878,in_age_077,5
2024,다다1878,in_age_078,0
2024,다다1878,in_age_079,5
2024,다다1878,in_age_080,0
2024,다다1878,to_in_001,78
2024,다다1878,to_in_007,43
2024,다다1878,to_in_008,38
2024,다다1879,in_age_002,0
2024,다다1879,in_age_003,5
2024,다다1879,in_age_005,0
2024,다다1879,in_age_006,5
2024,다다1879,in_age_007,0
2024,다다1879,in_age_008,0
2024,다다1879,in_age_009,5
2024,다다1879,in_age_010,0
2024,다다1879,in_age_011,5
2024,다다1879,in_age_012,8
2024,다다1879,in_age_013,5
2024,다다1879,in_age_014,8
2024,다다1879,in_age_015,5
2024,다다1879,in_age_016,5
2024,다다1879,in_age_018,0
2024,다다1879,in_age_020,0
2024,다다1879,in_age_033,0
2024,다다1879,in_age_035,0
2024,다다1879,in_age_036,5
2024,다다1879,in_age_037,0
2024,다다1879,in_age_038,0
2024,다다1879,in_age_039,0
2024,다다1879,in_age_041,5
2024,다다1879,in_age_042,8
2024,다다1879,in_age_043,5
2024,다다1879,in_age_044,5
2024,다다1879,in_age_046,5
2024,다다1879,in_age_062,0
2024,다다1879,in_age_063,5
2024,다다1879,in_age_069,0
2024,다다1879,in_age_070,0
2024,다다1879,in_age_071,0
2024,다다1879,in_age_072,5
2024,다다1879,in_age_073,5
2024,다다1879,in_age_074,5
2024,다다1879,in_age_075,5
2024,다다1879,in_age_078,0
2024,다다1879,in_age_080,0
2024,다다1879,to_in_001,38
2024,다다1879,to_in_007,18
2024,다다1879,to_in_008,18
2024,다다1880,in_age_001,0
2024,다다1880,in_age_002,5
2024,다다1880,in_age_004,5
2024,다다1880,in_age_005,5
2024,다다1880,in_age_006,5
2024,다다1880,in_age_007,5
2024,다다1880,in_age_008,5
2024,다다1880,in_age_009,5
2024,다다1880,in_age_012,5
2024,다다1880,in_age_013,8
2024,다다1880,in_age_014,5
2024,다다1880,in_age_018,5
2024,다다1880,in_age_032,0
2024,다다1880,in_age_035,5
2024,다다1880,in_age_036,5
2024,다다1880,in_age_037,5
2024,다다1880,in_age_038,0
2024,다다1880,in_age_039,5
2024,다다1880,in_age_042,0
2024,다다1880,in_age_043,5
2024,다다1880,in_age_044,5
2024,다다1880,in_age_048,0
2024,다다1880,in_age_061,0
2024,다다1880,in_age_062,0
2024,다다1880,in_age_064,5
2024,다다1880,in_age_068,0
2024,다다1880,in_age_069,0
2024,다다1880,in_age_072,5
2024,다다1880,in_age_073,5
2024,다다1880,in_age_074,0
2024,다다1880,in_age_078,0
2024,다다1880,to_in_001,33
2024,다다1880,to_in_007,23
2024,다다1880,to_in_008,13
2024,다다1882,in_age_009,0
2024,다다1882,in_age_013,0
2024,다다1882,in_age_014,5
2024,다다1882,in_age_039,0
2024,다다1882,in_age_044,5
2024,다다1882,in_age_073,0
2024,다다1882,to_in_001,5
2024,다다1882,to_in_007,5
2024,다다1882,to_in_008,0
2024,다다1883,in_age_005,0
2024,다다1883,in_age_006,8
2024,다다1883,in_age_007,5
2024,다다1883,in_age_008,5
2024,다다1883,in_age_009,5
2024,다다1883,in_age_010,5
2024,다다1883,in_age_011,5
2024,다다1883,in_age_012,8
2024,다다1883,in_age_013,5
2024,다다1883,in_age_014,13
2024,다다1883,in_age_015,13
2024,다다1883,in_age_016,13
2024,다다1883,in_age_017,13
2024,다다1883,in_age_019,0
2024,다다1883,in_age_020,5
2024,다다1883,in_age_035,0
2024,다다1883,in_age_036,5
2024,다다1883,in_age_037,5
2024,다다1883,in_age_038,5
2024,다다1883,in_age_039,5
2024,다다1883,in_age_040,5
2024,다다1883,in_age_041,5
2024,다다1883,in_age_042,8
2024,다다1883,in_age_043,0
2024,다다1883,in_age_044,8
2024,다다1883,in_age_045,8
2024,다다1883,in_age_046,5
2024,다다1883,in_age_047,5
2024,다다1883,in_age_066,0
2024,다다1883,in_age_068,0
2024,다다1883,in_age_072,0
2024,다다1883,in_age_073,5
2024,다다1883,in_age_074,8
2024,다다1883,in_age_075,8
2024,다다1883,in_age_076,13
2024,다다1883,in_age_077,13
2024,다다1883,in_age_079,0
2024,다다1883,in_age_080,5
2024,다다1883,to_in_001,88
2024,다다1883,to_in_007,48
2024,다다1883,to_in_008,43
2024,다다1888,in_age_013,5
2024,다다1888,in_age_043,0
2024,다다1888,in_age_073,0
2024,다다1888,to_in_001,5
2024,다다1888,to_in_007,0
2024,다다1888,to_in_008,0
2024,다다1895,in_age_016,5
2024,다다1895,in_age_076,5
2024,다다1895,to_in_001,5
2024,다다1895,to_in_007,0
2024,다다1895,to_in_008,5
2024,다다1896,in_age_008,5
2024,다다1896,in_age_009,0
2024,다다1896,in_age_010,0
2024,다다1896,in_age_012,8
2024,다다1896,in_age_013,8
2024,다다1896,in_age_014,8
2024,다다1896,in_age_015,8
2024,다다1896,in_age_016,8
2024,다다1896,in_age_017,13
2024,다다1896,in_age_018,5
2024,다다1896,in_age_019,0
2024,다다1896,in_age_040,0
2024,다다1896,in_age_042,5
2024,다다1896,in_age_043,5
2024,다다1896,in_age_044,5
2024,다다1896,in_age_045,5
2024,다다1896,in_age_046,5
2024,다다1896,in_age_047,8
2024,다다1896,in_age_048,0
2024,다다1896,in_age_068,5
2024,다다1896,in_age_069,0
2024,다다1896,in_age_072,5
2024,다다1896,in_age_073,5
2024,다다1896,in_age_074,5
2024,다다1896,in_age_075,5
2024,다다1896,in_age_076,5
2024,다다1896,in_age_077,5
2024,다다1896,in_age_078,0
2024,다다1896,in_age_079,0
2024,다다1896,to_in_001,48
2024,다다1896,to_in_007,18
2024,다다1896,to_in_008,28
2024,다다1897,in_age_002,5
2024,다다1897,in_age_003,0
2024,다다1897,in_age_004,5
2024,다다1897,in_age_005,0
2024,다다1897,in_age_006,8
2024,다다1897,in_age_008,5
2024,다다1897,in_age_009,5
2024,다다1897,in_age_010,5
2024,다다1897,in_age_011,0
2024,다다1897,in_age_012,8
2024,다다1897,in_age_013,8
2024,다다1897,in_age_014,8
2024,다다1897,in_age_015,8
2024,다다1897,in_age_016,8
2024,다다1897,in_age_017,13
2024,다다1897,in_age_018,5
2024,다다1897,in_age_032,0
2024,다다1897,in_age_033,0
2024,다다1897,in_age_034,0
2024,다다1897,in_age_038,0
2024,다다1897,in_age_039,5
2024,다다1897,in_age_040,0
2024,다다1897,in_age_041,0
2024,다다1897,in_age_042,5
2024,다다1897,in_age_043,5
2024,다다1897,in_age_044,8
2024,다다1897,in_age_045,5
2024,다다1897,in_age_046,5
2024,다다1897,in_age_047,8
2024,다다1897,in_age_062,0
2024,다다1897,in_age_064,5
2024,다다1897,in_age_065,0
2024,다다1897,in_age_066,8
2024,다다1897,in_age_068,0
2024,다다1897,in_age_070,5
2024,다다1897,in_age_072,5
2024,다다1897,in_age_073,5
2024,다다1897,in_age_074,5
2024,다다1897,in_age_075,5
2024,다다1897,in_age_076,5
2024,다다1897,in_age_077,8
2024,다다1897,in_age_078,5
2024,다다1897,to_in_001,63
2024,다다1897,to_in_007,28
2024,다다1897,to_in_008,33
2024,다다1898,in_age_001,0
2024,다다1898,in_age_003,0
2024,다다1898,in_age_004,0
2024,다다1898,in_age_007,0
2024,다다1898,in_age_008,5
2024,다다1898,in_age_009,5
2024,다다1898,in_age_010,5
2024,다다1898,in_age_011,5
2024,다다1898,in_age_012,8
2024,다다1898,in_age_013,23
2024,다다1898,in_age_014,23
2024,다다1898,in_age_015,18
2024,다다1898,in_age_016,13
2024,다다1898,in_age_017,18
2024,다다1898,in_age_018,8
2024,다다1898,in_age_019,5
2024,다다1898,in_age_034,0
2024,다다1898,in_age_037,0
2024,다다1898,in_age_038,5
2024,다다1898,in_age_039,5
2024,다다1898,in_age_040,5
2024,다다1898,in_age_041,5
2024,다다1898,in_age_042,5
2024,다다1898,in_age_043,13
2024,다다1898,in_age_044,13
2024,다다1898,in_age_045,8
2024,다다1898,in_age_046,8
2024,다다1898,in_age_047,8
2024,다다1898,in_age_048,5
2024,다다1898,in_age_049,0
2024,다다1898,in_age_061,0
2024,다다1898,in_age_063,0
2024,다다1898,in_age_068,0
2024,다다1898,in_age_070,5
2024,다다1898,in_age_071,0
2024,다다1898,in_age_072,8
2024,다다1898,in_age_073,13
2024,다다1898,in_age_074,8
2024,다다1898,in_age_075,8
2024,다다1898,in_age_076,5
2024,다다1898,in_age_077,8
2024,다다1898,in_age_078,5
2024,다다1898,in_age_079,5
2024,다다1898,to_in_001,128
2024,다다1898,to_in_007,68
2024,다다1898,to_in_008,58
2024,다다1900,in_age_001,5
2024,다다1900,in_age_002,5
2024,다다1900,in_age_003,8
2024,다다1900,in_age_004,5
2024,다다1900,in_age_005,8
2024,다다1900,in_age_006,8
2024,다다1900,in_age_007,5
2024,다다1900,in_age_008,8
2024,다다1900,in_age_009,18
2024,다다1900,in_age_010,18
2024,다다1900,in_age_011,13
2024,다다1900,in_age_012,18
2024,다다1900,in_age_013,23
2024,다다1900,in_age_014,18
2024,다다1900,in_age_015,8
2024,다다1900,in_age_016,8
2024,다다1900,in_age_017,5
2024,다다1900,in_age_019,5
2024,다다1900,in_age_031,5
2024,다다1900,in_age_032,5
2024,다다1900,in_age_033,5
2024,다다1900,in_age_034,0
2024,다다1900,in_age_035,5
2024,다다1900,in_age_036,8
2024,다다1900,in_age_037,5
2024,다다1900,in_age_038,5
2024,다다1900,in_age_039,8
2024,다다1900,in_age_040,8
2024,다다1900,in_age_041,5
2024,다다1900,in_age_042,8
2024,다다1900,in_age_043,13
2024,다다1900,in_age_044,8
2024,다다1900,in_age_045,5
2024,다다1900,in_age_046,5
2024,다다1900,in_age_047,5
2024,다다1900,in_age_049,0
2024,다다1900,in_age_061,0
2024,다다1900,in_age_062,0
2024,다다1900,in_age_063,5
2024,다다1900,in_age_064,5
2024,다다1900,in_age_065,5
2024,다다1900,in_age_066,0
2024,다다1900,in_age_067,5
2024,다다1900,in_age_068,5
2024,다다1900,in_age_069,8
2024,다다1900,in_age_070,8
2024,다다1900,in_age_071,8
2024,다다1900,in_age_072,8
2024,다다1900,in_age_073,8
2024,다다1900,in_age_074,13
2024,다다1900,in_age_075,8
2024,다다1900,in_age_076,5
2024,다다1900,in_age_079,0
2024,다다1900,to_in_001,168
2024,다다1900,to_in_007,88
2024,다다1900,to_in_008,78
2024,다다1901,in_age_001,8
2024,다다1901,in_age_002,13
2024,다다1901,in_age_003,18
2024,다다1901,in_age_004,13
2024,다다1901,in_age_005,18
2024,다다1901,in_age_006,23
2024,다다1901,in_age_007,18
2024,다다1901,in_age_008,13
2024,다다1901,in_age_009,38
2024,다다1901,in_age_010,39
2024,다다1901,in_age_011,44
2024,다다1901,in_age_012,43
2024,다다1901,in_age_013,28
2024,다다1901,in_age_014,38
2024,다다1901,in_age_015,18
2024,다다1901,in_age_016,18
2024,다다1901,in_age_017,18
2024,다다1901,in_age_018,8
2024,다다1901,in_age_019,5
2024,다다1901,in_age_031,8
2024,다다1901,in_age_032,8
2024,다다1901,in_age_033,13
2024,다다1901,in_age_034,8
2024,다다1901,in_age_035,13
2024,다다1901,in_age_036,13
2024,다다1901,in_age_037,13
2024,다다1901,in_age_038,8
2024,다다1901,in_age_039,18
2024,다다1901,in_age_040,19
2024,다다1901,in_age_041,23
2024,다다1901,in_age_042,23
2024,다다1901,in_age_043,18
2024,다다1901,in_age_044,13
2024,다다1901,in_age_045,8
2024,다다1901,in_age_046,8
2024,다다1901,in_age_047,8
2024,다다1901,in_age_048,5
2024,다다1901,in_age_061,5
2024,다다1901,in_age_062,8
2024,다다1901,in_age_063,8
2024,다다1901,in_age_064,5
2024,다다1901,in_age_065,5
2024,다다1901,in_age_066,8
2024,다다1901,in_age_067,8
2024,다다1901,in_age_068,8
2024,다다1901,in_age_069,18
2024,다다1901,in_age_070,18
2024,다다1901,in_age_071,24
2024,다다1901,in_age_072,23
2024,다다1901,in_age_073,13
2024,다다1901,in_age_074,23
2024,다다1901,in_age_075,8
2024,다다1901,in_age_076,8
2024,다다1901,in_age_077,8
2024,다다1901,in_age_078,8
2024,다다1901,in_age_079,5
2024,다다1901,to_in_001,430
2024,다다1901,to_in_007,224
2024,다다1901,to_in_008,204
2024,다다1902,in_age_001,5
2024,다다1902,in_age_002,8
2024,다다1902,in_age_003,8
2024,다다1902,in_age_004,5
2024,다다1902,in_age_005,8
2024,다다1902,in_age_006,8
2024,다다1902,in_age_007,13
2024,다다1902,in_age_008,13
2024,다다1902,in_age_009,18
2024,다다1902,in_age_010,13
2024,다다1902,in_age_011,13
2024,다다1902,in_age_012,28
2024,다다1902,in_age_013,23
2024,다다1902,in_age_014,18
2024,다다1902,in_age_015,8
2024,다다1902,in_age_016,8
2024,다다1902,in_age_017,5
2024,다다1902,in_age_018,5
2024,다다1902,in_age_031,5
2024,다다1902,in_age_032,5
2024,다다1902,in_age_033,5
2024,다다1902,in_age_034,5
2024,다다1902,in_age_035,5
2024,다다1902,in_age_036,8
2024,다다1902,in_age_037,8
2024,다다1902,in_age_038,8
2024,다다1902,in_age_039,13
2024,다다1902,in_age_040,8
2024,다다1902,in_age_041,8
2024,다다1902,in_age_042,13
2024,다다1902,in_age_043,13
2024,다다1902,in_age_044,8
2024,다다1902,in_age_045,5
2024,다다1902,in_age_046,5
2024,다다1902,in_age_047,5
2024,다다1902,in_age_048,0
2024,다다1902,in_age_061,0
2024,다다1902,in_age_062,5
2024,다다1902,in_age_063,5
2024,다다1902,in_age_064,0
2024,다다1902,in_age_065,5
2024,다다1902,in_age_066,0
2024,다다1902,in_age_067,8
2024,다다1902,in_age_068,5
2024,다다1902,in_age_069,8
2024,다다1902,in_age_070,8
2024,다다1902,in_age_071,8
2024,다다1902,in_age_072,13
2024,다다1902,in_age_073,8
2024,다다1902,in_age_074,8
2024,다다1902,in_age_075,5
2024,다다1902,in_age_076,8
2024,다다1902,in_age_078,0
2024,다다1902,to_in_001,188
2024,다다1902,to_in_007,113
2024,다다1902,to_in_008,78
2024,다다1903,in_age_002,8
2024,다다1903,in_age_003,13
2024,다다1903,in_age_004,8
2024,다다1903,in_age_005,8
2024,다다1903,in_age_006,13
2024,다다1903,in_age_007,13
2024,다다1903,in_age_008,13
2024,다다1903,in_age_009,13
2024,다다1903,in_age_010,13
2024,다다1903,in_age_011,23
2024,다다1903,in_age_012,18
2024,다다1903,in_age_013,23
2024,다다1903,in_age_014,18
2024,다다1903,in_age_015,8
2024,다다1903,in_age_016,8
2024,다다1903,in_age_017,8
2024,다다1903,in_age_018,5
2024,다다1903,in_age_019,0
2024,다다1903,in_age_032,8
2024,다다1903,in_age_033,5
2024,다다1903,in_age_034,5
2024,다다1903,in_age_035,8
2024,다다1903,in_age_036,8
2024,다다1903,in_age_037,8
2024,다다1903,in_age_038,8
2024,다다1903,in_age_039,8
2024,다다1903,in_age_040,8
2024,다다1903,in_age_041,13
2024,다다1903,in_age_042,8
2024,다다1903,in_age_043,13
2024,다다1903,in_age_044,13
2024,다다1903,in_age_045,5
2024,다다1903,in_age_046,5
2024,다다1903,in_age_047,5
2024,다다1903,in_age_048,0
2024,다다1903,in_age_062,5
2024,다다1903,in_age_063,8
2024,다다1903,in_age_064,5
2024,다다1903,in_age_066,8
2024,다다1903,in_age_067,5
2024,다다1903,in_age_068,5
2024,다다1903,in_age_069,8
2024,다다1903,in_age_070,5
2024,다다1903,in_age_071,8
2024,다다1903,in_age_072,8
2024,다다1903,in_age_073,13
2024,다다1903,in_age_074,8
2024,다다1903,in_age_075,5
2024,다다1903,in_age_076,5
2024,다다1903,in_age_077,5
2024,다다1903,in_age_078,5
2024,다다1903,in_age_079,0
2024,다다1903,to_in_001,208
2024,다다1903,to_in_007,118
2024,다다1903,to_in_008,88
2024,다다1904,in_age_001,34
2024,다다1904,in_age_002,50
2024,다다1904,in_age_003,44
2024,다다1904,in_age_004,28
2024,다다1904,in_age_005,13
2024,다다1904,in_age_006,28
2024,다다1904,in_age_007,38
2024,다다1904,in_age_008,50
2024,다다1904,in_age_009,88
2024,다다1904,in_age_010,58
2024,다다1904,in_age_011,35
2024,다다1904,in_age_012,44
2024,다다1904,in_age_013,36
2024,다다1904,in_age_014,33
2024,다다1904,in_age_015,23
2024,다다1904,in_age_016,13
2024,다다1904,in_age_017,13
2024,다다1904,in_age_018,5
2024,다다1904,in_age_019,0
2024,다다1904,in_age_031,14
2024,다다1904,in_age_032,24
2024,다다1904,in_age_033,24
2024,다다1904,in_age_034,18
2024,다다1904,in_age_035,8
2024,다다1904,in_age_036,13
2024,다다1904,in_age_037,18
2024,다다1904,in_age_038,23
2024,다다1904,in_age_039,39
2024,다다1904,in_age_040,28
2024,다다1904,in_age_041,20
2024,다다1904,in_age_042,18
2024,다다1904,in_age_043,21
2024,다다1904,in_age_044,13
2024,다다1904,in_age_045,18
2024,다다1904,in_age_046,8
2024,다다1904,in_age_047,8
2024,다다1904,in_age_048,0
2024,다다1904,in_age_049,0
2024,다다1904,in_age_061,18
2024,다다1904,in_age_062,24
2024,다다1904,in_age_063,23
2024,다다1904,in_age_064,13
2024,다다1904,in_age_065,5
2024,다다1904,in_age_066,18
2024,다다1904,in_age_067,23
2024,다다1904,in_age_068,30
2024,다다1904,in_age_069,47
2024,다다1904,in_age_070,28
2024,다다1904,in_age_071,18
2024,다다1904,in_age_072,24
2024,다다1904,in_age_073,18
2024,다다1904,in_age_074,18
2024,다다1904,in_age_075,8
2024,다다1904,in_age_076,8
2024,다다1904,in_age_077,8
2024,다다1904,in_age_078,5
2024,다다1904,to_in_001,640
2024,다다1904,to_in_007,317
2024,다다1904,to_in_008,321
2024,다다1905,in_age_001,23
2024,다다1905,in_age_002,48
2024,다다1905,in_age_003,68
2024,다다1905,in_age_004,48
2024,다다1905,in_age_005,53
2024,다다1905,in_age_006,73
2024,다다1905,in_age_007,70
2024,다다1905,in_age_008,73
2024,다다1905,in_age_009,108
2024,다다1905,in_age_010,119
2024,다다1905,in_age_011,131
2024,다다1905,in_age_012,131
2024,다다1905,in_age_013,164
2024,다다1905,in_age_014,138
2024,다다1905,in_age_015,101
2024,다다1905,in_age_016,108
2024,다다1905,in_age_017,83
2024,다다1905,in_age_018,43
2024,다다1905,in_age_019,23
2024,다다1905,in_age_020,5
2024,다다1905,in_age_021,0
2024,다다1905,in_age_031,13
2024,다다1905,in_age_032,28
2024,다다1905,in_age_033,38
2024,다다1905,in_age_034,23
2024,다다1905,in_age_035,33
2024,다다1905,in_age_036,38
2024,다다1905,in_age_037,38
2024,다다1905,in_age_038,33
2024,다다1905,in_age_039,53
2024,다다1905,in_age_040,65
2024,다다1905,in_age_041,81
2024,다다1905,in_age_042,61
2024,다다1905,in_age_043,79
2024,다다1905,in_age_044,68
2024,다다1905,in_age_045,38
2024,다다1905,in_age_046,53
2024,다다1905,in_age_047,38
2024,다다1905,in_age_048,8
2024,다다1905,in_age_049,8
2024,다다1905,in_age_061,13
2024,다다1905,in_age_062,18
2024,다다1905,in_age_063,33
2024,다다1905,in_age_064,23
2024,다다1905,in_age_065,18
2024,다다1905,in_age_066,33
2024,다다1905,in_age_067,30
2024,다다1905,in_age_068,38
2024,다다1905,in_age_069,53
2024,다다1905,in_age_070,57
2024,다다1905,in_age_071,53
2024,다다1905,in_age_072,68
2024,다다1905,in_age_073,83
2024,다다1905,in_age_074,68
2024,다다1905,in_age_075,61
2024,다다1905,in_age_076,53
2024,다다1905,in_age_077,43
2024,다다1905,in_age_078,33
2024,다다1905,in_age_079,18
2024,다다1905,in_age_080,5
2024,다다1905,in_age_081,0
2024,다다1905,to_in_001,1596
2024,다다1905,to_in_007,797
2024,다다1905,to_in_008,802
2024,다다1906,in_age_002,0
2024,다다1906,in_age_004,0
2024,다다1906,in_age_009,0
2024,다다1906,in_age_010,0
2024,다다1906,in_age_011,5
2024,다다1906,in_age_012,8
2024,다다1906,in_age_013,5
2024,다다1906,in_age_034,0
2024,다다1906,in_age_040,0
2024,다다1906,in_age_041,0
2024,다다1906,in_age_042,5
2024,다다1906,in_age_043,5
2024,다다1906,in_age_062,0
2024,다다1906,in_age_069,0
2024,다다1906,in_age_071,5
2024,다다1906,in_age_072,5
2024,다다1906,in_age_073,5
2024,다다1906,to_in_001,13
2024,다다1906,to_in_007,8
2024,다다1906,to_in_008,8
2024,다다1978,in_age_013,0
2024,다다1978,in_age_014,5
2024,다다1978,in_age_016,5
2024,다다1978,in_age_043,0
2024,다다1978,in_age_046,0
2024,다다1978,in_age_074,5
2024,다다1978,in_age_076,0
2024,다다1978,to_in_001,5
2024,다다1978,to_in_007,5
2024,다다1978,to_in_008,5
2024,다다2000,in_age_002,5
2024,다다2000,in_age_003,5
2024,다다2000,in_age_004,0
2024,다다2000,in_age_005,5
2024,다다2000,in_age_006,0
2024,다다2000,in_age_007,5
2024,다다2000,in_age_008,8
2024,다다2000,in_age_009,5
2024,다다2000,in_age_011,5
2024,다다2000,in_age_012,5
2024,다다2000,in_age_013,5
2024,다다2000,in_age_032,0
2024,다다2000,in_age_033,0
2024,다다2000,in_age_034,0
2024,다다2000,in_age_035,5
2024,다다2000,in_age_036,0
2024,다다2000,in_age_037,0
2024,다다2000,in_age_038,8
2024,다다2000,in_age_039,5
2024,다다2000,in_age_041,0
2024,다다2000,in_age_042,0
2024,다다2000,in_age_043,0
2024,다다2000,in_age_062,0
2024,다다2000,in_age_063,0
2024,다다2000,in_age_067,5
2024,다다2000,in_age_069,0
2024,다다2000,in_age_071,0
2024,다다2000,in_age_072,0
2024,다다2000,in_age_073,5
2024,다다2000,to_in_001,23
2024,다다2000,to_in_007,13
2024,다다2000,to_in_008,8
2024,다다2001,in_age_012,0
2024,다다2001,in_age_013,8
2024,다다2001,in_age_015,0
2024,다다2001,in_age_042,0
2024,다다2001,in_age_043,8
2024,다다2001,in_age_073,0
2024,다다2001,in_age_075,0
2024,다다2001,to_in_001,8
2024,다다2001,to_in_007,8
2024,다다2001,to_in_008,5
2024,다다2002,in_age_002,0
2024,다다2002,in_age_004,0
2024,다다2002,in_age_005,0
2024,다다2002,in_age_007,5
2024,다다2002,in_age_011,8
2024,다다2002,in_age_012,5
2024,다다2002,in_age_013,5
2024,다다2002,in_age_014,8
2024,다다2002,in_age_032,0
2024,다다2002,in_age_035,0
2024,다다2002,in_age_041,5
2024,다다2002,in_age_042,0
2024,다다2002,in_age_043,5
2024,다다2002,in_age_044,5
2024,다다2002,in_age_064,0
2024,다다2002,in_age_067,5
2024,다다2002,in_age_071,0
2024,다다2002,in_age_072,5
2024,다다2002,in_age_073,0
2024,다다2002,in_age_074,5
2024,다다2002,to_in_001,23
2024,다다2002,to_in_007,13
2024,다다2002,to_in_008,13
2024,다다2003,in_age_001,5
2024,다다2003,in_age_002,5
2024,다다2003,in_age_003,5
2024,다다2003,in_age_004,8
2024,다다2003,in_age_005,0
2024,다다2003,in_age_006,5
2024,다다2003,in_age_007,8
2024,다다2003,in_age_008,8
2024,다다2003,in_age_009,8
2024,다다2003,in_age_010,8
2024,다다2003,in_age_011,8
2024,다다2003,in_age_012,8
2024,다다2003,in_age_013,8
2024,다다2003,in_age_014,8
2024,다다2003,in_age_015,8
2024,다다2003,in_age_016,5
2024,다다2003,in_age_017,5
2024,다다2003,in_age_031,0
2024,다다2003,in_age_032,5
2024,다다2003,in_age_033,0
2024,다다2003,in_age_036,5
2024,다다2003,in_age_037,8
2024,다다2003,in_age_038,5
2024,다다2003,in_age_039,5
2024,다다2003,in_age_040,5
2024,다다2003,in_age_041,8
2024,다다2003,in_age_042,5
2024,다다2003,in_age_043,8
2024,다다2003,in_age_044,5
2024,다다2003,in_age_045,5
2024,다다2003,in_age_046,0
2024,다다2003,in_age_047,0
2024,다다2003,in_age_061,0
2024,다다2003,in_age_062,5
2024,다다2003,in_age_063,5
2024,다다2003,in_age_064,8
2024,다다2003,in_age_065,0
2024,다다2003,in_age_066,5
2024,다다2003,in_age_067,5
2024,다다2003,in_age_068,0
2024,다다2003,in_age_069,5
2024,다다2003,in_age_070,5
2024,다다2003,in_age_071,5
2024,다다2003,in_age_072,5
2024,다다2003,in_age_073,5
2024,다다2003,in_age_074,5
2024,다다2003,in_age_075,5
2024,다다2003,in_age_076,5
2024,다다2003,in_age_077,5
2024,다다2003,to_in_001,98
2024,다다2003,to_in_007,58
2024,다다2003,to_in_008,43
2024,다다2004,in_age_001,8
2024,다다2004,in_age_002,18
2024,다다2004,in_age_003,13
2024,다다2004,in_age_004,14
2024,다다2004,in_age_005,13
2024,다다2004,in_age_006,18
2024,다다2004,in_age_007,18
2024,다다2004,in_age_008,18
2024,다다2004,in_age_009,28
2024,다다2004,in_age_010,25
2024,다다2004,in_age_011,32
2024,다다2004,in_age_012,28
2024,다다2004,in_age_013,33
2024,다다2004,in_age_014,18
2024,다다2004,in_age_015,13
2024,다다2004,in_age_016,8
2024,다다2004,in_age_017,8
2024,다다2004,in_age_018,5
2024,다다2004,in_age_019,0
2024,다다2004,in_age_031,8
2024,다다2004,in_age_032,8
2024,다다2004,in_age_033,8
2024,다다2004,in_age_034,8
2024,다다2004,in_age_035,8
2024,다다2004,in_age_036,8
2024,다다2004,in_age_037,13
2024,다다2004,in_age_038,8
2024,다다2004,in_age_039,18
2024,다다2004,in_age_040,15
2024,다다2004,in_age_041,17
2024,다다2004,in_age_042,13
2024,다다2004,in_age_043,13
2024,다다2004,in_age_044,8
2024,다다2004,in_age_045,8
2024,다다2004,in_age_046,5
2024,다다2004,in_age_047,5
2024,다다2004,in_age_048,5
2024,다다2004,in_age_061,5
2024,다다2004,in_age_062,8
2024,다다2004,in_age_063,8
2024,다다2004,in_age_064,14
2024,다다2004,in_age_065,8
2024,다다2004,in_age_066,13
2024,다다2004,in_age_067,8
2024,다다2004,in_age_068,8
2024,다다2004,in_age_069,13
2024,다다2004,in_age_070,8
2024,다다2004,in_age_071,18
2024,다다2004,in_age_072,13
2024,다다2004,in_age_073,18
2024,다다2004,in_age_074,13
2024,다다2004,in_age_075,5
2024,다다2004,in_age_076,8
2024,다다2004,in_age_077,5
2024,다다2004,in_age_078,0
2024,다다2004,in_age_079,0
2024,다다2004,to_in_001,325
2024,다다2004,to_in_007,169
2024,다다2004,to_in_008,154
2024,다다2005,in_age_001,36
2024,다다2005,in_age_002,71
2024,다다2005,in_age_003,71
2024,다다2005,in_age_004,75
2024,다다2005,in_age_005,63
2024,다다2005,in_age_006,89
2024,다다2005,in_age_007,90
2024,다다2005,in_age_008,96
2024,다다2005,in_age_009,165
2024,다다2005,in_age_010,143
2024,다다2005,in_age_011,178
2024,다다2005,in_age_012,169
2024,다다2005,in_age_013,114
2024,다다2005,in_age_014,109
2024,다다2005,in_age_015,70
2024,다다2005,in_age_016,75
2024,다다2005,in_age_017,53
2024,다다2005,in_age_018,18
2024,다다2005,in_age_019,13
2024,다다2005,in_age_020,0
2024,다다2005,in_age_031,13
2024,다다2005,in_age_032,34
2024,다다2005,in_age_033,39
2024,다다2005,in_age_034,33
2024,다다2005,in_age_035,36
2024,다다2005,in_age_036,43
2024,다다2005,in_age_037,46
2024,다다2005,in_age_038,41
2024,다다2005,in_age_039,88
2024,다다2005,in_age_040,78
2024,다다2005,in_age_041,88
2024,다다2005,in_age_042,90
2024,다다2005,in_age_043,58
2024,다다2005,in_age_044,53
2024,다다2005,in_age_045,33
2024,다다2005,in_age_046,24
2024,다다2005,in_age_047,23
2024,다다2005,in_age_048,8
2024,다다2005,in_age_061,26
2024,다다2005,in_age_062,35
2024,다다2005,in_age_063,30
2024,다다2005,in_age_064,45
2024,다다2005,in_age_065,30
2024,다다2005,in_age_066,44
2024,다다2005,in_age_067,47
2024,다다2005,in_age_068,53
2024,다다2005,in_age_069,80
2024,다다2005,in_age_070,68
2024,다다2005,in_age_071,88
2024,다다2005,in_age_072,82
2024,다다2005,in_age_073,59
2024,다다2005,in_age_074,54
2024,다다2005,in_age_075,40
2024,다다2005,in_age_076,54
2024,다다2005,in_age_077,28
2024,다다2005,in_age_078,13
2024,다다2005,in_age_079,13
2024,다다2005,in_age_080,0
2024,다다2005,to_in_001,1709
2024,다다2005,to_in_007,832
2024,다다2005,to_in_008,880
2024,다다2006,in_age_001,5
2024,다다2006,in_age_002,8
2024,다다2006,in_age_003,8
2024,다다2006,in_age_004,8
2024,다다2006,in_age_005,5
2024,다다2006,in_age_006,8
2024,다다2006,in_age_007,23
2024,다다2006,in_age_008,18
2024,다다2006,in_age_009,18
2024,다다2006,in_age_010,13
2024,다다2006,in_age_011,23
2024,다다2006,in_age_012,23
2024,다다2006,in_age_013,28
2024,다다2006,in_age_014,18
2024,다다2006,in_age_015,13
2024,다다2006,in_age_016,5
2024,다다2006,in_age_017,5
2024,다다2006,in_age_018,5
2024,다다2006,in_age_019,0
2024,다다2006,in_age_031,5
2024,다다2006,in_age_032,5
2024,다다2006,in_age_033,8
2024,다다2006,in_age_034,5
2024,다다2006,in_age_035,0
2024,다다2006,in_age_036,5
2024,다다2006,in_age_037,13
2024,다다2006,in_age_038,8
2024,다다2006,in_age_039,8
2024,다다2006,in_age_040,8
2024,다다2006,in_age_041,8
2024,다다2006,in_age_042,13
2024,다다2006,in_age_043,18
2024,다다2006,in_age_044,13
2024,다다2006,in_age_045,8
2024,다다2006,in_age_046,0
2024,다다2006,in_age_048,5
2024,다다2006,in_age_061,0
2024,다다2006,in_age_062,8
2024,다다2006,in_age_063,5
2024,다다2006,in_age_064,5
2024,다다2006,in_age_065,5
2024,다다2006,in_age_066,5
2024,다다2006,in_age_067,8
2024,다다2006,in_age_068,8
2024,다다2006,in_age_069,8
2024,다다2006,in_age_070,8
2024,다다2006,in_age_071,13
2024,다다2006,in_age_072,13
2024,다다2006,in_age_073,8
2024,다다2006,in_age_074,8
2024,다다2006,in_age_075,5
2024,다다2006,in_age_076,5
2024,다다2006,in_age_077,5
2024,다다2006,in_age_078,5
2024,다다2006,in_age_079,0
2024,다다2006,to_in_001,223
2024,다다2006,to_in_007,118
2024,다다2006,to_in_008,108
2024,다다2007,in_age_009,0
2024,다다2007,in_age_011,0
2024,다다2007,in_age_012,0
2024,다다2007,in_age_041,0
2024,다다2007,in_age_069,0
2024,다다2007,in_age_072,0
2024,다다2007,to_in_001,5
2024,다다2007,to_in_007,0
2024,다다2007,to_in_008,5
2024,다다2071,in_age_001,0
2024,다다2071,in_age_003,0
2024,다다2071,in_age_005,5
2024,다다2071,in_age_006,5
2024,다다2071,in_age_007,5
2024,다다2071,in_age_008,5
2024,다다2071,in_age_009,5
2024,다다2071,in_age_010,5
2024,다다2071,in_age_011,0
2024,다다2071,in_age_012,8
2024,다다2071,in_age_013,8
2024,다다2071,in_age_014,0
2024,다다2071,in_age_015,5
2024,다다2071,in_age_016,8
2024,다다2071,in_age_017,8
2024,다다2071,in_age_018,5
2024,다다2071,in_age_036,5
2024,다다2071,in_age_037,5
2024,다다2071,in_age_038,5
2024,다다2071,in_age_039,5
2024,다다2071,in_age_040,5
2024,다다2071,in_age_041,0
2024,다다2071,in_age_042,5
2024,다다2071,in_age_043,0
2024,다다2071,in_age_044,0
2024,다다2071,in_age_046,0
2024,다다2071,in_age_047,5
2024,다다2071,in_age_048,0
2024,다다2071,in_age_061,0
2024,다다2071,in_age_063,0
2024,다다2071,in_age_065,5
2024,다다2071,in_age_066,0
2024,다다2071,in_age_069,0
2024,다다2071,in_age_072,5
2024,다다2071,in_age_073,8
2024,다다2071,in_age_075,5
2024,다다2071,in_age_076,5
2024,다다2071,in_age_077,5
2024,다다2071,in_age_078,0
2024,다다2071,to_in_001,48
2024,다다2071,to_in_007,23
2024,다다2071,to_in_008,23
2024,다다2072,in_age_005,5
2024,다다2072,in_age_006,8
2024,다다2072,in_age_007,8
2024,다다2072,in_age_008,0
2024,다다2072,in_age_009,0
2024,다다2072,in_age_010,5
2024,다다2072,in_age_011,5
2024,다다2072,in_age_012,8
2024,다다2072,in_age_015,0
2024,다다2072,in_age_016,5
2024,다다2072,in_age_017,0
2024,다다2072,in_age_018,5
2024,다다2072,in_age_035,5
2024,다다2072,in_age_036,8
2024,다다2072,in_age_037,8
2024,다다2072,in_age_038,0
2024,다다2072,in_age_039,0
2024,다다2072,in_age_040,5
2024,다다2072,in_age_042,5
2024,다다2072,in_age_046,5
2024,다다2072,in_age_065,0
2024,다다2072,in_age_071,5
2024,다다2072,in_age_072,5
2024,다다2072,in_age_075,0
2024,다다2072,in_age_076,0
2024,다다2072,in_age_077,0
2024,다다2072,in_age_078,5
2024,다다2072,to_in_001,28
2024,다다2072,to_in_007,13
2024,다다2072,to_in_008,13
2024,다다2073,in_age_001,0
2024,다다2073,in_age_002,8
2024,다다2073,in_age_003,8
2024,다다2073,in_age_004,5
2024,다다2073,in_age_005,5
2024,다다2073,in_age_006,23
2024,다다2073,in_age_007,19
2024,다다2073,in_age_008,18
2024,다다2073,in_age_009,18
2024,다다2073,in_age_010,8
2024,다다2073,in_age_011,8
2024,다다2073,in_age_012,8
2024,다다2073,in_age_013,8
2024,다다2073,in_age_014,13
2024,다다2073,in_age_015,13
2024,다다2073,in_age_016,8
2024,다다2073,in_age_017,8
2024,다다2073,in_age_018,5
2024,다다2073,in_age_019,5
2024,다다2073,in_age_032,5
2024,다다2073,in_age_033,5
2024,다다2073,in_age_034,0
2024,다다2073,in_age_035,5
2024,다다2073,in_age_036,23
2024,다다2073,in_age_037,19
2024,다다2073,in_age_038,13
2024,다다2073,in_age_039,18
2024,다다2073,in_age_040,8
2024,다다2073,in_age_041,5
2024,다다2073,in_age_042,8
2024,다다2073,in_age_043,8
2024,다다2073,in_age_044,8
2024,다다2073,in_age_045,5
2024,다다2073,in_age_046,5
2024,다다2073,in_age_047,0
2024,다다2073,in_age_048,5
2024,다다2073,in_age_049,0
2024,다다2073,in_age_061,0
2024,다다2073,in_age_062,5
2024,다다2073,in_age_063,8
2024,다다2073,in_age_064,5
2024,다다2073,in_age_066,0
2024,다다2073,in_age_067,0
2024,다다2073,in_age_068,5
2024,다다2073,in_age_069,5
2024,다다2073,in_age_070,5
2024,다다2073,in_age_071,0
2024,다다2073,in_age_073,8
2024,다다2073,in_age_074,8
2024,다다2073,in_age_075,8
2024,다다2073,in_age_076,5
2024,다다2073,in_age_077,8
2024,다다2073,in_age_079,5
2024,다다2073,to_in_001,179
2024,다다2073,to_in_007,124
2024,다다2073,to_in_008,58
2024,다다2076,in_age_006,0
2024,다다2076,in_age_007,0
2024,다다2076,in_age_008,0
2024,다다2076,in_age_009,5
2024,다다2076,in_age_010,5
2024,다다2076,in_age_011,0
2024,다다2076,in_age_012,8
2024,다다2076,in_age_013,0
2024,다다2076,in_age_014,0
2024,다다2076,in_age_015,0
2024,다다2076,in_age_018,5
2024,다다2076,in_age_036,0
2024,다다2076,in_age_037,0
2024,다다2076,in_age_038,0
2024,다다2076,in_age_039,5
2024,다다2076,in_age_040,5
2024,다다2076,in_age_042,5
2024,다다2076,in_age_044,0
2024,다다2076,in_age_045,0
2024,다다2076,in_age_048,5
2024,다다2076,in_age_069,0
2024,다다2076,in_age_071,0
2024,다다2076,in_age_072,5
2024,다다2076,in_age_073,0
2024,다다2076,to_in_001,18
2024,다다2076,to_in_007,13
2024,다다2076,to_in_008,5
2024,다다2077,in_age_005,0
2024,다다2077,in_age_006,0
2024,다다2077,in_age_008,0
2024,다다2077,in_age_009,0
2024,다다2077,in_age_011,5
2024,다다2077,in_age_012,5
2024,다다2077,in_age_013,5
2024,다다2077,in_age_035,0
2024,다다2077,in_age_036,0
2024,다다2077,in_age_038,0
2024,다다2077,in_age_039,0
2024,다다2077,in_age_041,5
2024,다다2077,in_age_042,5
2024,다다2077,in_age_043,0
2024,다다2077,in_age_073,0
2024,다다2077,to_in_001,8
2024,다다2077,to_in_007,8
2024,다다2077,to_in_008,0
2024,다다2079,in_age_003,5
2024,다다2079,in_age_007,5
2024,다다2079,in_age_008,0
2024,다다2079,in_age_009,0
2024,다다2079,in_age_010,0
2024,다다2079,in_age_011,8
2024,다다2079,in_age_012,5
2024,다다2079,in_age_013,5
2024,다다2079,in_age_015,0
2024,다다2079,in_age_016,0
2024,다다2079,in_age_017,8
2024,다다2079,in_age_018,0
2024,다다2079,in_age_019,0
2024,다다2079,in_age_038,0
2024,다다2079,in_age_039,0
2024,다다2079,in_age_040,0
2024,다다2079,in_age_041,0
2024,다다2079,in_age_042,5
2024,다다2079,in_age_043,5
2024,다다2079,in_age_047,5
2024,다다2079,in_age_063,5
2024,다다2079,in_age_067,5
2024,다다2079,in_age_071,5
2024,다다2079,in_age_072,0
2024,다다2079,in_age_073,0
2024,다다2079,in_age_075,0
2024,다다2079,in_age_076,0
2024,다다2079,in_age_077,5
2024,다다2079,in_age_078,0
2024,다다2079,in_age_079,0
2024,다다2079,to_in_001,33
2024,다다2079,to_in_007,13
2024,다다2079,to_in_008,18
2024,다다2099,in_age_005,0
2024,다다2099,in_age_006,0
2024,다다2099,in_age_007,5
2024,다다2099,in_age_008,5
2024,다다2099,in_age_009,0
2024,다다2099,in_age_011,0
2024,다다2099,in_age_013,0
2024,다다2099,in_age_035,0
2024,다다2099,in_age_036,0
2024,다다2099,in_age_037,5
2024,다다2099,in_age_038,5
2024,다다2099,in_age_039,0
2024,다다2099,in_age_041,0
2024,다다2099,in_age_043,0
2024,다다2099,to_in_001,13
2024,다다2099,to_in_007,13
2024,다다2099,to_in_008,0
2024,다다2100,in_age_001,0
2024,다다2100,in_age_002,5
2024,다다2100,in_age_003,5
2024,다다2100,in_age_004,5
2024,다다2100,in_age_005,0
2024,다다2100,in_age_006,0
2024,다다2100,in_age_007,5
2024,다다2100,in_age_008,5
2024,다다2100,in_age_009,8
2024,다다2100,in_age_010,5
2024,다다2100,in_age_011,5
2024,다다2100,in_age_012,8
2024,다다2100,in_age_013,8
2024,다다2100,in_age_014,18
2024,다다2100,in_age_015,8
2024,다다2100,in_age_016,5
2024,다다2100,in_age_017,0
2024,다다2100,in_age_019,0
2024,다다2100,in_age_031,0
2024,다다2100,in_age_032,5
2024,다다2100,in_age_033,5
2024,다다2100,in_age_034,0
2024,다다2100,in_age_037,0
2024,다다2100,in_age_038,0
2024,다다2100,in_age_039,8
2024,다다2100,in_age_040,0
2024,다다2100,in_age_041,5
2024,다다2100,in_age_042,5
2024,다다2100,in_age_043,5
2024,다다2100,in_age_044,8
2024,다다2100,in_age_045,5
2024,다다2100,in_age_046,5
2024,다다2100,in_age_063,0
2024,다다2100,in_age_064,5
2024,다다2100,in_age_065,0
2024,다다2100,in_age_066,0
2024,다다2100,in_age_067,5
2024,다다2100,in_age_068,5
2024,다다2100,in_age_069,5
2024,다다2100,in_age_070,5
2024,다다2100,in_age_071,5
2024,다다2100,in_age_072,5
2024,다다2100,in_age_073,8
2024,다다2100,in_age_074,8
2024,다다2100,in_age_075,5
2024,다다2100,in_age_077,0
2024,다다2100,in_age_079,0
2024,다다2100,to_in_001,78
2024,다다2100,to_in_007,43
2024,다다2100,to_in_008,38
2024,다다2101,in_age_001,13
2024,다다2101,in_age_002,28
2024,다다2101,in_age_003,28
2024,다다2101,in_age_004,8
2024,다다2101,in_age_005,5
2024,다다2101,in_age_006,5
2024,다다2101,in_age_007,13
2024,다다2101,in_age_008,13
2024,다다2101,in_age_009,28
2024,다다2101,in_age_010,28
2024,다다2101,in_age_011,18
2024,다다2101,in_age_012,5
2024,다다2101,in_age_013,13
2024,다다2101,in_age_014,18
2024,다다2101,in_age_015,8
2024,다다2101,in_age_016,8
2024,다다2101,in_age_017,5
2024,다다2101,in_age_031,8
2024,다다2101,in_age_032,13
2024,다다2101,in_age_033,13
2024,다다2101,in_age_034,5
2024,다다2101,in_age_035,5
2024,다다2101,in_age_036,5
2024,다다2101,in_age_037,5
2024,다다2101,in_age_038,8
2024,다다2101,in_age_039,13
2024,다다2101,in_age_040,13
2024,다다2101,in_age_041,8
2024,다다2101,in_age_042,5
2024,다다2101,in_age_043,5
2024,다다2101,in_age_044,8
2024,다다2101,in_age_045,5
2024,다다2101,in_age_046,8
2024,다다2101,in_age_047,5
2024,다다2101,in_age_061,8
2024,다다2101,in_age_062,13
2024,다다2101,in_age_063,13
2024,다다2101,in_age_064,5
2024,다다2101,in_age_065,0
2024,다다2101,in_age_066,0
2024,다다2101,in_age_067,8
2024,다다2101,in_age_068,8
2024,다다2101,in_age_069,13
2024,다다2101,in_age_070,18
2024,다다2101,in_age_071,8
2024,다다2101,in_age_072,0
2024,다다2101,in_age_073,8
2024,다다2101,in_age_074,8
2024,다다2101,in_age_075,5
2024,다다2101,in_age_076,5
2024,다다2101,in_age_077,0
2024,다다2101,to_in_001,228
2024,다다2101,to_in_007,118
2024,다다2101,to_in_008,113
2024,다다2102,in_age_002,5
2024,다다2102,in_age_003,5
2024,다다2102,in_age_004,5
2024,다다2102,in_age_006,0
2024,다다2102,in_age_007,5
2024,다다2102,in_age_008,8
2024,다다2102,in_age_009,0
2024,다다2102,in_age_010,0
2024,다다2102,in_age_011,8
2024,다다2102,in_age_012,5
2024,다다2102,in_age_013,5
2024,다다2102,in_age_014,8
2024,다다2102,in_age_016,5
2024,다다2102,in_age_017,5
2024,다다2102,in_age_033,0
2024,다다2102,in_age_034,0
2024,다다2102,in_age_037,5
2024,다다2102,in_age_038,5
2024,다다2102,in_age_039,0
2024,다다2102,in_age_041,5
2024,다다2102,in_age_042,0
2024,다다2102,in_age_043,5
2024,다다2102,in_age_044,0
2024,다다2102,in_age_047,5
2024,다다2102,in_age_062,5
2024,다다2102,in_age_063,0
2024,다다2102,in_age_064,5
2024,다다2102,in_age_066,0
2024,다다2102,in_age_068,5
2024,다다2102,in_age_070,0
2024,다다2102,in_age_071,5
2024,다다2102,in_age_072,0
2024,다다2102,in_age_073,0
2024,다다2102,in_age_074,8
2024,다다2102,in_age_076,5
2024,다다2102,to_in_001,43
2024,다다2102,to_in_007,23
2024,다다2102,to_in_008,18
2024,다다2103,in_age_003,5
2024,다다2103,in_age_005,5
2024,다다2103,in_age_006,5
2024,다다2103,in_age_008,0
2024,다다2103,in_age_009,0
2024,다다2103,in_age_010,5
2024,다다2103,in_age_011,8
2024,다다2103,in_age_012,5
2024,다다2103,in_age_013,8
2024,다다2103,in_age_014,8
2024,다다2103,in_age_015,0
2024,다다2103,in_age_016,5
2024,다다2103,in_age_017,5
2024,다다2103,in_age_018,5
2024,다다2103,in_age_019,0
2024,다다2103,in_age_033,5
2024,다다2103,in_age_035,0
2024,다다2103,in_age_036,0
2024,다다2103,in_age_038,0
2024,다다2103,in_age_039,0
2024,다다2103,in_age_040,5
2024,다다2103,in_age_041,5
2024,다다2103,in_age_042,5
2024,다다2103,in_age_043,5
2024,다다2103,in_age_044,5
2024,다다2103,in_age_045,0
2024,다다2103,in_age_046,5
2024,다다2103,in_age_048,5
2024,다다2103,in_age_065,0
2024,다다2103,in_age_066,5
2024,다다2103,in_age_070,5
2024,다다2103,in_age_071,5
2024,다다2103,in_age_072,5
2024,다다2103,in_age_073,5
2024,다다2103,in_age_074,5
2024,다다2103,in_age_076,5
2024,다다2103,in_age_077,5
2024,다다2103,in_age_079,0
2024,다다2103,to_in_001,48
2024,다다2103,to_in_007,28
2024,다다2103,to_in_008,23
2024,다다2104,in_age_001,5
2024,다다2104,in_age_002,5
2024,다다2104,in_age_005,5
2024,다다2104,in_age_006,5
2024,다다2104,in_age_007,5
2024,다다2104,in_age_008,8
2024,다다2104,in_age_009,8
2024,다다2104,in_age_010,5
2024,다다2104,in_age_011,5
2024,다다2104,in_age_012,8
2024,다다2104,in_age_013,5
2024,다다2104,in_age_014,8
2024,다다2104,in_age_016,5
2024,다다2104,in_age_017,5
2024,다다2104,in_age_018,5
2024,다다2104,in_age_019,0
2024,다다2104,in_age_032,5
2024,다다2104,in_age_035,5
2024,다다2104,in_age_036,5
2024,다다2104,in_age_037,0
2024,다다2104,in_age_038,5
2024,다다2104,in_age_039,5
2024,다다2104,in_age_040,5
2024,다다2104,in_age_041,0
2024,다다2104,in_age_042,5
2024,다다2104,in_age_043,5
2024,다다2104,in_age_044,5
2024,다다2104,in_age_046,5
2024,다다2104,in_age_048,5
2024,다다2104,in_age_061,5
2024,다다2104,in_age_062,0
2024,다다2104,in_age_065,0
2024,다다2104,in_age_066,0
2024,다다2104,in_age_067,5
2024,다다2104,in_age_068,5
2024,다다2104,in_age_069,0
2024,다다2104,in_age_070,0
2024,다다2104,in_age_071,5
2024,다다2104,in_age_072,5
2024,다다2104,in_age_073,5
2024,다다2104,in_age_074,5
2024,다다2104,in_age_077,5
2024,다다2104,in_age_079,0
2024,다다2104,to_in_001,58
2024,다다2104,to_in_007,33
2024,다다2104,to_in_008,28
2024,다다2105,in_age_001,8
2024,다다2105,in_age_002,13
2024,다다2105,in_age_003,13
2024,다다2105,in_age_004,8
2024,다다2105,in_age_005,8
2024,다다2105,in_age_006,23
2024,다다2105,in_age_007,28
2024,다다2105,in_age_008,18
2024,다다2105,in_age_009,28
2024,다다2105,in_age_010,28
2024,다다2105,in_age_011,28
2024,다다2105,in_age_012,38
2024,다다2105,in_age_013,48
2024,다다2105,in_age_014,18
2024,다다2105,in_age_015,13
2024,다다2105,in_age_016,8
2024,다다2105,in_age_017,8
2024,다다2105,in_age_018,5
2024,다다2105,in_age_031,8
2024,다다2105,in_age_032,8
2024,다다2105,in_age_033,8
2024,다다2105,in_age_034,5
2024,다다2105,in_age_035,8
2024,다다2105,in_age_036,13
2024,다다2105,in_age_037,13
2024,다다2105,in_age_038,8
2024,다다2105,in_age_039,18
2024,다다2105,in_age_040,13
2024,다다2105,in_age_041,13
2024,다다2105,in_age_042,23
2024,다다2105,in_age_043,28
2024,다다2105,in_age_044,13
2024,다다2105,in_age_045,8
2024,다다2105,in_age_046,5
2024,다다2105,in_age_047,5
2024,다다2105,in_age_061,8
2024,다다2105,in_age_062,5
2024,다다2105,in_age_063,5
2024,다다2105,in_age_064,5
2024,다다2105,in_age_065,5
2024,다다2105,in_age_066,13
2024,다다2105,in_age_067,18
2024,다다2105,in_age_068,8
2024,다다2105,in_age_069,8
2024,다다2105,in_age_070,18
2024,다다2105,in_age_071,13
2024,다다2105,in_age_072,18
2024,다다2105,in_age_073,18
2024,다다2105,in_age_074,8
2024,다다2105,in_age_075,8
2024,다다2105,in_age_076,5
2024,다다2105,in_age_077,5
2024,다다2105,in_age_078,5
2024,다다2105,to_in_001,343
2024,다다2105,to_in_007,183
2024,다다2105,to_in_008,163
2024,다다2106,in_age_001,28
2024,다다2106,in_age_002,39
2024,다다2106,in_age_003,37
2024,다다2106,in_age_004,29
2024,다다2106,in_age_005,28
2024,다다2106,in_age_006,39
2024,다다2106,in_age_007,71
2024,다다2106,in_age_008,72
2024,다다2106,in_age_009,104
2024,다다2106,in_age_010,65
2024,다다2106,in_age_011,76
2024,다다2106,in_age_012,56
2024,다다2106,in_age_013,78
2024,다다2106,in_age_014,74
2024,다다2106,in_age_015,28
2024,다다2106,in_age_016,28
2024,다다2106,in_age_017,23
2024,다다2106,in_age_018,23
2024,다다2106,in_age_019,8
2024,다다2106,in_age_021,5
2024,다다2106,in_age_031,13
2024,다다2106,in_age_032,23
2024,다다2106,in_age_033,27
2024,다다2106,in_age_034,13
2024,다다2106,in_age_035,18
2024,다다2106,in_age_036,19
2024,다다2106,in_age_037,34
2024,다다2106,in_age_038,39
2024,다다2106,in_age_039,49
2024,다다2106,in_age_040,37
2024,다다2106,in_age_041,43
2024,다다2106,in_age_042,36
2024,다다2106,in_age_043,34
2024,다다2106,in_age_044,44
2024,다다2106,in_age_045,18
2024,다다2106,in_age_046,13
2024,다다2106,in_age_047,8
2024,다다2106,in_age_048,8
2024,다다2106,in_age_049,5
2024,다다2106,in_age_061,13
2024,다다2106,in_age_062,19
2024,다다2106,in_age_063,13
2024,다다2106,in_age_064,14
2024,다다2106,in_age_065,8
2024,다다2106,in_age_066,18
2024,다다2106,in_age_067,40
2024,다다2106,in_age_068,36
2024,다다2106,in_age_069,53
2024,다다2106,in_age_070,26
2024,다다2106,in_age_071,31
2024,다다2106,in_age_072,23
2024,다다2106,in_age_073,47
2024,다다2106,in_age_074,28
2024,다다2106,in_age_075,13
2024,다다2106,in_age_076,18
2024,다다2106,in_age_077,13
2024,다다2106,in_age_078,13
2024,다다2106,in_age_079,8
2024,다다2106,in_age_081,5
2024,다다2106,to_in_001,907
2024,다다2106,to_in_007,475
2024,다다2106,to_in_008,435
2024,다다2169,in_age_003,5
2024,다다2169,in_age_004,5
2024,다다2169,in_age_005,5
2024,다다2169,in_age_006,5
2024,다다2169,in_age_007,8
2024,다다2169,in_age_008,8
2024,다다2169,in_age_009,5
2024,다다2169,in_age_010,8
2024,다다2169,in_age_011,8
2024,다다2169,in_age_012,5
2024,다다2169,in_age_013,5
2024,다다2169,in_age_014,5
2024,다다2169,in_age_015,0
2024,다다2169,in_age_016,8
2024,다다2169,in_age_017,5
2024,다다2169,in_age_019,0
2024,다다2169,in_age_033,0
2024,다다2169,in_age_035,5
2024,다다2169,in_age_036,5
2024,다다2169,in_age_037,8
2024,다다2169,in_age_038,8
2024,다다2169,in_age_039,5
2024,다다2169,in_age_040,5
2024,다다2169,in_age_041,5
2024,다다2169,in_age_042,0
2024,다다2169,in_age_043,0
2024,다다2169,in_age_044,5
2024,다다2169,in_age_046,5
2024,다다2169,in_age_049,0
2024,다다2169,in_age_063,0
2024,다다2169,in_age_064,5
2024,다다2169,in_age_066,0
2024,다다2169,in_age_067,0
2024,다다2169,in_age_068,0
2024,다다2169,in_age_069,0
2024,다다2169,in_age_070,5
2024,다다2169,in_age_071,0
2024,다다2169,in_age_072,0
2024,다다2169,in_age_073,0
2024,다다2169,in_age_074,0
2024,다다2169,in_age_075,0
2024,다다2169,in_age_076,5
2024,다다2169,in_age_077,5
2024,다다2169,to_in_001,63
2024,다다2169,to_in_007,43
2024,다다2169,to_in_008,18
2024,다다2170,in_age_002,0
2024,다다2170,in_age_003,0
2024,다다2170,in_age_006,0
2024,다다2170,in_age_008,5
2024,다다2170,in_age_009,0
2024,다다2170,in_age_011,5
2024,다다2170,in_age_013,8
2024,다다2170,in_age_014,5
2024,다다2170,in_age_015,8
2024,다다2170,in_age_016,0
2024,다다2170,in_age_017,5
2024,다다2170,in_age_036,0
2024,다다2170,in_age_038,5
2024,다다2170,in_age_041,5
2024,다다2170,in_age_043,5
2024,다다2170,in_age_044,0
2024,다다2170,in_age_045,5
2024,다다2170,in_age_062,0
2024,다다2170,in_age_063,0
2024,다다2170,in_age_069,0
2024,다다2170,in_age_073,5
2024,다다2170,in_age_074,0
2024,다다2170,in_age_075,5
2024,다다2170,in_age_076,0
2024,다다2170,in_age_077,5
2024,다다2170,to_in_001,23
2024,다다2170,to_in_007,8
2024,다다2170,to_in_008,13
2024,다다2171,in_age_001,5
2024,다다2171,in_age_002,5
2024,다다2171,in_age_003,8
2024,다다2171,in_age_004,8
2024,다다2171,in_age_005,8
2024,다다2171,in_age_006,5
2024,다다2171,in_age_007,5
2024,다다2171,in_age_008,0
2024,다다2171,in_age_009,8
2024,다다2171,in_age_010,8
2024,다다2171,in_age_011,8
2024,다다2171,in_age_012,8
2024,다다2171,in_age_013,18
2024,다다2171,in_age_014,18
2024,다다2171,in_age_015,13
2024,다다2171,in_age_016,8
2024,다다2171,in_age_017,23
2024,다다2171,in_age_018,8
2024,다다2171,in_age_019,5
2024,다다2171,in_age_020,5
2024,다다2171,in_age_031,0
2024,다다2171,in_age_032,5
2024,다다2171,in_age_033,0
2024,다다2171,in_age_034,5
2024,다다2171,in_age_035,8
2024,다다2171,in_age_036,0
2024,다다2171,in_age_037,5
2024,다다2171,in_age_038,0
2024,다다2171,in_age_039,5
2024,다다2171,in_age_040,8
2024,다다2171,in_age_041,5
2024,다다2171,in_age_042,5
2024,다다2171,in_age_043,8
2024,다다2171,in_age_044,13
2024,다다2171,in_age_045,8
2024,다다2171,in_age_046,5
2024,다다2171,in_age_047,8
2024,다다2171,in_age_048,5
2024,다다2171,in_age_049,0
2024,다다2171,in_age_061,5
2024,다다2171,in_age_062,0
2024,다다2171,in_age_063,8
2024,다다2171,in_age_064,8
2024,다다2171,in_age_066,0
2024,다다2171,in_age_067,5
2024,다다2171,in_age_069,8
2024,다다2171,in_age_070,0
2024,다다2171,in_age_071,5
2024,다다2171,in_age_072,5
2024,다다2171,in_age_073,8
2024,다다2171,in_age_074,8
2024,다다2171,in_age_075,5
2024,다다2171,in_age_076,8
2024,다다2171,in_age_077,18
2024,다다2171,in_age_078,8
2024,다다2171,in_age_079,5
2024,다다2171,in_age_080,5
2024,다다2171,to_in_001,158
2024,다다2171,to_in_007,73
2024,다다2171,to_in_008,83
2024,다다2174,in_age_002,0
2024,다다2174,in_age_003,5
2024,다다2174,in_age_004,0
2024,다다2174,in_age_005,5
2024,다다2174,in_age_006,8
2024,다다2174,in_age_007,5
2024,다다2174,in_age_008,8
2024,다다2174,in_age_009,5
2024,다다2174,in_age_010,8
2024,다다2174,in_age_011,5
2024,다다2174,in_age_012,8
2024,다다2174,in_age_013,8
2024,다다2174,in_age_014,13
2024,다다2174,in_age_015,8
2024,다다2174,in_age_016,8
2024,다다2174,in_age_017,8
2024,다다2174,in_age_018,5
2024,다다2174,in_age_019,5
2024,다다2174,in_age_033,0
2024,다다2174,in_age_035,5
2024,다다2174,in_age_036,5
2024,다다2174,in_age_037,0
2024,다다2174,in_age_038,8
2024,다다2174,in_age_039,5
2024,다다2174,in_age_040,8
2024,다다2174,in_age_041,5
2024,다다2174,in_age_042,8
2024,다다2174,in_age_043,5
2024,다다2174,in_age_044,8
2024,다다2174,in_age_045,5
2024,다다2174,in_age_046,5
2024,다다2174,in_age_047,8
2024,다다2174,in_age_062,0
2024,다다2174,in_age_063,5
2024,다다2174,in_age_064,0
2024,다다2174,in_age_065,0
2024,다다2174,in_age_066,0
2024,다다2174,in_age_067,0
2024,다다2174,in_age_069,5
2024,다다2174,in_age_070,5
2024,다다2174,in_age_071,5
2024,다다2174,in_age_072,0
2024,다다2174,in_age_073,8
2024,다다2174,in_age_074,8
2024,다다2174,in_age_075,5
2024,다다2174,in_age_076,8
2024,다다2174,in_age_077,0
2024,다다2174,in_age_078,5
2024,다다2174,in_age_079,5
2024,다다2174,to_in_001,93
2024,다다2174,to_in_007,53
2024,다다2174,to_in_008,38
2024,다다2175,in_age_001,8
2024,다다2175,in_age_002,8
2024,다다2175,in_age_003,8
2024,다다2175,in_age_004,13
2024,다다2175,in_age_005,5
2024,다다2175,in_age_006,23
2024,다다2175,in_age_007,24
2024,다다2175,in_age_008,33
2024,다다2175,in_age_009,33
2024,다다2175,in_age_010,23
2024,다다2175,in_age_011,38
2024,다다2175,in_age_012,38
2024,다다2175,in_age_013,43
2024,다다2175,in_age_014,38
2024,다다2175,in_age_015,38
2024,다다2175,in_age_016,33
2024,다다2175,in_age_017,33
2024,다다2175,in_age_018,18
2024,다다2175,in_age_019,8
2024,다다2175,in_age_020,0
2024,다다2175,in_age_031,5
2024,다다2175,in_age_032,5
2024,다다2175,in_age_033,8
2024,다다2175,in_age_034,5
2024,다다2175,in_age_035,5
2024,다다2175,in_age_036,18
2024,다다2175,in_age_037,19
2024,다다2175,in_age_038,23
2024,다다2175,in_age_039,28
2024,다다2175,in_age_040,13
2024,다다2175,in_age_041,23
2024,다다2175,in_age_042,23
2024,다다2175,in_age_043,18
2024,다다2175,in_age_044,23
2024,다다2175,in_age_045,18
2024,다다2175,in_age_046,8
2024,다다2175,in_age_047,18
2024,다다2175,in_age_048,8
2024,다다2175,in_age_049,0
2024,다다2175,in_age_061,5
2024,다다2175,in_age_062,8
2024,다다2175,in_age_063,5
2024,다다2175,in_age_064,8
2024,다다2175,in_age_065,5
2024,다다2175,in_age_066,8
2024,다다2175,in_age_067,5
2024,다다2175,in_age_068,8
2024,다다2175,in_age_069,8
2024,다다2175,in_age_070,8
2024,다다2175,in_age_071,18
2024,다다2175,in_age_072,18
2024,다다2175,in_age_073,23
2024,다다2175,in_age_074,18
2024,다다2175,in_age_075,18
2024,다다2175,in_age_076,23
2024,다다2175,in_age_077,18
2024,다다2175,in_age_078,13
2024,다다2175,in_age_079,8
2024,다다2175,in_age_080,0
2024,다다2175,to_in_001,459
2024,다다2175,to_in_007,259
2024,다다2175,to_in_008,198
2024,다다2176,in_age_001,5
2024,다다2176,in_age_003,0
2024,다다2176,in_age_005,5
2024,다다2176,in_age_006,5
2024,다다2176,in_age_007,5
2024,다다2176,in_age_008,5
2024,다다2176,in_age_009,5
2024,다다2176,in_age_011,5
2024,다다2176,in_age_012,5
2024,다다2176,in_age_013,8
2024,다다2176,in_age_014,8
2024,다다2176,in_age_015,5
2024,다다2176,in_age_016,8
2024,다다2176,in_age_017,5
2024,다다2176,in_age_018,8
2024,다다2176,in_age_019,0
2024,다다2176,in_age_033,0
2024,다다2176,in_age_035,5
2024,다다2176,in_age_036,5
2024,다다2176,in_age_037,5
2024,다다2176,in_age_038,0
2024,다다2176,in_age_039,0
2024,다다2176,in_age_041,5
2024,다다2176,in_age_042,5
2024,다다2176,in_age_043,5
2024,다다2176,in_age_044,5
2024,다다2176,in_age_045,5
2024,다다2176,in_age_046,8
2024,다다2176,in_age_047,5
2024,다다2176,in_age_048,0
2024,다다2176,in_age_061,5
2024,다다2176,in_age_066,5
2024,다다2176,in_age_068,5
2024,다다2176,in_age_069,0
2024,다다2176,in_age_071,0
2024,다다2176,in_age_072,0
2024,다다2176,in_age_073,5
2024,다다2176,in_age_074,5
2024,다다2176,in_age_075,5
2024,다다2176,in_age_076,8
2024,다다2176,in_age_077,5
2024,다다2176,in_age_078,8
2024,다다2176,in_age_079,0
2024,다다2176,to_in_001,58
2024,다다2176,to_in_007,33
2024,다다2176,to_in_008,28
2024,다다2177,in_age_001,5
2024,다다2177,in_age_002,8
2024,다다2177,in_age_003,5
2024,다다2177,in_age_004,8
2024,다다2177,in_age_005,5
2024,다다2177,in_age_006,30
2024,다다2177,in_age_007,13
2024,다다2177,in_age_008,8
2024,다다2177,in_age_009,18
2024,다다2177,in_age_010,18
2024,다다2177,in_age_011,23
2024,다다2177,in_age_012,18
2024,다다2177,in_age_013,13
2024,다다2177,in_age_014,18
2024,다다2177,in_age_015,18
2024,다다2177,in_age_016,28
2024,다다2177,in_age_017,28
2024,다다2177,in_age_018,8
2024,다다2177,in_age_019,8
2024,다다2177,in_age_031,5
2024,다다2177,in_age_032,8
2024,다다2177,in_age_033,5
2024,다다2177,in_age_034,5
2024,다다2177,in_age_035,5
2024,다다2177,in_age_036,25
2024,다다2177,in_age_037,13
2024,다다2177,in_age_038,8
2024,다다2177,in_age_039,13
2024,다다2177,in_age_040,8
2024,다다2177,in_age_041,18
2024,다다2177,in_age_042,8
2024,다다2177,in_age_043,8
2024,다다2177,in_age_044,8
2024,다다2177,in_age_045,8
2024,다다2177,in_age_046,13
2024,다다2177,in_age_047,13
2024,다다2177,in_age_048,0
2024,다다2177,in_age_049,8
2024,다다2177,in_age_062,5
2024,다다2177,in_age_063,5
2024,다다2177,in_age_064,5
2024,다다2177,in_age_065,0
2024,다다2177,in_age_066,5
2024,다다2177,in_age_068,5
2024,다다2177,in_age_069,8
2024,다다2177,in_age_070,8
2024,다다2177,in_age_071,8
2024,다다2177,in_age_072,8
2024,다다2177,in_age_073,8
2024,다다2177,in_age_074,13
2024,다다2177,in_age_075,13
2024,다다2177,in_age_076,13
2024,다다2177,in_age_077,13
2024,다다2177,in_age_078,8
2024,다다2177,in_age_079,5
2024,다다2177,to_in_001,280
2024,다다2177,to_in_007,165
2024,다다2177,to_in_008,113
2024,다다2178,in_age_003,5
2024,다다2178,in_age_006,8
2024,다다2178,in_age_007,0
2024,다다2178,in_age_008,5
2024,다다2178,in_age_009,8
2024,다다2178,in_age_010,0
2024,다다2178,in_age_011,5
2024,다다2178,in_age_012,5
2024,다다2178,in_age_013,5
2024,다다2178,in_age_014,8
2024,다다2178,in_age_016,5
2024,다다2178,in_age_017,5
2024,다다2178,in_age_018,5
2024,다다2178,in_age_033,5
2024,다다2178,in_age_036,8
2024,다다2178,in_age_037,0
2024,다다2178,in_age_038,0
2024,다다2178,in_age_039,5
2024,다다2178,in_age_040,0
2024,다다2178,in_age_042,5
2024,다다2178,in_age_043,5
2024,다다2178,in_age_044,5
2024,다다2178,in_age_046,5
2024,다다2178,in_age_047,0
2024,다다2178,in_age_048,0
2024,다다2178,in_age_068,5
2024,다다2178,in_age_069,0
2024,다다2178,in_age_071,5
2024,다다2178,in_age_072,0
2024,다다2178,in_age_074,5
2024,다다2178,in_age_076,5
2024,다다2178,in_age_077,5
2024,다다2178,in_age_078,5
2024,다다2178,to_in_001,43
2024,다다2178,to_in_007,28
2024,다다2178,to_in_008,18
2024,다다2193,in_age_001,5
2024,다다2193,in_age_002,0
2024,다다2193,in_age_003,5
2024,다다2193,in_age_004,0
2024,다다2193,in_age_005,0
2024,다다2193,in_age_006,14
2024,다다2193,in_age_007,19
2024,다다2193,in_age_008,20
2024,다다2193,in_age_009,8
2024,다다2193,in_age_010,13
2024,다다2193,in_age_011,5
2024,다다2193,in_age_012,8
2024,다다2193,in_age_013,18
2024,다다2193,in_age_014,19
2024,다다2193,in_age_015,13
2024,다다2193,in_age_016,8
2024,다다2193,in_age_017,8
2024,다다2193,in_age_018,8
2024,다다2193,in_age_031,0
2024,다다2193,in_age_033,0
2024,다다2193,in_age_034,0
2024,다다2193,in_age_036,14
2024,다다2193,in_age_037,14
2024,다다2193,in_age_038,20
2024,다다2193,in_age_039,8
2024,다다2193,in_age_040,8
2024,다다2193,in_age_041,5
2024,다다2193,in_age_042,8
2024,다다2193,in_age_043,8
2024,다다2193,in_age_044,8
2024,다다2193,in_age_045,8
2024,다다2193,in_age_046,8
2024,다다2193,in_age_047,5
2024,다다2193,in_age_048,5
2024,다다2193,in_age_061,0
2024,다다2193,in_age_062,0
2024,다다2193,in_age_063,5
2024,다다2193,in_age_065,0
2024,다다2193,in_age_066,5
2024,다다2193,in_age_067,0
2024,다다2193,in_age_068,5
2024,다다2193,in_age_069,0
2024,다다2193,in_age_070,0
2024,다다2193,in_age_071,0
2024,다다2193,in_age_072,0
2024,다다2193,in_age_073,8
2024,다다2193,in_age_074,14
2024,다다2193,in_age_075,5
2024,다다2193,in_age_076,5
2024,다다2193,in_age_077,8
2024,다다2193,in_age_078,8
2024,다다2193,to_in_001,163
2024,다다2193,to_in_007,112
2024,다다2193,to_in_008,54
2024,다다2194,in_age_001,0
2024,다다2194,in_age_006,5
2024,다다2194,in_age_007,5
2024,다다2194,in_age_008,8
2024,다다2194,in_age_009,5
2024,다다2194,in_age_010,0
2024,다다2194,in_age_012,0
2024,다다2194,in_age_013,5
2024,다다2194,in_age_015,5
2024,다다2194,in_age_016,0
2024,다다2194,in_age_017,5
2024,다다2194,in_age_036,5
2024,다다2194,in_age_037,5
2024,다다2194,in_age_038,8
2024,다다2194,in_age_039,5
2024,다다2194,in_age_040,0
2024,다다2194,in_age_043,0
2024,다다2194,in_age_045,5
2024,다다2194,in_age_046,0
2024,다다2194,in_age_047,5
2024,다다2194,in_age_061,0
2024,다다2194,in_age_072,0
2024,다다2194,in_age_073,5
2024,다다2194,in_age_077,0
2024,다다2194,to_in_001,28
2024,다다2194,to_in_007,23
2024,다다2194,to_in_008,5
2024,다다2195,in_age_001,8
2024,다다2195,in_age_002,5
2024,다다2195,in_age_003,0
2024,다다2195,in_age_004,5
2024,다다2195,in_age_005,8
2024,다다2195,in_age_006,5
2024,다다2195,in_age_007,14
2024,다다2195,in_age_008,13
2024,다다2195,in_age_009,5
2024,다다2195,in_age_010,8
2024,다다2195,in_age_011,5
2024,다다2195,in_age_012,13
2024,다다2195,in_age_013,18
2024,다다2195,in_age_014,13
2024,다다2195,in_age_015,13
2024,다다2195,in_age_016,8
2024,다다2195,in_age_017,13
2024,다다2195,in_age_018,0
2024,다다2195,in_age_031,8
2024,다다2195,in_age_032,0
2024,다다2195,in_age_033,0
2024,다다2195,in_age_034,5
2024,다다2195,in_age_035,5
2024,다다2195,in_age_036,5
2024,다다2195,in_age_037,14
2024,다다2195,in_age_038,13
2024,다다2195,in_age_039,5
2024,다다2195,in_age_040,8
2024,다다2195,in_age_041,0
2024,다다2195,in_age_042,8
2024,다다2195,in_age_043,8
2024,다다2195,in_age_044,8
2024,다다2195,in_age_045,8
2024,다다2195,in_age_046,8
2024,다다2195,in_age_047,8
2024,다다2195,in_age_062,5
2024,다다2195,in_age_065,5
2024,다다2195,in_age_067,5
2024,다다2195,in_age_068,0
2024,다다2195,in_age_070,5
2024,다다2195,in_age_071,5
2024,다다2195,in_age_072,8
2024,다다2195,in_age_073,13
2024,다다2195,in_age_074,8
2024,다다2195,in_age_075,8
2024,다다2195,in_age_076,8
2024,다다2195,in_age_077,8
2024,다다2195,in_age_078,0
2024,다다2195,to_in_001,144
2024,다다2195,to_in_007,84
2024,다다2195,to_in_008,58
2024,다다2196,in_age_004,5
2024,다다2196,in_age_006,5
2024,다다2196,in_age_007,5
2024,다다2196,in_age_008,5
2024,다다2196,in_age_009,0
2024,다다2196,in_age_011,5
2024,다다2196,in_age_012,5
2024,다다2196,in_age_013,5
2024,다다2196,in_age_014,5
2024,다다2196,in_age_015,0
2024,다다2196,in_age_016,5
2024,다다2196,in_age_017,8
2024,다다2196,in_age_018,0
2024,다다2196,in_age_034,0
2024,다다2196,in_age_036,5
2024,다다2196,in_age_037,5
2024,다다2196,in_age_038,5
2024,다다2196,in_age_039,0
2024,다다2196,in_age_041,5
2024,다다2196,in_age_042,5
2024,다다2196,in_age_043,5
2024,다다2196,in_age_044,5
2024,다다2196,in_age_046,5
2024,다다2196,in_age_047,5
2024,다다2196,in_age_048,0
2024,다다2196,in_age_064,0
2024,다다2196,in_age_071,0
2024,다다2196,in_age_072,0
2024,다다2196,in_age_073,5
2024,다다2196,in_age_075,0
2024,다다2196,in_age_076,0
2024,다다2196,in_age_077,8
2024,다다2196,to_in_001,33
2024,다다2196,to_in_007,23
2024,다다2196,to_in_008,13
2024,다다2197,in_age_001,5
2024,다다2197,in_age_002,0
2024,다다2197,in_age_003,5
2024,다다2197,in_age_004,5
2024,다다2197,in_age_005,5
2024,다다2197,in_age_006,5
2024,다다2197,in_age_007,5
2024,다다2197,in_age_008,0
2024,다다2197,in_age_009,0
2024,다다2197,in_age_010,5
2024,다다2197,in_age_011,8
2024,다다2197,in_age_012,8
2024,다다2197,in_age_013,13
2024,다다2197,in_age_014,8
2024,다다2197,in_age_015,8
2024,다다2197,in_age_016,8
2024,다다2197,in_age_017,18
2024,다다2197,in_age_018,8
2024,다다2197,in_age_019,5
2024,다다2197,in_age_020,5
2024,다다2197,in_age_031,5
2024,다다2197,in_age_032,0
2024,다다2197,in_age_033,5
2024,다다2197,in_age_034,0
2024,다다2197,in_age_035,5
2024,다다2197,in_age_037,5
2024,다다2197,in_age_038,0
2024,다다2197,in_age_039,0
2024,다다2197,in_age_040,5
2024,다다2197,in_age_041,8
2024,다다2197,in_age_042,5
2024,다다2197,in_age_043,8
2024,다다2197,in_age_044,5
2024,다다2197,in_age_045,5
2024,다다2197,in_age_046,5
2024,다다2197,in_age_047,5
2024,다다2197,in_age_048,5
2024,다다2197,in_age_063,0
2024,다다2197,in_age_064,0
2024,다다2197,in_age_065,5
2024,다다2197,in_age_066,5
2024,다다2197,in_age_067,5
2024,다다2197,in_age_071,0
2024,다다2197,in_age_072,5
2024,다다2197,in_age_073,5
2024,다다2197,in_age_074,8
2024,다다2197,in_age_075,5
2024,다다2197,in_age_076,8
2024,다다2197,in_age_077,13
2024,다다2197,in_age_078,5
2024,다다2197,in_age_079,5
2024,다다2197,in_age_080,5
2024,다다2197,to_in_001,98
2024,다다2197,to_in_007,48
2024,다다2197,to_in_008,53
2024,다다2198,in_age_001,5
2024,다다2198,in_age_003,8
2024,다다2198,in_age_004,8
2024,다다2198,in_age_005,5
2024,다다2198,in_age_006,8
2024,다다2198,in_age_007,0
2024,다다2198,in_age_008,5
2024,다다2198,in_age_009,8
2024,다다2198,in_age_010,13
2024,다다2198,in_age_011,18
2024,다다2198,in_age_012,13
2024,다다2198,in_age_013,23
2024,다다2198,in_age_014,28
2024,다다2198,in_age_015,28
2024,다다2198,in_age_016,43
2024,다다2198,in_age_017,38
2024,다다2198,in_age_018,13
2024,다다2198,in_age_019,8
2024,다다2198,in_age_020,0
2024,다다2198,in_age_033,5
2024,다다2198,in_age_034,5
2024,다다2198,in_age_035,5
2024,다다2198,in_age_036,5
2024,다다2198,in_age_037,0
2024,다다2198,in_age_038,5
2024,다다2198,in_age_039,5
2024,다다2198,in_age_040,8
2024,다다2198,in_age_041,8
2024,다다2198,in_age_042,13
2024,다다2198,in_age_043,13
2024,다다2198,in_age_044,13
2024,다다2198,in_age_045,13
2024,다다2198,in_age_046,23
2024,다다2198,in_age_047,13
2024,다다2198,in_age_048,5
2024,다다2198,in_age_049,0
2024,다다2198,in_age_061,5
2024,다다2198,in_age_063,5
2024,다다2198,in_age_064,5
2024,다다2198,in_age_066,5
2024,다다2198,in_age_069,5
2024,다다2198,in_age_070,8
2024,다다2198,in_age_071,8
2024,다다2198,in_age_072,0
2024,다다2198,in_age_073,13
2024,다다2198,in_age_074,18
2024,다다2198,in_age_075,18
2024,다다2198,in_age_076,18
2024,다다2198,in_age_077,23
2024,다다2198,in_age_078,8
2024,다다2198,in_age_079,8
2024,다다2198,in_age_080,0
2024,다다2198,to_in_001,268
2024,다다2198,to_in_007,133
2024,다다2198,to_in_008,138
2024,다다2199,in_age_001,5
2024,다다2199,in_age_002,8
2024,다다2199,in_age_003,5
2024,다다2199,in_age_004,5
2024,다다2199,in_age_005,8
2024,다다2199,in_age_006,25
2024,다다2199,in_age_007,18
2024,다다2199,in_age_008,18
2024,다다2199,in_age_009,13
2024,다다2199,in_age_010,13
2024,다다2199,in_age_011,18
2024,다다2199,in_age_012,18
2024,다다2199,in_age_013,23
2024,다다2199,in_age_014,33
2024,다다2199,in_age_015,23
2024,다다2199,in_age_016,18
2024,다다2199,in_age_017,13
2024,다다2199,in_age_018,8
2024,다다2199,in_age_019,5
2024,다다2199,in_age_020,0
2024,다다2199,in_age_021,5
2024,다다2199,in_age_031,0
2024,다다2199,in_age_032,8
2024,다다2199,in_age_033,5
2024,다다2199,in_age_034,5
2024,다다2199,in_age_035,8
2024,다다2199,in_age_036,20
2024,다다2199,in_age_037,18
2024,다다2199,in_age_038,13
2024,다다2199,in_age_039,13
2024,다다2199,in_age_040,8
2024,다다2199,in_age_041,8
2024,다다2199,in_age_042,13
2024,다다2199,in_age_043,13
2024,다다2199,in_age_044,13
2024,다다2199,in_age_045,13
2024,다다2199,in_age_046,8
2024,다다2199,in_age_047,0
2024,다다2199,in_age_048,5
2024,다다2199,in_age_049,0
2024,다다2199,in_age_061,5
2024,다다2199,in_age_063,5
2024,다다2199,in_age_064,0
2024,다다2199,in_age_065,0
2024,다다2199,in_age_066,5
2024,다다2199,in_age_067,0
2024,다다2199,in_age_068,8
2024,다다2199,in_age_069,5
2024,다다2199,in_age_070,5
2024,다다2199,in_age_071,8
2024,다다2199,in_age_072,8
2024,다다2199,in_age_073,8
2024,다다2199,in_age_074,18
2024,다다2199,in_age_075,8
2024,다다2199,in_age_076,13
2024,다다2199,in_age_077,8
2024,다다2199,in_age_078,8
2024,다다2199,in_age_079,0
2024,다다2199,in_age_080,0
2024,다다2199,in_age_081,5
2024,다다2199,to_in_001,270
2024,다다2199,to_in_007,170
2024,다다2199,to_in_008,103
2024,다다2200,in_age_001,34
2024,다다2200,in_age_002,44
2024,다다2200,in_age_003,39
2024,다다2200,in_age_004,23
2024,다다2200,in_age_005,8
2024,다다2200,in_age_006,18
2024,다다2200,in_age_007,30
2024,다다2200,in_age_008,59
2024,다다2200,in_age_009,75
2024,다다2200,in_age_010,49
2024,다다2200,in_age_011,50
2024,다다2200,in_age_012,48
2024,다다2200,in_age_013,43
2024,다다2200,in_age_014,28
2024,다다2200,in_age_015,8
2024,다다2200,in_age_016,13
2024,다다2200,in_age_017,8
2024,다다2200,in_age_018,5
2024,다다2200,in_age_019,0
2024,다다2200,in_age_031,13
2024,다다2200,in_age_032,19
2024,다다2200,in_age_033,24
2024,다다2200,in_age_034,13
2024,다다2200,in_age_035,5
2024,다다2200,in_age_036,8
2024,다다2200,in_age_037,13
2024,다다2200,in_age_038,28
2024,다다2200,in_age_039,32
2024,다다2200,in_age_040,29
2024,다다2200,in_age_041,24
2024,다다2200,in_age_042,28
2024,다다2200,in_age_043,23
2024,다다2200,in_age_044,13
2024,다다2200,in_age_045,5
2024,다다2200,in_age_046,8
2024,다다2200,in_age_047,5
2024,다다2200,in_age_048,0
2024,다다2200,in_age_061,19
2024,다다2200,in_age_062,23
2024,다다2200,in_age_063,13
2024,다다2200,in_age_064,13
2024,다다2200,in_age_065,8
2024,다다2200,in_age_066,8
2024,다다2200,in_age_067,20
2024,다다2200,in_age_068,29
2024,다다2200,in_age_069,41
2024,다다2200,in_age_070,23
2024,다다2200,in_age_071,24
2024,다다2200,in_age_072,23
2024,다다2200,in_age_073,23
2024,다다2200,in_age_074,13
2024,다다2200,in_age_075,8
2024,다다2200,in_age_076,8
2024,다다2200,in_age_077,8
2024,다다2200,in_age_078,5
2024,다다2200,in_age_079,0
2024,다다2200,to_in_001,589
2024,다다2200,to_in_007,286
2024,다다2200,to_in_008,301
2024,다다2201,in_age_001,5
2024,다다2201,in_age_002,8
2024,다다2201,in_age_003,8
2024,다다2201,in_age_004,5
2024,다다2201,in_age_005,5
2024,다다2201,in_age_006,13
2024,다다2201,in_age_007,18
2024,다다2201,in_age_008,13
2024,다다2201,in_age_009,18
2024,다다2201,in_age_010,14
2024,다다2201,in_age_011,18
2024,다다2201,in_age_012,13
2024,다다2201,in_age_013,13
2024,다다2201,in_age_014,8
2024,다다2201,in_age_015,5
2024,다다2201,in_age_017,0
2024,다다2201,in_age_018,0
2024,다다2201,in_age_031,5
2024,다다2201,in_age_032,5
2024,다다2201,in_age_033,5
2024,다다2201,in_age_034,5
2024,다다2201,in_age_035,5
2024,다다2201,in_age_036,5
2024,다다2201,in_age_037,8
2024,다다2201,in_age_038,8
2024,다다2201,in_age_039,13
2024,다다2201,in_age_040,11
2024,다다2201,in_age_041,8
2024,다다2201,in_age_042,8
2024,다다2201,in_age_043,8
2024,다다2201,in_age_044,5
2024,다다2201,in_age_045,0
2024,다다2201,in_age_061,5
2024,다다2201,in_age_062,5
2024,다다2201,in_age_063,5
2024,다다2201,in_age_064,0
2024,다다2201,in_age_066,8
2024,다다2201,in_age_067,8
2024,다다2201,in_age_068,8
2024,다다2201,in_age_069,8
2024,다다2201,in_age_070,5
2024,다다2201,in_age_071,8
2024,다다2201,in_age_072,8
2024,다다2201,in_age_073,5
2024,다다2201,in_age_074,5
2024,다다2201,in_age_075,0
2024,다다2201,in_age_077,0
2024,다다2201,in_age_078,0
2024,다다2201,to_in_001,149
2024,다다2201,to_in_007,79
2024,다다2201,to_in_008,68
2024,다다2202,in_age_001,5
2024,다다2202,in_age_003,5
2024,다다2202,in_age_004,8
2024,다다2202,in_age_005,5
2024,다다2202,in_age_006,8
2024,다다2202,in_age_007,13
2024,다다2202,in_age_008,5
2024,다다2202,in_age_009,8
2024,다다2202,in_age_010,8
2024,다다2202,in_age_011,8
2024,다다2202,in_age_012,18
2024,다다2202,in_age_013,13
2024,다다2202,in_age_014,13
2024,다다2202,in_age_015,8
2024,다다2202,in_age_016,0
2024,다다2202,in_age_017,8
2024,다다2202,in_age_018,5
2024,다다2202,in_age_019,0
2024,다다2202,in_age_031,5
2024,다다2202,in_age_033,0
2024,다다2202,in_age_034,5
2024,다다2202,in_age_035,0
2024,다다2202,in_age_036,5
2024,다다2202,in_age_037,8
2024,다다2202,in_age_038,5
2024,다다2202,in_age_039,5
2024,다다2202,in_age_040,5
2024,다다2202,in_age_041,5
2024,다다2202,in_age_042,8
2024,다다2202,in_age_043,8
2024,다다2202,in_age_044,8
2024,다다2202,in_age_045,5
2024,다다2202,in_age_047,5
2024,다다2202,in_age_048,5
2024,다다2202,in_age_049,0
2024,다다2202,in_age_063,5
2024,다다2202,in_age_064,5
2024,다다2202,in_age_065,0
2024,다다2202,in_age_066,5
2024,다다2202,in_age_067,5
2024,다다2202,in_age_068,0
2024,다다2202,in_age_069,5
2024,다다2202,in_age_070,8
2024,다다2202,in_age_071,5
2024,다다2202,in_age_072,8
2024,다다2202,in_age_073,8
2024,다다2202,in_age_074,8
2024,다다2202,in_age_075,5
2024,다다2202,in_age_076,0
2024,다다2202,in_age_077,5
2024,다다2202,in_age_078,0
2024,다다2202,to_in_001,123
2024,다다2202,to_in_007,73
2024,다다2202,to_in_008,48
2024,다다2203,in_age_003,0
2024,다다2203,in_age_004,5
2024,다다2203,in_age_006,5
2024,다다2203,in_age_007,0
2024,다다2203,in_age_009,5
2024,다다2203,in_age_010,5
2024,다다2203,in_age_011,5
2024,다다2203,in_age_012,8
2024,다다2203,in_age_014,8
2024,다다2203,in_age_015,0
2024,다다2203,in_age_016,0
2024,다다2203,in_age_017,8
2024,다다2203,in_age_018,0
2024,다다2203,in_age_033,0
2024,다다2203,in_age_036,5
2024,다다2203,in_age_037,0
2024,다다2203,in_age_039,0
2024,다다2203,in_age_040,0
2024,다다2203,in_age_041,5
2024,다다2203,in_age_042,5
2024,다다2203,in_age_044,5
2024,다다2203,in_age_045,0
2024,다다2203,in_age_046,0
2024,다다2203,in_age_047,0
2024,다다2203,in_age_048,0
2024,다다2203,in_age_064,5
2024,다다2203,in_age_069,0
2024,다다2203,in_age_070,0
2024,다다2203,in_age_071,0
2024,다다2203,in_age_072,8
2024,다다2203,in_age_074,8
2024,다다2203,in_age_077,8
2024,다다2203,to_in_001,38
2024,다다2203,to_in_007,23
2024,다다2203,to_in_008,18
2024,다다2204,in_age_001,19
2024,다다2204,in_age_002,28
2024,다다2204,in_age_003,13
2024,다다2204,in_age_004,8
2024,다다2204,in_age_005,5
2024,다다2204,in_age_006,18
2024,다다2204,in_age_007,25
2024,다다2204,in_age_008,29
2024,다다2204,in_age_009,35
2024,다다2204,in_age_010,31
2024,다다2204,in_age_011,24
2024,다다2204,in_age_012,18
2024,다다2204,in_age_013,25
2024,다다2204,in_age_014,18
2024,다다2204,in_age_015,13
2024,다다2204,in_age_016,8
2024,다다2204,in_age_017,0
2024,다다2204,in_age_018,5
2024,다다2204,in_age_031,8
2024,다다2204,in_age_032,15
2024,다다2204,in_age_033,8
2024,다다2204,in_age_034,5
2024,다다2204,in_age_035,5
2024,다다2204,in_age_036,8
2024,다다2204,in_age_037,15
2024,다다2204,in_age_038,15
2024,다다2204,in_age_039,14
2024,다다2204,in_age_040,20
2024,다다2204,in_age_041,8
2024,다다2204,in_age_042,8
2024,다다2204,in_age_043,15
2024,다다2204,in_age_044,8
2024,다다2204,in_age_045,8
2024,다다2204,in_age_046,5
2024,다다2204,in_age_061,11
2024,다다2204,in_age_062,13
2024,다다2204,in_age_063,8
2024,다다2204,in_age_064,0
2024,다다2204,in_age_065,5
2024,다다2204,in_age_066,8
2024,다다2204,in_age_067,13
2024,다다2204,in_age_068,14
2024,다다2204,in_age_069,19
2024,다다2204,in_age_070,11
2024,다다2204,in_age_071,14
2024,다다2204,in_age_072,13
2024,다다2204,in_age_073,8
2024,다다2204,in_age_074,13
2024,다다2204,in_age_075,5
2024,다다2204,in_age_076,8
2024,다다2204,in_age_077,0
2024,다다2204,in_age_078,5
2024,다다2204,to_in_001,320
2024,다다2204,to_in_007,157
2024,다다2204,to_in_008,166
2024,다다2205,in_age_001,48
2024,다다2205,in_age_002,116
2024,다다2205,in_age_003,134
2024,다다2205,in_age_004,92
2024,다다2205,in_age_005,103
2024,다다2205,in_age_006,163
2024,다다2205,in_age_007,210
2024,다다2205,in_age_008,186
2024,다다2205,in_age_009,244
2024,다다2205,in_age_010,241
2024,다다2205,in_age_011,225
2024,다다2205,in_age_012,254
2024,다다2205,in_age_013,202
2024,다다2205,in_age_014,191
2024,다다2205,in_age_015,148
2024,다다2205,in_age_016,128
2024,다다2205,in_age_017,114
2024,다다2205,in_age_018,80
2024,다다2205,in_age_019,34
2024,다다2205,in_age_020,14
2024,다다2205,in_age_021,5
2024,다다2205,in_age_031,23
2024,다다2205,in_age_032,57
2024,다다2205,in_age_033,63
2024,다다2205,in_age_034,52
2024,다다2205,in_age_035,63
2024,다다2205,in_age_036,89
2024,다다2205,in_age_037,109
2024,다다2205,in_age_038,88
2024,다다2205,in_age_039,131
2024,다다2205,in_age_040,132
2024,다다2205,in_age_041,121
2024,다다2205,in_age_042,135
2024,다다2205,in_age_043,109
2024,다다2205,in_age_044,98
2024,다다2205,in_age_045,68
2024,다다2205,in_age_046,58
2024,다다2205,in_age_047,38
2024,다다2205,in_age_048,23
2024,다다2205,in_age_049,8
2024,다다2205,in_age_061,23
2024,다다2205,in_age_062,57
2024,다다2205,in_age_063,69
2024,다다2205,in_age_064,38
2024,다다2205,in_age_065,38
2024,다다2205,in_age_066,77
2024,다다2205,in_age_067,99
2024,다다2205,in_age_068,96
2024,다다2205,in_age_069,116
2024,다다2205,in_age_070,107
2024,다다2205,in_age_071,107
2024,다다2205,in_age_072,122
2024,다다2205,in_age_073,96
2024,다다2205,in_age_074,91
2024,다다2205,in_age_075,78
2024,다다2205,in_age_076,73
2024,다다2205,in_age_077,79
2024,다다2205,in_age_078,55
2024,다다2205,in_age_079,24
2024,다다2205,in_age_080,14
2024,다다2205,in_age_081,5
2024,다다2205,to_in_001,2930
2024,다다2205,to_in_007,1466
2024,다다2205,to_in_008,1467
2024,다다2206,in_age_001,8
2024,다다2206,in_age_002,13
2024,다다2206,in_age_003,8
2024,다다2206,in_age_004,8
2024,다다2206,in_age_005,18
2024,다다2206,in_age_006,23
2024,다다2206,in_age_007,23
2024,다다2206,in_age_008,25
2024,다다2206,in_age_009,28
2024,다다2206,in_age_010,18
2024,다다2206,in_age_011,23
2024,다다2206,in_age_012,33
2024,다다2206,in_age_013,33
2024,다다2206,in_age_014,33
2024,다다2206,in_age_015,8
2024,다다2206,in_age_016,13
2024,다다2206,in_age_017,18
2024,다다2206,in_age_018,13
2024,다다2206,in_age_019,8
2024,다다2206,in_age_031,5
2024,다다2206,in_age_032,8
2024,다다2206,in_age_033,5
2024,다다2206,in_age_034,8
2024,다다2206,in_age_035,8
2024,다다2206,in_age_036,13
2024,다다2206,in_age_037,13
2024,다다2206,in_age_038,14
2024,다다2206,in_age_039,13
2024,다다2206,in_age_040,8
2024,다다2206,in_age_041,8
2024,다다2206,in_age_042,23
2024,다다2206,in_age_043,13
2024,다다2206,in_age_044,18
2024,다다2206,in_age_045,5
2024,다다2206,in_age_046,5
2024,다다2206,in_age_047,8
2024,다다2206,in_age_048,5
2024,다다2206,in_age_049,5
2024,다다2206,in_age_061,5
2024,다다2206,in_age_062,8
2024,다다2206,in_age_063,5
2024,다다2206,in_age_064,5
2024,다다2206,in_age_065,8
2024,다다2206,in_age_066,8
2024,다다2206,in_age_067,13
2024,다다2206,in_age_068,11
2024,다다2206,in_age_069,13
2024,다다2206,in_age_070,8
2024,다다2206,in_age_071,13
2024,다다2206,in_age_072,8
2024,다다2206,in_age_073,18
2024,다다2206,in_age_074,18
2024,다다2206,in_age_075,8
2024,다다2206,in_age_076,8
2024,다다2206,in_age_077,8
2024,다다2206,in_age_078,8
2024,다다2206,in_age_079,5
2024,다다2206,to_in_001,345
2024,다다2206,to_in_007,179
2024,다다2206,to_in_008,169
2024,다다2269,in_age_005,0
2024,다다2269,in_age_013,5
2024,다다2269,in_age_015,8
2024,다다2269,in_age_035,0
2024,다다2269,in_age_043,5
2024,다다2269,in_age_045,5
2024,다다2269,in_age_075,5
2024,다다2269,to_in_001,8
2024,다다2269,to_in_007,8
2024,다다2269,to_in_008,5
2024,다다2270,in_age_002,5
2024,다다2270,in_age_003,5
2024,다다2270,in_age_006,8
2024,다다2270,in_age_007,5
2024,다다2270,in_age_008,5
2024,다다2270,in_age_009,8
2024,다다2270,in_age_010,5
2024,다다2270,in_age_011,0
2024,다다2270,in_age_012,5
2024,다다2270,in_age_013,8
2024,다다2270,in_age_014,8
2024,다다2270,in_age_015,8
2024,다다2270,in_age_016,8
2024,다다2270,in_age_017,8
2024,다다2270,in_age_018,5
2024,다다2270,in_age_019,0
2024,다다2270,in_age_032,5
2024,다다2270,in_age_036,8
2024,다다2270,in_age_037,5
2024,다다2270,in_age_038,5
2024,다다2270,in_age_039,5
2024,다다2270,in_age_040,5
2024,다다2270,in_age_042,5
2024,다다2270,in_age_043,0
2024,다다2270,in_age_044,8
2024,다다2270,in_age_045,5
2024,다다2270,in_age_046,5
2024,다다2270,in_age_047,5
2024,다다2270,in_age_048,5
2024,다다2270,in_age_063,5
2024,다다2270,in_age_069,5
2024,다다2270,in_age_071,0
2024,다다2270,in_age_072,0
2024,다다2270,in_age_073,8
2024,다다2270,in_age_074,5
2024,다다2270,in_age_075,5
2024,다다2270,in_age_076,8
2024,다다2270,in_age_077,5
2024,다다2270,in_age_078,0
2024,다다2270,in_age_079,0
2024,다다2270,to_in_001,68
2024,다다2270,to_in_007,33
2024,다다2270,to_in_008,33
2024,다다2271,in_age_003,5
2024,다다2271,in_age_004,5
2024,다다2271,in_age_006,8
2024,다다2271,in_age_007,5
2024,다다2271,in_age_008,5
2024,다다2271,in_age_009,5
2024,다다2271,in_age_010,5
2024,다다2271,in_age_011,8
2024,다다2271,in_age_012,5
2024,다다2271,in_age_013,5
2024,다다2271,in_age_014,8
2024,다다2271,in_age_015,5
2024,다다2271,in_age_016,8
2024,다다2271,in_age_017,8
2024,다다2271,in_age_018,5
2024,다다2271,in_age_033,5
2024,다다2271,in_age_034,0
2024,다다2271,in_age_036,8
2024,다다2271,in_age_037,5
2024,다다2271,in_age_038,5
2024,다다2271,in_age_040,5
2024,다다2271,in_age_041,8
2024,다다2271,in_age_042,5
2024,다다2271,in_age_043,0
2024,다다2271,in_age_044,5
2024,다다2271,in_age_045,0
2024,다다2271,in_age_046,5
2024,다다2271,in_age_047,5
2024,다다2271,in_age_048,0
2024,다다2271,in_age_063,0
2024,다다2271,in_age_064,5
2024,다다2271,in_age_069,5
2024,다다2271,in_age_070,0
2024,다다2271,in_age_071,5
2024,다다2271,in_age_072,0
2024,다다2271,in_age_073,5
2024,다다2271,in_age_074,5
2024,다다2271,in_age_075,5
2024,다다2271,in_age_076,8
2024,다다2271,in_age_077,5
2024,다다2271,in_age_078,0
2024,다다2271,to_in_001,68
2024,다다2271,to_in_007,38
2024,다다2271,to_in_008,33
2024,다다2272,in_age_001,5
2024,다다2272,in_age_002,0
2024,다다2272,in_age_004,5
2024,다다2272,in_age_006,5
2024,다다2272,in_age_007,5
2024,다다2272,in_age_008,5
2024,다다2272,in_age_009,5
2024,다다2272,in_age_010,0
2024,다다2272,in_age_011,0
2024,다다2272,in_age_012,5
2024,다다2272,in_age_013,5
2024,다다2272,in_age_014,5
2024,다다2272,in_age_015,0
2024,다다2272,in_age_016,5
2024,다다2272,in_age_019,5
2024,다다2272,in_age_031,0
2024,다다2272,in_age_034,5
2024,다다2272,in_age_036,5
2024,다다2272,in_age_037,0
2024,다다2272,in_age_038,5
2024,다다2272,in_age_039,5
2024,다다2272,in_age_040,0
2024,다다2272,in_age_041,0
2024,다다2272,in_age_042,5
2024,다다2272,in_age_043,5
2024,다다2272,in_age_044,0
2024,다다2272,in_age_046,0
2024,다다2272,in_age_061,0
2024,다다2272,in_age_062,0
2024,다다2272,in_age_067,0
2024,다다2272,in_age_068,0
2024,다다2272,in_age_069,0
2024,다다2272,in_age_072,0
2024,다다2272,in_age_073,0
2024,다다2272,in_age_074,5
2024,다다2272,in_age_075,0
2024,다다2272,in_age_076,0
2024,다다2272,in_age_079,5
2024,다다2272,to_in_001,33
2024,다다2272,to_in_007,18
2024,다다2272,to_in_008,13
2024,다다2274,in_age_002,5
2024,다다2274,in_age_003,0
2024,다다2274,in_age_004,5
2024,다다2274,in_age_006,5
2024,다다2274,in_age_007,5
2024,다다2274,in_age_008,5
2024,다다2274,in_age_009,5
2024,다다2274,in_age_010,5
2024,다다2274,in_age_011,5
2024,다다2274,in_age_012,8
2024,다다2274,in_age_013,5
2024,다다2274,in_age_014,8
2024,다다2274,in_age_015,5
2024,다다2274,in_age_016,5
2024,다다2274,in_age_017,5
2024,다다2274,in_age_018,5
2024,다다2274,in_age_032,5
2024,다다2274,in_age_034,5
2024,다다2274,in_age_036,5
2024,다다2274,in_age_037,5
2024,다다2274,in_age_038,5
2024,다다2274,in_age_039,5
2024,다다2274,in_age_040,0
2024,다다2274,in_age_041,5
2024,다다2274,in_age_042,5
2024,다다2274,in_age_043,5
2024,다다2274,in_age_044,5
2024,다다2274,in_age_045,5
2024,다다2274,in_age_046,0
2024,다다2274,in_age_047,0
2024,다다2274,in_age_063,0
2024,다다2274,in_age_064,0
2024,다다2274,in_age_069,0
2024,다다2274,in_age_070,5
2024,다다2274,in_age_071,0
2024,다다2274,in_age_072,8
2024,다다2274,in_age_074,5
2024,다다2274,in_age_075,0
2024,다다2274,in_age_076,5
2024,다다2274,in_age_077,5
2024,다다2274,in_age_078,5
2024,다다2274,to_in_001,53
2024,다다2274,to_in_007,33
2024,다다2274,to_in_008,23
2024,다다2275,in_age_001,8
2024,다다2275,in_age_002,8
2024,다다2275,in_age_003,8
2024,다다2275,in_age_004,5
2024,다다2275,in_age_005,8
2024,다다2275,in_age_006,23
2024,다다2275,in_age_007,18
2024,다다2275,in_age_008,18
2024,다다2275,in_age_009,18
2024,다다2275,in_age_010,18
2024,다다2275,in_age_011,13
2024,다다2275,in_age_012,18
2024,다다2275,in_age_013,23
2024,다다2275,in_age_014,13
2024,다다2275,in_age_015,18
2024,다다2275,in_age_016,8
2024,다다2275,in_age_017,13
2024,다다2275,in_age_018,8
2024,다다2275,in_age_019,5
2024,다다2275,in_age_020,0
2024,다다2275,in_age_031,5
2024,다다2275,in_age_032,8
2024,다다2275,in_age_033,8
2024,다다2275,in_age_034,0
2024,다다2275,in_age_035,5
2024,다다2275,in_age_036,13
2024,다다2275,in_age_037,13
2024,다다2275,in_age_038,13
2024,다다2275,in_age_039,13
2024,다다2275,in_age_040,13
2024,다다2275,in_age_041,8
2024,다다2275,in_age_042,8
2024,다다2275,in_age_043,8
2024,다다2275,in_age_044,5
2024,다다2275,in_age_045,5
2024,다다2275,in_age_046,8
2024,다다2275,in_age_047,5
2024,다다2275,in_age_048,5
2024,다다2275,in_age_049,5
2024,다다2275,in_age_050,0
2024,다다2275,in_age_061,5
2024,다다2275,in_age_062,5
2024,다다2275,in_age_063,5
2024,다다2275,in_age_064,5
2024,다다2275,in_age_065,5
2024,다다2275,in_age_066,8
2024,다다2275,in_age_067,5
2024,다다2275,in_age_068,5
2024,다다2275,in_age_069,8
2024,다다2275,in_age_070,8
2024,다다2275,in_age_071,5
2024,다다2275,in_age_072,8
2024,다다2275,in_age_073,13
2024,다다2275,in_age_074,8
2024,다다2275,in_age_075,13
2024,다다2275,in_age_076,5
2024,다다2275,in_age_077,8
2024,다다2275,in_age_078,5
2024,다다2275,in_age_079,5
2024,다다2275,to_in_001,248
2024,다다2275,to_in_007,138
2024,다다2275,to_in_008,108
2024,다다2276,in_age_002,8
2024,다다2276,in_age_006,5
2024,다다2276,in_age_007,5
2024,다다2276,in_age_008,5
2024,다다2276,in_age_009,5
2024,다다2276,in_age_010,5
2024,다다2276,in_age_011,5
2024,다다2276,in_age_012,5
2024,다다2276,in_age_013,5
2024,다다2276,in_age_014,8
2024,다다2276,in_age_015,8
2024,다다2276,in_age_016,8
2024,다다2276,in_age_017,8
2024,다다2276,in_age_018,8
2024,다다2276,in_age_019,8
2024,다다2276,in_age_032,5
2024,다다2276,in_age_036,0
2024,다다2276,in_age_037,5
2024,다다2276,in_age_038,5
2024,다다2276,in_age_039,5
2024,다다2276,in_age_040,5
2024,다다2276,in_age_041,5
2024,다다2276,in_age_042,0
2024,다다2276,in_age_043,5
2024,다다2276,in_age_044,5
2024,다다2276,in_age_045,5
2024,다다2276,in_age_046,5
2024,다다2276,in_age_047,0
2024,다다2276,in_age_062,5
2024,다다2276,in_age_066,5
2024,다다2276,in_age_072,0
2024,다다2276,in_age_073,5
2024,다다2276,in_age_074,8
2024,다다2276,in_age_075,8
2024,다다2276,in_age_076,8
2024,다다2276,in_age_077,8
2024,다다2276,in_age_078,8
2024,다다2276,in_age_079,8
2024,다다2276,to_in_001,68
2024,다다2276,to_in_007,33
2024,다다2276,to_in_008,38
2024,다다2278,in_age_002,5
2024,다다2278,in_age_003,5
2024,다다2278,in_age_004,0
2024,다다2278,in_age_007,5
2024,다다2278,in_age_008,5
2024,다다2278,in_age_009,8
2024,다다2278,in_age_010,5
2024,다다2278,in_age_016,0
2024,다다2278,in_age_032,5
2024,다다2278,in_age_033,5
2024,다다2278,in_age_034,0
2024,다다2278,in_age_037,5
2024,다다2278,in_age_038,5
2024,다다2278,in_age_039,5
2024,다다2278,in_age_040,5
2024,다다2278,in_age_046,0
2024,다다2278,in_age_062,0
2024,다다2278,in_age_069,5
2024,다다2278,to_in_001,23
2024,다다2278,to_in_007,18
2024,다다2278,to_in_008,5
2024,다다2293,in_age_001,5
2024,다다2293,in_age_002,0
2024,다다2293,in_age_005,5
2024,다다2293,in_age_006,8
2024,다다2293,in_age_007,13
2024,다다2293,in_age_008,13
2024,다다2293,in_age_009,13
2024,다다2293,in_age_010,8
2024,다다2293,in_age_011,5
2024,다다2293,in_age_012,13
2024,다다2293,in_age_013,8
2024,다다2293,in_age_014,13
2024,다다2293,in_age_015,13
2024,다다2293,in_age_016,13
2024,다다2293,in_age_017,8
2024,다다2293,in_age_018,8
2024,다다2293,in_age_019,5
2024,다다2293,in_age_031,0
2024,다다2293,in_age_032,0
2024,다다2293,in_age_035,5
2024,다다2293,in_age_036,8
2024,다다2293,in_age_037,13
2024,다다2293,in_age_038,13
2024,다다2293,in_age_039,8
2024,다다2293,in_age_040,5
2024,다다2293,in_age_041,5
2024,다다2293,in_age_042,8
2024,다다2293,in_age_043,5
2024,다다2293,in_age_044,5
2024,다다2293,in_age_045,8
2024,다다2293,in_age_046,8
2024,다다2293,in_age_047,5
2024,다다2293,in_age_048,5
2024,다다2293,in_age_061,0
2024,다다2293,in_age_068,5
2024,다다2293,in_age_069,5
2024,다다2293,in_age_070,5
2024,다다2293,in_age_071,5
2024,다다2293,in_age_072,8
2024,다다2293,in_age_073,5
2024,다다2293,in_age_074,8
2024,다다2293,in_age_075,8
2024,다다2293,in_age_076,5
2024,다다2293,in_age_077,5
2024,다다2293,in_age_078,5
2024,다다2293,in_age_079,5
2024,다다2293,to_in_001,138
2024,다다2293,to_in_007,88
2024,다다2293,to_in_008,48
2024,다다2294,in_age_010,5
2024,다다2294,in_age_011,8
2024,다다2294,in_age_012,0
2024,다다2294,in_age_013,5
2024,다다2294,in_age_014,0
2024,다다2294,in_age_015,5
2024,다다2294,in_age_016,5
2024,다다2294,in_age_018,0
2024,다다2294,in_age_019,0
2024,다다2294,in_age_041,5
2024,다다2294,in_age_042,0
2024,다다2294,in_age_043,5
2024,다다2294,in_age_045,5
2024,다다2294,in_age_046,5
2024,다다2294,in_age_049,0
2024,다다2294,in_age_070,5
2024,다다2294,in_age_071,5
2024,다다2294,in_age_073,5
2024,다다2294,in_age_074,0
2024,다다2294,in_age_076,5
2024,다다2294,in_age_078,0
2024,다다2294,to_in_001,18
2024,다다2294,to_in_007,8
2024,다다2294,to_in_008,8
2024,다다2295,in_age_001,5
2024,다다2295,in_age_002,5
2024,다다2295,in_age_003,5
2024,다다2295,in_age_004,0
2024,다다2295,in_age_005,0
2024,다다2295,in_age_006,5
2024,다다2295,in_age_007,5
2024,다다2295,in_age_008,5
2024,다다2295,in_age_009,8
2024,다다2295,in_age_010,8
2024,다다2295,in_age_011,5
2024,다다2295,in_age_012,8
2024,다다2295,in_age_013,8
2024,다다2295,in_age_014,13
2024,다다2295,in_age_015,8
2024,다다2295,in_age_016,8
2024,다다2295,in_age_017,8
2024,다다2295,in_age_018,5
2024,다다2295,in_age_031,5
2024,다다2295,in_age_032,0
2024,다다2295,in_age_033,0
2024,다다2295,in_age_035,0
2024,다다2295,in_age_036,5
2024,다다2295,in_age_037,5
2024,다다2295,in_age_038,5
2024,다다2295,in_age_039,5
2024,다다2295,in_age_040,8
2024,다다2295,in_age_041,0
2024,다다2295,in_age_042,5
2024,다다2295,in_age_043,8
2024,다다2295,in_age_044,8
2024,다다2295,in_age_045,8
2024,다다2295,in_age_046,8
2024,다다2295,in_age_047,5
2024,다다2295,in_age_048,5
2024,다다2295,in_age_062,0
2024,다다2295,in_age_063,0
2024,다다2295,in_age_064,0
2024,다다2295,in_age_067,0
2024,다다2295,in_age_068,0
2024,다다2295,in_age_069,0
2024,다다2295,in_age_070,0
2024,다다2295,in_age_071,0
2024,다다2295,in_age_072,8
2024,다다2295,in_age_073,5
2024,다다2295,in_age_074,8
2024,다다2295,in_age_075,8
2024,다다2295,in_age_076,5
2024,다다2295,in_age_077,5
2024,다다2295,in_age_078,5
2024,다다2295,to_in_001,98
2024,다다2295,to_in_007,58
2024,다다2295,to_in_008,43
2024,다다2296,in_age_003,5
2024,다다2296,in_age_004,0
2024,다다2296,in_age_009,5
2024,다다2296,in_age_012,5
2024,다다2296,in_age_013,0
2024,다다2296,in_age_014,5
2024,다다2296,in_age_015,0
2024,다다2296,in_age_016,5
2024,다다2296,in_age_017,5
2024,다다2296,in_age_033,0
2024,다다2296,in_age_034,0
2024,다다2296,in_age_039,0
2024,다다2296,in_age_042,0
2024,다다2296,in_age_044,0
2024,다다2296,in_age_046,5
2024,다다2296,in_age_063,0
2024,다다2296,in_age_069,0
2024,다다2296,in_age_072,0
2024,다다2296,in_age_073,0
2024,다다2296,in_age_074,0
2024,다다2296,in_age_075,0
2024,다다2296,in_age_077,5
2024,다다2296,to_in_001,13
2024,다다2296,to_in_007,8
2024,다다2296,to_in_008,8
2024,다다2297,in_age_010,5
2024,다다2297,in_age_012,5
2024,다다2297,in_age_013,0
2024,다다2297,in_age_015,5
2024,다다2297,in_age_016,5
2024,다다2297,in_age_017,0
2024,다다2297,in_age_018,0
2024,다다2297,in_age_040,5
2024,다다2297,in_age_042,5
2024,다다2297,in_age_045,0
2024,다다2297,in_age_046,5
2024,다다2297,in_age_048,0
2024,다다2297,in_age_072,0
2024,다다2297,in_age_073,0
2024,다다2297,in_age_075,0
2024,다다2297,in_age_077,0
2024,다다2297,to_in_001,8
2024,다다2297,to_in_007,8
2024,다다2297,to_in_008,5
2024,다다2298,in_age_002,0
2024,다다2298,in_age_003,5
2024,다다2298,in_age_004,0
2024,다다2298,in_age_005,5
2024,다다2298,in_age_006,8
2024,다다2298,in_age_007,5
2024,다다2298,in_age_009,5
2024,다다2298,in_age_010,5
2024,다다2298,in_age_011,8
2024,다다2298,in_age_012,13
2024,다다2298,in_age_013,8
2024,다다2298,in_age_014,8
2024,다다2298,in_age_015,8
2024,다다2298,in_age_016,8
2024,다다2298,in_age_017,13
2024,다다2298,in_age_018,8
2024,다다2298,in_age_019,5
2024,다다2298,in_age_032,0
2024,다다2298,in_age_033,5
2024,다다2298,in_age_036,5
2024,다다2298,in_age_037,0
2024,다다2298,in_age_039,5
2024,다다2298,in_age_040,0
2024,다다2298,in_age_041,5
2024,다다2298,in_age_042,8
2024,다다2298,in_age_043,5
2024,다다2298,in_age_044,5
2024,다다2298,in_age_045,5
2024,다다2298,in_age_046,8
2024,다다2298,in_age_047,5
2024,다다2298,in_age_048,5
2024,다다2298,in_age_049,5
2024,다다2298,in_age_063,0
2024,다다2298,in_age_064,0
2024,다다2298,in_age_065,5
2024,다다2298,in_age_066,5
2024,다다2298,in_age_067,5
2024,다다2298,in_age_069,0
2024,다다2298,in_age_070,5
2024,다다2298,in_age_071,0
2024,다다2298,in_age_072,5
2024,다다2298,in_age_073,5
2024,다다2298,in_age_074,5
2024,다다2298,in_age_075,5
2024,다다2298,in_age_076,5
2024,다다2298,in_age_077,5
2024,다다2298,in_age_078,5
2024,다다2298,in_age_079,0
2024,다다2298,to_in_001,88
2024,다다2298,to_in_007,48
2024,다다2298,to_in_008,43
2024,다다2299,in_age_011,0
2024,다다2299,in_age_012,8
2024,다다2299,in_age_014,5
2024,다다2299,in_age_015,0
2024,다다2299,in_age_016,5
2024,다다2299,in_age_017,0
2024,다다2299,in_age_042,5
2024,다다2299,in_age_044,0
2024,다다2299,in_age_045,0
2024,다다2299,in_age_047,0
2024,다다2299,in_age_071,0
2024,다다2299,in_age_072,5
2024,다다2299,in_age_074,0
2024,다다2299,in_age_076,5
2024,다다2299,to_in_001,13
2024,다다2299,to_in_007,8
2024,다다2299,to_in_008,8
2024,다다2300,in_age_001,8
2024,다다2300,in_age_002,8
2024,다다2300,in_age_003,13
2024,다다2300,in_age_004,8
2024,다다2300,in_age_005,18
2024,다다2300,in_age_006,14
2024,다다2300,in_age_007,13
2024,다다2300,in_age_008,18
2024,다다2300,in_age_009,33
2024,다다2300,in_age_010,13
2024,다다2300,in_age_011,28
2024,다다2300,in_age_012,53
2024,다다2300,in_age_013,33
2024,다다2300,in_age_014,38
2024,다다2300,in_age_015,13
2024,다다2300,in_age_016,8
2024,다다2300,in_age_017,8
2024,다다2300,in_age_018,5
2024,다다2300,in_age_019,8
2024,다다2300,in_age_031,8
2024,다다2300,in_age_032,8
2024,다다2300,in_age_033,8
2024,다다2300,in_age_034,8
2024,다다2300,in_age_035,13
2024,다다2300,in_age_036,14
2024,다다2300,in_age_037,8
2024,다다2300,in_age_038,5
2024,다다2300,in_age_039,13
2024,다다2300,in_age_040,8
2024,다다2300,in_age_041,8
2024,다다2300,in_age_042,18
2024,다다2300,in_age_043,18
2024,다다2300,in_age_044,18
2024,다다2300,in_age_045,8
2024,다다2300,in_age_046,8
2024,다다2300,in_age_047,5
2024,다다2300,in_age_049,0
2024,다다2300,in_age_061,5
2024,다다2300,in_age_062,8
2024,다다2300,in_age_063,8
2024,다다2300,in_age_064,5
2024,다다2300,in_age_065,8
2024,다다2300,in_age_066,5
2024,다다2300,in_age_067,8
2024,다다2300,in_age_068,13
2024,다다2300,in_age_069,18
2024,다다2300,in_age_070,8
2024,다다2300,in_age_071,18
2024,다다2300,in_age_072,33
2024,다다2300,in_age_073,18
2024,다다2300,in_age_074,18
2024,다다2300,in_age_075,8
2024,다다2300,in_age_076,5
2024,다다2300,in_age_077,5
2024,다다2300,in_age_078,5
2024,다다2300,in_age_079,8
2024,다다2300,to_in_001,334
2024,다다2300,to_in_007,159
2024,다다2300,to_in_008,173
2024,다다2301,in_age_004,5
2024,다다2301,in_age_005,5
2024,다다2301,in_age_006,8
2024,다다2301,in_age_007,5
2024,다다2301,in_age_009,0
2024,다다2301,in_age_010,0
2024,다다2301,in_age_011,5
2024,다다2301,in_age_012,8
2024,다다2301,in_age_013,13
2024,다다2301,in_age_014,5
2024,다다2301,in_age_015,5
2024,다다2301,in_age_017,8
2024,다다2301,in_age_034,5
2024,다다2301,in_age_035,0
2024,다다2301,in_age_036,5
2024,다다2301,in_age_041,5
2024,다다2301,in_age_042,0
2024,다다2301,in_age_043,8
2024,다다2301,in_age_044,5
2024,다다2301,in_age_045,0
2024,다다2301,in_age_047,8
2024,다다2301,in_age_065,5
2024,다다2301,in_age_066,5
2024,다다2301,in_age_067,5
2024,다다2301,in_age_069,0
2024,다다2301,in_age_070,0
2024,다다2301,in_age_071,5
2024,다다2301,in_age_072,8
2024,다다2301,in_age_073,5
2024,다다2301,in_age_074,5
2024,다다2301,in_age_075,0
2024,다다2301,to_in_001,43
2024,다다2301,to_in_007,23
2024,다다2301,to_in_008,23
2024,다다2302,in_age_001,8
2024,다다2302,in_age_002,18
2024,다다2302,in_age_003,13
2024,다다2302,in_age_004,8
2024,다다2302,in_age_005,18
2024,다다2302,in_age_006,8
2024,다다2302,in_age_007,18
2024,다다2302,in_age_008,13
2024,다다2302,in_age_009,23
2024,다다2302,in_age_010,18
2024,다다2302,in_age_011,23
2024,다다2302,in_age_012,28
2024,다다2302,in_age_013,8
2024,다다2302,in_age_014,23
2024,다다2302,in_age_015,18
2024,다다2302,in_age_016,13
2024,다다2302,in_age_017,5
2024,다다2302,in_age_018,8
2024,다다2302,in_age_031,5
2024,다다2302,in_age_032,13
2024,다다2302,in_age_033,8
2024,다다2302,in_age_034,5
2024,다다2302,in_age_035,13
2024,다다2302,in_age_036,5
2024,다다2302,in_age_037,8
2024,다다2302,in_age_038,8
2024,다다2302,in_age_039,13
2024,다다2302,in_age_040,13
2024,다다2302,in_age_041,13
2024,다다2302,in_age_042,18
2024,다다2302,in_age_043,5
2024,다다2302,in_age_044,8
2024,다다2302,in_age_045,8
2024,다다2302,in_age_046,8
2024,다다2302,in_age_047,0
2024,다다2302,in_age_048,5
2024,다다2302,in_age_061,8
2024,다다2302,in_age_062,8
2024,다다2302,in_age_063,8
2024,다다2302,in_age_064,8
2024,다다2302,in_age_065,5
2024,다다2302,in_age_066,8
2024,다다2302,in_age_067,8
2024,다다2302,in_age_068,8
2024,다다2302,in_age_069,13
2024,다다2302,in_age_070,8
2024,다다2302,in_age_071,13
2024,다다2302,in_age_072,8
2024,다다2302,in_age_073,5
2024,다다2302,in_age_074,13
2024,다다2302,in_age_075,8
2024,다다2302,in_age_076,5
2024,다다2302,in_age_077,5
2024,다다2302,in_age_078,5
2024,다다2302,to_in_001,263
2024,다다2302,to_in_007,138
2024,다다2302,to_in_008,123
2024,다다2303,in_age_001,5
2024,다다2303,in_age_002,0
2024,다다2303,in_age_005,5
2024,다다2303,in_age_006,8
2024,다다2303,in_age_007,8
2024,다다2303,in_age_008,14
2024,다다2303,in_age_009,8
2024,다다2303,in_age_010,5
2024,다다2303,in_age_013,5
2024,다다2303,in_age_015,5
2024,다다2303,in_age_016,0
2024,다다2303,in_age_017,0
2024,다다2303,in_age_031,5
2024,다다2303,in_age_035,5
2024,다다2303,in_age_036,8
2024,다다2303,in_age_037,5
2024,다다2303,in_age_038,0
2024,다다2303,in_age_039,5
2024,다다2303,in_age_040,5
2024,다다2303,in_age_045,0
2024,다다2303,in_age_047,0
2024,다다2303,in_age_061,0
2024,다다2303,in_age_062,0
2024,다다2303,in_age_067,0
2024,다다2303,in_age_068,14
2024,다다2303,in_age_069,0
2024,다다2303,in_age_070,5
2024,다다2303,in_age_073,5
2024,다다2303,in_age_075,0
2024,다다2303,in_age_076,0
2024,다다2303,to_in_001,50
2024,다다2303,to_in_007,31
2024,다다2303,to_in_008,22
2024,다다2304,in_age_001,13
2024,다다2304,in_age_002,17
2024,다다2304,in_age_003,47
2024,다다2304,in_age_004,43
2024,다다2304,in_age_005,50
2024,다다2304,in_age_006,41
2024,다다2304,in_age_007,26
2024,다다2304,in_age_008,30
2024,다다2304,in_age_009,50
2024,다다2304,in_age_010,66
2024,다다2304,in_age_011,68
2024,다다2304,in_age_012,70
2024,다다2304,in_age_013,58
2024,다다2304,in_age_014,53
2024,다다2304,in_age_015,23
2024,다다2304,in_age_016,24
2024,다다2304,in_age_017,8
2024,다다2304,in_age_018,8
2024,다다2304,in_age_019,5
2024,다다2304,in_age_031,8
2024,다다2304,in_age_032,8
2024,다다2304,in_age_033,25
2024,다다2304,in_age_034,29
2024,다다2304,in_age_035,23
2024,다다2304,in_age_036,25
2024,다다2304,in_age_037,8
2024,다다2304,in_age_038,14
2024,다다2304,in_age_039,23
2024,다다2304,in_age_040,35
2024,다다2304,in_age_041,30
2024,다다2304,in_age_042,33
2024,다다2304,in_age_043,24
2024,다다2304,in_age_044,29
2024,다다2304,in_age_045,13
2024,다다2304,in_age_046,13
2024,다다2304,in_age_047,5
2024,다다2304,in_age_048,5
2024,다다2304,in_age_061,5
2024,다다2304,in_age_062,14
2024,다다2304,in_age_063,27
2024,다다2304,in_age_064,17
2024,다다2304,in_age_065,25
2024,다다2304,in_age_066,19
2024,다다2304,in_age_067,16
2024,다다2304,in_age_068,16
2024,다다2304,in_age_069,25
2024,다다2304,in_age_070,31
2024,다다2304,in_age_071,38
2024,다다2304,in_age_072,40
2024,다다2304,in_age_073,32
2024,다다2304,in_age_074,22
2024,다다2304,in_age_075,8
2024,다다2304,in_age_076,14
2024,다다2304,in_age_077,8
2024,다다2304,in_age_078,5
2024,다다2304,in_age_079,5
2024,다다2304,to_in_001,694
2024,다다2304,to_in_007,344
2024,다다2304,to_in_008,353
2024,다다2305,in_age_001,75
2024,다다2305,in_age_002,105
2024,다다2305,in_age_003,108
2024,다다2305,in_age_004,77
2024,다다2305,in_age_005,68
2024,다다2305,in_age_006,118
2024,다다2305,in_age_007,159
2024,다다2305,in_age_008,169
2024,다다2305,in_age_009,202
2024,다다2305,in_age_010,166
2024,다다2305,in_age_011,173
2024,다다2305,in_age_012,149
2024,다다2305,in_age_013,122
2024,다다2305,in_age_014,83
2024,다다2305,in_age_015,48
2024,다다2305,in_age_016,53
2024,다다2305,in_age_017,43
2024,다다2305,in_age_018,28
2024,다다2305,in_age_019,8
2024,다다2305,in_age_031,39
2024,다다2305,in_age_032,60
2024,다다2305,in_age_033,58
2024,다다2305,in_age_034,42
2024,다다2305,in_age_035,43
2024,다다2305,in_age_036,73
2024,다다2305,in_age_037,74
2024,다다2305,in_age_038,86
2024,다다2305,in_age_039,91
2024,다다2305,in_age_040,79
2024,다다2305,in_age_041,83
2024,다다2305,in_age_042,74
2024,다다2305,in_age_043,67
2024,다다2305,in_age_044,48
2024,다다2305,in_age_045,28
2024,다다2305,in_age_046,18
2024,다다2305,in_age_047,23
2024,다다2305,in_age_048,8
2024,다다2305,in_age_049,5
2024,다다2305,in_age_061,34
2024,다다2305,in_age_062,48
2024,다다2305,in_age_063,53
2024,다다2305,in_age_064,38
2024,다다2305,in_age_065,28
2024,다다2305,in_age_066,43
2024,다다2305,in_age_067,83
2024,다다2305,in_age_068,81
2024,다다2305,in_age_069,114
2024,다다2305,in_age_070,90
2024,다다2305,in_age_071,88
2024,다다2305,in_age_072,73
2024,다다2305,in_age_073,58
2024,다다2305,in_age_074,38
2024,다다2305,in_age_075,23
2024,다다2305,in_age_076,38
2024,다다2305,in_age_077,18
2024,다다2305,in_age_078,18
2024,다다2305,in_age_079,8
2024,다다2305,to_in_001,1960
2024,다다2305,to_in_007,1003
2024,다다2305,to_in_008,960
2024,다다2306,in_age_001,5
2024,다다2306,in_age_002,5
2024,다다2306,in_age_004,0
2024,다다2306,in_age_005,8
2024,다다2306,in_age_006,5
2024,다다2306,in_age_007,8
2024,다다2306,in_age_008,8
2024,다다2306,in_age_009,5
2024,다다2306,in_age_010,8
2024,다다2306,in_age_011,8
2024,다다2306,in_age_012,11
2024,다다2306,in_age_013,8
2024,다다2306,in_age_014,5
2024,다다2306,in_age_015,5
2024,다다2306,in_age_016,5
2024,다다2306,in_age_017,5
2024,다다2306,in_age_018,5
2024,다다2306,in_age_019,0
2024,다다2306,in_age_020,5
2024,다다2306,in_age_031,5
2024,다다2306,in_age_032,0
2024,다다2306,in_age_035,8
2024,다다2306,in_age_036,5
2024,다다2306,in_age_037,5
2024,다다2306,in_age_038,5
2024,다다2306,in_age_039,5
2024,다다2306,in_age_040,8
2024,다다2306,in_age_041,0
2024,다다2306,in_age_042,6
2024,다다2306,in_age_043,8
2024,다다2306,in_age_044,5
2024,다다2306,in_age_045,0
2024,다다2306,in_age_048,0
2024,다다2306,in_age_050,0
2024,다다2306,in_age_061,0
2024,다다2306,in_age_062,5
2024,다다2306,in_age_064,0
2024,다다2306,in_age_067,5
2024,다다2306,in_age_068,5
2024,다다2306,in_age_069,5
2024,다다2306,in_age_070,5
2024,다다2306,in_age_071,8
2024,다다2306,in_age_072,5
2024,다다2306,in_age_073,5
2024,다다2306,in_age_074,0
2024,다다2306,in_age_075,0
2024,다다2306,in_age_076,5
2024,다다2306,in_age_077,5
2024,다다2306,in_age_078,5
2024,다다2306,in_age_079,0
2024,다다2306,in_age_080,0
2024,다다2306,to_in_001,89
2024,다다2306,to_in_007,49
2024,다다2306,to_in_008,43
2024,다다2370,in_age_002,0
2024,다다2370,in_age_003,0
2024,다다2370,in_age_006,0
2024,다다2370,in_age_007,0
2024,다다2370,in_age_008,5
2024,다다2370,in_age_011,0
2024,다다2370,in_age_013,8
2024,다다2370,in_age_015,0
2024,다다2370,in_age_017,0
2024,다다2370,in_age_033,0
2024,다다2370,in_age_036,0
2024,다다2370,in_age_037,0
2024,다다2370,in_age_038,5
2024,다다2370,in_age_043,8
2024,다다2370,in_age_062,0
2024,다다2370,in_age_068,0
2024,다다2370,in_age_071,0
2024,다다2370,in_age_075,0
2024,다다2370,in_age_077,0
2024,다다2370,to_in_001,13
2024,다다2370,to_in_007,8
2024,다다2370,to_in_008,5
2024,다다2371,in_age_011,0
2024,다다2371,in_age_014,5
2024,다다2371,in_age_041,0
2024,다다2371,in_age_044,5
2024,다다2371,in_age_074,5
2024,다다2371,to_in_001,5
2024,다다2371,to_in_007,5
2024,다다2371,to_in_008,5
2024,다다2372,in_age_001,5
2024,다다2372,in_age_002,8
2024,다다2372,in_age_003,5
2024,다다2372,in_age_004,5
2024,다다2372,in_age_005,5
2024,다다2372,in_age_006,18
2024,다다2372,in_age_007,23
2024,다다2372,in_age_008,18
2024,다다2372,in_age_009,13
2024,다다2372,in_age_010,8
2024,다다2372,in_age_011,23
2024,다다2372,in_age_012,8
2024,다다2372,in_age_013,23
2024,다다2372,in_age_014,23
2024,다다2372,in_age_015,13
2024,다다2372,in_age_016,18
2024,다다2372,in_age_017,18
2024,다다2372,in_age_018,13
2024,다다2372,in_age_019,8
2024,다다2372,in_age_031,5
2024,다다2372,in_age_032,5
2024,다다2372,in_age_033,5
2024,다다2372,in_age_034,0
2024,다다2372,in_age_035,5
2024,다다2372,in_age_036,18
2024,다다2372,in_age_037,18
2024,다다2372,in_age_038,13
2024,다다2372,in_age_039,8
2024,다다2372,in_age_040,8
2024,다다2372,in_age_041,13
2024,다다2372,in_age_042,8
2024,다다2372,in_age_043,13
2024,다다2372,in_age_044,18
2024,다다2372,in_age_045,5
2024,다다2372,in_age_046,8
2024,다다2372,in_age_047,8
2024,다다2372,in_age_048,8
2024,다다2372,in_age_049,5
2024,다다2372,in_age_061,0
2024,다다2372,in_age_062,8
2024,다다2372,in_age_063,0
2024,다다2372,in_age_064,0
2024,다다2372,in_age_065,0
2024,다다2372,in_age_066,5
2024,다다2372,in_age_067,5
2024,다다2372,in_age_068,5
2024,다다2372,in_age_069,5
2024,다다2372,in_age_070,0
2024,다다2372,in_age_071,8
2024,다다2372,in_age_072,5
2024,다다2372,in_age_073,8
2024,다다2372,in_age_074,8
2024,다다2372,in_age_075,8
2024,다다2372,in_age_076,13
2024,다다2372,in_age_077,8
2024,다다2372,in_age_078,8
2024,다다2372,in_age_079,8
2024,다다2372,to_in_001,253
2024,다다2372,to_in_007,158
2024,다다2372,to_in_008,98
2024,다다2373,in_age_003,0
2024,다다2373,in_age_004,0
2024,다다2373,in_age_006,5
2024,다다2373,in_age_007,5
2024,다다2373,in_age_008,0
2024,다다2373,in_age_009,0
2024,다다2373,in_age_010,0
2024,다다2373,in_age_011,8
2024,다다2373,in_age_012,8
2024,다다2373,in_age_013,8
2024,다다2373,in_age_014,13
2024,다다2373,in_age_015,5
2024,다다2373,in_age_016,8
2024,다다2373,in_age_017,5
2024,다다2373,in_age_018,8
2024,다다2373,in_age_019,5
2024,다다2373,in_age_034,0
2024,다다2373,in_age_036,5
2024,다다2373,in_age_037,5
2024,다다2373,in_age_038,0
2024,다다2373,in_age_039,0
2024,다다2373,in_age_040,0
2024,다다2373,in_age_041,5
2024,다다2373,in_age_042,5
2024,다다2373,in_age_043,8
2024,다다2373,in_age_044,5
2024,다다2373,in_age_045,0
2024,다다2373,in_age_046,5
2024,다다2373,in_age_047,0
2024,다다2373,in_age_048,5
2024,다다2373,in_age_049,0
2024,다다2373,in_age_063,0
2024,다다2373,in_age_071,5
2024,다다2373,in_age_072,5
2024,다다2373,in_age_073,8
2024,다다2373,in_age_074,8
2024,다다2373,in_age_075,5
2024,다다2373,in_age_076,5
2024,다다2373,in_age_077,0
2024,다다2373,in_age_078,5
2024,다다2373,in_age_079,5
2024,다다2373,to_in_001,63
2024,다다2373,to_in_007,33
2024,다다2373,to_in_008,28
2024,다다2377,in_age_001,5
2024,다다2377,in_age_002,5
2024,다다2377,in_age_003,8
2024,다다2377,in_age_004,5
2024,다다2377,in_age_005,8
2024,다다2377,in_age_006,8
2024,다다2377,in_age_007,21
2024,다다2377,in_age_008,8
2024,다다2377,in_age_009,8
2024,다다2377,in_age_010,8
2024,다다2377,in_age_011,5
2024,다다2377,in_age_012,5
2024,다다2377,in_age_013,8
2024,다다2377,in_age_014,13
2024,다다2377,in_age_015,8
2024,다다2377,in_age_016,8
2024,다다2377,in_age_017,5
2024,다다2377,in_age_018,0
2024,다다2377,in_age_031,0
2024,다다2377,in_age_032,5
2024,다다2377,in_age_033,5
2024,다다2377,in_age_034,5
2024,다다2377,in_age_035,8
2024,다다2377,in_age_036,5
2024,다다2377,in_age_037,21
2024,다다2377,in_age_038,8
2024,다다2377,in_age_039,5
2024,다다2377,in_age_040,5
2024,다다2377,in_age_041,5
2024,다다2377,in_age_042,0
2024,다다2377,in_age_043,5
2024,다다2377,in_age_044,5
2024,다다2377,in_age_045,8
2024,다다2377,in_age_046,5
2024,다다2377,in_age_047,5
2024,다다2377,in_age_061,0
2024,다다2377,in_age_062,0
2024,다다2377,in_age_063,5
2024,다다2377,in_age_066,5
2024,다다2377,in_age_068,5
2024,다다2377,in_age_069,8
2024,다다2377,in_age_070,5
2024,다다2377,in_age_071,0
2024,다다2377,in_age_072,0
2024,다다2377,in_age_073,0
2024,다다2377,in_age_074,8
2024,다다2377,in_age_075,5
2024,다다2377,in_age_076,5
2024,다다2377,in_age_077,5
2024,다다2377,in_age_078,0
2024,다다2377,to_in_001,116
2024,다다2377,to_in_007,76
2024,다다2377,to_in_008,43
2024,다다2392,in_age_007,0
2024,다다2392,in_age_010,5
2024,다다2392,in_age_012,5
2024,다다2392,in_age_014,0
2024,다다2392,in_age_015,5
2024,다다2392,in_age_016,5
2024,다다2392,in_age_017,8
2024,다다2392,in_age_018,5
2024,다다2392,in_age_037,0
2024,다다2392,in_age_040,0
2024,다다2392,in_age_042,5
2024,다다2392,in_age_044,0
2024,다다2392,in_age_046,0
2024,다다2392,in_age_047,0
2024,다다2392,in_age_048,5
2024,다다2392,in_age_070,0
2024,다다2392,in_age_075,5
2024,다다2392,in_age_076,5
2024,다다2392,in_age_077,8
2024,다다2392,to_in_001,13
2024,다다2392,to_in_007,8
2024,다다2392,to_in_008,8
2024,다다2393,in_age_011,0
2024,다다2393,in_age_014,0
2024,다다2393,in_age_015,0
2024,다다2393,in_age_041,0
2024,다다2393,in_age_044,0
2024,다다2393,in_age_075,0
2024,다다2393,to_in_001,5
2024,다다2393,to_in_007,5
2024,다다2393,to_in_008,0
2024,다다2394,in_age_006,0
2024,다다2394,in_age_012,0
2024,다다2394,in_age_013,0
2024,다다2394,in_age_066,0
2024,다다2394,in_age_072,0
2024,다다2394,in_age_073,0
2024,다다2394,to_in_001,5
2024,다다2394,to_in_007,0
2024,다다2394,to_in_008,5
2024,다다2395,in_age_006,0
2024,다다2395,in_age_009,0
2024,다다2395,in_age_014,0
2024,다다2395,in_age_015,0
2024,다다2395,in_age_039,0
2024,다다2395,in_age_044,0
2024,다다2395,in_age_066,0
2024,다다2395,in_age_075,0
2024,다다2395,to_in_001,5
2024,다다2395,to_in_007,5
2024,다다2395,to_in_008,5
2024,다다2396,in_age_008,0
2024,다다2396,in_age_009,0
2024,다다2396,in_age_038,0
2024,다다2396,in_age_039,0
2024,다다2396,to_in_001,5
2024,다다2396,to_in_007,5
2024,다다2396,to_in_008,0
2024,다다2398,in_age_003,0
2024,다다2398,in_age_004,0
2024,다다2398,in_age_006,5
2024,다다2398,in_age_010,5
2024,다다2398,in_age_011,5
2024,다다2398,in_age_012,5
2024,다다2398,in_age_014,5
2024,다다2398,in_age_016,5
2024,다다2398,in_age_018,5
2024,다다2398,in_age_036,5
2024,다다2398,in_age_040,5
2024,다다2398,in_age_041,5
2024,다다2398,in_age_044,0
2024,다다2398,in_age_063,0
2024,다다2398,in_age_064,0
2024,다다2398,in_age_070,0
2024,다다2398,in_age_072,5
2024,다다2398,in_age_074,0
2024,다다2398,in_age_076,5
2024,다다2398,in_age_078,5
2024,다다2398,to_in_001,23
2024,다다2398,to_in_007,8
2024,다다2398,to_in_008,13
2024,다다2399,in_age_011,0
2024,다다2399,in_age_012,8
2024,다다2399,in_age_013,0
2024,다다2399,in_age_014,5
2024,다다2399,in_age_015,5
2024,다다2399,in_age_016,5
2024,다다2399,in_age_042,5
2024,다다2399,in_age_043,0
2024,다다2399,in_age_044,5
2024,다다2399,in_age_071,0
2024,다다2399,in_age_072,5
2024,다다2399,in_age_074,0
2024,다다2399,in_age_075,5
2024,다다2399,in_age_076,5
2024,다다2399,to_in_001,13
2024,다다2399,to_in_007,5
2024,다다2399,to_in_008,8
2024,다다2400,in_age_002,5
2024,다다2400,in_age_003,5
2024,다다2400,in_age_004,5
2024,다다2400,in_age_005,5
2024,다다2400,in_age_006,8
2024,다다2400,in_age_007,8
2024,다다2400,in_age_008,5
2024,다다2400,in_age_009,5
2024,다다2400,in_age_010,8
2024,다다2400,in_age_011,13
2024,다다2400,in_age_012,18
2024,다다2400,in_age_013,13
2024,다다2400,in_age_014,13
2024,다다2400,in_age_015,8
2024,다다2400,in_age_016,8
2024,다다2400,in_age_017,8
2024,다다2400,in_age_018,5
2024,다다2400,in_age_019,0
2024,다다2400,in_age_021,5
2024,다다2400,in_age_032,0
2024,다다2400,in_age_033,5
2024,다다2400,in_age_034,5
2024,다다2400,in_age_036,5
2024,다다2400,in_age_037,5
2024,다다2400,in_age_038,5
2024,다다2400,in_age_039,0
2024,다다2400,in_age_040,5
2024,다다2400,in_age_041,8
2024,다다2400,in_age_042,13
2024,다다2400,in_age_043,5
2024,다다2400,in_age_044,8
2024,다다2400,in_age_045,5
2024,다다2400,in_age_046,5
2024,다다2400,in_age_047,5
2024,다다2400,in_age_048,5
2024,다다2400,in_age_049,0
2024,다다2400,in_age_062,0
2024,다다2400,in_age_064,5
2024,다다2400,in_age_065,5
2024,다다2400,in_age_066,5
2024,다다2400,in_age_067,0
2024,다다2400,in_age_068,0
2024,다다2400,in_age_069,5
2024,다다2400,in_age_070,5
2024,다다2400,in_age_071,8
2024,다다2400,in_age_072,8
2024,다다2400,in_age_073,8
2024,다다2400,in_age_074,5
2024,다다2400,in_age_075,8
2024,다다2400,in_age_076,5
2024,다다2400,in_age_077,8
2024,다다2400,in_age_081,5
2024,다다2400,to_in_001,123
2024,다다2400,to_in_007,68
2024,다다2400,to_in_008,53
2024,다다2401,in_age_001,0
2024,다다2401,in_age_007,5
2024,다다2401,in_age_008,5
2024,다다2401,in_age_009,5
2024,다다2401,in_age_011,5
2024,다다2401,in_age_012,5
2024,다다2401,in_age_013,5
2024,다다2401,in_age_014,5
2024,다다2401,in_age_016,0
2024,다다2401,in_age_017,0
2024,다다2401,in_age_037,5
2024,다다2401,in_age_039,5
2024,다다2401,in_age_041,0
2024,다다2401,in_age_042,5
2024,다다2401,in_age_043,5
2024,다다2401,in_age_044,0
2024,다다2401,in_age_046,0
2024,다다2401,in_age_061,0
2024,다다2401,in_age_068,5
2024,다다2401,in_age_071,5
2024,다다2401,in_age_072,5
2024,다다2401,in_age_074,0
2024,다다2401,in_age_077,0
2024,다다2401,to_in_001,18
2024,다다2401,to_in_007,13
2024,다다2401,to_in_008,8
2024,다다2402,in_age_002,5
2024,다다2402,in_age_003,0
2024,다다2402,in_age_005,5
2024,다다2402,in_age_006,8
2024,다다2402,in_age_008,5
2024,다다2402,in_age_009,0
2024,다다2402,in_age_010,5
2024,다다2402,in_age_011,8
2024,다다2402,in_age_012,5
2024,다다2402,in_age_013,5
2024,다다2402,in_age_014,5
2024,다다2402,in_age_015,5
2024,다다2402,in_age_017,5
2024,다다2402,in_age_018,0
2024,다다2402,in_age_032,0
2024,다다2402,in_age_033,0
2024,다다2402,in_age_035,0
2024,다다2402,in_age_036,5
2024,다다2402,in_age_038,0
2024,다다2402,in_age_039,0
2024,다다2402,in_age_040,0
2024,다다2402,in_age_041,8
2024,다다2402,in_age_042,0
2024,다다2402,in_age_043,5
2024,다다2402,in_age_044,5
2024,다다2402,in_age_045,5
2024,다다2402,in_age_048,0
2024,다다2402,in_age_062,0
2024,다다2402,in_age_065,0
2024,다다2402,in_age_066,5
2024,다다2402,in_age_068,0
2024,다다2402,in_age_070,0
2024,다다2402,in_age_071,5
2024,다다2402,in_age_072,5
2024,다다2402,in_age_073,5
2024,다다2402,in_age_074,0
2024,다다2402,in_age_075,0
2024,다다2402,in_age_077,5
2024,다다2402,to_in_001,43
2024,다다2402,to_in_007,23
2024,다다2402,to_in_008,23
2024,다다2403,in_age_001,0
2024,다다2403,in_age_002,13
2024,다다2403,in_age_003,19
2024,다다2403,in_age_004,5
2024,다다2403,in_age_005,0
2024,다다2403,in_age_006,5
2024,다다2403,in_age_007,5
2024,다다2403,in_age_008,5
2024,다다2403,in_age_009,14
2024,다다2403,in_age_010,13
2024,다다2403,in_age_011,5
2024,다다2403,in_age_012,0
2024,다다2403,in_age_013,5
2024,다다2403,in_age_014,5
2024,다다2403,in_age_015,0
2024,다다2403,in_age_016,0
2024,다다2403,in_age_018,5
2024,다다2403,in_age_032,8
2024,다다2403,in_age_033,12
2024,다다2403,in_age_034,0
2024,다다2403,in_age_035,0
2024,다다2403,in_age_036,5
2024,다다2403,in_age_037,5
2024,다다2403,in_age_038,0
2024,다다2403,in_age_039,5
2024,다다2403,in_age_040,5
2024,다다2403,in_age_041,0
2024,다다2403,in_age_042,0
2024,다다2403,in_age_043,5
2024,다다2403,in_age_044,5
2024,다다2403,in_age_045,0
2024,다다2403,in_age_046,0
2024,다다2403,in_age_048,0
2024,다다2403,in_age_061,0
2024,다다2403,in_age_062,5
2024,다다2403,in_age_063,7
2024,다다2403,in_age_064,5
2024,다다2403,in_age_068,5
2024,다다2403,in_age_069,11
2024,다다2403,in_age_070,5
2024,다다2403,in_age_071,0
2024,다다2403,in_age_073,0
2024,다다2403,in_age_078,5
2024,다다2403,to_in_001,93
2024,다다2403,to_in_007,50
2024,다다2403,to_in_008,41
2024,다다2404,in_age_001,8
2024,다다2404,in_age_003,5
2024,다다2404,in_age_004,5
2024,다다2404,in_age_005,5
2024,다다2404,in_age_006,0
2024,다다2404,in_age_007,5
2024,다다2404,in_age_008,5
2024,다다2404,in_age_009,8
2024,다다2404,in_age_010,5
2024,다다2404,in_age_011,5
2024,다다2404,in_age_012,5
2024,다다2404,in_age_013,0
2024,다다2404,in_age_014,5
2024,다다2404,in_age_015,5
2024,다다2404,in_age_016,5
2024,다다2404,in_age_031,5
2024,다다2404,in_age_033,5
2024,다다2404,in_age_034,5
2024,다다2404,in_age_035,5
2024,다다2404,in_age_036,0
2024,다다2404,in_age_037,5
2024,다다2404,in_age_038,5
2024,다다2404,in_age_039,5
2024,다다2404,in_age_040,0
2024,다다2404,in_age_041,0
2024,다다2404,in_age_042,5
2024,다다2404,in_age_044,0
2024,다다2404,in_age_045,5
2024,다다2404,in_age_046,0
2024,다다2404,in_age_061,5
2024,다다2404,in_age_063,0
2024,다다2404,in_age_067,5
2024,다다2404,in_age_068,5
2024,다다2404,in_age_069,5
2024,다다2404,in_age_070,5
2024,다다2404,in_age_071,0
2024,다다2404,in_age_072,5
2024,다다2404,in_age_073,0
2024,다다2404,in_age_074,5
2024,다다2404,in_age_075,0
2024,다다2404,in_age_076,5
2024,다다2404,to_in_001,48
2024,다다2404,to_in_007,23
2024,다다2404,to_in_008,23
2024,다다2405,in_age_001,0
2024,다다2405,in_age_002,5
2024,다다2405,in_age_003,0
2024,다다2405,in_age_004,5
2024,다다2405,in_age_005,8
2024,다다2405,in_age_006,8
2024,다다2405,in_age_007,8
2024,다다2405,in_age_008,5
2024,다다2405,in_age_009,8
2024,다다2405,in_age_010,5
2024,다다2405,in_age_011,8
2024,다다2405,in_age_012,8
2024,다다2405,in_age_013,8
2024,다다2405,in_age_014,8
2024,다다2405,in_age_015,5
2024,다다2405,in_age_016,5
2024,다다2405,in_age_019,5
2024,다다2405,in_age_031,0
2024,다다2405,in_age_032,5
2024,다다2405,in_age_035,8
2024,다다2405,in_age_036,8
2024,다다2405,in_age_037,5
2024,다다2405,in_age_038,5
2024,다다2405,in_age_039,5
2024,다다2405,in_age_040,0
2024,다다2405,in_age_041,8
2024,다다2405,in_age_042,8
2024,다다2405,in_age_043,5
2024,다다2405,in_age_044,8
2024,다다2405,in_age_045,0
2024,다다2405,in_age_046,5
2024,다다2405,in_age_049,5
2024,다다2405,in_age_062,0
2024,다다2405,in_age_063,0
2024,다다2405,in_age_064,5
2024,다다2405,in_age_067,5
2024,다다2405,in_age_068,5
2024,다다2405,in_age_069,5
2024,다다2405,in_age_070,5
2024,다다2405,in_age_071,5
2024,다다2405,in_age_072,8
2024,다다2405,in_age_073,5
2024,다다2405,in_age_074,5
2024,다다2405,in_age_075,5
2024,다다2405,to_in_001,83
2024,다다2405,to_in_007,43
2024,다다2405,to_in_008,38
2024,다다2406,in_age_001,8
2024,다다2406,in_age_002,19
2024,다다2406,in_age_003,18
2024,다다2406,in_age_004,5
2024,다다2406,in_age_005,8
2024,다다2406,in_age_006,8
2024,다다2406,in_age_007,13
2024,다다2406,in_age_008,19
2024,다다2406,in_age_009,28
2024,다다2406,in_age_010,23
2024,다다2406,in_age_011,23
2024,다다2406,in_age_012,18
2024,다다2406,in_age_013,33
2024,다다2406,in_age_014,18
2024,다다2406,in_age_015,13
2024,다다2406,in_age_016,18
2024,다다2406,in_age_017,18
2024,다다2406,in_age_018,8
2024,다다2406,in_age_019,5
2024,다다2406,in_age_020,0
2024,다다2406,in_age_031,5
2024,다다2406,in_age_032,8
2024,다다2406,in_age_033,8
2024,다다2406,in_age_034,5
2024,다다2406,in_age_035,5
2024,다다2406,in_age_036,5
2024,다다2406,in_age_037,13
2024,다다2406,in_age_038,8
2024,다다2406,in_age_039,13
2024,다다2406,in_age_040,13
2024,다다2406,in_age_041,13
2024,다다2406,in_age_042,13
2024,다다2406,in_age_043,18
2024,다다2406,in_age_044,13
2024,다다2406,in_age_045,5
2024,다다2406,in_age_046,8
2024,다다2406,in_age_047,8
2024,다다2406,in_age_048,5
2024,다다2406,in_age_049,5
2024,다다2406,in_age_061,8
2024,다다2406,in_age_062,14
2024,다다2406,in_age_063,13
2024,다다2406,in_age_064,0
2024,다다2406,in_age_065,0
2024,다다2406,in_age_066,8
2024,다다2406,in_age_067,5
2024,다다2406,in_age_068,11
2024,다다2406,in_age_069,18
2024,다다2406,in_age_070,8
2024,다다2406,in_age_071,13
2024,다다2406,in_age_072,8
2024,다다2406,in_age_073,18
2024,다다2406,in_age_074,8
2024,다다2406,in_age_075,8
2024,다다2406,in_age_076,13
2024,다다2406,in_age_077,8
2024,다다2406,in_age_078,5
2024,다다2406,in_age_079,0
2024,다다2406,in_age_080,0
2024,다다2406,to_in_001,300
2024,다다2406,to_in_007,143
2024,다다2406,to_in_008,155
2024,다다2472,in_age_003,0
2024,다다2472,in_age_004,0
2024,다다2472,in_age_006,5
2024,다다2472,in_age_007,5
2024,다다2472,in_age_008,0
2024,다다2472,in_age_009,0
2024,다다2472,in_age_010,5
2024,다다2472,in_age_015,0
2024,다다2472,in_age_016,0
2024,다다2472,in_age_033,0
2024,다다2472,in_age_036,5
2024,다다2472,in_age_037,5
2024,다다2472,in_age_038,0
2024,다다2472,in_age_039,0
2024,다다2472,in_age_040,5
2024,다다2472,in_age_046,0
2024,다다2472,in_age_064,0
2024,다다2472,in_age_070,0
2024,다다2472,in_age_075,0
2024,다다2472,to_in_001,18
2024,다다2472,to_in_007,13
2024,다다2472,to_in_008,5
2024,다다2490,in_age_003,0
2024,다다2490,in_age_005,0
2024,다다2490,in_age_007,5
2024,다다2490,in_age_008,0
2024,다다2490,in_age_010,5
2024,다다2490,in_age_014,0
2024,다다2490,in_age_033,0
2024,다다2490,in_age_035,0
2024,다다2490,in_age_037,5
2024,다다2490,in_age_038,0
2024,다다2490,in_age_040,0
2024,다다2490,in_age_070,0
2024,다다2490,in_age_074,0
2024,다다2490,to_in_001,8
2024,다다2490,to_in_007,5
2024,다다2490,to_in_008,5
2024,다다2492,in_age_002,5
2024,다다2492,in_age_003,8
2024,다다2492,in_age_004,5
2024,다다2492,in_age_005,5
2024,다다2492,in_age_006,5
2024,다다2492,in_age_007,8
2024,다다2492,in_age_008,5
2024,다다2492,in_age_009,13
2024,다다2492,in_age_010,8
2024,다다2492,in_age_011,13
2024,다다2492,in_age_012,18
2024,다다2492,in_age_013,29
2024,다다2492,in_age_014,18
2024,다다2492,in_age_015,13
2024,다다2492,in_age_016,13
2024,다다2492,in_age_017,13
2024,다다2492,in_age_018,13
2024,다다2492,in_age_019,5
2024,다다2492,in_age_032,5
2024,다다2492,in_age_033,0
2024,다다2492,in_age_034,5
2024,다다2492,in_age_035,0
2024,다다2492,in_age_036,5
2024,다다2492,in_age_037,8
2024,다다2492,in_age_038,5
2024,다다2492,in_age_039,8
2024,다다2492,in_age_040,8
2024,다다2492,in_age_041,8
2024,다다2492,in_age_042,13
2024,다다2492,in_age_043,14
2024,다다2492,in_age_044,8
2024,다다2492,in_age_045,8
2024,다다2492,in_age_046,5
2024,다다2492,in_age_047,5
2024,다다2492,in_age_048,5
2024,다다2492,in_age_062,0
2024,다다2492,in_age_063,8
2024,다다2492,in_age_064,5
2024,다다2492,in_age_065,0
2024,다다2492,in_age_067,5
2024,다다2492,in_age_068,0
2024,다다2492,in_age_069,5
2024,다다2492,in_age_070,8
2024,다다2492,in_age_071,5
2024,다다2492,in_age_072,8
2024,다다2492,in_age_073,13
2024,다다2492,in_age_074,8
2024,다다2492,in_age_075,8
2024,다다2492,in_age_076,8
2024,다다2492,in_age_077,8
2024,다다2492,in_age_078,8
2024,다다2492,in_age_079,5
2024,다다2492,to_in_001,194
2024,다다2492,to_in_007,99
2024,다다2492,to_in_008,93
2024,다다2493,in_age_010,0
2024,다다2493,in_age_011,5
2024,다다2493,in_age_013,5
2024,다다2493,in_age_014,5
2024,다다2493,in_age_015,0
2024,다다2493,in_age_016,0
2024,다다2493,in_age_017,5
2024,다다2493,in_age_043,0
2024,다다2493,in_age_044,0
2024,다다2493,in_age_045,0
2024,다다2493,in_age_070,0
2024,다다2493,in_age_071,5
2024,다다2493,in_age_073,5
2024,다다2493,in_age_074,0
2024,다다2493,in_age_076,0
2024,다다2493,in_age_077,5
2024,다다2493,to_in_001,8
2024,다다2493,to_in_007,5
2024,다다2493,to_in_008,8
2024,다다2494,in_age_012,0
2024,다다2494,in_age_042,0
2024,다다2494,to_in_001,0
2024,다다2494,to_in_007,0
2024,다다2494,to_in_008,0
2024,다다2499,in_age_005,5
2024,다다2499,in_age_006,0
2024,다다2499,in_age_007,0
2024,다다2499,in_age_009,5
2024,다다2499,in_age_010,5
2024,다다2499,in_age_011,8
2024,다다2499,in_age_012,5
2024,다다2499,in_age_013,5
2024,다다2499,in_age_014,8
2024,다다2499,in_age_015,8
2024,다다2499,in_age_016,8
2024,다다2499,in_age_017,5
2024,다다2499,in_age_018,5
2024,다다2499,in_age_035,0
2024,다다2499,in_age_036,0
2024,다다2499,in_age_037,0
2024,다다2499,in_age_039,5
2024,다다2499,in_age_041,8
2024,다다2499,in_age_042,5
2024,다다2499,in_age_043,5
2024,다다2499,in_age_044,5
2024,다다2499,in_age_045,5
2024,다다2499,in_age_046,5
2024,다다2499,in_age_047,0
2024,다다2499,in_age_048,0
2024,다다2499,in_age_065,5
2024,다다2499,in_age_069,5
2024,다다2499,in_age_070,5
2024,다다2499,in_age_071,5
2024,다다2499,in_age_072,5
2024,다다2499,in_age_073,0
2024,다다2499,in_age_074,5
2024,다다2499,in_age_075,8
2024,다다2499,in_age_076,5
2024,다다2499,in_age_077,5
2024,다다2499,in_age_078,5
2024,다다2499,to_in_001,53
2024,다다2499,to_in_007,28
2024,다다2499,to_in_008,28
2024,다다2500,in_age_001,0
2024,다다2500,in_age_002,5
2024,다다2500,in_age_003,5
2024,다다2500,in_age_004,5
2024,다다2500,in_age_007,5
2024,다다2500,in_age_008,5
2024,다다2500,in_age_009,8
2024,다다2500,in_age_010,5
2024,다다2500,in_age_011,5
2024,다다2500,in_age_012,13
2024,다다2500,in_age_013,8
2024,다다2500,in_age_014,5
2024,다다2500,in_age_015,0
2024,다다2500,in_age_016,5
2024,다다2500,in_age_018,5
2024,다다2500,in_age_021,0
2024,다다2500,in_age_031,0
2024,다다2500,in_age_032,5
2024,다다2500,in_age_033,5
2024,다다2500,in_age_034,5
2024,다다2500,in_age_037,5
2024,다다2500,in_age_039,5
2024,다다2500,in_age_040,5
2024,다다2500,in_age_041,5
2024,다다2500,in_age_042,8
2024,다다2500,in_age_043,5
2024,다다2500,in_age_044,5
2024,다다2500,in_age_046,0
2024,다다2500,in_age_048,0
2024,다다2500,in_age_062,0
2024,다다2500,in_age_063,5
2024,다다2500,in_age_068,5
2024,다다2500,in_age_069,5
2024,다다2500,in_age_070,5
2024,다다2500,in_age_071,5
2024,다다2500,in_age_072,8
2024,다다2500,in_age_073,5
2024,다다2500,in_age_074,0
2024,다다2500,in_age_075,0
2024,다다2500,in_age_076,5
2024,다다2500,in_age_078,0
2024,다다2500,in_age_081,0
2024,다다2500,to_in_001,63
2024,다다2500,to_in_007,33
2024,다다2500,to_in_008,28
2024,다다2501,in_age_002,0
2024,다다2501,in_age_003,5
2024,다다2501,in_age_004,0
2024,다다2501,in_age_005,5
2024,다다2501,in_age_007,5
2024,다다2501,in_age_008,5
2024,다다2501,in_age_009,5
2024,다다2501,in_age_010,5
2024,다다2501,in_age_011,5
2024,다다2501,in_age_012,0
2024,다다2501,in_age_013,5
2024,다다2501,in_age_014,5
2024,다다2501,in_age_015,5
2024,다다2501,in_age_016,0
2024,다다2501,in_age_017,5
2024,다다2501,in_age_032,0
2024,다다2501,in_age_033,5
2024,다다2501,in_age_034,0
2024,다다2501,in_age_035,5
2024,다다2501,in_age_037,0
2024,다다2501,in_age_038,5
2024,다다2501,in_age_040,5
2024,다다2501,in_age_041,5
2024,다다2501,in_age_043,5
2024,다다2501,in_age_045,0
2024,다다2501,in_age_046,0
2024,다다2501,in_age_063,0
2024,다다2501,in_age_067,0
2024,다다2501,in_age_068,0
2024,다다2501,in_age_069,5
2024,다다2501,in_age_071,5
2024,다다2501,in_age_072,0
2024,다다2501,in_age_073,5
2024,다다2501,in_age_074,5
2024,다다2501,in_age_075,5
2024,다다2501,in_age_077,5
2024,다다2501,to_in_001,33
2024,다다2501,to_in_007,18
2024,다다2501,to_in_008,18
2024,다다2502,in_age_001,5
2024,다다2502,in_age_002,8
2024,다다2502,in_age_003,13
2024,다다2502,in_age_004,5
2024,다다2502,in_age_005,8
2024,다다2502,in_age_006,8
2024,다다2502,in_age_007,8
2024,다다2502,in_age_008,18
2024,다다2502,in_age_009,18
2024,다다2502,in_age_010,18
2024,다다2502,in_age_011,18
2024,다다2502,in_age_012,28
2024,다다2502,in_age_013,18
2024,다다2502,in_age_014,18
2024,다다2502,in_age_015,8
2024,다다2502,in_age_016,8
2024,다다2502,in_age_017,8
2024,다다2502,in_age_018,8
2024,다다2502,in_age_021,0
2024,다다2502,in_age_032,5
2024,다다2502,in_age_033,8
2024,다다2502,in_age_034,5
2024,다다2502,in_age_035,8
2024,다다2502,in_age_036,5
2024,다다2502,in_age_037,5
2024,다다2502,in_age_038,13
2024,다다2502,in_age_039,8
2024,다다2502,in_age_040,8
2024,다다2502,in_age_041,8
2024,다다2502,in_age_042,13
2024,다다2502,in_age_043,8
2024,다다2502,in_age_044,13
2024,다다2502,in_age_045,5
2024,다다2502,in_age_046,5
2024,다다2502,in_age_047,5
2024,다다2502,in_age_048,5
2024,다다2502,in_age_061,5
2024,다다2502,in_age_062,5
2024,다다2502,in_age_063,5
2024,다다2502,in_age_064,5
2024,다다2502,in_age_065,0
2024,다다2502,in_age_066,5
2024,다다2502,in_age_067,5
2024,다다2502,in_age_068,8
2024,다다2502,in_age_069,8
2024,다다2502,in_age_070,8
2024,다다2502,in_age_071,8
2024,다다2502,in_age_072,18
2024,다다2502,in_age_073,8
2024,다다2502,in_age_074,8
2024,다다2502,in_age_075,8
2024,다다2502,in_age_076,5
2024,다다2502,in_age_077,8
2024,다다2502,in_age_078,5
2024,다다2502,in_age_081,0
2024,다다2502,to_in_001,208
2024,다다2502,to_in_007,108
2024,다다2502,to_in_008,98
2024,다다2503,in_age_006,5
2024,다다2503,in_age_007,0
2024,다다2503,in_age_008,0
2024,다다2503,in_age_010,5
2024,다다2503,in_age_011,0
2024,다다2503,in_age_012,5
2024,다다2503,in_age_013,0
2024,다다2503,in_age_014,5
2024,다다2503,in_age_016,5
2024,다다2503,in_age_020,5
2024,다다2503,in_age_036,0
2024,다다2503,in_age_037,0
2024,다다2503,in_age_040,5
2024,다다2503,in_age_041,0
2024,다다2503,in_age_043,0
2024,다다2503,in_age_044,0
2024,다다2503,in_age_046,0
2024,다다2503,in_age_066,0
2024,다다2503,in_age_068,0
2024,다다2503,in_age_072,5
2024,다다2503,in_age_074,5
2024,다다2503,in_age_076,0
2024,다다2503,in_age_080,5
2024,다다2503,to_in_001,13
2024,다다2503,to_in_007,8
2024,다다2503,to_in_008,8
2024,다다2504,in_age_008,0
2024,다다2504,in_age_014,0
2024,다다2504,in_age_038,0
2024,다다2504,in_age_044,0
2024,다다2504,to_in_001,5
2024,다다2504,to_in_007,5
2024,다다2504,to_in_008,0
2024,다다2505,in_age_001,0
2024,다다2505,in_age_002,5
2024,다다2505,in_age_003,5
2024,다다2505,in_age_004,5
2024,다다2505,in_age_005,5
2024,다다2505,in_age_006,5
2024,다다2505,in_age_007,5
2024,다다2505,in_age_008,8
2024,다다2505,in_age_009,5
2024,다다2505,in_age_010,8
2024,다다2505,in_age_011,8
2024,다다2505,in_age_012,8
2024,다다2505,in_age_013,8
2024,다다2505,in_age_014,5
2024,다다2505,in_age_015,0
2024,다다2505,in_age_016,5
2024,다다2505,in_age_018,0
2024,다다2505,in_age_031,0
2024,다다2505,in_age_032,5
2024,다다2505,in_age_033,5
2024,다다2505,in_age_034,5
2024,다다2505,in_age_035,5
2024,다다2505,in_age_036,5
2024,다다2505,in_age_037,5
2024,다다2505,in_age_038,5
2024,다다2505,in_age_039,5
2024,다다2505,in_age_040,5
2024,다다2505,in_age_041,5
2024,다다2505,in_age_042,5
2024,다다2505,in_age_043,5
2024,다다2505,in_age_044,0
2024,다다2505,in_age_046,5
2024,다다2505,in_age_048,0
2024,다다2505,in_age_063,0
2024,다다2505,in_age_066,5
2024,다다2505,in_age_067,0
2024,다다2505,in_age_068,5
2024,다다2505,in_age_070,5
2024,다다2505,in_age_071,8
2024,다다2505,in_age_072,8
2024,다다2505,in_age_073,5
2024,다다2505,in_age_074,5
2024,다다2505,in_age_075,0
2024,다다2505,in_age_076,0
2024,다다2505,to_in_001,68
2024,다다2505,to_in_007,43
2024,다다2505,to_in_008,28
2024,다다2506,in_age_001,24
2024,다다2506,in_age_002,37
2024,다다2506,in_age_003,33
2024,다다2506,in_age_004,13
2024,다다2506,in_age_005,33
2024,다다2506,in_age_006,38
2024,다다2506,in_age_007,53
2024,다다2506,in_age_008,48
2024,다다2506,in_age_009,62
2024,다다2506,in_age_010,48
2024,다다2506,in_age_011,68
2024,다다2506,in_age_012,79
2024,다다2506,in_age_013,83
2024,다다2506,in_age_014,58
2024,다다2506,in_age_015,28
2024,다다2506,in_age_016,48
2024,다다2506,in_age_017,38
2024,다다2506,in_age_018,33
2024,다다2506,in_age_019,8
2024,다다2506,in_age_020,5
2024,다다2506,in_age_031,14
2024,다다2506,in_age_032,17
2024,다다2506,in_age_033,16
2024,다다2506,in_age_034,5
2024,다다2506,in_age_035,13
2024,다다2506,in_age_036,23
2024,다다2506,in_age_037,38
2024,다다2506,in_age_038,23
2024,다다2506,in_age_039,30
2024,다다2506,in_age_040,28
2024,다다2506,in_age_041,43
2024,다다2506,in_age_042,49
2024,다다2506,in_age_043,43
2024,다다2506,in_age_044,33
2024,다다2506,in_age_045,13
2024,다다2506,in_age_046,23
2024,다다2506,in_age_047,18
2024,다다2506,in_age_048,13
2024,다다2506,in_age_049,0
2024,다다2506,in_age_061,13
2024,다다2506,in_age_062,25
2024,다다2506,in_age_063,15
2024,다다2506,in_age_064,8
2024,다다2506,in_age_065,18
2024,다다2506,in_age_066,13
2024,다다2506,in_age_067,18
2024,다다2506,in_age_068,23
2024,다다2506,in_age_069,30
2024,다다2506,in_age_070,23
2024,다다2506,in_age_071,23
2024,다다2506,in_age_072,33
2024,다다2506,in_age_073,43
2024,다다2506,in_age_074,28
2024,다다2506,in_age_075,18
2024,다다2506,in_age_076,28
2024,다다2506,in_age_077,18
2024,다다2506,in_age_078,18
2024,다다2506,in_age_079,8
2024,다다2506,in_age_080,5
2024,다다2506,to_in_001,838
2024,다다2506,to_in_007,437
2024,다다2506,to_in_008,404
2024,다다2507,in_age_006,5
2024,다다2507,in_age_007,0
2024,다다2507,in_age_012,5
2024,다다2507,in_age_015,5
2024,다다2507,in_age_017,0
2024,다다2507,in_age_036,5
2024,다다2507,in_age_037,0
2024,다다2507,in_age_042,5
2024,다다2507,in_age_045,5
2024,다다2507,in_age_075,0
2024,다다2507,in_age_077,0
2024,다다2507,to_in_001,8
2024,다다2507,to_in_007,8
2024,다다2507,to_in_008,5
2024,다다2590,in_age_015,5
2024,다다2590,in_age_045,0
2024,다다2590,in_age_075,0
2024,다다2590,to_in_001,5
2024,다다2590,to_in_007,0
2024,다다2590,to_in_008,0
2024,다다2592,in_age_002,8
2024,다다2592,in_age_003,5
2024,다다2592,in_age_004,5
2024,다다2592,in_age_005,0
2024,다다2592,in_age_006,5
2024,다다2592,in_age_007,5
2024,다다2592,in_age_008,8
2024,다다2592,in_age_009,5
2024,다다2592,in_age_010,8
2024,다다2592,in_age_011,8
2024,다다2592,in_age_012,8
2024,다다2592,in_age_013,13
2024,다다2592,in_age_014,5
2024,다다2592,in_age_015,8
2024,다다2592,in_age_016,8
2024,다다2592,in_age_017,17
2024,다다2592,in_age_018,10
2024,다다2592,in_age_019,14
2024,다다2592,in_age_020,5
2024,다다2592,in_age_032,5
2024,다다2592,in_age_034,5
2024,다다2592,in_age_035,0
2024,다다2592,in_age_036,5
2024,다다2592,in_age_037,5
2024,다다2592,in_age_038,5
2024,다다2592,in_age_039,5
2024,다다2592,in_age_040,0
2024,다다2592,in_age_041,5
2024,다다2592,in_age_042,5
2024,다다2592,in_age_043,8
2024,다다2592,in_age_044,5
2024,다다2592,in_age_045,5
2024,다다2592,in_age_046,5
2024,다다2592,in_age_047,5
2024,다다2592,in_age_049,0
2024,다다2592,in_age_062,5
2024,다다2592,in_age_063,5
2024,다다2592,in_age_066,0
2024,다다2592,in_age_067,5
2024,다다2592,in_age_068,0
2024,다다2592,in_age_069,0
2024,다다2592,in_age_070,5
2024,다다2592,in_age_071,8
2024,다다2592,in_age_072,5
2024,다다2592,in_age_073,5
2024,다다2592,in_age_074,5
2024,다다2592,in_age_075,5
2024,다다2592,in_age_076,5
2024,다다2592,in_age_077,17
2024,다다2592,in_age_078,10
2024,다다2592,in_age_079,14
2024,다다2592,in_age_080,5
2024,다다2592,to_in_001,129
2024,다다2592,to_in_007,53
2024,다다2592,to_in_008,79
2024,다다2593,in_age_005,0
2024,다다2593,in_age_006,0
2024,다다2593,in_age_007,0
2024,다다2593,in_age_008,5
2024,다다2593,in_age_009,5
2024,다다2593,in_age_010,0
2024,다다2593,in_age_012,8
2024,다다2593,in_age_013,8
2024,다다2593,in_age_014,5
2024,다다2593,in_age_015,5
2024,다다2593,in_age_016,5
2024,다다2593,in_age_018,5
2024,다다2593,in_age_020,5
2024,다다2593,in_age_035,0
2024,다다2593,in_age_036,0
2024,다다2593,in_age_037,0
2024,다다2593,in_age_038,5
2024,다다2593,in_age_039,5
2024,다다2593,in_age_040,0
2024,다다2593,in_age_042,5
2024,다다2593,in_age_043,8
2024,다다2593,in_age_044,0
2024,다다2593,in_age_046,5
2024,다다2593,in_age_050,5
2024,다다2593,in_age_068,0
2024,다다2593,in_age_069,0
2024,다다2593,in_age_072,5
2024,다다2593,in_age_073,5
2024,다다2593,in_age_074,0
2024,다다2593,in_age_075,5
2024,다다2593,in_age_078,5
2024,다다2593,to_in_001,28
2024,다다2593,to_in_007,18
2024,다다2593,to_in_008,13
2024,다다2599,in_age_002,5
2024,다다2599,in_age_003,5
2024,다다2599,in_age_006,0
2024,다다2599,in_age_007,0
2024,다다2599,in_age_008,0
2024,다다2599,in_age_009,0
2024,다다2599,in_age_010,5
2024,다다2599,in_age_011,5
2024,다다2599,in_age_012,0
2024,다다2599,in_age_013,0
2024,다다2599,in_age_016,5
2024,다다2599,in_age_017,5
2024,다다2599,in_age_018,0
2024,다다2599,in_age_032,5
2024,다다2599,in_age_033,5
2024,다다2599,in_age_036,0
2024,다다2599,in_age_037,0
2024,다다2599,in_age_040,5
2024,다다2599,in_age_041,5
2024,다다2599,in_age_042,0
2024,다다2599,in_age_046,5
2024,다다2599,in_age_048,0
2024,다다2599,in_age_062,0
2024,다다2599,in_age_068,0
2024,다다2599,in_age_069,0
2024,다다2599,in_age_071,0
2024,다다2599,in_age_073,0
2024,다다2599,in_age_077,5
2024,다다2599,to_in_001,18
2024,다다2599,to_in_007,8
2024,다다2599,to_in_008,8
2024,다다2600,in_age_008,5
2024,다다2600,in_age_011,0
2024,다다2600,in_age_016,5
2024,다다2600,in_age_018,0
2024,다다2600,in_age_038,5
2024,다다2600,in_age_041,0
2024,다다2600,in_age_048,0
2024,다다2600,in_age_076,5
2024,다다2600,to_in_001,8
2024,다다2600,to_in_007,5
2024,다다2600,to_in_008,5
2024,다다2601,in_age_001,5
2024,다다2601,in_age_002,5
2024,다다2601,in_age_004,0
2024,다다2601,in_age_005,5
2024,다다2601,in_age_006,5
2024,다다2601,in_age_007,5
2024,다다2601,in_age_008,0
2024,다다2601,in_age_009,5
2024,다다2601,in_age_010,5
2024,다다2601,in_age_011,0
2024,다다2601,in_age_012,8
2024,다다2601,in_age_013,8
2024,다다2601,in_age_014,5
2024,다다2601,in_age_015,0
2024,다다2601,in_age_031,5
2024,다다2601,in_age_032,5
2024,다다2601,in_age_035,5
2024,다다2601,in_age_036,5
2024,다다2601,in_age_038,0
2024,다다2601,in_age_039,5
2024,다다2601,in_age_040,0
2024,다다2601,in_age_042,5
2024,다다2601,in_age_043,8
2024,다다2601,in_age_045,0
2024,다다2601,in_age_062,0
2024,다다2601,in_age_064,0
2024,다다2601,in_age_067,5
2024,다다2601,in_age_069,5
2024,다다2601,in_age_070,5
2024,다다2601,in_age_071,0
2024,다다2601,in_age_072,5
2024,다다2601,in_age_073,5
2024,다다2601,in_age_074,5
2024,다다2601,to_in_001,33
2024,다다2601,to_in_007,18
2024,다다2601,to_in_008,18
2024,다다2602,in_age_001,5
2024,다다2602,in_age_002,23
2024,다다2602,in_age_003,23
2024,다다2602,in_age_004,15
2024,다다2602,in_age_005,8
2024,다다2602,in_age_006,18
2024,다다2602,in_age_007,23
2024,다다2602,in_age_008,8
2024,다다2602,in_age_009,23
2024,다다2602,in_age_010,38
2024,다다2602,in_age_011,28
2024,다다2602,in_age_012,38
2024,다다2602,in_age_013,48
2024,다다2602,in_age_014,33
2024,다다2602,in_age_015,33
2024,다다2602,in_age_016,28
2024,다다2602,in_age_017,23
2024,다다2602,in_age_018,18
2024,다다2602,in_age_019,8
2024,다다2602,in_age_020,5
2024,다다2602,in_age_031,0
2024,다다2602,in_age_032,8
2024,다다2602,in_age_033,8
2024,다다2602,in_age_034,15
2024,다다2602,in_age_035,8
2024,다다2602,in_age_036,13
2024,다다2602,in_age_037,13
2024,다다2602,in_age_038,8
2024,다다2602,in_age_039,8
2024,다다2602,in_age_040,18
2024,다다2602,in_age_041,8
2024,다다2602,in_age_042,13
2024,다다2602,in_age_043,28
2024,다다2602,in_age_044,18
2024,다다2602,in_age_045,8
2024,다다2602,in_age_046,18
2024,다다2602,in_age_047,8
2024,다다2602,in_age_048,8
2024,다다2602,in_age_049,5
2024,다다2602,in_age_061,5
2024,다다2602,in_age_062,13
2024,다다2602,in_age_063,13
2024,다다2602,in_age_064,5
2024,다다2602,in_age_066,8
2024,다다2602,in_age_067,8
2024,다다2602,in_age_068,8
2024,다다2602,in_age_069,13
2024,다다2602,in_age_070,23
2024,다다2602,in_age_071,18
2024,다다2602,in_age_072,23
2024,다다2602,in_age_073,18
2024,다다2602,in_age_074,18
2024,다다2602,in_age_075,23
2024,다다2602,in_age_076,13
2024,다다2602,in_age_077,18
2024,다다2602,in_age_078,13
2024,다다2602,in_age_079,5
2024,다다2602,in_age_080,5
2024,다다2602,to_in_001,440
2024,다다2602,to_in_007,205
2024,다다2602,to_in_008,238
2024,다다2606,in_age_001,13
2024,다다2606,in_age_002,37
2024,다다2606,in_age_003,31
2024,다다2606,in_age_004,8
2024,다다2606,in_age_005,8
2024,다다2606,in_age_006,8
2024,다다2606,in_age_007,13
2024,다다2606,in_age_008,19
2024,다다2606,in_age_009,37
2024,다다2606,in_age_010,18
2024,다다2606,in_age_011,13
2024,다다2606,in_age_012,13
2024,다다2606,in_age_013,23
2024,다다2606,in_age_014,18
2024,다다2606,in_age_015,8
2024,다다2606,in_age_016,8
2024,다다2606,in_age_017,5
2024,다다2606,in_age_018,5
2024,다다2606,in_age_031,8
2024,다다2606,in_age_032,23
2024,다다2606,in_age_033,18
2024,다다2606,in_age_034,5
2024,다다2606,in_age_035,5
2024,다다2606,in_age_036,5
2024,다다2606,in_age_037,8
2024,다다2606,in_age_038,8
2024,다다2606,in_age_039,22
2024,다다2606,in_age_040,13
2024,다다2606,in_age_041,8
2024,다다2606,in_age_042,8
2024,다다2606,in_age_043,8
2024,다다2606,in_age_044,13
2024,다다2606,in_age_045,5
2024,다다2606,in_age_046,5
2024,다다2606,in_age_047,5
2024,다다2606,in_age_048,0
2024,다다2606,in_age_061,5
2024,다다2606,in_age_062,14
2024,다다2606,in_age_063,16
2024,다다2606,in_age_064,5
2024,다다2606,in_age_065,5
2024,다다2606,in_age_066,5
2024,다다2606,in_age_067,8
2024,다다2606,in_age_068,14
2024,다다2606,in_age_069,18
2024,다다2606,in_age_070,8
2024,다다2606,in_age_071,8
2024,다다2606,in_age_072,8
2024,다다2606,in_age_073,13
2024,다다2606,in_age_074,8
2024,다다2606,in_age_075,5
2024,다다2606,in_age_076,5
2024,다다2606,in_age_077,5
2024,다다2606,in_age_078,5
2024,다다2606,to_in_001,278
2024,다다2606,to_in_007,155
2024,다다2606,to_in_008,126
2024,다다2607,in_age_001,5
2024,다다2607,in_age_002,8
2024,다다2607,in_age_003,13
2024,다다2607,in_age_004,8
2024,다다2607,in_age_005,13
2024,다다2607,in_age_006,18
2024,다다2607,in_age_007,13
2024,다다2607,in_age_008,13
2024,다다2607,in_age_009,23
2024,다다2607,in_age_010,23
2024,다다2607,in_age_011,23
2024,다다2607,in_age_012,28
2024,다다2607,in_age_013,18
2024,다다2607,in_age_014,18
2024,다다2607,in_age_015,13
2024,다다2607,in_age_016,13
2024,다다2607,in_age_017,18
2024,다다2607,in_age_018,8
2024,다다2607,in_age_019,5
2024,다다2607,in_age_021,0
2024,다다2607,in_age_031,5
2024,다다2607,in_age_032,0
2024,다다2607,in_age_033,8
2024,다다2607,in_age_034,0
2024,다다2607,in_age_035,8
2024,다다2607,in_age_036,8
2024,다다2607,in_age_037,8
2024,다다2607,in_age_038,8
2024,다다2607,in_age_039,13
2024,다다2607,in_age_040,13
2024,다다2607,in_age_041,13
2024,다다2607,in_age_042,18
2024,다다2607,in_age_043,8
2024,다다2607,in_age_044,13
2024,다다2607,in_age_045,5
2024,다다2607,in_age_046,8
2024,다다2607,in_age_047,8
2024,다다2607,in_age_048,5
2024,다다2607,in_age_049,0
2024,다다2607,in_age_061,0
2024,다다2607,in_age_062,8
2024,다다2607,in_age_063,8
2024,다다2607,in_age_064,8
2024,다다2607,in_age_065,5
2024,다다2607,in_age_066,8
2024,다다2607,in_age_067,8
2024,다다2607,in_age_068,5
2024,다다2607,in_age_069,8
2024,다다2607,in_age_070,8
2024,다다2607,in_age_071,8
2024,다다2607,in_age_072,8
2024,다다2607,in_age_073,8
2024,다다2607,in_age_074,8
2024,다다2607,in_age_075,8
2024,다다2607,in_age_076,8
2024,다다2607,in_age_077,8
2024,다다2607,in_age_078,8
2024,다다2607,in_age_079,5
2024,다다2607,in_age_081,0
2024,다다2607,to_in_001,273
2024,다다2607,to_in_007,148
2024,다다2607,to_in_008,128
2024,다다2689,in_age_005,5
2024,다다2689,in_age_007,0
2024,다다2689,in_age_008,0
2024,다다2689,in_age_010,0
2024,다다2689,in_age_011,5
2024,다다2689,in_age_012,0
2024,다다2689,in_age_013,5
2024,다다2689,in_age_014,5
2024,다다2689,in_age_015,5
2024,다다2689,in_age_016,5
2024,다다2689,in_age_017,5
2024,다다2689,in_age_018,5
2024,다다2689,in_age_035,5
2024,다다2689,in_age_037,0
2024,다다2689,in_age_038,0
2024,다다2689,in_age_040,0
2024,다다2689,in_age_041,5
2024,다다2689,in_age_042,0
2024,다다2689,in_age_043,0
2024,다다2689,in_age_044,0
2024,다다2689,in_age_045,5
2024,다다2689,in_age_046,5
2024,다다2689,in_age_047,0
2024,다다2689,in_age_073,5
2024,다다2689,in_age_074,0
2024,다다2689,in_age_075,0
2024,다다2689,in_age_076,0
2024,다다2689,in_age_077,5
2024,다다2689,in_age_078,5
2024,다다2689,to_in_001,23
2024,다다2689,to_in_007,18
2024,다다2689,to_in_008,8
2024,다다2690,in_age_001,0
2024,다다2690,in_age_002,5
2024,다다2690,in_age_003,0
2024,다다2690,in_age_005,8
2024,다다2690,in_age_006,5
2024,다다2690,in_age_007,13
2024,다다2690,in_age_008,13
2024,다다2690,in_age_009,13
2024,다다2690,in_age_010,8
2024,다다2690,in_age_011,8
2024,다다2690,in_age_012,18
2024,다다2690,in_age_013,18
2024,다다2690,in_age_014,13
2024,다다2690,in_age_015,8
2024,다다2690,in_age_016,13
2024,다다2690,in_age_017,8
2024,다다2690,in_age_018,13
2024,다다2690,in_age_019,0
2024,다다2690,in_age_032,5
2024,다다2690,in_age_033,0
2024,다다2690,in_age_035,5
2024,다다2690,in_age_036,5
2024,다다2690,in_age_037,13
2024,다다2690,in_age_038,13
2024,다다2690,in_age_039,8
2024,다다2690,in_age_040,5
2024,다다2690,in_age_041,8
2024,다다2690,in_age_042,8
2024,다다2690,in_age_043,13
2024,다다2690,in_age_044,8
2024,다다2690,in_age_045,5
2024,다다2690,in_age_046,8
2024,다다2690,in_age_047,5
2024,다다2690,in_age_048,8
2024,다다2690,in_age_049,0
2024,다다2690,in_age_061,0
2024,다다2690,in_age_062,5
2024,다다2690,in_age_065,0
2024,다다2690,in_age_068,0
2024,다다2690,in_age_069,0
2024,다다2690,in_age_070,5
2024,다다2690,in_age_071,8
2024,다다2690,in_age_072,8
2024,다다2690,in_age_073,8
2024,다다2690,in_age_074,8
2024,다다2690,in_age_075,5
2024,다다2690,in_age_076,8
2024,다다2690,in_age_077,8
2024,다다2690,in_age_078,8
2024,다다2690,to_in_001,163
2024,다다2690,to_in_007,98
2024,다다2690,to_in_008,63
2024,다다2691,in_age_003,5
2024,다다2691,in_age_006,0
2024,다다2691,in_age_007,0
2024,다다2691,in_age_009,0
2024,다다2691,in_age_010,0
2024,다다2691,in_age_011,5
2024,다다2691,in_age_012,0
2024,다다2691,in_age_013,5
2024,다다2691,in_age_033,0
2024,다다2691,in_age_036,0
2024,다다2691,in_age_041,5
2024,다다2691,in_age_042,0
2024,다다2691,in_age_043,5
2024,다다2691,in_age_063,5
2024,다다2691,in_age_067,0
2024,다다2691,in_age_069,0
2024,다다2691,in_age_070,0
2024,다다2691,in_age_071,0
2024,다다2691,to_in_001,8
2024,다다2691,to_in_007,8
2024,다다2691,to_in_008,5
2024,다다2692,in_age_001,5
2024,다다2692,in_age_002,8
2024,다다2692,in_age_003,13
2024,다다2692,in_age_004,8
2024,다다2692,in_age_005,13
2024,다다2692,in_age_006,18
2024,다다2692,in_age_007,8
2024,다다2692,in_age_008,13
2024,다다2692,in_age_009,5
2024,다다2692,in_age_010,13
2024,다다2692,in_age_011,28
2024,다다2692,in_age_012,28
2024,다다2692,in_age_013,48
2024,다다2692,in_age_014,28
2024,다다2692,in_age_015,23
2024,다다2692,in_age_016,18
2024,다다2692,in_age_017,18
2024,다다2692,in_age_018,18
2024,다다2692,in_age_019,8
2024,다다2692,in_age_031,0
2024,다다2692,in_age_032,5
2024,다다2692,in_age_033,8
2024,다다2692,in_age_034,8
2024,다다2692,in_age_035,5
2024,다다2692,in_age_036,13
2024,다다2692,in_age_037,5
2024,다다2692,in_age_038,5
2024,다다2692,in_age_039,5
2024,다다2692,in_age_040,8
2024,다다2692,in_age_041,13
2024,다다2692,in_age_042,18
2024,다다2692,in_age_043,28
2024,다다2692,in_age_044,13
2024,다다2692,in_age_045,8
2024,다다2692,in_age_046,8
2024,다다2692,in_age_047,5
2024,다다2692,in_age_048,5
2024,다다2692,in_age_061,5
2024,다다2692,in_age_062,5
2024,다다2692,in_age_063,8
2024,다다2692,in_age_064,5
2024,다다2692,in_age_065,8
2024,다다2692,in_age_066,5
2024,다다2692,in_age_067,0
2024,다다2692,in_age_068,8
2024,다다2692,in_age_069,5
2024,다다2692,in_age_070,8
2024,다다2692,in_age_071,13
2024,다다2692,in_age_072,8
2024,다다2692,in_age_073,18
2024,다다2692,in_age_074,13
2024,다다2692,in_age_075,13
2024,다다2692,in_age_076,8
2024,다다2692,in_age_077,13
2024,다다2692,in_age_078,13
2024,다다2692,in_age_079,8
2024,다다2692,to_in_001,303
2024,다다2692,to_in_007,158
2024,다다2692,to_in_008,148
2024,다다2693,in_age_002,5
2024,다다2693,in_age_003,0
2024,다다2693,in_age_005,5
2024,다다2693,in_age_008,0
2024,다다2693,in_age_009,0
2024,다다2693,in_age_010,5
2024,다다2693,in_age_011,0
2024,다다2693,in_age_012,5
2024,다다2693,in_age_013,8
2024,다다2693,in_age_014,5
2024,다다2693,in_age_015,8
2024,다다2693,in_age_016,5
2024,다다2693,in_age_017,5
2024,다다2693,in_age_018,5
2024,다다2693,in_age_032,5
2024,다다2693,in_age_033,0
2024,다다2693,in_age_035,5
2024,다다2693,in_age_038,0
2024,다다2693,in_age_039,0
2024,다다2693,in_age_041,0
2024,다다2693,in_age_042,5
2024,다다2693,in_age_043,5
2024,다다2693,in_age_044,5
2024,다다2693,in_age_045,5
2024,다다2693,in_age_046,5
2024,다다2693,in_age_047,5
2024,다다2693,in_age_070,5
2024,다다2693,in_age_072,5
2024,다다2693,in_age_073,8
2024,다다2693,in_age_074,0
2024,다다2693,in_age_075,8
2024,다다2693,in_age_076,0
2024,다다2693,in_age_077,5
2024,다다2693,in_age_078,5
2024,다다2693,to_in_001,38
2024,다다2693,to_in_007,18
2024,다다2693,to_in_008,18
2024,다다2699,in_age_002,0
2024,다다2699,in_age_005,0
2024,다다2699,in_age_006,0
2024,다다2699,in_age_009,5
2024,다다2699,in_age_010,5
2024,다다2699,in_age_011,5
2024,다다2699,in_age_012,5
2024,다다2699,in_age_014,5
2024,다다2699,in_age_015,5
2024,다다2699,in_age_016,5
2024,다다2699,in_age_017,5
2024,다다2699,in_age_018,8
2024,다다2699,in_age_019,0
2024,다다2699,in_age_032,0
2024,다다2699,in_age_035,0
2024,다다2699,in_age_036,0
2024,다다2699,in_age_039,0
2024,다다2699,in_age_040,5
2024,다다2699,in_age_041,0
2024,다다2699,in_age_042,0
2024,다다2699,in_age_044,0
2024,다다2699,in_age_045,5
2024,다다2699,in_age_048,5
2024,다다2699,in_age_049,0
2024,다다2699,in_age_069,5
2024,다다2699,in_age_071,0
2024,다다2699,in_age_072,0
2024,다다2699,in_age_074,5
2024,다다2699,in_age_076,5
2024,다다2699,in_age_077,5
2024,다다2699,in_age_078,5
2024,다다2699,to_in_001,28
2024,다다2699,to_in_007,13
2024,다다2699,to_in_008,13
2024,다다2700,in_age_002,5
2024,다다2700,in_age_005,0
2024,다다2700,in_age_008,5
2024,다다2700,in_age_009,5
2024,다다2700,in_age_010,5
2024,다다2700,in_age_011,8
2024,다다2700,in_age_012,5
2024,다다2700,in_age_013,5
2024,다다2700,in_age_014,5
2024,다다2700,in_age_018,5
2024,다다2700,in_age_032,5
2024,다다2700,in_age_035,0
2024,다다2700,in_age_038,0
2024,다다2700,in_age_041,5
2024,다다2700,in_age_042,5
2024,다다2700,in_age_043,0
2024,다다2700,in_age_044,5
2024,다다2700,in_age_048,0
2024,다다2700,in_age_062,0
2024,다다2700,in_age_068,5
2024,다다2700,in_age_069,5
2024,다다2700,in_age_070,5
2024,다다2700,in_age_071,8
2024,다다2700,in_age_073,5
2024,다다2700,in_age_078,0
2024,다다2700,to_in_001,28
2024,다다2700,to_in_007,13
2024,다다2700,to_in_008,13
2024,다다2701,in_age_012,5
2024,다다2701,in_age_015,5
2024,다다2701,in_age_016,0
2024,다다2701,in_age_042,0
2024,다다2701,in_age_045,0
2024,다다2701,in_age_046,0
2024,다다2701,in_age_072,5
2024,다다2701,in_age_075,0
2024,다다2701,to_in_001,5
2024,다다2701,to_in_007,5
2024,다다2701,to_in_008,5
2024,다다2702,in_age_009,5
2024,다다2702,in_age_039,0
2024,다다2702,in_age_069,0
2024,다다2702,to_in_001,5
2024,다다2702,to_in_007,0
2024,다다2702,to_in_008,0
2024,다다2705,in_age_001,5
2024,다다2705,in_age_002,5
2024,다다2705,in_age_003,0
2024,다다2705,in_age_008,0
2024,다다2705,in_age_009,0
2024,다다2705,in_age_011,0
2024,다다2705,in_age_012,5
2024,다다2705,in_age_013,5
2024,다다2705,in_age_014,0
2024,다다2705,in_age_015,0
2024,다다2705,in_age_018,0
2024,다다2705,in_age_031,5
2024,다다2705,in_age_039,0
2024,다다2705,in_age_042,0
2024,다다2705,in_age_043,5
2024,다다2705,in_age_048,0
2024,다다2705,in_age_062,5
2024,다다2705,in_age_063,0
2024,다다2705,in_age_068,0
2024,다다2705,in_age_071,0
2024,다다2705,in_age_072,5
2024,다다2705,in_age_073,5
2024,다다2705,in_age_074,0
2024,다다2705,in_age_075,0
2024,다다2705,to_in_001,13
2024,다다2705,to_in_007,8
2024,다다2705,to_in_008,8
2024,다다2706,in_age_001,8
2024,다다2706,in_age_002,5
2024,다다2706,in_age_003,8
2024,다다2706,in_age_004,8
2024,다다2706,in_age_005,8
2024,다다2706,in_age_006,13
2024,다다2706,in_age_007,8
2024,다다2706,in_age_008,8
2024,다다2706,in_age_009,13
2024,다다2706,in_age_010,13
2024,다다2706,in_age_011,19
2024,다다2706,in_age_012,8
2024,다다2706,in_age_013,13
2024,다다2706,in_age_014,8
2024,다다2706,in_age_015,5
2024,다다2706,in_age_016,5
2024,다다2706,in_age_017,0
2024,다다2706,in_age_018,0
2024,다다2706,in_age_019,5
2024,다다2706,in_age_031,8
2024,다다2706,in_age_033,5
2024,다다2706,in_age_034,5
2024,다다2706,in_age_035,5
2024,다다2706,in_age_036,8
2024,다다2706,in_age_037,5
2024,다다2706,in_age_038,5
2024,다다2706,in_age_039,8
2024,다다2706,in_age_040,8
2024,다다2706,in_age_041,14
2024,다다2706,in_age_042,5
2024,다다2706,in_age_043,8
2024,다다2706,in_age_044,5
2024,다다2706,in_age_045,0
2024,다다2706,in_age_046,0
2024,다다2706,in_age_049,0
2024,다다2706,in_age_061,5
2024,다다2706,in_age_062,5
2024,다다2706,in_age_063,5
2024,다다2706,in_age_064,8
2024,다다2706,in_age_065,5
2024,다다2706,in_age_066,0
2024,다다2706,in_age_067,0
2024,다다2706,in_age_068,5
2024,다다2706,in_age_069,8
2024,다다2706,in_age_070,5
2024,다다2706,in_age_071,8
2024,다다2706,in_age_072,5
2024,다다2706,in_age_073,8
2024,다다2706,in_age_074,5
2024,다다2706,in_age_075,5
2024,다다2706,in_age_076,5
2024,다다2706,in_age_077,0
2024,다다2706,in_age_078,0
2024,다다2706,in_age_079,5
2024,다다2706,to_in_001,144
2024,다다2706,to_in_007,79
2024,다다2706,to_in_008,63
2024,다다2707,in_age_002,0
2024,다다2707,in_age_004,5
2024,다다2707,in_age_005,5
2024,다다2707,in_age_006,13
2024,다다2707,in_age_007,8
2024,다다2707,in_age_008,8
2024,다다2707,in_age_009,13
2024,다다2707,in_age_010,8
2024,다다2707,in_age_011,18
2024,다다2707,in_age_012,13
2024,다다2707,in_age_013,18
2024,다다2707,in_age_014,13
2024,다다2707,in_age_015,8
2024,다다2707,in_age_016,5
2024,다다2707,in_age_017,5
2024,다다2707,in_age_018,8
2024,다다2707,in_age_019,5
2024,다다2707,in_age_020,0
2024,다다2707,in_age_032,0
2024,다다2707,in_age_034,5
2024,다다2707,in_age_036,8
2024,다다2707,in_age_037,8
2024,다다2707,in_age_038,8
2024,다다2707,in_age_039,8
2024,다다2707,in_age_040,5
2024,다다2707,in_age_041,8
2024,다다2707,in_age_042,8
2024,다다2707,in_age_043,8
2024,다다2707,in_age_044,8
2024,다다2707,in_age_045,5
2024,다다2707,in_age_046,0
2024,다다2707,in_age_048,0
2024,다다2707,in_age_049,0
2024,다다2707,in_age_064,5
2024,다다2707,in_age_065,5
2024,다다2707,in_age_066,5
2024,다다2707,in_age_067,5
2024,다다2707,in_age_068,5
2024,다다2707,in_age_069,5
2024,다다2707,in_age_070,5
2024,다다2707,in_age_071,8
2024,다다2707,in_age_072,8
2024,다다2707,in_age_073,8
2024,다다2707,in_age_074,5
2024,다다2707,in_age_075,5
2024,다다2707,in_age_076,5
2024,다다2707,in_age_077,5
2024,다다2707,in_age_078,8
2024,다다2707,in_age_079,5
2024,다다2707,in_age_080,0
2024,다다2707,to_in_001,138
2024,다다2707,to_in_007,73
2024,다다2707,to_in_008,68
2024,다다2789,in_age_002,5
2024,다다2789,in_age_003,8
2024,다다2789,in_age_004,5
2024,다다2789,in_age_005,5
2024,다다2789,in_age_006,0
2024,다다2789,in_age_007,5
2024,다다2789,in_age_008,8
2024,다다2789,in_age_009,8
2024,다다2789,in_age_010,5
2024,다다2789,in_age_011,8
2024,다다2789,in_age_012,5
2024,다다2789,in_age_013,5
2024,다다2789,in_age_014,5
2024,다다2789,in_age_015,5
2024,다다2789,in_age_016,8
2024,다다2789,in_age_017,8
2024,다다2789,in_age_018,5
2024,다다2789,in_age_032,5
2024,다다2789,in_age_033,5
2024,다다2789,in_age_035,5
2024,다다2789,in_age_036,0
2024,다다2789,in_age_037,5
2024,다다2789,in_age_038,8
2024,다다2789,in_age_039,5
2024,다다2789,in_age_040,5
2024,다다2789,in_age_041,5
2024,다다2789,in_age_042,5
2024,다다2789,in_age_043,0
2024,다다2789,in_age_044,5
2024,다다2789,in_age_045,5
2024,다다2789,in_age_046,5
2024,다다2789,in_age_047,5
2024,다다2789,in_age_048,0
2024,다다2789,in_age_063,5
2024,다다2789,in_age_064,5
2024,다다2789,in_age_068,5
2024,다다2789,in_age_069,5
2024,다다2789,in_age_070,0
2024,다다2789,in_age_071,5
2024,다다2789,in_age_072,5
2024,다다2789,in_age_073,5
2024,다다2789,in_age_074,0
2024,다다2789,in_age_075,5
2024,다다2789,in_age_076,5
2024,다다2789,in_age_077,8
2024,다다2789,in_age_078,5
2024,다다2789,to_in_001,83
2024,다다2789,to_in_007,53
2024,다다2789,to_in_008,28
2024,다다2790,in_age_001,0
2024,다다2790,in_age_002,5
2024,다다2790,in_age_003,5
2024,다다2790,in_age_004,5
2024,다다2790,in_age_005,0
2024,다다2790,in_age_006,8
2024,다다2790,in_age_007,8
2024,다다2790,in_age_008,5
2024,다다2790,in_age_009,5
2024,다다2790,in_age_010,5
2024,다다2790,in_age_011,8
2024,다다2790,in_age_012,8
2024,다다2790,in_age_013,8
2024,다다2790,in_age_014,5
2024,다다2790,in_age_015,8
2024,다다2790,in_age_016,13
2024,다다2790,in_age_017,8
2024,다다2790,in_age_018,8
2024,다다2790,in_age_031,0
2024,다다2790,in_age_033,5
2024,다다2790,in_age_034,5
2024,다다2790,in_age_035,0
2024,다다2790,in_age_036,8
2024,다다2790,in_age_037,8
2024,다다2790,in_age_038,5
2024,다다2790,in_age_039,5
2024,다다2790,in_age_040,0
2024,다다2790,in_age_041,5
2024,다다2790,in_age_042,5
2024,다다2790,in_age_043,5
2024,다다2790,in_age_044,0
2024,다다2790,in_age_045,8
2024,다다2790,in_age_046,8
2024,다다2790,in_age_047,5
2024,다다2790,in_age_048,5
2024,다다2790,in_age_062,5
2024,다다2790,in_age_064,5
2024,다다2790,in_age_066,5
2024,다다2790,in_age_067,5
2024,다다2790,in_age_068,0
2024,다다2790,in_age_069,0
2024,다다2790,in_age_070,0
2024,다다2790,in_age_071,8
2024,다다2790,in_age_072,5
2024,다다2790,in_age_073,8
2024,다다2790,in_age_074,5
2024,다다2790,in_age_075,5
2024,다다2790,in_age_076,8
2024,다다2790,in_age_077,5
2024,다다2790,in_age_078,5
2024,다다2790,to_in_001,108
2024,다다2790,to_in_007,58
2024,다다2790,to_in_008,48
2024,다다2791,in_age_004,5
2024,다다2791,in_age_005,0
2024,다다2791,in_age_006,8
2024,다다2791,in_age_008,5
2024,다다2791,in_age_009,0
2024,다다2791,in_age_010,0
2024,다다2791,in_age_011,5
2024,다다2791,in_age_012,13
2024,다다2791,in_age_013,8
2024,다다2791,in_age_014,5
2024,다다2791,in_age_015,5
2024,다다2791,in_age_016,5
2024,다다2791,in_age_017,8
2024,다다2791,in_age_018,5
2024,다다2791,in_age_035,0
2024,다다2791,in_age_036,5
2024,다다2791,in_age_038,5
2024,다다2791,in_age_039,0
2024,다다2791,in_age_041,5
2024,다다2791,in_age_042,8
2024,다다2791,in_age_043,5
2024,다다2791,in_age_044,5
2024,다다2791,in_age_045,5
2024,다다2791,in_age_047,5
2024,다다2791,in_age_048,5
2024,다다2791,in_age_064,5
2024,다다2791,in_age_066,5
2024,다다2791,in_age_070,0
2024,다다2791,in_age_071,0
2024,다다2791,in_age_072,8
2024,다다2791,in_age_073,5
2024,다다2791,in_age_074,5
2024,다다2791,in_age_075,5
2024,다다2791,in_age_076,5
2024,다다2791,in_age_077,5
2024,다다2791,in_age_078,5
2024,다다2791,to_in_001,63
2024,다다2791,to_in_007,38
2024,다다2791,to_in_008,28
2024,다다2792,in_age_005,0
2024,다다2792,in_age_006,0
2024,다다2792,in_age_007,5
2024,다다2792,in_age_011,0
2024,다다2792,in_age_012,5
2024,다다2792,in_age_014,0
2024,다다2792,in_age_015,0
2024,다다2792,in_age_016,0
2024,다다2792,in_age_037,5
2024,다다2792,in_age_042,0
2024,다다2792,in_age_044,0
2024,다다2792,in_age_045,0
2024,다다2792,in_age_046,0
2024,다다2792,in_age_065,0
2024,다다2792,in_age_066,0
2024,다다2792,in_age_071,0
2024,다다2792,in_age_072,5
2024,다다2792,to_in_001,8
2024,다다2792,to_in_007,8
2024,다다2792,to_in_008,5
2024,다다2797,in_age_007,0
2024,다다2797,in_age_014,0
2024,다다2797,in_age_015,0
2024,다다2797,in_age_037,0
2024,다다2797,in_age_044,0
2024,다다2797,in_age_075,0
2024,다다2797,to_in_001,5
2024,다다2797,to_in_007,5
2024,다다2797,to_in_008,0
2024,다다2798,in_age_009,0
2024,다다2798,in_age_014,0
2024,다다2798,in_age_015,5
2024,다다2798,in_age_016,0
2024,다다2798,in_age_044,0
2024,다다2798,in_age_045,0
2024,다다2798,in_age_046,0
2024,다다2798,in_age_069,0
2024,다다2798,in_age_075,0
2024,다다2798,to_in_001,5
2024,다다2798,to_in_007,5
2024,다다2798,to_in_008,5
2024,다다2799,in_age_003,5
2024,다다2799,in_age_004,0
2024,다다2799,in_age_006,5
2024,다다2799,in_age_007,5
2024,다다2799,in_age_008,0
2024,다다2799,in_age_009,5
2024,다다2799,in_age_010,5
2024,다다2799,in_age_011,5
2024,다다2799,in_age_012,8
2024,다다2799,in_age_013,8
2024,다다2799,in_age_014,13
2024,다다2799,in_age_015,8
2024,다다2799,in_age_016,8
2024,다다2799,in_age_017,13
2024,다다2799,in_age_018,5
2024,다다2799,in_age_021,0
2024,다다2799,in_age_033,0
2024,다다2799,in_age_034,0
2024,다다2799,in_age_036,5
2024,다다2799,in_age_037,0
2024,다다2799,in_age_038,0
2024,다다2799,in_age_039,5
2024,다다2799,in_age_040,0
2024,다다2799,in_age_041,0
2024,다다2799,in_age_042,5
2024,다다2799,in_age_043,5
2024,다다2799,in_age_044,8
2024,다다2799,in_age_045,8
2024,다다2799,in_age_046,5
2024,다다2799,in_age_047,5
2024,다다2799,in_age_048,0
2024,다다2799,in_age_063,0
2024,다다2799,in_age_067,0
2024,다다2799,in_age_070,5
2024,다다2799,in_age_071,5
2024,다다2799,in_age_072,5
2024,다다2799,in_age_073,5
2024,다다2799,in_age_074,8
2024,다다2799,in_age_075,5
2024,다다2799,in_age_076,5
2024,다다2799,in_age_077,8
2024,다다2799,in_age_078,5
2024,다다2799,in_age_081,0
2024,다다2799,to_in_001,78
2024,다다2799,to_in_007,38
2024,다다2799,to_in_008,38
2024,다다2800,in_age_015,0
2024,다다2800,in_age_016,0
2024,다다2800,in_age_046,0
2024,다다2800,in_age_075,0
2024,다다2800,to_in_001,5
2024,다다2800,to_in_007,0
2024,다다2800,to_in_008,0
2024,다다2805,in_age_006,0
2024,다다2805,in_age_009,0
2024,다다2805,in_age_011,5
2024,다다2805,in_age_012,5
2024,다다2805,in_age_013,5
2024,다다2805,in_age_014,0
2024,다다2805,in_age_016,0
2024,다다2805,in_age_017,0
2024,다다2805,in_age_036,0
2024,다다2805,in_age_039,0
2024,다다2805,in_age_041,0
2024,다다2805,in_age_042,5
2024,다다2805,in_age_046,0
2024,다다2805,in_age_071,5
2024,다다2805,in_age_073,5
2024,다다2805,in_age_074,0
2024,다다2805,in_age_077,0
2024,다다2805,to_in_001,13
2024,다다2805,to_in_007,8
2024,다다2805,to_in_008,8
2024,다다2806,in_age_003,5
2024,다다2806,in_age_004,5
2024,다다2806,in_age_008,5
2024,다다2806,in_age_009,8
2024,다다2806,in_age_010,5
2024,다다2806,in_age_011,5
2024,다다2806,in_age_012,5
2024,다다2806,in_age_013,5
2024,다다2806,in_age_014,5
2024,다다2806,in_age_015,5
2024,다다2806,in_age_016,5
2024,다다2806,in_age_017,11
2024,다다2806,in_age_018,32
2024,다다2806,in_age_019,13
2024,다다2806,in_age_020,6
2024,다다2806,in_age_021,5
2024,다다2806,in_age_033,5
2024,다다2806,in_age_034,5
2024,다다2806,in_age_038,5
2024,다다2806,in_age_039,5
2024,다다2806,in_age_040,5
2024,다다2806,in_age_041,0
2024,다다2806,in_age_042,5
2024,다다2806,in_age_043,5
2024,다다2806,in_age_044,0
2024,다다2806,in_age_045,0
2024,다다2806,in_age_046,0
2024,다다2806,in_age_047,0
2024,다다2806,in_age_048,5
2024,다다2806,in_age_063,0
2024,다다2806,in_age_068,5
2024,다다2806,in_age_069,5
2024,다다2806,in_age_070,5
2024,다다2806,in_age_071,0
2024,다다2806,in_age_072,5
2024,다다2806,in_age_073,0
2024,다다2806,in_age_074,0
2024,다다2806,in_age_075,0
2024,다다2806,in_age_076,5
2024,다다2806,in_age_077,6
2024,다다2806,in_age_078,27
2024,다다2806,in_age_079,13
2024,다다2806,in_age_080,6
2024,다다2806,in_age_081,5
2024,다다2806,to_in_001,105
2024,다다2806,to_in_007,28
2024,다다2806,to_in_008,75
2024,다다2807,in_age_003,5
2024,다다2807,in_age_006,5
2024,다다2807,in_age_007,8
2024,다다2807,in_age_008,5
2024,다다2807,in_age_009,5
2024,다다2807,in_age_011,5
2024,다다2807,in_age_012,5
2024,다다2807,in_age_013,5
2024,다다2807,in_age_014,5
2024,다다2807,in_age_033,5
2024,다다2807,in_age_036,5
2024,다다2807,in_age_037,8
2024,다다2807,in_age_038,5
2024,다다2807,in_age_039,5
2024,다다2807,in_age_041,5
2024,다다2807,in_age_042,5
2024,다다2807,in_age_043,5
2024,다다2807,in_age_044,5
2024,다다2807,in_age_063,0
2024,다다2807,in_age_071,0
2024,다다2807,in_age_072,5
2024,다다2807,in_age_073,5
2024,다다2807,to_in_001,28
2024,다다2807,to_in_007,23
2024,다다2807,to_in_008,8
2024,다다2890,in_age_001,0
2024,다다2890,in_age_002,8
2024,다다2890,in_age_003,5
2024,다다2890,in_age_004,5
2024,다다2890,in_age_005,5
2024,다다2890,in_age_006,0
2024,다다2890,in_age_007,5
2024,다다2890,in_age_008,5
2024,다다2890,in_age_009,8
2024,다다2890,in_age_010,8
2024,다다2890,in_age_011,5
2024,다다2890,in_age_012,8
2024,다다2890,in_age_013,18
2024,다다2890,in_age_014,8
2024,다다2890,in_age_015,8
2024,다다2890,in_age_016,8
2024,다다2890,in_age_017,8
2024,다다2890,in_age_018,5
2024,다다2890,in_age_019,5
2024,다다2890,in_age_032,5
2024,다다2890,in_age_033,5
2024,다다2890,in_age_034,5
2024,다다2890,in_age_035,5
2024,다다2890,in_age_037,0
2024,다다2890,in_age_038,5
2024,다다2890,in_age_039,5
2024,다다2890,in_age_040,5
2024,다다2890,in_age_041,5
2024,다다2890,in_age_042,5
2024,다다2890,in_age_043,13
2024,다다2890,in_age_044,5
2024,다다2890,in_age_045,8
2024,다다2890,in_age_046,8
2024,다다2890,in_age_047,0
2024,다다2890,in_age_048,0
2024,다다2890,in_age_049,0
2024,다다2890,in_age_061,0
2024,다다2890,in_age_062,5
2024,다다2890,in_age_063,0
2024,다다2890,in_age_064,5
2024,다다2890,in_age_065,0
2024,다다2890,in_age_066,0
2024,다다2890,in_age_067,0
2024,다다2890,in_age_068,0
2024,다다2890,in_age_069,5
2024,다다2890,in_age_070,5
2024,다다2890,in_age_072,5
2024,다다2890,in_age_073,8
2024,다다2890,in_age_074,8
2024,다다2890,in_age_075,8
2024,다다2890,in_age_076,5
2024,다다2890,in_age_077,5
2024,다다2890,in_age_078,5
2024,다다2890,in_age_079,0
2024,다다2890,to_in_001,108
2024,다다2890,to_in_007,53
2024,다다2890,to_in_008,53
2024,다다2891,in_age_001,5
2024,다다2891,in_age_003,5
2024,다다2891,in_age_004,5
2024,다다2891,in_age_005,5
2024,다다2891,in_age_006,8
2024,다다2891,in_age_007,5
2024,다다2891,in_age_008,0
2024,다다2891,in_age_009,5
2024,다다2891,in_age_010,5
2024,다다2891,in_age_011,8
2024,다다2891,in_age_012,13
2024,다다2891,in_age_013,13
2024,다다2891,in_age_014,8
2024,다다2891,in_age_015,5
2024,다다2891,in_age_016,5
2024,다다2891,in_age_017,5
2024,다다2891,in_age_018,5
2024,다다2891,in_age_019,0
2024,다다2891,in_age_031,0
2024,다다2891,in_age_033,0
2024,다다2891,in_age_034,5
2024,다다2891,in_age_035,5
2024,다다2891,in_age_036,5
2024,다다2891,in_age_037,5
2024,다다2891,in_age_038,0
2024,다다2891,in_age_040,5
2024,다다2891,in_age_041,5
2024,다다2891,in_age_042,8
2024,다다2891,in_age_043,5
2024,다다2891,in_age_044,8
2024,다다2891,in_age_046,5
2024,다다2891,in_age_047,0
2024,다다2891,in_age_048,0
2024,다다2891,in_age_061,0
2024,다다2891,in_age_063,5
2024,다다2891,in_age_066,5
2024,다다2891,in_age_067,0
2024,다다2891,in_age_069,5
2024,다다2891,in_age_071,8
2024,다다2891,in_age_072,5
2024,다다2891,in_age_073,8
2024,다다2891,in_age_074,5
2024,다다2891,in_age_075,5
2024,다다2891,in_age_077,5
2024,다다2891,in_age_078,0
2024,다다2891,in_age_079,0
2024,다다2891,to_in_001,88
2024,다다2891,to_in_007,43
2024,다다2891,to_in_008,43
2024,다다2892,in_age_001,8
2024,다다2892,in_age_002,8
2024,다다2892,in_age_003,13
2024,다다2892,in_age_004,5
2024,다다2892,in_age_005,5
2024,다다2892,in_age_006,0
2024,다다2892,in_age_007,8
2024,다다2892,in_age_008,13
2024,다다2892,in_age_009,13
2024,다다2892,in_age_010,8
2024,다다2892,in_age_011,8
2024,다다2892,in_age_012,13
2024,다다2892,in_age_013,8
2024,다다2892,in_age_014,5
2024,다다2892,in_age_015,5
2024,다다2892,in_age_016,5
2024,다다2892,in_age_017,5
2024,다다2892,in_age_018,0
2024,다다2892,in_age_031,5
2024,다다2892,in_age_032,5
2024,다다2892,in_age_033,8
2024,다다2892,in_age_034,5
2024,다다2892,in_age_037,0
2024,다다2892,in_age_038,8
2024,다다2892,in_age_039,5
2024,다다2892,in_age_040,5
2024,다다2892,in_age_041,5
2024,다다2892,in_age_042,8
2024,다다2892,in_age_043,5
2024,다다2892,in_age_044,5
2024,다다2892,in_age_045,5
2024,다다2892,in_age_046,5
2024,다다2892,in_age_047,5
2024,다다2892,in_age_061,5
2024,다다2892,in_age_062,8
2024,다다2892,in_age_063,5
2024,다다2892,in_age_064,5
2024,다다2892,in_age_065,5
2024,다다2892,in_age_066,0
2024,다다2892,in_age_067,5
2024,다다2892,in_age_068,5
2024,다다2892,in_age_069,8
2024,다다2892,in_age_070,5
2024,다다2892,in_age_071,5
2024,다다2892,in_age_072,5
2024,다다2892,in_age_073,8
2024,다다2892,in_age_074,0
2024,다다2892,in_age_075,5
2024,다다2892,in_age_076,0
2024,다다2892,in_age_077,5
2024,다다2892,in_age_078,0
2024,다다2892,to_in_001,118
2024,다다2892,to_in_007,58
2024,다다2892,to_in_008,63
2024,다다2893,in_age_001,5
2024,다다2893,in_age_002,5
2024,다다2893,in_age_003,5
2024,다다2893,in_age_004,8
2024,다다2893,in_age_005,5
2024,다다2893,in_age_006,8
2024,다다2893,in_age_007,5
2024,다다2893,in_age_008,8
2024,다다2893,in_age_009,5
2024,다다2893,in_age_010,13
2024,다다2893,in_age_011,13
2024,다다2893,in_age_012,8
2024,다다2893,in_age_013,8
2024,다다2893,in_age_014,5
2024,다다2893,in_age_015,5
2024,다다2893,in_age_016,8
2024,다다2893,in_age_017,8
2024,다다2893,in_age_018,5
2024,다다2893,in_age_019,5
2024,다다2893,in_age_020,0
2024,다다2893,in_age_031,5
2024,다다2893,in_age_032,0
2024,다다2893,in_age_033,5
2024,다다2893,in_age_034,5
2024,다다2893,in_age_035,5
2024,다다2893,in_age_036,5
2024,다다2893,in_age_037,5
2024,다다2893,in_age_038,5
2024,다다2893,in_age_039,5
2024,다다2893,in_age_040,8
2024,다다2893,in_age_041,8
2024,다다2893,in_age_042,5
2024,다다2893,in_age_043,5
2024,다다2893,in_age_044,5
2024,다다2893,in_age_045,5
2024,다다2893,in_age_046,5
2024,다다2893,in_age_047,5
2024,다다2893,in_age_062,5
2024,다다2893,in_age_064,8
2024,다다2893,in_age_065,0
2024,다다2893,in_age_066,5
2024,다다2893,in_age_067,0
2024,다다2893,in_age_068,5
2024,다다2893,in_age_069,0
2024,다다2893,in_age_070,8
2024,다다2893,in_age_071,8
2024,다다2893,in_age_072,5
2024,다다2893,in_age_073,8
2024,다다2893,in_age_074,0
2024,다다2893,in_age_075,5
2024,다다2893,in_age_076,5
2024,다다2893,in_age_077,5
2024,다다2893,in_age_078,5
2024,다다2893,in_age_079,5
2024,다다2893,in_age_080,0
2024,다다2893,to_in_001,108
2024,다다2893,to_in_007,58
2024,다다2893,to_in_008,48
2024,다다2894,in_age_001,0
2024,다다2894,in_age_003,5
2024,다다2894,in_age_004,5
2024,다다2894,in_age_005,5
2024,다다2894,in_age_006,8
2024,다다2894,in_age_007,0
2024,다다2894,in_age_008,8
2024,다다2894,in_age_009,5
2024,다다2894,in_age_010,5
2024,다다2894,in_age_011,13
2024,다다2894,in_age_012,13
2024,다다2894,in_age_013,18
2024,다다2894,in_age_014,13
2024,다다2894,in_age_015,8
2024,다다2894,in_age_016,18
2024,다다2894,in_age_017,8
2024,다다2894,in_age_018,5
2024,다다2894,in_age_019,5
2024,다다2894,in_age_031,0
2024,다다2894,in_age_033,5
2024,다다2894,in_age_036,8
2024,다다2894,in_age_037,0
2024,다다2894,in_age_038,8
2024,다다2894,in_age_039,0
2024,다다2894,in_age_040,5
2024,다다2894,in_age_041,8
2024,다다2894,in_age_042,8
2024,다다2894,in_age_043,13
2024,다다2894,in_age_044,5
2024,다다2894,in_age_045,5
2024,다다2894,in_age_046,8
2024,다다2894,in_age_047,0
2024,다다2894,in_age_048,5
2024,다다2894,in_age_063,5
2024,다다2894,in_age_064,5
2024,다다2894,in_age_065,5
2024,다다2894,in_age_066,5
2024,다다2894,in_age_068,0
2024,다다2894,in_age_069,5
2024,다다2894,in_age_070,0
2024,다다2894,in_age_071,8
2024,다다2894,in_age_072,8
2024,다다2894,in_age_073,8
2024,다다2894,in_age_074,8
2024,다다2894,in_age_075,5
2024,다다2894,in_age_076,8
2024,다다2894,in_age_077,8
2024,다다2894,in_age_078,0
2024,다다2894,in_age_079,5
2024,다다2894,to_in_001,123
2024,다다2894,to_in_007,58
2024,다다2894,to_in_008,63
2024,다다2895,in_age_011,0
2024,다다2895,in_age_012,0
2024,다다2895,in_age_013,0
2024,다다2895,in_age_014,0
2024,다다2895,in_age_017,5
2024,다다2895,in_age_041,0
2024,다다2895,in_age_043,0
2024,다다2895,in_age_044,0
2024,다다2895,in_age_047,5
2024,다다2895,in_age_072,0
2024,다다2895,in_age_077,0
2024,다다2895,to_in_001,8
2024,다다2895,to_in_007,5
2024,다다2895,to_in_008,5
2024,다다2896,in_age_001,0
2024,다다2896,in_age_002,0
2024,다다2896,in_age_003,0
2024,다다2896,in_age_008,5
2024,다다2896,in_age_009,5
2024,다다2896,in_age_010,5
2024,다다2896,in_age_011,5
2024,다다2896,in_age_012,5
2024,다다2896,in_age_013,8
2024,다다2896,in_age_014,8
2024,다다2896,in_age_015,5
2024,다다2896,in_age_016,5
2024,다다2896,in_age_017,5
2024,다다2896,in_age_018,0
2024,다다2896,in_age_031,0
2024,다다2896,in_age_032,0
2024,다다2896,in_age_038,0
2024,다다2896,in_age_040,5
2024,다다2896,in_age_041,0
2024,다다2896,in_age_042,5
2024,다다2896,in_age_043,5
2024,다다2896,in_age_044,5
2024,다다2896,in_age_045,5
2024,다다2896,in_age_046,0
2024,다다2896,in_age_047,5
2024,다다2896,in_age_063,0
2024,다다2896,in_age_068,5
2024,다다2896,in_age_069,5
2024,다다2896,in_age_070,0
2024,다다2896,in_age_071,5
2024,다다2896,in_age_072,0
2024,다다2896,in_age_073,5
2024,다다2896,in_age_074,5
2024,다다2896,in_age_075,0
2024,다다2896,in_age_076,5
2024,다다2896,in_age_077,0
2024,다다2896,in_age_078,0
2024,다다2896,to_in_001,43
2024,다다2896,to_in_007,18
2024,다다2896,to_in_008,23
2024,다다2897,in_age_001,5
2024,다다2897,in_age_002,5
2024,다다2897,in_age_003,5
2024,다다2897,in_age_004,5
2024,다다2897,in_age_005,5
2024,다다2897,in_age_006,13
2024,다다2897,in_age_007,13
2024,다다2897,in_age_008,8
2024,다다2897,in_age_009,8
2024,다다2897,in_age_010,18
2024,다다2897,in_age_011,28
2024,다다2897,in_age_012,28
2024,다다2897,in_age_013,23
2024,다다2897,in_age_014,33
2024,다다2897,in_age_015,28
2024,다다2897,in_age_016,18
2024,다다2897,in_age_017,18
2024,다다2897,in_age_018,5
2024,다다2897,in_age_019,8
2024,다다2897,in_age_020,0
2024,다다2897,in_age_031,0
2024,다다2897,in_age_033,0
2024,다다2897,in_age_034,5
2024,다다2897,in_age_035,5
2024,다다2897,in_age_036,8
2024,다다2897,in_age_037,8
2024,다다2897,in_age_038,8
2024,다다2897,in_age_039,5
2024,다다2897,in_age_040,8
2024,다다2897,in_age_041,18
2024,다다2897,in_age_042,13
2024,다다2897,in_age_043,13
2024,다다2897,in_age_044,18
2024,다다2897,in_age_045,8
2024,다다2897,in_age_046,8
2024,다다2897,in_age_047,8
2024,다다2897,in_age_048,5
2024,다다2897,in_age_049,0
2024,다다2897,in_age_061,5
2024,다다2897,in_age_062,5
2024,다다2897,in_age_063,5
2024,다다2897,in_age_064,5
2024,다다2897,in_age_065,0
2024,다다2897,in_age_066,8
2024,다다2897,in_age_067,8
2024,다다2897,in_age_068,5
2024,다다2897,in_age_069,5
2024,다다2897,in_age_070,8
2024,다다2897,in_age_071,13
2024,다다2897,in_age_072,13
2024,다다2897,in_age_073,13
2024,다다2897,in_age_074,13
2024,다다2897,in_age_075,18
2024,다다2897,in_age_076,13
2024,다다2897,in_age_077,13
2024,다다2897,in_age_078,5
2024,다다2897,in_age_079,8
2024,다다2897,in_age_080,0
2024,다다2897,to_in_001,258
2024,다다2897,to_in_007,123
2024,다다2897,to_in_008,133
2024,다다2898,in_age_002,0
2024,다다2898,in_age_003,0
2024,다다2898,in_age_004,5
2024,다다2898,in_age_005,5
2024,다다2898,in_age_007,11
2024,다다2898,in_age_008,8
2024,다다2898,in_age_009,8
2024,다다2898,in_age_010,8
2024,다다2898,in_age_011,8
2024,다다2898,in_age_012,8
2024,다다2898,in_age_013,13
2024,다다2898,in_age_014,18
2024,다다2898,in_age_015,8
2024,다다2898,in_age_016,5
2024,다다2898,in_age_017,8
2024,다다2898,in_age_018,5
2024,다다2898,in_age_020,0
2024,다다2898,in_age_033,0
2024,다다2898,in_age_034,5
2024,다다2898,in_age_037,6
2024,다다2898,in_age_038,8
2024,다다2898,in_age_039,8
2024,다다2898,in_age_040,5
2024,다다2898,in_age_041,5
2024,다다2898,in_age_042,8
2024,다다2898,in_age_043,8
2024,다다2898,in_age_044,8
2024,다다2898,in_age_045,5
2024,다다2898,in_age_046,5
2024,다다2898,in_age_047,5
2024,다다2898,in_age_048,5
2024,다다2898,in_age_062,0
2024,다다2898,in_age_064,0
2024,다다2898,in_age_065,5
2024,다다2898,in_age_067,0
2024,다다2898,in_age_069,5
2024,다다2898,in_age_070,5
2024,다다2898,in_age_071,5
2024,다다2898,in_age_073,8
2024,다다2898,in_age_074,8
2024,다다2898,in_age_075,8
2024,다다2898,in_age_076,5
2024,다다2898,in_age_077,8
2024,다다2898,in_age_080,0
2024,다다2898,to_in_001,99
2024,다다2898,to_in_007,54
2024,다다2898,to_in_008,48
2024,다다2899,in_age_005,5
2024,다다2899,in_age_007,5
2024,다다2899,in_age_008,5
2024,다다2899,in_age_010,0
2024,다다2899,in_age_011,5
2024,다다2899,in_age_012,5
2024,다다2899,in_age_013,8
2024,다다2899,in_age_014,8
2024,다다2899,in_age_015,8
2024,다다2899,in_age_016,8
2024,다다2899,in_age_017,5
2024,다다2899,in_age_018,5
2024,다다2899,in_age_035,5
2024,다다2899,in_age_037,5
2024,다다2899,in_age_038,5
2024,다다2899,in_age_040,0
2024,다다2899,in_age_041,5
2024,다다2899,in_age_042,0
2024,다다2899,in_age_043,5
2024,다다2899,in_age_044,0
2024,다다2899,in_age_045,5
2024,다다2899,in_age_046,5
2024,다다2899,in_age_047,0
2024,다다2899,in_age_048,0
2024,다다2899,in_age_072,5
2024,다다2899,in_age_073,5
2024,다다2899,in_age_074,8
2024,다다2899,in_age_075,8
2024,다다2899,in_age_076,8
2024,다다2899,in_age_077,5
2024,다다2899,in_age_078,0
2024,다다2899,to_in_001,48
2024,다다2899,to_in_007,28
2024,다다2899,to_in_008,23
2024,다다2900,in_age_001,0
2024,다다2900,in_age_003,0
2024,다다2900,in_age_004,5
2024,다다2900,in_age_005,0
2024,다다2900,in_age_009,5
2024,다다2900,in_age_010,0
2024,다다2900,in_age_011,5
2024,다다2900,in_age_012,8
2024,다다2900,in_age_013,5
2024,다다2900,in_age_014,5
2024,다다2900,in_age_015,5
2024,다다2900,in_age_016,5
2024,다다2900,in_age_031,0
2024,다다2900,in_age_033,0
2024,다다2900,in_age_035,0
2024,다다2900,in_age_039,5
2024,다다2900,in_age_041,5
2024,다다2900,in_age_043,5
2024,다다2900,in_age_044,0
2024,다다2900,in_age_045,5
2024,다다2900,in_age_046,0
2024,다다2900,in_age_064,5
2024,다다2900,in_age_069,5
2024,다다2900,in_age_070,0
2024,다다2900,in_age_072,8
2024,다다2900,in_age_074,0
2024,다다2900,in_age_076,5
2024,다다2900,to_in_001,18
2024,다다2900,to_in_007,8
2024,다다2900,to_in_008,8
2024,다다2905,in_age_006,5
2024,다다2905,in_age_007,0
2024,다다2905,in_age_008,0
2024,다다2905,in_age_009,0
2024,다다2905,in_age_013,0
2024,다다2905,in_age_014,0
2024,다다2905,in_age_036,5
2024,다다2905,in_age_037,0
2024,다다2905,in_age_038,0
2024,다다2905,in_age_039,0
2024,다다2905,in_age_043,0
2024,다다2905,in_age_044,0
2024,다다2905,to_in_001,8
2024,다다2905,to_in_007,8
2024,다다2905,to_in_008,0
2024,다다2906,in_age_001,5
2024,다다2906,in_age_002,5
2024,다다2906,in_age_003,8
2024,다다2906,in_age_004,5
2024,다다2906,in_age_005,5
2024,다다2906,in_age_006,8
2024,다다2906,in_age_007,8
2024,다다2906,in_age_008,19
2024,다다2906,in_age_009,18
2024,다다2906,in_age_010,8
2024,다다2906,in_age_011,13
2024,다다2906,in_age_012,8
2024,다다2906,in_age_013,13
2024,다다2906,in_age_014,8
2024,다다2906,in_age_015,8
2024,다다2906,in_age_016,8
2024,다다2906,in_age_017,5
2024,다다2906,in_age_020,0
2024,다다2906,in_age_031,5
2024,다다2906,in_age_033,5
2024,다다2906,in_age_034,5
2024,다다2906,in_age_035,5
2024,다다2906,in_age_036,5
2024,다다2906,in_age_037,5
2024,다다2906,in_age_038,11
2024,다다2906,in_age_039,8
2024,다다2906,in_age_040,5
2024,다다2906,in_age_041,8
2024,다다2906,in_age_042,5
2024,다다2906,in_age_043,8
2024,다다2906,in_age_044,5
2024,다다2906,in_age_045,8
2024,다다2906,in_age_046,5
2024,다다2906,in_age_062,5
2024,다다2906,in_age_063,8
2024,다다2906,in_age_066,5
2024,다다2906,in_age_067,8
2024,다다2906,in_age_068,8
2024,다다2906,in_age_069,8
2024,다다2906,in_age_070,8
2024,다다2906,in_age_071,5
2024,다다2906,in_age_072,8
2024,다다2906,in_age_073,5
2024,다다2906,in_age_074,8
2024,다다2906,in_age_075,5
2024,다다2906,in_age_076,5
2024,다다2906,in_age_077,5
2024,다다2906,in_age_080,0
2024,다다2906,to_in_001,134
2024,다다2906,to_in_007,69
2024,다다2906,to_in_008,68
2024,다다2907,in_age_001,5
2024,다다2907,in_age_002,8
2024,다다2907,in_age_003,13
2024,다다2907,in_age_004,8
2024,다다2907,in_age_005,8
2024,다다2907,in_age_006,8
2024,다다2907,in_age_007,8
2024,다다2907,in_age_008,8
2024,다다2907,in_age_009,18
2024,다다2907,in_age_010,23
2024,다다2907,in_age_011,28
2024,다다2907,in_age_012,29
2024,다다2907,in_age_013,28
2024,다다2907,in_age_014,23
2024,다다2907,in_age_015,23
2024,다다2907,in_age_016,23
2024,다다2907,in_age_017,13
2024,다다2907,in_age_018,13
2024,다다2907,in_age_019,8
2024,다다2907,in_age_031,0
2024,다다2907,in_age_032,8
2024,다다2907,in_age_033,8
2024,다다2907,in_age_034,8
2024,다다2907,in_age_035,5
2024,다다2907,in_age_036,8
2024,다다2907,in_age_037,5
2024,다다2907,in_age_038,5
2024,다다2907,in_age_039,8
2024,다다2907,in_age_040,18
2024,다다2907,in_age_041,13
2024,다다2907,in_age_042,19
2024,다다2907,in_age_043,13
2024,다다2907,in_age_044,8
2024,다다2907,in_age_045,8
2024,다다2907,in_age_046,8
2024,다다2907,in_age_047,5
2024,다다2907,in_age_048,5
2024,다다2907,in_age_049,5
2024,다다2907,in_age_061,5
2024,다다2907,in_age_062,5
2024,다다2907,in_age_063,5
2024,다다2907,in_age_064,8
2024,다다2907,in_age_065,5
2024,다다2907,in_age_066,0
2024,다다2907,in_age_067,5
2024,다다2907,in_age_068,8
2024,다다2907,in_age_069,8
2024,다다2907,in_age_070,8
2024,다다2907,in_age_071,18
2024,다다2907,in_age_072,8
2024,다다2907,in_age_073,13
2024,다다2907,in_age_074,13
2024,다다2907,in_age_075,13
2024,다다2907,in_age_076,13
2024,다다2907,in_age_077,8
2024,다다2907,in_age_078,13
2024,다다2907,in_age_079,5
2024,다다2907,to_in_001,289
2024,다다2907,to_in_007,149
2024,다다2907,to_in_008,143
2024,다다2989,in_age_005,5
2024,다다2989,in_age_007,0
2024,다다2989,in_age_012,5
2024,다다2989,in_age_013,5
2024,다다2989,in_age_014,5
2024,다다2989,in_age_016,0
2024,다다2989,in_age_017,0
2024,다다2989,in_age_037,0
2024,다다2989,in_age_042,0
2024,다다2989,in_age_043,5
2024,다다2989,in_age_044,0
2024,다다2989,in_age_046,0
2024,다다2989,in_age_065,5
2024,다다2989,in_age_072,0
2024,다다2989,in_age_074,0
2024,다다2989,in_age_077,0
2024,다다2989,to_in_001,13
2024,다다2989,to_in_007,8
2024,다다2989,to_in_008,5
2024,다다2990,in_age_003,8
2024,다다2990,in_age_004,5
2024,다다2990,in_age_005,5
2024,다다2990,in_age_006,5
2024,다다2990,in_age_007,5
2024,다다2990,in_age_008,8
2024,다다2990,in_age_009,5
2024,다다2990,in_age_010,8
2024,다다2990,in_age_011,8
2024,다다2990,in_age_012,8
2024,다다2990,in_age_013,13
2024,다다2990,in_age_014,13
2024,다다2990,in_age_015,8
2024,다다2990,in_age_016,8
2024,다다2990,in_age_017,8
2024,다다2990,in_age_018,5
2024,다다2990,in_age_019,0
2024,다다2990,in_age_033,5
2024,다다2990,in_age_034,5
2024,다다2990,in_age_035,5
2024,다다2990,in_age_036,5
2024,다다2990,in_age_037,5
2024,다다2990,in_age_038,8
2024,다다2990,in_age_039,5
2024,다다2990,in_age_040,8
2024,다다2990,in_age_041,8
2024,다다2990,in_age_042,5
2024,다다2990,in_age_043,5
2024,다다2990,in_age_044,8
2024,다다2990,in_age_045,8
2024,다다2990,in_age_046,5
2024,다다2990,in_age_047,0
2024,다다2990,in_age_048,0
2024,다다2990,in_age_063,8
2024,다다2990,in_age_064,0
2024,다다2990,in_age_065,0
2024,다다2990,in_age_067,0
2024,다다2990,in_age_068,5
2024,다다2990,in_age_070,5
2024,다다2990,in_age_071,0
2024,다다2990,in_age_072,5
2024,다다2990,in_age_073,8
2024,다다2990,in_age_074,8
2024,다다2990,in_age_075,0
2024,다다2990,in_age_076,8
2024,다다2990,in_age_077,5
2024,다다2990,in_age_078,5
2024,다다2990,in_age_079,0
2024,다다2990,to_in_001,108
2024,다다2990,to_in_007,58
2024,다다2990,to_in_008,48
2024,다다2991,in_age_001,47
2024,다다2991,in_age_002,49
2024,다다2991,in_age_003,46
2024,다다2991,in_age_004,43
2024,다다2991,in_age_005,31
2024,다다2991,in_age_006,61
2024,다다2991,in_age_007,55
2024,다다2991,in_age_008,61
2024,다다2991,in_age_009,68
2024,다다2991,in_age_010,78
2024,다다2991,in_age_011,105
2024,다다2991,in_age_012,84
2024,다다2991,in_age_013,76
2024,다다2991,in_age_014,51
2024,다다2991,in_age_015,35
2024,다다2991,in_age_016,23
2024,다다2991,in_age_017,13
2024,다다2991,in_age_018,8
2024,다다2991,in_age_031,34
2024,다다2991,in_age_032,32
2024,다다2991,in_age_033,21
2024,다다2991,in_age_034,21
2024,다다2991,in_age_035,14
2024,다다2991,in_age_036,31
2024,다다2991,in_age_037,30
2024,다다2991,in_age_038,34
2024,다다2991,in_age_039,30
2024,다다2991,in_age_040,37
2024,다다2991,in_age_041,43
2024,다다2991,in_age_042,51
2024,다다2991,in_age_043,35
2024,다다2991,in_age_044,30
2024,다다2991,in_age_045,18
2024,다다2991,in_age_046,13
2024,다다2991,in_age_047,5
2024,다다2991,in_age_048,5
2024,다다2991,in_age_061,13
2024,다다2991,in_age_062,20
2024,다다2991,in_age_063,28
2024,다다2991,in_age_064,25
2024,다다2991,in_age_065,15
2024,다다2991,in_age_066,28
2024,다다2991,in_age_067,27
2024,다다2991,in_age_068,22
2024,다다2991,in_age_069,41
2024,다다2991,in_age_070,44
2024,다다2991,in_age_071,65
2024,다다2991,in_age_072,31
2024,다다2991,in_age_073,44
2024,다다2991,in_age_074,24
2024,다다2991,in_age_075,20
2024,다다2991,in_age_076,13
2024,다다2991,in_age_077,8
2024,다다2991,in_age_078,5
2024,다다2991,to_in_001,933
2024,다다2991,to_in_007,465
2024,다다2991,to_in_008,466
2024,다다2992,in_age_001,5
2024,다다2992,in_age_002,8
2024,다다2992,in_age_003,8
2024,다다2992,in_age_004,0
2024,다다2992,in_age_005,5
2024,다다2992,in_age_006,8
2024,다다2992,in_age_007,8
2024,다다2992,in_age_008,8
2024,다다2992,in_age_009,18
2024,다다2992,in_age_010,13
2024,다다2992,in_age_011,13
2024,다다2992,in_age_012,13
2024,다다2992,in_age_013,18
2024,다다2992,in_age_014,13
2024,다다2992,in_age_015,8
2024,다다2992,in_age_016,8
2024,다다2992,in_age_017,8
2024,다다2992,in_age_018,7
2024,다다2992,in_age_019,5
2024,다다2992,in_age_020,0
2024,다다2992,in_age_021,0
2024,다다2992,in_age_031,5
2024,다다2992,in_age_032,5
2024,다다2992,in_age_033,5
2024,다다2992,in_age_035,5
2024,다다2992,in_age_036,8
2024,다다2992,in_age_037,8
2024,다다2992,in_age_038,5
2024,다다2992,in_age_039,13
2024,다다2992,in_age_040,5
2024,다다2992,in_age_041,8
2024,다다2992,in_age_042,8
2024,다다2992,in_age_043,8
2024,다다2992,in_age_044,8
2024,다다2992,in_age_045,5
2024,다다2992,in_age_046,5
2024,다다2992,in_age_047,5
2024,다다2992,in_age_048,0
2024,다다2992,in_age_049,0
2024,다다2992,in_age_061,5
2024,다다2992,in_age_062,5
2024,다다2992,in_age_063,8
2024,다다2992,in_age_064,0
2024,다다2992,in_age_065,0
2024,다다2992,in_age_067,5
2024,다다2992,in_age_068,5
2024,다다2992,in_age_069,5
2024,다다2992,in_age_070,8
2024,다다2992,in_age_071,8
2024,다다2992,in_age_072,8
2024,다다2992,in_age_073,8
2024,다다2992,in_age_074,8
2024,다다2992,in_age_075,5
2024,다다2992,in_age_076,5
2024,다다2992,in_age_077,8
2024,다다2992,in_age_078,7
2024,다다2992,in_age_079,0
2024,다다2992,in_age_080,0
2024,다다2992,in_age_081,0
2024,다다2992,to_in_001,165
2024,다다2992,to_in_007,83
2024,다다2992,to_in_008,85
2024,다다2993,in_age_001,13
2024,다다2993,in_age_002,13
2024,다다2993,in_age_003,18
2024,다다2993,in_age_004,8
2024,다다2993,in_age_005,8
2024,다다2993,in_age_006,18
2024,다다2993,in_age_007,23
2024,다다2993,in_age_008,28
2024,다다2993,in_age_009,23
2024,다다2993,in_age_010,28
2024,다다2993,in_age_011,28
2024,다다2993,in_age_012,28
2024,다다2993,in_age_013,28
2024,다다2993,in_age_014,18
2024,다다2993,in_age_015,13
2024,다다2993,in_age_016,13
2024,다다2993,in_age_017,8
2024,다다2993,in_age_018,5
2024,다다2993,in_age_019,5
2024,다다2993,in_age_031,5
2024,다다2993,in_age_032,8
2024,다다2993,in_age_033,8
2024,다다2993,in_age_034,5
2024,다다2993,in_age_035,8
2024,다다2993,in_age_036,13
2024,다다2993,in_age_037,13
2024,다다2993,in_age_038,13
2024,다다2993,in_age_039,18
2024,다다2993,in_age_040,18
2024,다다2993,in_age_041,18
2024,다다2993,in_age_042,13
2024,다다2993,in_age_043,18
2024,다다2993,in_age_044,8
2024,다다2993,in_age_045,8
2024,다다2993,in_age_046,8
2024,다다2993,in_age_047,5
2024,다다2993,in_age_048,0
2024,다다2993,in_age_049,0
2024,다다2993,in_age_061,8
2024,다다2993,in_age_062,8
2024,다다2993,in_age_063,8
2024,다다2993,in_age_064,5
2024,다다2993,in_age_065,5
2024,다다2993,in_age_066,8
2024,다다2993,in_age_067,8
2024,다다2993,in_age_068,13
2024,다다2993,in_age_069,8
2024,다다2993,in_age_070,13
2024,다다2993,in_age_071,13
2024,다다2993,in_age_072,13
2024,다다2993,in_age_073,8
2024,다다2993,in_age_074,8
2024,다다2993,in_age_075,8
2024,다다2993,in_age_076,5
2024,다다2993,in_age_077,8
2024,다다2993,in_age_078,5
2024,다다2993,in_age_079,5
2024,다다2993,to_in_001,328
2024,다다2993,to_in_007,188
2024,다다2993,to_in_008,143
2024,다다2994,in_age_001,8
2024,다다2994,in_age_002,0
2024,다다2994,in_age_003,5
2024,다다2994,in_age_004,8
2024,다다2994,in_age_005,23
2024,다다2994,in_age_006,49
2024,다다2994,in_age_007,52
2024,다다2994,in_age_008,23
2024,다다2994,in_age_009,23
2024,다다2994,in_age_010,23
2024,다다2994,in_age_011,28
2024,다다2994,in_age_012,28
2024,다다2994,in_age_013,38
2024,다다2994,in_age_014,43
2024,다다2994,in_age_015,23
2024,다다2994,in_age_016,23
2024,다다2994,in_age_017,13
2024,다다2994,in_age_018,8
2024,다다2994,in_age_019,0
2024,다다2994,in_age_031,5
2024,다다2994,in_age_032,0
2024,다다2994,in_age_033,5
2024,다다2994,in_age_034,8
2024,다다2994,in_age_035,18
2024,다다2994,in_age_036,34
2024,다다2994,in_age_037,35
2024,다다2994,in_age_038,13
2024,다다2994,in_age_039,13
2024,다다2994,in_age_040,18
2024,다다2994,in_age_041,18
2024,다다2994,in_age_042,13
2024,다다2994,in_age_043,18
2024,다다2994,in_age_044,23
2024,다다2994,in_age_045,13
2024,다다2994,in_age_046,8
2024,다다2994,in_age_047,5
2024,다다2994,in_age_048,5
2024,다다2994,in_age_061,5
2024,다다2994,in_age_063,5
2024,다다2994,in_age_064,5
2024,다다2994,in_age_065,8
2024,다다2994,in_age_066,13
2024,다다2994,in_age_067,15
2024,다다2994,in_age_068,8
2024,다다2994,in_age_069,13
2024,다다2994,in_age_070,5
2024,다다2994,in_age_071,13
2024,다다2994,in_age_072,13
2024,다다2994,in_age_073,23
2024,다다2994,in_age_074,18
2024,다다2994,in_age_075,8
2024,다다2994,in_age_076,18
2024,다다2994,in_age_077,8
2024,다다2994,in_age_078,5
2024,다다2994,in_age_079,0
2024,다다2994,to_in_001,423
2024,다다2994,to_in_007,251
2024,다다2994,to_in_008,175
2024,다다2995,in_age_001,5
2024,다다2995,in_age_002,0
2024,다다2995,in_age_006,5
2024,다다2995,in_age_007,5
2024,다다2995,in_age_008,5
2024,다다2995,in_age_009,8
2024,다다2995,in_age_010,5
2024,다다2995,in_age_011,8
2024,다다2995,in_age_012,8
2024,다다2995,in_age_013,8
2024,다다2995,in_age_014,5
2024,다다2995,in_age_015,8
2024,다다2995,in_age_016,5
2024,다다2995,in_age_017,5
2024,다다2995,in_age_018,5
2024,다다2995,in_age_031,5
2024,다다2995,in_age_032,0
2024,다다2995,in_age_036,5
2024,다다2995,in_age_037,5
2024,다다2995,in_age_038,5
2024,다다2995,in_age_039,5
2024,다다2995,in_age_040,5
2024,다다2995,in_age_041,5
2024,다다2995,in_age_042,5
2024,다다2995,in_age_043,8
2024,다다2995,in_age_044,5
2024,다다2995,in_age_045,5
2024,다다2995,in_age_046,5
2024,다다2995,in_age_047,5
2024,다다2995,in_age_069,5
2024,다다2995,in_age_070,0
2024,다다2995,in_age_071,5
2024,다다2995,in_age_072,8
2024,다다2995,in_age_073,5
2024,다다2995,in_age_074,5
2024,다다2995,in_age_075,5
2024,다다2995,in_age_076,5
2024,다다2995,in_age_077,0
2024,다다2995,in_age_078,5
2024,다다2995,to_in_001,68
2024,다다2995,to_in_007,48
2024,다다2995,to_in_008,23
2024,다다2996,in_age_001,8
2024,다다2996,in_age_002,5
2024,다다2996,in_age_003,5
2024,다다2996,in_age_004,5
2024,다다2996,in_age_005,8
2024,다다2996,in_age_006,8
2024,다다2996,in_age_007,19
2024,다다2996,in_age_008,13
2024,다다2996,in_age_009,8
2024,다다2996,in_age_010,8
2024,다다2996,in_age_011,8
2024,다다2996,in_age_012,23
2024,다다2996,in_age_013,33
2024,다다2996,in_age_014,33
2024,다다2996,in_age_015,18
2024,다다2996,in_age_016,28
2024,다다2996,in_age_017,23
2024,다다2996,in_age_018,18
2024,다다2996,in_age_019,5
2024,다다2996,in_age_020,0
2024,다다2996,in_age_031,5
2024,다다2996,in_age_032,5
2024,다다2996,in_age_033,5
2024,다다2996,in_age_034,5
2024,다다2996,in_age_035,5
2024,다다2996,in_age_036,8
2024,다다2996,in_age_037,14
2024,다다2996,in_age_038,8
2024,다다2996,in_age_039,5
2024,다다2996,in_age_040,5
2024,다다2996,in_age_041,5
2024,다다2996,in_age_042,13
2024,다다2996,in_age_043,13
2024,다다2996,in_age_044,13
2024,다다2996,in_age_045,8
2024,다다2996,in_age_046,13
2024,다다2996,in_age_047,8
2024,다다2996,in_age_048,8
2024,다다2996,in_age_061,5
2024,다다2996,in_age_063,5
2024,다다2996,in_age_065,5
2024,다다2996,in_age_066,8
2024,다다2996,in_age_067,8
2024,다다2996,in_age_068,8
2024,다다2996,in_age_069,5
2024,다다2996,in_age_070,5
2024,다다2996,in_age_071,5
2024,다다2996,in_age_072,13
2024,다다2996,in_age_073,18
2024,다다2996,in_age_074,18
2024,다다2996,in_age_075,13
2024,다다2996,in_age_076,13
2024,다다2996,in_age_077,13
2024,다다2996,in_age_078,13
2024,다다2996,in_age_079,5
2024,다다2996,in_age_080,0
2024,다다2996,to_in_001,264
2024,다다2996,to_in_007,124
2024,다다2996,to_in_008,138
2024,다다2997,in_age_001,0
2024,다다2997,in_age_002,0
2024,다다2997,in_age_003,5
2024,다다2997,in_age_004,0
2024,다다2997,in_age_005,8
2024,다다2997,in_age_006,21
2024,다다2997,in_age_007,19
2024,다다2997,in_age_008,18
2024,다다2997,in_age_009,8
2024,다다2997,in_age_010,8
2024,다다2997,in_age_011,8
2024,다다2997,in_age_012,13
2024,다다2997,in_age_013,8
2024,다다2997,in_age_014,8
2024,다다2997,in_age_015,5
2024,다다2997,in_age_016,8
2024,다다2997,in_age_017,5
2024,다다2997,in_age_018,5
2024,다다2997,in_age_019,0
2024,다다2997,in_age_033,0
2024,다다2997,in_age_034,0
2024,다다2997,in_age_035,8
2024,다다2997,in_age_036,21
2024,다다2997,in_age_037,19
2024,다다2997,in_age_038,18
2024,다다2997,in_age_039,8
2024,다다2997,in_age_040,8
2024,다다2997,in_age_041,5
2024,다다2997,in_age_042,8
2024,다다2997,in_age_043,5
2024,다다2997,in_age_044,5
2024,다다2997,in_age_045,0
2024,다다2997,in_age_046,5
2024,다다2997,in_age_061,0
2024,다다2997,in_age_062,0
2024,다다2997,in_age_063,5
2024,다다2997,in_age_065,5
2024,다다2997,in_age_066,5
2024,다다2997,in_age_069,5
2024,다다2997,in_age_070,5
2024,다다2997,in_age_071,5
2024,다다2997,in_age_072,5
2024,다다2997,in_age_073,5
2024,다다2997,in_age_074,5
2024,다다2997,in_age_075,5
2024,다다2997,in_age_076,8
2024,다다2997,in_age_077,5
2024,다다2997,in_age_078,5
2024,다다2997,in_age_079,0
2024,다다2997,to_in_001,142
2024,다다2997,to_in_007,97
2024,다다2997,to_in_008,43
2024,다다2998,in_age_005,0
2024,다다2998,in_age_006,5
2024,다다2998,in_age_007,8
2024,다다2998,in_age_008,5
2024,다다2998,in_age_009,0
2024,다다2998,in_age_010,5
2024,다다2998,in_age_011,0
2024,다다2998,in_age_012,5
2024,다다2998,in_age_013,5
2024,다다2998,in_age_014,5
2024,다다2998,in_age_015,0
2024,다다2998,in_age_016,0
2024,다다2998,in_age_017,5
2024,다다2998,in_age_018,5
2024,다다2998,in_age_035,0
2024,다다2998,in_age_036,5
2024,다다2998,in_age_037,8
2024,다다2998,in_age_038,5
2024,다다2998,in_age_039,0
2024,다다2998,in_age_040,5
2024,다다2998,in_age_041,0
2024,다다2998,in_age_043,5
2024,다다2998,in_age_044,5
2024,다다2998,in_age_047,5
2024,다다2998,in_age_048,5
2024,다다2998,in_age_072,5
2024,다다2998,in_age_073,0
2024,다다2998,in_age_075,0
2024,다다2998,in_age_076,0
2024,다다2998,in_age_077,5
2024,다다2998,to_in_001,33
2024,다다2998,to_in_007,28
2024,다다2998,to_in_008,8
2024,다다3000,in_age_001,5
2024,다다3000,in_age_003,0
2024,다다3000,in_age_004,0
2024,다다3000,in_age_005,5
2024,다다3000,in_age_006,8
2024,다다3000,in_age_007,8
2024,다다3000,in_age_008,5
2024,다다3000,in_age_009,8
2024,다다3000,in_age_010,5
2024,다다3000,in_age_011,8
2024,다다3000,in_age_012,8
2024,다다3000,in_age_013,5
2024,다다3000,in_age_014,8
2024,다다3000,in_age_015,0
2024,다다3000,in_age_016,0
2024,다다3000,in_age_017,0
2024,다다3000,in_age_031,0
2024,다다3000,in_age_033,0
2024,다다3000,in_age_034,0
2024,다다3000,in_age_035,5
2024,다다3000,in_age_036,5
2024,다다3000,in_age_037,8
2024,다다3000,in_age_038,0
2024,다다3000,in_age_039,8
2024,다다3000,in_age_040,5
2024,다다3000,in_age_042,5
2024,다다3000,in_age_043,5
2024,다다3000,in_age_044,0
2024,다다3000,in_age_046,0
2024,다다3000,in_age_061,0
2024,다다3000,in_age_065,0
2024,다다3000,in_age_066,5
2024,다다3000,in_age_067,0
2024,다다3000,in_age_068,5
2024,다다3000,in_age_069,5
2024,다다3000,in_age_070,5
2024,다다3000,in_age_071,8
2024,다다3000,in_age_072,5
2024,다다3000,in_age_073,5
2024,다다3000,in_age_074,8
2024,다다3000,in_age_075,0
2024,다다3000,in_age_077,0
2024,다다3000,to_in_001,53
2024,다다3000,to_in_007,28
2024,다다3000,to_in_008,23
2024,다다3001,in_age_004,5
2024,다다3001,in_age_006,0
2024,다다3001,in_age_010,5
2024,다다3001,in_age_011,5
2024,다다3001,in_age_012,0
2024,다다3001,in_age_013,0
2024,다다3001,in_age_034,0
2024,다다3001,in_age_040,0
2024,다다3001,in_age_041,5
2024,다다3001,in_age_043,0
2024,다다3001,in_age_064,0
2024,다다3001,in_age_066,0
2024,다다3001,in_age_070,0
2024,다다3001,in_age_071,0
2024,다다3001,in_age_072,0
2024,다다3001,to_in_001,13
2024,다다3001,to_in_007,5
2024,다다3001,to_in_008,8
2024,다다3005,in_age_005,0
2024,다다3005,in_age_007,5
2024,다다3005,in_age_010,0
2024,다다3005,in_age_011,5
2024,다다3005,in_age_012,5
2024,다다3005,in_age_014,0
2024,다다3005,in_age_015,0
2024,다다3005,in_age_035,0
2024,다다3005,in_age_040,0
2024,다다3005,in_age_041,0
2024,다다3005,in_age_042,5
2024,다다3005,in_age_045,0
2024,다다3005,in_age_067,5
2024,다다3005,in_age_071,5
2024,다다3005,in_age_072,5
2024,다다3005,in_age_074,0
2024,다다3005,to_in_001,13
2024,다다3005,to_in_007,8
2024,다다3005,to_in_008,8
2024,다다3006,in_age_001,0
2024,다다3006,in_age_002,8
2024,다다3006,in_age_003,8
2024,다다3006,in_age_004,5
2024,다다3006,in_age_005,5
2024,다다3006,in_age_006,5
2024,다다3006,in_age_007,5
2024,다다3006,in_age_008,8
2024,다다3006,in_age_009,8
2024,다다3006,in_age_010,13
2024,다다3006,in_age_011,8
2024,다다3006,in_age_012,13
2024,다다3006,in_age_013,13
2024,다다3006,in_age_014,8
2024,다다3006,in_age_015,5
2024,다다3006,in_age_016,13
2024,다다3006,in_age_017,5
2024,다다3006,in_age_018,5
2024,다다3006,in_age_020,0
2024,다다3006,in_age_032,8
2024,다다3006,in_age_033,5
2024,다다3006,in_age_034,5
2024,다다3006,in_age_035,5
2024,다다3006,in_age_036,5
2024,다다3006,in_age_037,0
2024,다다3006,in_age_038,5
2024,다다3006,in_age_039,5
2024,다다3006,in_age_040,8
2024,다다3006,in_age_041,5
2024,다다3006,in_age_042,8
2024,다다3006,in_age_043,5
2024,다다3006,in_age_044,5
2024,다다3006,in_age_045,5
2024,다다3006,in_age_046,8
2024,다다3006,in_age_047,5
2024,다다3006,in_age_048,5
2024,다다3006,in_age_061,0
2024,다다3006,in_age_062,5
2024,다다3006,in_age_063,5
2024,다다3006,in_age_065,0
2024,다다3006,in_age_066,5
2024,다다3006,in_age_067,5
2024,다다3006,in_age_068,8
2024,다다3006,in_age_069,8
2024,다다3006,in_age_070,8
2024,다다3006,in_age_071,5
2024,다다3006,in_age_072,5
2024,다다3006,in_age_073,8
2024,다다3006,in_age_074,5
2024,다다3006,in_age_076,8
2024,다다3006,in_age_077,0
2024,다다3006,in_age_078,5
2024,다다3006,in_age_080,0
2024,다다3006,to_in_001,113
2024,다다3006,to_in_007,58
2024,다다3006,to_in_008,58
2024,다다3007,in_age_001,33
2024,다다3007,in_age_002,43
2024,다다3007,in_age_003,48
2024,다다3007,in_age_004,53
2024,다다3007,in_age_005,58
2024,다다3007,in_age_006,58
2024,다다3007,in_age_007,83
2024,다다3007,in_age_008,99
2024,다다3007,in_age_009,114
2024,다다3007,in_age_010,113
2024,다다3007,in_age_011,129
2024,다다3007,in_age_012,167
2024,다다3007,in_age_013,165
2024,다다3007,in_age_014,148
2024,다다3007,in_age_015,103
2024,다다3007,in_age_016,110
2024,다다3007,in_age_017,74
2024,다다3007,in_age_018,53
2024,다다3007,in_age_019,23
2024,다다3007,in_age_020,5
2024,다다3007,in_age_031,8
2024,다다3007,in_age_032,18
2024,다다3007,in_age_033,23
2024,다다3007,in_age_034,28
2024,다다3007,in_age_035,33
2024,다다3007,in_age_036,28
2024,다다3007,in_age_037,43
2024,다다3007,in_age_038,48
2024,다다3007,in_age_039,69
2024,다다3007,in_age_040,63
2024,다다3007,in_age_041,74
2024,다다3007,in_age_042,92
2024,다다3007,in_age_043,74
2024,다다3007,in_age_044,83
2024,다다3007,in_age_045,43
2024,다다3007,in_age_046,48
2024,다다3007,in_age_047,28
2024,다다3007,in_age_048,13
2024,다다3007,in_age_049,5
2024,다다3007,in_age_061,23
2024,다다3007,in_age_062,23
2024,다다3007,in_age_063,28
2024,다다3007,in_age_064,23
2024,다다3007,in_age_065,23
2024,다다3007,in_age_066,33
2024,다다3007,in_age_067,38
2024,다다3007,in_age_068,54
2024,다다3007,in_age_069,48
2024,다다3007,in_age_070,48
2024,다다3007,in_age_071,58
2024,다다3007,in_age_072,73
2024,다다3007,in_age_073,94
2024,다다3007,in_age_074,68
2024,다다3007,in_age_075,58
2024,다다3007,in_age_076,65
2024,다다3007,in_age_077,49
2024,다다3007,in_age_078,43
2024,다다3007,in_age_079,23
2024,다다3007,in_age_080,5
2024,다다3007,to_in_001,1685
2024,다다3007,to_in_007,820
2024,다다3007,to_in_008,863
2024,다다3089,in_age_001,0
2024,다다3089,in_age_002,5
2024,다다3089,in_age_006,5
2024,다다3089,in_age_007,0
2024,다다3089,in_age_008,5
2024,다다3089,in_age_011,5
2024,다다3089,in_age_013,0
2024,다다3089,in_age_014,0
2024,다다3089,in_age_015,5
2024,다다3089,in_age_036,0
2024,다다3089,in_age_037,0
2024,다다3089,in_age_038,5
2024,다다3089,in_age_044,0
2024,다다3089,in_age_045,0
2024,다다3089,in_age_061,0
2024,다다3089,in_age_062,5
2024,다다3089,in_age_066,0
2024,다다3089,in_age_068,0
2024,다다3089,in_age_071,5
2024,다다3089,in_age_073,0
2024,다다3089,in_age_075,0
2024,다다3089,to_in_001,13
2024,다다3089,to_in_007,8
2024,다다3089,to_in_008,8
2024,다다3090,in_age_001,8
2024,다다3090,in_age_002,5
2024,다다3090,in_age_003,8
2024,다다3090,in_age_004,8
2024,다다3090,in_age_005,5
2024,다다3090,in_age_006,8
2024,다다3090,in_age_007,8
2024,다다3090,in_age_008,8
2024,다다3090,in_age_009,18
2024,다다3090,in_age_010,18
2024,다다3090,in_age_011,24
2024,다다3090,in_age_012,18
2024,다다3090,in_age_013,23
2024,다다3090,in_age_014,23
2024,다다3090,in_age_015,23
2024,다다3090,in_age_016,19
2024,다다3090,in_age_017,5
2024,다다3090,in_age_018,8
2024,다다3090,in_age_019,5
2024,다다3090,in_age_020,0
2024,다다3090,in_age_031,5
2024,다다3090,in_age_033,8
2024,다다3090,in_age_034,8
2024,다다3090,in_age_035,5
2024,다다3090,in_age_036,8
2024,다다3090,in_age_037,5
2024,다다3090,in_age_038,5
2024,다다3090,in_age_039,8
2024,다다3090,in_age_040,8
2024,다다3090,in_age_041,14
2024,다다3090,in_age_042,8
2024,다다3090,in_age_043,8
2024,다다3090,in_age_044,13
2024,다다3090,in_age_045,13
2024,다다3090,in_age_046,14
2024,다다3090,in_age_047,0
2024,다다3090,in_age_048,5
2024,다다3090,in_age_049,5
2024,다다3090,in_age_061,8
2024,다다3090,in_age_062,5
2024,다다3090,in_age_063,5
2024,다다3090,in_age_064,5
2024,다다3090,in_age_065,5
2024,다다3090,in_age_066,5
2024,다다3090,in_age_067,5
2024,다다3090,in_age_068,5
2024,다다3090,in_age_069,8
2024,다다3090,in_age_070,8
2024,다다3090,in_age_071,8
2024,다다3090,in_age_072,8
2024,다다3090,in_age_073,13
2024,다다3090,in_age_074,13
2024,다다3090,in_age_075,8
2024,다다3090,in_age_076,8
2024,다다3090,in_age_077,5
2024,다다3090,in_age_078,5
2024,다다3090,in_age_080,0
2024,다다3090,to_in_001,225
2024,다다3090,to_in_007,115
2024,다다3090,to_in_008,108
2024,다다3091,in_age_001,83
2024,다다3091,in_age_002,137
2024,다다3091,in_age_003,158
2024,다다3091,in_age_004,104
2024,다다3091,in_age_005,90
2024,다다3091,in_age_006,145
2024,다다3091,in_age_007,152
2024,다다3091,in_age_008,167
2024,다다3091,in_age_009,232
2024,다다3091,in_age_010,197
2024,다다3091,in_age_011,258
2024,다다3091,in_age_012,250
2024,다다3091,in_age_013,246
2024,다다3091,in_age_014,239
2024,다다3091,in_age_015,172
2024,다다3091,in_age_016,124
2024,다다3091,in_age_017,74
2024,다다3091,in_age_018,33
2024,다다3091,in_age_019,5
2024,다다3091,in_age_020,5
2024,다다3091,in_age_031,35
2024,다다3091,in_age_032,68
2024,다다3091,in_age_033,96
2024,다다3091,in_age_034,56
2024,다다3091,in_age_035,60
2024,다다3091,in_age_036,89
2024,다다3091,in_age_037,91
2024,다다3091,in_age_038,77
2024,다다3091,in_age_039,113
2024,다다3091,in_age_040,105
2024,다다3091,in_age_041,132
2024,다다3091,in_age_042,127
2024,다다3091,in_age_043,100
2024,다다3091,in_age_044,107
2024,다다3091,in_age_045,95
2024,다다3091,in_age_046,53
2024,다다3091,in_age_047,28
2024,다다3091,in_age_048,18
2024,다다3091,in_age_049,5
2024,다다3091,in_age_061,46
2024,다다3091,in_age_062,67
2024,다다3091,in_age_063,65
2024,다다3091,in_age_064,51
2024,다다3091,in_age_065,33
2024,다다3091,in_age_066,59
2024,다다3091,in_age_067,59
2024,다다3091,in_age_068,93
2024,다다3091,in_age_069,122
2024,다다3091,in_age_070,95
2024,다다3091,in_age_071,124
2024,다다3091,in_age_072,126
2024,다다3091,in_age_073,149
2024,다다3091,in_age_074,130
2024,다다3091,in_age_075,80
2024,다다3091,in_age_076,69
2024,다다3091,in_age_077,49
2024,다다3091,in_age_078,18
2024,다다3091,in_age_079,5
2024,다다3091,in_age_080,5
2024,다다3091,to_in_001,2865
2024,다다3091,to_in_007,1444
2024,다다3091,to_in_008,1424
2024,다다3092,in_age_001,184
2024,다다3092,in_age_002,272
2024,다다3092,in_age_003,362
2024,다다3092,in_age_004,307
2024,다다3092,in_age_005,162
2024,다다3092,in_age_006,264
2024,다다3092,in_age_007,244
2024,다다3092,in_age_008,275
2024,다다3092,in_age_009,419
2024,다다3092,in_age_010,428
2024,다다3092,in_age_011,456
2024,다다3092,in_age_012,362
2024,다다3092,in_age_013,370
2024,다다3092,in_age_014,293
2024,다다3092,in_age_015,196
2024,다다3092,in_age_016,132
2024,다다3092,in_age_017,71
2024,다다3092,in_age_018,40
2024,다다3092,in_age_019,13
2024,다다3092,in_age_020,8
2024,다다3092,in_age_021,5
2024,다다3092,in_age_031,91
2024,다다3092,in_age_032,139
2024,다다3092,in_age_033,189
2024,다다3092,in_age_034,174
2024,다다3092,in_age_035,99
2024,다다3092,in_age_036,164
2024,다다3092,in_age_037,134
2024,다다3092,in_age_038,134
2024,다다3092,in_age_039,198
2024,다다3092,in_age_040,218
2024,다다3092,in_age_041,230
2024,다다3092,in_age_042,186
2024,다다3092,in_age_043,176
2024,다다3092,in_age_044,142
2024,다다3092,in_age_045,92
2024,다다3092,in_age_046,66
2024,다다3092,in_age_047,23
2024,다다3092,in_age_048,13
2024,다다3092,in_age_049,8
2024,다다3092,in_age_051,5
2024,다다3092,in_age_061,96
2024,다다3092,in_age_062,131
2024,다다3092,in_age_063,171
2024,다다3092,in_age_064,136
2024,다다3092,in_age_065,61
2024,다다3092,in_age_066,98
2024,다다3092,in_age_067,108
2024,다다3092,in_age_068,144
2024,다다3092,in_age_069,219
2024,다다3092,in_age_070,208
2024,다다3092,in_age_071,229
2024,다다3092,in_age_072,179
2024,다다3092,in_age_073,192
2024,다다3092,in_age_074,149
2024,다다3092,in_age_075,102
2024,다다3092,in_age_076,69
2024,다다3092,in_age_077,51
2024,다다3092,in_age_078,25
2024,다다3092,in_age_079,8
2024,다다3092,in_age_080,8
2024,다다3092,to_in_001,4861
2024,다다3092,to_in_007,2477
2024,다다3092,to_in_008,2387
2024,다다3093,in_age_001,0
2024,다다3093,in_age_002,0
2024,다다3093,in_age_003,5
2024,다다3093,in_age_004,5
2024,다다3093,in_age_006,8
2024,다다3093,in_age_007,8
2024,다다3093,in_age_008,8
2024,다다3093,in_age_009,8
2024,다다3093,in_age_010,8
2024,다다3093,in_age_011,5
2024,다다3093,in_age_012,5
2024,다다3093,in_age_013,18
2024,다다3093,in_age_014,18
2024,다다3093,in_age_015,8
2024,다다3093,in_age_016,8
2024,다다3093,in_age_017,5
2024,다다3093,in_age_018,5
2024,다다3093,in_age_019,0
2024,다다3093,in_age_020,0
2024,다다3093,in_age_031,0
2024,다다3093,in_age_034,5
2024,다다3093,in_age_036,8
2024,다다3093,in_age_037,5
2024,다다3093,in_age_038,8
2024,다다3093,in_age_039,5
2024,다다3093,in_age_040,5
2024,다다3093,in_age_041,5
2024,다다3093,in_age_042,5
2024,다다3093,in_age_043,8
2024,다다3093,in_age_044,8
2024,다다3093,in_age_045,5
2024,다다3093,in_age_046,5
2024,다다3093,in_age_047,5
2024,다다3093,in_age_062,0
2024,다다3093,in_age_063,5
2024,다다3093,in_age_066,0
2024,다다3093,in_age_067,5
2024,다다3093,in_age_068,5
2024,다다3093,in_age_069,8
2024,다다3093,in_age_070,8
2024,다다3093,in_age_071,5
2024,다다3093,in_age_072,0
2024,다다3093,in_age_073,8
2024,다다3093,in_age_074,8
2024,다다3093,in_age_075,5
2024,다다3093,in_age_076,5
2024,다다3093,in_age_077,5
2024,다다3093,in_age_078,5
2024,다다3093,in_age_079,0
2024,다다3093,in_age_080,0
2024,다다3093,to_in_001,113
2024,다다3093,to_in_007,53
2024,다다3093,to_in_008,58
2024,다다3101,in_age_005,5
2024,다다3101,in_age_006,8
2024,다다3101,in_age_007,5
2024,다다3101,in_age_008,5
2024,다다3101,in_age_009,0
2024,다다3101,in_age_010,5
2024,다다3101,in_age_011,5
2024,다다3101,in_age_012,5
2024,다다3101,in_age_013,5
2024,다다3101,in_age_014,0
2024,다다3101,in_age_016,5
2024,다다3101,in_age_035,5
2024,다다3101,in_age_036,5
2024,다다3101,in_age_038,5
2024,다다3101,in_age_039,0
2024,다다3101,in_age_041,5
2024,다다3101,in_age_042,0
2024,다다3101,in_age_043,5
2024,다다3101,in_age_044,0
2024,다다3101,in_age_065,5
2024,다다3101,in_age_066,5
2024,다다3101,in_age_067,5
2024,다다3101,in_age_070,5
2024,다다3101,in_age_071,0
2024,다다3101,in_age_072,0
2024,다다3101,in_age_076,5
2024,다다3101,to_in_001,28
2024,다다3101,to_in_007,18
2024,다다3101,to_in_008,8
2024,다다3105,in_age_002,0
2024,다다3105,in_age_003,5
2024,다다3105,in_age_004,5
2024,다다3105,in_age_005,5
2024,다다3105,in_age_006,5
2024,다다3105,in_age_009,0
2024,다다3105,in_age_010,8
2024,다다3105,in_age_011,5
2024,다다3105,in_age_012,5
2024,다다3105,in_age_013,5
2024,다다3105,in_age_014,5
2024,다다3105,in_age_016,0
2024,다다3105,in_age_017,0
2024,다다3105,in_age_033,5
2024,다다3105,in_age_035,5
2024,다다3105,in_age_041,5
2024,다다3105,in_age_044,5
2024,다다3105,in_age_047,0
2024,다다3105,in_age_062,0
2024,다다3105,in_age_063,0
2024,다다3105,in_age_064,5
2024,다다3105,in_age_065,5
2024,다다3105,in_age_066,5
2024,다다3105,in_age_069,0
2024,다다3105,in_age_070,8
2024,다다3105,in_age_071,0
2024,다다3105,in_age_072,5
2024,다다3105,in_age_073,5
2024,다다3105,in_age_076,0
2024,다다3105,to_in_001,23
2024,다다3105,to_in_007,8
2024,다다3105,to_in_008,18
2024,다다3106,in_age_001,0
2024,다다3106,in_age_004,0
2024,다다3106,in_age_005,5
2024,다다3106,in_age_006,0
2024,다다3106,in_age_008,0
2024,다다3106,in_age_009,5
2024,다다3106,in_age_010,5
2024,다다3106,in_age_011,5
2024,다다3106,in_age_012,5
2024,다다3106,in_age_013,0
2024,다다3106,in_age_017,5
2024,다다3106,in_age_018,5
2024,다다3106,in_age_034,0
2024,다다3106,in_age_035,5
2024,다다3106,in_age_040,0
2024,다다3106,in_age_041,0
2024,다다3106,in_age_042,5
2024,다다3106,in_age_043,0
2024,다다3106,in_age_061,0
2024,다다3106,in_age_066,0
2024,다다3106,in_age_068,0
2024,다다3106,in_age_069,5
2024,다다3106,in_age_070,0
2024,다다3106,in_age_071,0
2024,다다3106,in_age_072,5
2024,다다3106,in_age_077,5
2024,다다3106,in_age_078,5
2024,다다3106,to_in_001,18
2024,다다3106,to_in_007,8
2024,다다3106,to_in_008,13
2024,다다3107,in_age_002,5
2024,다다3107,in_age_009,5
2024,다다3107,in_age_010,0
2024,다다3107,in_age_011,0
2024,다다3107,in_age_014,5
2024,다다3107,in_age_015,0
2024,다다3107,in_age_032,5
2024,다다3107,in_age_040,0
2024,다다3107,in_age_041,0
2024,다다3107,in_age_044,0
2024,다다3107,in_age_045,0
2024,다다3107,in_age_062,0
2024,다다3107,in_age_069,5
2024,다다3107,in_age_074,5
2024,다다3107,to_in_001,13
2024,다다3107,to_in_007,5
2024,다다3107,to_in_008,8
2024,다다3178,in_age_001,0
2024,다다3178,in_age_002,0
2024,다다3178,in_age_004,0
2024,다다3178,in_age_009,0
2024,다다3178,in_age_010,5
2024,다다3178,in_age_011,8
2024,다다3178,in_age_012,8
2024,다다3178,in_age_013,5
2024,다다3178,in_age_014,8
2024,다다3178,in_age_015,5
2024,다다3178,in_age_016,8
2024,다다3178,in_age_017,5
2024,다다3178,in_age_018,5
2024,다다3178,in_age_019,0
2024,다다3178,in_age_031,0
2024,다다3178,in_age_032,0
2024,다다3178,in_age_040,5
2024,다다3178,in_age_041,5
2024,다다3178,in_age_042,5
2024,다다3178,in_age_043,5
2024,다다3178,in_age_044,5
2024,다다3178,in_age_045,5
2024,다다3178,in_age_046,5
2024,다다3178,in_age_047,0
2024,다다3178,in_age_064,0
2024,다다3178,in_age_069,0
2024,다다3178,in_age_071,5
2024,다다3178,in_age_072,0
2024,다다3178,in_age_073,5
2024,다다3178,in_age_074,5
2024,다다3178,in_age_075,0
2024,다다3178,in_age_076,5
2024,다다3178,in_age_077,0
2024,다다3178,in_age_078,5
2024,다다3178,in_age_079,0
2024,다다3178,to_in_001,43
2024,다다3178,to_in_007,23
2024,다다3178,to_in_008,23
2024,다다3179,in_age_001,0
2024,다다3179,in_age_004,0
2024,다다3179,in_age_006,0
2024,다다3179,in_age_007,8
2024,다다3179,in_age_008,5
2024,다다3179,in_age_009,8
2024,다다3179,in_age_010,0
2024,다다3179,in_age_011,5
2024,다다3179,in_age_012,8
2024,다다3179,in_age_013,5
2024,다다3179,in_age_014,8
2024,다다3179,in_age_015,8
2024,다다3179,in_age_016,8
2024,다다3179,in_age_017,5
2024,다다3179,in_age_018,5
2024,다다3179,in_age_031,0
2024,다다3179,in_age_034,0
2024,다다3179,in_age_036,0
2024,다다3179,in_age_037,8
2024,다다3179,in_age_038,5
2024,다다3179,in_age_039,5
2024,다다3179,in_age_040,0
2024,다다3179,in_age_041,0
2024,다다3179,in_age_042,5
2024,다다3179,in_age_043,0
2024,다다3179,in_age_044,8
2024,다다3179,in_age_045,5
2024,다다3179,in_age_046,5
2024,다다3179,in_age_047,5
2024,다다3179,in_age_048,0
2024,다다3179,in_age_069,0
2024,다다3179,in_age_071,0
2024,다다3179,in_age_072,5
2024,다다3179,in_age_073,5
2024,다다3179,in_age_074,5
2024,다다3179,in_age_075,5
2024,다다3179,in_age_076,5
2024,다다3179,in_age_077,5
2024,다다3179,in_age_078,5
2024,다다3179,to_in_001,58
2024,다다3179,to_in_007,38
2024,다다3179,to_in_008,18
2024,다다3189,in_age_002,5
2024,다다3189,in_age_003,5
2024,다다3189,in_age_004,0
2024,다다3189,in_age_005,5
2024,다다3189,in_age_006,0
2024,다다3189,in_age_007,5
2024,다다3189,in_age_008,5
2024,다다3189,in_age_009,8
2024,다다3189,in_age_010,5
2024,다다3189,in_age_013,8
2024,다다3189,in_age_014,5
2024,다다3189,in_age_015,0
2024,다다3189,in_age_017,5
2024,다다3189,in_age_032,5
2024,다다3189,in_age_033,0
2024,다다3189,in_age_034,0
2024,다다3189,in_age_035,5
2024,다다3189,in_age_036,0
2024,다다3189,in_age_037,5
2024,다다3189,in_age_038,5
2024,다다3189,in_age_039,5
2024,다다3189,in_age_040,0
2024,다다3189,in_age_043,5
2024,다다3189,in_age_044,0
2024,다다3189,in_age_045,0
2024,다다3189,in_age_047,0
2024,다다3189,in_age_062,0
2024,다다3189,in_age_063,0
2024,다다3189,in_age_068,0
2024,다다3189,in_age_069,0
2024,다다3189,in_age_070,0
2024,다다3189,in_age_073,5
2024,다다3189,in_age_074,5
2024,다다3189,in_age_077,0
2024,다다3189,to_in_001,38
2024,다다3189,to_in_007,28
2024,다다3189,to_in_008,13
2024,다다3190,in_age_001,8
2024,다다3190,in_age_002,24
2024,다다3190,in_age_003,28
2024,다다3190,in_age_004,18
2024,다다3190,in_age_005,29
2024,다다3190,in_age_006,40
2024,다다3190,in_age_007,38
2024,다다3190,in_age_008,33
2024,다다3190,in_age_009,33
2024,다다3190,in_age_010,54
2024,다다3190,in_age_011,60
2024,다다3190,in_age_012,70
2024,다다3190,in_age_013,81
2024,다다3190,in_age_014,66
2024,다다3190,in_age_015,48
2024,다다3190,in_age_016,33
2024,다다3190,in_age_017,33
2024,다다3190,in_age_018,18
2024,다다3190,in_age_019,8
2024,다다3190,in_age_031,8
2024,다다3190,in_age_032,14
2024,다다3190,in_age_033,18
2024,다다3190,in_age_034,8
2024,다다3190,in_age_035,19
2024,다다3190,in_age_036,20
2024,다다3190,in_age_037,18
2024,다다3190,in_age_038,18
2024,다다3190,in_age_039,18
2024,다다3190,in_age_040,28
2024,다다3190,in_age_041,35
2024,다다3190,in_age_042,40
2024,다다3190,in_age_043,38
2024,다다3190,in_age_044,33
2024,다다3190,in_age_045,18
2024,다다3190,in_age_046,13
2024,다다3190,in_age_047,13
2024,다다3190,in_age_048,5
2024,다다3190,in_age_061,5
2024,다다3190,in_age_062,8
2024,다다3190,in_age_063,13
2024,다다3190,in_age_064,8
2024,다다3190,in_age_065,8
2024,다다3190,in_age_066,18
2024,다다3190,in_age_067,18
2024,다다3190,in_age_068,13
2024,다다3190,in_age_069,13
2024,다다3190,in_age_070,24
2024,다다3190,in_age_071,23
2024,다다3190,in_age_072,28
2024,다다3190,in_age_073,46
2024,다다3190,in_age_074,31
2024,다다3190,in_age_075,28
2024,다다3190,in_age_076,18
2024,다다3190,in_age_077,23
2024,다다3190,in_age_078,13
2024,다다3190,in_age_079,8
2024,다다3190,to_in_001,708
2024,다다3190,to_in_007,361
2024,다다3190,to_in_008,345
2024,다다3191,in_age_001,53
2024,다다3191,in_age_002,84
2024,다다3191,in_age_003,95
2024,다다3191,in_age_004,73
2024,다다3191,in_age_005,107
2024,다다3191,in_age_006,161
2024,다다3191,in_age_007,130
2024,다다3191,in_age_008,135
2024,다다3191,in_age_009,187
2024,다다3191,in_age_010,173
2024,다다3191,in_age_011,198
2024,다다3191,in_age_012,208
2024,다다3191,in_age_013,247
2024,다다3191,in_age_014,266
2024,다다3191,in_age_015,213
2024,다다3191,in_age_016,184
2024,다다3191,in_age_017,109
2024,다다3191,in_age_018,58
2024,다다3191,in_age_019,13
2024,다다3191,in_age_020,5
2024,다다3191,in_age_021,0
2024,다다3191,in_age_031,28
2024,다다3191,in_age_032,43
2024,다다3191,in_age_033,54
2024,다다3191,in_age_034,43
2024,다다3191,in_age_035,72
2024,다다3191,in_age_036,108
2024,다다3191,in_age_037,76
2024,다다3191,in_age_038,85
2024,다다3191,in_age_039,106
2024,다다3191,in_age_040,106
2024,다다3191,in_age_041,107
2024,다다3191,in_age_042,119
2024,다다3191,in_age_043,106
2024,다다3191,in_age_044,121
2024,다다3191,in_age_045,107
2024,다다3191,in_age_046,78
2024,다다3191,in_age_047,38
2024,다다3191,in_age_048,13
2024,다다3191,in_age_049,5
2024,다다3191,in_age_061,23
2024,다다3191,in_age_062,39
2024,다다3191,in_age_063,44
2024,다다3191,in_age_064,28
2024,다다3191,in_age_065,33
2024,다다3191,in_age_066,51
2024,다다3191,in_age_067,52
2024,다다3191,in_age_068,53
2024,다다3191,in_age_069,84
2024,다다3191,in_age_070,65
2024,다다3191,in_age_071,89
2024,다다3191,in_age_072,92
2024,다다3191,in_age_073,139
2024,다다3191,in_age_074,143
2024,다다3191,in_age_075,109
2024,다다3191,in_age_076,104
2024,다다3191,in_age_077,69
2024,다다3191,in_age_078,43
2024,다다3191,in_age_079,13
2024,다다3191,in_age_080,5
2024,다다3191,in_age_081,0
2024,다다3191,to_in_001,2695
2024,다다3191,to_in_007,1409
2024,다다3191,to_in_008,1284
2024,다다3193,in_age_002,0
2024,다다3193,in_age_003,8
2024,다다3193,in_age_004,8
2024,다다3193,in_age_005,0
2024,다다3193,in_age_006,5
2024,다다3193,in_age_007,8
2024,다다3193,in_age_008,5
2024,다다3193,in_age_009,8
2024,다다3193,in_age_010,0
2024,다다3193,in_age_011,8
2024,다다3193,in_age_012,13
2024,다다3193,in_age_013,8
2024,다다3193,in_age_014,8
2024,다다3193,in_age_015,8
2024,다다3193,in_age_016,8
2024,다다3193,in_age_017,8
2024,다다3193,in_age_018,8
2024,다다3193,in_age_033,5
2024,다다3193,in_age_034,5
2024,다다3193,in_age_035,0
2024,다다3193,in_age_036,5
2024,다다3193,in_age_037,5
2024,다다3193,in_age_038,5
2024,다다3193,in_age_039,5
2024,다다3193,in_age_040,0
2024,다다3193,in_age_041,5
2024,다다3193,in_age_042,8
2024,다다3193,in_age_043,5
2024,다다3193,in_age_044,5
2024,다다3193,in_age_045,8
2024,다다3193,in_age_046,5
2024,다다3193,in_age_047,5
2024,다다3193,in_age_048,8
2024,다다3193,in_age_062,0
2024,다다3193,in_age_063,5
2024,다다3193,in_age_064,5
2024,다다3193,in_age_066,0
2024,다다3193,in_age_067,5
2024,다다3193,in_age_069,5
2024,다다3193,in_age_071,0
2024,다다3193,in_age_072,8
2024,다다3193,in_age_073,5
2024,다다3193,in_age_074,5
2024,다다3193,in_age_075,5
2024,다다3193,in_age_076,5
2024,다다3193,in_age_077,5
2024,다다3193,in_age_078,5
2024,다다3193,to_in_001,83
2024,다다3193,to_in_007,48
2024,다다3193,to_in_008,38
2024,다다3198,in_age_003,0
2024,다다3198,in_age_005,0
2024,다다3198,in_age_006,5
2024,다다3198,in_age_007,5
2024,다다3198,in_age_008,5
2024,다다3198,in_age_009,0
2024,다다3198,in_age_010,0
2024,다다3198,in_age_011,5
2024,다다3198,in_age_012,5
2024,다다3198,in_age_013,8
2024,다다3198,in_age_014,5
2024,다다3198,in_age_015,5
2024,다다3198,in_age_016,5
2024,다다3198,in_age_017,0
2024,다다3198,in_age_033,0
2024,다다3198,in_age_035,0
2024,다다3198,in_age_036,5
2024,다다3198,in_age_037,5
2024,다다3198,in_age_038,5
2024,다다3198,in_age_039,0
2024,다다3198,in_age_040,0
2024,다다3198,in_age_042,5
2024,다다3198,in_age_043,5
2024,다다3198,in_age_044,0
2024,다다3198,in_age_045,5
2024,다다3198,in_age_046,5
2024,다다3198,in_age_047,0
2024,다다3198,in_age_068,0
2024,다다3198,in_age_071,5
2024,다다3198,in_age_072,5
2024,다다3198,in_age_073,5
2024,다다3198,in_age_074,5
2024,다다3198,in_age_075,0
2024,다다3198,to_in_001,33
2024,다다3198,to_in_007,28
2024,다다3198,to_in_008,8
2024,다다3199,in_age_001,5
2024,다다3199,in_age_002,5
2024,다다3199,in_age_003,8
2024,다다3199,in_age_004,8
2024,다다3199,in_age_005,5
2024,다다3199,in_age_006,15
2024,다다3199,in_age_007,20
2024,다다3199,in_age_008,13
2024,다다3199,in_age_009,13
2024,다다3199,in_age_010,13
2024,다다3199,in_age_011,13
2024,다다3199,in_age_012,13
2024,다다3199,in_age_013,8
2024,다다3199,in_age_014,13
2024,다다3199,in_age_015,8
2024,다다3199,in_age_016,8
2024,다다3199,in_age_017,13
2024,다다3199,in_age_018,5
2024,다다3199,in_age_031,5
2024,다다3199,in_age_033,5
2024,다다3199,in_age_034,8
2024,다다3199,in_age_035,5
2024,다다3199,in_age_036,15
2024,다다3199,in_age_037,20
2024,다다3199,in_age_038,13
2024,다다3199,in_age_039,8
2024,다다3199,in_age_040,8
2024,다다3199,in_age_041,8
2024,다다3199,in_age_042,8
2024,다다3199,in_age_043,5
2024,다다3199,in_age_044,8
2024,다다3199,in_age_045,8
2024,다다3199,in_age_046,5
2024,다다3199,in_age_047,8
2024,다다3199,in_age_048,0
2024,다다3199,in_age_062,5
2024,다다3199,in_age_063,8
2024,다다3199,in_age_064,5
2024,다다3199,in_age_068,5
2024,다다3199,in_age_069,5
2024,다다3199,in_age_070,8
2024,다다3199,in_age_071,5
2024,다다3199,in_age_072,5
2024,다다3199,in_age_073,5
2024,다다3199,in_age_074,5
2024,다다3199,in_age_075,5
2024,다다3199,in_age_076,8
2024,다다3199,in_age_077,8
2024,다다3199,in_age_078,5
2024,다다3199,to_in_001,157
2024,다다3199,to_in_007,112
2024,다다3199,to_in_008,48
2024,다다3200,in_age_010,5
2024,다다3200,in_age_040,5
2024,다다3200,in_age_070,0
2024,다다3200,to_in_001,5
2024,다다3200,to_in_007,5
2024,다다3200,to_in_008,0
2024,다다3201,in_age_001,5
2024,다다3201,in_age_002,5
2024,다다3201,in_age_003,5
2024,다다3201,in_age_004,5
2024,다다3201,in_age_005,8
2024,다다3201,in_age_006,5
2024,다다3201,in_age_007,8
2024,다다3201,in_age_008,5
2024,다다3201,in_age_009,13
2024,다다3201,in_age_010,13
2024,다다3201,in_age_011,13
2024,다다3201,in_age_012,18
2024,다다3201,in_age_013,13
2024,다다3201,in_age_014,13
2024,다다3201,in_age_015,5
2024,다다3201,in_age_016,8
2024,다다3201,in_age_017,5
2024,다다3201,in_age_018,8
2024,다다3201,in_age_019,5
2024,다다3201,in_age_020,0
2024,다다3201,in_age_031,5
2024,다다3201,in_age_032,5
2024,다다3201,in_age_033,5
2024,다다3201,in_age_034,5
2024,다다3201,in_age_035,5
2024,다다3201,in_age_036,5
2024,다다3201,in_age_037,8
2024,다다3201,in_age_038,5
2024,다다3201,in_age_039,8
2024,다다3201,in_age_040,5
2024,다다3201,in_age_041,8
2024,다다3201,in_age_042,8
2024,다다3201,in_age_043,8
2024,다다3201,in_age_044,5
2024,다다3201,in_age_045,5
2024,다다3201,in_age_046,5
2024,다다3201,in_age_047,5
2024,다다3201,in_age_048,5
2024,다다3201,in_age_061,5
2024,다다3201,in_age_063,0
2024,다다3201,in_age_065,5
2024,다다3201,in_age_066,5
2024,다다3201,in_age_067,5
2024,다다3201,in_age_069,8
2024,다다3201,in_age_070,8
2024,다다3201,in_age_071,5
2024,다다3201,in_age_072,8
2024,다다3201,in_age_073,8
2024,다다3201,in_age_074,8
2024,다다3201,in_age_075,0
2024,다다3201,in_age_076,5
2024,다다3201,in_age_077,5
2024,다다3201,in_age_078,5
2024,다다3201,in_age_079,5
2024,다다3201,in_age_080,0
2024,다다3201,to_in_001,138
2024,다다3201,to_in_007,73
2024,다다3201,to_in_008,68
2024,다다3202,in_age_007,5
2024,다다3202,in_age_008,5
2024,다다3202,in_age_010,5
2024,다다3202,in_age_011,0
2024,다다3202,in_age_012,0
2024,다다3202,in_age_013,5
2024,다다3202,in_age_014,0
2024,다다3202,in_age_018,5
2024,다다3202,in_age_037,5
2024,다다3202,in_age_038,5
2024,다다3202,in_age_040,5
2024,다다3202,in_age_043,5
2024,다다3202,in_age_044,0
2024,다다3202,in_age_048,0
2024,다다3202,in_age_071,0
2024,다다3202,in_age_072,0
2024,다다3202,in_age_073,5
2024,다다3202,in_age_078,0
2024,다다3202,to_in_001,13
2024,다다3202,to_in_007,8
2024,다다3202,to_in_008,8
2024,다다3206,in_age_001,0
2024,다다3206,in_age_002,5
2024,다다3206,in_age_003,0
2024,다다3206,in_age_004,5
2024,다다3206,in_age_005,5
2024,다다3206,in_age_006,0
2024,다다3206,in_age_007,8
2024,다다3206,in_age_008,5
2024,다다3206,in_age_009,8
2024,다다3206,in_age_010,5
2024,다다3206,in_age_011,5
2024,다다3206,in_age_013,0
2024,다다3206,in_age_014,5
2024,다다3206,in_age_016,5
2024,다다3206,in_age_032,5
2024,다다3206,in_age_035,5
2024,다다3206,in_age_037,5
2024,다다3206,in_age_038,5
2024,다다3206,in_age_039,8
2024,다다3206,in_age_041,5
2024,다다3206,in_age_046,5
2024,다다3206,in_age_061,0
2024,다다3206,in_age_062,5
2024,다다3206,in_age_063,0
2024,다다3206,in_age_064,5
2024,다다3206,in_age_066,0
2024,다다3206,in_age_067,5
2024,다다3206,in_age_068,0
2024,다다3206,in_age_069,5
2024,다다3206,in_age_070,5
2024,다다3206,in_age_071,5
2024,다다3206,in_age_073,0
2024,다다3206,in_age_074,5
2024,다다3206,to_in_001,33
2024,다다3206,to_in_007,18
2024,다다3206,to_in_008,18
2024,다다3207,in_age_010,0
2024,다다3207,in_age_013,0
2024,다다3207,in_age_040,0
2024,다다3207,in_age_043,0
2024,다다3207,to_in_001,5
2024,다다3207,to_in_007,5
2024,다다3207,to_in_008,0
2024,다다3208,in_age_006,5
2024,다다3208,in_age_007,5
2024,다다3208,in_age_008,5
2024,다다3208,in_age_009,5
2024,다다3208,in_age_011,0
2024,다다3208,in_age_013,0
2024,다다3208,in_age_014,0
2024,다다3208,in_age_036,0
2024,다다3208,in_age_037,5
2024,다다3208,in_age_038,5
2024,다다3208,in_age_039,5
2024,다다3208,in_age_041,0
2024,다다3208,in_age_043,0
2024,다다3208,in_age_044,0
2024,다다3208,in_age_066,5
2024,다다3208,to_in_001,18
2024,다다3208,to_in_007,18
2024,다다3208,to_in_008,5
2024,다다3278,in_age_004,0
2024,다다3278,in_age_006,0
2024,다다3278,in_age_007,5
2024,다다3278,in_age_010,5
2024,다다3278,in_age_011,5
2024,다다3278,in_age_012,8
2024,다다3278,in_age_013,8
2024,다다3278,in_age_014,8
2024,다다3278,in_age_015,5
2024,다다3278,in_age_016,5
2024,다다3278,in_age_017,8
2024,다다3278,in_age_018,5
2024,다다3278,in_age_019,5
2024,다다3278,in_age_036,0
2024,다다3278,in_age_037,5
2024,다다3278,in_age_040,5
2024,다다3278,in_age_041,5
2024,다다3278,in_age_042,5
2024,다다3278,in_age_043,8
2024,다다3278,in_age_044,8
2024,다다3278,in_age_046,5
2024,다다3278,in_age_047,5
2024,다다3278,in_age_049,5
2024,다다3278,in_age_064,0
2024,다다3278,in_age_067,0
2024,다다3278,in_age_071,0
2024,다다3278,in_age_072,5
2024,다다3278,in_age_073,5
2024,다다3278,in_age_074,5
2024,다다3278,in_age_075,5
2024,다다3278,in_age_076,0
2024,다다3278,in_age_077,5
2024,다다3278,in_age_078,5
2024,다다3278,in_age_079,0
2024,다다3278,to_in_001,63
2024,다다3278,to_in_007,38
2024,다다3278,to_in_008,23
2024,다다3281,in_age_006,0
2024,다다3281,in_age_011,0
2024,다다3281,in_age_012,0
2024,다다3281,in_age_013,5
2024,다다3281,in_age_014,0
2024,다다3281,in_age_015,5
2024,다다3281,in_age_016,0
2024,다다3281,in_age_017,0
2024,다다3281,in_age_018,5
2024,다다3281,in_age_020,0
2024,다다3281,in_age_036,0
2024,다다3281,in_age_041,0
2024,다다3281,in_age_043,5
2024,다다3281,in_age_045,5
2024,다다3281,in_age_046,0
2024,다다3281,in_age_072,0
2024,다다3281,in_age_074,0
2024,다다3281,in_age_077,0
2024,다다3281,in_age_078,5
2024,다다3281,in_age_080,0
2024,다다3281,to_in_001,13
2024,다다3281,to_in_007,8
2024,다다3281,to_in_008,5
2024,다다3289,in_age_001,0
2024,다다3289,in_age_002,0
2024,다다3289,in_age_003,5
2024,다다3289,in_age_004,5
2024,다다3289,in_age_006,8
2024,다다3289,in_age_007,8
2024,다다3289,in_age_008,8
2024,다다3289,in_age_009,13
2024,다다3289,in_age_010,8
2024,다다3289,in_age_011,8
2024,다다3289,in_age_012,8
2024,다다3289,in_age_013,18
2024,다다3289,in_age_014,13
2024,다다3289,in_age_015,13
2024,다다3289,in_age_016,13
2024,다다3289,in_age_017,8
2024,다다3289,in_age_018,8
2024,다다3289,in_age_021,0
2024,다다3289,in_age_032,0
2024,다다3289,in_age_033,0
2024,다다3289,in_age_034,5
2024,다다3289,in_age_036,8
2024,다다3289,in_age_037,8
2024,다다3289,in_age_038,5
2024,다다3289,in_age_039,8
2024,다다3289,in_age_040,8
2024,다다3289,in_age_041,5
2024,다다3289,in_age_042,5
2024,다다3289,in_age_043,8
2024,다다3289,in_age_044,5
2024,다다3289,in_age_045,8
2024,다다3289,in_age_046,8
2024,다다3289,in_age_047,5
2024,다다3289,in_age_048,5
2024,다다3289,in_age_061,0
2024,다다3289,in_age_063,5
2024,다다3289,in_age_064,0
2024,다다3289,in_age_068,5
2024,다다3289,in_age_069,5
2024,다다3289,in_age_070,0
2024,다다3289,in_age_071,5
2024,다다3289,in_age_072,5
2024,다다3289,in_age_073,13
2024,다다3289,in_age_074,8
2024,다다3289,in_age_075,8
2024,다다3289,in_age_076,5
2024,다다3289,in_age_077,5
2024,다다3289,in_age_078,8
2024,다다3289,in_age_081,0
2024,다다3289,to_in_001,128
2024,다다3289,to_in_007,73
2024,다다3289,to_in_008,53
2024,다다3290,in_age_001,8
2024,다다3290,in_age_002,13
2024,다다3290,in_age_003,21
2024,다다3290,in_age_004,16
2024,다다3290,in_age_005,8
2024,다다3290,in_age_006,34
2024,다다3290,in_age_007,32
2024,다다3290,in_age_008,22
2024,다다3290,in_age_009,30
2024,다다3290,in_age_010,41
2024,다다3290,in_age_011,59
2024,다다3290,in_age_012,55
2024,다다3290,in_age_013,52
2024,다다3290,in_age_014,38
2024,다다3290,in_age_015,33
2024,다다3290,in_age_016,34
2024,다다3290,in_age_017,26
2024,다다3290,in_age_018,8
2024,다다3290,in_age_019,8
2024,다다3290,in_age_031,5
2024,다다3290,in_age_032,6
2024,다다3290,in_age_033,13
2024,다다3290,in_age_034,8
2024,다다3290,in_age_035,5
2024,다다3290,in_age_036,18
2024,다다3290,in_age_037,15
2024,다다3290,in_age_038,5
2024,다다3290,in_age_039,21
2024,다다3290,in_age_040,23
2024,다다3290,in_age_041,36
2024,다다3290,in_age_042,39
2024,다다3290,in_age_043,41
2024,다다3290,in_age_044,18
2024,다다3290,in_age_045,18
2024,다다3290,in_age_046,18
2024,다다3290,in_age_047,11
2024,다다3290,in_age_048,5
2024,다다3290,in_age_049,8
2024,다다3290,in_age_061,5
2024,다다3290,in_age_062,7
2024,다다3290,in_age_063,8
2024,다다3290,in_age_064,8
2024,다다3290,in_age_065,5
2024,다다3290,in_age_066,16
2024,다다3290,in_age_067,14
2024,다다3290,in_age_068,14
2024,다다3290,in_age_069,17
2024,다다3290,in_age_070,18
2024,다다3290,in_age_071,28
2024,다다3290,in_age_072,21
2024,다다3290,in_age_073,13
2024,다다3290,in_age_074,22
2024,다다3290,in_age_075,17
2024,다다3290,in_age_076,18
2024,다다3290,in_age_077,17
2024,다다3290,in_age_078,8
2024,다다3290,in_age_079,0
2024,다다3290,to_in_001,527
2024,다다3290,to_in_007,278
2024,다다3290,to_in_008,252
2024,다다3291,in_age_001,5
2024,다다3291,in_age_002,8
2024,다다3291,in_age_003,8
2024,다다3291,in_age_004,5
2024,다다3291,in_age_005,8
2024,다다3291,in_age_006,18
2024,다다3291,in_age_007,8
2024,다다3291,in_age_008,5
2024,다다3291,in_age_009,18
2024,다다3291,in_age_010,13
2024,다다3291,in_age_011,13
2024,다다3291,in_age_012,23
2024,다다3291,in_age_013,23
2024,다다3291,in_age_014,18
2024,다다3291,in_age_015,13
2024,다다3291,in_age_016,18
2024,다다3291,in_age_017,8
2024,다다3291,in_age_018,5
2024,다다3291,in_age_019,5
2024,다다3291,in_age_020,0
2024,다다3291,in_age_032,5
2024,다다3291,in_age_033,5
2024,다다3291,in_age_034,0
2024,다다3291,in_age_036,8
2024,다다3291,in_age_037,8
2024,다다3291,in_age_038,0
2024,다다3291,in_age_039,8
2024,다다3291,in_age_040,8
2024,다다3291,in_age_041,8
2024,다다3291,in_age_042,13
2024,다다3291,in_age_043,8
2024,다다3291,in_age_044,8
2024,다다3291,in_age_045,8
2024,다다3291,in_age_046,8
2024,다다3291,in_age_061,5
2024,다다3291,in_age_062,5
2024,다다3291,in_age_063,5
2024,다다3291,in_age_064,0
2024,다다3291,in_age_065,8
2024,다다3291,in_age_066,8
2024,다다3291,in_age_067,5
2024,다다3291,in_age_068,0
2024,다다3291,in_age_069,8
2024,다다3291,in_age_070,8
2024,다다3291,in_age_071,5
2024,다다3291,in_age_072,13
2024,다다3291,in_age_073,13
2024,다다3291,in_age_074,8
2024,다다3291,in_age_075,8
2024,다다3291,in_age_076,8
2024,다다3291,in_age_077,8
2024,다다3291,in_age_078,5
2024,다다3291,in_age_079,5
2024,다다3291,in_age_080,0
2024,다다3291,to_in_001,198
2024,다다3291,to_in_007,93
2024,다다3291,to_in_008,103
2024,다다3293,in_age_008,5
2024,다다3293,in_age_012,0
2024,다다3293,in_age_013,0
2024,다다3293,in_age_014,0
2024,다다3293,in_age_016,0
2024,다다3293,in_age_038,5
2024,다다3293,in_age_042,0
2024,다다3293,in_age_044,0
2024,다다3293,in_age_073,0
2024,다다3293,in_age_076,0
2024,다다3293,to_in_001,8
2024,다다3293,to_in_007,5
2024,다다3293,to_in_008,5
2024,다다3296,in_age_003,5
2024,다다3296,in_age_005,5
2024,다다3296,in_age_006,12
2024,다다3296,in_age_007,8
2024,다다3296,in_age_008,5
2024,다다3296,in_age_009,0
2024,다다3296,in_age_010,0
2024,다다3296,in_age_011,0
2024,다다3296,in_age_012,0
2024,다다3296,in_age_013,5
2024,다다3296,in_age_033,0
2024,다다3296,in_age_035,5
2024,다다3296,in_age_036,12
2024,다다3296,in_age_037,8
2024,다다3296,in_age_038,5
2024,다다3296,in_age_039,0
2024,다다3296,in_age_041,0
2024,다다3296,in_age_042,0
2024,다다3296,in_age_043,5
2024,다다3296,in_age_063,5
2024,다다3296,in_age_070,0
2024,다다3296,to_in_001,35
2024,다다3296,to_in_007,30
2024,다다3296,to_in_008,5
2024,다다3299,in_age_011,0
2024,다다3299,in_age_014,0
2024,다다3299,in_age_015,5
2024,다다3299,in_age_016,0
2024,다다3299,in_age_045,0
2024,다다3299,in_age_046,0
2024,다다3299,in_age_071,0
2024,다다3299,in_age_074,0
2024,다다3299,in_age_075,5
2024,다다3299,to_in_001,8
2024,다다3299,to_in_007,5
2024,다다3299,to_in_008,5
2024,다다3301,in_age_002,0
2024,다다3301,in_age_003,0
2024,다다3301,in_age_006,5
2024,다다3301,in_age_007,5
2024,다다3301,in_age_008,5
2024,다다3301,in_age_009,0
2024,다다3301,in_age_010,5
2024,다다3301,in_age_011,8
2024,다다3301,in_age_012,5
2024,다다3301,in_age_013,0
2024,다다3301,in_age_016,0
2024,다다3301,in_age_032,0
2024,다다3301,in_age_036,5
2024,다다3301,in_age_037,5
2024,다다3301,in_age_040,5
2024,다다3301,in_age_041,5
2024,다다3301,in_age_042,5
2024,다다3301,in_age_043,0
2024,다다3301,in_age_063,0
2024,다다3301,in_age_067,5
2024,다다3301,in_age_068,5
2024,다다3301,in_age_069,0
2024,다다3301,in_age_070,0
2024,다다3301,in_age_071,5
2024,다다3301,in_age_076,0
2024,다다3301,to_in_001,23
2024,다다3301,to_in_007,13
2024,다다3301,to_in_008,8
2024,다다3302,in_age_002,5
2024,다다3302,in_age_003,5
2024,다다3302,in_age_004,5
2024,다다3302,in_age_005,8
2024,다다3302,in_age_006,5
2024,다다3302,in_age_008,5
2024,다다3302,in_age_010,5
2024,다다3302,in_age_011,5
2024,다다3302,in_age_012,8
2024,다다3302,in_age_013,5
2024,다다3302,in_age_014,0
2024,다다3302,in_age_017,5
2024,다다3302,in_age_018,0
2024,다다3302,in_age_033,5
2024,다다3302,in_age_034,5
2024,다다3302,in_age_035,8
2024,다다3302,in_age_036,5
2024,다다3302,in_age_038,0
2024,다다3302,in_age_041,0
2024,다다3302,in_age_042,8
2024,다다3302,in_age_043,0
2024,다다3302,in_age_047,0
2024,다다3302,in_age_048,0
2024,다다3302,in_age_062,5
2024,다다3302,in_age_066,0
2024,다다3302,in_age_068,0
2024,다다3302,in_age_070,5
2024,다다3302,in_age_071,0
2024,다다3302,in_age_072,5
2024,다다3302,in_age_073,5
2024,다다3302,in_age_074,0
2024,다다3302,in_age_077,5
2024,다다3302,to_in_001,33
2024,다다3302,to_in_007,18
2024,다다3302,to_in_008,13
2024,다다3303,in_age_003,5
2024,다다3303,in_age_006,0
2024,다다3303,in_age_007,0
2024,다다3303,in_age_008,0
2024,다다3303,in_age_009,0
2024,다다3303,in_age_011,5
2024,다다3303,in_age_012,5
2024,다다3303,in_age_013,5
2024,다다3303,in_age_015,5
2024,다다3303,in_age_036,0
2024,다다3303,in_age_037,0
2024,다다3303,in_age_041,0
2024,다다3303,in_age_042,5
2024,다다3303,in_age_043,5
2024,다다3303,in_age_045,5
2024,다다3303,in_age_063,5
2024,다다3303,in_age_068,0
2024,다다3303,in_age_069,0
2024,다다3303,in_age_071,5
2024,다다3303,in_age_072,0
2024,다다3303,in_age_073,5
2024,다다3303,in_age_075,0
2024,다다3303,to_in_001,23
2024,다다3303,to_in_007,13
2024,다다3303,to_in_008,13
2024,다다3304,in_age_001,5
2024,다다3304,in_age_002,5
2024,다다3304,in_age_004,0
2024,다다3304,in_age_005,5
2024,다다3304,in_age_006,5
2024,다다3304,in_age_007,5
2024,다다3304,in_age_008,5
2024,다다3304,in_age_009,8
2024,다다3304,in_age_010,13
2024,다다3304,in_age_011,5
2024,다다3304,in_age_012,5
2024,다다3304,in_age_013,0
2024,다다3304,in_age_014,5
2024,다다3304,in_age_015,8
2024,다다3304,in_age_018,0
2024,다다3304,in_age_031,5
2024,다다3304,in_age_032,5
2024,다다3304,in_age_035,5
2024,다다3304,in_age_036,5
2024,다다3304,in_age_037,5
2024,다다3304,in_age_038,5
2024,다다3304,in_age_039,5
2024,다다3304,in_age_040,8
2024,다다3304,in_age_041,5
2024,다다3304,in_age_042,5
2024,다다3304,in_age_044,0
2024,다다3304,in_age_045,5
2024,다다3304,in_age_064,0
2024,다다3304,in_age_065,0
2024,다다3304,in_age_067,5
2024,다다3304,in_age_068,0
2024,다다3304,in_age_069,5
2024,다다3304,in_age_070,5
2024,다다3304,in_age_071,0
2024,다다3304,in_age_072,5
2024,다다3304,in_age_073,0
2024,다다3304,in_age_074,0
2024,다다3304,in_age_075,5
2024,다다3304,in_age_078,0
2024,다다3304,to_in_001,63
2024,다다3304,to_in_007,43
2024,다다3304,to_in_008,23
2024,다다3305,in_age_002,0
2024,다다3305,in_age_003,5
2024,다다3305,in_age_004,0
2024,다다3305,in_age_007,5
2024,다다3305,in_age_008,5
2024,다다3305,in_age_009,5
2024,다다3305,in_age_010,5
2024,다다3305,in_age_011,0
2024,다다3305,in_age_012,5
2024,다다3305,in_age_013,8
2024,다다3305,in_age_014,5
2024,다다3305,in_age_033,0
2024,다다3305,in_age_037,5
2024,다다3305,in_age_038,0
2024,다다3305,in_age_039,5
2024,다다3305,in_age_040,5
2024,다다3305,in_age_041,0
2024,다다3305,in_age_042,0
2024,다다3305,in_age_043,8
2024,다다3305,in_age_062,0
2024,다다3305,in_age_063,5
2024,다다3305,in_age_064,0
2024,다다3305,in_age_067,0
2024,다다3305,in_age_068,5
2024,다다3305,in_age_069,0
2024,다다3305,in_age_070,5
2024,다다3305,in_age_072,5
2024,다다3305,in_age_073,5
2024,다다3305,in_age_074,5
2024,다다3305,to_in_001,33
2024,다다3305,to_in_007,13
2024,다다3305,to_in_008,18
2024,다다3306,in_age_001,0
2024,다다3306,in_age_004,0
2024,다다3306,in_age_006,8
2024,다다3306,in_age_008,5
2024,다다3306,in_age_010,0
2024,다다3306,in_age_011,0
2024,다다3306,in_age_012,5
2024,다다3306,in_age_013,5
2024,다다3306,in_age_014,8
2024,다다3306,in_age_015,0
2024,다다3306,in_age_016,5
2024,다다3306,in_age_034,0
2024,다다3306,in_age_036,8
2024,다다3306,in_age_038,0
2024,다다3306,in_age_041,0
2024,다다3306,in_age_042,0
2024,다다3306,in_age_043,0
2024,다다3306,in_age_044,5
2024,다다3306,in_age_046,0
2024,다다3306,in_age_061,0
2024,다다3306,in_age_068,5
2024,다다3306,in_age_070,0
2024,다다3306,in_age_072,5
2024,다다3306,in_age_073,0
2024,다다3306,in_age_074,5
2024,다다3306,in_age_075,0
2024,다다3306,in_age_076,0
2024,다다3306,to_in_001,23
2024,다다3306,to_in_007,13
2024,다다3306,to_in_008,13
2024,다다3307,in_age_001,0
2024,다다3307,in_age_002,0
2024,다다3307,in_age_004,0
2024,다다3307,in_age_005,5
2024,다다3307,in_age_007,5
2024,다다3307,in_age_008,5
2024,다다3307,in_age_010,0
2024,다다3307,in_age_012,0
2024,다다3307,in_age_031,0
2024,다다3307,in_age_032,0
2024,다다3307,in_age_034,0
2024,다다3307,in_age_035,5
2024,다다3307,in_age_037,5
2024,다다3307,in_age_038,5
2024,다다3307,in_age_040,0
2024,다다3307,in_age_042,0
2024,다다3307,in_age_067,5
2024,다다3307,to_in_001,13
2024,다다3307,to_in_007,13
2024,다다3307,to_in_008,5
2024,다다3381,in_age_014,5
2024,다다3381,in_age_015,0
2024,다다3381,in_age_016,0
2024,다다3381,in_age_017,5
2024,다다3381,in_age_044,5
2024,다다3381,in_age_045,0
2024,다다3381,in_age_046,0
2024,다다3381,in_age_077,5
2024,다다3381,to_in_001,8
2024,다다3381,to_in_007,5
2024,다다3381,to_in_008,5
2024,다다3392,in_age_007,0
2024,다다3392,in_age_012,0
2024,다다3392,in_age_013,5
2024,다다3392,in_age_037,0
2024,다다3392,in_age_043,5
2024,다다3392,in_age_072,0
2024,다다3392,to_in_001,5
2024,다다3392,to_in_007,5
2024,다다3392,to_in_008,0
2024,다다3393,in_age_002,5
2024,다다3393,in_age_003,5
2024,다다3393,in_age_004,0
2024,다다3393,in_age_006,5
2024,다다3393,in_age_009,8
2024,다다3393,in_age_010,5
2024,다다3393,in_age_011,8
2024,다다3393,in_age_012,5
2024,다다3393,in_age_013,5
2024,다다3393,in_age_014,5
2024,다다3393,in_age_015,5
2024,다다3393,in_age_016,5
2024,다다3393,in_age_017,0
2024,다다3393,in_age_018,0
2024,다다3393,in_age_032,5
2024,다다3393,in_age_033,0
2024,다다3393,in_age_036,5
2024,다다3393,in_age_039,8
2024,다다3393,in_age_040,5
2024,다다3393,in_age_041,5
2024,다다3393,in_age_042,0
2024,다다3393,in_age_043,5
2024,다다3393,in_age_044,0
2024,다다3393,in_age_046,5
2024,다다3393,in_age_047,0
2024,다다3393,in_age_063,0
2024,다다3393,in_age_064,0
2024,다다3393,in_age_066,0
2024,다다3393,in_age_069,0
2024,다다3393,in_age_071,5
2024,다다3393,in_age_072,5
2024,다다3393,in_age_073,0
2024,다다3393,in_age_074,5
2024,다다3393,in_age_075,5
2024,다다3393,in_age_076,0
2024,다다3393,in_age_078,0
2024,다다3393,to_in_001,38
2024,다다3393,to_in_007,23
2024,다다3393,to_in_008,13
2024,다다3394,in_age_013,0
2024,다다3394,in_age_014,0
2024,다다3394,in_age_044,0
2024,다다3394,in_age_073,0
2024,다다3394,to_in_001,5
2024,다다3394,to_in_007,0
2024,다다3394,to_in_008,0
2024,다다3395,in_age_001,5
2024,다다3395,in_age_003,5
2024,다다3395,in_age_005,5
2024,다다3395,in_age_006,5
2024,다다3395,in_age_007,5
2024,다다3395,in_age_008,5
2024,다다3395,in_age_009,5
2024,다다3395,in_age_010,5
2024,다다3395,in_age_012,0
2024,다다3395,in_age_013,5
2024,다다3395,in_age_014,8
2024,다다3395,in_age_031,0
2024,다다3395,in_age_033,0
2024,다다3395,in_age_036,5
2024,다다3395,in_age_037,5
2024,다다3395,in_age_038,5
2024,다다3395,in_age_039,5
2024,다다3395,in_age_040,5
2024,다다3395,in_age_042,0
2024,다다3395,in_age_043,0
2024,다다3395,in_age_044,5
2024,다다3395,in_age_061,0
2024,다다3395,in_age_063,0
2024,다다3395,in_age_065,5
2024,다다3395,in_age_069,0
2024,다다3395,in_age_073,0
2024,다다3395,in_age_074,5
2024,다다3395,to_in_001,23
2024,다다3395,to_in_007,18
2024,다다3395,to_in_008,8
2024,다다3396,in_age_005,5
2024,다다3396,in_age_006,8
2024,다다3396,in_age_007,13
2024,다다3396,in_age_008,5
2024,다다3396,in_age_009,5
2024,다다3396,in_age_010,8
2024,다다3396,in_age_012,8
2024,다다3396,in_age_013,8
2024,다다3396,in_age_014,5
2024,다다3396,in_age_035,5
2024,다다3396,in_age_036,8
2024,다다3396,in_age_037,13
2024,다다3396,in_age_038,5
2024,다다3396,in_age_039,5
2024,다다3396,in_age_040,8
2024,다다3396,in_age_042,5
2024,다다3396,in_age_043,5
2024,다다3396,in_age_044,5
2024,다다3396,in_age_070,0
2024,다다3396,in_age_072,5
2024,다다3396,in_age_073,5
2024,다다3396,to_in_001,48
2024,다다3396,to_in_007,43
2024,다다3396,to_in_008,8
2024,다다3397,in_age_001,8
2024,다다3397,in_age_002,8
2024,다다3397,in_age_003,5
2024,다다3397,in_age_004,5
2024,다다3397,in_age_005,5
2024,다다3397,in_age_006,13
2024,다다3397,in_age_007,11
2024,다다3397,in_age_008,13
2024,다다3397,in_age_009,13
2024,다다3397,in_age_010,13
2024,다다3397,in_age_011,13
2024,다다3397,in_age_012,13
2024,다다3397,in_age_013,18
2024,다다3397,in_age_014,23
2024,다다3397,in_age_015,23
2024,다다3397,in_age_016,23
2024,다다3397,in_age_017,33
2024,다다3397,in_age_018,18
2024,다다3397,in_age_019,8
2024,다다3397,in_age_020,5
2024,다다3397,in_age_032,5
2024,다다3397,in_age_033,5
2024,다다3397,in_age_034,5
2024,다다3397,in_age_035,5
2024,다다3397,in_age_036,13
2024,다다3397,in_age_037,11
2024,다다3397,in_age_038,13
2024,다다3397,in_age_039,13
2024,다다3397,in_age_040,8
2024,다다3397,in_age_041,8
2024,다다3397,in_age_042,13
2024,다다3397,in_age_043,8
2024,다다3397,in_age_044,13
2024,다다3397,in_age_045,8
2024,다다3397,in_age_046,8
2024,다다3397,in_age_047,13
2024,다다3397,in_age_048,8
2024,다다3397,in_age_061,8
2024,다다3397,in_age_062,5
2024,다다3397,in_age_063,0
2024,다다3397,in_age_064,0
2024,다다3397,in_age_065,0
2024,다다3397,in_age_066,5
2024,다다3397,in_age_067,5
2024,다다3397,in_age_068,0
2024,다다3397,in_age_069,5
2024,다다3397,in_age_070,5
2024,다다3397,in_age_071,5
2024,다다3397,in_age_072,8
2024,다다3397,in_age_073,8
2024,다다3397,in_age_074,13
2024,다다3397,in_age_075,13
2024,다다3397,in_age_076,13
2024,다다3397,in_age_077,18
2024,다다3397,in_age_078,13
2024,다다3397,in_age_079,8
2024,다다3397,in_age_080,5
2024,다다3397,to_in_001,259
2024,다다3397,to_in_007,139
2024,다다3397,to_in_008,118
2024,다다3398,in_age_001,8
2024,다다3398,in_age_002,5
2024,다다3398,in_age_003,5
2024,다다3398,in_age_004,0
2024,다다3398,in_age_005,0
2024,다다3398,in_age_006,5
2024,다다3398,in_age_007,8
2024,다다3398,in_age_008,11
2024,다다3398,in_age_009,5
2024,다다3398,in_age_010,5
2024,다다3398,in_age_011,8
2024,다다3398,in_age_012,8
2024,다다3398,in_age_013,5
2024,다다3398,in_age_014,8
2024,다다3398,in_age_015,8
2024,다다3398,in_age_016,8
2024,다다3398,in_age_017,8
2024,다다3398,in_age_018,5
2024,다다3398,in_age_019,8
2024,다다3398,in_age_021,5
2024,다다3398,in_age_031,5
2024,다다3398,in_age_033,0
2024,다다3398,in_age_034,0
2024,다다3398,in_age_035,0
2024,다다3398,in_age_036,5
2024,다다3398,in_age_037,8
2024,다다3398,in_age_038,6
2024,다다3398,in_age_039,5
2024,다다3398,in_age_040,0
2024,다다3398,in_age_041,8
2024,다다3398,in_age_042,5
2024,다다3398,in_age_043,0
2024,다다3398,in_age_044,5
2024,다다3398,in_age_045,0
2024,다다3398,in_age_046,5
2024,다다3398,in_age_047,0
2024,다다3398,in_age_048,5
2024,다다3398,in_age_049,5
2024,다다3398,in_age_061,5
2024,다다3398,in_age_062,5
2024,다다3398,in_age_063,0
2024,다다3398,in_age_068,5
2024,다다3398,in_age_070,0
2024,다다3398,in_age_071,0
2024,다다3398,in_age_072,5
2024,다다3398,in_age_073,0
2024,다다3398,in_age_074,5
2024,다다3398,in_age_075,5
2024,다다3398,in_age_076,5
2024,다다3398,in_age_077,8
2024,다다3398,in_age_078,5
2024,다다3398,in_age_079,8
2024,다다3398,in_age_081,5
2024,다다3398,to_in_001,84
2024,다다3398,to_in_007,49
2024,다다3398,to_in_008,33
2024,다다3399,in_age_004,5
2024,다다3399,in_age_005,5
2024,다다3399,in_age_006,0
2024,다다3399,in_age_007,8
2024,다다3399,in_age_008,0
2024,다다3399,in_age_010,5
2024,다다3399,in_age_011,5
2024,다다3399,in_age_012,5
2024,다다3399,in_age_013,5
2024,다다3399,in_age_014,13
2024,다다3399,in_age_015,8
2024,다다3399,in_age_016,13
2024,다다3399,in_age_017,13
2024,다다3399,in_age_018,5
2024,다다3399,in_age_019,5
2024,다다3399,in_age_035,0
2024,다다3399,in_age_036,0
2024,다다3399,in_age_037,8
2024,다다3399,in_age_038,0
2024,다다3399,in_age_040,0
2024,다다3399,in_age_041,0
2024,다다3399,in_age_042,5
2024,다다3399,in_age_043,5
2024,다다3399,in_age_044,5
2024,다다3399,in_age_045,8
2024,다다3399,in_age_046,8
2024,다다3399,in_age_047,5
2024,다다3399,in_age_048,5
2024,다다3399,in_age_064,5
2024,다다3399,in_age_065,0
2024,다다3399,in_age_070,5
2024,다다3399,in_age_071,5
2024,다다3399,in_age_072,5
2024,다다3399,in_age_073,0
2024,다다3399,in_age_074,8
2024,다다3399,in_age_075,5
2024,다다3399,in_age_076,8
2024,다다3399,in_age_077,8
2024,다다3399,in_age_078,5
2024,다다3399,in_age_079,5
2024,다다3399,to_in_001,78
2024,다다3399,to_in_007,38
2024,다다3399,to_in_008,43
2024,다다3400,in_age_002,5
2024,다다3400,in_age_005,0
2024,다다3400,in_age_006,0
2024,다다3400,in_age_007,0
2024,다다3400,in_age_008,0
2024,다다3400,in_age_012,5
2024,다다3400,in_age_013,0
2024,다다3400,in_age_035,0
2024,다다3400,in_age_038,0
2024,다다3400,in_age_042,0
2024,다다3400,in_age_043,0
2024,다다3400,in_age_062,5
2024,다다3400,in_age_066,0
2024,다다3400,in_age_067,0
2024,다다3400,in_age_072,0
2024,다다3400,to_in_001,8
2024,다다3400,to_in_007,5
2024,다다3400,to_in_008,5
2024,다다3403,in_age_010,5
2024,다다3403,in_age_013,0
2024,다다3403,in_age_015,0
2024,다다3403,in_age_040,5
2024,다다3403,in_age_043,0
2024,다다3403,in_age_045,0
2024,다다3403,to_in_001,5
2024,다다3403,to_in_007,5
2024,다다3403,to_in_008,0
2024,다다3404,in_age_001,5
2024,다다3404,in_age_005,5
2024,다다3404,in_age_006,13
2024,다다3404,in_age_007,5
2024,다다3404,in_age_008,5
2024,다다3404,in_age_009,5
2024,다다3404,in_age_010,5
2024,다다3404,in_age_011,5
2024,다다3404,in_age_012,8
2024,다다3404,in_age_013,13
2024,다다3404,in_age_014,8
2024,다다3404,in_age_015,5
2024,다다3404,in_age_016,0
2024,다다3404,in_age_017,0
2024,다다3404,in_age_031,5
2024,다다3404,in_age_035,5
2024,다다3404,in_age_036,8
2024,다다3404,in_age_037,0
2024,다다3404,in_age_038,5
2024,다다3404,in_age_039,0
2024,다다3404,in_age_040,5
2024,다다3404,in_age_041,5
2024,다다3404,in_age_042,5
2024,다다3404,in_age_043,8
2024,다다3404,in_age_044,8
2024,다다3404,in_age_045,0
2024,다다3404,in_age_061,0
2024,다다3404,in_age_066,5
2024,다다3404,in_age_067,5
2024,다다3404,in_age_068,0
2024,다다3404,in_age_069,0
2024,다다3404,in_age_071,5
2024,다다3404,in_age_072,8
2024,다다3404,in_age_073,8
2024,다다3404,in_age_074,5
2024,다다3404,in_age_075,5
2024,다다3404,in_age_076,0
2024,다다3404,in_age_077,0
2024,다다3404,to_in_001,63
2024,다다3404,to_in_007,33
2024,다다3404,to_in_008,28
2024,다다3405,in_age_001,8
2024,다다3405,in_age_002,0
2024,다다3405,in_age_003,5
2024,다다3405,in_age_007,0
2024,다다3405,in_age_009,5
2024,다다3405,in_age_010,8
2024,다다3405,in_age_011,5
2024,다다3405,in_age_012,5
2024,다다3405,in_age_013,8
2024,다다3405,in_age_014,8
2024,다다3405,in_age_015,5
2024,다다3405,in_age_016,0
2024,다다3405,in_age_017,0
2024,다다3405,in_age_031,5
2024,다다3405,in_age_033,0
2024,다다3405,in_age_037,0
2024,다다3405,in_age_040,8
2024,다다3405,in_age_042,5
2024,다다3405,in_age_043,5
2024,다다3405,in_age_044,5
2024,다다3405,in_age_045,5
2024,다다3405,in_age_046,0
2024,다다3405,in_age_061,5
2024,다다3405,in_age_062,0
2024,다다3405,in_age_063,5
2024,다다3405,in_age_069,5
2024,다다3405,in_age_070,0
2024,다다3405,in_age_071,5
2024,다다3405,in_age_072,0
2024,다다3405,in_age_073,8
2024,다다3405,in_age_074,8
2024,다다3405,in_age_075,0
2024,다다3405,in_age_077,0
2024,다다3405,to_in_001,48
2024,다다3405,to_in_007,28
2024,다다3405,to_in_008,23
2024,다다3406,in_age_001,5
2024,다다3406,in_age_002,5
2024,다다3406,in_age_003,8
2024,다다3406,in_age_004,5
2024,다다3406,in_age_005,5
2024,다다3406,in_age_006,8
2024,다다3406,in_age_007,8
2024,다다3406,in_age_008,5
2024,다다3406,in_age_009,8
2024,다다3406,in_age_010,5
2024,다다3406,in_age_011,13
2024,다다3406,in_age_012,8
2024,다다3406,in_age_013,8
2024,다다3406,in_age_014,5
2024,다다3406,in_age_015,5
2024,다다3406,in_age_016,5
2024,다다3406,in_age_018,5
2024,다다3406,in_age_019,5
2024,다다3406,in_age_031,0
2024,다다3406,in_age_032,0
2024,다다3406,in_age_033,8
2024,다다3406,in_age_035,5
2024,다다3406,in_age_036,5
2024,다다3406,in_age_037,0
2024,다다3406,in_age_038,5
2024,다다3406,in_age_039,5
2024,다다3406,in_age_040,5
2024,다다3406,in_age_041,5
2024,다다3406,in_age_042,5
2024,다다3406,in_age_043,5
2024,다다3406,in_age_044,5
2024,다다3406,in_age_046,5
2024,다다3406,in_age_048,0
2024,다다3406,in_age_061,5
2024,다다3406,in_age_062,0
2024,다다3406,in_age_063,0
2024,다다3406,in_age_064,5
2024,다다3406,in_age_066,8
2024,다다3406,in_age_067,8
2024,다다3406,in_age_068,0
2024,다다3406,in_age_069,5
2024,다다3406,in_age_070,5
2024,다다3406,in_age_071,8
2024,다다3406,in_age_072,5
2024,다다3406,in_age_073,5
2024,다다3406,in_age_074,5
2024,다다3406,in_age_075,5
2024,다다3406,in_age_076,5
2024,다다3406,in_age_078,0
2024,다다3406,in_age_079,5
2024,다다3406,to_in_001,78
2024,다다3406,to_in_007,33
2024,다다3406,to_in_008,43
2024,다다3407,in_age_001,8
2024,다다3407,in_age_002,8
2024,다다3407,in_age_003,23
2024,다다3407,in_age_004,18
2024,다다3407,in_age_005,18
2024,다다3407,in_age_006,28
2024,다다3407,in_age_007,43
2024,다다3407,in_age_008,33
2024,다다3407,in_age_009,58
2024,다다3407,in_age_010,48
2024,다다3407,in_age_011,53
2024,다다3407,in_age_012,53
2024,다다3407,in_age_013,55
2024,다다3407,in_age_014,48
2024,다다3407,in_age_015,33
2024,다다3407,in_age_016,33
2024,다다3407,in_age_017,33
2024,다다3407,in_age_018,18
2024,다다3407,in_age_019,8
2024,다다3407,in_age_031,5
2024,다다3407,in_age_032,5
2024,다다3407,in_age_033,13
2024,다다3407,in_age_034,13
2024,다다3407,in_age_035,8
2024,다다3407,in_age_036,23
2024,다다3407,in_age_037,18
2024,다다3407,in_age_038,13
2024,다다3407,in_age_039,28
2024,다다3407,in_age_040,23
2024,다다3407,in_age_041,33
2024,다다3407,in_age_042,23
2024,다다3407,in_age_043,40
2024,다다3407,in_age_044,23
2024,다다3407,in_age_045,13
2024,다다3407,in_age_046,18
2024,다다3407,in_age_047,8
2024,다다3407,in_age_048,8
2024,다다3407,in_age_049,5
2024,다다3407,in_age_061,5
2024,다다3407,in_age_062,8
2024,다다3407,in_age_063,13
2024,다다3407,in_age_064,8
2024,다다3407,in_age_065,13
2024,다다3407,in_age_066,8
2024,다다3407,in_age_067,23
2024,다다3407,in_age_068,18
2024,다다3407,in_age_069,28
2024,다다3407,in_age_070,23
2024,다다3407,in_age_071,18
2024,다다3407,in_age_072,28
2024,다다3407,in_age_073,13
2024,다다3407,in_age_074,28
2024,다다3407,in_age_075,23
2024,다다3407,in_age_076,18
2024,다다3407,in_age_077,28
2024,다다3407,in_age_078,13
2024,다다3407,in_age_079,8
2024,다다3407,to_in_001,620
2024,다다3407,to_in_007,310
2024,다다3407,to_in_008,313
2024,다다3492,in_age_017,0
2024,다다3492,in_age_077,0
2024,다다3492,to_in_001,0
2024,다다3492,to_in_007,0
2024,다다3492,to_in_008,0
2024,다다3493,in_age_012,0
2024,다다3493,in_age_013,5
2024,다다3493,in_age_015,0
2024,다다3493,in_age_016,0
2024,다다3493,in_age_017,5
2024,다다3493,in_age_043,5
2024,다다3493,in_age_045,0
2024,다다3493,in_age_046,0
2024,다다3493,in_age_072,0
2024,다다3493,in_age_077,5
2024,다다3493,to_in_001,8
2024,다다3493,to_in_007,5
2024,다다3493,to_in_008,5
2024,다다3494,in_age_001,5
2024,다다3494,in_age_002,5
2024,다다3494,in_age_003,8
2024,다다3494,in_age_004,5
2024,다다3494,in_age_005,5
2024,다다3494,in_age_006,18
2024,다다3494,in_age_007,8
2024,다다3494,in_age_008,8
2024,다다3494,in_age_009,13
2024,다다3494,in_age_010,8
2024,다다3494,in_age_011,23
2024,다다3494,in_age_012,23
2024,다다3494,in_age_013,23
2024,다다3494,in_age_014,33
2024,다다3494,in_age_015,23
2024,다다3494,in_age_016,28
2024,다다3494,in_age_017,18
2024,다다3494,in_age_018,8
2024,다다3494,in_age_019,5
2024,다다3494,in_age_020,5
2024,다다3494,in_age_021,0
2024,다다3494,in_age_031,0
2024,다다3494,in_age_033,5
2024,다다3494,in_age_034,5
2024,다다3494,in_age_035,5
2024,다다3494,in_age_036,13
2024,다다3494,in_age_037,8
2024,다다3494,in_age_038,5
2024,다다3494,in_age_039,8
2024,다다3494,in_age_040,8
2024,다다3494,in_age_041,13
2024,다다3494,in_age_042,13
2024,다다3494,in_age_043,13
2024,다다3494,in_age_044,18
2024,다다3494,in_age_045,13
2024,다다3494,in_age_046,8
2024,다다3494,in_age_047,8
2024,다다3494,in_age_048,5
2024,다다3494,in_age_050,0
2024,다다3494,in_age_051,0
2024,다다3494,in_age_061,0
2024,다다3494,in_age_062,5
2024,다다3494,in_age_063,8
2024,다다3494,in_age_064,0
2024,다다3494,in_age_066,5
2024,다다3494,in_age_067,0
2024,다다3494,in_age_068,5
2024,다다3494,in_age_069,5
2024,다다3494,in_age_070,0
2024,다다3494,in_age_071,8
2024,다다3494,in_age_072,8
2024,다다3494,in_age_073,13
2024,다다3494,in_age_074,13
2024,다다3494,in_age_075,13
2024,다다3494,in_age_076,18
2024,다다3494,in_age_077,13
2024,다다3494,in_age_078,8
2024,다다3494,in_age_079,5
2024,다다3494,in_age_080,0
2024,다다3494,to_in_001,248
2024,다다3494,to_in_007,138
2024,다다3494,to_in_008,108
2024,다다3497,in_age_005,0
2024,다다3497,in_age_006,0
2024,다다3497,in_age_007,0
2024,다다3497,in_age_008,8
2024,다다3497,in_age_009,0
2024,다다3497,in_age_013,0
2024,다다3497,in_age_016,0
2024,다다3497,in_age_017,5
2024,다다3497,in_age_018,0
2024,다다3497,in_age_035,0
2024,다다3497,in_age_036,0
2024,다다3497,in_age_037,0
2024,다다3497,in_age_038,8
2024,다다3497,in_age_039,0
2024,다다3497,in_age_047,5
2024,다다3497,in_age_073,0
2024,다다3497,in_age_076,0
2024,다다3497,in_age_077,0
2024,다다3497,in_age_078,0
2024,다다3497,to_in_001,21
2024,다다3497,to_in_007,16
2024,다다3497,to_in_008,5
2024,다다3498,in_age_001,5
2024,다다3498,in_age_002,5
2024,다다3498,in_age_003,0
2024,다다3498,in_age_004,0
2024,다다3498,in_age_005,0
2024,다다3498,in_age_006,8
2024,다다3498,in_age_007,14
2024,다다3498,in_age_008,13
2024,다다3498,in_age_009,8
2024,다다3498,in_age_010,8
2024,다다3498,in_age_011,8
2024,다다3498,in_age_012,8
2024,다다3498,in_age_013,13
2024,다다3498,in_age_014,13
2024,다다3498,in_age_015,8
2024,다다3498,in_age_016,8
2024,다다3498,in_age_017,8
2024,다다3498,in_age_018,8
2024,다다3498,in_age_019,5
2024,다다3498,in_age_031,5
2024,다다3498,in_age_032,0
2024,다다3498,in_age_033,0
2024,다다3498,in_age_034,0
2024,다다3498,in_age_035,0
2024,다다3498,in_age_036,8
2024,다다3498,in_age_037,14
2024,다다3498,in_age_038,13
2024,다다3498,in_age_039,5
2024,다다3498,in_age_040,8
2024,다다3498,in_age_041,5
2024,다다3498,in_age_042,5
2024,다다3498,in_age_043,5
2024,다다3498,in_age_044,8
2024,다다3498,in_age_045,8
2024,다다3498,in_age_046,8
2024,다다3498,in_age_047,5
2024,다다3498,in_age_048,0
2024,다다3498,in_age_049,0
2024,다다3498,in_age_062,5
2024,다다3498,in_age_067,0
2024,다다3498,in_age_068,0
2024,다다3498,in_age_069,5
2024,다다3498,in_age_070,5
2024,다다3498,in_age_071,5
2024,다다3498,in_age_072,5
2024,다다3498,in_age_073,8
2024,다다3498,in_age_074,8
2024,다다3498,in_age_075,5
2024,다다3498,in_age_076,5
2024,다다3498,in_age_077,5
2024,다다3498,in_age_078,5
2024,다다3498,in_age_079,5
2024,다다3498,to_in_001,129
2024,다다3498,to_in_007,79
2024,다다3498,to_in_008,48
2024,다다3499,in_age_003,5
2024,다다3499,in_age_004,0
2024,다다3499,in_age_005,0
2024,다다3499,in_age_006,5
2024,다다3499,in_age_007,0
2024,다다3499,in_age_008,0
2024,다다3499,in_age_009,5
2024,다다3499,in_age_010,8
2024,다다3499,in_age_011,5
2024,다다3499,in_age_012,8
2024,다다3499,in_age_013,13
2024,다다3499,in_age_014,5
2024,다다3499,in_age_015,8
2024,다다3499,in_age_016,5
2024,다다3499,in_age_017,13
2024,다다3499,in_age_018,5
2024,다다3499,in_age_019,0
2024,다다3499,in_age_020,0
2024,다다3499,in_age_033,5
2024,다다3499,in_age_034,0
2024,다다3499,in_age_035,0
2024,다다3499,in_age_036,5
2024,다다3499,in_age_037,0
2024,다다3499,in_age_038,0
2024,다다3499,in_age_040,5
2024,다다3499,in_age_041,5
2024,다다3499,in_age_042,5
2024,다다3499,in_age_043,8
2024,다다3499,in_age_044,5
2024,다다3499,in_age_045,5
2024,다다3499,in_age_046,5
2024,다다3499,in_age_047,5
2024,다다3499,in_age_048,0
2024,다다3499,in_age_049,0
2024,다다3499,in_age_063,0
2024,다다3499,in_age_069,5
2024,다다3499,in_age_070,5
2024,다다3499,in_age_071,5
2024,다다3499,in_age_072,5
2024,다다3499,in_age_073,5
2024,다다3499,in_age_074,5
2024,다다3499,in_age_075,8
2024,다다3499,in_age_076,5
2024,다다3499,in_age_077,8
2024,다다3499,in_age_078,0
2024,다다3499,in_age_080,0
2024,다다3499,to_in_001,73
2024,다다3499,to_in_007,38
2024,다다3499,to_in_008,33
2024,다다3500,in_age_001,0
2024,다다3500,in_age_002,5
2024,다다3500,in_age_003,5
2024,다다3500,in_age_004,0
2024,다다3500,in_age_005,0
2024,다다3500,in_age_006,5
2024,다다3500,in_age_007,5
2024,다다3500,in_age_008,8
2024,다다3500,in_age_009,8
2024,다다3500,in_age_010,5
2024,다다3500,in_age_011,8
2024,다다3500,in_age_012,5
2024,다다3500,in_age_013,8
2024,다다3500,in_age_014,5
2024,다다3500,in_age_015,5
2024,다다3500,in_age_016,0
2024,다다3500,in_age_017,5
2024,다다3500,in_age_019,0
2024,다다3500,in_age_031,0
2024,다다3500,in_age_032,0
2024,다다3500,in_age_033,5
2024,다다3500,in_age_036,5
2024,다다3500,in_age_037,0
2024,다다3500,in_age_039,8
2024,다다3500,in_age_040,5
2024,다다3500,in_age_041,5
2024,다다3500,in_age_042,5
2024,다다3500,in_age_043,5
2024,다다3500,in_age_044,5
2024,다다3500,in_age_045,0
2024,다다3500,in_age_046,0
2024,다다3500,in_age_062,0
2024,다다3500,in_age_063,0
2024,다다3500,in_age_064,0
2024,다다3500,in_age_065,0
2024,다다3500,in_age_066,5
2024,다다3500,in_age_067,5
2024,다다3500,in_age_068,8
2024,다다3500,in_age_069,5
2024,다다3500,in_age_070,5
2024,다다3500,in_age_071,8
2024,다다3500,in_age_072,5
2024,다다3500,in_age_073,5
2024,다다3500,in_age_074,0
2024,다다3500,in_age_075,0
2024,다다3500,in_age_077,5
2024,다다3500,in_age_079,0
2024,다다3500,to_in_001,63
2024,다다3500,to_in_007,28
2024,다다3500,to_in_008,38
2024,다다3504,in_age_005,5
2024,다다3504,in_age_006,5
2024,다다3504,in_age_007,8
2024,다다3504,in_age_008,0
2024,다다3504,in_age_011,5
2024,다다3504,in_age_012,5
2024,다다3504,in_age_013,0
2024,다다3504,in_age_035,5
2024,다다3504,in_age_036,0
2024,다다3504,in_age_037,5
2024,다다3504,in_age_038,0
2024,다다3504,in_age_041,5
2024,다다3504,in_age_043,0
2024,다다3504,in_age_066,5
2024,다다3504,in_age_067,5
2024,다다3504,in_age_071,0
2024,다다3504,in_age_072,5
2024,다다3504,to_in_001,18
2024,다다3504,to_in_007,13
2024,다다3504,to_in_008,8
2024,다다3505,in_age_005,0
2024,다다3505,in_age_007,5
2024,다다3505,in_age_011,0
2024,다다3505,in_age_012,5
2024,다다3505,in_age_013,5
2024,다다3505,in_age_014,0
2024,다다3505,in_age_016,0
2024,다다3505,in_age_035,0
2024,다다3505,in_age_037,5
2024,다다3505,in_age_041,0
2024,다다3505,in_age_042,0
2024,다다3505,in_age_043,0
2024,다다3505,in_age_044,0
2024,다다3505,in_age_072,0
2024,다다3505,in_age_073,0
2024,다다3505,in_age_076,0
2024,다다3505,to_in_001,8
2024,다다3505,to_in_007,8
2024,다다3505,to_in_008,5
2024,다다3506,in_age_001,8
2024,다다3506,in_age_002,5
2024,다다3506,in_age_003,8
2024,다다3506,in_age_004,8
2024,다다3506,in_age_005,8
2024,다다3506,in_age_006,8
2024,다다3506,in_age_007,13
2024,다다3506,in_age_008,13
2024,다다3506,in_age_009,13
2024,다다3506,in_age_010,8
2024,다다3506,in_age_011,23
2024,다다3506,in_age_012,23
2024,다다3506,in_age_013,18
2024,다다3506,in_age_014,18
2024,다다3506,in_age_015,5
2024,다다3506,in_age_016,8
2024,다다3506,in_age_017,13
2024,다다3506,in_age_018,8
2024,다다3506,in_age_019,5
2024,다다3506,in_age_031,5
2024,다다3506,in_age_032,0
2024,다다3506,in_age_033,8
2024,다다3506,in_age_034,5
2024,다다3506,in_age_035,5
2024,다다3506,in_age_036,5
2024,다다3506,in_age_037,8
2024,다다3506,in_age_038,5
2024,다다3506,in_age_039,8
2024,다다3506,in_age_040,5
2024,다다3506,in_age_041,18
2024,다다3506,in_age_042,13
2024,다다3506,in_age_043,13
2024,다다3506,in_age_044,8
2024,다다3506,in_age_045,5
2024,다다3506,in_age_046,5
2024,다다3506,in_age_047,5
2024,다다3506,in_age_048,5
2024,다다3506,in_age_049,5
2024,다다3506,in_age_061,5
2024,다다3506,in_age_062,5
2024,다다3506,in_age_063,5
2024,다다3506,in_age_064,8
2024,다다3506,in_age_065,8
2024,다다3506,in_age_066,5
2024,다다3506,in_age_067,5
2024,다다3506,in_age_068,8
2024,다다3506,in_age_069,5
2024,다다3506,in_age_070,8
2024,다다3506,in_age_071,8
2024,다다3506,in_age_072,13
2024,다다3506,in_age_073,8
2024,다다3506,in_age_074,8
2024,다다3506,in_age_075,5
2024,다다3506,in_age_076,5
2024,다다3506,in_age_077,8
2024,다다3506,in_age_078,5
2024,다다3506,in_age_079,0
2024,다다3506,to_in_001,208
2024,다다3506,to_in_007,113
2024,다다3506,to_in_008,98
2024,다다3507,in_age_001,8
2024,다다3507,in_age_002,13
2024,다다3507,in_age_003,13
2024,다다3507,in_age_004,18
2024,다다3507,in_age_005,29
2024,다다3507,in_age_006,13
2024,다다3507,in_age_007,28
2024,다다3507,in_age_008,18
2024,다다3507,in_age_009,33
2024,다다3507,in_age_010,33
2024,다다3507,in_age_011,48
2024,다다3507,in_age_012,43
2024,다다3507,in_age_013,38
2024,다다3507,in_age_014,23
2024,다다3507,in_age_015,23
2024,다다3507,in_age_016,23
2024,다다3507,in_age_017,28
2024,다다3507,in_age_018,23
2024,다다3507,in_age_019,13
2024,다다3507,in_age_020,5
2024,다다3507,in_age_031,8
2024,다다3507,in_age_032,5
2024,다다3507,in_age_033,13
2024,다다3507,in_age_034,8
2024,다다3507,in_age_035,14
2024,다다3507,in_age_036,8
2024,다다3507,in_age_037,18
2024,다다3507,in_age_038,8
2024,다다3507,in_age_039,18
2024,다다3507,in_age_040,18
2024,다다3507,in_age_041,28
2024,다다3507,in_age_042,23
2024,다다3507,in_age_043,18
2024,다다3507,in_age_044,13
2024,다다3507,in_age_045,8
2024,다다3507,in_age_046,8
2024,다다3507,in_age_047,8
2024,다다3507,in_age_048,8
2024,다다3507,in_age_049,5
2024,다다3507,in_age_061,5
2024,다다3507,in_age_062,8
2024,다다3507,in_age_063,0
2024,다다3507,in_age_064,8
2024,다다3507,in_age_065,13
2024,다다3507,in_age_066,5
2024,다다3507,in_age_067,13
2024,다다3507,in_age_068,8
2024,다다3507,in_age_069,13
2024,다다3507,in_age_070,18
2024,다다3507,in_age_071,23
2024,다다3507,in_age_072,18
2024,다다3507,in_age_073,18
2024,다다3507,in_age_074,13
2024,다다3507,in_age_075,13
2024,다다3507,in_age_076,18
2024,다다3507,in_age_077,18
2024,다다3507,in_age_078,13
2024,다다3507,in_age_079,13
2024,다다3507,in_age_080,5
2024,다다3507,to_in_001,469
2024,다다3507,to_in_007,244
2024,다다3507,to_in_008,228
2024,다다3592,in_age_004,0
2024,다다3592,in_age_005,0
2024,다다3592,in_age_006,5
2024,다다3592,in_age_007,5
2024,다다3592,in_age_008,5
2024,다다3592,in_age_009,0
2024,다다3592,in_age_012,5
2024,다다3592,in_age_013,5
2024,다다3592,in_age_014,5
2024,다다3592,in_age_016,5
2024,다다3592,in_age_017,0
2024,다다3592,in_age_034,0
2024,다다3592,in_age_035,0
2024,다다3592,in_age_036,5
2024,다다3592,in_age_037,5
2024,다다3592,in_age_038,5
2024,다다3592,in_age_039,0
2024,다다3592,in_age_042,5
2024,다다3592,in_age_043,5
2024,다다3592,in_age_044,0
2024,다다3592,in_age_046,5
2024,다다3592,in_age_047,0
2024,다다3592,in_age_066,5
2024,다다3592,in_age_068,0
2024,다다3592,in_age_072,0
2024,다다3592,in_age_073,5
2024,다다3592,in_age_074,5
2024,다다3592,to_in_001,28
2024,다다3592,to_in_007,18
2024,다다3592,to_in_008,8
2024,다다3593,in_age_001,0
2024,다다3593,in_age_002,8
2024,다다3593,in_age_007,0
2024,다다3593,in_age_008,5
2024,다다3593,in_age_009,5
2024,다다3593,in_age_010,0
2024,다다3593,in_age_013,0
2024,다다3593,in_age_014,0
2024,다다3593,in_age_032,5
2024,다다3593,in_age_037,0
2024,다다3593,in_age_038,0
2024,다다3593,in_age_039,5
2024,다다3593,in_age_040,0
2024,다다3593,in_age_061,0
2024,다다3593,in_age_062,5
2024,다다3593,in_age_068,0
2024,다다3593,in_age_073,0
2024,다다3593,in_age_074,0
2024,다다3593,to_in_001,8
2024,다다3593,to_in_007,8
2024,다다3593,to_in_008,5
2024,다다3594,in_age_011,0
2024,다다3594,in_age_018,0
2024,다다3594,in_age_041,0
2024,다다3594,in_age_078,0
2024,다다3594,to_in_001,5
2024,다다3594,to_in_007,0
2024,다다3594,to_in_008,0
2024,다다3598,in_age_008,0
2024,다다3598,in_age_010,0
2024,다다3598,in_age_038,0
2024,다다3598,in_age_070,0
2024,다다3598,to_in_001,5
2024,다다3598,to_in_007,0
2024,다다3598,to_in_008,0
2024,다다3599,in_age_001,0
2024,다다3599,in_age_004,5
2024,다다3599,in_age_005,0
2024,다다3599,in_age_007,0
2024,다다3599,in_age_008,5
2024,다다3599,in_age_009,0
2024,다다3599,in_age_010,0
2024,다다3599,in_age_012,5
2024,다다3599,in_age_013,5
2024,다다3599,in_age_014,5
2024,다다3599,in_age_015,5
2024,다다3599,in_age_016,8
2024,다다3599,in_age_017,0
2024,다다3599,in_age_019,0
2024,다다3599,in_age_035,0
2024,다다3599,in_age_038,5
2024,다다3599,in_age_040,0
2024,다다3599,in_age_042,5
2024,다다3599,in_age_043,5
2024,다다3599,in_age_044,0
2024,다다3599,in_age_045,5
2024,다다3599,in_age_046,5
2024,다다3599,in_age_061,0
2024,다다3599,in_age_064,5
2024,다다3599,in_age_067,0
2024,다다3599,in_age_068,0
2024,다다3599,in_age_069,0
2024,다다3599,in_age_073,5
2024,다다3599,in_age_074,5
2024,다다3599,in_age_076,5
2024,다다3599,in_age_077,0
2024,다다3599,in_age_079,0
2024,다다3599,to_in_001,28
2024,다다3599,to_in_007,13
2024,다다3599,to_in_008,18
2024,다다3600,in_age_001,5
2024,다다3600,in_age_002,5
2024,다다3600,in_age_003,5
2024,다다3600,in_age_004,5
2024,다다3600,in_age_006,5
2024,다다3600,in_age_007,5
2024,다다3600,in_age_008,5
2024,다다3600,in_age_009,5
2024,다다3600,in_age_010,8
2024,다다3600,in_age_011,13
2024,다다3600,in_age_012,5
2024,다다3600,in_age_013,8
2024,다다3600,in_age_014,8
2024,다다3600,in_age_015,5
2024,다다3600,in_age_031,0
2024,다다3600,in_age_032,0
2024,다다3600,in_age_033,0
2024,다다3600,in_age_034,0
2024,다다3600,in_age_036,0
2024,다다3600,in_age_037,5
2024,다다3600,in_age_038,0
2024,다다3600,in_age_039,5
2024,다다3600,in_age_040,5
2024,다다3600,in_age_041,8
2024,다다3600,in_age_042,5
2024,다다3600,in_age_043,5
2024,다다3600,in_age_044,0
2024,다다3600,in_age_045,5
2024,다다3600,in_age_061,0
2024,다다3600,in_age_062,0
2024,다다3600,in_age_063,5
2024,다다3600,in_age_064,5
2024,다다3600,in_age_066,0
2024,다다3600,in_age_068,5
2024,다다3600,in_age_069,5
2024,다다3600,in_age_070,5
2024,다다3600,in_age_071,5
2024,다다3600,in_age_072,5
2024,다다3600,in_age_073,8
2024,다다3600,in_age_074,8
2024,다다3600,in_age_075,0
2024,다다3600,to_in_001,68
2024,다다3600,to_in_007,28
2024,다다3600,to_in_008,38
2024,다다3601,in_age_005,0
2024,다다3601,in_age_006,12
2024,다다3601,in_age_007,8
2024,다다3601,in_age_008,5
2024,다다3601,in_age_009,5
2024,다다3601,in_age_010,5
2024,다다3601,in_age_011,0
2024,다다3601,in_age_013,0
2024,다다3601,in_age_014,5
2024,다다3601,in_age_035,0
2024,다다3601,in_age_036,12
2024,다다3601,in_age_037,8
2024,다다3601,in_age_038,5
2024,다다3601,in_age_039,5
2024,다다3601,in_age_040,5
2024,다다3601,in_age_044,0
2024,다다3601,in_age_067,5
2024,다다3601,in_age_070,0
2024,다다3601,in_age_071,0
2024,다다3601,in_age_073,0
2024,다다3601,in_age_074,0
2024,다다3601,to_in_001,30
2024,다다3601,to_in_007,25
2024,다다3601,to_in_008,5
2024,다다3602,in_age_003,0
2024,다다3602,in_age_009,0
2024,다다3602,in_age_010,5
2024,다다3602,in_age_039,0
2024,다다3602,in_age_040,0
2024,다다3602,in_age_063,0
2024,다다3602,in_age_070,5
2024,다다3602,to_in_001,5
2024,다다3602,to_in_007,5
2024,다다3602,to_in_008,5
2024,다다3604,in_age_001,5
2024,다다3604,in_age_002,8
2024,다다3604,in_age_003,5
2024,다다3604,in_age_004,8
2024,다다3604,in_age_005,8
2024,다다3604,in_age_006,5
2024,다다3604,in_age_007,8
2024,다다3604,in_age_008,13
2024,다다3604,in_age_009,13
2024,다다3604,in_age_010,13
2024,다다3604,in_age_011,8
2024,다다3604,in_age_012,13
2024,다다3604,in_age_013,8
2024,다다3604,in_age_014,5
2024,다다3604,in_age_015,13
2024,다다3604,in_age_016,8
2024,다다3604,in_age_017,8
2024,다다3604,in_age_018,5
2024,다다3604,in_age_019,5
2024,다다3604,in_age_020,5
2024,다다3604,in_age_031,5
2024,다다3604,in_age_032,5
2024,다다3604,in_age_034,5
2024,다다3604,in_age_035,5
2024,다다3604,in_age_036,5
2024,다다3604,in_age_037,5
2024,다다3604,in_age_038,5
2024,다다3604,in_age_039,8
2024,다다3604,in_age_040,8
2024,다다3604,in_age_041,5
2024,다다3604,in_age_042,13
2024,다다3604,in_age_043,8
2024,다다3604,in_age_044,0
2024,다다3604,in_age_045,5
2024,다다3604,in_age_046,8
2024,다다3604,in_age_047,0
2024,다다3604,in_age_048,5
2024,다다3604,in_age_062,5
2024,다다3604,in_age_063,5
2024,다다3604,in_age_064,5
2024,다다3604,in_age_065,8
2024,다다3604,in_age_066,0
2024,다다3604,in_age_067,5
2024,다다3604,in_age_068,8
2024,다다3604,in_age_069,8
2024,다다3604,in_age_070,5
2024,다다3604,in_age_071,5
2024,다다3604,in_age_072,5
2024,다다3604,in_age_073,5
2024,다다3604,in_age_074,5
2024,다다3604,in_age_075,8
2024,다다3604,in_age_076,5
2024,다다3604,in_age_077,8
2024,다다3604,in_age_078,0
2024,다다3604,in_age_079,5
2024,다다3604,in_age_080,5
2024,다다3604,to_in_001,138
2024,다다3604,to_in_007,78
2024,다다3604,to_in_008,63
2024,다다3605,in_age_001,5
2024,다다3605,in_age_003,0
2024,다다3605,in_age_004,5
2024,다다3605,in_age_005,0
2024,다다3605,in_age_006,8
2024,다다3605,in_age_007,11
2024,다다3605,in_age_008,0
2024,다다3605,in_age_009,8
2024,다다3605,in_age_010,5
2024,다다3605,in_age_011,5
2024,다다3605,in_age_012,5
2024,다다3605,in_age_013,8
2024,다다3605,in_age_014,5
2024,다다3605,in_age_016,5
2024,다다3605,in_age_017,0
2024,다다3605,in_age_019,5
2024,다다3605,in_age_034,5
2024,다다3605,in_age_035,0
2024,다다3605,in_age_036,5
2024,다다3605,in_age_037,11
2024,다다3605,in_age_039,5
2024,다다3605,in_age_041,5
2024,다다3605,in_age_042,0
2024,다다3605,in_age_043,5
2024,다다3605,in_age_044,0
2024,다다3605,in_age_046,0
2024,다다3605,in_age_047,0
2024,다다3605,in_age_061,5
2024,다다3605,in_age_063,0
2024,다다3605,in_age_066,5
2024,다다3605,in_age_067,0
2024,다다3605,in_age_068,0
2024,다다3605,in_age_069,0
2024,다다3605,in_age_070,5
2024,다다3605,in_age_071,5
2024,다다3605,in_age_072,5
2024,다다3605,in_age_073,5
2024,다다3605,in_age_074,0
2024,다다3605,in_age_076,0
2024,다다3605,in_age_079,5
2024,다다3605,to_in_001,49
2024,다다3605,to_in_007,29
2024,다다3605,to_in_008,18
2024,다다3606,in_age_005,8
2024,다다3606,in_age_006,6
2024,다다3606,in_age_007,5
2024,다다3606,in_age_010,0
2024,다다3606,in_age_011,5
2024,다다3606,in_age_012,5
2024,다다3606,in_age_013,0
2024,다다3606,in_age_014,5
2024,다다3606,in_age_015,5
2024,다다3606,in_age_016,0
2024,다다3606,in_age_019,0
2024,다다3606,in_age_035,5
2024,다다3606,in_age_036,6
2024,다다3606,in_age_037,5
2024,다다3606,in_age_041,5
2024,다다3606,in_age_042,0
2024,다다3606,in_age_043,0
2024,다다3606,in_age_044,5
2024,다다3606,in_age_045,5
2024,다다3606,in_age_046,0
2024,다다3606,in_age_065,0
2024,다다3606,in_age_070,0
2024,다다3606,in_age_071,0
2024,다다3606,in_age_072,5
2024,다다3606,in_age_074,0
2024,다다3606,in_age_075,0
2024,다다3606,in_age_079,0
2024,다다3606,to_in_001,34
2024,다다3606,to_in_007,24
2024,다다3606,to_in_008,8
2024,다다3607,in_age_002,5
2024,다다3607,in_age_004,5
2024,다다3607,in_age_005,8
2024,다다3607,in_age_006,18
2024,다다3607,in_age_007,20
2024,다다3607,in_age_008,8
2024,다다3607,in_age_009,8
2024,다다3607,in_age_010,8
2024,다다3607,in_age_011,8
2024,다다3607,in_age_012,5
2024,다다3607,in_age_013,8
2024,다다3607,in_age_014,5
2024,다다3607,in_age_015,5
2024,다다3607,in_age_016,0
2024,다다3607,in_age_017,5
2024,다다3607,in_age_018,0
2024,다다3607,in_age_019,5
2024,다다3607,in_age_032,5
2024,다다3607,in_age_034,5
2024,다다3607,in_age_035,5
2024,다다3607,in_age_036,13
2024,다다3607,in_age_037,20
2024,다다3607,in_age_038,8
2024,다다3607,in_age_039,8
2024,다다3607,in_age_040,5
2024,다다3607,in_age_041,8
2024,다다3607,in_age_042,5
2024,다다3607,in_age_043,5
2024,다다3607,in_age_044,5
2024,다다3607,in_age_045,5
2024,다다3607,in_age_046,0
2024,다다3607,in_age_047,0
2024,다다3607,in_age_065,5
2024,다다3607,in_age_066,0
2024,다다3607,in_age_067,5
2024,다다3607,in_age_069,0
2024,다다3607,in_age_070,5
2024,다다3607,in_age_071,5
2024,다다3607,in_age_072,0
2024,다다3607,in_age_073,5
2024,다다3607,in_age_074,0
2024,다다3607,in_age_075,0
2024,다다3607,in_age_077,5
2024,다다3607,in_age_078,0
2024,다다3607,in_age_079,5
2024,다다3607,to_in_001,105
2024,다다3607,to_in_007,80
2024,다다3607,to_in_008,23
2024,다다3692,in_age_007,0
2024,다다3692,in_age_009,5
2024,다다3692,in_age_010,5
2024,다다3692,in_age_011,5
2024,다다3692,in_age_012,5
2024,다다3692,in_age_013,8
2024,다다3692,in_age_014,5
2024,다다3692,in_age_015,8
2024,다다3692,in_age_016,8
2024,다다3692,in_age_017,5
2024,다다3692,in_age_018,5
2024,다다3692,in_age_019,5
2024,다다3692,in_age_037,0
2024,다다3692,in_age_039,5
2024,다다3692,in_age_040,0
2024,다다3692,in_age_041,0
2024,다다3692,in_age_042,5
2024,다다3692,in_age_043,8
2024,다다3692,in_age_044,0
2024,다다3692,in_age_045,5
2024,다다3692,in_age_046,5
2024,다다3692,in_age_048,5
2024,다다3692,in_age_049,5
2024,다다3692,in_age_070,0
2024,다다3692,in_age_071,5
2024,다다3692,in_age_072,0
2024,다다3692,in_age_073,5
2024,다다3692,in_age_074,5
2024,다다3692,in_age_075,5
2024,다다3692,in_age_076,8
2024,다다3692,in_age_077,5
2024,다다3692,to_in_001,43
2024,다다3692,to_in_007,23
2024,다다3692,to_in_008,18
2024,다다3693,in_age_001,5
2024,다다3693,in_age_002,8
2024,다다3693,in_age_003,13
2024,다다3693,in_age_004,8
2024,다다3693,in_age_005,5
2024,다다3693,in_age_006,13
2024,다다3693,in_age_007,8
2024,다다3693,in_age_008,13
2024,다다3693,in_age_009,18
2024,다다3693,in_age_010,23
2024,다다3693,in_age_011,23
2024,다다3693,in_age_012,23
2024,다다3693,in_age_013,23
2024,다다3693,in_age_014,18
2024,다다3693,in_age_015,18
2024,다다3693,in_age_016,18
2024,다다3693,in_age_017,18
2024,다다3693,in_age_018,8
2024,다다3693,in_age_019,5
2024,다다3693,in_age_031,0
2024,다다3693,in_age_032,5
2024,다다3693,in_age_033,5
2024,다다3693,in_age_034,5
2024,다다3693,in_age_035,5
2024,다다3693,in_age_036,8
2024,다다3693,in_age_037,5
2024,다다3693,in_age_038,8
2024,다다3693,in_age_039,8
2024,다다3693,in_age_040,18
2024,다다3693,in_age_041,13
2024,다다3693,in_age_042,13
2024,다다3693,in_age_043,8
2024,다다3693,in_age_044,5
2024,다다3693,in_age_045,13
2024,다다3693,in_age_046,8
2024,다다3693,in_age_047,8
2024,다다3693,in_age_048,5
2024,다다3693,in_age_049,5
2024,다다3693,in_age_061,0
2024,다다3693,in_age_062,5
2024,다다3693,in_age_063,8
2024,다다3693,in_age_064,5
2024,다다3693,in_age_066,5
2024,다다3693,in_age_067,5
2024,다다3693,in_age_068,8
2024,다다3693,in_age_069,8
2024,다다3693,in_age_070,8
2024,다다3693,in_age_071,8
2024,다다3693,in_age_072,8
2024,다다3693,in_age_073,13
2024,다다3693,in_age_074,13
2024,다다3693,in_age_075,8
2024,다다3693,in_age_076,13
2024,다다3693,in_age_077,8
2024,다다3693,in_age_078,5
2024,다다3693,in_age_079,5
2024,다다3693,to_in_001,253
2024,다다3693,to_in_007,128
2024,다다3693,to_in_008,123
2024,다다3699,in_age_001,5
2024,다다3699,in_age_002,8
2024,다다3699,in_age_003,8
2024,다다3699,in_age_004,5
2024,다다3699,in_age_005,5
2024,다다3699,in_age_006,8
2024,다다3699,in_age_007,8
2024,다다3699,in_age_008,5
2024,다다3699,in_age_009,8
2024,다다3699,in_age_010,8
2024,다다3699,in_age_011,8
2024,다다3699,in_age_012,5
2024,다다3699,in_age_013,8
2024,다다3699,in_age_014,13
2024,다다3699,in_age_015,13
2024,다다3699,in_age_016,13
2024,다다3699,in_age_017,18
2024,다다3699,in_age_018,8
2024,다다3699,in_age_019,5
2024,다다3699,in_age_031,0
2024,다다3699,in_age_032,5
2024,다다3699,in_age_033,5
2024,다다3699,in_age_034,5
2024,다다3699,in_age_035,5
2024,다다3699,in_age_036,8
2024,다다3699,in_age_037,5
2024,다다3699,in_age_038,5
2024,다다3699,in_age_039,5
2024,다다3699,in_age_040,5
2024,다다3699,in_age_041,8
2024,다다3699,in_age_042,5
2024,다다3699,in_age_043,8
2024,다다3699,in_age_044,8
2024,다다3699,in_age_045,5
2024,다다3699,in_age_046,8
2024,다다3699,in_age_047,5
2024,다다3699,in_age_048,8
2024,다다3699,in_age_049,5
2024,다다3699,in_age_061,0
2024,다다3699,in_age_062,8
2024,다다3699,in_age_063,5
2024,다다3699,in_age_064,5
2024,다다3699,in_age_066,8
2024,다다3699,in_age_067,5
2024,다다3699,in_age_068,0
2024,다다3699,in_age_069,5
2024,다다3699,in_age_070,5
2024,다다3699,in_age_072,0
2024,다다3699,in_age_073,5
2024,다다3699,in_age_074,5
2024,다다3699,in_age_075,8
2024,다다3699,in_age_076,8
2024,다다3699,in_age_077,13
2024,다다3699,in_age_078,8
2024,다다3699,in_age_079,0
2024,다다3699,to_in_001,143
2024,다다3699,to_in_007,78
2024,다다3699,to_in_008,63
2024,다다3700,in_age_012,5
2024,다다3700,in_age_042,0
2024,다다3700,in_age_072,0
2024,다다3700,to_in_001,5
2024,다다3700,to_in_007,0
2024,다다3700,to_in_008,0
2024,다다3702,in_age_003,0
2024,다다3702,in_age_004,0
2024,다다3702,in_age_006,0
2024,다다3702,in_age_007,5
2024,다다3702,in_age_010,5
2024,다다3702,in_age_011,5
2024,다다3702,in_age_012,5
2024,다다3702,in_age_013,8
2024,다다3702,in_age_014,5
2024,다다3702,in_age_033,0
2024,다다3702,in_age_036,0
2024,다다3702,in_age_037,0
2024,다다3702,in_age_040,5
2024,다다3702,in_age_041,0
2024,다다3702,in_age_042,5
2024,다다3702,in_age_043,5
2024,다다3702,in_age_044,0
2024,다다3702,in_age_064,0
2024,다다3702,in_age_067,5
2024,다다3702,in_age_070,0
2024,다다3702,in_age_071,0
2024,다다3702,in_age_072,0
2024,다다3702,in_age_073,5
2024,다다3702,in_age_074,0
2024,다다3702,to_in_001,23
2024,다다3702,to_in_007,13
2024,다다3702,to_in_008,8
2024,다다3703,in_age_014,0
2024,다다3703,in_age_017,0
2024,다다3703,in_age_044,0
2024,다다3703,in_age_047,0
2024,다다3703,to_in_001,5
2024,다다3703,to_in_007,5
2024,다다3703,to_in_008,0
2024,다다3704,in_age_001,5
2024,다다3704,in_age_002,5
2024,다다3704,in_age_003,8
2024,다다3704,in_age_004,8
2024,다다3704,in_age_005,5
2024,다다3704,in_age_006,13
2024,다다3704,in_age_007,8
2024,다다3704,in_age_008,13
2024,다다3704,in_age_009,18
2024,다다3704,in_age_010,18
2024,다다3704,in_age_011,13
2024,다다3704,in_age_012,8
2024,다다3704,in_age_013,18
2024,다다3704,in_age_014,18
2024,다다3704,in_age_015,13
2024,다다3704,in_age_016,13
2024,다다3704,in_age_017,8
2024,다다3704,in_age_018,8
2024,다다3704,in_age_019,0
2024,다다3704,in_age_020,0
2024,다다3704,in_age_032,5
2024,다다3704,in_age_033,5
2024,다다3704,in_age_034,5
2024,다다3704,in_age_035,5
2024,다다3704,in_age_036,13
2024,다다3704,in_age_037,8
2024,다다3704,in_age_038,8
2024,다다3704,in_age_039,8
2024,다다3704,in_age_040,13
2024,다다3704,in_age_041,8
2024,다다3704,in_age_042,8
2024,다다3704,in_age_043,8
2024,다다3704,in_age_044,8
2024,다다3704,in_age_045,8
2024,다다3704,in_age_046,8
2024,다다3704,in_age_047,5
2024,다다3704,in_age_048,0
2024,다다3704,in_age_061,5
2024,다다3704,in_age_062,0
2024,다다3704,in_age_063,5
2024,다다3704,in_age_064,5
2024,다다3704,in_age_066,5
2024,다다3704,in_age_067,5
2024,다다3704,in_age_068,5
2024,다다3704,in_age_069,8
2024,다다3704,in_age_070,8
2024,다다3704,in_age_071,5
2024,다다3704,in_age_072,0
2024,다다3704,in_age_073,8
2024,다다3704,in_age_074,8
2024,다다3704,in_age_075,5
2024,다다3704,in_age_076,8
2024,다다3704,in_age_077,5
2024,다다3704,in_age_078,8
2024,다다3704,in_age_079,0
2024,다다3704,in_age_080,0
2024,다다3704,to_in_001,181
2024,다다3704,to_in_007,106
2024,다다3704,to_in_008,73
2024,다다3705,in_age_001,8
2024,다다3705,in_age_002,18
2024,다다3705,in_age_003,32
2024,다다3705,in_age_004,18
2024,다다3705,in_age_005,18
2024,다다3705,in_age_006,18
2024,다다3705,in_age_007,28
2024,다다3705,in_age_008,33
2024,다다3705,in_age_009,38
2024,다다3705,in_age_010,48
2024,다다3705,in_age_011,48
2024,다다3705,in_age_012,43
2024,다다3705,in_age_013,38
2024,다다3705,in_age_014,33
2024,다다3705,in_age_015,33
2024,다다3705,in_age_016,23
2024,다다3705,in_age_017,23
2024,다다3705,in_age_018,18
2024,다다3705,in_age_019,8
2024,다다3705,in_age_031,5
2024,다다3705,in_age_032,8
2024,다다3705,in_age_033,22
2024,다다3705,in_age_034,8
2024,다다3705,in_age_035,13
2024,다다3705,in_age_036,13
2024,다다3705,in_age_037,18
2024,다다3705,in_age_038,18
2024,다다3705,in_age_039,23
2024,다다3705,in_age_040,23
2024,다다3705,in_age_041,23
2024,다다3705,in_age_042,28
2024,다다3705,in_age_043,28
2024,다다3705,in_age_044,18
2024,다다3705,in_age_045,13
2024,다다3705,in_age_046,8
2024,다다3705,in_age_047,8
2024,다다3705,in_age_048,5
2024,다다3705,in_age_049,5
2024,다다3705,in_age_061,5
2024,다다3705,in_age_062,8
2024,다다3705,in_age_063,8
2024,다다3705,in_age_064,8
2024,다다3705,in_age_065,5
2024,다다3705,in_age_066,8
2024,다다3705,in_age_067,13
2024,다다3705,in_age_068,13
2024,다다3705,in_age_069,13
2024,다다3705,in_age_070,23
2024,다다3705,in_age_071,23
2024,다다3705,in_age_072,18
2024,다다3705,in_age_073,13
2024,다다3705,in_age_074,13
2024,다다3705,in_age_075,18
2024,다다3705,in_age_076,13
2024,다다3705,in_age_077,13
2024,다다3705,in_age_078,13
2024,다다3705,in_age_079,5
2024,다다3705,to_in_001,522
2024,다다3705,to_in_007,282
2024,다다3705,to_in_008,243
2024,다다3706,in_age_003,0
2024,다다3706,in_age_005,8
2024,다다3706,in_age_006,19
2024,다다3706,in_age_007,30
2024,다다3706,in_age_008,8
2024,다다3706,in_age_009,5
2024,다다3706,in_age_010,8
2024,다다3706,in_age_011,8
2024,다다3706,in_age_012,5
2024,다다3706,in_age_013,5
2024,다다3706,in_age_014,5
2024,다다3706,in_age_033,0
2024,다다3706,in_age_035,8
2024,다다3706,in_age_036,19
2024,다다3706,in_age_037,30
2024,다다3706,in_age_038,8
2024,다다3706,in_age_039,0
2024,다다3706,in_age_040,8
2024,다다3706,in_age_041,5
2024,다다3706,in_age_042,5
2024,다다3706,in_age_044,5
2024,다다3706,in_age_066,0
2024,다다3706,in_age_067,0
2024,다다3706,in_age_068,0
2024,다다3706,in_age_069,0
2024,다다3706,in_age_071,5
2024,다다3706,in_age_072,5
2024,다다3706,in_age_073,5
2024,다다3706,to_in_001,91
2024,다다3706,to_in_007,81
2024,다다3706,to_in_008,8
2024,다다3707,in_age_007,5
2024,다다3707,in_age_008,5
2024,다다3707,in_age_009,5
2024,다다3707,in_age_010,5
2024,다다3707,in_age_011,5
2024,다다3707,in_age_012,8
2024,다다3707,in_age_013,5
2024,다다3707,in_age_037,5
2024,다다3707,in_age_038,0
2024,다다3707,in_age_040,5
2024,다다3707,in_age_041,0
2024,다다3707,in_age_042,5
2024,다다3707,in_age_043,5
2024,다다3707,in_age_067,0
2024,다다3707,in_age_068,5
2024,다다3707,in_age_069,5
2024,다다3707,in_age_070,0
2024,다다3707,in_age_071,5
2024,다다3707,in_age_072,5
2024,다다3707,in_age_073,5
2024,다다3707,to_in_001,23
2024,다다3707,to_in_007,13
2024,다다3707,to_in_008,13
2024,다다3792,in_age_014,0
2024,다다3792,in_age_044,0
2024,다다3792,to_in_001,0
2024,다다3792,to_in_007,0
2024,다다3792,to_in_008,0
2024,다다3793,in_age_001,5
2024,다다3793,in_age_002,8
2024,다다3793,in_age_003,8
2024,다다3793,in_age_004,8
2024,다다3793,in_age_005,8
2024,다다3793,in_age_006,8
2024,다다3793,in_age_007,8
2024,다다3793,in_age_008,13
2024,다다3793,in_age_009,18
2024,다다3793,in_age_010,18
2024,다다3793,in_age_011,18
2024,다다3793,in_age_012,33
2024,다다3793,in_age_013,48
2024,다다3793,in_age_014,38
2024,다다3793,in_age_015,33
2024,다다3793,in_age_016,28
2024,다다3793,in_age_017,23
2024,다다3793,in_age_018,13
2024,다다3793,in_age_019,8
2024,다다3793,in_age_020,0
2024,다다3793,in_age_031,5
2024,다다3793,in_age_032,5
2024,다다3793,in_age_033,5
2024,다다3793,in_age_034,8
2024,다다3793,in_age_035,8
2024,다다3793,in_age_036,8
2024,다다3793,in_age_037,8
2024,다다3793,in_age_038,8
2024,다다3793,in_age_039,8
2024,다다3793,in_age_040,8
2024,다다3793,in_age_041,13
2024,다다3793,in_age_042,18
2024,다다3793,in_age_043,28
2024,다다3793,in_age_044,13
2024,다다3793,in_age_045,18
2024,다다3793,in_age_046,13
2024,다다3793,in_age_047,8
2024,다다3793,in_age_048,8
2024,다다3793,in_age_049,5
2024,다다3793,in_age_050,0
2024,다다3793,in_age_062,5
2024,다다3793,in_age_063,8
2024,다다3793,in_age_064,8
2024,다다3793,in_age_065,5
2024,다다3793,in_age_066,0
2024,다다3793,in_age_067,0
2024,다다3793,in_age_068,8
2024,다다3793,in_age_069,8
2024,다다3793,in_age_070,8
2024,다다3793,in_age_071,5
2024,다다3793,in_age_072,18
2024,다다3793,in_age_073,18
2024,다다3793,in_age_074,23
2024,다다3793,in_age_075,18
2024,다다3793,in_age_076,13
2024,다다3793,in_age_077,13
2024,다다3793,in_age_078,8
2024,다다3793,in_age_079,8
2024,다다3793,to_in_001,343
2024,다다3793,to_in_007,183
2024,다다3793,to_in_008,163
2024,다다3794,in_age_002,0
2024,다다3794,in_age_003,5
2024,다다3794,in_age_005,0
2024,다다3794,in_age_006,8
2024,다다3794,in_age_009,0
2024,다다3794,in_age_010,8
2024,다다3794,in_age_011,8
2024,다다3794,in_age_012,13
2024,다다3794,in_age_013,13
2024,다다3794,in_age_014,8
2024,다다3794,in_age_015,13
2024,다다3794,in_age_016,5
2024,다다3794,in_age_017,13
2024,다다3794,in_age_018,8
2024,다다3794,in_age_019,0
2024,다다3794,in_age_032,0
2024,다다3794,in_age_033,0
2024,다다3794,in_age_035,0
2024,다다3794,in_age_036,5
2024,다다3794,in_age_040,5
2024,다다3794,in_age_041,5
2024,다다3794,in_age_042,8
2024,다다3794,in_age_043,8
2024,다다3794,in_age_044,5
2024,다다3794,in_age_045,5
2024,다다3794,in_age_046,0
2024,다다3794,in_age_047,5
2024,다다3794,in_age_048,5
2024,다다3794,in_age_049,0
2024,다다3794,in_age_063,5
2024,다다3794,in_age_066,5
2024,다다3794,in_age_069,0
2024,다다3794,in_age_070,5
2024,다다3794,in_age_071,8
2024,다다3794,in_age_072,8
2024,다다3794,in_age_073,8
2024,다다3794,in_age_074,5
2024,다다3794,in_age_075,8
2024,다다3794,in_age_076,5
2024,다다3794,in_age_077,8
2024,다다3794,in_age_078,8
2024,다다3794,to_in_001,93
2024,다다3794,to_in_007,48
2024,다다3794,to_in_008,43
2024,다다3795,in_age_005,5
2024,다다3795,in_age_006,5
2024,다다3795,in_age_007,17
2024,다다3795,in_age_008,5
2024,다다3795,in_age_009,5
2024,다다3795,in_age_010,5
2024,다다3795,in_age_011,5
2024,다다3795,in_age_012,0
2024,다다3795,in_age_013,5
2024,다다3795,in_age_014,0
2024,다다3795,in_age_015,0
2024,다다3795,in_age_017,5
2024,다다3795,in_age_019,0
2024,다다3795,in_age_035,5
2024,다다3795,in_age_036,5
2024,다다3795,in_age_037,14
2024,다다3795,in_age_038,5
2024,다다3795,in_age_039,0
2024,다다3795,in_age_040,5
2024,다다3795,in_age_041,5
2024,다다3795,in_age_042,0
2024,다다3795,in_age_043,0
2024,다다3795,in_age_044,0
2024,다다3795,in_age_045,0
2024,다다3795,in_age_067,5
2024,다다3795,in_age_069,5
2024,다다3795,in_age_073,5
2024,다다3795,in_age_077,5
2024,다다3795,in_age_079,0
2024,다다3795,to_in_001,42
2024,다다3795,to_in_007,32
2024,다다3795,to_in_008,8
2024,다다3799,in_age_002,0
2024,다다3799,in_age_003,0
2024,다다3799,in_age_004,5
2024,다다3799,in_age_006,0
2024,다다3799,in_age_007,5
2024,다다3799,in_age_008,5
2024,다다3799,in_age_009,8
2024,다다3799,in_age_010,5
2024,다다3799,in_age_011,5
2024,다다3799,in_age_012,5
2024,다다3799,in_age_013,8
2024,다다3799,in_age_014,8
2024,다다3799,in_age_015,13
2024,다다3799,in_age_016,8
2024,다다3799,in_age_017,13
2024,다다3799,in_age_018,5
2024,다다3799,in_age_033,0
2024,다다3799,in_age_034,5
2024,다다3799,in_age_037,5
2024,다다3799,in_age_038,5
2024,다다3799,in_age_039,5
2024,다다3799,in_age_040,5
2024,다다3799,in_age_041,5
2024,다다3799,in_age_042,5
2024,다다3799,in_age_043,5
2024,다다3799,in_age_044,5
2024,다다3799,in_age_045,5
2024,다다3799,in_age_046,8
2024,다다3799,in_age_047,8
2024,다다3799,in_age_048,5
2024,다다3799,in_age_062,0
2024,다다3799,in_age_064,0
2024,다다3799,in_age_066,0
2024,다다3799,in_age_067,5
2024,다다3799,in_age_069,5
2024,다다3799,in_age_070,0
2024,다다3799,in_age_071,0
2024,다다3799,in_age_073,8
2024,다다3799,in_age_074,5
2024,다다3799,in_age_075,8
2024,다다3799,in_age_076,0
2024,다다3799,in_age_077,8
2024,다다3799,in_age_078,0
2024,다다3799,to_in_001,78
2024,다다3799,to_in_007,43
2024,다다3799,to_in_008,38
2024,다다3801,in_age_012,5
2024,다다3801,in_age_014,0
2024,다다3801,in_age_042,5
2024,다다3801,in_age_044,0
2024,다다3801,to_in_001,5
2024,다다3801,to_in_007,5
2024,다다3801,to_in_008,0
2024,다다3802,in_age_013,0
2024,다다3802,in_age_014,0
2024,다다3802,in_age_044,0
2024,다다3802,in_age_073,0
2024,다다3802,to_in_001,5
2024,다다3802,to_in_007,0
2024,다다3802,to_in_008,0
2024,다다3803,in_age_001,0
2024,다다3803,in_age_003,0
2024,다다3803,in_age_007,5
2024,다다3803,in_age_008,5
2024,다다3803,in_age_009,5
2024,다다3803,in_age_011,5
2024,다다3803,in_age_012,8
2024,다다3803,in_age_013,5
2024,다다3803,in_age_014,5
2024,다다3803,in_age_018,5
2024,다다3803,in_age_019,5
2024,다다3803,in_age_020,0
2024,다다3803,in_age_031,0
2024,다다3803,in_age_037,0
2024,다다3803,in_age_038,0
2024,다다3803,in_age_039,0
2024,다다3803,in_age_041,5
2024,다다3803,in_age_042,5
2024,다다3803,in_age_043,5
2024,다다3803,in_age_044,0
2024,다다3803,in_age_048,0
2024,다다3803,in_age_049,0
2024,다다3803,in_age_063,0
2024,다다3803,in_age_067,0
2024,다다3803,in_age_068,5
2024,다다3803,in_age_069,0
2024,다다3803,in_age_071,0
2024,다다3803,in_age_072,8
2024,다다3803,in_age_073,0
2024,다다3803,in_age_074,0
2024,다다3803,in_age_078,5
2024,다다3803,in_age_079,0
2024,다다3803,in_age_080,0
2024,다다3803,to_in_001,33
2024,다다3803,to_in_007,18
2024,다다3803,to_in_008,18
2024,다다3804,in_age_001,5
2024,다다3804,in_age_002,13
2024,다다3804,in_age_003,13
2024,다다3804,in_age_004,8
2024,다다3804,in_age_005,13
2024,다다3804,in_age_006,18
2024,다다3804,in_age_007,23
2024,다다3804,in_age_008,18
2024,다다3804,in_age_009,28
2024,다다3804,in_age_010,33
2024,다다3804,in_age_011,43
2024,다다3804,in_age_012,33
2024,다다3804,in_age_013,38
2024,다다3804,in_age_014,33
2024,다다3804,in_age_015,28
2024,다다3804,in_age_016,33
2024,다다3804,in_age_017,13
2024,다다3804,in_age_018,23
2024,다다3804,in_age_019,8
2024,다다3804,in_age_031,5
2024,다다3804,in_age_032,5
2024,다다3804,in_age_033,13
2024,다다3804,in_age_034,8
2024,다다3804,in_age_035,8
2024,다다3804,in_age_036,8
2024,다다3804,in_age_037,23
2024,다다3804,in_age_038,8
2024,다다3804,in_age_039,18
2024,다다3804,in_age_040,23
2024,다다3804,in_age_041,18
2024,다다3804,in_age_042,23
2024,다다3804,in_age_043,23
2024,다다3804,in_age_044,18
2024,다다3804,in_age_045,8
2024,다다3804,in_age_046,18
2024,다다3804,in_age_047,5
2024,다다3804,in_age_048,8
2024,다다3804,in_age_062,8
2024,다다3804,in_age_063,5
2024,다다3804,in_age_064,5
2024,다다3804,in_age_065,5
2024,다다3804,in_age_066,8
2024,다다3804,in_age_067,5
2024,다다3804,in_age_068,8
2024,다다3804,in_age_069,13
2024,다다3804,in_age_070,8
2024,다다3804,in_age_071,23
2024,다다3804,in_age_072,8
2024,다다3804,in_age_073,18
2024,다다3804,in_age_074,18
2024,다다3804,in_age_075,18
2024,다다3804,in_age_076,18
2024,다다3804,in_age_077,8
2024,다다3804,in_age_078,18
2024,다다3804,in_age_079,8
2024,다다3804,to_in_001,428
2024,다다3804,to_in_007,233
2024,다다3804,to_in_008,198
2024,다다3805,in_age_001,5
2024,다다3805,in_age_002,13
2024,다다3805,in_age_003,18
2024,다다3805,in_age_004,13
2024,다다3805,in_age_005,8
2024,다다3805,in_age_006,5
2024,다다3805,in_age_007,8
2024,다다3805,in_age_008,13
2024,다다3805,in_age_009,23
2024,다다3805,in_age_010,18
2024,다다3805,in_age_011,23
2024,다다3805,in_age_012,18
2024,다다3805,in_age_013,33
2024,다다3805,in_age_014,23
2024,다다3805,in_age_015,23
2024,다다3805,in_age_016,28
2024,다다3805,in_age_017,18
2024,다다3805,in_age_018,13
2024,다다3805,in_age_019,8
2024,다다3805,in_age_020,0
2024,다다3805,in_age_031,5
2024,다다3805,in_age_032,8
2024,다다3805,in_age_033,8
2024,다다3805,in_age_034,5
2024,다다3805,in_age_035,8
2024,다다3805,in_age_036,5
2024,다다3805,in_age_037,5
2024,다다3805,in_age_038,8
2024,다다3805,in_age_039,13
2024,다다3805,in_age_040,8
2024,다다3805,in_age_041,13
2024,다다3805,in_age_042,8
2024,다다3805,in_age_043,18
2024,다다3805,in_age_044,13
2024,다다3805,in_age_045,8
2024,다다3805,in_age_046,13
2024,다다3805,in_age_047,5
2024,다다3805,in_age_048,8
2024,다다3805,in_age_049,0
2024,다다3805,in_age_050,0
2024,다다3805,in_age_062,5
2024,다다3805,in_age_063,8
2024,다다3805,in_age_064,8
2024,다다3805,in_age_065,0
2024,다다3805,in_age_066,0
2024,다다3805,in_age_067,0
2024,다다3805,in_age_068,8
2024,다다3805,in_age_069,13
2024,다다3805,in_age_070,8
2024,다다3805,in_age_071,8
2024,다다3805,in_age_072,8
2024,다다3805,in_age_073,18
2024,다다3805,in_age_074,8
2024,다다3805,in_age_075,13
2024,다다3805,in_age_076,13
2024,다다3805,in_age_077,13
2024,다다3805,in_age_078,8
2024,다다3805,in_age_079,8
2024,다다3805,to_in_001,303
2024,다다3805,to_in_007,158
2024,다다3805,to_in_008,148
2024,다다3892,in_age_001,5
2024,다다3892,in_age_002,0
2024,다다3892,in_age_003,5
2024,다다3892,in_age_004,5
2024,다다3892,in_age_005,5
2024,다다3892,in_age_006,0
2024,다다3892,in_age_007,8
2024,다다3892,in_age_008,5
2024,다다3892,in_age_009,5
2024,다다3892,in_age_010,8
2024,다다3892,in_age_011,5
2024,다다3892,in_age_012,8
2024,다다3892,in_age_013,8
2024,다다3892,in_age_014,8
2024,다다3892,in_age_015,8
2024,다다3892,in_age_016,13
2024,다다3892,in_age_017,5
2024,다다3892,in_age_018,5
2024,다다3892,in_age_031,0
2024,다다3892,in_age_032,0
2024,다다3892,in_age_033,0
2024,다다3892,in_age_035,0
2024,다다3892,in_age_036,0
2024,다다3892,in_age_037,5
2024,다다3892,in_age_038,5
2024,다다3892,in_age_039,0
2024,다다3892,in_age_040,5
2024,다다3892,in_age_041,0
2024,다다3892,in_age_042,5
2024,다다3892,in_age_043,5
2024,다다3892,in_age_044,5
2024,다다3892,in_age_045,5
2024,다다3892,in_age_046,5
2024,다다3892,in_age_047,5
2024,다다3892,in_age_048,0
2024,다다3892,in_age_061,0
2024,다다3892,in_age_063,0
2024,다다3892,in_age_064,5
2024,다다3892,in_age_065,0
2024,다다3892,in_age_067,5
2024,다다3892,in_age_068,5
2024,다다3892,in_age_069,5
2024,다다3892,in_age_070,5
2024,다다3892,in_age_071,5
2024,다다3892,in_age_072,5
2024,다다3892,in_age_073,5
2024,다다3892,in_age_074,5
2024,다다3892,in_age_075,8
2024,다다3892,in_age_076,8
2024,다다3892,in_age_077,5
2024,다다3892,in_age_078,0
2024,다다3892,to_in_001,88
2024,다다3892,to_in_007,38
2024,다다3892,to_in_008,48
2024,다다3893,in_age_001,8
2024,다다3893,in_age_002,5
2024,다다3893,in_age_003,8
2024,다다3893,in_age_004,8
2024,다다3893,in_age_005,8
2024,다다3893,in_age_006,13
2024,다다3893,in_age_007,18
2024,다다3893,in_age_008,13
2024,다다3893,in_age_009,23
2024,다다3893,in_age_010,28
2024,다다3893,in_age_011,33
2024,다다3893,in_age_012,33
2024,다다3893,in_age_013,43
2024,다다3893,in_age_014,49
2024,다다3893,in_age_015,33
2024,다다3893,in_age_016,28
2024,다다3893,in_age_017,23
2024,다다3893,in_age_018,13
2024,다다3893,in_age_019,5
2024,다다3893,in_age_031,5
2024,다다3893,in_age_032,5
2024,다다3893,in_age_033,5
2024,다다3893,in_age_034,8
2024,다다3893,in_age_035,5
2024,다다3893,in_age_036,8
2024,다다3893,in_age_037,13
2024,다다3893,in_age_038,8
2024,다다3893,in_age_039,13
2024,다다3893,in_age_040,18
2024,다다3893,in_age_041,18
2024,다다3893,in_age_042,18
2024,다다3893,in_age_043,23
2024,다다3893,in_age_044,23
2024,다다3893,in_age_045,13
2024,다다3893,in_age_046,13
2024,다다3893,in_age_047,8
2024,다다3893,in_age_048,5
2024,다다3893,in_age_049,5
2024,다다3893,in_age_061,5
2024,다다3893,in_age_063,5
2024,다다3893,in_age_064,8
2024,다다3893,in_age_065,5
2024,다다3893,in_age_066,5
2024,다다3893,in_age_067,8
2024,다다3893,in_age_068,5
2024,다다3893,in_age_069,8
2024,다다3893,in_age_070,8
2024,다다3893,in_age_071,13
2024,다다3893,in_age_072,18
2024,다다3893,in_age_073,18
2024,다다3893,in_age_074,29
2024,다다3893,in_age_075,18
2024,다다3893,in_age_076,13
2024,다다3893,in_age_077,18
2024,다다3893,in_age_078,8
2024,다다3893,to_in_001,379
2024,다다3893,to_in_007,198
2024,다다3893,to_in_008,179
2024,다다3894,in_age_001,0
2024,다다3894,in_age_002,5
2024,다다3894,in_age_003,5
2024,다다3894,in_age_004,8
2024,다다3894,in_age_005,5
2024,다다3894,in_age_006,5
2024,다다3894,in_age_007,5
2024,다다3894,in_age_008,5
2024,다다3894,in_age_009,5
2024,다다3894,in_age_010,5
2024,다다3894,in_age_011,8
2024,다다3894,in_age_012,8
2024,다다3894,in_age_013,13
2024,다다3894,in_age_014,13
2024,다다3894,in_age_015,8
2024,다다3894,in_age_016,18
2024,다다3894,in_age_017,18
2024,다다3894,in_age_018,8
2024,다다3894,in_age_019,5
2024,다다3894,in_age_031,0
2024,다다3894,in_age_032,5
2024,다다3894,in_age_033,0
2024,다다3894,in_age_034,5
2024,다다3894,in_age_035,5
2024,다다3894,in_age_036,5
2024,다다3894,in_age_037,0
2024,다다3894,in_age_038,5
2024,다다3894,in_age_039,5
2024,다다3894,in_age_040,0
2024,다다3894,in_age_041,8
2024,다다3894,in_age_042,8
2024,다다3894,in_age_043,8
2024,다다3894,in_age_044,8
2024,다다3894,in_age_045,5
2024,다다3894,in_age_046,8
2024,다다3894,in_age_047,8
2024,다다3894,in_age_048,5
2024,다다3894,in_age_049,0
2024,다다3894,in_age_062,0
2024,다다3894,in_age_063,0
2024,다다3894,in_age_064,5
2024,다다3894,in_age_067,0
2024,다다3894,in_age_068,5
2024,다다3894,in_age_069,5
2024,다다3894,in_age_070,0
2024,다다3894,in_age_071,5
2024,다다3894,in_age_072,5
2024,다다3894,in_age_073,8
2024,다다3894,in_age_074,5
2024,다다3894,in_age_075,8
2024,다다3894,in_age_076,8
2024,다다3894,in_age_077,13
2024,다다3894,in_age_078,8
2024,다다3894,in_age_079,0
2024,다다3894,to_in_001,133
2024,다다3894,to_in_007,68
2024,다다3894,to_in_008,68
2024,다다3895,in_age_001,0
2024,다다3895,in_age_006,13
2024,다다3895,in_age_007,5
2024,다다3895,in_age_008,5
2024,다다3895,in_age_009,0
2024,다다3895,in_age_010,5
2024,다다3895,in_age_011,5
2024,다다3895,in_age_012,0
2024,다다3895,in_age_013,5
2024,다다3895,in_age_036,13
2024,다다3895,in_age_037,5
2024,다다3895,in_age_038,0
2024,다다3895,in_age_039,0
2024,다다3895,in_age_040,5
2024,다다3895,in_age_041,5
2024,다다3895,in_age_042,0
2024,다다3895,in_age_043,5
2024,다다3895,in_age_061,0
2024,다다3895,in_age_068,0
2024,다다3895,in_age_073,0
2024,다다3895,to_in_001,26
2024,다다3895,to_in_007,26
2024,다다3895,to_in_008,5
2024,다다3896,in_age_006,0
2024,다다3896,in_age_009,0
2024,다다3896,in_age_012,5
2024,다다3896,in_age_016,0
2024,다다3896,in_age_036,0
2024,다다3896,in_age_039,0
2024,다다3896,in_age_042,5
2024,다다3896,in_age_046,0
2024,다다3896,to_in_001,5
2024,다다3896,to_in_007,5
2024,다다3896,to_in_008,0
2024,다다3898,in_age_001,5
2024,다다3898,in_age_002,5
2024,다다3898,in_age_003,5
2024,다다3898,in_age_004,0
2024,다다3898,in_age_006,0
2024,다다3898,in_age_007,0
2024,다다3898,in_age_008,5
2024,다다3898,in_age_009,5
2024,다다3898,in_age_011,0
2024,다다3898,in_age_012,5
2024,다다3898,in_age_013,5
2024,다다3898,in_age_015,0
2024,다다3898,in_age_016,5
2024,다다3898,in_age_017,8
2024,다다3898,in_age_018,5
2024,다다3898,in_age_031,0
2024,다다3898,in_age_032,0
2024,다다3898,in_age_036,0
2024,다다3898,in_age_037,0
2024,다다3898,in_age_038,0
2024,다다3898,in_age_039,0
2024,다다3898,in_age_041,0
2024,다다3898,in_age_042,0
2024,다다3898,in_age_043,5
2024,다다3898,in_age_046,5
2024,다다3898,in_age_048,5
2024,다다3898,in_age_061,0
2024,다다3898,in_age_062,5
2024,다다3898,in_age_063,5
2024,다다3898,in_age_064,0
2024,다다3898,in_age_068,0
2024,다다3898,in_age_069,0
2024,다다3898,in_age_072,0
2024,다다3898,in_age_075,0
2024,다다3898,in_age_076,5
2024,다다3898,in_age_077,8
2024,다다3898,in_age_078,5
2024,다다3898,to_in_001,38
2024,다다3898,to_in_007,18
2024,다다3898,to_in_008,23
2024,다다3899,in_age_001,5
2024,다다3899,in_age_002,5
2024,다다3899,in_age_005,0
2024,다다3899,in_age_006,8
2024,다다3899,in_age_007,5
2024,다다3899,in_age_008,5
2024,다다3899,in_age_009,5
2024,다다3899,in_age_012,5
2024,다다3899,in_age_013,8
2024,다다3899,in_age_014,13
2024,다다3899,in_age_015,5
2024,다다3899,in_age_016,18
2024,다다3899,in_age_017,8
2024,다다3899,in_age_018,5
2024,다다3899,in_age_019,0
2024,다다3899,in_age_035,0
2024,다다3899,in_age_036,8
2024,다다3899,in_age_037,5
2024,다다3899,in_age_038,5
2024,다다3899,in_age_039,5
2024,다다3899,in_age_042,5
2024,다다3899,in_age_043,5
2024,다다3899,in_age_044,5
2024,다다3899,in_age_045,5
2024,다다3899,in_age_046,8
2024,다다3899,in_age_047,8
2024,다다3899,in_age_048,5
2024,다다3899,in_age_049,0
2024,다다3899,in_age_061,5
2024,다다3899,in_age_062,5
2024,다다3899,in_age_066,0
2024,다다3899,in_age_067,0
2024,다다3899,in_age_068,5
2024,다다3899,in_age_069,5
2024,다다3899,in_age_072,5
2024,다다3899,in_age_073,5
2024,다다3899,in_age_074,8
2024,다다3899,in_age_075,5
2024,다다3899,in_age_076,8
2024,다다3899,in_age_077,5
2024,다다3899,to_in_001,78
2024,다다3899,to_in_007,43
2024,다다3899,to_in_008,38
2024,다다3900,in_age_007,0
2024,다다3900,in_age_013,5
2024,다다3900,in_age_014,0
2024,다다3900,in_age_037,0
2024,다다3900,in_age_043,5
2024,다다3900,in_age_044,0
2024,다다3900,in_age_073,0
2024,다다3900,to_in_001,5
2024,다다3900,to_in_007,5
2024,다다3900,to_in_008,0
2024,다다3901,in_age_005,5
2024,다다3901,in_age_006,21
2024,다다3901,in_age_007,8
2024,다다3901,in_age_008,5
2024,다다3901,in_age_009,5
2024,다다3901,in_age_010,5
2024,다다3901,in_age_012,5
2024,다다3901,in_age_015,0
2024,다다3901,in_age_035,5
2024,다다3901,in_age_036,21
2024,다다3901,in_age_037,8
2024,다다3901,in_age_038,5
2024,다다3901,in_age_039,5
2024,다다3901,in_age_040,5
2024,다다3901,in_age_042,5
2024,다다3901,in_age_066,0
2024,다다3901,in_age_067,0
2024,다다3901,in_age_072,5
2024,다다3901,in_age_075,0
2024,다다3901,to_in_001,46
2024,다다3901,to_in_007,41
2024,다다3901,to_in_008,5
2024,다다3902,in_age_002,0
2024,다다3902,in_age_005,0
2024,다다3902,in_age_006,5
2024,다다3902,in_age_008,5
2024,다다3902,in_age_009,5
2024,다다3902,in_age_010,5
2024,다다3902,in_age_011,8
2024,다다3902,in_age_012,5
2024,다다3902,in_age_013,8
2024,다다3902,in_age_014,5
2024,다다3902,in_age_016,0
2024,다다3902,in_age_017,0
2024,다다3902,in_age_032,0
2024,다다3902,in_age_036,0
2024,다다3902,in_age_038,5
2024,다다3902,in_age_039,5
2024,다다3902,in_age_040,5
2024,다다3902,in_age_041,5
2024,다다3902,in_age_042,5
2024,다다3902,in_age_043,5
2024,다다3902,in_age_044,5
2024,다다3902,in_age_047,0
2024,다다3902,in_age_065,0
2024,다다3902,in_age_066,0
2024,다다3902,in_age_068,5
2024,다다3902,in_age_069,0
2024,다다3902,in_age_070,5
2024,다다3902,in_age_071,5
2024,다다3902,in_age_072,0
2024,다다3902,in_age_073,5
2024,다다3902,in_age_074,0
2024,다다3902,in_age_076,0
2024,다다3902,to_in_001,38
2024,다다3902,to_in_007,18
2024,다다3902,to_in_008,18
2024,다다3903,in_age_001,14
2024,다다3903,in_age_002,13
2024,다다3903,in_age_003,29
2024,다다3903,in_age_004,25
2024,다다3903,in_age_005,13
2024,다다3903,in_age_006,18
2024,다다3903,in_age_007,23
2024,다다3903,in_age_008,26
2024,다다3903,in_age_009,55
2024,다다3903,in_age_010,29
2024,다다3903,in_age_011,38
2024,다다3903,in_age_012,33
2024,다다3903,in_age_013,43
2024,다다3903,in_age_014,38
2024,다다3903,in_age_015,33
2024,다다3903,in_age_016,33
2024,다다3903,in_age_017,33
2024,다다3903,in_age_018,39
2024,다다3903,in_age_019,21
2024,다다3903,in_age_020,8
2024,다다3903,in_age_021,5
2024,다다3903,in_age_031,5
2024,다다3903,in_age_032,8
2024,다다3903,in_age_033,16
2024,다다3903,in_age_034,14
2024,다다3903,in_age_035,8
2024,다다3903,in_age_036,13
2024,다다3903,in_age_037,18
2024,다다3903,in_age_038,13
2024,다다3903,in_age_039,27
2024,다다3903,in_age_040,19
2024,다다3903,in_age_041,23
2024,다다3903,in_age_042,13
2024,다다3903,in_age_043,18
2024,다다3903,in_age_044,18
2024,다다3903,in_age_045,18
2024,다다3903,in_age_046,13
2024,다다3903,in_age_047,8
2024,다다3903,in_age_048,8
2024,다다3903,in_age_049,5
2024,다다3903,in_age_061,14
2024,다다3903,in_age_062,5
2024,다다3903,in_age_063,13
2024,다다3903,in_age_064,14
2024,다다3903,in_age_065,5
2024,다다3903,in_age_066,8
2024,다다3903,in_age_067,8
2024,다다3903,in_age_068,13
2024,다다3903,in_age_069,26
2024,다다3903,in_age_070,13
2024,다다3903,in_age_071,18
2024,다다3903,in_age_072,18
2024,다다3903,in_age_073,23
2024,다다3903,in_age_074,18
2024,다다3903,in_age_075,18
2024,다다3903,in_age_076,18
2024,다다3903,in_age_077,23
2024,다다3903,in_age_078,29
2024,다다3903,in_age_079,21
2024,다다3903,in_age_080,8
2024,다다3903,in_age_081,5
2024,다다3903,to_in_001,565
2024,다다3903,to_in_007,262
2024,다다3903,to_in_008,301
2024,다다3904,in_age_001,5
2024,다다3904,in_age_002,8
2024,다다3904,in_age_003,5
2024,다다3904,in_age_004,8
2024,다다3904,in_age_005,8
2024,다다3904,in_age_006,23
2024,다다3904,in_age_007,18
2024,다다3904,in_age_008,13
2024,다다3904,in_age_009,18
2024,다다3904,in_age_010,18
2024,다다3904,in_age_011,23
2024,다다3904,in_age_012,28
2024,다다3904,in_age_013,23
2024,다다3904,in_age_014,13
2024,다다3904,in_age_015,13
2024,다다3904,in_age_016,8
2024,다다3904,in_age_017,18
2024,다다3904,in_age_018,13
2024,다다3904,in_age_019,8
2024,다다3904,in_age_020,5
2024,다다3904,in_age_031,5
2024,다다3904,in_age_032,0
2024,다다3904,in_age_033,5
2024,다다3904,in_age_034,5
2024,다다3904,in_age_035,8
2024,다다3904,in_age_036,18
2024,다다3904,in_age_037,13
2024,다다3904,in_age_038,8
2024,다다3904,in_age_039,8
2024,다다3904,in_age_040,8
2024,다다3904,in_age_041,13
2024,다다3904,in_age_042,13
2024,다다3904,in_age_043,18
2024,다다3904,in_age_044,8
2024,다다3904,in_age_045,5
2024,다다3904,in_age_046,5
2024,다다3904,in_age_047,5
2024,다다3904,in_age_048,5
2024,다다3904,in_age_049,5
2024,다다3904,in_age_062,5
2024,다다3904,in_age_063,0
2024,다다3904,in_age_064,5
2024,다다3904,in_age_066,5
2024,다다3904,in_age_067,5
2024,다다3904,in_age_068,8
2024,다다3904,in_age_069,8
2024,다다3904,in_age_070,13
2024,다다3904,in_age_071,13
2024,다다3904,in_age_072,13
2024,다다3904,in_age_073,8
2024,다다3904,in_age_074,8
2024,다다3904,in_age_075,8
2024,다다3904,in_age_076,5
2024,다다3904,in_age_077,13
2024,다다3904,in_age_078,8
2024,다다3904,in_age_079,5
2024,다다3904,in_age_080,5
2024,다다3904,to_in_001,253
2024,다다3904,to_in_007,138
2024,다다3904,to_in_008,118
2024,다다3979,in_age_007,0
2024,다다3979,in_age_017,0
2024,다다3979,in_age_037,0
2024,다다3979,in_age_047,0
2024,다다3979,to_in_001,5
2024,다다3979,to_in_007,5
2024,다다3979,to_in_008,0
2024,다다3990,in_age_001,5
2024,다다3990,in_age_002,5
2024,다다3990,in_age_004,0
2024,다다3990,in_age_005,5
2024,다다3990,in_age_006,5
2024,다다3990,in_age_007,8
2024,다다3990,in_age_008,5
2024,다다3990,in_age_009,5
2024,다다3990,in_age_010,5
2024,다다3990,in_age_011,5
2024,다다3990,in_age_012,5
2024,다다3990,in_age_013,13
2024,다다3990,in_age_014,5
2024,다다3990,in_age_015,8
2024,다다3990,in_age_016,8
2024,다다3990,in_age_017,5
2024,다다3990,in_age_018,8
2024,다다3990,in_age_019,5
2024,다다3990,in_age_031,5
2024,다다3990,in_age_032,5
2024,다다3990,in_age_034,0
2024,다다3990,in_age_035,5
2024,다다3990,in_age_036,5
2024,다다3990,in_age_037,5
2024,다다3990,in_age_038,5
2024,다다3990,in_age_039,0
2024,다다3990,in_age_040,5
2024,다다3990,in_age_041,5
2024,다다3990,in_age_042,5
2024,다다3990,in_age_043,8
2024,다다3990,in_age_044,5
2024,다다3990,in_age_045,8
2024,다다3990,in_age_046,5
2024,다다3990,in_age_047,5
2024,다다3990,in_age_048,5
2024,다다3990,in_age_066,0
2024,다다3990,in_age_067,5
2024,다다3990,in_age_068,0
2024,다다3990,in_age_069,5
2024,다다3990,in_age_070,5
2024,다다3990,in_age_071,0
2024,다다3990,in_age_072,0
2024,다다3990,in_age_073,5
2024,다다3990,in_age_075,8
2024,다다3990,in_age_076,5
2024,다다3990,in_age_077,5
2024,다다3990,in_age_078,5
2024,다다3990,in_age_079,5
2024,다다3990,to_in_001,73
2024,다다3990,to_in_007,43
2024,다다3990,to_in_008,33
2024,다다3991,in_age_002,5
2024,다다3991,in_age_003,5
2024,다다3991,in_age_004,5
2024,다다3991,in_age_005,8
2024,다다3991,in_age_006,5
2024,다다3991,in_age_007,8
2024,다다3991,in_age_008,8
2024,다다3991,in_age_009,5
2024,다다3991,in_age_010,8
2024,다다3991,in_age_011,8
2024,다다3991,in_age_012,8
2024,다다3991,in_age_013,8
2024,다다3991,in_age_014,13
2024,다다3991,in_age_015,8
2024,다다3991,in_age_016,8
2024,다다3991,in_age_017,8
2024,다다3991,in_age_018,8
2024,다다3991,in_age_019,0
2024,다다3991,in_age_032,0
2024,다다3991,in_age_033,0
2024,다다3991,in_age_034,0
2024,다다3991,in_age_035,8
2024,다다3991,in_age_036,5
2024,다다3991,in_age_037,8
2024,다다3991,in_age_038,5
2024,다다3991,in_age_039,5
2024,다다3991,in_age_040,8
2024,다다3991,in_age_041,8
2024,다다3991,in_age_042,8
2024,다다3991,in_age_043,5
2024,다다3991,in_age_044,5
2024,다다3991,in_age_045,8
2024,다다3991,in_age_046,0
2024,다다3991,in_age_047,0
2024,다다3991,in_age_048,5
2024,다다3991,in_age_062,5
2024,다다3991,in_age_063,5
2024,다다3991,in_age_064,5
2024,다다3991,in_age_065,5
2024,다다3991,in_age_067,5
2024,다다3991,in_age_068,0
2024,다다3991,in_age_069,0
2024,다다3991,in_age_070,5
2024,다다3991,in_age_071,5
2024,다다3991,in_age_072,5
2024,다다3991,in_age_073,5
2024,다다3991,in_age_074,8
2024,다다3991,in_age_075,5
2024,다다3991,in_age_076,8
2024,다다3991,in_age_077,8
2024,다다3991,in_age_078,8
2024,다다3991,in_age_079,0
2024,다다3991,to_in_001,118
2024,다다3991,to_in_007,58
2024,다다3991,to_in_008,58
2024,다다3992,in_age_011,5
2024,다다3992,in_age_013,0
2024,다다3992,in_age_041,0
2024,다다3992,in_age_043,0
2024,다다3992,in_age_071,5
2024,다다3992,to_in_001,5
2024,다다3992,to_in_007,5
2024,다다3992,to_in_008,5
2024,다다3993,in_age_004,0
2024,다다3993,in_age_005,0
2024,다다3993,in_age_013,5
2024,다다3993,in_age_017,5
2024,다다3993,in_age_034,0
2024,다다3993,in_age_035,0
2024,다다3993,in_age_043,5
2024,다다3993,in_age_047,5
2024,다다3993,in_age_073,0
2024,다다3993,to_in_001,8
2024,다다3993,to_in_007,8
2024,다다3993,to_in_008,0
2024,다다3994,in_age_014,5
2024,다다3994,in_age_015,0
2024,다다3994,in_age_044,5
2024,다다3994,in_age_045,0
2024,다다3994,in_age_074,0
2024,다다3994,to_in_001,5
2024,다다3994,to_in_007,5
2024,다다3994,to_in_008,0
2024,다다3995,in_age_004,0
2024,다다3995,in_age_005,5
2024,다다3995,in_age_006,5
2024,다다3995,in_age_007,13
2024,다다3995,in_age_008,5
2024,다다3995,in_age_009,5
2024,다다3995,in_age_011,0
2024,다다3995,in_age_015,0
2024,다다3995,in_age_016,0
2024,다다3995,in_age_034,0
2024,다다3995,in_age_035,5
2024,다다3995,in_age_036,5
2024,다다3995,in_age_037,8
2024,다다3995,in_age_038,5
2024,다다3995,in_age_039,5
2024,다다3995,in_age_041,0
2024,다다3995,in_age_046,0
2024,다다3995,in_age_067,0
2024,다다3995,in_age_075,0
2024,다다3995,to_in_001,28
2024,다다3995,to_in_007,23
2024,다다3995,to_in_008,5
2024,다다3999,in_age_007,0
2024,다다3999,in_age_037,0
2024,다다3999,to_in_001,0
2024,다다3999,to_in_007,0
2024,다다3999,to_in_008,0
2024,다다4000,in_age_012,5
2024,다다4000,in_age_013,0
2024,다다4000,in_age_042,5
2024,다다4000,in_age_043,0
2024,다다4000,to_in_001,5
2024,다다4000,to_in_007,5
2024,다다4000,to_in_008,0
2024,다다4001,in_age_005,0
2024,다다4001,in_age_010,5
2024,다다4001,in_age_011,0
2024,다다4001,in_age_012,0
2024,다다4001,in_age_015,0
2024,다다4001,in_age_016,0
2024,다다4001,in_age_017,0
2024,다다4001,in_age_035,0
2024,다다4001,in_age_040,0
2024,다다4001,in_age_042,0
2024,다다4001,in_age_047,0
2024,다다4001,in_age_070,0
2024,다다4001,in_age_071,0
2024,다다4001,in_age_075,0
2024,다다4001,in_age_076,0
2024,다다4001,to_in_001,8
2024,다다4001,to_in_007,5
2024,다다4001,to_in_008,5
2024,다다4002,in_age_001,0
2024,다다4002,in_age_002,8
2024,다다4002,in_age_003,5
2024,다다4002,in_age_004,15
2024,다다4002,in_age_005,5
2024,다다4002,in_age_006,8
2024,다다4002,in_age_007,13
2024,다다4002,in_age_008,8
2024,다다4002,in_age_009,8
2024,다다4002,in_age_010,18
2024,다다4002,in_age_011,23
2024,다다4002,in_age_012,23
2024,다다4002,in_age_013,23
2024,다다4002,in_age_014,18
2024,다다4002,in_age_015,13
2024,다다4002,in_age_016,8
2024,다다4002,in_age_017,8
2024,다다4002,in_age_018,5
2024,다다4002,in_age_019,5
2024,다다4002,in_age_020,0
2024,다다4002,in_age_031,0
2024,다다4002,in_age_032,5
2024,다다4002,in_age_033,5
2024,다다4002,in_age_034,5
2024,다다4002,in_age_035,5
2024,다다4002,in_age_036,5
2024,다다4002,in_age_037,8
2024,다다4002,in_age_038,8
2024,다다4002,in_age_039,8
2024,다다4002,in_age_040,8
2024,다다4002,in_age_041,18
2024,다다4002,in_age_042,8
2024,다다4002,in_age_043,13
2024,다다4002,in_age_044,8
2024,다다4002,in_age_045,8
2024,다다4002,in_age_046,5
2024,다다4002,in_age_047,5
2024,다다4002,in_age_062,8
2024,다다4002,in_age_063,0
2024,다다4002,in_age_064,15
2024,다다4002,in_age_065,0
2024,다다4002,in_age_066,5
2024,다다4002,in_age_067,5
2024,다다4002,in_age_068,5
2024,다다4002,in_age_069,5
2024,다다4002,in_age_070,8
2024,다다4002,in_age_071,8
2024,다다4002,in_age_072,13
2024,다다4002,in_age_073,8
2024,다다4002,in_age_074,8
2024,다다4002,in_age_075,5
2024,다다4002,in_age_076,8
2024,다다4002,in_age_077,8
2024,다다4002,in_age_078,5
2024,다다4002,in_age_079,5
2024,다다4002,in_age_080,0
2024,다다4002,to_in_001,210
2024,다다4002,to_in_007,103
2024,다다4002,to_in_008,105
2024,다다4003,in_age_001,23
2024,다다4003,in_age_002,53
2024,다다4003,in_age_003,78
2024,다다4003,in_age_004,59
2024,다다4003,in_age_005,34
2024,다다4003,in_age_006,63
2024,다다4003,in_age_007,73
2024,다다4003,in_age_008,95
2024,다다4003,in_age_009,144
2024,다다4003,in_age_010,128
2024,다다4003,in_age_011,149
2024,다다4003,in_age_012,135
2024,다다4003,in_age_013,139
2024,다다4003,in_age_014,158
2024,다다4003,in_age_015,93
2024,다다4003,in_age_016,78
2024,다다4003,in_age_017,43
2024,다다4003,in_age_018,38
2024,다다4003,in_age_019,13
2024,다다4003,in_age_020,5
2024,다다4003,in_age_031,8
2024,다다4003,in_age_032,28
2024,다다4003,in_age_033,35
2024,다다4003,in_age_034,39
2024,다다4003,in_age_035,19
2024,다다4003,in_age_036,33
2024,다다4003,in_age_037,43
2024,다다4003,in_age_038,48
2024,다다4003,in_age_039,64
2024,다다4003,in_age_040,59
2024,다다4003,in_age_041,93
2024,다다4003,in_age_042,68
2024,다다4003,in_age_043,64
2024,다다4003,in_age_044,65
2024,다다4003,in_age_045,38
2024,다다4003,in_age_046,43
2024,다다4003,in_age_047,13
2024,다다4003,in_age_048,13
2024,다다4003,in_age_049,8
2024,다다4003,in_age_061,13
2024,다다4003,in_age_062,23
2024,다다4003,in_age_063,41
2024,다다4003,in_age_064,23
2024,다다4003,in_age_065,13
2024,다다4003,in_age_066,28
2024,다다4003,in_age_067,33
2024,다다4003,in_age_068,50
2024,다다4003,in_age_069,78
2024,다다4003,in_age_070,67
2024,다다4003,in_age_071,54
2024,다다4003,in_age_072,65
2024,다다4003,in_age_073,78
2024,다다4003,in_age_074,96
2024,다다4003,in_age_075,58
2024,다다4003,in_age_076,33
2024,다다4003,in_age_077,33
2024,다다4003,in_age_078,23
2024,다다4003,in_age_079,13
2024,다다4003,in_age_080,5
2024,다다4003,to_in_001,1612
2024,다다4003,to_in_007,787
2024,다다4003,to_in_008,823
2024,다다4004,in_age_001,5
2024,다다4004,in_age_002,8
2024,다다4004,in_age_003,8
2024,다다4004,in_age_004,8
2024,다다4004,in_age_005,13
2024,다다4004,in_age_006,22
2024,다다4004,in_age_007,23
2024,다다4004,in_age_008,13
2024,다다4004,in_age_009,13
2024,다다4004,in_age_010,13
2024,다다4004,in_age_011,18
2024,다다4004,in_age_012,13
2024,다다4004,in_age_013,18
2024,다다4004,in_age_014,13
2024,다다4004,in_age_015,13
2024,다다4004,in_age_016,5
2024,다다4004,in_age_017,5
2024,다다4004,in_age_018,5
2024,다다4004,in_age_019,0
2024,다다4004,in_age_031,5
2024,다다4004,in_age_032,5
2024,다다4004,in_age_033,5
2024,다다4004,in_age_034,5
2024,다다4004,in_age_035,13
2024,다다4004,in_age_036,17
2024,다다4004,in_age_037,13
2024,다다4004,in_age_038,8
2024,다다4004,in_age_039,8
2024,다다4004,in_age_040,8
2024,다다4004,in_age_041,8
2024,다다4004,in_age_042,8
2024,다다4004,in_age_043,13
2024,다다4004,in_age_044,5
2024,다다4004,in_age_045,8
2024,다다4004,in_age_046,5
2024,다다4004,in_age_048,5
2024,다다4004,in_age_061,0
2024,다다4004,in_age_062,5
2024,다다4004,in_age_063,5
2024,다다4004,in_age_064,5
2024,다다4004,in_age_065,5
2024,다다4004,in_age_066,5
2024,다다4004,in_age_067,8
2024,다다4004,in_age_068,8
2024,다다4004,in_age_069,5
2024,다다4004,in_age_070,8
2024,다다4004,in_age_071,8
2024,다다4004,in_age_072,8
2024,다다4004,in_age_073,8
2024,다다4004,in_age_074,8
2024,다다4004,in_age_075,8
2024,다다4004,in_age_076,0
2024,다다4004,in_age_077,5
2024,다다4004,in_age_079,0
2024,다다4004,to_in_001,207
2024,다다4004,to_in_007,117
2024,다다4004,to_in_008,88
2024,다다4075,in_age_001,5
2024,다다4075,in_age_002,5
2024,다다4075,in_age_003,8
2024,다다4075,in_age_004,5
2024,다다4075,in_age_005,5
2024,다다4075,in_age_006,14
2024,다다4075,in_age_007,8
2024,다다4075,in_age_008,8
2024,다다4075,in_age_009,13
2024,다다4075,in_age_010,8
2024,다다4075,in_age_011,13
2024,다다4075,in_age_012,8
2024,다다4075,in_age_013,13
2024,다다4075,in_age_014,18
2024,다다4075,in_age_015,13
2024,다다4075,in_age_016,13
2024,다다4075,in_age_017,5
2024,다다4075,in_age_018,8
2024,다다4075,in_age_019,5
2024,다다4075,in_age_031,5
2024,다다4075,in_age_032,0
2024,다다4075,in_age_033,5
2024,다다4075,in_age_034,0
2024,다다4075,in_age_035,5
2024,다다4075,in_age_036,14
2024,다다4075,in_age_037,8
2024,다다4075,in_age_038,8
2024,다다4075,in_age_039,8
2024,다다4075,in_age_040,5
2024,다다4075,in_age_041,8
2024,다다4075,in_age_042,0
2024,다다4075,in_age_043,8
2024,다다4075,in_age_044,5
2024,다다4075,in_age_045,8
2024,다다4075,in_age_046,8
2024,다다4075,in_age_047,5
2024,다다4075,in_age_049,5
2024,다다4075,in_age_062,5
2024,다다4075,in_age_063,5
2024,다다4075,in_age_064,5
2024,다다4075,in_age_068,0
2024,다다4075,in_age_069,5
2024,다다4075,in_age_070,5
2024,다다4075,in_age_071,5
2024,다다4075,in_age_072,8
2024,다다4075,in_age_073,8
2024,다다4075,in_age_074,13
2024,다다4075,in_age_075,8
2024,다다4075,in_age_076,8
2024,다다4075,in_age_077,5
2024,다다4075,in_age_078,8
2024,다다4075,in_age_079,0
2024,다다4075,to_in_001,144
2024,다다4075,to_in_007,84
2024,다다4075,to_in_008,58
2024,다다4076,in_age_001,8
2024,다다4076,in_age_002,8
2024,다다4076,in_age_003,5
2024,다다4076,in_age_004,8
2024,다다4076,in_age_005,13
2024,다다4076,in_age_006,52
2024,다다4076,in_age_007,46
2024,다다4076,in_age_008,43
2024,다다4076,in_age_009,33
2024,다다4076,in_age_010,18
2024,다다4076,in_age_011,38
2024,다다4076,in_age_012,44
2024,다다4076,in_age_013,53
2024,다다4076,in_age_014,58
2024,다다4076,in_age_015,49
2024,다다4076,in_age_016,33
2024,다다4076,in_age_017,23
2024,다다4076,in_age_018,18
2024,다다4076,in_age_019,8
2024,다다4076,in_age_020,0
2024,다다4076,in_age_031,5
2024,다다4076,in_age_032,0
2024,다다4076,in_age_033,5
2024,다다4076,in_age_034,5
2024,다다4076,in_age_035,8
2024,다다4076,in_age_036,47
2024,다다4076,in_age_037,41
2024,다다4076,in_age_038,33
2024,다다4076,in_age_039,23
2024,다다4076,in_age_040,8
2024,다다4076,in_age_041,23
2024,다다4076,in_age_042,24
2024,다다4076,in_age_043,23
2024,다다4076,in_age_044,28
2024,다다4076,in_age_045,29
2024,다다4076,in_age_046,13
2024,다다4076,in_age_047,8
2024,다다4076,in_age_048,5
2024,다다4076,in_age_049,5
2024,다다4076,in_age_061,5
2024,다다4076,in_age_062,5
2024,다다4076,in_age_063,0
2024,다다4076,in_age_064,5
2024,다다4076,in_age_065,5
2024,다다4076,in_age_066,8
2024,다다4076,in_age_067,8
2024,다다4076,in_age_068,8
2024,다다4076,in_age_069,8
2024,다다4076,in_age_070,8
2024,다다4076,in_age_071,18
2024,다다4076,in_age_072,18
2024,다다4076,in_age_073,33
2024,다다4076,in_age_074,33
2024,다다4076,in_age_075,18
2024,다다4076,in_age_076,18
2024,다다4076,in_age_077,18
2024,다다4076,in_age_078,18
2024,다다4076,in_age_079,8
2024,다다4076,in_age_080,0
2024,다다4076,to_in_001,562
2024,다다4076,to_in_007,327
2024,다다4076,to_in_008,233
2024,다다4078,in_age_011,0
2024,다다4078,in_age_041,0
2024,다다4078,to_in_001,0
2024,다다4078,to_in_007,0
2024,다다4078,to_in_008,0
2024,다다4090,in_age_001,5
2024,다다4090,in_age_002,8
2024,다다4090,in_age_003,0
2024,다다4090,in_age_004,5
2024,다다4090,in_age_005,5
2024,다다4090,in_age_006,13
2024,다다4090,in_age_007,18
2024,다다4090,in_age_008,13
2024,다다4090,in_age_009,8
2024,다다4090,in_age_010,5
2024,다다4090,in_age_011,8
2024,다다4090,in_age_012,8
2024,다다4090,in_age_013,8
2024,다다4090,in_age_014,8
2024,다다4090,in_age_015,8
2024,다다4090,in_age_016,5
2024,다다4090,in_age_017,5
2024,다다4090,in_age_018,0
2024,다다4090,in_age_032,0
2024,다다4090,in_age_033,0
2024,다다4090,in_age_034,5
2024,다다4090,in_age_035,5
2024,다다4090,in_age_036,13
2024,다다4090,in_age_037,18
2024,다다4090,in_age_038,13
2024,다다4090,in_age_039,8
2024,다다4090,in_age_040,5
2024,다다4090,in_age_041,5
2024,다다4090,in_age_042,5
2024,다다4090,in_age_043,8
2024,다다4090,in_age_044,5
2024,다다4090,in_age_045,5
2024,다다4090,in_age_046,5
2024,다다4090,in_age_047,5
2024,다다4090,in_age_061,5
2024,다다4090,in_age_062,8
2024,다다4090,in_age_066,5
2024,다다4090,in_age_067,5
2024,다다4090,in_age_068,8
2024,다다4090,in_age_069,5
2024,다다4090,in_age_070,0
2024,다다4090,in_age_071,8
2024,다다4090,in_age_072,8
2024,다다4090,in_age_073,5
2024,다다4090,in_age_074,5
2024,다다4090,in_age_075,5
2024,다다4090,in_age_076,0
2024,다다4090,in_age_077,0
2024,다다4090,in_age_078,0
2024,다다4090,to_in_001,118
2024,다다4090,to_in_007,83
2024,다다4090,to_in_008,33
2024,다다4091,in_age_001,0
2024,다다4091,in_age_003,5
2024,다다4091,in_age_004,0
2024,다다4091,in_age_005,0
2024,다다4091,in_age_006,8
2024,다다4091,in_age_007,5
2024,다다4091,in_age_008,13
2024,다다4091,in_age_009,13
2024,다다4091,in_age_010,8
2024,다다4091,in_age_011,13
2024,다다4091,in_age_012,8
2024,다다4091,in_age_013,23
2024,다다4091,in_age_014,18
2024,다다4091,in_age_015,13
2024,다다4091,in_age_016,18
2024,다다4091,in_age_017,13
2024,다다4091,in_age_018,8
2024,다다4091,in_age_019,0
2024,다다4091,in_age_031,0
2024,다다4091,in_age_033,5
2024,다다4091,in_age_035,0
2024,다다4091,in_age_036,8
2024,다다4091,in_age_037,5
2024,다다4091,in_age_038,13
2024,다다4091,in_age_039,8
2024,다다4091,in_age_040,5
2024,다다4091,in_age_041,8
2024,다다4091,in_age_042,5
2024,다다4091,in_age_043,13
2024,다다4091,in_age_044,8
2024,다다4091,in_age_045,8
2024,다다4091,in_age_046,8
2024,다다4091,in_age_047,8
2024,다다4091,in_age_048,5
2024,다다4091,in_age_063,5
2024,다다4091,in_age_064,0
2024,다다4091,in_age_068,5
2024,다다4091,in_age_069,5
2024,다다4091,in_age_070,5
2024,다다4091,in_age_071,8
2024,다다4091,in_age_072,5
2024,다다4091,in_age_073,13
2024,다다4091,in_age_074,8
2024,다다4091,in_age_075,8
2024,다다4091,in_age_076,8
2024,다다4091,in_age_077,8
2024,다다4091,in_age_078,5
2024,다다4091,in_age_079,0
2024,다다4091,to_in_001,173
2024,다다4091,to_in_007,93
2024,다다4091,to_in_008,78
2024,다다4092,in_age_002,5
2024,다다4092,in_age_003,5
2024,다다4092,in_age_004,5
2024,다다4092,in_age_005,8
2024,다다4092,in_age_006,5
2024,다다4092,in_age_007,8
2024,다다4092,in_age_008,5
2024,다다4092,in_age_009,5
2024,다다4092,in_age_010,5
2024,다다4092,in_age_011,8
2024,다다4092,in_age_012,8
2024,다다4092,in_age_013,18
2024,다다4092,in_age_014,13
2024,다다4092,in_age_015,13
2024,다다4092,in_age_016,8
2024,다다4092,in_age_017,13
2024,다다4092,in_age_018,8
2024,다다4092,in_age_019,5
2024,다다4092,in_age_020,0
2024,다다4092,in_age_032,0
2024,다다4092,in_age_033,0
2024,다다4092,in_age_034,0
2024,다다4092,in_age_035,8
2024,다다4092,in_age_036,5
2024,다다4092,in_age_037,8
2024,다다4092,in_age_038,5
2024,다다4092,in_age_039,5
2024,다다4092,in_age_040,5
2024,다다4092,in_age_041,5
2024,다다4092,in_age_042,5
2024,다다4092,in_age_043,8
2024,다다4092,in_age_044,8
2024,다다4092,in_age_045,8
2024,다다4092,in_age_046,8
2024,다다4092,in_age_047,0
2024,다다4092,in_age_048,5
2024,다다4092,in_age_049,0
2024,다다4092,in_age_062,0
2024,다다4092,in_age_063,0
2024,다다4092,in_age_064,5
2024,다다4092,in_age_065,0
2024,다다4092,in_age_067,0
2024,다다4092,in_age_069,5
2024,다다4092,in_age_070,5
2024,다다4092,in_age_071,8
2024,다다4092,in_age_072,5
2024,다다4092,in_age_073,8
2024,다다4092,in_age_074,5
2024,다다4092,in_age_075,8
2024,다다4092,in_age_076,5
2024,다다4092,in_age_077,13
2024,다다4092,in_age_078,8
2024,다다4092,in_age_079,0
2024,다다4092,in_age_080,0
2024,다다4092,to_in_001,128
2024,다다4092,to_in_007,68
2024,다다4092,to_in_008,58
2024,다다4093,in_age_001,0
2024,다다4093,in_age_002,5
2024,다다4093,in_age_003,5
2024,다다4093,in_age_004,5
2024,다다4093,in_age_005,5
2024,다다4093,in_age_006,8
2024,다다4093,in_age_007,5
2024,다다4093,in_age_008,8
2024,다다4093,in_age_009,5
2024,다다4093,in_age_010,5
2024,다다4093,in_age_011,5
2024,다다4093,in_age_012,13
2024,다다4093,in_age_013,8
2024,다다4093,in_age_014,18
2024,다다4093,in_age_015,13
2024,다다4093,in_age_016,8
2024,다다4093,in_age_017,8
2024,다다4093,in_age_018,8
2024,다다4093,in_age_019,5
2024,다다4093,in_age_032,0
2024,다다4093,in_age_033,5
2024,다다4093,in_age_035,5
2024,다다4093,in_age_036,8
2024,다다4093,in_age_037,5
2024,다다4093,in_age_038,8
2024,다다4093,in_age_039,0
2024,다다4093,in_age_040,0
2024,다다4093,in_age_041,5
2024,다다4093,in_age_042,13
2024,다다4093,in_age_043,5
2024,다다4093,in_age_044,13
2024,다다4093,in_age_045,5
2024,다다4093,in_age_046,5
2024,다다4093,in_age_047,5
2024,다다4093,in_age_048,5
2024,다다4093,in_age_061,0
2024,다다4093,in_age_062,0
2024,다다4093,in_age_063,0
2024,다다4093,in_age_064,5
2024,다다4093,in_age_066,0
2024,다다4093,in_age_067,0
2024,다다4093,in_age_068,0
2024,다다4093,in_age_069,0
2024,다다4093,in_age_070,5
2024,다다4093,in_age_071,0
2024,다다4093,in_age_072,5
2024,다다4093,in_age_073,5
2024,다다4093,in_age_074,8
2024,다다4093,in_age_075,8
2024,다다4093,in_age_076,8
2024,다다4093,in_age_077,8
2024,다다4093,in_age_078,5
2024,다다4093,in_age_079,5
2024,다다4093,to_in_001,123
2024,다다4093,to_in_007,68
2024,다다4093,to_in_008,58
2024,다다4094,in_age_001,5
2024,다다4094,in_age_002,0
2024,다다4094,in_age_004,5
2024,다다4094,in_age_005,5
2024,다다4094,in_age_006,5
2024,다다4094,in_age_007,8
2024,다다4094,in_age_008,5
2024,다다4094,in_age_009,5
2024,다다4094,in_age_011,8
2024,다다4094,in_age_012,8
2024,다다4094,in_age_013,8
2024,다다4094,in_age_014,8
2024,다다4094,in_age_015,8
2024,다다4094,in_age_016,5
2024,다다4094,in_age_017,5
2024,다다4094,in_age_018,5
2024,다다4094,in_age_031,5
2024,다다4094,in_age_034,0
2024,다다4094,in_age_035,5
2024,다다4094,in_age_037,5
2024,다다4094,in_age_038,0
2024,다다4094,in_age_039,5
2024,다다4094,in_age_041,8
2024,다다4094,in_age_042,5
2024,다다4094,in_age_043,5
2024,다다4094,in_age_044,5
2024,다다4094,in_age_045,5
2024,다다4094,in_age_046,0
2024,다다4094,in_age_047,0
2024,다다4094,in_age_048,5
2024,다다4094,in_age_061,0
2024,다다4094,in_age_062,0
2024,다다4094,in_age_064,5
2024,다다4094,in_age_066,5
2024,다다4094,in_age_067,5
2024,다다4094,in_age_068,0
2024,다다4094,in_age_071,5
2024,다다4094,in_age_072,5
2024,다다4094,in_age_073,5
2024,다다4094,in_age_074,5
2024,다다4094,in_age_075,5
2024,다다4094,in_age_076,5
2024,다다4094,in_age_077,5
2024,다다4094,in_age_078,0
2024,다다4094,to_in_001,53
2024,다다4094,to_in_007,23
2024,다다4094,to_in_008,28
2024,다다4095,in_age_004,5
2024,다다4095,in_age_005,5
2024,다다4095,in_age_006,5
2024,다다4095,in_age_007,8
2024,다다4095,in_age_008,5
2024,다다4095,in_age_009,8
2024,다다4095,in_age_012,8
2024,다다4095,in_age_013,5
2024,다다4095,in_age_014,5
2024,다다4095,in_age_034,5
2024,다다4095,in_age_035,5
2024,다다4095,in_age_036,5
2024,다다4095,in_age_037,8
2024,다다4095,in_age_038,5
2024,다다4095,in_age_039,8
2024,다다4095,in_age_042,5
2024,다다4095,in_age_043,0
2024,다다4095,in_age_044,5
2024,다다4095,in_age_067,0
2024,다다4095,in_age_072,5
2024,다다4095,in_age_073,0
2024,다다4095,to_in_001,33
2024,다다4095,to_in_007,28
2024,다다4095,to_in_008,5
2024,다다4099,in_age_003,0
2024,다다4099,in_age_006,0
2024,다다4099,in_age_007,0
2024,다다4099,in_age_011,0
2024,다다4099,in_age_012,5
2024,다다4099,in_age_013,5
2024,다다4099,in_age_014,5
2024,다다4099,in_age_015,0
2024,다다4099,in_age_016,5
2024,다다4099,in_age_017,0
2024,다다4099,in_age_018,0
2024,다다4099,in_age_019,0
2024,다다4099,in_age_033,0
2024,다다4099,in_age_036,0
2024,다다4099,in_age_037,0
2024,다다4099,in_age_041,0
2024,다다4099,in_age_042,0
2024,다다4099,in_age_043,5
2024,다다4099,in_age_045,0
2024,다다4099,in_age_046,0
2024,다다4099,in_age_047,0
2024,다다4099,in_age_049,0
2024,다다4099,in_age_072,5
2024,다다4099,in_age_074,5
2024,다다4099,in_age_076,0
2024,다다4099,in_age_078,0
2024,다다4099,to_in_001,18
2024,다다4099,to_in_007,8
2024,다다4099,to_in_008,8
2024,다다4101,in_age_006,5
2024,다다4101,in_age_014,0
2024,다다4101,in_age_044,0
2024,다다4101,in_age_066,5
2024,다다4101,to_in_001,5
2024,다다4101,to_in_007,0
2024,다다4101,to_in_008,5
2024,다다4102,in_age_001,5
2024,다다4102,in_age_002,8
2024,다다4102,in_age_003,8
2024,다다4102,in_age_004,8
2024,다다4102,in_age_005,8
2024,다다4102,in_age_006,13
2024,다다4102,in_age_007,8
2024,다다4102,in_age_008,8
2024,다다4102,in_age_009,18
2024,다다4102,in_age_010,18
2024,다다4102,in_age_011,23
2024,다다4102,in_age_012,18
2024,다다4102,in_age_013,13
2024,다다4102,in_age_014,18
2024,다다4102,in_age_015,18
2024,다다4102,in_age_016,13
2024,다다4102,in_age_017,8
2024,다다4102,in_age_018,8
2024,다다4102,in_age_019,5
2024,다다4102,in_age_020,5
2024,다다4102,in_age_031,5
2024,다다4102,in_age_032,5
2024,다다4102,in_age_033,5
2024,다다4102,in_age_034,8
2024,다다4102,in_age_035,5
2024,다다4102,in_age_036,8
2024,다다4102,in_age_037,8
2024,다다4102,in_age_038,8
2024,다다4102,in_age_039,8
2024,다다4102,in_age_040,8
2024,다다4102,in_age_041,13
2024,다다4102,in_age_042,8
2024,다다4102,in_age_043,8
2024,다다4102,in_age_044,8
2024,다다4102,in_age_045,13
2024,다다4102,in_age_046,5
2024,다다4102,in_age_047,5
2024,다다4102,in_age_048,5
2024,다다4102,in_age_049,0
2024,다다4102,in_age_050,5
2024,다다4102,in_age_061,0
2024,다다4102,in_age_062,5
2024,다다4102,in_age_063,5
2024,다다4102,in_age_064,5
2024,다다4102,in_age_065,5
2024,다다4102,in_age_066,5
2024,다다4102,in_age_067,5
2024,다다4102,in_age_068,5
2024,다다4102,in_age_069,8
2024,다다4102,in_age_070,8
2024,다다4102,in_age_071,8
2024,다다4102,in_age_072,8
2024,다다4102,in_age_073,8
2024,다다4102,in_age_074,8
2024,다다4102,in_age_075,8
2024,다다4102,in_age_076,8
2024,다다4102,in_age_077,8
2024,다다4102,in_age_078,8
2024,다다4102,in_age_079,5
2024,다다4102,to_in_001,213
2024,다다4102,to_in_007,108
2024,다다4102,to_in_008,103
2024,다다4103,in_age_001,8
2024,다다4103,in_age_002,18
2024,다다4103,in_age_003,13
2024,다다4103,in_age_004,20
2024,다다4103,in_age_005,8
2024,다다4103,in_age_006,18
2024,다다4103,in_age_007,23
2024,다다4103,in_age_008,23
2024,다다4103,in_age_009,43
2024,다다4103,in_age_010,23
2024,다다4103,in_age_011,38
2024,다다4103,in_age_012,33
2024,다다4103,in_age_013,53
2024,다다4103,in_age_014,33
2024,다다4103,in_age_015,23
2024,다다4103,in_age_016,23
2024,다다4103,in_age_017,18
2024,다다4103,in_age_018,18
2024,다다4103,in_age_019,5
2024,다다4103,in_age_020,5
2024,다다4103,in_age_021,0
2024,다다4103,in_age_031,5
2024,다다4103,in_age_032,8
2024,다다4103,in_age_033,8
2024,다다4103,in_age_034,8
2024,다다4103,in_age_035,8
2024,다다4103,in_age_036,13
2024,다다4103,in_age_037,18
2024,다다4103,in_age_038,13
2024,다다4103,in_age_039,18
2024,다다4103,in_age_040,13
2024,다다4103,in_age_041,13
2024,다다4103,in_age_042,18
2024,다다4103,in_age_043,28
2024,다다4103,in_age_044,18
2024,다다4103,in_age_045,13
2024,다다4103,in_age_046,8
2024,다다4103,in_age_047,8
2024,다다4103,in_age_048,8
2024,다다4103,in_age_049,5
2024,다다4103,in_age_050,5
2024,다다4103,in_age_061,5
2024,다다4103,in_age_062,8
2024,다다4103,in_age_063,8
2024,다다4103,in_age_064,12
2024,다다4103,in_age_065,0
2024,다다4103,in_age_066,8
2024,다다4103,in_age_067,8
2024,다다4103,in_age_068,13
2024,다다4103,in_age_069,23
2024,다다4103,in_age_070,13
2024,다다4103,in_age_071,23
2024,다다4103,in_age_072,18
2024,다다4103,in_age_073,28
2024,다다4103,in_age_074,13
2024,다다4103,in_age_075,13
2024,다다4103,in_age_076,13
2024,다다4103,in_age_077,8
2024,다다4103,in_age_078,13
2024,다다4103,in_age_079,5
2024,다다4103,in_age_080,0
2024,다다4103,in_age_081,0
2024,다다4103,to_in_001,440
2024,다다4103,to_in_007,213
2024,다다4103,to_in_008,225
2024,다다4104,in_age_003,0
2024,다다4104,in_age_004,5
2024,다다4104,in_age_005,0
2024,다다4104,in_age_006,5
2024,다다4104,in_age_007,8
2024,다다4104,in_age_008,5
2024,다다4104,in_age_010,5
2024,다다4104,in_age_011,8
2024,다다4104,in_age_012,5
2024,다다4104,in_age_013,8
2024,다다4104,in_age_014,5
2024,다다4104,in_age_015,5
2024,다다4104,in_age_016,5
2024,다다4104,in_age_017,0
2024,다다4104,in_age_018,0
2024,다다4104,in_age_033,0
2024,다다4104,in_age_034,0
2024,다다4104,in_age_035,0
2024,다다4104,in_age_037,5
2024,다다4104,in_age_038,5
2024,다다4104,in_age_040,0
2024,다다4104,in_age_041,5
2024,다다4104,in_age_042,5
2024,다다4104,in_age_043,5
2024,다다4104,in_age_044,0
2024,다다4104,in_age_045,5
2024,다다4104,in_age_046,0
2024,다다4104,in_age_047,0
2024,다다4104,in_age_048,0
2024,다다4104,in_age_064,0
2024,다다4104,in_age_066,5
2024,다다4104,in_age_067,5
2024,다다4104,in_age_070,5
2024,다다4104,in_age_071,5
2024,다다4104,in_age_073,8
2024,다다4104,in_age_074,5
2024,다다4104,in_age_076,5
2024,다다4104,to_in_001,38
2024,다다4104,to_in_007,23
2024,다다4104,to_in_008,18
2024,다다4175,in_age_001,0
2024,다다4175,in_age_002,0
2024,다다4175,in_age_003,0
2024,다다4175,in_age_005,0
2024,다다4175,in_age_006,0
2024,다다4175,in_age_008,5
2024,다다4175,in_age_009,8
2024,다다4175,in_age_010,5
2024,다다4175,in_age_011,5
2024,다다4175,in_age_012,5
2024,다다4175,in_age_013,8
2024,다다4175,in_age_014,8
2024,다다4175,in_age_015,13
2024,다다4175,in_age_016,8
2024,다다4175,in_age_017,13
2024,다다4175,in_age_018,8
2024,다다4175,in_age_019,8
2024,다다4175,in_age_020,5
2024,다다4175,in_age_032,0
2024,다다4175,in_age_033,0
2024,다다4175,in_age_035,0
2024,다다4175,in_age_036,0
2024,다다4175,in_age_038,0
2024,다다4175,in_age_039,8
2024,다다4175,in_age_040,5
2024,다다4175,in_age_041,5
2024,다다4175,in_age_042,5
2024,다다4175,in_age_043,8
2024,다다4175,in_age_044,8
2024,다다4175,in_age_045,5
2024,다다4175,in_age_046,5
2024,다다4175,in_age_047,8
2024,다다4175,in_age_048,5
2024,다다4175,in_age_049,5
2024,다다4175,in_age_061,0
2024,다다4175,in_age_068,0
2024,다다4175,in_age_069,0
2024,다다4175,in_age_070,0
2024,다다4175,in_age_071,0
2024,다다4175,in_age_072,0
2024,다다4175,in_age_073,0
2024,다다4175,in_age_074,5
2024,다다4175,in_age_075,8
2024,다다4175,in_age_076,8
2024,다다4175,in_age_077,8
2024,다다4175,in_age_078,8
2024,다다4175,in_age_079,8
2024,다다4175,in_age_080,5
2024,다다4175,to_in_001,98
2024,다다4175,to_in_007,53
2024,다다4175,to_in_008,48
2024,다다4176,in_age_003,5
2024,다다4176,in_age_004,0
2024,다다4176,in_age_005,8
2024,다다4176,in_age_006,18
2024,다다4176,in_age_007,8
2024,다다4176,in_age_008,13
2024,다다4176,in_age_009,5
2024,다다4176,in_age_010,8
2024,다다4176,in_age_011,13
2024,다다4176,in_age_012,13
2024,다다4176,in_age_013,33
2024,다다4176,in_age_014,8
2024,다다4176,in_age_015,8
2024,다다4176,in_age_016,13
2024,다다4176,in_age_017,18
2024,다다4176,in_age_018,8
2024,다다4176,in_age_019,8
2024,다다4176,in_age_035,8
2024,다다4176,in_age_036,13
2024,다다4176,in_age_037,8
2024,다다4176,in_age_038,13
2024,다다4176,in_age_039,5
2024,다다4176,in_age_040,5
2024,다다4176,in_age_041,8
2024,다다4176,in_age_042,13
2024,다다4176,in_age_043,18
2024,다다4176,in_age_044,8
2024,다다4176,in_age_045,5
2024,다다4176,in_age_046,5
2024,다다4176,in_age_047,8
2024,다다4176,in_age_048,5
2024,다다4176,in_age_049,5
2024,다다4176,in_age_063,5
2024,다다4176,in_age_064,0
2024,다다4176,in_age_065,5
2024,다다4176,in_age_066,8
2024,다다4176,in_age_067,5
2024,다다4176,in_age_069,5
2024,다다4176,in_age_070,8
2024,다다4176,in_age_071,5
2024,다다4176,in_age_072,5
2024,다다4176,in_age_073,13
2024,다다4176,in_age_074,5
2024,다다4176,in_age_075,8
2024,다다4176,in_age_076,8
2024,다다4176,in_age_077,13
2024,다다4176,in_age_078,5
2024,다다4176,in_age_079,8
2024,다다4176,to_in_001,173
2024,다다4176,to_in_007,98
2024,다다4176,to_in_008,78
2024,다다4177,in_age_001,5
2024,다다4177,in_age_002,0
2024,다다4177,in_age_003,0
2024,다다4177,in_age_006,5
2024,다다4177,in_age_008,8
2024,다다4177,in_age_009,8
2024,다다4177,in_age_010,0
2024,다다4177,in_age_011,0
2024,다다4177,in_age_013,5
2024,다다4177,in_age_014,8
2024,다다4177,in_age_016,0
2024,다다4177,in_age_032,0
2024,다다4177,in_age_036,5
2024,다다4177,in_age_038,5
2024,다다4177,in_age_039,5
2024,다다4177,in_age_041,0
2024,다다4177,in_age_043,5
2024,다다4177,in_age_044,8
2024,다다4177,in_age_061,5
2024,다다4177,in_age_063,0
2024,다다4177,in_age_068,5
2024,다다4177,in_age_069,5
2024,다다4177,in_age_070,0
2024,다다4177,in_age_073,5
2024,다다4177,in_age_076,0
2024,다다4177,to_in_001,28
2024,다다4177,to_in_007,18
2024,다다4177,to_in_008,13
2024,다다4178,in_age_001,5
2024,다다4178,in_age_002,5
2024,다다4178,in_age_003,8
2024,다다4178,in_age_004,8
2024,다다4178,in_age_005,8
2024,다다4178,in_age_006,18
2024,다다4178,in_age_007,13
2024,다다4178,in_age_008,18
2024,다다4178,in_age_009,18
2024,다다4178,in_age_010,8
2024,다다4178,in_age_011,13
2024,다다4178,in_age_012,8
2024,다다4178,in_age_013,23
2024,다다4178,in_age_014,18
2024,다다4178,in_age_015,5
2024,다다4178,in_age_016,18
2024,다다4178,in_age_017,8
2024,다다4178,in_age_018,18
2024,다다4178,in_age_019,5
2024,다다4178,in_age_033,5
2024,다다4178,in_age_034,8
2024,다다4178,in_age_035,5
2024,다다4178,in_age_036,18
2024,다다4178,in_age_037,13
2024,다다4178,in_age_038,13
2024,다다4178,in_age_039,13
2024,다다4178,in_age_040,5
2024,다다4178,in_age_041,8
2024,다다4178,in_age_042,5
2024,다다4178,in_age_043,8
2024,다다4178,in_age_044,13
2024,다다4178,in_age_045,5
2024,다다4178,in_age_046,5
2024,다다4178,in_age_047,0
2024,다다4178,in_age_048,5
2024,다다4178,in_age_061,5
2024,다다4178,in_age_062,5
2024,다다4178,in_age_063,5
2024,다다4178,in_age_065,0
2024,다다4178,in_age_067,0
2024,다다4178,in_age_068,5
2024,다다4178,in_age_069,5
2024,다다4178,in_age_070,5
2024,다다4178,in_age_071,5
2024,다다4178,in_age_072,5
2024,다다4178,in_age_073,13
2024,다다4178,in_age_074,5
2024,다다4178,in_age_075,0
2024,다다4178,in_age_076,13
2024,다다4178,in_age_077,8
2024,다다4178,in_age_078,13
2024,다다4178,in_age_079,5
2024,다다4178,to_in_001,193
2024,다다4178,to_in_007,123
2024,다다4178,to_in_008,73
2024,다다4191,in_age_002,8
2024,다다4191,in_age_003,5
2024,다다4191,in_age_004,5
2024,다다4191,in_age_005,5
2024,다다4191,in_age_006,8
2024,다다4191,in_age_007,8
2024,다다4191,in_age_008,5
2024,다다4191,in_age_009,8
2024,다다4191,in_age_010,0
2024,다다4191,in_age_011,5
2024,다다4191,in_age_012,5
2024,다다4191,in_age_013,5
2024,다다4191,in_age_014,8
2024,다다4191,in_age_015,8
2024,다다4191,in_age_016,5
2024,다다4191,in_age_017,5
2024,다다4191,in_age_018,5
2024,다다4191,in_age_032,5
2024,다다4191,in_age_033,0
2024,다다4191,in_age_034,5
2024,다다4191,in_age_035,5
2024,다다4191,in_age_036,8
2024,다다4191,in_age_037,8
2024,다다4191,in_age_038,5
2024,다다4191,in_age_039,8
2024,다다4191,in_age_041,5
2024,다다4191,in_age_042,5
2024,다다4191,in_age_043,0
2024,다다4191,in_age_044,5
2024,다다4191,in_age_045,8
2024,다다4191,in_age_046,0
2024,다다4191,in_age_047,5
2024,다다4191,in_age_048,0
2024,다다4191,in_age_062,8
2024,다다4191,in_age_063,5
2024,다다4191,in_age_066,0
2024,다다4191,in_age_068,0
2024,다다4191,in_age_069,0
2024,다다4191,in_age_070,0
2024,다다4191,in_age_072,5
2024,다다4191,in_age_073,5
2024,다다4191,in_age_074,5
2024,다다4191,in_age_075,5
2024,다다4191,in_age_076,0
2024,다다4191,in_age_077,5
2024,다다4191,in_age_078,0
2024,다다4191,to_in_001,58
2024,다다4191,to_in_007,38
2024,다다4191,to_in_008,23
2024,다다4192,in_age_004,0
2024,다다4192,in_age_005,5
2024,다다4192,in_age_006,8
2024,다다4192,in_age_007,8
2024,다다4192,in_age_008,8
2024,다다4192,in_age_009,5
2024,다다4192,in_age_010,5
2024,다다4192,in_age_011,8
2024,다다4192,in_age_012,5
2024,다다4192,in_age_013,13
2024,다다4192,in_age_014,8
2024,다다4192,in_age_015,5
2024,다다4192,in_age_016,8
2024,다다4192,in_age_017,13
2024,다다4192,in_age_018,5
2024,다다4192,in_age_019,5
2024,다다4192,in_age_020,0
2024,다다4192,in_age_034,0
2024,다다4192,in_age_035,0
2024,다다4192,in_age_036,8
2024,다다4192,in_age_037,8
2024,다다4192,in_age_038,8
2024,다다4192,in_age_039,0
2024,다다4192,in_age_040,0
2024,다다4192,in_age_041,5
2024,다다4192,in_age_042,5
2024,다다4192,in_age_043,8
2024,다다4192,in_age_044,5
2024,다다4192,in_age_045,5
2024,다다4192,in_age_046,8
2024,다다4192,in_age_047,8
2024,다다4192,in_age_048,0
2024,다다4192,in_age_049,0
2024,다다4192,in_age_065,0
2024,다다4192,in_age_066,0
2024,다다4192,in_age_067,0
2024,다다4192,in_age_069,0
2024,다다4192,in_age_070,5
2024,다다4192,in_age_071,0
2024,다다4192,in_age_073,5
2024,다다4192,in_age_074,8
2024,다다4192,in_age_075,5
2024,다다4192,in_age_076,8
2024,다다4192,in_age_077,8
2024,다다4192,in_age_078,5
2024,다다4192,in_age_079,5
2024,다다4192,in_age_080,0
2024,다다4192,to_in_001,103
2024,다다4192,to_in_007,63
2024,다다4192,to_in_008,43
2024,다다4194,in_age_002,5
2024,다다4194,in_age_004,0
2024,다다4194,in_age_005,0
2024,다다4194,in_age_006,5
2024,다다4194,in_age_007,13
2024,다다4194,in_age_008,0
2024,다다4194,in_age_009,5
2024,다다4194,in_age_010,5
2024,다다4194,in_age_011,0
2024,다다4194,in_age_017,0
2024,다다4194,in_age_034,0
2024,다다4194,in_age_035,0
2024,다다4194,in_age_036,5
2024,다다4194,in_age_037,13
2024,다다4194,in_age_038,0
2024,다다4194,in_age_039,5
2024,다다4194,in_age_040,0
2024,다다4194,in_age_041,0
2024,다다4194,in_age_047,0
2024,다다4194,in_age_062,5
2024,다다4194,in_age_070,0
2024,다다4194,to_in_001,26
2024,다다4194,to_in_007,21
2024,다다4194,to_in_008,5
2024,다다4195,in_age_006,5
2024,다다4195,in_age_007,8
2024,다다4195,in_age_008,5
2024,다다4195,in_age_009,5
2024,다다4195,in_age_012,0
2024,다다4195,in_age_013,0
2024,다다4195,in_age_036,5
2024,다다4195,in_age_037,5
2024,다다4195,in_age_038,5
2024,다다4195,in_age_039,5
2024,다다4195,in_age_043,0
2024,다다4195,in_age_067,0
2024,다다4195,in_age_072,0
2024,다다4195,to_in_001,13
2024,다다4195,to_in_007,13
2024,다다4195,to_in_008,5
2024,다다4197,in_age_007,5
2024,다다4197,in_age_008,0
2024,다다4197,in_age_012,0
2024,다다4197,in_age_013,0
2024,다다4197,in_age_014,5
2024,다다4197,in_age_037,5
2024,다다4197,in_age_038,0
2024,다다4197,in_age_043,0
2024,다다4197,in_age_044,0
2024,다다4197,in_age_072,0
2024,다다4197,in_age_074,0
2024,다다4197,to_in_001,8
2024,다다4197,to_in_007,8
2024,다다4197,to_in_008,5
2024,다다4198,in_age_004,0
2024,다다4198,in_age_005,0
2024,다다4198,in_age_007,5
2024,다다4198,in_age_009,5
2024,다다4198,in_age_011,5
2024,다다4198,in_age_012,8
2024,다다4198,in_age_013,5
2024,다다4198,in_age_014,5
2024,다다4198,in_age_015,5
2024,다다4198,in_age_016,5
2024,다다4198,in_age_017,5
2024,다다4198,in_age_018,5
2024,다다4198,in_age_019,0
2024,다다4198,in_age_034,0
2024,다다4198,in_age_035,0
2024,다다4198,in_age_037,5
2024,다다4198,in_age_039,5
2024,다다4198,in_age_041,0
2024,다다4198,in_age_042,5
2024,다다4198,in_age_043,5
2024,다다4198,in_age_044,5
2024,다다4198,in_age_045,5
2024,다다4198,in_age_046,0
2024,다다4198,in_age_047,0
2024,다다4198,in_age_048,0
2024,다다4198,in_age_071,5
2024,다다4198,in_age_072,5
2024,다다4198,in_age_073,0
2024,다다4198,in_age_074,5
2024,다다4198,in_age_075,5
2024,다다4198,in_age_076,5
2024,다다4198,in_age_077,5
2024,다다4198,in_age_078,0
2024,다다4198,in_age_079,0
2024,다다4198,to_in_001,38
2024,다다4198,to_in_007,23
2024,다다4198,to_in_008,18
2024,다다4199,in_age_001,0
2024,다다4199,in_age_002,0
2024,다다4199,in_age_003,5
2024,다다4199,in_age_004,5
2024,다다4199,in_age_005,5
2024,다다4199,in_age_006,13
2024,다다4199,in_age_007,13
2024,다다4199,in_age_008,8
2024,다다4199,in_age_009,8
2024,다다4199,in_age_010,8
2024,다다4199,in_age_011,8
2024,다다4199,in_age_012,8
2024,다다4199,in_age_013,5
2024,다다4199,in_age_014,8
2024,다다4199,in_age_015,8
2024,다다4199,in_age_016,13
2024,다다4199,in_age_017,8
2024,다다4199,in_age_018,8
2024,다다4199,in_age_019,5
2024,다다4199,in_age_032,0
2024,다다4199,in_age_033,0
2024,다다4199,in_age_034,5
2024,다다4199,in_age_035,5
2024,다다4199,in_age_036,13
2024,다다4199,in_age_037,13
2024,다다4199,in_age_038,8
2024,다다4199,in_age_039,8
2024,다다4199,in_age_040,5
2024,다다4199,in_age_041,5
2024,다다4199,in_age_042,8
2024,다다4199,in_age_043,5
2024,다다4199,in_age_044,5
2024,다다4199,in_age_045,5
2024,다다4199,in_age_046,5
2024,다다4199,in_age_047,5
2024,다다4199,in_age_048,5
2024,다다4199,in_age_061,0
2024,다다4199,in_age_063,5
2024,다다4199,in_age_064,5
2024,다다4199,in_age_066,5
2024,다다4199,in_age_067,5
2024,다다4199,in_age_069,0
2024,다다4199,in_age_070,5
2024,다다4199,in_age_071,8
2024,다다4199,in_age_072,5
2024,다다4199,in_age_074,8
2024,다다4199,in_age_075,5
2024,다다4199,in_age_076,8
2024,다다4199,in_age_077,8
2024,다다4199,in_age_078,8
2024,다다4199,in_age_079,5
2024,다다4199,to_in_001,128
2024,다다4199,to_in_007,78
2024,다다4199,to_in_008,53
2024,다다4200,in_age_009,0
2024,다다4200,in_age_011,0
2024,다다4200,in_age_013,5
2024,다다4200,in_age_014,5
2024,다다4200,in_age_041,0
2024,다다4200,in_age_043,0
2024,다다4200,in_age_044,0
2024,다다4200,in_age_069,0
2024,다다4200,in_age_073,0
2024,다다4200,in_age_074,5
2024,다다4200,to_in_001,8
2024,다다4200,to_in_007,5
2024,다다4200,to_in_008,5
2024,다다4201,in_age_001,5
2024,다다4201,in_age_002,5
2024,다다4201,in_age_003,5
2024,다다4201,in_age_004,5
2024,다다4201,in_age_005,0
2024,다다4201,in_age_006,5
2024,다다4201,in_age_007,8
2024,다다4201,in_age_008,8
2024,다다4201,in_age_009,8
2024,다다4201,in_age_010,5
2024,다다4201,in_age_011,5
2024,다다4201,in_age_012,0
2024,다다4201,in_age_013,0
2024,다다4201,in_age_014,8
2024,다다4201,in_age_015,5
2024,다다4201,in_age_016,0
2024,다다4201,in_age_031,0
2024,다다4201,in_age_032,5
2024,다다4201,in_age_033,5
2024,다다4201,in_age_034,5
2024,다다4201,in_age_035,0
2024,다다4201,in_age_036,5
2024,다다4201,in_age_037,5
2024,다다4201,in_age_038,5
2024,다다4201,in_age_039,5
2024,다다4201,in_age_040,5
2024,다다4201,in_age_041,5
2024,다다4201,in_age_043,0
2024,다다4201,in_age_044,5
2024,다다4201,in_age_045,0
2024,다다4201,in_age_046,0
2024,다다4201,in_age_061,5
2024,다다4201,in_age_063,0
2024,다다4201,in_age_064,5
2024,다다4201,in_age_067,5
2024,다다4201,in_age_068,5
2024,다다4201,in_age_069,8
2024,다다4201,in_age_070,0
2024,다다4201,in_age_071,5
2024,다다4201,in_age_072,0
2024,다다4201,in_age_074,5
2024,다다4201,in_age_075,5
2024,다다4201,to_in_001,58
2024,다다4201,to_in_007,33
2024,다다4201,to_in_008,23
2024,다다4202,in_age_001,0
2024,다다4202,in_age_002,0
2024,다다4202,in_age_003,0
2024,다다4202,in_age_005,0
2024,다다4202,in_age_006,5
2024,다다4202,in_age_007,5
2024,다다4202,in_age_008,5
2024,다다4202,in_age_009,0
2024,다다4202,in_age_010,5
2024,다다4202,in_age_011,5
2024,다다4202,in_age_012,13
2024,다다4202,in_age_013,8
2024,다다4202,in_age_014,8
2024,다다4202,in_age_015,5
2024,다다4202,in_age_016,8
2024,다다4202,in_age_017,8
2024,다다4202,in_age_018,5
2024,다다4202,in_age_019,5
2024,다다4202,in_age_032,0
2024,다다4202,in_age_033,0
2024,다다4202,in_age_035,0
2024,다다4202,in_age_036,0
2024,다다4202,in_age_037,0
2024,다다4202,in_age_038,5
2024,다다4202,in_age_039,0
2024,다다4202,in_age_040,0
2024,다다4202,in_age_041,5
2024,다다4202,in_age_042,8
2024,다다4202,in_age_043,8
2024,다다4202,in_age_044,5
2024,다다4202,in_age_045,0
2024,다다4202,in_age_046,0
2024,다다4202,in_age_047,5
2024,다다4202,in_age_061,0
2024,다다4202,in_age_066,0
2024,다다4202,in_age_067,0
2024,다다4202,in_age_068,5
2024,다다4202,in_age_070,5
2024,다다4202,in_age_072,8
2024,다다4202,in_age_073,8
2024,다다4202,in_age_074,8
2024,다다4202,in_age_075,5
2024,다다4202,in_age_076,8
2024,다다4202,in_age_077,5
2024,다다4202,in_age_078,5
2024,다다4202,in_age_079,5
2024,다다4202,to_in_001,73
2024,다다4202,to_in_007,33
2024,다다4202,to_in_008,43
2024,다다4203,in_age_001,5
2024,다다4203,in_age_002,13
2024,다다4203,in_age_003,14
2024,다다4203,in_age_004,18
2024,다다4203,in_age_005,8
2024,다다4203,in_age_006,23
2024,다다4203,in_age_007,23
2024,다다4203,in_age_008,18
2024,다다4203,in_age_009,38
2024,다다4203,in_age_010,38
2024,다다4203,in_age_011,43
2024,다다4203,in_age_012,63
2024,다다4203,in_age_013,43
2024,다다4203,in_age_014,53
2024,다다4203,in_age_015,38
2024,다다4203,in_age_016,33
2024,다다4203,in_age_017,33
2024,다다4203,in_age_018,18
2024,다다4203,in_age_019,8
2024,다다4203,in_age_020,0
2024,다다4203,in_age_031,5
2024,다다4203,in_age_032,5
2024,다다4203,in_age_033,11
2024,다다4203,in_age_034,13
2024,다다4203,in_age_035,8
2024,다다4203,in_age_036,13
2024,다다4203,in_age_037,13
2024,다다4203,in_age_038,5
2024,다다4203,in_age_039,23
2024,다다4203,in_age_040,23
2024,다다4203,in_age_041,23
2024,다다4203,in_age_042,38
2024,다다4203,in_age_043,28
2024,다다4203,in_age_044,23
2024,다다4203,in_age_045,18
2024,다다4203,in_age_046,18
2024,다다4203,in_age_047,13
2024,다다4203,in_age_048,5
2024,다다4203,in_age_049,5
2024,다다4203,in_age_061,5
2024,다다4203,in_age_062,8
2024,다다4203,in_age_063,8
2024,다다4203,in_age_064,5
2024,다다4203,in_age_065,0
2024,다다4203,in_age_066,8
2024,다다4203,in_age_067,8
2024,다다4203,in_age_068,13
2024,다다4203,in_age_069,18
2024,다다4203,in_age_070,18
2024,다다4203,in_age_071,18
2024,다다4203,in_age_072,23
2024,다다4203,in_age_073,18
2024,다다4203,in_age_074,28
2024,다다4203,in_age_075,23
2024,다다4203,in_age_076,18
2024,다다4203,in_age_077,18
2024,다다4203,in_age_078,18
2024,다다4203,in_age_079,8
2024,다다4203,in_age_080,0
2024,다다4203,to_in_001,529
2024,다다4203,to_in_007,279
2024,다다4203,to_in_008,248
2024,다다4204,in_age_001,5
2024,다다4204,in_age_002,5
2024,다다4204,in_age_003,8
2024,다다4204,in_age_004,0
2024,다다4204,in_age_005,5
2024,다다4204,in_age_006,8
2024,다다4204,in_age_007,5
2024,다다4204,in_age_008,8
2024,다다4204,in_age_009,13
2024,다다4204,in_age_010,13
2024,다다4204,in_age_011,13
2024,다다4204,in_age_012,8
2024,다다4204,in_age_013,8
2024,다다4204,in_age_014,18
2024,다다4204,in_age_015,8
2024,다다4204,in_age_016,8
2024,다다4204,in_age_017,8
2024,다다4204,in_age_032,5
2024,다다4204,in_age_033,8
2024,다다4204,in_age_034,0
2024,다다4204,in_age_035,0
2024,다다4204,in_age_036,5
2024,다다4204,in_age_037,0
2024,다다4204,in_age_038,5
2024,다다4204,in_age_039,8
2024,다다4204,in_age_040,5
2024,다다4204,in_age_041,8
2024,다다4204,in_age_042,5
2024,다다4204,in_age_043,8
2024,다다4204,in_age_044,8
2024,다다4204,in_age_045,8
2024,다다4204,in_age_046,5
2024,다다4204,in_age_047,5
2024,다다4204,in_age_061,5
2024,다다4204,in_age_062,5
2024,다다4204,in_age_063,5
2024,다다4204,in_age_065,5
2024,다다4204,in_age_066,8
2024,다다4204,in_age_067,0
2024,다다4204,in_age_068,8
2024,다다4204,in_age_069,5
2024,다다4204,in_age_070,8
2024,다다4204,in_age_071,8
2024,다다4204,in_age_072,8
2024,다다4204,in_age_073,5
2024,다다4204,in_age_074,8
2024,다다4204,in_age_075,5
2024,다다4204,in_age_076,8
2024,다다4204,in_age_077,5
2024,다다4204,to_in_001,133
2024,다다4204,to_in_007,68
2024,다다4204,to_in_008,63
2024,다다4273,in_age_011,5
2024,다다4273,in_age_013,0
2024,다다4273,in_age_014,5
2024,다다4273,in_age_015,0
2024,다다4273,in_age_044,0
2024,다다4273,in_age_045,0
2024,다다4273,in_age_071,5
2024,다다4273,in_age_073,0
2024,다다4273,in_age_074,0
2024,다다4273,to_in_001,5
2024,다다4273,to_in_007,5
2024,다다4273,to_in_008,5
2024,다다4274,in_age_006,0
2024,다다4274,in_age_007,5
2024,다다4274,in_age_008,5
2024,다다4274,in_age_010,0
2024,다다4274,in_age_011,5
2024,다다4274,in_age_012,5
2024,다다4274,in_age_013,8
2024,다다4274,in_age_014,8
2024,다다4274,in_age_015,8
2024,다다4274,in_age_016,5
2024,다다4274,in_age_017,8
2024,다다4274,in_age_018,8
2024,다다4274,in_age_036,0
2024,다다4274,in_age_037,0
2024,다다4274,in_age_038,5
2024,다다4274,in_age_040,0
2024,다다4274,in_age_041,5
2024,다다4274,in_age_042,5
2024,다다4274,in_age_043,8
2024,다다4274,in_age_044,5
2024,다다4274,in_age_045,0
2024,다다4274,in_age_046,5
2024,다다4274,in_age_047,5
2024,다다4274,in_age_048,5
2024,다다4274,in_age_067,0
2024,다다4274,in_age_071,5
2024,다다4274,in_age_072,0
2024,다다4274,in_age_073,5
2024,다다4274,in_age_074,5
2024,다다4274,in_age_075,8
2024,다다4274,in_age_076,0
2024,다다4274,in_age_077,5
2024,다다4274,in_age_078,5
2024,다다4274,to_in_001,48
2024,다다4274,to_in_007,28
2024,다다4274,to_in_008,23
2024,다다4275,in_age_014,0
2024,다다4275,in_age_015,0
2024,다다4275,in_age_045,0
2024,다다4275,in_age_074,0
2024,다다4275,to_in_001,5
2024,다다4275,to_in_007,0
2024,다다4275,to_in_008,0
2024,다다4276,in_age_008,5
2024,다다4276,in_age_009,0
2024,다다4276,in_age_010,0
2024,다다4276,in_age_012,0
2024,다다4276,in_age_013,8
2024,다다4276,in_age_014,5
2024,다다4276,in_age_015,5
2024,다다4276,in_age_016,8
2024,다다4276,in_age_017,0
2024,다다4276,in_age_018,5
2024,다다4276,in_age_019,0
2024,다다4276,in_age_038,5
2024,다다4276,in_age_039,0
2024,다다4276,in_age_043,5
2024,다다4276,in_age_044,5
2024,다다4276,in_age_045,0
2024,다다4276,in_age_046,5
2024,다다4276,in_age_047,0
2024,다다4276,in_age_048,0
2024,다다4276,in_age_070,0
2024,다다4276,in_age_072,0
2024,다다4276,in_age_073,5
2024,다다4276,in_age_074,0
2024,다다4276,in_age_075,0
2024,다다4276,in_age_076,5
2024,다다4276,in_age_078,5
2024,다다4276,in_age_079,0
2024,다다4276,to_in_001,23
2024,다다4276,to_in_007,13
2024,다다4276,to_in_008,8
2024,다다4279,in_age_006,5
2024,다다4279,in_age_007,8
2024,다다4279,in_age_008,8
2024,다다4279,in_age_009,0
2024,다다4279,in_age_010,0
2024,다다4279,in_age_011,5
2024,다다4279,in_age_013,5
2024,다다4279,in_age_014,5
2024,다다4279,in_age_015,5
2024,다다4279,in_age_018,0
2024,다다4279,in_age_036,5
2024,다다4279,in_age_037,8
2024,다다4279,in_age_038,8
2024,다다4279,in_age_039,0
2024,다다4279,in_age_040,0
2024,다다4279,in_age_041,5
2024,다다4279,in_age_043,0
2024,다다4279,in_age_044,0
2024,다다4279,in_age_045,0
2024,다다4279,in_age_048,0
2024,다다4279,in_age_067,0
2024,다다4279,in_age_073,5
2024,다다4279,in_age_074,0
2024,다다4279,in_age_075,0
2024,다다4279,to_in_001,23
2024,다다4279,to_in_007,18
2024,다다4279,to_in_008,8
2024,다다4291,in_age_006,0
2024,다다4291,in_age_010,0
2024,다다4291,in_age_011,0
2024,다다4291,in_age_012,0
2024,다다4291,in_age_036,0
2024,다다4291,in_age_040,0
2024,다다4291,in_age_042,0
2024,다다4291,in_age_071,0
2024,다다4291,to_in_001,5
2024,다다4291,to_in_007,5
2024,다다4291,to_in_008,0
2024,다다4292,in_age_001,0
2024,다다4292,in_age_002,0
2024,다다4292,in_age_004,5
2024,다다4292,in_age_005,0
2024,다다4292,in_age_006,5
2024,다다4292,in_age_007,8
2024,다다4292,in_age_008,5
2024,다다4292,in_age_009,5
2024,다다4292,in_age_010,0
2024,다다4292,in_age_011,8
2024,다다4292,in_age_013,8
2024,다다4292,in_age_014,5
2024,다다4292,in_age_015,0
2024,다다4292,in_age_017,5
2024,다다4292,in_age_018,5
2024,다다4292,in_age_034,5
2024,다다4292,in_age_035,0
2024,다다4292,in_age_036,5
2024,다다4292,in_age_037,5
2024,다다4292,in_age_038,5
2024,다다4292,in_age_039,0
2024,다다4292,in_age_040,0
2024,다다4292,in_age_041,5
2024,다다4292,in_age_043,5
2024,다다4292,in_age_044,5
2024,다다4292,in_age_045,0
2024,다다4292,in_age_061,0
2024,다다4292,in_age_062,0
2024,다다4292,in_age_064,5
2024,다다4292,in_age_067,5
2024,다다4292,in_age_069,0
2024,다다4292,in_age_071,5
2024,다다4292,in_age_073,5
2024,다다4292,in_age_074,5
2024,다다4292,in_age_077,5
2024,다다4292,in_age_078,5
2024,다다4292,to_in_001,53
2024,다다4292,to_in_007,33
2024,다다4292,to_in_008,18
2024,다다4293,in_age_003,5
2024,다다4293,in_age_004,5
2024,다다4293,in_age_005,5
2024,다다4293,in_age_006,8
2024,다다4293,in_age_007,5
2024,다다4293,in_age_008,8
2024,다다4293,in_age_009,8
2024,다다4293,in_age_010,5
2024,다다4293,in_age_011,8
2024,다다4293,in_age_012,18
2024,다다4293,in_age_013,18
2024,다다4293,in_age_014,18
2024,다다4293,in_age_015,18
2024,다다4293,in_age_016,8
2024,다다4293,in_age_017,5
2024,다다4293,in_age_018,13
2024,다다4293,in_age_019,5
2024,다다4293,in_age_020,0
2024,다다4293,in_age_033,5
2024,다다4293,in_age_034,5
2024,다다4293,in_age_035,5
2024,다다4293,in_age_036,8
2024,다다4293,in_age_037,5
2024,다다4293,in_age_038,8
2024,다다4293,in_age_039,5
2024,다다4293,in_age_040,5
2024,다다4293,in_age_041,8
2024,다다4293,in_age_042,8
2024,다다4293,in_age_043,13
2024,다다4293,in_age_044,8
2024,다다4293,in_age_045,8
2024,다다4293,in_age_046,8
2024,다다4293,in_age_047,0
2024,다다4293,in_age_048,5
2024,다다4293,in_age_049,0
2024,다다4293,in_age_050,0
2024,다다4293,in_age_064,5
2024,다다4293,in_age_066,5
2024,다다4293,in_age_067,0
2024,다다4293,in_age_068,8
2024,다다4293,in_age_069,5
2024,다다4293,in_age_070,5
2024,다다4293,in_age_071,0
2024,다다4293,in_age_072,8
2024,다다4293,in_age_073,5
2024,다다4293,in_age_074,8
2024,다다4293,in_age_075,8
2024,다다4293,in_age_076,5
2024,다다4293,in_age_077,5
2024,다다4293,in_age_078,8
2024,다다4293,in_age_079,0
2024,다다4293,to_in_001,138
2024,다다4293,to_in_007,83
2024,다다4293,to_in_008,58
2024,다다4294,in_age_006,5
2024,다다4294,in_age_007,7
2024,다다4294,in_age_008,5
2024,다다4294,in_age_009,5
2024,다다4294,in_age_010,5
2024,다다4294,in_age_011,5
2024,다다4294,in_age_012,8
2024,다다4294,in_age_013,5
2024,다다4294,in_age_036,5
2024,다다4294,in_age_037,7
2024,다다4294,in_age_038,5
2024,다다4294,in_age_039,5
2024,다다4294,in_age_040,0
2024,다다4294,in_age_042,8
2024,다다4294,in_age_070,0
2024,다다4294,in_age_071,5
2024,다다4294,in_age_073,5
2024,다다4294,to_in_001,30
2024,다다4294,to_in_007,25
2024,다다4294,to_in_008,5
2024,다다4295,in_age_004,0
2024,다다4295,in_age_006,5
2024,다다4295,in_age_007,0
2024,다다4295,in_age_009,0
2024,다다4295,in_age_012,5
2024,다다4295,in_age_034,0
2024,다다4295,in_age_036,5
2024,다다4295,in_age_037,0
2024,다다4295,in_age_039,0
2024,다다4295,in_age_042,0
2024,다다4295,in_age_072,0
2024,다다4295,to_in_001,8
2024,다다4295,to_in_007,8
2024,다다4295,to_in_008,0
2024,다다4298,in_age_013,0
2024,다다4298,in_age_043,0
2024,다다4298,to_in_001,0
2024,다다4298,to_in_007,0
2024,다다4298,to_in_008,0
2024,다다4299,in_age_002,0
2024,다다4299,in_age_004,5
2024,다다4299,in_age_006,8
2024,다다4299,in_age_007,11
2024,다다4299,in_age_008,5
2024,다다4299,in_age_009,8
2024,다다4299,in_age_010,8
2024,다다4299,in_age_011,5
2024,다다4299,in_age_012,5
2024,다다4299,in_age_013,8
2024,다다4299,in_age_014,5
2024,다다4299,in_age_015,5
2024,다다4299,in_age_016,5
2024,다다4299,in_age_017,5
2024,다다4299,in_age_018,5
2024,다다4299,in_age_019,0
2024,다다4299,in_age_032,0
2024,다다4299,in_age_034,0
2024,다다4299,in_age_036,8
2024,다다4299,in_age_037,6
2024,다다4299,in_age_038,5
2024,다다4299,in_age_039,5
2024,다다4299,in_age_040,8
2024,다다4299,in_age_041,0
2024,다다4299,in_age_042,0
2024,다다4299,in_age_043,5
2024,다다4299,in_age_044,5
2024,다다4299,in_age_045,5
2024,다다4299,in_age_046,0
2024,다다4299,in_age_048,0
2024,다다4299,in_age_064,5
2024,다다4299,in_age_066,0
2024,다다4299,in_age_067,5
2024,다다4299,in_age_068,5
2024,다다4299,in_age_069,5
2024,다다4299,in_age_071,0
2024,다다4299,in_age_072,5
2024,다다4299,in_age_073,5
2024,다다4299,in_age_074,5
2024,다다4299,in_age_075,5
2024,다다4299,in_age_076,5
2024,다다4299,in_age_077,5
2024,다다4299,in_age_078,0
2024,다다4299,in_age_079,0
2024,다다4299,to_in_001,62
2024,다다4299,to_in_007,37
2024,다다4299,to_in_008,23
2024,다다4300,in_age_001,0
2024,다다4300,in_age_002,8
2024,다다4300,in_age_003,13
2024,다다4300,in_age_004,5
2024,다다4300,in_age_005,8
2024,다다4300,in_age_006,13
2024,다다4300,in_age_007,13
2024,다다4300,in_age_008,13
2024,다다4300,in_age_009,13
2024,다다4300,in_age_010,18
2024,다다4300,in_age_011,18
2024,다다4300,in_age_012,18
2024,다다4300,in_age_013,23
2024,다다4300,in_age_014,13
2024,다다4300,in_age_015,8
2024,다다4300,in_age_016,5
2024,다다4300,in_age_017,8
2024,다다4300,in_age_018,5
2024,다다4300,in_age_019,0
2024,다다4300,in_age_032,5
2024,다다4300,in_age_033,8
2024,다다4300,in_age_034,5
2024,다다4300,in_age_035,5
2024,다다4300,in_age_036,5
2024,다다4300,in_age_037,8
2024,다다4300,in_age_038,5
2024,다다4300,in_age_039,8
2024,다다4300,in_age_040,8
2024,다다4300,in_age_041,8
2024,다다4300,in_age_042,13
2024,다다4300,in_age_043,13
2024,다다4300,in_age_044,8
2024,다다4300,in_age_045,5
2024,다다4300,in_age_046,0
2024,다다4300,in_age_047,8
2024,다다4300,in_age_049,0
2024,다다4300,in_age_061,0
2024,다다4300,in_age_062,8
2024,다다4300,in_age_063,8
2024,다다4300,in_age_064,0
2024,다다4300,in_age_065,5
2024,다다4300,in_age_066,8
2024,다다4300,in_age_067,5
2024,다다4300,in_age_068,8
2024,다다4300,in_age_069,5
2024,다다4300,in_age_070,8
2024,다다4300,in_age_071,8
2024,다다4300,in_age_072,8
2024,다다4300,in_age_073,8
2024,다다4300,in_age_074,8
2024,다다4300,in_age_075,5
2024,다다4300,in_age_076,5
2024,다다4300,in_age_077,5
2024,다다4300,in_age_078,5
2024,다다4300,to_in_001,193
2024,다다4300,to_in_007,93
2024,다다4300,to_in_008,98
2024,다다4301,in_age_001,0
2024,다다4301,in_age_002,0
2024,다다4301,in_age_003,5
2024,다다4301,in_age_004,5
2024,다다4301,in_age_008,5
2024,다다4301,in_age_009,0
2024,다다4301,in_age_010,5
2024,다다4301,in_age_011,5
2024,다다4301,in_age_012,5
2024,다다4301,in_age_013,8
2024,다다4301,in_age_014,0
2024,다다4301,in_age_015,0
2024,다다4301,in_age_017,5
2024,다다4301,in_age_031,0
2024,다다4301,in_age_032,0
2024,다다4301,in_age_033,0
2024,다다4301,in_age_034,5
2024,다다4301,in_age_038,5
2024,다다4301,in_age_041,5
2024,다다4301,in_age_043,5
2024,다다4301,in_age_045,0
2024,다다4301,in_age_063,0
2024,다다4301,in_age_064,5
2024,다다4301,in_age_069,0
2024,다다4301,in_age_070,5
2024,다다4301,in_age_072,5
2024,다다4301,in_age_073,5
2024,다다4301,in_age_074,0
2024,다다4301,in_age_077,5
2024,다다4301,to_in_001,23
2024,다다4301,to_in_007,13
2024,다다4301,to_in_008,13
2024,다다4302,in_age_001,5
2024,다다4302,in_age_002,8
2024,다다4302,in_age_003,8
2024,다다4302,in_age_004,8
2024,다다4302,in_age_005,5
2024,다다4302,in_age_006,5
2024,다다4302,in_age_007,8
2024,다다4302,in_age_008,13
2024,다다4302,in_age_009,13
2024,다다4302,in_age_010,23
2024,다다4302,in_age_011,18
2024,다다4302,in_age_012,23
2024,다다4302,in_age_013,23
2024,다다4302,in_age_014,23
2024,다다4302,in_age_015,18
2024,다다4302,in_age_016,18
2024,다다4302,in_age_017,13
2024,다다4302,in_age_018,18
2024,다다4302,in_age_019,8
2024,다다4302,in_age_020,5
2024,다다4302,in_age_031,5
2024,다다4302,in_age_032,5
2024,다다4302,in_age_033,5
2024,다다4302,in_age_034,5
2024,다다4302,in_age_035,5
2024,다다4302,in_age_036,5
2024,다다4302,in_age_037,8
2024,다다4302,in_age_038,8
2024,다다4302,in_age_039,8
2024,다다4302,in_age_040,13
2024,다다4302,in_age_041,13
2024,다다4302,in_age_042,13
2024,다다4302,in_age_043,8
2024,다다4302,in_age_044,13
2024,다다4302,in_age_045,8
2024,다다4302,in_age_046,8
2024,다다4302,in_age_047,8
2024,다다4302,in_age_048,8
2024,다다4302,in_age_049,5
2024,다다4302,in_age_061,5
2024,다다4302,in_age_062,5
2024,다다4302,in_age_063,5
2024,다다4302,in_age_064,5
2024,다다4302,in_age_065,0
2024,다다4302,in_age_066,0
2024,다다4302,in_age_067,5
2024,다다4302,in_age_068,5
2024,다다4302,in_age_069,8
2024,다다4302,in_age_070,8
2024,다다4302,in_age_071,8
2024,다다4302,in_age_072,8
2024,다다4302,in_age_073,13
2024,다다4302,in_age_074,13
2024,다다4302,in_age_075,8
2024,다다4302,in_age_076,8
2024,다다4302,in_age_077,8
2024,다다4302,in_age_078,8
2024,다다4302,in_age_079,5
2024,다다4302,in_age_080,5
2024,다다4302,to_in_001,248
2024,다다4302,to_in_007,133
2024,다다4302,to_in_008,118
2024,다다4303,in_age_001,5
2024,다다4303,in_age_002,5
2024,다다4303,in_age_003,5
2024,다다4303,in_age_004,5
2024,다다4303,in_age_005,8
2024,다다4303,in_age_006,8
2024,다다4303,in_age_007,8
2024,다다4303,in_age_008,13
2024,다다4303,in_age_009,13
2024,다다4303,in_age_010,18
2024,다다4303,in_age_011,18
2024,다다4303,in_age_012,18
2024,다다4303,in_age_013,23
2024,다다4303,in_age_014,13
2024,다다4303,in_age_015,13
2024,다다4303,in_age_016,13
2024,다다4303,in_age_017,13
2024,다다4303,in_age_018,8
2024,다다4303,in_age_019,5
2024,다다4303,in_age_020,0
2024,다다4303,in_age_031,5
2024,다다4303,in_age_032,0
2024,다다4303,in_age_033,5
2024,다다4303,in_age_034,5
2024,다다4303,in_age_035,5
2024,다다4303,in_age_036,5
2024,다다4303,in_age_037,5
2024,다다4303,in_age_038,8
2024,다다4303,in_age_039,8
2024,다다4303,in_age_040,8
2024,다다4303,in_age_041,13
2024,다다4303,in_age_042,13
2024,다다4303,in_age_043,13
2024,다다4303,in_age_044,8
2024,다다4303,in_age_045,5
2024,다다4303,in_age_046,13
2024,다다4303,in_age_047,8
2024,다다4303,in_age_048,5
2024,다다4303,in_age_061,0
2024,다다4303,in_age_062,5
2024,다다4303,in_age_063,5
2024,다다4303,in_age_064,5
2024,다다4303,in_age_065,5
2024,다다4303,in_age_066,5
2024,다다4303,in_age_067,0
2024,다다4303,in_age_068,5
2024,다다4303,in_age_069,5
2024,다다4303,in_age_070,8
2024,다다4303,in_age_071,8
2024,다다4303,in_age_072,8
2024,다다4303,in_age_073,8
2024,다다4303,in_age_074,8
2024,다다4303,in_age_075,8
2024,다다4303,in_age_076,8
2024,다다4303,in_age_077,8
2024,다다4303,in_age_078,8
2024,다다4303,in_age_079,5
2024,다다4303,in_age_080,0
2024,다다4303,to_in_001,193
2024,다다4303,to_in_007,113
2024,다다4303,to_in_008,83
2024,다다4304,in_age_011,0
2024,다다4304,in_age_013,5
2024,다다4304,in_age_015,5
2024,다다4304,in_age_043,5
2024,다다4304,in_age_045,0
2024,다다4304,in_age_071,0
2024,다다4304,in_age_073,0
2024,다다4304,in_age_075,5
2024,다다4304,to_in_001,8
2024,다다4304,to_in_007,5
2024,다다4304,to_in_008,5
2024,다다4373,in_age_001,5
2024,다다4373,in_age_005,0
2024,다다4373,in_age_006,5
2024,다다4373,in_age_007,5
2024,다다4373,in_age_009,8
2024,다다4373,in_age_010,0
2024,다다4373,in_age_011,5
2024,다다4373,in_age_012,5
2024,다다4373,in_age_013,8
2024,다다4373,in_age_014,8
2024,다다4373,in_age_015,5
2024,다다4373,in_age_016,5
2024,다다4373,in_age_017,5
2024,다다4373,in_age_018,5
2024,다다4373,in_age_019,0
2024,다다4373,in_age_035,0
2024,다다4373,in_age_036,5
2024,다다4373,in_age_039,8
2024,다다4373,in_age_040,0
2024,다다4373,in_age_041,5
2024,다다4373,in_age_042,5
2024,다다4373,in_age_043,8
2024,다다4373,in_age_044,0
2024,다다4373,in_age_046,0
2024,다다4373,in_age_048,5
2024,다다4373,in_age_049,0
2024,다다4373,in_age_061,5
2024,다다4373,in_age_067,5
2024,다다4373,in_age_069,0
2024,다다4373,in_age_072,0
2024,다다4373,in_age_073,8
2024,다다4373,in_age_074,8
2024,다다4373,in_age_075,5
2024,다다4373,in_age_076,5
2024,다다4373,in_age_077,5
2024,다다4373,in_age_078,5
2024,다다4373,to_in_001,48
2024,다다4373,to_in_007,23
2024,다다4373,to_in_008,23
2024,다다4375,in_age_003,0
2024,다다4375,in_age_005,0
2024,다다4375,in_age_006,0
2024,다다4375,in_age_009,0
2024,다다4375,in_age_010,5
2024,다다4375,in_age_011,5
2024,다다4375,in_age_012,0
2024,다다4375,in_age_013,0
2024,다다4375,in_age_014,5
2024,다다4375,in_age_015,5
2024,다다4375,in_age_016,5
2024,다다4375,in_age_017,5
2024,다다4375,in_age_018,5
2024,다다4375,in_age_036,0
2024,다다4375,in_age_039,0
2024,다다4375,in_age_041,5
2024,다다4375,in_age_042,0
2024,다다4375,in_age_044,0
2024,다다4375,in_age_045,5
2024,다다4375,in_age_046,0
2024,다다4375,in_age_048,5
2024,다다4375,in_age_063,0
2024,다다4375,in_age_065,0
2024,다다4375,in_age_070,5
2024,다다4375,in_age_071,0
2024,다다4375,in_age_073,0
2024,다다4375,in_age_074,0
2024,다다4375,in_age_075,0
2024,다다4375,in_age_076,0
2024,다다4375,in_age_077,5
2024,다다4375,to_in_001,23
2024,다다4375,to_in_007,8
2024,다다4375,to_in_008,13
2024,다다4376,in_age_003,0
2024,다다4376,in_age_004,0
2024,다다4376,in_age_007,5
2024,다다4376,in_age_008,0
2024,다다4376,in_age_009,0
2024,다다4376,in_age_010,5
2024,다다4376,in_age_011,5
2024,다다4376,in_age_012,5
2024,다다4376,in_age_013,5
2024,다다4376,in_age_014,8
2024,다다4376,in_age_015,8
2024,다다4376,in_age_016,8
2024,다다4376,in_age_017,13
2024,다다4376,in_age_018,8
2024,다다4376,in_age_019,5
2024,다다4376,in_age_033,0
2024,다다4376,in_age_034,0
2024,다다4376,in_age_037,5
2024,다다4376,in_age_038,0
2024,다다4376,in_age_039,0
2024,다다4376,in_age_040,0
2024,다다4376,in_age_041,5
2024,다다4376,in_age_042,5
2024,다다4376,in_age_043,5
2024,다다4376,in_age_044,5
2024,다다4376,in_age_045,8
2024,다다4376,in_age_046,0
2024,다다4376,in_age_047,5
2024,다다4376,in_age_048,5
2024,다다4376,in_age_049,0
2024,다다4376,in_age_070,0
2024,다다4376,in_age_072,5
2024,다다4376,in_age_073,0
2024,다다4376,in_age_074,5
2024,다다4376,in_age_075,5
2024,다다4376,in_age_076,8
2024,다다4376,in_age_077,8
2024,다다4376,in_age_078,5
2024,다다4376,in_age_079,5
2024,다다4376,to_in_001,68
2024,다다4376,to_in_007,38
2024,다다4376,to_in_008,33
2024,다다4377,in_age_013,0
2024,다다4377,in_age_015,0
2024,다다4377,in_age_073,0
2024,다다4377,in_age_075,0
2024,다다4377,to_in_001,5
2024,다다4377,to_in_007,0
2024,다다4377,to_in_008,5
2024,다다4379,in_age_003,0
2024,다다4379,in_age_008,0
2024,다다4379,in_age_009,0
2024,다다4379,in_age_010,0
2024,다다4379,in_age_011,0
2024,다다4379,in_age_012,0
2024,다다4379,in_age_013,5
2024,다다4379,in_age_014,5
2024,다다4379,in_age_015,8
2024,다다4379,in_age_019,0
2024,다다4379,in_age_039,0
2024,다다4379,in_age_041,0
2024,다다4379,in_age_042,0
2024,다다4379,in_age_043,5
2024,다다4379,in_age_045,5
2024,다다4379,in_age_063,0
2024,다다4379,in_age_068,0
2024,다다4379,in_age_070,0
2024,다다4379,in_age_074,5
2024,다다4379,in_age_075,5
2024,다다4379,in_age_079,0
2024,다다4379,to_in_001,13
2024,다다4379,to_in_007,8
2024,다다4379,to_in_008,8
2024,다다4380,in_age_002,0
2024,다다4380,in_age_003,0
2024,다다4380,in_age_004,0
2024,다다4380,in_age_005,0
2024,다다4380,in_age_006,5
2024,다다4380,in_age_007,5
2024,다다4380,in_age_009,5
2024,다다4380,in_age_010,5
2024,다다4380,in_age_011,0
2024,다다4380,in_age_012,5
2024,다다4380,in_age_013,5
2024,다다4380,in_age_014,5
2024,다다4380,in_age_016,0
2024,다다4380,in_age_017,0
2024,다다4380,in_age_018,0
2024,다다4380,in_age_032,0
2024,다다4380,in_age_035,0
2024,다다4380,in_age_036,5
2024,다다4380,in_age_037,5
2024,다다4380,in_age_039,0
2024,다다4380,in_age_040,0
2024,다다4380,in_age_041,0
2024,다다4380,in_age_042,5
2024,다다4380,in_age_043,5
2024,다다4380,in_age_044,0
2024,다다4380,in_age_048,0
2024,다다4380,in_age_063,0
2024,다다4380,in_age_064,0
2024,다다4380,in_age_069,5
2024,다다4380,in_age_070,5
2024,다다4380,in_age_072,5
2024,다다4380,in_age_073,5
2024,다다4380,in_age_074,5
2024,다다4380,in_age_076,0
2024,다다4380,in_age_077,0
2024,다다4380,to_in_001,33
2024,다다4380,to_in_007,23
2024,다다4380,to_in_008,13
2024,다다4392,in_age_003,0
2024,다다4392,in_age_004,0
2024,다다4392,in_age_007,0
2024,다다4392,in_age_008,0
2024,다다4392,in_age_009,8
2024,다다4392,in_age_010,5
2024,다다4392,in_age_011,5
2024,다다4392,in_age_014,0
2024,다다4392,in_age_015,0
2024,다다4392,in_age_016,8
2024,다다4392,in_age_033,0
2024,다다4392,in_age_034,0
2024,다다4392,in_age_037,0
2024,다다4392,in_age_038,0
2024,다다4392,in_age_039,8
2024,다다4392,in_age_040,0
2024,다다4392,in_age_041,5
2024,다다4392,in_age_046,8
2024,다다4392,in_age_070,0
2024,다다4392,in_age_074,0
2024,다다4392,in_age_075,0
2024,다다4392,in_age_076,0
2024,다다4392,to_in_001,18
2024,다다4392,to_in_007,13
2024,다다4392,to_in_008,5
2024,다다4393,in_age_001,5
2024,다다4393,in_age_002,5
2024,다다4393,in_age_003,5
2024,다다4393,in_age_004,5
2024,다다4393,in_age_005,8
2024,다다4393,in_age_006,8
2024,다다4393,in_age_007,20
2024,다다4393,in_age_008,19
2024,다다4393,in_age_009,8
2024,다다4393,in_age_010,8
2024,다다4393,in_age_011,13
2024,다다4393,in_age_012,13
2024,다다4393,in_age_013,8
2024,다다4393,in_age_014,18
2024,다다4393,in_age_015,18
2024,다다4393,in_age_016,13
2024,다다4393,in_age_017,13
2024,다다4393,in_age_018,13
2024,다다4393,in_age_019,5
2024,다다4393,in_age_031,5
2024,다다4393,in_age_032,0
2024,다다4393,in_age_033,5
2024,다다4393,in_age_034,5
2024,다다4393,in_age_035,8
2024,다다4393,in_age_036,8
2024,다다4393,in_age_037,15
2024,다다4393,in_age_038,14
2024,다다4393,in_age_039,8
2024,다다4393,in_age_040,8
2024,다다4393,in_age_041,8
2024,다다4393,in_age_042,13
2024,다다4393,in_age_043,8
2024,다다4393,in_age_044,8
2024,다다4393,in_age_045,5
2024,다다4393,in_age_046,8
2024,다다4393,in_age_047,8
2024,다다4393,in_age_048,8
2024,다다4393,in_age_049,0
2024,다다4393,in_age_062,5
2024,다다4393,in_age_067,8
2024,다다4393,in_age_068,5
2024,다다4393,in_age_069,5
2024,다다4393,in_age_070,5
2024,다다4393,in_age_071,5
2024,다다4393,in_age_072,8
2024,다다4393,in_age_073,5
2024,다다4393,in_age_074,8
2024,다다4393,in_age_075,13
2024,다다4393,in_age_076,8
2024,다다4393,in_age_077,5
2024,다다4393,in_age_078,8
2024,다다4393,in_age_079,5
2024,다다4393,to_in_001,191
2024,다다4393,to_in_007,121
2024,다다4393,to_in_008,68
2024,다다4394,in_age_005,0
2024,다다4394,in_age_006,5
2024,다다4394,in_age_007,5
2024,다다4394,in_age_008,5
2024,다다4394,in_age_009,5
2024,다다4394,in_age_010,5
2024,다다4394,in_age_011,5
2024,다다4394,in_age_013,5
2024,다다4394,in_age_014,5
2024,다다4394,in_age_017,0
2024,다다4394,in_age_035,0
2024,다다4394,in_age_036,5
2024,다다4394,in_age_037,5
2024,다다4394,in_age_039,5
2024,다다4394,in_age_040,5
2024,다다4394,in_age_041,5
2024,다다4394,in_age_044,0
2024,다다4394,in_age_068,5
2024,다다4394,in_age_070,0
2024,다다4394,in_age_073,5
2024,다다4394,in_age_074,0
2024,다다4394,in_age_077,0
2024,다다4394,to_in_001,23
2024,다다4394,to_in_007,13
2024,다다4394,to_in_008,8
2024,다다4396,in_age_005,0
2024,다다4396,in_age_006,0
2024,다다4396,in_age_007,0
2024,다다4396,in_age_011,5
2024,다다4396,in_age_035,0
2024,다다4396,in_age_036,0
2024,다다4396,in_age_037,0
2024,다다4396,in_age_041,5
2024,다다4396,to_in_001,8
2024,다다4396,to_in_007,8
2024,다다4396,to_in_008,0
2024,다다4397,in_age_003,0
2024,다다4397,in_age_005,5
2024,다다4397,in_age_007,5
2024,다다4397,in_age_008,0
2024,다다4397,in_age_010,5
2024,다다4397,in_age_012,5
2024,다다4397,in_age_013,13
2024,다다4397,in_age_014,8
2024,다다4397,in_age_015,8
2024,다다4397,in_age_016,5
2024,다다4397,in_age_017,0
2024,다다4397,in_age_018,5
2024,다다4397,in_age_019,5
2024,다다4397,in_age_037,0
2024,다다4397,in_age_038,0
2024,다다4397,in_age_040,5
2024,다다4397,in_age_042,5
2024,다다4397,in_age_043,5
2024,다다4397,in_age_044,5
2024,다다4397,in_age_045,5
2024,다다4397,in_age_046,0
2024,다다4397,in_age_047,0
2024,다다4397,in_age_049,0
2024,다다4397,in_age_063,0
2024,다다4397,in_age_065,5
2024,다다4397,in_age_067,0
2024,다다4397,in_age_070,0
2024,다다4397,in_age_072,0
2024,다다4397,in_age_073,8
2024,다다4397,in_age_074,5
2024,다다4397,in_age_075,5
2024,다다4397,in_age_076,5
2024,다다4397,in_age_078,5
2024,다다4397,in_age_079,0
2024,다다4397,to_in_001,48
2024,다다4397,to_in_007,23
2024,다다4397,to_in_008,28
2024,다다4398,in_age_005,5
2024,다다4398,in_age_006,5
2024,다다4398,in_age_007,5
2024,다다4398,in_age_009,5
2024,다다4398,in_age_011,5
2024,다다4398,in_age_012,5
2024,다다4398,in_age_013,8
2024,다다4398,in_age_014,8
2024,다다4398,in_age_015,0
2024,다다4398,in_age_016,0
2024,다다4398,in_age_017,8
2024,다다4398,in_age_018,5
2024,다다4398,in_age_020,0
2024,다다4398,in_age_036,0
2024,다다4398,in_age_037,5
2024,다다4398,in_age_039,0
2024,다다4398,in_age_042,5
2024,다다4398,in_age_043,5
2024,다다4398,in_age_044,5
2024,다다4398,in_age_047,5
2024,다다4398,in_age_048,5
2024,다다4398,in_age_050,0
2024,다다4398,in_age_065,5
2024,다다4398,in_age_066,0
2024,다다4398,in_age_069,0
2024,다다4398,in_age_071,5
2024,다다4398,in_age_072,0
2024,다다4398,in_age_073,8
2024,다다4398,in_age_074,5
2024,다다4398,in_age_075,0
2024,다다4398,in_age_076,0
2024,다다4398,in_age_077,5
2024,다다4398,to_in_001,33
2024,다다4398,to_in_007,18
2024,다다4398,to_in_008,18
2024,다다4399,in_age_001,0
2024,다다4399,in_age_003,5
2024,다다4399,in_age_004,0
2024,다다4399,in_age_005,0
2024,다다4399,in_age_006,0
2024,다다4399,in_age_007,0
2024,다다4399,in_age_008,5
2024,다다4399,in_age_009,5
2024,다다4399,in_age_010,0
2024,다다4399,in_age_011,5
2024,다다4399,in_age_012,5
2024,다다4399,in_age_013,5
2024,다다4399,in_age_014,5
2024,다다4399,in_age_015,8
2024,다다4399,in_age_016,8
2024,다다4399,in_age_017,13
2024,다다4399,in_age_018,8
2024,다다4399,in_age_019,0
2024,다다4399,in_age_033,0
2024,다다4399,in_age_034,0
2024,다다4399,in_age_036,0
2024,다다4399,in_age_037,0
2024,다다4399,in_age_038,5
2024,다다4399,in_age_039,0
2024,다다4399,in_age_040,0
2024,다다4399,in_age_041,5
2024,다다4399,in_age_043,5
2024,다다4399,in_age_044,5
2024,다다4399,in_age_045,5
2024,다다4399,in_age_046,8
2024,다다4399,in_age_047,8
2024,다다4399,in_age_048,0
2024,다다4399,in_age_061,0
2024,다다4399,in_age_063,5
2024,다다4399,in_age_065,0
2024,다다4399,in_age_068,0
2024,다다4399,in_age_069,5
2024,다다4399,in_age_071,0
2024,다다4399,in_age_072,5
2024,다다4399,in_age_073,0
2024,다다4399,in_age_074,5
2024,다다4399,in_age_075,8
2024,다다4399,in_age_076,5
2024,다다4399,in_age_077,8
2024,다다4399,in_age_078,5
2024,다다4399,in_age_079,0
2024,다다4399,to_in_001,63
2024,다다4399,to_in_007,28
2024,다다4399,to_in_008,33
2024,다다4400,in_age_001,13
2024,다다4400,in_age_002,23
2024,다다4400,in_age_003,23
2024,다다4400,in_age_004,28
2024,다다4400,in_age_005,23
2024,다다4400,in_age_006,31
2024,다다4400,in_age_007,38
2024,다다4400,in_age_008,28
2024,다다4400,in_age_009,38
2024,다다4400,in_age_010,58
2024,다다4400,in_age_011,73
2024,다다4400,in_age_012,73
2024,다다4400,in_age_013,68
2024,다다4400,in_age_014,58
2024,다다4400,in_age_015,48
2024,다다4400,in_age_016,53
2024,다다4400,in_age_017,43
2024,다다4400,in_age_018,23
2024,다다4400,in_age_019,8
2024,다다4400,in_age_020,0
2024,다다4400,in_age_031,8
2024,다다4400,in_age_032,8
2024,다다4400,in_age_033,8
2024,다다4400,in_age_034,8
2024,다다4400,in_age_035,13
2024,다다4400,in_age_036,21
2024,다다4400,in_age_037,18
2024,다다4400,in_age_038,13
2024,다다4400,in_age_039,18
2024,다다4400,in_age_040,28
2024,다다4400,in_age_041,43
2024,다다4400,in_age_042,43
2024,다다4400,in_age_043,43
2024,다다4400,in_age_044,28
2024,다다4400,in_age_045,18
2024,다다4400,in_age_046,23
2024,다다4400,in_age_047,18
2024,다다4400,in_age_048,5
2024,다다4400,in_age_049,0
2024,다다4400,in_age_061,5
2024,다다4400,in_age_062,13
2024,다다4400,in_age_063,18
2024,다다4400,in_age_064,18
2024,다다4400,in_age_065,13
2024,다다4400,in_age_066,13
2024,다다4400,in_age_067,18
2024,다다4400,in_age_068,13
2024,다다4400,in_age_069,18
2024,다다4400,in_age_070,28
2024,다다4400,in_age_071,33
2024,다다4400,in_age_072,33
2024,다다4400,in_age_073,28
2024,다다4400,in_age_074,33
2024,다다4400,in_age_075,28
2024,다다4400,in_age_076,28
2024,다다4400,in_age_077,28
2024,다다4400,in_age_078,18
2024,다다4400,in_age_079,8
2024,다다4400,in_age_080,0
2024,다다4400,to_in_001,756
2024,다다4400,to_in_007,366
2024,다다4400,to_in_008,388
2024,다다4401,in_age_003,0
2024,다다4401,in_age_010,0
2024,다다4401,in_age_011,5
2024,다다4401,in_age_013,0
2024,다다4401,in_age_014,5
2024,다다4401,in_age_041,0
2024,다다4401,in_age_043,0
2024,다다4401,in_age_044,0
2024,다다4401,in_age_063,0
2024,다다4401,in_age_070,0
2024,다다4401,in_age_071,0
2024,다다4401,in_age_074,0
2024,다다4401,to_in_001,8
2024,다다4401,to_in_007,5
2024,다다4401,to_in_008,5
2024,다다4402,in_age_001,5
2024,다다4402,in_age_002,0
2024,다다4402,in_age_003,5
2024,다다4402,in_age_004,5
2024,다다4402,in_age_005,0
2024,다다4402,in_age_006,0
2024,다다4402,in_age_008,0
2024,다다4402,in_age_009,5
2024,다다4402,in_age_010,5
2024,다다4402,in_age_011,5
2024,다다4402,in_age_012,5
2024,다다4402,in_age_013,8
2024,다다4402,in_age_014,5
2024,다다4402,in_age_015,5
2024,다다4402,in_age_016,0
2024,다다4402,in_age_031,5
2024,다다4402,in_age_034,0
2024,다다4402,in_age_035,0
2024,다다4402,in_age_036,0
2024,다다4402,in_age_039,0
2024,다다4402,in_age_040,5
2024,다다4402,in_age_041,0
2024,다다4402,in_age_042,5
2024,다다4402,in_age_043,5
2024,다다4402,in_age_044,5
2024,다다4402,in_age_046,0
2024,다다4402,in_age_062,0
2024,다다4402,in_age_063,5
2024,다다4402,in_age_064,5
2024,다다4402,in_age_068,0
2024,다다4402,in_age_069,5
2024,다다4402,in_age_070,5
2024,다다4402,in_age_071,0
2024,다다4402,in_age_072,0
2024,다다4402,in_age_073,5
2024,다다4402,in_age_074,5
2024,다다4402,in_age_075,5
2024,다다4402,to_in_001,38
2024,다다4402,to_in_007,18
2024,다다4402,to_in_008,18
2024,다다4403,in_age_002,5
2024,다다4403,in_age_005,5
2024,다다4403,in_age_009,5
2024,다다4403,in_age_010,0
2024,다다4403,in_age_011,0
2024,다다4403,in_age_012,5
2024,다다4403,in_age_013,5
2024,다다4403,in_age_015,5
2024,다다4403,in_age_016,0
2024,다다4403,in_age_032,5
2024,다다4403,in_age_035,5
2024,다다4403,in_age_039,5
2024,다다4403,in_age_042,5
2024,다다4403,in_age_043,5
2024,다다4403,in_age_045,5
2024,다다4403,in_age_062,0
2024,다다4403,in_age_069,0
2024,다다4403,in_age_070,0
2024,다다4403,in_age_071,0
2024,다다4403,in_age_072,0
2024,다다4403,in_age_073,0
2024,다다4403,in_age_076,0
2024,다다4403,to_in_001,13
2024,다다4403,to_in_007,8
2024,다다4403,to_in_008,8
2024,다다4475,in_age_003,0
2024,다다4475,in_age_007,0
2024,다다4475,in_age_010,5
2024,다다4475,in_age_011,5
2024,다다4475,in_age_012,5
2024,다다4475,in_age_013,5
2024,다다4475,in_age_014,5
2024,다다4475,in_age_015,8
2024,다다4475,in_age_016,5
2024,다다4475,in_age_017,8
2024,다다4475,in_age_018,5
2024,다다4475,in_age_019,0
2024,다다4475,in_age_020,0
2024,다다4475,in_age_037,0
2024,다다4475,in_age_040,5
2024,다다4475,in_age_041,5
2024,다다4475,in_age_042,0
2024,다다4475,in_age_043,0
2024,다다4475,in_age_044,5
2024,다다4475,in_age_045,5
2024,다다4475,in_age_046,5
2024,다다4475,in_age_047,5
2024,다다4475,in_age_048,5
2024,다다4475,in_age_063,0
2024,다다4475,in_age_072,5
2024,다다4475,in_age_073,5
2024,다다4475,in_age_075,8
2024,다다4475,in_age_076,5
2024,다다4475,in_age_077,5
2024,다다4475,in_age_078,5
2024,다다4475,in_age_079,0
2024,다다4475,in_age_080,0
2024,다다4475,to_in_001,43
2024,다다4475,to_in_007,18
2024,다다4475,to_in_008,23
2024,다다4476,in_age_002,0
2024,다다4476,in_age_003,5
2024,다다4476,in_age_004,5
2024,다다4476,in_age_008,5
2024,다다4476,in_age_009,5
2024,다다4476,in_age_010,8
2024,다다4476,in_age_011,5
2024,다다4476,in_age_012,8
2024,다다4476,in_age_013,18
2024,다다4476,in_age_014,13
2024,다다4476,in_age_015,8
2024,다다4476,in_age_016,13
2024,다다4476,in_age_017,13
2024,다다4476,in_age_018,8
2024,다다4476,in_age_019,5
2024,다다4476,in_age_033,5
2024,다다4476,in_age_034,5
2024,다다4476,in_age_038,5
2024,다다4476,in_age_039,5
2024,다다4476,in_age_040,5
2024,다다4476,in_age_041,5
2024,다다4476,in_age_042,5
2024,다다4476,in_age_043,8
2024,다다4476,in_age_044,5
2024,다다4476,in_age_045,8
2024,다다4476,in_age_046,8
2024,다다4476,in_age_047,5
2024,다다4476,in_age_048,5
2024,다다4476,in_age_049,5
2024,다다4476,in_age_062,0
2024,다다4476,in_age_063,0
2024,다다4476,in_age_069,0
2024,다다4476,in_age_070,5
2024,다다4476,in_age_072,5
2024,다다4476,in_age_073,8
2024,다다4476,in_age_074,8
2024,다다4476,in_age_075,5
2024,다다4476,in_age_076,5
2024,다다4476,in_age_077,8
2024,다다4476,in_age_078,8
2024,다다4476,in_age_079,5
2024,다다4476,to_in_001,103
2024,다다4476,to_in_007,53
2024,다다4476,to_in_008,48
2024,다다4478,in_age_002,0
2024,다다4478,in_age_003,0
2024,다다4478,in_age_004,0
2024,다다4478,in_age_006,0
2024,다다4478,in_age_007,5
2024,다다4478,in_age_008,0
2024,다다4478,in_age_009,5
2024,다다4478,in_age_010,0
2024,다다4478,in_age_011,5
2024,다다4478,in_age_012,5
2024,다다4478,in_age_015,0
2024,다다4478,in_age_016,5
2024,다다4478,in_age_017,0
2024,다다4478,in_age_018,5
2024,다다4478,in_age_020,0
2024,다다4478,in_age_033,0
2024,다다4478,in_age_034,0
2024,다다4478,in_age_037,5
2024,다다4478,in_age_038,0
2024,다다4478,in_age_039,0
2024,다다4478,in_age_040,0
2024,다다4478,in_age_041,0
2024,다다4478,in_age_046,5
2024,다다4478,in_age_047,0
2024,다다4478,in_age_062,0
2024,다다4478,in_age_066,0
2024,다다4478,in_age_069,5
2024,다다4478,in_age_071,0
2024,다다4478,in_age_072,5
2024,다다4478,in_age_075,0
2024,다다4478,in_age_076,5
2024,다다4478,in_age_078,5
2024,다다4478,in_age_080,0
2024,다다4478,to_in_001,23
2024,다다4478,to_in_007,13
2024,다다4478,to_in_008,13
2024,다다4479,in_age_002,0
2024,다다4479,in_age_003,0
2024,다다4479,in_age_004,0
2024,다다4479,in_age_005,5
2024,다다4479,in_age_006,8
2024,다다4479,in_age_007,11
2024,다다4479,in_age_008,8
2024,다다4479,in_age_009,8
2024,다다4479,in_age_011,0
2024,다다4479,in_age_012,8
2024,다다4479,in_age_013,5
2024,다다4479,in_age_014,5
2024,다다4479,in_age_015,5
2024,다다4479,in_age_017,5
2024,다다4479,in_age_018,5
2024,다다4479,in_age_019,0
2024,다다4479,in_age_032,0
2024,다다4479,in_age_033,0
2024,다다4479,in_age_034,0
2024,다다4479,in_age_035,0
2024,다다4479,in_age_036,8
2024,다다4479,in_age_037,11
2024,다다4479,in_age_038,5
2024,다다4479,in_age_039,8
2024,다다4479,in_age_041,0
2024,다다4479,in_age_042,5
2024,다다4479,in_age_043,5
2024,다다4479,in_age_044,5
2024,다다4479,in_age_045,5
2024,다다4479,in_age_065,0
2024,다다4479,in_age_066,0
2024,다다4479,in_age_067,0
2024,다다4479,in_age_068,5
2024,다다4479,in_age_069,0
2024,다다4479,in_age_072,5
2024,다다4479,in_age_075,5
2024,다다4479,in_age_077,5
2024,다다4479,in_age_078,5
2024,다다4479,in_age_079,0
2024,다다4479,to_in_001,59
2024,다다4479,to_in_007,44
2024,다다4479,to_in_008,13
2024,다다4493,in_age_013,5
2024,다다4493,in_age_043,5
2024,다다4493,in_age_073,0
2024,다다4493,to_in_001,5
2024,다다4493,to_in_007,5
2024,다다4493,to_in_008,0
2024,다다4494,in_age_004,5
2024,다다4494,in_age_005,0
2024,다다4494,in_age_006,5
2024,다다4494,in_age_007,5
2024,다다4494,in_age_008,11
2024,다다4494,in_age_011,0
2024,다다4494,in_age_012,0
2024,다다4494,in_age_013,5
2024,다다4494,in_age_014,5
2024,다다4494,in_age_015,0
2024,다다4494,in_age_016,0
2024,다다4494,in_age_034,0
2024,다다4494,in_age_035,0
2024,다다4494,in_age_036,5
2024,다다4494,in_age_037,5
2024,다다4494,in_age_038,6
2024,다다4494,in_age_042,0
2024,다다4494,in_age_043,5
2024,다다4494,in_age_044,0
2024,다다4494,in_age_046,0
2024,다다4494,in_age_064,0
2024,다다4494,in_age_067,0
2024,다다4494,in_age_068,0
2024,다다4494,in_age_071,0
2024,다다4494,in_age_073,5
2024,다다4494,in_age_074,5
2024,다다4494,in_age_075,0
2024,다다4494,to_in_001,29
2024,다다4494,to_in_007,19
2024,다다4494,to_in_008,8
2024,다다4496,in_age_001,5
2024,다다4496,in_age_002,8
2024,다다4496,in_age_004,5
2024,다다4496,in_age_005,8
2024,다다4496,in_age_006,8
2024,다다4496,in_age_007,18
2024,다다4496,in_age_008,5
2024,다다4496,in_age_009,8
2024,다다4496,in_age_010,13
2024,다다4496,in_age_011,13
2024,다다4496,in_age_012,23
2024,다다4496,in_age_013,18
2024,다다4496,in_age_014,33
2024,다다4496,in_age_015,28
2024,다다4496,in_age_016,13
2024,다다4496,in_age_017,13
2024,다다4496,in_age_018,13
2024,다다4496,in_age_019,5
2024,다다4496,in_age_020,5
2024,다다4496,in_age_032,5
2024,다다4496,in_age_034,5
2024,다다4496,in_age_035,5
2024,다다4496,in_age_036,5
2024,다다4496,in_age_037,13
2024,다다4496,in_age_038,5
2024,다다4496,in_age_039,8
2024,다다4496,in_age_040,13
2024,다다4496,in_age_041,8
2024,다다4496,in_age_042,8
2024,다다4496,in_age_043,13
2024,다다4496,in_age_044,13
2024,다다4496,in_age_045,13
2024,다다4496,in_age_046,5
2024,다다4496,in_age_047,8
2024,다다4496,in_age_048,5
2024,다다4496,in_age_049,0
2024,다다4496,in_age_061,5
2024,다다4496,in_age_062,5
2024,다다4496,in_age_064,5
2024,다다4496,in_age_065,5
2024,다다4496,in_age_066,5
2024,다다4496,in_age_067,8
2024,다다4496,in_age_068,5
2024,다다4496,in_age_069,5
2024,다다4496,in_age_070,5
2024,다다4496,in_age_071,5
2024,다다4496,in_age_072,13
2024,다다4496,in_age_073,8
2024,다다4496,in_age_074,18
2024,다다4496,in_age_075,13
2024,다다4496,in_age_076,8
2024,다다4496,in_age_077,8
2024,다다4496,in_age_078,8
2024,다다4496,in_age_079,0
2024,다다4496,in_age_080,5
2024,다다4496,to_in_001,223
2024,다다4496,to_in_007,118
2024,다다4496,to_in_008,108
2024,다다4497,in_age_003,0
2024,다다4497,in_age_004,5
2024,다다4497,in_age_006,5
2024,다다4497,in_age_009,5
2024,다다4497,in_age_010,5
2024,다다4497,in_age_011,5
2024,다다4497,in_age_012,8
2024,다다4497,in_age_013,0
2024,다다4497,in_age_014,5
2024,다다4497,in_age_015,5
2024,다다4497,in_age_016,5
2024,다다4497,in_age_017,0
2024,다다4497,in_age_033,0
2024,다다4497,in_age_034,5
2024,다다4497,in_age_036,5
2024,다다4497,in_age_039,5
2024,다다4497,in_age_040,5
2024,다다4497,in_age_041,5
2024,다다4497,in_age_042,8
2024,다다4497,in_age_043,0
2024,다다4497,in_age_044,0
2024,다다4497,in_age_045,0
2024,다다4497,in_age_047,0
2024,다다4497,in_age_064,0
2024,다다4497,in_age_069,0
2024,다다4497,in_age_070,0
2024,다다4497,in_age_071,0
2024,다다4497,in_age_072,5
2024,다다4497,in_age_074,5
2024,다다4497,in_age_075,5
2024,다다4497,in_age_076,5
2024,다다4497,to_in_001,28
2024,다다4497,to_in_007,18
2024,다다4497,to_in_008,13
2024,다다4498,in_age_001,8
2024,다다4498,in_age_002,8
2024,다다4498,in_age_003,5
2024,다다4498,in_age_004,5
2024,다다4498,in_age_005,0
2024,다다4498,in_age_006,5
2024,다다4498,in_age_007,8
2024,다다4498,in_age_008,5
2024,다다4498,in_age_009,8
2024,다다4498,in_age_010,5
2024,다다4498,in_age_011,8
2024,다다4498,in_age_012,8
2024,다다4498,in_age_013,8
2024,다다4498,in_age_014,8
2024,다다4498,in_age_015,8
2024,다다4498,in_age_016,8
2024,다다4498,in_age_017,8
2024,다다4498,in_age_018,8
2024,다다4498,in_age_019,0
2024,다다4498,in_age_020,0
2024,다다4498,in_age_031,8
2024,다다4498,in_age_032,5
2024,다다4498,in_age_033,5
2024,다다4498,in_age_034,0
2024,다다4498,in_age_035,0
2024,다다4498,in_age_036,5
2024,다다4498,in_age_037,5
2024,다다4498,in_age_038,0
2024,다다4498,in_age_039,5
2024,다다4498,in_age_040,5
2024,다다4498,in_age_041,5
2024,다다4498,in_age_042,5
2024,다다4498,in_age_043,5
2024,다다4498,in_age_044,5
2024,다다4498,in_age_045,5
2024,다다4498,in_age_046,8
2024,다다4498,in_age_047,5
2024,다다4498,in_age_048,5
2024,다다4498,in_age_062,5
2024,다다4498,in_age_063,0
2024,다다4498,in_age_064,0
2024,다다4498,in_age_066,0
2024,다다4498,in_age_067,5
2024,다다4498,in_age_068,0
2024,다다4498,in_age_069,8
2024,다다4498,in_age_070,0
2024,다다4498,in_age_071,0
2024,다다4498,in_age_072,5
2024,다다4498,in_age_073,5
2024,다다4498,in_age_074,5
2024,다다4498,in_age_075,8
2024,다다4498,in_age_076,0
2024,다다4498,in_age_077,5
2024,다다4498,in_age_078,8
2024,다다4498,in_age_079,0
2024,다다4498,in_age_080,0
2024,다다4498,to_in_001,88
2024,다다4498,to_in_007,48
2024,다다4498,to_in_008,43
2024,다다4499,in_age_001,5
2024,다다4499,in_age_002,5
2024,다다4499,in_age_003,8
2024,다다4499,in_age_004,0
2024,다다4499,in_age_005,5
2024,다다4499,in_age_006,8
2024,다다4499,in_age_007,8
2024,다다4499,in_age_008,5
2024,다다4499,in_age_009,5
2024,다다4499,in_age_010,5
2024,다다4499,in_age_011,8
2024,다다4499,in_age_012,18
2024,다다4499,in_age_013,13
2024,다다4499,in_age_014,18
2024,다다4499,in_age_015,8
2024,다다4499,in_age_016,8
2024,다다4499,in_age_017,13
2024,다다4499,in_age_018,5
2024,다다4499,in_age_019,0
2024,다다4499,in_age_031,5
2024,다다4499,in_age_032,0
2024,다다4499,in_age_033,8
2024,다다4499,in_age_035,5
2024,다다4499,in_age_036,5
2024,다다4499,in_age_037,5
2024,다다4499,in_age_038,5
2024,다다4499,in_age_039,5
2024,다다4499,in_age_040,5
2024,다다4499,in_age_041,5
2024,다다4499,in_age_042,8
2024,다다4499,in_age_043,8
2024,다다4499,in_age_044,8
2024,다다4499,in_age_045,5
2024,다다4499,in_age_046,5
2024,다다4499,in_age_047,8
2024,다다4499,in_age_048,5
2024,다다4499,in_age_062,0
2024,다다4499,in_age_063,0
2024,다다4499,in_age_064,0
2024,다다4499,in_age_065,0
2024,다다4499,in_age_066,8
2024,다다4499,in_age_067,5
2024,다다4499,in_age_068,0
2024,다다4499,in_age_069,0
2024,다다4499,in_age_070,5
2024,다다4499,in_age_071,5
2024,다다4499,in_age_072,8
2024,다다4499,in_age_073,5
2024,다다4499,in_age_074,8
2024,다다4499,in_age_075,8
2024,다다4499,in_age_076,5
2024,다다4499,in_age_077,8
2024,다다4499,in_age_078,0
2024,다다4499,in_age_079,0
2024,다다4499,to_in_001,123
2024,다다4499,to_in_007,68
2024,다다4499,to_in_008,53
2024,다다4500,in_age_002,5
2024,다다4500,in_age_005,8
2024,다다4500,in_age_006,5
2024,다다4500,in_age_007,0
2024,다다4500,in_age_008,5
2024,다다4500,in_age_009,8
2024,다다4500,in_age_010,5
2024,다다4500,in_age_011,8
2024,다다4500,in_age_012,8
2024,다다4500,in_age_013,8
2024,다다4500,in_age_014,13
2024,다다4500,in_age_015,5
2024,다다4500,in_age_016,8
2024,다다4500,in_age_017,5
2024,다다4500,in_age_018,0
2024,다다4500,in_age_019,5
2024,다다4500,in_age_035,5
2024,다다4500,in_age_036,5
2024,다다4500,in_age_037,0
2024,다다4500,in_age_038,5
2024,다다4500,in_age_039,8
2024,다다4500,in_age_040,5
2024,다다4500,in_age_041,8
2024,다다4500,in_age_042,5
2024,다다4500,in_age_043,5
2024,다다4500,in_age_044,8
2024,다다4500,in_age_045,5
2024,다다4500,in_age_046,5
2024,다다4500,in_age_047,5
2024,다다4500,in_age_048,0
2024,다다4500,in_age_049,5
2024,다다4500,in_age_062,5
2024,다다4500,in_age_065,5
2024,다다4500,in_age_066,5
2024,다다4500,in_age_068,5
2024,다다4500,in_age_069,5
2024,다다4500,in_age_070,5
2024,다다4500,in_age_071,5
2024,다다4500,in_age_072,5
2024,다다4500,in_age_073,5
2024,다다4500,in_age_074,8
2024,다다4500,in_age_075,5
2024,다다4500,in_age_076,5
2024,다다4500,in_age_077,0
2024,다다4500,to_in_001,88
2024,다다4500,to_in_007,48
2024,다다4500,to_in_008,38
2024,다다4501,in_age_002,0
2024,다다4501,in_age_007,0
2024,다다4501,in_age_009,0
2024,다다4501,in_age_011,8
2024,다다4501,in_age_012,5
2024,다다4501,in_age_014,0
2024,다다4501,in_age_015,0
2024,다다4501,in_age_032,0
2024,다다4501,in_age_039,0
2024,다다4501,in_age_041,5
2024,다다4501,in_age_042,5
2024,다다4501,in_age_044,0
2024,다다4501,in_age_045,0
2024,다다4501,in_age_067,0
2024,다다4501,in_age_071,5
2024,다다4501,in_age_072,5
2024,다다4501,to_in_001,13
2024,다다4501,to_in_007,8
2024,다다4501,to_in_008,5
2024,다다4576,in_age_001,5
2024,다다4576,in_age_002,0
2024,다다4576,in_age_003,0
2024,다다4576,in_age_004,5
2024,다다4576,in_age_005,5
2024,다다4576,in_age_006,5
2024,다다4576,in_age_007,5
2024,다다4576,in_age_008,8
2024,다다4576,in_age_009,5
2024,다다4576,in_age_010,8
2024,다다4576,in_age_011,5
2024,다다4576,in_age_012,8
2024,다다4576,in_age_013,28
2024,다다4576,in_age_014,23
2024,다다4576,in_age_015,23
2024,다다4576,in_age_016,18
2024,다다4576,in_age_017,18
2024,다다4576,in_age_018,8
2024,다다4576,in_age_019,5
2024,다다4576,in_age_020,0
2024,다다4576,in_age_031,5
2024,다다4576,in_age_032,0
2024,다다4576,in_age_034,0
2024,다다4576,in_age_035,5
2024,다다4576,in_age_036,5
2024,다다4576,in_age_037,5
2024,다다4576,in_age_038,8
2024,다다4576,in_age_039,0
2024,다다4576,in_age_040,5
2024,다다4576,in_age_041,5
2024,다다4576,in_age_042,8
2024,다다4576,in_age_043,13
2024,다다4576,in_age_044,13
2024,다다4576,in_age_045,8
2024,다다4576,in_age_046,8
2024,다다4576,in_age_047,8
2024,다다4576,in_age_048,5
2024,다다4576,in_age_049,5
2024,다다4576,in_age_050,0
2024,다다4576,in_age_063,0
2024,다다4576,in_age_064,5
2024,다다4576,in_age_066,5
2024,다다4576,in_age_067,0
2024,다다4576,in_age_068,0
2024,다다4576,in_age_069,0
2024,다다4576,in_age_070,5
2024,다다4576,in_age_072,5
2024,다다4576,in_age_073,13
2024,다다4576,in_age_074,13
2024,다다4576,in_age_075,13
2024,다다4576,in_age_076,8
2024,다다4576,in_age_077,13
2024,다다4576,in_age_078,5
2024,다다4576,in_age_079,5
2024,다다4576,to_in_001,173
2024,다다4576,to_in_007,88
2024,다다4576,to_in_008,88
2024,다다4577,in_age_002,5
2024,다다4577,in_age_003,0
2024,다다4577,in_age_004,0
2024,다다4577,in_age_006,8
2024,다다4577,in_age_007,8
2024,다다4577,in_age_008,8
2024,다다4577,in_age_009,8
2024,다다4577,in_age_010,5
2024,다다4577,in_age_011,8
2024,다다4577,in_age_012,8
2024,다다4577,in_age_013,5
2024,다다4577,in_age_014,8
2024,다다4577,in_age_015,0
2024,다다4577,in_age_016,5
2024,다다4577,in_age_017,5
2024,다다4577,in_age_018,5
2024,다다4577,in_age_019,0
2024,다다4577,in_age_032,5
2024,다다4577,in_age_033,0
2024,다다4577,in_age_034,0
2024,다다4577,in_age_036,8
2024,다다4577,in_age_037,8
2024,다다4577,in_age_038,8
2024,다다4577,in_age_039,8
2024,다다4577,in_age_040,5
2024,다다4577,in_age_041,8
2024,다다4577,in_age_042,5
2024,다다4577,in_age_043,5
2024,다다4577,in_age_044,5
2024,다다4577,in_age_046,5
2024,다다4577,in_age_048,0
2024,다다4577,in_age_049,0
2024,다다4577,in_age_062,0
2024,다다4577,in_age_068,0
2024,다다4577,in_age_069,5
2024,다다4577,in_age_070,0
2024,다다4577,in_age_071,0
2024,다다4577,in_age_072,5
2024,다다4577,in_age_074,5
2024,다다4577,in_age_075,0
2024,다다4577,in_age_076,5
2024,다다4577,in_age_077,5
2024,다다4577,in_age_078,0
2024,다다4577,to_in_001,68
2024,다다4577,to_in_007,53
2024,다다4577,to_in_008,18
2024,다다4578,in_age_004,0
2024,다다4578,in_age_005,5
2024,다다4578,in_age_009,0
2024,다다4578,in_age_035,5
2024,다다4578,in_age_064,0
2024,다다4578,in_age_069,0
2024,다다4578,to_in_001,5
2024,다다4578,to_in_007,5
2024,다다4578,to_in_008,5
2024,다다4579,in_age_006,5
2024,다다4579,in_age_007,5
2024,다다4579,in_age_008,5
2024,다다4579,in_age_009,0
2024,다다4579,in_age_010,8
2024,다다4579,in_age_012,5
2024,다다4579,in_age_013,8
2024,다다4579,in_age_014,5
2024,다다4579,in_age_016,5
2024,다다4579,in_age_018,5
2024,다다4579,in_age_036,5
2024,다다4579,in_age_037,5
2024,다다4579,in_age_038,5
2024,다다4579,in_age_039,0
2024,다다4579,in_age_040,5
2024,다다4579,in_age_042,5
2024,다다4579,in_age_043,5
2024,다다4579,in_age_044,0
2024,다다4579,in_age_046,0
2024,다다4579,in_age_048,0
2024,다다4579,in_age_070,5
2024,다다4579,in_age_072,0
2024,다다4579,in_age_073,5
2024,다다4579,in_age_074,0
2024,다다4579,in_age_076,0
2024,다다4579,in_age_078,0
2024,다다4579,to_in_001,28
2024,다다4579,to_in_007,23
2024,다다4579,to_in_008,8
2024,다다4596,in_age_004,5
2024,다다4596,in_age_005,8
2024,다다4596,in_age_006,5
2024,다다4596,in_age_007,5
2024,다다4596,in_age_008,5
2024,다다4596,in_age_009,0
2024,다다4596,in_age_010,5
2024,다다4596,in_age_011,5
2024,다다4596,in_age_012,0
2024,다다4596,in_age_013,8
2024,다다4596,in_age_014,8
2024,다다4596,in_age_015,5
2024,다다4596,in_age_016,5
2024,다다4596,in_age_017,5
2024,다다4596,in_age_018,5
2024,다다4596,in_age_034,5
2024,다다4596,in_age_035,8
2024,다다4596,in_age_036,5
2024,다다4596,in_age_037,5
2024,다다4596,in_age_038,0
2024,다다4596,in_age_039,0
2024,다다4596,in_age_041,0
2024,다다4596,in_age_042,0
2024,다다4596,in_age_043,5
2024,다다4596,in_age_044,5
2024,다다4596,in_age_045,5
2024,다다4596,in_age_047,5
2024,다다4596,in_age_048,0
2024,다다4596,in_age_065,5
2024,다다4596,in_age_068,0
2024,다다4596,in_age_070,5
2024,다다4596,in_age_071,5
2024,다다4596,in_age_073,8
2024,다다4596,in_age_074,0
2024,다다4596,in_age_076,5
2024,다다4596,in_age_077,5
2024,다다4596,in_age_078,5
2024,다다4596,to_in_001,43
2024,다다4596,to_in_007,28
2024,다다4596,to_in_008,18
2024,다다4597,in_age_007,0
2024,다다4597,in_age_011,0
2024,다다4597,in_age_012,0
2024,다다4597,in_age_013,5
2024,다다4597,in_age_014,5
2024,다다4597,in_age_015,5
2024,다다4597,in_age_016,5
2024,다다4597,in_age_017,5
2024,다다4597,in_age_018,5
2024,다다4597,in_age_019,5
2024,다다4597,in_age_020,0
2024,다다4597,in_age_037,0
2024,다다4597,in_age_041,0
2024,다다4597,in_age_043,0
2024,다다4597,in_age_044,5
2024,다다4597,in_age_045,0
2024,다다4597,in_age_046,5
2024,다다4597,in_age_048,0
2024,다다4597,in_age_049,5
2024,다다4597,in_age_072,0
2024,다다4597,in_age_073,5
2024,다다4597,in_age_074,5
2024,다다4597,in_age_075,5
2024,다다4597,in_age_076,0
2024,다다4597,in_age_077,5
2024,다다4597,in_age_078,5
2024,다다4597,in_age_080,0
2024,다다4597,to_in_001,28
2024,다다4597,to_in_007,13
2024,다다4597,to_in_008,13
2024,다다4599,in_age_001,5
2024,다다4599,in_age_002,5
2024,다다4599,in_age_005,5
2024,다다4599,in_age_006,5
2024,다다4599,in_age_007,5
2024,다다4599,in_age_008,5
2024,다다4599,in_age_009,5
2024,다다4599,in_age_010,8
2024,다다4599,in_age_011,5
2024,다다4599,in_age_012,8
2024,다다4599,in_age_013,8
2024,다다4599,in_age_014,13
2024,다다4599,in_age_015,5
2024,다다4599,in_age_016,5
2024,다다4599,in_age_017,5
2024,다다4599,in_age_018,5
2024,다다4599,in_age_020,0
2024,다다4599,in_age_031,5
2024,다다4599,in_age_032,0
2024,다다4599,in_age_035,0
2024,다다4599,in_age_036,5
2024,다다4599,in_age_037,0
2024,다다4599,in_age_039,5
2024,다다4599,in_age_040,8
2024,다다4599,in_age_041,5
2024,다다4599,in_age_042,8
2024,다다4599,in_age_043,8
2024,다다4599,in_age_044,5
2024,다다4599,in_age_045,5
2024,다다4599,in_age_046,5
2024,다다4599,in_age_047,0
2024,다다4599,in_age_061,5
2024,다다4599,in_age_062,5
2024,다다4599,in_age_065,5
2024,다다4599,in_age_066,0
2024,다다4599,in_age_067,5
2024,다다4599,in_age_068,5
2024,다다4599,in_age_070,0
2024,다다4599,in_age_071,0
2024,다다4599,in_age_072,5
2024,다다4599,in_age_073,5
2024,다다4599,in_age_074,8
2024,다다4599,in_age_076,0
2024,다다4599,in_age_077,5
2024,다다4599,in_age_078,5
2024,다다4599,in_age_080,0
2024,다다4599,to_in_001,73
2024,다다4599,to_in_007,38
2024,다다4599,to_in_008,33
2024,다다4654,in_age_004,0
2024,다다4654,in_age_009,0
2024,다다4654,in_age_010,8
2024,다다4654,in_age_011,5
2024,다다4654,in_age_012,8
2024,다다4654,in_age_013,18
2024,다다4654,in_age_014,18
2024,다다4654,in_age_015,8
2024,다다4654,in_age_016,8
2024,다다4654,in_age_017,5
2024,다다4654,in_age_018,5
2024,다다4654,in_age_034,0
2024,다다4654,in_age_039,0
2024,다다4654,in_age_040,8
2024,다다4654,in_age_041,5
2024,다다4654,in_age_042,8
2024,다다4654,in_age_043,8
2024,다다4654,in_age_044,8
2024,다다4654,in_age_045,8
2024,다다4654,in_age_046,5
2024,다다4654,in_age_047,0
2024,다다4654,in_age_070,5
2024,다다4654,in_age_072,5
2024,다다4654,in_age_073,8
2024,다다4654,in_age_074,8
2024,다다4654,in_age_075,0
2024,다다4654,in_age_076,5
2024,다다4654,in_age_077,0
2024,다다4654,in_age_078,5
2024,다다4654,to_in_001,73
2024,다다4654,to_in_007,43
2024,다다4654,to_in_008,33
2024,다다4655,in_age_003,0
2024,다다4655,in_age_009,5
2024,다다4655,in_age_010,0
2024,다다4655,in_age_011,0
2024,다다4655,in_age_012,0
2024,다다4655,in_age_039,5
2024,다다4655,in_age_041,0
2024,다다4655,in_age_042,0
2024,다다4655,in_age_063,0
2024,다다4655,in_age_070,0
2024,다다4655,to_in_001,5
2024,다다4655,to_in_007,5
2024,다다4655,to_in_008,5
2024,다다4696,in_age_012,5
2024,다다4696,in_age_013,5
2024,다다4696,in_age_014,0
2024,다다4696,in_age_043,0
2024,다다4696,in_age_044,0
2024,다다4696,in_age_072,5
2024,다다4696,in_age_073,5
2024,다다4696,to_in_001,8
2024,다다4696,to_in_007,5
2024,다다4696,to_in_008,8
2024,다다4697,in_age_007,0
2024,다다4697,in_age_012,0
2024,다다4697,in_age_013,5
2024,다다4697,in_age_017,0
2024,다다4697,in_age_037,0
2024,다다4697,in_age_043,5
2024,다다4697,in_age_047,0
2024,다다4697,in_age_072,0
2024,다다4697,to_in_001,5
2024,다다4697,to_in_007,5
2024,다다4697,to_in_008,0
2024,다다4699,in_age_001,5
2024,다다4699,in_age_002,5
2024,다다4699,in_age_008,5
2024,다다4699,in_age_009,5
2024,다다4699,in_age_010,5
2024,다다4699,in_age_011,5
2024,다다4699,in_age_014,0
2024,다다4699,in_age_016,0
2024,다다4699,in_age_017,0
2024,다다4699,in_age_031,0
2024,다다4699,in_age_032,5
2024,다다4699,in_age_038,0
2024,다다4699,in_age_039,5
2024,다다4699,in_age_041,5
2024,다다4699,in_age_044,0
2024,다다4699,in_age_061,0
2024,다다4699,in_age_068,0
2024,다다4699,in_age_070,5
2024,다다4699,in_age_076,0
2024,다다4699,in_age_077,0
2024,다다4699,to_in_001,13
2024,다다4699,to_in_007,8
2024,다다4699,to_in_008,8
2024,다다4797,in_age_003,0
2024,다다4797,in_age_004,0
2024,다다4797,in_age_005,0
2024,다다4797,in_age_009,0
2024,다다4797,in_age_010,5
2024,다다4797,in_age_011,0
2024,다다4797,in_age_012,5
2024,다다4797,in_age_013,13
2024,다다4797,in_age_014,13
2024,다다4797,in_age_015,8
2024,다다4797,in_age_016,5
2024,다다4797,in_age_017,5
2024,다다4797,in_age_018,5
2024,다다4797,in_age_034,0
2024,다다4797,in_age_035,0
2024,다다4797,in_age_040,0
2024,다다4797,in_age_042,5
2024,다다4797,in_age_043,8
2024,다다4797,in_age_044,5
2024,다다4797,in_age_045,8
2024,다다4797,in_age_046,0
2024,다다4797,in_age_047,0
2024,다다4797,in_age_048,0
2024,다다4797,in_age_063,0
2024,다다4797,in_age_069,0
2024,다다4797,in_age_070,5
2024,다다4797,in_age_071,0
2024,다다4797,in_age_072,5
2024,다다4797,in_age_073,5
2024,다다4797,in_age_074,8
2024,다다4797,in_age_075,5
2024,다다4797,in_age_076,0
2024,다다4797,in_age_077,5
2024,다다4797,in_age_078,5
2024,다다4797,to_in_001,58
2024,다다4797,to_in_007,28
2024,다다4797,to_in_008,28
2024,다다4798,in_age_001,0
2024,다다4798,in_age_003,0
2024,다다4798,in_age_004,5
2024,다다4798,in_age_005,0
2024,다다4798,in_age_006,0
2024,다다4798,in_age_007,5
2024,다다4798,in_age_009,5
2024,다다4798,in_age_010,5
2024,다다4798,in_age_011,8
2024,다다4798,in_age_012,5
2024,다다4798,in_age_013,13
2024,다다4798,in_age_014,5
2024,다다4798,in_age_015,5
2024,다다4798,in_age_016,8
2024,다다4798,in_age_017,8
2024,다다4798,in_age_019,0
2024,다다4798,in_age_031,0
2024,다다4798,in_age_033,0
2024,다다4798,in_age_034,5
2024,다다4798,in_age_035,0
2024,다다4798,in_age_036,0
2024,다다4798,in_age_037,5
2024,다다4798,in_age_039,5
2024,다다4798,in_age_040,0
2024,다다4798,in_age_041,5
2024,다다4798,in_age_042,5
2024,다다4798,in_age_043,8
2024,다다4798,in_age_044,0
2024,다다4798,in_age_045,5
2024,다다4798,in_age_046,8
2024,다다4798,in_age_047,0
2024,다다4798,in_age_064,5
2024,다다4798,in_age_067,0
2024,다다4798,in_age_069,0
2024,다다4798,in_age_070,5
2024,다다4798,in_age_071,5
2024,다다4798,in_age_072,0
2024,다다4798,in_age_073,8
2024,다다4798,in_age_074,5
2024,다다4798,in_age_075,5
2024,다다4798,in_age_076,0
2024,다다4798,in_age_077,8
2024,다다4798,in_age_079,0
2024,다다4798,to_in_001,58
2024,다다4798,to_in_007,33
2024,다다4798,to_in_008,28
2024,다다4799,in_age_001,5
2024,다다4799,in_age_002,8
2024,다다4799,in_age_003,5
2024,다다4799,in_age_004,0
2024,다다4799,in_age_005,5
2024,다다4799,in_age_006,5
2024,다다4799,in_age_007,5
2024,다다4799,in_age_008,13
2024,다다4799,in_age_009,13
2024,다다4799,in_age_010,13
2024,다다4799,in_age_011,8
2024,다다4799,in_age_012,13
2024,다다4799,in_age_013,18
2024,다다4799,in_age_014,18
2024,다다4799,in_age_015,38
2024,다다4799,in_age_016,23
2024,다다4799,in_age_017,18
2024,다다4799,in_age_018,8
2024,다다4799,in_age_019,5
2024,다다4799,in_age_020,0
2024,다다4799,in_age_031,5
2024,다다4799,in_age_032,8
2024,다다4799,in_age_033,5
2024,다다4799,in_age_035,5
2024,다다4799,in_age_036,5
2024,다다4799,in_age_037,5
2024,다다4799,in_age_038,8
2024,다다4799,in_age_039,8
2024,다다4799,in_age_040,8
2024,다다4799,in_age_041,5
2024,다다4799,in_age_042,13
2024,다다4799,in_age_043,8
2024,다다4799,in_age_044,5
2024,다다4799,in_age_045,18
2024,다다4799,in_age_046,13
2024,다다4799,in_age_047,8
2024,다다4799,in_age_048,5
2024,다다4799,in_age_049,5
2024,다다4799,in_age_061,0
2024,다다4799,in_age_064,0
2024,다다4799,in_age_065,5
2024,다다4799,in_age_066,0
2024,다다4799,in_age_067,5
2024,다다4799,in_age_068,5
2024,다다4799,in_age_069,5
2024,다다4799,in_age_070,0
2024,다다4799,in_age_071,5
2024,다다4799,in_age_072,5
2024,다다4799,in_age_073,8
2024,다다4799,in_age_074,13
2024,다다4799,in_age_075,23
2024,다다4799,in_age_076,8
2024,다다4799,in_age_077,8
2024,다다4799,in_age_078,8
2024,다다4799,in_age_079,5
2024,다다4799,in_age_080,0
2024,다다4799,to_in_001,218
2024,다다4799,to_in_007,118
2024,다다4799,to_in_008,98
2024,다다4800,in_age_001,5
2024,다다4800,in_age_002,0
2024,다다4800,in_age_003,5
2024,다다4800,in_age_004,5
2024,다다4800,in_age_005,0
2024,다다4800,in_age_006,8
2024,다다4800,in_age_007,8
2024,다다4800,in_age_008,5
2024,다다4800,in_age_009,13
2024,다다4800,in_age_010,13
2024,다다4800,in_age_011,8
2024,다다4800,in_age_012,8
2024,다다4800,in_age_013,13
2024,다다4800,in_age_014,5
2024,다다4800,in_age_015,13
2024,다다4800,in_age_016,8
2024,다다4800,in_age_017,8
2024,다다4800,in_age_018,5
2024,다다4800,in_age_019,0
2024,다다4800,in_age_031,5
2024,다다4800,in_age_032,0
2024,다다4800,in_age_033,5
2024,다다4800,in_age_034,0
2024,다다4800,in_age_035,0
2024,다다4800,in_age_036,5
2024,다다4800,in_age_037,5
2024,다다4800,in_age_038,0
2024,다다4800,in_age_039,8
2024,다다4800,in_age_040,8
2024,다다4800,in_age_041,5
2024,다다4800,in_age_042,5
2024,다다4800,in_age_043,8
2024,다다4800,in_age_044,5
2024,다다4800,in_age_045,8
2024,다다4800,in_age_046,5
2024,다다4800,in_age_047,5
2024,다다4800,in_age_048,5
2024,다다4800,in_age_063,5
2024,다다4800,in_age_064,0
2024,다다4800,in_age_066,5
2024,다다4800,in_age_067,5
2024,다다4800,in_age_068,5
2024,다다4800,in_age_069,5
2024,다다4800,in_age_070,5
2024,다다4800,in_age_071,8
2024,다다4800,in_age_072,8
2024,다다4800,in_age_073,5
2024,다다4800,in_age_074,5
2024,다다4800,in_age_075,8
2024,다다4800,in_age_076,8
2024,다다4800,in_age_077,5
2024,다다4800,in_age_078,5
2024,다다4800,in_age_079,0
2024,다다4800,to_in_001,108
2024,다다4800,to_in_007,58
2024,다다4800,to_in_008,53
2024,다다4801,in_age_001,5
2024,다다4801,in_age_002,0
2024,다다4801,in_age_003,5
2024,다다4801,in_age_004,5
2024,다다4801,in_age_005,5
2024,다다4801,in_age_006,0
2024,다다4801,in_age_007,8
2024,다다4801,in_age_008,5
2024,다다4801,in_age_009,5
2024,다다4801,in_age_010,8
2024,다다4801,in_age_011,13
2024,다다4801,in_age_012,8
2024,다다4801,in_age_013,13
2024,다다4801,in_age_014,8
2024,다다4801,in_age_015,8
2024,다다4801,in_age_016,8
2024,다다4801,in_age_017,5
2024,다다4801,in_age_018,5
2024,다다4801,in_age_031,0
2024,다다4801,in_age_033,0
2024,다다4801,in_age_034,5
2024,다다4801,in_age_035,5
2024,다다4801,in_age_037,5
2024,다다4801,in_age_038,5
2024,다다4801,in_age_040,8
2024,다다4801,in_age_041,8
2024,다다4801,in_age_042,5
2024,다다4801,in_age_043,8
2024,다다4801,in_age_044,8
2024,다다4801,in_age_045,5
2024,다다4801,in_age_046,5
2024,다다4801,in_age_047,5
2024,다다4801,in_age_061,0
2024,다다4801,in_age_062,0
2024,다다4801,in_age_063,0
2024,다다4801,in_age_064,5
2024,다다4801,in_age_065,0
2024,다다4801,in_age_066,0
2024,다다4801,in_age_067,5
2024,다다4801,in_age_068,5
2024,다다4801,in_age_069,5
2024,다다4801,in_age_070,5
2024,다다4801,in_age_071,5
2024,다다4801,in_age_072,5
2024,다다4801,in_age_073,5
2024,다다4801,in_age_074,8
2024,다다4801,in_age_075,5
2024,다다4801,in_age_076,5
2024,다다4801,in_age_077,0
2024,다다4801,in_age_078,5
2024,다다4801,to_in_001,103
2024,다다4801,to_in_007,53
2024,다다4801,to_in_008,48
2024,다다4802,in_age_001,8
2024,다다4802,in_age_002,13
2024,다다4802,in_age_003,8
2024,다다4802,in_age_004,8
2024,다다4802,in_age_005,8
2024,다다4802,in_age_006,13
2024,다다4802,in_age_007,18
2024,다다4802,in_age_008,18
2024,다다4802,in_age_009,8
2024,다다4802,in_age_010,13
2024,다다4802,in_age_011,28
2024,다다4802,in_age_012,18
2024,다다4802,in_age_013,23
2024,다다4802,in_age_014,13
2024,다다4802,in_age_015,13
2024,다다4802,in_age_016,8
2024,다다4802,in_age_017,8
2024,다다4802,in_age_018,5
2024,다다4802,in_age_019,5
2024,다다4802,in_age_020,0
2024,다다4802,in_age_031,5
2024,다다4802,in_age_032,8
2024,다다4802,in_age_033,8
2024,다다4802,in_age_034,8
2024,다다4802,in_age_035,5
2024,다다4802,in_age_036,8
2024,다다4802,in_age_037,13
2024,다다4802,in_age_038,13
2024,다다4802,in_age_039,8
2024,다다4802,in_age_040,8
2024,다다4802,in_age_041,18
2024,다다4802,in_age_042,8
2024,다다4802,in_age_043,13
2024,다다4802,in_age_044,8
2024,다다4802,in_age_045,13
2024,다다4802,in_age_046,5
2024,다다4802,in_age_047,5
2024,다다4802,in_age_061,5
2024,다다4802,in_age_062,5
2024,다다4802,in_age_063,0
2024,다다4802,in_age_064,5
2024,다다4802,in_age_065,8
2024,다다4802,in_age_066,8
2024,다다4802,in_age_067,5
2024,다다4802,in_age_068,8
2024,다다4802,in_age_069,5
2024,다다4802,in_age_070,8
2024,다다4802,in_age_071,8
2024,다다4802,in_age_072,8
2024,다다4802,in_age_073,13
2024,다다4802,in_age_074,5
2024,다다4802,in_age_075,5
2024,다다4802,in_age_076,5
2024,다다4802,in_age_077,5
2024,다다4802,in_age_078,5
2024,다다4802,in_age_079,5
2024,다다4802,in_age_080,0
2024,다다4802,to_in_001,223
2024,다다4802,to_in_007,133
2024,다다4802,to_in_008,88
2024,다다4803,in_age_002,5
2024,다다4803,in_age_004,0
2024,다다4803,in_age_005,8
2024,다다4803,in_age_006,5
2024,다다4803,in_age_007,8
2024,다다4803,in_age_009,8
2024,다다4803,in_age_010,8
2024,다다4803,in_age_011,8
2024,다다4803,in_age_012,8
2024,다다4803,in_age_013,13
2024,다다4803,in_age_014,13
2024,다다4803,in_age_015,8
2024,다다4803,in_age_016,8
2024,다다4803,in_age_017,5
2024,다다4803,in_age_018,5
2024,다다4803,in_age_032,5
2024,다다4803,in_age_034,0
2024,다다4803,in_age_035,5
2024,다다4803,in_age_036,5
2024,다다4803,in_age_037,0
2024,다다4803,in_age_039,8
2024,다다4803,in_age_040,5
2024,다다4803,in_age_041,5
2024,다다4803,in_age_042,5
2024,다다4803,in_age_043,8
2024,다다4803,in_age_044,8
2024,다다4803,in_age_045,5
2024,다다4803,in_age_046,8
2024,다다4803,in_age_047,5
2024,다다4803,in_age_048,5
2024,다다4803,in_age_062,0
2024,다다4803,in_age_065,5
2024,다다4803,in_age_066,5
2024,다다4803,in_age_067,8
2024,다다4803,in_age_069,8
2024,다다4803,in_age_070,5
2024,다다4803,in_age_071,5
2024,다다4803,in_age_072,5
2024,다다4803,in_age_073,5
2024,다다4803,in_age_074,5
2024,다다4803,in_age_075,5
2024,다다4803,in_age_076,5
2024,다다4803,in_age_077,5
2024,다다4803,in_age_078,5
2024,다다4803,to_in_001,93
2024,다다4803,to_in_007,48
2024,다다4803,to_in_008,48
2024,다다4898,in_age_001,8
2024,다다4898,in_age_002,8
2024,다다4898,in_age_003,5
2024,다다4898,in_age_004,0
2024,다다4898,in_age_005,8
2024,다다4898,in_age_006,13
2024,다다4898,in_age_007,8
2024,다다4898,in_age_008,8
2024,다다4898,in_age_009,13
2024,다다4898,in_age_010,8
2024,다다4898,in_age_011,8
2024,다다4898,in_age_012,18
2024,다다4898,in_age_013,18
2024,다다4898,in_age_014,23
2024,다다4898,in_age_015,13
2024,다다4898,in_age_016,23
2024,다다4898,in_age_017,13
2024,다다4898,in_age_018,8
2024,다다4898,in_age_031,5
2024,다다4898,in_age_032,8
2024,다다4898,in_age_033,0
2024,다다4898,in_age_034,0
2024,다다4898,in_age_035,5
2024,다다4898,in_age_036,8
2024,다다4898,in_age_037,5
2024,다다4898,in_age_038,8
2024,다다4898,in_age_039,8
2024,다다4898,in_age_040,8
2024,다다4898,in_age_041,8
2024,다다4898,in_age_042,8
2024,다다4898,in_age_043,8
2024,다다4898,in_age_044,8
2024,다다4898,in_age_045,8
2024,다다4898,in_age_046,13
2024,다다4898,in_age_047,5
2024,다다4898,in_age_048,8
2024,다다4898,in_age_061,5
2024,다다4898,in_age_062,5
2024,다다4898,in_age_063,0
2024,다다4898,in_age_065,5
2024,다다4898,in_age_066,5
2024,다다4898,in_age_067,5
2024,다다4898,in_age_068,5
2024,다다4898,in_age_069,8
2024,다다4898,in_age_070,5
2024,다다4898,in_age_071,5
2024,다다4898,in_age_072,8
2024,다다4898,in_age_073,8
2024,다다4898,in_age_074,13
2024,다다4898,in_age_075,8
2024,다다4898,in_age_076,8
2024,다다4898,in_age_077,8
2024,다다4898,in_age_078,5
2024,다다4898,to_in_001,198
2024,다다4898,to_in_007,103
2024,다다4898,to_in_008,93
2024,다다4899,in_age_002,0
2024,다다4899,in_age_005,8
2024,다다4899,in_age_006,5
2024,다다4899,in_age_007,5
2024,다다4899,in_age_008,8
2024,다다4899,in_age_009,5
2024,다다4899,in_age_010,0
2024,다다4899,in_age_011,0
2024,다다4899,in_age_012,5
2024,다다4899,in_age_013,8
2024,다다4899,in_age_014,5
2024,다다4899,in_age_015,5
2024,다다4899,in_age_016,5
2024,다다4899,in_age_018,0
2024,다다4899,in_age_035,8
2024,다다4899,in_age_036,5
2024,다다4899,in_age_037,5
2024,다다4899,in_age_038,8
2024,다다4899,in_age_039,0
2024,다다4899,in_age_041,0
2024,다다4899,in_age_043,5
2024,다다4899,in_age_044,5
2024,다다4899,in_age_045,0
2024,다다4899,in_age_046,5
2024,다다4899,in_age_062,0
2024,다다4899,in_age_066,0
2024,다다4899,in_age_068,0
2024,다다4899,in_age_069,0
2024,다다4899,in_age_070,0
2024,다다4899,in_age_072,5
2024,다다4899,in_age_073,5
2024,다다4899,in_age_075,0
2024,다다4899,in_age_076,5
2024,다다4899,in_age_078,0
2024,다다4899,to_in_001,38
2024,다다4899,to_in_007,23
2024,다다4899,to_in_008,18
2024,다다4900,in_age_001,5
2024,다다4900,in_age_002,5
2024,다다4900,in_age_003,5
2024,다다4900,in_age_005,8
2024,다다4900,in_age_006,5
2024,다다4900,in_age_007,8
2024,다다4900,in_age_008,8
2024,다다4900,in_age_009,5
2024,다다4900,in_age_010,13
2024,다다4900,in_age_011,18
2024,다다4900,in_age_012,13
2024,다다4900,in_age_013,23
2024,다다4900,in_age_014,18
2024,다다4900,in_age_015,8
2024,다다4900,in_age_016,8
2024,다다4900,in_age_017,5
2024,다다4900,in_age_018,8
2024,다다4900,in_age_019,8
2024,다다4900,in_age_031,5
2024,다다4900,in_age_032,5
2024,다다4900,in_age_033,5
2024,다다4900,in_age_035,8
2024,다다4900,in_age_036,5
2024,다다4900,in_age_037,5
2024,다다4900,in_age_038,5
2024,다다4900,in_age_039,5
2024,다다4900,in_age_040,13
2024,다다4900,in_age_041,8
2024,다다4900,in_age_042,8
2024,다다4900,in_age_043,13
2024,다다4900,in_age_044,8
2024,다다4900,in_age_045,8
2024,다다4900,in_age_046,8
2024,다다4900,in_age_048,5
2024,다다4900,in_age_049,0
2024,다다4900,in_age_061,5
2024,다다4900,in_age_062,5
2024,다다4900,in_age_065,0
2024,다다4900,in_age_066,5
2024,다다4900,in_age_067,5
2024,다다4900,in_age_068,8
2024,다다4900,in_age_069,5
2024,다다4900,in_age_070,5
2024,다다4900,in_age_071,8
2024,다다4900,in_age_072,5
2024,다다4900,in_age_073,8
2024,다다4900,in_age_074,8
2024,다다4900,in_age_075,5
2024,다다4900,in_age_076,5
2024,다다4900,in_age_077,5
2024,다다4900,in_age_078,8
2024,다다4900,in_age_079,8
2024,다다4900,to_in_001,158
2024,다다4900,to_in_007,88
2024,다다4900,to_in_008,68
2024,다다4901,in_age_001,5
2024,다다4901,in_age_002,5
2024,다다4901,in_age_003,8
2024,다다4901,in_age_004,5
2024,다다4901,in_age_005,8
2024,다다4901,in_age_006,13
2024,다다4901,in_age_007,13
2024,다다4901,in_age_008,8
2024,다다4901,in_age_009,8
2024,다다4901,in_age_010,13
2024,다다4901,in_age_011,13
2024,다다4901,in_age_012,13
2024,다다4901,in_age_013,13
2024,다다4901,in_age_014,8
2024,다다4901,in_age_015,8
2024,다다4901,in_age_016,5
2024,다다4901,in_age_017,5
2024,다다4901,in_age_018,5
2024,다다4901,in_age_031,0
2024,다다4901,in_age_032,5
2024,다다4901,in_age_033,5
2024,다다4901,in_age_034,0
2024,다다4901,in_age_035,0
2024,다다4901,in_age_036,13
2024,다다4901,in_age_037,8
2024,다다4901,in_age_038,5
2024,다다4901,in_age_039,5
2024,다다4901,in_age_040,8
2024,다다4901,in_age_041,5
2024,다다4901,in_age_042,8
2024,다다4901,in_age_043,8
2024,다다4901,in_age_044,8
2024,다다4901,in_age_045,5
2024,다다4901,in_age_047,0
2024,다다4901,in_age_048,5
2024,다다4901,in_age_061,5
2024,다다4901,in_age_062,0
2024,다다4901,in_age_063,5
2024,다다4901,in_age_064,5
2024,다다4901,in_age_065,5
2024,다다4901,in_age_066,5
2024,다다4901,in_age_067,8
2024,다다4901,in_age_068,8
2024,다다4901,in_age_069,5
2024,다다4901,in_age_070,5
2024,다다4901,in_age_071,8
2024,다다4901,in_age_072,5
2024,다다4901,in_age_073,5
2024,다다4901,in_age_074,5
2024,다다4901,in_age_075,8
2024,다다4901,in_age_076,5
2024,다다4901,in_age_077,5
2024,다다4901,in_age_078,0
2024,다다4901,to_in_001,138
2024,다다4901,to_in_007,68
2024,다다4901,to_in_008,73
2024,다다4902,in_age_001,0
2024,다다4902,in_age_002,5
2024,다다4902,in_age_003,13
2024,다다4902,in_age_004,8
2024,다다4902,in_age_005,8
2024,다다4902,in_age_006,13
2024,다다4902,in_age_007,8
2024,다다4902,in_age_008,13
2024,다다4902,in_age_009,13
2024,다다4902,in_age_010,18
2024,다다4902,in_age_011,13
2024,다다4902,in_age_012,23
2024,다다4902,in_age_013,28
2024,다다4902,in_age_014,28
2024,다다4902,in_age_015,8
2024,다다4902,in_age_016,18
2024,다다4902,in_age_017,5
2024,다다4902,in_age_018,8
2024,다다4902,in_age_019,5
2024,다다4902,in_age_020,0
2024,다다4902,in_age_032,5
2024,다다4902,in_age_033,8
2024,다다4902,in_age_034,5
2024,다다4902,in_age_035,5
2024,다다4902,in_age_036,8
2024,다다4902,in_age_037,8
2024,다다4902,in_age_038,8
2024,다다4902,in_age_039,8
2024,다다4902,in_age_040,13
2024,다다4902,in_age_041,8
2024,다다4902,in_age_042,8
2024,다다4902,in_age_043,13
2024,다다4902,in_age_044,13
2024,다다4902,in_age_045,5
2024,다다4902,in_age_046,8
2024,다다4902,in_age_048,5
2024,다다4902,in_age_061,0
2024,다다4902,in_age_062,5
2024,다다4902,in_age_063,5
2024,다다4902,in_age_064,5
2024,다다4902,in_age_065,5
2024,다다4902,in_age_066,8
2024,다다4902,in_age_067,5
2024,다다4902,in_age_068,8
2024,다다4902,in_age_069,8
2024,다다4902,in_age_070,8
2024,다다4902,in_age_071,5
2024,다다4902,in_age_072,13
2024,다다4902,in_age_073,13
2024,다다4902,in_age_074,13
2024,다다4902,in_age_075,5
2024,다다4902,in_age_076,8
2024,다다4902,in_age_077,5
2024,다다4902,in_age_078,8
2024,다다4902,in_age_079,5
2024,다다4902,in_age_080,0
2024,다다4902,to_in_001,228
2024,다다4902,to_in_007,123
2024,다다4902,to_in_008,108
2024,다다4903,in_age_001,5
2024,다다4903,in_age_002,5
2024,다다4903,in_age_003,0
2024,다다4903,in_age_004,5
2024,다다4903,in_age_005,5
2024,다다4903,in_age_006,8
2024,다다4903,in_age_007,8
2024,다다4903,in_age_008,8
2024,다다4903,in_age_009,5
2024,다다4903,in_age_010,8
2024,다다4903,in_age_011,8
2024,다다4903,in_age_012,13
2024,다다4903,in_age_013,13
2024,다다4903,in_age_014,13
2024,다다4903,in_age_015,8
2024,다다4903,in_age_016,5
2024,다다4903,in_age_017,8
2024,다다4903,in_age_018,5
2024,다다4903,in_age_020,0
2024,다다4903,in_age_031,5
2024,다다4903,in_age_032,5
2024,다다4903,in_age_033,0
2024,다다4903,in_age_034,5
2024,다다4903,in_age_036,8
2024,다다4903,in_age_037,5
2024,다다4903,in_age_038,8
2024,다다4903,in_age_039,5
2024,다다4903,in_age_040,5
2024,다다4903,in_age_041,5
2024,다다4903,in_age_042,8
2024,다다4903,in_age_043,5
2024,다다4903,in_age_044,8
2024,다다4903,in_age_045,5
2024,다다4903,in_age_046,5
2024,다다4903,in_age_047,8
2024,다다4903,in_age_048,5
2024,다다4903,in_age_062,5
2024,다다4903,in_age_065,5
2024,다다4903,in_age_066,0
2024,다다4903,in_age_067,5
2024,다다4903,in_age_068,5
2024,다다4903,in_age_069,0
2024,다다4903,in_age_070,8
2024,다다4903,in_age_071,5
2024,다다4903,in_age_072,8
2024,다다4903,in_age_073,8
2024,다다4903,in_age_074,5
2024,다다4903,in_age_075,5
2024,다다4903,in_age_076,5
2024,다다4903,in_age_077,5
2024,다다4903,in_age_078,5
2024,다다4903,in_age_080,0
2024,다다4903,to_in_001,123
2024,다다4903,to_in_007,68
2024,다다4903,to_in_008,53
2024,다다4998,in_age_001,0
2024,다다4998,in_age_002,0
2024,다다4998,in_age_003,5
2024,다다4998,in_age_005,5
2024,다다4998,in_age_008,0
2024,다다4998,in_age_009,8
2024,다다4998,in_age_014,5
2024,다다4998,in_age_015,5
2024,다다4998,in_age_031,0
2024,다다4998,in_age_032,0
2024,다다4998,in_age_033,0
2024,다다4998,in_age_038,0
2024,다다4998,in_age_039,5
2024,다다4998,in_age_044,5
2024,다다4998,in_age_045,5
2024,다다4998,in_age_063,0
2024,다다4998,in_age_065,5
2024,다다4998,in_age_069,5
2024,다다4998,in_age_074,0
2024,다다4998,in_age_075,0
2024,다다4998,to_in_001,13
2024,다다4998,to_in_007,8
2024,다다4998,to_in_008,8
2024,다다5000,in_age_001,0
2024,다다5000,in_age_002,8
2024,다다5000,in_age_003,5
2024,다다5000,in_age_004,5
2024,다다5000,in_age_005,5
2024,다다5000,in_age_006,5
2024,다다5000,in_age_007,5
2024,다다5000,in_age_008,5
2024,다다5000,in_age_009,5
2024,다다5000,in_age_010,5
2024,다다5000,in_age_011,8
2024,다다5000,in_age_012,5
2024,다다5000,in_age_013,8
2024,다다5000,in_age_014,0
2024,다다5000,in_age_032,0
2024,다다5000,in_age_035,5
2024,다다5000,in_age_036,5
2024,다다5000,in_age_037,5
2024,다다5000,in_age_038,5
2024,다다5000,in_age_039,0
2024,다다5000,in_age_040,0
2024,다다5000,in_age_041,5
2024,다다5000,in_age_042,0
2024,다다5000,in_age_043,5
2024,다다5000,in_age_044,0
2024,다다5000,in_age_061,0
2024,다다5000,in_age_062,8
2024,다다5000,in_age_063,5
2024,다다5000,in_age_064,5
2024,다다5000,in_age_067,0
2024,다다5000,in_age_068,0
2024,다다5000,in_age_069,0
2024,다다5000,in_age_070,5
2024,다다5000,in_age_071,5
2024,다다5000,in_age_072,0
2024,다다5000,in_age_073,5
2024,다다5000,to_in_001,38
2024,다다5000,to_in_007,18
2024,다다5000,to_in_008,18
2024,다다5001,in_age_001,5
2024,다다5001,in_age_002,5
2024,다다5001,in_age_003,5
2024,다다5001,in_age_004,8
2024,다다5001,in_age_005,5
2024,다다5001,in_age_006,8
2024,다다5001,in_age_007,8
2024,다다5001,in_age_008,13
2024,다다5001,in_age_009,8
2024,다다5001,in_age_010,8
2024,다다5001,in_age_011,18
2024,다다5001,in_age_012,13
2024,다다5001,in_age_013,13
2024,다다5001,in_age_014,8
2024,다다5001,in_age_015,8
2024,다다5001,in_age_016,8
2024,다다5001,in_age_017,8
2024,다다5001,in_age_018,8
2024,다다5001,in_age_019,0
2024,다다5001,in_age_031,0
2024,다다5001,in_age_032,5
2024,다다5001,in_age_034,5
2024,다다5001,in_age_035,5
2024,다다5001,in_age_036,5
2024,다다5001,in_age_037,5
2024,다다5001,in_age_038,8
2024,다다5001,in_age_039,5
2024,다다5001,in_age_040,8
2024,다다5001,in_age_041,13
2024,다다5001,in_age_042,8
2024,다다5001,in_age_043,8
2024,다다5001,in_age_044,5
2024,다다5001,in_age_045,8
2024,다다5001,in_age_046,8
2024,다다5001,in_age_047,5
2024,다다5001,in_age_048,8
2024,다다5001,in_age_061,0
2024,다다5001,in_age_063,5
2024,다다5001,in_age_064,5
2024,다다5001,in_age_065,5
2024,다다5001,in_age_066,5
2024,다다5001,in_age_067,5
2024,다다5001,in_age_068,8
2024,다다5001,in_age_069,5
2024,다다5001,in_age_070,8
2024,다다5001,in_age_071,8
2024,다다5001,in_age_072,8
2024,다다5001,in_age_073,8
2024,다다5001,in_age_074,5
2024,다다5001,in_age_075,5
2024,다다5001,in_age_076,8
2024,다다5001,in_age_077,8
2024,다다5001,in_age_078,5
2024,다다5001,in_age_079,0
2024,다다5001,to_in_001,153
2024,다다5001,to_in_007,78
2024,다다5001,to_in_008,73
2024,다다5002,in_age_001,5
2024,다다5002,in_age_002,5
2024,다다5002,in_age_003,8
2024,다다5002,in_age_004,5
2024,다다5002,in_age_005,5
2024,다다5002,in_age_006,5
2024,다다5002,in_age_007,5
2024,다다5002,in_age_008,8
2024,다다5002,in_age_009,8
2024,다다5002,in_age_010,13
2024,다다5002,in_age_011,8
2024,다다5002,in_age_012,18
2024,다다5002,in_age_013,18
2024,다다5002,in_age_014,13
2024,다다5002,in_age_015,18
2024,다다5002,in_age_016,13
2024,다다5002,in_age_017,8
2024,다다5002,in_age_018,5
2024,다다5002,in_age_019,5
2024,다다5002,in_age_020,0
2024,다다5002,in_age_032,0
2024,다다5002,in_age_033,8
2024,다다5002,in_age_034,0
2024,다다5002,in_age_035,5
2024,다다5002,in_age_036,0
2024,다다5002,in_age_037,5
2024,다다5002,in_age_038,5
2024,다다5002,in_age_039,5
2024,다다5002,in_age_040,8
2024,다다5002,in_age_041,5
2024,다다5002,in_age_042,13
2024,다다5002,in_age_043,8
2024,다다5002,in_age_044,5
2024,다다5002,in_age_045,8
2024,다다5002,in_age_046,8
2024,다다5002,in_age_047,0
2024,다다5002,in_age_048,5
2024,다다5002,in_age_050,0
2024,다다5002,in_age_061,5
2024,다다5002,in_age_062,5
2024,다다5002,in_age_063,5
2024,다다5002,in_age_064,5
2024,다다5002,in_age_065,5
2024,다다5002,in_age_066,5
2024,다다5002,in_age_067,0
2024,다다5002,in_age_068,5
2024,다다5002,in_age_069,8
2024,다다5002,in_age_070,5
2024,다다5002,in_age_071,8
2024,다다5002,in_age_072,8
2024,다다5002,in_age_073,8
2024,다다5002,in_age_074,8
2024,다다5002,in_age_075,8
2024,다다5002,in_age_076,8
2024,다다5002,in_age_077,8
2024,다다5002,in_age_078,5
2024,다다5002,in_age_079,5
2024,다다5002,to_in_001,163
2024,다다5002,to_in_007,78
2024,다다5002,to_in_008,83
2024,다다5091,in_age_001,0
2024,다다5091,in_age_004,5
2024,다다5091,in_age_005,5
2024,다다5091,in_age_006,5
2024,다다5091,in_age_007,5
2024,다다5091,in_age_008,5
2024,다다5091,in_age_009,8
2024,다다5091,in_age_010,5
2024,다다5091,in_age_011,8
2024,다다5091,in_age_012,5
2024,다다5091,in_age_013,8
2024,다다5091,in_age_014,8
2024,다다5091,in_age_015,13
2024,다다5091,in_age_016,5
2024,다다5091,in_age_017,13
2024,다다5091,in_age_018,5
2024,다다5091,in_age_031,0
2024,다다5091,in_age_034,5
2024,다다5091,in_age_035,5
2024,다다5091,in_age_036,5
2024,다다5091,in_age_037,5
2024,다다5091,in_age_038,5
2024,다다5091,in_age_039,8
2024,다다5091,in_age_040,5
2024,다다5091,in_age_041,8
2024,다다5091,in_age_042,5
2024,다다5091,in_age_043,5
2024,다다5091,in_age_044,8
2024,다다5091,in_age_045,5
2024,다다5091,in_age_047,5
2024,다다5091,in_age_048,5
2024,다다5091,in_age_064,0
2024,다다5091,in_age_066,0
2024,다다5091,in_age_068,0
2024,다다5091,in_age_069,5
2024,다다5091,in_age_071,5
2024,다다5091,in_age_073,5
2024,다다5091,in_age_075,8
2024,다다5091,in_age_076,5
2024,다다5091,in_age_077,8
2024,다다5091,in_age_078,5
2024,다다5091,to_in_001,88
2024,다다5091,to_in_007,53
2024,다다5091,to_in_008,33
2024,다다5092,in_age_005,5
2024,다다5092,in_age_006,0
2024,다다5092,in_age_007,8
2024,다다5092,in_age_009,8
2024,다다5092,in_age_010,0
2024,다다5092,in_age_011,5
2024,다다5092,in_age_012,5
2024,다다5092,in_age_013,5
2024,다다5092,in_age_014,5
2024,다다5092,in_age_015,8
2024,다다5092,in_age_016,8
2024,다다5092,in_age_017,5
2024,다다5092,in_age_018,5
2024,다다5092,in_age_035,5
2024,다다5092,in_age_036,0
2024,다다5092,in_age_037,5
2024,다다5092,in_age_039,8
2024,다다5092,in_age_040,0
2024,다다5092,in_age_041,5
2024,다다5092,in_age_044,5
2024,다다5092,in_age_045,5
2024,다다5092,in_age_046,5
2024,다다5092,in_age_047,5
2024,다다5092,in_age_067,5
2024,다다5092,in_age_071,0
2024,다다5092,in_age_072,5
2024,다다5092,in_age_073,5
2024,다다5092,in_age_074,0
2024,다다5092,in_age_075,5
2024,다다5092,in_age_076,8
2024,다다5092,in_age_077,5
2024,다다5092,in_age_078,5
2024,다다5092,to_in_001,38
2024,다다5092,to_in_007,23
2024,다다5092,to_in_008,18
2024,다다5093,in_age_010,0
2024,다다5093,in_age_012,0
2024,다다5093,in_age_014,5
2024,다다5093,in_age_015,5
2024,다다5093,in_age_040,0
2024,다다5093,in_age_044,0
2024,다다5093,in_age_045,5
2024,다다5093,in_age_072,0
2024,다다5093,in_age_074,0
2024,다다5093,to_in_001,5
2024,다다5093,to_in_007,5
2024,다다5093,to_in_008,5
2024,다다5190,in_age_013,5
2024,다다5190,in_age_014,0
2024,다다5190,in_age_044,0
2024,다다5190,in_age_073,5
2024,다다5190,to_in_001,5
2024,다다5190,to_in_007,0
2024,다다5190,to_in_008,5
2024,다다5193,in_age_006,8
2024,다다5193,in_age_007,5
2024,다다5193,in_age_008,5
2024,다다5193,in_age_010,5
2024,다다5193,in_age_011,5
2024,다다5193,in_age_012,5
2024,다다5193,in_age_014,5
2024,다다5193,in_age_018,5
2024,다다5193,in_age_036,5
2024,다다5193,in_age_037,5
2024,다다5193,in_age_038,5
2024,다다5193,in_age_040,5
2024,다다5193,in_age_042,5
2024,다다5193,in_age_044,5
2024,다다5193,in_age_066,5
2024,다다5193,in_age_071,5
2024,다다5193,in_age_074,0
2024,다다5193,in_age_078,5
2024,다다5193,to_in_001,23
2024,다다5193,to_in_007,18
2024,다다5193,to_in_008,8
2024,다다5290,in_age_006,0
2024,다다5290,in_age_008,5
2024,다다5290,in_age_009,0
2024,다다5290,in_age_010,5
2024,다다5290,in_age_011,5
2024,다다5290,in_age_012,8
2024,다다5290,in_age_013,5
2024,다다5290,in_age_014,8
2024,다다5290,in_age_015,5
2024,다다5290,in_age_016,8
2024,다다5290,in_age_017,8
2024,다다5290,in_age_018,8
2024,다다5290,in_age_038,0
2024,다다5290,in_age_040,5
2024,다다5290,in_age_041,5
2024,다다5290,in_age_042,5
2024,다다5290,in_age_043,5
2024,다다5290,in_age_044,8
2024,다다5290,in_age_046,5
2024,다다5290,in_age_047,5
2024,다다5290,in_age_066,0
2024,다다5290,in_age_068,0
2024,다다5290,in_age_069,0
2024,다다5290,in_age_071,0
2024,다다5290,in_age_072,5
2024,다다5290,in_age_073,5
2024,다다5290,in_age_074,5
2024,다다5290,in_age_075,5
2024,다다5290,in_age_076,5
2024,다다5290,in_age_077,5
2024,다다5290,in_age_078,8
2024,다다5290,to_in_001,43
2024,다다5290,to_in_007,18
2024,다다5290,to_in_008,28
2024,다다5291,in_age_002,0
2024,다다5291,in_age_003,0
2024,다다5291,in_age_004,0
2024,다다5291,in_age_005,0
2024,다다5291,in_age_008,8
2024,다다5291,in_age_009,5
2024,다다5291,in_age_011,0
2024,다다5291,in_age_012,5
2024,다다5291,in_age_013,8
2024,다다5291,in_age_014,0
2024,다다5291,in_age_015,5
2024,다다5291,in_age_016,0
2024,다다5291,in_age_018,0
2024,다다5291,in_age_032,0
2024,다다5291,in_age_034,0
2024,다다5291,in_age_035,0
2024,다다5291,in_age_038,8
2024,다다5291,in_age_039,0
2024,다다5291,in_age_042,0
2024,다다5291,in_age_043,5
2024,다다5291,in_age_045,5
2024,다다5291,in_age_063,0
2024,다다5291,in_age_068,0
2024,다다5291,in_age_069,5
2024,다다5291,in_age_071,0
2024,다다5291,in_age_072,5
2024,다다5291,in_age_073,5
2024,다다5291,in_age_074,0
2024,다다5291,in_age_076,0
2024,다다5291,in_age_078,0
2024,다다5291,to_in_001,28
2024,다다5291,to_in_007,13
2024,다다5291,to_in_008,13
2024,다다5292,in_age_011,0
2024,다다5292,in_age_071,0
2024,다다5292,to_in_001,0
2024,다다5292,to_in_007,0
2024,다다5292,to_in_008,0
2024,다다5293,in_age_001,0
2024,다다5293,in_age_002,5
2024,다다5293,in_age_003,5
2024,다다5293,in_age_004,0
2024,다다5293,in_age_005,0
2024,다다5293,in_age_006,5
2024,다다5293,in_age_007,8
2024,다다5293,in_age_008,5
2024,다다5293,in_age_009,8
2024,다다5293,in_age_010,8
2024,다다5293,in_age_011,8
2024,다다5293,in_age_012,8
2024,다다5293,in_age_013,8
2024,다다5293,in_age_014,8
2024,다다5293,in_age_015,5
2024,다다5293,in_age_016,13
2024,다다5293,in_age_017,8
2024,다다5293,in_age_018,5
2024,다다5293,in_age_031,0
2024,다다5293,in_age_032,5
2024,다다5293,in_age_033,5
2024,다다5293,in_age_034,0
2024,다다5293,in_age_035,0
2024,다다5293,in_age_037,8
2024,다다5293,in_age_038,5
2024,다다5293,in_age_039,5
2024,다다5293,in_age_040,8
2024,다다5293,in_age_041,8
2024,다다5293,in_age_042,5
2024,다다5293,in_age_043,5
2024,다다5293,in_age_044,8
2024,다다5293,in_age_045,5
2024,다다5293,in_age_046,5
2024,다다5293,in_age_047,5
2024,다다5293,in_age_048,0
2024,다다5293,in_age_062,5
2024,다다5293,in_age_063,5
2024,다다5293,in_age_066,5
2024,다다5293,in_age_068,5
2024,다다5293,in_age_069,5
2024,다다5293,in_age_070,8
2024,다다5293,in_age_071,5
2024,다다5293,in_age_072,5
2024,다다5293,in_age_073,8
2024,다다5293,in_age_074,5
2024,다다5293,in_age_075,5
2024,다다5293,in_age_076,8
2024,다다5293,in_age_077,5
2024,다다5293,in_age_078,0
2024,다다5293,to_in_001,98
2024,다다5293,to_in_007,48
2024,다다5293,to_in_008,48
2024,다다5294,in_age_010,0
2024,다다5294,in_age_013,5
2024,다다5294,in_age_015,5
2024,다다5294,in_age_016,5
2024,다다5294,in_age_040,0
2024,다다5294,in_age_045,5
2024,다다5294,in_age_046,0
2024,다다5294,in_age_073,5
2024,다다5294,in_age_076,0
2024,다다5294,to_in_001,8
2024,다다5294,to_in_007,5
2024,다다5294,to_in_008,5
2024,다다5390,in_age_003,5
2024,다다5390,in_age_006,5
2024,다다5390,in_age_007,0
2024,다다5390,in_age_009,0
2024,다다5390,in_age_011,0
2024,다다5390,in_age_012,0
2024,다다5390,in_age_013,5
2024,다다5390,in_age_014,0
2024,다다5390,in_age_016,5
2024,다다5390,in_age_017,0
2024,다다5390,in_age_033,5
2024,다다5390,in_age_036,5
2024,다다5390,in_age_037,0
2024,다다5390,in_age_039,0
2024,다다5390,in_age_046,5
2024,다다5390,in_age_071,0
2024,다다5390,in_age_072,0
2024,다다5390,in_age_073,5
2024,다다5390,in_age_074,0
2024,다다5390,in_age_077,0
2024,다다5390,to_in_001,13
2024,다다5390,to_in_007,8
2024,다다5390,to_in_008,8
2024,다다5391,in_age_001,5
2024,다다5391,in_age_002,5
2024,다다5391,in_age_003,0
2024,다다5391,in_age_004,5
2024,다다5391,in_age_005,5
2024,다다5391,in_age_006,8
2024,다다5391,in_age_007,8
2024,다다5391,in_age_008,5
2024,다다5391,in_age_009,5
2024,다다5391,in_age_010,5
2024,다다5391,in_age_011,8
2024,다다5391,in_age_012,8
2024,다다5391,in_age_013,5
2024,다다5391,in_age_014,13
2024,다다5391,in_age_015,8
2024,다다5391,in_age_016,5
2024,다다5391,in_age_018,5
2024,다다5391,in_age_019,5
2024,다다5391,in_age_031,5
2024,다다5391,in_age_033,0
2024,다다5391,in_age_034,0
2024,다다5391,in_age_035,5
2024,다다5391,in_age_036,8
2024,다다5391,in_age_037,5
2024,다다5391,in_age_038,5
2024,다다5391,in_age_039,5
2024,다다5391,in_age_040,0
2024,다다5391,in_age_041,5
2024,다다5391,in_age_042,5
2024,다다5391,in_age_043,5
2024,다다5391,in_age_044,5
2024,다다5391,in_age_045,8
2024,다다5391,in_age_046,5
2024,다다5391,in_age_048,5
2024,다다5391,in_age_062,5
2024,다다5391,in_age_064,5
2024,다다5391,in_age_066,5
2024,다다5391,in_age_067,0
2024,다다5391,in_age_068,0
2024,다다5391,in_age_069,0
2024,다다5391,in_age_070,5
2024,다다5391,in_age_071,5
2024,다다5391,in_age_072,5
2024,다다5391,in_age_073,5
2024,다다5391,in_age_074,8
2024,다다5391,in_age_075,5
2024,다다5391,in_age_076,0
2024,다다5391,in_age_078,0
2024,다다5391,in_age_079,5
2024,다다5391,to_in_001,73
2024,다다5391,to_in_007,43
2024,다다5391,to_in_008,28
2024,다다5393,in_age_001,5
2024,다다5393,in_age_002,8
2024,다다5393,in_age_003,8
2024,다다5393,in_age_004,8
2024,다다5393,in_age_005,5
2024,다다5393,in_age_006,18
2024,다다5393,in_age_007,8
2024,다다5393,in_age_008,13
2024,다다5393,in_age_009,8
2024,다다5393,in_age_010,18
2024,다다5393,in_age_011,13
2024,다다5393,in_age_012,23
2024,다다5393,in_age_013,29
2024,다다5393,in_age_014,18
2024,다다5393,in_age_015,23
2024,다다5393,in_age_016,18
2024,다다5393,in_age_017,13
2024,다다5393,in_age_018,13
2024,다다5393,in_age_019,5
2024,다다5393,in_age_020,5
2024,다다5393,in_age_031,5
2024,다다5393,in_age_032,5
2024,다다5393,in_age_033,5
2024,다다5393,in_age_034,5
2024,다다5393,in_age_035,0
2024,다다5393,in_age_036,8
2024,다다5393,in_age_037,5
2024,다다5393,in_age_038,8
2024,다다5393,in_age_039,8
2024,다다5393,in_age_040,8
2024,다다5393,in_age_041,8
2024,다다5393,in_age_042,8
2024,다다5393,in_age_043,13
2024,다다5393,in_age_044,13
2024,다다5393,in_age_045,8
2024,다다5393,in_age_046,13
2024,다다5393,in_age_047,8
2024,다다5393,in_age_048,5
2024,다다5393,in_age_049,0
2024,다다5393,in_age_061,0
2024,다다5393,in_age_062,5
2024,다다5393,in_age_063,5
2024,다다5393,in_age_064,5
2024,다다5393,in_age_065,5
2024,다다5393,in_age_066,8
2024,다다5393,in_age_067,8
2024,다다5393,in_age_068,5
2024,다다5393,in_age_069,5
2024,다다5393,in_age_070,8
2024,다다5393,in_age_071,5
2024,다다5393,in_age_072,13
2024,다다5393,in_age_073,14
2024,다다5393,in_age_074,8
2024,다다5393,in_age_075,13
2024,다다5393,in_age_076,8
2024,다다5393,in_age_077,8
2024,다다5393,in_age_078,8
2024,다다5393,in_age_079,5
2024,다다5393,in_age_080,5
2024,다다5393,to_in_001,244
2024,다다5393,to_in_007,128
2024,다다5393,to_in_008,119
2024,다다5395,in_age_002,5
2024,다다5395,in_age_003,5
2024,다다5395,in_age_005,0
2024,다다5395,in_age_006,5
2024,다다5395,in_age_008,0
2024,다다5395,in_age_009,5
2024,다다5395,in_age_010,5
2024,다다5395,in_age_011,5
2024,다다5395,in_age_013,5
2024,다다5395,in_age_014,5
2024,다다5395,in_age_015,5
2024,다다5395,in_age_016,0
2024,다다5395,in_age_032,5
2024,다다5395,in_age_035,0
2024,다다5395,in_age_036,5
2024,다다5395,in_age_039,5
2024,다다5395,in_age_040,5
2024,다다5395,in_age_041,5
2024,다다5395,in_age_043,0
2024,다다5395,in_age_044,0
2024,다다5395,in_age_045,0
2024,다다5395,in_age_046,0
2024,다다5395,in_age_062,0
2024,다다5395,in_age_063,5
2024,다다5395,in_age_068,0
2024,다다5395,in_age_070,5
2024,다다5395,in_age_073,0
2024,다다5395,in_age_074,5
2024,다다5395,in_age_075,0
2024,다다5395,to_in_001,33
2024,다다5395,to_in_007,23
2024,다다5395,to_in_008,13
2024,다다5396,in_age_001,8
2024,다다5396,in_age_002,8
2024,다다5396,in_age_003,5
2024,다다5396,in_age_004,0
2024,다다5396,in_age_005,5
2024,다다5396,in_age_006,13
2024,다다5396,in_age_007,13
2024,다다5396,in_age_008,14
2024,다다5396,in_age_009,8
2024,다다5396,in_age_010,8
2024,다다5396,in_age_011,8
2024,다다5396,in_age_012,8
2024,다다5396,in_age_013,19
2024,다다5396,in_age_014,18
2024,다다5396,in_age_015,18
2024,다다5396,in_age_016,8
2024,다다5396,in_age_017,8
2024,다다5396,in_age_018,0
2024,다다5396,in_age_019,5
2024,다다5396,in_age_031,5
2024,다다5396,in_age_032,5
2024,다다5396,in_age_033,5
2024,다다5396,in_age_034,0
2024,다다5396,in_age_035,5
2024,다다5396,in_age_036,8
2024,다다5396,in_age_037,8
2024,다다5396,in_age_038,14
2024,다다5396,in_age_039,5
2024,다다5396,in_age_040,8
2024,다다5396,in_age_041,8
2024,다다5396,in_age_042,5
2024,다다5396,in_age_043,8
2024,다다5396,in_age_044,8
2024,다다5396,in_age_045,8
2024,다다5396,in_age_046,5
2024,다다5396,in_age_047,5
2024,다다5396,in_age_048,0
2024,다다5396,in_age_061,5
2024,다다5396,in_age_062,5
2024,다다5396,in_age_063,5
2024,다다5396,in_age_066,0
2024,다다5396,in_age_067,5
2024,다다5396,in_age_068,5
2024,다다5396,in_age_069,5
2024,다다5396,in_age_070,5
2024,다다5396,in_age_071,5
2024,다다5396,in_age_072,8
2024,다다5396,in_age_073,11
2024,다다5396,in_age_074,8
2024,다다5396,in_age_075,8
2024,다다5396,in_age_076,8
2024,다다5396,in_age_077,5
2024,다다5396,in_age_079,5
2024,다다5396,to_in_001,165
2024,다다5396,to_in_007,99
2024,다다5396,to_in_008,69
2024,다다5491,in_age_013,0
2024,다다5491,in_age_043,0
2024,다다5491,to_in_001,0
2024,다다5491,to_in_007,0
2024,다다5491,to_in_008,0
2024,다다5493,in_age_007,5
2024,다다5493,in_age_009,0
2024,다다5493,in_age_037,5
2024,다다5493,in_age_039,0
2024,다다5493,to_in_001,5
2024,다다5493,to_in_007,5
2024,다다5493,to_in_008,0
2024,다다5495,in_age_004,5
2024,다다5495,in_age_005,5
2024,다다5495,in_age_006,5
2024,다다5495,in_age_007,5
2024,다다5495,in_age_008,0
2024,다다5495,in_age_009,5
2024,다다5495,in_age_010,0
2024,다다5495,in_age_012,5
2024,다다5495,in_age_013,5
2024,다다5495,in_age_014,5
2024,다다5495,in_age_015,0
2024,다다5495,in_age_034,5
2024,다다5495,in_age_035,5
2024,다다5495,in_age_036,5
2024,다다5495,in_age_037,5
2024,다다5495,in_age_038,0
2024,다다5495,in_age_039,0
2024,다다5495,in_age_042,5
2024,다다5495,in_age_043,5
2024,다다5495,in_age_044,5
2024,다다5495,in_age_045,0
2024,다다5495,in_age_064,0
2024,다다5495,in_age_066,0
2024,다다5495,in_age_069,0
2024,다다5495,in_age_070,0
2024,다다5495,in_age_072,0
2024,다다5495,to_in_001,23
2024,다다5495,to_in_007,18
2024,다다5495,to_in_008,8
2024,다다5496,in_age_001,0
2024,다다5496,in_age_002,0
2024,다다5496,in_age_006,5
2024,다다5496,in_age_007,8
2024,다다5496,in_age_008,0
2024,다다5496,in_age_009,5
2024,다다5496,in_age_010,5
2024,다다5496,in_age_011,0
2024,다다5496,in_age_013,8
2024,다다5496,in_age_014,5
2024,다다5496,in_age_015,5
2024,다다5496,in_age_016,8
2024,다다5496,in_age_017,5
2024,다다5496,in_age_018,0
2024,다다5496,in_age_031,0
2024,다다5496,in_age_032,0
2024,다다5496,in_age_036,5
2024,다다5496,in_age_037,8
2024,다다5496,in_age_038,0
2024,다다5496,in_age_039,5
2024,다다5496,in_age_040,0
2024,다다5496,in_age_043,5
2024,다다5496,in_age_044,0
2024,다다5496,in_age_045,5
2024,다다5496,in_age_046,8
2024,다다5496,in_age_047,0
2024,다다5496,in_age_066,0
2024,다다5496,in_age_069,0
2024,다다5496,in_age_070,5
2024,다다5496,in_age_071,0
2024,다다5496,in_age_073,5
2024,다다5496,in_age_074,5
2024,다다5496,in_age_075,5
2024,다다5496,in_age_076,5
2024,다다5496,in_age_077,0
2024,다다5496,in_age_078,0
2024,다다5496,to_in_001,43
2024,다다5496,to_in_007,23
2024,다다5496,to_in_008,18
2024,다다5497,in_age_009,0
2024,다다5497,in_age_012,8
2024,다다5497,in_age_014,5
2024,다다5497,in_age_015,0
2024,다다5497,in_age_039,0
2024,다다5497,in_age_042,5
2024,다다5497,in_age_045,0
2024,다다5497,in_age_072,5
2024,다다5497,in_age_074,5
2024,다다5497,to_in_001,8
2024,다다5497,to_in_007,5
2024,다다5497,to_in_008,8
2024,다다5583,in_age_014,0
2024,다다5583,in_age_016,5
2024,다다5583,in_age_046,5
2024,다다5583,in_age_074,0
2024,다다5583,to_in_001,5
2024,다다5583,to_in_007,5
2024,다다5583,to_in_008,0
2024,다다5584,in_age_002,5
2024,다다5584,in_age_003,5
2024,다다5584,in_age_005,0
2024,다다5584,in_age_006,5
2024,다다5584,in_age_007,5
2024,다다5584,in_age_008,5
2024,다다5584,in_age_009,0
2024,다다5584,in_age_010,5
2024,다다5584,in_age_011,8
2024,다다5584,in_age_012,8
2024,다다5584,in_age_013,13
2024,다다5584,in_age_014,8
2024,다다5584,in_age_015,13
2024,다다5584,in_age_016,8
2024,다다5584,in_age_017,13
2024,다다5584,in_age_018,0
2024,다다5584,in_age_019,0
2024,다다5584,in_age_020,5
2024,다다5584,in_age_032,5
2024,다다5584,in_age_033,0
2024,다다5584,in_age_035,0
2024,다다5584,in_age_036,5
2024,다다5584,in_age_037,5
2024,다다5584,in_age_038,5
2024,다다5584,in_age_039,0
2024,다다5584,in_age_040,5
2024,다다5584,in_age_041,5
2024,다다5584,in_age_042,8
2024,다다5584,in_age_043,8
2024,다다5584,in_age_044,5
2024,다다5584,in_age_045,8
2024,다다5584,in_age_046,8
2024,다다5584,in_age_047,8
2024,다다5584,in_age_063,0
2024,다다5584,in_age_067,0
2024,다다5584,in_age_070,5
2024,다다5584,in_age_071,5
2024,다다5584,in_age_072,8
2024,다다5584,in_age_073,5
2024,다다5584,in_age_074,8
2024,다다5584,in_age_075,8
2024,다다5584,in_age_076,5
2024,다다5584,in_age_077,8
2024,다다5584,in_age_078,0
2024,다다5584,in_age_079,0
2024,다다5584,in_age_080,5
2024,다다5584,to_in_001,93
2024,다다5584,to_in_007,48
2024,다다5584,to_in_008,43
2024,다다5592,in_age_006,0
2024,다다5592,in_age_007,0
2024,다다5592,in_age_009,5
2024,다다5592,in_age_011,5
2024,다다5592,in_age_014,0
2024,다다5592,in_age_036,0
2024,다다5592,in_age_037,0
2024,다다5592,in_age_039,5
2024,다다5592,in_age_041,5
2024,다다5592,in_age_074,0
2024,다다5592,to_in_001,8
2024,다다5592,to_in_007,8
2024,다다5592,to_in_008,0
2024,다다5593,in_age_006,0
2024,다다5593,in_age_012,0
2024,다다5593,in_age_036,0
2024,다다5593,in_age_042,0
2024,다다5593,to_in_001,5
2024,다다5593,to_in_007,5
2024,다다5593,to_in_008,0
2024,다다5595,in_age_001,5
2024,다다5595,in_age_002,8
2024,다다5595,in_age_003,8
2024,다다5595,in_age_004,5
2024,다다5595,in_age_005,0
2024,다다5595,in_age_006,5
2024,다다5595,in_age_007,8
2024,다다5595,in_age_008,8
2024,다다5595,in_age_009,13
2024,다다5595,in_age_010,8
2024,다다5595,in_age_011,18
2024,다다5595,in_age_012,13
2024,다다5595,in_age_013,23
2024,다다5595,in_age_014,13
2024,다다5595,in_age_015,28
2024,다다5595,in_age_016,23
2024,다다5595,in_age_017,18
2024,다다5595,in_age_018,5
2024,다다5595,in_age_020,5
2024,다다5595,in_age_031,5
2024,다다5595,in_age_032,5
2024,다다5595,in_age_033,5
2024,다다5595,in_age_034,5
2024,다다5595,in_age_035,0
2024,다다5595,in_age_036,0
2024,다다5595,in_age_037,8
2024,다다5595,in_age_038,8
2024,다다5595,in_age_039,8
2024,다다5595,in_age_040,8
2024,다다5595,in_age_041,13
2024,다다5595,in_age_042,8
2024,다다5595,in_age_043,8
2024,다다5595,in_age_044,8
2024,다다5595,in_age_045,13
2024,다다5595,in_age_046,13
2024,다다5595,in_age_047,8
2024,다다5595,in_age_048,5
2024,다다5595,in_age_061,5
2024,다다5595,in_age_062,5
2024,다다5595,in_age_063,5
2024,다다5595,in_age_064,0
2024,다다5595,in_age_066,5
2024,다다5595,in_age_067,5
2024,다다5595,in_age_068,5
2024,다다5595,in_age_069,5
2024,다다5595,in_age_070,5
2024,다다5595,in_age_071,5
2024,다다5595,in_age_072,8
2024,다다5595,in_age_073,13
2024,다다5595,in_age_074,8
2024,다다5595,in_age_075,13
2024,다다5595,in_age_076,8
2024,다다5595,in_age_077,8
2024,다다5595,in_age_078,0
2024,다다5595,in_age_080,5
2024,다다5595,to_in_001,198
2024,다다5595,to_in_007,108
2024,다다5595,to_in_008,93
2024,다다5596,in_age_001,13
2024,다다5596,in_age_002,8
2024,다다5596,in_age_003,13
2024,다다5596,in_age_004,5
2024,다다5596,in_age_005,5
2024,다다5596,in_age_006,23
2024,다다5596,in_age_007,37
2024,다다5596,in_age_008,29
2024,다다5596,in_age_009,28
2024,다다5596,in_age_010,24
2024,다다5596,in_age_011,18
2024,다다5596,in_age_012,23
2024,다다5596,in_age_013,18
2024,다다5596,in_age_014,28
2024,다다5596,in_age_015,28
2024,다다5596,in_age_016,28
2024,다다5596,in_age_017,23
2024,다다5596,in_age_018,8
2024,다다5596,in_age_019,5
2024,다다5596,in_age_031,8
2024,다다5596,in_age_032,8
2024,다다5596,in_age_033,8
2024,다다5596,in_age_034,5
2024,다다5596,in_age_035,5
2024,다다5596,in_age_036,18
2024,다다5596,in_age_037,32
2024,다다5596,in_age_038,24
2024,다다5596,in_age_039,18
2024,다다5596,in_age_040,14
2024,다다5596,in_age_041,13
2024,다다5596,in_age_042,13
2024,다다5596,in_age_043,8
2024,다다5596,in_age_044,13
2024,다다5596,in_age_045,13
2024,다다5596,in_age_046,13
2024,다다5596,in_age_047,13
2024,다다5596,in_age_049,0
2024,다다5596,in_age_061,5
2024,다다5596,in_age_062,5
2024,다다5596,in_age_063,8
2024,다다5596,in_age_064,5
2024,다다5596,in_age_066,5
2024,다다5596,in_age_067,5
2024,다다5596,in_age_068,8
2024,다다5596,in_age_069,8
2024,다다5596,in_age_070,8
2024,다다5596,in_age_071,8
2024,다다5596,in_age_072,13
2024,다다5596,in_age_073,8
2024,다다5596,in_age_074,13
2024,다다5596,in_age_075,13
2024,다다5596,in_age_076,13
2024,다다5596,in_age_077,8
2024,다다5596,in_age_078,8
2024,다다5596,in_age_079,5
2024,다다5596,to_in_001,359
2024,다다5596,to_in_007,224
2024,다다5596,to_in_008,133
2024,다다5597,in_age_003,5
2024,다다5597,in_age_009,0
2024,다다5597,in_age_012,0
2024,다다5597,in_age_015,0
2024,다다5597,in_age_033,5
2024,다다5597,in_age_039,0
2024,다다5597,in_age_042,0
2024,다다5597,in_age_045,0
2024,다다5597,to_in_001,5
2024,다다5597,to_in_007,5
2024,다다5597,to_in_008,0
2024,다다5693,in_age_006,5
2024,다다5693,in_age_007,0
2024,다다5693,in_age_036,5
2024,다다5693,in_age_037,0
2024,다다5693,to_in_001,5
2024,다다5693,to_in_007,5
2024,다다5693,to_in_008,0
2024,다다5694,in_age_007,5
2024,다다5694,in_age_008,0
2024,다다5694,in_age_010,0
2024,다다5694,in_age_012,5
2024,다다5694,in_age_013,0
2024,다다5694,in_age_037,0
2024,다다5694,in_age_038,0
2024,다다5694,in_age_040,0
2024,다다5694,in_age_042,0
2024,다다5694,in_age_043,0
2024,다다5694,in_age_067,5
2024,다다5694,in_age_072,0
2024,다다5694,to_in_001,8
2024,다다5694,to_in_007,5
2024,다다5694,to_in_008,5
2024,다다5695,in_age_001,5
2024,다다5695,in_age_002,8
2024,다다5695,in_age_003,8
2024,다다5695,in_age_004,8
2024,다다5695,in_age_005,8
2024,다다5695,in_age_006,38
2024,다다5695,in_age_007,38
2024,다다5695,in_age_008,33
2024,다다5695,in_age_009,18
2024,다다5695,in_age_010,18
2024,다다5695,in_age_011,33
2024,다다5695,in_age_012,33
2024,다다5695,in_age_013,43
2024,다다5695,in_age_014,33
2024,다다5695,in_age_015,23
2024,다다5695,in_age_016,18
2024,다다5695,in_age_017,23
2024,다다5695,in_age_018,13
2024,다다5695,in_age_019,5
2024,다다5695,in_age_020,5
2024,다다5695,in_age_031,5
2024,다다5695,in_age_032,8
2024,다다5695,in_age_033,5
2024,다다5695,in_age_034,5
2024,다다5695,in_age_035,8
2024,다다5695,in_age_036,28
2024,다다5695,in_age_037,23
2024,다다5695,in_age_038,23
2024,다다5695,in_age_039,8
2024,다다5695,in_age_040,8
2024,다다5695,in_age_041,28
2024,다다5695,in_age_042,18
2024,다다5695,in_age_043,28
2024,다다5695,in_age_044,23
2024,다다5695,in_age_045,13
2024,다다5695,in_age_046,8
2024,다다5695,in_age_047,5
2024,다다5695,in_age_048,5
2024,다다5695,in_age_049,0
2024,다다5695,in_age_050,0
2024,다다5695,in_age_061,5
2024,다다5695,in_age_062,5
2024,다다5695,in_age_063,5
2024,다다5695,in_age_064,5
2024,다다5695,in_age_065,5
2024,다다5695,in_age_066,13
2024,다다5695,in_age_067,13
2024,다다5695,in_age_068,8
2024,다다5695,in_age_069,8
2024,다다5695,in_age_070,8
2024,다다5695,in_age_071,8
2024,다다5695,in_age_072,18
2024,다다5695,in_age_073,18
2024,다다5695,in_age_074,13
2024,다다5695,in_age_075,13
2024,다다5695,in_age_076,8
2024,다다5695,in_age_077,18
2024,다다5695,in_age_078,8
2024,다다5695,in_age_079,0
2024,다다5695,in_age_080,0
2024,다다5695,to_in_001,408
2024,다다5695,to_in_007,243
2024,다다5695,to_in_008,163
2024,다다5696,in_age_001,8
2024,다다5696,in_age_002,8
2024,다다5696,in_age_003,13
2024,다다5696,in_age_004,5
2024,다다5696,in_age_005,8
2024,다다5696,in_age_006,20
2024,다다5696,in_age_007,35
2024,다다5696,in_age_008,33
2024,다다5696,in_age_009,33
2024,다다5696,in_age_010,13
2024,다다5696,in_age_011,18
2024,다다5696,in_age_012,13
2024,다다5696,in_age_013,28
2024,다다5696,in_age_014,33
2024,다다5696,in_age_015,28
2024,다다5696,in_age_016,18
2024,다다5696,in_age_017,18
2024,다다5696,in_age_018,8
2024,다다5696,in_age_019,8
2024,다다5696,in_age_031,5
2024,다다5696,in_age_032,5
2024,다다5696,in_age_033,8
2024,다다5696,in_age_035,5
2024,다다5696,in_age_036,20
2024,다다5696,in_age_037,35
2024,다다5696,in_age_038,23
2024,다다5696,in_age_039,23
2024,다다5696,in_age_040,8
2024,다다5696,in_age_041,13
2024,다다5696,in_age_042,8
2024,다다5696,in_age_043,13
2024,다다5696,in_age_044,13
2024,다다5696,in_age_045,18
2024,다다5696,in_age_046,8
2024,다다5696,in_age_047,8
2024,다다5696,in_age_048,5
2024,다다5696,in_age_061,0
2024,다다5696,in_age_062,5
2024,다다5696,in_age_063,5
2024,다다5696,in_age_064,5
2024,다다5696,in_age_065,5
2024,다다5696,in_age_066,5
2024,다다5696,in_age_067,5
2024,다다5696,in_age_068,8
2024,다다5696,in_age_069,8
2024,다다5696,in_age_070,5
2024,다다5696,in_age_071,5
2024,다다5696,in_age_072,5
2024,다다5696,in_age_073,18
2024,다다5696,in_age_074,23
2024,다다5696,in_age_075,8
2024,다다5696,in_age_076,13
2024,다다5696,in_age_077,13
2024,다다5696,in_age_078,8
2024,다다5696,in_age_079,8
2024,다다5696,to_in_001,347
2024,다다5696,to_in_007,207
2024,다다5696,to_in_008,138
2024,다다5697,in_age_002,5
2024,다다5697,in_age_005,5
2024,다다5697,in_age_006,5
2024,다다5697,in_age_007,8
2024,다다5697,in_age_008,5
2024,다다5697,in_age_009,5
2024,다다5697,in_age_011,0
2024,다다5697,in_age_012,5
2024,다다5697,in_age_032,0
2024,다다5697,in_age_035,5
2024,다다5697,in_age_036,5
2024,다다5697,in_age_037,8
2024,다다5697,in_age_038,5
2024,다다5697,in_age_039,5
2024,다다5697,in_age_042,5
2024,다다5697,in_age_062,0
2024,다다5697,in_age_067,0
2024,다다5697,in_age_068,5
2024,다다5697,in_age_071,0
2024,다다5697,to_in_001,23
2024,다다5697,to_in_007,23
2024,다다5697,to_in_008,5
2024,다다5698,in_age_011,0
2024,다다5698,in_age_012,0
2024,다다5698,in_age_042,0
2024,다다5698,in_age_071,0
2024,다다5698,to_in_001,5
2024,다다5698,to_in_007,0
2024,다다5698,to_in_008,0
2024,다다5792,in_age_010,0
2024,다다5792,in_age_014,5
2024,다다5792,in_age_040,0
2024,다다5792,in_age_044,0
2024,다다5792,in_age_074,0
2024,다다5792,to_in_001,5
2024,다다5792,to_in_007,5
2024,다다5792,to_in_008,0
2024,다다5793,in_age_001,0
2024,다다5793,in_age_007,5
2024,다다5793,in_age_008,5
2024,다다5793,in_age_009,5
2024,다다5793,in_age_011,5
2024,다다5793,in_age_014,5
2024,다다5793,in_age_016,0
2024,다다5793,in_age_031,0
2024,다다5793,in_age_037,5
2024,다다5793,in_age_038,5
2024,다다5793,in_age_039,0
2024,다다5793,in_age_041,5
2024,다다5793,in_age_044,0
2024,다다5793,in_age_046,0
2024,다다5793,in_age_068,0
2024,다다5793,in_age_069,5
2024,다다5793,in_age_071,0
2024,다다5793,in_age_074,0
2024,다다5793,to_in_001,18
2024,다다5793,to_in_007,13
2024,다다5793,to_in_008,8
2024,다다5794,in_age_001,0
2024,다다5794,in_age_002,8
2024,다다5794,in_age_003,8
2024,다다5794,in_age_004,5
2024,다다5794,in_age_005,8
2024,다다5794,in_age_006,13
2024,다다5794,in_age_007,23
2024,다다5794,in_age_008,18
2024,다다5794,in_age_009,13
2024,다다5794,in_age_010,8
2024,다다5794,in_age_011,18
2024,다다5794,in_age_012,18
2024,다다5794,in_age_013,18
2024,다다5794,in_age_014,8
2024,다다5794,in_age_015,13
2024,다다5794,in_age_016,8
2024,다다5794,in_age_017,18
2024,다다5794,in_age_018,14
2024,다다5794,in_age_019,14
2024,다다5794,in_age_021,0
2024,다다5794,in_age_032,5
2024,다다5794,in_age_033,0
2024,다다5794,in_age_034,0
2024,다다5794,in_age_035,8
2024,다다5794,in_age_036,13
2024,다다5794,in_age_037,18
2024,다다5794,in_age_038,13
2024,다다5794,in_age_039,13
2024,다다5794,in_age_040,8
2024,다다5794,in_age_041,8
2024,다다5794,in_age_042,13
2024,다다5794,in_age_043,8
2024,다다5794,in_age_044,5
2024,다다5794,in_age_045,8
2024,다다5794,in_age_046,5
2024,다다5794,in_age_047,8
2024,다다5794,in_age_048,5
2024,다다5794,in_age_049,5
2024,다다5794,in_age_061,0
2024,다다5794,in_age_062,5
2024,다다5794,in_age_063,8
2024,다다5794,in_age_064,5
2024,다다5794,in_age_065,0
2024,다다5794,in_age_066,5
2024,다다5794,in_age_067,5
2024,다다5794,in_age_068,8
2024,다다5794,in_age_069,5
2024,다다5794,in_age_070,5
2024,다다5794,in_age_071,8
2024,다다5794,in_age_072,8
2024,다다5794,in_age_073,8
2024,다다5794,in_age_074,5
2024,다다5794,in_age_075,5
2024,다다5794,in_age_076,8
2024,다다5794,in_age_077,13
2024,다다5794,in_age_078,14
2024,다다5794,in_age_079,11
2024,다다5794,in_age_081,0
2024,다다5794,to_in_001,225
2024,다다5794,to_in_007,123
2024,다다5794,to_in_008,105
2024,다다5795,in_age_001,5
2024,다다5795,in_age_002,8
2024,다다5795,in_age_003,5
2024,다다5795,in_age_004,8
2024,다다5795,in_age_005,5
2024,다다5795,in_age_006,13
2024,다다5795,in_age_007,18
2024,다다5795,in_age_008,13
2024,다다5795,in_age_009,18
2024,다다5795,in_age_010,18
2024,다다5795,in_age_011,18
2024,다다5795,in_age_012,13
2024,다다5795,in_age_013,18
2024,다다5795,in_age_014,28
2024,다다5795,in_age_015,13
2024,다다5795,in_age_016,13
2024,다다5795,in_age_017,13
2024,다다5795,in_age_018,13
2024,다다5795,in_age_019,5
2024,다다5795,in_age_031,5
2024,다다5795,in_age_032,8
2024,다다5795,in_age_033,0
2024,다다5795,in_age_034,5
2024,다다5795,in_age_035,5
2024,다다5795,in_age_036,8
2024,다다5795,in_age_037,13
2024,다다5795,in_age_038,8
2024,다다5795,in_age_039,8
2024,다다5795,in_age_040,13
2024,다다5795,in_age_041,13
2024,다다5795,in_age_042,8
2024,다다5795,in_age_043,8
2024,다다5795,in_age_044,13
2024,다다5795,in_age_045,8
2024,다다5795,in_age_046,8
2024,다다5795,in_age_047,8
2024,다다5795,in_age_048,5
2024,다다5795,in_age_061,0
2024,다다5795,in_age_062,5
2024,다다5795,in_age_063,0
2024,다다5795,in_age_064,5
2024,다다5795,in_age_065,5
2024,다다5795,in_age_066,8
2024,다다5795,in_age_067,5
2024,다다5795,in_age_068,5
2024,다다5795,in_age_069,8
2024,다다5795,in_age_070,8
2024,다다5795,in_age_071,8
2024,다다5795,in_age_072,8
2024,다다5795,in_age_073,13
2024,다다5795,in_age_074,18
2024,다다5795,in_age_075,8
2024,다다5795,in_age_076,8
2024,다다5795,in_age_077,8
2024,다다5795,in_age_078,8
2024,다다5795,in_age_079,5
2024,다다5795,to_in_001,243
2024,다다5795,to_in_007,128
2024,다다5795,to_in_008,113
2024,다다5796,in_age_006,0
2024,다다5796,in_age_007,5
2024,다다5796,in_age_008,0
2024,다다5796,in_age_009,0
2024,다다5796,in_age_010,5
2024,다다5796,in_age_011,8
2024,다다5796,in_age_012,0
2024,다다5796,in_age_013,5
2024,다다5796,in_age_014,5
2024,다다5796,in_age_015,5
2024,다다5796,in_age_016,5
2024,다다5796,in_age_017,5
2024,다다5796,in_age_036,0
2024,다다5796,in_age_037,5
2024,다다5796,in_age_038,0
2024,다다5796,in_age_039,0
2024,다다5796,in_age_040,5
2024,다다5796,in_age_041,8
2024,다다5796,in_age_042,0
2024,다다5796,in_age_043,5
2024,다다5796,in_age_046,5
2024,다다5796,in_age_047,5
2024,다다5796,in_age_071,0
2024,다다5796,in_age_073,0
2024,다다5796,in_age_074,5
2024,다다5796,in_age_075,5
2024,다다5796,in_age_076,5
2024,다다5796,in_age_077,0
2024,다다5796,to_in_001,28
2024,다다5796,to_in_007,18
2024,다다5796,to_in_008,13
2024,다다5892,in_age_001,8
2024,다다5892,in_age_002,8
2024,다다5892,in_age_003,13
2024,다다5892,in_age_004,8
2024,다다5892,in_age_005,8
2024,다다5892,in_age_006,13
2024,다다5892,in_age_007,28
2024,다다5892,in_age_008,27
2024,다다5892,in_age_009,13
2024,다다5892,in_age_010,23
2024,다다5892,in_age_011,13
2024,다다5892,in_age_012,28
2024,다다5892,in_age_013,38
2024,다다5892,in_age_014,34
2024,다다5892,in_age_015,23
2024,다다5892,in_age_016,33
2024,다다5892,in_age_017,24
2024,다다5892,in_age_018,18
2024,다다5892,in_age_019,5
2024,다다5892,in_age_031,5
2024,다다5892,in_age_032,5
2024,다다5892,in_age_033,5
2024,다다5892,in_age_034,8
2024,다다5892,in_age_035,8
2024,다다5892,in_age_036,13
2024,다다5892,in_age_037,18
2024,다다5892,in_age_038,22
2024,다다5892,in_age_039,8
2024,다다5892,in_age_040,13
2024,다다5892,in_age_041,8
2024,다다5892,in_age_042,18
2024,다다5892,in_age_043,23
2024,다다5892,in_age_044,19
2024,다다5892,in_age_045,8
2024,다다5892,in_age_046,13
2024,다다5892,in_age_047,5
2024,다다5892,in_age_048,5
2024,다다5892,in_age_049,0
2024,다다5892,in_age_061,5
2024,다다5892,in_age_062,8
2024,다다5892,in_age_063,8
2024,다다5892,in_age_064,5
2024,다다5892,in_age_066,0
2024,다다5892,in_age_067,8
2024,다다5892,in_age_068,8
2024,다다5892,in_age_069,5
2024,다다5892,in_age_070,8
2024,다다5892,in_age_071,8
2024,다다5892,in_age_072,8
2024,다다5892,in_age_073,18
2024,다다5892,in_age_074,13
2024,다다5892,in_age_075,13
2024,다다5892,in_age_076,23
2024,다다5892,in_age_077,19
2024,다다5892,in_age_078,13
2024,다다5892,in_age_079,0
2024,다다5892,to_in_001,359
2024,다다5892,to_in_007,198
2024,다다5892,to_in_008,164
2024,다다5893,in_age_001,0
2024,다다5893,in_age_002,0
2024,다다5893,in_age_006,0
2024,다다5893,in_age_007,5
2024,다다5893,in_age_009,0
2024,다다5893,in_age_010,5
2024,다다5893,in_age_012,5
2024,다다5893,in_age_014,0
2024,다다5893,in_age_032,0
2024,다다5893,in_age_039,0
2024,다다5893,in_age_040,5
2024,다다5893,in_age_042,0
2024,다다5893,in_age_044,0
2024,다다5893,in_age_061,0
2024,다다5893,in_age_066,0
2024,다다5893,in_age_067,5
2024,다다5893,in_age_072,0
2024,다다5893,to_in_001,8
2024,다다5893,to_in_007,5
2024,다다5893,to_in_008,5
2024,다다5894,in_age_001,8
2024,다다5894,in_age_002,0
2024,다다5894,in_age_003,5
2024,다다5894,in_age_004,8
2024,다다5894,in_age_005,8
2024,다다5894,in_age_006,13
2024,다다5894,in_age_007,18
2024,다다5894,in_age_008,24
2024,다다5894,in_age_009,18
2024,다다5894,in_age_010,13
2024,다다5894,in_age_011,18
2024,다다5894,in_age_012,18
2024,다다5894,in_age_013,18
2024,다다5894,in_age_014,23
2024,다다5894,in_age_015,33
2024,다다5894,in_age_016,18
2024,다다5894,in_age_017,23
2024,다다5894,in_age_018,8
2024,다다5894,in_age_019,5
2024,다다5894,in_age_021,5
2024,다다5894,in_age_031,5
2024,다다5894,in_age_034,5
2024,다다5894,in_age_035,5
2024,다다5894,in_age_036,8
2024,다다5894,in_age_037,13
2024,다다5894,in_age_038,24
2024,다다5894,in_age_039,13
2024,다다5894,in_age_040,8
2024,다다5894,in_age_041,8
2024,다다5894,in_age_042,13
2024,다다5894,in_age_043,8
2024,다다5894,in_age_044,13
2024,다다5894,in_age_045,13
2024,다다5894,in_age_046,8
2024,다다5894,in_age_047,8
2024,다다5894,in_age_048,5
2024,다다5894,in_age_061,5
2024,다다5894,in_age_062,0
2024,다다5894,in_age_063,5
2024,다다5894,in_age_064,5
2024,다다5894,in_age_065,5
2024,다다5894,in_age_066,5
2024,다다5894,in_age_067,8
2024,다다5894,in_age_068,5
2024,다다5894,in_age_069,5
2024,다다5894,in_age_070,5
2024,다다5894,in_age_071,8
2024,다다5894,in_age_072,8
2024,다다5894,in_age_073,8
2024,다다5894,in_age_074,8
2024,다다5894,in_age_075,18
2024,다다5894,in_age_076,13
2024,다다5894,in_age_077,13
2024,다다5894,in_age_078,8
2024,다다5894,in_age_079,5
2024,다다5894,in_age_081,5
2024,다다5894,to_in_001,274
2024,다다5894,to_in_007,154
2024,다다5894,to_in_008,123
2024,다다5895,in_age_006,0
2024,다다5895,in_age_012,0
2024,다다5895,in_age_013,5
2024,다다5895,in_age_014,5
2024,다다5895,in_age_019,0
2024,다다5895,in_age_043,5
2024,다다5895,in_age_044,5
2024,다다5895,in_age_066,0
2024,다다5895,in_age_072,0
2024,다다5895,in_age_073,0
2024,다다5895,in_age_079,0
2024,다다5895,to_in_001,8
2024,다다5895,to_in_007,5
2024,다다5895,to_in_008,5
2024,다다5896,in_age_002,5
2024,다다5896,in_age_003,0
2024,다다5896,in_age_006,5
2024,다다5896,in_age_007,5
2024,다다5896,in_age_008,5
2024,다다5896,in_age_010,5
2024,다다5896,in_age_011,5
2024,다다5896,in_age_013,5
2024,다다5896,in_age_014,5
2024,다다5896,in_age_017,5
2024,다다5896,in_age_032,5
2024,다다5896,in_age_036,5
2024,다다5896,in_age_037,5
2024,다다5896,in_age_038,5
2024,다다5896,in_age_040,5
2024,다다5896,in_age_041,5
2024,다다5896,in_age_043,0
2024,다다5896,in_age_044,0
2024,다다5896,in_age_047,5
2024,다다5896,in_age_063,0
2024,다다5896,in_age_067,0
2024,다다5896,in_age_073,0
2024,다다5896,in_age_074,0
2024,다다5896,to_in_001,23
2024,다다5896,to_in_007,18
2024,다다5896,to_in_008,5
2024,다다5899,in_age_001,0
2024,다다5899,in_age_005,0
2024,다다5899,in_age_006,5
2024,다다5899,in_age_007,5
2024,다다5899,in_age_009,0
2024,다다5899,in_age_010,0
2024,다다5899,in_age_012,5
2024,다다5899,in_age_013,5
2024,다다5899,in_age_014,8
2024,다다5899,in_age_015,5
2024,다다5899,in_age_018,5
2024,다다5899,in_age_035,0
2024,다다5899,in_age_036,0
2024,다다5899,in_age_037,5
2024,다다5899,in_age_039,0
2024,다다5899,in_age_040,0
2024,다다5899,in_age_042,0
2024,다다5899,in_age_043,0
2024,다다5899,in_age_044,8
2024,다다5899,in_age_045,5
2024,다다5899,in_age_061,0
2024,다다5899,in_age_066,0
2024,다다5899,in_age_072,0
2024,다다5899,in_age_073,5
2024,다다5899,in_age_074,5
2024,다다5899,in_age_078,5
2024,다다5899,to_in_001,23
2024,다다5899,to_in_007,18
2024,다다5899,to_in_008,8
2024,다다5990,in_age_014,5
2024,다다5990,in_age_015,0
2024,다다5990,in_age_044,0
2024,다다5990,in_age_045,0
2024,다다5990,in_age_074,0
2024,다다5990,to_in_001,5
2024,다다5990,to_in_007,5
2024,다다5990,to_in_008,0
2024,다다5993,in_age_001,0
2024,다다5993,in_age_002,5
2024,다다5993,in_age_005,5
2024,다다5993,in_age_007,5
2024,다다5993,in_age_008,0
2024,다다5993,in_age_011,0
2024,다다5993,in_age_012,5
2024,다다5993,in_age_013,5
2024,다다5993,in_age_014,0
2024,다다5993,in_age_017,0
2024,다다5993,in_age_032,0
2024,다다5993,in_age_035,0
2024,다다5993,in_age_037,5
2024,다다5993,in_age_038,0
2024,다다5993,in_age_043,5
2024,다다5993,in_age_061,0
2024,다다5993,in_age_062,0
2024,다다5993,in_age_065,5
2024,다다5993,in_age_071,0
2024,다다5993,in_age_072,5
2024,다다5993,in_age_073,5
2024,다다5993,in_age_074,0
2024,다다5993,in_age_077,0
2024,다다5993,to_in_001,18
2024,다다5993,to_in_007,8
2024,다다5993,to_in_008,8
2024,다다5994,in_age_001,0
2024,다다5994,in_age_002,5
2024,다다5994,in_age_003,8
2024,다다5994,in_age_004,5
2024,다다5994,in_age_005,0
2024,다다5994,in_age_006,8
2024,다다5994,in_age_007,8
2024,다다5994,in_age_008,8
2024,다다5994,in_age_009,11
2024,다다5994,in_age_010,8
2024,다다5994,in_age_011,13
2024,다다5994,in_age_012,8
2024,다다5994,in_age_013,8
2024,다다5994,in_age_014,8
2024,다다5994,in_age_015,8
2024,다다5994,in_age_016,5
2024,다다5994,in_age_017,5
2024,다다5994,in_age_018,5
2024,다다5994,in_age_019,5
2024,다다5994,in_age_032,5
2024,다다5994,in_age_033,5
2024,다다5994,in_age_034,5
2024,다다5994,in_age_035,0
2024,다다5994,in_age_036,5
2024,다다5994,in_age_037,5
2024,다다5994,in_age_038,5
2024,다다5994,in_age_039,6
2024,다다5994,in_age_040,5
2024,다다5994,in_age_041,8
2024,다다5994,in_age_042,8
2024,다다5994,in_age_043,5
2024,다다5994,in_age_044,5
2024,다다5994,in_age_045,5
2024,다다5994,in_age_046,5
2024,다다5994,in_age_047,0
2024,다다5994,in_age_048,0
2024,다다5994,in_age_061,0
2024,다다5994,in_age_062,0
2024,다다5994,in_age_063,5
2024,다다5994,in_age_066,5
2024,다다5994,in_age_067,5
2024,다다5994,in_age_068,5
2024,다다5994,in_age_069,5
2024,다다5994,in_age_070,5
2024,다다5994,in_age_071,5
2024,다다5994,in_age_072,5
2024,다다5994,in_age_073,5
2024,다다5994,in_age_074,8
2024,다다5994,in_age_075,5
2024,다다5994,in_age_076,0
2024,다다5994,in_age_077,5
2024,다다5994,in_age_078,5
2024,다다5994,in_age_079,5
2024,다다5994,to_in_001,104
2024,다다5994,to_in_007,54
2024,다다5994,to_in_008,48
2024,다다5995,in_age_003,5
2024,다다5995,in_age_004,5
2024,다다5995,in_age_005,5
2024,다다5995,in_age_006,13
2024,다다5995,in_age_007,23
2024,다다5995,in_age_008,13
2024,다다5995,in_age_009,13
2024,다다5995,in_age_010,8
2024,다다5995,in_age_011,13
2024,다다5995,in_age_012,13
2024,다다5995,in_age_013,18
2024,다다5995,in_age_014,18
2024,다다5995,in_age_015,18
2024,다다5995,in_age_016,5
2024,다다5995,in_age_017,13
2024,다다5995,in_age_018,8
2024,다다5995,in_age_019,5
2024,다다5995,in_age_033,5
2024,다다5995,in_age_034,5
2024,다다5995,in_age_035,5
2024,다다5995,in_age_036,13
2024,다다5995,in_age_037,18
2024,다다5995,in_age_038,8
2024,다다5995,in_age_039,8
2024,다다5995,in_age_040,8
2024,다다5995,in_age_041,8
2024,다다5995,in_age_042,8
2024,다다5995,in_age_043,8
2024,다다5995,in_age_044,13
2024,다다5995,in_age_045,8
2024,다다5995,in_age_046,5
2024,다다5995,in_age_047,5
2024,다다5995,in_age_048,5
2024,다다5995,in_age_063,0
2024,다다5995,in_age_066,5
2024,다다5995,in_age_067,8
2024,다다5995,in_age_068,8
2024,다다5995,in_age_069,5
2024,다다5995,in_age_070,8
2024,다다5995,in_age_071,5
2024,다다5995,in_age_072,8
2024,다다5995,in_age_073,13
2024,다다5995,in_age_074,8
2024,다다5995,in_age_075,8
2024,다다5995,in_age_076,5
2024,다다5995,in_age_077,8
2024,다다5995,in_age_078,8
2024,다다5995,in_age_079,5
2024,다다5995,to_in_001,193
2024,다다5995,to_in_007,113
2024,다다5995,to_in_008,83
2024,다다6077,in_age_014,5
2024,다다6077,in_age_016,0
2024,다다6077,in_age_044,0
2024,다다6077,in_age_046,0
2024,다다6077,in_age_074,0
2024,다다6077,to_in_001,5
2024,다다6077,to_in_007,5
2024,다다6077,to_in_008,0
2024,다다6093,in_age_002,5
2024,다다6093,in_age_003,8
2024,다다6093,in_age_004,8
2024,다다6093,in_age_005,0
2024,다다6093,in_age_006,8
2024,다다6093,in_age_007,13
2024,다다6093,in_age_008,13
2024,다다6093,in_age_009,18
2024,다다6093,in_age_010,13
2024,다다6093,in_age_011,13
2024,다다6093,in_age_012,13
2024,다다6093,in_age_013,13
2024,다다6093,in_age_014,18
2024,다다6093,in_age_015,23
2024,다다6093,in_age_016,18
2024,다다6093,in_age_017,23
2024,다다6093,in_age_018,8
2024,다다6093,in_age_019,5
2024,다다6093,in_age_032,5
2024,다다6093,in_age_033,0
2024,다다6093,in_age_034,5
2024,다다6093,in_age_035,0
2024,다다6093,in_age_036,8
2024,다다6093,in_age_037,8
2024,다다6093,in_age_038,13
2024,다다6093,in_age_039,8
2024,다다6093,in_age_040,8
2024,다다6093,in_age_041,8
2024,다다6093,in_age_042,8
2024,다다6093,in_age_043,8
2024,다다6093,in_age_044,5
2024,다다6093,in_age_045,13
2024,다다6093,in_age_046,8
2024,다다6093,in_age_047,8
2024,다다6093,in_age_048,5
2024,다다6093,in_age_049,0
2024,다다6093,in_age_063,5
2024,다다6093,in_age_064,5
2024,다다6093,in_age_066,5
2024,다다6093,in_age_067,5
2024,다다6093,in_age_068,5
2024,다다6093,in_age_069,8
2024,다다6093,in_age_070,8
2024,다다6093,in_age_071,8
2024,다다6093,in_age_072,5
2024,다다6093,in_age_073,8
2024,다다6093,in_age_074,13
2024,다다6093,in_age_075,8
2024,다다6093,in_age_076,8
2024,다다6093,in_age_077,13
2024,다다6093,in_age_078,8
2024,다다6093,in_age_079,0
2024,다다6093,to_in_001,213
2024,다다6093,to_in_007,113
2024,다다6093,to_in_008,98
2024,다다6094,in_age_002,5
2024,다다6094,in_age_003,0
2024,다다6094,in_age_006,0
2024,다다6094,in_age_007,0
2024,다다6094,in_age_008,0
2024,다다6094,in_age_010,5
2024,다다6094,in_age_011,5
2024,다다6094,in_age_012,5
2024,다다6094,in_age_032,0
2024,다다6094,in_age_033,0
2024,다다6094,in_age_036,0
2024,다다6094,in_age_037,0
2024,다다6094,in_age_038,0
2024,다다6094,in_age_040,0
2024,다다6094,in_age_041,5
2024,다다6094,in_age_042,5
2024,다다6094,in_age_062,0
2024,다다6094,in_age_070,0
2024,다다6094,to_in_001,13
2024,다다6094,to_in_007,8
2024,다다6094,to_in_008,5
2024,다다6095,in_age_007,5
2024,다다6095,in_age_008,0
2024,다다6095,in_age_009,0
2024,다다6095,in_age_037,5
2024,다다6095,in_age_038,0
2024,다다6095,in_age_039,0
2024,다다6095,to_in_001,5
2024,다다6095,to_in_007,5
2024,다다6095,to_in_008,0
2024,다다6097,in_age_010,0
2024,다다6097,in_age_013,5
2024,다다6097,in_age_040,0
2024,다다6097,in_age_043,0
2024,다다6097,in_age_073,5
2024,다다6097,to_in_001,5
2024,다다6097,to_in_007,5
2024,다다6097,to_in_008,5
2024,다다6098,in_age_002,0
2024,다다6098,in_age_003,8
2024,다다6098,in_age_004,5
2024,다다6098,in_age_009,0
2024,다다6098,in_age_010,0
2024,다다6098,in_age_011,5
2024,다다6098,in_age_012,0
2024,다다6098,in_age_013,0
2024,다다6098,in_age_015,5
2024,다다6098,in_age_016,0
2024,다다6098,in_age_018,0
2024,다다6098,in_age_032,0
2024,다다6098,in_age_033,5
2024,다다6098,in_age_034,5
2024,다다6098,in_age_040,0
2024,다다6098,in_age_041,5
2024,다다6098,in_age_042,0
2024,다다6098,in_age_043,0
2024,다다6098,in_age_045,5
2024,다다6098,in_age_063,5
2024,다다6098,in_age_069,0
2024,다다6098,in_age_071,0
2024,다다6098,in_age_075,0
2024,다다6098,in_age_076,0
2024,다다6098,in_age_078,0
2024,다다6098,to_in_001,18
2024,다다6098,to_in_007,8
2024,다다6098,to_in_008,8
2024,다다6192,in_age_001,0
2024,다다6192,in_age_002,5
2024,다다6192,in_age_006,8
2024,다다6192,in_age_007,13
2024,다다6192,in_age_008,8
2024,다다6192,in_age_009,5
2024,다다6192,in_age_010,0
2024,다다6192,in_age_011,5
2024,다다6192,in_age_012,8
2024,다다6192,in_age_013,8
2024,다다6192,in_age_014,8
2024,다다6192,in_age_015,5
2024,다다6192,in_age_016,8
2024,다다6192,in_age_017,8
2024,다다6192,in_age_018,0
2024,다다6192,in_age_019,0
2024,다다6192,in_age_036,8
2024,다다6192,in_age_037,13
2024,다다6192,in_age_038,8
2024,다다6192,in_age_039,5
2024,다다6192,in_age_040,0
2024,다다6192,in_age_042,0
2024,다다6192,in_age_043,8
2024,다다6192,in_age_044,5
2024,다다6192,in_age_045,5
2024,다다6192,in_age_046,0
2024,다다6192,in_age_047,5
2024,다다6192,in_age_048,0
2024,다다6192,in_age_049,0
2024,다다6192,in_age_061,0
2024,다다6192,in_age_062,5
2024,다다6192,in_age_066,5
2024,다다6192,in_age_068,8
2024,다다6192,in_age_069,5
2024,다다6192,in_age_071,5
2024,다다6192,in_age_072,8
2024,다다6192,in_age_073,5
2024,다다6192,in_age_074,8
2024,다다6192,in_age_075,5
2024,다다6192,in_age_076,8
2024,다다6192,in_age_077,5
2024,다다6192,to_in_001,83
2024,다다6192,to_in_007,48
2024,다다6192,to_in_008,33
2024,다다6193,in_age_001,0
2024,다다6193,in_age_002,5
2024,다다6193,in_age_003,0
2024,다다6193,in_age_004,0
2024,다다6193,in_age_006,0
2024,다다6193,in_age_007,5
2024,다다6193,in_age_008,8
2024,다다6193,in_age_009,5
2024,다다6193,in_age_010,0
2024,다다6193,in_age_011,0
2024,다다6193,in_age_012,5
2024,다다6193,in_age_013,5
2024,다다6193,in_age_015,0
2024,다다6193,in_age_017,0
2024,다다6193,in_age_031,0
2024,다다6193,in_age_032,0
2024,다다6193,in_age_033,0
2024,다다6193,in_age_036,0
2024,다다6193,in_age_037,5
2024,다다6193,in_age_038,5
2024,다다6193,in_age_039,0
2024,다다6193,in_age_041,0
2024,다다6193,in_age_042,5
2024,다다6193,in_age_043,0
2024,다다6193,in_age_045,0
2024,다다6193,in_age_062,0
2024,다다6193,in_age_064,0
2024,다다6193,in_age_067,0
2024,다다6193,in_age_068,0
2024,다다6193,in_age_069,5
2024,다다6193,in_age_070,0
2024,다다6193,in_age_072,5
2024,다다6193,in_age_073,0
2024,다다6193,in_age_077,0
2024,다다6193,to_in_001,28
2024,다다6193,to_in_007,18
2024,다다6193,to_in_008,13
2024,다다6194,in_age_001,5
2024,다다6194,in_age_002,5
2024,다다6194,in_age_003,5
2024,다다6194,in_age_004,5
2024,다다6194,in_age_005,5
2024,다다6194,in_age_006,8
2024,다다6194,in_age_007,13
2024,다다6194,in_age_008,13
2024,다다6194,in_age_009,13
2024,다다6194,in_age_010,0
2024,다다6194,in_age_011,8
2024,다다6194,in_age_012,8
2024,다다6194,in_age_013,8
2024,다다6194,in_age_014,13
2024,다다6194,in_age_015,5
2024,다다6194,in_age_016,8
2024,다다6194,in_age_017,8
2024,다다6194,in_age_018,0
2024,다다6194,in_age_019,0
2024,다다6194,in_age_031,0
2024,다다6194,in_age_032,5
2024,다다6194,in_age_033,5
2024,다다6194,in_age_034,0
2024,다다6194,in_age_035,5
2024,다다6194,in_age_036,8
2024,다다6194,in_age_037,8
2024,다다6194,in_age_038,13
2024,다다6194,in_age_039,13
2024,다다6194,in_age_040,0
2024,다다6194,in_age_041,5
2024,다다6194,in_age_042,5
2024,다다6194,in_age_043,5
2024,다다6194,in_age_044,8
2024,다다6194,in_age_045,5
2024,다다6194,in_age_046,5
2024,다다6194,in_age_047,5
2024,다다6194,in_age_061,5
2024,다다6194,in_age_062,0
2024,다다6194,in_age_064,5
2024,다다6194,in_age_067,0
2024,다다6194,in_age_069,5
2024,다다6194,in_age_071,5
2024,다다6194,in_age_072,5
2024,다다6194,in_age_073,5
2024,다다6194,in_age_074,8
2024,다다6194,in_age_075,5
2024,다다6194,in_age_076,8
2024,다다6194,in_age_077,5
2024,다다6194,in_age_078,0
2024,다다6194,in_age_079,0
2024,다다6194,to_in_001,103
2024,다다6194,to_in_007,68
2024,다다6194,to_in_008,33
2024,다다6195,in_age_001,5
2024,다다6195,in_age_002,5
2024,다다6195,in_age_003,0
2024,다다6195,in_age_004,0
2024,다다6195,in_age_005,5
2024,다다6195,in_age_006,8
2024,다다6195,in_age_007,18
2024,다다6195,in_age_008,13
2024,다다6195,in_age_009,8
2024,다다6195,in_age_010,13
2024,다다6195,in_age_011,5
2024,다다6195,in_age_012,5
2024,다다6195,in_age_013,8
2024,다다6195,in_age_014,13
2024,다다6195,in_age_015,8
2024,다다6195,in_age_016,8
2024,다다6195,in_age_017,5
2024,다다6195,in_age_018,0
2024,다다6195,in_age_031,0
2024,다다6195,in_age_032,0
2024,다다6195,in_age_033,0
2024,다다6195,in_age_035,5
2024,다다6195,in_age_036,8
2024,다다6195,in_age_037,18
2024,다다6195,in_age_038,13
2024,다다6195,in_age_039,8
2024,다다6195,in_age_040,8
2024,다다6195,in_age_041,0
2024,다다6195,in_age_042,5
2024,다다6195,in_age_044,5
2024,다다6195,in_age_045,5
2024,다다6195,in_age_046,8
2024,다다6195,in_age_047,0
2024,다다6195,in_age_048,0
2024,다다6195,in_age_061,5
2024,다다6195,in_age_062,0
2024,다다6195,in_age_064,0
2024,다다6195,in_age_065,0
2024,다다6195,in_age_066,5
2024,다다6195,in_age_067,8
2024,다다6195,in_age_068,8
2024,다다6195,in_age_069,5
2024,다다6195,in_age_070,5
2024,다다6195,in_age_071,5
2024,다다6195,in_age_072,0
2024,다다6195,in_age_073,8
2024,다다6195,in_age_074,8
2024,다다6195,in_age_075,8
2024,다다6195,in_age_077,5
2024,다다6195,to_in_001,118
2024,다다6195,to_in_007,78
2024,다다6195,to_in_008,43
2024,다다6198,in_age_003,5
2024,다다6198,in_age_004,5
2024,다다6198,in_age_005,0
2024,다다6198,in_age_006,8
2024,다다6198,in_age_007,8
2024,다다6198,in_age_008,8
2024,다다6198,in_age_009,8
2024,다다6198,in_age_010,5
2024,다다6198,in_age_011,5
2024,다다6198,in_age_012,8
2024,다다6198,in_age_013,8
2024,다다6198,in_age_014,8
2024,다다6198,in_age_015,13
2024,다다6198,in_age_016,8
2024,다다6198,in_age_017,13
2024,다다6198,in_age_018,5
2024,다다6198,in_age_019,5
2024,다다6198,in_age_033,5
2024,다다6198,in_age_034,5
2024,다다6198,in_age_035,0
2024,다다6198,in_age_036,8
2024,다다6198,in_age_037,8
2024,다다6198,in_age_038,8
2024,다다6198,in_age_039,5
2024,다다6198,in_age_040,5
2024,다다6198,in_age_041,5
2024,다다6198,in_age_042,5
2024,다다6198,in_age_043,5
2024,다다6198,in_age_044,8
2024,다다6198,in_age_045,8
2024,다다6198,in_age_046,5
2024,다다6198,in_age_047,5
2024,다다6198,in_age_063,0
2024,다다6198,in_age_064,5
2024,다다6198,in_age_066,0
2024,다다6198,in_age_067,5
2024,다다6198,in_age_068,5
2024,다다6198,in_age_069,5
2024,다다6198,in_age_070,5
2024,다다6198,in_age_071,0
2024,다다6198,in_age_072,8
2024,다다6198,in_age_073,8
2024,다다6198,in_age_074,5
2024,다다6198,in_age_075,5
2024,다다6198,in_age_076,8
2024,다다6198,in_age_077,8
2024,다다6198,in_age_078,5
2024,다다6198,in_age_079,5
2024,다다6198,to_in_001,113
2024,다다6198,to_in_007,63
2024,다다6198,to_in_008,48
2024,다다6290,in_age_009,0
2024,다다6290,in_age_011,0
2024,다다6290,in_age_012,0
2024,다다6290,in_age_018,0
2024,다다6290,in_age_042,0
2024,다다6290,in_age_069,0
2024,다다6290,in_age_071,0
2024,다다6290,in_age_078,0
2024,다다6290,to_in_001,5
2024,다다6290,to_in_007,0
2024,다다6290,to_in_008,5
2024,다다6294,in_age_006,0
2024,다다6294,in_age_007,5
2024,다다6294,in_age_008,6
2024,다다6294,in_age_009,0
2024,다다6294,in_age_036,0
2024,다다6294,in_age_037,5
2024,다다6294,in_age_038,6
2024,다다6294,in_age_039,0
2024,다다6294,to_in_001,14
2024,다다6294,to_in_007,14
2024,다다6294,to_in_008,0
2024,다다6390,in_age_013,0
2024,다다6390,in_age_014,0
2024,다다6390,in_age_015,0
2024,다다6390,in_age_017,5
2024,다다6390,in_age_043,0
2024,다다6390,in_age_045,0
2024,다다6390,in_age_047,0
2024,다다6390,in_age_074,0
2024,다다6390,in_age_077,5
2024,다다6390,to_in_001,5
2024,다다6390,to_in_007,5
2024,다다6390,to_in_008,5
2024,다다6590,in_age_015,0
2024,다다6590,in_age_045,0
2024,다다6590,to_in_001,0
2024,다다6590,to_in_007,0
2024,다다6590,to_in_008,0
2024,다다6979,in_age_012,0
2024,다다6979,in_age_042,0
2024,다다6979,to_in_001,0
2024,다다6979,to_in_007,0
2024,다다6979,to_in_008,0
2024,다다7281,in_age_010,0
2024,다다7281,in_age_040,0
2024,다다7281,to_in_001,0
2024,다다7281,to_in_007,0
2024,다다7281,to_in_008,0
2024,다다7580,in_age_004,0
2024,다다7580,in_age_009,5
2024,다다7580,in_age_011,5
2024,다다7580,in_age_012,0
2024,다다7580,in_age_013,0
2024,다다7580,in_age_034,0
2024,다다7580,in_age_039,5
2024,다다7580,in_age_041,5
2024,다다7580,in_age_072,0
2024,다다7580,in_age_073,0
2024,다다7580,to_in_001,8
2024,다다7580,to_in_007,8
2024,다다7580,to_in_008,5
2024,다다7581,in_age_002,0
2024,다다7581,in_age_005,0
2024,다다7581,in_age_006,0
2024,다다7581,in_age_007,5
2024,다다7581,in_age_008,0
2024,다다7581,in_age_009,5
2024,다다7581,in_age_010,0
2024,다다7581,in_age_011,8
2024,다다7581,in_age_012,8
2024,다다7581,in_age_013,8
2024,다다7581,in_age_014,8
2024,다다7581,in_age_015,8
2024,다다7581,in_age_016,5
2024,다다7581,in_age_017,5
2024,다다7581,in_age_018,0
2024,다다7581,in_age_036,0
2024,다다7581,in_age_037,5
2024,다다7581,in_age_038,0
2024,다다7581,in_age_039,0
2024,다다7581,in_age_040,0
2024,다다7581,in_age_041,5
2024,다다7581,in_age_042,5
2024,다다7581,in_age_043,5
2024,다다7581,in_age_044,8
2024,다다7581,in_age_045,5
2024,다다7581,in_age_046,5
2024,다다7581,in_age_048,0
2024,다다7581,in_age_062,0
2024,다다7581,in_age_065,0
2024,다다7581,in_age_069,0
2024,다다7581,in_age_071,5
2024,다다7581,in_age_072,5
2024,다다7581,in_age_073,5
2024,다다7581,in_age_074,5
2024,다다7581,in_age_075,5
2024,다다7581,in_age_076,5
2024,다다7581,in_age_077,5
2024,다다7581,to_in_001,63
2024,다다7581,to_in_007,33
2024,다다7581,to_in_008,28
2024,다다7582,in_age_001,0
2024,다다7582,in_age_002,0
2024,다다7582,in_age_007,0
2024,다다7582,in_age_008,5
2024,다다7582,in_age_011,0
2024,다다7582,in_age_013,0
2024,다다7582,in_age_031,0
2024,다다7582,in_age_037,0
2024,다다7582,in_age_041,0
2024,다다7582,in_age_043,0
2024,다다7582,in_age_062,0
2024,다다7582,in_age_068,5
2024,다다7582,to_in_001,8
2024,다다7582,to_in_007,5
2024,다다7582,to_in_008,5
2024,다다7680,in_age_005,5
2024,다다7680,in_age_011,0
2024,다다7680,in_age_012,0
2024,다다7680,in_age_013,5
2024,다다7680,in_age_016,0
2024,다다7680,in_age_017,8
2024,다다7680,in_age_019,0
2024,다다7680,in_age_035,5
2024,다다7680,in_age_041,0
2024,다다7680,in_age_042,0
2024,다다7680,in_age_043,0
2024,다다7680,in_age_047,5
2024,다다7680,in_age_073,0
2024,다다7680,in_age_076,0
2024,다다7680,in_age_077,5
2024,다다7680,in_age_079,0
2024,다다7680,to_in_001,13
2024,다다7680,to_in_007,8
2024,다다7680,to_in_008,8
2024,다다7681,in_age_009,0
2024,다다7681,in_age_010,0
2024,다다7681,in_age_013,8
2024,다다7681,in_age_014,5
2024,다다7681,in_age_015,0
2024,다다7681,in_age_016,0
2024,다다7681,in_age_017,5
2024,다다7681,in_age_020,0
2024,다다7681,in_age_040,0
2024,다다7681,in_age_043,5
2024,다다7681,in_age_044,5
2024,다다7681,in_age_045,0
2024,다다7681,in_age_046,0
2024,다다7681,in_age_047,0
2024,다다7681,in_age_050,0
2024,다다7681,in_age_069,0
2024,다다7681,in_age_073,8
2024,다다7681,in_age_074,0
2024,다다7681,in_age_077,0
2024,다다7681,to_in_001,13
2024,다다7681,to_in_007,8
2024,다다7681,to_in_008,8
2024,다다7682,in_age_006,5
2024,다다7682,in_age_007,5
2024,다다7682,in_age_008,8
2024,다다7682,in_age_009,5
2024,다다7682,in_age_010,8
2024,다다7682,in_age_011,8
2024,다다7682,in_age_012,13
2024,다다7682,in_age_013,8
2024,다다7682,in_age_014,13
2024,다다7682,in_age_015,13
2024,다다7682,in_age_016,13
2024,다다7682,in_age_017,5
2024,다다7682,in_age_018,5
2024,다다7682,in_age_019,0
2024,다다7682,in_age_020,0
2024,다다7682,in_age_036,5
2024,다다7682,in_age_037,5
2024,다다7682,in_age_038,8
2024,다다7682,in_age_039,5
2024,다다7682,in_age_040,5
2024,다다7682,in_age_041,8
2024,다다7682,in_age_042,8
2024,다다7682,in_age_043,5
2024,다다7682,in_age_044,8
2024,다다7682,in_age_045,8
2024,다다7682,in_age_046,8
2024,다다7682,in_age_047,5
2024,다다7682,in_age_067,5
2024,다다7682,in_age_068,0
2024,다다7682,in_age_070,5
2024,다다7682,in_age_071,0
2024,다다7682,in_age_072,5
2024,다다7682,in_age_073,5
2024,다다7682,in_age_074,8
2024,다다7682,in_age_075,8
2024,다다7682,in_age_076,5
2024,다다7682,in_age_077,0
2024,다다7682,in_age_078,5
2024,다다7682,in_age_079,0
2024,다다7682,in_age_080,0
2024,다다7682,to_in_001,93
2024,다다7682,to_in_007,58
2024,다다7682,to_in_008,38
2024,다다7683,in_age_011,0
2024,다다7683,in_age_013,0
2024,다다7683,in_age_015,0
2024,다다7683,in_age_016,0
2024,다다7683,in_age_041,0
2024,다다7683,in_age_046,0
2024,다다7683,in_age_073,0
2024,다다7683,in_age_075,0
2024,다다7683,to_in_001,5
2024,다다7683,to_in_007,5
2024,다다7683,to_in_008,5
2024,다다7781,in_age_002,0
2024,다다7781,in_age_003,8
2024,다다7781,in_age_004,0
2024,다다7781,in_age_005,5
2024,다다7781,in_age_006,5
2024,다다7781,in_age_007,0
2024,다다7781,in_age_008,0
2024,다다7781,in_age_009,5
2024,다다7781,in_age_010,8
2024,다다7781,in_age_011,8
2024,다다7781,in_age_012,5
2024,다다7781,in_age_013,8
2024,다다7781,in_age_014,8
2024,다다7781,in_age_015,8
2024,다다7781,in_age_016,8
2024,다다7781,in_age_017,8
2024,다다7781,in_age_018,0
2024,다다7781,in_age_019,0
2024,다다7781,in_age_033,8
2024,다다7781,in_age_035,5
2024,다다7781,in_age_036,5
2024,다다7781,in_age_037,0
2024,다다7781,in_age_038,0
2024,다다7781,in_age_039,5
2024,다다7781,in_age_040,8
2024,다다7781,in_age_041,8
2024,다다7781,in_age_042,5
2024,다다7781,in_age_043,5
2024,다다7781,in_age_044,5
2024,다다7781,in_age_045,5
2024,다다7781,in_age_046,5
2024,다다7781,in_age_047,5
2024,다다7781,in_age_049,0
2024,다다7781,in_age_062,0
2024,다다7781,in_age_063,5
2024,다다7781,in_age_064,0
2024,다다7781,in_age_069,5
2024,다다7781,in_age_070,5
2024,다다7781,in_age_071,5
2024,다다7781,in_age_072,0
2024,다다7781,in_age_073,8
2024,다다7781,in_age_074,5
2024,다다7781,in_age_075,5
2024,다다7781,in_age_076,5
2024,다다7781,in_age_077,8
2024,다다7781,in_age_078,0
2024,다다7781,to_in_001,83
2024,다다7781,to_in_007,48
2024,다다7781,to_in_008,38
2024,다다7782,in_age_007,0
2024,다다7782,in_age_008,0
2024,다다7782,in_age_010,0
2024,다다7782,in_age_011,5
2024,다다7782,in_age_013,8
2024,다다7782,in_age_014,5
2024,다다7782,in_age_015,8
2024,다다7782,in_age_016,5
2024,다다7782,in_age_017,5
2024,다다7782,in_age_018,5
2024,다다7782,in_age_037,0
2024,다다7782,in_age_038,0
2024,다다7782,in_age_041,5
2024,다다7782,in_age_043,5
2024,다다7782,in_age_045,5
2024,다다7782,in_age_046,0
2024,다다7782,in_age_047,5
2024,다다7782,in_age_048,0
2024,다다7782,in_age_070,0
2024,다다7782,in_age_071,0
2024,다다7782,in_age_073,5
2024,다다7782,in_age_074,5
2024,다다7782,in_age_075,5
2024,다다7782,in_age_076,0
2024,다다7782,in_age_077,5
2024,다다7782,in_age_078,5
2024,다다7782,to_in_001,28
2024,다다7782,to_in_007,13
2024,다다7782,to_in_008,18
2024,다다7783,in_age_006,0
2024,다다7783,in_age_007,0
2024,다다7783,in_age_008,5
2024,다다7783,in_age_009,5
2024,다다7783,in_age_010,0
2024,다다7783,in_age_012,5
2024,다다7783,in_age_013,5
2024,다다7783,in_age_014,5
2024,다다7783,in_age_015,5
2024,다다7783,in_age_017,5
2024,다다7783,in_age_036,0
2024,다다7783,in_age_037,0
2024,다다7783,in_age_038,5
2024,다다7783,in_age_039,5
2024,다다7783,in_age_040,0
2024,다다7783,in_age_042,5
2024,다다7783,in_age_043,5
2024,다다7783,in_age_044,0
2024,다다7783,in_age_045,0
2024,다다7783,in_age_047,0
2024,다다7783,in_age_069,0
2024,다다7783,in_age_072,5
2024,다다7783,in_age_073,5
2024,다다7783,in_age_074,0
2024,다다7783,in_age_075,0
2024,다다7783,in_age_077,0
2024,다다7783,to_in_001,23
2024,다다7783,to_in_007,18
2024,다다7783,to_in_008,8
2024,다다7799,in_age_002,0
2024,다다7799,in_age_003,0
2024,다다7799,in_age_004,5
2024,다다7799,in_age_005,26
2024,다다7799,in_age_006,24
2024,다다7799,in_age_007,19
2024,다다7799,in_age_008,5
2024,다다7799,in_age_009,8
2024,다다7799,in_age_010,5
2024,다다7799,in_age_011,5
2024,다다7799,in_age_012,5
2024,다다7799,in_age_013,5
2024,다다7799,in_age_014,5
2024,다다7799,in_age_016,5
2024,다다7799,in_age_017,5
2024,다다7799,in_age_018,5
2024,다다7799,in_age_019,0
2024,다다7799,in_age_034,0
2024,다다7799,in_age_035,26
2024,다다7799,in_age_036,24
2024,다다7799,in_age_037,11
2024,다다7799,in_age_038,5
2024,다다7799,in_age_039,5
2024,다다7799,in_age_041,5
2024,다다7799,in_age_042,5
2024,다다7799,in_age_043,5
2024,다다7799,in_age_044,5
2024,다다7799,in_age_046,0
2024,다다7799,in_age_048,0
2024,다다7799,in_age_062,0
2024,다다7799,in_age_063,0
2024,다다7799,in_age_064,5
2024,다다7799,in_age_067,5
2024,다다7799,in_age_068,0
2024,다다7799,in_age_069,5
2024,다다7799,in_age_070,5
2024,다다7799,in_age_071,0
2024,다다7799,in_age_072,5
2024,다다7799,in_age_073,0
2024,다다7799,in_age_074,0
2024,다다7799,in_age_076,5
2024,다다7799,in_age_077,5
2024,다다7799,in_age_078,5
2024,다다7799,in_age_079,0
2024,다다7799,to_in_001,119
2024,다다7799,to_in_007,89
2024,다다7799,to_in_008,33
2024,다다7899,in_age_005,0
2024,다다7899,in_age_006,0
2024,다다7899,in_age_007,5
2024,다다7899,in_age_012,0
2024,다다7899,in_age_013,0
2024,다다7899,in_age_017,0
2024,다다7899,in_age_018,0
2024,다다7899,in_age_035,0
2024,다다7899,in_age_036,0
2024,다다7899,in_age_037,5
2024,다다7899,in_age_042,0
2024,다다7899,in_age_073,0
2024,다다7899,in_age_077,0
2024,다다7899,in_age_078,0
2024,다다7899,to_in_001,8
2024,다다7899,to_in_007,5
2024,다다7899,to_in_008,5
2024,다다8060,in_age_001,0
2024,다다8060,in_age_006,0
2024,다다8060,in_age_007,0
2024,다다8060,in_age_008,5
2024,다다8060,in_age_009,0
2024,다다8060,in_age_011,5
2024,다다8060,in_age_012,5
2024,다다8060,in_age_013,5
2024,다다8060,in_age_014,5
2024,다다8060,in_age_016,0
2024,다다8060,in_age_017,5
2024,다다8060,in_age_019,0
2024,다다8060,in_age_031,0
2024,다다8060,in_age_036,0
2024,다다8060,in_age_037,0
2024,다다8060,in_age_038,0
2024,다다8060,in_age_039,0
2024,다다8060,in_age_041,0
2024,다다8060,in_age_042,5
2024,다다8060,in_age_043,5
2024,다다8060,in_age_044,5
2024,다다8060,in_age_068,0
2024,다다8060,in_age_071,0
2024,다다8060,in_age_072,0
2024,다다8060,in_age_073,5
2024,다다8060,in_age_074,0
2024,다다8060,in_age_076,0
2024,다다8060,in_age_077,5
2024,다다8060,in_age_079,0
2024,다다8060,to_in_001,28
2024,다다8060,to_in_007,18
2024,다다8060,to_in_008,8
2024,다다8061,in_age_003,0
2024,다다8061,in_age_004,0
2024,다다8061,in_age_009,0
2024,다다8061,in_age_012,0
2024,다다8061,in_age_013,0
2024,다다8061,in_age_016,0
2024,다다8061,in_age_034,0
2024,다다8061,in_age_042,0
2024,다다8061,in_age_043,0
2024,다다8061,in_age_063,0
2024,다다8061,in_age_069,0
2024,다다8061,in_age_076,0
2024,다다8061,to_in_001,8
2024,다다8061,to_in_007,5
2024,다다8061,to_in_008,5
2024,다다8062,in_age_001,5
2024,다다8062,in_age_002,5
2024,다다8062,in_age_004,5
2024,다다8062,in_age_006,8
2024,다다8062,in_age_007,0
2024,다다8062,in_age_008,5
2024,다다8062,in_age_009,5
2024,다다8062,in_age_010,8
2024,다다8062,in_age_011,8
2024,다다8062,in_age_012,13
2024,다다8062,in_age_013,18
2024,다다8062,in_age_014,13
2024,다다8062,in_age_015,13
2024,다다8062,in_age_016,13
2024,다다8062,in_age_017,8
2024,다다8062,in_age_018,8
2024,다다8062,in_age_019,0
2024,다다8062,in_age_020,5
2024,다다8062,in_age_036,5
2024,다다8062,in_age_038,5
2024,다다8062,in_age_039,5
2024,다다8062,in_age_040,8
2024,다다8062,in_age_041,8
2024,다다8062,in_age_042,8
2024,다다8062,in_age_043,8
2024,다다8062,in_age_044,8
2024,다다8062,in_age_045,8
2024,다다8062,in_age_046,8
2024,다다8062,in_age_047,8
2024,다다8062,in_age_048,5
2024,다다8062,in_age_049,0
2024,다다8062,in_age_061,5
2024,다다8062,in_age_062,5
2024,다다8062,in_age_064,5
2024,다다8062,in_age_066,0
2024,다다8062,in_age_067,0
2024,다다8062,in_age_068,0
2024,다다8062,in_age_070,5
2024,다다8062,in_age_071,5
2024,다다8062,in_age_072,5
2024,다다8062,in_age_073,8
2024,다다8062,in_age_074,5
2024,다다8062,in_age_075,8
2024,다다8062,in_age_076,5
2024,다다8062,in_age_077,5
2024,다다8062,in_age_078,8
2024,다다8062,in_age_080,5
2024,다다8062,to_in_001,118
2024,다다8062,to_in_007,68
2024,다다8062,to_in_008,53
2024,다다8158,in_age_005,0
2024,다다8158,in_age_006,0
2024,다다8158,in_age_009,0
2024,다다8158,in_age_010,8
2024,다다8158,in_age_011,5
2024,다다8158,in_age_012,5
2024,다다8158,in_age_013,5
2024,다다8158,in_age_035,0
2024,다다8158,in_age_036,0
2024,다다8158,in_age_039,0
2024,다다8158,in_age_040,8
2024,다다8158,in_age_041,5
2024,다다8158,in_age_042,0
2024,다다8158,in_age_043,5
2024,다다8158,in_age_072,0
2024,다다8158,to_in_001,8
2024,다다8158,to_in_007,8
2024,다다8158,to_in_008,0
2024,다다8159,in_age_001,5
2024,다다8159,in_age_002,5
2024,다다8159,in_age_004,5
2024,다다8159,in_age_005,8
2024,다다8159,in_age_006,5
2024,다다8159,in_age_007,8
2024,다다8159,in_age_008,13
2024,다다8159,in_age_009,8
2024,다다8159,in_age_010,8
2024,다다8159,in_age_011,13
2024,다다8159,in_age_012,35
2024,다다8159,in_age_013,31
2024,다다8159,in_age_014,22
2024,다다8159,in_age_015,8
2024,다다8159,in_age_016,13
2024,다다8159,in_age_017,8
2024,다다8159,in_age_018,8
2024,다다8159,in_age_019,5
2024,다다8159,in_age_031,5
2024,다다8159,in_age_032,0
2024,다다8159,in_age_034,0
2024,다다8159,in_age_035,5
2024,다다8159,in_age_036,5
2024,다다8159,in_age_037,8
2024,다다8159,in_age_038,8
2024,다다8159,in_age_039,8
2024,다다8159,in_age_040,8
2024,다다8159,in_age_041,13
2024,다다8159,in_age_042,20
2024,다다8159,in_age_043,24
2024,다다8159,in_age_044,14
2024,다다8159,in_age_045,5
2024,다다8159,in_age_046,8
2024,다다8159,in_age_047,5
2024,다다8159,in_age_048,5
2024,다다8159,in_age_049,0
2024,다다8159,in_age_061,5
2024,다다8159,in_age_062,0
2024,다다8159,in_age_064,5
2024,다다8159,in_age_065,8
2024,다다8159,in_age_066,0
2024,다다8159,in_age_067,0
2024,다다8159,in_age_068,5
2024,다다8159,in_age_069,0
2024,다다8159,in_age_070,0
2024,다다8159,in_age_071,5
2024,다다8159,in_age_072,13
2024,다다8159,in_age_073,12
2024,다다8159,in_age_074,8
2024,다다8159,in_age_075,5
2024,다다8159,in_age_076,8
2024,다다8159,in_age_077,5
2024,다다8159,in_age_078,8
2024,다다8159,in_age_079,5
2024,다다8159,to_in_001,197
2024,다다8159,to_in_007,120
2024,다다8159,to_in_008,75
2024,다다8162,in_age_002,8
2024,다다8162,in_age_003,8
2024,다다8162,in_age_004,5
2024,다다8162,in_age_005,5
2024,다다8162,in_age_006,13
2024,다다8162,in_age_007,13
2024,다다8162,in_age_008,13
2024,다다8162,in_age_009,8
2024,다다8162,in_age_010,13
2024,다다8162,in_age_011,13
2024,다다8162,in_age_012,18
2024,다다8162,in_age_013,18
2024,다다8162,in_age_014,23
2024,다다8162,in_age_015,13
2024,다다8162,in_age_016,8
2024,다다8162,in_age_017,8
2024,다다8162,in_age_018,8
2024,다다8162,in_age_019,0
2024,다다8162,in_age_032,5
2024,다다8162,in_age_033,5
2024,다다8162,in_age_034,5
2024,다다8162,in_age_035,5
2024,다다8162,in_age_036,8
2024,다다8162,in_age_037,8
2024,다다8162,in_age_038,8
2024,다다8162,in_age_039,8
2024,다다8162,in_age_040,8
2024,다다8162,in_age_041,8
2024,다다8162,in_age_042,8
2024,다다8162,in_age_043,8
2024,다다8162,in_age_044,13
2024,다다8162,in_age_045,8
2024,다다8162,in_age_046,5
2024,다다8162,in_age_047,5
2024,다다8162,in_age_048,8
2024,다다8162,in_age_062,5
2024,다다8162,in_age_063,8
2024,다다8162,in_age_064,0
2024,다다8162,in_age_065,0
2024,다다8162,in_age_066,5
2024,다다8162,in_age_067,5
2024,다다8162,in_age_068,5
2024,다다8162,in_age_069,5
2024,다다8162,in_age_070,5
2024,다다8162,in_age_071,8
2024,다다8162,in_age_072,8
2024,다다8162,in_age_073,8
2024,다다8162,in_age_074,13
2024,다다8162,in_age_075,5
2024,다다8162,in_age_076,8
2024,다다8162,in_age_077,5
2024,다다8162,in_age_078,5
2024,다다8162,in_age_079,0
2024,다다8162,to_in_001,188
2024,다다8162,to_in_007,108
2024,다다8162,to_in_008,78
2024,다다8258,in_age_013,0
2024,다다8258,in_age_014,5
2024,다다8258,in_age_016,5
2024,다다8258,in_age_018,0
2024,다다8258,in_age_019,0
2024,다다8258,in_age_043,0
2024,다다8258,in_age_046,5
2024,다다8258,in_age_049,0
2024,다다8258,in_age_074,5
2024,다다8258,in_age_078,0
2024,다다8258,to_in_001,8
2024,다다8258,to_in_007,5
2024,다다8258,to_in_008,5
2024,다다8259,in_age_002,8
2024,다다8259,in_age_003,8
2024,다다8259,in_age_004,13
2024,다다8259,in_age_005,13
2024,다다8259,in_age_006,31
2024,다다8259,in_age_007,23
2024,다다8259,in_age_008,23
2024,다다8259,in_age_009,34
2024,다다8259,in_age_010,23
2024,다다8259,in_age_011,46
2024,다다8259,in_age_012,57
2024,다다8259,in_age_013,60
2024,다다8259,in_age_014,64
2024,다다8259,in_age_015,45
2024,다다8259,in_age_016,34
2024,다다8259,in_age_017,13
2024,다다8259,in_age_018,8
2024,다다8259,in_age_032,5
2024,다다8259,in_age_033,8
2024,다다8259,in_age_034,8
2024,다다8259,in_age_035,8
2024,다다8259,in_age_036,23
2024,다다8259,in_age_037,13
2024,다다8259,in_age_038,18
2024,다다8259,in_age_039,24
2024,다다8259,in_age_040,18
2024,다다8259,in_age_041,31
2024,다다8259,in_age_042,35
2024,다다8259,in_age_043,33
2024,다다8259,in_age_044,36
2024,다다8259,in_age_045,19
2024,다다8259,in_age_046,19
2024,다다8259,in_age_047,5
2024,다다8259,in_age_048,5
2024,다다8259,in_age_062,5
2024,다다8259,in_age_063,5
2024,다다8259,in_age_064,5
2024,다다8259,in_age_065,8
2024,다다8259,in_age_066,8
2024,다다8259,in_age_067,8
2024,다다8259,in_age_068,5
2024,다다8259,in_age_069,13
2024,다다8259,in_age_070,5
2024,다다8259,in_age_071,18
2024,다다8259,in_age_072,25
2024,다다8259,in_age_073,30
2024,다다8259,in_age_074,31
2024,다다8259,in_age_075,24
2024,다다8259,in_age_076,13
2024,다다8259,in_age_077,8
2024,다다8259,in_age_078,5
2024,다다8259,to_in_001,495
2024,다다8259,to_in_007,292
2024,다다8259,to_in_008,201
2024,다다8261,in_age_001,5
2024,다다8261,in_age_002,0
2024,다다8261,in_age_003,8
2024,다다8261,in_age_004,5
2024,다다8261,in_age_005,8
2024,다다8261,in_age_006,8
2024,다다8261,in_age_007,13
2024,다다8261,in_age_008,8
2024,다다8261,in_age_009,13
2024,다다8261,in_age_010,13
2024,다다8261,in_age_011,13
2024,다다8261,in_age_012,23
2024,다다8261,in_age_013,23
2024,다다8261,in_age_014,33
2024,다다8261,in_age_015,23
2024,다다8261,in_age_016,13
2024,다다8261,in_age_017,13
2024,다다8261,in_age_018,5
2024,다다8261,in_age_019,8
2024,다다8261,in_age_031,5
2024,다다8261,in_age_033,5
2024,다다8261,in_age_034,5
2024,다다8261,in_age_035,8
2024,다다8261,in_age_036,8
2024,다다8261,in_age_037,13
2024,다다8261,in_age_038,8
2024,다다8261,in_age_039,13
2024,다다8261,in_age_040,8
2024,다다8261,in_age_041,8
2024,다다8261,in_age_042,13
2024,다다8261,in_age_043,8
2024,다다8261,in_age_044,18
2024,다다8261,in_age_045,13
2024,다다8261,in_age_046,5
2024,다다8261,in_age_047,8
2024,다다8261,in_age_048,0
2024,다다8261,in_age_049,5
2024,다다8261,in_age_062,0
2024,다다8261,in_age_063,5
2024,다다8261,in_age_064,5
2024,다다8261,in_age_065,5
2024,다다8261,in_age_066,5
2024,다다8261,in_age_067,0
2024,다다8261,in_age_068,0
2024,다다8261,in_age_069,5
2024,다다8261,in_age_070,5
2024,다다8261,in_age_071,8
2024,다다8261,in_age_072,8
2024,다다8261,in_age_073,13
2024,다다8261,in_age_074,13
2024,다다8261,in_age_075,8
2024,다다8261,in_age_076,8
2024,다다8261,in_age_077,8
2024,다다8261,in_age_078,5
2024,다다8261,in_age_079,5
2024,다다8261,to_in_001,233
2024,다다8261,to_in_007,138
2024,다다8261,to_in_008,93
2024,다다8262,in_age_002,5
2024,다다8262,in_age_003,5
2024,다다8262,in_age_004,5
2024,다다8262,in_age_005,0
2024,다다8262,in_age_006,9
2024,다다8262,in_age_007,5
2024,다다8262,in_age_008,5
2024,다다8262,in_age_009,5
2024,다다8262,in_age_010,5
2024,다다8262,in_age_011,5
2024,다다8262,in_age_012,8
2024,다다8262,in_age_013,13
2024,다다8262,in_age_014,8
2024,다다8262,in_age_015,5
2024,다다8262,in_age_016,5
2024,다다8262,in_age_017,0
2024,다다8262,in_age_018,8
2024,다다8262,in_age_033,5
2024,다다8262,in_age_034,0
2024,다다8262,in_age_035,0
2024,다다8262,in_age_036,9
2024,다다8262,in_age_037,5
2024,다다8262,in_age_038,5
2024,다다8262,in_age_039,5
2024,다다8262,in_age_041,5
2024,다다8262,in_age_042,5
2024,다다8262,in_age_043,8
2024,다다8262,in_age_044,8
2024,다다8262,in_age_045,5
2024,다다8262,in_age_046,5
2024,다다8262,in_age_047,0
2024,다다8262,in_age_048,0
2024,다다8262,in_age_062,5
2024,다다8262,in_age_064,5
2024,다다8262,in_age_069,0
2024,다다8262,in_age_070,5
2024,다다8262,in_age_071,0
2024,다다8262,in_age_072,8
2024,다다8262,in_age_073,8
2024,다다8262,in_age_074,5
2024,다다8262,in_age_075,0
2024,다다8262,in_age_076,0
2024,다다8262,in_age_078,8
2024,다다8262,to_in_001,72
2024,다다8262,to_in_007,47
2024,다다8262,to_in_008,28
2024,다다8357,in_age_010,0
2024,다다8357,in_age_013,0
2024,다다8357,in_age_040,0
2024,다다8357,in_age_043,0
2024,다다8357,to_in_001,5
2024,다다8357,to_in_007,5
2024,다다8357,to_in_008,0
2024,다다8687,in_age_012,0
2024,다다8687,in_age_013,0
2024,다다8687,in_age_014,5
2024,다다8687,in_age_042,0
2024,다다8687,in_age_044,0
2024,다다8687,in_age_073,0
2024,다다8687,in_age_074,0
2024,다다8687,to_in_001,5
2024,다다8687,to_in_007,5
2024,다다8687,to_in_008,5
2024,다다8688,in_age_013,0
2024,다다8688,in_age_073,0
2024,다다8688,to_in_001,0
2024,다다8688,to_in_007,0
2024,다다8688,to_in_008,0
2024,다다8787,in_age_001,0
2024,다다8787,in_age_003,5
2024,다다8787,in_age_004,5
2024,다다8787,in_age_006,0
2024,다다8787,in_age_007,5
2024,다다8787,in_age_008,5
2024,다다8787,in_age_009,5
2024,다다8787,in_age_010,5
2024,다다8787,in_age_011,5
2024,다다8787,in_age_012,5
2024,다다8787,in_age_013,13
2024,다다8787,in_age_014,13
2024,다다8787,in_age_015,23
2024,다다8787,in_age_016,13
2024,다다8787,in_age_017,13
2024,다다8787,in_age_018,8
2024,다다8787,in_age_033,0
2024,다다8787,in_age_036,0
2024,다다8787,in_age_037,0
2024,다다8787,in_age_038,5
2024,다다8787,in_age_039,0
2024,다다8787,in_age_040,5
2024,다다8787,in_age_041,5
2024,다다8787,in_age_042,5
2024,다다8787,in_age_043,8
2024,다다8787,in_age_044,8
2024,다다8787,in_age_045,13
2024,다다8787,in_age_046,8
2024,다다8787,in_age_047,8
2024,다다8787,in_age_061,0
2024,다다8787,in_age_063,0
2024,다다8787,in_age_064,5
2024,다다8787,in_age_067,0
2024,다다8787,in_age_068,0
2024,다다8787,in_age_069,0
2024,다다8787,in_age_070,0
2024,다다8787,in_age_072,5
2024,다다8787,in_age_073,8
2024,다다8787,in_age_074,8
2024,다다8787,in_age_075,13
2024,다다8787,in_age_076,8
2024,다다8787,in_age_077,5
2024,다다8787,in_age_078,8
2024,다다8787,to_in_001,108
2024,다다8787,to_in_007,58
2024,다다8787,to_in_008,53
2024,다다8788,in_age_004,0
2024,다다8788,in_age_005,0
2024,다다8788,in_age_006,0
2024,다다8788,in_age_007,0
2024,다다8788,in_age_010,0
2024,다다8788,in_age_011,5
2024,다다8788,in_age_012,5
2024,다다8788,in_age_013,8
2024,다다8788,in_age_014,8
2024,다다8788,in_age_015,5
2024,다다8788,in_age_016,5
2024,다다8788,in_age_017,5
2024,다다8788,in_age_034,0
2024,다다8788,in_age_036,0
2024,다다8788,in_age_037,0
2024,다다8788,in_age_041,5
2024,다다8788,in_age_042,5
2024,다다8788,in_age_043,8
2024,다다8788,in_age_044,8
2024,다다8788,in_age_045,0
2024,다다8788,in_age_046,0
2024,다다8788,in_age_047,5
2024,다다8788,in_age_065,0
2024,다다8788,in_age_070,0
2024,다다8788,in_age_071,0
2024,다다8788,in_age_072,0
2024,다다8788,in_age_073,5
2024,다다8788,in_age_074,5
2024,다다8788,in_age_075,5
2024,다다8788,in_age_076,0
2024,다다8788,in_age_077,5
2024,다다8788,to_in_001,38
2024,다다8788,to_in_007,28
2024,다다8788,to_in_008,13
2024,다다8987,in_age_014,0
2024,다다8987,in_age_015,5
2024,다다8987,in_age_016,0
2024,다다8987,in_age_017,0
2024,다다8987,in_age_045,5
2024,다다8987,in_age_047,0
2024,다다8987,in_age_074,0
2024,다다8987,in_age_076,0
2024,다다8987,to_in_001,5
2024,다다8987,to_in_007,5
2024,다다8987,to_in_008,5
2024,다다9087,in_age_008,5
2024,다다9087,in_age_010,0
2024,다다9087,in_age_011,0
2024,다다9087,in_age_013,5
2024,다다9087,in_age_014,5
2024,다다9087,in_age_015,0
2024,다다9087,in_age_038,5
2024,다다9087,in_age_041,0
2024,다다9087,in_age_043,5
2024,다다9087,in_age_044,5
2024,다다9087,in_age_045,0
2024,다다9087,in_age_070,0
2024,다다9087,to_in_001,8
2024,다다9087,to_in_007,8
2024,다다9087,to_in_008,0
2024,다다9583,in_age_002,5
2024,다다9583,in_age_007,5
2024,다다9583,in_age_008,8
2024,다다9583,in_age_009,0
2024,다다9583,in_age_010,5
2024,다다9583,in_age_012,8
2024,다다9583,in_age_013,8
2024,다다9583,in_age_014,8
2024,다다9583,in_age_015,5
2024,다다9583,in_age_016,5
2024,다다9583,in_age_017,0
2024,다다9583,in_age_032,0
2024,다다9583,in_age_037,5
2024,다다9583,in_age_038,5
2024,다다9583,in_age_040,5
2024,다다9583,in_age_042,5
2024,다다9583,in_age_043,5
2024,다다9583,in_age_044,5
2024,다다9583,in_age_045,5
2024,다다9583,in_age_046,0
2024,다다9583,in_age_047,0
2024,다다9583,in_age_062,0
2024,다다9583,in_age_068,5
2024,다다9583,in_age_069,0
2024,다다9583,in_age_072,5
2024,다다9583,in_age_073,8
2024,다다9583,in_age_074,0
2024,다다9583,in_age_075,0
2024,다다9583,in_age_076,5
2024,다다9583,to_in_001,33
2024,다다9583,to_in_007,18
2024,다다9583,to_in_008,18
