field_1,field_2,field_3,field_4
"2024",다다0000,in_age_018,"48"
"2024",다다0100,in_age_018,"33"
"2024",다다0200,in_age_018,"8"
"2024",다다0201,in_age_018,"8"
"2024",다다0300,in_age_018,"34"
"2024",다다0301,in_age_018,"28"
"2024",다다0302,in_age_018,"0"
"2024",다다0400,in_age_018,"88"
"2024",다다0401,in_age_018,"13"
"2024",다다0402,in_age_018,"8"
"2024",다다0500,in_age_018,"96"
"2024",다다0501,in_age_018,"5"
"2024",다다0502,in_age_018,"0"
"2024",다다0594,in_age_018,"8"
"2024",다다0595,in_age_018,"8"
"2024",다다0600,in_age_018,"128"
"2024",다다0601,in_age_018,"5"
"2024",다다0603,in_age_018,"5"
"2024",다다0677,in_age_018,"5"
"2024",다다0696,in_age_018,"5"
"2024",다다0699,in_age_018,"8"
"2024",다다0700,in_age_018,"43"
"2024",다다0701,in_age_018,"49"
"2024",다다0702,in_age_018,"108"
"2024",다다0703,in_age_018,"18"
"2024",다다0776,in_age_018,"5"
"2024",다다0777,in_age_018,"0"
"2024",다다0796,in_age_018,"5"
"2024",다다0797,in_age_018,"8"
"2024",다다0798,in_age_018,"5"
"2024",다다0799,in_age_018,"5"
"2024",다다0800,in_age_018,"43"
"2024",다다0801,in_age_018,"160"
"2024",다다0802,in_age_018,"233"
"2024",다다0803,in_age_018,"28"
"2024",다다0872,in_age_018,"5"
"2024",다다0873,in_age_018,"5"
"2024",다다0878,in_age_018,"8"
"2024",다다0897,in_age_018,"5"
"2024",다다0898,in_age_018,"5"
"2024",다다0899,in_age_018,"5"
"2024",다다0900,in_age_018,"135"
"2024",다다0901,in_age_018,"234"
"2024",다다0902,in_age_018,"224"
"2024",다다0903,in_age_018,"23"
"2024",다다0970,in_age_018,"5"
"2024",다다0971,in_age_018,"0"
"2024",다다0979,in_age_018,"0"
"2024",다다0990,in_age_018,"5"
"2024",다다0991,in_age_018,"5"
"2024",다다0992,in_age_018,"5"
"2024",다다0996,in_age_018,"5"
"2024",다다0997,in_age_018,"8"
"2024",다다0998,in_age_018,"8"
"2024",다다0999,in_age_018,"13"
"2024",다다1000,in_age_018,"88"
"2024",다다1001,in_age_018,"207"
"2024",다다1002,in_age_018,"260"
"2024",다다1003,in_age_018,"103"
"2024",다다1075,in_age_018,"5"
"2024",다다1076,in_age_018,"8"
"2024",다다1091,in_age_018,"5"
"2024",다다1093,in_age_018,"5"
"2024",다다1094,in_age_018,"5"
"2024",다다1096,in_age_018,"5"
"2024",다다1097,in_age_018,"5"
"2024",다다1098,in_age_018,"5"
"2024",다다1099,in_age_018,"5"
"2024",다다1100,in_age_018,"33"
"2024",다다1101,in_age_018,"106"
"2024",다다1102,in_age_018,"53"
"2024",다다1172,in_age_018,"0"
"2024",다다1173,in_age_018,"5"
"2024",다다1176,in_age_018,"5"
"2024",다다1179,in_age_018,"0"
"2024",다다1196,in_age_018,"8"
"2024",다다1197,in_age_018,"5"
"2024",다다1198,in_age_018,"5"
"2024",다다1200,in_age_018,"13"
"2024",다다1202,in_age_018,"33"
"2024",다다1203,in_age_018,"13"
"2024",다다1204,in_age_018,"5"
"2024",다다1275,in_age_018,"0"
"2024",다다1278,in_age_018,"0"
"2024",다다1292,in_age_018,"0"
"2024",다다1296,in_age_018,"0"
"2024",다다1297,in_age_018,"0"
"2024",다다1298,in_age_018,"5"
"2024",다다1299,in_age_018,"5"
"2024",다다1300,in_age_018,"5"
"2024",다다1301,in_age_018,"5"
"2024",다다1302,in_age_018,"5"
"2024",다다1303,in_age_018,"91"
"2024",다다1304,in_age_018,"13"
"2024",다다1371,in_age_018,"5"
"2024",다다1372,in_age_018,"13"
"2024",다다1375,in_age_018,"5"
"2024",다다1377,in_age_018,"8"
"2024",다다1378,in_age_018,"18"
"2024",다다1379,in_age_018,"5"
"2024",다다1380,in_age_018,"8"
"2024",다다1381,in_age_018,"0"
"2024",다다1382,in_age_018,"8"
"2024",다다1392,in_age_018,"5"
"2024",다다1393,in_age_018,"5"
"2024",다다1399,in_age_018,"8"
"2024",다다1400,in_age_018,"8"
"2024",다다1401,in_age_018,"5"
"2024",다다1402,in_age_018,"61"
"2024",다다1403,in_age_018,"122"
"2024",다다1404,in_age_018,"13"
"2024",다다1474,in_age_018,"5"
"2024",다다1476,in_age_018,"13"
"2024",다다1477,in_age_018,"13"
"2024",다다1478,in_age_018,"13"
"2024",다다1479,in_age_018,"5"
"2024",다다1480,in_age_018,"5"
"2024",다다1481,in_age_018,"8"
"2024",다다1483,in_age_018,"5"
"2024",다다1492,in_age_018,"0"
"2024",다다1500,in_age_018,"28"
"2024",다다1501,in_age_018,"5"
"2024",다다1502,in_age_018,"68"
"2024",다다1503,in_age_018,"23"
"2024",다다1504,in_age_018,"59"
"2024",다다1574,in_age_018,"8"
"2024",다다1580,in_age_018,"13"
"2024",다다1592,in_age_018,"8"
"2024",다다1594,in_age_018,"5"
"2024",다다1596,in_age_018,"5"
"2024",다다1600,in_age_018,"8"
"2024",다다1601,in_age_018,"0"
"2024",다다1604,in_age_018,"5"
"2024",다다1668,in_age_018,"0"
"2024",다다1674,in_age_018,"18"
"2024",다다1675,in_age_018,"8"
"2024",다다1679,in_age_018,"8"
"2024",다다1680,in_age_018,"13"
"2024",다다1689,in_age_018,"5"
"2024",다다1694,in_age_018,"13"
"2024",다다1696,in_age_018,"5"
"2024",다다1700,in_age_018,"5"
"2024",다다1701,in_age_018,"13"
"2024",다다1703,in_age_018,"0"
"2024",다다1704,in_age_018,"5"
"2024",다다1705,in_age_018,"18"
"2024",다다1774,in_age_018,"8"
"2024",다다1777,in_age_018,"8"
"2024",다다1778,in_age_018,"5"
"2024",다다1780,in_age_018,"13"
"2024",다다1793,in_age_018,"5"
"2024",다다1794,in_age_018,"18"
"2024",다다1795,in_age_018,"0"
"2024",다다1796,in_age_018,"0"
"2024",다다1798,in_age_018,"5"
"2024",다다1801,in_age_018,"17"
"2024",다다1803,in_age_018,"8"
"2024",다다1804,in_age_018,"8"
"2024",다다1805,in_age_018,"48"
"2024",다다1878,in_age_018,"0"
"2024",다다1879,in_age_018,"0"
"2024",다다1880,in_age_018,"5"
"2024",다다1896,in_age_018,"5"
"2024",다다1897,in_age_018,"5"
"2024",다다1898,in_age_018,"8"
"2024",다다1901,in_age_018,"8"
"2024",다다1902,in_age_018,"5"
"2024",다다1903,in_age_018,"5"
"2024",다다1904,in_age_018,"5"
"2024",다다1905,in_age_018,"43"
"2024",다다2004,in_age_018,"5"
"2024",다다2005,in_age_018,"18"
"2024",다다2006,in_age_018,"5"
"2024",다다2071,in_age_018,"5"
"2024",다다2072,in_age_018,"5"
"2024",다다2073,in_age_018,"5"
"2024",다다2076,in_age_018,"5"
"2024",다다2079,in_age_018,"0"
"2024",다다2103,in_age_018,"5"
"2024",다다2104,in_age_018,"5"
"2024",다다2105,in_age_018,"5"
"2024",다다2106,in_age_018,"23"
"2024",다다2171,in_age_018,"8"
"2024",다다2174,in_age_018,"5"
"2024",다다2175,in_age_018,"18"
"2024",다다2176,in_age_018,"8"
"2024",다다2177,in_age_018,"8"
"2024",다다2178,in_age_018,"5"
"2024",다다2193,in_age_018,"8"
"2024",다다2195,in_age_018,"0"
"2024",다다2196,in_age_018,"0"
"2024",다다2197,in_age_018,"8"
"2024",다다2198,in_age_018,"13"
"2024",다다2199,in_age_018,"8"
"2024",다다2200,in_age_018,"5"
"2024",다다2201,in_age_018,"0"
"2024",다다2202,in_age_018,"5"
"2024",다다2203,in_age_018,"0"
"2024",다다2204,in_age_018,"5"
"2024",다다2205,in_age_018,"80"
"2024",다다2206,in_age_018,"13"
"2024",다다2270,in_age_018,"5"
"2024",다다2271,in_age_018,"5"
"2024",다다2274,in_age_018,"5"
"2024",다다2275,in_age_018,"8"
"2024",다다2276,in_age_018,"8"
"2024",다다2293,in_age_018,"8"
"2024",다다2294,in_age_018,"0"
"2024",다다2295,in_age_018,"5"
"2024",다다2297,in_age_018,"0"
"2024",다다2298,in_age_018,"8"
"2024",다다2300,in_age_018,"5"
"2024",다다2302,in_age_018,"8"
"2024",다다2304,in_age_018,"8"
"2024",다다2305,in_age_018,"28"
"2024",다다2306,in_age_018,"5"
"2024",다다2372,in_age_018,"13"
"2024",다다2373,in_age_018,"8"
"2024",다다2377,in_age_018,"0"
"2024",다다2392,in_age_018,"5"
"2024",다다2398,in_age_018,"5"
"2024",다다2400,in_age_018,"5"
"2024",다다2402,in_age_018,"0"
"2024",다다2403,in_age_018,"5"
"2024",다다2406,in_age_018,"8"
"2024",다다2492,in_age_018,"13"
"2024",다다2499,in_age_018,"5"
"2024",다다2500,in_age_018,"5"
"2024",다다2502,in_age_018,"8"
"2024",다다2505,in_age_018,"0"
"2024",다다2506,in_age_018,"33"
"2024",다다2592,in_age_018,"10"
"2024",다다2593,in_age_018,"5"
"2024",다다2599,in_age_018,"0"
"2024",다다2600,in_age_018,"0"
"2024",다다2602,in_age_018,"18"
"2024",다다2606,in_age_018,"5"
"2024",다다2607,in_age_018,"8"
"2024",다다2689,in_age_018,"5"
"2024",다다2690,in_age_018,"13"
"2024",다다2692,in_age_018,"18"
"2024",다다2693,in_age_018,"5"
"2024",다다2699,in_age_018,"8"
"2024",다다2700,in_age_018,"5"
"2024",다다2705,in_age_018,"0"
"2024",다다2706,in_age_018,"0"
"2024",다다2707,in_age_018,"8"
"2024",다다2789,in_age_018,"5"
"2024",다다2790,in_age_018,"8"
"2024",다다2791,in_age_018,"5"
"2024",다다2799,in_age_018,"5"
"2024",다다2806,in_age_018,"32"
"2024",다다2890,in_age_018,"5"
"2024",다다2891,in_age_018,"5"
"2024",다다2892,in_age_018,"0"
"2024",다다2893,in_age_018,"5"
"2024",다다2894,in_age_018,"5"
"2024",다다2896,in_age_018,"0"
"2024",다다2897,in_age_018,"5"
"2024",다다2898,in_age_018,"5"
"2024",다다2899,in_age_018,"5"
"2024",다다2907,in_age_018,"13"
"2024",다다2990,in_age_018,"5"
"2024",다다2991,in_age_018,"8"
"2024",다다2992,in_age_018,"7"
"2024",다다2993,in_age_018,"5"
"2024",다다2994,in_age_018,"8"
"2024",다다2995,in_age_018,"5"
"2024",다다2996,in_age_018,"18"
"2024",다다2997,in_age_018,"5"
"2024",다다2998,in_age_018,"5"
"2024",다다3006,in_age_018,"5"
"2024",다다3007,in_age_018,"53"
"2024",다다3090,in_age_018,"8"
"2024",다다3091,in_age_018,"33"
"2024",다다3092,in_age_018,"40"
"2024",다다3093,in_age_018,"5"
"2024",다다3106,in_age_018,"5"
"2024",다다3178,in_age_018,"5"
"2024",다다3179,in_age_018,"5"
"2024",다다3190,in_age_018,"18"
"2024",다다3191,in_age_018,"58"
"2024",다다3193,in_age_018,"8"
"2024",다다3199,in_age_018,"5"
"2024",다다3201,in_age_018,"8"
"2024",다다3202,in_age_018,"5"
"2024",다다3278,in_age_018,"5"
"2024",다다3281,in_age_018,"5"
"2024",다다3289,in_age_018,"8"
"2024",다다3290,in_age_018,"8"
"2024",다다3291,in_age_018,"5"
"2024",다다3302,in_age_018,"0"
"2024",다다3304,in_age_018,"0"
"2024",다다3393,in_age_018,"0"
"2024",다다3397,in_age_018,"18"
"2024",다다3398,in_age_018,"5"
"2024",다다3399,in_age_018,"5"
"2024",다다3406,in_age_018,"5"
"2024",다다3407,in_age_018,"18"
"2024",다다3494,in_age_018,"8"
"2024",다다3497,in_age_018,"0"
"2024",다다3498,in_age_018,"8"
"2024",다다3499,in_age_018,"5"
"2024",다다3506,in_age_018,"8"
"2024",다다3507,in_age_018,"23"
"2024",다다3594,in_age_018,"0"
"2024",다다3604,in_age_018,"5"
"2024",다다3607,in_age_018,"0"
"2024",다다3692,in_age_018,"5"
"2024",다다3693,in_age_018,"8"
"2024",다다3699,in_age_018,"8"
"2024",다다3704,in_age_018,"8"
"2024",다다3705,in_age_018,"18"
"2024",다다3793,in_age_018,"13"
"2024",다다3794,in_age_018,"8"
"2024",다다3799,in_age_018,"5"
"2024",다다3803,in_age_018,"5"
"2024",다다3804,in_age_018,"23"
"2024",다다3805,in_age_018,"13"
"2024",다다3892,in_age_018,"5"
"2024",다다3893,in_age_018,"13"
"2024",다다3894,in_age_018,"8"
"2024",다다3898,in_age_018,"5"
"2024",다다3899,in_age_018,"5"
"2024",다다3903,in_age_018,"39"
"2024",다다3904,in_age_018,"13"
"2024",다다3990,in_age_018,"8"
"2024",다다3991,in_age_018,"8"
"2024",다다4002,in_age_018,"5"
"2024",다다4003,in_age_018,"38"
"2024",다다4004,in_age_018,"5"
"2024",다다4075,in_age_018,"8"
"2024",다다4076,in_age_018,"18"
"2024",다다4090,in_age_018,"0"
"2024",다다4091,in_age_018,"8"
"2024",다다4092,in_age_018,"8"
"2024",다다4093,in_age_018,"8"
"2024",다다4094,in_age_018,"5"
"2024",다다4099,in_age_018,"0"
"2024",다다4102,in_age_018,"8"
"2024",다다4103,in_age_018,"18"
"2024",다다4104,in_age_018,"0"
"2024",다다4175,in_age_018,"8"
"2024",다다4176,in_age_018,"8"
"2024",다다4178,in_age_018,"18"
"2024",다다4191,in_age_018,"5"
"2024",다다4192,in_age_018,"5"
"2024",다다4198,in_age_018,"5"
"2024",다다4199,in_age_018,"8"
"2024",다다4202,in_age_018,"5"
"2024",다다4203,in_age_018,"18"
"2024",다다4274,in_age_018,"8"
"2024",다다4276,in_age_018,"5"
"2024",다다4279,in_age_018,"0"
"2024",다다4292,in_age_018,"5"
"2024",다다4293,in_age_018,"13"
"2024",다다4299,in_age_018,"5"
"2024",다다4300,in_age_018,"5"
"2024",다다4302,in_age_018,"18"
"2024",다다4303,in_age_018,"8"
"2024",다다4373,in_age_018,"5"
"2024",다다4375,in_age_018,"5"
"2024",다다4376,in_age_018,"8"
"2024",다다4380,in_age_018,"0"
"2024",다다4393,in_age_018,"13"
"2024",다다4397,in_age_018,"5"
"2024",다다4398,in_age_018,"5"
"2024",다다4399,in_age_018,"8"
"2024",다다4400,in_age_018,"23"
"2024",다다4475,in_age_018,"5"
"2024",다다4476,in_age_018,"8"
"2024",다다4478,in_age_018,"5"
"2024",다다4479,in_age_018,"5"
"2024",다다4496,in_age_018,"13"
"2024",다다4498,in_age_018,"8"
"2024",다다4499,in_age_018,"5"
"2024",다다4500,in_age_018,"0"
"2024",다다4576,in_age_018,"8"
"2024",다다4577,in_age_018,"5"
"2024",다다4579,in_age_018,"5"
"2024",다다4596,in_age_018,"5"
"2024",다다4597,in_age_018,"5"
"2024",다다4599,in_age_018,"5"
"2024",다다4654,in_age_018,"5"
"2024",다다4797,in_age_018,"5"
"2024",다다4799,in_age_018,"8"
"2024",다다4800,in_age_018,"5"
"2024",다다4801,in_age_018,"5"
"2024",다다4802,in_age_018,"5"
"2024",다다4803,in_age_018,"5"
"2024",다다4898,in_age_018,"8"
"2024",다다4899,in_age_018,"0"
"2024",다다4900,in_age_018,"8"
"2024",다다4901,in_age_018,"5"
"2024",다다4902,in_age_018,"8"
"2024",다다4903,in_age_018,"5"
"2024",다다5001,in_age_018,"8"
"2024",다다5002,in_age_018,"5"
"2024",다다5091,in_age_018,"5"
"2024",다다5092,in_age_018,"5"
"2024",다다5193,in_age_018,"5"
"2024",다다5290,in_age_018,"8"
"2024",다다5291,in_age_018,"0"
"2024",다다5293,in_age_018,"5"
"2024",다다5391,in_age_018,"5"
"2024",다다5393,in_age_018,"13"
"2024",다다5396,in_age_018,"0"
"2024",다다5496,in_age_018,"0"
"2024",다다5584,in_age_018,"0"
"2024",다다5595,in_age_018,"5"
"2024",다다5596,in_age_018,"8"
"2024",다다5695,in_age_018,"13"
"2024",다다5696,in_age_018,"8"
"2024",다다5794,in_age_018,"14"
"2024",다다5795,in_age_018,"13"
"2024",다다5892,in_age_018,"18"
"2024",다다5894,in_age_018,"8"
"2024",다다5899,in_age_018,"5"
"2024",다다5994,in_age_018,"5"
"2024",다다5995,in_age_018,"8"
"2024",다다6093,in_age_018,"8"
"2024",다다6098,in_age_018,"0"
"2024",다다6192,in_age_018,"0"
"2024",다다6194,in_age_018,"0"
"2024",다다6195,in_age_018,"0"
"2024",다다6198,in_age_018,"5"
"2024",다다6290,in_age_018,"0"
"2024",다다7581,in_age_018,"0"
"2024",다다7682,in_age_018,"5"
"2024",다다7781,in_age_018,"0"
"2024",다다7782,in_age_018,"5"
"2024",다다7799,in_age_018,"5"
"2024",다다7899,in_age_018,"0"
"2024",다다8062,in_age_018,"8"
"2024",다다8159,in_age_018,"8"
"2024",다다8162,in_age_018,"8"
"2024",다다8258,in_age_018,"0"
"2024",다다8259,in_age_018,"8"
"2024",다다8261,in_age_018,"5"
"2024",다다8262,in_age_018,"8"
"2024",다다8787,in_age_018,"8"
"2024",다라0018,in_age_018,"5"
"2024",다라0020,in_age_018,"13"
"2024",다라0021,in_age_018,"5"
"2024",다라0031,in_age_018,"8"
"2024",다라0039,in_age_018,"5"
"2024",다라0040,in_age_018,"5"
"2024",다라0044,in_age_018,"5"
"2024",다라0045,in_age_018,"115"
"2024",다라0046,in_age_018,"88"
"2024",다라0047,in_age_018,"202"
"2024",다라0048,in_age_018,"18"
"2024",다라0049,in_age_018,"8"
"2024",다라0050,in_age_018,"0"
"2024",다라0051,in_age_018,"12"
"2024",다라0053,in_age_018,"8"
"2024",다라0054,in_age_018,"0"
"2024",다라0056,in_age_018,"5"
"2024",다라0057,in_age_018,"5"
"2024",다라0058,in_age_018,"8"
"2024",다라0059,in_age_018,"0"
"2024",다라0060,in_age_018,"8"
"2024",다라0061,in_age_018,"8"
"2024",다라0062,in_age_018,"8"
"2024",다라0067,in_age_018,"5"
"2024",다라0068,in_age_018,"0"
"2024",다라0069,in_age_018,"5"
"2024",다라0070,in_age_018,"8"
"2024",다라0083,in_age_018,"8"
"2024",다라0084,in_age_018,"5"
"2024",다라0085,in_age_018,"5"
"2024",다라0086,in_age_018,"5"
"2024",다라0089,in_age_018,"5"
"2024",다라0092,in_age_018,"8"
"2024",다라0093,in_age_018,"0"
"2024",다라0095,in_age_018,"8"
"2024",다라0096,in_age_018,"8"
"2024",다라0099,in_age_018,"5"
"2024",다라0119,in_age_018,"5"
"2024",다라0120,in_age_018,"8"
"2024",다라0121,in_age_018,"0"
"2024",다라0122,in_age_018,"5"
"2024",다라0128,in_age_018,"8"
"2024",다라0129,in_age_018,"5"
"2024",다라0130,in_age_018,"13"
"2024",다라0131,in_age_018,"5"
"2024",다라0132,in_age_018,"5"
"2024",다라0139,in_age_018,"0"
"2024",다라0140,in_age_018,"0"
"2024",다라0144,in_age_018,"5"
"2024",다라0145,in_age_018,"156"
"2024",다라0146,in_age_018,"107"
"2024",다라0147,in_age_018,"143"
"2024",다라0148,in_age_018,"77"
"2024",다라0149,in_age_018,"70"
"2024",다라0150,in_age_018,"5"
"2024",다라0151,in_age_018,"5"
"2024",다라0152,in_age_018,"24"
"2024",다라0153,in_age_018,"8"
"2024",다라0154,in_age_018,"5"
"2024",다라0155,in_age_018,"5"
"2024",다라0156,in_age_018,"0"
"2024",다라0157,in_age_018,"13"
"2024",다라0158,in_age_018,"39"
"2024",다라0159,in_age_018,"5"
"2024",다라0161,in_age_018,"5"
"2024",다라0162,in_age_018,"5"
"2024",다라0163,in_age_018,"8"
"2024",다라0166,in_age_018,"0"
"2024",다라0167,in_age_018,"5"
"2024",다라0168,in_age_018,"5"
"2024",다라0169,in_age_018,"8"
"2024",다라0170,in_age_018,"5"
"2024",다라0180,in_age_018,"5"
"2024",다라0181,in_age_018,"8"
"2024",다라0183,in_age_018,"8"
"2024",다라0184,in_age_018,"0"
"2024",다라0185,in_age_018,"5"
"2024",다라0186,in_age_018,"0"
"2024",다라0192,in_age_018,"5"
"2024",다라0193,in_age_018,"0"
"2024",다라0194,in_age_018,"0"
"2024",다라0195,in_age_018,"18"
"2024",다라0196,in_age_018,"0"
"2024",다라0198,in_age_018,"13"
"2024",다라0199,in_age_018,"5"
"2024",다라0217,in_age_018,"5"
"2024",다라0218,in_age_018,"5"
"2024",다라0219,in_age_018,"5"
"2024",다라0220,in_age_018,"16"
"2024",다라0221,in_age_018,"5"
"2024",다라0226,in_age_018,"0"
"2024",다라0228,in_age_018,"8"
"2024",다라0232,in_age_018,"5"
"2024",다라0233,in_age_018,"0"
"2024",다라0239,in_age_018,"8"
"2024",다라0240,in_age_018,"5"
"2024",다라0244,in_age_018,"0"
"2024",다라0245,in_age_018,"81"
"2024",다라0246,in_age_018,"44"
"2024",다라0247,in_age_018,"5"
"2024",다라0248,in_age_018,"8"
"2024",다라0249,in_age_018,"8"
"2024",다라0250,in_age_018,"5"
"2024",다라0251,in_age_018,"21"
"2024",다라0252,in_age_018,"5"
"2024",다라0254,in_age_018,"0"
"2024",다라0255,in_age_018,"8"
"2024",다라0257,in_age_018,"5"
"2024",다라0258,in_age_018,"5"
"2024",다라0259,in_age_018,"5"
"2024",다라0260,in_age_018,"8"
"2024",다라0261,in_age_018,"5"
"2024",다라0262,in_age_018,"5"
"2024",다라0263,in_age_018,"5"
"2024",다라0264,in_age_018,"0"
"2024",다라0266,in_age_018,"0"
"2024",다라0267,in_age_018,"0"
"2024",다라0268,in_age_018,"5"
"2024",다라0269,in_age_018,"0"
"2024",다라0270,in_age_018,"8"
"2024",다라0271,in_age_018,"5"
"2024",다라0272,in_age_018,"8"
"2024",다라0273,in_age_018,"5"
"2024",다라0279,in_age_018,"0"
"2024",다라0280,in_age_018,"8"
"2024",다라0281,in_age_018,"18"
"2024",다라0282,in_age_018,"8"
"2024",다라0283,in_age_018,"8"
"2024",다라0284,in_age_018,"0"
"2024",다라0285,in_age_018,"8"
"2024",다라0287,in_age_018,"0"
"2024",다라0289,in_age_018,"5"
"2024",다라0290,in_age_018,"0"
"2024",다라0291,in_age_018,"8"
"2024",다라0292,in_age_018,"5"
"2024",다라0293,in_age_018,"8"
"2024",다라0294,in_age_018,"8"
"2024",다라0297,in_age_018,"5"
"2024",다라0298,in_age_018,"8"
"2024",다라0299,in_age_018,"0"
"2024",다라0317,in_age_018,"8"
"2024",다라0318,in_age_018,"5"
"2024",다라0319,in_age_018,"5"
"2024",다라0320,in_age_018,"0"
"2024",다라0321,in_age_018,"5"
"2024",다라0327,in_age_018,"8"
"2024",다라0328,in_age_018,"8"
"2024",다라0329,in_age_018,"5"
"2024",다라0333,in_age_018,"5"
"2024",다라0338,in_age_018,"0"
"2024",다라0339,in_age_018,"5"
"2024",다라0345,in_age_018,"8"
"2024",다라0346,in_age_018,"53"
"2024",다라0347,in_age_018,"5"
"2024",다라0348,in_age_018,"13"
"2024",다라0350,in_age_018,"5"
"2024",다라0351,in_age_018,"5"
"2024",다라0353,in_age_018,"5"
"2024",다라0354,in_age_018,"5"
"2024",다라0355,in_age_018,"5"
"2024",다라0358,in_age_018,"5"
"2024",다라0359,in_age_018,"0"
"2024",다라0360,in_age_018,"5"
"2024",다라0361,in_age_018,"5"
"2024",다라0362,in_age_018,"8"
"2024",다라0363,in_age_018,"5"
"2024",다라0365,in_age_018,"0"
"2024",다라0366,in_age_018,"5"
"2024",다라0367,in_age_018,"5"
"2024",다라0368,in_age_018,"5"
"2024",다라0369,in_age_018,"5"
"2024",다라0371,in_age_018,"0"
"2024",다라0372,in_age_018,"13"
"2024",다라0373,in_age_018,"5"
"2024",다라0376,in_age_018,"5"
"2024",다라0379,in_age_018,"8"
"2024",다라0382,in_age_018,"0"
"2024",다라0383,in_age_018,"8"
"2024",다라0384,in_age_018,"5"
"2024",다라0385,in_age_018,"0"
"2024",다라0386,in_age_018,"0"
"2024",다라0389,in_age_018,"5"
"2024",다라0390,in_age_018,"0"
"2024",다라0391,in_age_018,"5"
"2024",다라0392,in_age_018,"0"
"2024",다라0393,in_age_018,"13"
"2024",다라0394,in_age_018,"5"
"2024",다라0396,in_age_018,"8"
"2024",다라0397,in_age_018,"18"
"2024",다라0398,in_age_018,"5"
"2024",다라0414,in_age_018,"5"
"2024",다라0415,in_age_018,"8"
"2024",다라0416,in_age_018,"0"
"2024",다라0417,in_age_018,"0"
"2024",다라0419,in_age_018,"5"
"2024",다라0420,in_age_018,"5"
"2024",다라0421,in_age_018,"5"
"2024",다라0422,in_age_018,"5"
"2024",다라0425,in_age_018,"5"
"2024",다라0426,in_age_018,"5"
"2024",다라0438,in_age_018,"8"
"2024",다라0439,in_age_018,"8"
"2024",다라0440,in_age_018,"23"
"2024",다라0445,in_age_018,"0"
"2024",다라0446,in_age_018,"49"
"2024",다라0447,in_age_018,"13"
"2024",다라0448,in_age_018,"8"
"2024",다라0449,in_age_018,"5"
"2024",다라0454,in_age_018,"13"
"2024",다라0455,in_age_018,"8"
"2024",다라0456,in_age_018,"8"
"2024",다라0457,in_age_018,"5"
"2024",다라0462,in_age_018,"5"
"2024",다라0463,in_age_018,"8"
"2024",다라0464,in_age_018,"5"
"2024",다라0466,in_age_018,"5"
"2024",다라0467,in_age_018,"0"
"2024",다라0468,in_age_018,"0"
"2024",다라0469,in_age_018,"5"
"2024",다라0471,in_age_018,"5"
"2024",다라0472,in_age_018,"0"
"2024",다라0473,in_age_018,"5"
"2024",다라0474,in_age_018,"5"
"2024",다라0476,in_age_018,"8"
"2024",다라0477,in_age_018,"5"
"2024",다라0479,in_age_018,"0"
"2024",다라0487,in_age_018,"0"
"2024",다라0491,in_age_018,"5"
"2024",다라0492,in_age_018,"8"
"2024",다라0493,in_age_018,"8"
"2024",다라0494,in_age_018,"26"
"2024",다라0495,in_age_018,"8"
"2024",다라0496,in_age_018,"5"
"2024",다라0497,in_age_018,"5"
"2024",다라0498,in_age_018,"8"
"2024",다라0499,in_age_018,"8"
"2024",다라0504,in_age_018,"0"
"2024",다라0505,in_age_018,"5"
"2024",다라0506,in_age_018,"0"
"2024",다라0507,in_age_018,"0"
"2024",다라0509,in_age_018,"0"
"2024",다라0511,in_age_018,"0"
"2024",다라0512,in_age_018,"5"
"2024",다라0516,in_age_018,"0"
"2024",다라0521,in_age_018,"0"
"2024",다라0525,in_age_018,"5"
"2024",다라0526,in_age_018,"5"
"2024",다라0527,in_age_018,"5"
"2024",다라0539,in_age_018,"18"
"2024",다라0540,in_age_018,"5"
"2024",다라0541,in_age_018,"5"
"2024",다라0542,in_age_018,"5"
"2024",다라0545,in_age_018,"44"
"2024",다라0546,in_age_018,"34"
"2024",다라0547,in_age_018,"5"
"2024",다라0548,in_age_018,"5"
"2024",다라0549,in_age_018,"5"
"2024",다라0550,in_age_018,"5"
"2024",다라0552,in_age_018,"0"
"2024",다라0554,in_age_018,"0"
"2024",다라0555,in_age_018,"0"
"2024",다라0556,in_age_018,"0"
"2024",다라0564,in_age_018,"8"
"2024",다라0565,in_age_018,"0"
"2024",다라0566,in_age_018,"8"
"2024",다라0567,in_age_018,"0"
"2024",다라0568,in_age_018,"8"
"2024",다라0569,in_age_018,"0"
"2024",다라0570,in_age_018,"5"
"2024",다라0573,in_age_018,"0"
"2024",다라0574,in_age_018,"8"
"2024",다라0575,in_age_018,"5"
"2024",다라0576,in_age_018,"5"
"2024",다라0577,in_age_018,"8"
"2024",다라0578,in_age_018,"8"
"2024",다라0579,in_age_018,"0"
"2024",다라0580,in_age_018,"8"
"2024",다라0581,in_age_018,"0"
"2024",다라0582,in_age_018,"0"
"2024",다라0583,in_age_018,"5"
"2024",다라0584,in_age_018,"5"
"2024",다라0586,in_age_018,"8"
"2024",다라0588,in_age_018,"8"
"2024",다라0589,in_age_018,"5"
"2024",다라0593,in_age_018,"5"
"2024",다라0594,in_age_018,"5"
"2024",다라0595,in_age_018,"0"
"2024",다라0596,in_age_018,"0"
"2024",다라0597,in_age_018,"5"
"2024",다라0598,in_age_018,"5"
"2024",다라0599,in_age_018,"5"
"2024",다라0604,in_age_018,"8"
"2024",다라0605,in_age_018,"0"
"2024",다라0606,in_age_018,"5"
"2024",다라0607,in_age_018,"8"
"2024",다라0608,in_age_018,"5"
"2024",다라0609,in_age_018,"8"
"2024",다라0611,in_age_018,"5"
"2024",다라0612,in_age_018,"5"
"2024",다라0613,in_age_018,"0"
"2024",다라0619,in_age_018,"0"
"2024",다라0620,in_age_018,"5"
"2024",다라0622,in_age_018,"0"
"2024",다라0623,in_age_018,"8"
"2024",다라0625,in_age_018,"0"
"2024",다라0626,in_age_018,"5"
"2024",다라0639,in_age_018,"26"
"2024",다라0641,in_age_018,"5"
"2024",다라0645,in_age_018,"5"
"2024",다라0646,in_age_018,"8"
"2024",다라0647,in_age_018,"5"
"2024",다라0648,in_age_018,"8"
"2024",다라0649,in_age_018,"13"
"2024",다라0650,in_age_018,"8"
"2024",다라0651,in_age_018,"8"
"2024",다라0652,in_age_018,"5"
"2024",다라0653,in_age_018,"5"
"2024",다라0654,in_age_018,"5"
"2024",다라0655,in_age_018,"5"
"2024",다라0659,in_age_018,"5"
"2024",다라0661,in_age_018,"5"
"2024",다라0664,in_age_018,"0"
"2024",다라0665,in_age_018,"5"
"2024",다라0666,in_age_018,"71"
"2024",다라0667,in_age_018,"5"
"2024",다라0668,in_age_018,"0"
"2024",다라0669,in_age_018,"5"
"2024",다라0671,in_age_018,"8"
"2024",다라0673,in_age_018,"0"
"2024",다라0674,in_age_018,"5"
"2024",다라0675,in_age_018,"5"
"2024",다라0676,in_age_018,"5"
"2024",다라0677,in_age_018,"0"
"2024",다라0678,in_age_018,"13"
"2024",다라0679,in_age_018,"0"
"2024",다라0680,in_age_018,"5"
"2024",다라0681,in_age_018,"5"
"2024",다라0682,in_age_018,"5"
"2024",다라0683,in_age_018,"5"
"2024",다라0684,in_age_018,"5"
"2024",다라0685,in_age_018,"5"
"2024",다라0686,in_age_018,"5"
"2024",다라0691,in_age_018,"0"
"2024",다라0693,in_age_018,"5"
"2024",다라0694,in_age_018,"8"
"2024",다라0695,in_age_018,"0"
"2024",다라0696,in_age_018,"8"
"2024",다라0697,in_age_018,"8"
"2024",다라0698,in_age_018,"8"
"2024",다라0701,in_age_018,"5"
"2024",다라0705,in_age_018,"5"
"2024",다라0706,in_age_018,"5"
"2024",다라0707,in_age_018,"0"
"2024",다라0708,in_age_018,"5"
"2024",다라0710,in_age_018,"5"
"2024",다라0712,in_age_018,"0"
"2024",다라0713,in_age_018,"5"
"2024",다라0714,in_age_018,"5"
"2024",다라0719,in_age_018,"5"
"2024",다라0720,in_age_018,"5"
"2024",다라0721,in_age_018,"5"
"2024",다라0722,in_age_018,"5"
"2024",다라0723,in_age_018,"0"
"2024",다라0725,in_age_018,"5"
"2024",다라0726,in_age_018,"5"
"2024",다라0727,in_age_018,"5"
"2024",다라0738,in_age_018,"5"
"2024",다라0739,in_age_018,"8"
"2024",다라0744,in_age_018,"0"
"2024",다라0745,in_age_018,"0"
"2024",다라0746,in_age_018,"8"
"2024",다라0748,in_age_018,"5"
"2024",다라0750,in_age_018,"8"
"2024",다라0751,in_age_018,"13"
"2024",다라0752,in_age_018,"5"
"2024",다라0753,in_age_018,"0"
"2024",다라0754,in_age_018,"0"
"2024",다라0755,in_age_018,"8"
"2024",다라0757,in_age_018,"8"
"2024",다라0758,in_age_018,"0"
"2024",다라0759,in_age_018,"8"
"2024",다라0761,in_age_018,"5"
"2024",다라0762,in_age_018,"5"
"2024",다라0766,in_age_018,"33"
"2024",다라0767,in_age_018,"5"
"2024",다라0768,in_age_018,"0"
"2024",다라0769,in_age_018,"8"
"2024",다라0770,in_age_018,"5"
"2024",다라0772,in_age_018,"8"
"2024",다라0773,in_age_018,"8"
"2024",다라0774,in_age_018,"8"
"2024",다라0775,in_age_018,"0"
"2024",다라0776,in_age_018,"13"
"2024",다라0778,in_age_018,"5"
"2024",다라0779,in_age_018,"5"
"2024",다라0780,in_age_018,"8"
"2024",다라0782,in_age_018,"0"
"2024",다라0783,in_age_018,"0"
"2024",다라0785,in_age_018,"5"
"2024",다라0787,in_age_018,"5"
"2024",다라0788,in_age_018,"5"
"2024",다라0790,in_age_018,"5"
"2024",다라0791,in_age_018,"5"
"2024",다라0792,in_age_018,"5"
"2024",다라0793,in_age_018,"5"
"2024",다라0794,in_age_018,"5"
"2024",다라0795,in_age_018,"5"
"2024",다라0796,in_age_018,"13"
"2024",다라0797,in_age_018,"0"
"2024",다라0798,in_age_018,"5"
"2024",다라0799,in_age_018,"8"
"2024",다라0801,in_age_018,"5"
"2024",다라0805,in_age_018,"5"
"2024",다라0806,in_age_018,"5"
"2024",다라0808,in_age_018,"0"
"2024",다라0809,in_age_018,"5"
"2024",다라0810,in_age_018,"13"
"2024",다라0811,in_age_018,"5"
"2024",다라0812,in_age_018,"0"
"2024",다라0813,in_age_018,"0"
"2024",다라0814,in_age_018,"8"
"2024",다라0823,in_age_018,"5"
"2024",다라0824,in_age_018,"5"
"2024",다라0825,in_age_018,"8"
"2024",다라0826,in_age_018,"8"
"2024",다라0838,in_age_018,"5"
"2024",다라0839,in_age_018,"5"
"2024",다라0843,in_age_018,"0"
"2024",다라0844,in_age_018,"5"
"2024",다라0845,in_age_018,"8"
"2024",다라0847,in_age_018,"5"
"2024",다라0848,in_age_018,"13"
"2024",다라0850,in_age_018,"28"
"2024",다라0851,in_age_018,"8"
"2024",다라0852,in_age_018,"5"
"2024",다라0853,in_age_018,"5"
"2024",다라0854,in_age_018,"0"
"2024",다라0855,in_age_018,"5"
"2024",다라0856,in_age_018,"5"
"2024",다라0857,in_age_018,"5"
"2024",다라0858,in_age_018,"0"
"2024",다라0859,in_age_018,"8"
"2024",다라0860,in_age_018,"8"
"2024",다라0861,in_age_018,"5"
"2024",다라0862,in_age_018,"8"
"2024",다라0864,in_age_018,"0"
"2024",다라0865,in_age_018,"5"
"2024",다라0866,in_age_018,"0"
"2024",다라0867,in_age_018,"8"
"2024",다라0868,in_age_018,"0"
"2024",다라0870,in_age_018,"5"
"2024",다라0871,in_age_018,"0"
"2024",다라0872,in_age_018,"5"
"2024",다라0875,in_age_018,"8"
"2024",다라0876,in_age_018,"8"
"2024",다라0877,in_age_018,"8"
"2024",다라0878,in_age_018,"0"
"2024",다라0879,in_age_018,"8"
"2024",다라0880,in_age_018,"8"
"2024",다라0881,in_age_018,"5"
"2024",다라0882,in_age_018,"8"
"2024",다라0883,in_age_018,"0"
"2024",다라0884,in_age_018,"5"
"2024",다라0885,in_age_018,"8"
"2024",다라0886,in_age_018,"5"
"2024",다라0888,in_age_018,"5"
"2024",다라0889,in_age_018,"8"
"2024",다라0892,in_age_018,"0"
"2024",다라0894,in_age_018,"5"
"2024",다라0895,in_age_018,"8"
"2024",다라0896,in_age_018,"5"
"2024",다라0897,in_age_018,"32"
"2024",다라0898,in_age_018,"23"
"2024",다라0899,in_age_018,"8"
"2024",다라0900,in_age_018,"5"
"2024",다라0901,in_age_018,"8"
"2024",다라0902,in_age_018,"5"
"2024",다라0904,in_age_018,"5"
"2024",다라0905,in_age_018,"5"
"2024",다라0909,in_age_018,"5"
"2024",다라0910,in_age_018,"8"
"2024",다라0911,in_age_018,"8"
"2024",다라0912,in_age_018,"0"
"2024",다라0914,in_age_018,"0"
"2024",다라0917,in_age_018,"5"
"2024",다라0920,in_age_018,"0"
"2024",다라0921,in_age_018,"5"
"2024",다라0924,in_age_018,"8"
"2024",다라0925,in_age_018,"5"
"2024",다라0937,in_age_018,"0"
"2024",다라0938,in_age_018,"8"
"2024",다라0939,in_age_018,"8"
"2024",다라0943,in_age_018,"0"
"2024",다라0944,in_age_018,"5"
"2024",다라0945,in_age_018,"0"
"2024",다라0947,in_age_018,"0"
"2024",다라0948,in_age_018,"5"
"2024",다라0949,in_age_018,"8"
"2024",다라0950,in_age_018,"8"
"2024",다라0951,in_age_018,"5"
"2024",다라0952,in_age_018,"8"
"2024",다라0953,in_age_018,"5"
"2024",다라0954,in_age_018,"8"
"2024",다라0955,in_age_018,"0"
"2024",다라0956,in_age_018,"0"
"2024",다라0957,in_age_018,"5"
"2024",다라0958,in_age_018,"5"
"2024",다라0960,in_age_018,"5"
"2024",다라0961,in_age_018,"5"
"2024",다라0962,in_age_018,"5"
"2024",다라0963,in_age_018,"5"
"2024",다라0967,in_age_018,"5"
"2024",다라0968,in_age_018,"13"
"2024",다라0969,in_age_018,"13"
"2024",다라0970,in_age_018,"8"
"2024",다라0971,in_age_018,"5"
"2024",다라0972,in_age_018,"5"
"2024",다라0973,in_age_018,"5"
"2024",다라0974,in_age_018,"29"
"2024",다라0975,in_age_018,"8"
"2024",다라0976,in_age_018,"5"
"2024",다라0977,in_age_018,"0"
"2024",다라0978,in_age_018,"13"
"2024",다라0979,in_age_018,"8"
"2024",다라0980,in_age_018,"8"
"2024",다라0981,in_age_018,"5"
"2024",다라0984,in_age_018,"5"
"2024",다라0985,in_age_018,"0"
"2024",다라0986,in_age_018,"8"
"2024",다라0988,in_age_018,"0"
"2024",다라0989,in_age_018,"5"
"2024",다라0990,in_age_018,"5"
"2024",다라0992,in_age_018,"5"
"2024",다라0994,in_age_018,"8"
"2024",다라0995,in_age_018,"11"
"2024",다라0996,in_age_018,"5"
"2024",다라0997,in_age_018,"56"
"2024",다라0998,in_age_018,"58"
"2024",다라0999,in_age_018,"36"
"2024",다라1002,in_age_018,"5"
"2024",다라1004,in_age_018,"5"
"2024",다라1005,in_age_018,"0"
"2024",다라1012,in_age_018,"5"
"2024",다라1013,in_age_018,"5"
"2024",다라1014,in_age_018,"5"
"2024",다라1016,in_age_018,"5"
"2024",다라1017,in_age_018,"5"
"2024",다라1022,in_age_018,"0"
"2024",다라1023,in_age_018,"5"
"2024",다라1024,in_age_018,"5"
"2024",다라1025,in_age_018,"8"
"2024",다라1028,in_age_018,"5"
"2024",다라1036,in_age_018,"8"
"2024",다라1037,in_age_018,"5"
"2024",다라1038,in_age_018,"5"
"2024",다라1042,in_age_018,"5"
"2024",다라1047,in_age_018,"0"
"2024",다라1048,in_age_018,"5"
"2024",다라1049,in_age_018,"8"
"2024",다라1050,in_age_018,"5"
"2024",다라1052,in_age_018,"5"
"2024",다라1053,in_age_018,"8"
"2024",다라1054,in_age_018,"5"
"2024",다라1055,in_age_018,"5"
"2024",다라1056,in_age_018,"13"
"2024",다라1058,in_age_018,"0"
"2024",다라1059,in_age_018,"0"
"2024",다라1060,in_age_018,"5"
"2024",다라1061,in_age_018,"5"
"2024",다라1062,in_age_018,"5"
"2024",다라1063,in_age_018,"5"
"2024",다라1064,in_age_018,"5"
"2024",다라1065,in_age_018,"8"
"2024",다라1066,in_age_018,"0"
"2024",다라1067,in_age_018,"0"
"2024",다라1068,in_age_018,"20"
"2024",다라1069,in_age_018,"5"
"2024",다라1070,in_age_018,"5"
"2024",다라1073,in_age_018,"5"
"2024",다라1074,in_age_018,"105"
"2024",다라1075,in_age_018,"13"
"2024",다라1076,in_age_018,"5"
"2024",다라1077,in_age_018,"13"
"2024",다라1078,in_age_018,"5"
"2024",다라1079,in_age_018,"8"
"2024",다라1085,in_age_018,"0"
"2024",다라1086,in_age_018,"5"
"2024",다라1087,in_age_018,"5"
"2024",다라1090,in_age_018,"5"
"2024",다라1094,in_age_018,"5"
"2024",다라1096,in_age_018,"8"
"2024",다라1097,in_age_018,"64"
"2024",다라1098,in_age_018,"48"
"2024",다라1099,in_age_018,"5"
"2024",다라1101,in_age_018,"5"
"2024",다라1102,in_age_018,"13"
"2024",다라1104,in_age_018,"5"
"2024",다라1105,in_age_018,"8"
"2024",다라1106,in_age_018,"0"
"2024",다라1107,in_age_018,"5"
"2024",다라1108,in_age_018,"5"
"2024",다라1110,in_age_018,"0"
"2024",다라1113,in_age_018,"5"
"2024",다라1114,in_age_018,"8"
"2024",다라1124,in_age_018,"5"
"2024",다라1125,in_age_018,"5"
"2024",다라1126,in_age_018,"5"
"2024",다라1135,in_age_018,"8"
"2024",다라1136,in_age_018,"0"
"2024",다라1137,in_age_018,"8"
"2024",다라1139,in_age_018,"0"
"2024",다라1140,in_age_018,"0"
"2024",다라1141,in_age_018,"8"
"2024",다라1142,in_age_018,"0"
"2024",다라1143,in_age_018,"5"
"2024",다라1144,in_age_018,"5"
"2024",다라1151,in_age_018,"0"
"2024",다라1152,in_age_018,"8"
"2024",다라1153,in_age_018,"0"
"2024",다라1154,in_age_018,"8"
"2024",다라1157,in_age_018,"5"
"2024",다라1158,in_age_018,"5"
"2024",다라1159,in_age_018,"0"
"2024",다라1163,in_age_018,"5"
"2024",다라1164,in_age_018,"5"
"2024",다라1165,in_age_018,"8"
"2024",다라1166,in_age_018,"5"
"2024",다라1167,in_age_018,"5"
"2024",다라1168,in_age_018,"5"
"2024",다라1170,in_age_018,"13"
"2024",다라1171,in_age_018,"8"
"2024",다라1173,in_age_018,"5"
"2024",다라1174,in_age_018,"8"
"2024",다라1175,in_age_018,"8"
"2024",다라1182,in_age_018,"5"
"2024",다라1183,in_age_018,"5"
"2024",다라1187,in_age_018,"0"
"2024",다라1188,in_age_018,"0"
"2024",다라1190,in_age_018,"5"
"2024",다라1191,in_age_018,"5"
"2024",다라1193,in_age_018,"0"
"2024",다라1194,in_age_018,"5"
"2024",다라1195,in_age_018,"5"
"2024",다라1199,in_age_018,"0"
"2024",다라1201,in_age_018,"0"
"2024",다라1202,in_age_018,"5"
"2024",다라1203,in_age_018,"13"
"2024",다라1204,in_age_018,"5"
"2024",다라1206,in_age_018,"12"
"2024",다라1207,in_age_018,"5"
"2024",다라1210,in_age_018,"0"
"2024",다라1213,in_age_018,"5"
"2024",다라1214,in_age_018,"5"
"2024",다라1215,in_age_018,"5"
"2024",다라1218,in_age_018,"5"
"2024",다라1222,in_age_018,"5"
"2024",다라1223,in_age_018,"5"
"2024",다라1224,in_age_018,"5"
"2024",다라1226,in_age_018,"8"
"2024",다라1227,in_age_018,"5"
"2024",다라1228,in_age_018,"8"
"2024",다라1232,in_age_018,"5"
"2024",다라1233,in_age_018,"8"
"2024",다라1234,in_age_018,"5"
"2024",다라1235,in_age_018,"0"
"2024",다라1237,in_age_018,"5"
"2024",다라1239,in_age_018,"0"
"2024",다라1240,in_age_018,"5"
"2024",다라1242,in_age_018,"5"
"2024",다라1251,in_age_018,"0"
"2024",다라1256,in_age_018,"8"
"2024",다라1257,in_age_018,"0"
"2024",다라1259,in_age_018,"0"
"2024",다라1260,in_age_018,"5"
"2024",다라1261,in_age_018,"0"
"2024",다라1262,in_age_018,"8"
"2024",다라1267,in_age_018,"5"
"2024",다라1268,in_age_018,"8"
"2024",다라1269,in_age_018,"23"
"2024",다라1270,in_age_018,"8"
"2024",다라1271,in_age_018,"8"
"2024",다라1272,in_age_018,"14"
"2024",다라1273,in_age_018,"58"
"2024",다라1275,in_age_018,"8"
"2024",다라1276,in_age_018,"8"
"2024",다라1283,in_age_018,"0"
"2024",다라1284,in_age_018,"0"
"2024",다라1286,in_age_018,"5"
"2024",다라1287,in_age_018,"0"
"2024",다라1290,in_age_018,"5"
"2024",다라1291,in_age_018,"5"
"2024",다라1293,in_age_018,"5"
"2024",다라1294,in_age_018,"0"
"2024",다라1295,in_age_018,"5"
"2024",다라1296,in_age_018,"8"
"2024",다라1297,in_age_018,"5"
"2024",다라1298,in_age_018,"5"
"2024",다라1299,in_age_018,"8"
"2024",다라1300,in_age_018,"0"
"2024",다라1304,in_age_018,"5"
"2024",다라1306,in_age_018,"5"
"2024",다라1307,in_age_018,"8"
"2024",다라1308,in_age_018,"8"
"2024",다라1310,in_age_018,"5"
"2024",다라1314,in_age_018,"5"
"2024",다라1316,in_age_018,"0"
"2024",다라1317,in_age_018,"5"
"2024",다라1320,in_age_018,"0"
"2024",다라1321,in_age_018,"8"
"2024",다라1322,in_age_018,"5"
"2024",다라1323,in_age_018,"5"
"2024",다라1326,in_age_018,"0"
"2024",다라1333,in_age_018,"5"
"2024",다라1335,in_age_018,"5"
"2024",다라1336,in_age_018,"5"
"2024",다라1337,in_age_018,"8"
"2024",다라1338,in_age_018,"13"
"2024",다라1345,in_age_018,"8"
"2024",다라1356,in_age_018,"0"
"2024",다라1357,in_age_018,"5"
"2024",다라1358,in_age_018,"5"
"2024",다라1360,in_age_018,"5"
"2024",다라1361,in_age_018,"0"
"2024",다라1363,in_age_018,"5"
"2024",다라1364,in_age_018,"8"
"2024",다라1365,in_age_018,"5"
"2024",다라1366,in_age_018,"5"
"2024",다라1369,in_age_018,"5"
"2024",다라1370,in_age_018,"5"
"2024",다라1371,in_age_018,"8"
"2024",다라1372,in_age_018,"8"
"2024",다라1373,in_age_018,"5"
"2024",다라1374,in_age_018,"8"
"2024",다라1375,in_age_018,"0"
"2024",다라1376,in_age_018,"5"
"2024",다라1377,in_age_018,"5"
"2024",다라1378,in_age_018,"8"
"2024",다라1384,in_age_018,"5"
"2024",다라1385,in_age_018,"5"
"2024",다라1386,in_age_018,"5"
"2024",다라1387,in_age_018,"5"
"2024",다라1392,in_age_018,"8"
"2024",다라1394,in_age_018,"5"
"2024",다라1396,in_age_018,"8"
"2024",다라1397,in_age_018,"8"
"2024",다라1398,in_age_018,"5"
"2024",다라1399,in_age_018,"8"
"2024",다라1402,in_age_018,"5"
"2024",다라1403,in_age_018,"5"
"2024",다라1404,in_age_018,"5"
"2024",다라1407,in_age_018,"0"
"2024",다라1408,in_age_018,"5"
"2024",다라1409,in_age_018,"5"
"2024",다라1411,in_age_018,"0"
"2024",다라1414,in_age_018,"5"
"2024",다라1415,in_age_018,"5"
"2024",다라1416,in_age_018,"8"
"2024",다라1417,in_age_018,"8"
"2024",다라1418,in_age_018,"5"
"2024",다라1419,in_age_018,"0"
"2024",다라1420,in_age_018,"0"
"2024",다라1424,in_age_018,"5"
"2024",다라1425,in_age_018,"60"
"2024",다라1426,in_age_018,"5"
"2024",다라1429,in_age_018,"5"
"2024",다라1432,in_age_018,"5"
"2024",다라1433,in_age_018,"18"
"2024",다라1434,in_age_018,"5"
"2024",다라1436,in_age_018,"5"
"2024",다라1437,in_age_018,"13"
"2024",다라1438,in_age_018,"5"
"2024",다라1442,in_age_018,"0"
"2024",다라1446,in_age_018,"8"
"2024",다라1456,in_age_018,"0"
"2024",다라1457,in_age_018,"13"
"2024",다라1458,in_age_018,"8"
"2024",다라1459,in_age_018,"5"
"2024",다라1460,in_age_018,"5"
"2024",다라1461,in_age_018,"8"
"2024",다라1462,in_age_018,"0"
"2024",다라1465,in_age_018,"5"
"2024",다라1468,in_age_018,"5"
"2024",다라1469,in_age_018,"5"
"2024",다라1471,in_age_018,"0"
"2024",다라1472,in_age_018,"19"
"2024",다라1475,in_age_018,"5"
"2024",다라1476,in_age_018,"0"
"2024",다라1477,in_age_018,"0"
"2024",다라1478,in_age_018,"0"
"2024",다라1491,in_age_018,"5"
"2024",다라1492,in_age_018,"8"
"2024",다라1496,in_age_018,"5"
"2024",다라1497,in_age_018,"5"
"2024",다라1498,in_age_018,"5"
"2024",다라1499,in_age_018,"5"
"2024",다라1501,in_age_018,"8"
"2024",다라1502,in_age_018,"5"
"2024",다라1503,in_age_018,"0"
"2024",다라1504,in_age_018,"8"
"2024",다라1505,in_age_018,"5"
"2024",다라1511,in_age_018,"8"
"2024",다라1514,in_age_018,"13"
"2024",다라1515,in_age_018,"5"
"2024",다라1516,in_age_018,"0"
"2024",다라1517,in_age_018,"5"
"2024",다라1518,in_age_018,"8"
"2024",다라1519,in_age_018,"5"
"2024",다라1520,in_age_018,"0"
"2024",다라1521,in_age_018,"8"
"2024",다라1524,in_age_018,"5"
"2024",다라1525,in_age_018,"5"
"2024",다라1526,in_age_018,"8"
"2024",다라1530,in_age_018,"5"
"2024",다라1533,in_age_018,"8"
"2024",다라1535,in_age_018,"8"
"2024",다라1536,in_age_018,"8"
"2024",다라1537,in_age_018,"5"
"2024",다라1540,in_age_018,"5"
"2024",다라1541,in_age_018,"5"
"2024",다라1542,in_age_018,"8"
"2024",다라1543,in_age_018,"13"
"2024",다라1544,in_age_018,"5"
"2024",다라1545,in_age_018,"13"
"2024",다라1546,in_age_018,"5"
"2024",다라1549,in_age_018,"5"
"2024",다라1550,in_age_018,"5"
"2024",다라1551,in_age_018,"8"
"2024",다라1552,in_age_018,"5"
"2024",다라1558,in_age_018,"5"
"2024",다라1559,in_age_018,"13"
"2024",다라1560,in_age_018,"5"
"2024",다라1561,in_age_018,"5"
"2024",다라1562,in_age_018,"5"
"2024",다라1563,in_age_018,"5"
"2024",다라1564,in_age_018,"0"
"2024",다라1565,in_age_018,"5"
"2024",다라1566,in_age_018,"5"
"2024",다라1567,in_age_018,"13"
"2024",다라1568,in_age_018,"8"
"2024",다라1571,in_age_018,"0"
"2024",다라1573,in_age_018,"5"
"2024",다라1576,in_age_018,"5"
"2024",다라1577,in_age_018,"5"
"2024",다라1578,in_age_018,"20"
"2024",다라1579,in_age_018,"0"
"2024",다라1586,in_age_018,"12"
"2024",다라1587,in_age_018,"0"
"2024",다라1588,in_age_018,"0"
"2024",다라1590,in_age_018,"5"
"2024",다라1592,in_age_018,"0"
"2024",다라1593,in_age_018,"5"
"2024",다라1594,in_age_018,"5"
"2024",다라1596,in_age_018,"0"
"2024",다라1597,in_age_018,"8"
"2024",다라1598,in_age_018,"0"
"2024",다라1602,in_age_018,"5"
"2024",다라1603,in_age_018,"5"
"2024",다라1604,in_age_018,"5"
"2024",다라1605,in_age_018,"8"
"2024",다라1606,in_age_018,"0"
"2024",다라1609,in_age_018,"5"
"2024",다라1611,in_age_018,"0"
"2024",다라1614,in_age_018,"0"
"2024",다라1615,in_age_018,"5"
"2024",다라1616,in_age_018,"0"
"2024",다라1617,in_age_018,"5"
"2024",다라1618,in_age_018,"14"
"2024",다라1619,in_age_018,"18"
"2024",다라1620,in_age_018,"46"
"2024",다라1621,in_age_018,"5"
"2024",다라1624,in_age_018,"5"
"2024",다라1633,in_age_018,"5"
"2024",다라1634,in_age_018,"5"
"2024",다라1635,in_age_018,"0"
"2024",다라1636,in_age_018,"8"
"2024",다라1637,in_age_018,"5"
"2024",다라1638,in_age_018,"5"
"2024",다라1639,in_age_018,"8"
"2024",다라1640,in_age_018,"8"
"2024",다라1641,in_age_018,"0"
"2024",다라1642,in_age_018,"8"
"2024",다라1643,in_age_018,"5"
"2024",다라1645,in_age_018,"0"
"2024",다라1648,in_age_018,"5"
"2024",다라1650,in_age_018,"5"
"2024",다라1653,in_age_018,"5"
"2024",다라1654,in_age_018,"5"
"2024",다라1655,in_age_018,"5"
"2024",다라1656,in_age_018,"8"
"2024",다라1657,in_age_018,"0"
"2024",다라1659,in_age_018,"5"
"2024",다라1660,in_age_018,"5"
"2024",다라1661,in_age_018,"5"
"2024",다라1662,in_age_018,"0"
"2024",다라1663,in_age_018,"8"
"2024",다라1664,in_age_018,"13"
"2024",다라1668,in_age_018,"5"
"2024",다라1669,in_age_018,"5"
"2024",다라1670,in_age_018,"0"
"2024",다라1671,in_age_018,"5"
"2024",다라1672,in_age_018,"5"
"2024",다라1673,in_age_018,"5"
"2024",다라1674,in_age_018,"5"
"2024",다라1676,in_age_018,"5"
"2024",다라1678,in_age_018,"5"
"2024",다라1679,in_age_018,"0"
"2024",다라1680,in_age_018,"0"
"2024",다라1685,in_age_018,"5"
"2024",다라1686,in_age_018,"5"
"2024",다라1687,in_age_018,"5"
"2024",다라1697,in_age_018,"8"
"2024",다라1699,in_age_018,"8"
"2024",다라1700,in_age_018,"0"
"2024",다라1704,in_age_018,"8"
"2024",다라1705,in_age_018,"5"
"2024",다라1713,in_age_018,"5"
"2024",다라1714,in_age_018,"5"
"2024",다라1715,in_age_018,"0"
"2024",다라1716,in_age_018,"5"
"2024",다라1717,in_age_018,"8"
"2024",다라1718,in_age_018,"0"
"2024",다라1719,in_age_018,"84"
"2024",다라1720,in_age_018,"63"
"2024",다라1721,in_age_018,"5"
"2024",다라1727,in_age_018,"5"
"2024",다라1728,in_age_018,"5"
"2024",다라1729,in_age_018,"13"
"2024",다라1734,in_age_018,"5"
"2024",다라1735,in_age_018,"8"
"2024",다라1736,in_age_018,"8"
"2024",다라1737,in_age_018,"5"
"2024",다라1738,in_age_018,"8"
"2024",다라1739,in_age_018,"8"
"2024",다라1740,in_age_018,"5"
"2024",다라1741,in_age_018,"5"
"2024",다라1744,in_age_018,"5"
"2024",다라1748,in_age_018,"8"
"2024",다라1749,in_age_018,"5"
"2024",다라1751,in_age_018,"0"
"2024",다라1752,in_age_018,"5"
"2024",다라1753,in_age_018,"0"
"2024",다라1754,in_age_018,"5"
"2024",다라1755,in_age_018,"5"
"2024",다라1757,in_age_018,"0"
"2024",다라1758,in_age_018,"5"
"2024",다라1760,in_age_018,"8"
"2024",다라1761,in_age_018,"5"
"2024",다라1762,in_age_018,"8"
"2024",다라1763,in_age_018,"0"
"2024",다라1764,in_age_018,"5"
"2024",다라1765,in_age_018,"8"
"2024",다라1766,in_age_018,"0"
"2024",다라1767,in_age_018,"5"
"2024",다라1768,in_age_018,"5"
"2024",다라1769,in_age_018,"0"
"2024",다라1770,in_age_018,"5"
"2024",다라1771,in_age_018,"8"
"2024",다라1773,in_age_018,"8"
"2024",다라1774,in_age_018,"5"
"2024",다라1777,in_age_018,"5"
"2024",다라1778,in_age_018,"5"
"2024",다라1779,in_age_018,"0"
"2024",다라1780,in_age_018,"8"
"2024",다라1781,in_age_018,"5"
"2024",다라1782,in_age_018,"0"
"2024",다라1784,in_age_018,"5"
"2024",다라1785,in_age_018,"8"
"2024",다라1787,in_age_018,"0"
"2024",다라1788,in_age_018,"13"
"2024",다라1789,in_age_018,"5"
"2024",다라1790,in_age_018,"5"
"2024",다라1792,in_age_018,"8"
"2024",다라1799,in_age_018,"0"
"2024",다라1800,in_age_018,"8"
"2024",다라1801,in_age_018,"5"
"2024",다라1810,in_age_018,"0"
"2024",다라1812,in_age_018,"5"
"2024",다라1813,in_age_018,"5"
"2024",다라1814,in_age_018,"5"
"2024",다라1815,in_age_018,"5"
"2024",다라1816,in_age_018,"8"
"2024",다라1818,in_age_018,"5"
"2024",다라1819,in_age_018,"25"
"2024",다라1820,in_age_018,"18"
"2024",다라1826,in_age_018,"0"
"2024",다라1828,in_age_018,"0"
"2024",다라1829,in_age_018,"5"
"2024",다라1834,in_age_018,"5"
"2024",다라1835,in_age_018,"8"
"2024",다라1836,in_age_018,"5"
"2024",다라1837,in_age_018,"5"
"2024",다라1838,in_age_018,"8"
"2024",다라1839,in_age_018,"8"
"2024",다라1840,in_age_018,"5"
"2024",다라1841,in_age_018,"5"
"2024",다라1842,in_age_018,"13"
"2024",다라1843,in_age_018,"13"
"2024",다라1848,in_age_018,"5"
"2024",다라1849,in_age_018,"8"
"2024",다라1850,in_age_018,"8"
"2024",다라1851,in_age_018,"8"
"2024",다라1852,in_age_018,"13"
"2024",다라1854,in_age_018,"5"
"2024",다라1856,in_age_018,"5"
"2024",다라1857,in_age_018,"8"
"2024",다라1858,in_age_018,"8"
"2024",다라1860,in_age_018,"8"
"2024",다라1861,in_age_018,"13"
"2024",다라1862,in_age_018,"5"
"2024",다라1863,in_age_018,"5"
"2024",다라1864,in_age_018,"5"
"2024",다라1866,in_age_018,"8"
"2024",다라1869,in_age_018,"5"
"2024",다라1870,in_age_018,"8"
"2024",다라1871,in_age_018,"8"
"2024",다라1872,in_age_018,"8"
"2024",다라1873,in_age_018,"8"
"2024",다라1874,in_age_018,"8"
"2024",다라1875,in_age_018,"8"
"2024",다라1878,in_age_018,"8"
"2024",다라1879,in_age_018,"8"
"2024",다라1880,in_age_018,"8"
"2024",다라1881,in_age_018,"5"
"2024",다라1882,in_age_018,"8"
"2024",다라1883,in_age_018,"8"
"2024",다라1884,in_age_018,"5"
"2024",다라1885,in_age_018,"8"
"2024",다라1886,in_age_018,"5"
"2024",다라1887,in_age_018,"23"
"2024",다라1888,in_age_018,"8"
"2024",다라1889,in_age_018,"8"
"2024",다라1890,in_age_018,"8"
"2024",다라1891,in_age_018,"5"
"2024",다라1892,in_age_018,"8"
"2024",다라1900,in_age_018,"5"
"2024",다라1901,in_age_018,"13"
"2024",다라1902,in_age_018,"13"
"2024",다라1912,in_age_018,"8"
"2024",다라1913,in_age_018,"5"
"2024",다라1914,in_age_018,"5"
"2024",다라1915,in_age_018,"5"
"2024",다라1916,in_age_018,"8"
"2024",다라1917,in_age_018,"5"
"2024",다라1919,in_age_018,"5"
"2024",다라1924,in_age_018,"5"
"2024",다라1925,in_age_018,"5"
"2024",다라1926,in_age_018,"5"
"2024",다라1927,in_age_018,"8"
"2024",다라1928,in_age_018,"8"
"2024",다라1929,in_age_018,"8"
"2024",다라1934,in_age_018,"0"
"2024",다라1935,in_age_018,"8"
"2024",다라1936,in_age_018,"5"
"2024",다라1938,in_age_018,"18"
"2024",다라1939,in_age_018,"8"
"2024",다라1940,in_age_018,"8"
"2024",다라1941,in_age_018,"18"
"2024",다라1944,in_age_018,"8"
"2024",다라1949,in_age_018,"8"
"2024",다라1950,in_age_018,"5"
"2024",다라1951,in_age_018,"5"
"2024",다라1952,in_age_018,"8"
"2024",다라1953,in_age_018,"5"
"2024",다라1954,in_age_018,"0"
"2024",다라1955,in_age_018,"5"
"2024",다라1956,in_age_018,"8"
"2024",다라1957,in_age_018,"8"
"2024",다라1959,in_age_018,"5"
"2024",다라1960,in_age_018,"5"
"2024",다라1963,in_age_018,"0"
"2024",다라1965,in_age_018,"8"
"2024",다라1966,in_age_018,"5"
"2024",다라1967,in_age_018,"8"
"2024",다라1968,in_age_018,"0"
"2024",다라1969,in_age_018,"5"
"2024",다라1971,in_age_018,"0"
"2024",다라1972,in_age_018,"8"
"2024",다라1973,in_age_018,"5"
"2024",다라1974,in_age_018,"5"
"2024",다라1979,in_age_018,"5"
"2024",다라1980,in_age_018,"0"
"2024",다라1982,in_age_018,"5"
"2024",다라1983,in_age_018,"8"
"2024",다라1984,in_age_018,"8"
"2024",다라1987,in_age_018,"13"
"2024",다라1989,in_age_018,"8"
"2024",다라1990,in_age_018,"5"
"2024",다라1991,in_age_018,"5"
"2024",다라1992,in_age_018,"0"
"2024",다라1993,in_age_018,"5"
"2024",다라2000,in_age_018,"5"
"2024",다라2001,in_age_018,"5"
"2024",다라2002,in_age_018,"5"
"2024",다라2003,in_age_018,"5"
"2024",다라2005,in_age_018,"5"
"2024",다라2012,in_age_018,"0"
"2024",다라2015,in_age_018,"5"
"2024",다라2016,in_age_018,"5"
"2024",다라2023,in_age_018,"8"
"2024",다라2024,in_age_018,"5"
"2024",다라2025,in_age_018,"0"
"2024",다라2026,in_age_018,"5"
"2024",다라2028,in_age_018,"8"
"2024",다라2029,in_age_018,"5"
"2024",다라2035,in_age_018,"5"
"2024",다라2036,in_age_018,"0"
"2024",다라2041,in_age_018,"23"
"2024",다라2042,in_age_018,"5"
"2024",다라2043,in_age_018,"8"
"2024",다라2046,in_age_018,"5"
"2024",다라2049,in_age_018,"8"
"2024",다라2050,in_age_018,"5"
"2024",다라2051,in_age_018,"5"
"2024",다라2054,in_age_018,"0"
"2024",다라2055,in_age_018,"5"
"2024",다라2056,in_age_018,"0"
"2024",다라2057,in_age_018,"8"
"2024",다라2059,in_age_018,"8"
"2024",다라2060,in_age_018,"5"
"2024",다라2061,in_age_018,"5"
"2024",다라2065,in_age_018,"5"
"2024",다라2066,in_age_018,"13"
"2024",다라2067,in_age_018,"18"
"2024",다라2068,in_age_018,"8"
"2024",다라2069,in_age_018,"5"
"2024",다라2070,in_age_018,"8"
"2024",다라2071,in_age_018,"8"
"2024",다라2072,in_age_018,"5"
"2024",다라2074,in_age_018,"0"
"2024",다라2075,in_age_018,"0"
"2024",다라2079,in_age_018,"0"
"2024",다라2080,in_age_018,"8"
"2024",다라2081,in_age_018,"5"
"2024",다라2082,in_age_018,"0"
"2024",다라2083,in_age_018,"8"
"2024",다라2084,in_age_018,"5"
"2024",다라2085,in_age_018,"13"
"2024",다라2086,in_age_018,"0"
"2024",다라2087,in_age_018,"23"
"2024",다라2088,in_age_018,"13"
"2024",다라2090,in_age_018,"8"
"2024",다라2091,in_age_018,"8"
"2024",다라2092,in_age_018,"5"
"2024",다라2093,in_age_018,"8"
"2024",다라2094,in_age_018,"0"
"2024",다라2095,in_age_018,"5"
"2024",다라2100,in_age_018,"8"
"2024",다라2102,in_age_018,"8"
"2024",다라2104,in_age_018,"5"
"2024",다라2105,in_age_018,"5"
"2024",다라2111,in_age_018,"0"
"2024",다라2112,in_age_018,"0"
"2024",다라2113,in_age_018,"5"
"2024",다라2115,in_age_018,"0"
"2024",다라2116,in_age_018,"5"
"2024",다라2117,in_age_018,"5"
"2024",다라2118,in_age_018,"5"
"2024",다라2119,in_age_018,"13"
"2024",다라2121,in_age_018,"31"
"2024",다라2122,in_age_018,"8"
"2024",다라2123,in_age_018,"0"
"2024",다라2124,in_age_018,"5"
"2024",다라2125,in_age_018,"5"
"2024",다라2128,in_age_018,"8"
"2024",다라2141,in_age_018,"8"
"2024",다라2142,in_age_018,"0"
"2024",다라2143,in_age_018,"5"
"2024",다라2144,in_age_018,"5"
"2024",다라2145,in_age_018,"8"
"2024",다라2146,in_age_018,"8"
"2024",다라2148,in_age_018,"13"
"2024",다라2149,in_age_018,"5"
"2024",다라2150,in_age_018,"8"
"2024",다라2151,in_age_018,"13"
"2024",다라2152,in_age_018,"0"
"2024",다라2153,in_age_018,"5"
"2024",다라2154,in_age_018,"5"
"2024",다라2155,in_age_018,"0"
"2024",다라2156,in_age_018,"5"
"2024",다라2157,in_age_018,"8"
"2024",다라2161,in_age_018,"0"
"2024",다라2162,in_age_018,"13"
"2024",다라2163,in_age_018,"0"
"2024",다라2164,in_age_018,"5"
"2024",다라2165,in_age_018,"0"
"2024",다라2166,in_age_018,"0"
"2024",다라2167,in_age_018,"8"
"2024",다라2168,in_age_018,"8"
"2024",다라2169,in_age_018,"18"
"2024",다라2170,in_age_018,"8"
"2024",다라2171,in_age_018,"5"
"2024",다라2176,in_age_018,"5"
"2024",다라2177,in_age_018,"5"
"2024",다라2182,in_age_018,"8"
"2024",다라2183,in_age_018,"5"
"2024",다라2185,in_age_018,"8"
"2024",다라2186,in_age_018,"5"
"2024",다라2187,in_age_018,"8"
"2024",다라2188,in_age_018,"8"
"2024",다라2189,in_age_018,"8"
"2024",다라2190,in_age_018,"8"
"2024",다라2191,in_age_018,"8"
"2024",다라2192,in_age_018,"5"
"2024",다라2193,in_age_018,"8"
"2024",다라2195,in_age_018,"8"
"2024",다라2196,in_age_018,"8"
"2024",다라2197,in_age_018,"0"
"2024",다라2198,in_age_018,"8"
"2024",다라2199,in_age_018,"5"
"2024",다라2200,in_age_018,"5"
"2024",다라2203,in_age_018,"8"
"2024",다라2204,in_age_018,"8"
"2024",다라2208,in_age_018,"5"
"2024",다라2212,in_age_018,"0"
"2024",다라2213,in_age_018,"5"
"2024",다라2216,in_age_018,"5"
"2024",다라2217,in_age_018,"18"
"2024",다라2218,in_age_018,"5"
"2024",다라2219,in_age_018,"13"
"2024",다라2220,in_age_018,"8"
"2024",다라2221,in_age_018,"5"
"2024",다라2222,in_age_018,"5"
"2024",다라2223,in_age_018,"0"
"2024",다라2224,in_age_018,"8"
"2024",다라2225,in_age_018,"5"
"2024",다라2227,in_age_018,"5"
"2024",다라2228,in_age_018,"13"
"2024",다라2232,in_age_018,"0"
"2024",다라2242,in_age_018,"8"
"2024",다라2243,in_age_018,"5"
"2024",다라2244,in_age_018,"5"
"2024",다라2245,in_age_018,"0"
"2024",다라2246,in_age_018,"5"
"2024",다라2247,in_age_018,"0"
"2024",다라2248,in_age_018,"5"
"2024",다라2249,in_age_018,"5"
"2024",다라2250,in_age_018,"5"
"2024",다라2251,in_age_018,"5"
"2024",다라2252,in_age_018,"8"
"2024",다라2253,in_age_018,"8"
"2024",다라2254,in_age_018,"0"
"2024",다라2255,in_age_018,"0"
"2024",다라2256,in_age_018,"8"
"2024",다라2257,in_age_018,"18"
"2024",다라2258,in_age_018,"5"
"2024",다라2259,in_age_018,"5"
"2024",다라2260,in_age_018,"5"
"2024",다라2261,in_age_018,"5"
"2024",다라2262,in_age_018,"5"
"2024",다라2263,in_age_018,"8"
"2024",다라2264,in_age_018,"0"
"2024",다라2267,in_age_018,"8"
"2024",다라2268,in_age_018,"5"
"2024",다라2269,in_age_018,"8"
"2024",다라2270,in_age_018,"5"
"2024",다라2274,in_age_018,"8"
"2024",다라2275,in_age_018,"5"
"2024",다라2276,in_age_018,"0"
"2024",다라2277,in_age_018,"0"
"2024",다라2278,in_age_018,"0"
"2024",다라2283,in_age_018,"5"
"2024",다라2284,in_age_018,"0"
"2024",다라2287,in_age_018,"0"
"2024",다라2288,in_age_018,"5"
"2024",다라2290,in_age_018,"5"
"2024",다라2291,in_age_018,"5"
"2024",다라2292,in_age_018,"5"
"2024",다라2293,in_age_018,"8"
"2024",다라2294,in_age_018,"5"
"2024",다라2297,in_age_018,"5"
"2024",다라2298,in_age_018,"5"
"2024",다라2299,in_age_018,"5"
"2024",다라2300,in_age_018,"28"
"2024",다라2303,in_age_018,"5"
"2024",다라2304,in_age_018,"5"
"2024",다라2305,in_age_018,"5"
"2024",다라2306,in_age_018,"13"
"2024",다라2307,in_age_018,"0"
"2024",다라2308,in_age_018,"13"
"2024",다라2310,in_age_018,"8"
"2024",다라2313,in_age_018,"0"
"2024",다라2314,in_age_018,"5"
"2024",다라2317,in_age_018,"0"
"2024",다라2318,in_age_018,"5"
"2024",다라2321,in_age_018,"5"
"2024",다라2322,in_age_018,"5"
"2024",다라2325,in_age_018,"5"
"2024",다라2327,in_age_018,"5"
"2024",다라2328,in_age_018,"5"
"2024",다라2329,in_age_018,"8"
"2024",다라2331,in_age_018,"8"
"2024",다라2332,in_age_018,"8"
"2024",다라2335,in_age_018,"5"
"2024",다라2343,in_age_018,"8"
"2024",다라2344,in_age_018,"8"
"2024",다라2346,in_age_018,"5"
"2024",다라2348,in_age_018,"5"
"2024",다라2350,in_age_018,"5"
"2024",다라2352,in_age_018,"5"
"2024",다라2353,in_age_018,"5"
"2024",다라2354,in_age_018,"5"
"2024",다라2355,in_age_018,"5"
"2024",다라2356,in_age_018,"0"
"2024",다라2357,in_age_018,"8"
"2024",다라2358,in_age_018,"8"
"2024",다라2360,in_age_018,"0"
"2024",다라2362,in_age_018,"8"
"2024",다라2363,in_age_018,"8"
"2024",다라2364,in_age_018,"8"
"2024",다라2365,in_age_018,"8"
"2024",다라2366,in_age_018,"8"
"2024",다라2367,in_age_018,"5"
"2024",다라2375,in_age_018,"0"
"2024",다라2376,in_age_018,"5"
"2024",다라2382,in_age_018,"5"
"2024",다라2383,in_age_018,"5"
"2024",다라2384,in_age_018,"5"
"2024",다라2385,in_age_018,"0"
"2024",다라2387,in_age_018,"5"
"2024",다라2388,in_age_018,"5"
"2024",다라2389,in_age_018,"5"
"2024",다라2391,in_age_018,"8"
"2024",다라2392,in_age_018,"5"
"2024",다라2393,in_age_018,"5"
"2024",다라2394,in_age_018,"5"
"2024",다라2395,in_age_018,"5"
"2024",다라2396,in_age_018,"8"
"2024",다라2398,in_age_018,"5"
"2024",다라2399,in_age_018,"5"
"2024",다라2400,in_age_018,"5"
"2024",다라2404,in_age_018,"8"
"2024",다라2406,in_age_018,"0"
"2024",다라2407,in_age_018,"5"
"2024",다라2408,in_age_018,"8"
"2024",다라2409,in_age_018,"0"
"2024",다라2410,in_age_018,"13"
"2024",다라2417,in_age_018,"5"
"2024",다라2418,in_age_018,"8"
"2024",다라2419,in_age_018,"5"
"2024",다라2420,in_age_018,"5"
"2024",다라2421,in_age_018,"6"
"2024",다라2422,in_age_018,"5"
"2024",다라2423,in_age_018,"8"
"2024",다라2425,in_age_018,"5"
"2024",다라2428,in_age_018,"8"
"2024",다라2429,in_age_018,"8"
"2024",다라2431,in_age_018,"5"
"2024",다라2444,in_age_018,"5"
"2024",다라2445,in_age_018,"0"
"2024",다라2446,in_age_018,"5"
"2024",다라2447,in_age_018,"5"
"2024",다라2448,in_age_018,"5"
"2024",다라2449,in_age_018,"5"
"2024",다라2450,in_age_018,"5"
"2024",다라2451,in_age_018,"5"
"2024",다라2454,in_age_018,"5"
"2024",다라2455,in_age_018,"0"
"2024",다라2456,in_age_018,"5"
"2024",다라2457,in_age_018,"5"
"2024",다라2459,in_age_018,"5"
"2024",다라2460,in_age_018,"5"
"2024",다라2462,in_age_018,"5"
"2024",다라2463,in_age_018,"5"
"2024",다라2464,in_age_018,"0"
"2024",다라2465,in_age_018,"5"
"2024",다라2466,in_age_018,"5"
"2024",다라2467,in_age_018,"0"
"2024",다라2468,in_age_018,"5"
"2024",다라2469,in_age_018,"5"
"2024",다라2470,in_age_018,"5"
"2024",다라2471,in_age_018,"5"
"2024",다라2472,in_age_018,"8"
"2024",다라2475,in_age_018,"5"
"2024",다라2478,in_age_018,"5"
"2024",다라2479,in_age_018,"8"
"2024",다라2480,in_age_018,"0"
"2024",다라2481,in_age_018,"0"
"2024",다라2482,in_age_018,"8"
"2024",다라2483,in_age_018,"0"
"2024",다라2484,in_age_018,"70"
"2024",다라2485,in_age_018,"46"
"2024",다라2488,in_age_018,"5"
"2024",다라2489,in_age_018,"17"
"2024",다라2490,in_age_018,"5"
"2024",다라2492,in_age_018,"5"
"2024",다라2494,in_age_018,"5"
"2024",다라2495,in_age_018,"5"
"2024",다라2496,in_age_018,"18"
"2024",다라2497,in_age_018,"5"
"2024",다라2500,in_age_018,"5"
"2024",다라2501,in_age_018,"0"
"2024",다라2503,in_age_018,"5"
"2024",다라2504,in_age_018,"5"
"2024",다라2506,in_age_018,"5"
"2024",다라2507,in_age_018,"8"
"2024",다라2509,in_age_018,"5"
"2024",다라2510,in_age_018,"8"
"2024",다라2511,in_age_018,"5"
"2024",다라2517,in_age_018,"5"
"2024",다라2518,in_age_018,"5"
"2024",다라2519,in_age_018,"5"
"2024",다라2520,in_age_018,"5"
"2024",다라2521,in_age_018,"5"
"2024",다라2522,in_age_018,"0"
"2024",다라2523,in_age_018,"5"
"2024",다라2524,in_age_018,"8"
"2024",다라2531,in_age_018,"8"
"2024",다라2532,in_age_018,"5"
"2024",다라2533,in_age_018,"5"
"2024",다라2534,in_age_018,"0"
"2024",다라2538,in_age_018,"5"
"2024",다라2544,in_age_018,"8"
"2024",다라2545,in_age_018,"8"
"2024",다라2546,in_age_018,"13"
"2024",다라2547,in_age_018,"8"
"2024",다라2548,in_age_018,"0"
"2024",다라2550,in_age_018,"8"
"2024",다라2552,in_age_018,"5"
"2024",다라2554,in_age_018,"8"
"2024",다라2555,in_age_018,"18"
"2024",다라2556,in_age_018,"5"
"2024",다라2557,in_age_018,"0"
"2024",다라2558,in_age_018,"8"
"2024",다라2559,in_age_018,"0"
"2024",다라2560,in_age_018,"5"
"2024",다라2561,in_age_018,"8"
"2024",다라2563,in_age_018,"0"
"2024",다라2565,in_age_018,"5"
"2024",다라2566,in_age_018,"0"
"2024",다라2567,in_age_018,"5"
"2024",다라2568,in_age_018,"8"
"2024",다라2570,in_age_018,"5"
"2024",다라2571,in_age_018,"0"
"2024",다라2576,in_age_018,"5"
"2024",다라2577,in_age_018,"5"
"2024",다라2578,in_age_018,"8"
"2024",다라2579,in_age_018,"5"
"2024",다라2580,in_age_018,"5"
"2024",다라2581,in_age_018,"5"
"2024",다라2582,in_age_018,"5"
"2024",다라2584,in_age_018,"5"
"2024",다라2585,in_age_018,"5"
"2024",다라2587,in_age_018,"5"
"2024",다라2588,in_age_018,"5"
"2024",다라2589,in_age_018,"27"
"2024",다라2591,in_age_018,"5"
"2024",다라2592,in_age_018,"5"
"2024",다라2593,in_age_018,"0"
"2024",다라2594,in_age_018,"0"
"2024",다라2595,in_age_018,"5"
"2024",다라2597,in_age_018,"8"
"2024",다라2598,in_age_018,"5"
"2024",다라2600,in_age_018,"8"
"2024",다라2605,in_age_018,"5"
"2024",다라2606,in_age_018,"5"
"2024",다라2607,in_age_018,"0"
"2024",다라2608,in_age_018,"0"
"2024",다라2609,in_age_018,"8"
"2024",다라2611,in_age_018,"5"
"2024",다라2617,in_age_018,"0"
"2024",다라2618,in_age_018,"5"
"2024",다라2619,in_age_018,"8"
"2024",다라2620,in_age_018,"5"
"2024",다라2623,in_age_018,"0"
"2024",다라2632,in_age_018,"8"
"2024",다라2633,in_age_018,"8"
"2024",다라2634,in_age_018,"8"
"2024",다라2635,in_age_018,"5"
"2024",다라2636,in_age_018,"5"
"2024",다라2637,in_age_018,"5"
"2024",다라2638,in_age_018,"8"
"2024",다라2644,in_age_018,"18"
"2024",다라2645,in_age_018,"38"
"2024",다라2646,in_age_018,"0"
"2024",다라2647,in_age_018,"36"
"2024",다라2648,in_age_018,"5"
"2024",다라2649,in_age_018,"5"
"2024",다라2651,in_age_018,"5"
"2024",다라2652,in_age_018,"5"
"2024",다라2653,in_age_018,"5"
"2024",다라2654,in_age_018,"18"
"2024",다라2655,in_age_018,"23"
"2024",다라2656,in_age_018,"5"
"2024",다라2657,in_age_018,"8"
"2024",다라2658,in_age_018,"5"
"2024",다라2659,in_age_018,"5"
"2024",다라2661,in_age_018,"0"
"2024",다라2662,in_age_018,"8"
"2024",다라2663,in_age_018,"5"
"2024",다라2664,in_age_018,"5"
"2024",다라2665,in_age_018,"5"
"2024",다라2666,in_age_018,"5"
"2024",다라2667,in_age_018,"8"
"2024",다라2668,in_age_018,"19"
"2024",다라2669,in_age_018,"5"
"2024",다라2670,in_age_018,"0"
"2024",다라2674,in_age_018,"0"
"2024",다라2675,in_age_018,"8"
"2024",다라2676,in_age_018,"5"
"2024",다라2677,in_age_018,"58"
"2024",다라2678,in_age_018,"8"
"2024",다라2679,in_age_018,"13"
"2024",다라2680,in_age_018,"8"
"2024",다라2683,in_age_018,"0"
"2024",다라2684,in_age_018,"0"
"2024",다라2685,in_age_018,"8"
"2024",다라2686,in_age_018,"8"
"2024",다라2687,in_age_018,"8"
"2024",다라2691,in_age_018,"5"
"2024",다라2692,in_age_018,"8"
"2024",다라2693,in_age_018,"8"
"2024",다라2695,in_age_018,"5"
"2024",다라2696,in_age_018,"5"
"2024",다라2697,in_age_018,"5"
"2024",다라2698,in_age_018,"13"
"2024",다라2700,in_age_018,"8"
"2024",다라2702,in_age_018,"5"
"2024",다라2705,in_age_018,"8"
"2024",다라2706,in_age_018,"13"
"2024",다라2710,in_age_018,"8"
"2024",다라2711,in_age_018,"8"
"2024",다라2713,in_age_018,"5"
"2024",다라2714,in_age_018,"13"
"2024",다라2715,in_age_018,"5"
"2024",다라2720,in_age_018,"0"
"2024",다라2721,in_age_018,"5"
"2024",다라2728,in_age_018,"5"
"2024",다라2730,in_age_018,"0"
"2024",다라2731,in_age_018,"5"
"2024",다라2732,in_age_018,"8"
"2024",다라2733,in_age_018,"13"
"2024",다라2736,in_age_018,"8"
"2024",다라2737,in_age_018,"0"
"2024",다라2738,in_age_018,"5"
"2024",다라2739,in_age_018,"0"
"2024",다라2743,in_age_018,"0"
"2024",다라2744,in_age_018,"22"
"2024",다라2745,in_age_018,"18"
"2024",다라2746,in_age_018,"5"
"2024",다라2747,in_age_018,"5"
"2024",다라2748,in_age_018,"8"
"2024",다라2749,in_age_018,"5"
"2024",다라2755,in_age_018,"8"
"2024",다라2757,in_age_018,"5"
"2024",다라2758,in_age_018,"0"
"2024",다라2759,in_age_018,"0"
"2024",다라2760,in_age_018,"5"
"2024",다라2761,in_age_018,"0"
"2024",다라2762,in_age_018,"8"
"2024",다라2763,in_age_018,"5"
"2024",다라2764,in_age_018,"8"
"2024",다라2765,in_age_018,"42"
"2024",다라2766,in_age_018,"8"
"2024",다라2767,in_age_018,"48"
"2024",다라2768,in_age_018,"13"
"2024",다라2771,in_age_018,"14"
"2024",다라2774,in_age_018,"5"
"2024",다라2775,in_age_018,"8"
"2024",다라2776,in_age_018,"8"
"2024",다라2777,in_age_018,"5"
"2024",다라2778,in_age_018,"5"
"2024",다라2779,in_age_018,"5"
"2024",다라2780,in_age_018,"8"
"2024",다라2785,in_age_018,"27"
"2024",다라2786,in_age_018,"8"
"2024",다라2791,in_age_018,"5"
"2024",다라2792,in_age_018,"5"
"2024",다라2793,in_age_018,"0"
"2024",다라2795,in_age_018,"5"
"2024",다라2796,in_age_018,"8"
"2024",다라2797,in_age_018,"58"
"2024",다라2798,in_age_018,"5"
"2024",다라2802,in_age_018,"5"
"2024",다라2805,in_age_018,"0"
"2024",다라2813,in_age_018,"8"
"2024",다라2814,in_age_018,"5"
"2024",다라2815,in_age_018,"8"
"2024",다라2816,in_age_018,"5"
"2024",다라2817,in_age_018,"5"
"2024",다라2818,in_age_018,"5"
"2024",다라2820,in_age_018,"5"
"2024",다라2821,in_age_018,"5"
"2024",다라2822,in_age_018,"5"
"2024",다라2823,in_age_018,"5"
"2024",다라2824,in_age_018,"8"
"2024",다라2827,in_age_018,"5"
"2024",다라2828,in_age_018,"5"
"2024",다라2829,in_age_018,"5"
"2024",다라2830,in_age_018,"5"
"2024",다라2831,in_age_018,"8"
"2024",다라2832,in_age_018,"5"
"2024",다라2833,in_age_018,"5"
"2024",다라2834,in_age_018,"5"
"2024",다라2836,in_age_018,"5"
"2024",다라2838,in_age_018,"5"
"2024",다라2839,in_age_018,"0"
"2024",다라2842,in_age_018,"5"
"2024",다라2843,in_age_018,"5"
"2024",다라2844,in_age_018,"6"
"2024",다라2846,in_age_018,"20"
"2024",다라2847,in_age_018,"5"
"2024",다라2848,in_age_018,"5"
"2024",다라2849,in_age_018,"8"
"2024",다라2852,in_age_018,"0"
"2024",다라2853,in_age_018,"5"
"2024",다라2854,in_age_018,"5"
"2024",다라2857,in_age_018,"5"
"2024",다라2858,in_age_018,"5"
"2024",다라2859,in_age_018,"5"
"2024",다라2860,in_age_018,"8"
"2024",다라2861,in_age_018,"0"
"2024",다라2862,in_age_018,"0"
"2024",다라2863,in_age_018,"0"
"2024",다라2864,in_age_018,"5"
"2024",다라2865,in_age_018,"8"
"2024",다라2866,in_age_018,"109"
"2024",다라2867,in_age_018,"33"
"2024",다라2868,in_age_018,"8"
"2024",다라2869,in_age_018,"18"
"2024",다라2870,in_age_018,"110"
"2024",다라2871,in_age_018,"111"
"2024",다라2872,in_age_018,"39"
"2024",다라2873,in_age_018,"8"
"2024",다라2874,in_age_018,"5"
"2024",다라2875,in_age_018,"8"
"2024",다라2876,in_age_018,"25"
"2024",다라2877,in_age_018,"0"
"2024",다라2878,in_age_018,"5"
"2024",다라2879,in_age_018,"0"
"2024",다라2881,in_age_018,"5"
"2024",다라2882,in_age_018,"8"
"2024",다라2884,in_age_018,"8"
"2024",다라2885,in_age_018,"15"
"2024",다라2887,in_age_018,"13"
"2024",다라2893,in_age_018,"8"
"2024",다라2896,in_age_018,"5"
"2024",다라2898,in_age_018,"5"
"2024",다라2899,in_age_018,"5"
"2024",다라2908,in_age_018,"5"
"2024",다라2909,in_age_018,"8"
"2024",다라2910,in_age_018,"5"
"2024",다라2911,in_age_018,"5"
"2024",다라2912,in_age_018,"0"
"2024",다라2915,in_age_018,"5"
"2024",다라2916,in_age_018,"13"
"2024",다라2917,in_age_018,"13"
"2024",다라2918,in_age_018,"5"
"2024",다라2923,in_age_018,"8"
"2024",다라2924,in_age_018,"0"
"2024",다라2926,in_age_018,"8"
"2024",다라2927,in_age_018,"5"
"2024",다라2930,in_age_018,"8"
"2024",다라2932,in_age_018,"5"
"2024",다라2933,in_age_018,"5"
"2024",다라2940,in_age_018,"5"
"2024",다라2942,in_age_018,"5"
"2024",다라2943,in_age_018,"0"
"2024",다라2944,in_age_018,"5"
"2024",다라2945,in_age_018,"5"
"2024",다라2946,in_age_018,"8"
"2024",다라2947,in_age_018,"0"
"2024",다라2948,in_age_018,"13"
"2024",다라2949,in_age_018,"5"
"2024",다라2956,in_age_018,"5"
"2024",다라2957,in_age_018,"0"
"2024",다라2958,in_age_018,"8"
"2024",다라2959,in_age_018,"0"
"2024",다라2960,in_age_018,"0"
"2024",다라2961,in_age_018,"0"
"2024",다라2962,in_age_018,"8"
"2024",다라2963,in_age_018,"0"
"2024",다라2964,in_age_018,"8"
"2024",다라2965,in_age_018,"5"
"2024",다라2966,in_age_018,"8"
"2024",다라2969,in_age_018,"18"
"2024",다라2970,in_age_018,"18"
"2024",다라2971,in_age_018,"23"
"2024",다라2972,in_age_018,"8"
"2024",다라2973,in_age_018,"8"
"2024",다라2974,in_age_018,"8"
"2024",다라2975,in_age_018,"5"
"2024",다라2976,in_age_018,"5"
"2024",다라2977,in_age_018,"8"
"2024",다라2978,in_age_018,"5"
"2024",다라2980,in_age_018,"8"
"2024",다라2981,in_age_018,"8"
"2024",다라2982,in_age_018,"8"
"2024",다라2984,in_age_018,"8"
"2024",다라2986,in_age_018,"8"
"2024",다라2987,in_age_018,"8"
"2024",다라2988,in_age_018,"8"
"2024",다라2991,in_age_018,"5"
"2024",다라2992,in_age_018,"5"
"2024",다라2993,in_age_018,"8"
"2024",다라2994,in_age_018,"8"
"2024",다라2995,in_age_018,"5"
"2024",다라2996,in_age_018,"5"
"2024",다라2999,in_age_018,"8"
"2024",다라3000,in_age_018,"5"
"2024",다라3009,in_age_018,"0"
"2024",다라3011,in_age_018,"8"
"2024",다라3012,in_age_018,"5"
"2024",다라3015,in_age_018,"5"
"2024",다라3016,in_age_018,"5"
"2024",다라3017,in_age_018,"5"
"2024",다라3018,in_age_018,"5"
"2024",다라3019,in_age_018,"5"
"2024",다라3023,in_age_018,"5"
"2024",다라3024,in_age_018,"5"
"2024",다라3025,in_age_018,"5"
"2024",다라3026,in_age_018,"8"
"2024",다라3027,in_age_018,"8"
"2024",다라3028,in_age_018,"8"
"2024",다라3029,in_age_018,"8"
"2024",다라3031,in_age_018,"8"
"2024",다라3032,in_age_018,"0"
"2024",다라3033,in_age_018,"13"
"2024",다라3036,in_age_018,"8"
"2024",다라3038,in_age_018,"0"
"2024",다라3039,in_age_018,"0"
"2024",다라3042,in_age_018,"8"
"2024",다라3044,in_age_018,"5"
"2024",다라3045,in_age_018,"5"
"2024",다라3047,in_age_018,"5"
"2024",다라3048,in_age_018,"5"
"2024",다라3050,in_age_018,"5"
"2024",다라3051,in_age_018,"5"
"2024",다라3052,in_age_018,"8"
"2024",다라3053,in_age_018,"0"
"2024",다라3054,in_age_018,"8"
"2024",다라3055,in_age_018,"5"
"2024",다라3056,in_age_018,"5"
"2024",다라3057,in_age_018,"8"
"2024",다라3058,in_age_018,"5"
"2024",다라3059,in_age_018,"5"
"2024",다라3060,in_age_018,"8"
"2024",다라3061,in_age_018,"5"
"2024",다라3062,in_age_018,"13"
"2024",다라3063,in_age_018,"0"
"2024",다라3064,in_age_018,"13"
"2024",다라3065,in_age_018,"0"
"2024",다라3070,in_age_018,"0"
"2024",다라3072,in_age_018,"0"
"2024",다라3073,in_age_018,"8"
"2024",다라3074,in_age_018,"8"
"2024",다라3075,in_age_018,"8"
"2024",다라3077,in_age_018,"5"
"2024",다라3078,in_age_018,"5"
"2024",다라3079,in_age_018,"5"
"2024",다라3081,in_age_018,"5"
"2024",다라3082,in_age_018,"5"
"2024",다라3086,in_age_018,"8"
"2024",다라3087,in_age_018,"8"
"2024",다라3088,in_age_018,"8"
"2024",다라3089,in_age_018,"0"
"2024",다라3091,in_age_018,"5"
"2024",다라3092,in_age_018,"5"
"2024",다라3093,in_age_018,"5"
"2024",다라3094,in_age_018,"0"
"2024",다라3095,in_age_018,"5"
"2024",다라3096,in_age_018,"5"
"2024",다라3097,in_age_018,"5"
"2024",다라3098,in_age_018,"8"
"2024",다라3099,in_age_018,"8"
"2024",다라3114,in_age_018,"5"
"2024",다라3115,in_age_018,"8"
"2024",다라3116,in_age_018,"8"
"2024",다라3117,in_age_018,"5"
"2024",다라3118,in_age_018,"0"
"2024",다라3120,in_age_018,"5"
"2024",다라3121,in_age_018,"5"
"2024",다라3123,in_age_018,"5"
"2024",다라3124,in_age_018,"13"
"2024",다라3125,in_age_018,"54"
"2024",다라3126,in_age_018,"5"
"2024",다라3127,in_age_018,"5"
"2024",다라3128,in_age_018,"8"
"2024",다라3129,in_age_018,"5"
"2024",다라3130,in_age_018,"13"
"2024",다라3131,in_age_018,"5"
"2024",다라3132,in_age_018,"5"
"2024",다라3133,in_age_018,"8"
"2024",다라3134,in_age_018,"0"
"2024",다라3135,in_age_018,"5"
"2024",다라3136,in_age_018,"5"
"2024",다라3139,in_age_018,"5"
"2024",다라3148,in_age_018,"0"
"2024",다라3150,in_age_018,"5"
"2024",다라3151,in_age_018,"8"
"2024",다라3152,in_age_018,"13"
"2024",다라3153,in_age_018,"8"
"2024",다라3154,in_age_018,"5"
"2024",다라3155,in_age_018,"8"
"2024",다라3156,in_age_018,"5"
"2024",다라3158,in_age_018,"13"
"2024",다라3159,in_age_018,"5"
"2024",다라3160,in_age_018,"5"
"2024",다라3161,in_age_018,"8"
"2024",다라3162,in_age_018,"0"
"2024",다라3163,in_age_018,"5"
"2024",다라3164,in_age_018,"5"
"2024",다라3165,in_age_018,"5"
"2024",다라3166,in_age_018,"13"
"2024",다라3167,in_age_018,"0"
"2024",다라3170,in_age_018,"5"
"2024",다라3171,in_age_018,"8"
"2024",다라3172,in_age_018,"13"
"2024",다라3174,in_age_018,"23"
"2024",다라3175,in_age_018,"5"
"2024",다라3180,in_age_018,"8"
"2024",다라3181,in_age_018,"13"
"2024",다라3182,in_age_018,"5"
"2024",다라3183,in_age_018,"0"
"2024",다라3184,in_age_018,"8"
"2024",다라3186,in_age_018,"5"
"2024",다라3187,in_age_018,"5"
"2024",다라3188,in_age_018,"8"
"2024",다라3189,in_age_018,"8"
"2024",다라3190,in_age_018,"5"
"2024",다라3191,in_age_018,"30"
"2024",다라3192,in_age_018,"5"
"2024",다라3193,in_age_018,"5"
"2024",다라3194,in_age_018,"0"
"2024",다라3195,in_age_018,"5"
"2024",다라3196,in_age_018,"8"
"2024",다라3198,in_age_018,"18"
"2024",다라3199,in_age_018,"5"
"2024",다라3200,in_age_018,"5"
"2024",다라3201,in_age_018,"8"
"2024",다라3218,in_age_018,"0"
"2024",다라3222,in_age_018,"5"
"2024",다라3223,in_age_018,"0"
"2024",다라3225,in_age_018,"5"
"2024",다라3226,in_age_018,"8"
"2024",다라3227,in_age_018,"63"
"2024",다라3228,in_age_018,"5"
"2024",다라3233,in_age_018,"8"
"2024",다라3235,in_age_018,"8"
"2024",다라3236,in_age_018,"8"
"2024",다라3237,in_age_018,"0"
"2024",다라3243,in_age_018,"0"
"2024",다라3251,in_age_018,"8"
"2024",다라3252,in_age_018,"0"
"2024",다라3253,in_age_018,"5"
"2024",다라3254,in_age_018,"5"
"2024",다라3255,in_age_018,"5"
"2024",다라3258,in_age_018,"5"
"2024",다라3259,in_age_018,"5"
"2024",다라3260,in_age_018,"0"
"2024",다라3261,in_age_018,"8"
"2024",다라3262,in_age_018,"5"
"2024",다라3263,in_age_018,"0"
"2024",다라3265,in_age_018,"5"
"2024",다라3267,in_age_018,"13"
"2024",다라3268,in_age_018,"8"
"2024",다라3269,in_age_018,"13"
"2024",다라3270,in_age_018,"5"
"2024",다라3271,in_age_018,"5"
"2024",다라3272,in_age_018,"13"
"2024",다라3275,in_age_018,"5"
"2024",다라3276,in_age_018,"8"
"2024",다라3277,in_age_018,"0"
"2024",다라3278,in_age_018,"5"
"2024",다라3279,in_age_018,"5"
"2024",다라3280,in_age_018,"0"
"2024",다라3281,in_age_018,"13"
"2024",다라3282,in_age_018,"5"
"2024",다라3283,in_age_018,"8"
"2024",다라3284,in_age_018,"8"
"2024",다라3287,in_age_018,"0"
"2024",다라3288,in_age_018,"5"
"2024",다라3289,in_age_018,"5"
"2024",다라3290,in_age_018,"5"
"2024",다라3291,in_age_018,"5"
"2024",다라3292,in_age_018,"5"
"2024",다라3294,in_age_018,"5"
"2024",다라3296,in_age_018,"0"
"2024",다라3297,in_age_018,"5"
"2024",다라3299,in_age_018,"5"
"2024",다라3300,in_age_018,"0"
"2024",다라3301,in_age_018,"5"
"2024",다라3302,in_age_018,"5"
"2024",다라3303,in_age_018,"5"
"2024",다라3315,in_age_018,"0"
"2024",다라3325,in_age_018,"5"
"2024",다라3326,in_age_018,"23"
"2024",다라3327,in_age_018,"53"
"2024",다라3328,in_age_018,"38"
"2024",다라3329,in_age_018,"0"
"2024",다라3332,in_age_018,"0"
"2024",다라3334,in_age_018,"8"
"2024",다라3336,in_age_018,"8"
"2024",다라3338,in_age_018,"0"
"2024",다라3339,in_age_018,"8"
"2024",다라3340,in_age_018,"5"
"2024",다라3341,in_age_018,"8"
"2024",다라3343,in_age_018,"5"
"2024",다라3349,in_age_018,"5"
"2024",다라3350,in_age_018,"13"
"2024",다라3354,in_age_018,"0"
"2024",다라3356,in_age_018,"5"
"2024",다라3358,in_age_018,"0"
"2024",다라3360,in_age_018,"0"
"2024",다라3361,in_age_018,"5"
"2024",다라3362,in_age_018,"5"
"2024",다라3363,in_age_018,"0"
"2024",다라3364,in_age_018,"5"
"2024",다라3365,in_age_018,"5"
"2024",다라3366,in_age_018,"8"
"2024",다라3367,in_age_018,"8"
"2024",다라3368,in_age_018,"0"
"2024",다라3369,in_age_018,"8"
"2024",다라3370,in_age_018,"8"
"2024",다라3371,in_age_018,"46"
"2024",다라3372,in_age_018,"5"
"2024",다라3375,in_age_018,"13"
"2024",다라3376,in_age_018,"0"
"2024",다라3377,in_age_018,"5"
"2024",다라3378,in_age_018,"8"
"2024",다라3379,in_age_018,"5"
"2024",다라3381,in_age_018,"5"
"2024",다라3383,in_age_018,"13"
"2024",다라3384,in_age_018,"8"
"2024",다라3387,in_age_018,"0"
"2024",다라3389,in_age_018,"5"
"2024",다라3390,in_age_018,"5"
"2024",다라3391,in_age_018,"5"
"2024",다라3392,in_age_018,"0"
"2024",다라3393,in_age_018,"5"
"2024",다라3394,in_age_018,"5"
"2024",다라3395,in_age_018,"5"
"2024",다라3397,in_age_018,"5"
"2024",다라3399,in_age_018,"23"
"2024",다라3400,in_age_018,"8"
"2024",다라3401,in_age_018,"5"
"2024",다라3412,in_age_018,"0"
"2024",다라3414,in_age_018,"5"
"2024",다라3418,in_age_018,"8"
"2024",다라3420,in_age_018,"0"
"2024",다라3422,in_age_018,"8"
"2024",다라3424,in_age_018,"8"
"2024",다라3426,in_age_018,"5"
"2024",다라3427,in_age_018,"13"
"2024",다라3428,in_age_018,"8"
"2024",다라3429,in_age_018,"8"
"2024",다라3433,in_age_018,"8"
"2024",다라3434,in_age_018,"5"
"2024",다라3436,in_age_018,"8"
"2024",다라3437,in_age_018,"5"
"2024",다라3439,in_age_018,"5"
"2024",다라3441,in_age_018,"5"
"2024",다라3445,in_age_018,"5"
"2024",다라3450,in_age_018,"5"
"2024",다라3452,in_age_018,"0"
"2024",다라3455,in_age_018,"5"
"2024",다라3457,in_age_018,"0"
"2024",다라3459,in_age_018,"5"
"2024",다라3460,in_age_018,"5"
"2024",다라3461,in_age_018,"5"
"2024",다라3462,in_age_018,"13"
"2024",다라3463,in_age_018,"0"
"2024",다라3464,in_age_018,"8"
"2024",다라3465,in_age_018,"8"
"2024",다라3466,in_age_018,"8"
"2024",다라3467,in_age_018,"5"
"2024",다라3468,in_age_018,"13"
"2024",다라3469,in_age_018,"8"
"2024",다라3470,in_age_018,"13"
"2024",다라3471,in_age_018,"13"
"2024",다라3472,in_age_018,"13"
"2024",다라3473,in_age_018,"18"
"2024",다라3476,in_age_018,"5"
"2024",다라3477,in_age_018,"13"
"2024",다라3478,in_age_018,"8"
"2024",다라3479,in_age_018,"8"
"2024",다라3480,in_age_018,"8"
"2024",다라3481,in_age_018,"8"
"2024",다라3482,in_age_018,"47"
"2024",다라3483,in_age_018,"24"
"2024",다라3484,in_age_018,"23"
"2024",다라3485,in_age_018,"0"
"2024",다라3486,in_age_018,"5"
"2024",다라3487,in_age_018,"5"
"2024",다라3490,in_age_018,"8"
"2024",다라3492,in_age_018,"5"
"2024",다라3493,in_age_018,"5"
"2024",다라3494,in_age_018,"8"
"2024",다라3495,in_age_018,"8"
"2024",다라3496,in_age_018,"5"
"2024",다라3498,in_age_018,"5"
"2024",다라3499,in_age_018,"13"
"2024",다라3500,in_age_018,"13"
"2024",다라3501,in_age_018,"5"
"2024",다라3502,in_age_018,"5"
"2024",다라3503,in_age_018,"5"
"2024",다라3509,in_age_018,"8"
"2024",다라3510,in_age_018,"8"
"2024",다라3511,in_age_018,"8"
"2024",다라3512,in_age_018,"8"
"2024",다라3513,in_age_018,"5"
"2024",다라3515,in_age_018,"0"
"2024",다라3516,in_age_018,"8"
"2024",다라3518,in_age_018,"8"
"2024",다라3519,in_age_018,"8"
"2024",다라3520,in_age_018,"13"
"2024",다라3521,in_age_018,"8"
"2024",다라3522,in_age_018,"8"
"2024",다라3523,in_age_018,"0"
"2024",다라3525,in_age_018,"8"
"2024",다라3526,in_age_018,"0"
"2024",다라3527,in_age_018,"5"
"2024",다라3528,in_age_018,"5"
"2024",다라3529,in_age_018,"8"
"2024",다라3533,in_age_018,"5"
"2024",다라3534,in_age_018,"8"
"2024",다라3535,in_age_018,"0"
"2024",다라3536,in_age_018,"5"
"2024",다라3537,in_age_018,"5"
"2024",다라3538,in_age_018,"5"
"2024",다라3539,in_age_018,"8"
"2024",다라3540,in_age_018,"0"
"2024",다라3541,in_age_018,"0"
"2024",다라3545,in_age_018,"0"
"2024",다라3547,in_age_018,"0"
"2024",다라3558,in_age_018,"0"
"2024",다라3559,in_age_018,"0"
"2024",다라3560,in_age_018,"5"
"2024",다라3562,in_age_018,"5"
"2024",다라3563,in_age_018,"8"
"2024",다라3564,in_age_018,"5"
"2024",다라3565,in_age_018,"8"
"2024",다라3566,in_age_018,"5"
"2024",다라3567,in_age_018,"0"
"2024",다라3568,in_age_018,"28"
"2024",다라3569,in_age_018,"8"
"2024",다라3570,in_age_018,"8"
"2024",다라3571,in_age_018,"5"
"2024",다라3572,in_age_018,"5"
"2024",다라3573,in_age_018,"5"
"2024",다라3574,in_age_018,"11"
"2024",다라3575,in_age_018,"5"
"2024",다라3578,in_age_018,"8"
"2024",다라3579,in_age_018,"0"
"2024",다라3581,in_age_018,"97"
"2024",다라3582,in_age_018,"147"
"2024",다라3583,in_age_018,"58"
"2024",다라3584,in_age_018,"82"
"2024",다라3585,in_age_018,"16"
"2024",다라3586,in_age_018,"8"
"2024",다라3587,in_age_018,"8"
"2024",다라3589,in_age_018,"0"
"2024",다라3590,in_age_018,"5"
"2024",다라3591,in_age_018,"5"
"2024",다라3593,in_age_018,"5"
"2024",다라3594,in_age_018,"5"
"2024",다라3595,in_age_018,"8"
"2024",다라3596,in_age_018,"8"
"2024",다라3598,in_age_018,"5"
"2024",다라3600,in_age_018,"5"
"2024",다라3601,in_age_018,"8"
"2024",다라3602,in_age_018,"8"
"2024",다라3606,in_age_018,"0"
"2024",다라3607,in_age_018,"13"
"2024",다라3608,in_age_018,"5"
"2024",다라3610,in_age_018,"0"
"2024",다라3611,in_age_018,"5"
"2024",다라3612,in_age_018,"5"
"2024",다라3613,in_age_018,"8"
"2024",다라3617,in_age_018,"13"
"2024",다라3619,in_age_018,"5"
"2024",다라3620,in_age_018,"8"
"2024",다라3622,in_age_018,"5"
"2024",다라3625,in_age_018,"8"
"2024",다라3626,in_age_018,"8"
"2024",다라3627,in_age_018,"5"
"2024",다라3628,in_age_018,"8"
"2024",다라3629,in_age_018,"5"
"2024",다라3634,in_age_018,"0"
"2024",다라3636,in_age_018,"8"
"2024",다라3637,in_age_018,"5"
"2024",다라3639,in_age_018,"0"
"2024",다라3640,in_age_018,"8"
"2024",다라3641,in_age_018,"5"
"2024",다라3645,in_age_018,"5"
"2024",다라3651,in_age_018,"0"
"2024",다라3652,in_age_018,"0"
"2024",다라3655,in_age_018,"0"
"2024",다라3657,in_age_018,"5"
"2024",다라3658,in_age_018,"5"
"2024",다라3661,in_age_018,"8"
"2024",다라3662,in_age_018,"8"
"2024",다라3663,in_age_018,"0"
"2024",다라3664,in_age_018,"5"
"2024",다라3667,in_age_018,"5"
"2024",다라3668,in_age_018,"8"
"2024",다라3669,in_age_018,"13"
"2024",다라3670,in_age_018,"8"
"2024",다라3671,in_age_018,"18"
"2024",다라3673,in_age_018,"8"
"2024",다라3674,in_age_018,"5"
"2024",다라3675,in_age_018,"13"
"2024",다라3676,in_age_018,"5"
"2024",다라3677,in_age_018,"0"
"2024",다라3682,in_age_018,"92"
"2024",다라3683,in_age_018,"103"
"2024",다라3684,in_age_018,"35"
"2024",다라3685,in_age_018,"274"
"2024",다라3686,in_age_018,"83"
"2024",다라3687,in_age_018,"30"
"2024",다라3691,in_age_018,"8"
"2024",다라3692,in_age_018,"8"
"2024",다라3693,in_age_018,"5"
"2024",다라3694,in_age_018,"20"
"2024",다라3695,in_age_018,"5"
"2024",다라3696,in_age_018,"5"
"2024",다라3697,in_age_018,"8"
"2024",다라3698,in_age_018,"0"
"2024",다라3699,in_age_018,"0"
"2024",다라3700,in_age_018,"8"
"2024",다라3701,in_age_018,"0"
"2024",다라3703,in_age_018,"5"
"2024",다라3704,in_age_018,"34"
"2024",다라3706,in_age_018,"13"
"2024",다라3707,in_age_018,"5"
"2024",다라3708,in_age_018,"5"
"2024",다라3712,in_age_018,"8"
"2024",다라3713,in_age_018,"5"
"2024",다라3717,in_age_018,"0"
"2024",다라3718,in_age_018,"5"
"2024",다라3720,in_age_018,"8"
"2024",다라3726,in_age_018,"5"
"2024",다라3727,in_age_018,"8"
"2024",다라3728,in_age_018,"5"
"2024",다라3729,in_age_018,"0"
"2024",다라3732,in_age_018,"8"
"2024",다라3733,in_age_018,"5"
"2024",다라3734,in_age_018,"0"
"2024",다라3735,in_age_018,"23"
"2024",다라3736,in_age_018,"23"
"2024",다라3737,in_age_018,"5"
"2024",다라3738,in_age_018,"5"
"2024",다라3740,in_age_018,"5"
"2024",다라3744,in_age_018,"5"
"2024",다라3745,in_age_018,"5"
"2024",다라3755,in_age_018,"0"
"2024",다라3759,in_age_018,"8"
"2024",다라3764,in_age_018,"5"
"2024",다라3766,in_age_018,"8"
"2024",다라3767,in_age_018,"5"
"2024",다라3768,in_age_018,"5"
"2024",다라3769,in_age_018,"8"
"2024",다라3771,in_age_018,"8"
"2024",다라3772,in_age_018,"8"
"2024",다라3773,in_age_018,"23"
"2024",다라3775,in_age_018,"8"
"2024",다라3776,in_age_018,"5"
"2024",다라3777,in_age_018,"29"
"2024",다라3778,in_age_018,"5"
"2024",다라3780,in_age_018,"5"
"2024",다라3783,in_age_018,"8"
"2024",다라3784,in_age_018,"61"
"2024",다라3785,in_age_018,"153"
"2024",다라3786,in_age_018,"135"
"2024",다라3787,in_age_018,"69"
"2024",다라3788,in_age_018,"78"
"2024",다라3789,in_age_018,"38"
"2024",다라3790,in_age_018,"64"
"2024",다라3791,in_age_018,"14"
"2024",다라3792,in_age_018,"5"
"2024",다라3793,in_age_018,"0"
"2024",다라3794,in_age_018,"8"
"2024",다라3795,in_age_018,"8"
"2024",다라3796,in_age_018,"5"
"2024",다라3797,in_age_018,"5"
"2024",다라3801,in_age_018,"5"
"2024",다라3803,in_age_018,"5"
"2024",다라3804,in_age_018,"8"
"2024",다라3806,in_age_018,"8"
"2024",다라3807,in_age_018,"8"
"2024",다라3808,in_age_018,"0"
"2024",다라3810,in_age_018,"5"
"2024",다라3815,in_age_018,"5"
"2024",다라3817,in_age_018,"5"
"2024",다라3818,in_age_018,"5"
"2024",다라3819,in_age_018,"0"
"2024",다라3820,in_age_018,"0"
"2024",다라3826,in_age_018,"5"
"2024",다라3828,in_age_018,"8"
"2024",다라3829,in_age_018,"8"
"2024",다라3830,in_age_018,"5"
"2024",다라3833,in_age_018,"5"
"2024",다라3834,in_age_018,"5"
"2024",다라3836,in_age_018,"5"
"2024",다라3845,in_age_018,"5"
"2024",다라3846,in_age_018,"5"
"2024",다라3848,in_age_018,"5"
"2024",다라3852,in_age_018,"0"
"2024",다라3853,in_age_018,"0"
"2024",다라3855,in_age_018,"5"
"2024",다라3859,in_age_018,"0"
"2024",다라3860,in_age_018,"0"
"2024",다라3861,in_age_018,"8"
"2024",다라3862,in_age_018,"5"
"2024",다라3864,in_age_018,"5"
"2024",다라3865,in_age_018,"5"
"2024",다라3867,in_age_018,"13"
"2024",다라3868,in_age_018,"5"
"2024",다라3869,in_age_018,"5"
"2024",다라3872,in_age_018,"5"
"2024",다라3873,in_age_018,"5"
"2024",다라3874,in_age_018,"5"
"2024",다라3875,in_age_018,"8"
"2024",다라3876,in_age_018,"5"
"2024",다라3877,in_age_018,"8"
"2024",다라3878,in_age_018,"5"
"2024",다라3879,in_age_018,"13"
"2024",다라3884,in_age_018,"0"
"2024",다라3885,in_age_018,"0"
"2024",다라3886,in_age_018,"38"
"2024",다라3887,in_age_018,"113"
"2024",다라3888,in_age_018,"29"
"2024",다라3889,in_age_018,"29"
"2024",다라3890,in_age_018,"14"
"2024",다라3891,in_age_018,"21"
"2024",다라3892,in_age_018,"74"
"2024",다라3893,in_age_018,"8"
"2024",다라3894,in_age_018,"8"
"2024",다라3895,in_age_018,"5"
"2024",다라3896,in_age_018,"8"
"2024",다라3897,in_age_018,"8"
"2024",다라3898,in_age_018,"5"
"2024",다라3900,in_age_018,"13"
"2024",다라3901,in_age_018,"5"
"2024",다라3907,in_age_018,"8"
"2024",다라3918,in_age_018,"5"
"2024",다라3919,in_age_018,"8"
"2024",다라3920,in_age_018,"8"
"2024",다라3927,in_age_018,"0"
"2024",다라3928,in_age_018,"5"
"2024",다라3930,in_age_018,"5"
"2024",다라3932,in_age_018,"0"
"2024",다라3933,in_age_018,"0"
"2024",다라3934,in_age_018,"5"
"2024",다라3940,in_age_018,"0"
"2024",다라3941,in_age_018,"5"
"2024",다라3945,in_age_018,"8"
"2024",다라3946,in_age_018,"5"
"2024",다라3951,in_age_018,"5"
"2024",다라3954,in_age_018,"5"
"2024",다라3959,in_age_018,"0"
"2024",다라3964,in_age_018,"8"
"2024",다라3965,in_age_018,"5"
"2024",다라3966,in_age_018,"5"
"2024",다라3970,in_age_018,"85"
"2024",다라3971,in_age_018,"5"
"2024",다라3972,in_age_018,"21"
"2024",다라3973,in_age_018,"13"
"2024",다라3974,in_age_018,"5"
"2024",다라3975,in_age_018,"23"
"2024",다라3976,in_age_018,"8"
"2024",다라3977,in_age_018,"13"
"2024",다라3979,in_age_018,"5"
"2024",다라3980,in_age_018,"20"
"2024",다라3981,in_age_018,"8"
"2024",다라3982,in_age_018,"8"
"2024",다라3983,in_age_018,"8"
"2024",다라3985,in_age_018,"18"
"2024",다라3986,in_age_018,"17"
"2024",다라3987,in_age_018,"116"
"2024",다라3988,in_age_018,"93"
"2024",다라3989,in_age_018,"35"
"2024",다라3990,in_age_018,"33"
"2024",다라3991,in_age_018,"148"
"2024",다라3992,in_age_018,"44"
"2024",다라3993,in_age_018,"8"
"2024",다라3995,in_age_018,"5"
"2024",다라3996,in_age_018,"8"
"2024",다라3997,in_age_018,"35"
"2024",다라3998,in_age_018,"5"
"2024",다라4000,in_age_018,"8"
"2024",다라4001,in_age_018,"5"
"2024",다라4007,in_age_018,"13"
"2024",다라4008,in_age_018,"5"
"2024",다라4009,in_age_018,"8"
"2024",다라4018,in_age_018,"5"
"2024",다라4026,in_age_018,"5"
"2024",다라4028,in_age_018,"8"
"2024",다라4029,in_age_018,"8"
"2024",다라4045,in_age_018,"5"
"2024",다라4048,in_age_018,"5"
"2024",다라4051,in_age_018,"5"
"2024",다라4057,in_age_018,"13"
"2024",다라4063,in_age_018,"5"
"2024",다라4066,in_age_018,"5"
"2024",다라4069,in_age_018,"14"
"2024",다라4071,in_age_018,"13"
"2024",다라4072,in_age_018,"48"
"2024",다라4073,in_age_018,"8"
"2024",다라4075,in_age_018,"5"
"2024",다라4077,in_age_018,"8"
"2024",다라4078,in_age_018,"0"
"2024",다라4079,in_age_018,"36"
"2024",다라4080,in_age_018,"5"
"2024",다라4081,in_age_018,"28"
"2024",다라4082,in_age_018,"11"
"2024",다라4083,in_age_018,"116"
"2024",다라4084,in_age_018,"188"
"2024",다라4085,in_age_018,"8"
"2024",다라4088,in_age_018,"60"
"2024",다라4089,in_age_018,"8"
"2024",다라4090,in_age_018,"115"
"2024",다라4091,in_age_018,"198"
"2024",다라4092,in_age_018,"5"
"2024",다라4094,in_age_018,"5"
"2024",다라4095,in_age_018,"8"
"2024",다라4096,in_age_018,"0"
"2024",다라4097,in_age_018,"13"
"2024",다라4098,in_age_018,"5"
"2024",다라4100,in_age_018,"0"
"2024",다라4101,in_age_018,"5"
"2024",다라4105,in_age_018,"0"
"2024",다라4106,in_age_018,"5"
"2024",다라4107,in_age_018,"13"
"2024",다라4112,in_age_018,"5"
"2024",다라4117,in_age_018,"8"
"2024",다라4118,in_age_018,"0"
"2024",다라4127,in_age_018,"8"
"2024",다라4128,in_age_018,"0"
"2024",다라4131,in_age_018,"5"
"2024",다라4148,in_age_018,"0"
"2024",다라4149,in_age_018,"0"
"2024",다라4155,in_age_018,"5"
"2024",다라4157,in_age_018,"5"
"2024",다라4164,in_age_018,"8"
"2024",다라4167,in_age_018,"8"
"2024",다라4168,in_age_018,"5"
"2024",다라4169,in_age_018,"5"
"2024",다라4170,in_age_018,"8"
"2024",다라4171,in_age_018,"13"
"2024",다라4172,in_age_018,"0"
"2024",다라4173,in_age_018,"8"
"2024",다라4176,in_age_018,"0"
"2024",다라4177,in_age_018,"21"
"2024",다라4178,in_age_018,"8"
"2024",다라4180,in_age_018,"14"
"2024",다라4181,in_age_018,"109"
"2024",다라4182,in_age_018,"298"
"2024",다라4183,in_age_018,"74"
"2024",다라4184,in_age_018,"33"
"2024",다라4185,in_age_018,"127"
"2024",다라4186,in_age_018,"45"
"2024",다라4187,in_age_018,"74"
"2024",다라4188,in_age_018,"65"
"2024",다라4190,in_age_018,"44"
"2024",다라4191,in_age_018,"8"
"2024",다라4193,in_age_018,"0"
"2024",다라4194,in_age_018,"8"
"2024",다라4195,in_age_018,"5"
"2024",다라4196,in_age_018,"0"
"2024",다라4197,in_age_018,"14"
"2024",다라4198,in_age_018,"0"
"2024",다라4200,in_age_018,"8"
"2024",다라4201,in_age_018,"0"
"2024",다라4209,in_age_018,"5"
"2024",다라4211,in_age_018,"8"
"2024",다라4212,in_age_018,"8"
"2024",다라4213,in_age_018,"8"
"2024",다라4227,in_age_018,"8"
"2024",다라4229,in_age_018,"8"
"2024",다라4230,in_age_018,"5"
"2024",다라4231,in_age_018,"5"
"2024",다라4236,in_age_018,"0"
"2024",다라4249,in_age_018,"8"
"2024",다라4257,in_age_018,"5"
"2024",다라4263,in_age_018,"10"
"2024",다라4264,in_age_018,"5"
"2024",다라4265,in_age_018,"0"
"2024",다라4266,in_age_018,"0"
"2024",다라4267,in_age_018,"5"
"2024",다라4271,in_age_018,"11"
"2024",다라4272,in_age_018,"5"
"2024",다라4273,in_age_018,"5"
"2024",다라4274,in_age_018,"5"
"2024",다라4276,in_age_018,"8"
"2024",다라4277,in_age_018,"13"
"2024",다라4278,in_age_018,"18"
"2024",다라4279,in_age_018,"44"
"2024",다라4280,in_age_018,"47"
"2024",다라4281,in_age_018,"23"
"2024",다라4282,in_age_018,"108"
"2024",다라4283,in_age_018,"284"
"2024",다라4284,in_age_018,"169"
"2024",다라4285,in_age_018,"33"
"2024",다라4286,in_age_018,"69"
"2024",다라4287,in_age_018,"224"
"2024",다라4288,in_age_018,"86"
"2024",다라4289,in_age_018,"111"
"2024",다라4290,in_age_018,"146"
"2024",다라4291,in_age_018,"63"
"2024",다라4293,in_age_018,"0"
"2024",다라4294,in_age_018,"5"
"2024",다라4295,in_age_018,"13"
"2024",다라4296,in_age_018,"8"
"2024",다라4297,in_age_018,"0"
"2024",다라4298,in_age_018,"5"
"2024",다라4300,in_age_018,"5"
"2024",다라4301,in_age_018,"0"
"2024",다라4304,in_age_018,"8"
"2024",다라4305,in_age_018,"5"
"2024",다라4307,in_age_018,"8"
"2024",다라4308,in_age_018,"5"
"2024",다라4309,in_age_018,"5"
"2024",다라4310,in_age_018,"23"
"2024",다라4311,in_age_018,"23"
"2024",다라4312,in_age_018,"8"
"2024",다라4313,in_age_018,"0"
"2024",다라4314,in_age_018,"0"
"2024",다라4318,in_age_018,"5"
"2024",다라4319,in_age_018,"8"
"2024",다라4320,in_age_018,"5"
"2024",다라4327,in_age_018,"5"
"2024",다라4328,in_age_018,"13"
"2024",다라4329,in_age_018,"5"
"2024",다라4330,in_age_018,"5"
"2024",다라4331,in_age_018,"5"
"2024",다라4332,in_age_018,"0"
"2024",다라4333,in_age_018,"5"
"2024",다라4334,in_age_018,"8"
"2024",다라4345,in_age_018,"5"
"2024",다라4347,in_age_018,"0"
"2024",다라4348,in_age_018,"0"
"2024",다라4351,in_age_018,"0"
"2024",다라4356,in_age_018,"8"
"2024",다라4357,in_age_018,"13"
"2024",다라4364,in_age_018,"8"
"2024",다라4365,in_age_018,"8"
"2024",다라4366,in_age_018,"5"
"2024",다라4367,in_age_018,"8"
"2024",다라4368,in_age_018,"5"
"2024",다라4371,in_age_018,"5"
"2024",다라4378,in_age_018,"28"
"2024",다라4379,in_age_018,"34"
"2024",다라4380,in_age_018,"162"
"2024",다라4381,in_age_018,"148"
"2024",다라4382,in_age_018,"99"
"2024",다라4383,in_age_018,"178"
"2024",다라4384,in_age_018,"311"
"2024",다라4385,in_age_018,"48"
"2024",다라4386,in_age_018,"151"
"2024",다라4387,in_age_018,"81"
"2024",다라4388,in_age_018,"5"
"2024",다라4389,in_age_018,"41"
"2024",다라4390,in_age_018,"88"
"2024",다라4391,in_age_018,"95"
"2024",다라4392,in_age_018,"5"
"2024",다라4393,in_age_018,"0"
"2024",다라4395,in_age_018,"8"
"2024",다라4396,in_age_018,"18"
"2024",다라4397,in_age_018,"0"
"2024",다라4398,in_age_018,"13"
"2024",다라4399,in_age_018,"8"
"2024",다라4400,in_age_018,"13"
"2024",다라4410,in_age_018,"0"
"2024",다라4411,in_age_018,"8"
"2024",다라4412,in_age_018,"8"
"2024",다라4418,in_age_018,"5"
"2024",다라4420,in_age_018,"5"
"2024",다라4421,in_age_018,"5"
"2024",다라4423,in_age_018,"5"
"2024",다라4424,in_age_018,"0"
"2024",다라4428,in_age_018,"5"
"2024",다라4429,in_age_018,"0"
"2024",다라4430,in_age_018,"8"
"2024",다라4431,in_age_018,"18"
"2024",다라4432,in_age_018,"5"
"2024",다라4433,in_age_018,"5"
"2024",다라4434,in_age_018,"5"
"2024",다라4435,in_age_018,"5"
"2024",다라4436,in_age_018,"8"
"2024",다라4437,in_age_018,"5"
"2024",다라4439,in_age_018,"5"
"2024",다라4447,in_age_018,"5"
"2024",다라4455,in_age_018,"0"
"2024",다라4458,in_age_018,"5"
"2024",다라4459,in_age_018,"0"
"2024",다라4460,in_age_018,"5"
"2024",다라4461,in_age_018,"13"
"2024",다라4462,in_age_018,"5"
"2024",다라4463,in_age_018,"5"
"2024",다라4465,in_age_018,"5"
"2024",다라4466,in_age_018,"8"
"2024",다라4467,in_age_018,"8"
"2024",다라4468,in_age_018,"5"
"2024",다라4469,in_age_018,"5"
"2024",다라4478,in_age_018,"40"
"2024",다라4479,in_age_018,"88"
"2024",다라4480,in_age_018,"63"
"2024",다라4481,in_age_018,"145"
"2024",다라4482,in_age_018,"173"
"2024",다라4483,in_age_018,"252"
"2024",다라4484,in_age_018,"200"
"2024",다라4485,in_age_018,"131"
"2024",다라4486,in_age_018,"187"
"2024",다라4487,in_age_018,"173"
"2024",다라4488,in_age_018,"171"
"2024",다라4489,in_age_018,"16"
"2024",다라4490,in_age_018,"52"
"2024",다라4492,in_age_018,"8"
"2024",다라4493,in_age_018,"5"
"2024",다라4494,in_age_018,"0"
"2024",다라4495,in_age_018,"0"
"2024",다라4496,in_age_018,"5"
"2024",다라4497,in_age_018,"21"
"2024",다라4498,in_age_018,"28"
"2024",다라4499,in_age_018,"8"
"2024",다라4500,in_age_018,"8"
"2024",다라4509,in_age_018,"8"
"2024",다라4510,in_age_018,"5"
"2024",다라4511,in_age_018,"0"
"2024",다라4512,in_age_018,"8"
"2024",다라4518,in_age_018,"0"
"2024",다라4519,in_age_018,"5"
"2024",다라4520,in_age_018,"8"
"2024",다라4523,in_age_018,"0"
"2024",다라4524,in_age_018,"8"
"2024",다라4525,in_age_018,"13"
"2024",다라4530,in_age_018,"8"
"2024",다라4531,in_age_018,"112"
"2024",다라4532,in_age_018,"43"
"2024",다라4533,in_age_018,"8"
"2024",다라4535,in_age_018,"5"
"2024",다라4536,in_age_018,"8"
"2024",다라4539,in_age_018,"13"
"2024",다라4543,in_age_018,"0"
"2024",다라4548,in_age_018,"0"
"2024",다라4549,in_age_018,"0"
"2024",다라4557,in_age_018,"8"
"2024",다라4559,in_age_018,"0"
"2024",다라4560,in_age_018,"8"
"2024",다라4561,in_age_018,"5"
"2024",다라4562,in_age_018,"5"
"2024",다라4565,in_age_018,"0"
"2024",다라4566,in_age_018,"5"
"2024",다라4567,in_age_018,"8"
"2024",다라4568,in_age_018,"8"
"2024",다라4569,in_age_018,"0"
"2024",다라4572,in_age_018,"5"
"2024",다라4577,in_age_018,"0"
"2024",다라4578,in_age_018,"33"
"2024",다라4579,in_age_018,"101"
"2024",다라4580,in_age_018,"219"
"2024",다라4581,in_age_018,"136"
"2024",다라4582,in_age_018,"336"
"2024",다라4583,in_age_018,"179"
"2024",다라4584,in_age_018,"251"
"2024",다라4585,in_age_018,"163"
"2024",다라4586,in_age_018,"240"
"2024",다라4587,in_age_018,"209"
"2024",다라4588,in_age_018,"243"
"2024",다라4589,in_age_018,"127"
"2024",다라4590,in_age_018,"223"
"2024",다라4591,in_age_018,"13"
"2024",다라4592,in_age_018,"30"
"2024",다라4593,in_age_018,"13"
"2024",다라4594,in_age_018,"13"
"2024",다라4595,in_age_018,"5"
"2024",다라4596,in_age_018,"23"
"2024",다라4597,in_age_018,"8"
"2024",다라4598,in_age_018,"8"
"2024",다라4599,in_age_018,"5"
"2024",다라4608,in_age_018,"8"
"2024",다라4609,in_age_018,"0"
"2024",다라4612,in_age_018,"8"
"2024",다라4618,in_age_018,"0"
"2024",다라4619,in_age_018,"5"
"2024",다라4620,in_age_018,"5"
"2024",다라4621,in_age_018,"0"
"2024",다라4623,in_age_018,"5"
"2024",다라4624,in_age_018,"8"
"2024",다라4625,in_age_018,"8"
"2024",다라4626,in_age_018,"5"
"2024",다라4628,in_age_018,"0"
"2024",다라4629,in_age_018,"5"
"2024",다라4630,in_age_018,"5"
"2024",다라4631,in_age_018,"38"
"2024",다라4632,in_age_018,"23"
"2024",다라4633,in_age_018,"5"
"2024",다라4634,in_age_018,"44"
"2024",다라4635,in_age_018,"5"
"2024",다라4636,in_age_018,"8"
"2024",다라4637,in_age_018,"5"
"2024",다라4638,in_age_018,"8"
"2024",다라4648,in_age_018,"5"
"2024",다라4658,in_age_018,"5"
"2024",다라4659,in_age_018,"5"
"2024",다라4660,in_age_018,"0"
"2024",다라4665,in_age_018,"13"
"2024",다라4666,in_age_018,"13"
"2024",다라4667,in_age_018,"11"
"2024",다라4668,in_age_018,"20"
"2024",다라4669,in_age_018,"8"
"2024",다라4670,in_age_018,"5"
"2024",다라4673,in_age_018,"0"
"2024",다라4674,in_age_018,"5"
"2024",다라4675,in_age_018,"8"
"2024",다라4678,in_age_018,"5"
"2024",다라4679,in_age_018,"13"
"2024",다라4680,in_age_018,"78"
"2024",다라4681,in_age_018,"441"
"2024",다라4682,in_age_018,"254"
"2024",다라4683,in_age_018,"208"
"2024",다라4684,in_age_018,"118"
"2024",다라4685,in_age_018,"197"
"2024",다라4686,in_age_018,"176"
"2024",다라4687,in_age_018,"161"
"2024",다라4688,in_age_018,"68"
"2024",다라4689,in_age_018,"0"
"2024",다라4690,in_age_018,"8"
"2024",다라4694,in_age_018,"13"
"2024",다라4697,in_age_018,"5"
"2024",다라4698,in_age_018,"8"
"2024",다라4699,in_age_018,"23"
"2024",다라4706,in_age_018,"8"
"2024",다라4707,in_age_018,"5"
"2024",다라4708,in_age_018,"5"
"2024",다라4710,in_age_018,"8"
"2024",다라4712,in_age_018,"5"
"2024",다라4717,in_age_018,"5"
"2024",다라4718,in_age_018,"5"
"2024",다라4719,in_age_018,"5"
"2024",다라4720,in_age_018,"5"
"2024",다라4723,in_age_018,"5"
"2024",다라4724,in_age_018,"8"
"2024",다라4725,in_age_018,"5"
"2024",다라4726,in_age_018,"5"
"2024",다라4728,in_age_018,"0"
"2024",다라4730,in_age_018,"8"
"2024",다라4731,in_age_018,"8"
"2024",다라4732,in_age_018,"13"
"2024",다라4733,in_age_018,"5"
"2024",다라4734,in_age_018,"5"
"2024",다라4737,in_age_018,"8"
"2024",다라4738,in_age_018,"5"
"2024",다라4739,in_age_018,"8"
"2024",다라4743,in_age_018,"5"
"2024",다라4744,in_age_018,"0"
"2024",다라4745,in_age_018,"5"
"2024",다라4746,in_age_018,"8"
"2024",다라4759,in_age_018,"40"
"2024",다라4760,in_age_018,"5"
"2024",다라4761,in_age_018,"0"
"2024",다라4766,in_age_018,"29"
"2024",다라4768,in_age_018,"8"
"2024",다라4769,in_age_018,"8"
"2024",다라4777,in_age_018,"5"
"2024",다라4779,in_age_018,"5"
"2024",다라4780,in_age_018,"33"
"2024",다라4781,in_age_018,"159"
"2024",다라4782,in_age_018,"149"
"2024",다라4783,in_age_018,"77"
"2024",다라4784,in_age_018,"239"
"2024",다라4785,in_age_018,"212"
"2024",다라4786,in_age_018,"224"
"2024",다라4787,in_age_018,"341"
"2024",다라4788,in_age_018,"153"
"2024",다라4791,in_age_018,"0"
"2024",다라4794,in_age_018,"24"
"2024",다라4795,in_age_018,"5"
"2024",다라4796,in_age_018,"5"
"2024",다라4797,in_age_018,"8"
"2024",다라4798,in_age_018,"5"
"2024",다라4799,in_age_018,"13"
"2024",다라4801,in_age_018,"5"
"2024",다라4807,in_age_018,"0"
"2024",다라4808,in_age_018,"0"
"2024",다라4809,in_age_018,"13"
"2024",다라4810,in_age_018,"8"
"2024",다라4813,in_age_018,"13"
"2024",다라4816,in_age_018,"0"
"2024",다라4817,in_age_018,"5"
"2024",다라4818,in_age_018,"33"
"2024",다라4819,in_age_018,"5"
"2024",다라4820,in_age_018,"8"
"2024",다라4823,in_age_018,"5"
"2024",다라4824,in_age_018,"5"
"2024",다라4825,in_age_018,"8"
"2024",다라4826,in_age_018,"5"
"2024",다라4827,in_age_018,"0"
"2024",다라4832,in_age_018,"13"
"2024",다라4834,in_age_018,"0"
"2024",다라4836,in_age_018,"5"
"2024",다라4837,in_age_018,"5"
"2024",다라4838,in_age_018,"8"
"2024",다라4839,in_age_018,"0"
"2024",다라4844,in_age_018,"8"
"2024",다라4845,in_age_018,"5"
"2024",다라4851,in_age_018,"5"
"2024",다라4853,in_age_018,"5"
"2024",다라4854,in_age_018,"0"
"2024",다라4857,in_age_018,"0"
"2024",다라4858,in_age_018,"13"
"2024",다라4859,in_age_018,"5"
"2024",다라4861,in_age_018,"8"
"2024",다라4862,in_age_018,"8"
"2024",다라4863,in_age_018,"0"
"2024",다라4866,in_age_018,"0"
"2024",다라4867,in_age_018,"8"
"2024",다라4868,in_age_018,"5"
"2024",다라4869,in_age_018,"8"
"2024",다라4870,in_age_018,"5"
"2024",다라4871,in_age_018,"13"
"2024",다라4873,in_age_018,"8"
"2024",다라4876,in_age_018,"0"
"2024",다라4877,in_age_018,"24"
"2024",다라4878,in_age_018,"18"
"2024",다라4879,in_age_018,"13"
"2024",다라4880,in_age_018,"94"
"2024",다라4881,in_age_018,"238"
"2024",다라4882,in_age_018,"138"
"2024",다라4883,in_age_018,"68"
"2024",다라4884,in_age_018,"250"
"2024",다라4885,in_age_018,"416"
"2024",다라4886,in_age_018,"276"
"2024",다라4887,in_age_018,"219"
"2024",다라4888,in_age_018,"8"
"2024",다라4891,in_age_018,"13"
"2024",다라4895,in_age_018,"23"
"2024",다라4896,in_age_018,"0"
"2024",다라4897,in_age_018,"8"
"2024",다라4899,in_age_018,"8"
"2024",다라4901,in_age_018,"5"
"2024",다라4907,in_age_018,"5"
"2024",다라4909,in_age_018,"5"
"2024",다라4910,in_age_018,"13"
"2024",다라4914,in_age_018,"8"
"2024",다라4915,in_age_018,"5"
"2024",다라4916,in_age_018,"5"
"2024",다라4917,in_age_018,"8"
"2024",다라4918,in_age_018,"5"
"2024",다라4919,in_age_018,"5"
"2024",다라4923,in_age_018,"5"
"2024",다라4924,in_age_018,"8"
"2024",다라4925,in_age_018,"5"
"2024",다라4926,in_age_018,"8"
"2024",다라4927,in_age_018,"5"
"2024",다라4931,in_age_018,"13"
"2024",다라4932,in_age_018,"5"
"2024",다라4934,in_age_018,"5"
"2024",다라4937,in_age_018,"8"
"2024",다라4938,in_age_018,"5"
"2024",다라4939,in_age_018,"0"
"2024",다라4940,in_age_018,"5"
"2024",다라4943,in_age_018,"0"
"2024",다라4944,in_age_018,"5"
"2024",다라4945,in_age_018,"13"
"2024",다라4951,in_age_018,"5"
"2024",다라4954,in_age_018,"5"
"2024",다라4959,in_age_018,"5"
"2024",다라4962,in_age_018,"5"
"2024",다라4963,in_age_018,"0"
"2024",다라4965,in_age_018,"0"
"2024",다라4967,in_age_018,"0"
"2024",다라4968,in_age_018,"5"
"2024",다라4970,in_age_018,"5"
"2024",다라4971,in_age_018,"5"
"2024",다라4972,in_age_018,"0"
"2024",다라4973,in_age_018,"5"
"2024",다라4977,in_age_018,"14"
"2024",다라4978,in_age_018,"5"
"2024",다라4981,in_age_018,"8"
"2024",다라4982,in_age_018,"103"
"2024",다라4983,in_age_018,"8"
"2024",다라4984,in_age_018,"5"
"2024",다라4985,in_age_018,"0"
"2024",다라4986,in_age_018,"0"
"2024",다라4987,in_age_018,"0"
"2024",다라4989,in_age_018,"0"
"2024",다라4990,in_age_018,"5"
"2024",다라4991,in_age_018,"5"
"2024",다라4992,in_age_018,"13"
"2024",다라4995,in_age_018,"5"
"2024",다라4997,in_age_018,"8"
"2024",다라4998,in_age_018,"13"
"2024",다라4999,in_age_018,"5"
"2024",다라5007,in_age_018,"5"
"2024",다라5009,in_age_018,"8"
"2024",다라5010,in_age_018,"5"
"2024",다라5014,in_age_018,"18"
"2024",다라5016,in_age_018,"13"
"2024",다라5017,in_age_018,"0"
"2024",다라5018,in_age_018,"5"
"2024",다라5019,in_age_018,"0"
"2024",다라5020,in_age_018,"5"
"2024",다라5025,in_age_018,"5"
"2024",다라5026,in_age_018,"8"
"2024",다라5027,in_age_018,"8"
"2024",다라5028,in_age_018,"0"
"2024",다라5029,in_age_018,"8"
"2024",다라5030,in_age_018,"5"
"2024",다라5031,in_age_018,"5"
"2024",다라5033,in_age_018,"0"
"2024",다라5034,in_age_018,"0"
"2024",다라5035,in_age_018,"5"
"2024",다라5037,in_age_018,"8"
"2024",다라5038,in_age_018,"8"
"2024",다라5041,in_age_018,"5"
"2024",다라5043,in_age_018,"8"
"2024",다라5044,in_age_018,"5"
"2024",다라5045,in_age_018,"5"
"2024",다라5046,in_age_018,"5"
"2024",다라5048,in_age_018,"5"
"2024",다라5049,in_age_018,"5"
"2024",다라5054,in_age_018,"5"
"2024",다라5059,in_age_018,"5"
"2024",다라5060,in_age_018,"8"
"2024",다라5061,in_age_018,"18"
"2024",다라5062,in_age_018,"8"
"2024",다라5063,in_age_018,"5"
"2024",다라5065,in_age_018,"8"
"2024",다라5066,in_age_018,"33"
"2024",다라5067,in_age_018,"8"
"2024",다라5068,in_age_018,"22"
"2024",다라5069,in_age_018,"8"
"2024",다라5070,in_age_018,"13"
"2024",다라5071,in_age_018,"0"
"2024",다라5072,in_age_018,"16"
"2024",다라5073,in_age_018,"16"
"2024",다라5077,in_age_018,"8"
"2024",다라5080,in_age_018,"0"
"2024",다라5082,in_age_018,"8"
"2024",다라5086,in_age_018,"5"
"2024",다라5088,in_age_018,"5"
"2024",다라5089,in_age_018,"13"
"2024",다라5090,in_age_018,"5"
"2024",다라5091,in_age_018,"5"
"2024",다라5093,in_age_018,"13"
"2024",다라5094,in_age_018,"8"
"2024",다라5095,in_age_018,"5"
"2024",다라5096,in_age_018,"8"
"2024",다라5097,in_age_018,"5"
"2024",다라5098,in_age_018,"8"
"2024",다라5109,in_age_018,"8"
"2024",다라5110,in_age_018,"8"
"2024",다라5112,in_age_018,"0"
"2024",다라5113,in_age_018,"8"
"2024",다라5117,in_age_018,"8"
"2024",다라5118,in_age_018,"5"
"2024",다라5119,in_age_018,"5"
"2024",다라5121,in_age_018,"8"
"2024",다라5122,in_age_018,"0"
"2024",다라5124,in_age_018,"5"
"2024",다라5125,in_age_018,"5"
"2024",다라5126,in_age_018,"5"
"2024",다라5127,in_age_018,"5"
"2024",다라5128,in_age_018,"8"
"2024",다라5129,in_age_018,"13"
"2024",다라5130,in_age_018,"5"
"2024",다라5131,in_age_018,"5"
"2024",다라5136,in_age_018,"5"
"2024",다라5137,in_age_018,"5"
"2024",다라5140,in_age_018,"8"
"2024",다라5141,in_age_018,"5"
"2024",다라5142,in_age_018,"18"
"2024",다라5143,in_age_018,"5"
"2024",다라5144,in_age_018,"0"
"2024",다라5147,in_age_018,"0"
"2024",다라5149,in_age_018,"5"
"2024",다라5152,in_age_018,"0"
"2024",다라5153,in_age_018,"23"
"2024",다라5155,in_age_018,"8"
"2024",다라5156,in_age_018,"8"
"2024",다라5157,in_age_018,"5"
"2024",다라5163,in_age_018,"5"
"2024",다라5164,in_age_018,"0"
"2024",다라5165,in_age_018,"8"
"2024",다라5167,in_age_018,"5"
"2024",다라5168,in_age_018,"13"
"2024",다라5170,in_age_018,"5"
"2024",다라5171,in_age_018,"18"
"2024",다라5172,in_age_018,"5"
"2024",다라5173,in_age_018,"46"
"2024",다라5175,in_age_018,"5"
"2024",다라5176,in_age_018,"0"
"2024",다라5177,in_age_018,"0"
"2024",다라5178,in_age_018,"6"
"2024",다라5186,in_age_018,"13"
"2024",다라5188,in_age_018,"5"
"2024",다라5191,in_age_018,"5"
"2024",다라5192,in_age_018,"5"
"2024",다라5194,in_age_018,"5"
"2024",다라5195,in_age_018,"5"
"2024",다라5196,in_age_018,"8"
"2024",다라5197,in_age_018,"5"
"2024",다라5198,in_age_018,"5"
"2024",다라5199,in_age_018,"8"
"2024",다라5216,in_age_018,"5"
"2024",다라5217,in_age_018,"0"
"2024",다라5219,in_age_018,"5"
"2024",다라5220,in_age_018,"5"
"2024",다라5221,in_age_018,"8"
"2024",다라5224,in_age_018,"0"
"2024",다라5227,in_age_018,"9"
"2024",다라5228,in_age_018,"8"
"2024",다라5229,in_age_018,"5"
"2024",다라5241,in_age_018,"0"
"2024",다라5242,in_age_018,"5"
"2024",다라5243,in_age_018,"5"
"2024",다라5244,in_age_018,"5"
"2024",다라5246,in_age_018,"5"
"2024",다라5248,in_age_018,"8"
"2024",다라5252,in_age_018,"0"
"2024",다라5253,in_age_018,"5"
"2024",다라5254,in_age_018,"5"
"2024",다라5255,in_age_018,"5"
"2024",다라5256,in_age_018,"0"
"2024",다라5257,in_age_018,"5"
"2024",다라5259,in_age_018,"8"
"2024",다라5260,in_age_018,"0"
"2024",다라5261,in_age_018,"14"
"2024",다라5262,in_age_018,"8"
"2024",다라5264,in_age_018,"8"
"2024",다라5270,in_age_018,"5"
"2024",다라5271,in_age_018,"18"
"2024",다라5272,in_age_018,"0"
"2024",다라5273,in_age_018,"143"
"2024",다라5274,in_age_018,"78"
"2024",다라5285,in_age_018,"8"
"2024",다라5288,in_age_018,"5"
"2024",다라5290,in_age_018,"13"
"2024",다라5291,in_age_018,"5"
"2024",다라5292,in_age_018,"8"
"2024",다라5293,in_age_018,"5"
"2024",다라5294,in_age_018,"18"
"2024",다라5295,in_age_018,"0"
"2024",다라5297,in_age_018,"5"
"2024",다라5298,in_age_018,"0"
"2024",다라5299,in_age_018,"5"
"2024",다라5319,in_age_018,"0"
"2024",다라5320,in_age_018,"5"
"2024",다라5322,in_age_018,"5"
"2024",다라5323,in_age_018,"5"
"2024",다라5326,in_age_018,"8"
"2024",다라5327,in_age_018,"5"
"2024",다라5334,in_age_018,"0"
"2024",다라5338,in_age_018,"8"
"2024",다라5339,in_age_018,"5"
"2024",다라5340,in_age_018,"8"
"2024",다라5341,in_age_018,"5"
"2024",다라5342,in_age_018,"5"
"2024",다라5343,in_age_018,"8"
"2024",다라5345,in_age_018,"8"
"2024",다라5346,in_age_018,"8"
"2024",다라5350,in_age_018,"5"
"2024",다라5351,in_age_018,"5"
"2024",다라5354,in_age_018,"8"
"2024",다라5355,in_age_018,"8"
"2024",다라5356,in_age_018,"13"
"2024",다라5357,in_age_018,"5"
"2024",다라5358,in_age_018,"8"
"2024",다라5361,in_age_018,"5"
"2024",다라5363,in_age_018,"5"
"2024",다라5364,in_age_018,"5"
"2024",다라5367,in_age_018,"5"
"2024",다라5372,in_age_018,"34"
"2024",다라5373,in_age_018,"141"
"2024",다라5374,in_age_018,"199"
"2024",다라5375,in_age_018,"14"
"2024",다라5376,in_age_018,"0"
"2024",다라5378,in_age_018,"0"
"2024",다라5387,in_age_018,"0"
"2024",다라5389,in_age_018,"0"
"2024",다라5390,in_age_018,"8"
"2024",다라5391,in_age_018,"8"
"2024",다라5392,in_age_018,"8"
"2024",다라5393,in_age_018,"8"
"2024",다라5394,in_age_018,"8"
"2024",다라5397,in_age_018,"5"
"2024",다라5398,in_age_018,"0"
"2024",다라5399,in_age_018,"8"
"2024",다라5419,in_age_018,"5"
"2024",다라5423,in_age_018,"5"
"2024",다라5426,in_age_018,"5"
"2024",다라5428,in_age_018,"8"
"2024",다라5433,in_age_018,"8"
"2024",다라5434,in_age_018,"0"
"2024",다라5435,in_age_018,"0"
"2024",다라5438,in_age_018,"5"
"2024",다라5439,in_age_018,"0"
"2024",다라5440,in_age_018,"5"
"2024",다라5442,in_age_018,"5"
"2024",다라5443,in_age_018,"8"
"2024",다라5445,in_age_018,"0"
"2024",다라5447,in_age_018,"0"
"2024",다라5448,in_age_018,"5"
"2024",다라5450,in_age_018,"5"
"2024",다라5451,in_age_018,"5"
"2024",다라5452,in_age_018,"5"
"2024",다라5453,in_age_018,"0"
"2024",다라5454,in_age_018,"0"
"2024",다라5458,in_age_018,"5"
"2024",다라5459,in_age_018,"5"
"2024",다라5464,in_age_018,"8"
"2024",다라5465,in_age_018,"8"
"2024",다라5471,in_age_018,"8"
"2024",다라5472,in_age_018,"8"
"2024",다라5474,in_age_018,"28"
"2024",다라5475,in_age_018,"0"
"2024",다라5477,in_age_018,"5"
"2024",다라5478,in_age_018,"5"
"2024",다라5486,in_age_018,"5"
"2024",다라5487,in_age_018,"5"
"2024",다라5488,in_age_018,"0"
"2024",다라5489,in_age_018,"0"
"2024",다라5490,in_age_018,"5"
"2024",다라5491,in_age_018,"8"
"2024",다라5492,in_age_018,"8"
"2024",다라5493,in_age_018,"8"
"2024",다라5494,in_age_018,"8"
"2024",다라5495,in_age_018,"38"
"2024",다라5499,in_age_018,"0"
"2024",다라5525,in_age_018,"8"
"2024",다라5526,in_age_018,"5"
"2024",다라5527,in_age_018,"5"
"2024",다라5528,in_age_018,"0"
"2024",다라5534,in_age_018,"5"
"2024",다라5535,in_age_018,"5"
"2024",다라5536,in_age_018,"5"
"2024",다라5537,in_age_018,"5"
"2024",다라5539,in_age_018,"0"
"2024",다라5540,in_age_018,"5"
"2024",다라5541,in_age_018,"8"
"2024",다라5546,in_age_018,"0"
"2024",다라5548,in_age_018,"5"
"2024",다라5551,in_age_018,"0"
"2024",다라5552,in_age_018,"0"
"2024",다라5559,in_age_018,"5"
"2024",다라5564,in_age_018,"5"
"2024",다라5567,in_age_018,"0"
"2024",다라5568,in_age_018,"0"
"2024",다라5569,in_age_018,"8"
"2024",다라5571,in_age_018,"8"
"2024",다라5572,in_age_018,"0"
"2024",다라5577,in_age_018,"5"
"2024",다라5586,in_age_018,"5"
"2024",다라5587,in_age_018,"8"
"2024",다라5588,in_age_018,"0"
"2024",다라5591,in_age_018,"5"
"2024",다라5592,in_age_018,"5"
"2024",다라5593,in_age_018,"13"
"2024",다라5594,in_age_018,"5"
"2024",다라5599,in_age_018,"5"
"2024",다라5606,in_age_018,"5"
"2024",다라5626,in_age_018,"13"
"2024",다라5627,in_age_018,"8"
"2024",다라5628,in_age_018,"5"
"2024",다라5635,in_age_018,"8"
"2024",다라5637,in_age_018,"8"
"2024",다라5638,in_age_018,"8"
"2024",다라5639,in_age_018,"5"
"2024",다라5640,in_age_018,"0"
"2024",다라5643,in_age_018,"8"
"2024",다라5644,in_age_018,"8"
"2024",다라5645,in_age_018,"0"
"2024",다라5646,in_age_018,"5"
"2024",다라5649,in_age_018,"5"
"2024",다라5651,in_age_018,"5"
"2024",다라5652,in_age_018,"21"
"2024",다라5668,in_age_018,"5"
"2024",다라5669,in_age_018,"5"
"2024",다라5670,in_age_018,"8"
"2024",다라5671,in_age_018,"8"
"2024",다라5672,in_age_018,"5"
"2024",다라5686,in_age_018,"5"
"2024",다라5687,in_age_018,"0"
"2024",다라5691,in_age_018,"13"
"2024",다라5692,in_age_018,"0"
"2024",다라5693,in_age_018,"13"
"2024",다라5694,in_age_018,"24"
"2024",다라5695,in_age_018,"8"
"2024",다라5696,in_age_018,"5"
"2024",다라5698,in_age_018,"5"
"2024",다라5699,in_age_018,"8"
"2024",다라5703,in_age_018,"0"
"2024",다라5706,in_age_018,"5"
"2024",다라5726,in_age_018,"5"
"2024",다라5727,in_age_018,"5"
"2024",다라5728,in_age_018,"0"
"2024",다라5730,in_age_018,"5"
"2024",다라5733,in_age_018,"0"
"2024",다라5735,in_age_018,"5"
"2024",다라5736,in_age_018,"13"
"2024",다라5737,in_age_018,"0"
"2024",다라5738,in_age_018,"5"
"2024",다라5739,in_age_018,"5"
"2024",다라5740,in_age_018,"5"
"2024",다라5742,in_age_018,"0"
"2024",다라5744,in_age_018,"5"
"2024",다라5745,in_age_018,"5"
"2024",다라5753,in_age_018,"5"
"2024",다라5756,in_age_018,"5"
"2024",다라5757,in_age_018,"5"
"2024",다라5759,in_age_018,"5"
"2024",다라5763,in_age_018,"0"
"2024",다라5768,in_age_018,"8"
"2024",다라5769,in_age_018,"8"
"2024",다라5770,in_age_018,"22"
"2024",다라5773,in_age_018,"5"
"2024",다라5775,in_age_018,"0"
"2024",다라5779,in_age_018,"5"
"2024",다라5780,in_age_018,"5"
"2024",다라5785,in_age_018,"8"
"2024",다라5786,in_age_018,"0"
"2024",다라5787,in_age_018,"5"
"2024",다라5790,in_age_018,"0"
"2024",다라5792,in_age_018,"8"
"2024",다라5793,in_age_018,"8"
"2024",다라5795,in_age_018,"5"
"2024",다라5796,in_age_018,"0"
"2024",다라5797,in_age_018,"8"
"2024",다라5799,in_age_018,"13"
"2024",다라5803,in_age_018,"5"
"2024",다라5804,in_age_018,"5"
"2024",다라5805,in_age_018,"0"
"2024",다라5827,in_age_018,"0"
"2024",다라5830,in_age_018,"8"
"2024",다라5831,in_age_018,"0"
"2024",다라5833,in_age_018,"0"
"2024",다라5834,in_age_018,"13"
"2024",다라5836,in_age_018,"0"
"2024",다라5838,in_age_018,"5"
"2024",다라5839,in_age_018,"5"
"2024",다라5840,in_age_018,"0"
"2024",다라5841,in_age_018,"5"
"2024",다라5842,in_age_018,"5"
"2024",다라5843,in_age_018,"5"
"2024",다라5844,in_age_018,"0"
"2024",다라5845,in_age_018,"5"
"2024",다라5846,in_age_018,"8"
"2024",다라5847,in_age_018,"13"
"2024",다라5851,in_age_018,"5"
"2024",다라5853,in_age_018,"5"
"2024",다라5870,in_age_018,"8"
"2024",다라5871,in_age_018,"5"
"2024",다라5876,in_age_018,"5"
"2024",다라5878,in_age_018,"5"
"2024",다라5879,in_age_018,"13"
"2024",다라5880,in_age_018,"18"
"2024",다라5881,in_age_018,"0"
"2024",다라5882,in_age_018,"8"
"2024",다라5885,in_age_018,"5"
"2024",다라5893,in_age_018,"5"
"2024",다라5894,in_age_018,"8"
"2024",다라5896,in_age_018,"0"
"2024",다라5897,in_age_018,"0"
"2024",다라5898,in_age_018,"12"
"2024",다라5899,in_age_018,"5"
"2024",다라5904,in_age_018,"5"
"2024",다라5905,in_age_018,"5"
"2024",다라5928,in_age_018,"8"
"2024",다라5930,in_age_018,"13"
"2024",다라5931,in_age_018,"0"
"2024",다라5932,in_age_018,"8"
"2024",다라5934,in_age_018,"5"
"2024",다라5940,in_age_018,"8"
"2024",다라5944,in_age_018,"0"
"2024",다라5946,in_age_018,"8"
"2024",다라5947,in_age_018,"5"
"2024",다라5948,in_age_018,"0"
"2024",다라5949,in_age_018,"5"
"2024",다라5956,in_age_018,"5"
"2024",다라5963,in_age_018,"5"
"2024",다라5970,in_age_018,"5"
"2024",다라5971,in_age_018,"5"
"2024",다라5973,in_age_018,"5"
"2024",다라5975,in_age_018,"5"
"2024",다라5979,in_age_018,"0"
"2024",다라5980,in_age_018,"0"
"2024",다라5981,in_age_018,"5"
"2024",다라5985,in_age_018,"0"
"2024",다라5986,in_age_018,"5"
"2024",다라5987,in_age_018,"5"
"2024",다라5990,in_age_018,"5"
"2024",다라5993,in_age_018,"5"
"2024",다라5995,in_age_018,"0"
"2024",다라5996,in_age_018,"8"
"2024",다라5999,in_age_018,"5"
"2024",다라6002,in_age_018,"5"
"2024",다라6003,in_age_018,"5"
"2024",다라6004,in_age_018,"18"
"2024",다라6030,in_age_018,"8"
"2024",다라6032,in_age_018,"5"
"2024",다라6034,in_age_018,"0"
"2024",다라6038,in_age_018,"8"
"2024",다라6039,in_age_018,"5"
"2024",다라6040,in_age_018,"5"
"2024",다라6041,in_age_018,"13"
"2024",다라6042,in_age_018,"5"
"2024",다라6044,in_age_018,"5"
"2024",다라6045,in_age_018,"0"
"2024",다라6046,in_age_018,"5"
"2024",다라6048,in_age_018,"5"
"2024",다라6050,in_age_018,"5"
"2024",다라6053,in_age_018,"0"
"2024",다라6063,in_age_018,"5"
"2024",다라6064,in_age_018,"5"
"2024",다라6065,in_age_018,"5"
"2024",다라6071,in_age_018,"5"
"2024",다라6073,in_age_018,"5"
"2024",다라6074,in_age_018,"8"
"2024",다라6079,in_age_018,"0"
"2024",다라6082,in_age_018,"5"
"2024",다라6084,in_age_018,"5"
"2024",다라6090,in_age_018,"0"
"2024",다라6094,in_age_018,"0"
"2024",다라6095,in_age_018,"0"
"2024",다라6096,in_age_018,"0"
"2024",다라6098,in_age_018,"8"
"2024",다라6099,in_age_018,"0"
"2024",다라6102,in_age_018,"0"
"2024",다라6103,in_age_018,"5"
"2024",다라6130,in_age_018,"8"
"2024",다라6131,in_age_018,"0"
"2024",다라6132,in_age_018,"0"
"2024",다라6133,in_age_018,"5"
"2024",다라6134,in_age_018,"0"
"2024",다라6139,in_age_018,"8"
"2024",다라6140,in_age_018,"5"
"2024",다라6141,in_age_018,"68"
"2024",다라6142,in_age_018,"23"
"2024",다라6144,in_age_018,"5"
"2024",다라6147,in_age_018,"13"
"2024",다라6149,in_age_018,"5"
"2024",다라6164,in_age_018,"5"
"2024",다라6165,in_age_018,"5"
"2024",다라6166,in_age_018,"5"
"2024",다라6167,in_age_018,"5"
"2024",다라6169,in_age_018,"5"
"2024",다라6170,in_age_018,"5"
"2024",다라6171,in_age_018,"0"
"2024",다라6172,in_age_018,"5"
"2024",다라6173,in_age_018,"8"
"2024",다라6174,in_age_018,"0"
"2024",다라6179,in_age_018,"13"
"2024",다라6181,in_age_018,"0"
"2024",다라6185,in_age_018,"0"
"2024",다라6192,in_age_018,"0"
"2024",다라6197,in_age_018,"8"
"2024",다라6198,in_age_018,"0"
"2024",다라6199,in_age_018,"0"
"2024",다라6207,in_age_018,"8"
"2024",다라6208,in_age_018,"5"
"2024",다라6223,in_age_018,"5"
"2024",다라6230,in_age_018,"5"
"2024",다라6231,in_age_018,"18"
"2024",다라6232,in_age_018,"5"
"2024",다라6234,in_age_018,"5"
"2024",다라6236,in_age_018,"0"
"2024",다라6238,in_age_018,"5"
"2024",다라6241,in_age_018,"33"
"2024",다라6242,in_age_018,"5"
"2024",다라6243,in_age_018,"5"
"2024",다라6244,in_age_018,"8"
"2024",다라6245,in_age_018,"8"
"2024",다라6247,in_age_018,"0"
"2024",다라6248,in_age_018,"0"
"2024",다라6262,in_age_018,"5"
"2024",다라6264,in_age_018,"5"
"2024",다라6265,in_age_018,"5"
"2024",다라6266,in_age_018,"8"
"2024",다라6267,in_age_018,"0"
"2024",다라6268,in_age_018,"5"
"2024",다라6269,in_age_018,"5"
"2024",다라6272,in_age_018,"0"
"2024",다라6273,in_age_018,"5"
"2024",다라6274,in_age_018,"5"
"2024",다라6276,in_age_018,"0"
"2024",다라6281,in_age_018,"0"
"2024",다라6284,in_age_018,"5"
"2024",다라6286,in_age_018,"8"
"2024",다라6287,in_age_018,"5"
"2024",다라6289,in_age_018,"0"
"2024",다라6291,in_age_018,"5"
"2024",다라6296,in_age_018,"5"
"2024",다라6297,in_age_018,"0"
"2024",다라6298,in_age_018,"0"
"2024",다라6305,in_age_018,"5"
"2024",다라6306,in_age_018,"8"
"2024",다라6307,in_age_018,"13"
"2024",다라6308,in_age_018,"5"
"2024",다라6322,in_age_018,"0"
"2024",다라6323,in_age_018,"5"
"2024",다라6331,in_age_018,"8"
"2024",다라6332,in_age_018,"8"
"2024",다라6333,in_age_018,"0"
"2024",다라6334,in_age_018,"0"
"2024",다라6337,in_age_018,"5"
"2024",다라6338,in_age_018,"0"
"2024",다라6339,in_age_018,"5"
"2024",다라6340,in_age_018,"5"
"2024",다라6341,in_age_018,"8"
"2024",다라6342,in_age_018,"5"
"2024",다라6343,in_age_018,"5"
"2024",다라6344,in_age_018,"0"
"2024",다라6345,in_age_018,"5"
"2024",다라6346,in_age_018,"5"
"2024",다라6347,in_age_018,"0"
"2024",다라6349,in_age_018,"5"
"2024",다라6350,in_age_018,"16"
"2024",다라6352,in_age_018,"0"
"2024",다라6356,in_age_018,"0"
"2024",다라6357,in_age_018,"5"
"2024",다라6365,in_age_018,"5"
"2024",다라6366,in_age_018,"5"
"2024",다라6367,in_age_018,"8"
"2024",다라6368,in_age_018,"8"
"2024",다라6370,in_age_018,"5"
"2024",다라6382,in_age_018,"5"
"2024",다라6386,in_age_018,"8"
"2024",다라6388,in_age_018,"5"
"2024",다라6394,in_age_018,"0"
"2024",다라6395,in_age_018,"0"
"2024",다라6396,in_age_018,"5"
"2024",다라6405,in_age_018,"0"
"2024",다라6406,in_age_018,"13"
"2024",다라6407,in_age_018,"8"
"2024",다라6408,in_age_018,"13"
"2024",다라6413,in_age_018,"18"
"2024",다라6416,in_age_018,"8"
"2024",다라6417,in_age_018,"5"
"2024",다라6432,in_age_018,"5"
"2024",다라6433,in_age_018,"8"
"2024",다라6434,in_age_018,"0"
"2024",다라6435,in_age_018,"5"
"2024",다라6436,in_age_018,"5"
"2024",다라6441,in_age_018,"5"
"2024",다라6442,in_age_018,"5"
"2024",다라6443,in_age_018,"8"
"2024",다라6444,in_age_018,"8"
"2024",다라6445,in_age_018,"0"
"2024",다라6446,in_age_018,"8"
"2024",다라6448,in_age_018,"8"
"2024",다라6450,in_age_018,"0"
"2024",다라6451,in_age_018,"8"
"2024",다라6453,in_age_018,"8"
"2024",다라6455,in_age_018,"5"
"2024",다라6456,in_age_018,"5"
"2024",다라6465,in_age_018,"5"
"2024",다라6468,in_age_018,"5"
"2024",다라6469,in_age_018,"8"
"2024",다라6470,in_age_018,"5"
"2024",다라6472,in_age_018,"0"
"2024",다라6473,in_age_018,"0"
"2024",다라6474,in_age_018,"5"
"2024",다라6482,in_age_018,"5"
"2024",다라6492,in_age_018,"8"
"2024",다라6494,in_age_018,"5"
"2024",다라6495,in_age_018,"8"
"2024",다라6496,in_age_018,"8"
"2024",다라6497,in_age_018,"5"
"2024",다라6499,in_age_018,"5"
"2024",다라6504,in_age_018,"8"
"2024",다라6505,in_age_018,"5"
"2024",다라6506,in_age_018,"18"
"2024",다라6507,in_age_018,"13"
"2024",다라6509,in_age_018,"8"
"2024",다라6510,in_age_018,"8"
"2024",다라6512,in_age_018,"5"
"2024",다라6513,in_age_018,"15"
"2024",다라6515,in_age_018,"0"
"2024",다라6518,in_age_018,"5"
"2024",다라6534,in_age_018,"5"
"2024",다라6535,in_age_018,"8"
"2024",다라6537,in_age_018,"5"
"2024",다라6538,in_age_018,"0"
"2024",다라6539,in_age_018,"0"
"2024",다라6541,in_age_018,"5"
"2024",다라6542,in_age_018,"8"
"2024",다라6546,in_age_018,"8"
"2024",다라6547,in_age_018,"5"
"2024",다라6550,in_age_018,"5"
"2024",다라6551,in_age_018,"0"
"2024",다라6553,in_age_018,"5"
"2024",다라6554,in_age_018,"5"
"2024",다라6555,in_age_018,"8"
"2024",다라6556,in_age_018,"8"
"2024",다라6559,in_age_018,"0"
"2024",다라6560,in_age_018,"0"
"2024",다라6567,in_age_018,"8"
"2024",다라6568,in_age_018,"8"
"2024",다라6569,in_age_018,"5"
"2024",다라6571,in_age_018,"8"
"2024",다라6572,in_age_018,"5"
"2024",다라6575,in_age_018,"23"
"2024",다라6584,in_age_018,"5"
"2024",다라6585,in_age_018,"8"
"2024",다라6588,in_age_018,"5"
"2024",다라6590,in_age_018,"8"
"2024",다라6591,in_age_018,"5"
"2024",다라6593,in_age_018,"13"
"2024",다라6594,in_age_018,"5"
"2024",다라6595,in_age_018,"5"
"2024",다라6596,in_age_018,"5"
"2024",다라6597,in_age_018,"5"
"2024",다라6607,in_age_018,"5"
"2024",다라6608,in_age_018,"5"
"2024",다라6614,in_age_018,"33"
"2024",다라6615,in_age_018,"73"
"2024",다라6616,in_age_018,"8"
"2024",다라6617,in_age_018,"8"
"2024",다라6619,in_age_018,"5"
"2024",다라6620,in_age_018,"5"
"2024",다라6634,in_age_018,"8"
"2024",다라6635,in_age_018,"0"
"2024",다라6638,in_age_018,"5"
"2024",다라6639,in_age_018,"5"
"2024",다라6640,in_age_018,"8"
"2024",다라6642,in_age_018,"0"
"2024",다라6643,in_age_018,"5"
"2024",다라6645,in_age_018,"8"
"2024",다라6646,in_age_018,"5"
"2024",다라6648,in_age_018,"8"
"2024",다라6650,in_age_018,"8"
"2024",다라6652,in_age_018,"5"
"2024",다라6653,in_age_018,"5"
"2024",다라6654,in_age_018,"8"
"2024",다라6655,in_age_018,"8"
"2024",다라6656,in_age_018,"8"
"2024",다라6658,in_age_018,"5"
"2024",다라6662,in_age_018,"0"
"2024",다라6666,in_age_018,"0"
"2024",다라6667,in_age_018,"5"
"2024",다라6670,in_age_018,"0"
"2024",다라6671,in_age_018,"8"
"2024",다라6672,in_age_018,"0"
"2024",다라6673,in_age_018,"8"
"2024",다라6674,in_age_018,"5"
"2024",다라6675,in_age_018,"13"
"2024",다라6676,in_age_018,"5"
"2024",다라6677,in_age_018,"8"
"2024",다라6678,in_age_018,"5"
"2024",다라6681,in_age_018,"5"
"2024",다라6683,in_age_018,"0"
"2024",다라6685,in_age_018,"5"
"2024",다라6686,in_age_018,"5"
"2024",다라6688,in_age_018,"8"
"2024",다라6689,in_age_018,"5"
"2024",다라6690,in_age_018,"5"
"2024",다라6691,in_age_018,"5"
"2024",다라6694,in_age_018,"0"
"2024",다라6697,in_age_018,"23"
"2024",다라6698,in_age_018,"13"
"2024",다라6699,in_age_018,"5"
"2024",다라6703,in_age_018,"0"
"2024",다라6704,in_age_018,"5"
"2024",다라6708,in_age_018,"13"
"2024",다라6709,in_age_018,"5"
"2024",다라6711,in_age_018,"8"
"2024",다라6712,in_age_018,"5"
"2024",다라6714,in_age_018,"13"
"2024",다라6715,in_age_018,"29"
"2024",다라6716,in_age_018,"19"
"2024",다라6717,in_age_018,"27"
"2024",다라6718,in_age_018,"8"
"2024",다라6719,in_age_018,"8"
"2024",다라6721,in_age_018,"5"
"2024",다라6722,in_age_018,"0"
"2024",다라6734,in_age_018,"5"
"2024",다라6738,in_age_018,"0"
"2024",다라6739,in_age_018,"5"
"2024",다라6740,in_age_018,"5"
"2024",다라6742,in_age_018,"5"
"2024",다라6744,in_age_018,"0"
"2024",다라6745,in_age_018,"8"
"2024",다라6746,in_age_018,"0"
"2024",다라6747,in_age_018,"8"
"2024",다라6748,in_age_018,"5"
"2024",다라6749,in_age_018,"8"
"2024",다라6752,in_age_018,"5"
"2024",다라6754,in_age_018,"5"
"2024",다라6756,in_age_018,"5"
"2024",다라6758,in_age_018,"0"
"2024",다라6773,in_age_018,"0"
"2024",다라6775,in_age_018,"5"
"2024",다라6777,in_age_018,"0"
"2024",다라6778,in_age_018,"0"
"2024",다라6779,in_age_018,"5"
"2024",다라6782,in_age_018,"0"
"2024",다라6785,in_age_018,"5"
"2024",다라6792,in_age_018,"0"
"2024",다라6794,in_age_018,"8"
"2024",다라6795,in_age_018,"0"
"2024",다라6796,in_age_018,"8"
"2024",다라6797,in_age_018,"8"
"2024",다라6798,in_age_018,"8"
"2024",다라6799,in_age_018,"20"
"2024",다라6806,in_age_018,"5"
"2024",다라6808,in_age_018,"18"
"2024",다라6809,in_age_018,"0"
"2024",다라6815,in_age_018,"13"
"2024",다라6817,in_age_018,"5"
"2024",다라6818,in_age_018,"8"
"2024",다라6820,in_age_018,"5"
"2024",다라6838,in_age_018,"5"
"2024",다라6839,in_age_018,"8"
"2024",다라6840,in_age_018,"8"
"2024",다라6841,in_age_018,"5"
"2024",다라6842,in_age_018,"8"
"2024",다라6845,in_age_018,"8"
"2024",다라6846,in_age_018,"8"
"2024",다라6848,in_age_018,"8"
"2024",다라6850,in_age_018,"5"
"2024",다라6851,in_age_018,"0"
"2024",다라6852,in_age_018,"5"
"2024",다라6853,in_age_018,"5"
"2024",다라6855,in_age_018,"5"
"2024",다라6857,in_age_018,"0"
"2024",다라6866,in_age_018,"8"
"2024",다라6877,in_age_018,"5"
"2024",다라6878,in_age_018,"0"
"2024",다라6880,in_age_018,"0"
"2024",다라6882,in_age_018,"8"
"2024",다라6885,in_age_018,"0"
"2024",다라6888,in_age_018,"5"
"2024",다라6890,in_age_018,"0"
"2024",다라6895,in_age_018,"5"
"2024",다라6896,in_age_018,"8"
"2024",다라6898,in_age_018,"8"
"2024",다라6909,in_age_018,"5"
"2024",다라6914,in_age_018,"8"
"2024",다라6915,in_age_018,"18"
"2024",다라6918,in_age_018,"8"
"2024",다라6919,in_age_018,"5"
"2024",다라6920,in_age_018,"5"
"2024",다라6921,in_age_018,"8"
"2024",다라6933,in_age_018,"5"
"2024",다라6940,in_age_018,"8"
"2024",다라6941,in_age_018,"5"
"2024",다라6942,in_age_018,"18"
"2024",다라6943,in_age_018,"0"
"2024",다라6945,in_age_018,"5"
"2024",다라6946,in_age_018,"8"
"2024",다라6947,in_age_018,"5"
"2024",다라6950,in_age_018,"5"
"2024",다라6951,in_age_018,"5"
"2024",다라6952,in_age_018,"8"
"2024",다라6955,in_age_018,"8"
"2024",다라6963,in_age_018,"0"
"2024",다라6967,in_age_018,"5"
"2024",다라6968,in_age_018,"0"
"2024",다라6973,in_age_018,"0"
"2024",다라6995,in_age_018,"13"
"2024",다라6996,in_age_018,"0"
"2024",다라6999,in_age_018,"5"
"2024",다라7009,in_age_018,"8"
"2024",다라7010,in_age_018,"8"
"2024",다라7017,in_age_018,"8"
"2024",다라7018,in_age_018,"5"
"2024",다라7019,in_age_018,"18"
"2024",다라7020,in_age_018,"0"
"2024",다라7021,in_age_018,"0"
"2024",다라7022,in_age_018,"5"
"2024",다라7023,in_age_018,"18"
"2024",다라7024,in_age_018,"5"
"2024",다라7033,in_age_018,"5"
"2024",다라7040,in_age_018,"8"
"2024",다라7041,in_age_018,"5"
"2024",다라7043,in_age_018,"5"
"2024",다라7046,in_age_018,"8"
"2024",다라7050,in_age_018,"5"
"2024",다라7052,in_age_018,"5"
"2024",다라7057,in_age_018,"0"
"2024",다라7059,in_age_018,"8"
"2024",다라7068,in_age_018,"0"
"2024",다라7074,in_age_018,"5"
"2024",다라7079,in_age_018,"5"
"2024",다라7083,in_age_018,"5"
"2024",다라7088,in_age_018,"0"
"2024",다라7092,in_age_018,"5"
"2024",다라7093,in_age_018,"13"
"2024",다라7094,in_age_018,"8"
"2024",다라7095,in_age_018,"8"
"2024",다라7098,in_age_018,"5"
"2024",다라7099,in_age_018,"8"
"2024",다라7107,in_age_018,"0"
"2024",다라7110,in_age_018,"0"
"2024",다라7117,in_age_018,"13"
"2024",다라7119,in_age_018,"5"
"2024",다라7120,in_age_018,"8"
"2024",다라7123,in_age_018,"13"
"2024",다라7125,in_age_018,"8"
"2024",다라7126,in_age_018,"8"
"2024",다라7133,in_age_018,"5"
"2024",다라7134,in_age_018,"0"
"2024",다라7135,in_age_018,"5"
"2024",다라7139,in_age_018,"8"
"2024",다라7140,in_age_018,"5"
"2024",다라7141,in_age_018,"8"
"2024",다라7142,in_age_018,"5"
"2024",다라7143,in_age_018,"5"
"2024",다라7150,in_age_018,"5"
"2024",다라7152,in_age_018,"8"
"2024",다라7154,in_age_018,"5"
"2024",다라7156,in_age_018,"8"
"2024",다라7157,in_age_018,"13"
"2024",다라7158,in_age_018,"0"
"2024",다라7181,in_age_018,"0"
"2024",다라7193,in_age_018,"5"
"2024",다라7194,in_age_018,"5"
"2024",다라7195,in_age_018,"25"
"2024",다라7198,in_age_018,"5"
"2024",다라7199,in_age_018,"0"
"2024",다라7204,in_age_018,"0"
"2024",다라7207,in_age_018,"8"
"2024",다라7209,in_age_018,"5"
"2024",다라7210,in_age_018,"8"
"2024",다라7214,in_age_018,"8"
"2024",다라7215,in_age_018,"13"
"2024",다라7216,in_age_018,"8"
"2024",다라7219,in_age_018,"0"
"2024",다라7220,in_age_018,"5"
"2024",다라7226,in_age_018,"5"
"2024",다라7235,in_age_018,"0"
"2024",다라7236,in_age_018,"8"
"2024",다라7239,in_age_018,"8"
"2024",다라7241,in_age_018,"13"
"2024",다라7242,in_age_018,"28"
"2024",다라7243,in_age_018,"18"
"2024",다라7252,in_age_018,"5"
"2024",다라7253,in_age_018,"5"
"2024",다라7254,in_age_018,"5"
"2024",다라7255,in_age_018,"5"
"2024",다라7257,in_age_018,"5"
"2024",다라7260,in_age_018,"0"
"2024",다라7261,in_age_018,"0"
"2024",다라7262,in_age_018,"8"
"2024",다라7277,in_age_018,"5"
"2024",다라7279,in_age_018,"0"
"2024",다라7292,in_age_018,"5"
"2024",다라7293,in_age_018,"8"
"2024",다라7294,in_age_018,"5"
"2024",다라7295,in_age_018,"8"
"2024",다라7299,in_age_018,"5"
"2024",다라7304,in_age_018,"18"
"2024",다라7305,in_age_018,"5"
"2024",다라7308,in_age_018,"5"
"2024",다라7314,in_age_018,"5"
"2024",다라7316,in_age_018,"5"
"2024",다라7319,in_age_018,"18"
"2024",다라7320,in_age_018,"8"
"2024",다라7321,in_age_018,"5"
"2024",다라7336,in_age_018,"0"
"2024",다라7337,in_age_018,"5"
"2024",다라7338,in_age_018,"5"
"2024",다라7340,in_age_018,"8"
"2024",다라7342,in_age_018,"13"
"2024",다라7343,in_age_018,"5"
"2024",다라7344,in_age_018,"8"
"2024",다라7350,in_age_018,"5"
"2024",다라7352,in_age_018,"5"
"2024",다라7353,in_age_018,"5"
"2024",다라7354,in_age_018,"0"
"2024",다라7355,in_age_018,"5"
"2024",다라7357,in_age_018,"5"
"2024",다라7361,in_age_018,"0"
"2024",다라7368,in_age_018,"8"
"2024",다라7375,in_age_018,"5"
"2024",다라7376,in_age_018,"5"
"2024",다라7383,in_age_018,"0"
"2024",다라7392,in_age_018,"5"
"2024",다라7393,in_age_018,"18"
"2024",다라7396,in_age_018,"5"
"2024",다라7399,in_age_018,"8"
"2024",다라7406,in_age_018,"0"
"2024",다라7408,in_age_018,"8"
"2024",다라7415,in_age_018,"0"
"2024",다라7416,in_age_018,"8"
"2024",다라7417,in_age_018,"5"
"2024",다라7418,in_age_018,"5"
"2024",다라7419,in_age_018,"8"
"2024",다라7420,in_age_018,"8"
"2024",다라7421,in_age_018,"5"
"2024",다라7443,in_age_018,"13"
"2024",다라7444,in_age_018,"8"
"2024",다라7453,in_age_018,"8"
"2024",다라7454,in_age_018,"8"
"2024",다라7463,in_age_018,"5"
"2024",다라7464,in_age_018,"5"
"2024",다라7469,in_age_018,"8"
"2024",다라7477,in_age_018,"8"
"2024",다라7478,in_age_018,"5"
"2024",다라7483,in_age_018,"8"
"2024",다라7484,in_age_018,"5"
"2024",다라7489,in_age_018,"5"
"2024",다라7491,in_age_018,"8"
"2024",다라7492,in_age_018,"8"
"2024",다라7497,in_age_018,"5"
"2024",다라7498,in_age_018,"8"
"2024",다라7499,in_age_018,"5"
"2024",다라7508,in_age_018,"5"
"2024",다라7515,in_age_018,"5"
"2024",다라7516,in_age_018,"0"
"2024",다라7517,in_age_018,"5"
"2024",다라7518,in_age_018,"5"
"2024",다라7519,in_age_018,"8"
"2024",다라7520,in_age_018,"8"
"2024",다라7521,in_age_018,"8"
"2024",다라7529,in_age_018,"8"
"2024",다라7530,in_age_018,"8"
"2024",다라7531,in_age_018,"8"
"2024",다라7543,in_age_018,"8"
"2024",다라7544,in_age_018,"5"
"2024",다라7545,in_age_018,"8"
"2024",다라7546,in_age_018,"13"
"2024",다라7547,in_age_018,"0"
"2024",다라7552,in_age_018,"0"
"2024",다라7553,in_age_018,"5"
"2024",다라7556,in_age_018,"0"
"2024",다라7562,in_age_018,"0"
"2024",다라7575,in_age_018,"18"
"2024",다라7576,in_age_018,"5"
"2024",다라7577,in_age_018,"8"
"2024",다라7578,in_age_018,"5"
"2024",다라7579,in_age_018,"5"
"2024",다라7580,in_age_018,"5"
"2024",다라7581,in_age_018,"5"
"2024",다라7587,in_age_018,"0"
"2024",다라7588,in_age_018,"13"
"2024",다라7590,in_age_018,"5"
"2024",다라7591,in_age_018,"5"
"2024",다라7592,in_age_018,"5"
"2024",다라7593,in_age_018,"13"
"2024",다라7613,in_age_018,"8"
"2024",다라7614,in_age_018,"8"
"2024",다라7616,in_age_018,"0"
"2024",다라7618,in_age_018,"0"
"2024",다라7619,in_age_018,"8"
"2024",다라7620,in_age_018,"13"
"2024",다라7621,in_age_018,"5"
"2024",다라7622,in_age_018,"0"
"2024",다라7623,in_age_018,"5"
"2024",다라7624,in_age_018,"5"
"2024",다라7628,in_age_018,"5"
"2024",다라7629,in_age_018,"5"
"2024",다라7630,in_age_018,"0"
"2024",다라7631,in_age_018,"0"
"2024",다라7632,in_age_018,"5"
"2024",다라7633,in_age_018,"0"
"2024",다라7640,in_age_018,"8"
"2024",다라7643,in_age_018,"8"
"2024",다라7644,in_age_018,"13"
"2024",다라7645,in_age_018,"18"
"2024",다라7646,in_age_018,"8"
"2024",다라7647,in_age_018,"8"
"2024",다라7654,in_age_018,"5"
"2024",다라7655,in_age_018,"5"
"2024",다라7664,in_age_018,"8"
"2024",다라7665,in_age_018,"5"
"2024",다라7667,in_age_018,"8"
"2024",다라7675,in_age_018,"8"
"2024",다라7676,in_age_018,"5"
"2024",다라7678,in_age_018,"0"
"2024",다라7679,in_age_018,"8"
"2024",다라7681,in_age_018,"5"
"2024",다라7682,in_age_018,"18"
"2024",다라7683,in_age_018,"5"
"2024",다라7685,in_age_018,"8"
"2024",다라7686,in_age_018,"5"
"2024",다라7688,in_age_018,"13"
"2024",다라7689,in_age_018,"0"
"2024",다라7690,in_age_018,"5"
"2024",다라7691,in_age_018,"8"
"2024",다라7700,in_age_018,"8"
"2024",다라7714,in_age_018,"5"
"2024",다라7715,in_age_018,"18"
"2024",다라7716,in_age_018,"0"
"2024",다라7718,in_age_018,"5"
"2024",다라7719,in_age_018,"13"
"2024",다라7721,in_age_018,"8"
"2024",다라7724,in_age_018,"18"
"2024",다라7725,in_age_018,"8"
"2024",다라7726,in_age_018,"0"
"2024",다라7727,in_age_018,"5"
"2024",다라7728,in_age_018,"5"
"2024",다라7729,in_age_018,"8"
"2024",다라7730,in_age_018,"8"
"2024",다라7731,in_age_018,"8"
"2024",다라7732,in_age_018,"0"
"2024",다라7733,in_age_018,"5"
"2024",다라7734,in_age_018,"5"
"2024",다라7740,in_age_018,"5"
"2024",다라7741,in_age_018,"5"
"2024",다라7742,in_age_018,"8"
"2024",다라7743,in_age_018,"8"
"2024",다라7744,in_age_018,"5"
"2024",다라7745,in_age_018,"8"
"2024",다라7746,in_age_018,"5"
"2024",다라7747,in_age_018,"5"
"2024",다라7749,in_age_018,"0"
"2024",다라7753,in_age_018,"8"
"2024",다라7757,in_age_018,"8"
"2024",다라7758,in_age_018,"5"
"2024",다라7760,in_age_018,"5"
"2024",다라7761,in_age_018,"5"
"2024",다라7763,in_age_018,"5"
"2024",다라7764,in_age_018,"5"
"2024",다라7774,in_age_018,"8"
"2024",다라7775,in_age_018,"5"
"2024",다라7776,in_age_018,"8"
"2024",다라7777,in_age_018,"5"
"2024",다라7778,in_age_018,"8"
"2024",다라7779,in_age_018,"5"
"2024",다라7780,in_age_018,"5"
"2024",다라7781,in_age_018,"28"
"2024",다라7782,in_age_018,"28"
"2024",다라7785,in_age_018,"5"
"2024",다라7786,in_age_018,"8"
"2024",다라7789,in_age_018,"5"
"2024",다라7790,in_age_018,"0"
"2024",다라7791,in_age_018,"5"
"2024",다라7794,in_age_018,"5"
"2024",다라7810,in_age_018,"5"
"2024",다라7813,in_age_018,"5"
"2024",다라7822,in_age_018,"5"
"2024",다라7823,in_age_018,"8"
"2024",다라7825,in_age_018,"13"
"2024",다라7827,in_age_018,"8"
"2024",다라7828,in_age_018,"5"
"2024",다라7830,in_age_018,"13"
"2024",다라7831,in_age_018,"13"
"2024",다라7832,in_age_018,"8"
"2024",다라7833,in_age_018,"5"
"2024",다라7834,in_age_018,"8"
"2024",다라7835,in_age_018,"5"
"2024",다라7838,in_age_018,"5"
"2024",다라7839,in_age_018,"5"
"2024",다라7841,in_age_018,"8"
"2024",다라7842,in_age_018,"8"
"2024",다라7843,in_age_018,"5"
"2024",다라7844,in_age_018,"5"
"2024",다라7845,in_age_018,"8"
"2024",다라7846,in_age_018,"5"
"2024",다라7847,in_age_018,"8"
"2024",다라7848,in_age_018,"8"
"2024",다라7849,in_age_018,"5"
"2024",다라7855,in_age_018,"0"
"2024",다라7857,in_age_018,"5"
"2024",다라7858,in_age_018,"0"
"2024",다라7860,in_age_018,"5"
"2024",다라7861,in_age_018,"5"
"2024",다라7863,in_age_018,"5"
"2024",다라7864,in_age_018,"8"
"2024",다라7865,in_age_018,"8"
"2024",다라7867,in_age_018,"5"
"2024",다라7869,in_age_018,"5"
"2024",다라7871,in_age_018,"8"
"2024",다라7872,in_age_018,"5"
"2024",다라7873,in_age_018,"5"
"2024",다라7874,in_age_018,"5"
"2024",다라7875,in_age_018,"5"
"2024",다라7876,in_age_018,"8"
"2024",다라7878,in_age_018,"5"
"2024",다라7879,in_age_018,"8"
"2024",다라7881,in_age_018,"5"
"2024",다라7882,in_age_018,"8"
"2024",다라7883,in_age_018,"16"
"2024",다라7884,in_age_018,"5"
"2024",다라7885,in_age_018,"5"
"2024",다라7886,in_age_018,"8"
"2024",다라7895,in_age_018,"13"
"2024",다라7896,in_age_018,"0"
"2024",다라7909,in_age_018,"5"
"2024",다라7912,in_age_018,"8"
"2024",다라7920,in_age_018,"5"
"2024",다라7921,in_age_018,"0"
"2024",다라7922,in_age_018,"13"
"2024",다라7923,in_age_018,"28"
"2024",다라7924,in_age_018,"8"
"2024",다라7925,in_age_018,"8"
"2024",다라7926,in_age_018,"0"
"2024",다라7927,in_age_018,"5"
"2024",다라7928,in_age_018,"8"
"2024",다라7929,in_age_018,"5"
"2024",다라7930,in_age_018,"5"
"2024",다라7931,in_age_018,"5"
"2024",다라7933,in_age_018,"5"
"2024",다라7934,in_age_018,"0"
"2024",다라7935,in_age_018,"0"
"2024",다라7938,in_age_018,"5"
"2024",다라7939,in_age_018,"5"
"2024",다라7940,in_age_018,"8"
"2024",다라7941,in_age_018,"13"
"2024",다라7942,in_age_018,"8"
"2024",다라7945,in_age_018,"5"
"2024",다라7946,in_age_018,"8"
"2024",다라7947,in_age_018,"0"
"2024",다라7948,in_age_018,"26"
"2024",다라7949,in_age_018,"5"
"2024",다라7950,in_age_018,"0"
"2024",다라7951,in_age_018,"5"
"2024",다라7954,in_age_018,"0"
"2024",다라7957,in_age_018,"13"
"2024",다라7958,in_age_018,"5"
"2024",다라7960,in_age_018,"8"
"2024",다라7962,in_age_018,"8"
"2024",다라7964,in_age_018,"5"
"2024",다라7972,in_age_018,"8"
"2024",다라7973,in_age_018,"13"
"2024",다라7974,in_age_018,"8"
"2024",다라7980,in_age_018,"5"
"2024",다라7981,in_age_018,"8"
"2024",다라7993,in_age_018,"5"
"2024",다라7996,in_age_018,"8"
"2024",다라8010,in_age_018,"5"
"2024",다라8011,in_age_018,"8"
"2024",다라8012,in_age_018,"13"
"2024",다라8018,in_age_018,"0"
"2024",다라8023,in_age_018,"56"
"2024",다라8024,in_age_018,"38"
"2024",다라8027,in_age_018,"8"
"2024",다라8028,in_age_018,"5"
"2024",다라8029,in_age_018,"5"
"2024",다라8033,in_age_018,"5"
"2024",다라8037,in_age_018,"0"
"2024",다라8038,in_age_018,"5"
"2024",다라8040,in_age_018,"5"
"2024",다라8041,in_age_018,"5"
"2024",다라8042,in_age_018,"18"
"2024",다라8043,in_age_018,"5"
"2024",다라8045,in_age_018,"5"
"2024",다라8046,in_age_018,"5"
"2024",다라8049,in_age_018,"8"
"2024",다라8051,in_age_018,"5"
"2024",다라8052,in_age_018,"5"
"2024",다라8053,in_age_018,"5"
"2024",다라8054,in_age_018,"0"
"2024",다라8056,in_age_018,"0"
"2024",다라8057,in_age_018,"5"
"2024",다라8059,in_age_018,"5"
"2024",다라8060,in_age_018,"0"
"2024",다라8063,in_age_018,"5"
"2024",다라8072,in_age_018,"8"
"2024",다라8073,in_age_018,"8"
"2024",다라8074,in_age_018,"5"
"2024",다라8075,in_age_018,"8"
"2024",다라8077,in_age_018,"5"
"2024",다라8080,in_age_018,"5"
"2024",다라8081,in_age_018,"0"
"2024",다라8082,in_age_018,"8"
"2024",다라8088,in_age_018,"8"
"2024",다라8093,in_age_018,"8"
"2024",다라8094,in_age_018,"5"
"2024",다라8096,in_age_018,"20"
"2024",다라8097,in_age_018,"0"
"2024",다라8098,in_age_018,"33"
"2024",다라8099,in_age_018,"23"
"2024",다라8107,in_age_018,"0"
"2024",다라8108,in_age_018,"5"
"2024",다라8109,in_age_018,"5"
"2024",다라8112,in_age_018,"8"
"2024",다라8117,in_age_018,"0"
"2024",다라8118,in_age_018,"5"
"2024",다라8119,in_age_018,"5"
"2024",다라8122,in_age_018,"5"
"2024",다라8123,in_age_018,"8"
"2024",다라8125,in_age_018,"95"
"2024",다라8126,in_age_018,"5"
"2024",다라8128,in_age_018,"5"
"2024",다라8139,in_age_018,"0"
"2024",다라8140,in_age_018,"8"
"2024",다라8141,in_age_018,"8"
"2024",다라8143,in_age_018,"13"
"2024",다라8147,in_age_018,"5"
"2024",다라8149,in_age_018,"13"
"2024",다라8153,in_age_018,"8"
"2024",다라8157,in_age_018,"5"
"2024",다라8158,in_age_018,"0"
"2024",다라8172,in_age_018,"5"
"2024",다라8173,in_age_018,"5"
"2024",다라8174,in_age_018,"5"
"2024",다라8176,in_age_018,"0"
"2024",다라8177,in_age_018,"5"
"2024",다라8178,in_age_018,"8"
"2024",다라8179,in_age_018,"8"
"2024",다라8180,in_age_018,"13"
"2024",다라8181,in_age_018,"8"
"2024",다라8188,in_age_018,"5"
"2024",다라8195,in_age_018,"0"
"2024",다라8196,in_age_018,"5"
"2024",다라8197,in_age_018,"8"
"2024",다라8198,in_age_018,"58"
"2024",다라8199,in_age_018,"0"
"2024",다라8205,in_age_018,"8"
"2024",다라8209,in_age_018,"5"
"2024",다라8212,in_age_018,"5"
"2024",다라8215,in_age_018,"23"
"2024",다라8217,in_age_018,"5"
"2024",다라8218,in_age_018,"0"
"2024",다라8219,in_age_018,"8"
"2024",다라8221,in_age_018,"0"
"2024",다라8222,in_age_018,"5"
"2024",다라8223,in_age_018,"0"
"2024",다라8226,in_age_018,"5"
"2024",다라8227,in_age_018,"8"
"2024",다라8228,in_age_018,"5"
"2024",다라8229,in_age_018,"13"
"2024",다라8236,in_age_018,"5"
"2024",다라8240,in_age_018,"13"
"2024",다라8241,in_age_018,"8"
"2024",다라8242,in_age_018,"5"
"2024",다라8243,in_age_018,"5"
"2024",다라8247,in_age_018,"5"
"2024",다라8248,in_age_018,"0"
"2024",다라8249,in_age_018,"5"
"2024",다라8251,in_age_018,"0"
"2024",다라8252,in_age_018,"5"
"2024",다라8253,in_age_018,"8"
"2024",다라8254,in_age_018,"5"
"2024",다라8270,in_age_018,"8"
"2024",다라8272,in_age_018,"0"
"2024",다라8277,in_age_018,"5"
"2024",다라8278,in_age_018,"8"
"2024",다라8281,in_age_018,"0"
"2024",다라8282,in_age_018,"5"
"2024",다라8285,in_age_018,"5"
"2024",다라8287,in_age_018,"8"
"2024",다라8293,in_age_018,"0"
"2024",다라8294,in_age_018,"5"
"2024",다라8296,in_age_018,"5"
"2024",다라8297,in_age_018,"8"
"2024",다라8298,in_age_018,"5"
"2024",다라8299,in_age_018,"8"
"2024",다라8305,in_age_018,"0"
"2024",다라8308,in_age_018,"0"
"2024",다라8310,in_age_018,"5"
"2024",다라8311,in_age_018,"8"
"2024",다라8312,in_age_018,"23"
"2024",다라8313,in_age_018,"8"
"2024",다라8314,in_age_018,"13"
"2024",다라8315,in_age_018,"8"
"2024",다라8316,in_age_018,"5"
"2024",다라8317,in_age_018,"0"
"2024",다라8318,in_age_018,"5"
"2024",다라8319,in_age_018,"8"
"2024",다라8321,in_age_018,"5"
"2024",다라8326,in_age_018,"5"
"2024",다라8328,in_age_018,"8"
"2024",다라8329,in_age_018,"8"
"2024",다라8331,in_age_018,"18"
"2024",다라8342,in_age_018,"5"
"2024",다라8343,in_age_018,"8"
"2024",다라8348,in_age_018,"0"
"2024",다라8349,in_age_018,"8"
"2024",다라8350,in_age_018,"5"
"2024",다라8351,in_age_018,"5"
"2024",다라8352,in_age_018,"8"
"2024",다라8353,in_age_018,"8"
"2024",다라8354,in_age_018,"8"
"2024",다라8360,in_age_018,"5"
"2024",다라8363,in_age_018,"5"
"2024",다라8376,in_age_018,"0"
"2024",다라8381,in_age_018,"8"
"2024",다라8382,in_age_018,"5"
"2024",다라8383,in_age_018,"5"
"2024",다라8384,in_age_018,"13"
"2024",다라8385,in_age_018,"0"
"2024",다라8396,in_age_018,"5"
"2024",다라8397,in_age_018,"33"
"2024",다라8399,in_age_018,"28"
"2024",다라8405,in_age_018,"0"
"2024",다라8406,in_age_018,"5"
"2024",다라8408,in_age_018,"5"
"2024",다라8409,in_age_018,"5"
"2024",다라8411,in_age_018,"8"
"2024",다라8412,in_age_018,"5"
"2024",다라8414,in_age_018,"5"
"2024",다라8415,in_age_018,"8"
"2024",다라8416,in_age_018,"5"
"2024",다라8419,in_age_018,"8"
"2024",다라8420,in_age_018,"5"
"2024",다라8421,in_age_018,"8"
"2024",다라8422,in_age_018,"5"
"2024",다라8428,in_age_018,"0"
"2024",다라8429,in_age_018,"5"
"2024",다라8430,in_age_018,"8"
"2024",다라8431,in_age_018,"5"
"2024",다라8432,in_age_018,"13"
"2024",다라8437,in_age_018,"5"
"2024",다라8441,in_age_018,"8"
"2024",다라8442,in_age_018,"13"
"2024",다라8443,in_age_018,"5"
"2024",다라8444,in_age_018,"13"
"2024",다라8445,in_age_018,"8"
"2024",다라8447,in_age_018,"5"
"2024",다라8448,in_age_018,"5"
"2024",다라8449,in_age_018,"5"
"2024",다라8450,in_age_018,"8"
"2024",다라8451,in_age_018,"5"
"2024",다라8453,in_age_018,"8"
"2024",다라8454,in_age_018,"8"
"2024",다라8455,in_age_018,"8"
"2024",다라8456,in_age_018,"0"
"2024",다라8457,in_age_018,"19"
"2024",다라8460,in_age_018,"8"
"2024",다라8461,in_age_018,"5"
"2024",다라8463,in_age_018,"5"
"2024",다라8466,in_age_018,"5"
"2024",다라8470,in_age_018,"0"
"2024",다라8471,in_age_018,"5"
"2024",다라8497,in_age_018,"5"
"2024",다라8510,in_age_018,"13"
"2024",다라8512,in_age_018,"5"
"2024",다라8515,in_age_018,"5"
"2024",다라8516,in_age_018,"8"
"2024",다라8517,in_age_018,"0"
"2024",다라8519,in_age_018,"33"
"2024",다라8521,in_age_018,"5"
"2024",다라8522,in_age_018,"5"
"2024",다라8528,in_age_018,"8"
"2024",다라8529,in_age_018,"8"
"2024",다라8531,in_age_018,"5"
"2024",다라8533,in_age_018,"0"
"2024",다라8534,in_age_018,"8"
"2024",다라8537,in_age_018,"5"
"2024",다라8538,in_age_018,"0"
"2024",다라8539,in_age_018,"5"
"2024",다라8540,in_age_018,"8"
"2024",다라8542,in_age_018,"8"
"2024",다라8543,in_age_018,"5"
"2024",다라8544,in_age_018,"8"
"2024",다라8545,in_age_018,"5"
"2024",다라8546,in_age_018,"0"
"2024",다라8547,in_age_018,"8"
"2024",다라8548,in_age_018,"23"
"2024",다라8549,in_age_018,"33"
"2024",다라8550,in_age_018,"58"
"2024",다라8551,in_age_018,"5"
"2024",다라8552,in_age_018,"13"
"2024",다라8553,in_age_018,"8"
"2024",다라8556,in_age_018,"18"
"2024",다라8557,in_age_018,"13"
"2024",다라8562,in_age_018,"0"
"2024",다라8563,in_age_018,"5"
"2024",다라8566,in_age_018,"5"
"2024",다라8569,in_age_018,"8"
"2024",다라8570,in_age_018,"8"
"2024",다라8583,in_age_018,"0"
"2024",다라8584,in_age_018,"0"
"2024",다라8585,in_age_018,"5"
"2024",다라8590,in_age_018,"8"
"2024",다라8596,in_age_018,"0"
"2024",다라8599,in_age_018,"8"
"2024",다라8612,in_age_018,"5"
"2024",다라8614,in_age_018,"5"
"2024",다라8615,in_age_018,"13"
"2024",다라8616,in_age_018,"11"
"2024",다라8617,in_age_018,"0"
"2024",다라8618,in_age_018,"8"
"2024",다라8619,in_age_018,"8"
"2024",다라8620,in_age_018,"5"
"2024",다라8622,in_age_018,"8"
"2024",다라8624,in_age_018,"5"
"2024",다라8628,in_age_018,"5"
"2024",다라8629,in_age_018,"5"
"2024",다라8630,in_age_018,"5"
"2024",다라8631,in_age_018,"8"
"2024",다라8632,in_age_018,"8"
"2024",다라8633,in_age_018,"8"
"2024",다라8634,in_age_018,"5"
"2024",다라8635,in_age_018,"5"
"2024",다라8636,in_age_018,"8"
"2024",다라8637,in_age_018,"8"
"2024",다라8638,in_age_018,"8"
"2024",다라8640,in_age_018,"5"
"2024",다라8641,in_age_018,"5"
"2024",다라8643,in_age_018,"5"
"2024",다라8644,in_age_018,"8"
"2024",다라8645,in_age_018,"5"
"2024",다라8647,in_age_018,"5"
"2024",다라8648,in_age_018,"8"
"2024",다라8649,in_age_018,"5"
"2024",다라8650,in_age_018,"72"
"2024",다라8652,in_age_018,"13"
"2024",다라8653,in_age_018,"8"
"2024",다라8654,in_age_018,"5"
"2024",다라8655,in_age_018,"8"
"2024",다라8656,in_age_018,"8"
"2024",다라8660,in_age_018,"8"
"2024",다라8661,in_age_018,"0"
"2024",다라8663,in_age_018,"0"
"2024",다라8666,in_age_018,"5"
"2024",다라8667,in_age_018,"0"
"2024",다라8669,in_age_018,"0"
"2024",다라8670,in_age_018,"5"
"2024",다라8671,in_age_018,"13"
"2024",다라8672,in_age_018,"0"
"2024",다라8673,in_age_018,"0"
"2024",다라8676,in_age_018,"0"
"2024",다라8685,in_age_018,"5"
"2024",다라8686,in_age_018,"5"
"2024",다라8694,in_age_018,"5"
"2024",다라8698,in_age_018,"5"
"2024",다라8699,in_age_018,"0"
"2024",다라8711,in_age_018,"8"
"2024",다라8712,in_age_018,"8"
"2024",다라8714,in_age_018,"5"
"2024",다라8716,in_age_018,"5"
"2024",다라8722,in_age_018,"14"
"2024",다라8723,in_age_018,"13"
"2024",다라8729,in_age_018,"5"
"2024",다라8731,in_age_018,"44"
"2024",다라8732,in_age_018,"5"
"2024",다라8734,in_age_018,"5"
"2024",다라8735,in_age_018,"5"
"2024",다라8736,in_age_018,"8"
"2024",다라8737,in_age_018,"5"
"2024",다라8739,in_age_018,"0"
"2024",다라8740,in_age_018,"8"
"2024",다라8743,in_age_018,"5"
"2024",다라8745,in_age_018,"0"
"2024",다라8746,in_age_018,"5"
"2024",다라8747,in_age_018,"0"
"2024",다라8750,in_age_018,"13"
"2024",다라8754,in_age_018,"5"
"2024",다라8755,in_age_018,"8"
"2024",다라8761,in_age_018,"5"
"2024",다라8762,in_age_018,"0"
"2024",다라8764,in_age_018,"5"
"2024",다라8766,in_age_018,"8"
"2024",다라8769,in_age_018,"8"
"2024",다라8771,in_age_018,"0"
"2024",다라8772,in_age_018,"5"
"2024",다라8774,in_age_018,"0"
"2024",다라8776,in_age_018,"13"
"2024",다라8777,in_age_018,"5"
"2024",다라8780,in_age_018,"0"
"2024",다라8781,in_age_018,"5"
"2024",다라8782,in_age_018,"0"
"2024",다라8783,in_age_018,"5"
"2024",다라8784,in_age_018,"5"
"2024",다라8785,in_age_018,"5"
"2024",다라8787,in_age_018,"5"
"2024",다라8791,in_age_018,"0"
"2024",다라8793,in_age_018,"5"
"2024",다라8812,in_age_018,"5"
"2024",다라8817,in_age_018,"5"
"2024",다라8824,in_age_018,"5"
"2024",다라8826,in_age_018,"8"
"2024",다라8828,in_age_018,"5"
"2024",다라8829,in_age_018,"8"
"2024",다라8830,in_age_018,"5"
"2024",다라8831,in_age_018,"8"
"2024",다라8832,in_age_018,"13"
"2024",다라8833,in_age_018,"5"
"2024",다라8834,in_age_018,"0"
"2024",다라8837,in_age_018,"5"
"2024",다라8838,in_age_018,"8"
"2024",다라8839,in_age_018,"5"
"2024",다라8840,in_age_018,"5"
"2024",다라8843,in_age_018,"0"
"2024",다라8844,in_age_018,"0"
"2024",다라8845,in_age_018,"0"
"2024",다라8846,in_age_018,"5"
"2024",다라8847,in_age_018,"0"
"2024",다라8850,in_age_018,"5"
"2024",다라8858,in_age_018,"5"
"2024",다라8862,in_age_018,"0"
"2024",다라8865,in_age_018,"5"
"2024",다라8867,in_age_018,"5"
"2024",다라8869,in_age_018,"13"
"2024",다라8870,in_age_018,"5"
"2024",다라8871,in_age_018,"5"
"2024",다라8872,in_age_018,"0"
"2024",다라8873,in_age_018,"0"
"2024",다라8876,in_age_018,"8"
"2024",다라8877,in_age_018,"8"
"2024",다라8879,in_age_018,"5"
"2024",다라8880,in_age_018,"5"
"2024",다라8888,in_age_018,"5"
"2024",다라8889,in_age_018,"13"
"2024",다라8890,in_age_018,"5"
"2024",다라8891,in_age_018,"0"
"2024",다라8892,in_age_018,"5"
"2024",다라8894,in_age_018,"5"
"2024",다라8910,in_age_018,"0"
"2024",다라8912,in_age_018,"5"
"2024",다라8917,in_age_018,"8"
"2024",다라8918,in_age_018,"0"
"2024",다라8923,in_age_018,"0"
"2024",다라8925,in_age_018,"20"
"2024",다라8928,in_age_018,"8"
"2024",다라8929,in_age_018,"5"
"2024",다라8930,in_age_018,"5"
"2024",다라8932,in_age_018,"5"
"2024",다라8934,in_age_018,"5"
"2024",다라8939,in_age_018,"8"
"2024",다라8943,in_age_018,"8"
"2024",다라8944,in_age_018,"5"
"2024",다라8945,in_age_018,"29"
"2024",다라8947,in_age_018,"0"
"2024",다라8948,in_age_018,"5"
"2024",다라8949,in_age_018,"5"
"2024",다라8950,in_age_018,"5"
"2024",다라8951,in_age_018,"5"
"2024",다라8955,in_age_018,"5"
"2024",다라8958,in_age_018,"5"
"2024",다라8964,in_age_018,"0"
"2024",다라8968,in_age_018,"25"
"2024",다라8969,in_age_018,"0"
"2024",다라8970,in_age_018,"5"
"2024",다라8971,in_age_018,"8"
"2024",다라8976,in_age_018,"8"
"2024",다라8977,in_age_018,"8"
"2024",다라8988,in_age_018,"0"
"2024",다라8992,in_age_018,"8"
"2024",다라9012,in_age_018,"5"
"2024",다라9013,in_age_018,"5"
"2024",다라9014,in_age_018,"0"
"2024",다라9017,in_age_018,"8"
"2024",다라9018,in_age_018,"5"
"2024",다라9019,in_age_018,"5"
"2024",다라9023,in_age_018,"8"
"2024",다라9028,in_age_018,"0"
"2024",다라9029,in_age_018,"5"
"2024",다라9031,in_age_018,"5"
"2024",다라9032,in_age_018,"5"
"2024",다라9033,in_age_018,"5"
"2024",다라9034,in_age_018,"13"
"2024",다라9040,in_age_018,"5"
"2024",다라9041,in_age_018,"5"
"2024",다라9042,in_age_018,"5"
"2024",다라9044,in_age_018,"6"
"2024",다라9045,in_age_018,"5"
"2024",다라9048,in_age_018,"8"
"2024",다라9049,in_age_018,"5"
"2024",다라9050,in_age_018,"5"
"2024",다라9051,in_age_018,"5"
"2024",다라9053,in_age_018,"0"
"2024",다라9054,in_age_018,"19"
"2024",다라9057,in_age_018,"5"
"2024",다라9058,in_age_018,"5"
"2024",다라9059,in_age_018,"5"
"2024",다라9060,in_age_018,"8"
"2024",다라9068,in_age_018,"8"
"2024",다라9075,in_age_018,"5"
"2024",다라9076,in_age_018,"5"
"2024",다라9077,in_age_018,"5"
"2024",다라9078,in_age_018,"5"
"2024",다라9085,in_age_018,"0"
"2024",다라9086,in_age_018,"5"
"2024",다라9087,in_age_018,"0"
"2024",다라9088,in_age_018,"0"
"2024",다라9098,in_age_018,"5"
"2024",다라9114,in_age_018,"23"
"2024",다라9116,in_age_018,"0"
"2024",다라9118,in_age_018,"8"
"2024",다라9119,in_age_018,"5"
"2024",다라9126,in_age_018,"8"
"2024",다라9127,in_age_018,"8"
"2024",다라9130,in_age_018,"0"
"2024",다라9132,in_age_018,"5"
"2024",다라9133,in_age_018,"5"
"2024",다라9134,in_age_018,"0"
"2024",다라9145,in_age_018,"8"
"2024",다라9146,in_age_018,"5"
"2024",다라9148,in_age_018,"5"
"2024",다라9149,in_age_018,"13"
"2024",다라9150,in_age_018,"8"
"2024",다라9151,in_age_018,"5"
"2024",다라9153,in_age_018,"0"
"2024",다라9154,in_age_018,"0"
"2024",다라9157,in_age_018,"8"
"2024",다라9168,in_age_018,"5"
"2024",다라9169,in_age_018,"18"
"2024",다라9170,in_age_018,"8"
"2024",다라9173,in_age_018,"0"
"2024",다라9174,in_age_018,"5"
"2024",다라9176,in_age_018,"8"
"2024",다라9178,in_age_018,"8"
"2024",다라9179,in_age_018,"5"
"2024",다라9188,in_age_018,"8"
"2024",다라9190,in_age_018,"5"
"2024",다라9196,in_age_018,"8"
"2024",다라9198,in_age_018,"5"
"2024",다라9199,in_age_018,"5"
"2024",다라9216,in_age_018,"8"
"2024",다라9221,in_age_018,"18"
"2024",다라9225,in_age_018,"5"
"2024",다라9227,in_age_018,"0"
"2024",다라9228,in_age_018,"5"
"2024",다라9229,in_age_018,"8"
"2024",다라9230,in_age_018,"5"
"2024",다라9231,in_age_018,"5"
"2024",다라9234,in_age_018,"0"
"2024",다라9246,in_age_018,"5"
"2024",다라9249,in_age_018,"8"
"2024",다라9250,in_age_018,"8"
"2024",다라9251,in_age_018,"8"
"2024",다라9256,in_age_018,"5"
"2024",다라9259,in_age_018,"40"
"2024",다라9260,in_age_018,"0"
"2024",다라9263,in_age_018,"0"
"2024",다라9265,in_age_018,"0"
"2024",다라9271,in_age_018,"5"
"2024",다라9276,in_age_018,"0"
"2024",다라9277,in_age_018,"0"
"2024",다라9285,in_age_018,"5"
"2024",다라9287,in_age_018,"5"
"2024",다라9288,in_age_018,"8"
"2024",다라9295,in_age_018,"5"
"2024",다라9296,in_age_018,"5"
"2024",다라9297,in_age_018,"5"
"2024",다라9298,in_age_018,"8"
"2024",다라9299,in_age_018,"5"
"2024",다라9317,in_age_018,"0"
"2024",다라9329,in_age_018,"5"
"2024",다라9333,in_age_018,"5"
"2024",다라9349,in_age_018,"13"
"2024",다라9350,in_age_018,"8"
"2024",다라9351,in_age_018,"5"
"2024",다라9352,in_age_018,"5"
"2024",다라9354,in_age_018,"8"
"2024",다라9355,in_age_018,"0"
"2024",다라9359,in_age_018,"5"
"2024",다라9362,in_age_018,"5"
"2024",다라9365,in_age_018,"5"
"2024",다라9366,in_age_018,"0"
"2024",다라9370,in_age_018,"8"
"2024",다라9377,in_age_018,"8"
"2024",다라9378,in_age_018,"23"
"2024",다라9379,in_age_018,"8"
"2024",다라9385,in_age_018,"5"
"2024",다라9386,in_age_018,"8"
"2024",다라9391,in_age_018,"5"
"2024",다라9394,in_age_018,"13"
"2024",다라9395,in_age_018,"8"
"2024",다라9396,in_age_018,"8"
"2024",다라9397,in_age_018,"13"
"2024",다라9399,in_age_018,"5"
"2024",다라9408,in_age_018,"8"
"2024",다라9409,in_age_018,"5"
"2024",다라9414,in_age_018,"0"
"2024",다라9415,in_age_018,"0"
"2024",다라9428,in_age_018,"5"
"2024",다라9429,in_age_018,"0"
"2024",다라9430,in_age_018,"5"
"2024",다라9432,in_age_018,"0"
"2024",다라9442,in_age_018,"0"
"2024",다라9451,in_age_018,"5"
"2024",다라9452,in_age_018,"8"
"2024",다라9453,in_age_018,"13"
"2024",다라9454,in_age_018,"5"
"2024",다라9456,in_age_018,"0"
"2024",다라9457,in_age_018,"8"
"2024",다라9458,in_age_018,"5"
"2024",다라9459,in_age_018,"8"
"2024",다라9460,in_age_018,"8"
"2024",다라9461,in_age_018,"5"
"2024",다라9463,in_age_018,"0"
"2024",다라9464,in_age_018,"0"
"2024",다라9470,in_age_018,"8"
"2024",다라9471,in_age_018,"8"
"2024",다라9476,in_age_018,"0"
"2024",다라9478,in_age_018,"5"
"2024",다라9479,in_age_018,"8"
"2024",다라9480,in_age_018,"5"
"2024",다라9482,in_age_018,"5"
"2024",다라9492,in_age_018,"5"
"2024",다라9493,in_age_018,"8"
"2024",다라9494,in_age_018,"8"
"2024",다라9495,in_age_018,"18"
"2024",다라9496,in_age_018,"13"
"2024",다라9498,in_age_018,"8"
"2024",다라9507,in_age_018,"18"
"2024",다라9508,in_age_018,"8"
"2024",다라9509,in_age_018,"8"
"2024",다라9510,in_age_018,"0"
"2024",다라9511,in_age_018,"5"
"2024",다라9514,in_age_018,"13"
"2024",다라9515,in_age_018,"5"
"2024",다라9516,in_age_018,"5"
"2024",다라9523,in_age_018,"8"
"2024",다라9526,in_age_018,"5"
"2024",다라9527,in_age_018,"5"
"2024",다라9532,in_age_018,"5"
"2024",다라9543,in_age_018,"5"
"2024",다라9544,in_age_018,"0"
"2024",다라9549,in_age_018,"13"
"2024",다라9550,in_age_018,"5"
"2024",다라9551,in_age_018,"0"
"2024",다라9552,in_age_018,"13"
"2024",다라9553,in_age_018,"13"
"2024",다라9555,in_age_018,"5"
"2024",다라9557,in_age_018,"13"
"2024",다라9559,in_age_018,"0"
"2024",다라9560,in_age_018,"29"
"2024",다라9561,in_age_018,"5"
"2024",다라9562,in_age_018,"5"
"2024",다라9563,in_age_018,"5"
"2024",다라9566,in_age_018,"25"
"2024",다라9568,in_age_018,"5"
"2024",다라9569,in_age_018,"8"
"2024",다라9570,in_age_018,"8"
"2024",다라9571,in_age_018,"5"
"2024",다라9573,in_age_018,"5"
"2024",다라9578,in_age_018,"5"
"2024",다라9579,in_age_018,"5"
"2024",다라9580,in_age_018,"5"
"2024",다라9581,in_age_018,"8"
"2024",다라9582,in_age_018,"8"
"2024",다라9584,in_age_018,"5"
"2024",다라9585,in_age_018,"26"
"2024",다라9586,in_age_018,"8"
"2024",다라9588,in_age_018,"5"
"2024",다라9589,in_age_018,"8"
"2024",다라9590,in_age_018,"8"
"2024",다라9591,in_age_018,"8"
"2024",다라9592,in_age_018,"8"
"2024",다라9594,in_age_018,"8"
"2024",다라9595,in_age_018,"8"
"2024",다라9596,in_age_018,"8"
"2024",다라9597,in_age_018,"8"
"2024",다라9598,in_age_018,"5"
"2024",다라9606,in_age_018,"5"
"2024",다라9607,in_age_018,"18"
"2024",다라9608,in_age_018,"8"
"2024",다라9609,in_age_018,"8"
"2024",다라9610,in_age_018,"0"
"2024",다라9612,in_age_018,"5"
"2024",다라9613,in_age_018,"0"
"2024",다라9621,in_age_018,"5"
"2024",다라9622,in_age_018,"5"
"2024",다라9626,in_age_018,"0"
"2024",다라9628,in_age_018,"0"
"2024",다라9629,in_age_018,"5"
"2024",다라9644,in_age_018,"8"
"2024",다라9649,in_age_018,"5"
"2024",다라9650,in_age_018,"8"
"2024",다라9651,in_age_018,"5"
"2024",다라9652,in_age_018,"8"
"2024",다라9653,in_age_018,"8"
"2024",다라9654,in_age_018,"0"
"2024",다라9655,in_age_018,"107"
"2024",다라9656,in_age_018,"5"
"2024",다라9657,in_age_018,"8"
"2024",다라9658,in_age_018,"14"
"2024",다라9659,in_age_018,"33"
"2024",다라9660,in_age_018,"0"
"2024",다라9661,in_age_018,"8"
"2024",다라9662,in_age_018,"5"
"2024",다라9665,in_age_018,"5"
"2024",다라9666,in_age_018,"23"
"2024",다라9668,in_age_018,"0"
"2024",다라9669,in_age_018,"5"
"2024",다라9673,in_age_018,"5"
"2024",다라9675,in_age_018,"5"
"2024",다라9676,in_age_018,"5"
"2024",다라9678,in_age_018,"0"
"2024",다라9680,in_age_018,"5"
"2024",다라9682,in_age_018,"5"
"2024",다라9683,in_age_018,"8"
"2024",다라9684,in_age_018,"5"
"2024",다라9685,in_age_018,"23"
"2024",다라9686,in_age_018,"5"
"2024",다라9687,in_age_018,"5"
"2024",다라9688,in_age_018,"8"
"2024",다라9689,in_age_018,"46"
"2024",다라9690,in_age_018,"138"
"2024",다라9691,in_age_018,"20"
"2024",다라9692,in_age_018,"0"
"2024",다라9693,in_age_018,"28"
"2024",다라9694,in_age_018,"5"
"2024",다라9695,in_age_018,"13"
"2024",다라9696,in_age_018,"18"
"2024",다라9704,in_age_018,"0"
"2024",다라9705,in_age_018,"0"
"2024",다라9706,in_age_018,"0"
"2024",다라9710,in_age_018,"8"
"2024",다라9711,in_age_018,"5"
"2024",다라9712,in_age_018,"13"
"2024",다라9720,in_age_018,"5"
"2024",다라9725,in_age_018,"0"
"2024",다라9729,in_age_018,"8"
"2024",다라9750,in_age_018,"0"
"2024",다라9751,in_age_018,"8"
"2024",다라9752,in_age_018,"8"
"2024",다라9753,in_age_018,"13"
"2024",다라9754,in_age_018,"8"
"2024",다라9755,in_age_018,"5"
"2024",다라9756,in_age_018,"0"
"2024",다라9757,in_age_018,"5"
"2024",다라9758,in_age_018,"8"
"2024",다라9761,in_age_018,"23"
"2024",다라9762,in_age_018,"8"
"2024",다라9764,in_age_018,"43"
"2024",다라9767,in_age_018,"5"
"2024",다라9768,in_age_018,"5"
"2024",다라9769,in_age_018,"5"
"2024",다라9770,in_age_018,"8"
"2024",다라9771,in_age_018,"0"
"2024",다라9779,in_age_018,"5"
"2024",다라9780,in_age_018,"8"
"2024",다라9781,in_age_018,"8"
"2024",다라9782,in_age_018,"0"
"2024",다라9783,in_age_018,"0"
"2024",다라9785,in_age_018,"8"
"2024",다라9786,in_age_018,"0"
"2024",다라9787,in_age_018,"0"
"2024",다라9788,in_age_018,"8"
"2024",다라9789,in_age_018,"5"
"2024",다라9790,in_age_018,"54"
"2024",다라9792,in_age_018,"8"
"2024",다라9793,in_age_018,"5"
"2024",다라9794,in_age_018,"5"
"2024",다라9795,in_age_018,"5"
"2024",다라9796,in_age_018,"0"
"2024",다라9804,in_age_018,"0"
"2024",다라9805,in_age_018,"5"
"2024",다라9806,in_age_018,"5"
"2024",다라9807,in_age_018,"0"
"2024",다라9810,in_age_018,"5"
"2024",다라9811,in_age_018,"5"
"2024",다라9820,in_age_018,"13"
"2024",다라9823,in_age_018,"5"
"2024",다라9824,in_age_018,"5"
"2024",다라9849,in_age_018,"5"
"2024",다라9851,in_age_018,"0"
"2024",다라9852,in_age_018,"8"
"2024",다라9854,in_age_018,"5"
"2024",다라9855,in_age_018,"78"
"2024",다라9856,in_age_018,"0"
"2024",다라9857,in_age_018,"8"
"2024",다라9858,in_age_018,"13"
"2024",다라9859,in_age_018,"68"
"2024",다라9860,in_age_018,"50"
"2024",다라9861,in_age_018,"163"
"2024",다라9862,in_age_018,"150"
"2024",다라9863,in_age_018,"98"
"2024",다라9864,in_age_018,"75"
"2024",다라9865,in_age_018,"55"
"2024",다라9866,in_age_018,"8"
"2024",다라9867,in_age_018,"0"
"2024",다라9868,in_age_018,"13"
"2024",다라9869,in_age_018,"5"
"2024",다라9876,in_age_018,"5"
"2024",다라9877,in_age_018,"0"
"2024",다라9878,in_age_018,"5"
"2024",다라9879,in_age_018,"5"
"2024",다라9880,in_age_018,"5"
"2024",다라9888,in_age_018,"13"
"2024",다라9889,in_age_018,"5"
"2024",다라9890,in_age_018,"8"
"2024",다라9891,in_age_018,"28"
"2024",다라9892,in_age_018,"13"
"2024",다라9893,in_age_018,"13"
"2024",다라9894,in_age_018,"5"
"2024",다라9902,in_age_018,"5"
"2024",다라9903,in_age_018,"8"
"2024",다라9905,in_age_018,"8"
"2024",다라9906,in_age_018,"5"
"2024",다라9910,in_age_018,"8"
"2024",다라9911,in_age_018,"8"
"2024",다라9926,in_age_018,"5"
"2024",다라9941,in_age_018,"5"
"2024",다라9950,in_age_018,"5"
"2024",다라9954,in_age_018,"5"
"2024",다라9955,in_age_018,"13"
"2024",다라9956,in_age_018,"5"
"2024",다라9957,in_age_018,"8"
"2024",다라9958,in_age_018,"8"
"2024",다라9959,in_age_018,"23"
"2024",다라9960,in_age_018,"98"
"2024",다라9961,in_age_018,"80"
"2024",다라9962,in_age_018,"115"
"2024",다라9963,in_age_018,"23"
"2024",다라9964,in_age_018,"75"
"2024",다라9965,in_age_018,"34"
"2024",다라9966,in_age_018,"42"
"2024",다라9967,in_age_018,"8"
"2024",다라9970,in_age_018,"5"
"2024",다라9971,in_age_018,"8"
"2024",다라9972,in_age_018,"5"
"2024",다라9973,in_age_018,"0"
"2024",다라9979,in_age_018,"5"
"2024",다라9980,in_age_018,"0"
"2024",다라9984,in_age_018,"5"
"2024",다라9985,in_age_018,"0"
"2024",다라9987,in_age_018,"5"
"2024",다라9988,in_age_018,"5"
"2024",다라9989,in_age_018,"0"
"2024",다라9990,in_age_018,"5"
"2024",다라9991,in_age_018,"18"
"2024",다라9992,in_age_018,"5"
"2024",다라9993,in_age_018,"8"
"2024",라라0007,in_age_018,"0"
"2024",라라0023,in_age_018,"5"
"2024",라라0040,in_age_018,"8"
"2024",라라0054,in_age_018,"18"
"2024",라라0055,in_age_018,"13"
"2024",라라0056,in_age_018,"8"
"2024",라라0057,in_age_018,"8"
"2024",라라0058,in_age_018,"18"
"2024",라라0060,in_age_018,"115"
"2024",라라0061,in_age_018,"125"
"2024",라라0062,in_age_018,"8"
"2024",라라0064,in_age_018,"5"
"2024",라라0065,in_age_018,"31"
"2024",라라0066,in_age_018,"8"
"2024",라라0067,in_age_018,"5"
"2024",라라0068,in_age_018,"13"
"2024",라라0069,in_age_018,"13"
"2024",라라0070,in_age_018,"5"
"2024",라라0071,in_age_018,"8"
"2024",라라0078,in_age_018,"5"
"2024",라라0079,in_age_018,"18"
"2024",라라0082,in_age_018,"0"
"2024",라라0083,in_age_018,"5"
"2024",라라0087,in_age_018,"8"
"2024",라라0088,in_age_018,"5"
"2024",라라0089,in_age_018,"8"
"2024",라라0090,in_age_018,"13"
"2024",라라0091,in_age_018,"5"
"2024",라라0106,in_age_018,"5"
"2024",라라0125,in_age_018,"8"
"2024",라라0126,in_age_018,"5"
"2024",라라0140,in_age_018,"0"
"2024",라라0158,in_age_018,"0"
"2024",라라0159,in_age_018,"13"
"2024",라라0160,in_age_018,"51"
"2024",라라0161,in_age_018,"114"
"2024",라라0162,in_age_018,"120"
"2024",라라0163,in_age_018,"60"
"2024",라라0164,in_age_018,"45"
"2024",라라0165,in_age_018,"5"
"2024",라라0167,in_age_018,"0"
"2024",라라0168,in_age_018,"5"
"2024",라라0175,in_age_018,"0"
"2024",라라0176,in_age_018,"5"
"2024",라라0180,in_age_018,"5"
"2024",라라0182,in_age_018,"0"
"2024",라라0187,in_age_018,"7"
"2024",라라0188,in_age_018,"8"
"2024",라라0189,in_age_018,"8"
"2024",라라0190,in_age_018,"13"
"2024",라라0192,in_age_018,"5"
"2024",라라0250,in_age_018,"5"
"2024",라라0251,in_age_018,"13"
"2024",라라0252,in_age_018,"8"
"2024",라라0253,in_age_018,"13"
"2024",라라0254,in_age_018,"5"
"2024",라라0255,in_age_018,"8"
"2024",라라0257,in_age_018,"5"
"2024",라라0258,in_age_018,"35"
"2024",라라0259,in_age_018,"13"
"2024",라라0260,in_age_018,"28"
"2024",라라0261,in_age_018,"99"
"2024",라라0262,in_age_018,"94"
"2024",라라0263,in_age_018,"18"
"2024",라라0264,in_age_018,"23"
"2024",라라0265,in_age_018,"5"
"2024",라라0266,in_age_018,"5"
"2024",라라0267,in_age_018,"8"
"2024",라라0280,in_age_018,"0"
"2024",라라0287,in_age_018,"5"
"2024",라라0288,in_age_018,"8"
"2024",라라0289,in_age_018,"18"
"2024",라라0290,in_age_018,"0"
"2024",라라0294,in_age_018,"8"
"2024",라라0295,in_age_018,"5"
"2024",라라0323,in_age_018,"18"
"2024",라라0325,in_age_018,"8"
"2024",라라0345,in_age_018,"5"
"2024",라라0346,in_age_018,"5"
"2024",라라0349,in_age_018,"5"
"2024",라라0350,in_age_018,"8"
"2024",라라0351,in_age_018,"8"
"2024",라라0355,in_age_018,"13"
"2024",라라0356,in_age_018,"8"
"2024",라라0357,in_age_018,"8"
"2024",라라0358,in_age_018,"8"
"2024",라라0359,in_age_018,"8"
"2024",라라0360,in_age_018,"8"
"2024",라라0361,in_age_018,"23"
"2024",라라0362,in_age_018,"18"
"2024",라라0363,in_age_018,"21"
"2024",라라0364,in_age_018,"20"
"2024",라라0366,in_age_018,"5"
"2024",라라0382,in_age_018,"5"
"2024",라라0383,in_age_018,"5"
"2024",라라0384,in_age_018,"5"
"2024",라라0386,in_age_018,"5"
"2024",라라0387,in_age_018,"5"
"2024",라라0388,in_age_018,"0"
"2024",라라0389,in_age_018,"28"
"2024",라라0421,in_age_018,"5"
"2024",라라0424,in_age_018,"5"
"2024",라라0427,in_age_018,"5"
"2024",라라0446,in_age_018,"8"
"2024",라라0447,in_age_018,"8"
"2024",라라0448,in_age_018,"5"
"2024",라라0449,in_age_018,"5"
"2024",라라0450,in_age_018,"0"
"2024",라라0451,in_age_018,"13"
"2024",라라0452,in_age_018,"5"
"2024",라라0453,in_age_018,"5"
"2024",라라0454,in_age_018,"8"
"2024",라라0456,in_age_018,"0"
"2024",라라0458,in_age_018,"18"
"2024",라라0459,in_age_018,"13"
"2024",라라0460,in_age_018,"18"
"2024",라라0461,in_age_018,"0"
"2024",라라0462,in_age_018,"5"
"2024",라라0463,in_age_018,"0"
"2024",라라0466,in_age_018,"0"
"2024",라라0467,in_age_018,"18"
"2024",라라0468,in_age_018,"0"
"2024",라라0480,in_age_018,"0"
"2024",라라0484,in_age_018,"0"
"2024",라라0485,in_age_018,"8"
"2024",라라0486,in_age_018,"8"
"2024",라라0487,in_age_018,"13"
"2024",라라0521,in_age_018,"0"
"2024",라라0528,in_age_018,"0"
"2024",라라0529,in_age_018,"8"
"2024",라라0530,in_age_018,"5"
"2024",라라0531,in_age_018,"5"
"2024",라라0532,in_age_018,"0"
"2024",라라0533,in_age_018,"8"
"2024",라라0535,in_age_018,"5"
"2024",라라0537,in_age_018,"5"
"2024",라라0538,in_age_018,"5"
"2024",라라0541,in_age_018,"0"
"2024",라라0545,in_age_018,"8"
"2024",라라0546,in_age_018,"8"
"2024",라라0549,in_age_018,"0"
"2024",라라0550,in_age_018,"8"
"2024",라라0552,in_age_018,"5"
"2024",라라0554,in_age_018,"8"
"2024",라라0557,in_age_018,"5"
"2024",라라0558,in_age_018,"5"
"2024",라라0560,in_age_018,"5"
"2024",라라0563,in_age_018,"61"
"2024",라라0565,in_age_018,"5"
"2024",라라0566,in_age_018,"8"
"2024",라라0572,in_age_018,"8"
"2024",라라0573,in_age_018,"5"
"2024",라라0574,in_age_018,"8"
"2024",라라0575,in_age_018,"5"
"2024",라라0585,in_age_018,"8"
"2024",라라0588,in_age_018,"0"
"2024",라라0627,in_age_018,"0"
"2024",라라0628,in_age_018,"0"
"2024",라라0630,in_age_018,"5"
"2024",라라0631,in_age_018,"0"
"2024",라라0634,in_age_018,"0"
"2024",라라0635,in_age_018,"5"
"2024",라라0636,in_age_018,"5"
"2024",라라0637,in_age_018,"5"
"2024",라라0640,in_age_018,"8"
"2024",라라0641,in_age_018,"8"
"2024",라라0642,in_age_018,"5"
"2024",라라0644,in_age_018,"5"
"2024",라라0645,in_age_018,"0"
"2024",라라0648,in_age_018,"5"
"2024",라라0652,in_age_018,"8"
"2024",라라0653,in_age_018,"8"
"2024",라라0654,in_age_018,"18"
"2024",라라0655,in_age_018,"8"
"2024",라라0657,in_age_018,"5"
"2024",라라0659,in_age_018,"5"
"2024",라라0660,in_age_018,"8"
"2024",라라0661,in_age_018,"5"
"2024",라라0662,in_age_018,"5"
"2024",라라0663,in_age_018,"49"
"2024",라라0664,in_age_018,"18"
"2024",라라0665,in_age_018,"8"
"2024",라라0666,in_age_018,"5"
"2024",라라0668,in_age_018,"5"
"2024",라라0670,in_age_018,"0"
"2024",라라0671,in_age_018,"18"
"2024",라라0672,in_age_018,"5"
"2024",라라0728,in_age_018,"5"
"2024",라라0732,in_age_018,"13"
"2024",라라0733,in_age_018,"0"
"2024",라라0734,in_age_018,"8"
"2024",라라0736,in_age_018,"5"
"2024",라라0737,in_age_018,"5"
"2024",라라0738,in_age_018,"8"
"2024",라라0741,in_age_018,"5"
"2024",라라0743,in_age_018,"5"
"2024",라라0745,in_age_018,"5"
"2024",라라0747,in_age_018,"5"
"2024",라라0752,in_age_018,"13"
"2024",라라0753,in_age_018,"22"
"2024",라라0754,in_age_018,"23"
"2024",라라0760,in_age_018,"8"
"2024",라라0761,in_age_018,"8"
"2024",라라0763,in_age_018,"58"
"2024",라라0764,in_age_018,"174"
"2024",라라0765,in_age_018,"69"
"2024",라라0766,in_age_018,"8"
"2024",라라0767,in_age_018,"0"
"2024",라라0768,in_age_018,"18"
"2024",라라0769,in_age_018,"5"
"2024",라라0770,in_age_018,"5"
"2024",라라0792,in_age_018,"0"
"2024",라라0793,in_age_018,"0"
"2024",라라0794,in_age_018,"8"
"2024",라라0796,in_age_018,"0"
"2024",라라0828,in_age_018,"8"
"2024",라라0830,in_age_018,"0"
"2024",라라0832,in_age_018,"8"
"2024",라라0836,in_age_018,"5"
"2024",라라0837,in_age_018,"5"
"2024",라라0839,in_age_018,"6"
"2024",라라0840,in_age_018,"5"
"2024",라라0841,in_age_018,"5"
"2024",라라0842,in_age_018,"30"
"2024",라라0846,in_age_018,"5"
"2024",라라0850,in_age_018,"8"
"2024",라라0851,in_age_018,"8"
"2024",라라0852,in_age_018,"8"
"2024",라라0853,in_age_018,"5"
"2024",라라0860,in_age_018,"8"
"2024",라라0861,in_age_018,"13"
"2024",라라0862,in_age_018,"23"
"2024",라라0863,in_age_018,"5"
"2024",라라0864,in_age_018,"104"
"2024",라라0865,in_age_018,"18"
"2024",라라0866,in_age_018,"0"
"2024",라라0867,in_age_018,"0"
"2024",라라0868,in_age_018,"8"
"2024",라라0869,in_age_018,"5"
"2024",라라0872,in_age_018,"5"
"2024",라라0877,in_age_018,"5"
"2024",라라0892,in_age_018,"5"
"2024",라라0893,in_age_018,"0"
"2024",라라0894,in_age_018,"5"
"2024",라라0895,in_age_018,"5"
"2024",라라0922,in_age_018,"5"
"2024",라라0923,in_age_018,"5"
"2024",라라0928,in_age_018,"5"
"2024",라라0933,in_age_018,"8"
"2024",라라0934,in_age_018,"8"
"2024",라라0938,in_age_018,"5"
"2024",라라0939,in_age_018,"5"
"2024",라라0940,in_age_018,"13"
"2024",라라0942,in_age_018,"5"
"2024",라라0944,in_age_018,"8"
"2024",라라0949,in_age_018,"5"
"2024",라라0950,in_age_018,"8"
"2024",라라0951,in_age_018,"8"
"2024",라라0961,in_age_018,"0"
"2024",라라0962,in_age_018,"13"
"2024",라라0964,in_age_018,"13"
"2024",라라0965,in_age_018,"14"
"2024",라라0966,in_age_018,"5"
"2024",라라0967,in_age_018,"8"
"2024",라라0968,in_age_018,"8"
"2024",라라0969,in_age_018,"0"
"2024",라라0971,in_age_018,"13"
"2024",라라0972,in_age_018,"8"
"2024",라라0975,in_age_018,"0"
"2024",라라0977,in_age_018,"0"
"2024",라라0985,in_age_018,"0"
"2024",라라0989,in_age_018,"8"
"2024",라라0990,in_age_018,"0"
"2024",라라0991,in_age_018,"5"
"2024",라라1027,in_age_018,"8"
"2024",라라1031,in_age_018,"8"
"2024",라라1033,in_age_018,"8"
"2024",라라1034,in_age_018,"8"
"2024",라라1035,in_age_018,"16"
"2024",라라1036,in_age_018,"5"
"2024",라라1037,in_age_018,"13"
"2024",라라1038,in_age_018,"0"
"2024",라라1039,in_age_018,"5"
"2024",라라1040,in_age_018,"5"
"2024",라라1042,in_age_018,"8"
"2024",라라1045,in_age_018,"0"
"2024",라라1046,in_age_018,"8"
"2024",라라1047,in_age_018,"8"
"2024",라라1048,in_age_018,"8"
"2024",라라1049,in_age_018,"18"
"2024",라라1050,in_age_018,"8"
"2024",라라1053,in_age_018,"5"
"2024",라라1054,in_age_018,"0"
"2024",라라1059,in_age_018,"13"
"2024",라라1061,in_age_018,"5"
"2024",라라1062,in_age_018,"13"
"2024",라라1063,in_age_018,"8"
"2024",라라1064,in_age_018,"13"
"2024",라라1067,in_age_018,"5"
"2024",라라1068,in_age_018,"8"
"2024",라라1069,in_age_018,"8"
"2024",라라1070,in_age_018,"5"
"2024",라라1071,in_age_018,"0"
"2024",라라1072,in_age_018,"8"
"2024",라라1075,in_age_018,"5"
"2024",라라1085,in_age_018,"5"
"2024",라라1086,in_age_018,"5"
"2024",라라1087,in_age_018,"5"
"2024",라라1097,in_age_018,"0"
"2024",라라1098,in_age_018,"5"
"2024",라라1122,in_age_018,"5"
"2024",라라1124,in_age_018,"5"
"2024",라라1126,in_age_018,"5"
"2024",라라1127,in_age_018,"8"
"2024",라라1129,in_age_018,"8"
"2024",라라1132,in_age_018,"5"
"2024",라라1135,in_age_018,"13"
"2024",라라1136,in_age_018,"5"
"2024",라라1137,in_age_018,"5"
"2024",라라1138,in_age_018,"8"
"2024",라라1139,in_age_018,"8"
"2024",라라1141,in_age_018,"25"
"2024",라라1142,in_age_018,"9"
"2024",라라1143,in_age_018,"8"
"2024",라라1144,in_age_018,"13"
"2024",라라1145,in_age_018,"5"
"2024",라라1146,in_age_018,"0"
"2024",라라1147,in_age_018,"8"
"2024",라라1149,in_age_018,"16"
"2024",라라1157,in_age_018,"8"
"2024",라라1160,in_age_018,"8"
"2024",라라1161,in_age_018,"5"
"2024",라라1162,in_age_018,"8"
"2024",라라1163,in_age_018,"8"
"2024",라라1164,in_age_018,"8"
"2024",라라1166,in_age_018,"5"
"2024",라라1167,in_age_018,"8"
"2024",라라1168,in_age_018,"18"
"2024",라라1169,in_age_018,"5"
"2024",라라1170,in_age_018,"8"
"2024",라라1172,in_age_018,"8"
"2024",라라1174,in_age_018,"8"
"2024",라라1186,in_age_018,"0"
"2024",라라1187,in_age_018,"5"
"2024",라라1188,in_age_018,"8"
"2024",라라1189,in_age_018,"8"
"2024",라라1195,in_age_018,"5"
"2024",라라1196,in_age_018,"5"
"2024",라라1219,in_age_018,"5"
"2024",라라1224,in_age_018,"5"
"2024",라라1225,in_age_018,"13"
"2024",라라1226,in_age_018,"5"
"2024",라라1235,in_age_018,"5"
"2024",라라1236,in_age_018,"0"
"2024",라라1237,in_age_018,"8"
"2024",라라1239,in_age_018,"5"
"2024",라라1240,in_age_018,"13"
"2024",라라1241,in_age_018,"54"
"2024",라라1242,in_age_018,"61"
"2024",라라1243,in_age_018,"8"
"2024",라라1244,in_age_018,"23"
"2024",라라1245,in_age_018,"5"
"2024",라라1246,in_age_018,"0"
"2024",라라1249,in_age_018,"8"
"2024",라라1250,in_age_018,"0"
"2024",라라1256,in_age_018,"0"
"2024",라라1257,in_age_018,"5"
"2024",라라1261,in_age_018,"0"
"2024",라라1263,in_age_018,"5"
"2024",라라1264,in_age_018,"5"
"2024",라라1268,in_age_018,"5"
"2024",라라1270,in_age_018,"0"
"2024",라라1283,in_age_018,"5"
"2024",라라1285,in_age_018,"5"
"2024",라라1286,in_age_018,"5"
"2024",라라1287,in_age_018,"5"
"2024",라라1289,in_age_018,"8"
"2024",라라1290,in_age_018,"13"
"2024",라라1291,in_age_018,"5"
"2024",라라1292,in_age_018,"5"
"2024",라라1293,in_age_018,"5"
"2024",라라1294,in_age_018,"0"
"2024",라라1296,in_age_018,"5"
"2024",라라1319,in_age_018,"5"
"2024",라라1338,in_age_018,"35"
"2024",라라1339,in_age_018,"23"
"2024",라라1340,in_age_018,"38"
"2024",라라1341,in_age_018,"49"
"2024",라라1342,in_age_018,"33"
"2024",라라1343,in_age_018,"13"
"2024",라라1344,in_age_018,"5"
"2024",라라1358,in_age_018,"13"
"2024",라라1360,in_age_018,"0"
"2024",라라1361,in_age_018,"0"
"2024",라라1364,in_age_018,"5"
"2024",라라1365,in_age_018,"0"
"2024",라라1369,in_age_018,"5"
"2024",라라1382,in_age_018,"5"
"2024",라라1383,in_age_018,"8"
"2024",라라1384,in_age_018,"8"
"2024",라라1385,in_age_018,"5"
"2024",라라1390,in_age_018,"5"
"2024",라라1391,in_age_018,"5"
"2024",라라1392,in_age_018,"5"
"2024",라라1393,in_age_018,"0"
"2024",라라1399,in_age_018,"8"
"2024",라라1419,in_age_018,"13"
"2024",라라1422,in_age_018,"8"
"2024",라라1439,in_age_018,"18"
"2024",라라1440,in_age_018,"41"
"2024",라라1441,in_age_018,"63"
"2024",라라1442,in_age_018,"8"
"2024",라라1443,in_age_018,"5"
"2024",라라1457,in_age_018,"18"
"2024",라라1458,in_age_018,"5"
"2024",라라1459,in_age_018,"8"
"2024",라라1460,in_age_018,"0"
"2024",라라1462,in_age_018,"5"
"2024",라라1464,in_age_018,"0"
"2024",라라1465,in_age_018,"5"
"2024",라라1467,in_age_018,"32"
"2024",라라1468,in_age_018,"5"
"2024",라라1472,in_age_018,"0"
"2024",라라1473,in_age_018,"5"
"2024",라라1478,in_age_018,"0"
"2024",라라1484,in_age_018,"5"
"2024",라라1485,in_age_018,"5"
"2024",라라1489,in_age_018,"0"
"2024",라라1497,in_age_018,"5"
"2024",라라1519,in_age_018,"5"
"2024",라라1520,in_age_018,"5"
"2024",라라1538,in_age_018,"5"
"2024",라라1539,in_age_018,"13"
"2024",라라1540,in_age_018,"168"
"2024",라라1541,in_age_018,"60"
"2024",라라1542,in_age_018,"5"
"2024",라라1543,in_age_018,"68"
"2024",라라1544,in_age_018,"5"
"2024",라라1558,in_age_018,"5"
"2024",라라1559,in_age_018,"5"
"2024",라라1562,in_age_018,"5"
"2024",라라1563,in_age_018,"5"
"2024",라라1564,in_age_018,"5"
"2024",라라1565,in_age_018,"8"
"2024",라라1566,in_age_018,"8"
"2024",라라1567,in_age_018,"0"
"2024",라라1582,in_age_018,"0"
"2024",라라1583,in_age_018,"0"
"2024",라라1619,in_age_018,"0"
"2024",라라1638,in_age_018,"27"
"2024",라라1639,in_age_018,"28"
"2024",라라1640,in_age_018,"28"
"2024",라라1641,in_age_018,"8"
"2024",라라1643,in_age_018,"0"
"2024",라라1660,in_age_018,"8"
"2024",라라1661,in_age_018,"18"
"2024",라라1662,in_age_018,"5"
"2024",라라1664,in_age_018,"8"
"2024",라라1666,in_age_018,"8"
"2024",라라1667,in_age_018,"8"
"2024",라라1668,in_age_018,"0"
"2024",라라1669,in_age_018,"0"
"2024",라라1673,in_age_018,"8"
"2024",라라1675,in_age_018,"8"
"2024",라라1679,in_age_018,"5"
"2024",라라1680,in_age_018,"0"
"2024",라라1681,in_age_018,"0"
"2024",라라1682,in_age_018,"0"
"2024",라라1683,in_age_018,"5"
"2024",라라1719,in_age_018,"5"
"2024",라라1721,in_age_018,"0"
"2024",라라1738,in_age_018,"8"
"2024",라라1739,in_age_018,"126"
"2024",라라1740,in_age_018,"18"
"2024",라라1741,in_age_018,"38"
"2024",라라1743,in_age_018,"23"
"2024",라라1759,in_age_018,"43"
"2024",라라1760,in_age_018,"60"
"2024",라라1761,in_age_018,"28"
"2024",라라1762,in_age_018,"51"
"2024",라라1764,in_age_018,"5"
"2024",라라1767,in_age_018,"13"
"2024",라라1769,in_age_018,"5"
"2024",라라1772,in_age_018,"5"
"2024",라라1773,in_age_018,"8"
"2024",라라1774,in_age_018,"5"
"2024",라라1778,in_age_018,"5"
"2024",라라1779,in_age_018,"5"
"2024",라라1780,in_age_018,"5"
"2024",라라1781,in_age_018,"8"
"2024",라라1783,in_age_018,"5"
"2024",라라1784,in_age_018,"23"
"2024",라라1785,in_age_018,"8"
"2024",라라1786,in_age_018,"0"
"2024",라라1815,in_age_018,"5"
"2024",라라1823,in_age_018,"0"
"2024",라라1834,in_age_018,"5"
"2024",라라1836,in_age_018,"28"
"2024",라라1837,in_age_018,"5"
"2024",라라1838,in_age_018,"5"
"2024",라라1839,in_age_018,"174"
"2024",라라1840,in_age_018,"43"
"2024",라라1841,in_age_018,"143"
"2024",라라1842,in_age_018,"19"
"2024",라라1843,in_age_018,"13"
"2024",라라1854,in_age_018,"5"
"2024",라라1855,in_age_018,"5"
"2024",라라1859,in_age_018,"5"
"2024",라라1860,in_age_018,"50"
"2024",라라1861,in_age_018,"8"
"2024",라라1862,in_age_018,"0"
"2024",라라1864,in_age_018,"8"
"2024",라라1865,in_age_018,"8"
"2024",라라1866,in_age_018,"13"
"2024",라라1871,in_age_018,"0"
"2024",라라1876,in_age_018,"8"
"2024",라라1877,in_age_018,"8"
"2024",라라1878,in_age_018,"5"
"2024",라라1879,in_age_018,"5"
"2024",라라1880,in_age_018,"5"
"2024",라라1881,in_age_018,"5"
"2024",라라1882,in_age_018,"8"
"2024",라라1883,in_age_018,"13"
"2024",라라1884,in_age_018,"0"
"2024",라라1885,in_age_018,"8"
"2024",라라1886,in_age_018,"5"
"2024",라라1888,in_age_018,"0"
"2024",라라1894,in_age_018,"0"
"2024",라라1915,in_age_018,"8"
"2024",라라1921,in_age_018,"0"
"2024",라라1923,in_age_018,"0"
"2024",라라1924,in_age_018,"5"
"2024",라라1925,in_age_018,"8"
"2024",라라1927,in_age_018,"0"
"2024",라라1936,in_age_018,"23"
"2024",라라1937,in_age_018,"130"
"2024",라라1938,in_age_018,"5"
"2024",라라1939,in_age_018,"54"
"2024",라라1940,in_age_018,"109"
"2024",라라1941,in_age_018,"81"
"2024",라라1942,in_age_018,"0"
"2024",라라1944,in_age_018,"5"
"2024",라라1945,in_age_018,"8"
"2024",라라1953,in_age_018,"23"
"2024",라라1954,in_age_018,"8"
"2024",라라1955,in_age_018,"5"
"2024",라라1959,in_age_018,"8"
"2024",라라1960,in_age_018,"8"
"2024",라라1961,in_age_018,"8"
"2024",라라1963,in_age_018,"48"
"2024",라라1964,in_age_018,"8"
"2024",라라1965,in_age_018,"5"
"2024",라라1966,in_age_018,"13"
"2024",라라1967,in_age_018,"13"
"2024",라라1968,in_age_018,"0"
"2024",라라1969,in_age_018,"28"
"2024",라라1972,in_age_018,"5"
"2024",라라1975,in_age_018,"8"
"2024",라라1976,in_age_018,"5"
"2024",라라1977,in_age_018,"8"
"2024",라라1980,in_age_018,"5"
"2024",라라1983,in_age_018,"5"
"2024",라라1984,in_age_018,"13"
"2024",라라1985,in_age_018,"8"
"2024",라라1986,in_age_018,"8"
"2024",라라1987,in_age_018,"8"
"2024",라라1988,in_age_018,"5"
"2024",라라1989,in_age_018,"8"
"2024",라라1990,in_age_018,"0"
"2024",라라1993,in_age_018,"5"
"2024",라라2017,in_age_018,"5"
"2024",라라2018,in_age_018,"5"
"2024",라라2020,in_age_018,"8"
"2024",라라2021,in_age_018,"0"
"2024",라라2024,in_age_018,"28"
"2024",라라2026,in_age_018,"5"
"2024",라라2027,in_age_018,"8"
"2024",라라2028,in_age_018,"5"
"2024",라라2029,in_age_018,"5"
"2024",라라2034,in_age_018,"5"
"2024",라라2035,in_age_018,"13"
"2024",라라2036,in_age_018,"8"
"2024",라라2037,in_age_018,"73"
"2024",라라2038,in_age_018,"164"
"2024",라라2039,in_age_018,"60"
"2024",라라2040,in_age_018,"44"
"2024",라라2042,in_age_018,"5"
"2024",라라2046,in_age_018,"5"
"2024",라라2047,in_age_018,"5"
"2024",라라2048,in_age_018,"0"
"2024",라라2054,in_age_018,"5"
"2024",라라2055,in_age_018,"8"
"2024",라라2059,in_age_018,"8"
"2024",라라2060,in_age_018,"5"
"2024",라라2062,in_age_018,"33"
"2024",라라2063,in_age_018,"28"
"2024",라라2066,in_age_018,"8"
"2024",라라2067,in_age_018,"8"
"2024",라라2068,in_age_018,"5"
"2024",라라2069,in_age_018,"13"
"2024",라라2070,in_age_018,"5"
"2024",라라2071,in_age_018,"5"
"2024",라라2072,in_age_018,"5"
"2024",라라2074,in_age_018,"8"
"2024",라라2075,in_age_018,"5"
"2024",라라2076,in_age_018,"0"
"2024",라라2077,in_age_018,"5"
"2024",라라2085,in_age_018,"5"
"2024",라라2086,in_age_018,"5"
"2024",라라2087,in_age_018,"5"
"2024",라라2088,in_age_018,"8"
"2024",라라2093,in_age_018,"5"
"2024",라라2114,in_age_018,"5"
"2024",라라2117,in_age_018,"5"
"2024",라라2119,in_age_018,"8"
"2024",라라2120,in_age_018,"8"
"2024",라라2121,in_age_018,"5"
"2024",라라2123,in_age_018,"0"
"2024",라라2124,in_age_018,"0"
"2024",라라2127,in_age_018,"0"
"2024",라라2129,in_age_018,"8"
"2024",라라2137,in_age_018,"23"
"2024",라라2138,in_age_018,"182"
"2024",라라2139,in_age_018,"43"
"2024",라라2140,in_age_018,"33"
"2024",라라2142,in_age_018,"8"
"2024",라라2145,in_age_018,"0"
"2024",라라2146,in_age_018,"8"
"2024",라라2147,in_age_018,"5"
"2024",라라2148,in_age_018,"8"
"2024",라라2160,in_age_018,"13"
"2024",라라2161,in_age_018,"0"
"2024",라라2165,in_age_018,"8"
"2024",라라2166,in_age_018,"8"
"2024",라라2167,in_age_018,"5"
"2024",라라2170,in_age_018,"0"
"2024",라라2173,in_age_018,"5"
"2024",라라2174,in_age_018,"5"
"2024",라라2175,in_age_018,"8"
"2024",라라2177,in_age_018,"8"
"2024",라라2178,in_age_018,"5"
"2024",라라2192,in_age_018,"8"
"2024",라라2193,in_age_018,"0"
"2024",라라2194,in_age_018,"5"
"2024",라라2198,in_age_018,"5"
"2024",라라2212,in_age_018,"5"
"2024",라라2222,in_age_018,"0"
"2024",라라2223,in_age_018,"8"
"2024",라라2224,in_age_018,"8"
"2024",라라2227,in_age_018,"8"
"2024",라라2229,in_age_018,"5"
"2024",라라2230,in_age_018,"8"
"2024",라라2236,in_age_018,"36"
"2024",라라2237,in_age_018,"8"
"2024",라라2238,in_age_018,"120"
"2024",라라2239,in_age_018,"48"
"2024",라라2240,in_age_018,"13"
"2024",라라2242,in_age_018,"8"
"2024",라라2244,in_age_018,"0"
"2024",라라2248,in_age_018,"5"
"2024",라라2260,in_age_018,"13"
"2024",라라2261,in_age_018,"18"
"2024",라라2264,in_age_018,"13"
"2024",라라2265,in_age_018,"5"
"2024",라라2266,in_age_018,"5"
"2024",라라2267,in_age_018,"5"
"2024",라라2272,in_age_018,"5"
"2024",라라2273,in_age_018,"5"
"2024",라라2274,in_age_018,"59"
"2024",라라2275,in_age_018,"68"
"2024",라라2276,in_age_018,"5"
"2024",라라2279,in_age_018,"5"
"2024",라라2288,in_age_018,"0"
"2024",라라2291,in_age_018,"5"
"2024",라라2294,in_age_018,"5"
"2024",라라2297,in_age_018,"5"
"2024",라라2312,in_age_018,"5"
"2024",라라2313,in_age_018,"5"
"2024",라라2314,in_age_018,"5"
"2024",라라2315,in_age_018,"8"
"2024",라라2316,in_age_018,"5"
"2024",라라2317,in_age_018,"5"
"2024",라라2320,in_age_018,"8"
"2024",라라2322,in_age_018,"8"
"2024",라라2326,in_age_018,"0"
"2024",라라2327,in_age_018,"8"
"2024",라라2330,in_age_018,"8"
"2024",라라2334,in_age_018,"0"
"2024",라라2335,in_age_018,"18"
"2024",라라2336,in_age_018,"26"
"2024",라라2337,in_age_018,"0"
"2024",라라2344,in_age_018,"8"
"2024",라라2360,in_age_018,"8"
"2024",라라2361,in_age_018,"8"
"2024",라라2363,in_age_018,"5"
"2024",라라2364,in_age_018,"8"
"2024",라라2365,in_age_018,"13"
"2024",라라2366,in_age_018,"0"
"2024",라라2367,in_age_018,"5"
"2024",라라2368,in_age_018,"5"
"2024",라라2369,in_age_018,"5"
"2024",라라2370,in_age_018,"8"
"2024",라라2371,in_age_018,"5"
"2024",라라2372,in_age_018,"8"
"2024",라라2373,in_age_018,"0"
"2024",라라2374,in_age_018,"5"
"2024",라라2375,in_age_018,"23"
"2024",라라2376,in_age_018,"0"
"2024",라라2378,in_age_018,"8"
"2024",라라2380,in_age_018,"5"
"2024",라라2381,in_age_018,"8"
"2024",라라2383,in_age_018,"0"
"2024",라라2387,in_age_018,"0"
"2024",라라2396,in_age_018,"0"
"2024",라라2397,in_age_018,"5"
"2024",라라2398,in_age_018,"0"
"2024",라라2399,in_age_018,"5"
"2024",라라2411,in_age_018,"0"
"2024",라라2412,in_age_018,"8"
"2024",라라2413,in_age_018,"5"
"2024",라라2414,in_age_018,"5"
"2024",라라2415,in_age_018,"5"
"2024",라라2422,in_age_018,"13"
"2024",라라2426,in_age_018,"5"
"2024",라라2427,in_age_018,"8"
"2024",라라2428,in_age_018,"8"
"2024",라라2429,in_age_018,"5"
"2024",라라2430,in_age_018,"8"
"2024",라라2433,in_age_018,"5"
"2024",라라2435,in_age_018,"22"
"2024",라라2436,in_age_018,"5"
"2024",라라2445,in_age_018,"5"
"2024",라라2446,in_age_018,"0"
"2024",라라2447,in_age_018,"8"
"2024",라라2465,in_age_018,"8"
"2024",라라2467,in_age_018,"8"
"2024",라라2468,in_age_018,"5"
"2024",라라2473,in_age_018,"13"
"2024",라라2474,in_age_018,"0"
"2024",라라2475,in_age_018,"20"
"2024",라라2476,in_age_018,"5"
"2024",라라2477,in_age_018,"5"
"2024",라라2478,in_age_018,"8"
"2024",라라2479,in_age_018,"0"
"2024",라라2480,in_age_018,"8"
"2024",라라2485,in_age_018,"0"
"2024",라라2486,in_age_018,"5"
"2024",라라2490,in_age_018,"5"
"2024",라라2496,in_age_018,"5"
"2024",라라2498,in_age_018,"5"
"2024",라라2511,in_age_018,"5"
"2024",라라2512,in_age_018,"5"
"2024",라라2521,in_age_018,"8"
"2024",라라2523,in_age_018,"0"
"2024",라라2526,in_age_018,"5"
"2024",라라2527,in_age_018,"13"
"2024",라라2528,in_age_018,"0"
"2024",라라2529,in_age_018,"8"
"2024",라라2530,in_age_018,"8"
"2024",라라2531,in_age_018,"24"
"2024",라라2532,in_age_018,"0"
"2024",라라2535,in_age_018,"8"
"2024",라라2536,in_age_018,"0"
"2024",라라2561,in_age_018,"8"
"2024",라라2562,in_age_018,"8"
"2024",라라2563,in_age_018,"8"
"2024",라라2564,in_age_018,"5"
"2024",라라2568,in_age_018,"8"
"2024",라라2569,in_age_018,"5"
"2024",라라2571,in_age_018,"13"
"2024",라라2572,in_age_018,"5"
"2024",라라2573,in_age_018,"0"
"2024",라라2575,in_age_018,"8"
"2024",라라2576,in_age_018,"8"
"2024",라라2577,in_age_018,"5"
"2024",라라2581,in_age_018,"0"
"2024",라라2582,in_age_018,"0"
"2024",라라2585,in_age_018,"0"
"2024",라라2586,in_age_018,"0"
"2024",라라2587,in_age_018,"5"
"2024",라라2593,in_age_018,"0"
"2024",라라2594,in_age_018,"5"
"2024",라라2595,in_age_018,"5"
"2024",라라2596,in_age_018,"5"
"2024",라라2597,in_age_018,"8"
"2024",라라2610,in_age_018,"5"
"2024",라라2611,in_age_018,"5"
"2024",라라2612,in_age_018,"0"
"2024",라라2623,in_age_018,"8"
"2024",라라2625,in_age_018,"0"
"2024",라라2626,in_age_018,"5"
"2024",라라2627,in_age_018,"5"
"2024",라라2629,in_age_018,"5"
"2024",라라2630,in_age_018,"8"
"2024",라라2634,in_age_018,"27"
"2024",라라2660,in_age_018,"0"
"2024",라라2661,in_age_018,"8"
"2024",라라2662,in_age_018,"5"
"2024",라라2663,in_age_018,"8"
"2024",라라2664,in_age_018,"8"
"2024",라라2665,in_age_018,"5"
"2024",라라2666,in_age_018,"0"
"2024",라라2667,in_age_018,"8"
"2024",라라2668,in_age_018,"5"
"2024",라라2669,in_age_018,"8"
"2024",라라2671,in_age_018,"0"
"2024",라라2672,in_age_018,"5"
"2024",라라2673,in_age_018,"5"
"2024",라라2674,in_age_018,"5"
"2024",라라2675,in_age_018,"8"
"2024",라라2676,in_age_018,"8"
"2024",라라2677,in_age_018,"5"
"2024",라라2678,in_age_018,"8"
"2024",라라2681,in_age_018,"5"
"2024",라라2682,in_age_018,"0"
"2024",라라2690,in_age_018,"0"
"2024",라라2694,in_age_018,"5"
"2024",라라2695,in_age_018,"5"
"2024",라라2703,in_age_018,"5"
"2024",라라2704,in_age_018,"13"
"2024",라라2706,in_age_018,"5"
"2024",라라2709,in_age_018,"5"
"2024",라라2710,in_age_018,"5"
"2024",라라2722,in_age_018,"5"
"2024",라라2723,in_age_018,"5"
"2024",라라2727,in_age_018,"5"
"2024",라라2763,in_age_018,"8"
"2024",라라2764,in_age_018,"8"
"2024",라라2765,in_age_018,"0"
"2024",라라2767,in_age_018,"5"
"2024",라라2769,in_age_018,"5"
"2024",라라2775,in_age_018,"0"
"2024",라라2776,in_age_018,"8"
"2024",라라2777,in_age_018,"0"
"2024",라라2778,in_age_018,"18"
"2024",라라2779,in_age_018,"0"
"2024",라라2780,in_age_018,"5"
"2024",라라2782,in_age_018,"5"
"2024",라라2783,in_age_018,"8"
"2024",라라2784,in_age_018,"8"
"2024",라라2790,in_age_018,"5"
"2024",라라2793,in_age_018,"5"
"2024",라라2794,in_age_018,"5"
"2024",라라2809,in_age_018,"0"
"2024",라라2810,in_age_018,"8"
"2024",라라2850,in_age_018,"5"
"2024",라라2851,in_age_018,"8"
"2024",라라2862,in_age_018,"13"
"2024",라라2863,in_age_018,"8"
"2024",라라2864,in_age_018,"5"
"2024",라라2865,in_age_018,"5"
"2024",라라2866,in_age_018,"8"
"2024",라라2867,in_age_018,"5"
"2024",라라2868,in_age_018,"8"
"2024",라라2869,in_age_018,"5"
"2024",라라2870,in_age_018,"5"
"2024",라라2871,in_age_018,"5"
"2024",라라2874,in_age_018,"0"
"2024",라라2876,in_age_018,"0"
"2024",라라2878,in_age_018,"8"
"2024",라라2879,in_age_018,"36"
"2024",라라2880,in_age_018,"0"
"2024",라라2881,in_age_018,"5"
"2024",라라2882,in_age_018,"0"
"2024",라라2890,in_age_018,"5"
"2024",라라2893,in_age_018,"5"
"2024",라라2894,in_age_018,"5"
"2024",라라2948,in_age_018,"13"
"2024",라라2949,in_age_018,"5"
"2024",라라2950,in_age_018,"13"
"2024",라라2951,in_age_018,"5"
"2024",라라2952,in_age_018,"8"
"2024",라라2953,in_age_018,"0"
"2024",라라2954,in_age_018,"0"
"2024",라라2964,in_age_018,"5"
"2024",라라2965,in_age_018,"8"
"2024",라라2968,in_age_018,"8"
"2024",라라2969,in_age_018,"5"
"2024",라라2970,in_age_018,"0"
"2024",라라2973,in_age_018,"5"
"2024",라라2974,in_age_018,"8"
"2024",라라2975,in_age_018,"5"
"2024",라라2976,in_age_018,"0"
"2024",라라2977,in_age_018,"0"
"2024",라라2978,in_age_018,"5"
"2024",라라2979,in_age_018,"13"
"2024",라라2980,in_age_018,"5"
"2024",라라2981,in_age_018,"5"
"2024",라라2982,in_age_018,"8"
"2024",라라2983,in_age_018,"5"
"2024",라라2988,in_age_018,"0"
"2024",라라2989,in_age_018,"5"
"2024",라라2991,in_age_018,"5"
"2024",라라2993,in_age_018,"8"
"2024",라라2995,in_age_018,"5"
"2024",라라2996,in_age_018,"8"
"2024",라라2997,in_age_018,"5"
"2024",라라2998,in_age_018,"8"
"2024",라라2999,in_age_018,"5"
"2024",라라3045,in_age_018,"5"
"2024",라라3046,in_age_018,"18"
"2024",라라3047,in_age_018,"5"
"2024",라라3053,in_age_018,"8"
"2024",라라3054,in_age_018,"13"
"2024",라라3055,in_age_018,"18"
"2024",라라3059,in_age_018,"8"
"2024",라라3060,in_age_018,"5"
"2024",라라3062,in_age_018,"5"
"2024",라라3064,in_age_018,"5"
"2024",라라3065,in_age_018,"5"
"2024",라라3066,in_age_018,"5"
"2024",라라3067,in_age_018,"8"
"2024",라라3069,in_age_018,"28"
"2024",라라3070,in_age_018,"5"
"2024",라라3072,in_age_018,"5"
"2024",라라3074,in_age_018,"8"
"2024",라라3075,in_age_018,"5"
"2024",라라3076,in_age_018,"5"
"2024",라라3080,in_age_018,"5"
"2024",라라3081,in_age_018,"5"
"2024",라라3082,in_age_018,"5"
"2024",라라3083,in_age_018,"5"
"2024",라라3084,in_age_018,"0"
"2024",라라3086,in_age_018,"0"
"2024",라라3087,in_age_018,"0"
"2024",라라3088,in_age_018,"8"
"2024",라라3090,in_age_018,"0"
"2024",라라3091,in_age_018,"0"
"2024",라라3093,in_age_018,"0"
"2024",라라3094,in_age_018,"0"
"2024",라라3095,in_age_018,"8"
"2024",라라3096,in_age_018,"5"
"2024",라라3097,in_age_018,"13"
"2024",라라3098,in_age_018,"13"
"2024",라라3099,in_age_018,"8"
"2024",라라3140,in_age_018,"8"
"2024",라라3141,in_age_018,"8"
"2024",라라3143,in_age_018,"8"
"2024",라라3144,in_age_018,"5"
"2024",라라3145,in_age_018,"8"
"2024",라라3146,in_age_018,"0"
"2024",라라3153,in_age_018,"8"
"2024",라라3155,in_age_018,"8"
"2024",라라3156,in_age_018,"0"
"2024",라라3162,in_age_018,"5"
"2024",라라3163,in_age_018,"8"
"2024",라라3164,in_age_018,"8"
"2024",라라3165,in_age_018,"5"
"2024",라라3169,in_age_018,"13"
"2024",라라3170,in_age_018,"5"
"2024",라라3171,in_age_018,"0"
"2024",라라3172,in_age_018,"8"
"2024",라라3173,in_age_018,"8"
"2024",라라3174,in_age_018,"0"
"2024",라라3175,in_age_018,"5"
"2024",라라3177,in_age_018,"13"
"2024",라라3178,in_age_018,"5"
"2024",라라3179,in_age_018,"0"
"2024",라라3180,in_age_018,"5"
"2024",라라3188,in_age_018,"5"
"2024",라라3193,in_age_018,"0"
"2024",라라3194,in_age_018,"0"
"2024",라라3195,in_age_018,"5"
"2024",라라3196,in_age_018,"8"
"2024",라라3197,in_age_018,"8"
"2024",라라3198,in_age_018,"13"
"2024",라라3238,in_age_018,"18"
"2024",라라3239,in_age_018,"5"
"2024",라라3240,in_age_018,"5"
"2024",라라3241,in_age_018,"8"
"2024",라라3242,in_age_018,"0"
"2024",라라3243,in_age_018,"14"
"2024",라라3245,in_age_018,"5"
"2024",라라3246,in_age_018,"18"
"2024",라라3252,in_age_018,"5"
"2024",라라3253,in_age_018,"5"
"2024",라라3256,in_age_018,"5"
"2024",라라3258,in_age_018,"8"
"2024",라라3259,in_age_018,"5"
"2024",라라3261,in_age_018,"13"
"2024",라라3262,in_age_018,"8"
"2024",라라3263,in_age_018,"8"
"2024",라라3269,in_age_018,"0"
"2024",라라3270,in_age_018,"5"
"2024",라라3271,in_age_018,"8"
"2024",라라3272,in_age_018,"0"
"2024",라라3273,in_age_018,"13"
"2024",라라3274,in_age_018,"13"
"2024",라라3275,in_age_018,"5"
"2024",라라3277,in_age_018,"5"
"2024",라라3279,in_age_018,"8"
"2024",라라3280,in_age_018,"8"
"2024",라라3283,in_age_018,"13"
"2024",라라3337,in_age_018,"18"
"2024",라라3339,in_age_018,"18"
"2024",라라3341,in_age_018,"5"
"2024",라라3342,in_age_018,"5"
"2024",라라3343,in_age_018,"13"
"2024",라라3345,in_age_018,"8"
"2024",라라3346,in_age_018,"8"
"2024",라라3348,in_age_018,"5"
"2024",라라3352,in_age_018,"8"
"2024",라라3355,in_age_018,"18"
"2024",라라3356,in_age_018,"8"
"2024",라라3357,in_age_018,"5"
"2024",라라3358,in_age_018,"5"
"2024",라라3359,in_age_018,"5"
"2024",라라3360,in_age_018,"5"
"2024",라라3369,in_age_018,"5"
"2024",라라3370,in_age_018,"0"
"2024",라라3372,in_age_018,"5"
"2024",라라3373,in_age_018,"5"
"2024",라라3374,in_age_018,"0"
"2024",라라3378,in_age_018,"8"
"2024",라라3379,in_age_018,"5"
"2024",라라3380,in_age_018,"0"
"2024",라라3381,in_age_018,"5"
"2024",라라3382,in_age_018,"8"
"2024",라라3388,in_age_018,"5"
"2024",라라3389,in_age_018,"8"
"2024",라라3390,in_age_018,"0"
"2024",라라3391,in_age_018,"5"
"2024",라라3393,in_age_018,"5"
"2024",라라3394,in_age_018,"5"
"2024",라라3396,in_age_018,"0"
"2024",라라3437,in_age_018,"0"
"2024",라라3439,in_age_018,"0"
"2024",라라3442,in_age_018,"8"
"2024",라라3443,in_age_018,"0"
"2024",라라3444,in_age_018,"5"
"2024",라라3445,in_age_018,"0"
"2024",라라3447,in_age_018,"8"
"2024",라라3448,in_age_018,"5"
"2024",라라3449,in_age_018,"8"
"2024",라라3450,in_age_018,"5"
"2024",라라3452,in_age_018,"5"
"2024",라라3453,in_age_018,"5"
"2024",라라3454,in_age_018,"8"
"2024",라라3455,in_age_018,"8"
"2024",라라3456,in_age_018,"13"
"2024",라라3459,in_age_018,"18"
"2024",라라3460,in_age_018,"8"
"2024",라라3461,in_age_018,"13"
"2024",라라3462,in_age_018,"18"
"2024",라라3464,in_age_018,"0"
"2024",라라3469,in_age_018,"5"
"2024",라라3470,in_age_018,"5"
"2024",라라3473,in_age_018,"5"
"2024",라라3474,in_age_018,"5"
"2024",라라3475,in_age_018,"8"
"2024",라라3476,in_age_018,"0"
"2024",라라3478,in_age_018,"0"
"2024",라라3479,in_age_018,"8"
"2024",라라3481,in_age_018,"5"
"2024",라라3482,in_age_018,"0"
"2024",라라3483,in_age_018,"5"
"2024",라라3484,in_age_018,"30"
"2024",라라3485,in_age_018,"8"
"2024",라라3486,in_age_018,"8"
"2024",라라3487,in_age_018,"28"
"2024",라라3488,in_age_018,"0"
"2024",라라3489,in_age_018,"5"
"2024",라라3490,in_age_018,"0"
"2024",라라3491,in_age_018,"8"
"2024",라라3492,in_age_018,"5"
"2024",라라3493,in_age_018,"8"
"2024",라라3497,in_age_018,"0"
"2024",라라3536,in_age_018,"0"
"2024",라라3541,in_age_018,"5"
"2024",라라3542,in_age_018,"13"
"2024",라라3546,in_age_018,"5"
"2024",라라3547,in_age_018,"13"
"2024",라라3548,in_age_018,"13"
"2024",라라3549,in_age_018,"48"
"2024",라라3550,in_age_018,"26"
"2024",라라3551,in_age_018,"5"
"2024",라라3552,in_age_018,"8"
"2024",라라3553,in_age_018,"13"
"2024",라라3554,in_age_018,"8"
"2024",라라3555,in_age_018,"8"
"2024",라라3556,in_age_018,"5"
"2024",라라3557,in_age_018,"8"
"2024",라라3559,in_age_018,"0"
"2024",라라3561,in_age_018,"5"
"2024",라라3563,in_age_018,"0"
"2024",라라3564,in_age_018,"5"
"2024",라라3569,in_age_018,"5"
"2024",라라3570,in_age_018,"5"
"2024",라라3571,in_age_018,"5"
"2024",라라3572,in_age_018,"8"
"2024",라라3573,in_age_018,"5"
"2024",라라3574,in_age_018,"0"
"2024",라라3578,in_age_018,"0"
"2024",라라3579,in_age_018,"8"
"2024",라라3580,in_age_018,"8"
"2024",라라3581,in_age_018,"5"
"2024",라라3582,in_age_018,"0"
"2024",라라3584,in_age_018,"0"
"2024",라라3585,in_age_018,"5"
"2024",라라3586,in_age_018,"5"
"2024",라라3588,in_age_018,"5"
"2024",라라3589,in_age_018,"0"
"2024",라라3590,in_age_018,"5"
"2024",라라3591,in_age_018,"13"
"2024",라라3592,in_age_018,"0"
"2024",라라3593,in_age_018,"5"
"2024",라라3594,in_age_018,"5"
"2024",라라3596,in_age_018,"5"
"2024",라라3597,in_age_018,"5"
"2024",라라3598,in_age_018,"5"
"2024",라라3599,in_age_018,"0"
"2024",라라3637,in_age_018,"8"
"2024",라라3639,in_age_018,"5"
"2024",라라3640,in_age_018,"8"
"2024",라라3641,in_age_018,"18"
"2024",라라3642,in_age_018,"5"
"2024",라라3647,in_age_018,"5"
"2024",라라3648,in_age_018,"18"
"2024",라라3649,in_age_018,"63"
"2024",라라3650,in_age_018,"34"
"2024",라라3651,in_age_018,"33"
"2024",라라3652,in_age_018,"8"
"2024",라라3653,in_age_018,"0"
"2024",라라3654,in_age_018,"5"
"2024",라라3655,in_age_018,"8"
"2024",라라3660,in_age_018,"0"
"2024",라라3663,in_age_018,"5"
"2024",라라3664,in_age_018,"0"
"2024",라라3665,in_age_018,"5"
"2024",라라3667,in_age_018,"5"
"2024",라라3668,in_age_018,"5"
"2024",라라3669,in_age_018,"8"
"2024",라라3670,in_age_018,"48"
"2024",라라3671,in_age_018,"5"
"2024",라라3672,in_age_018,"8"
"2024",라라3673,in_age_018,"5"
"2024",라라3674,in_age_018,"5"
"2024",라라3679,in_age_018,"5"
"2024",라라3680,in_age_018,"8"
"2024",라라3681,in_age_018,"5"
"2024",라라3682,in_age_018,"5"
"2024",라라3683,in_age_018,"8"
"2024",라라3684,in_age_018,"5"
"2024",라라3685,in_age_018,"0"
"2024",라라3686,in_age_018,"8"
"2024",라라3687,in_age_018,"5"
"2024",라라3688,in_age_018,"5"
"2024",라라3689,in_age_018,"5"
"2024",라라3690,in_age_018,"5"
"2024",라라3691,in_age_018,"5"
"2024",라라3692,in_age_018,"5"
"2024",라라3693,in_age_018,"5"
"2024",라라3694,in_age_018,"5"
"2024",라라3695,in_age_018,"0"
"2024",라라3696,in_age_018,"8"
"2024",라라3699,in_age_018,"0"
"2024",라라3738,in_age_018,"5"
"2024",라라3739,in_age_018,"5"
"2024",라라3741,in_age_018,"5"
"2024",라라3742,in_age_018,"0"
"2024",라라3747,in_age_018,"8"
"2024",라라3748,in_age_018,"8"
"2024",라라3750,in_age_018,"18"
"2024",라라3755,in_age_018,"23"
"2024",라라3756,in_age_018,"5"
"2024",라라3758,in_age_018,"8"
"2024",라라3759,in_age_018,"13"
"2024",라라3760,in_age_018,"5"
"2024",라라3764,in_age_018,"8"
"2024",라라3766,in_age_018,"18"
"2024",라라3767,in_age_018,"5"
"2024",라라3768,in_age_018,"13"
"2024",라라3769,in_age_018,"5"
"2024",라라3770,in_age_018,"5"
"2024",라라3771,in_age_018,"13"
"2024",라라3773,in_age_018,"8"
"2024",라라3776,in_age_018,"5"
"2024",라라3781,in_age_018,"5"
"2024",라라3783,in_age_018,"5"
"2024",라라3784,in_age_018,"0"
"2024",라라3785,in_age_018,"5"
"2024",라라3786,in_age_018,"5"
"2024",라라3787,in_age_018,"0"
"2024",라라3791,in_age_018,"5"
"2024",라라3793,in_age_018,"0"
"2024",라라3796,in_age_018,"5"
"2024",라라3797,in_age_018,"5"
"2024",라라3798,in_age_018,"5"
"2024",라라3799,in_age_018,"13"
"2024",라라3842,in_age_018,"0"
"2024",라라3846,in_age_018,"13"
"2024",라라3847,in_age_018,"5"
"2024",라라3848,in_age_018,"8"
"2024",라라3855,in_age_018,"5"
"2024",라라3856,in_age_018,"13"
"2024",라라3857,in_age_018,"8"
"2024",라라3858,in_age_018,"18"
"2024",라라3859,in_age_018,"13"
"2024",라라3867,in_age_018,"5"
"2024",라라3869,in_age_018,"5"
"2024",라라3870,in_age_018,"8"
"2024",라라3871,in_age_018,"5"
"2024",라라3872,in_age_018,"5"
"2024",라라3873,in_age_018,"0"
"2024",라라3874,in_age_018,"5"
"2024",라라3878,in_age_018,"0"
"2024",라라3879,in_age_018,"5"
"2024",라라3881,in_age_018,"0"
"2024",라라3885,in_age_018,"5"
"2024",라라3886,in_age_018,"5"
"2024",라라3887,in_age_018,"5"
"2024",라라3888,in_age_018,"5"
"2024",라라3889,in_age_018,"5"
"2024",라라3890,in_age_018,"0"
"2024",라라3891,in_age_018,"5"
"2024",라라3892,in_age_018,"5"
"2024",라라3896,in_age_018,"5"
"2024",라라3898,in_age_018,"0"
"2024",라라3899,in_age_018,"5"
"2024",라라3942,in_age_018,"13"
"2024",라라3943,in_age_018,"8"
"2024",라라3946,in_age_018,"18"
"2024",라라3947,in_age_018,"18"
"2024",라라3948,in_age_018,"8"
"2024",라라3968,in_age_018,"5"
"2024",라라3970,in_age_018,"8"
"2024",라라3974,in_age_018,"8"
"2024",라라3976,in_age_018,"5"
"2024",라라3978,in_age_018,"5"
"2024",라라3979,in_age_018,"8"
"2024",라라3981,in_age_018,"8"
"2024",라라3982,in_age_018,"5"
"2024",라라3985,in_age_018,"8"
"2024",라라3986,in_age_018,"16"
"2024",라라3987,in_age_018,"5"
"2024",라라3988,in_age_018,"5"
"2024",라라3989,in_age_018,"8"
"2024",라라3991,in_age_018,"0"
"2024",라라3994,in_age_018,"8"
"2024",라라3997,in_age_018,"8"
"2024",라라4037,in_age_018,"5"
"2024",라라4038,in_age_018,"5"
"2024",라라4042,in_age_018,"13"
"2024",라라4043,in_age_018,"0"
"2024",라라4045,in_age_018,"8"
"2024",라라4046,in_age_018,"5"
"2024",라라4047,in_age_018,"8"
"2024",라라4065,in_age_018,"0"
"2024",라라4066,in_age_018,"0"
"2024",라라4068,in_age_018,"5"
"2024",라라4069,in_age_018,"0"
"2024",라라4070,in_age_018,"8"
"2024",라라4073,in_age_018,"8"
"2024",라라4075,in_age_018,"5"
"2024",라라4076,in_age_018,"8"
"2024",라라4077,in_age_018,"5"
"2024",라라4078,in_age_018,"5"
"2024",라라4079,in_age_018,"5"
"2024",라라4080,in_age_018,"5"
"2024",라라4084,in_age_018,"5"
"2024",라라4085,in_age_018,"8"
"2024",라라4086,in_age_018,"5"
"2024",라라4088,in_age_018,"0"
"2024",라라4089,in_age_018,"0"
"2024",라라4094,in_age_018,"0"
"2024",라라4095,in_age_018,"8"
"2024",라라4097,in_age_018,"5"
"2024",라라4099,in_age_018,"25"
"2024",라라4136,in_age_018,"0"
"2024",라라4137,in_age_018,"8"
"2024",라라4138,in_age_018,"8"
"2024",라라4141,in_age_018,"8"
"2024",라라4142,in_age_018,"8"
"2024",라라4143,in_age_018,"8"
"2024",라라4144,in_age_018,"8"
"2024",라라4145,in_age_018,"18"
"2024",라라4165,in_age_018,"5"
"2024",라라4167,in_age_018,"5"
"2024",라라4169,in_age_018,"5"
"2024",라라4172,in_age_018,"0"
"2024",라라4173,in_age_018,"13"
"2024",라라4174,in_age_018,"5"
"2024",라라4175,in_age_018,"5"
"2024",라라4183,in_age_018,"5"
"2024",라라4184,in_age_018,"8"
"2024",라라4185,in_age_018,"5"
"2024",라라4186,in_age_018,"8"
"2024",라라4188,in_age_018,"5"
"2024",라라4191,in_age_018,"0"
"2024",라라4192,in_age_018,"53"
"2024",라라4193,in_age_018,"8"
"2024",라라4195,in_age_018,"8"
"2024",라라4196,in_age_018,"0"
"2024",라라4199,in_age_018,"13"
"2024",라라4235,in_age_018,"5"
"2024",라라4236,in_age_018,"5"
"2024",라라4244,in_age_018,"8"
"2024",라라4245,in_age_018,"13"
"2024",라라4246,in_age_018,"8"
"2024",라라4251,in_age_018,"13"
"2024",라라4252,in_age_018,"8"
"2024",라라4264,in_age_018,"5"
"2024",라라4265,in_age_018,"5"
"2024",라라4266,in_age_018,"0"
"2024",라라4267,in_age_018,"8"
"2024",라라4269,in_age_018,"17"
"2024",라라4270,in_age_018,"5"
"2024",라라4271,in_age_018,"8"
"2024",라라4272,in_age_018,"0"
"2024",라라4273,in_age_018,"23"
"2024",라라4274,in_age_018,"0"
"2024",라라4276,in_age_018,"5"
"2024",라라4278,in_age_018,"5"
"2024",라라4279,in_age_018,"8"
"2024",라라4280,in_age_018,"0"
"2024",라라4281,in_age_018,"5"
"2024",라라4282,in_age_018,"0"
"2024",라라4283,in_age_018,"8"
"2024",라라4285,in_age_018,"0"
"2024",라라4286,in_age_018,"0"
"2024",라라4288,in_age_018,"5"
"2024",라라4289,in_age_018,"0"
"2024",라라4292,in_age_018,"0"
"2024",라라4293,in_age_018,"5"
"2024",라라4295,in_age_018,"0"
"2024",라라4296,in_age_018,"0"
"2024",라라4297,in_age_018,"8"
"2024",라라4298,in_age_018,"5"
"2024",라라4344,in_age_018,"5"
"2024",라라4345,in_age_018,"13"
"2024",라라4346,in_age_018,"5"
"2024",라라4347,in_age_018,"8"
"2024",라라4350,in_age_018,"8"
"2024",라라4353,in_age_018,"8"
"2024",라라4363,in_age_018,"0"
"2024",라라4364,in_age_018,"5"
"2024",라라4366,in_age_018,"8"
"2024",라라4367,in_age_018,"17"
"2024",라라4368,in_age_018,"13"
"2024",라라4369,in_age_018,"5"
"2024",라라4370,in_age_018,"0"
"2024",라라4371,in_age_018,"0"
"2024",라라4372,in_age_018,"8"
"2024",라라4373,in_age_018,"8"
"2024",라라4378,in_age_018,"0"
"2024",라라4379,in_age_018,"5"
"2024",라라4381,in_age_018,"18"
"2024",라라4382,in_age_018,"14"
"2024",라라4383,in_age_018,"0"
"2024",라라4386,in_age_018,"0"
"2024",라라4436,in_age_018,"38"
"2024",라라4437,in_age_018,"13"
"2024",라라4438,in_age_018,"0"
"2024",라라4445,in_age_018,"8"
"2024",라라4446,in_age_018,"0"
"2024",라라4447,in_age_018,"8"
"2024",라라4448,in_age_018,"5"
"2024",라라4449,in_age_018,"0"
"2024",라라4453,in_age_018,"8"
"2024",라라4455,in_age_018,"5"
"2024",라라4456,in_age_018,"0"
"2024",라라4463,in_age_018,"0"
"2024",라라4465,in_age_018,"5"
"2024",라라4467,in_age_018,"0"
"2024",라라4468,in_age_018,"0"
"2024",라라4469,in_age_018,"8"
"2024",라라4470,in_age_018,"0"
"2024",라라4471,in_age_018,"0"
"2024",라라4473,in_age_018,"5"
"2024",라라4474,in_age_018,"0"
"2024",라라4475,in_age_018,"0"
"2024",라라4478,in_age_018,"5"
"2024",라라4479,in_age_018,"5"
"2024",라라4480,in_age_018,"5"
"2024",라라4481,in_age_018,"5"
"2024",라라4482,in_age_018,"0"
"2024",라라4483,in_age_018,"0"
"2024",라라4485,in_age_018,"5"
"2024",라라4490,in_age_018,"5"
"2024",라라4493,in_age_018,"0"
"2024",라라4494,in_age_018,"5"
"2024",라라4495,in_age_018,"0"
"2024",라라4498,in_age_018,"0"
"2024",라라4499,in_age_018,"5"
"2024",라라4546,in_age_018,"0"
"2024",라라4548,in_age_018,"23"
"2024",라라4549,in_age_018,"8"
"2024",라라4550,in_age_018,"8"
"2024",라라4551,in_age_018,"0"
"2024",라라4555,in_age_018,"5"
"2024",라라4556,in_age_018,"8"
"2024",라라4557,in_age_018,"5"
"2024",라라4567,in_age_018,"8"
"2024",라라4568,in_age_018,"5"
"2024",라라4569,in_age_018,"0"
"2024",라라4570,in_age_018,"5"
"2024",라라4571,in_age_018,"5"
"2024",라라4572,in_age_018,"0"
"2024",라라4574,in_age_018,"5"
"2024",라라4575,in_age_018,"0"
"2024",라라4580,in_age_018,"0"
"2024",라라4583,in_age_018,"8"
"2024",라라4584,in_age_018,"5"
"2024",라라4591,in_age_018,"5"
"2024",라라4592,in_age_018,"0"
"2024",라라4594,in_age_018,"8"
"2024",라라4595,in_age_018,"5"
"2024",라라4596,in_age_018,"0"
"2024",라라4598,in_age_018,"5"
"2024",라라4599,in_age_018,"5"
"2024",라라4636,in_age_018,"13"
"2024",라라4645,in_age_018,"5"
"2024",라라4647,in_age_018,"8"
"2024",라라4648,in_age_018,"8"
"2024",라라4649,in_age_018,"5"
"2024",라라4650,in_age_018,"0"
"2024",라라4651,in_age_018,"18"
"2024",라라4652,in_age_018,"13"
"2024",라라4653,in_age_018,"5"
"2024",라라4654,in_age_018,"5"
"2024",라라4655,in_age_018,"15"
"2024",라라4657,in_age_018,"5"
"2024",라라4658,in_age_018,"5"
"2024",라라4666,in_age_018,"5"
"2024",라라4667,in_age_018,"8"
"2024",라라4668,in_age_018,"0"
"2024",라라4669,in_age_018,"0"
"2024",라라4671,in_age_018,"5"
"2024",라라4672,in_age_018,"5"
"2024",라라4674,in_age_018,"0"
"2024",라라4675,in_age_018,"5"
"2024",라라4677,in_age_018,"0"
"2024",라라4678,in_age_018,"5"
"2024",라라4681,in_age_018,"0"
"2024",라라4682,in_age_018,"18"
"2024",라라4693,in_age_018,"0"
"2024",라라4694,in_age_018,"0"
"2024",라라4734,in_age_018,"0"
"2024",라라4736,in_age_018,"5"
"2024",라라4737,in_age_018,"5"
"2024",라라4741,in_age_018,"0"
"2024",라라4742,in_age_018,"8"
"2024",라라4743,in_age_018,"0"
"2024",라라4745,in_age_018,"8"
"2024",라라4746,in_age_018,"5"
"2024",라라4747,in_age_018,"5"
"2024",라라4748,in_age_018,"18"
"2024",라라4749,in_age_018,"5"
"2024",라라4750,in_age_018,"5"
"2024",라라4751,in_age_018,"8"
"2024",라라4753,in_age_018,"0"
"2024",라라4754,in_age_018,"5"
"2024",라라4755,in_age_018,"8"
"2024",라라4756,in_age_018,"5"
"2024",라라4757,in_age_018,"0"
"2024",라라4758,in_age_018,"5"
"2024",라라4767,in_age_018,"0"
"2024",라라4771,in_age_018,"8"
"2024",라라4773,in_age_018,"5"
"2024",라라4774,in_age_018,"5"
"2024",라라4775,in_age_018,"5"
"2024",라라4776,in_age_018,"8"
"2024",라라4777,in_age_018,"8"
"2024",라라4780,in_age_018,"0"
"2024",라라4781,in_age_018,"5"
"2024",라라4782,in_age_018,"5"
"2024",라라4783,in_age_018,"18"
"2024",라라4791,in_age_018,"0"
"2024",라라4792,in_age_018,"5"
"2024",라라4793,in_age_018,"5"
"2024",라라4796,in_age_018,"5"
"2024",라라4834,in_age_018,"0"
"2024",라라4836,in_age_018,"8"
"2024",라라4837,in_age_018,"8"
"2024",라라4845,in_age_018,"8"
"2024",라라4847,in_age_018,"8"
"2024",라라4848,in_age_018,"8"
"2024",라라4849,in_age_018,"5"
"2024",라라4850,in_age_018,"0"
"2024",라라4852,in_age_018,"5"
"2024",라라4853,in_age_018,"5"
"2024",라라4856,in_age_018,"8"
"2024",라라4857,in_age_018,"5"
"2024",라라4858,in_age_018,"5"
"2024",라라4859,in_age_018,"0"
"2024",라라4861,in_age_018,"5"
"2024",라라4862,in_age_018,"5"
"2024",라라4874,in_age_018,"5"
"2024",라라4875,in_age_018,"5"
"2024",라라4877,in_age_018,"5"
"2024",라라4878,in_age_018,"5"
"2024",라라4879,in_age_018,"5"
"2024",라라4880,in_age_018,"0"
"2024",라라4881,in_age_018,"5"
"2024",라라4883,in_age_018,"5"
"2024",라라4884,in_age_018,"8"
"2024",라라4887,in_age_018,"0"
"2024",라라4888,in_age_018,"8"
"2024",라라4889,in_age_018,"8"
"2024",라라4891,in_age_018,"5"
"2024",라라4892,in_age_018,"0"
"2024",라라4893,in_age_018,"5"
"2024",라라4895,in_age_018,"5"
"2024",라라4896,in_age_018,"5"
"2024",라라4898,in_age_018,"9"
"2024",라라4899,in_age_018,"5"
"2024",라라4934,in_age_018,"5"
"2024",라라4935,in_age_018,"8"
"2024",라라4937,in_age_018,"5"
"2024",라라4942,in_age_018,"0"
"2024",라라4945,in_age_018,"8"
"2024",라라4946,in_age_018,"5"
"2024",라라4947,in_age_018,"8"
"2024",라라4950,in_age_018,"5"
"2024",라라4952,in_age_018,"5"
"2024",라라4953,in_age_018,"5"
"2024",라라4954,in_age_018,"5"
"2024",라라4955,in_age_018,"5"
"2024",라라4958,in_age_018,"5"
"2024",라라4959,in_age_018,"8"
"2024",라라4960,in_age_018,"5"
"2024",라라4961,in_age_018,"13"
"2024",라라4962,in_age_018,"5"
"2024",라라4963,in_age_018,"0"
"2024",라라4965,in_age_018,"8"
"2024",라라4966,in_age_018,"18"
"2024",라라4967,in_age_018,"5"
"2024",라라4970,in_age_018,"5"
"2024",라라4971,in_age_018,"5"
"2024",라라4972,in_age_018,"5"
"2024",라라4976,in_age_018,"8"
"2024",라라4977,in_age_018,"44"
"2024",라라4978,in_age_018,"8"
"2024",라라4979,in_age_018,"0"
"2024",라라4980,in_age_018,"0"
"2024",라라4981,in_age_018,"5"
"2024",라라4982,in_age_018,"5"
"2024",라라4983,in_age_018,"9"
"2024",라라4984,in_age_018,"5"
"2024",라라4985,in_age_018,"66"
"2024",라라4986,in_age_018,"18"
"2024",라라4987,in_age_018,"0"
"2024",라라4988,in_age_018,"0"
"2024",라라4989,in_age_018,"5"
"2024",라라4991,in_age_018,"26"
"2024",라라4992,in_age_018,"5"
"2024",라라4993,in_age_018,"8"
"2024",라라4994,in_age_018,"5"
"2024",라라4995,in_age_018,"5"
"2024",라라4997,in_age_018,"5"
"2024",라라4998,in_age_018,"5"
"2024",라라5033,in_age_018,"0"
"2024",라라5035,in_age_018,"13"
"2024",라라5038,in_age_018,"5"
"2024",라라5039,in_age_018,"5"
"2024",라라5040,in_age_018,"5"
"2024",라라5042,in_age_018,"0"
"2024",라라5043,in_age_018,"8"
"2024",라라5044,in_age_018,"13"
"2024",라라5045,in_age_018,"5"
"2024",라라5046,in_age_018,"0"
"2024",라라5047,in_age_018,"8"
"2024",라라5050,in_age_018,"5"
"2024",라라5051,in_age_018,"5"
"2024",라라5052,in_age_018,"5"
"2024",라라5053,in_age_018,"5"
"2024",라라5054,in_age_018,"5"
"2024",라라5059,in_age_018,"28"
"2024",라라5063,in_age_018,"13"
"2024",라라5064,in_age_018,"13"
"2024",라라5065,in_age_018,"20"
"2024",라라5066,in_age_018,"8"
"2024",라라5067,in_age_018,"8"
"2024",라라5068,in_age_018,"13"
"2024",라라5069,in_age_018,"8"
"2024",라라5070,in_age_018,"5"
"2024",라라5071,in_age_018,"8"
"2024",라라5072,in_age_018,"8"
"2024",라라5073,in_age_018,"23"
"2024",라라5077,in_age_018,"13"
"2024",라라5079,in_age_018,"5"
"2024",라라5080,in_age_018,"0"
"2024",라라5081,in_age_018,"0"
"2024",라라5082,in_age_018,"0"
"2024",라라5083,in_age_018,"5"
"2024",라라5084,in_age_018,"5"
"2024",라라5085,in_age_018,"28"
"2024",라라5086,in_age_018,"116"
"2024",라라5087,in_age_018,"5"
"2024",라라5088,in_age_018,"38"
"2024",라라5089,in_age_018,"8"
"2024",라라5090,in_age_018,"5"
"2024",라라5091,in_age_018,"5"
"2024",라라5092,in_age_018,"20"
"2024",라라5093,in_age_018,"5"
"2024",라라5094,in_age_018,"5"
"2024",라라5095,in_age_018,"0"
"2024",라라5099,in_age_018,"5"
"2024",라라5146,in_age_018,"5"
"2024",라라5147,in_age_018,"5"
"2024",라라5149,in_age_018,"8"
"2024",라라5150,in_age_018,"5"
"2024",라라5151,in_age_018,"8"
"2024",라라5152,in_age_018,"5"
"2024",라라5159,in_age_018,"102"
"2024",라라5160,in_age_018,"5"
"2024",라라5163,in_age_018,"49"
"2024",라라5164,in_age_018,"18"
"2024",라라5165,in_age_018,"18"
"2024",라라5166,in_age_018,"25"
"2024",라라5167,in_age_018,"5"
"2024",라라5168,in_age_018,"28"
"2024",라라5169,in_age_018,"5"
"2024",라라5170,in_age_018,"8"
"2024",라라5171,in_age_018,"13"
"2024",라라5172,in_age_018,"13"
"2024",라라5173,in_age_018,"0"
"2024",라라5174,in_age_018,"34"
"2024",라라5175,in_age_018,"8"
"2024",라라5176,in_age_018,"0"
"2024",라라5178,in_age_018,"5"
"2024",라라5179,in_age_018,"0"
"2024",라라5183,in_age_018,"5"
"2024",라라5184,in_age_018,"0"
"2024",라라5185,in_age_018,"8"
"2024",라라5186,in_age_018,"112"
"2024",라라5187,in_age_018,"206"
"2024",라라5188,in_age_018,"108"
"2024",라라5189,in_age_018,"93"
"2024",라라5190,in_age_018,"7"
"2024",라라5191,in_age_018,"0"
"2024",라라5192,in_age_018,"5"
"2024",라라5194,in_age_018,"5"
"2024",라라5195,in_age_018,"5"
"2024",라라5198,in_age_018,"5"
"2024",라라5199,in_age_018,"5"
"2024",라라5255,in_age_018,"5"
"2024",라라5256,in_age_018,"8"
"2024",라라5259,in_age_018,"124"
"2024",라라5260,in_age_018,"110"
"2024",라라5261,in_age_018,"25"
"2024",라라5262,in_age_018,"30"
"2024",라라5263,in_age_018,"8"
"2024",라라5264,in_age_018,"5"
"2024",라라5266,in_age_018,"5"
"2024",라라5268,in_age_018,"5"
"2024",라라5269,in_age_018,"8"
"2024",라라5271,in_age_018,"5"
"2024",라라5272,in_age_018,"13"
"2024",라라5273,in_age_018,"13"
"2024",라라5274,in_age_018,"23"
"2024",라라5275,in_age_018,"8"
"2024",라라5279,in_age_018,"5"
"2024",라라5280,in_age_018,"8"
"2024",라라5282,in_age_018,"8"
"2024",라라5286,in_age_018,"0"
"2024",라라5287,in_age_018,"209"
"2024",라라5288,in_age_018,"147"
"2024",라라5289,in_age_018,"207"
"2024",라라5290,in_age_018,"14"
"2024",라라5291,in_age_018,"5"
"2024",라라5292,in_age_018,"5"
"2024",라라5294,in_age_018,"8"
"2024",라라5295,in_age_018,"5"
"2024",라라5296,in_age_018,"5"
"2024",라라5297,in_age_018,"8"
"2024",라라5298,in_age_018,"0"
"2024",라라5359,in_age_018,"65"
"2024",라라5360,in_age_018,"132"
"2024",라라5361,in_age_018,"70"
"2024",라라5362,in_age_018,"13"
"2024",라라5368,in_age_018,"5"
"2024",라라5370,in_age_018,"0"
"2024",라라5372,in_age_018,"8"
"2024",라라5373,in_age_018,"8"
"2024",라라5374,in_age_018,"8"
"2024",라라5375,in_age_018,"34"
"2024",라라5376,in_age_018,"88"
"2024",라라5377,in_age_018,"28"
"2024",라라5379,in_age_018,"13"
"2024",라라5381,in_age_018,"5"
"2024",라라5382,in_age_018,"0"
"2024",라라5383,in_age_018,"5"
"2024",라라5384,in_age_018,"5"
"2024",라라5386,in_age_018,"79"
"2024",라라5387,in_age_018,"279"
"2024",라라5388,in_age_018,"148"
"2024",라라5389,in_age_018,"141"
"2024",라라5390,in_age_018,"0"
"2024",라라5391,in_age_018,"5"
"2024",라라5393,in_age_018,"18"
"2024",라라5394,in_age_018,"8"
"2024",라라5395,in_age_018,"0"
"2024",라라5396,in_age_018,"5"
"2024",라라5458,in_age_018,"0"
"2024",라라5459,in_age_018,"23"
"2024",라라5460,in_age_018,"49"
"2024",라라5461,in_age_018,"8"
"2024",라라5462,in_age_018,"0"
"2024",라라5463,in_age_018,"0"
"2024",라라5467,in_age_018,"5"
"2024",라라5472,in_age_018,"8"
"2024",라라5474,in_age_018,"13"
"2024",라라5475,in_age_018,"5"
"2024",라라5476,in_age_018,"100"
"2024",라라5477,in_age_018,"57"
"2024",라라5478,in_age_018,"13"
"2024",라라5479,in_age_018,"8"
"2024",라라5480,in_age_018,"18"
"2024",라라5481,in_age_018,"18"
"2024",라라5482,in_age_018,"5"
"2024",라라5483,in_age_018,"23"
"2024",라라5484,in_age_018,"8"
"2024",라라5485,in_age_018,"5"
"2024",라라5486,in_age_018,"67"
"2024",라라5487,in_age_018,"53"
"2024",라라5488,in_age_018,"20"
"2024",라라5489,in_age_018,"18"
"2024",라라5490,in_age_018,"0"
"2024",라라5491,in_age_018,"8"
"2024",라라5492,in_age_018,"5"
"2024",라라5493,in_age_018,"5"
"2024",라라5494,in_age_018,"0"
"2024",라라5496,in_age_018,"0"
"2024",라라5499,in_age_018,"5"
"2024",라라5559,in_age_018,"5"
"2024",라라5560,in_age_018,"0"
"2024",라라5561,in_age_018,"18"
"2024",라라5563,in_age_018,"8"
"2024",라라5568,in_age_018,"5"
"2024",라라5573,in_age_018,"5"
"2024",라라5574,in_age_018,"13"
"2024",라라5575,in_age_018,"8"
"2024",라라5576,in_age_018,"8"
"2024",라라5577,in_age_018,"13"
"2024",라라5579,in_age_018,"5"
"2024",라라5581,in_age_018,"0"
"2024",라라5582,in_age_018,"8"
"2024",라라5583,in_age_018,"0"
"2024",라라5584,in_age_018,"58"
"2024",라라5585,in_age_018,"90"
"2024",라라5586,in_age_018,"38"
"2024",라라5587,in_age_018,"197"
"2024",라라5588,in_age_018,"43"
"2024",라라5589,in_age_018,"65"
"2024",라라5590,in_age_018,"38"
"2024",라라5591,in_age_018,"5"
"2024",라라5592,in_age_018,"8"
"2024",라라5593,in_age_018,"0"
"2024",라라5595,in_age_018,"0"
"2024",라라5596,in_age_018,"5"
"2024",라라5597,in_age_018,"8"
"2024",라라5598,in_age_018,"5"
"2024",라라5599,in_age_018,"5"
"2024",라라5658,in_age_018,"0"
"2024",라라5659,in_age_018,"18"
"2024",라라5660,in_age_018,"13"
"2024",라라5661,in_age_018,"5"
"2024",라라5662,in_age_018,"8"
"2024",라라5669,in_age_018,"8"
"2024",라라5671,in_age_018,"5"
"2024",라라5673,in_age_018,"5"
"2024",라라5677,in_age_018,"27"
"2024",라라5678,in_age_018,"5"
"2024",라라5679,in_age_018,"19"
"2024",라라5680,in_age_018,"8"
"2024",라라5681,in_age_018,"5"
"2024",라라5682,in_age_018,"0"
"2024",라라5683,in_age_018,"5"
"2024",라라5684,in_age_018,"8"
"2024",라라5685,in_age_018,"13"
"2024",라라5686,in_age_018,"65"
"2024",라라5687,in_age_018,"63"
"2024",라라5688,in_age_018,"128"
"2024",라라5689,in_age_018,"5"
"2024",라라5690,in_age_018,"5"
"2024",라라5691,in_age_018,"15"
"2024",라라5692,in_age_018,"8"
"2024",라라5694,in_age_018,"5"
"2024",라라5697,in_age_018,"0"
"2024",라라5698,in_age_018,"5"
"2024",라라5699,in_age_018,"0"
"2024",라라5756,in_age_018,"5"
"2024",라라5759,in_age_018,"8"
"2024",라라5760,in_age_018,"5"
"2024",라라5761,in_age_018,"8"
"2024",라라5762,in_age_018,"0"
"2024",라라5763,in_age_018,"5"
"2024",라라5765,in_age_018,"28"
"2024",라라5768,in_age_018,"5"
"2024",라라5769,in_age_018,"5"
"2024",라라5770,in_age_018,"5"
"2024",라라5772,in_age_018,"0"
"2024",라라5773,in_age_018,"8"
"2024",라라5776,in_age_018,"0"
"2024",라라5778,in_age_018,"5"
"2024",라라5779,in_age_018,"8"
"2024",라라5780,in_age_018,"0"
"2024",라라5782,in_age_018,"5"
"2024",라라5783,in_age_018,"5"
"2024",라라5784,in_age_018,"0"
"2024",라라5785,in_age_018,"8"
"2024",라라5786,in_age_018,"13"
"2024",라라5787,in_age_018,"8"
"2024",라라5788,in_age_018,"45"
"2024",라라5789,in_age_018,"5"
"2024",라라5790,in_age_018,"8"
"2024",라라5791,in_age_018,"5"
"2024",라라5792,in_age_018,"5"
"2024",라라5793,in_age_018,"5"
"2024",라라5794,in_age_018,"8"
"2024",라라5796,in_age_018,"5"
"2024",라라5797,in_age_018,"5"
"2024",라라5798,in_age_018,"5"
"2024",라라5799,in_age_018,"0"
"2024",라라5856,in_age_018,"5"
"2024",라라5857,in_age_018,"8"
"2024",라라5858,in_age_018,"8"
"2024",라라5859,in_age_018,"8"
"2024",라라5860,in_age_018,"5"
"2024",라라5861,in_age_018,"0"
"2024",라라5862,in_age_018,"5"
"2024",라라5863,in_age_018,"0"
"2024",라라5866,in_age_018,"5"
"2024",라라5867,in_age_018,"5"
"2024",라라5868,in_age_018,"5"
"2024",라라5871,in_age_018,"5"
"2024",라라5872,in_age_018,"0"
"2024",라라5873,in_age_018,"14"
"2024",라라5874,in_age_018,"5"
"2024",라라5877,in_age_018,"5"
"2024",라라5879,in_age_018,"8"
"2024",라라5881,in_age_018,"5"
"2024",라라5882,in_age_018,"14"
"2024",라라5885,in_age_018,"5"
"2024",라라5886,in_age_018,"13"
"2024",라라5887,in_age_018,"5"
"2024",라라5888,in_age_018,"8"
"2024",라라5889,in_age_018,"5"
"2024",라라5891,in_age_018,"43"
"2024",라라5892,in_age_018,"8"
"2024",라라5894,in_age_018,"0"
"2024",라라5895,in_age_018,"5"
"2024",라라5896,in_age_018,"8"
"2024",라라5897,in_age_018,"0"
"2024",라라5957,in_age_018,"0"
"2024",라라5961,in_age_018,"5"
"2024",라라5962,in_age_018,"0"
"2024",라라5964,in_age_018,"5"
"2024",라라5966,in_age_018,"5"
"2024",라라5967,in_age_018,"5"
"2024",라라5970,in_age_018,"8"
"2024",라라5971,in_age_018,"5"
"2024",라라5973,in_age_018,"5"
"2024",라라5977,in_age_018,"5"
"2024",라라5978,in_age_018,"0"
"2024",라라5980,in_age_018,"5"
"2024",라라5981,in_age_018,"5"
"2024",라라5983,in_age_018,"5"
"2024",라라5984,in_age_018,"8"
"2024",라라5985,in_age_018,"5"
"2024",라라5986,in_age_018,"8"
"2024",라라5987,in_age_018,"28"
"2024",라라5988,in_age_018,"5"
"2024",라라5989,in_age_018,"0"
"2024",라라5990,in_age_018,"14"
"2024",라라5991,in_age_018,"45"
"2024",라라5992,in_age_018,"8"
"2024",라라5995,in_age_018,"5"
"2024",라라5996,in_age_018,"8"
"2024",라라5998,in_age_018,"5"
"2024",라라6056,in_age_018,"5"
"2024",라라6057,in_age_018,"5"
"2024",라라6059,in_age_018,"8"
"2024",라라6066,in_age_018,"0"
"2024",라라6070,in_age_018,"8"
"2024",라라6071,in_age_018,"5"
"2024",라라6073,in_age_018,"5"
"2024",라라6080,in_age_018,"5"
"2024",라라6082,in_age_018,"8"
"2024",라라6083,in_age_018,"8"
"2024",라라6084,in_age_018,"0"
"2024",라라6085,in_age_018,"13"
"2024",라라6086,in_age_018,"43"
"2024",라라6088,in_age_018,"23"
"2024",라라6089,in_age_018,"5"
"2024",라라6090,in_age_018,"5"
"2024",라라6091,in_age_018,"5"
"2024",라라6092,in_age_018,"8"
"2024",라라6093,in_age_018,"8"
"2024",라라6096,in_age_018,"18"
"2024",라라6097,in_age_018,"8"
"2024",라라6098,in_age_018,"8"
"2024",라라6099,in_age_018,"13"
"2024",라라6151,in_age_018,"0"
"2024",라라6156,in_age_018,"8"
"2024",라라6159,in_age_018,"8"
"2024",라라6160,in_age_018,"8"
"2024",라라6164,in_age_018,"0"
"2024",라라6168,in_age_018,"0"
"2024",라라6169,in_age_018,"5"
"2024",라라6170,in_age_018,"8"
"2024",라라6171,in_age_018,"5"
"2024",라라6175,in_age_018,"13"
"2024",라라6176,in_age_018,"0"
"2024",라라6179,in_age_018,"5"
"2024",라라6180,in_age_018,"8"
"2024",라라6181,in_age_018,"0"
"2024",라라6182,in_age_018,"13"
"2024",라라6183,in_age_018,"30"
"2024",라라6184,in_age_018,"89"
"2024",라라6185,in_age_018,"0"
"2024",라라6186,in_age_018,"18"
"2024",라라6188,in_age_018,"0"
"2024",라라6189,in_age_018,"5"
"2024",라라6191,in_age_018,"0"
"2024",라라6194,in_age_018,"5"
"2024",라라6195,in_age_018,"28"
"2024",라라6196,in_age_018,"5"
"2024",라라6235,in_age_018,"0"
"2024",라라6249,in_age_018,"5"
"2024",라라6251,in_age_018,"8"
"2024",라라6257,in_age_018,"5"
"2024",라라6261,in_age_018,"5"
"2024",라라6265,in_age_018,"8"
"2024",라라6266,in_age_018,"0"
"2024",라라6267,in_age_018,"23"
"2024",라라6270,in_age_018,"5"
"2024",라라6271,in_age_018,"5"
"2024",라라6275,in_age_018,"5"
"2024",라라6277,in_age_018,"8"
"2024",라라6278,in_age_018,"5"
"2024",라라6279,in_age_018,"5"
"2024",라라6280,in_age_018,"8"
"2024",라라6281,in_age_018,"8"
"2024",라라6282,in_age_018,"8"
"2024",라라6283,in_age_018,"5"
"2024",라라6284,in_age_018,"5"
"2024",라라6286,in_age_018,"8"
"2024",라라6292,in_age_018,"8"
"2024",라라6295,in_age_018,"5"
"2024",라라6297,in_age_018,"8"
"2024",라라6348,in_age_018,"5"
"2024",라라6349,in_age_018,"0"
"2024",라라6351,in_age_018,"0"
"2024",라라6356,in_age_018,"8"
"2024",라라6357,in_age_018,"0"
"2024",라라6358,in_age_018,"5"
"2024",라라6359,in_age_018,"8"
"2024",라라6360,in_age_018,"8"
"2024",라라6361,in_age_018,"5"
"2024",라라6362,in_age_018,"5"
"2024",라라6367,in_age_018,"0"
"2024",라라6373,in_age_018,"5"
"2024",라라6375,in_age_018,"0"
"2024",라라6377,in_age_018,"8"
"2024",라라6378,in_age_018,"5"
"2024",라라6380,in_age_018,"5"
"2024",라라6381,in_age_018,"8"
"2024",라라6382,in_age_018,"8"
"2024",라라6383,in_age_018,"5"
"2024",라라6393,in_age_018,"19"
"2024",라라6394,in_age_018,"13"
"2024",라라6397,in_age_018,"5"
"2024",라라6398,in_age_018,"8"
"2024",라라6399,in_age_018,"0"
"2024",라라6448,in_age_018,"0"
"2024",라라6449,in_age_018,"5"
"2024",라라6450,in_age_018,"5"
"2024",라라6451,in_age_018,"5"
"2024",라라6459,in_age_018,"5"
"2024",라라6460,in_age_018,"5"
"2024",라라6461,in_age_018,"0"
"2024",라라6462,in_age_018,"5"
"2024",라라6463,in_age_018,"8"
"2024",라라6466,in_age_018,"8"
"2024",라라6467,in_age_018,"0"
"2024",라라6470,in_age_018,"0"
"2024",라라6471,in_age_018,"5"
"2024",라라6472,in_age_018,"5"
"2024",라라6474,in_age_018,"8"
"2024",라라6475,in_age_018,"8"
"2024",라라6476,in_age_018,"0"
"2024",라라6477,in_age_018,"5"
"2024",라라6478,in_age_018,"8"
"2024",라라6479,in_age_018,"0"
"2024",라라6483,in_age_018,"5"
"2024",라라6484,in_age_018,"5"
"2024",라라6489,in_age_018,"5"
"2024",라라6490,in_age_018,"5"
"2024",라라6491,in_age_018,"8"
"2024",라라6498,in_age_018,"13"
"2024",라라6499,in_age_018,"5"
"2024",라라6546,in_age_018,"8"
"2024",라라6547,in_age_018,"8"
"2024",라라6548,in_age_018,"5"
"2024",라라6549,in_age_018,"5"
"2024",라라6550,in_age_018,"0"
"2024",라라6559,in_age_018,"0"
"2024",라라6561,in_age_018,"5"
"2024",라라6562,in_age_018,"5"
"2024",라라6566,in_age_018,"5"
"2024",라라6567,in_age_018,"5"
"2024",라라6569,in_age_018,"5"
"2024",라라6570,in_age_018,"5"
"2024",라라6571,in_age_018,"5"
"2024",라라6575,in_age_018,"5"
"2024",라라6576,in_age_018,"5"
"2024",라라6578,in_age_018,"8"
"2024",라라6579,in_age_018,"8"
"2024",라라6580,in_age_018,"5"
"2024",라라6581,in_age_018,"0"
"2024",라라6583,in_age_018,"8"
"2024",라라6585,in_age_018,"8"
"2024",라라6586,in_age_018,"5"
"2024",라라6588,in_age_018,"8"
"2024",라라6589,in_age_018,"8"
"2024",라라6590,in_age_018,"5"
"2024",라라6591,in_age_018,"8"
"2024",라라6592,in_age_018,"5"
"2024",라라6593,in_age_018,"13"
"2024",라라6595,in_age_018,"5"
"2024",라라6596,in_age_018,"5"
"2024",라라6598,in_age_018,"0"
"2024",라라6647,in_age_018,"0"
"2024",라라6650,in_age_018,"8"
"2024",라라6660,in_age_018,"0"
"2024",라라6661,in_age_018,"0"
"2024",라라6663,in_age_018,"0"
"2024",라라6664,in_age_018,"5"
"2024",라라6669,in_age_018,"5"
"2024",라라6672,in_age_018,"5"
"2024",라라6673,in_age_018,"0"
"2024",라라6679,in_age_018,"8"
"2024",라라6680,in_age_018,"0"
"2024",라라6681,in_age_018,"5"
"2024",라라6684,in_age_018,"5"
"2024",라라6685,in_age_018,"0"
"2024",라라6686,in_age_018,"0"
"2024",라라6687,in_age_018,"0"
"2024",라라6688,in_age_018,"5"
"2024",라라6689,in_age_018,"5"
"2024",라라6690,in_age_018,"0"
"2024",라라6693,in_age_018,"0"
"2024",라라6694,in_age_018,"0"
"2024",라라6696,in_age_018,"8"
"2024",라라6727,in_age_018,"5"
"2024",라라6728,in_age_018,"0"
"2024",라라6731,in_age_018,"5"
"2024",라라6746,in_age_018,"8"
"2024",라라6748,in_age_018,"0"
"2024",라라6760,in_age_018,"0"
"2024",라라6761,in_age_018,"5"
"2024",라라6762,in_age_018,"0"
"2024",라라6763,in_age_018,"5"
"2024",라라6765,in_age_018,"0"
"2024",라라6766,in_age_018,"5"
"2024",라라6767,in_age_018,"0"
"2024",라라6768,in_age_018,"5"
"2024",라라6772,in_age_018,"8"
"2024",라라6773,in_age_018,"5"
"2024",라라6778,in_age_018,"5"
"2024",라라6779,in_age_018,"8"
"2024",라라6780,in_age_018,"0"
"2024",라라6788,in_age_018,"8"
"2024",라라6789,in_age_018,"8"
"2024",라라6790,in_age_018,"8"
"2024",라라6791,in_age_018,"5"
"2024",라라6792,in_age_018,"5"
"2024",라라6794,in_age_018,"8"
"2024",라라6795,in_age_018,"5"
"2024",라라6796,in_age_018,"8"
"2024",라라6797,in_age_018,"0"
"2024",라라6825,in_age_018,"8"
"2024",라라6827,in_age_018,"0"
"2024",라라6830,in_age_018,"5"
"2024",라라6846,in_age_018,"5"
"2024",라라6848,in_age_018,"0"
"2024",라라6861,in_age_018,"5"
"2024",라라6862,in_age_018,"5"
"2024",라라6865,in_age_018,"5"
"2024",라라6866,in_age_018,"5"
"2024",라라6869,in_age_018,"5"
"2024",라라6870,in_age_018,"0"
"2024",라라6873,in_age_018,"5"
"2024",라라6874,in_age_018,"0"
"2024",라라6878,in_age_018,"5"
"2024",라라6879,in_age_018,"5"
"2024",라라6880,in_age_018,"8"
"2024",라라6882,in_age_018,"5"
"2024",라라6883,in_age_018,"8"
"2024",라라6884,in_age_018,"5"
"2024",라라6885,in_age_018,"5"
"2024",라라6886,in_age_018,"8"
"2024",라라6887,in_age_018,"5"
"2024",라라6888,in_age_018,"0"
"2024",라라6889,in_age_018,"5"
"2024",라라6891,in_age_018,"5"
"2024",라라6892,in_age_018,"5"
"2024",라라6893,in_age_018,"13"
"2024",라라6894,in_age_018,"8"
"2024",라라6895,in_age_018,"5"
"2024",라라6896,in_age_018,"8"
"2024",라라6897,in_age_018,"5"
"2024",라라6899,in_age_018,"5"
"2024",라라6926,in_age_018,"5"
"2024",라라6927,in_age_018,"8"
"2024",라라6931,in_age_018,"5"
"2024",라라6946,in_age_018,"0"
"2024",라라6958,in_age_018,"5"
"2024",라라6959,in_age_018,"5"
"2024",라라6961,in_age_018,"5"
"2024",라라6962,in_age_018,"0"
"2024",라라6964,in_age_018,"5"
"2024",라라6965,in_age_018,"5"
"2024",라라6972,in_age_018,"5"
"2024",라라6973,in_age_018,"0"
"2024",라라6976,in_age_018,"0"
"2024",라라6978,in_age_018,"13"
"2024",라라6981,in_age_018,"8"
"2024",라라6983,in_age_018,"8"
"2024",라라6984,in_age_018,"5"
"2024",라라6985,in_age_018,"5"
"2024",라라6986,in_age_018,"5"
"2024",라라6987,in_age_018,"8"
"2024",라라6988,in_age_018,"28"
"2024",라라6991,in_age_018,"0"
"2024",라라6993,in_age_018,"5"
"2024",라라6994,in_age_018,"0"
"2024",라라6996,in_age_018,"8"
"2024",라라6997,in_age_018,"8"
"2024",라라6999,in_age_018,"5"
"2024",라라7025,in_age_018,"5"
"2024",라라7026,in_age_018,"13"
"2024",라라7027,in_age_018,"5"
"2024",라라7056,in_age_018,"5"
"2024",라라7057,in_age_018,"5"
"2024",라라7058,in_age_018,"5"
"2024",라라7060,in_age_018,"8"
"2024",라라7061,in_age_018,"8"
"2024",라라7064,in_age_018,"0"
"2024",라라7065,in_age_018,"5"
"2024",라라7067,in_age_018,"0"
"2024",라라7069,in_age_018,"0"
"2024",라라7072,in_age_018,"5"
"2024",라라7076,in_age_018,"5"
"2024",라라7077,in_age_018,"5"
"2024",라라7078,in_age_018,"8"
"2024",라라7081,in_age_018,"5"
"2024",라라7082,in_age_018,"0"
"2024",라라7083,in_age_018,"5"
"2024",라라7084,in_age_018,"5"
"2024",라라7085,in_age_018,"8"
"2024",라라7086,in_age_018,"18"
"2024",라라7087,in_age_018,"8"
"2024",라라7089,in_age_018,"5"
"2024",라라7092,in_age_018,"0"
"2024",라라7093,in_age_018,"8"
"2024",라라7094,in_age_018,"8"
"2024",라라7095,in_age_018,"8"
"2024",라라7096,in_age_018,"5"
"2024",라라7097,in_age_018,"5"
"2024",라라7125,in_age_018,"8"
"2024",라라7126,in_age_018,"5"
"2024",라라7157,in_age_018,"0"
"2024",라라7158,in_age_018,"5"
"2024",라라7160,in_age_018,"0"
"2024",라라7163,in_age_018,"0"
"2024",라라7164,in_age_018,"5"
"2024",라라7165,in_age_018,"5"
"2024",라라7166,in_age_018,"0"
"2024",라라7167,in_age_018,"5"
"2024",라라7168,in_age_018,"0"
"2024",라라7169,in_age_018,"0"
"2024",라라7170,in_age_018,"0"
"2024",라라7175,in_age_018,"5"
"2024",라라7176,in_age_018,"5"
"2024",라라7177,in_age_018,"0"
"2024",라라7178,in_age_018,"5"
"2024",라라7180,in_age_018,"0"
"2024",라라7181,in_age_018,"8"
"2024",라라7183,in_age_018,"8"
"2024",라라7184,in_age_018,"8"
"2024",라라7185,in_age_018,"0"
"2024",라라7186,in_age_018,"28"
"2024",라라7187,in_age_018,"0"
"2024",라라7190,in_age_018,"8"
"2024",라라7192,in_age_018,"8"
"2024",라라7193,in_age_018,"0"
"2024",라라7197,in_age_018,"5"
"2024",라라7198,in_age_018,"5"
"2024",라라7199,in_age_018,"5"
"2024",라라7227,in_age_018,"0"
"2024",라라7240,in_age_018,"5"
"2024",라라7258,in_age_018,"0"
"2024",라라7259,in_age_018,"5"
"2024",라라7260,in_age_018,"5"
"2024",라라7261,in_age_018,"21"
"2024",라라7264,in_age_018,"5"
"2024",라라7265,in_age_018,"0"
"2024",라라7266,in_age_018,"8"
"2024",라라7267,in_age_018,"5"
"2024",라라7268,in_age_018,"8"
"2024",라라7269,in_age_018,"5"
"2024",라라7270,in_age_018,"5"
"2024",라라7271,in_age_018,"8"
"2024",라라7272,in_age_018,"5"
"2024",라라7273,in_age_018,"0"
"2024",라라7274,in_age_018,"5"
"2024",라라7277,in_age_018,"5"
"2024",라라7280,in_age_018,"0"
"2024",라라7281,in_age_018,"5"
"2024",라라7282,in_age_018,"8"
"2024",라라7283,in_age_018,"5"
"2024",라라7284,in_age_018,"8"
"2024",라라7285,in_age_018,"5"
"2024",라라7286,in_age_018,"8"
"2024",라라7287,in_age_018,"5"
"2024",라라7288,in_age_018,"0"
"2024",라라7289,in_age_018,"5"
"2024",라라7292,in_age_018,"5"
"2024",라라7297,in_age_018,"5"
"2024",라라7330,in_age_018,"0"
"2024",라라7340,in_age_018,"5"
"2024",라라7355,in_age_018,"0"
"2024",라라7356,in_age_018,"5"
"2024",라라7357,in_age_018,"5"
"2024",라라7360,in_age_018,"5"
"2024",라라7362,in_age_018,"5"
"2024",라라7364,in_age_018,"8"
"2024",라라7365,in_age_018,"8"
"2024",라라7366,in_age_018,"8"
"2024",라라7367,in_age_018,"5"
"2024",라라7368,in_age_018,"0"
"2024",라라7369,in_age_018,"16"
"2024",라라7370,in_age_018,"8"
"2024",라라7371,in_age_018,"0"
"2024",라라7372,in_age_018,"0"
"2024",라라7374,in_age_018,"5"
"2024",라라7380,in_age_018,"8"
"2024",라라7383,in_age_018,"0"
"2024",라라7384,in_age_018,"5"
"2024",라라7385,in_age_018,"5"
"2024",라라7386,in_age_018,"8"
"2024",라라7388,in_age_018,"5"
"2024",라라7389,in_age_018,"5"
"2024",라라7390,in_age_018,"0"
"2024",라라7396,in_age_018,"8"
"2024",라라7397,in_age_018,"5"
"2024",라라7398,in_age_018,"0"
"2024",라라7399,in_age_018,"5"
"2024",라라7456,in_age_018,"5"
"2024",라라7457,in_age_018,"0"
"2024",라라7459,in_age_018,"0"
"2024",라라7461,in_age_018,"5"
"2024",라라7463,in_age_018,"8"
"2024",라라7464,in_age_018,"61"
"2024",라라7465,in_age_018,"18"
"2024",라라7466,in_age_018,"8"
"2024",라라7467,in_age_018,"5"
"2024",라라7469,in_age_018,"0"
"2024",라라7470,in_age_018,"5"
"2024",라라7471,in_age_018,"5"
"2024",라라7473,in_age_018,"5"
"2024",라라7474,in_age_018,"5"
"2024",라라7475,in_age_018,"5"
"2024",라라7477,in_age_018,"5"
"2024",라라7478,in_age_018,"13"
"2024",라라7481,in_age_018,"0"
"2024",라라7483,in_age_018,"5"
"2024",라라7485,in_age_018,"8"
"2024",라라7487,in_age_018,"5"
"2024",라라7488,in_age_018,"8"
"2024",라라7490,in_age_018,"8"
"2024",라라7491,in_age_018,"0"
"2024",라라7493,in_age_018,"8"
"2024",라라7494,in_age_018,"8"
"2024",라라7495,in_age_018,"8"
"2024",라라7496,in_age_018,"5"
"2024",라라7497,in_age_018,"5"
"2024",라라7498,in_age_018,"0"
"2024",라라7554,in_age_018,"0"
"2024",라라7555,in_age_018,"8"
"2024",라라7556,in_age_018,"0"
"2024",라라7557,in_age_018,"0"
"2024",라라7559,in_age_018,"0"
"2024",라라7561,in_age_018,"0"
"2024",라라7562,in_age_018,"8"
"2024",라라7563,in_age_018,"18"
"2024",라라7564,in_age_018,"100"
"2024",라라7565,in_age_018,"53"
"2024",라라7566,in_age_018,"5"
"2024",라라7567,in_age_018,"13"
"2024",라라7568,in_age_018,"0"
"2024",라라7570,in_age_018,"5"
"2024",라라7572,in_age_018,"5"
"2024",라라7574,in_age_018,"5"
"2024",라라7576,in_age_018,"5"
"2024",라라7578,in_age_018,"8"
"2024",라라7582,in_age_018,"5"
"2024",라라7583,in_age_018,"8"
"2024",라라7584,in_age_018,"8"
"2024",라라7585,in_age_018,"5"
"2024",라라7586,in_age_018,"5"
"2024",라라7587,in_age_018,"8"
"2024",라라7588,in_age_018,"8"
"2024",라라7591,in_age_018,"0"
"2024",라라7593,in_age_018,"8"
"2024",라라7594,in_age_018,"8"
"2024",라라7595,in_age_018,"5"
"2024",라라7596,in_age_018,"8"
"2024",라라7597,in_age_018,"0"
"2024",라라7598,in_age_018,"5"
"2024",라라7599,in_age_018,"0"
"2024",라라7648,in_age_018,"5"
"2024",라라7649,in_age_018,"5"
"2024",라라7654,in_age_018,"5"
"2024",라라7655,in_age_018,"5"
"2024",라라7656,in_age_018,"5"
"2024",라라7657,in_age_018,"5"
"2024",라라7661,in_age_018,"5"
"2024",라라7662,in_age_018,"5"
"2024",라라7663,in_age_018,"8"
"2024",라라7664,in_age_018,"65"
"2024",라라7665,in_age_018,"5"
"2024",라라7666,in_age_018,"8"
"2024",라라7667,in_age_018,"5"
"2024",라라7668,in_age_018,"8"
"2024",라라7670,in_age_018,"0"
"2024",라라7671,in_age_018,"0"
"2024",라라7672,in_age_018,"0"
"2024",라라7673,in_age_018,"8"
"2024",라라7674,in_age_018,"5"
"2024",라라7676,in_age_018,"8"
"2024",라라7677,in_age_018,"8"
"2024",라라7678,in_age_018,"8"
"2024",라라7680,in_age_018,"5"
"2024",라라7683,in_age_018,"5"
"2024",라라7684,in_age_018,"5"
"2024",라라7685,in_age_018,"8"
"2024",라라7686,in_age_018,"8"
"2024",라라7688,in_age_018,"5"
"2024",라라7691,in_age_018,"0"
"2024",라라7692,in_age_018,"5"
"2024",라라7694,in_age_018,"5"
"2024",라라7695,in_age_018,"5"
"2024",라라7696,in_age_018,"28"
"2024",라라7697,in_age_018,"8"
"2024",라라7698,in_age_018,"8"
"2024",라라7699,in_age_018,"5"
"2024",라라7729,in_age_018,"5"
"2024",라라7747,in_age_018,"5"
"2024",라라7748,in_age_018,"8"
"2024",라라7755,in_age_018,"5"
"2024",라라7758,in_age_018,"0"
"2024",라라7759,in_age_018,"5"
"2024",라라7760,in_age_018,"8"
"2024",라라7761,in_age_018,"8"
"2024",라라7762,in_age_018,"8"
"2024",라라7763,in_age_018,"5"
"2024",라라7765,in_age_018,"8"
"2024",라라7766,in_age_018,"5"
"2024",라라7767,in_age_018,"5"
"2024",라라7768,in_age_018,"8"
"2024",라라7769,in_age_018,"8"
"2024",라라7770,in_age_018,"5"
"2024",라라7771,in_age_018,"5"
"2024",라라7772,in_age_018,"5"
"2024",라라7773,in_age_018,"8"
"2024",라라7774,in_age_018,"0"
"2024",라라7775,in_age_018,"5"
"2024",라라7776,in_age_018,"5"
"2024",라라7778,in_age_018,"5"
"2024",라라7779,in_age_018,"0"
"2024",라라7780,in_age_018,"0"
"2024",라라7783,in_age_018,"5"
"2024",라라7786,in_age_018,"0"
"2024",라라7788,in_age_018,"5"
"2024",라라7791,in_age_018,"5"
"2024",라라7794,in_age_018,"8"
"2024",라라7795,in_age_018,"13"
"2024",라라7796,in_age_018,"13"
"2024",라라7797,in_age_018,"5"
"2024",라라7798,in_age_018,"0"
"2024",라라7828,in_age_018,"8"
"2024",라라7847,in_age_018,"5"
"2024",라라7848,in_age_018,"8"
"2024",라라7849,in_age_018,"0"
"2024",라라7854,in_age_018,"5"
"2024",라라7856,in_age_018,"5"
"2024",라라7857,in_age_018,"44"
"2024",라라7858,in_age_018,"5"
"2024",라라7860,in_age_018,"13"
"2024",라라7861,in_age_018,"5"
"2024",라라7864,in_age_018,"18"
"2024",라라7865,in_age_018,"5"
"2024",라라7866,in_age_018,"5"
"2024",라라7867,in_age_018,"13"
"2024",라라7869,in_age_018,"8"
"2024",라라7871,in_age_018,"8"
"2024",라라7873,in_age_018,"8"
"2024",라라7875,in_age_018,"8"
"2024",라라7878,in_age_018,"0"
"2024",라라7880,in_age_018,"0"
"2024",라라7883,in_age_018,"5"
"2024",라라7890,in_age_018,"5"
"2024",라라7891,in_age_018,"5"
"2024",라라7892,in_age_018,"8"
"2024",라라7893,in_age_018,"8"
"2024",라라7894,in_age_018,"8"
"2024",라라7943,in_age_018,"8"
"2024",라라7947,in_age_018,"5"
"2024",라라7948,in_age_018,"0"
"2024",라라7953,in_age_018,"0"
"2024",라라7954,in_age_018,"0"
"2024",라라7955,in_age_018,"5"
"2024",라라7956,in_age_018,"5"
"2024",라라7957,in_age_018,"8"
"2024",라라7960,in_age_018,"5"
"2024",라라7963,in_age_018,"0"
"2024",라라7964,in_age_018,"8"
"2024",라라7965,in_age_018,"5"
"2024",라라7968,in_age_018,"13"
"2024",라라7969,in_age_018,"0"
"2024",라라7971,in_age_018,"5"
"2024",라라7973,in_age_018,"13"
"2024",라라7974,in_age_018,"13"
"2024",라라7975,in_age_018,"0"
"2024",라라7976,in_age_018,"5"
"2024",라라7977,in_age_018,"8"
"2024",라라7980,in_age_018,"0"
"2024",라라7981,in_age_018,"5"
"2024",라라7982,in_age_018,"13"
"2024",라라7983,in_age_018,"8"
"2024",라라7984,in_age_018,"24"
"2024",라라7985,in_age_018,"5"
"2024",라라7986,in_age_018,"5"
"2024",라라7987,in_age_018,"5"
"2024",라라7990,in_age_018,"0"
"2024",라라7995,in_age_018,"8"
"2024",라라7996,in_age_018,"0"
"2024",라라7997,in_age_018,"5"
"2024",라라7998,in_age_018,"8"
"2024",라라8044,in_age_018,"5"
"2024",라라8045,in_age_018,"8"
"2024",라라8046,in_age_018,"5"
"2024",라라8047,in_age_018,"5"
"2024",라라8048,in_age_018,"5"
"2024",라라8050,in_age_018,"8"
"2024",라라8051,in_age_018,"0"
"2024",라라8054,in_age_018,"8"
"2024",라라8055,in_age_018,"0"
"2024",라라8056,in_age_018,"8"
"2024",라라8058,in_age_018,"0"
"2024",라라8062,in_age_018,"0"
"2024",라라8063,in_age_018,"5"
"2024",라라8064,in_age_018,"8"
"2024",라라8068,in_age_018,"5"
"2024",라라8069,in_age_018,"8"
"2024",라라8073,in_age_018,"8"
"2024",라라8074,in_age_018,"0"
"2024",라라8075,in_age_018,"0"
"2024",라라8077,in_age_018,"5"
"2024",라라8081,in_age_018,"8"
"2024",라라8083,in_age_018,"5"
"2024",라라8087,in_age_018,"5"
"2024",라라8088,in_age_018,"0"
"2024",라라8089,in_age_018,"5"
"2024",라라8094,in_age_018,"0"
"2024",라라8095,in_age_018,"5"
"2024",라라8096,in_age_018,"5"
"2024",라라8097,in_age_018,"8"
"2024",라라8098,in_age_018,"5"
"2024",라라8099,in_age_018,"0"
"2024",라라8138,in_age_018,"0"
"2024",라라8144,in_age_018,"8"
"2024",라라8145,in_age_018,"8"
"2024",라라8146,in_age_018,"5"
"2024",라라8147,in_age_018,"8"
"2024",라라8148,in_age_018,"8"
"2024",라라8149,in_age_018,"8"
"2024",라라8150,in_age_018,"13"
"2024",라라8151,in_age_018,"8"
"2024",라라8153,in_age_018,"0"
"2024",라라8155,in_age_018,"8"
"2024",라라8156,in_age_018,"5"
"2024",라라8157,in_age_018,"8"
"2024",라라8164,in_age_018,"8"
"2024",라라8166,in_age_018,"8"
"2024",라라8167,in_age_018,"5"
"2024",라라8168,in_age_018,"13"
"2024",라라8169,in_age_018,"5"
"2024",라라8170,in_age_018,"8"
"2024",라라8171,in_age_018,"0"
"2024",라라8174,in_age_018,"5"
"2024",라라8175,in_age_018,"8"
"2024",라라8178,in_age_018,"5"
"2024",라라8180,in_age_018,"5"
"2024",라라8181,in_age_018,"0"
"2024",라라8182,in_age_018,"5"
"2024",라라8184,in_age_018,"5"
"2024",라라8185,in_age_018,"5"
"2024",라라8187,in_age_018,"0"
"2024",라라8188,in_age_018,"0"
"2024",라라8192,in_age_018,"5"
"2024",라라8193,in_age_018,"0"
"2024",라라8196,in_age_018,"5"
"2024",라라8197,in_age_018,"8"
"2024",라라8198,in_age_018,"28"
"2024",라라8199,in_age_018,"5"
"2024",라라8240,in_age_018,"5"
"2024",라라8241,in_age_018,"0"
"2024",라라8243,in_age_018,"5"
"2024",라라8245,in_age_018,"5"
"2024",라라8246,in_age_018,"8"
"2024",라라8247,in_age_018,"18"
"2024",라라8248,in_age_018,"50"
"2024",라라8249,in_age_018,"23"
"2024",라라8250,in_age_018,"8"
"2024",라라8251,in_age_018,"5"
"2024",라라8252,in_age_018,"5"
"2024",라라8253,in_age_018,"0"
"2024",라라8254,in_age_018,"17"
"2024",라라8255,in_age_018,"5"
"2024",라라8256,in_age_018,"14"
"2024",라라8258,in_age_018,"5"
"2024",라라8259,in_age_018,"0"
"2024",라라8261,in_age_018,"8"
"2024",라라8262,in_age_018,"5"
"2024",라라8263,in_age_018,"13"
"2024",라라8264,in_age_018,"5"
"2024",라라8265,in_age_018,"13"
"2024",라라8266,in_age_018,"28"
"2024",라라8267,in_age_018,"8"
"2024",라라8268,in_age_018,"8"
"2024",라라8269,in_age_018,"8"
"2024",라라8272,in_age_018,"5"
"2024",라라8274,in_age_018,"8"
"2024",라라8276,in_age_018,"0"
"2024",라라8278,in_age_018,"8"
"2024",라라8279,in_age_018,"8"
"2024",라라8284,in_age_018,"5"
"2024",라라8285,in_age_018,"5"
"2024",라라8286,in_age_018,"5"
"2024",라라8292,in_age_018,"8"
"2024",라라8293,in_age_018,"8"
"2024",라라8294,in_age_018,"8"
"2024",라라8295,in_age_018,"8"
"2024",라라8296,in_age_018,"18"
"2024",라라8297,in_age_018,"23"
"2024",라라8298,in_age_018,"98"
"2024",라라8299,in_age_018,"18"
"2024",라라8339,in_age_018,"5"
"2024",라라8343,in_age_018,"5"
"2024",라라8344,in_age_018,"5"
"2024",라라8345,in_age_018,"8"
"2024",라라8347,in_age_018,"5"
"2024",라라8348,in_age_018,"59"
"2024",라라8349,in_age_018,"84"
"2024",라라8350,in_age_018,"53"
"2024",라라8353,in_age_018,"23"
"2024",라라8354,in_age_018,"43"
"2024",라라8355,in_age_018,"8"
"2024",라라8356,in_age_018,"8"
"2024",라라8357,in_age_018,"8"
"2024",라라8358,in_age_018,"0"
"2024",라라8360,in_age_018,"0"
"2024",라라8361,in_age_018,"13"
"2024",라라8362,in_age_018,"0"
"2024",라라8363,in_age_018,"8"
"2024",라라8365,in_age_018,"8"
"2024",라라8367,in_age_018,"8"
"2024",라라8371,in_age_018,"5"
"2024",라라8374,in_age_018,"8"
"2024",라라8375,in_age_018,"5"
"2024",라라8377,in_age_018,"5"
"2024",라라8378,in_age_018,"17"
"2024",라라8379,in_age_018,"18"
"2024",라라8380,in_age_018,"5"
"2024",라라8389,in_age_018,"0"
"2024",라라8390,in_age_018,"0"
"2024",라라8391,in_age_018,"5"
"2024",라라8393,in_age_018,"13"
"2024",라라8394,in_age_018,"26"
"2024",라라8395,in_age_018,"8"
"2024",라라8397,in_age_018,"5"
"2024",라라8398,in_age_018,"38"
"2024",라라8441,in_age_018,"8"
"2024",라라8443,in_age_018,"0"
"2024",라라8444,in_age_018,"0"
"2024",라라8445,in_age_018,"31"
"2024",라라8448,in_age_018,"86"
"2024",라라8449,in_age_018,"8"
"2024",라라8450,in_age_018,"138"
"2024",라라8451,in_age_018,"142"
"2024",라라8452,in_age_018,"67"
"2024",라라8453,in_age_018,"26"
"2024",라라8454,in_age_018,"13"
"2024",라라8456,in_age_018,"8"
"2024",라라8460,in_age_018,"0"
"2024",라라8461,in_age_018,"5"
"2024",라라8465,in_age_018,"5"
"2024",라라8470,in_age_018,"5"
"2024",라라8471,in_age_018,"5"
"2024",라라8472,in_age_018,"8"
"2024",라라8474,in_age_018,"8"
"2024",라라8475,in_age_018,"5"
"2024",라라8478,in_age_018,"5"
"2024",라라8479,in_age_018,"14"
"2024",라라8485,in_age_018,"5"
"2024",라라8487,in_age_018,"0"
"2024",라라8488,in_age_018,"5"
"2024",라라8489,in_age_018,"8"
"2024",라라8490,in_age_018,"0"
"2024",라라8491,in_age_018,"8"
"2024",라라8492,in_age_018,"5"
"2024",라라8493,in_age_018,"5"
"2024",라라8494,in_age_018,"8"
"2024",라라8495,in_age_018,"8"
"2024",라라8496,in_age_018,"0"
"2024",라라8497,in_age_018,"0"
"2024",라라8498,in_age_018,"8"
"2024",라라8499,in_age_018,"8"
"2024",라라8545,in_age_018,"8"
"2024",라라8547,in_age_018,"0"
"2024",라라8548,in_age_018,"5"
"2024",라라8549,in_age_018,"13"
"2024",라라8550,in_age_018,"58"
"2024",라라8551,in_age_018,"63"
"2024",라라8552,in_age_018,"18"
"2024",라라8553,in_age_018,"0"
"2024",라라8554,in_age_018,"8"
"2024",라라8567,in_age_018,"0"
"2024",라라8570,in_age_018,"0"
"2024",라라8572,in_age_018,"0"
"2024",라라8575,in_age_018,"5"
"2024",라라8576,in_age_018,"5"
"2024",라라8577,in_age_018,"0"
"2024",라라8578,in_age_018,"5"
"2024",라라8579,in_age_018,"8"
"2024",라라8580,in_age_018,"5"
"2024",라라8581,in_age_018,"5"
"2024",라라8582,in_age_018,"16"
"2024",라라8584,in_age_018,"8"
"2024",라라8585,in_age_018,"0"
"2024",라라8590,in_age_018,"5"
"2024",라라8591,in_age_018,"0"
"2024",라라8592,in_age_018,"8"
"2024",라라8593,in_age_018,"0"
"2024",라라8594,in_age_018,"5"
"2024",라라8598,in_age_018,"5"
"2024",라라8599,in_age_018,"13"
"2024",라라8651,in_age_018,"39"
"2024",라라8652,in_age_018,"13"
"2024",라라8653,in_age_018,"18"
"2024",라라8654,in_age_018,"5"
"2024",라라8655,in_age_018,"21"
"2024",라라8668,in_age_018,"0"
"2024",라라8672,in_age_018,"5"
"2024",라라8673,in_age_018,"0"
"2024",라라8674,in_age_018,"5"
"2024",라라8676,in_age_018,"5"
"2024",라라8677,in_age_018,"5"
"2024",라라8678,in_age_018,"0"
"2024",라라8679,in_age_018,"5"
"2024",라라8680,in_age_018,"8"
"2024",라라8681,in_age_018,"8"
"2024",라라8682,in_age_018,"5"
"2024",라라8683,in_age_018,"5"
"2024",라라8684,in_age_018,"5"
"2024",라라8689,in_age_018,"0"
"2024",라라8690,in_age_018,"8"
"2024",라라8695,in_age_018,"0"
"2024",라라8696,in_age_018,"0"
"2024",라라8697,in_age_018,"0"
"2024",라라8698,in_age_018,"5"
"2024",라라8736,in_age_018,"5"
"2024",라라8753,in_age_018,"5"
"2024",라라8754,in_age_018,"5"
"2024",라라8755,in_age_018,"8"
"2024",라라8756,in_age_018,"8"
"2024",라라8766,in_age_018,"0"
"2024",라라8767,in_age_018,"8"
"2024",라라8771,in_age_018,"0"
"2024",라라8772,in_age_018,"8"
"2024",라라8774,in_age_018,"13"
"2024",라라8777,in_age_018,"8"
"2024",라라8779,in_age_018,"0"
"2024",라라8780,in_age_018,"14"
"2024",라라8781,in_age_018,"8"
"2024",라라8782,in_age_018,"8"
"2024",라라8783,in_age_018,"5"
"2024",라라8786,in_age_018,"5"
"2024",라라8787,in_age_018,"0"
"2024",라라8788,in_age_018,"5"
"2024",라라8789,in_age_018,"0"
"2024",라라8790,in_age_018,"8"
"2024",라라8794,in_age_018,"5"
"2024",라라8795,in_age_018,"8"
"2024",라라8796,in_age_018,"5"
"2024",라라8797,in_age_018,"5"
"2024",라라8798,in_age_018,"13"
"2024",라라8836,in_age_018,"5"
"2024",라라8837,in_age_018,"8"
"2024",라라8844,in_age_018,"0"
"2024",라라8845,in_age_018,"8"
"2024",라라8846,in_age_018,"5"
"2024",라라8848,in_age_018,"5"
"2024",라라8853,in_age_018,"8"
"2024",라라8854,in_age_018,"13"
"2024",라라8855,in_age_018,"8"
"2024",라라8856,in_age_018,"0"
"2024",라라8857,in_age_018,"5"
"2024",라라8858,in_age_018,"8"
"2024",라라8867,in_age_018,"5"
"2024",라라8871,in_age_018,"0"
"2024",라라8872,in_age_018,"8"
"2024",라라8873,in_age_018,"8"
"2024",라라8874,in_age_018,"5"
"2024",라라8878,in_age_018,"5"
"2024",라라8879,in_age_018,"5"
"2024",라라8880,in_age_018,"18"
"2024",라라8881,in_age_018,"5"
"2024",라라8882,in_age_018,"5"
"2024",라라8883,in_age_018,"0"
"2024",라라8884,in_age_018,"0"
"2024",라라8885,in_age_018,"5"
"2024",라라8886,in_age_018,"8"
"2024",라라8887,in_age_018,"5"
"2024",라라8896,in_age_018,"5"
"2024",라라8897,in_age_018,"5"
"2024",라라8899,in_age_018,"5"
"2024",라라8939,in_age_018,"5"
"2024",라라8941,in_age_018,"5"
"2024",라라8942,in_age_018,"5"
"2024",라라8943,in_age_018,"5"
"2024",라라8945,in_age_018,"0"
"2024",라라8946,in_age_018,"8"
"2024",라라8950,in_age_018,"8"
"2024",라라8951,in_age_018,"5"
"2024",라라8952,in_age_018,"13"
"2024",라라8953,in_age_018,"8"
"2024",라라8954,in_age_018,"13"
"2024",라라8955,in_age_018,"5"
"2024",라라8957,in_age_018,"5"
"2024",라라8963,in_age_018,"5"
"2024",라라8969,in_age_018,"5"
"2024",라라8970,in_age_018,"8"
"2024",라라8974,in_age_018,"5"
"2024",라라8978,in_age_018,"5"
"2024",라라8979,in_age_018,"18"
"2024",라라8980,in_age_018,"33"
"2024",라라8981,in_age_018,"8"
"2024",라라8982,in_age_018,"5"
"2024",라라8983,in_age_018,"5"
"2024",라라8984,in_age_018,"5"
"2024",라라8985,in_age_018,"0"
"2024",라라8993,in_age_018,"5"
"2024",라라8994,in_age_018,"5"
"2024",라라8997,in_age_018,"5"
"2024",라라9039,in_age_018,"0"
"2024",라라9040,in_age_018,"5"
"2024",라라9041,in_age_018,"0"
"2024",라라9042,in_age_018,"5"
"2024",라라9043,in_age_018,"8"
"2024",라라9044,in_age_018,"0"
"2024",라라9045,in_age_018,"5"
"2024",라라9049,in_age_018,"5"
"2024",라라9055,in_age_018,"8"
"2024",라라9063,in_age_018,"0"
"2024",라라9076,in_age_018,"5"
"2024",라라9079,in_age_018,"24"
"2024",라라9080,in_age_018,"28"
"2024",라라9081,in_age_018,"8"
"2024",라라9088,in_age_018,"8"
"2024",라라9092,in_age_018,"15"
"2024",라라9093,in_age_018,"48"
"2024",라라9094,in_age_018,"49"
"2024",라라9095,in_age_018,"5"
"2024",라라9096,in_age_018,"5"
"2024",라라9097,in_age_018,"5"
"2024",라라9099,in_age_018,"0"
"2024",라라9138,in_age_018,"0"
"2024",라라9141,in_age_018,"5"
"2024",라라9143,in_age_018,"8"
"2024",라라9144,in_age_018,"5"
"2024",라라9145,in_age_018,"5"
"2024",라라9146,in_age_018,"5"
"2024",라라9147,in_age_018,"5"
"2024",라라9149,in_age_018,"8"
"2024",라라9154,in_age_018,"5"
"2024",라라9155,in_age_018,"8"
"2024",라라9156,in_age_018,"8"
"2024",라라9157,in_age_018,"0"
"2024",라라9178,in_age_018,"5"
"2024",라라9179,in_age_018,"5"
"2024",라라9180,in_age_018,"13"
"2024",라라9181,in_age_018,"24"
"2024",라라9183,in_age_018,"8"
"2024",라라9184,in_age_018,"5"
"2024",라라9185,in_age_018,"0"
"2024",라라9189,in_age_018,"5"
"2024",라라9191,in_age_018,"14"
"2024",라라9192,in_age_018,"44"
"2024",라라9193,in_age_018,"107"
"2024",라라9194,in_age_018,"66"
"2024",라라9195,in_age_018,"46"
"2024",라라9196,in_age_018,"92"
"2024",라라9198,in_age_018,"5"
"2024",라라9199,in_age_018,"17"
"2024",라라9238,in_age_018,"5"
"2024",라라9241,in_age_018,"8"
"2024",라라9247,in_age_018,"8"
"2024",라라9248,in_age_018,"5"
"2024",라라9249,in_age_018,"5"
"2024",라라9250,in_age_018,"5"
"2024",라라9251,in_age_018,"8"
"2024",라라9252,in_age_018,"5"
"2024",라라9256,in_age_018,"8"
"2024",라라9257,in_age_018,"5"
"2024",라라9258,in_age_018,"5"
"2024",라라9260,in_age_018,"5"
"2024",라라9263,in_age_018,"5"
"2024",라라9264,in_age_018,"5"
"2024",라라9279,in_age_018,"5"
"2024",라라9282,in_age_018,"0"
"2024",라라9285,in_age_018,"5"
"2024",라라9289,in_age_018,"0"
"2024",라라9290,in_age_018,"13"
"2024",라라9295,in_age_018,"48"
"2024",라라9296,in_age_018,"29"
"2024",라라9297,in_age_018,"13"
"2024",라라9298,in_age_018,"8"
"2024",라라9299,in_age_018,"5"
"2024",라라9348,in_age_018,"0"
"2024",라라9349,in_age_018,"8"
"2024",라라9350,in_age_018,"0"
"2024",라라9351,in_age_018,"8"
"2024",라라9354,in_age_018,"5"
"2024",라라9357,in_age_018,"5"
"2024",라라9358,in_age_018,"8"
"2024",라라9360,in_age_018,"5"
"2024",라라9361,in_age_018,"5"
"2024",라라9362,in_age_018,"5"
"2024",라라9363,in_age_018,"5"
"2024",라라9380,in_age_018,"8"
"2024",라라9381,in_age_018,"8"
"2024",라라9382,in_age_018,"0"
"2024",라라9385,in_age_018,"5"
"2024",라라9394,in_age_018,"5"
"2024",라라9395,in_age_018,"18"
"2024",라라9396,in_age_018,"5"
"2024",라라9397,in_age_018,"58"
"2024",라라9398,in_age_018,"81"
"2024",라라9399,in_age_018,"5"
"2024",라라9438,in_age_018,"8"
"2024",라라9440,in_age_018,"5"
"2024",라라9441,in_age_018,"5"
"2024",라라9447,in_age_018,"8"
"2024",라라9449,in_age_018,"5"
"2024",라라9453,in_age_018,"5"
"2024",라라9454,in_age_018,"0"
"2024",라라9458,in_age_018,"8"
"2024",라라9461,in_age_018,"0"
"2024",라라9463,in_age_018,"8"
"2024",라라9480,in_age_018,"5"
"2024",라라9481,in_age_018,"5"
"2024",라라9487,in_age_018,"5"
"2024",라라9494,in_age_018,"0"
"2024",라라9496,in_age_018,"8"
"2024",라라9498,in_age_018,"5"
"2024",라라9540,in_age_018,"5"
"2024",라라9543,in_age_018,"5"
"2024",라라9546,in_age_018,"5"
"2024",라라9547,in_age_018,"5"
"2024",라라9549,in_age_018,"5"
"2024",라라9550,in_age_018,"0"
"2024",라라9553,in_age_018,"5"
"2024",라라9556,in_age_018,"8"
"2024",라라9557,in_age_018,"8"
"2024",라라9579,in_age_018,"8"
"2024",라라9580,in_age_018,"0"
"2024",라라9582,in_age_018,"5"
"2024",라라9583,in_age_018,"0"
"2024",라라9584,in_age_018,"109"
"2024",라라9585,in_age_018,"0"
"2024",라라9586,in_age_018,"40"
"2024",라라9588,in_age_018,"13"
"2024",라라9589,in_age_018,"0"
"2024",라라9591,in_age_018,"0"
"2024",라라9593,in_age_018,"59"
"2024",라라9594,in_age_018,"13"
"2024",라라9595,in_age_018,"0"
"2024",라라9597,in_age_018,"5"
"2024",라라9650,in_age_018,"5"
"2024",라라9651,in_age_018,"0"
"2024",라라9656,in_age_018,"8"
"2024",라라9657,in_age_018,"5"
"2024",라라9674,in_age_018,"5"
"2024",라라9678,in_age_018,"5"
"2024",라라9680,in_age_018,"35"
"2024",라라9682,in_age_018,"8"
"2024",라라9683,in_age_018,"13"
"2024",라라9684,in_age_018,"38"
"2024",라라9685,in_age_018,"5"
"2024",라라9686,in_age_018,"71"
"2024",라라9687,in_age_018,"252"
"2024",라라9688,in_age_018,"244"
"2024",라라9689,in_age_018,"257"
"2024",라라9690,in_age_018,"131"
"2024",라라9691,in_age_018,"129"
"2024",라라9692,in_age_018,"57"
"2024",라라9693,in_age_018,"109"
"2024",라라9743,in_age_018,"5"
"2024",라라9744,in_age_018,"5"
"2024",라라9749,in_age_018,"0"
"2024",라라9750,in_age_018,"5"
"2024",라라9751,in_age_018,"13"
"2024",라라9752,in_age_018,"0"
"2024",라라9753,in_age_018,"8"
"2024",라라9755,in_age_018,"8"
"2024",라라9756,in_age_018,"13"
"2024",라라9775,in_age_018,"8"
"2024",라라9776,in_age_018,"26"
"2024",라라9780,in_age_018,"5"
"2024",라라9782,in_age_018,"0"
"2024",라라9783,in_age_018,"5"
"2024",라라9786,in_age_018,"5"
"2024",라라9787,in_age_018,"26"
"2024",라라9789,in_age_018,"235"
"2024",라라9790,in_age_018,"192"
"2024",라라9791,in_age_018,"266"
"2024",라라9792,in_age_018,"239"
"2024",라라9793,in_age_018,"153"
"2024",라라9799,in_age_018,"0"
"2024",라라9828,in_age_018,"5"
"2024",라라9843,in_age_018,"5"
"2024",라라9844,in_age_018,"0"
"2024",라라9850,in_age_018,"5"
"2024",라라9851,in_age_018,"39"
"2024",라라9852,in_age_018,"13"
"2024",라라9853,in_age_018,"8"
"2024",라라9854,in_age_018,"51"
"2024",라라9857,in_age_018,"8"
"2024",라라9876,in_age_018,"5"
"2024",라라9877,in_age_018,"8"
"2024",라라9878,in_age_018,"13"
"2024",라라9880,in_age_018,"5"
"2024",라라9881,in_age_018,"13"
"2024",라라9883,in_age_018,"61"
"2024",라라9884,in_age_018,"5"
"2024",라라9885,in_age_018,"13"
"2024",라라9890,in_age_018,"197"
"2024",라라9891,in_age_018,"174"
"2024",라라9892,in_age_018,"108"
"2024",라라9893,in_age_018,"235"
"2024",라라9894,in_age_018,"153"
"2024",라라9895,in_age_018,"8"
"2024",라라9936,in_age_018,"8"
"2024",라라9941,in_age_018,"5"
"2024",라라9945,in_age_018,"5"
"2024",라라9947,in_age_018,"5"
"2024",라라9949,in_age_018,"8"
"2024",라라9950,in_age_018,"8"
"2024",라라9951,in_age_018,"77"
"2024",라라9952,in_age_018,"5"
"2024",라라9953,in_age_018,"8"
"2024",라라9954,in_age_018,"5"
"2024",라라9974,in_age_018,"5"
"2024",라라9978,in_age_018,"0"
"2024",라라9980,in_age_018,"8"
"2024",라라9983,in_age_018,"0"
"2024",라라9991,in_age_018,"8"
"2024",라라9992,in_age_018,"76"
"2024",라라9993,in_age_018,"35"
"2024",라라9994,in_age_018,"75"
"2024",라라9995,in_age_018,"123"
"2024",라라9996,in_age_018,"48"
"2024",라라9999,in_age_018,"8"
