2024,마라0035,ho_ar_002,5
2024,마라0035,ho_ar_003,5
2024,마라0035,ho_ar_004,8
2024,마라0035,ho_ar_005,5
2024,마라0035,ho_ar_006,0
2024,마라0035,ho_ar_007,5
2024,마라0035,ho_ar_008,8
2024,마라0035,ho_gb_002,24
2024,마라0035,ho_gb_006,0
2024,마라0035,ho_yr_001,5
2024,마라0035,ho_yr_003,5
2024,마라0035,ho_yr_004,8
2024,마라0035,ho_yr_005,5
2024,마라0035,ho_yr_006,5
2024,마라0035,ho_yr_010,0
2024,마라0035,ho_yr_013,0
2024,마라0035,to_ho_001,23
2024,마라0036,ho_ar_008,0
2024,마라0036,ho_gb_002,0
2024,마라0036,ho_yr_003,0
2024,마라0036,to_ho_001,0
2024,마라0037,ho_ar_002,5
2024,마라0037,ho_ar_003,5
2024,마라0037,ho_ar_004,6
2024,마라0037,ho_ar_005,8
2024,마라0037,ho_ar_006,5
2024,마라0037,ho_ar_007,5
2024,마라0037,ho_ar_008,8
2024,마라0037,ho_gb_002,35
2024,마라0037,ho_gb_005,5
2024,마라0037,ho_gb_006,5
2024,마라0037,ho_yr_001,12
2024,마라0037,ho_yr_002,5
2024,마라0037,ho_yr_003,5
2024,마라0037,ho_yr_004,8
2024,마라0037,ho_yr_006,0
2024,마라0037,ho_yr_007,0
2024,마라0037,ho_yr_009,5
2024,마라0037,ho_yr_013,0
2024,마라0037,ho_yr_015,5
2024,마라0037,to_ho_001,35
2024,마라0041,ho_ar_002,5
2024,마라0041,ho_ar_003,13
2024,마라0041,ho_ar_004,18
2024,마라0041,ho_ar_005,13
2024,마라0041,ho_ar_006,5
2024,마라0041,ho_ar_007,5
2024,마라0041,ho_ar_008,0
2024,마라0041,ho_gb_002,50
2024,마라0041,ho_gb_005,0
2024,마라0041,ho_gb_006,0
2024,마라0041,ho_yr_001,13
2024,마라0041,ho_yr_002,0
2024,마라0041,ho_yr_003,18
2024,마라0041,ho_yr_004,5
2024,마라0041,ho_yr_005,0
2024,마라0041,ho_yr_010,5
2024,마라0041,ho_yr_012,5
2024,마라0041,ho_yr_013,0
2024,마라0041,ho_yr_014,5
2024,마라0041,ho_yr_015,0
2024,마라0041,ho_yr_020,0
2024,마라0041,to_ho_001,48
2024,마라0042,ho_ar_001,5
2024,마라0042,ho_ar_002,5
2024,마라0042,ho_ar_003,5
2024,마라0042,ho_ar_004,8
2024,마라0042,ho_ar_005,5
2024,마라0042,ho_ar_006,5
2024,마라0042,ho_ar_007,5
2024,마라0042,ho_ar_008,5
2024,마라0042,ho_gb_002,23
2024,마라0042,ho_gb_005,0
2024,마라0042,ho_yr_001,8
2024,마라0042,ho_yr_002,5
2024,마라0042,ho_yr_003,5
2024,마라0042,ho_yr_004,8
2024,마라0042,ho_yr_005,0
2024,마라0042,ho_yr_006,0
2024,마라0042,ho_yr_009,0
2024,마라0042,ho_yr_010,0
2024,마라0042,ho_yr_011,8
2024,마라0042,ho_yr_013,0
2024,마라0042,ho_yr_014,5
2024,마라0042,to_ho_001,28
2024,마라0043,ho_ar_002,5
2024,마라0043,ho_ar_003,8
2024,마라0043,ho_ar_004,25
2024,마라0043,ho_ar_005,13
2024,마라0043,ho_ar_006,5
2024,마라0043,ho_ar_007,5
2024,마라0043,ho_ar_008,5
2024,마라0043,ho_gb_002,64
2024,마라0043,ho_gb_005,5
2024,마라0043,ho_gb_006,5
2024,마라0043,ho_yr_001,8
2024,마라0043,ho_yr_002,8
2024,마라0043,ho_yr_003,30
2024,마라0043,ho_yr_004,5
2024,마라0043,ho_yr_005,5
2024,마라0043,ho_yr_009,5
2024,마라0043,ho_yr_010,0
2024,마라0043,ho_yr_011,5
2024,마라0043,ho_yr_012,5
2024,마라0043,ho_yr_013,0
2024,마라0043,ho_yr_017,5
2024,마라0043,to_ho_001,65
2024,마라0045,ho_ar_001,0
2024,마라0045,ho_ar_004,5
2024,마라0045,ho_ar_006,5
2024,마라0045,ho_gb_002,8
2024,마라0045,ho_gb_006,5
2024,마라0045,ho_yr_003,5
2024,마라0045,ho_yr_004,0
2024,마라0045,ho_yr_009,0
2024,마라0045,ho_yr_010,5
2024,마라0045,ho_yr_014,5
2024,마라0045,ho_yr_015,0
2024,마라0045,ho_yr_020,0
2024,마라0045,to_ho_001,8
2024,마라0046,ho_ar_002,8
2024,마라0046,ho_ar_003,8
2024,마라0046,ho_ar_004,18
2024,마라0046,ho_ar_005,5
2024,마라0046,ho_ar_006,5
2024,마라0046,ho_ar_007,0
2024,마라0046,ho_ar_008,0
2024,마라0046,ho_gb_002,43
2024,마라0046,ho_gb_005,0
2024,마라0046,ho_gb_006,8
2024,마라0046,ho_yr_001,20
2024,마라0046,ho_yr_002,0
2024,마라0046,ho_yr_003,8
2024,마라0046,ho_yr_004,5
2024,마라0046,ho_yr_005,5
2024,마라0046,ho_yr_007,0
2024,마라0046,ho_yr_008,0
2024,마라0046,ho_yr_011,0
2024,마라0046,ho_yr_013,0
2024,마라0046,ho_yr_014,0
2024,마라0046,ho_yr_016,0
2024,마라0046,ho_yr_018,5
2024,마라0046,ho_yr_019,5
2024,마라0046,to_ho_001,45
2024,마라0047,ho_ar_002,0
2024,마라0047,ho_ar_003,5
2024,마라0047,ho_ar_004,5
2024,마라0047,ho_ar_005,8
2024,마라0047,ho_ar_006,5
2024,마라0047,ho_ar_007,5
2024,마라0047,ho_gb_002,18
2024,마라0047,ho_gb_006,0
2024,마라0047,ho_yr_001,8
2024,마라0047,ho_yr_002,0
2024,마라0047,ho_yr_003,5
2024,마라0047,ho_yr_004,8
2024,마라0047,ho_yr_008,0
2024,마라0047,ho_yr_012,5
2024,마라0047,ho_yr_013,0
2024,마라0047,ho_yr_016,0
2024,마라0047,to_ho_001,18
2024,마라0048,ho_ar_002,5
2024,마라0048,ho_ar_003,5
2024,마라0048,ho_ar_004,13
2024,마라0048,ho_ar_005,8
2024,마라0048,ho_ar_006,8
2024,마라0048,ho_ar_007,5
2024,마라0048,ho_ar_008,5
2024,마라0048,ho_gb_002,32
2024,마라0048,ho_gb_005,0
2024,마라0048,ho_gb_006,5
2024,마라0048,ho_yr_001,8
2024,마라0048,ho_yr_002,5
2024,마라0048,ho_yr_003,14
2024,마라0048,ho_yr_004,5
2024,마라0048,ho_yr_006,0
2024,마라0048,ho_yr_007,5
2024,마라0048,ho_yr_008,5
2024,마라0048,ho_yr_009,0
2024,마라0048,ho_yr_012,0
2024,마라0048,ho_yr_016,0
2024,마라0048,ho_yr_018,5
2024,마라0048,to_ho_001,34
2024,마라0049,ho_ar_002,5
2024,마라0049,ho_ar_003,13
2024,마라0049,ho_ar_004,39
2024,마라0049,ho_ar_005,13
2024,마라0049,ho_ar_006,23
2024,마라0049,ho_ar_007,5
2024,마라0049,ho_ar_008,5
2024,마라0049,ho_gb_002,78
2024,마라0049,ho_gb_004,17
2024,마라0049,ho_gb_005,5
2024,마라0049,ho_gb_006,5
2024,마라0049,ho_yr_001,13
2024,마라0049,ho_yr_002,13
2024,마라0049,ho_yr_003,24
2024,마라0049,ho_yr_004,5
2024,마라0049,ho_yr_005,5
2024,마라0049,ho_yr_006,5
2024,마라0049,ho_yr_007,5
2024,마라0049,ho_yr_008,5
2024,마라0049,ho_yr_009,17
2024,마라0049,ho_yr_010,5
2024,마라0049,ho_yr_012,8
2024,마라0049,ho_yr_013,5
2024,마라0049,ho_yr_014,5
2024,마라0049,ho_yr_016,5
2024,마라0049,ho_yr_017,0
2024,마라0049,ho_yr_018,0
2024,마라0049,ho_yr_020,5
2024,마라0049,to_ho_001,101
2024,마라0050,ho_ar_003,0
2024,마라0050,ho_ar_004,5
2024,마라0050,ho_ar_005,8
2024,마라0050,ho_ar_006,8
2024,마라0050,ho_ar_007,5
2024,마라0050,ho_ar_009,5
2024,마라0050,ho_gb_002,28
2024,마라0050,ho_gb_006,0
2024,마라0050,ho_yr_001,8
2024,마라0050,ho_yr_002,5
2024,마라0050,ho_yr_003,8
2024,마라0050,ho_yr_004,5
2024,마라0050,ho_yr_005,0
2024,마라0050,ho_yr_009,0
2024,마라0050,ho_yr_012,8
2024,마라0050,ho_yr_013,5
2024,마라0050,ho_yr_016,0
2024,마라0050,ho_yr_018,0
2024,마라0050,to_ho_001,28
2024,마라0051,ho_ar_002,0
2024,마라0051,ho_ar_003,41
2024,마라0051,ho_ar_004,8
2024,마라0051,ho_ar_005,8
2024,마라0051,ho_ar_006,8
2024,마라0051,ho_ar_007,5
2024,마라0051,ho_ar_008,5
2024,마라0051,ho_ar_009,5
2024,마라0051,ho_gb_001,8
2024,마라0051,ho_gb_002,34
2024,마라0051,ho_gb_004,28
2024,마라0051,ho_gb_005,0
2024,마라0051,ho_gb_006,5
2024,마라0051,ho_yr_002,39
2024,마라0051,ho_yr_003,8
2024,마라0051,ho_yr_004,0
2024,마라0051,ho_yr_005,5
2024,마라0051,ho_yr_008,0
2024,마라0051,ho_yr_009,13
2024,마라0051,ho_yr_010,5
2024,마라0051,ho_yr_011,5
2024,마라0051,ho_yr_012,5
2024,마라0051,to_ho_001,70
2024,마라0052,ho_ar_001,5
2024,마라0052,ho_ar_003,8
2024,마라0052,ho_ar_004,8
2024,마라0052,ho_ar_005,8
2024,마라0052,ho_ar_006,18
2024,마라0052,ho_ar_007,18
2024,마라0052,ho_ar_008,8
2024,마라0052,ho_ar_009,0
2024,마라0052,ho_gb_002,63
2024,마라0052,ho_yr_001,5
2024,마라0052,ho_yr_002,5
2024,마라0052,ho_yr_003,5
2024,마라0052,ho_yr_004,8
2024,마라0052,ho_yr_005,5
2024,마라0052,ho_yr_006,5
2024,마라0052,ho_yr_007,5
2024,마라0052,ho_yr_008,0
2024,마라0052,ho_yr_009,8
2024,마라0052,ho_yr_010,13
2024,마라0052,ho_yr_011,5
2024,마라0052,ho_yr_012,8
2024,마라0052,ho_yr_013,5
2024,마라0052,ho_yr_014,0
2024,마라0052,ho_yr_015,5
2024,마라0052,ho_yr_016,0
2024,마라0052,ho_yr_017,5
2024,마라0052,ho_yr_019,0
2024,마라0052,to_ho_001,63
2024,마라0055,ho_ar_002,229
2024,마라0055,ho_ar_003,567
2024,마라0055,ho_ar_004,426
2024,마라0055,ho_ar_005,13
2024,마라0055,ho_ar_006,26
2024,마라0055,ho_ar_007,8
2024,마라0055,ho_ar_008,23
2024,마라0055,ho_ar_009,148
2024,마라0055,ho_gb_002,212
2024,마라0055,ho_gb_003,1147
2024,마라0055,ho_gb_004,60
2024,마라0055,ho_gb_005,21
2024,마라0055,ho_gb_006,26
2024,마라0055,ho_yr_001,8
2024,마라0055,ho_yr_002,8
2024,마라0055,ho_yr_003,524
2024,마라0055,ho_yr_004,565
2024,마라0055,ho_yr_005,182
2024,마라0055,ho_yr_006,34
2024,마라0055,ho_yr_007,23
2024,마라0055,ho_yr_008,30
2024,마라0055,ho_yr_009,13
2024,마라0055,ho_yr_010,24
2024,마라0055,ho_yr_011,13
2024,마라0055,ho_yr_012,8
2024,마라0055,ho_yr_013,5
2024,마라0055,to_ho_001,1439
2024,마라0056,ho_gb_006,132
2024,마라0059,ho_gb_006,5
2024,마라0060,ho_ar_002,5
2024,마라0060,ho_ar_003,8
2024,마라0060,ho_ar_004,29
2024,마라0060,ho_ar_005,30
2024,마라0060,ho_ar_006,8
2024,마라0060,ho_ar_007,5
2024,마라0060,ho_ar_008,8
2024,마라0060,ho_ar_009,23
2024,마라0060,ho_gb_001,0
2024,마라0060,ho_gb_002,107
2024,마라0060,ho_gb_005,0
2024,마라0060,ho_gb_006,5
2024,마라0060,ho_yr_001,5
2024,마라0060,ho_yr_002,8
2024,마라0060,ho_yr_003,39
2024,마라0060,ho_yr_004,13
2024,마라0060,ho_yr_005,13
2024,마라0060,ho_yr_006,5
2024,마라0060,ho_yr_007,5
2024,마라0060,ho_yr_008,8
2024,마라0060,ho_yr_009,5
2024,마라0060,ho_yr_010,5
2024,마라0060,ho_yr_011,8
2024,마라0060,ho_yr_012,0
2024,마라0060,ho_yr_013,5
2024,마라0060,ho_yr_014,0
2024,마라0060,ho_yr_016,0
2024,마라0060,ho_yr_019,0
2024,마라0060,to_ho_001,109
2024,마라0061,ho_ar_004,0
2024,마라0061,ho_ar_005,0
2024,마라0061,ho_ar_006,5
2024,마라0061,ho_ar_007,8
2024,마라0061,ho_ar_008,5
2024,마라0061,ho_ar_009,5
2024,마라0061,ho_gb_002,18
2024,마라0061,ho_gb_005,0
2024,마라0061,ho_gb_006,5
2024,마라0061,ho_yr_005,5
2024,마라0061,ho_yr_006,0
2024,마라0061,ho_yr_008,5
2024,마라0061,ho_yr_009,5
2024,마라0061,ho_yr_010,0
2024,마라0061,ho_yr_013,8
2024,마라0061,ho_yr_014,0
2024,마라0061,to_ho_001,18
2024,마라0062,ho_ar_003,13
2024,마라0062,ho_ar_004,23
2024,마라0062,ho_ar_005,8
2024,마라0062,ho_ar_006,8
2024,마라0062,ho_ar_007,18
2024,마라0062,ho_ar_008,8
2024,마라0062,ho_ar_009,8
2024,마라0062,ho_gb_002,77
2024,마라0062,ho_gb_005,8
2024,마라0062,ho_gb_006,5
2024,마라0062,ho_yr_001,8
2024,마라0062,ho_yr_002,8
2024,마라0062,ho_yr_003,18
2024,마라0062,ho_yr_004,8
2024,마라0062,ho_yr_005,8
2024,마라0062,ho_yr_006,8
2024,마라0062,ho_yr_007,5
2024,마라0062,ho_yr_008,8
2024,마라0062,ho_yr_010,0
2024,마라0062,ho_yr_011,8
2024,마라0062,ho_yr_012,8
2024,마라0062,ho_yr_015,0
2024,마라0062,ho_yr_017,0
2024,마라0062,ho_yr_019,5
2024,마라0062,ho_yr_020,5
2024,마라0062,to_ho_001,78
2024,마라0063,ho_ar_003,0
2024,마라0063,ho_ar_004,0
2024,마라0063,ho_ar_005,0
2024,마라0063,ho_gb_002,5
2024,마라0063,ho_gb_006,5
2024,마라0063,ho_yr_001,0
2024,마라0063,ho_yr_004,5
2024,마라0063,to_ho_001,5
2024,마라0075,ho_ar_002,13
2024,마라0075,ho_ar_003,8
2024,마라0075,ho_ar_004,15
2024,마라0075,ho_ar_005,24
2024,마라0075,ho_ar_006,18
2024,마라0075,ho_ar_007,5
2024,마라0075,ho_ar_008,8
2024,마라0075,ho_gb_002,77
2024,마라0075,ho_gb_005,5
2024,마라0075,ho_yr_001,18
2024,마라0075,ho_yr_002,5
2024,마라0075,ho_yr_003,13
2024,마라0075,ho_yr_004,13
2024,마라0075,ho_yr_005,13
2024,마라0075,ho_yr_006,5
2024,마라0075,ho_yr_007,5
2024,마라0075,ho_yr_008,0
2024,마라0075,ho_yr_009,5
2024,마라0075,ho_yr_010,5
2024,마라0075,ho_yr_011,5
2024,마라0075,ho_yr_013,5
2024,마라0075,ho_yr_014,8
2024,마라0075,ho_yr_016,5
2024,마라0075,ho_yr_017,0
2024,마라0075,to_ho_001,83
2024,마라0076,ho_ar_001,0
2024,마라0076,ho_ar_002,19
2024,마라0076,ho_ar_003,23
2024,마라0076,ho_ar_004,33
2024,마라0076,ho_ar_005,13
2024,마라0076,ho_ar_006,8
2024,마라0076,ho_ar_007,5
2024,마라0076,ho_gb_002,102
2024,마라0076,ho_gb_005,5
2024,마라0076,ho_gb_006,5
2024,마라0076,ho_yr_001,19
2024,마라0076,ho_yr_002,13
2024,마라0076,ho_yr_003,32
2024,마라0076,ho_yr_004,14
2024,마라0076,ho_yr_005,8
2024,마라0076,ho_yr_006,0
2024,마라0076,ho_yr_007,0
2024,마라0076,ho_yr_008,5
2024,마라0076,ho_yr_009,0
2024,마라0076,ho_yr_010,5
2024,마라0076,ho_yr_013,5
2024,마라0076,ho_yr_014,5
2024,마라0076,ho_yr_015,5
2024,마라0076,to_ho_001,104
2024,마라0077,ho_ar_003,0
2024,마라0077,ho_ar_004,5
2024,마라0077,ho_ar_005,5
2024,마라0077,ho_gb_002,5
2024,마라0077,ho_gb_006,5
2024,마라0077,ho_yr_003,0
2024,마라0077,ho_yr_005,5
2024,마라0077,ho_yr_018,0
2024,마라0077,to_ho_001,5
2024,마라0078,ho_ar_004,5
2024,마라0078,ho_ar_005,0
2024,마라0078,ho_ar_006,0
2024,마라0078,ho_gb_002,5
2024,마라0078,ho_yr_003,0
2024,마라0078,ho_yr_005,0
2024,마라0078,ho_yr_010,0
2024,마라0078,ho_yr_014,0
2024,마라0078,to_ho_001,5
2024,마라0079,ho_ar_002,5
2024,마라0079,ho_ar_004,5
2024,마라0079,ho_ar_005,0
2024,마라0079,ho_ar_006,5
2024,마라0079,ho_ar_008,5
2024,마라0079,ho_gb_002,8
2024,마라0079,ho_gb_005,8
2024,마라0079,ho_gb_006,0
2024,마라0079,ho_yr_004,0
2024,마라0079,ho_yr_006,0
2024,마라0079,ho_yr_009,0
2024,마라0079,ho_yr_010,0
2024,마라0079,ho_yr_012,0
2024,마라0079,ho_yr_014,5
2024,마라0079,ho_yr_016,5
2024,마라0079,to_ho_001,8
2024,마라0080,ho_ar_008,0
2024,마라0080,ho_gb_002,0
2024,마라0080,ho_gb_006,5
2024,마라0080,ho_yr_003,5
2024,마라0080,to_ho_001,5
2024,마라0085,ho_ar_002,5
2024,마라0085,ho_ar_004,5
2024,마라0085,ho_ar_005,5
2024,마라0085,ho_ar_009,0
2024,마라0085,ho_gb_002,8
2024,마라0085,ho_gb_005,5
2024,마라0085,ho_gb_006,5
2024,마라0085,ho_yr_001,0
2024,마라0085,ho_yr_003,5
2024,마라0085,ho_yr_004,0
2024,마라0085,ho_yr_005,5
2024,마라0085,ho_yr_008,0
2024,마라0085,ho_yr_013,5
2024,마라0085,to_ho_001,8
2024,마라0086,ho_ar_001,5
2024,마라0086,ho_ar_002,8
2024,마라0086,ho_ar_003,8
2024,마라0086,ho_ar_004,8
2024,마라0086,ho_ar_005,13
2024,마라0086,ho_ar_006,5
2024,마라0086,ho_ar_007,5
2024,마라0086,ho_ar_008,0
2024,마라0086,ho_ar_009,5
2024,마라0086,ho_gb_002,37
2024,마라0086,ho_gb_005,5
2024,마라0086,ho_yr_001,8
2024,마라0086,ho_yr_002,0
2024,마라0086,ho_yr_003,13
2024,마라0086,ho_yr_004,8
2024,마라0086,ho_yr_005,5
2024,마라0086,ho_yr_007,0
2024,마라0086,ho_yr_008,0
2024,마라0086,ho_yr_010,0
2024,마라0086,ho_yr_012,5
2024,마라0086,ho_yr_014,5
2024,마라0086,ho_yr_016,0
2024,마라0086,ho_yr_017,0
2024,마라0086,to_ho_001,43
2024,마라0088,ho_gb_006,5
2024,마라0089,ho_gb_006,0
2024,마라0090,ho_gb_006,0
2024,마라0091,ho_ar_003,5
2024,마라0091,ho_ar_004,5
2024,마라0091,ho_ar_005,5
2024,마라0091,ho_ar_007,0
2024,마라0091,ho_gb_005,5
2024,마라0091,ho_gb_006,48
2024,마라0091,ho_yr_002,0
2024,마라0091,ho_yr_003,5
2024,마라0091,ho_yr_005,0
2024,마라0091,to_ho_001,5
2024,마라0092,ho_ar_002,0
2024,마라0092,ho_ar_003,8
2024,마라0092,ho_ar_004,25
2024,마라0092,ho_ar_005,5
2024,마라0092,ho_ar_006,13
2024,마라0092,ho_ar_007,11
2024,마라0092,ho_ar_008,5
2024,마라0092,ho_ar_009,8
2024,마라0092,ho_gb_001,5
2024,마라0092,ho_gb_002,40
2024,마라0092,ho_gb_003,16
2024,마라0092,ho_gb_005,8
2024,마라0092,ho_gb_006,8
2024,마라0092,ho_yr_001,5
2024,마라0092,ho_yr_002,28
2024,마라0092,ho_yr_003,12
2024,마라0092,ho_yr_004,25
2024,마라0092,ho_yr_007,5
2024,마라0092,to_ho_001,67
2024,마라0094,ho_gb_006,5
2024,마라0095,ho_ar_001,0
2024,마라0095,ho_ar_002,201
2024,마라0095,ho_ar_003,780
2024,마라0095,ho_ar_004,603
2024,마라0095,ho_ar_005,23
2024,마라0095,ho_ar_006,125
2024,마라0095,ho_ar_007,106
2024,마라0095,ho_ar_008,73
2024,마라0095,ho_ar_009,49
2024,마라0095,ho_gb_001,37
2024,마라0095,ho_gb_002,468
2024,마라0095,ho_gb_003,1414
2024,마라0095,ho_gb_004,31
2024,마라0095,ho_gb_005,13
2024,마라0095,ho_gb_006,52
2024,마라0095,ho_yr_001,156
2024,마라0095,ho_yr_002,234
2024,마라0095,ho_yr_003,1023
2024,마라0095,ho_yr_004,237
2024,마라0095,ho_yr_005,8
2024,마라0095,ho_yr_007,5
2024,마라0095,ho_yr_008,8
2024,마라0095,ho_yr_009,8
2024,마라0095,ho_yr_010,5
2024,마라0095,ho_yr_011,5
2024,마라0095,ho_yr_012,5
2024,마라0095,ho_yr_013,5
2024,마라0095,ho_yr_014,5
2024,마라0095,ho_yr_016,0
2024,마라0095,ho_yr_017,267
2024,마라0095,ho_yr_018,5
2024,마라0095,ho_yr_019,5
2024,마라0095,to_ho_001,1963
2024,마라0096,ho_ar_001,5
2024,마라0096,ho_ar_002,13
2024,마라0096,ho_ar_003,412
2024,마라0096,ho_ar_004,241
2024,마라0096,ho_ar_005,36
2024,마라0096,ho_ar_006,161
2024,마라0096,ho_ar_007,121
2024,마라0096,ho_ar_008,92
2024,마라0096,ho_ar_009,45
2024,마라0096,ho_gb_001,121
2024,마라0096,ho_gb_002,485
2024,마라0096,ho_gb_003,415
2024,마라0096,ho_gb_004,56
2024,마라0096,ho_gb_005,43
2024,마라0096,ho_gb_006,45
2024,마라0096,ho_yr_001,22
2024,마라0096,ho_yr_002,465
2024,마라0096,ho_yr_003,464
2024,마라0096,ho_yr_004,62
2024,마라0096,ho_yr_005,33
2024,마라0096,ho_yr_006,0
2024,마라0096,ho_yr_007,26
2024,마라0096,ho_yr_008,17
2024,마라0096,ho_yr_009,13
2024,마라0096,ho_yr_010,8
2024,마라0096,ho_yr_011,8
2024,마라0096,ho_yr_012,5
2024,마라0096,ho_yr_014,0
2024,마라0096,ho_yr_016,0
2024,마라0096,ho_yr_017,0
2024,마라0096,to_ho_001,1120
2024,마라0099,ho_ar_002,5
2024,마라0099,ho_ar_003,8
2024,마라0099,ho_ar_004,8
2024,마라0099,ho_ar_005,5
2024,마라0099,ho_ar_006,5
2024,마라0099,ho_ar_007,5
2024,마라0099,ho_ar_008,0
2024,마라0099,ho_gb_002,24
2024,마라0099,ho_gb_005,5
2024,마라0099,ho_gb_006,5
2024,마라0099,ho_yr_001,8
2024,마라0099,ho_yr_002,0
2024,마라0099,ho_yr_003,8
2024,마라0099,ho_yr_004,8
2024,마라0099,ho_yr_005,5
2024,마라0099,ho_yr_006,0
2024,마라0099,ho_yr_008,0
2024,마라0099,ho_yr_010,5
2024,마라0099,ho_yr_015,0
2024,마라0099,to_ho_001,28
2024,마라0137,ho_ar_001,0
2024,마라0137,ho_ar_003,5
2024,마라0137,ho_ar_004,8
2024,마라0137,ho_ar_005,8
2024,마라0137,ho_ar_006,5
2024,마라0137,ho_ar_007,8
2024,마라0137,ho_ar_008,8
2024,마라0137,ho_ar_009,0
2024,마라0137,ho_gb_002,31
2024,마라0137,ho_gb_005,5
2024,마라0137,ho_gb_006,5
2024,마라0137,ho_yr_001,5
2024,마라0137,ho_yr_002,5
2024,마라0137,ho_yr_003,5
2024,마라0137,ho_yr_004,8
2024,마라0137,ho_yr_005,5
2024,마라0137,ho_yr_006,5
2024,마라0137,ho_yr_008,0
2024,마라0137,ho_yr_009,0
2024,마라0137,ho_yr_013,8
2024,마라0137,ho_yr_014,0
2024,마라0137,ho_yr_017,0
2024,마라0137,ho_yr_018,0
2024,마라0137,ho_yr_019,0
2024,마라0137,to_ho_001,33
2024,마라0138,ho_ar_001,0
2024,마라0138,ho_ar_002,0
2024,마라0138,ho_ar_003,8
2024,마라0138,ho_ar_004,13
2024,마라0138,ho_ar_005,8
2024,마라0138,ho_ar_006,8
2024,마라0138,ho_ar_007,8
2024,마라0138,ho_ar_008,8
2024,마라0138,ho_gb_002,46
2024,마라0138,ho_gb_005,5
2024,마라0138,ho_gb_006,5
2024,마라0138,ho_yr_001,8
2024,마라0138,ho_yr_002,5
2024,마라0138,ho_yr_003,14
2024,마라0138,ho_yr_004,5
2024,마라0138,ho_yr_005,5
2024,마라0138,ho_yr_006,5
2024,마라0138,ho_yr_008,5
2024,마라0138,ho_yr_009,0
2024,마라0138,ho_yr_010,0
2024,마라0138,ho_yr_011,5
2024,마라0138,ho_yr_016,5
2024,마라0138,ho_yr_018,5
2024,마라0138,ho_yr_020,0
2024,마라0138,to_ho_001,49
2024,마라0139,ho_ar_007,5
2024,마라0139,ho_gb_002,5
2024,마라0139,ho_yr_019,0
2024,마라0139,to_ho_001,0
2024,마라0141,ho_ar_002,5
2024,마라0141,ho_ar_003,5
2024,마라0141,ho_ar_004,8
2024,마라0141,ho_ar_005,5
2024,마라0141,ho_ar_006,8
2024,마라0141,ho_gb_002,24
2024,마라0141,ho_gb_006,0
2024,마라0141,ho_yr_001,8
2024,마라0141,ho_yr_002,5
2024,마라0141,ho_yr_003,5
2024,마라0141,ho_yr_004,0
2024,마라0141,ho_yr_005,5
2024,마라0141,ho_yr_007,5
2024,마라0141,ho_yr_010,5
2024,마라0141,ho_yr_011,5
2024,마라0141,ho_yr_015,0
2024,마라0141,ho_yr_016,5
2024,마라0141,to_ho_001,23
2024,마라0142,ho_ar_004,5
2024,마라0142,ho_gb_002,8
2024,마라0142,ho_yr_005,0
2024,마라0142,ho_yr_010,0
2024,마라0142,to_ho_001,5
2024,마라0145,ho_ar_002,5
2024,마라0145,ho_ar_003,0
2024,마라0145,ho_ar_006,0
2024,마라0145,ho_ar_007,0
2024,마라0145,ho_gb_002,8
2024,마라0145,ho_gb_006,5
2024,마라0145,ho_yr_002,5
2024,마라0145,ho_yr_008,0
2024,마라0145,ho_yr_017,0
2024,마라0145,to_ho_001,5
2024,마라0146,ho_ar_002,0
2024,마라0146,ho_ar_003,8
2024,마라0146,ho_ar_004,13
2024,마라0146,ho_ar_005,8
2024,마라0146,ho_ar_006,8
2024,마라0146,ho_ar_007,0
2024,마라0146,ho_ar_008,0
2024,마라0146,ho_gb_002,34
2024,마라0146,ho_gb_006,5
2024,마라0146,ho_yr_001,13
2024,마라0146,ho_yr_002,0
2024,마라0146,ho_yr_003,8
2024,마라0146,ho_yr_004,5
2024,마라0146,ho_yr_005,0
2024,마라0146,ho_yr_009,0
2024,마라0146,ho_yr_010,0
2024,마라0146,ho_yr_011,5
2024,마라0146,ho_yr_012,5
2024,마라0146,ho_yr_018,0
2024,마라0146,ho_yr_019,0
2024,마라0146,to_ho_001,33
2024,마라0147,ho_ar_003,8
2024,마라0147,ho_ar_004,8
2024,마라0147,ho_ar_005,13
2024,마라0147,ho_ar_006,5
2024,마라0147,ho_ar_007,5
2024,마라0147,ho_ar_008,0
2024,마라0147,ho_ar_009,0
2024,마라0147,ho_gb_002,33
2024,마라0147,ho_gb_005,5
2024,마라0147,ho_gb_006,0
2024,마라0147,ho_yr_001,13
2024,마라0147,ho_yr_002,5
2024,마라0147,ho_yr_003,13
2024,마라0147,ho_yr_005,0
2024,마라0147,ho_yr_013,8
2024,마라0147,ho_yr_014,0
2024,마라0147,ho_yr_017,5
2024,마라0147,ho_yr_019,5
2024,마라0147,to_ho_001,33
2024,마라0148,ho_ar_001,5
2024,마라0148,ho_ar_002,8
2024,마라0148,ho_ar_003,35
2024,마라0148,ho_ar_004,57
2024,마라0148,ho_ar_005,49
2024,마라0148,ho_ar_006,18
2024,마라0148,ho_ar_007,13
2024,마라0148,ho_ar_008,8
2024,마라0148,ho_ar_009,5
2024,마라0148,ho_gb_002,175
2024,마라0148,ho_gb_004,15
2024,마라0148,ho_gb_005,8
2024,마라0148,ho_gb_006,8
2024,마라0148,ho_yr_001,31
2024,마라0148,ho_yr_002,37
2024,마라0148,ho_yr_003,68
2024,마라0148,ho_yr_004,13
2024,마라0148,ho_yr_005,5
2024,마라0148,ho_yr_006,5
2024,마라0148,ho_yr_008,8
2024,마라0148,ho_yr_009,8
2024,마라0148,ho_yr_010,13
2024,마라0148,ho_yr_011,8
2024,마라0148,ho_yr_012,8
2024,마라0148,ho_yr_013,5
2024,마라0148,ho_yr_014,0
2024,마라0148,ho_yr_017,5
2024,마라0148,ho_yr_019,0
2024,마라0148,ho_yr_020,5
2024,마라0148,to_ho_001,195
2024,마라0149,ho_ar_002,5
2024,마라0149,ho_ar_003,8
2024,마라0149,ho_ar_004,12
2024,마라0149,ho_ar_005,11
2024,마라0149,ho_ar_006,8
2024,마라0149,ho_ar_007,0
2024,마라0149,ho_ar_008,0
2024,마라0149,ho_gb_002,44
2024,마라0149,ho_gb_006,0
2024,마라0149,ho_yr_001,8
2024,마라0149,ho_yr_002,5
2024,마라0149,ho_yr_003,13
2024,마라0149,ho_yr_004,5
2024,마라0149,ho_yr_005,5
2024,마라0149,ho_yr_010,5
2024,마라0149,ho_yr_012,5
2024,마라0149,ho_yr_014,5
2024,마라0149,ho_yr_018,5
2024,마라0149,ho_yr_019,5
2024,마라0149,ho_yr_020,0
2024,마라0149,to_ho_001,43
2024,마라0150,ho_ar_001,0
2024,마라0150,ho_ar_002,13
2024,마라0150,ho_ar_003,8
2024,마라0150,ho_ar_004,23
2024,마라0150,ho_ar_005,13
2024,마라0150,ho_ar_006,8
2024,마라0150,ho_ar_007,5
2024,마라0150,ho_ar_008,5
2024,마라0150,ho_gb_002,76
2024,마라0150,ho_gb_005,5
2024,마라0150,ho_yr_001,23
2024,마라0150,ho_yr_002,8
2024,마라0150,ho_yr_003,13
2024,마라0150,ho_yr_004,5
2024,마라0150,ho_yr_005,5
2024,마라0150,ho_yr_006,5
2024,마라0150,ho_yr_008,5
2024,마라0150,ho_yr_009,8
2024,마라0150,ho_yr_010,5
2024,마라0150,ho_yr_011,0
2024,마라0150,ho_yr_012,5
2024,마라0150,ho_yr_013,5
2024,마라0150,ho_yr_014,5
2024,마라0150,ho_yr_016,5
2024,마라0150,ho_yr_017,0
2024,마라0150,ho_yr_018,0
2024,마라0150,ho_yr_020,5
2024,마라0150,to_ho_001,78
2024,마라0151,ho_ar_001,0
2024,마라0151,ho_ar_004,0
2024,마라0151,ho_ar_008,0
2024,마라0151,ho_gb_002,8
2024,마라0151,ho_gb_006,0
2024,마라0151,ho_yr_004,0
2024,마라0151,ho_yr_016,0
2024,마라0151,ho_yr_019,0
2024,마라0151,to_ho_001,5
2024,마라0154,ho_ar_004,57
2024,마라0154,ho_gb_002,5
2024,마라0154,ho_gb_004,56
2024,마라0154,ho_gb_006,5
2024,마라0154,ho_yr_004,0
2024,마라0154,ho_yr_010,56
2024,마라0154,to_ho_001,56
2024,마라0155,ho_ar_002,552
2024,마라0155,ho_ar_003,1477
2024,마라0155,ho_ar_004,2740
2024,마라0155,ho_ar_005,71
2024,마라0155,ho_ar_006,279
2024,마라0155,ho_ar_007,43
2024,마라0155,ho_ar_008,74
2024,마라0155,ho_ar_009,389
2024,마라0155,ho_gb_001,60
2024,마라0155,ho_gb_002,549
2024,마라0155,ho_gb_003,4888
2024,마라0155,ho_gb_004,64
2024,마라0155,ho_gb_005,63
2024,마라0155,ho_gb_006,143
2024,마라0155,ho_yr_001,8
2024,마라0155,ho_yr_002,18
2024,마라0155,ho_yr_003,1898
2024,마라0155,ho_yr_004,725
2024,마라0155,ho_yr_005,1891
2024,마라0155,ho_yr_006,13
2024,마라0155,ho_yr_007,38
2024,마라0155,ho_yr_008,94
2024,마라0155,ho_yr_009,29
2024,마라0155,ho_yr_010,52
2024,마라0155,ho_yr_011,30
2024,마라0155,ho_yr_012,13
2024,마라0155,ho_yr_013,8
2024,마라0155,ho_yr_014,0
2024,마라0155,ho_yr_017,808
2024,마라0155,to_ho_001,5624
2024,마라0156,ho_ar_002,50
2024,마라0156,ho_ar_003,182
2024,마라0156,ho_ar_004,66
2024,마라0156,ho_ar_005,25
2024,마라0156,ho_ar_006,8
2024,마라0156,ho_ar_007,23
2024,마라0156,ho_ar_008,8
2024,마라0156,ho_ar_009,13
2024,마라0156,ho_gb_002,19
2024,마라0156,ho_gb_003,339
2024,마라0156,ho_gb_005,11
2024,마라0156,ho_gb_006,30
2024,마라0156,ho_yr_002,0
2024,마라0156,ho_yr_003,205
2024,마라0156,ho_yr_004,64
2024,마라0156,ho_yr_005,95
2024,마라0156,ho_yr_006,5
2024,마라0156,ho_yr_007,5
2024,마라0156,ho_yr_009,5
2024,마라0156,ho_yr_010,5
2024,마라0156,ho_yr_011,5
2024,마라0156,to_ho_001,372
2024,마라0158,ho_gb_006,0
2024,마라0159,ho_ar_002,5
2024,마라0159,ho_ar_003,18
2024,마라0159,ho_ar_004,261
2024,마라0159,ho_ar_005,8
2024,마라0159,ho_ar_006,8
2024,마라0159,ho_ar_007,16
2024,마라0159,ho_ar_008,8
2024,마라0159,ho_ar_009,18
2024,마라0159,ho_gb_001,25
2024,마라0159,ho_gb_002,86
2024,마라0159,ho_gb_003,230
2024,마라0159,ho_gb_006,5
2024,마라0159,ho_yr_001,8
2024,마라0159,ho_yr_002,5
2024,마라0159,ho_yr_003,26
2024,마라0159,ho_yr_004,41
2024,마라0159,ho_yr_005,13
2024,마라0159,ho_yr_006,5
2024,마라0159,ho_yr_007,8
2024,마라0159,ho_yr_008,5
2024,마라0159,ho_yr_010,8
2024,마라0159,ho_yr_011,5
2024,마라0159,ho_yr_012,5
2024,마라0159,ho_yr_013,0
2024,마라0159,ho_yr_016,0
2024,마라0159,ho_yr_017,5
2024,마라0159,ho_yr_020,215
2024,마라0159,to_ho_001,339
2024,마라0160,ho_ar_003,105
2024,마라0160,ho_ar_004,153
2024,마라0160,ho_ar_005,0
2024,마라0160,ho_gb_002,5
2024,마라0160,ho_gb_003,253
2024,마라0160,ho_yr_003,5
2024,마라0160,ho_yr_008,0
2024,마라0160,ho_yr_010,0
2024,마라0160,ho_yr_020,253
2024,마라0160,to_ho_001,258
2024,마라0162,ho_ar_005,5
2024,마라0162,ho_gb_002,0
2024,마라0162,ho_yr_009,5
2024,마라0162,to_ho_001,5
2024,마라0163,ho_ar_003,8
2024,마라0163,ho_ar_004,23
2024,마라0163,ho_ar_005,8
2024,마라0163,ho_ar_006,8
2024,마라0163,ho_ar_007,8
2024,마라0163,ho_ar_008,5
2024,마라0163,ho_ar_009,0
2024,마라0163,ho_gb_002,51
2024,마라0163,ho_gb_005,0
2024,마라0163,ho_yr_001,5
2024,마라0163,ho_yr_002,5
2024,마라0163,ho_yr_003,22
2024,마라0163,ho_yr_004,8
2024,마라0163,ho_yr_005,8
2024,마라0163,ho_yr_006,5
2024,마라0163,ho_yr_010,5
2024,마라0163,ho_yr_011,8
2024,마라0163,ho_yr_012,5
2024,마라0163,ho_yr_014,0
2024,마라0163,ho_yr_015,0
2024,마라0163,to_ho_001,52
2024,마라0174,ho_ar_002,0
2024,마라0174,ho_ar_004,0
2024,마라0174,ho_ar_006,0
2024,마라0174,ho_ar_007,5
2024,마라0174,ho_ar_008,0
2024,마라0174,ho_ar_009,0
2024,마라0174,ho_gb_001,0
2024,마라0174,ho_gb_002,5
2024,마라0174,ho_gb_004,5
2024,마라0174,ho_gb_006,5
2024,마라0174,ho_yr_002,5
2024,마라0174,ho_yr_003,5
2024,마라0174,ho_yr_004,0
2024,마라0174,ho_yr_005,0
2024,마라0174,to_ho_001,8
2024,마라0175,ho_ar_002,5
2024,마라0175,ho_ar_003,5
2024,마라0175,ho_ar_004,8
2024,마라0175,ho_ar_005,5
2024,마라0175,ho_ar_006,0
2024,마라0175,ho_ar_007,0
2024,마라0175,ho_ar_008,0
2024,마라0175,ho_gb_002,21
2024,마라0175,ho_gb_006,5
2024,마라0175,ho_yr_001,5
2024,마라0175,ho_yr_002,0
2024,마라0175,ho_yr_003,5
2024,마라0175,ho_yr_004,5
2024,마라0175,ho_yr_005,5
2024,마라0175,ho_yr_006,0
2024,마라0175,ho_yr_011,0
2024,마라0175,ho_yr_014,5
2024,마라0175,to_ho_001,18
2024,마라0176,ho_ar_002,5
2024,마라0176,ho_ar_004,8
2024,마라0176,ho_ar_005,8
2024,마라0176,ho_ar_006,0
2024,마라0176,ho_ar_007,5
2024,마라0176,ho_ar_008,0
2024,마라0176,ho_ar_009,0
2024,마라0176,ho_gb_002,13
2024,마라0176,ho_gb_006,5
2024,마라0176,ho_yr_002,8
2024,마라0176,ho_yr_003,5
2024,마라0176,ho_yr_005,5
2024,마라0176,ho_yr_018,0
2024,마라0176,to_ho_001,13
2024,마라0177,ho_ar_002,0
2024,마라0177,ho_ar_003,5
2024,마라0177,ho_ar_004,5
2024,마라0177,ho_ar_005,0
2024,마라0177,ho_ar_006,5
2024,마라0177,ho_ar_008,5
2024,마라0177,ho_ar_009,0
2024,마라0177,ho_gb_002,18
2024,마라0177,ho_gb_006,5
2024,마라0177,ho_yr_001,5
2024,마라0177,ho_yr_003,5
2024,마라0177,ho_yr_004,8
2024,마라0177,ho_yr_005,5
2024,마라0177,ho_yr_013,0
2024,마라0177,ho_yr_017,0
2024,마라0177,ho_yr_019,5
2024,마라0177,to_ho_001,18
2024,마라0178,ho_ar_002,28
2024,마라0178,ho_ar_003,18
2024,마라0178,ho_ar_004,18
2024,마라0178,ho_ar_005,8
2024,마라0178,ho_ar_006,5
2024,마라0178,ho_ar_007,0
2024,마라0178,ho_gb_002,77
2024,마라0178,ho_gb_006,0
2024,마라0178,ho_yr_001,34
2024,마라0178,ho_yr_002,8
2024,마라0178,ho_yr_003,13
2024,마라0178,ho_yr_004,8
2024,마라0178,ho_yr_005,5
2024,마라0178,ho_yr_007,5
2024,마라0178,ho_yr_010,5
2024,마라0178,ho_yr_011,0
2024,마라0178,ho_yr_012,5
2024,마라0178,ho_yr_013,5
2024,마라0178,ho_yr_014,8
2024,마라0178,ho_yr_016,0
2024,마라0178,ho_yr_019,0
2024,마라0178,to_ho_001,74
2024,마라0184,ho_ar_005,0
2024,마라0184,ho_ar_007,5
2024,마라0184,ho_gb_002,5
2024,마라0184,ho_gb_005,0
2024,마라0184,ho_yr_003,0
2024,마라0184,ho_yr_005,0
2024,마라0184,ho_yr_014,5
2024,마라0184,to_ho_001,5
2024,마라0185,ho_ar_002,5
2024,마라0185,ho_ar_003,5
2024,마라0185,ho_ar_004,8
2024,마라0185,ho_ar_005,13
2024,마라0185,ho_ar_006,5
2024,마라0185,ho_ar_007,8
2024,마라0185,ho_ar_008,5
2024,마라0185,ho_gb_002,39
2024,마라0185,ho_gb_005,5
2024,마라0185,ho_yr_001,8
2024,마라0185,ho_yr_002,0
2024,마라0185,ho_yr_003,13
2024,마라0185,ho_yr_004,8
2024,마라0185,ho_yr_005,5
2024,마라0185,ho_yr_008,0
2024,마라0185,ho_yr_011,5
2024,마라0185,ho_yr_013,0
2024,마라0185,ho_yr_014,5
2024,마라0185,ho_yr_017,5
2024,마라0185,to_ho_001,38
2024,마라0186,ho_ar_001,5
2024,마라0186,ho_ar_002,18
2024,마라0186,ho_ar_003,13
2024,마라0186,ho_ar_004,18
2024,마라0186,ho_ar_005,18
2024,마라0186,ho_ar_006,5
2024,마라0186,ho_ar_007,8
2024,마라0186,ho_ar_008,0
2024,마라0186,ho_ar_009,5
2024,마라0186,ho_gb_002,82
2024,마라0186,ho_gb_006,8
2024,마라0186,ho_yr_001,33
2024,마라0186,ho_yr_002,8
2024,마라0186,ho_yr_003,13
2024,마라0186,ho_yr_004,8
2024,마라0186,ho_yr_005,8
2024,마라0186,ho_yr_006,0
2024,마라0186,ho_yr_008,5
2024,마라0186,ho_yr_009,0
2024,마라0186,ho_yr_010,5
2024,마라0186,ho_yr_011,5
2024,마라0186,ho_yr_012,5
2024,마라0186,ho_yr_013,5
2024,마라0186,ho_yr_014,0
2024,마라0186,ho_yr_016,5
2024,마라0186,ho_yr_017,0
2024,마라0186,to_ho_001,83
2024,마라0189,ho_ar_002,0
2024,마라0189,ho_gb_002,5
2024,마라0189,ho_yr_005,0
2024,마라0189,to_ho_001,0
2024,마라0191,ho_ar_002,5
2024,마라0191,ho_ar_003,437
2024,마라0191,ho_ar_004,5
2024,마라0191,ho_ar_005,0
2024,마라0191,ho_ar_006,5
2024,마라0191,ho_ar_007,13
2024,마라0191,ho_ar_008,5
2024,마라0191,ho_gb_002,23
2024,마라0191,ho_gb_003,361
2024,마라0191,ho_gb_004,78
2024,마라0191,ho_gb_006,8
2024,마라0191,ho_yr_001,0
2024,마라0191,ho_yr_002,101
2024,마라0191,ho_yr_003,0
2024,마라0191,ho_yr_004,361
2024,마라0191,to_ho_001,462
2024,마라0194,ho_ar_002,0
2024,마라0194,ho_gb_002,0
2024,마라0194,ho_gb_006,23
2024,마라0194,ho_yr_001,0
2024,마라0194,to_ho_001,0
2024,마라0195,ho_ar_003,613
2024,마라0195,ho_ar_004,1436
2024,마라0195,ho_ar_005,0
2024,마라0195,ho_ar_006,24
2024,마라0195,ho_ar_007,8
2024,마라0195,ho_ar_008,228
2024,마라0195,ho_ar_009,177
2024,마라0195,ho_gb_001,30
2024,마라0195,ho_gb_002,340
2024,마라0195,ho_gb_003,2019
2024,마라0195,ho_gb_004,86
2024,마라0195,ho_gb_005,8
2024,마라0195,ho_gb_006,30
2024,마라0195,ho_yr_003,2076
2024,마라0195,ho_yr_004,303
2024,마라0195,ho_yr_005,8
2024,마라0195,ho_yr_006,89
2024,마라0195,ho_yr_007,5
2024,마라0195,ho_yr_008,0
2024,마라0195,ho_yr_010,0
2024,마라0195,ho_yr_011,5
2024,마라0195,ho_yr_015,0
2024,마라0195,to_ho_001,2482
2024,마라0196,ho_ar_001,0
2024,마라0196,ho_ar_002,398
2024,마라0196,ho_ar_003,2561
2024,마라0196,ho_ar_004,1810
2024,마라0196,ho_ar_005,53
2024,마라0196,ho_ar_006,433
2024,마라0196,ho_ar_007,174
2024,마라0196,ho_ar_008,142
2024,마라0196,ho_ar_009,360
2024,마라0196,ho_gb_001,535
2024,마라0196,ho_gb_002,736
2024,마라0196,ho_gb_003,4470
2024,마라0196,ho_gb_004,92
2024,마라0196,ho_gb_005,96
2024,마라0196,ho_gb_006,93
2024,마라0196,ho_yr_001,64
2024,마라0196,ho_yr_002,322
2024,마라0196,ho_yr_003,3586
2024,마라0196,ho_yr_004,1042
2024,마라0196,ho_yr_005,676
2024,마라0196,ho_yr_006,28
2024,마라0196,ho_yr_007,13
2024,마라0196,ho_yr_008,29
2024,마라0196,ho_yr_009,47
2024,마라0196,ho_yr_010,41
2024,마라0196,ho_yr_011,28
2024,마라0196,ho_yr_012,18
2024,마라0196,ho_yr_013,8
2024,마라0196,ho_yr_014,5
2024,마라0196,ho_yr_015,18
2024,마라0196,ho_yr_016,5
2024,마라0196,ho_yr_017,0
2024,마라0196,ho_yr_018,5
2024,마라0196,ho_yr_019,0
2024,마라0196,to_ho_001,5932
2024,마라0197,ho_ar_001,23
2024,마라0197,ho_ar_002,45
2024,마라0197,ho_ar_003,160
2024,마라0197,ho_ar_004,719
2024,마라0197,ho_ar_005,33
2024,마라0197,ho_ar_006,177
2024,마라0197,ho_ar_007,73
2024,마라0197,ho_ar_008,43
2024,마라0197,ho_ar_009,39
2024,마라0197,ho_gb_001,145
2024,마라0197,ho_gb_002,421
2024,마라0197,ho_gb_003,669
2024,마라0197,ho_gb_004,48
2024,마라0197,ho_gb_005,34
2024,마라0197,ho_gb_006,25
2024,마라0197,ho_yr_001,136
2024,마라0197,ho_yr_002,158
2024,마라0197,ho_yr_003,356
2024,마라0197,ho_yr_004,490
2024,마라0197,ho_yr_005,30
2024,마라0197,ho_yr_006,5
2024,마라0197,ho_yr_007,39
2024,마라0197,ho_yr_008,5
2024,마라0197,ho_yr_009,39
2024,마라0197,ho_yr_010,19
2024,마라0197,ho_yr_011,14
2024,마라0197,ho_yr_012,27
2024,마라0197,ho_yr_013,15
2024,마라0197,ho_yr_014,0
2024,마라0197,ho_yr_015,5
2024,마라0197,ho_yr_018,0
2024,마라0197,ho_yr_019,5
2024,마라0197,to_ho_001,1316
2024,마라0198,ho_ar_002,8
2024,마라0198,ho_ar_003,5
2024,마라0198,ho_ar_004,5
2024,마라0198,ho_ar_005,5
2024,마라0198,ho_ar_006,5
2024,마라0198,ho_ar_007,5
2024,마라0198,ho_gb_002,18
2024,마라0198,ho_gb_005,5
2024,마라0198,ho_gb_006,5
2024,마라0198,ho_yr_001,5
2024,마라0198,ho_yr_002,5
2024,마라0198,ho_yr_003,5
2024,마라0198,ho_yr_004,5
2024,마라0198,ho_yr_006,5
2024,마라0198,ho_yr_008,0
2024,마라0198,ho_yr_012,5
2024,마라0198,ho_yr_015,0
2024,마라0198,to_ho_001,18
2024,마라0199,ho_ar_001,8
2024,마라0199,ho_ar_002,8
2024,마라0199,ho_ar_003,13
2024,마라0199,ho_ar_004,13
2024,마라0199,ho_ar_005,8
2024,마라0199,ho_ar_006,8
2024,마라0199,ho_ar_007,8
2024,마라0199,ho_ar_008,5
2024,마라0199,ho_gb_002,57
2024,마라0199,ho_gb_006,5
2024,마라0199,ho_yr_001,20
2024,마라0199,ho_yr_002,5
2024,마라0199,ho_yr_003,8
2024,마라0199,ho_yr_004,8
2024,마라0199,ho_yr_005,8
2024,마라0199,ho_yr_006,0
2024,마라0199,ho_yr_008,0
2024,마라0199,ho_yr_010,5
2024,마라0199,ho_yr_011,0
2024,마라0199,ho_yr_012,5
2024,마라0199,ho_yr_013,0
2024,마라0199,to_ho_001,55
2024,마라0236,ho_ar_003,0
2024,마라0236,ho_ar_005,0
2024,마라0236,ho_ar_006,0
2024,마라0236,ho_gb_002,5
2024,마라0236,ho_yr_001,5
2024,마라0236,ho_yr_005,0
2024,마라0236,to_ho_001,5
2024,마라0237,ho_ar_002,5
2024,마라0237,ho_ar_003,8
2024,마라0237,ho_ar_004,18
2024,마라0237,ho_ar_005,13
2024,마라0237,ho_ar_006,5
2024,마라0237,ho_ar_007,5
2024,마라0237,ho_ar_008,5
2024,마라0237,ho_gb_002,56
2024,마라0237,ho_gb_005,5
2024,마라0237,ho_gb_006,5
2024,마라0237,ho_yr_001,18
2024,마라0237,ho_yr_002,5
2024,마라0237,ho_yr_003,25
2024,마라0237,ho_yr_004,5
2024,마라0237,ho_yr_005,8
2024,마라0237,ho_yr_006,5
2024,마라0237,ho_yr_010,5
2024,마라0237,ho_yr_011,0
2024,마라0237,ho_yr_016,0
2024,마라0237,ho_yr_019,0
2024,마라0237,ho_yr_020,0
2024,마라0237,to_ho_001,60
2024,마라0238,ho_ar_002,0
2024,마라0238,ho_ar_004,0
2024,마라0238,ho_ar_005,0
2024,마라0238,ho_ar_008,0
2024,마라0238,ho_gb_002,8
2024,마라0238,ho_gb_006,0
2024,마라0238,ho_yr_016,5
2024,마라0238,ho_yr_019,0
2024,마라0238,ho_yr_020,0
2024,마라0238,to_ho_001,5
2024,마라0245,ho_ar_002,5
2024,마라0245,ho_ar_003,5
2024,마라0245,ho_ar_004,8
2024,마라0245,ho_ar_005,5
2024,마라0245,ho_ar_006,5
2024,마라0245,ho_ar_007,5
2024,마라0245,ho_ar_008,5
2024,마라0245,ho_gb_002,28
2024,마라0245,ho_gb_005,5
2024,마라0245,ho_gb_006,5
2024,마라0245,ho_yr_001,8
2024,마라0245,ho_yr_002,8
2024,마라0245,ho_yr_003,13
2024,마라0245,ho_yr_004,8
2024,마라0245,ho_yr_005,0
2024,마라0245,ho_yr_009,0
2024,마라0245,ho_yr_010,0
2024,마라0245,ho_yr_012,0
2024,마라0245,to_ho_001,28
2024,마라0246,ho_ar_006,0
2024,마라0246,ho_ar_007,0
2024,마라0246,ho_gb_002,5
2024,마라0246,ho_yr_005,0
2024,마라0246,ho_yr_020,0
2024,마라0246,to_ho_001,5
2024,마라0247,ho_ar_002,0
2024,마라0247,ho_ar_003,5
2024,마라0247,ho_ar_004,18
2024,마라0247,ho_ar_005,13
2024,마라0247,ho_ar_007,5
2024,마라0247,ho_ar_008,5
2024,마라0247,ho_gb_002,42
2024,마라0247,ho_gb_005,5
2024,마라0247,ho_gb_006,0
2024,마라0247,ho_yr_001,5
2024,마라0247,ho_yr_002,8
2024,마라0247,ho_yr_003,23
2024,마라0247,ho_yr_004,5
2024,마라0247,ho_yr_005,0
2024,마라0247,ho_yr_006,0
2024,마라0247,ho_yr_007,0
2024,마라0247,ho_yr_009,5
2024,마라0247,ho_yr_010,5
2024,마라0247,ho_yr_012,5
2024,마라0247,ho_yr_013,0
2024,마라0247,ho_yr_014,0
2024,마라0247,ho_yr_015,0
2024,마라0247,to_ho_001,43
2024,마라0250,ho_ar_006,0
2024,마라0250,ho_gb_002,0
2024,마라0250,ho_yr_004,0
2024,마라0250,to_ho_001,0
2024,마라0253,ho_ar_008,0
2024,마라0253,ho_ar_009,0
2024,마라0253,ho_gb_002,0
2024,마라0253,ho_gb_005,5
2024,마라0253,ho_gb_006,0
2024,마라0253,ho_yr_004,5
2024,마라0253,ho_yr_005,5
2024,마라0253,to_ho_001,8
2024,마라0254,ho_ar_001,16
2024,마라0254,ho_ar_002,71
2024,마라0254,ho_ar_003,467
2024,마라0254,ho_ar_004,848
2024,마라0254,ho_ar_005,65
2024,마라0254,ho_ar_006,151
2024,마라0254,ho_ar_007,111
2024,마라0254,ho_ar_008,55
2024,마라0254,ho_ar_009,200
2024,마라0254,ho_gb_001,175
2024,마라0254,ho_gb_002,450
2024,마라0254,ho_gb_003,838
2024,마라0254,ho_gb_004,461
2024,마라0254,ho_gb_005,60
2024,마라0254,ho_gb_006,221
2024,마라0254,ho_yr_001,34
2024,마라0254,ho_yr_002,362
2024,마라0254,ho_yr_003,553
2024,마라0254,ho_yr_004,667
2024,마라0254,ho_yr_005,125
2024,마라0254,ho_yr_006,13
2024,마라0254,ho_yr_007,18
2024,마라0254,ho_yr_008,43
2024,마라0254,ho_yr_009,13
2024,마라0254,ho_yr_010,87
2024,마라0254,ho_yr_011,28
2024,마라0254,ho_yr_012,33
2024,마라0254,ho_yr_013,8
2024,마라0254,ho_yr_014,5
2024,마라0254,ho_yr_017,5
2024,마라0254,to_ho_001,1983
2024,마라0255,ho_ar_001,13
2024,마라0255,ho_ar_002,138
2024,마라0255,ho_ar_003,526
2024,마라0255,ho_ar_004,1909
2024,마라0255,ho_ar_005,65
2024,마라0255,ho_ar_006,186
2024,마라0255,ho_ar_007,186
2024,마라0255,ho_ar_008,118
2024,마라0255,ho_ar_009,74
2024,마라0255,ho_gb_001,129
2024,마라0255,ho_gb_002,205
2024,마라0255,ho_gb_003,2625
2024,마라0255,ho_gb_004,161
2024,마라0255,ho_gb_005,108
2024,마라0255,ho_gb_006,359
2024,마라0255,ho_yr_001,8
2024,마라0255,ho_yr_002,402
2024,마라0255,ho_yr_003,1233
2024,마라0255,ho_yr_004,110
2024,마라0255,ho_yr_005,364
2024,마라0255,ho_yr_006,5
2024,마라0255,ho_yr_007,13
2024,마라0255,ho_yr_008,88
2024,마라0255,ho_yr_009,8
2024,마라0255,ho_yr_010,18
2024,마라0255,ho_yr_011,13
2024,마라0255,ho_yr_012,5
2024,마라0255,ho_yr_013,349
2024,마라0255,ho_yr_014,0
2024,마라0255,ho_yr_018,623
2024,마라0255,to_ho_001,3227
2024,마라0256,ho_ar_003,5
2024,마라0256,ho_ar_004,1502
2024,마라0256,ho_ar_005,192
2024,마라0256,ho_ar_006,8
2024,마라0256,ho_ar_007,8
2024,마라0256,ho_ar_008,8
2024,마라0256,ho_ar_009,15
2024,마라0256,ho_gb_001,6
2024,마라0256,ho_gb_002,19
2024,마라0256,ho_gb_003,1675
2024,마라0256,ho_gb_004,0
2024,마라0256,ho_gb_005,26
2024,마라0256,ho_gb_006,5
2024,마라0256,ho_yr_003,8
2024,마라0256,ho_yr_004,149
2024,마라0256,ho_yr_005,8
2024,마라0256,ho_yr_007,5
2024,마라0256,ho_yr_008,8
2024,마라0256,ho_yr_009,0
2024,마라0256,ho_yr_010,8
2024,마라0256,ho_yr_011,5
2024,마라0256,ho_yr_012,5
2024,마라0256,ho_yr_013,0
2024,마라0256,ho_yr_018,430
2024,마라0256,ho_yr_019,1110
2024,마라0256,to_ho_001,1729
2024,마라0257,ho_ar_003,212
2024,마라0257,ho_ar_004,129
2024,마라0257,ho_ar_006,5
2024,마라0257,ho_ar_007,8
2024,마라0257,ho_ar_008,5
2024,마라0257,ho_ar_009,5
2024,마라0257,ho_gb_002,13
2024,마라0257,ho_gb_003,341
2024,마라0257,ho_gb_005,0
2024,마라0257,ho_gb_006,5
2024,마라0257,ho_yr_003,341
2024,마라0257,ho_yr_005,5
2024,마라0257,ho_yr_008,0
2024,마라0257,ho_yr_009,8
2024,마라0257,ho_yr_013,0
2024,마라0257,ho_yr_014,0
2024,마라0257,to_ho_001,354
2024,마라0258,ho_ar_001,5
2024,마라0258,ho_ar_002,5
2024,마라0258,ho_ar_003,8
2024,마라0258,ho_ar_004,8
2024,마라0258,ho_ar_005,8
2024,마라0258,ho_ar_006,8
2024,마라0258,ho_ar_007,8
2024,마라0258,ho_ar_008,5
2024,마라0258,ho_ar_009,28
2024,마라0258,ho_gb_001,14
2024,마라0258,ho_gb_002,63
2024,마라0258,ho_gb_004,5
2024,마라0258,ho_gb_005,5
2024,마라0258,ho_gb_006,5
2024,마라0258,ho_yr_001,5
2024,마라0258,ho_yr_002,8
2024,마라0258,ho_yr_003,13
2024,마라0258,ho_yr_004,5
2024,마라0258,ho_yr_005,19
2024,마라0258,ho_yr_007,5
2024,마라0258,ho_yr_008,5
2024,마라0258,ho_yr_009,8
2024,마라0258,ho_yr_010,5
2024,마라0258,ho_yr_011,8
2024,마라0258,ho_yr_012,13
2024,마라0258,ho_yr_013,8
2024,마라0258,ho_yr_014,0
2024,마라0258,to_ho_001,82
2024,마라0259,ho_ar_002,8
2024,마라0259,ho_ar_003,8
2024,마라0259,ho_ar_004,23
2024,마라0259,ho_ar_005,8
2024,마라0259,ho_ar_006,5
2024,마라0259,ho_ar_007,5
2024,마라0259,ho_ar_008,0
2024,마라0259,ho_ar_009,8
2024,마라0259,ho_gb_002,66
2024,마라0259,ho_gb_006,5
2024,마라0259,ho_yr_001,24
2024,마라0259,ho_yr_002,8
2024,마라0259,ho_yr_003,13
2024,마라0259,ho_yr_004,5
2024,마라0259,ho_yr_005,8
2024,마라0259,ho_yr_006,5
2024,마라0259,ho_yr_007,0
2024,마라0259,ho_yr_008,5
2024,마라0259,ho_yr_009,0
2024,마라0259,ho_yr_011,5
2024,마라0259,ho_yr_013,0
2024,마라0259,ho_yr_015,0
2024,마라0259,to_ho_001,64
2024,마라0262,ho_ar_003,5
2024,마라0262,ho_gb_002,5
2024,마라0262,ho_yr_001,0
2024,마라0262,to_ho_001,0
2024,마라0263,ho_ar_002,5
2024,마라0263,ho_ar_003,8
2024,마라0263,ho_ar_004,24
2024,마라0263,ho_ar_005,18
2024,마라0263,ho_ar_006,8
2024,마라0263,ho_ar_007,5
2024,마라0263,ho_ar_008,8
2024,마라0263,ho_gb_002,63
2024,마라0263,ho_gb_005,5
2024,마라0263,ho_yr_001,5
2024,마라0263,ho_yr_002,5
2024,마라0263,ho_yr_003,33
2024,마라0263,ho_yr_004,5
2024,마라0263,ho_yr_005,5
2024,마라0263,ho_yr_006,0
2024,마라0263,ho_yr_007,0
2024,마라0263,ho_yr_009,5
2024,마라0263,ho_yr_010,5
2024,마라0263,ho_yr_011,5
2024,마라0263,ho_yr_012,0
2024,마라0263,ho_yr_014,5
2024,마라0263,ho_yr_018,5
2024,마라0263,ho_yr_020,5
2024,마라0263,to_ho_001,68
2024,마라0265,ho_ar_003,5
2024,마라0265,ho_ar_004,5
2024,마라0265,ho_ar_005,8
2024,마라0265,ho_ar_006,5
2024,마라0265,ho_ar_007,5
2024,마라0265,ho_ar_008,5
2024,마라0265,ho_gb_002,23
2024,마라0265,ho_gb_006,0
2024,마라0265,ho_yr_001,5
2024,마라0265,ho_yr_002,5
2024,마라0265,ho_yr_003,8
2024,마라0265,ho_yr_004,0
2024,마라0265,ho_yr_005,5
2024,마라0265,ho_yr_006,0
2024,마라0265,ho_yr_012,0
2024,마라0265,ho_yr_013,5
2024,마라0265,ho_yr_014,0
2024,마라0265,ho_yr_016,0
2024,마라0265,ho_yr_017,0
2024,마라0265,ho_yr_018,0
2024,마라0265,to_ho_001,23
2024,마라0266,ho_ar_002,11
2024,마라0266,ho_ar_003,8
2024,마라0266,ho_ar_004,8
2024,마라0266,ho_ar_005,8
2024,마라0266,ho_ar_006,0
2024,마라0266,ho_ar_007,0
2024,마라0266,ho_ar_008,5
2024,마라0266,ho_ar_009,5
2024,마라0266,ho_gb_002,35
2024,마라0266,ho_yr_001,5
2024,마라0266,ho_yr_002,8
2024,마라0266,ho_yr_003,5
2024,마라0266,ho_yr_004,5
2024,마라0266,ho_yr_005,5
2024,마라0266,ho_yr_006,0
2024,마라0266,ho_yr_007,0
2024,마라0266,ho_yr_008,5
2024,마라0266,ho_yr_010,0
2024,마라0266,ho_yr_012,0
2024,마라0266,ho_yr_013,0
2024,마라0266,ho_yr_018,5
2024,마라0266,ho_yr_020,6
2024,마라0266,to_ho_001,34
2024,마라0267,ho_ar_002,8
2024,마라0267,ho_ar_003,19
2024,마라0267,ho_ar_004,15
2024,마라0267,ho_ar_005,8
2024,마라0267,ho_ar_006,5
2024,마라0267,ho_ar_007,0
2024,마라0267,ho_ar_009,0
2024,마라0267,ho_gb_002,53
2024,마라0267,ho_yr_001,23
2024,마라0267,ho_yr_002,8
2024,마라0267,ho_yr_003,8
2024,마라0267,ho_yr_004,5
2024,마라0267,ho_yr_005,5
2024,마라0267,ho_yr_008,5
2024,마라0267,ho_yr_011,5
2024,마라0267,ho_yr_013,5
2024,마라0267,ho_yr_017,0
2024,마라0267,ho_yr_018,5
2024,마라0267,to_ho_001,53
2024,마라0268,ho_ar_002,5
2024,마라0268,ho_ar_003,8
2024,마라0268,ho_ar_004,5
2024,마라0268,ho_ar_005,5
2024,마라0268,ho_ar_006,0
2024,마라0268,ho_ar_007,0
2024,마라0268,ho_gb_002,18
2024,마라0268,ho_yr_001,8
2024,마라0268,ho_yr_003,5
2024,마라0268,ho_yr_004,5
2024,마라0268,ho_yr_005,5
2024,마라0268,ho_yr_015,5
2024,마라0268,to_ho_001,18
2024,마라0275,ho_ar_001,0
2024,마라0275,ho_ar_002,8
2024,마라0275,ho_ar_003,5
2024,마라0275,ho_ar_004,8
2024,마라0275,ho_ar_005,13
2024,마라0275,ho_ar_006,5
2024,마라0275,ho_ar_008,8
2024,마라0275,ho_ar_009,5
2024,마라0275,ho_gb_002,40
2024,마라0275,ho_gb_005,8
2024,마라0275,ho_yr_001,5
2024,마라0275,ho_yr_002,5
2024,마라0275,ho_yr_003,13
2024,마라0275,ho_yr_004,13
2024,마라0275,ho_yr_005,8
2024,마라0275,ho_yr_007,5
2024,마라0275,ho_yr_011,5
2024,마라0275,ho_yr_013,5
2024,마라0275,ho_yr_014,0
2024,마라0275,ho_yr_015,5
2024,마라0275,ho_yr_016,5
2024,마라0275,to_ho_001,43
2024,마라0286,ho_ar_002,0
2024,마라0286,ho_gb_002,0
2024,마라0286,ho_yr_003,0
2024,마라0286,to_ho_001,0
2024,마라0288,ho_ar_004,0
2024,마라0288,ho_ar_007,0
2024,마라0288,ho_gb_002,5
2024,마라0288,ho_yr_002,0
2024,마라0288,ho_yr_004,0
2024,마라0288,to_ho_001,5
2024,마라0289,ho_ar_001,0
2024,마라0289,ho_ar_002,5
2024,마라0289,ho_ar_003,525
2024,마라0289,ho_ar_004,450
2024,마라0289,ho_ar_005,0
2024,마라0289,ho_ar_006,166
2024,마라0289,ho_ar_007,0
2024,마라0289,ho_ar_008,0
2024,마라0289,ho_ar_009,5
2024,마라0289,ho_gb_002,18
2024,마라0289,ho_gb_003,1130
2024,마라0289,ho_gb_006,0
2024,마라0289,ho_yr_001,14
2024,마라0289,ho_yr_002,654
2024,마라0289,ho_yr_003,145
2024,마라0289,ho_yr_004,80
2024,마라0289,ho_yr_005,256
2024,마라0289,ho_yr_007,0
2024,마라0289,ho_yr_011,0
2024,마라0289,ho_yr_015,0
2024,마라0289,to_ho_001,1147
2024,마라0290,ho_ar_002,5
2024,마라0290,ho_ar_003,833
2024,마라0290,ho_ar_004,535
2024,마라0290,ho_ar_005,0
2024,마라0290,ho_ar_006,80
2024,마라0290,ho_ar_007,20
2024,마라0290,ho_ar_008,0
2024,마라0290,ho_ar_009,0
2024,마라0290,ho_gb_002,22
2024,마라0290,ho_gb_003,1463
2024,마라0290,ho_gb_006,25
2024,마라0290,ho_yr_001,317
2024,마라0290,ho_yr_002,962
2024,마라0290,ho_yr_003,5
2024,마라0290,ho_yr_004,0
2024,마라0290,ho_yr_005,195
2024,마라0290,ho_yr_006,0
2024,마라0290,ho_yr_007,0
2024,마라0290,ho_yr_010,5
2024,마라0290,ho_yr_011,0
2024,마라0290,ho_yr_012,0
2024,마라0290,to_ho_001,1482
2024,마라0291,ho_ar_009,0
2024,마라0291,ho_gb_002,0
2024,마라0291,ho_gb_006,8
2024,마라0291,ho_yr_004,0
2024,마라0291,to_ho_001,0
2024,마라0294,ho_ar_002,0
2024,마라0294,ho_ar_003,0
2024,마라0294,ho_ar_004,0
2024,마라0294,ho_ar_006,0
2024,마라0294,ho_gb_002,5
2024,마라0294,ho_gb_005,0
2024,마라0294,ho_gb_006,34
2024,마라0294,ho_yr_001,0
2024,마라0294,ho_yr_003,5
2024,마라0294,to_ho_001,5
2024,마라0295,ho_ar_003,162
2024,마라0295,ho_ar_004,720
2024,마라0295,ho_ar_005,419
2024,마라0295,ho_ar_006,240
2024,마라0295,ho_gb_003,1541
2024,마라0295,ho_gb_006,18
2024,마라0295,ho_yr_011,5
2024,마라0295,ho_yr_015,1536
2024,마라0295,to_ho_001,1541
2024,마라0296,ho_ar_001,5
2024,마라0296,ho_ar_002,56
2024,마라0296,ho_ar_003,424
2024,마라0296,ho_ar_004,3373
2024,마라0296,ho_ar_005,969
2024,마라0296,ho_ar_006,66
2024,마라0296,ho_ar_007,243
2024,마라0296,ho_ar_008,43
2024,마라0296,ho_ar_009,329
2024,마라0296,ho_gb_001,351
2024,마라0296,ho_gb_002,500
2024,마라0296,ho_gb_003,4403
2024,마라0296,ho_gb_004,179
2024,마라0296,ho_gb_005,82
2024,마라0296,ho_gb_006,791
2024,마라0296,ho_yr_001,20
2024,마라0296,ho_yr_002,88
2024,마라0296,ho_yr_003,791
2024,마라0296,ho_yr_004,201
2024,마라0296,ho_yr_005,50
2024,마라0296,ho_yr_006,91
2024,마라0296,ho_yr_007,50
2024,마라0296,ho_yr_008,109
2024,마라0296,ho_yr_009,46
2024,마라0296,ho_yr_010,42
2024,마라0296,ho_yr_011,28
2024,마라0296,ho_yr_012,28
2024,마라0296,ho_yr_013,18
2024,마라0296,ho_yr_014,8
2024,마라0296,ho_yr_015,3932
2024,마라0296,ho_yr_016,8
2024,마라0296,ho_yr_017,5
2024,마라0296,ho_yr_018,5
2024,마라0296,ho_yr_019,8
2024,마라0296,ho_yr_020,5
2024,마라0296,to_ho_001,5511
2024,마라0297,ho_ar_001,8
2024,마라0297,ho_ar_002,48
2024,마라0297,ho_ar_003,969
2024,마라0297,ho_ar_004,1533
2024,마라0297,ho_ar_005,86
2024,마라0297,ho_ar_006,186
2024,마라0297,ho_ar_007,282
2024,마라0297,ho_ar_008,124
2024,마라0297,ho_ar_009,63
2024,마라0297,ho_gb_001,513
2024,마라0297,ho_gb_002,767
2024,마라0297,ho_gb_003,1716
2024,마라0297,ho_gb_004,252
2024,마라0297,ho_gb_005,64
2024,마라0297,ho_gb_006,83
2024,마라0297,ho_yr_001,71
2024,마라0297,ho_yr_002,398
2024,마라0297,ho_yr_003,2343
2024,마라0297,ho_yr_004,279
2024,마라0297,ho_yr_005,57
2024,마라0297,ho_yr_006,12
2024,마라0297,ho_yr_007,21
2024,마라0297,ho_yr_008,39
2024,마라0297,ho_yr_009,12
2024,마라0297,ho_yr_010,5
2024,마라0297,ho_yr_011,26
2024,마라0297,ho_yr_012,8
2024,마라0297,ho_yr_013,37
2024,마라0297,ho_yr_014,5
2024,마라0297,ho_yr_015,5
2024,마라0297,ho_yr_016,0
2024,마라0297,ho_yr_019,0
2024,마라0297,to_ho_001,3309
2024,마라0299,ho_ar_003,0
2024,마라0299,ho_gb_002,5
2024,마라0299,ho_gb_006,0
2024,마라0299,ho_yr_003,0
2024,마라0299,to_ho_001,0
2024,마라0336,ho_ar_003,5
2024,마라0336,ho_ar_004,5
2024,마라0336,ho_ar_005,5
2024,마라0336,ho_ar_006,5
2024,마라0336,ho_ar_007,8
2024,마라0336,ho_ar_008,8
2024,마라0336,ho_gb_002,20
2024,마라0336,ho_gb_005,0
2024,마라0336,ho_gb_006,5
2024,마라0336,ho_yr_001,0
2024,마라0336,ho_yr_003,8
2024,마라0336,ho_yr_004,5
2024,마라0336,ho_yr_005,8
2024,마라0336,ho_yr_007,0
2024,마라0336,ho_yr_011,0
2024,마라0336,ho_yr_017,0
2024,마라0336,to_ho_001,23
2024,마라0337,ho_ar_004,0
2024,마라0337,ho_ar_008,0
2024,마라0337,ho_ar_009,0
2024,마라0337,ho_gb_002,5
2024,마라0337,ho_gb_006,0
2024,마라0337,ho_yr_002,0
2024,마라0337,ho_yr_003,0
2024,마라0337,ho_yr_004,0
2024,마라0337,to_ho_001,5
2024,마라0338,ho_ar_001,0
2024,마라0338,ho_ar_002,5
2024,마라0338,ho_ar_003,13
2024,마라0338,ho_ar_004,40
2024,마라0338,ho_ar_005,19
2024,마라0338,ho_ar_006,8
2024,마라0338,ho_ar_007,8
2024,마라0338,ho_ar_008,8
2024,마라0338,ho_ar_009,5
2024,마라0338,ho_gb_002,102
2024,마라0338,ho_gb_005,5
2024,마라0338,ho_gb_006,0
2024,마라0338,ho_yr_001,24
2024,마라0338,ho_yr_002,8
2024,마라0338,ho_yr_003,28
2024,마라0338,ho_yr_004,13
2024,마라0338,ho_yr_005,5
2024,마라0338,ho_yr_006,0
2024,마라0338,ho_yr_007,0
2024,마라0338,ho_yr_009,5
2024,마라0338,ho_yr_010,0
2024,마라0338,ho_yr_011,5
2024,마라0338,ho_yr_012,5
2024,마라0338,ho_yr_013,8
2024,마라0338,ho_yr_014,5
2024,마라0338,ho_yr_016,0
2024,마라0338,ho_yr_017,0
2024,마라0338,ho_yr_018,5
2024,마라0338,ho_yr_019,5
2024,마라0338,ho_yr_020,0
2024,마라0338,to_ho_001,104
2024,마라0339,ho_ar_004,5
2024,마라0339,ho_ar_005,0
2024,마라0339,ho_ar_006,5
2024,마라0339,ho_ar_007,5
2024,마라0339,ho_ar_008,0
2024,마라0339,ho_gb_002,8
2024,마라0339,ho_yr_002,5
2024,마라0339,ho_yr_003,0
2024,마라0339,ho_yr_005,0
2024,마라0339,ho_yr_007,0
2024,마라0339,ho_yr_014,0
2024,마라0339,ho_yr_016,0
2024,마라0339,ho_yr_020,0
2024,마라0339,to_ho_001,8
2024,마라0342,ho_ar_004,0
2024,마라0342,ho_ar_007,0
2024,마라0342,ho_ar_008,5
2024,마라0342,ho_gb_002,5
2024,마라0342,ho_yr_003,0
2024,마라0342,ho_yr_005,0
2024,마라0342,ho_yr_006,0
2024,마라0342,ho_yr_018,0
2024,마라0342,to_ho_001,5
2024,마라0343,ho_gb_006,0
2024,마라0344,ho_ar_001,8
2024,마라0344,ho_ar_002,5
2024,마라0344,ho_ar_003,0
2024,마라0344,ho_ar_004,0
2024,마라0344,ho_ar_005,5
2024,마라0344,ho_ar_006,5
2024,마라0344,ho_ar_007,0
2024,마라0344,ho_ar_008,0
2024,마라0344,ho_gb_002,13
2024,마라0344,ho_gb_005,0
2024,마라0344,ho_yr_002,5
2024,마라0344,ho_yr_003,5
2024,마라0344,ho_yr_004,5
2024,마라0344,ho_yr_005,5
2024,마라0344,ho_yr_007,5
2024,마라0344,ho_yr_009,5
2024,마라0344,to_ho_001,13
2024,마라0345,ho_ar_004,5
2024,마라0345,ho_ar_005,5
2024,마라0345,ho_ar_006,5
2024,마라0345,ho_ar_007,8
2024,마라0345,ho_ar_008,8
2024,마라0345,ho_gb_002,13
2024,마라0345,ho_yr_003,5
2024,마라0345,ho_yr_004,5
2024,마라0345,ho_yr_006,5
2024,마라0345,ho_yr_007,5
2024,마라0345,ho_yr_010,5
2024,마라0345,ho_yr_011,5
2024,마라0345,ho_yr_012,5
2024,마라0345,ho_yr_018,5
2024,마라0345,to_ho_001,13
2024,마라0346,ho_ar_003,8
2024,마라0346,ho_ar_004,8
2024,마라0346,ho_ar_005,8
2024,마라0346,ho_ar_006,5
2024,마라0346,ho_ar_007,0
2024,마라0346,ho_ar_008,5
2024,마라0346,ho_gb_002,29
2024,마라0346,ho_gb_006,5
2024,마라0346,ho_yr_001,5
2024,마라0346,ho_yr_002,5
2024,마라0346,ho_yr_003,13
2024,마라0346,ho_yr_004,0
2024,마라0346,ho_yr_005,5
2024,마라0346,ho_yr_006,0
2024,마라0346,ho_yr_010,5
2024,마라0346,ho_yr_012,0
2024,마라0346,ho_yr_013,5
2024,마라0346,to_ho_001,28
2024,마라0347,ho_ar_002,8
2024,마라0347,ho_ar_003,5
2024,마라0347,ho_ar_004,8
2024,마라0347,ho_ar_005,8
2024,마라0347,ho_ar_006,5
2024,마라0347,ho_ar_007,0
2024,마라0347,ho_ar_008,8
2024,마라0347,ho_gb_002,30
2024,마라0347,ho_yr_001,8
2024,마라0347,ho_yr_002,5
2024,마라0347,ho_yr_003,8
2024,마라0347,ho_yr_004,0
2024,마라0347,ho_yr_005,0
2024,마라0347,ho_yr_008,0
2024,마라0347,ho_yr_009,5
2024,마라0347,ho_yr_011,0
2024,마라0347,ho_yr_017,0
2024,마라0347,ho_yr_018,5
2024,마라0347,to_ho_001,28
2024,마라0350,ho_ar_005,0
2024,마라0350,ho_gb_002,0
2024,마라0350,ho_yr_014,0
2024,마라0350,to_ho_001,0
2024,마라0351,ho_ar_003,5
2024,마라0351,ho_ar_005,5
2024,마라0351,ho_gb_002,5
2024,마라0351,ho_gb_006,0
2024,마라0351,ho_yr_014,0
2024,마라0351,ho_yr_015,5
2024,마라0351,to_ho_001,5
2024,마라0352,ho_ar_002,5
2024,마라0352,ho_ar_003,1078
2024,마라0352,ho_ar_004,3273
2024,마라0352,ho_ar_005,75
2024,마라0352,ho_ar_006,142
2024,마라0352,ho_ar_007,13
2024,마라0352,ho_ar_008,5
2024,마라0352,ho_ar_009,5
2024,마라0352,ho_gb_002,29
2024,마라0352,ho_gb_003,4549
2024,마라0352,ho_gb_005,5
2024,마라0352,ho_gb_006,5
2024,마라0352,ho_yr_001,5
2024,마라0352,ho_yr_002,5
2024,마라0352,ho_yr_003,8
2024,마라0352,ho_yr_004,72
2024,마라0352,ho_yr_005,512
2024,마라0352,ho_yr_006,5
2024,마라0352,ho_yr_007,5
2024,마라0352,ho_yr_009,517
2024,마라0352,ho_yr_011,940
2024,마라0352,ho_yr_012,8
2024,마라0352,ho_yr_013,941
2024,마라0352,ho_yr_014,1042
2024,마라0352,ho_yr_020,543
2024,마라0352,to_ho_001,4582
2024,마라0353,ho_ar_002,14
2024,마라0353,ho_ar_003,151
2024,마라0353,ho_ar_004,1908
2024,마라0353,ho_ar_005,23
2024,마라0353,ho_ar_006,217
2024,마라0353,ho_ar_007,13
2024,마라0353,ho_ar_008,13
2024,마라0353,ho_ar_009,41
2024,마라0353,ho_gb_001,5
2024,마라0353,ho_gb_002,99
2024,마라0353,ho_gb_003,2069
2024,마라0353,ho_gb_004,184
2024,마라0353,ho_gb_005,18
2024,마라0353,ho_gb_006,5
2024,마라0353,ho_yr_001,8
2024,마라0353,ho_yr_002,8
2024,마라0353,ho_yr_003,18
2024,마라0353,ho_yr_004,226
2024,마라0353,ho_yr_005,1643
2024,마라0353,ho_yr_006,8
2024,마라0353,ho_yr_007,8
2024,마라0353,ho_yr_008,21
2024,마라0353,ho_yr_009,111
2024,마라0353,ho_yr_010,8
2024,마라0353,ho_yr_011,13
2024,마라0353,ho_yr_012,8
2024,마라0353,ho_yr_013,59
2024,마라0353,ho_yr_020,245
2024,마라0353,to_ho_001,2377
2024,마라0354,ho_ar_002,22
2024,마라0354,ho_ar_003,88
2024,마라0354,ho_ar_004,661
2024,마라0354,ho_ar_005,53
2024,마라0354,ho_ar_006,69
2024,마라0354,ho_ar_007,28
2024,마라0354,ho_ar_008,23
2024,마라0354,ho_ar_009,84
2024,마라0354,ho_gb_001,83
2024,마라0354,ho_gb_002,172
2024,마라0354,ho_gb_003,709
2024,마라0354,ho_gb_004,41
2024,마라0354,ho_gb_005,18
2024,마라0354,ho_gb_006,17
2024,마라0354,ho_yr_001,8
2024,마라0354,ho_yr_002,96
2024,마라0354,ho_yr_003,86
2024,마라0354,ho_yr_004,489
2024,마라0354,ho_yr_005,177
2024,마라0354,ho_yr_006,5
2024,마라0354,ho_yr_007,8
2024,마라0354,ho_yr_008,18
2024,마라0354,ho_yr_009,8
2024,마라0354,ho_yr_010,18
2024,마라0354,ho_yr_011,8
2024,마라0354,ho_yr_012,5
2024,마라0354,ho_yr_013,103
2024,마라0354,ho_yr_018,5
2024,마라0354,ho_yr_019,0
2024,마라0354,to_ho_001,1022
2024,마라0355,ho_ar_002,15
2024,마라0355,ho_ar_003,173
2024,마라0355,ho_ar_004,1642
2024,마라0355,ho_ar_005,5
2024,마라0355,ho_ar_006,29
2024,마라0355,ho_ar_007,8
2024,마라0355,ho_ar_008,8
2024,마라0355,ho_ar_009,20
2024,마라0355,ho_gb_001,18
2024,마라0355,ho_gb_002,46
2024,마라0355,ho_gb_003,1654
2024,마라0355,ho_gb_004,158
2024,마라0355,ho_gb_005,23
2024,마라0355,ho_gb_006,13
2024,마라0355,ho_yr_001,0
2024,마라0355,ho_yr_002,5
2024,마라0355,ho_yr_003,249
2024,마라0355,ho_yr_004,350
2024,마라0355,ho_yr_005,507
2024,마라0355,ho_yr_007,5
2024,마라0355,ho_yr_009,0
2024,마라0355,ho_yr_010,8
2024,마라0355,ho_yr_011,706
2024,마라0355,ho_yr_012,8
2024,마라0355,ho_yr_013,5
2024,마라0355,ho_yr_016,16
2024,마라0355,ho_yr_017,15
2024,마라0355,ho_yr_018,22
2024,마라0355,to_ho_001,1891
2024,마라0356,ho_ar_001,9
2024,마라0356,ho_ar_002,407
2024,마라0356,ho_ar_003,2271
2024,마라0356,ho_ar_004,2035
2024,마라0356,ho_ar_005,8
2024,마라0356,ho_ar_006,50
2024,마라0356,ho_ar_007,23
2024,마라0356,ho_ar_008,14
2024,마라0356,ho_ar_009,82
2024,마라0356,ho_gb_001,45
2024,마라0356,ho_gb_002,122
2024,마라0356,ho_gb_003,4697
2024,마라0356,ho_gb_005,33
2024,마라0356,ho_gb_006,66
2024,마라0356,ho_yr_001,5
2024,마라0356,ho_yr_003,2948
2024,마라0356,ho_yr_004,1689
2024,마라0356,ho_yr_005,191
2024,마라0356,ho_yr_006,8
2024,마라0356,ho_yr_007,8
2024,마라0356,ho_yr_008,33
2024,마라0356,ho_yr_009,5
2024,마라0356,ho_yr_010,8
2024,마라0356,ho_yr_011,5
2024,마라0356,ho_yr_012,5
2024,마라0356,ho_yr_013,5
2024,마라0356,ho_yr_014,0
2024,마라0356,to_ho_001,4897
2024,마라0357,ho_ar_003,5
2024,마라0357,ho_ar_004,17
2024,마라0357,ho_ar_005,8
2024,마라0357,ho_ar_006,29
2024,마라0357,ho_ar_007,15
2024,마라0357,ho_ar_008,5
2024,마라0357,ho_ar_009,0
2024,마라0357,ho_gb_001,11
2024,마라0357,ho_gb_002,54
2024,마라0357,ho_gb_004,12
2024,마라0357,ho_yr_001,0
2024,마라0357,ho_yr_003,5
2024,마라0357,ho_yr_004,5
2024,마라0357,ho_yr_005,11
2024,마라0357,ho_yr_006,0
2024,마라0357,ho_yr_007,17
2024,마라0357,ho_yr_008,18
2024,마라0357,ho_yr_009,20
2024,마라0357,ho_yr_010,5
2024,마라0357,ho_yr_011,0
2024,마라0357,ho_yr_012,0
2024,마라0357,ho_yr_013,0
2024,마라0357,ho_yr_017,5
2024,마라0357,to_ho_001,73
2024,마라0359,ho_ar_001,0
2024,마라0359,ho_ar_003,5
2024,마라0359,ho_ar_004,5
2024,마라0359,ho_ar_007,0
2024,마라0359,ho_gb_002,8
2024,마라0359,ho_yr_001,5
2024,마라0359,ho_yr_002,0
2024,마라0359,ho_yr_003,0
2024,마라0359,ho_yr_019,5
2024,마라0359,to_ho_001,8
2024,마라0361,ho_ar_002,0
2024,마라0361,ho_ar_003,5
2024,마라0361,ho_ar_004,5
2024,마라0361,ho_ar_005,5
2024,마라0361,ho_ar_006,5
2024,마라0361,ho_ar_007,5
2024,마라0361,ho_ar_008,5
2024,마라0361,ho_gb_002,18
2024,마라0361,ho_yr_001,5
2024,마라0361,ho_yr_002,5
2024,마라0361,ho_yr_003,8
2024,마라0361,ho_yr_005,5
2024,마라0361,ho_yr_008,0
2024,마라0361,ho_yr_010,0
2024,마라0361,ho_yr_011,0
2024,마라0361,ho_yr_019,5
2024,마라0361,to_ho_001,18
2024,마라0362,ho_ar_002,8
2024,마라0362,ho_ar_003,18
2024,마라0362,ho_ar_004,18
2024,마라0362,ho_ar_005,13
2024,마라0362,ho_ar_006,8
2024,마라0362,ho_ar_007,8
2024,마라0362,ho_ar_008,0
2024,마라0362,ho_ar_009,0
2024,마라0362,ho_gb_002,73
2024,마라0362,ho_gb_005,0
2024,마라0362,ho_gb_006,5
2024,마라0362,ho_yr_001,18
2024,마라0362,ho_yr_002,8
2024,마라0362,ho_yr_003,13
2024,마라0362,ho_yr_004,0
2024,마라0362,ho_yr_005,8
2024,마라0362,ho_yr_006,5
2024,마라0362,ho_yr_007,5
2024,마라0362,ho_yr_008,8
2024,마라0362,ho_yr_009,8
2024,마라0362,ho_yr_010,5
2024,마라0362,ho_yr_011,0
2024,마라0362,ho_yr_012,5
2024,마라0362,ho_yr_018,8
2024,마라0362,ho_yr_019,0
2024,마라0362,to_ho_001,73
2024,마라0363,ho_ar_002,5
2024,마라0363,ho_ar_003,5
2024,마라0363,ho_ar_004,13
2024,마라0363,ho_ar_005,8
2024,마라0363,ho_ar_007,0
2024,마라0363,ho_ar_008,0
2024,마라0363,ho_ar_009,5
2024,마라0363,ho_gb_002,34
2024,마라0363,ho_gb_005,5
2024,마라0363,ho_gb_006,5
2024,마라0363,ho_yr_001,13
2024,마라0363,ho_yr_002,5
2024,마라0363,ho_yr_003,13
2024,마라0363,ho_yr_004,5
2024,마라0363,ho_yr_008,0
2024,마라0363,ho_yr_009,0
2024,마라0363,ho_yr_010,0
2024,마라0363,ho_yr_012,5
2024,마라0363,ho_yr_013,5
2024,마라0363,to_ho_001,38
2024,마라0365,ho_ar_002,8
2024,마라0365,ho_ar_003,8
2024,마라0365,ho_ar_004,18
2024,마라0365,ho_ar_005,13
2024,마라0365,ho_ar_006,8
2024,마라0365,ho_ar_007,5
2024,마라0365,ho_ar_008,8
2024,마라0365,ho_ar_009,0
2024,마라0365,ho_gb_002,60
2024,마라0365,ho_gb_005,0
2024,마라0365,ho_gb_006,0
2024,마라0365,ho_yr_001,8
2024,마라0365,ho_yr_002,8
2024,마라0365,ho_yr_003,14
2024,마라0365,ho_yr_004,8
2024,마라0365,ho_yr_005,8
2024,마라0365,ho_yr_006,0
2024,마라0365,ho_yr_008,0
2024,마라0365,ho_yr_009,0
2024,마라0365,ho_yr_010,5
2024,마라0365,ho_yr_011,5
2024,마라0365,ho_yr_012,5
2024,마라0365,ho_yr_013,5
2024,마라0365,ho_yr_014,0
2024,마라0365,ho_yr_015,5
2024,마라0365,ho_yr_017,5
2024,마라0365,ho_yr_019,0
2024,마라0365,ho_yr_020,5
2024,마라0365,to_ho_001,59
2024,마라0366,ho_ar_002,0
2024,마라0366,ho_ar_003,0
2024,마라0366,ho_ar_004,5
2024,마라0366,ho_ar_005,0
2024,마라0366,ho_ar_006,5
2024,마라0366,ho_ar_007,0
2024,마라0366,ho_gb_002,14
2024,마라0366,ho_yr_001,8
2024,마라0366,ho_yr_002,5
2024,마라0366,ho_yr_003,5
2024,마라0366,ho_yr_005,0
2024,마라0366,ho_yr_006,0
2024,마라0366,ho_yr_007,0
2024,마라0366,ho_yr_010,5
2024,마라0366,ho_yr_011,0
2024,마라0366,to_ho_001,13
2024,마라0367,ho_ar_001,0
2024,마라0367,ho_ar_002,5
2024,마라0367,ho_ar_003,13
2024,마라0367,ho_ar_004,13
2024,마라0367,ho_ar_005,8
2024,마라0367,ho_ar_006,5
2024,마라0367,ho_ar_007,5
2024,마라0367,ho_ar_008,5
2024,마라0367,ho_gb_002,43
2024,마라0367,ho_gb_005,5
2024,마라0367,ho_gb_006,5
2024,마라0367,ho_yr_001,5
2024,마라0367,ho_yr_002,5
2024,마라0367,ho_yr_003,8
2024,마라0367,ho_yr_004,8
2024,마라0367,ho_yr_005,5
2024,마라0367,ho_yr_006,5
2024,마라0367,ho_yr_007,0
2024,마라0367,ho_yr_010,5
2024,마라0367,ho_yr_011,0
2024,마라0367,ho_yr_012,0
2024,마라0367,ho_yr_014,0
2024,마라0367,ho_yr_015,5
2024,마라0367,ho_yr_016,8
2024,마라0367,ho_yr_018,0
2024,마라0367,to_ho_001,48
2024,마라0368,ho_ar_002,5
2024,마라0368,ho_ar_003,13
2024,마라0368,ho_ar_004,23
2024,마라0368,ho_ar_005,8
2024,마라0368,ho_ar_006,8
2024,마라0368,ho_ar_007,5
2024,마라0368,ho_ar_008,5
2024,마라0368,ho_gb_002,55
2024,마라0368,ho_gb_005,0
2024,마라0368,ho_yr_001,8
2024,마라0368,ho_yr_002,5
2024,마라0368,ho_yr_003,18
2024,마라0368,ho_yr_004,8
2024,마라0368,ho_yr_005,5
2024,마라0368,ho_yr_006,5
2024,마라0368,ho_yr_007,0
2024,마라0368,ho_yr_009,5
2024,마라0368,ho_yr_010,5
2024,마라0368,ho_yr_011,5
2024,마라0368,ho_yr_012,0
2024,마라0368,ho_yr_016,0
2024,마라0368,ho_yr_017,0
2024,마라0368,ho_yr_018,0
2024,마라0368,ho_yr_019,0
2024,마라0368,to_ho_001,58
2024,마라0369,ho_ar_004,0
2024,마라0369,ho_ar_005,0
2024,마라0369,ho_ar_006,0
2024,마라0369,ho_gb_002,5
2024,마라0369,ho_yr_001,5
2024,마라0369,ho_yr_004,5
2024,마라0369,to_ho_001,5
2024,마라0374,ho_ar_002,5
2024,마라0374,ho_ar_003,8
2024,마라0374,ho_ar_004,14
2024,마라0374,ho_ar_005,5
2024,마라0374,ho_ar_006,5
2024,마라0374,ho_ar_007,5
2024,마라0374,ho_gb_002,35
2024,마라0374,ho_yr_001,16
2024,마라0374,ho_yr_002,5
2024,마라0374,ho_yr_003,8
2024,마라0374,ho_yr_004,5
2024,마라0374,ho_yr_005,5
2024,마라0374,ho_yr_006,0
2024,마라0374,ho_yr_012,5
2024,마라0374,ho_yr_014,0
2024,마라0374,to_ho_001,36
2024,마라0375,ho_ar_001,0
2024,마라0375,ho_ar_002,8
2024,마라0375,ho_ar_003,0
2024,마라0375,ho_ar_004,8
2024,마라0375,ho_ar_005,5
2024,마라0375,ho_ar_006,5
2024,마라0375,ho_ar_007,0
2024,마라0375,ho_ar_008,5
2024,마라0375,ho_gb_002,24
2024,마라0375,ho_gb_005,5
2024,마라0375,ho_gb_006,5
2024,마라0375,ho_yr_001,5
2024,마라0375,ho_yr_002,5
2024,마라0375,ho_yr_003,8
2024,마라0375,ho_yr_004,5
2024,마라0375,ho_yr_005,5
2024,마라0375,ho_yr_009,0
2024,마라0375,ho_yr_010,0
2024,마라0375,ho_yr_011,0
2024,마라0375,ho_yr_012,5
2024,마라0375,ho_yr_017,0
2024,마라0375,ho_yr_020,0
2024,마라0375,to_ho_001,28
2024,마라0388,ho_ar_006,5
2024,마라0388,ho_gb_002,5
2024,마라0388,ho_gb_006,5
2024,마라0388,ho_yr_001,5
2024,마라0388,ho_yr_002,8
2024,마라0388,to_ho_001,8
2024,마라0389,ho_ar_009,0
2024,마라0389,ho_gb_002,5
2024,마라0389,ho_yr_002,0
2024,마라0389,to_ho_001,0
2024,마라0390,ho_ar_002,5
2024,마라0390,ho_ar_005,0
2024,마라0390,ho_gb_005,5
2024,마라0390,ho_gb_006,13
2024,마라0390,ho_yr_003,0
2024,마라0390,ho_yr_004,0
2024,마라0390,ho_yr_005,0
2024,마라0390,to_ho_001,5
2024,마라0391,ho_ar_002,5
2024,마라0391,ho_ar_004,5
2024,마라0391,ho_ar_005,5
2024,마라0391,ho_ar_006,5
2024,마라0391,ho_gb_005,8
2024,마라0391,ho_gb_006,18
2024,마라0391,ho_yr_004,8
2024,마라0391,to_ho_001,8
2024,마라0392,ho_gb_006,8
2024,마라0393,ho_ar_004,847
2024,마라0393,ho_ar_007,0
2024,마라0393,ho_gb_003,847
2024,마라0393,ho_gb_005,0
2024,마라0393,ho_gb_006,129
2024,마라0393,ho_yr_003,0
2024,마라0393,ho_yr_016,847
2024,마라0393,to_ho_001,847
2024,마라0394,ho_ar_004,283
2024,마라0394,ho_ar_006,5
2024,마라0394,ho_ar_007,35
2024,마라0394,ho_ar_008,228
2024,마라0394,ho_ar_009,48
2024,마라0394,ho_gb_002,310
2024,마라0394,ho_gb_003,283
2024,마라0394,ho_gb_005,5
2024,마라0394,ho_gb_006,30
2024,마라0394,ho_yr_002,100
2024,마라0394,ho_yr_003,189
2024,마라0394,ho_yr_004,8
2024,마라0394,ho_yr_005,0
2024,마라0394,ho_yr_006,5
2024,마라0394,ho_yr_007,5
2024,마라0394,ho_yr_008,5
2024,마라0394,ho_yr_009,0
2024,마라0394,ho_yr_011,8
2024,마라0394,ho_yr_012,5
2024,마라0394,ho_yr_013,5
2024,마라0394,ho_yr_016,283
2024,마라0394,ho_yr_019,5
2024,마라0394,to_ho_001,592
2024,마라0395,ho_ar_002,57
2024,마라0395,ho_ar_003,210
2024,마라0395,ho_ar_004,636
2024,마라0395,ho_ar_005,79
2024,마라0395,ho_ar_006,95
2024,마라0395,ho_ar_007,185
2024,마라0395,ho_ar_008,440
2024,마라0395,ho_ar_009,184
2024,마라0395,ho_gb_002,682
2024,마라0395,ho_gb_003,1194
2024,마라0395,ho_gb_005,13
2024,마라0395,ho_gb_006,18
2024,마라0395,ho_yr_002,216
2024,마라0395,ho_yr_003,412
2024,마라0395,ho_yr_004,28
2024,마라0395,ho_yr_005,275
2024,마라0395,ho_yr_006,499
2024,마라0395,ho_yr_007,8
2024,마라0395,ho_yr_008,5
2024,마라0395,ho_yr_009,5
2024,마라0395,ho_yr_010,5
2024,마라0395,ho_yr_011,8
2024,마라0395,ho_yr_012,5
2024,마라0395,ho_yr_013,5
2024,마라0395,ho_yr_014,0
2024,마라0395,ho_yr_015,428
2024,마라0395,ho_yr_018,5
2024,마라0395,ho_yr_019,0
2024,마라0395,to_ho_001,1884
2024,마라0396,ho_ar_002,126
2024,마라0396,ho_ar_003,1747
2024,마라0396,ho_ar_004,3145
2024,마라0396,ho_ar_005,141
2024,마라0396,ho_ar_006,154
2024,마라0396,ho_ar_007,150
2024,마라0396,ho_ar_008,196
2024,마라0396,ho_ar_009,154
2024,마라0396,ho_gb_001,749
2024,마라0396,ho_gb_002,518
2024,마라0396,ho_gb_003,3776
2024,마라0396,ho_gb_004,644
2024,마라0396,ho_gb_005,127
2024,마라0396,ho_gb_006,109
2024,마라0396,ho_yr_001,8
2024,마라0396,ho_yr_002,199
2024,마라0396,ho_yr_003,4510
2024,마라0396,ho_yr_004,411
2024,마라0396,ho_yr_005,321
2024,마라0396,ho_yr_006,11
2024,마라0396,ho_yr_007,83
2024,마라0396,ho_yr_008,5
2024,마라0396,ho_yr_009,8
2024,마라0396,ho_yr_010,8
2024,마라0396,ho_yr_011,22
2024,마라0396,ho_yr_012,8
2024,마라0396,ho_yr_013,5
2024,마라0396,ho_yr_014,8
2024,마라0396,ho_yr_015,212
2024,마라0396,ho_yr_016,5
2024,마라0396,ho_yr_019,0
2024,마라0396,ho_yr_020,0
2024,마라0396,to_ho_001,5815
2024,마라0397,ho_ar_002,5
2024,마라0397,ho_ar_003,133
2024,마라0397,ho_ar_004,292
2024,마라0397,ho_ar_005,18
2024,마라0397,ho_ar_006,8
2024,마라0397,ho_ar_007,15
2024,마라0397,ho_ar_008,11
2024,마라0397,ho_ar_009,5
2024,마라0397,ho_gb_001,41
2024,마라0397,ho_gb_002,68
2024,마라0397,ho_gb_003,356
2024,마라0397,ho_gb_004,9
2024,마라0397,ho_gb_005,8
2024,마라0397,ho_gb_006,8
2024,마라0397,ho_yr_001,27
2024,마라0397,ho_yr_002,5
2024,마라0397,ho_yr_003,425
2024,마라0397,ho_yr_004,15
2024,마라0397,ho_yr_005,8
2024,마라0397,ho_yr_008,0
2024,마라0397,ho_yr_009,5
2024,마라0397,ho_yr_011,5
2024,마라0397,ho_yr_012,0
2024,마라0397,ho_yr_013,0
2024,마라0397,ho_yr_015,5
2024,마라0397,ho_yr_016,0
2024,마라0397,ho_yr_018,0
2024,마라0397,ho_yr_019,5
2024,마라0397,to_ho_001,481
2024,마라0398,ho_ar_002,0
2024,마라0398,ho_ar_003,8
2024,마라0398,ho_ar_004,8
2024,마라0398,ho_ar_005,5
2024,마라0398,ho_ar_006,5
2024,마라0398,ho_ar_008,0
2024,마라0398,ho_gb_002,20
2024,마라0398,ho_gb_006,8
2024,마라0398,ho_yr_001,13
2024,마라0398,ho_yr_002,5
2024,마라0398,ho_yr_003,5
2024,마라0398,ho_yr_005,0
2024,마라0398,ho_yr_006,0
2024,마라0398,ho_yr_008,0
2024,마라0398,ho_yr_013,0
2024,마라0398,to_ho_001,18
2024,마라0438,ho_ar_006,0
2024,마라0438,ho_ar_007,0
2024,마라0438,ho_ar_008,0
2024,마라0438,ho_ar_009,0
2024,마라0438,ho_gb_002,5
2024,마라0438,ho_gb_005,5
2024,마라0438,ho_gb_006,0
2024,마라0438,ho_yr_003,5
2024,마라0438,ho_yr_004,0
2024,마라0438,ho_yr_013,5
2024,마라0438,to_ho_001,5
2024,마라0442,ho_ar_002,5
2024,마라0442,ho_ar_003,8
2024,마라0442,ho_ar_004,23
2024,마라0442,ho_ar_005,13
2024,마라0442,ho_ar_006,8
2024,마라0442,ho_ar_007,13
2024,마라0442,ho_ar_008,33
2024,마라0442,ho_ar_009,8
2024,마라0442,ho_gb_002,98
2024,마라0442,ho_gb_005,8
2024,마라0442,ho_gb_006,8
2024,마라0442,ho_yr_001,8
2024,마라0442,ho_yr_002,8
2024,마라0442,ho_yr_003,31
2024,마라0442,ho_yr_004,13
2024,마라0442,ho_yr_005,13
2024,마라0442,ho_yr_006,8
2024,마라0442,ho_yr_007,5
2024,마라0442,ho_yr_008,5
2024,마라0442,ho_yr_009,0
2024,마라0442,ho_yr_010,5
2024,마라0442,ho_yr_012,8
2024,마라0442,ho_yr_013,5
2024,마라0442,ho_yr_014,5
2024,마라0442,ho_yr_015,0
2024,마라0442,ho_yr_019,0
2024,마라0442,to_ho_001,106
2024,마라0443,ho_ar_004,5
2024,마라0443,ho_ar_006,0
2024,마라0443,ho_ar_007,0
2024,마라0443,ho_ar_008,13
2024,마라0443,ho_ar_009,0
2024,마라0443,ho_gb_002,18
2024,마라0443,ho_gb_005,5
2024,마라0443,ho_yr_001,0
2024,마라0443,ho_yr_003,5
2024,마라0443,ho_yr_004,5
2024,마라0443,ho_yr_005,5
2024,마라0443,ho_yr_007,5
2024,마라0443,ho_yr_008,5
2024,마라0443,ho_yr_009,0
2024,마라0443,ho_yr_011,0
2024,마라0443,ho_yr_013,8
2024,마라0443,to_ho_001,18
2024,마라0446,ho_ar_002,0
2024,마라0446,ho_ar_005,0
2024,마라0446,ho_gb_002,0
2024,마라0446,ho_gb_005,0
2024,마라0446,ho_yr_007,5
2024,마라0446,ho_yr_008,0
2024,마라0446,to_ho_001,5
2024,마라0447,ho_ar_005,0
2024,마라0447,ho_ar_006,5
2024,마라0447,ho_ar_008,0
2024,마라0447,ho_gb_002,5
2024,마라0447,ho_gb_005,0
2024,마라0447,ho_yr_003,5
2024,마라0447,ho_yr_005,0
2024,마라0447,ho_yr_008,0
2024,마라0447,to_ho_001,5
2024,마라0450,ho_ar_001,0
2024,마라0450,ho_ar_002,5
2024,마라0450,ho_ar_003,5
2024,마라0450,ho_ar_004,13
2024,마라0450,ho_ar_005,8
2024,마라0450,ho_ar_006,5
2024,마라0450,ho_ar_007,8
2024,마라0450,ho_ar_008,5
2024,마라0450,ho_gb_002,40
2024,마라0450,ho_gb_006,5
2024,마라0450,ho_yr_001,8
2024,마라0450,ho_yr_002,5
2024,마라0450,ho_yr_003,5
2024,마라0450,ho_yr_004,5
2024,마라0450,ho_yr_005,8
2024,마라0450,ho_yr_006,5
2024,마라0450,ho_yr_007,5
2024,마라0450,ho_yr_008,5
2024,마라0450,ho_yr_010,5
2024,마라0450,ho_yr_011,5
2024,마라0450,ho_yr_012,0
2024,마라0450,ho_yr_013,0
2024,마라0450,ho_yr_014,0
2024,마라0450,ho_yr_018,0
2024,마라0450,to_ho_001,38
2024,마라0451,ho_ar_002,0
2024,마라0451,ho_ar_003,86
2024,마라0451,ho_ar_004,206
2024,마라0451,ho_gb_002,5
2024,마라0451,ho_gb_003,292
2024,마라0451,ho_yr_001,0
2024,마라0451,ho_yr_004,257
2024,마라0451,ho_yr_014,35
2024,마라0451,to_ho_001,292
2024,마라0452,ho_ar_001,5
2024,마라0452,ho_ar_002,5
2024,마라0452,ho_ar_003,1230
2024,마라0452,ho_ar_004,2165
2024,마라0452,ho_ar_005,18
2024,마라0452,ho_ar_006,8
2024,마라0452,ho_ar_007,8
2024,마라0452,ho_ar_008,8
2024,마라0452,ho_ar_009,13
2024,마라0452,ho_gb_002,51
2024,마라0452,ho_gb_003,3383
2024,마라0452,ho_gb_005,8
2024,마라0452,ho_gb_006,8
2024,마라0452,ho_yr_001,5
2024,마라0452,ho_yr_002,8
2024,마라0452,ho_yr_003,18
2024,마라0452,ho_yr_004,1846
2024,마라0452,ho_yr_005,319
2024,마라0452,ho_yr_006,0
2024,마라0452,ho_yr_007,5
2024,마라0452,ho_yr_010,5
2024,마라0452,ho_yr_011,8
2024,마라0452,ho_yr_012,0
2024,마라0452,ho_yr_013,0
2024,마라0452,ho_yr_014,1240
2024,마라0452,ho_yr_016,5
2024,마라0452,to_ho_001,3442
2024,마라0453,ho_ar_002,5
2024,마라0453,ho_ar_003,5
2024,마라0453,ho_ar_004,1080
2024,마라0453,ho_ar_005,8
2024,마라0453,ho_ar_006,18
2024,마라0453,ho_ar_007,13
2024,마라0453,ho_ar_008,8
2024,마라0453,ho_ar_009,5
2024,마라0453,ho_gb_002,50
2024,마라0453,ho_gb_003,1004
2024,마라0453,ho_gb_004,68
2024,마라0453,ho_gb_005,8
2024,마라0453,ho_gb_006,5
2024,마라0453,ho_yr_001,8
2024,마라0453,ho_yr_002,5
2024,마라0453,ho_yr_003,8
2024,마라0453,ho_yr_004,13
2024,마라0453,ho_yr_005,5
2024,마라0453,ho_yr_007,5
2024,마라0453,ho_yr_008,5
2024,마라0453,ho_yr_009,76
2024,마라0453,ho_yr_010,5
2024,마라0453,ho_yr_011,8
2024,마라0453,ho_yr_012,0
2024,마라0453,ho_yr_013,916
2024,마라0453,ho_yr_014,88
2024,마라0453,ho_yr_015,0
2024,마라0453,to_ho_001,1130
2024,마라0454,ho_ar_007,14
2024,마라0454,ho_ar_008,5
2024,마라0454,ho_ar_009,5
2024,마라0454,ho_gb_002,17
2024,마라0454,ho_yr_007,5
2024,마라0454,ho_yr_014,8
2024,마라0454,to_ho_001,18
2024,마라0455,ho_ar_002,13
2024,마라0455,ho_ar_003,60
2024,마라0455,ho_ar_004,1884
2024,마라0455,ho_ar_005,28
2024,마라0455,ho_ar_006,670
2024,마라0455,ho_ar_007,223
2024,마라0455,ho_ar_008,13
2024,마라0455,ho_ar_009,79
2024,마라0455,ho_gb_001,23
2024,마라0455,ho_gb_002,201
2024,마라0455,ho_gb_003,2695
2024,마라0455,ho_gb_004,16
2024,마라0455,ho_gb_005,30
2024,마라0455,ho_gb_006,8
2024,마라0455,ho_yr_001,8
2024,마라0455,ho_yr_002,28
2024,마라0455,ho_yr_003,90
2024,마라0455,ho_yr_004,8
2024,마라0455,ho_yr_005,1990
2024,마라0455,ho_yr_006,8
2024,마라0455,ho_yr_007,13
2024,마라0455,ho_yr_008,731
2024,마라0455,ho_yr_009,18
2024,마라0455,ho_yr_010,18
2024,마라0455,ho_yr_011,13
2024,마라0455,ho_yr_012,12
2024,마라0455,ho_yr_013,8
2024,마라0455,ho_yr_014,15
2024,마라0455,ho_yr_016,5
2024,마라0455,ho_yr_017,5
2024,마라0455,ho_yr_019,5
2024,마라0455,to_ho_001,2962
2024,마라0456,ho_ar_002,8
2024,마라0456,ho_ar_003,376
2024,마라0456,ho_ar_004,900
2024,마라0456,ho_ar_005,18
2024,마라0456,ho_ar_006,16
2024,마라0456,ho_ar_007,13
2024,마라0456,ho_ar_008,8
2024,마라0456,ho_ar_009,20
2024,마라0456,ho_gb_001,7
2024,마라0456,ho_gb_002,87
2024,마라0456,ho_gb_003,1200
2024,마라0456,ho_gb_004,47
2024,마라0456,ho_gb_005,13
2024,마라0456,ho_gb_006,8
2024,마라0456,ho_yr_001,13
2024,마라0456,ho_yr_002,38
2024,마라0456,ho_yr_003,273
2024,마라0456,ho_yr_004,104
2024,마라0456,ho_yr_005,126
2024,마라0456,ho_yr_006,65
2024,마라0456,ho_yr_007,22
2024,마라0456,ho_yr_008,26
2024,마라0456,ho_yr_009,5
2024,마라0456,ho_yr_010,38
2024,마라0456,ho_yr_011,659
2024,마라0456,ho_yr_012,5
2024,마라0456,ho_yr_014,0
2024,마라0456,ho_yr_020,0
2024,마라0456,to_ho_001,1355
2024,마라0457,ho_ar_002,5
2024,마라0457,ho_ar_003,8
2024,마라0457,ho_ar_004,29
2024,마라0457,ho_ar_005,18
2024,마라0457,ho_ar_006,18
2024,마라0457,ho_ar_007,13
2024,마라0457,ho_ar_008,8
2024,마라0457,ho_ar_009,25
2024,마라0457,ho_gb_002,108
2024,마라0457,ho_gb_005,8
2024,마라0457,ho_gb_006,8
2024,마라0457,ho_yr_001,8
2024,마라0457,ho_yr_002,38
2024,마라0457,ho_yr_003,24
2024,마라0457,ho_yr_004,5
2024,마라0457,ho_yr_005,8
2024,마라0457,ho_yr_006,5
2024,마라0457,ho_yr_007,5
2024,마라0457,ho_yr_008,8
2024,마라0457,ho_yr_009,8
2024,마라0457,ho_yr_010,8
2024,마라0457,ho_yr_011,5
2024,마라0457,ho_yr_012,5
2024,마라0457,ho_yr_013,8
2024,마라0457,ho_yr_019,5
2024,마라0457,to_ho_001,119
2024,마라0458,ho_ar_001,0
2024,마라0458,ho_ar_002,9
2024,마라0458,ho_ar_003,8
2024,마라0458,ho_ar_004,39
2024,마라0458,ho_ar_005,28
2024,마라0458,ho_ar_006,23
2024,마라0458,ho_ar_007,28
2024,마라0458,ho_ar_008,18
2024,마라0458,ho_ar_009,18
2024,마라0458,ho_gb_001,16
2024,마라0458,ho_gb_002,145
2024,마라0458,ho_gb_005,8
2024,마라0458,ho_yr_001,13
2024,마라0458,ho_yr_002,33
2024,마라0458,ho_yr_003,39
2024,마라0458,ho_yr_004,8
2024,마라0458,ho_yr_005,13
2024,마라0458,ho_yr_006,5
2024,마라0458,ho_yr_007,5
2024,마라0458,ho_yr_008,13
2024,마라0458,ho_yr_009,14
2024,마라0458,ho_yr_010,8
2024,마라0458,ho_yr_011,8
2024,마라0458,ho_yr_012,15
2024,마라0458,ho_yr_014,5
2024,마라0458,ho_yr_015,0
2024,마라0458,ho_yr_018,5
2024,마라0458,ho_yr_020,0
2024,마라0458,to_ho_001,170
2024,마라0459,ho_ar_008,5
2024,마라0459,ho_gb_002,0
2024,마라0459,ho_gb_005,0
2024,마라0459,ho_yr_005,5
2024,마라0459,ho_yr_011,5
2024,마라0459,to_ho_001,8
2024,마라0460,ho_ar_002,5
2024,마라0460,ho_ar_003,8
2024,마라0460,ho_ar_004,5
2024,마라0460,ho_ar_005,8
2024,마라0460,ho_ar_006,8
2024,마라0460,ho_ar_007,8
2024,마라0460,ho_ar_008,5
2024,마라0460,ho_ar_009,0
2024,마라0460,ho_gb_001,5
2024,마라0460,ho_gb_002,28
2024,마라0460,ho_gb_005,0
2024,마라0460,ho_gb_006,5
2024,마라0460,ho_yr_001,8
2024,마라0460,ho_yr_002,5
2024,마라0460,ho_yr_003,0
2024,마라0460,ho_yr_005,0
2024,마라0460,ho_yr_006,0
2024,마라0460,ho_yr_007,5
2024,마라0460,ho_yr_008,5
2024,마라0460,ho_yr_009,0
2024,마라0460,ho_yr_011,5
2024,마라0460,ho_yr_012,8
2024,마라0460,ho_yr_013,5
2024,마라0460,ho_yr_015,5
2024,마라0460,to_ho_001,33
2024,마라0462,ho_ar_002,8
2024,마라0462,ho_ar_003,8
2024,마라0462,ho_ar_004,23
2024,마라0462,ho_ar_005,8
2024,마라0462,ho_ar_006,8
2024,마라0462,ho_ar_007,5
2024,마라0462,ho_ar_008,5
2024,마라0462,ho_gb_002,54
2024,마라0462,ho_gb_006,5
2024,마라0462,ho_yr_001,13
2024,마라0462,ho_yr_002,0
2024,마라0462,ho_yr_003,13
2024,마라0462,ho_yr_004,5
2024,마라0462,ho_yr_005,8
2024,마라0462,ho_yr_007,8
2024,마라0462,ho_yr_008,5
2024,마라0462,ho_yr_009,5
2024,마라0462,ho_yr_010,0
2024,마라0462,ho_yr_011,0
2024,마라0462,ho_yr_012,0
2024,마라0462,ho_yr_013,5
2024,마라0462,ho_yr_015,5
2024,마라0462,ho_yr_017,5
2024,마라0462,ho_yr_020,0
2024,마라0462,to_ho_001,53
2024,마라0463,ho_ar_002,5
2024,마라0463,ho_ar_003,5
2024,마라0463,ho_ar_004,13
2024,마라0463,ho_ar_005,8
2024,마라0463,ho_ar_006,5
2024,마라0463,ho_ar_007,5
2024,마라0463,ho_ar_008,0
2024,마라0463,ho_ar_009,5
2024,마라0463,ho_gb_002,23
2024,마라0463,ho_gb_005,5
2024,마라0463,ho_yr_001,5
2024,마라0463,ho_yr_002,8
2024,마라0463,ho_yr_003,5
2024,마라0463,ho_yr_004,8
2024,마라0463,ho_yr_005,5
2024,마라0463,ho_yr_010,5
2024,마라0463,ho_yr_012,0
2024,마라0463,ho_yr_014,0
2024,마라0463,to_ho_001,28
2024,마라0464,ho_ar_002,5
2024,마라0464,ho_ar_003,8
2024,마라0464,ho_ar_004,5
2024,마라0464,ho_ar_005,5
2024,마라0464,ho_ar_006,5
2024,마라0464,ho_ar_007,5
2024,마라0464,ho_ar_008,5
2024,마라0464,ho_ar_009,0
2024,마라0464,ho_gb_002,17
2024,마라0464,ho_gb_005,5
2024,마라0464,ho_gb_006,0
2024,마라0464,ho_yr_001,5
2024,마라0464,ho_yr_002,5
2024,마라0464,ho_yr_003,5
2024,마라0464,ho_yr_004,5
2024,마라0464,ho_yr_005,5
2024,마라0464,ho_yr_006,0
2024,마라0464,ho_yr_007,0
2024,마라0464,ho_yr_010,0
2024,마라0464,ho_yr_011,5
2024,마라0464,ho_yr_013,5
2024,마라0464,to_ho_001,18
2024,마라0465,ho_ar_002,5
2024,마라0465,ho_ar_003,8
2024,마라0465,ho_ar_004,18
2024,마라0465,ho_ar_005,8
2024,마라0465,ho_ar_006,13
2024,마라0465,ho_ar_007,5
2024,마라0465,ho_ar_008,8
2024,마라0465,ho_ar_009,0
2024,마라0465,ho_gb_002,54
2024,마라0465,ho_gb_005,5
2024,마라0465,ho_yr_001,8
2024,마라0465,ho_yr_002,8
2024,마라0465,ho_yr_003,13
2024,마라0465,ho_yr_004,14
2024,마라0465,ho_yr_005,5
2024,마라0465,ho_yr_006,0
2024,마라0465,ho_yr_007,0
2024,마라0465,ho_yr_008,5
2024,마라0465,ho_yr_009,8
2024,마라0465,ho_yr_010,0
2024,마라0465,ho_yr_011,5
2024,마라0465,ho_yr_012,5
2024,마라0465,ho_yr_013,5
2024,마라0465,ho_yr_018,0
2024,마라0465,to_ho_001,59
2024,마라0466,ho_ar_001,6
2024,마라0466,ho_ar_002,5
2024,마라0466,ho_ar_003,8
2024,마라0466,ho_ar_004,5
2024,마라0466,ho_ar_005,8
2024,마라0466,ho_ar_006,8
2024,마라0466,ho_ar_007,5
2024,마라0466,ho_ar_008,8
2024,마라0466,ho_gb_002,49
2024,마라0466,ho_yr_001,8
2024,마라0466,ho_yr_002,5
2024,마라0466,ho_yr_003,5
2024,마라0466,ho_yr_004,5
2024,마라0466,ho_yr_007,0
2024,마라0466,ho_yr_010,0
2024,마라0466,ho_yr_011,0
2024,마라0466,ho_yr_012,5
2024,마라0466,ho_yr_014,5
2024,마라0466,ho_yr_015,5
2024,마라0466,ho_yr_016,0
2024,마라0466,ho_yr_017,5
2024,마라0466,ho_yr_018,7
2024,마라0466,ho_yr_019,0
2024,마라0466,to_ho_001,50
2024,마라0467,ho_ar_001,0
2024,마라0467,ho_ar_002,0
2024,마라0467,ho_ar_003,5
2024,마라0467,ho_ar_004,8
2024,마라0467,ho_ar_005,5
2024,마라0467,ho_ar_006,5
2024,마라0467,ho_ar_007,0
2024,마라0467,ho_ar_008,5
2024,마라0467,ho_ar_009,5
2024,마라0467,ho_gb_002,23
2024,마라0467,ho_gb_006,5
2024,마라0467,ho_yr_001,5
2024,마라0467,ho_yr_002,0
2024,마라0467,ho_yr_003,0
2024,마라0467,ho_yr_004,5
2024,마라0467,ho_yr_005,5
2024,마라0467,ho_yr_009,0
2024,마라0467,ho_yr_010,0
2024,마라0467,ho_yr_011,0
2024,마라0467,ho_yr_012,5
2024,마라0467,ho_yr_014,0
2024,마라0467,ho_yr_015,5
2024,마라0467,ho_yr_016,0
2024,마라0467,ho_yr_017,0
2024,마라0467,ho_yr_020,5
2024,마라0467,to_ho_001,23
2024,마라0468,ho_ar_002,5
2024,마라0468,ho_ar_003,8
2024,마라0468,ho_ar_004,8
2024,마라0468,ho_ar_005,8
2024,마라0468,ho_ar_006,5
2024,마라0468,ho_ar_007,8
2024,마라0468,ho_ar_008,5
2024,마라0468,ho_ar_009,5
2024,마라0468,ho_gb_002,43
2024,마라0468,ho_yr_001,8
2024,마라0468,ho_yr_002,0
2024,마라0468,ho_yr_003,8
2024,마라0468,ho_yr_004,8
2024,마라0468,ho_yr_005,8
2024,마라0468,ho_yr_006,0
2024,마라0468,ho_yr_008,5
2024,마라0468,ho_yr_009,5
2024,마라0468,ho_yr_012,5
2024,마라0468,ho_yr_014,5
2024,마라0468,ho_yr_018,5
2024,마라0468,to_ho_001,43
2024,마라0469,ho_ar_002,5
2024,마라0469,ho_ar_003,5
2024,마라0469,ho_ar_004,8
2024,마라0469,ho_ar_005,0
2024,마라0469,ho_ar_007,5
2024,마라0469,ho_ar_008,5
2024,마라0469,ho_ar_009,5
2024,마라0469,ho_gb_002,18
2024,마라0469,ho_gb_005,0
2024,마라0469,ho_gb_006,5
2024,마라0469,ho_yr_001,5
2024,마라0469,ho_yr_002,0
2024,마라0469,ho_yr_003,5
2024,마라0469,ho_yr_004,5
2024,마라0469,ho_yr_005,0
2024,마라0469,ho_yr_007,0
2024,마라0469,ho_yr_008,0
2024,마라0469,ho_yr_009,0
2024,마라0469,ho_yr_012,0
2024,마라0469,ho_yr_013,8
2024,마라0469,ho_yr_017,0
2024,마라0469,ho_yr_018,0
2024,마라0469,to_ho_001,18
2024,마라0484,ho_ar_004,53
2024,마라0484,ho_gb_003,53
2024,마라0484,ho_gb_006,5
2024,마라0484,ho_yr_005,5
2024,마라0484,ho_yr_006,50
2024,마라0484,to_ho_001,55
2024,마라0487,ho_ar_001,0
2024,마라0487,ho_ar_002,5
2024,마라0487,ho_ar_003,0
2024,마라0487,ho_ar_006,5
2024,마라0487,ho_gb_002,8
2024,마라0487,ho_yr_001,8
2024,마라0487,ho_yr_004,0
2024,마라0487,ho_yr_005,0
2024,마라0487,to_ho_001,8
2024,마라0488,ho_ar_004,0
2024,마라0488,ho_gb_002,0
2024,마라0488,ho_yr_002,0
2024,마라0488,to_ho_001,0
2024,마라0490,ho_ar_002,0
2024,마라0490,ho_gb_002,0
2024,마라0490,ho_gb_006,13
2024,마라0490,ho_yr_003,0
2024,마라0490,to_ho_001,0
2024,마라0491,ho_ar_001,5
2024,마라0491,ho_ar_003,0
2024,마라0491,ho_ar_004,5
2024,마라0491,ho_ar_008,0
2024,마라0491,ho_ar_009,5
2024,마라0491,ho_gb_005,8
2024,마라0491,ho_gb_006,28
2024,마라0491,ho_yr_004,8
2024,마라0491,ho_yr_005,5
2024,마라0491,ho_yr_006,0
2024,마라0491,to_ho_001,8
2024,마라0492,ho_ar_004,145
2024,마라0492,ho_ar_007,85
2024,마라0492,ho_gb_003,230
2024,마라0492,ho_yr_003,230
2024,마라0492,to_ho_001,230
2024,마라0493,ho_ar_003,1044
2024,마라0493,ho_ar_004,1185
2024,마라0493,ho_ar_005,5
2024,마라0493,ho_ar_006,61
2024,마라0493,ho_ar_007,62
2024,마라0493,ho_ar_008,33
2024,마라0493,ho_ar_009,109
2024,마라0493,ho_gb_002,156
2024,마라0493,ho_gb_003,2334
2024,마라0493,ho_gb_005,13
2024,마라0493,ho_gb_006,33
2024,마라0493,ho_yr_003,211
2024,마라0493,ho_yr_004,30
2024,마라0493,ho_yr_005,18
2024,마라0493,ho_yr_006,8
2024,마라0493,ho_yr_007,5
2024,마라0493,ho_yr_010,5
2024,마라0493,ho_yr_014,1525
2024,마라0493,ho_yr_018,0
2024,마라0493,ho_yr_020,704
2024,마라0493,to_ho_001,2497
2024,마라0494,ho_ar_001,0
2024,마라0494,ho_ar_003,5
2024,마라0494,ho_ar_004,8
2024,마라0494,ho_ar_005,18
2024,마라0494,ho_ar_006,38
2024,마라0494,ho_ar_007,86
2024,마라0494,ho_ar_008,288
2024,마라0494,ho_ar_009,106
2024,마라0494,ho_gb_001,0
2024,마라0494,ho_gb_002,518
2024,마라0494,ho_gb_005,24
2024,마라0494,ho_gb_006,1160
2024,마라0494,ho_yr_002,237
2024,마라0494,ho_yr_003,198
2024,마라0494,ho_yr_004,48
2024,마라0494,ho_yr_005,13
2024,마라0494,ho_yr_006,5
2024,마라0494,ho_yr_007,8
2024,마라0494,ho_yr_008,8
2024,마라0494,ho_yr_009,5
2024,마라0494,ho_yr_010,5
2024,마라0494,ho_yr_011,5
2024,마라0494,ho_yr_012,5
2024,마라0494,ho_yr_013,5
2024,마라0494,ho_yr_014,5
2024,마라0494,ho_yr_015,0
2024,마라0494,ho_yr_016,5
2024,마라0494,ho_yr_019,0
2024,마라0494,ho_yr_020,5
2024,마라0494,to_ho_001,542
2024,마라0495,ho_ar_002,5
2024,마라0495,ho_ar_003,5
2024,마라0495,ho_ar_004,18
2024,마라0495,ho_ar_005,38
2024,마라0495,ho_ar_006,515
2024,마라0495,ho_ar_007,496
2024,마라0495,ho_ar_008,1154
2024,마라0495,ho_ar_009,314
2024,마라0495,ho_gb_002,1599
2024,마라0495,ho_gb_003,913
2024,마라0495,ho_gb_005,28
2024,마라0495,ho_gb_006,8
2024,마라0495,ho_yr_002,773
2024,마라0495,ho_yr_003,582
2024,마라0495,ho_yr_004,88
2024,마라0495,ho_yr_005,29
2024,마라0495,ho_yr_006,536
2024,마라0495,ho_yr_007,413
2024,마라0495,ho_yr_008,23
2024,마라0495,ho_yr_009,28
2024,마라0495,ho_yr_010,23
2024,마라0495,ho_yr_011,18
2024,마라0495,ho_yr_012,23
2024,마라0495,ho_yr_013,8
2024,마라0495,ho_yr_014,5
2024,마라0495,ho_yr_015,0
2024,마라0495,ho_yr_016,0
2024,마라0495,ho_yr_019,0
2024,마라0495,to_ho_001,2541
2024,마라0496,ho_ar_003,133
2024,마라0496,ho_ar_007,58
2024,마라0496,ho_gb_003,191
2024,마라0496,ho_gb_006,8
2024,마라0496,ho_yr_006,58
2024,마라0496,ho_yr_020,133
2024,마라0496,to_ho_001,191
2024,마라0497,ho_gb_006,0
2024,마라0498,ho_ar_002,5
2024,마라0498,ho_ar_003,8
2024,마라0498,ho_ar_004,12
2024,마라0498,ho_ar_005,8
2024,마라0498,ho_gb_002,31
2024,마라0498,ho_gb_006,5
2024,마라0498,ho_yr_001,15
2024,마라0498,ho_yr_002,0
2024,마라0498,ho_yr_003,8
2024,마라0498,ho_yr_004,0
2024,마라0498,ho_yr_007,5
2024,마라0498,ho_yr_008,0
2024,마라0498,ho_yr_010,5
2024,마라0498,ho_yr_011,0
2024,마라0498,ho_yr_014,0
2024,마라0498,ho_yr_015,5
2024,마라0498,to_ho_001,35
2024,마라0538,ho_ar_008,5
2024,마라0538,ho_gb_002,5
2024,마라0538,ho_yr_004,0
2024,마라0538,ho_yr_005,0
2024,마라0538,to_ho_001,5
2024,마라0539,ho_ar_002,0
2024,마라0539,ho_ar_003,5
2024,마라0539,ho_ar_004,5
2024,마라0539,ho_ar_008,5
2024,마라0539,ho_gb_002,11
2024,마라0539,ho_gb_005,0
2024,마라0539,ho_gb_006,5
2024,마라0539,ho_yr_001,5
2024,마라0539,ho_yr_003,5
2024,마라0539,ho_yr_004,5
2024,마라0539,ho_yr_005,5
2024,마라0539,ho_yr_017,5
2024,마라0539,to_ho_001,13
2024,마라0543,ho_ar_002,0
2024,마라0543,ho_ar_003,5
2024,마라0543,ho_ar_004,8
2024,마라0543,ho_ar_005,5
2024,마라0543,ho_ar_007,8
2024,마라0543,ho_ar_008,18
2024,마라0543,ho_ar_009,0
2024,마라0543,ho_gb_002,42
2024,마라0543,ho_gb_006,5
2024,마라0543,ho_yr_001,5
2024,마라0543,ho_yr_002,5
2024,마라0543,ho_yr_003,5
2024,마라0543,ho_yr_004,5
2024,마라0543,ho_yr_005,8
2024,마라0543,ho_yr_006,5
2024,마라0543,ho_yr_007,5
2024,마라0543,ho_yr_008,5
2024,마라0543,ho_yr_010,5
2024,마라0543,ho_yr_013,5
2024,마라0543,ho_yr_014,8
2024,마라0543,ho_yr_016,0
2024,마라0543,ho_yr_017,0
2024,마라0543,ho_yr_020,5
2024,마라0543,to_ho_001,43
2024,마라0548,ho_gb_006,0
2024,마라0549,ho_ar_002,5
2024,마라0549,ho_ar_003,5
2024,마라0549,ho_ar_004,5
2024,마라0549,ho_ar_006,0
2024,마라0549,ho_ar_008,5
2024,마라0549,ho_gb_002,8
2024,마라0549,ho_yr_001,5
2024,마라0549,ho_yr_002,0
2024,마라0549,ho_yr_003,0
2024,마라0549,ho_yr_004,0
2024,마라0549,ho_yr_005,0
2024,마라0549,ho_yr_008,0
2024,마라0549,ho_yr_019,0
2024,마라0549,to_ho_001,8
2024,마라0550,ho_ar_001,0
2024,마라0550,ho_ar_002,5
2024,마라0550,ho_ar_003,8
2024,마라0550,ho_ar_004,13
2024,마라0550,ho_ar_005,5
2024,마라0550,ho_ar_006,8
2024,마라0550,ho_ar_007,0
2024,마라0550,ho_ar_008,5
2024,마라0550,ho_gb_002,35
2024,마라0550,ho_yr_001,8
2024,마라0550,ho_yr_002,8
2024,마라0550,ho_yr_003,8
2024,마라0550,ho_yr_004,0
2024,마라0550,ho_yr_005,5
2024,마라0550,ho_yr_008,5
2024,마라0550,ho_yr_009,0
2024,마라0550,ho_yr_011,5
2024,마라0550,ho_yr_017,0
2024,마라0550,to_ho_001,38
2024,마라0551,ho_ar_002,5
2024,마라0551,ho_ar_003,5
2024,마라0551,ho_ar_004,5
2024,마라0551,ho_ar_005,5
2024,마라0551,ho_ar_006,0
2024,마라0551,ho_ar_007,0
2024,마라0551,ho_ar_008,8
2024,마라0551,ho_ar_009,0
2024,마라0551,ho_gb_002,18
2024,마라0551,ho_gb_005,0
2024,마라0551,ho_gb_006,5
2024,마라0551,ho_yr_001,0
2024,마라0551,ho_yr_002,8
2024,마라0551,ho_yr_003,0
2024,마라0551,ho_yr_004,5
2024,마라0551,ho_yr_005,5
2024,마라0551,ho_yr_011,0
2024,마라0551,ho_yr_013,8
2024,마라0551,ho_yr_015,5
2024,마라0551,ho_yr_016,5
2024,마라0551,ho_yr_019,5
2024,마라0551,to_ho_001,18
2024,마라0552,ho_ar_001,5
2024,마라0552,ho_ar_002,193
2024,마라0552,ho_ar_003,367
2024,마라0552,ho_ar_004,388
2024,마라0552,ho_ar_005,13
2024,마라0552,ho_ar_006,33
2024,마라0552,ho_ar_007,48
2024,마라0552,ho_ar_008,33
2024,마라0552,ho_ar_009,13
2024,마라0552,ho_gb_001,0
2024,마라0552,ho_gb_002,155
2024,마라0552,ho_gb_003,925
2024,마라0552,ho_gb_005,5
2024,마라0552,ho_gb_006,8
2024,마라0552,ho_yr_001,5
2024,마라0552,ho_yr_003,13
2024,마라0552,ho_yr_004,8
2024,마라0552,ho_yr_005,23
2024,마라0552,ho_yr_006,23
2024,마라0552,ho_yr_007,8
2024,마라0552,ho_yr_008,8
2024,마라0552,ho_yr_009,8
2024,마라0552,ho_yr_010,13
2024,마라0552,ho_yr_011,13
2024,마라0552,ho_yr_012,8
2024,마라0552,ho_yr_013,8
2024,마라0552,ho_yr_014,396
2024,마라0552,ho_yr_015,555
2024,마라0552,ho_yr_016,5
2024,마라0552,ho_yr_018,5
2024,마라0552,ho_yr_019,0
2024,마라0552,to_ho_001,1086
2024,마라0553,ho_ar_002,0
2024,마라0553,ho_ar_003,0
2024,마라0553,ho_ar_004,686
2024,마라0553,ho_ar_005,8
2024,마라0553,ho_ar_006,77
2024,마라0553,ho_ar_007,18
2024,마라0553,ho_ar_008,8
2024,마라0553,ho_ar_009,5
2024,마라0553,ho_gb_002,50
2024,마라0553,ho_gb_003,742
2024,마라0553,ho_gb_005,5
2024,마라0553,ho_gb_006,5
2024,마라0553,ho_yr_001,5
2024,마라0553,ho_yr_002,5
2024,마라0553,ho_yr_003,8
2024,마라0553,ho_yr_004,8
2024,마라0553,ho_yr_005,13
2024,마라0553,ho_yr_006,5
2024,마라0553,ho_yr_007,0
2024,마라0553,ho_yr_008,8
2024,마라0553,ho_yr_009,5
2024,마라0553,ho_yr_011,0
2024,마라0553,ho_yr_012,5
2024,마라0553,ho_yr_014,742
2024,마라0553,to_ho_001,800
2024,마라0554,ho_ar_001,0
2024,마라0554,ho_ar_002,0
2024,마라0554,ho_ar_003,13
2024,마라0554,ho_ar_004,24
2024,마라0554,ho_ar_005,8
2024,마라0554,ho_ar_006,8
2024,마라0554,ho_ar_007,8
2024,마라0554,ho_ar_008,8
2024,마라0554,ho_gb_001,6
2024,마라0554,ho_gb_002,47
2024,마라0554,ho_gb_004,18
2024,마라0554,ho_gb_005,5
2024,마라0554,ho_gb_006,8
2024,마라0554,ho_yr_001,5
2024,마라0554,ho_yr_002,8
2024,마라0554,ho_yr_003,8
2024,마라0554,ho_yr_004,5
2024,마라0554,ho_yr_005,8
2024,마라0554,ho_yr_006,5
2024,마라0554,ho_yr_007,5
2024,마라0554,ho_yr_008,5
2024,마라0554,ho_yr_009,5
2024,마라0554,ho_yr_010,18
2024,마라0554,ho_yr_011,0
2024,마라0554,ho_yr_012,5
2024,마라0554,ho_yr_013,11
2024,마라0554,ho_yr_015,0
2024,마라0554,to_ho_001,72
2024,마라0555,ho_ar_002,5
2024,마라0555,ho_ar_003,8
2024,마라0555,ho_ar_004,47
2024,마라0555,ho_ar_005,18
2024,마라0555,ho_ar_006,13
2024,마라0555,ho_ar_007,13
2024,마라0555,ho_ar_008,18
2024,마라0555,ho_ar_009,8
2024,마라0555,ho_gb_001,8
2024,마라0555,ho_gb_002,89
2024,마라0555,ho_gb_004,19
2024,마라0555,ho_gb_005,8
2024,마라0555,ho_gb_006,5
2024,마라0555,ho_yr_001,8
2024,마라0555,ho_yr_002,13
2024,마라0555,ho_yr_003,18
2024,마라0555,ho_yr_004,8
2024,마라0555,ho_yr_005,8
2024,마라0555,ho_yr_006,5
2024,마라0555,ho_yr_007,29
2024,마라0555,ho_yr_008,14
2024,마라0555,ho_yr_009,8
2024,마라0555,ho_yr_010,0
2024,마라0555,ho_yr_011,8
2024,마라0555,ho_yr_012,8
2024,마라0555,ho_yr_013,8
2024,마라0555,ho_yr_014,0
2024,마라0555,ho_yr_015,5
2024,마라0555,ho_yr_016,0
2024,마라0555,ho_yr_019,0
2024,마라0555,to_ho_001,120
2024,마라0556,ho_ar_004,5
2024,마라0556,ho_ar_005,5
2024,마라0556,ho_ar_006,8
2024,마라0556,ho_ar_007,28
2024,마라0556,ho_ar_008,5
2024,마라0556,ho_ar_009,0
2024,마라0556,ho_gb_002,43
2024,마라0556,ho_yr_005,5
2024,마라0556,ho_yr_006,5
2024,마라0556,ho_yr_007,12
2024,마라0556,ho_yr_008,8
2024,마라0556,ho_yr_009,5
2024,마라0556,ho_yr_011,5
2024,마라0556,ho_yr_013,0
2024,마라0556,ho_yr_014,0
2024,마라0556,ho_yr_018,5
2024,마라0556,ho_yr_019,0
2024,마라0556,to_ho_001,40
2024,마라0557,ho_ar_002,8
2024,마라0557,ho_ar_003,8
2024,마라0557,ho_ar_004,5
2024,마라0557,ho_ar_005,13
2024,마라0557,ho_ar_006,8
2024,마라0557,ho_ar_007,8
2024,마라0557,ho_ar_008,5
2024,마라0557,ho_ar_009,5
2024,마라0557,ho_gb_002,49
2024,마라0557,ho_yr_001,5
2024,마라0557,ho_yr_002,13
2024,마라0557,ho_yr_003,8
2024,마라0557,ho_yr_004,8
2024,마라0557,ho_yr_005,13
2024,마라0557,ho_yr_006,5
2024,마라0557,ho_yr_007,0
2024,마라0557,ho_yr_010,0
2024,마라0557,ho_yr_011,5
2024,마라0557,ho_yr_012,5
2024,마라0557,ho_yr_013,0
2024,마라0557,to_ho_001,48
2024,마라0558,ho_ar_002,5
2024,마라0558,ho_ar_003,100
2024,마라0558,ho_ar_004,425
2024,마라0558,ho_ar_005,28
2024,마라0558,ho_ar_006,23
2024,마라0558,ho_ar_007,23
2024,마라0558,ho_ar_008,13
2024,마라0558,ho_ar_009,35
2024,마라0558,ho_gb_001,13
2024,마라0558,ho_gb_002,133
2024,마라0558,ho_gb_003,419
2024,마라0558,ho_gb_004,73
2024,마라0558,ho_gb_005,8
2024,마라0558,ho_gb_006,58
2024,마라0558,ho_yr_001,19
2024,마라0558,ho_yr_002,90
2024,마라0558,ho_yr_003,44
2024,마라0558,ho_yr_004,16
2024,마라0558,ho_yr_005,224
2024,마라0558,ho_yr_006,5
2024,마라0558,ho_yr_007,5
2024,마라0558,ho_yr_008,5
2024,마라0558,ho_yr_009,8
2024,마라0558,ho_yr_010,30
2024,마라0558,ho_yr_011,8
2024,마라0558,ho_yr_012,0
2024,마라0558,ho_yr_013,8
2024,마라0558,ho_yr_014,190
2024,마라0558,ho_yr_016,0
2024,마라0558,to_ho_001,649
2024,마라0559,ho_ar_002,0
2024,마라0559,ho_ar_003,5
2024,마라0559,ho_ar_004,8
2024,마라0559,ho_ar_005,8
2024,마라0559,ho_ar_006,8
2024,마라0559,ho_ar_007,13
2024,마라0559,ho_ar_008,8
2024,마라0559,ho_ar_009,5
2024,마라0559,ho_gb_002,51
2024,마라0559,ho_gb_005,0
2024,마라0559,ho_gb_006,5
2024,마라0559,ho_yr_001,8
2024,마라0559,ho_yr_002,8
2024,마라0559,ho_yr_003,8
2024,마라0559,ho_yr_004,5
2024,마라0559,ho_yr_008,5
2024,마라0559,ho_yr_009,8
2024,마라0559,ho_yr_010,8
2024,마라0559,ho_yr_011,8
2024,마라0559,ho_yr_012,5
2024,마라0559,ho_yr_014,0
2024,마라0559,ho_yr_017,0
2024,마라0559,ho_yr_020,0
2024,마라0559,to_ho_001,53
2024,마라0560,ho_ar_002,5
2024,마라0560,ho_ar_003,13
2024,마라0560,ho_ar_004,28
2024,마라0560,ho_ar_005,13
2024,마라0560,ho_ar_006,8
2024,마라0560,ho_ar_007,8
2024,마라0560,ho_ar_008,5
2024,마라0560,ho_gb_002,73
2024,마라0560,ho_gb_005,5
2024,마라0560,ho_gb_006,5
2024,마라0560,ho_yr_001,8
2024,마라0560,ho_yr_002,18
2024,마라0560,ho_yr_003,28
2024,마라0560,ho_yr_004,5
2024,마라0560,ho_yr_005,5
2024,마라0560,ho_yr_007,5
2024,마라0560,ho_yr_008,8
2024,마라0560,ho_yr_009,0
2024,마라0560,ho_yr_011,5
2024,마라0560,ho_yr_012,5
2024,마라0560,ho_yr_013,0
2024,마라0560,to_ho_001,73
2024,마라0561,ho_ar_002,5
2024,마라0561,ho_ar_003,5
2024,마라0561,ho_ar_004,13
2024,마라0561,ho_ar_005,5
2024,마라0561,ho_ar_006,8
2024,마라0561,ho_ar_007,8
2024,마라0561,ho_ar_008,5
2024,마라0561,ho_ar_009,5
2024,마라0561,ho_gb_002,35
2024,마라0561,ho_gb_005,5
2024,마라0561,ho_gb_006,5
2024,마라0561,ho_yr_001,5
2024,마라0561,ho_yr_003,8
2024,마라0561,ho_yr_004,8
2024,마라0561,ho_yr_005,0
2024,마라0561,ho_yr_007,0
2024,마라0561,ho_yr_008,5
2024,마라0561,ho_yr_010,5
2024,마라0561,ho_yr_011,8
2024,마라0561,ho_yr_012,0
2024,마라0561,ho_yr_014,0
2024,마라0561,to_ho_001,38
2024,마라0562,ho_ar_002,8
2024,마라0562,ho_ar_003,39
2024,마라0562,ho_ar_004,65
2024,마라0562,ho_ar_005,38
2024,마라0562,ho_ar_006,33
2024,마라0562,ho_ar_007,28
2024,마라0562,ho_ar_008,13
2024,마라0562,ho_ar_009,13
2024,마라0562,ho_gb_001,8
2024,마라0562,ho_gb_002,214
2024,마라0562,ho_gb_004,19
2024,마라0562,ho_gb_005,5
2024,마라0562,ho_gb_006,5
2024,마라0562,ho_yr_001,28
2024,마라0562,ho_yr_002,50
2024,마라0562,ho_yr_003,77
2024,마라0562,ho_yr_004,21
2024,마라0562,ho_yr_005,23
2024,마라0562,ho_yr_006,8
2024,마라0562,ho_yr_007,8
2024,마라0562,ho_yr_008,8
2024,마라0562,ho_yr_009,5
2024,마라0562,ho_yr_010,8
2024,마라0562,ho_yr_011,13
2024,마라0562,ho_yr_012,5
2024,마라0562,ho_yr_013,0
2024,마라0562,ho_yr_014,5
2024,마라0562,ho_yr_015,0
2024,마라0562,ho_yr_017,0
2024,마라0562,ho_yr_019,5
2024,마라0562,to_ho_001,242
2024,마라0563,ho_ar_002,8
2024,마라0563,ho_ar_003,404
2024,마라0563,ho_ar_004,44
2024,마라0563,ho_ar_005,18
2024,마라0563,ho_ar_006,13
2024,마라0563,ho_ar_007,13
2024,마라0563,ho_ar_008,5
2024,마라0563,ho_ar_009,5
2024,마라0563,ho_gb_001,6
2024,마라0563,ho_gb_002,99
2024,마라0563,ho_gb_003,300
2024,마라0563,ho_gb_004,105
2024,마라0563,ho_gb_005,5
2024,마라0563,ho_gb_006,5
2024,마라0563,ho_yr_001,24
2024,마라0563,ho_yr_002,112
2024,마라0563,ho_yr_003,94
2024,마라0563,ho_yr_004,8
2024,마라0563,ho_yr_005,8
2024,마라0563,ho_yr_006,5
2024,마라0563,ho_yr_007,5
2024,마라0563,ho_yr_008,8
2024,마라0563,ho_yr_010,5
2024,마라0563,ho_yr_011,241
2024,마라0563,ho_yr_012,5
2024,마라0563,ho_yr_014,5
2024,마라0563,ho_yr_016,5
2024,마라0563,ho_yr_017,0
2024,마라0563,ho_yr_018,0
2024,마라0563,ho_yr_019,5
2024,마라0563,to_ho_001,515
2024,마라0564,ho_ar_001,0
2024,마라0564,ho_ar_002,5
2024,마라0564,ho_ar_003,5
2024,마라0564,ho_ar_004,8
2024,마라0564,ho_ar_005,8
2024,마라0564,ho_ar_006,8
2024,마라0564,ho_ar_007,5
2024,마라0564,ho_ar_008,0
2024,마라0564,ho_ar_009,0
2024,마라0564,ho_gb_002,40
2024,마라0564,ho_gb_005,0
2024,마라0564,ho_yr_001,8
2024,마라0564,ho_yr_002,5
2024,마라0564,ho_yr_003,13
2024,마라0564,ho_yr_004,8
2024,마라0564,ho_yr_005,5
2024,마라0564,ho_yr_008,5
2024,마라0564,ho_yr_009,5
2024,마라0564,ho_yr_010,8
2024,마라0564,to_ho_001,43
2024,마라0565,ho_ar_002,0
2024,마라0565,ho_ar_003,5
2024,마라0565,ho_ar_004,8
2024,마라0565,ho_ar_005,8
2024,마라0565,ho_ar_006,5
2024,마라0565,ho_ar_007,5
2024,마라0565,ho_ar_008,8
2024,마라0565,ho_ar_009,0
2024,마라0565,ho_gb_002,28
2024,마라0565,ho_gb_005,0
2024,마라0565,ho_gb_006,5
2024,마라0565,ho_yr_001,5
2024,마라0565,ho_yr_002,5
2024,마라0565,ho_yr_003,8
2024,마라0565,ho_yr_004,0
2024,마라0565,ho_yr_005,5
2024,마라0565,ho_yr_007,5
2024,마라0565,ho_yr_008,0
2024,마라0565,ho_yr_010,0
2024,마라0565,ho_yr_011,0
2024,마라0565,ho_yr_013,5
2024,마라0565,ho_yr_020,0
2024,마라0565,to_ho_001,28
2024,마라0568,ho_ar_002,11
2024,마라0568,ho_ar_004,0
2024,마라0568,ho_ar_008,8
2024,마라0568,ho_ar_009,0
2024,마라0568,ho_gb_002,14
2024,마라0568,ho_yr_006,5
2024,마라0568,ho_yr_014,5
2024,마라0568,ho_yr_015,0
2024,마라0568,ho_yr_016,5
2024,마라0568,ho_yr_018,11
2024,마라0568,to_ho_001,14
2024,마라0569,ho_ar_001,0
2024,마라0569,ho_ar_002,5
2024,마라0569,ho_ar_003,5
2024,마라0569,ho_ar_008,0
2024,마라0569,ho_gb_002,8
2024,마라0569,ho_yr_014,0
2024,마라0569,ho_yr_017,5
2024,마라0569,ho_yr_020,0
2024,마라0569,to_ho_001,8
2024,마라0583,ho_ar_001,0
2024,마라0583,ho_ar_002,19
2024,마라0583,ho_ar_003,118
2024,마라0583,ho_ar_004,373
2024,마라0583,ho_ar_005,13
2024,마라0583,ho_ar_006,43
2024,마라0583,ho_ar_007,13
2024,마라0583,ho_ar_008,13
2024,마라0583,ho_ar_009,8
2024,마라0583,ho_gb_001,37
2024,마라0583,ho_gb_002,149
2024,마라0583,ho_gb_003,405
2024,마라0583,ho_gb_005,8
2024,마라0583,ho_gb_006,16
2024,마라0583,ho_yr_001,85
2024,마라0583,ho_yr_002,24
2024,마라0583,ho_yr_003,200
2024,마라0583,ho_yr_004,39
2024,마라0583,ho_yr_005,0
2024,마라0583,ho_yr_006,195
2024,마라0583,ho_yr_007,0
2024,마라0583,ho_yr_008,5
2024,마라0583,ho_yr_009,5
2024,마라0583,ho_yr_010,12
2024,마라0583,ho_yr_012,18
2024,마라0583,ho_yr_015,5
2024,마라0583,ho_yr_018,23
2024,마라0583,to_ho_001,600
2024,마라0584,ho_ar_001,8
2024,마라0584,ho_ar_002,146
2024,마라0584,ho_ar_003,825
2024,마라0584,ho_ar_004,1663
2024,마라0584,ho_ar_005,118
2024,마라0584,ho_ar_006,229
2024,마라0584,ho_ar_007,108
2024,마라0584,ho_ar_008,79
2024,마라0584,ho_ar_009,54
2024,마라0584,ho_gb_001,87
2024,마라0584,ho_gb_002,814
2024,마라0584,ho_gb_003,2107
2024,마라0584,ho_gb_004,117
2024,마라0584,ho_gb_005,112
2024,마라0584,ho_gb_006,175
2024,마라0584,ho_yr_001,503
2024,마라0584,ho_yr_002,200
2024,마라0584,ho_yr_003,535
2024,마라0584,ho_yr_004,283
2024,마라0584,ho_yr_005,291
2024,마라0584,ho_yr_006,745
2024,마라0584,ho_yr_007,8
2024,마라0584,ho_yr_008,43
2024,마라0584,ho_yr_009,225
2024,마라0584,ho_yr_010,172
2024,마라0584,ho_yr_011,66
2024,마라0584,ho_yr_012,21
2024,마라0584,ho_yr_013,61
2024,마라0584,ho_yr_014,36
2024,마라0584,ho_yr_015,5
2024,마라0584,ho_yr_016,47
2024,마라0584,ho_yr_017,5
2024,마라0584,ho_yr_018,0
2024,마라0584,ho_yr_020,0
2024,마라0584,to_ho_001,3231
2024,마라0585,ho_ar_001,5
2024,마라0585,ho_ar_002,94
2024,마라0585,ho_ar_003,338
2024,마라0585,ho_ar_004,667
2024,마라0585,ho_ar_005,161
2024,마라0585,ho_ar_006,291
2024,마라0585,ho_ar_007,203
2024,마라0585,ho_ar_008,134
2024,마라0585,ho_ar_009,55
2024,마라0585,ho_gb_001,222
2024,마라0585,ho_gb_002,1267
2024,마라0585,ho_gb_003,278
2024,마라0585,ho_gb_004,152
2024,마라0585,ho_gb_005,28
2024,마라0585,ho_gb_006,13
2024,마라0585,ho_yr_001,539
2024,마라0585,ho_yr_002,487
2024,마라0585,ho_yr_003,497
2024,마라0585,ho_yr_004,118
2024,마라0585,ho_yr_005,72
2024,마라0585,ho_yr_006,135
2024,마라0585,ho_yr_007,13
2024,마라0585,ho_yr_008,13
2024,마라0585,ho_yr_009,8
2024,마라0585,ho_yr_010,5
2024,마라0585,ho_yr_011,8
2024,마라0585,ho_yr_012,8
2024,마라0585,ho_yr_013,5
2024,마라0585,ho_yr_014,8
2024,마라0585,ho_yr_015,22
2024,마라0585,ho_yr_016,5
2024,마라0585,ho_yr_017,5
2024,마라0585,ho_yr_018,5
2024,마라0585,ho_yr_019,5
2024,마라0585,to_ho_001,1948
2024,마라0586,ho_ar_002,13
2024,마라0586,ho_ar_003,14
2024,마라0586,ho_ar_004,32
2024,마라0586,ho_ar_005,20
2024,마라0586,ho_ar_006,8
2024,마라0586,ho_ar_007,8
2024,마라0586,ho_ar_008,8
2024,마라0586,ho_ar_009,5
2024,마라0586,ho_gb_002,100
2024,마라0586,ho_gb_005,5
2024,마라0586,ho_gb_006,5
2024,마라0586,ho_yr_001,35
2024,마라0586,ho_yr_002,13
2024,마라0586,ho_yr_003,44
2024,마라0586,ho_yr_004,5
2024,마라0586,ho_yr_005,5
2024,마라0586,ho_yr_007,0
2024,마라0586,ho_yr_011,5
2024,마라0586,ho_yr_019,0
2024,마라0586,to_ho_001,101
2024,마라0590,ho_ar_009,0
2024,마라0590,ho_gb_005,5
2024,마라0590,ho_gb_006,14
2024,마라0590,ho_yr_002,5
2024,마라0590,to_ho_001,5
2024,마라0591,ho_ar_006,5
2024,마라0591,ho_ar_009,0
2024,마라0591,ho_gb_005,5
2024,마라0591,ho_gb_006,13
2024,마라0591,ho_yr_004,0
2024,마라0591,to_ho_001,0
2024,마라0592,ho_ar_002,39
2024,마라0592,ho_ar_003,1087
2024,마라0592,ho_ar_004,536
2024,마라0592,ho_ar_006,198
2024,마라0592,ho_gb_003,1860
2024,마라0592,ho_gb_006,8
2024,마라0592,ho_yr_001,317
2024,마라0592,ho_yr_003,1069
2024,마라0592,ho_yr_005,474
2024,마라0592,to_ho_001,1860
2024,마라0593,ho_ar_003,339
2024,마라0593,ho_ar_004,344
2024,마라0593,ho_ar_006,82
2024,마라0593,ho_ar_009,5
2024,마라0593,ho_gb_002,5
2024,마라0593,ho_gb_003,765
2024,마라0593,ho_gb_006,8
2024,마라0593,ho_yr_003,5
2024,마라0593,ho_yr_004,0
2024,마라0593,ho_yr_005,0
2024,마라0593,ho_yr_020,765
2024,마라0593,to_ho_001,773
2024,마라0594,ho_ar_002,0
2024,마라0594,ho_ar_003,5
2024,마라0594,ho_ar_004,38
2024,마라0594,ho_ar_005,48
2024,마라0594,ho_ar_006,164
2024,마라0594,ho_ar_007,311
2024,마라0594,ho_ar_008,764
2024,마라0594,ho_ar_009,143
2024,마라0594,ho_gb_002,1397
2024,마라0594,ho_gb_003,58
2024,마라0594,ho_gb_005,18
2024,마라0594,ho_gb_006,42
2024,마라0594,ho_yr_001,8
2024,마라0594,ho_yr_002,689
2024,마라0594,ho_yr_003,270
2024,마라0594,ho_yr_004,133
2024,마라0594,ho_yr_005,101
2024,마라0594,ho_yr_006,23
2024,마라0594,ho_yr_007,43
2024,마라0594,ho_yr_008,38
2024,마라0594,ho_yr_009,28
2024,마라0594,ho_yr_010,33
2024,마라0594,ho_yr_011,23
2024,마라0594,ho_yr_012,23
2024,마라0594,ho_yr_013,18
2024,마라0594,ho_yr_014,13
2024,마라0594,ho_yr_015,8
2024,마라0594,ho_yr_016,5
2024,마라0594,ho_yr_017,8
2024,마라0594,ho_yr_018,8
2024,마라0594,ho_yr_019,5
2024,마라0594,to_ho_001,1469
2024,마라0595,ho_ar_001,0
2024,마라0595,ho_ar_002,45
2024,마라0595,ho_ar_003,147
2024,마라0595,ho_ar_004,587
2024,마라0595,ho_ar_005,33
2024,마라0595,ho_ar_006,154
2024,마라0595,ho_ar_007,99
2024,마라0595,ho_ar_008,276
2024,마라0595,ho_ar_009,295
2024,마라0595,ho_gb_002,799
2024,마라0595,ho_gb_003,820
2024,마라0595,ho_gb_005,18
2024,마라0595,ho_gb_006,8
2024,마라0595,ho_yr_001,18
2024,마라0595,ho_yr_002,268
2024,마라0595,ho_yr_003,622
2024,마라0595,ho_yr_004,109
2024,마라0595,ho_yr_005,66
2024,마라0595,ho_yr_006,13
2024,마라0595,ho_yr_007,429
2024,마라0595,ho_yr_008,23
2024,마라0595,ho_yr_009,13
2024,마라0595,ho_yr_010,13
2024,마라0595,ho_yr_011,23
2024,마라0595,ho_yr_012,13
2024,마라0595,ho_yr_013,13
2024,마라0595,ho_yr_014,5
2024,마라0595,ho_yr_015,5
2024,마라0595,ho_yr_016,5
2024,마라0595,ho_yr_017,0
2024,마라0595,ho_yr_018,8
2024,마라0595,ho_yr_020,0
2024,마라0595,to_ho_001,1637
2024,마라0597,ho_ar_003,5
2024,마라0597,ho_ar_005,0
2024,마라0597,ho_ar_006,0
2024,마라0597,ho_gb_002,5
2024,마라0597,ho_gb_006,0
2024,마라0597,ho_yr_001,5
2024,마라0597,to_ho_001,5
2024,마라0598,ho_ar_001,0
2024,마라0598,ho_ar_002,13
2024,마라0598,ho_ar_003,39
2024,마라0598,ho_ar_004,55
2024,마라0598,ho_ar_005,23
2024,마라0598,ho_ar_006,8
2024,마라0598,ho_ar_007,8
2024,마라0598,ho_ar_008,5
2024,마라0598,ho_ar_009,5
2024,마라0598,ho_gb_002,156
2024,마라0598,ho_gb_005,5
2024,마라0598,ho_gb_006,5
2024,마라0598,ho_yr_001,65
2024,마라0598,ho_yr_002,13
2024,마라0598,ho_yr_003,38
2024,마라0598,ho_yr_004,8
2024,마라0598,ho_yr_005,5
2024,마라0598,ho_yr_006,5
2024,마라0598,ho_yr_007,5
2024,마라0598,ho_yr_008,5
2024,마라0598,ho_yr_010,0
2024,마라0598,ho_yr_011,5
2024,마라0598,ho_yr_012,0
2024,마라0598,ho_yr_014,0
2024,마라0598,ho_yr_016,0
2024,마라0598,ho_yr_017,0
2024,마라0598,ho_yr_018,0
2024,마라0598,ho_yr_020,0
2024,마라0598,to_ho_001,155
2024,마라0638,ho_ar_005,0
2024,마라0638,ho_ar_009,0
2024,마라0638,ho_gb_002,0
2024,마라0638,ho_yr_003,0
2024,마라0638,ho_yr_005,0
2024,마라0638,to_ho_001,5
2024,마라0639,ho_ar_002,5
2024,마라0639,ho_ar_003,19
2024,마라0639,ho_ar_004,13
2024,마라0639,ho_ar_005,13
2024,마라0639,ho_ar_006,8
2024,마라0639,ho_ar_007,5
2024,마라0639,ho_ar_008,8
2024,마라0639,ho_ar_009,5
2024,마라0639,ho_gb_002,57
2024,마라0639,ho_gb_005,5
2024,마라0639,ho_gb_006,5
2024,마라0639,ho_yr_001,14
2024,마라0639,ho_yr_002,8
2024,마라0639,ho_yr_003,18
2024,마라0639,ho_yr_004,5
2024,마라0639,ho_yr_005,13
2024,마라0639,ho_yr_006,5
2024,마라0639,ho_yr_007,5
2024,마라0639,ho_yr_010,0
2024,마라0639,ho_yr_011,0
2024,마라0639,ho_yr_014,0
2024,마라0639,to_ho_001,59
2024,마라0644,ho_ar_005,5
2024,마라0644,ho_ar_006,0
2024,마라0644,ho_ar_007,0
2024,마라0644,ho_ar_008,5
2024,마라0644,ho_ar_009,5
2024,마라0644,ho_gb_002,13
2024,마라0644,ho_gb_005,0
2024,마라0644,ho_yr_004,5
2024,마라0644,ho_yr_005,5
2024,마라0644,ho_yr_006,5
2024,마라0644,ho_yr_010,0
2024,마라0644,ho_yr_012,0
2024,마라0644,ho_yr_013,0
2024,마라0644,ho_yr_018,5
2024,마라0644,to_ho_001,13
2024,마라0645,ho_ar_001,0
2024,마라0645,ho_ar_002,5
2024,마라0645,ho_ar_003,5
2024,마라0645,ho_ar_004,13
2024,마라0645,ho_ar_005,8
2024,마라0645,ho_ar_006,5
2024,마라0645,ho_ar_007,5
2024,마라0645,ho_ar_008,5
2024,마라0645,ho_ar_009,5
2024,마라0645,ho_gb_002,38
2024,마라0645,ho_gb_005,5
2024,마라0645,ho_gb_006,5
2024,마라0645,ho_yr_001,5
2024,마라0645,ho_yr_002,5
2024,마라0645,ho_yr_003,13
2024,마라0645,ho_yr_004,8
2024,마라0645,ho_yr_005,8
2024,마라0645,ho_yr_006,0
2024,마라0645,ho_yr_011,0
2024,마라0645,ho_yr_012,0
2024,마라0645,ho_yr_014,8
2024,마라0645,ho_yr_017,0
2024,마라0645,ho_yr_019,6
2024,마라0645,to_ho_001,39
2024,마라0646,ho_ar_004,8
2024,마라0646,ho_ar_005,5
2024,마라0646,ho_ar_006,5
2024,마라0646,ho_ar_007,0
2024,마라0646,ho_ar_008,13
2024,마라0646,ho_ar_009,5
2024,마라0646,ho_gb_002,23
2024,마라0646,ho_gb_005,5
2024,마라0646,ho_gb_006,5
2024,마라0646,ho_yr_001,0
2024,마라0646,ho_yr_002,0
2024,마라0646,ho_yr_003,8
2024,마라0646,ho_yr_004,5
2024,마라0646,ho_yr_005,8
2024,마라0646,ho_yr_006,5
2024,마라0646,ho_yr_007,5
2024,마라0646,ho_yr_011,0
2024,마라0646,ho_yr_014,5
2024,마라0646,to_ho_001,28
2024,마라0647,ho_ar_002,5
2024,마라0647,ho_ar_003,8
2024,마라0647,ho_ar_004,13
2024,마라0647,ho_ar_005,13
2024,마라0647,ho_ar_006,5
2024,마라0647,ho_ar_007,8
2024,마라0647,ho_ar_008,28
2024,마라0647,ho_ar_009,8
2024,마라0647,ho_gb_002,85
2024,마라0647,ho_gb_005,5
2024,마라0647,ho_gb_006,0
2024,마라0647,ho_yr_001,5
2024,마라0647,ho_yr_002,8
2024,마라0647,ho_yr_003,19
2024,마라0647,ho_yr_004,8
2024,마라0647,ho_yr_005,18
2024,마라0647,ho_yr_006,5
2024,마라0647,ho_yr_007,8
2024,마라0647,ho_yr_010,5
2024,마라0647,ho_yr_011,8
2024,마라0647,ho_yr_012,5
2024,마라0647,ho_yr_013,8
2024,마라0647,ho_yr_014,5
2024,마라0647,ho_yr_015,5
2024,마라0647,ho_yr_016,0
2024,마라0647,ho_yr_017,5
2024,마라0647,ho_yr_019,5
2024,마라0647,to_ho_001,89
2024,마라0652,ho_ar_004,0
2024,마라0652,ho_ar_005,0
2024,마라0652,ho_gb_002,5
2024,마라0652,ho_yr_008,5
2024,마라0652,ho_yr_019,0
2024,마라0652,to_ho_001,5
2024,마라0654,ho_gb_006,0
2024,마라0656,ho_ar_004,0
2024,마라0656,ho_ar_005,0
2024,마라0656,ho_ar_006,5
2024,마라0656,ho_ar_007,8
2024,마라0656,ho_ar_008,5
2024,마라0656,ho_ar_009,5
2024,마라0656,ho_gb_002,19
2024,마라0656,ho_yr_003,0
2024,마라0656,ho_yr_005,8
2024,마라0656,ho_yr_006,5
2024,마라0656,ho_yr_007,0
2024,마라0656,ho_yr_009,5
2024,마라0656,ho_yr_011,0
2024,마라0656,ho_yr_012,0
2024,마라0656,ho_yr_013,0
2024,마라0656,ho_yr_015,0
2024,마라0656,ho_yr_018,0
2024,마라0656,ho_yr_019,0
2024,마라0656,to_ho_001,18
2024,마라0657,ho_ar_002,0
2024,마라0657,ho_ar_003,8
2024,마라0657,ho_ar_004,33
2024,마라0657,ho_ar_005,13
2024,마라0657,ho_ar_006,18
2024,마라0657,ho_ar_007,8
2024,마라0657,ho_ar_008,5
2024,마라0657,ho_ar_009,8
2024,마라0657,ho_gb_002,73
2024,마라0657,ho_gb_003,13
2024,마라0657,ho_gb_005,5
2024,마라0657,ho_gb_006,5
2024,마라0657,ho_yr_001,13
2024,마라0657,ho_yr_002,38
2024,마라0657,ho_yr_003,19
2024,마라0657,ho_yr_004,5
2024,마라0657,ho_yr_005,8
2024,마라0657,ho_yr_006,5
2024,마라0657,ho_yr_009,8
2024,마라0657,ho_yr_010,5
2024,마라0657,ho_yr_011,5
2024,마라0657,ho_yr_012,0
2024,마라0657,ho_yr_013,0
2024,마라0657,ho_yr_019,0
2024,마라0657,to_ho_001,87
2024,마라0658,ho_ar_002,5
2024,마라0658,ho_ar_003,29
2024,마라0658,ho_ar_004,18
2024,마라0658,ho_ar_005,13
2024,마라0658,ho_ar_006,5
2024,마라0658,ho_ar_007,5
2024,마라0658,ho_ar_008,5
2024,마라0658,ho_ar_009,5
2024,마라0658,ho_gb_002,51
2024,마라0658,ho_gb_003,24
2024,마라0658,ho_gb_005,5
2024,마라0658,ho_gb_006,5
2024,마라0658,ho_yr_001,5
2024,마라0658,ho_yr_002,13
2024,마라0658,ho_yr_003,18
2024,마라0658,ho_yr_004,5
2024,마라0658,ho_yr_005,5
2024,마라0658,ho_yr_006,0
2024,마라0658,ho_yr_008,0
2024,마라0658,ho_yr_009,0
2024,마라0658,ho_yr_011,29
2024,마라0658,ho_yr_017,0
2024,마라0658,to_ho_001,77
2024,마라0659,ho_ar_002,5
2024,마라0659,ho_gb_002,0
2024,마라0659,ho_gb_006,5
2024,마라0659,ho_yr_002,5
2024,마라0659,to_ho_001,5
2024,마라0660,ho_ar_002,5
2024,마라0660,ho_ar_003,5
2024,마라0660,ho_ar_004,5
2024,마라0660,ho_ar_005,0
2024,마라0660,ho_ar_007,5
2024,마라0660,ho_gb_002,19
2024,마라0660,ho_gb_006,0
2024,마라0660,ho_yr_001,8
2024,마라0660,ho_yr_002,8
2024,마라0660,ho_yr_003,5
2024,마라0660,ho_yr_005,5
2024,마라0660,ho_yr_006,0
2024,마라0660,ho_yr_009,5
2024,마라0660,ho_yr_010,0
2024,마라0660,to_ho_001,18
2024,마라0661,ho_ar_002,5
2024,마라0661,ho_ar_003,5
2024,마라0661,ho_ar_004,8
2024,마라0661,ho_ar_005,8
2024,마라0661,ho_ar_006,0
2024,마라0661,ho_gb_002,24
2024,마라0661,ho_gb_005,5
2024,마라0661,ho_yr_001,8
2024,마라0661,ho_yr_003,12
2024,마라0661,ho_yr_004,0
2024,마라0661,ho_yr_005,0
2024,마라0661,ho_yr_007,0
2024,마라0661,ho_yr_008,0
2024,마라0661,ho_yr_009,0
2024,마라0661,ho_yr_012,0
2024,마라0661,to_ho_001,25
2024,마라0662,ho_ar_002,0
2024,마라0662,ho_ar_003,0
2024,마라0662,ho_ar_004,8
2024,마라0662,ho_ar_005,0
2024,마라0662,ho_ar_006,0
2024,마라0662,ho_ar_007,0
2024,마라0662,ho_gb_002,11
2024,마라0662,ho_yr_001,5
2024,마라0662,ho_yr_003,5
2024,마라0662,ho_yr_008,0
2024,마라0662,ho_yr_009,0
2024,마라0662,ho_yr_010,0
2024,마라0662,ho_yr_019,0
2024,마라0662,to_ho_001,13
2024,마라0663,ho_ar_003,5
2024,마라0663,ho_ar_004,8
2024,마라0663,ho_ar_005,5
2024,마라0663,ho_ar_006,5
2024,마라0663,ho_ar_007,5
2024,마라0663,ho_ar_008,5
2024,마라0663,ho_gb_002,23
2024,마라0663,ho_yr_001,5
2024,마라0663,ho_yr_002,0
2024,마라0663,ho_yr_003,5
2024,마라0663,ho_yr_004,5
2024,마라0663,ho_yr_005,0
2024,마라0663,ho_yr_008,0
2024,마라0663,ho_yr_009,5
2024,마라0663,ho_yr_010,0
2024,마라0663,ho_yr_011,0
2024,마라0663,ho_yr_013,0
2024,마라0663,ho_yr_017,0
2024,마라0663,ho_yr_018,5
2024,마라0663,to_ho_001,23
2024,마라0664,ho_ar_004,0
2024,마라0664,ho_gb_002,0
2024,마라0664,ho_yr_005,0
2024,마라0664,to_ho_001,0
2024,마라0665,ho_ar_003,5
2024,마라0665,ho_ar_004,5
2024,마라0665,ho_ar_005,5
2024,마라0665,ho_ar_006,0
2024,마라0665,ho_ar_009,0
2024,마라0665,ho_gb_002,13
2024,마라0665,ho_yr_001,5
2024,마라0665,ho_yr_002,0
2024,마라0665,ho_yr_003,5
2024,마라0665,ho_yr_004,8
2024,마라0665,ho_yr_015,5
2024,마라0665,to_ho_001,13
2024,마라0666,ho_ar_002,0
2024,마라0666,ho_ar_004,5
2024,마라0666,ho_ar_005,5
2024,마라0666,ho_ar_006,5
2024,마라0666,ho_ar_007,5
2024,마라0666,ho_ar_008,5
2024,마라0666,ho_gb_002,18
2024,마라0666,ho_gb_006,5
2024,마라0666,ho_yr_001,5
2024,마라0666,ho_yr_002,5
2024,마라0666,ho_yr_003,8
2024,마라0666,ho_yr_004,0
2024,마라0666,ho_yr_006,0
2024,마라0666,ho_yr_008,0
2024,마라0666,ho_yr_011,0
2024,마라0666,ho_yr_019,0
2024,마라0666,to_ho_001,18
2024,마라0667,ho_ar_002,0
2024,마라0667,ho_ar_006,0
2024,마라0667,ho_gb_002,5
2024,마라0667,ho_yr_004,5
2024,마라0667,ho_yr_010,5
2024,마라0667,to_ho_001,8
2024,마라0674,ho_ar_002,0
2024,마라0674,ho_gb_002,5
2024,마라0674,ho_yr_003,5
2024,마라0674,ho_yr_004,0
2024,마라0674,to_ho_001,5
2024,마라0682,ho_ar_001,0
2024,마라0682,ho_ar_002,5
2024,마라0682,ho_ar_003,5
2024,마라0682,ho_ar_004,5
2024,마라0682,ho_ar_005,0
2024,마라0682,ho_ar_006,0
2024,마라0682,ho_gb_002,15
2024,마라0682,ho_yr_001,5
2024,마라0682,ho_yr_003,5
2024,마라0682,ho_yr_004,8
2024,마라0682,to_ho_001,13
2024,마라0683,ho_ar_001,8
2024,마라0683,ho_ar_002,61
2024,마라0683,ho_ar_003,413
2024,마라0683,ho_ar_004,438
2024,마라0683,ho_ar_005,53
2024,마라0683,ho_ar_006,91
2024,마라0683,ho_ar_007,34
2024,마라0683,ho_ar_008,18
2024,마라0683,ho_ar_009,8
2024,마라0683,ho_gb_001,101
2024,마라0683,ho_gb_002,399
2024,마라0683,ho_gb_003,561
2024,마라0683,ho_gb_004,47
2024,마라0683,ho_gb_005,8
2024,마라0683,ho_gb_006,45
2024,마라0683,ho_yr_001,170
2024,마라0683,ho_yr_002,140
2024,마라0683,ho_yr_003,355
2024,마라0683,ho_yr_004,158
2024,마라0683,ho_yr_005,22
2024,마라0683,ho_yr_006,0
2024,마라0683,ho_yr_007,5
2024,마라0683,ho_yr_008,20
2024,마라0683,ho_yr_009,5
2024,마라0683,ho_yr_010,13
2024,마라0683,ho_yr_011,165
2024,마라0683,ho_yr_012,5
2024,마라0683,ho_yr_013,73
2024,마라0683,ho_yr_014,5
2024,마라0683,ho_yr_018,0
2024,마라0683,ho_yr_020,5
2024,마라0683,to_ho_001,1119
2024,마라0684,ho_ar_001,5
2024,마라0684,ho_ar_002,83
2024,마라0684,ho_ar_003,291
2024,마라0684,ho_ar_004,630
2024,마라0684,ho_ar_005,111
2024,마라0684,ho_ar_006,103
2024,마라0684,ho_ar_007,91
2024,마라0684,ho_ar_008,68
2024,마라0684,ho_ar_009,23
2024,마라0684,ho_gb_001,138
2024,마라0684,ho_gb_002,780
2024,마라0684,ho_gb_003,325
2024,마라0684,ho_gb_004,113
2024,마라0684,ho_gb_005,48
2024,마라0684,ho_gb_006,97
2024,마라0684,ho_yr_001,438
2024,마라0684,ho_yr_002,301
2024,마라0684,ho_yr_003,345
2024,마라0684,ho_yr_004,88
2024,마라0684,ho_yr_005,26
2024,마라0684,ho_yr_006,8
2024,마라0684,ho_yr_007,5
2024,마라0684,ho_yr_008,13
2024,마라0684,ho_yr_009,29
2024,마라0684,ho_yr_010,16
2024,마라0684,ho_yr_011,14
2024,마라0684,ho_yr_012,102
2024,마라0684,ho_yr_013,8
2024,마라0684,ho_yr_014,5
2024,마라0684,ho_yr_015,14
2024,마라0684,ho_yr_016,0
2024,마라0684,ho_yr_017,5
2024,마라0684,ho_yr_018,0
2024,마라0684,ho_yr_019,5
2024,마라0684,ho_yr_020,0
2024,마라0684,to_ho_001,1405
2024,마라0685,ho_ar_002,30
2024,마라0685,ho_ar_003,213
2024,마라0685,ho_ar_004,165
2024,마라0685,ho_ar_005,39
2024,마라0685,ho_ar_006,57
2024,마라0685,ho_ar_007,35
2024,마라0685,ho_ar_008,13
2024,마라0685,ho_ar_009,0
2024,마라0685,ho_gb_001,23
2024,마라0685,ho_gb_002,352
2024,마라0685,ho_gb_003,158
2024,마라0685,ho_gb_004,23
2024,마라0685,ho_gb_005,5
2024,마라0685,ho_gb_006,8
2024,마라0685,ho_yr_001,167
2024,마라0685,ho_yr_002,99
2024,마라0685,ho_yr_003,137
2024,마라0685,ho_yr_004,136
2024,마라0685,ho_yr_005,13
2024,마라0685,ho_yr_008,5
2024,마라0685,ho_yr_009,0
2024,마라0685,ho_yr_010,0
2024,마라0685,ho_yr_011,8
2024,마라0685,ho_yr_014,0
2024,마라0685,ho_yr_016,0
2024,마라0685,ho_yr_017,5
2024,마라0685,ho_yr_020,0
2024,마라0685,to_ho_001,565
2024,마라0686,ho_ar_004,0
2024,마라0686,ho_gb_002,0
2024,마라0686,ho_gb_006,0
2024,마라0686,ho_yr_002,0
2024,마라0686,to_ho_001,0
2024,마라0689,ho_ar_004,5
2024,마라0689,ho_ar_007,0
2024,마라0689,ho_gb_002,8
2024,마라0689,ho_gb_006,0
2024,마라0689,ho_yr_001,5
2024,마라0689,to_ho_001,5
2024,마라0690,ho_gb_006,8
2024,마라0691,ho_ar_003,104
2024,마라0691,ho_ar_004,60
2024,마라0691,ho_ar_005,5
2024,마라0691,ho_gb_003,164
2024,마라0691,ho_gb_005,5
2024,마라0691,ho_gb_006,26
2024,마라0691,ho_yr_001,98
2024,마라0691,ho_yr_002,0
2024,마라0691,ho_yr_003,0
2024,마라0691,ho_yr_005,66
2024,마라0691,to_ho_001,169
2024,마라0692,ho_ar_002,22
2024,마라0692,ho_ar_003,80
2024,마라0692,ho_ar_004,470
2024,마라0692,ho_ar_005,23
2024,마라0692,ho_ar_006,49
2024,마라0692,ho_ar_007,75
2024,마라0692,ho_ar_008,133
2024,마라0692,ho_ar_009,202
2024,마라0692,ho_gb_002,487
2024,마라0692,ho_gb_003,549
2024,마라0692,ho_gb_005,8
2024,마라0692,ho_gb_006,725
2024,마라0692,ho_yr_001,131
2024,마라0692,ho_yr_002,250
2024,마라0692,ho_yr_003,384
2024,마라0692,ho_yr_004,89
2024,마라0692,ho_yr_005,60
2024,마라0692,ho_yr_006,24
2024,마라0692,ho_yr_007,23
2024,마라0692,ho_yr_008,23
2024,마라0692,ho_yr_009,13
2024,마라0692,ho_yr_010,8
2024,마라0692,ho_yr_011,13
2024,마라0692,ho_yr_012,13
2024,마라0692,ho_yr_013,8
2024,마라0692,ho_yr_014,5
2024,마라0692,ho_yr_015,5
2024,마라0692,ho_yr_016,5
2024,마라0692,ho_yr_017,0
2024,마라0692,ho_yr_018,0
2024,마라0692,to_ho_001,1043
2024,마라0693,ho_ar_001,5
2024,마라0693,ho_ar_002,5
2024,마라0693,ho_ar_003,508
2024,마라0693,ho_ar_004,2439
2024,마라0693,ho_ar_005,18
2024,마라0693,ho_ar_006,731
2024,마라0693,ho_ar_007,231
2024,마라0693,ho_ar_008,130
2024,마라0693,ho_ar_009,112
2024,마라0693,ho_gb_001,0
2024,마라0693,ho_gb_002,358
2024,마라0693,ho_gb_003,3806
2024,마라0693,ho_gb_005,13
2024,마라0693,ho_gb_006,5
2024,마라0693,ho_yr_002,163
2024,마라0693,ho_yr_003,68
2024,마라0693,ho_yr_004,56
2024,마라0693,ho_yr_005,3038
2024,마라0693,ho_yr_006,8
2024,마라0693,ho_yr_007,13
2024,마라0693,ho_yr_008,13
2024,마라0693,ho_yr_009,8
2024,마라0693,ho_yr_010,8
2024,마라0693,ho_yr_011,5
2024,마라0693,ho_yr_012,5
2024,마라0693,ho_yr_013,786
2024,마라0693,ho_yr_014,5
2024,마라0693,ho_yr_015,0
2024,마라0693,ho_yr_018,5
2024,마라0693,ho_yr_019,0
2024,마라0693,to_ho_001,4172
2024,마라0694,ho_ar_002,252
2024,마라0694,ho_ar_003,808
2024,마라0694,ho_ar_004,4494
2024,마라0694,ho_ar_005,8
2024,마라0694,ho_ar_006,484
2024,마라0694,ho_ar_007,78
2024,마라0694,ho_ar_008,57
2024,마라0694,ho_ar_009,23
2024,마라0694,ho_gb_002,119
2024,마라0694,ho_gb_003,6083
2024,마라0694,ho_gb_005,0
2024,마라0694,ho_gb_006,8
2024,마라0694,ho_yr_002,2230
2024,마라0694,ho_yr_003,1846
2024,마라0694,ho_yr_004,13
2024,마라0694,ho_yr_005,2100
2024,마라0694,ho_yr_006,5
2024,마라0694,ho_yr_007,8
2024,마라0694,ho_yr_008,0
2024,마라0694,ho_yr_010,5
2024,마라0694,ho_yr_011,5
2024,마라0694,ho_yr_012,5
2024,마라0694,ho_yr_013,0
2024,마라0694,ho_yr_018,0
2024,마라0694,to_ho_001,6203
2024,마라0695,ho_ar_002,627
2024,마라0695,ho_ar_003,513
2024,마라0695,ho_ar_004,637
2024,마라0695,ho_ar_005,23
2024,마라0695,ho_ar_006,162
2024,마라0695,ho_ar_007,133
2024,마라0695,ho_ar_008,511
2024,마라0695,ho_ar_009,312
2024,마라0695,ho_gb_002,1013
2024,마라0695,ho_gb_003,1867
2024,마라0695,ho_gb_005,28
2024,마라0695,ho_gb_006,16
2024,마라0695,ho_yr_001,5
2024,마라0695,ho_yr_002,250
2024,마라0695,ho_yr_003,1516
2024,마라0695,ho_yr_004,81
2024,마라0695,ho_yr_005,23
2024,마라0695,ho_yr_006,13
2024,마라0695,ho_yr_007,864
2024,마라0695,ho_yr_008,18
2024,마라0695,ho_yr_009,27
2024,마라0695,ho_yr_010,27
2024,마라0695,ho_yr_011,23
2024,마라0695,ho_yr_012,13
2024,마라0695,ho_yr_013,18
2024,마라0695,ho_yr_014,13
2024,마라0695,ho_yr_015,8
2024,마라0695,ho_yr_016,5
2024,마라0695,ho_yr_017,8
2024,마라0695,ho_yr_018,5
2024,마라0695,ho_yr_019,5
2024,마라0695,ho_yr_020,0
2024,마라0695,to_ho_001,2910
2024,마라0696,ho_ar_001,0
2024,마라0696,ho_ar_002,283
2024,마라0696,ho_ar_003,250
2024,마라0696,ho_ar_004,5
2024,마라0696,ho_ar_005,0
2024,마라0696,ho_ar_006,0
2024,마라0696,ho_ar_007,0
2024,마라0696,ho_ar_008,5
2024,마라0696,ho_ar_009,9
2024,마라0696,ho_gb_002,19
2024,마라0696,ho_gb_003,533
2024,마라0696,ho_gb_006,5
2024,마라0696,ho_yr_001,5
2024,마라0696,ho_yr_004,5
2024,마라0696,ho_yr_007,533
2024,마라0696,ho_yr_008,5
2024,마라0696,ho_yr_009,8
2024,마라0696,ho_yr_010,0
2024,마라0696,ho_yr_012,5
2024,마라0696,ho_yr_013,5
2024,마라0696,ho_yr_015,0
2024,마라0696,to_ho_001,554
2024,마라0697,ho_ar_002,5
2024,마라0697,ho_ar_003,17
2024,마라0697,ho_ar_004,28
2024,마라0697,ho_ar_005,13
2024,마라0697,ho_ar_006,5
2024,마라0697,ho_ar_008,0
2024,마라0697,ho_ar_009,5
2024,마라0697,ho_gb_002,65
2024,마라0697,ho_gb_006,5
2024,마라0697,ho_yr_001,18
2024,마라0697,ho_yr_002,13
2024,마라0697,ho_yr_003,5
2024,마라0697,ho_yr_004,8
2024,마라0697,ho_yr_005,0
2024,마라0697,ho_yr_008,5
2024,마라0697,ho_yr_010,0
2024,마라0697,ho_yr_011,0
2024,마라0697,ho_yr_012,14
2024,마라0697,ho_yr_014,5
2024,마라0697,ho_yr_015,0
2024,마라0697,ho_yr_018,0
2024,마라0697,to_ho_001,64
2024,마라0698,ho_ar_002,5
2024,마라0698,ho_ar_003,13
2024,마라0698,ho_ar_004,15
2024,마라0698,ho_ar_005,8
2024,마라0698,ho_ar_006,5
2024,마라0698,ho_ar_007,0
2024,마라0698,ho_gb_002,48
2024,마라0698,ho_gb_006,0
2024,마라0698,ho_yr_001,23
2024,마라0698,ho_yr_002,5
2024,마라0698,ho_yr_003,8
2024,마라0698,ho_yr_004,8
2024,마라0698,ho_yr_005,5
2024,마라0698,ho_yr_009,0
2024,마라0698,to_ho_001,46
2024,마라0699,ho_ar_001,5
2024,마라0699,ho_ar_009,0
2024,마라0699,ho_gb_002,5
2024,마라0699,ho_yr_001,0
2024,마라0699,ho_yr_005,0
2024,마라0699,to_ho_001,5
2024,마라0738,ho_ar_002,8
2024,마라0738,ho_ar_003,8
2024,마라0738,ho_ar_004,13
2024,마라0738,ho_ar_005,5
2024,마라0738,ho_ar_006,5
2024,마라0738,ho_ar_007,0
2024,마라0738,ho_ar_008,8
2024,마라0738,ho_ar_009,5
2024,마라0738,ho_gb_002,36
2024,마라0738,ho_gb_005,8
2024,마라0738,ho_gb_006,5
2024,마라0738,ho_yr_001,18
2024,마라0738,ho_yr_002,5
2024,마라0738,ho_yr_003,5
2024,마라0738,ho_yr_004,13
2024,마라0738,ho_yr_005,5
2024,마라0738,ho_yr_007,5
2024,마라0738,ho_yr_009,0
2024,마라0738,to_ho_001,43
2024,마라0739,ho_ar_008,5
2024,마라0739,ho_gb_002,5
2024,마라0739,ho_yr_018,8
2024,마라0739,to_ho_001,8
2024,마라0747,ho_ar_002,5
2024,마라0747,ho_ar_003,5
2024,마라0747,ho_ar_004,13
2024,마라0747,ho_ar_005,5
2024,마라0747,ho_ar_006,5
2024,마라0747,ho_ar_007,8
2024,마라0747,ho_ar_008,33
2024,마라0747,ho_ar_009,8
2024,마라0747,ho_gb_002,66
2024,마라0747,ho_gb_005,5
2024,마라0747,ho_gb_006,5
2024,마라0747,ho_yr_001,0
2024,마라0747,ho_yr_002,8
2024,마라0747,ho_yr_003,13
2024,마라0747,ho_yr_004,8
2024,마라0747,ho_yr_005,18
2024,마라0747,ho_yr_006,5
2024,마라0747,ho_yr_007,5
2024,마라0747,ho_yr_008,5
2024,마라0747,ho_yr_011,5
2024,마라0747,ho_yr_014,5
2024,마라0747,ho_yr_015,0
2024,마라0747,ho_yr_016,5
2024,마라0747,ho_yr_017,0
2024,마라0747,ho_yr_019,5
2024,마라0747,ho_yr_020,5
2024,마라0747,to_ho_001,73
2024,마라0752,ho_ar_004,14
2024,마라0752,ho_ar_006,0
2024,마라0752,ho_ar_007,5
2024,마라0752,ho_ar_009,5
2024,마라0752,ho_gb_001,13
2024,마라0752,ho_gb_002,8
2024,마라0752,ho_gb_005,0
2024,마라0752,ho_gb_006,0
2024,마라0752,ho_yr_004,13
2024,마라0752,ho_yr_005,5
2024,마라0752,ho_yr_007,0
2024,마라0752,ho_yr_009,5
2024,마라0752,ho_yr_011,0
2024,마라0752,to_ho_001,21
2024,마라0753,ho_ar_002,0
2024,마라0753,ho_ar_003,304
2024,마라0753,ho_ar_004,1069
2024,마라0753,ho_ar_005,8
2024,마라0753,ho_ar_006,5
2024,마라0753,ho_ar_007,13
2024,마라0753,ho_ar_008,8
2024,마라0753,ho_ar_009,54
2024,마라0753,ho_gb_002,96
2024,마라0753,ho_gb_003,1361
2024,마라0753,ho_gb_005,8
2024,마라0753,ho_gb_006,31
2024,마라0753,ho_yr_001,8
2024,마라0753,ho_yr_002,13
2024,마라0753,ho_yr_003,5
2024,마라0753,ho_yr_004,0
2024,마라0753,ho_yr_007,8
2024,마라0753,ho_yr_008,8
2024,마라0753,ho_yr_009,56
2024,마라0753,ho_yr_010,1185
2024,마라0753,ho_yr_011,170
2024,마라0753,ho_yr_012,8
2024,마라0753,ho_yr_013,8
2024,마라0753,ho_yr_014,0
2024,마라0753,ho_yr_016,0
2024,마라0753,to_ho_001,1463
2024,마라0754,ho_ar_004,0
2024,마라0754,ho_gb_002,0
2024,마라0754,ho_yr_003,0
2024,마라0754,to_ho_001,0
2024,마라0757,ho_ar_003,47
2024,마라0757,ho_ar_004,0
2024,마라0757,ho_gb_001,8
2024,마라0757,ho_gb_004,39
2024,마라0757,ho_gb_005,5
2024,마라0757,ho_gb_006,5
2024,마라0757,ho_yr_002,47
2024,마라0757,ho_yr_003,0
2024,마라0757,ho_yr_008,0
2024,마라0757,to_ho_001,52
2024,마라0758,ho_ar_002,5
2024,마라0758,ho_ar_003,8
2024,마라0758,ho_ar_004,23
2024,마라0758,ho_ar_005,13
2024,마라0758,ho_ar_006,19
2024,마라0758,ho_ar_007,8
2024,마라0758,ho_ar_008,5
2024,마라0758,ho_ar_009,11
2024,마라0758,ho_gb_002,75
2024,마라0758,ho_gb_005,8
2024,마라0758,ho_gb_006,8
2024,마라0758,ho_yr_001,8
2024,마라0758,ho_yr_002,18
2024,마라0758,ho_yr_003,18
2024,마라0758,ho_yr_004,5
2024,마라0758,ho_yr_005,5
2024,마라0758,ho_yr_006,5
2024,마라0758,ho_yr_007,5
2024,마라0758,ho_yr_009,5
2024,마라0758,ho_yr_010,6
2024,마라0758,ho_yr_011,0
2024,마라0758,ho_yr_012,5
2024,마라0758,ho_yr_014,5
2024,마라0758,ho_yr_020,5
2024,마라0758,to_ho_001,79
2024,마라0759,ho_ar_002,5
2024,마라0759,ho_ar_003,8
2024,마라0759,ho_ar_004,8
2024,마라0759,ho_ar_005,0
2024,마라0759,ho_ar_006,0
2024,마라0759,ho_ar_007,0
2024,마라0759,ho_ar_009,0
2024,마라0759,ho_gb_002,17
2024,마라0759,ho_gb_006,8
2024,마라0759,ho_yr_001,5
2024,마라0759,ho_yr_002,8
2024,마라0759,ho_yr_003,0
2024,마라0759,ho_yr_004,0
2024,마라0759,ho_yr_007,0
2024,마라0759,ho_yr_008,0
2024,마라0759,to_ho_001,18
2024,마라0760,ho_ar_002,8
2024,마라0760,ho_ar_003,5
2024,마라0760,ho_ar_004,8
2024,마라0760,ho_ar_005,5
2024,마라0760,ho_ar_006,5
2024,마라0760,ho_gb_002,20
2024,마라0760,ho_gb_005,0
2024,마라0760,ho_yr_001,13
2024,마라0760,ho_yr_002,0
2024,마라0760,ho_yr_003,5
2024,마라0760,ho_yr_005,0
2024,마라0760,ho_yr_007,0
2024,마라0760,ho_yr_010,5
2024,마라0760,ho_yr_011,5
2024,마라0760,ho_yr_014,0
2024,마라0760,to_ho_001,18
2024,마라0761,ho_ar_006,0
2024,마라0761,ho_gb_002,0
2024,마라0761,ho_yr_001,0
2024,마라0761,to_ho_001,0
2024,마라0762,ho_ar_002,8
2024,마라0762,ho_ar_003,5
2024,마라0762,ho_ar_004,8
2024,마라0762,ho_ar_005,5
2024,마라0762,ho_ar_006,0
2024,마라0762,ho_gb_002,13
2024,마라0762,ho_gb_005,0
2024,마라0762,ho_yr_001,5
2024,마라0762,ho_yr_002,0
2024,마라0762,ho_yr_003,8
2024,마라0762,ho_yr_004,0
2024,마라0762,to_ho_001,13
2024,마라0764,ho_ar_004,0
2024,마라0764,ho_ar_005,0
2024,마라0764,ho_ar_006,0
2024,마라0764,ho_ar_007,0
2024,마라0764,ho_ar_008,0
2024,마라0764,ho_gb_002,5
2024,마라0764,ho_yr_005,5
2024,마라0764,ho_yr_007,5
2024,마라0764,ho_yr_008,0
2024,마라0764,to_ho_001,8
2024,마라0765,ho_ar_004,0
2024,마라0765,ho_gb_002,0
2024,마라0765,ho_yr_015,0
2024,마라0765,to_ho_001,0
2024,마라0766,ho_ar_001,0
2024,마라0766,ho_ar_002,8
2024,마라0766,ho_ar_003,78
2024,마라0766,ho_ar_004,106
2024,마라0766,ho_ar_005,33
2024,마라0766,ho_ar_006,23
2024,마라0766,ho_ar_007,13
2024,마라0766,ho_ar_008,8
2024,마라0766,ho_ar_009,13
2024,마라0766,ho_gb_001,29
2024,마라0766,ho_gb_002,192
2024,마라0766,ho_gb_004,63
2024,마라0766,ho_gb_005,8
2024,마라0766,ho_gb_006,5
2024,마라0766,ho_yr_001,24
2024,마라0766,ho_yr_002,66
2024,마라0766,ho_yr_003,118
2024,마라0766,ho_yr_004,18
2024,마라0766,ho_yr_005,8
2024,마라0766,ho_yr_006,5
2024,마라0766,ho_yr_007,5
2024,마라0766,ho_yr_008,8
2024,마라0766,ho_yr_009,5
2024,마라0766,ho_yr_011,17
2024,마라0766,ho_yr_012,20
2024,마라0766,ho_yr_013,5
2024,마라0766,ho_yr_014,5
2024,마라0766,ho_yr_015,0
2024,마라0766,ho_yr_017,0
2024,마라0766,ho_yr_018,0
2024,마라0766,to_ho_001,291
2024,마라0767,ho_ar_003,5
2024,마라0767,ho_ar_004,8
2024,마라0767,ho_ar_005,8
2024,마라0767,ho_ar_006,5
2024,마라0767,ho_ar_007,5
2024,마라0767,ho_ar_008,8
2024,마라0767,ho_gb_002,36
2024,마라0767,ho_gb_006,5
2024,마라0767,ho_yr_001,0
2024,마라0767,ho_yr_002,0
2024,마라0767,ho_yr_003,5
2024,마라0767,ho_yr_004,5
2024,마라0767,ho_yr_005,0
2024,마라0767,ho_yr_008,0
2024,마라0767,ho_yr_010,5
2024,마라0767,ho_yr_011,5
2024,마라0767,ho_yr_012,5
2024,마라0767,ho_yr_013,0
2024,마라0767,ho_yr_014,0
2024,마라0767,ho_yr_015,5
2024,마라0767,ho_yr_017,5
2024,마라0767,ho_yr_019,5
2024,마라0767,to_ho_001,33
2024,마라0768,ho_ar_002,0
2024,마라0768,ho_ar_003,5
2024,마라0768,ho_ar_004,13
2024,마라0768,ho_ar_005,5
2024,마라0768,ho_ar_006,5
2024,마라0768,ho_ar_007,0
2024,마라0768,ho_gb_002,23
2024,마라0768,ho_gb_005,5
2024,마라0768,ho_yr_001,5
2024,마라0768,ho_yr_002,5
2024,마라0768,ho_yr_003,8
2024,마라0768,ho_yr_004,8
2024,마라0768,ho_yr_005,0
2024,마라0768,ho_yr_007,5
2024,마라0768,to_ho_001,23
2024,마라0769,ho_ar_001,5
2024,마라0769,ho_ar_002,0
2024,마라0769,ho_ar_003,5
2024,마라0769,ho_ar_005,5
2024,마라0769,ho_gb_002,5
2024,마라0769,ho_yr_001,5
2024,마라0769,ho_yr_002,0
2024,마라0769,ho_yr_007,0
2024,마라0769,ho_yr_009,0
2024,마라0769,to_ho_001,5
2024,마라0770,ho_ar_002,0
2024,마라0770,ho_ar_003,5
2024,마라0770,ho_ar_004,10
2024,마라0770,ho_ar_005,5
2024,마라0770,ho_ar_006,0
2024,마라0770,ho_ar_007,8
2024,마라0770,ho_ar_008,0
2024,마라0770,ho_gb_002,24
2024,마라0770,ho_yr_001,5
2024,마라0770,ho_yr_002,5
2024,마라0770,ho_yr_003,12
2024,마라0770,ho_yr_004,5
2024,마라0770,ho_yr_006,0
2024,마라0770,ho_yr_008,5
2024,마라0770,ho_yr_013,0
2024,마라0770,to_ho_001,25
2024,마라0771,ho_ar_002,5
2024,마라0771,ho_ar_003,19
2024,마라0771,ho_ar_004,31
2024,마라0771,ho_ar_005,18
2024,마라0771,ho_ar_006,5
2024,마라0771,ho_ar_007,5
2024,마라0771,ho_ar_008,8
2024,마라0771,ho_gb_002,76
2024,마라0771,ho_gb_005,0
2024,마라0771,ho_yr_001,13
2024,마라0771,ho_yr_002,13
2024,마라0771,ho_yr_003,29
2024,마라0771,ho_yr_004,8
2024,마라0771,ho_yr_005,5
2024,마라0771,ho_yr_006,0
2024,마라0771,ho_yr_007,5
2024,마라0771,ho_yr_008,0
2024,마라0771,ho_yr_010,5
2024,마라0771,ho_yr_014,5
2024,마라0771,ho_yr_018,5
2024,마라0771,ho_yr_019,0
2024,마라0771,to_ho_001,79
2024,마라0784,ho_ar_001,0
2024,마라0784,ho_ar_002,34
2024,마라0784,ho_ar_003,143
2024,마라0784,ho_ar_004,189
2024,마라0784,ho_ar_005,46
2024,마라0784,ho_ar_006,61
2024,마라0784,ho_ar_007,43
2024,마라0784,ho_ar_008,18
2024,마라0784,ho_ar_009,8
2024,마라0784,ho_gb_001,54
2024,마라0784,ho_gb_002,336
2024,마라0784,ho_gb_004,131
2024,마라0784,ho_gb_005,18
2024,마라0784,ho_gb_006,8
2024,마라0784,ho_yr_001,196
2024,마라0784,ho_yr_002,170
2024,마라0784,ho_yr_003,99
2024,마라0784,ho_yr_004,39
2024,마라0784,ho_yr_005,5
2024,마라0784,ho_yr_006,0
2024,마라0784,ho_yr_007,5
2024,마라0784,ho_yr_008,8
2024,마라0784,ho_yr_009,5
2024,마라0784,ho_yr_011,5
2024,마라0784,ho_yr_012,11
2024,마라0784,ho_yr_013,0
2024,마라0784,ho_yr_016,0
2024,마라0784,to_ho_001,541
2024,마라0785,ho_ar_001,5
2024,마라0785,ho_ar_002,75
2024,마라0785,ho_ar_003,553
2024,마라0785,ho_ar_004,2263
2024,마라0785,ho_ar_005,160
2024,마라0785,ho_ar_006,230
2024,마라0785,ho_ar_007,165
2024,마라0785,ho_ar_008,64
2024,마라0785,ho_ar_009,18
2024,마라0785,ho_gb_001,250
2024,마라0785,ho_gb_002,1193
2024,마라0785,ho_gb_003,1626
2024,마라0785,ho_gb_004,433
2024,마라0785,ho_gb_005,28
2024,마라0785,ho_gb_006,44
2024,마라0785,ho_yr_001,525
2024,마라0785,ho_yr_002,481
2024,마라0785,ho_yr_003,756
2024,마라0785,ho_yr_004,195
2024,마라0785,ho_yr_005,1164
2024,마라0785,ho_yr_006,8
2024,마라0785,ho_yr_007,8
2024,마라0785,ho_yr_008,8
2024,마라0785,ho_yr_009,8
2024,마라0785,ho_yr_010,13
2024,마라0785,ho_yr_011,33
2024,마라0785,ho_yr_012,0
2024,마라0785,ho_yr_013,243
2024,마라0785,ho_yr_014,72
2024,마라0785,ho_yr_015,8
2024,마라0785,ho_yr_016,5
2024,마라0785,ho_yr_017,5
2024,마라0785,ho_yr_018,5
2024,마라0785,ho_yr_019,5
2024,마라0785,ho_yr_020,5
2024,마라0785,to_ho_001,3532
2024,마라0786,ho_ar_003,5
2024,마라0786,ho_ar_004,5
2024,마라0786,ho_ar_005,5
2024,마라0786,ho_ar_006,5
2024,마라0786,ho_gb_002,14
2024,마라0786,ho_gb_006,0
2024,마라0786,ho_yr_001,8
2024,마라0786,ho_yr_002,0
2024,마라0786,ho_yr_003,5
2024,마라0786,ho_yr_004,5
2024,마라0786,ho_yr_007,0
2024,마라0786,to_ho_001,13
2024,마라0787,ho_gb_006,5
2024,마라0789,ho_ar_002,5
2024,마라0789,ho_ar_003,20
2024,마라0789,ho_ar_006,0
2024,마라0789,ho_gb_001,15
2024,마라0789,ho_gb_002,5
2024,마라0789,ho_gb_006,24
2024,마라0789,ho_yr_001,0
2024,마라0789,ho_yr_002,0
2024,마라0789,ho_yr_003,0
2024,마라0789,ho_yr_010,15
2024,마라0789,to_ho_001,20
2024,마라0790,ho_ar_002,0
2024,마라0790,ho_ar_006,0
2024,마라0790,ho_gb_005,5
2024,마라0790,ho_gb_006,13
2024,마라0790,ho_yr_002,5
2024,마라0790,to_ho_001,5
2024,마라0791,ho_ar_002,5
2024,마라0791,ho_ar_003,763
2024,마라0791,ho_ar_004,1038
2024,마라0791,ho_ar_006,312
2024,마라0791,ho_ar_007,27
2024,마라0791,ho_ar_008,40
2024,마라0791,ho_ar_009,131
2024,마라0791,ho_gb_002,196
2024,마라0791,ho_gb_003,2104
2024,마라0791,ho_gb_005,13
2024,마라0791,ho_gb_006,354
2024,마라0791,ho_yr_001,0
2024,마라0791,ho_yr_002,297
2024,마라0791,ho_yr_003,555
2024,마라0791,ho_yr_004,204
2024,마라0791,ho_yr_005,357
2024,마라0791,ho_yr_006,5
2024,마라0791,ho_yr_007,8
2024,마라0791,ho_yr_008,8
2024,마라0791,ho_yr_009,57
2024,마라0791,ho_yr_010,805
2024,마라0791,ho_yr_011,8
2024,마라0791,ho_yr_012,8
2024,마라0791,ho_yr_013,5
2024,마라0791,ho_yr_014,0
2024,마라0791,ho_yr_015,5
2024,마라0791,ho_yr_016,0
2024,마라0791,ho_yr_017,0
2024,마라0791,ho_yr_019,0
2024,마라0791,to_ho_001,2314
2024,마라0792,ho_ar_002,57
2024,마라0792,ho_ar_003,416
2024,마라0792,ho_ar_004,545
2024,마라0792,ho_ar_005,8
2024,마라0792,ho_ar_006,181
2024,마라0792,ho_ar_007,135
2024,마라0792,ho_ar_008,42
2024,마라0792,ho_ar_009,121
2024,마라0792,ho_gb_002,221
2024,마라0792,ho_gb_003,1240
2024,마라0792,ho_gb_005,44
2024,마라0792,ho_gb_006,4754
2024,마라0792,ho_yr_001,23
2024,마라0792,ho_yr_002,914
2024,마라0792,ho_yr_003,428
2024,마라0792,ho_yr_004,73
2024,마라0792,ho_yr_005,13
2024,마라0792,ho_yr_006,8
2024,마라0792,ho_yr_007,8
2024,마라0792,ho_yr_008,8
2024,마라0792,ho_yr_009,5
2024,마라0792,ho_yr_010,5
2024,마라0792,ho_yr_011,8
2024,마라0792,ho_yr_012,8
2024,마라0792,ho_yr_013,0
2024,마라0792,ho_yr_014,5
2024,마라0792,ho_yr_017,5
2024,마라0792,ho_yr_018,5
2024,마라0792,to_ho_001,1504
2024,마라0793,ho_ar_002,5
2024,마라0793,ho_ar_003,1098
2024,마라0793,ho_ar_004,1324
2024,마라0793,ho_ar_005,183
2024,마라0793,ho_ar_006,336
2024,마라0793,ho_ar_007,117
2024,마라0793,ho_ar_008,32
2024,마라0793,ho_ar_009,13
2024,마라0793,ho_gb_002,60
2024,마라0793,ho_gb_003,2994
2024,마라0793,ho_gb_005,46
2024,마라0793,ho_gb_006,301
2024,마라0793,ho_yr_001,5
2024,마라0793,ho_yr_002,1844
2024,마라0793,ho_yr_003,72
2024,마라0793,ho_yr_004,13
2024,마라0793,ho_yr_005,5
2024,마라0793,ho_yr_006,5
2024,마라0793,ho_yr_007,8
2024,마라0793,ho_yr_008,0
2024,마라0793,ho_yr_009,5
2024,마라0793,ho_yr_010,0
2024,마라0793,ho_yr_011,5
2024,마라0793,ho_yr_012,5
2024,마라0793,ho_yr_013,1145
2024,마라0793,ho_yr_014,0
2024,마라0793,ho_yr_019,0
2024,마라0793,to_ho_001,3098
2024,마라0794,ho_ar_002,5
2024,마라0794,ho_ar_003,828
2024,마라0794,ho_ar_004,960
2024,마라0794,ho_ar_005,23
2024,마라0794,ho_ar_006,177
2024,마라0794,ho_ar_007,124
2024,마라0794,ho_ar_008,406
2024,마라0794,ho_ar_009,414
2024,마라0794,ho_gb_001,5
2024,마라0794,ho_gb_002,977
2024,마라0794,ho_gb_003,1887
2024,마라0794,ho_gb_005,71
2024,마라0794,ho_gb_006,18
2024,마라0794,ho_yr_002,1974
2024,마라0794,ho_yr_003,521
2024,마라0794,ho_yr_004,220
2024,마라0794,ho_yr_005,58
2024,마라0794,ho_yr_006,23
2024,마라0794,ho_yr_007,28
2024,마라0794,ho_yr_008,23
2024,마라0794,ho_yr_009,18
2024,마라0794,ho_yr_010,13
2024,마라0794,ho_yr_011,13
2024,마라0794,ho_yr_012,8
2024,마라0794,ho_yr_013,8
2024,마라0794,ho_yr_014,8
2024,마라0794,ho_yr_015,5
2024,마라0794,ho_yr_016,5
2024,마라0794,ho_yr_018,5
2024,마라0794,ho_yr_019,0
2024,마라0794,ho_yr_020,5
2024,마라0794,to_ho_001,2934
2024,마라0795,ho_ar_002,5
2024,마라0795,ho_ar_003,0
2024,마라0795,ho_ar_004,8
2024,마라0795,ho_ar_005,18
2024,마라0795,ho_ar_006,48
2024,마라0795,ho_ar_007,28
2024,마라0795,ho_ar_008,378
2024,마라0795,ho_ar_009,451
2024,마라0795,ho_gb_002,923
2024,마라0795,ho_gb_005,13
2024,마라0795,ho_gb_006,41
2024,마라0795,ho_yr_002,56
2024,마라0795,ho_yr_003,524
2024,마라0795,ho_yr_004,197
2024,마라0795,ho_yr_005,43
2024,마라0795,ho_yr_006,23
2024,마라0795,ho_yr_007,23
2024,마라0795,ho_yr_008,13
2024,마라0795,ho_yr_009,13
2024,마라0795,ho_yr_010,13
2024,마라0795,ho_yr_011,8
2024,마라0795,ho_yr_012,8
2024,마라0795,ho_yr_013,5
2024,마라0795,ho_yr_014,8
2024,마라0795,ho_yr_015,5
2024,마라0795,ho_yr_017,8
2024,마라0795,ho_yr_018,0
2024,마라0795,ho_yr_019,0
2024,마라0795,ho_yr_020,0
2024,마라0795,to_ho_001,936
2024,마라0797,ho_ar_002,0
2024,마라0797,ho_ar_003,0
2024,마라0797,ho_gb_002,0
2024,마라0797,ho_gb_006,5
2024,마라0797,ho_yr_009,0
2024,마라0797,ho_yr_012,0
2024,마라0797,to_ho_001,5
2024,마라0798,ho_ar_002,5
2024,마라0798,ho_ar_003,115
2024,마라0798,ho_ar_004,530
2024,마라0798,ho_ar_005,13
2024,마라0798,ho_ar_006,23
2024,마라0798,ho_ar_007,5
2024,마라0798,ho_ar_008,8
2024,마라0798,ho_ar_009,5
2024,마라0798,ho_gb_001,15
2024,마라0798,ho_gb_002,72
2024,마라0798,ho_gb_003,608
2024,마라0798,ho_gb_004,10
2024,마라0798,ho_gb_005,8
2024,마라0798,ho_gb_006,54
2024,마라0798,ho_yr_001,8
2024,마라0798,ho_yr_002,18
2024,마라0798,ho_yr_003,338
2024,마라0798,ho_yr_004,169
2024,마라0798,ho_yr_005,62
2024,마라0798,ho_yr_008,5
2024,마라0798,ho_yr_009,5
2024,마라0798,ho_yr_011,7
2024,마라0798,ho_yr_012,108
2024,마라0798,ho_yr_014,5
2024,마라0798,ho_yr_017,5
2024,마라0798,to_ho_001,709
2024,마라0799,ho_ar_001,0
2024,마라0799,ho_ar_002,18
2024,마라0799,ho_ar_003,135
2024,마라0799,ho_ar_004,212
2024,마라0799,ho_ar_005,34
2024,마라0799,ho_ar_006,13
2024,마라0799,ho_ar_007,8
2024,마라0799,ho_ar_008,13
2024,마라0799,ho_ar_009,5
2024,마라0799,ho_gb_001,8
2024,마라0799,ho_gb_002,132
2024,마라0799,ho_gb_003,263
2024,마라0799,ho_gb_004,26
2024,마라0799,ho_gb_005,5
2024,마라0799,ho_gb_006,8
2024,마라0799,ho_yr_001,38
2024,마라0799,ho_yr_002,13
2024,마라0799,ho_yr_003,310
2024,마라0799,ho_yr_004,8
2024,마라0799,ho_yr_005,5
2024,마라0799,ho_yr_006,5
2024,마라0799,ho_yr_007,5
2024,마라0799,ho_yr_008,5
2024,마라0799,ho_yr_009,42
2024,마라0799,ho_yr_010,5
2024,마라0799,ho_yr_011,5
2024,마라0799,ho_yr_012,5
2024,마라0799,ho_yr_013,5
2024,마라0799,ho_yr_014,5
2024,마라0799,ho_yr_015,0
2024,마라0799,ho_yr_017,5
2024,마라0799,ho_yr_019,0
2024,마라0799,to_ho_001,434
2024,마라0846,ho_ar_004,5
2024,마라0846,ho_ar_005,5
2024,마라0846,ho_ar_006,5
2024,마라0846,ho_ar_007,0
2024,마라0846,ho_ar_008,8
2024,마라0846,ho_gb_002,13
2024,마라0846,ho_gb_006,0
2024,마라0846,ho_yr_004,8
2024,마라0846,ho_yr_006,0
2024,마라0846,ho_yr_010,5
2024,마라0846,ho_yr_012,5
2024,마라0846,ho_yr_014,5
2024,마라0846,to_ho_001,13
2024,마라0847,ho_ar_003,0
2024,마라0847,ho_gb_002,0
2024,마라0847,ho_yr_001,5
2024,마라0847,to_ho_001,5
2024,마라0849,ho_ar_002,73
2024,마라0849,ho_ar_003,281
2024,마라0849,ho_ar_004,5
2024,마라0849,ho_ar_005,0
2024,마라0849,ho_ar_006,5
2024,마라0849,ho_ar_007,8
2024,마라0849,ho_ar_008,8
2024,마라0849,ho_ar_009,19
2024,마라0849,ho_gb_002,38
2024,마라0849,ho_gb_003,349
2024,마라0849,ho_gb_005,5
2024,마라0849,ho_gb_006,0
2024,마라0849,ho_yr_002,0
2024,마라0849,ho_yr_004,349
2024,마라0849,ho_yr_010,0
2024,마라0849,ho_yr_011,26
2024,마라0849,ho_yr_012,5
2024,마라0849,ho_yr_013,0
2024,마라0849,ho_yr_014,5
2024,마라0849,ho_yr_015,0
2024,마라0849,ho_yr_017,0
2024,마라0849,to_ho_001,385
2024,마라0850,ho_ar_002,5
2024,마라0850,ho_ar_003,5
2024,마라0850,ho_ar_004,5
2024,마라0850,ho_ar_005,5
2024,마라0850,ho_ar_006,5
2024,마라0850,ho_ar_007,5
2024,마라0850,ho_gb_002,18
2024,마라0850,ho_yr_001,5
2024,마라0850,ho_yr_002,5
2024,마라0850,ho_yr_003,5
2024,마라0850,ho_yr_004,0
2024,마라0850,ho_yr_005,5
2024,마라0850,ho_yr_007,0
2024,마라0850,ho_yr_009,5
2024,마라0850,ho_yr_010,5
2024,마라0850,to_ho_001,18
2024,마라0852,ho_ar_003,328
2024,마라0852,ho_ar_004,1115
2024,마라0852,ho_ar_005,5
2024,마라0852,ho_ar_006,8
2024,마라0852,ho_ar_007,5
2024,마라0852,ho_ar_008,5
2024,마라0852,ho_ar_009,99
2024,마라0852,ho_gb_001,8
2024,마라0852,ho_gb_002,118
2024,마라0852,ho_gb_003,1425
2024,마라0852,ho_gb_005,5
2024,마라0852,ho_gb_006,8
2024,마라0852,ho_yr_001,0
2024,마라0852,ho_yr_002,5
2024,마라0852,ho_yr_003,278
2024,마라0852,ho_yr_004,50
2024,마라0852,ho_yr_005,434
2024,마라0852,ho_yr_006,5
2024,마라0852,ho_yr_007,5
2024,마라0852,ho_yr_008,374
2024,마라0852,ho_yr_009,126
2024,마라0852,ho_yr_010,245
2024,마라0852,ho_yr_011,32
2024,마라0852,ho_yr_012,8
2024,마라0852,ho_yr_019,5
2024,마라0852,to_ho_001,1557
2024,마라0853,ho_ar_002,22
2024,마라0853,ho_ar_003,656
2024,마라0853,ho_ar_004,2664
2024,마라0853,ho_ar_005,45
2024,마라0853,ho_ar_006,118
2024,마라0853,ho_ar_007,13
2024,마라0853,ho_ar_008,13
2024,마라0853,ho_ar_009,139
2024,마라0853,ho_gb_001,44
2024,마라0853,ho_gb_002,183
2024,마라0853,ho_gb_003,3413
2024,마라0853,ho_gb_004,13
2024,마라0853,ho_gb_005,8
2024,마라0853,ho_gb_006,167
2024,마라0853,ho_yr_001,5
2024,마라0853,ho_yr_002,5
2024,마라0853,ho_yr_003,187
2024,마라0853,ho_yr_004,85
2024,마라0853,ho_yr_005,8
2024,마라0853,ho_yr_006,682
2024,마라0853,ho_yr_007,8
2024,마라0853,ho_yr_008,252
2024,마라0853,ho_yr_009,582
2024,마라0853,ho_yr_010,61
2024,마라0853,ho_yr_011,923
2024,마라0853,ho_yr_012,13
2024,마라0853,ho_yr_013,495
2024,마라0853,ho_yr_014,356
2024,마라0853,ho_yr_015,0
2024,마라0853,ho_yr_016,0
2024,마라0853,ho_yr_017,5
2024,마라0853,ho_yr_018,0
2024,마라0853,to_ho_001,3661
2024,마라0854,ho_ar_002,29
2024,마라0854,ho_ar_003,45
2024,마라0854,ho_ar_004,763
2024,마라0854,ho_ar_006,78
2024,마라0854,ho_ar_007,5
2024,마라0854,ho_ar_008,0
2024,마라0854,ho_ar_009,36
2024,마라0854,ho_gb_001,45
2024,마라0854,ho_gb_002,41
2024,마라0854,ho_gb_003,847
2024,마라0854,ho_gb_004,13
2024,마라0854,ho_gb_005,5
2024,마라0854,ho_gb_006,5
2024,마라0854,ho_yr_001,5
2024,마라0854,ho_yr_002,5
2024,마라0854,ho_yr_004,63
2024,마라0854,ho_yr_005,810
2024,마라0854,ho_yr_006,0
2024,마라0854,ho_yr_007,13
2024,마라0854,ho_yr_008,35
2024,마라0854,ho_yr_009,27
2024,마라0854,ho_yr_010,0
2024,마라0854,ho_yr_011,5
2024,마라0854,ho_yr_012,0
2024,마라0854,to_ho_001,950
2024,마라0855,ho_ar_002,40
2024,마라0855,ho_ar_003,331
2024,마라0855,ho_ar_004,1202
2024,마라0855,ho_ar_005,16
2024,마라0855,ho_ar_006,112
2024,마라0855,ho_ar_007,29
2024,마라0855,ho_ar_008,13
2024,마라0855,ho_ar_009,58
2024,마라0855,ho_gb_001,80
2024,마라0855,ho_gb_002,110
2024,마라0855,ho_gb_003,1542
2024,마라0855,ho_gb_004,29
2024,마라0855,ho_gb_005,40
2024,마라0855,ho_gb_006,142
2024,마라0855,ho_yr_002,148
2024,마라0855,ho_yr_003,626
2024,마라0855,ho_yr_004,284
2024,마라0855,ho_yr_005,202
2024,마라0855,ho_yr_006,5
2024,마라0855,ho_yr_008,8
2024,마라0855,ho_yr_009,44
2024,마라0855,ho_yr_010,13
2024,마라0855,ho_yr_011,262
2024,마라0855,ho_yr_012,8
2024,마라0855,ho_yr_013,0
2024,마라0855,ho_yr_019,211
2024,마라0855,to_ho_001,1802
2024,마라0856,ho_ar_002,26
2024,마라0856,ho_ar_003,2357
2024,마라0856,ho_ar_004,1234
2024,마라0856,ho_ar_005,110
2024,마라0856,ho_ar_006,117
2024,마라0856,ho_ar_007,75
2024,마라0856,ho_ar_008,38
2024,마라0856,ho_ar_009,170
2024,마라0856,ho_gb_001,189
2024,마라0856,ho_gb_002,415
2024,마라0856,ho_gb_003,3314
2024,마라0856,ho_gb_004,167
2024,마라0856,ho_gb_005,43
2024,마라0856,ho_gb_006,285
2024,마라0856,ho_yr_001,5
2024,마라0856,ho_yr_002,784
2024,마라0856,ho_yr_003,2668
2024,마라0856,ho_yr_004,315
2024,마라0856,ho_yr_005,144
2024,마라0856,ho_yr_006,16
2024,마라0856,ho_yr_007,18
2024,마라0856,ho_yr_008,42
2024,마라0856,ho_yr_009,33
2024,마라0856,ho_yr_010,38
2024,마라0856,ho_yr_011,29
2024,마라0856,ho_yr_012,8
2024,마라0856,ho_yr_013,29
2024,마라0856,ho_yr_015,5
2024,마라0856,to_ho_001,4124
2024,마라0857,ho_ar_001,5
2024,마라0857,ho_ar_002,5
2024,마라0857,ho_ar_003,658
2024,마라0857,ho_ar_004,86
2024,마라0857,ho_ar_005,13
2024,마라0857,ho_ar_006,15
2024,마라0857,ho_ar_007,12
2024,마라0857,ho_ar_008,8
2024,마라0857,ho_ar_009,8
2024,마라0857,ho_gb_002,40
2024,마라0857,ho_gb_003,721
2024,마라0857,ho_gb_004,32
2024,마라0857,ho_gb_005,5
2024,마라0857,ho_gb_006,8
2024,마라0857,ho_yr_001,5
2024,마라0857,ho_yr_002,8
2024,마라0857,ho_yr_003,577
2024,마라0857,ho_yr_004,184
2024,마라0857,ho_yr_005,8
2024,마라0857,ho_yr_006,0
2024,마라0857,ho_yr_007,5
2024,마라0857,ho_yr_009,0
2024,마라0857,ho_yr_010,0
2024,마라0857,ho_yr_011,14
2024,마라0857,ho_yr_012,0
2024,마라0857,ho_yr_014,0
2024,마라0857,ho_yr_015,5
2024,마라0857,ho_yr_016,0
2024,마라0857,to_ho_001,795
2024,마라0858,ho_ar_002,0
2024,마라0858,ho_ar_003,8
2024,마라0858,ho_ar_004,5
2024,마라0858,ho_ar_005,5
2024,마라0858,ho_ar_006,0
2024,마라0858,ho_ar_007,5
2024,마라0858,ho_ar_008,14
2024,마라0858,ho_gb_001,9
2024,마라0858,ho_gb_002,19
2024,마라0858,ho_yr_001,8
2024,마라0858,ho_yr_003,5
2024,마라0858,ho_yr_004,8
2024,마라0858,ho_yr_005,9
2024,마라0858,ho_yr_007,0
2024,마라0858,ho_yr_010,5
2024,마라0858,ho_yr_011,0
2024,마라0858,ho_yr_013,0
2024,마라0858,ho_yr_016,0
2024,마라0858,to_ho_001,27
2024,마라0859,ho_ar_002,5
2024,마라0859,ho_ar_003,5
2024,마라0859,ho_ar_004,8
2024,마라0859,ho_ar_007,5
2024,마라0859,ho_gb_002,13
2024,마라0859,ho_yr_001,8
2024,마라0859,ho_yr_003,5
2024,마라0859,ho_yr_004,5
2024,마라0859,ho_yr_006,0
2024,마라0859,ho_yr_007,5
2024,마라0859,ho_yr_008,5
2024,마라0859,ho_yr_015,0
2024,마라0859,to_ho_001,13
2024,마라0862,ho_ar_002,8
2024,마라0862,ho_ar_003,8
2024,마라0862,ho_ar_004,8
2024,마라0862,ho_ar_005,8
2024,마라0862,ho_ar_006,5
2024,마라0862,ho_ar_007,5
2024,마라0862,ho_ar_008,5
2024,마라0862,ho_gb_002,40
2024,마라0862,ho_gb_006,5
2024,마라0862,ho_yr_001,18
2024,마라0862,ho_yr_002,5
2024,마라0862,ho_yr_003,13
2024,마라0862,ho_yr_004,0
2024,마라0862,ho_yr_006,0
2024,마라0862,ho_yr_008,0
2024,마라0862,ho_yr_009,0
2024,마라0862,ho_yr_019,0
2024,마라0862,to_ho_001,38
2024,마라0863,ho_ar_004,5
2024,마라0863,ho_ar_005,5
2024,마라0863,ho_ar_006,5
2024,마라0863,ho_ar_007,0
2024,마라0863,ho_gb_002,8
2024,마라0863,ho_gb_006,0
2024,마라0863,ho_yr_006,0
2024,마라0863,ho_yr_009,0
2024,마라0863,ho_yr_014,0
2024,마라0863,ho_yr_015,0
2024,마라0863,ho_yr_017,5
2024,마라0863,ho_yr_019,5
2024,마라0863,to_ho_001,8
2024,마라0864,ho_ar_002,8
2024,마라0864,ho_ar_003,13
2024,마라0864,ho_ar_004,40
2024,마라0864,ho_ar_005,18
2024,마라0864,ho_ar_006,5
2024,마라0864,ho_ar_007,5
2024,마라0864,ho_ar_008,0
2024,마라0864,ho_gb_002,80
2024,마라0864,ho_yr_001,13
2024,마라0864,ho_yr_002,5
2024,마라0864,ho_yr_003,39
2024,마라0864,ho_yr_004,8
2024,마라0864,ho_yr_005,5
2024,마라0864,ho_yr_007,0
2024,마라0864,ho_yr_008,5
2024,마라0864,ho_yr_009,5
2024,마라0864,ho_yr_011,5
2024,마라0864,ho_yr_012,5
2024,마라0864,ho_yr_013,0
2024,마라0864,ho_yr_016,0
2024,마라0864,ho_yr_017,5
2024,마라0864,ho_yr_018,5
2024,마라0864,to_ho_001,79
2024,마라0865,ho_ar_001,5
2024,마라0865,ho_ar_002,5
2024,마라0865,ho_ar_003,19
2024,마라0865,ho_ar_004,13
2024,마라0865,ho_ar_005,8
2024,마라0865,ho_ar_006,11
2024,마라0865,ho_ar_007,8
2024,마라0865,ho_ar_008,8
2024,마라0865,ho_ar_009,0
2024,마라0865,ho_gb_002,68
2024,마라0865,ho_gb_005,5
2024,마라0865,ho_gb_006,5
2024,마라0865,ho_yr_001,13
2024,마라0865,ho_yr_002,5
2024,마라0865,ho_yr_003,18
2024,마라0865,ho_yr_004,8
2024,마라0865,ho_yr_005,5
2024,마라0865,ho_yr_006,0
2024,마라0865,ho_yr_009,5
2024,마라0865,ho_yr_011,5
2024,마라0865,ho_yr_012,0
2024,마라0865,ho_yr_013,5
2024,마라0865,ho_yr_014,5
2024,마라0865,ho_yr_015,0
2024,마라0865,ho_yr_017,14
2024,마라0865,ho_yr_018,5
2024,마라0865,ho_yr_020,0
2024,마라0865,to_ho_001,69
2024,마라0866,ho_ar_002,8
2024,마라0866,ho_ar_003,18
2024,마라0866,ho_ar_004,28
2024,마라0866,ho_ar_005,13
2024,마라0866,ho_ar_006,5
2024,마라0866,ho_ar_007,5
2024,마라0866,ho_ar_008,5
2024,마라0866,ho_gb_002,72
2024,마라0866,ho_gb_005,0
2024,마라0866,ho_yr_001,15
2024,마라0866,ho_yr_002,8
2024,마라0866,ho_yr_003,18
2024,마라0866,ho_yr_004,8
2024,마라0866,ho_yr_005,5
2024,마라0866,ho_yr_006,0
2024,마라0866,ho_yr_007,5
2024,마라0866,ho_yr_009,0
2024,마라0866,ho_yr_012,5
2024,마라0866,ho_yr_013,5
2024,마라0866,ho_yr_016,5
2024,마라0866,ho_yr_017,0
2024,마라0866,to_ho_001,75
2024,마라0867,ho_ar_002,0
2024,마라0867,ho_ar_003,5
2024,마라0867,ho_ar_004,8
2024,마라0867,ho_ar_005,5
2024,마라0867,ho_ar_006,5
2024,마라0867,ho_ar_007,5
2024,마라0867,ho_ar_008,8
2024,마라0867,ho_ar_009,5
2024,마라0867,ho_gb_002,32
2024,마라0867,ho_gb_005,5
2024,마라0867,ho_gb_006,8
2024,마라0867,ho_yr_001,5
2024,마라0867,ho_yr_002,5
2024,마라0867,ho_yr_003,8
2024,마라0867,ho_yr_004,0
2024,마라0867,ho_yr_005,0
2024,마라0867,ho_yr_007,8
2024,마라0867,ho_yr_010,8
2024,마라0867,ho_yr_016,0
2024,마라0867,ho_yr_017,0
2024,마라0867,ho_yr_019,0
2024,마라0867,to_ho_001,33
2024,마라0868,ho_ar_001,5
2024,마라0868,ho_ar_003,5
2024,마라0868,ho_ar_004,8
2024,마라0868,ho_ar_005,8
2024,마라0868,ho_ar_006,0
2024,마라0868,ho_ar_007,0
2024,마라0868,ho_gb_002,23
2024,마라0868,ho_gb_005,5
2024,마라0868,ho_yr_001,0
2024,마라0868,ho_yr_003,8
2024,마라0868,ho_yr_004,8
2024,마라0868,ho_yr_005,8
2024,마라0868,ho_yr_011,5
2024,마라0868,ho_yr_012,5
2024,마라0868,ho_yr_014,0
2024,마라0868,to_ho_001,23
2024,마라0869,ho_ar_002,5
2024,마라0869,ho_ar_003,5
2024,마라0869,ho_ar_004,5
2024,마라0869,ho_ar_005,8
2024,마라0869,ho_ar_006,5
2024,마라0869,ho_ar_007,5
2024,마라0869,ho_gb_002,18
2024,마라0869,ho_yr_001,5
2024,마라0869,ho_yr_002,8
2024,마라0869,ho_yr_003,8
2024,마라0869,ho_yr_004,5
2024,마라0869,ho_yr_005,8
2024,마라0869,ho_yr_016,5
2024,마라0869,to_ho_001,18
2024,마라0871,ho_ar_003,8
2024,마라0871,ho_ar_005,0
2024,마라0871,ho_ar_006,0
2024,마라0871,ho_ar_007,5
2024,마라0871,ho_ar_009,0
2024,마라0871,ho_gb_002,8
2024,마라0871,ho_yr_001,5
2024,마라0871,ho_yr_006,0
2024,마라0871,ho_yr_018,8
2024,마라0871,ho_yr_019,0
2024,마라0871,to_ho_001,8
2024,마라0878,ho_ar_002,0
2024,마라0878,ho_ar_003,0
2024,마라0878,ho_gb_002,5
2024,마라0878,ho_gb_005,0
2024,마라0878,ho_yr_003,5
2024,마라0878,ho_yr_011,0
2024,마라0878,to_ho_001,5
2024,마라0884,ho_ar_001,5
2024,마라0884,ho_ar_002,98
2024,마라0884,ho_ar_003,147
2024,마라0884,ho_ar_004,544
2024,마라0884,ho_ar_005,120
2024,마라0884,ho_ar_006,139
2024,마라0884,ho_ar_007,108
2024,마라0884,ho_ar_008,150
2024,마라0884,ho_ar_009,88
2024,마라0884,ho_gb_001,25
2024,마라0884,ho_gb_002,774
2024,마라0884,ho_gb_003,484
2024,마라0884,ho_gb_004,91
2024,마라0884,ho_gb_005,23
2024,마라0884,ho_gb_006,34
2024,마라0884,ho_yr_001,96
2024,마라0884,ho_yr_002,107
2024,마라0884,ho_yr_003,842
2024,마라0884,ho_yr_004,184
2024,마라0884,ho_yr_005,23
2024,마라0884,ho_yr_006,8
2024,마라0884,ho_yr_007,8
2024,마라0884,ho_yr_008,13
2024,마라0884,ho_yr_009,98
2024,마라0884,ho_yr_010,13
2024,마라0884,ho_yr_011,5
2024,마라0884,ho_yr_013,5
2024,마라0884,ho_yr_014,5
2024,마라0884,ho_yr_016,5
2024,마라0884,to_ho_001,1400
2024,마라0885,ho_ar_001,8
2024,마라0885,ho_ar_002,444
2024,마라0885,ho_ar_003,800
2024,마라0885,ho_ar_004,2417
2024,마라0885,ho_ar_005,104
2024,마라0885,ho_ar_006,196
2024,마라0885,ho_ar_007,260
2024,마라0885,ho_ar_008,93
2024,마라0885,ho_ar_009,49
2024,마라0885,ho_gb_001,142
2024,마라0885,ho_gb_002,714
2024,마라0885,ho_gb_003,3124
2024,마라0885,ho_gb_004,346
2024,마라0885,ho_gb_005,38
2024,마라0885,ho_gb_006,47
2024,마라0885,ho_yr_001,271
2024,마라0885,ho_yr_002,766
2024,마라0885,ho_yr_003,998
2024,마라0885,ho_yr_004,172
2024,마라0885,ho_yr_005,1411
2024,마라0885,ho_yr_006,5
2024,마라0885,ho_yr_007,8
2024,마라0885,ho_yr_008,54
2024,마라0885,ho_yr_009,69
2024,마라0885,ho_yr_010,40
2024,마라0885,ho_yr_011,8
2024,마라0885,ho_yr_012,77
2024,마라0885,ho_yr_013,232
2024,마라0885,ho_yr_014,247
2024,마라0885,ho_yr_015,7
2024,마라0885,ho_yr_016,5
2024,마라0885,ho_yr_017,5
2024,마라0885,ho_yr_018,0
2024,마라0885,ho_yr_019,0
2024,마라0885,to_ho_001,4363
2024,마라0887,ho_gb_006,0
2024,마라0888,ho_ar_001,0
2024,마라0888,ho_ar_002,18
2024,마라0888,ho_ar_003,794
2024,마라0888,ho_ar_004,2043
2024,마라0888,ho_ar_005,8
2024,마라0888,ho_ar_006,82
2024,마라0888,ho_ar_007,101
2024,마라0888,ho_ar_008,13
2024,마라0888,ho_ar_009,26
2024,마라0888,ho_gb_001,24
2024,마라0888,ho_gb_002,110
2024,마라0888,ho_gb_003,2924
2024,마라0888,ho_gb_004,19
2024,마라0888,ho_gb_005,19
2024,마라0888,ho_gb_006,13
2024,마라0888,ho_yr_001,31
2024,마라0888,ho_yr_002,13
2024,마라0888,ho_yr_003,1693
2024,마라0888,ho_yr_004,618
2024,마라0888,ho_yr_005,137
2024,마라0888,ho_yr_006,5
2024,마라0888,ho_yr_007,5
2024,마라0888,ho_yr_008,8
2024,마라0888,ho_yr_009,5
2024,마라0888,ho_yr_010,0
2024,마라0888,ho_yr_011,0
2024,마라0888,ho_yr_012,8
2024,마라0888,ho_yr_015,172
2024,마라0888,ho_yr_016,0
2024,마라0888,ho_yr_017,0
2024,마라0888,ho_yr_020,401
2024,마라0888,to_ho_001,3093
2024,마라0889,ho_ar_003,5
2024,마라0889,ho_ar_005,0
2024,마라0889,ho_ar_007,5
2024,마라0889,ho_gb_005,5
2024,마라0889,ho_gb_006,18
2024,마라0889,ho_yr_002,5
2024,마라0889,ho_yr_004,0
2024,마라0889,to_ho_001,5
2024,마라0890,ho_ar_002,79
2024,마라0890,ho_ar_003,1025
2024,마라0890,ho_ar_004,851
2024,마라0890,ho_ar_006,181
2024,마라0890,ho_ar_007,54
2024,마라0890,ho_gb_003,2186
2024,마라0890,ho_gb_006,13
2024,마라0890,ho_yr_002,760
2024,마라0890,ho_yr_003,707
2024,마라0890,ho_yr_005,132
2024,마라0890,ho_yr_013,488
2024,마라0890,ho_yr_014,99
2024,마라0890,to_ho_001,2186
2024,마라0891,ho_ar_002,39
2024,마라0891,ho_ar_003,1838
2024,마라0891,ho_ar_004,3502
2024,마라0891,ho_ar_005,57
2024,마라0891,ho_ar_006,647
2024,마라0891,ho_ar_007,203
2024,마라0891,ho_ar_008,185
2024,마라0891,ho_ar_009,127
2024,마라0891,ho_gb_002,189
2024,마라0891,ho_gb_003,6393
2024,마라0891,ho_gb_005,13
2024,마라0891,ho_gb_006,8
2024,마라0891,ho_yr_002,184
2024,마라0891,ho_yr_003,4496
2024,마라0891,ho_yr_004,182
2024,마라0891,ho_yr_005,13
2024,마라0891,ho_yr_006,5
2024,마라0891,ho_yr_007,5
2024,마라0891,ho_yr_008,8
2024,마라0891,ho_yr_009,18
2024,마라0891,ho_yr_010,270
2024,마라0891,ho_yr_011,8
2024,마라0891,ho_yr_012,14
2024,마라0891,ho_yr_013,542
2024,마라0891,ho_yr_014,856
2024,마라0891,ho_yr_016,5
2024,마라0891,ho_yr_017,5
2024,마라0891,ho_yr_018,0
2024,마라0891,to_ho_001,6593
2024,마라0892,ho_ar_001,0
2024,마라0892,ho_ar_002,105
2024,마라0892,ho_ar_003,3803
2024,마라0892,ho_ar_004,2572
2024,마라0892,ho_ar_005,8
2024,마라0892,ho_ar_006,648
2024,마라0892,ho_ar_007,338
2024,마라0892,ho_ar_008,315
2024,마라0892,ho_ar_009,234
2024,마라0892,ho_gb_002,579
2024,마라0892,ho_gb_003,7409
2024,마라0892,ho_gb_005,38
2024,마라0892,ho_gb_006,8
2024,마라0892,ho_yr_002,3481
2024,마라0892,ho_yr_003,4280
2024,마라0892,ho_yr_004,114
2024,마라0892,ho_yr_005,28
2024,마라0892,ho_yr_006,23
2024,마라0892,ho_yr_007,13
2024,마라0892,ho_yr_008,13
2024,마라0892,ho_yr_009,8
2024,마라0892,ho_yr_010,13
2024,마라0892,ho_yr_011,13
2024,마라0892,ho_yr_012,13
2024,마라0892,ho_yr_013,13
2024,마라0892,ho_yr_014,5
2024,마라0892,ho_yr_015,5
2024,마라0892,ho_yr_016,0
2024,마라0892,ho_yr_017,5
2024,마라0892,ho_yr_018,5
2024,마라0892,ho_yr_019,0
2024,마라0892,to_ho_001,8024
2024,마라0893,ho_ar_001,0
2024,마라0893,ho_ar_002,0
2024,마라0893,ho_ar_003,46
2024,마라0893,ho_ar_004,47
2024,마라0893,ho_ar_005,38
2024,마라0893,ho_ar_006,187
2024,마라0893,ho_ar_007,110
2024,마라0893,ho_ar_008,389
2024,마라0893,ho_ar_009,324
2024,마라0893,ho_gb_001,0
2024,마라0893,ho_gb_002,1067
2024,마라0893,ho_gb_005,74
2024,마라0893,ho_gb_006,60
2024,마라0893,ho_yr_002,377
2024,마라0893,ho_yr_003,351
2024,마라0893,ho_yr_004,189
2024,마라0893,ho_yr_005,54
2024,마라0893,ho_yr_006,23
2024,마라0893,ho_yr_007,28
2024,마라0893,ho_yr_008,23
2024,마라0893,ho_yr_009,13
2024,마라0893,ho_yr_010,13
2024,마라0893,ho_yr_011,28
2024,마라0893,ho_yr_012,8
2024,마라0893,ho_yr_013,8
2024,마라0893,ho_yr_014,8
2024,마라0893,ho_yr_015,8
2024,마라0893,ho_yr_016,5
2024,마라0893,ho_yr_017,5
2024,마라0893,ho_yr_018,8
2024,마라0893,ho_yr_019,5
2024,마라0893,to_ho_001,1142
2024,마라0894,ho_ar_002,0
2024,마라0894,ho_ar_003,0
2024,마라0894,ho_ar_004,5
2024,마라0894,ho_ar_005,8
2024,마라0894,ho_ar_006,23
2024,마라0894,ho_ar_007,40
2024,마라0894,ho_ar_008,70
2024,마라0894,ho_ar_009,197
2024,마라0894,ho_gb_002,320
2024,마라0894,ho_gb_005,23
2024,마라0894,ho_gb_006,757
2024,마라0894,ho_yr_002,58
2024,마라0894,ho_yr_003,147
2024,마라0894,ho_yr_004,60
2024,마라0894,ho_yr_005,18
2024,마라0894,ho_yr_006,5
2024,마라0894,ho_yr_007,8
2024,마라0894,ho_yr_008,13
2024,마라0894,ho_yr_009,5
2024,마라0894,ho_yr_010,8
2024,마라0894,ho_yr_011,5
2024,마라0894,ho_yr_012,5
2024,마라0894,ho_yr_013,5
2024,마라0894,ho_yr_014,5
2024,마라0894,ho_yr_017,5
2024,마라0894,ho_yr_018,0
2024,마라0894,ho_yr_019,5
2024,마라0894,to_ho_001,344
2024,마라0895,ho_gb_006,0
2024,마라0898,ho_ar_001,0
2024,마라0898,ho_ar_002,8
2024,마라0898,ho_ar_003,317
2024,마라0898,ho_ar_004,281
2024,마라0898,ho_ar_005,8
2024,마라0898,ho_ar_006,18
2024,마라0898,ho_ar_007,8
2024,마라0898,ho_ar_008,5
2024,마라0898,ho_ar_009,8
2024,마라0898,ho_gb_001,45
2024,마라0898,ho_gb_002,90
2024,마라0898,ho_gb_003,490
2024,마라0898,ho_gb_004,9
2024,마라0898,ho_gb_005,18
2024,마라0898,ho_gb_006,59
2024,마라0898,ho_yr_001,25
2024,마라0898,ho_yr_002,283
2024,마라0898,ho_yr_003,201
2024,마라0898,ho_yr_004,8
2024,마라0898,ho_yr_005,13
2024,마라0898,ho_yr_006,5
2024,마라0898,ho_yr_007,5
2024,마라0898,ho_yr_009,8
2024,마라0898,ho_yr_011,33
2024,마라0898,ho_yr_013,42
2024,마라0898,ho_yr_014,42
2024,마라0898,ho_yr_018,0
2024,마라0898,to_ho_001,653
2024,마라0899,ho_ar_002,5
2024,마라0899,ho_ar_003,60
2024,마라0899,ho_ar_004,359
2024,마라0899,ho_ar_005,8
2024,마라0899,ho_ar_006,5
2024,마라0899,ho_ar_007,5
2024,마라0899,ho_ar_009,0
2024,마라0899,ho_gb_002,19
2024,마라0899,ho_gb_003,397
2024,마라0899,ho_gb_004,11
2024,마라0899,ho_gb_005,5
2024,마라0899,ho_gb_006,8
2024,마라0899,ho_yr_001,5
2024,마라0899,ho_yr_002,0
2024,마라0899,ho_yr_003,307
2024,마라0899,ho_yr_004,117
2024,마라0899,ho_yr_005,5
2024,마라0899,ho_yr_007,0
2024,마라0899,ho_yr_014,0
2024,마라0899,to_ho_001,429
2024,마라0945,ho_ar_008,0
2024,마라0945,ho_gb_002,5
2024,마라0945,ho_yr_003,0
2024,마라0945,to_ho_001,0
2024,마라0946,ho_ar_002,8
2024,마라0946,ho_ar_003,28
2024,마라0946,ho_ar_004,46
2024,마라0946,ho_ar_005,23
2024,마라0946,ho_ar_006,23
2024,마라0946,ho_ar_007,23
2024,마라0946,ho_ar_008,13
2024,마라0946,ho_ar_009,8
2024,마라0946,ho_gb_002,141
2024,마라0946,ho_gb_004,11
2024,마라0946,ho_gb_005,8
2024,마라0946,ho_gb_006,8
2024,마라0946,ho_yr_001,18
2024,마라0946,ho_yr_002,18
2024,마라0946,ho_yr_003,73
2024,마라0946,ho_yr_004,18
2024,마라0946,ho_yr_005,13
2024,마라0946,ho_yr_006,5
2024,마라0946,ho_yr_007,0
2024,마라0946,ho_yr_008,5
2024,마라0946,ho_yr_009,5
2024,마라0946,ho_yr_010,0
2024,마라0946,ho_yr_011,5
2024,마라0946,ho_yr_012,8
2024,마라0946,ho_yr_013,0
2024,마라0946,ho_yr_016,0
2024,마라0946,ho_yr_018,0
2024,마라0946,to_ho_001,163
2024,마라0947,ho_gb_006,0
2024,마라0948,ho_ar_002,8
2024,마라0948,ho_ar_003,52
2024,마라0948,ho_ar_004,224
2024,마라0948,ho_ar_005,18
2024,마라0948,ho_ar_006,18
2024,마라0948,ho_ar_007,23
2024,마라0948,ho_ar_008,8
2024,마라0948,ho_ar_009,5
2024,마라0948,ho_gb_002,124
2024,마라0948,ho_gb_003,210
2024,마라0948,ho_gb_004,13
2024,마라0948,ho_gb_005,8
2024,마라0948,ho_gb_006,8
2024,마라0948,ho_yr_001,13
2024,마라0948,ho_yr_002,28
2024,마라0948,ho_yr_003,28
2024,마라0948,ho_yr_004,8
2024,마라0948,ho_yr_005,5
2024,마라0948,ho_yr_007,5
2024,마라0948,ho_yr_008,5
2024,마라0948,ho_yr_009,21
2024,마라0948,ho_yr_010,8
2024,마라0948,ho_yr_011,5
2024,마라0948,ho_yr_012,8
2024,마라0948,ho_yr_014,223
2024,마라0948,ho_yr_015,0
2024,마라0948,ho_yr_016,5
2024,마라0948,ho_yr_018,5
2024,마라0948,ho_yr_020,8
2024,마라0948,to_ho_001,351
2024,마라0949,ho_ar_002,283
2024,마라0949,ho_ar_003,183
2024,마라0949,ho_ar_004,36
2024,마라0949,ho_ar_005,30
2024,마라0949,ho_ar_006,35
2024,마라0949,ho_ar_007,5
2024,마라0949,ho_ar_008,13
2024,마라0949,ho_ar_009,13
2024,마라0949,ho_gb_002,92
2024,마라0949,ho_gb_003,486
2024,마라0949,ho_gb_005,13
2024,마라0949,ho_gb_006,5
2024,마라0949,ho_yr_001,8
2024,마라0949,ho_yr_002,23
2024,마라0949,ho_yr_003,18
2024,마라0949,ho_yr_004,25
2024,마라0949,ho_yr_005,466
2024,마라0949,ho_yr_006,32
2024,마라0949,ho_yr_007,5
2024,마라0949,ho_yr_009,5
2024,마라0949,ho_yr_010,5
2024,마라0949,ho_yr_011,5
2024,마라0949,ho_yr_012,8
2024,마라0949,ho_yr_014,0
2024,마라0949,ho_yr_015,5
2024,마라0949,ho_yr_019,5
2024,마라0949,to_ho_001,592
2024,마라0950,ho_ar_002,5
2024,마라0950,ho_ar_003,238
2024,마라0950,ho_ar_004,393
2024,마라0950,ho_ar_005,29
2024,마라0950,ho_ar_006,19
2024,마라0950,ho_ar_007,8
2024,마라0950,ho_ar_008,18
2024,마라0950,ho_ar_009,8
2024,마라0950,ho_gb_002,116
2024,마라0950,ho_gb_003,582
2024,마라0950,ho_gb_004,21
2024,마라0950,ho_gb_006,12
2024,마라0950,ho_yr_001,23
2024,마라0950,ho_yr_002,18
2024,마라0950,ho_yr_003,18
2024,마라0950,ho_yr_004,13
2024,마라0950,ho_yr_005,13
2024,마라0950,ho_yr_007,5
2024,마라0950,ho_yr_008,20
2024,마라0950,ho_yr_009,0
2024,마라0950,ho_yr_010,5
2024,마라0950,ho_yr_011,5
2024,마라0950,ho_yr_012,5
2024,마라0950,ho_yr_013,0
2024,마라0950,ho_yr_014,0
2024,마라0950,ho_yr_015,587
2024,마라0950,ho_yr_017,5
2024,마라0950,to_ho_001,715
2024,마라0952,ho_ar_002,5
2024,마라0952,ho_ar_003,191
2024,마라0952,ho_ar_004,14
2024,마라0952,ho_ar_005,8
2024,마라0952,ho_ar_006,8
2024,마라0952,ho_ar_007,5
2024,마라0952,ho_ar_008,8
2024,마라0952,ho_ar_009,56
2024,마라0952,ho_gb_001,11
2024,마라0952,ho_gb_002,93
2024,마라0952,ho_gb_003,186
2024,마라0952,ho_gb_005,0
2024,마라0952,ho_gb_006,5
2024,마라0952,ho_yr_001,5
2024,마라0952,ho_yr_002,8
2024,마라0952,ho_yr_003,19
2024,마라0952,ho_yr_004,200
2024,마라0952,ho_yr_005,13
2024,마라0952,ho_yr_006,0
2024,마라0952,ho_yr_007,13
2024,마라0952,ho_yr_008,13
2024,마라0952,ho_yr_009,8
2024,마라0952,ho_yr_010,8
2024,마라0952,ho_yr_011,13
2024,마라0952,to_ho_001,287
2024,마라0953,ho_ar_002,5
2024,마라0953,ho_ar_003,8
2024,마라0953,ho_ar_004,24
2024,마라0953,ho_ar_005,8
2024,마라0953,ho_ar_006,13
2024,마라0953,ho_ar_007,8
2024,마라0953,ho_ar_008,8
2024,마라0953,ho_ar_009,28
2024,마라0953,ho_gb_001,18
2024,마라0953,ho_gb_002,58
2024,마라0953,ho_gb_003,14
2024,마라0953,ho_gb_005,8
2024,마라0953,ho_gb_006,14
2024,마라0953,ho_yr_001,8
2024,마라0953,ho_yr_002,8
2024,마라0953,ho_yr_003,13
2024,마라0953,ho_yr_004,5
2024,마라0953,ho_yr_005,33
2024,마라0953,ho_yr_006,0
2024,마라0953,ho_yr_007,5
2024,마라0953,ho_yr_008,5
2024,마라0953,ho_yr_009,5
2024,마라0953,ho_yr_010,8
2024,마라0953,ho_yr_011,0
2024,마라0953,ho_yr_012,0
2024,마라0953,ho_yr_017,0
2024,마라0953,to_ho_001,91
2024,마라0954,ho_ar_004,5
2024,마라0954,ho_ar_007,5
2024,마라0954,ho_ar_008,5
2024,마라0954,ho_ar_009,17
2024,마라0954,ho_gb_002,19
2024,마라0954,ho_gb_005,8
2024,마라0954,ho_gb_006,0
2024,마라0954,ho_yr_003,0
2024,마라0954,ho_yr_004,0
2024,마라0954,ho_yr_005,8
2024,마라0954,ho_yr_006,5
2024,마라0954,ho_yr_007,5
2024,마라0954,ho_yr_008,0
2024,마라0954,ho_yr_010,0
2024,마라0954,ho_yr_011,5
2024,마라0954,ho_yr_012,0
2024,마라0954,ho_yr_020,0
2024,마라0954,to_ho_001,23
2024,마라0955,ho_ar_002,29
2024,마라0955,ho_ar_003,143
2024,마라0955,ho_ar_004,511
2024,마라0955,ho_ar_005,13
2024,마라0955,ho_ar_006,98
2024,마라0955,ho_ar_007,26
2024,마라0955,ho_ar_008,18
2024,마라0955,ho_ar_009,58
2024,마라0955,ho_gb_001,70
2024,마라0955,ho_gb_002,120
2024,마라0955,ho_gb_003,615
2024,마라0955,ho_gb_004,44
2024,마라0955,ho_gb_005,45
2024,마라0955,ho_gb_006,130
2024,마라0955,ho_yr_001,8
2024,마라0955,ho_yr_002,64
2024,마라0955,ho_yr_003,279
2024,마라0955,ho_yr_004,210
2024,마라0955,ho_yr_005,223
2024,마라0955,ho_yr_006,5
2024,마라0955,ho_yr_007,44
2024,마라0955,ho_yr_008,15
2024,마라0955,ho_yr_009,14
2024,마라0955,ho_yr_010,5
2024,마라0955,ho_yr_011,8
2024,마라0955,ho_yr_013,28
2024,마라0955,to_ho_001,892
2024,마라0956,ho_ar_002,65
2024,마라0956,ho_ar_003,986
2024,마라0956,ho_ar_004,1899
2024,마라0956,ho_ar_005,58
2024,마라0956,ho_ar_006,131
2024,마라0956,ho_ar_007,69
2024,마라0956,ho_ar_008,43
2024,마라0956,ho_ar_009,156
2024,마라0956,ho_gb_001,62
2024,마라0956,ho_gb_002,336
2024,마라0956,ho_gb_003,2906
2024,마라0956,ho_gb_004,81
2024,마라0956,ho_gb_005,28
2024,마라0956,ho_gb_006,33
2024,마라0956,ho_yr_001,8
2024,마라0956,ho_yr_002,112
2024,마라0956,ho_yr_003,1673
2024,마라0956,ho_yr_004,134
2024,마라0956,ho_yr_005,270
2024,마라0956,ho_yr_006,8
2024,마라0956,ho_yr_007,24
2024,마라0956,ho_yr_008,24
2024,마라0956,ho_yr_009,82
2024,마라0956,ho_yr_010,38
2024,마라0956,ho_yr_011,18
2024,마라0956,ho_yr_012,802
2024,마라0956,ho_yr_013,223
2024,마라0956,ho_yr_014,0
2024,마라0956,to_ho_001,3413
2024,마라0957,ho_ar_003,96
2024,마라0957,ho_ar_004,294
2024,마라0957,ho_ar_005,5
2024,마라0957,ho_ar_006,8
2024,마라0957,ho_ar_007,18
2024,마라0957,ho_ar_008,8
2024,마라0957,ho_ar_009,5
2024,마라0957,ho_gb_002,46
2024,마라0957,ho_gb_003,368
2024,마라0957,ho_gb_004,11
2024,마라0957,ho_gb_005,5
2024,마라0957,ho_gb_006,0
2024,마라0957,ho_yr_001,8
2024,마라0957,ho_yr_002,5
2024,마라0957,ho_yr_003,8
2024,마라0957,ho_yr_004,5
2024,마라0957,ho_yr_005,5
2024,마라0957,ho_yr_007,0
2024,마라0957,ho_yr_008,0
2024,마라0957,ho_yr_009,13
2024,마라0957,ho_yr_010,5
2024,마라0957,ho_yr_011,8
2024,마라0957,ho_yr_012,16
2024,마라0957,ho_yr_013,376
2024,마라0957,to_ho_001,430
2024,마라0958,ho_ar_002,5
2024,마라0958,ho_ar_003,54
2024,마라0958,ho_ar_004,106
2024,마라0958,ho_ar_005,13
2024,마라0958,ho_ar_006,5
2024,마라0958,ho_ar_007,13
2024,마라0958,ho_ar_008,8
2024,마라0958,ho_ar_009,5
2024,마라0958,ho_gb_002,53
2024,마라0958,ho_gb_003,146
2024,마라0958,ho_gb_005,5
2024,마라0958,ho_yr_001,8
2024,마라0958,ho_yr_002,5
2024,마라0958,ho_yr_003,5
2024,마라0958,ho_yr_004,8
2024,마라0958,ho_yr_005,0
2024,마라0958,ho_yr_006,5
2024,마라0958,ho_yr_007,5
2024,마라0958,ho_yr_008,0
2024,마라0958,ho_yr_009,8
2024,마라0958,ho_yr_010,5
2024,마라0958,ho_yr_012,8
2024,마라0958,ho_yr_013,151
2024,마라0958,ho_yr_016,5
2024,마라0958,ho_yr_017,0
2024,마라0958,ho_yr_019,0
2024,마라0958,to_ho_001,199
2024,마라0960,ho_ar_005,5
2024,마라0960,ho_gb_002,0
2024,마라0960,ho_yr_017,0
2024,마라0960,to_ho_001,0
2024,마라0961,ho_ar_003,0
2024,마라0961,ho_ar_004,0
2024,마라0961,ho_ar_005,5
2024,마라0961,ho_ar_006,5
2024,마라0961,ho_gb_002,8
2024,마라0961,ho_yr_003,5
2024,마라0961,ho_yr_011,0
2024,마라0961,ho_yr_012,5
2024,마라0961,ho_yr_013,0
2024,마라0961,to_ho_001,8
2024,마라0962,ho_ar_003,0
2024,마라0962,ho_gb_002,0
2024,마라0962,ho_yr_005,0
2024,마라0962,to_ho_001,0
2024,마라0963,ho_ar_004,0
2024,마라0963,ho_ar_005,5
2024,마라0963,ho_ar_006,0
2024,마라0963,ho_ar_007,5
2024,마라0963,ho_ar_008,0
2024,마라0963,ho_gb_002,8
2024,마라0963,ho_yr_001,0
2024,마라0963,ho_yr_003,5
2024,마라0963,ho_yr_006,5
2024,마라0963,ho_yr_008,0
2024,마라0963,ho_yr_013,5
2024,마라0963,to_ho_001,8
2024,마라0964,ho_ar_002,0
2024,마라0964,ho_ar_003,13
2024,마라0964,ho_ar_004,26
2024,마라0964,ho_ar_005,18
2024,마라0964,ho_ar_006,13
2024,마라0964,ho_ar_007,5
2024,마라0964,ho_ar_008,8
2024,마라0964,ho_ar_009,0
2024,마라0964,ho_gb_002,85
2024,마라0964,ho_gb_005,0
2024,마라0964,ho_gb_006,5
2024,마라0964,ho_yr_001,13
2024,마라0964,ho_yr_002,8
2024,마라0964,ho_yr_003,30
2024,마라0964,ho_yr_004,8
2024,마라0964,ho_yr_005,8
2024,마라0964,ho_yr_006,5
2024,마라0964,ho_yr_007,5
2024,마라0964,ho_yr_008,0
2024,마라0964,ho_yr_009,5
2024,마라0964,ho_yr_010,5
2024,마라0964,ho_yr_011,5
2024,마라0964,ho_yr_012,5
2024,마라0964,ho_yr_013,5
2024,마라0964,ho_yr_014,0
2024,마라0964,ho_yr_015,0
2024,마라0964,ho_yr_016,0
2024,마라0964,ho_yr_017,0
2024,마라0964,to_ho_001,85
2024,마라0965,ho_ar_004,0
2024,마라0965,ho_ar_006,5
2024,마라0965,ho_ar_007,0
2024,마라0965,ho_ar_008,0
2024,마라0965,ho_ar_009,0
2024,마라0965,ho_gb_002,5
2024,마라0965,ho_gb_005,5
2024,마라0965,ho_yr_006,5
2024,마라0965,ho_yr_008,0
2024,마라0965,ho_yr_009,5
2024,마라0965,ho_yr_012,0
2024,마라0965,to_ho_001,8
2024,마라0966,ho_ar_002,0
2024,마라0966,ho_ar_003,8
2024,마라0966,ho_ar_004,13
2024,마라0966,ho_ar_005,5
2024,마라0966,ho_ar_006,5
2024,마라0966,ho_ar_007,8
2024,마라0966,ho_gb_002,39
2024,마라0966,ho_gb_006,0
2024,마라0966,ho_yr_001,13
2024,마라0966,ho_yr_002,5
2024,마라0966,ho_yr_003,13
2024,마라0966,ho_yr_004,5
2024,마라0966,ho_yr_005,5
2024,마라0966,ho_yr_008,0
2024,마라0966,ho_yr_011,0
2024,마라0966,ho_yr_013,5
2024,마라0966,ho_yr_014,0
2024,마라0966,to_ho_001,38
2024,마라0967,ho_ar_002,5
2024,마라0967,ho_ar_003,8
2024,마라0967,ho_ar_004,13
2024,마라0967,ho_ar_005,13
2024,마라0967,ho_ar_006,8
2024,마라0967,ho_ar_007,0
2024,마라0967,ho_ar_008,5
2024,마라0967,ho_gb_002,50
2024,마라0967,ho_gb_005,0
2024,마라0967,ho_yr_001,8
2024,마라0967,ho_yr_002,5
2024,마라0967,ho_yr_003,18
2024,마라0967,ho_yr_004,5
2024,마라0967,ho_yr_006,0
2024,마라0967,ho_yr_011,5
2024,마라0967,ho_yr_013,0
2024,마라0967,ho_yr_014,0
2024,마라0967,ho_yr_015,5
2024,마라0967,ho_yr_016,0
2024,마라0967,ho_yr_017,0
2024,마라0967,ho_yr_018,5
2024,마라0967,ho_yr_019,5
2024,마라0967,to_ho_001,53
2024,마라0968,ho_ar_002,0
2024,마라0968,ho_ar_003,8
2024,마라0968,ho_ar_004,8
2024,마라0968,ho_ar_005,22
2024,마라0968,ho_ar_006,8
2024,마라0968,ho_ar_007,5
2024,마라0968,ho_ar_008,5
2024,마라0968,ho_gb_002,51
2024,마라0968,ho_gb_005,5
2024,마라0968,ho_gb_006,8
2024,마라0968,ho_yr_001,8
2024,마라0968,ho_yr_002,0
2024,마라0968,ho_yr_003,13
2024,마라0968,ho_yr_004,5
2024,마라0968,ho_yr_005,5
2024,마라0968,ho_yr_006,5
2024,마라0968,ho_yr_007,0
2024,마라0968,ho_yr_011,5
2024,마라0968,ho_yr_012,5
2024,마라0968,ho_yr_014,5
2024,마라0968,ho_yr_015,0
2024,마라0968,ho_yr_016,5
2024,마라0968,ho_yr_017,11
2024,마라0968,ho_yr_018,0
2024,마라0968,ho_yr_019,5
2024,마라0968,to_ho_001,54
2024,마라0969,ho_ar_002,8
2024,마라0969,ho_ar_003,8
2024,마라0969,ho_ar_004,13
2024,마라0969,ho_ar_005,13
2024,마라0969,ho_ar_006,5
2024,마라0969,ho_ar_007,8
2024,마라0969,ho_ar_008,5
2024,마라0969,ho_gb_002,59
2024,마라0969,ho_gb_006,0
2024,마라0969,ho_yr_001,5
2024,마라0969,ho_yr_002,5
2024,마라0969,ho_yr_003,31
2024,마라0969,ho_yr_004,8
2024,마라0969,ho_yr_005,5
2024,마라0969,ho_yr_008,5
2024,마라0969,ho_yr_009,0
2024,마라0969,ho_yr_011,5
2024,마라0969,ho_yr_012,5
2024,마라0969,ho_yr_016,0
2024,마라0969,ho_yr_017,5
2024,마라0969,to_ho_001,61
2024,마라0970,ho_ar_006,5
2024,마라0970,ho_gb_002,5
2024,마라0970,ho_yr_019,5
2024,마라0970,to_ho_001,5
2024,마라0971,ho_ar_002,8
2024,마라0971,ho_ar_003,14
2024,마라0971,ho_ar_004,18
2024,마라0971,ho_ar_005,13
2024,마라0971,ho_ar_006,8
2024,마라0971,ho_ar_007,5
2024,마라0971,ho_ar_008,5
2024,마라0971,ho_gb_002,65
2024,마라0971,ho_gb_005,0
2024,마라0971,ho_yr_001,14
2024,마라0971,ho_yr_002,13
2024,마라0971,ho_yr_003,19
2024,마라0971,ho_yr_004,8
2024,마라0971,ho_yr_005,8
2024,마라0971,ho_yr_006,0
2024,마라0971,ho_yr_007,5
2024,마라0971,ho_yr_009,5
2024,마라0971,ho_yr_012,0
2024,마라0971,ho_yr_013,0
2024,마라0971,ho_yr_014,0
2024,마라0971,to_ho_001,65
2024,마라0979,ho_ar_001,5
2024,마라0979,ho_ar_002,5
2024,마라0979,ho_ar_003,13
2024,마라0979,ho_ar_004,13
2024,마라0979,ho_ar_005,5
2024,마라0979,ho_ar_006,5
2024,마라0979,ho_ar_007,5
2024,마라0979,ho_ar_009,0
2024,마라0979,ho_gb_002,37
2024,마라0979,ho_gb_005,5
2024,마라0979,ho_gb_006,5
2024,마라0979,ho_yr_001,14
2024,마라0979,ho_yr_002,8
2024,마라0979,ho_yr_003,18
2024,마라0979,ho_yr_004,0
2024,마라0979,ho_yr_016,0
2024,마라0979,ho_yr_018,0
2024,마라0979,to_ho_001,42
2024,마라0980,ho_ar_001,5
2024,마라0980,ho_ar_002,8
2024,마라0980,ho_ar_003,13
2024,마라0980,ho_ar_004,63
2024,마라0980,ho_ar_005,13
2024,마라0980,ho_ar_006,8
2024,마라0980,ho_ar_007,8
2024,마라0980,ho_ar_008,8
2024,마라0980,ho_ar_009,5
2024,마라0980,ho_gb_001,29
2024,마라0980,ho_gb_002,76
2024,마라0980,ho_gb_004,11
2024,마라0980,ho_gb_005,5
2024,마라0980,ho_gb_006,0
2024,마라0980,ho_yr_001,28
2024,마라0980,ho_yr_002,13
2024,마라0980,ho_yr_003,58
2024,마라0980,ho_yr_004,5
2024,마라0980,ho_yr_005,5
2024,마라0980,ho_yr_006,0
2024,마라0980,ho_yr_011,5
2024,마라0980,ho_yr_012,0
2024,마라0980,ho_yr_013,0
2024,마라0980,ho_yr_015,5
2024,마라0980,ho_yr_016,0
2024,마라0980,ho_yr_018,5
2024,마라0980,to_ho_001,118
2024,마라0981,ho_ar_004,137
2024,마라0981,ho_ar_008,26
2024,마라0981,ho_gb_003,163
2024,마라0981,ho_yr_005,163
2024,마라0981,to_ho_001,163
2024,마라0982,ho_ar_001,5
2024,마라0982,ho_ar_002,13
2024,마라0982,ho_ar_003,465
2024,마라0982,ho_ar_004,2255
2024,마라0982,ho_ar_005,23
2024,마라0982,ho_ar_006,377
2024,마라0982,ho_ar_007,101
2024,마라0982,ho_ar_008,34
2024,마라0982,ho_ar_009,5
2024,마라0982,ho_gb_001,32
2024,마라0982,ho_gb_002,150
2024,마라0982,ho_gb_003,3074
2024,마라0982,ho_gb_004,7
2024,마라0982,ho_gb_005,13
2024,마라0982,ho_gb_006,16
2024,마라0982,ho_yr_001,68
2024,마라0982,ho_yr_002,33
2024,마라0982,ho_yr_003,127
2024,마라0982,ho_yr_004,197
2024,마라0982,ho_yr_005,941
2024,마라0982,ho_yr_007,5
2024,마라0982,ho_yr_009,0
2024,마라0982,ho_yr_010,0
2024,마라0982,ho_yr_011,1897
2024,마라0982,ho_yr_012,5
2024,마라0982,ho_yr_013,8
2024,마라0982,ho_yr_014,0
2024,마라0982,ho_yr_016,5
2024,마라0982,ho_yr_017,5
2024,마라0982,ho_yr_018,0
2024,마라0982,ho_yr_019,0
2024,마라0982,to_ho_001,3274
2024,마라0983,ho_ar_001,0
2024,마라0983,ho_ar_002,270
2024,마라0983,ho_ar_003,1217
2024,마라0983,ho_ar_004,1924
2024,마라0983,ho_ar_005,43
2024,마라0983,ho_ar_006,389
2024,마라0983,ho_ar_007,45
2024,마라0983,ho_ar_008,18
2024,마라0983,ho_ar_009,23
2024,마라0983,ho_gb_001,49
2024,마라0983,ho_gb_002,360
2024,마라0983,ho_gb_003,3367
2024,마라0983,ho_gb_004,114
2024,마라0983,ho_gb_005,39
2024,마라0983,ho_gb_006,42
2024,마라0983,ho_yr_001,115
2024,마라0983,ho_yr_002,118
2024,마라0983,ho_yr_003,2264
2024,마라0983,ho_yr_004,916
2024,마라0983,ho_yr_005,18
2024,마라0983,ho_yr_006,5
2024,마라0983,ho_yr_007,13
2024,마라0983,ho_yr_008,8
2024,마라0983,ho_yr_009,5
2024,마라0983,ho_yr_010,438
2024,마라0983,ho_yr_011,8
2024,마라0983,ho_yr_012,20
2024,마라0983,ho_yr_013,5
2024,마라0983,ho_yr_014,5
2024,마라0983,ho_yr_018,5
2024,마라0983,ho_yr_019,0
2024,마라0983,ho_yr_020,5
2024,마라0983,to_ho_001,3929
2024,마라0984,ho_ar_002,515
2024,마라0984,ho_ar_003,704
2024,마라0984,ho_ar_004,911
2024,마라0984,ho_ar_005,131
2024,마라0984,ho_ar_006,229
2024,마라0984,ho_ar_007,216
2024,마라0984,ho_ar_008,233
2024,마라0984,ho_ar_009,377
2024,마라0984,ho_gb_001,266
2024,마라0984,ho_gb_002,1487
2024,마라0984,ho_gb_003,1347
2024,마라0984,ho_gb_004,160
2024,마라0984,ho_gb_005,58
2024,마라0984,ho_gb_006,65
2024,마라0984,ho_yr_001,238
2024,마라0984,ho_yr_002,364
2024,마라0984,ho_yr_003,1843
2024,마라0984,ho_yr_004,503
2024,마라0984,ho_yr_005,100
2024,마라0984,ho_yr_006,48
2024,마라0984,ho_yr_007,86
2024,마라0984,ho_yr_008,43
2024,마라0984,ho_yr_009,23
2024,마라0984,ho_yr_010,18
2024,마라0984,ho_yr_011,21
2024,마라0984,ho_yr_012,8
2024,마라0984,ho_yr_013,8
2024,마라0984,ho_yr_014,8
2024,마라0984,ho_yr_015,8
2024,마라0984,ho_yr_016,0
2024,마라0984,ho_yr_017,5
2024,마라0984,ho_yr_018,0
2024,마라0984,ho_yr_019,0
2024,마라0984,ho_yr_020,5
2024,마라0984,to_ho_001,3317
2024,마라0985,ho_ar_002,54
2024,마라0985,ho_ar_003,65
2024,마라0985,ho_ar_004,1645
2024,마라0985,ho_ar_005,25
2024,마라0985,ho_ar_006,393
2024,마라0985,ho_ar_007,576
2024,마라0985,ho_ar_008,93
2024,마라0985,ho_ar_009,254
2024,마라0985,ho_gb_001,77
2024,마라0985,ho_gb_002,485
2024,마라0985,ho_gb_003,2326
2024,마라0985,ho_gb_004,196
2024,마라0985,ho_gb_005,13
2024,마라0985,ho_gb_006,8
2024,마라0985,ho_yr_001,13
2024,마라0985,ho_yr_002,49
2024,마라0985,ho_yr_003,230
2024,마라0985,ho_yr_004,660
2024,마라0985,ho_yr_005,1991
2024,마라0985,ho_yr_006,33
2024,마라0985,ho_yr_007,43
2024,마라0985,ho_yr_008,44
2024,마라0985,ho_yr_009,8
2024,마라0985,ho_yr_010,8
2024,마라0985,ho_yr_011,8
2024,마라0985,ho_yr_012,8
2024,마라0985,ho_yr_013,5
2024,마라0985,ho_yr_014,5
2024,마라0985,ho_yr_015,5
2024,마라0985,ho_yr_018,5
2024,마라0985,to_ho_001,3097
2024,마라0986,ho_ar_008,5
2024,마라0986,ho_gb_002,5
2024,마라0986,ho_yr_003,5
2024,마라0986,ho_yr_004,0
2024,마라0986,to_ho_001,5
2024,마라0987,ho_gb_006,0
2024,마라0988,ho_ar_006,0
2024,마라0988,ho_gb_002,0
2024,마라0988,ho_gb_006,13
2024,마라0988,ho_yr_005,0
2024,마라0988,to_ho_001,0
2024,마라0989,ho_ar_003,54
2024,마라0989,ho_ar_004,84
2024,마라0989,ho_gb_003,138
2024,마라0989,ho_gb_006,13
2024,마라0989,ho_yr_014,138
2024,마라0989,to_ho_001,138
2024,마라0990,ho_ar_002,366
2024,마라0990,ho_ar_003,984
2024,마라0990,ho_ar_004,689
2024,마라0990,ho_ar_005,104
2024,마라0990,ho_ar_006,245
2024,마라0990,ho_ar_007,18
2024,마라0990,ho_ar_008,220
2024,마라0990,ho_ar_009,168
2024,마라0990,ho_gb_002,435
2024,마라0990,ho_gb_003,2329
2024,마라0990,ho_gb_005,23
2024,마라0990,ho_gb_006,21
2024,마라0990,ho_yr_002,415
2024,마라0990,ho_yr_003,1352
2024,마라0990,ho_yr_004,381
2024,마라0990,ho_yr_005,18
2024,마라0990,ho_yr_006,5
2024,마라0990,ho_yr_007,5
2024,마라0990,ho_yr_008,8
2024,마라0990,ho_yr_009,0
2024,마라0990,ho_yr_010,5
2024,마라0990,ho_yr_011,5
2024,마라0990,ho_yr_012,0
2024,마라0990,ho_yr_013,285
2024,마라0990,ho_yr_014,317
2024,마라0990,ho_yr_015,0
2024,마라0990,ho_yr_016,0
2024,마라0990,to_ho_001,2787
2024,마라0991,ho_ar_002,1402
2024,마라0991,ho_ar_003,4469
2024,마라0991,ho_ar_004,5421
2024,마라0991,ho_ar_005,147
2024,마라0991,ho_ar_006,495
2024,마라0991,ho_ar_007,350
2024,마라0991,ho_ar_008,61
2024,마라0991,ho_ar_009,52
2024,마라0991,ho_gb_002,91
2024,마라0991,ho_gb_003,12276
2024,마라0991,ho_gb_005,18
2024,마라0991,ho_gb_006,13
2024,마라0991,ho_yr_001,0
2024,마라0991,ho_yr_002,730
2024,마라0991,ho_yr_003,10649
2024,마라0991,ho_yr_004,201
2024,마라0991,ho_yr_005,8
2024,마라0991,ho_yr_006,0
2024,마라0991,ho_yr_007,5
2024,마라0991,ho_yr_008,0
2024,마라0991,ho_yr_012,0
2024,마라0991,ho_yr_013,790
2024,마라0991,ho_yr_015,0
2024,마라0991,ho_yr_019,5
2024,마라0991,to_ho_001,12387
2024,마라0992,ho_ar_003,1508
2024,마라0992,ho_ar_004,560
2024,마라0992,ho_ar_005,8
2024,마라0992,ho_ar_006,33
2024,마라0992,ho_ar_007,219
2024,마라0992,ho_ar_008,308
2024,마라0992,ho_ar_009,207
2024,마라0992,ho_gb_002,560
2024,마라0992,ho_gb_003,2271
2024,마라0992,ho_gb_005,18
2024,마라0992,ho_gb_006,13
2024,마라0992,ho_yr_002,38
2024,마라0992,ho_yr_003,2208
2024,마라0992,ho_yr_004,82
2024,마라0992,ho_yr_005,56
2024,마라0992,ho_yr_006,18
2024,마라0992,ho_yr_007,13
2024,마라0992,ho_yr_008,8
2024,마라0992,ho_yr_009,8
2024,마라0992,ho_yr_010,5
2024,마라0992,ho_yr_011,8
2024,마라0992,ho_yr_012,8
2024,마라0992,ho_yr_013,5
2024,마라0992,ho_yr_014,5
2024,마라0992,ho_yr_015,0
2024,마라0992,ho_yr_017,0
2024,마라0992,ho_yr_018,395
2024,마라0992,to_ho_001,2845
2024,마라0993,ho_ar_003,0
2024,마라0993,ho_ar_004,0
2024,마라0993,ho_ar_005,5
2024,마라0993,ho_ar_006,13
2024,마라0993,ho_ar_007,18
2024,마라0993,ho_ar_008,174
2024,마라0993,ho_ar_009,286
2024,마라0993,ho_gb_002,493
2024,마라0993,ho_gb_005,8
2024,마라0993,ho_yr_001,0
2024,마라0993,ho_yr_002,8
2024,마라0993,ho_yr_003,97
2024,마라0993,ho_yr_004,141
2024,마라0993,ho_yr_005,145
2024,마라0993,ho_yr_006,28
2024,마라0993,ho_yr_007,29
2024,마라0993,ho_yr_008,13
2024,마라0993,ho_yr_009,5
2024,마라0993,ho_yr_010,8
2024,마라0993,ho_yr_011,5
2024,마라0993,ho_yr_012,15
2024,마라0993,ho_yr_013,5
2024,마라0993,ho_yr_014,8
2024,마라0993,ho_yr_015,5
2024,마라0993,ho_yr_017,0
2024,마라0993,ho_yr_018,5
2024,마라0993,to_ho_001,500
2024,마라0994,ho_ar_003,5
2024,마라0994,ho_gb_002,5
2024,마라0994,ho_gb_006,152
2024,마라0994,ho_yr_004,0
2024,마라0994,ho_yr_009,0
2024,마라0994,to_ho_001,5
2024,마라0997,ho_gb_006,5
2024,마라0998,ho_ar_002,393
2024,마라0998,ho_ar_003,886
2024,마라0998,ho_ar_004,987
2024,마라0998,ho_ar_005,71
2024,마라0998,ho_ar_006,37
2024,마라0998,ho_ar_007,13
2024,마라0998,ho_ar_008,13
2024,마라0998,ho_ar_009,5
2024,마라0998,ho_gb_001,35
2024,마라0998,ho_gb_002,264
2024,마라0998,ho_gb_003,1854
2024,마라0998,ho_gb_004,235
2024,마라0998,ho_gb_005,13
2024,마라0998,ho_gb_006,18
2024,마라0998,ho_yr_001,60
2024,마라0998,ho_yr_002,43
2024,마라0998,ho_yr_003,1173
2024,마라0998,ho_yr_004,796
2024,마라0998,ho_yr_005,23
2024,마라0998,ho_yr_007,53
2024,마라0998,ho_yr_008,111
2024,마라0998,ho_yr_009,75
2024,마라0998,ho_yr_010,8
2024,마라0998,ho_yr_011,13
2024,마라0998,ho_yr_012,0
2024,마라0998,ho_yr_013,8
2024,마라0998,ho_yr_014,34
2024,마라0998,ho_yr_016,0
2024,마라0998,ho_yr_017,5
2024,마라0998,ho_yr_018,5
2024,마라0998,ho_yr_019,5
2024,마라0998,ho_yr_020,5
2024,마라0998,to_ho_001,2400
2024,마라0999,ho_ar_002,0
2024,마라0999,ho_ar_003,15
2024,마라0999,ho_ar_004,64
2024,마라0999,ho_ar_005,14
2024,마라0999,ho_ar_006,8
2024,마라0999,ho_ar_007,5
2024,마라0999,ho_ar_008,5
2024,마라0999,ho_gb_002,49
2024,마라0999,ho_gb_003,54
2024,마라0999,ho_gb_005,0
2024,마라0999,ho_gb_006,5
2024,마라0999,ho_yr_001,18
2024,마라0999,ho_yr_002,13
2024,마라0999,ho_yr_003,64
2024,마라0999,ho_yr_004,5
2024,마라0999,ho_yr_005,5
2024,마라0999,ho_yr_007,5
2024,마라0999,ho_yr_008,0
2024,마라0999,ho_yr_011,0
2024,마라0999,ho_yr_012,0
2024,마라0999,ho_yr_017,0
2024,마라0999,to_ho_001,104
2024,마라1042,ho_ar_008,0
2024,마라1042,ho_gb_002,0
2024,마라1042,ho_yr_003,0
2024,마라1042,to_ho_001,0
2024,마라1046,ho_ar_008,5
2024,마라1046,ho_ar_009,0
2024,마라1046,ho_gb_002,5
2024,마라1046,ho_yr_007,0
2024,마라1046,ho_yr_008,0
2024,마라1046,to_ho_001,5
2024,마라1047,ho_ar_002,5
2024,마라1047,ho_ar_003,8
2024,마라1047,ho_ar_004,8
2024,마라1047,ho_ar_005,5
2024,마라1047,ho_ar_006,8
2024,마라1047,ho_ar_007,13
2024,마라1047,ho_ar_008,23
2024,마라1047,ho_ar_009,13
2024,마라1047,ho_gb_002,68
2024,마라1047,ho_gb_005,8
2024,마라1047,ho_gb_006,5
2024,마라1047,ho_yr_001,5
2024,마라1047,ho_yr_002,5
2024,마라1047,ho_yr_003,8
2024,마라1047,ho_yr_004,5
2024,마라1047,ho_yr_005,20
2024,마라1047,ho_yr_006,8
2024,마라1047,ho_yr_007,5
2024,마라1047,ho_yr_008,13
2024,마라1047,ho_yr_010,5
2024,마라1047,ho_yr_013,8
2024,마라1047,ho_yr_014,8
2024,마라1047,ho_yr_015,0
2024,마라1047,ho_yr_016,0
2024,마라1047,ho_yr_018,0
2024,마라1047,to_ho_001,75
2024,마라1048,ho_ar_001,5
2024,마라1048,ho_ar_002,13
2024,마라1048,ho_ar_003,124
2024,마라1048,ho_ar_004,309
2024,마라1048,ho_ar_005,28
2024,마라1048,ho_ar_006,77
2024,마라1048,ho_ar_007,18
2024,마라1048,ho_ar_008,8
2024,마라1048,ho_ar_009,8
2024,마라1048,ho_gb_001,5
2024,마라1048,ho_gb_002,158
2024,마라1048,ho_gb_003,385
2024,마라1048,ho_gb_004,19
2024,마라1048,ho_gb_005,13
2024,마라1048,ho_gb_006,8
2024,마라1048,ho_yr_001,39
2024,마라1048,ho_yr_002,45
2024,마라1048,ho_yr_003,135
2024,마라1048,ho_yr_004,8
2024,마라1048,ho_yr_005,18
2024,마라1048,ho_yr_006,5
2024,마라1048,ho_yr_008,5
2024,마라1048,ho_yr_009,5
2024,마라1048,ho_yr_010,8
2024,마라1048,ho_yr_011,0
2024,마라1048,ho_yr_012,51
2024,마라1048,ho_yr_013,5
2024,마라1048,ho_yr_014,267
2024,마라1048,ho_yr_015,6
2024,마라1048,ho_yr_019,0
2024,마라1048,to_ho_001,584
2024,마라1049,ho_ar_001,0
2024,마라1049,ho_ar_002,0
2024,마라1049,ho_ar_003,5
2024,마라1049,ho_ar_004,16
2024,마라1049,ho_ar_005,5
2024,마라1049,ho_ar_006,5
2024,마라1049,ho_ar_007,0
2024,마라1049,ho_ar_008,5
2024,마라1049,ho_ar_009,5
2024,마라1049,ho_gb_002,26
2024,마라1049,ho_gb_005,8
2024,마라1049,ho_gb_006,5
2024,마라1049,ho_yr_001,6
2024,마라1049,ho_yr_002,12
2024,마라1049,ho_yr_003,5
2024,마라1049,ho_yr_004,5
2024,마라1049,ho_yr_005,5
2024,마라1049,ho_yr_008,5
2024,마라1049,ho_yr_009,0
2024,마라1049,ho_yr_011,0
2024,마라1049,ho_yr_013,5
2024,마라1049,ho_yr_014,0
2024,마라1049,ho_yr_017,0
2024,마라1049,ho_yr_020,0
2024,마라1049,to_ho_001,36
2024,마라1050,ho_ar_008,5
2024,마라1050,ho_ar_009,8
2024,마라1050,ho_gb_002,13
2024,마라1050,ho_yr_011,5
2024,마라1050,ho_yr_012,5
2024,마라1050,ho_yr_013,5
2024,마라1050,ho_yr_014,5
2024,마라1050,to_ho_001,13
2024,마라1051,ho_ar_002,5
2024,마라1051,ho_ar_003,5
2024,마라1051,ho_ar_004,5
2024,마라1051,ho_ar_005,5
2024,마라1051,ho_ar_006,8
2024,마라1051,ho_ar_007,0
2024,마라1051,ho_ar_008,5
2024,마라1051,ho_ar_009,5
2024,마라1051,ho_gb_002,24
2024,마라1051,ho_gb_005,5
2024,마라1051,ho_gb_006,0
2024,마라1051,ho_yr_001,0
2024,마라1051,ho_yr_002,5
2024,마라1051,ho_yr_003,8
2024,마라1051,ho_yr_004,5
2024,마라1051,ho_yr_005,5
2024,마라1051,ho_yr_009,0
2024,마라1051,ho_yr_011,8
2024,마라1051,ho_yr_012,5
2024,마라1051,ho_yr_013,5
2024,마라1051,to_ho_001,28
2024,마라1054,ho_gb_006,8
2024,마라1056,ho_ar_002,0
2024,마라1056,ho_ar_003,14
2024,마라1056,ho_ar_004,8
2024,마라1056,ho_ar_005,8
2024,마라1056,ho_ar_006,5
2024,마라1056,ho_ar_007,8
2024,마라1056,ho_ar_008,5
2024,마라1056,ho_ar_009,0
2024,마라1056,ho_gb_001,9
2024,마라1056,ho_gb_002,36
2024,마라1056,ho_gb_005,5
2024,마라1056,ho_gb_006,5
2024,마라1056,ho_yr_001,5
2024,마라1056,ho_yr_002,0
2024,마라1056,ho_yr_003,5
2024,마라1056,ho_yr_004,8
2024,마라1056,ho_yr_005,8
2024,마라1056,ho_yr_006,5
2024,마라1056,ho_yr_007,0
2024,마라1056,ho_yr_009,5
2024,마라1056,ho_yr_010,8
2024,마라1056,ho_yr_011,5
2024,마라1056,ho_yr_012,9
2024,마라1056,to_ho_001,47
2024,마라1057,ho_ar_003,0
2024,마라1057,ho_ar_006,5
2024,마라1057,ho_ar_007,0
2024,마라1057,ho_ar_009,5
2024,마라1057,ho_gb_002,5
2024,마라1057,ho_gb_006,5
2024,마라1057,ho_yr_009,5
2024,마라1057,to_ho_001,5
2024,마라1058,ho_ar_001,0
2024,마라1058,ho_ar_002,5
2024,마라1058,ho_ar_003,13
2024,마라1058,ho_ar_004,120
2024,마라1058,ho_ar_005,15
2024,마라1058,ho_ar_006,23
2024,마라1058,ho_ar_007,8
2024,마라1058,ho_ar_008,13
2024,마라1058,ho_ar_009,13
2024,마라1058,ho_gb_001,15
2024,마라1058,ho_gb_002,65
2024,마라1058,ho_gb_003,100
2024,마라1058,ho_gb_004,14
2024,마라1058,ho_gb_005,8
2024,마라1058,ho_gb_006,0
2024,마라1058,ho_yr_001,8
2024,마라1058,ho_yr_002,8
2024,마라1058,ho_yr_003,18
2024,마라1058,ho_yr_004,28
2024,마라1058,ho_yr_005,18
2024,마라1058,ho_yr_006,0
2024,마라1058,ho_yr_007,5
2024,마라1058,ho_yr_008,8
2024,마라1058,ho_yr_009,0
2024,마라1058,ho_yr_010,38
2024,마라1058,ho_yr_011,0
2024,마라1058,ho_yr_012,76
2024,마라1058,ho_yr_013,0
2024,마라1058,ho_yr_016,0
2024,마라1058,ho_yr_019,0
2024,마라1058,ho_yr_020,5
2024,마라1058,to_ho_001,204
2024,마라1059,ho_ar_004,0
2024,마라1059,ho_ar_005,0
2024,마라1059,ho_gb_002,0
2024,마라1059,ho_gb_005,5
2024,마라1059,ho_gb_006,0
2024,마라1059,ho_yr_007,0
2024,마라1059,ho_yr_013,0
2024,마라1059,to_ho_001,5
2024,마라1060,ho_ar_001,5
2024,마라1060,ho_ar_002,5
2024,마라1060,ho_ar_003,13
2024,마라1060,ho_ar_004,19
2024,마라1060,ho_ar_005,18
2024,마라1060,ho_ar_006,8
2024,마라1060,ho_ar_007,5
2024,마라1060,ho_ar_008,8
2024,마라1060,ho_ar_009,0
2024,마라1060,ho_gb_001,0
2024,마라1060,ho_gb_002,59
2024,마라1060,ho_gb_004,8
2024,마라1060,ho_gb_005,0
2024,마라1060,ho_yr_001,8
2024,마라1060,ho_yr_002,5
2024,마라1060,ho_yr_003,21
2024,마라1060,ho_yr_004,8
2024,마라1060,ho_yr_005,5
2024,마라1060,ho_yr_006,0
2024,마라1060,ho_yr_007,8
2024,마라1060,ho_yr_008,0
2024,마라1060,ho_yr_009,0
2024,마라1060,ho_yr_011,0
2024,마라1060,ho_yr_012,8
2024,마라1060,ho_yr_013,0
2024,마라1060,ho_yr_014,0
2024,마라1060,ho_yr_017,5
2024,마라1060,ho_yr_018,5
2024,마라1060,to_ho_001,74
2024,마라1061,ho_ar_002,5
2024,마라1061,ho_ar_003,8
2024,마라1061,ho_ar_004,18
2024,마라1061,ho_ar_005,8
2024,마라1061,ho_ar_006,5
2024,마라1061,ho_ar_007,5
2024,마라1061,ho_ar_008,5
2024,마라1061,ho_ar_009,5
2024,마라1061,ho_gb_002,48
2024,마라1061,ho_gb_006,0
2024,마라1061,ho_yr_001,8
2024,마라1061,ho_yr_002,8
2024,마라1061,ho_yr_003,18
2024,마라1061,ho_yr_004,5
2024,마라1061,ho_yr_005,5
2024,마라1061,ho_yr_007,0
2024,마라1061,ho_yr_008,5
2024,마라1061,ho_yr_009,5
2024,마라1061,ho_yr_011,0
2024,마라1061,ho_yr_012,8
2024,마라1061,ho_yr_018,0
2024,마라1061,ho_yr_019,0
2024,마라1061,to_ho_001,48
2024,마라1062,ho_ar_004,0
2024,마라1062,ho_ar_005,0
2024,마라1062,ho_ar_006,0
2024,마라1062,ho_ar_007,5
2024,마라1062,ho_ar_008,8
2024,마라1062,ho_gb_002,13
2024,마라1062,ho_gb_006,5
2024,마라1062,ho_yr_003,0
2024,마라1062,ho_yr_004,5
2024,마라1062,ho_yr_006,0
2024,마라1062,ho_yr_010,5
2024,마라1062,ho_yr_012,0
2024,마라1062,ho_yr_013,5
2024,마라1062,ho_yr_018,5
2024,마라1062,to_ho_001,13
2024,마라1063,ho_ar_001,0
2024,마라1063,ho_ar_002,8
2024,마라1063,ho_ar_003,18
2024,마라1063,ho_ar_004,28
2024,마라1063,ho_ar_005,18
2024,마라1063,ho_ar_006,5
2024,마라1063,ho_ar_007,13
2024,마라1063,ho_ar_008,23
2024,마라1063,ho_ar_009,8
2024,마라1063,ho_gb_002,116
2024,마라1063,ho_gb_005,5
2024,마라1063,ho_gb_006,8
2024,마라1063,ho_yr_001,13
2024,마라1063,ho_yr_002,13
2024,마라1063,ho_yr_003,35
2024,마라1063,ho_yr_004,0
2024,마라1063,ho_yr_005,13
2024,마라1063,ho_yr_006,5
2024,마라1063,ho_yr_007,5
2024,마라1063,ho_yr_008,0
2024,마라1063,ho_yr_009,8
2024,마라1063,ho_yr_010,8
2024,마라1063,ho_yr_011,5
2024,마라1063,ho_yr_012,0
2024,마라1063,ho_yr_013,8
2024,마라1063,ho_yr_014,8
2024,마라1063,ho_yr_015,8
2024,마라1063,ho_yr_016,5
2024,마라1063,ho_yr_017,0
2024,마라1063,ho_yr_018,0
2024,마라1063,ho_yr_019,5
2024,마라1063,ho_yr_020,5
2024,마라1063,to_ho_001,120
2024,마라1064,ho_ar_003,0
2024,마라1064,ho_ar_005,0
2024,마라1064,ho_ar_008,5
2024,마라1064,ho_gb_002,5
2024,마라1064,ho_yr_003,0
2024,마라1064,ho_yr_004,5
2024,마라1064,ho_yr_005,0
2024,마라1064,ho_yr_016,0
2024,마라1064,to_ho_001,5
2024,마라1068,ho_ar_003,5
2024,마라1068,ho_ar_004,5
2024,마라1068,ho_ar_005,5
2024,마라1068,ho_ar_006,0
2024,마라1068,ho_gb_002,9
2024,마라1068,ho_yr_001,0
2024,마라1068,ho_yr_002,0
2024,마라1068,ho_yr_003,5
2024,마라1068,ho_yr_004,0
2024,마라1068,to_ho_001,8
2024,마라1069,ho_ar_002,0
2024,마라1069,ho_ar_003,5
2024,마라1069,ho_ar_004,5
2024,마라1069,ho_gb_002,8
2024,마라1069,ho_gb_006,5
2024,마라1069,ho_yr_001,5
2024,마라1069,ho_yr_003,5
2024,마라1069,to_ho_001,8
2024,마라1070,ho_ar_002,0
2024,마라1070,ho_ar_003,13
2024,마라1070,ho_ar_004,13
2024,마라1070,ho_ar_005,13
2024,마라1070,ho_ar_006,5
2024,마라1070,ho_ar_007,5
2024,마라1070,ho_ar_008,5
2024,마라1070,ho_ar_009,0
2024,마라1070,ho_gb_002,54
2024,마라1070,ho_gb_006,0
2024,마라1070,ho_yr_001,5
2024,마라1070,ho_yr_002,8
2024,마라1070,ho_yr_003,23
2024,마라1070,ho_yr_004,8
2024,마라1070,ho_yr_005,8
2024,마라1070,ho_yr_010,0
2024,마라1070,ho_yr_012,0
2024,마라1070,ho_yr_014,0
2024,마라1070,ho_yr_020,0
2024,마라1070,to_ho_001,53
2024,마라1071,ho_ar_003,0
2024,마라1071,ho_ar_004,0
2024,마라1071,ho_gb_002,5
2024,마라1071,ho_yr_003,0
2024,마라1071,ho_yr_013,5
2024,마라1071,to_ho_001,5
2024,마라1078,ho_ar_001,5
2024,마라1078,ho_ar_002,0
2024,마라1078,ho_ar_003,0
2024,마라1078,ho_ar_004,7
2024,마라1078,ho_ar_005,5
2024,마라1078,ho_ar_006,0
2024,마라1078,ho_ar_007,8
2024,마라1078,ho_ar_008,0
2024,마라1078,ho_gb_002,27
2024,마라1078,ho_gb_005,5
2024,마라1078,ho_gb_006,5
2024,마라1078,ho_yr_001,10
2024,마라1078,ho_yr_002,0
2024,마라1078,ho_yr_003,13
2024,마라1078,ho_yr_004,5
2024,마라1078,ho_yr_005,0
2024,마라1078,to_ho_001,26
2024,마라1079,ho_ar_002,5
2024,마라1079,ho_ar_003,8
2024,마라1079,ho_ar_004,5
2024,마라1079,ho_ar_005,8
2024,마라1079,ho_ar_006,5
2024,마라1079,ho_ar_007,5
2024,마라1079,ho_gb_002,27
2024,마라1079,ho_gb_006,0
2024,마라1079,ho_yr_001,13
2024,마라1079,ho_yr_002,5
2024,마라1079,ho_yr_003,8
2024,마라1079,ho_yr_004,0
2024,마라1079,ho_yr_005,5
2024,마라1079,to_ho_001,26
2024,마라1081,ho_ar_003,5
2024,마라1081,ho_ar_004,42
2024,마라1081,ho_ar_005,8
2024,마라1081,ho_ar_006,8
2024,마라1081,ho_ar_007,5
2024,마라1081,ho_ar_008,5
2024,마라1081,ho_ar_009,5
2024,마라1081,ho_gb_002,26
2024,마라1081,ho_gb_003,34
2024,마라1081,ho_gb_005,5
2024,마라1081,ho_yr_001,13
2024,마라1081,ho_yr_002,8
2024,마라1081,ho_yr_003,5
2024,마라1081,ho_yr_004,5
2024,마라1081,ho_yr_005,0
2024,마라1081,ho_yr_006,0
2024,마라1081,ho_yr_008,0
2024,마라1081,ho_yr_010,5
2024,마라1081,ho_yr_011,0
2024,마라1081,ho_yr_012,34
2024,마라1081,ho_yr_015,0
2024,마라1081,ho_yr_017,5
2024,마라1081,to_ho_001,62
2024,마라1082,ho_ar_002,0
2024,마라1082,ho_ar_003,124
2024,마라1082,ho_ar_004,1518
2024,마라1082,ho_ar_005,5
2024,마라1082,ho_ar_006,46
2024,마라1082,ho_ar_007,92
2024,마라1082,ho_ar_008,5
2024,마라1082,ho_ar_009,5
2024,마라1082,ho_gb_002,18
2024,마라1082,ho_gb_003,1743
2024,마라1082,ho_gb_004,11
2024,마라1082,ho_gb_005,8
2024,마라1082,ho_gb_006,32
2024,마라1082,ho_yr_001,5
2024,마라1082,ho_yr_002,5
2024,마라1082,ho_yr_003,5
2024,마라1082,ho_yr_004,36
2024,마라1082,ho_yr_005,403
2024,마라1082,ho_yr_008,5
2024,마라1082,ho_yr_009,11
2024,마라1082,ho_yr_010,5
2024,마라1082,ho_yr_011,670
2024,마라1082,ho_yr_012,650
2024,마라1082,ho_yr_014,0
2024,마라1082,ho_yr_018,0
2024,마라1082,to_ho_001,1778
2024,마라1083,ho_ar_002,325
2024,마라1083,ho_ar_003,926
2024,마라1083,ho_ar_004,955
2024,마라1083,ho_ar_005,13
2024,마라1083,ho_ar_006,70
2024,마라1083,ho_ar_007,189
2024,마라1083,ho_ar_008,57
2024,마라1083,ho_ar_009,13
2024,마라1083,ho_gb_002,65
2024,마라1083,ho_gb_003,2474
2024,마라1083,ho_gb_005,8
2024,마라1083,ho_gb_006,26
2024,마라1083,ho_yr_001,5
2024,마라1083,ho_yr_002,13
2024,마라1083,ho_yr_003,476
2024,마라1083,ho_yr_004,172
2024,마라1083,ho_yr_005,1838
2024,마라1083,ho_yr_007,5
2024,마라1083,ho_yr_008,8
2024,마라1083,ho_yr_009,24
2024,마라1083,ho_yr_010,5
2024,마라1083,ho_yr_011,5
2024,마라1083,ho_yr_012,5
2024,마라1083,ho_yr_013,5
2024,마라1083,ho_yr_015,5
2024,마라1083,ho_yr_018,0
2024,마라1083,to_ho_001,2547
2024,마라1084,ho_ar_002,843
2024,마라1084,ho_ar_003,1104
2024,마라1084,ho_ar_004,1449
2024,마라1084,ho_ar_005,46
2024,마라1084,ho_ar_006,97
2024,마라1084,ho_ar_007,24
2024,마라1084,ho_ar_008,25
2024,마라1084,ho_ar_009,35
2024,마라1084,ho_gb_001,167
2024,마라1084,ho_gb_002,174
2024,마라1084,ho_gb_003,2987
2024,마라1084,ho_gb_004,278
2024,마라1084,ho_gb_005,18
2024,마라1084,ho_gb_006,18
2024,마라1084,ho_yr_001,15
2024,마라1084,ho_yr_002,36
2024,마라1084,ho_yr_003,1657
2024,마라1084,ho_yr_004,1064
2024,마라1084,ho_yr_005,427
2024,마라1084,ho_yr_006,5
2024,마라1084,ho_yr_007,8
2024,마라1084,ho_yr_008,8
2024,마라1084,ho_yr_009,8
2024,마라1084,ho_yr_010,8
2024,마라1084,ho_yr_011,5
2024,마라1084,ho_yr_012,5
2024,마라1084,ho_yr_013,374
2024,마라1084,ho_yr_014,8
2024,마라1084,ho_yr_017,0
2024,마라1084,ho_yr_018,5
2024,마라1084,to_ho_001,3623
2024,마라1085,ho_ar_001,176
2024,마라1085,ho_ar_002,937
2024,마라1085,ho_ar_003,1224
2024,마라1085,ho_ar_004,320
2024,마라1085,ho_ar_005,13
2024,마라1085,ho_ar_006,8
2024,마라1085,ho_ar_007,8
2024,마라1085,ho_ar_008,8
2024,마라1085,ho_ar_009,25
2024,마라1085,ho_gb_001,7
2024,마라1085,ho_gb_002,73
2024,마라1085,ho_gb_003,2120
2024,마라1085,ho_gb_004,506
2024,마라1085,ho_gb_005,8
2024,마라1085,ho_gb_006,8
2024,마라1085,ho_yr_001,5
2024,마라1085,ho_yr_002,8
2024,마라1085,ho_yr_003,13
2024,마라1085,ho_yr_004,559
2024,마라1085,ho_yr_005,0
2024,마라1085,ho_yr_007,0
2024,마라1085,ho_yr_008,8
2024,마라1085,ho_yr_009,5
2024,마라1085,ho_yr_010,5
2024,마라1085,ho_yr_012,8
2024,마라1085,ho_yr_013,8
2024,마라1085,ho_yr_014,1673
2024,마라1085,ho_yr_015,413
2024,마라1085,ho_yr_016,8
2024,마라1085,ho_yr_017,0
2024,마라1085,ho_yr_018,5
2024,마라1085,ho_yr_019,0
2024,마라1085,ho_yr_020,0
2024,마라1085,to_ho_001,2713
2024,마라1087,ho_gb_006,6
2024,마라1088,ho_ar_008,0
2024,마라1088,ho_gb_002,0
2024,마라1088,ho_gb_006,5
2024,마라1088,ho_yr_003,0
2024,마라1088,to_ho_001,0
2024,마라1089,ho_ar_004,726
2024,마라1089,ho_ar_005,79
2024,마라1089,ho_ar_006,348
2024,마라1089,ho_ar_007,168
2024,마라1089,ho_ar_008,110
2024,마라1089,ho_ar_009,121
2024,마라1089,ho_gb_002,139
2024,마라1089,ho_gb_003,970
2024,마라1089,ho_gb_004,438
2024,마라1089,ho_gb_006,5
2024,마라1089,ho_yr_005,491
2024,마라1089,ho_yr_006,585
2024,마라1089,ho_yr_007,21
2024,마라1089,ho_yr_008,35
2024,마라1089,ho_yr_009,377
2024,마라1089,ho_yr_010,14
2024,마라1089,ho_yr_011,13
2024,마라1089,ho_yr_012,8
2024,마라1089,ho_yr_013,8
2024,마라1089,ho_yr_014,0
2024,마라1089,ho_yr_015,0
2024,마라1089,ho_yr_016,5
2024,마라1089,ho_yr_018,5
2024,마라1089,to_ho_001,1548
2024,마라1090,ho_ar_002,349
2024,마라1090,ho_ar_003,794
2024,마라1090,ho_ar_004,1994
2024,마라1090,ho_ar_006,772
2024,마라1090,ho_ar_007,535
2024,마라1090,ho_ar_008,82
2024,마라1090,ho_ar_009,80
2024,마라1090,ho_gb_002,83
2024,마라1090,ho_gb_003,4511
2024,마라1090,ho_gb_005,5
2024,마라1090,ho_gb_006,5
2024,마라1090,ho_yr_003,1216
2024,마라1090,ho_yr_004,2345
2024,마라1090,ho_yr_005,958
2024,마라1090,ho_yr_006,8
2024,마라1090,ho_yr_007,20
2024,마라1090,ho_yr_008,24
2024,마라1090,ho_yr_009,8
2024,마라1090,ho_yr_010,8
2024,마라1090,ho_yr_011,5
2024,마라1090,ho_yr_012,8
2024,마라1090,ho_yr_013,0
2024,마라1090,ho_yr_014,0
2024,마라1090,ho_yr_015,0
2024,마라1090,to_ho_001,4597
2024,마라1091,ho_ar_002,0
2024,마라1091,ho_ar_003,1654
2024,마라1091,ho_ar_004,699
2024,마라1091,ho_ar_005,5
2024,마라1091,ho_ar_006,8
2024,마라1091,ho_ar_007,5
2024,마라1091,ho_ar_008,38
2024,마라1091,ho_ar_009,79
2024,마라1091,ho_gb_002,122
2024,마라1091,ho_gb_003,2353
2024,마라1091,ho_gb_005,8
2024,마라1091,ho_gb_006,5
2024,마라1091,ho_yr_003,2202
2024,마라1091,ho_yr_004,248
2024,마라1091,ho_yr_005,13
2024,마라1091,ho_yr_006,5
2024,마라1091,ho_yr_007,0
2024,마라1091,ho_yr_008,5
2024,마라1091,ho_yr_009,0
2024,마라1091,ho_yr_010,5
2024,마라1091,ho_yr_011,5
2024,마라1091,ho_yr_012,5
2024,마라1091,ho_yr_014,5
2024,마라1091,ho_yr_016,5
2024,마라1091,ho_yr_017,0
2024,마라1091,ho_yr_018,5
2024,마라1091,ho_yr_019,8
2024,마라1091,ho_yr_020,5
2024,마라1091,to_ho_001,2482
2024,마라1092,ho_ar_003,59
2024,마라1092,ho_ar_004,577
2024,마라1092,ho_ar_005,18
2024,마라1092,ho_gb_003,655
2024,마라1092,ho_yr_018,655
2024,마라1092,to_ho_001,655
2024,마라1097,ho_ar_002,5
2024,마라1097,ho_ar_003,8
2024,마라1097,ho_ar_004,8
2024,마라1097,ho_ar_005,8
2024,마라1097,ho_ar_006,5
2024,마라1097,ho_ar_007,0
2024,마라1097,ho_ar_008,0
2024,마라1097,ho_gb_002,32
2024,마라1097,ho_gb_006,5
2024,마라1097,ho_yr_001,8
2024,마라1097,ho_yr_002,5
2024,마라1097,ho_yr_003,8
2024,마라1097,ho_yr_004,0
2024,마라1097,ho_yr_005,8
2024,마라1097,ho_yr_008,0
2024,마라1097,ho_yr_009,5
2024,마라1097,ho_yr_010,5
2024,마라1097,ho_yr_012,0
2024,마라1097,ho_yr_017,5
2024,마라1097,to_ho_001,33
2024,마라1098,ho_ar_002,0
2024,마라1098,ho_ar_003,5
2024,마라1098,ho_ar_004,5
2024,마라1098,ho_ar_005,8
2024,마라1098,ho_ar_006,0
2024,마라1098,ho_ar_008,0
2024,마라1098,ho_ar_009,5
2024,마라1098,ho_gb_002,18
2024,마라1098,ho_gb_006,5
2024,마라1098,ho_yr_001,5
2024,마라1098,ho_yr_002,5
2024,마라1098,ho_yr_003,5
2024,마라1098,ho_yr_004,5
2024,마라1098,ho_yr_005,0
2024,마라1098,ho_yr_007,0
2024,마라1098,ho_yr_011,5
2024,마라1098,ho_yr_013,5
2024,마라1098,ho_yr_015,0
2024,마라1098,ho_yr_017,0
2024,마라1098,to_ho_001,18
2024,마라1099,ho_ar_002,8
2024,마라1099,ho_ar_003,13
2024,마라1099,ho_ar_004,32
2024,마라1099,ho_ar_005,20
2024,마라1099,ho_ar_006,18
2024,마라1099,ho_ar_007,5
2024,마라1099,ho_ar_008,8
2024,마라1099,ho_ar_009,0
2024,마라1099,ho_gb_002,93
2024,마라1099,ho_gb_005,5
2024,마라1099,ho_gb_006,13
2024,마라1099,ho_yr_001,25
2024,마라1099,ho_yr_002,13
2024,마라1099,ho_yr_003,30
2024,마라1099,ho_yr_004,8
2024,마라1099,ho_yr_005,8
2024,마라1099,ho_yr_007,0
2024,마라1099,ho_yr_008,5
2024,마라1099,ho_yr_009,0
2024,마라1099,ho_yr_010,5
2024,마라1099,ho_yr_012,0
2024,마라1099,ho_yr_013,5
2024,마라1099,ho_yr_016,5
2024,마라1099,to_ho_001,97
2024,마라1144,ho_ar_002,0
2024,마라1144,ho_ar_003,5
2024,마라1144,ho_ar_004,5
2024,마라1144,ho_ar_005,5
2024,마라1144,ho_gb_002,8
2024,마라1144,ho_yr_001,5
2024,마라1144,ho_yr_004,5
2024,마라1144,ho_yr_009,0
2024,마라1144,to_ho_001,8
2024,마라1145,ho_ar_002,5
2024,마라1145,ho_ar_003,8
2024,마라1145,ho_ar_004,13
2024,마라1145,ho_ar_005,8
2024,마라1145,ho_ar_006,8
2024,마라1145,ho_ar_007,5
2024,마라1145,ho_ar_008,5
2024,마라1145,ho_gb_002,40
2024,마라1145,ho_gb_005,5
2024,마라1145,ho_gb_006,0
2024,마라1145,ho_yr_001,5
2024,마라1145,ho_yr_002,5
2024,마라1145,ho_yr_003,13
2024,마라1145,ho_yr_004,5
2024,마라1145,ho_yr_005,8
2024,마라1145,ho_yr_006,8
2024,마라1145,ho_yr_007,0
2024,마라1145,ho_yr_010,5
2024,마라1145,ho_yr_011,0
2024,마라1145,ho_yr_012,0
2024,마라1145,ho_yr_013,5
2024,마라1145,ho_yr_014,0
2024,마라1145,to_ho_001,43
2024,마라1146,ho_ar_003,0
2024,마라1146,ho_ar_004,5
2024,마라1146,ho_ar_005,5
2024,마라1146,ho_ar_006,0
2024,마라1146,ho_ar_007,0
2024,마라1146,ho_ar_008,5
2024,마라1146,ho_gb_002,8
2024,마라1146,ho_gb_005,5
2024,마라1146,ho_gb_006,5
2024,마라1146,ho_yr_003,5
2024,마라1146,ho_yr_004,5
2024,마라1146,ho_yr_005,0
2024,마라1146,ho_yr_010,0
2024,마라1146,ho_yr_012,0
2024,마라1146,ho_yr_017,0
2024,마라1146,to_ho_001,8
2024,마라1149,ho_ar_002,5
2024,마라1149,ho_ar_003,14
2024,마라1149,ho_ar_004,13
2024,마라1149,ho_ar_005,5
2024,마라1149,ho_ar_006,0
2024,마라1149,ho_ar_007,0
2024,마라1149,ho_ar_008,0
2024,마라1149,ho_gb_002,36
2024,마라1149,ho_gb_005,5
2024,마라1149,ho_gb_006,0
2024,마라1149,ho_yr_001,8
2024,마라1149,ho_yr_002,8
2024,마라1149,ho_yr_003,13
2024,마라1149,ho_yr_004,5
2024,마라1149,ho_yr_005,5
2024,마라1149,ho_yr_011,5
2024,마라1149,ho_yr_015,0
2024,마라1149,ho_yr_017,0
2024,마라1149,to_ho_001,38
2024,마라1150,ho_ar_005,5
2024,마라1150,ho_ar_008,5
2024,마라1150,ho_gb_002,5
2024,마라1150,ho_yr_004,0
2024,마라1150,ho_yr_008,5
2024,마라1150,ho_yr_011,0
2024,마라1150,ho_yr_020,0
2024,마라1150,to_ho_001,5
2024,마라1151,ho_ar_001,5
2024,마라1151,ho_ar_002,5
2024,마라1151,ho_ar_003,13
2024,마라1151,ho_ar_004,71
2024,마라1151,ho_ar_005,8
2024,마라1151,ho_ar_006,8
2024,마라1151,ho_ar_007,5
2024,마라1151,ho_ar_008,5
2024,마라1151,ho_ar_009,8
2024,마라1151,ho_gb_002,54
2024,마라1151,ho_gb_004,55
2024,마라1151,ho_gb_005,8
2024,마라1151,ho_gb_006,5
2024,마라1151,ho_yr_001,8
2024,마라1151,ho_yr_002,15
2024,마라1151,ho_yr_003,8
2024,마라1151,ho_yr_004,8
2024,마라1151,ho_yr_005,5
2024,마라1151,ho_yr_006,5
2024,마라1151,ho_yr_008,5
2024,마라1151,ho_yr_009,8
2024,마라1151,ho_yr_010,5
2024,마라1151,ho_yr_011,55
2024,마라1151,ho_yr_013,5
2024,마라1151,ho_yr_017,0
2024,마라1151,to_ho_001,115
2024,마라1152,ho_ar_001,0
2024,마라1152,ho_ar_002,23
2024,마라1152,ho_ar_003,666
2024,마라1152,ho_ar_004,267
2024,마라1152,ho_ar_005,18
2024,마라1152,ho_ar_006,13
2024,마라1152,ho_ar_007,18
2024,마라1152,ho_ar_008,8
2024,마라1152,ho_ar_009,36
2024,마라1152,ho_gb_001,32
2024,마라1152,ho_gb_002,160
2024,마라1152,ho_gb_003,836
2024,마라1152,ho_gb_004,10
2024,마라1152,ho_gb_005,8
2024,마라1152,ho_gb_006,31
2024,마라1152,ho_yr_001,14
2024,마라1152,ho_yr_002,156
2024,마라1152,ho_yr_003,691
2024,마라1152,ho_yr_004,80
2024,마라1152,ho_yr_005,73
2024,마라1152,ho_yr_006,5
2024,마라1152,ho_yr_007,5
2024,마라1152,ho_yr_008,5
2024,마라1152,ho_yr_009,5
2024,마라1152,ho_yr_010,5
2024,마라1152,ho_yr_011,8
2024,마라1152,ho_yr_012,8
2024,마라1152,ho_yr_013,0
2024,마라1152,to_ho_001,1047
2024,마라1153,ho_ar_001,5
2024,마라1153,ho_ar_002,8
2024,마라1153,ho_ar_003,28
2024,마라1153,ho_ar_004,126
2024,마라1153,ho_ar_005,13
2024,마라1153,ho_ar_006,18
2024,마라1153,ho_ar_007,34
2024,마라1153,ho_ar_008,8
2024,마라1153,ho_ar_009,18
2024,마라1153,ho_gb_001,22
2024,마라1153,ho_gb_002,134
2024,마라1153,ho_gb_003,87
2024,마라1153,ho_gb_005,8
2024,마라1153,ho_gb_006,13
2024,마라1153,ho_yr_001,28
2024,마라1153,ho_yr_002,55
2024,마라1153,ho_yr_003,90
2024,마라1153,ho_yr_004,25
2024,마라1153,ho_yr_005,31
2024,마라1153,ho_yr_006,5
2024,마라1153,ho_yr_007,0
2024,마라1153,ho_yr_008,5
2024,마라1153,ho_yr_009,8
2024,마라1153,ho_yr_010,8
2024,마라1153,ho_yr_011,5
2024,마라1153,ho_yr_012,0
2024,마라1153,ho_yr_013,0
2024,마라1153,ho_yr_015,0
2024,마라1153,to_ho_001,247
2024,마라1154,ho_ar_003,0
2024,마라1154,ho_gb_002,0
2024,마라1154,ho_yr_002,0
2024,마라1154,to_ho_001,0
2024,마라1158,ho_ar_004,5
2024,마라1158,ho_ar_005,5
2024,마라1158,ho_ar_006,8
2024,마라1158,ho_ar_007,13
2024,마라1158,ho_ar_008,31
2024,마라1158,ho_ar_009,5
2024,마라1158,ho_gb_001,0
2024,마라1158,ho_gb_002,35
2024,마라1158,ho_gb_004,23
2024,마라1158,ho_yr_004,0
2024,마라1158,ho_yr_005,8
2024,마라1158,ho_yr_007,5
2024,마라1158,ho_yr_008,14
2024,마라1158,ho_yr_009,23
2024,마라1158,ho_yr_010,17
2024,마라1158,ho_yr_011,5
2024,마라1158,ho_yr_012,5
2024,마라1158,ho_yr_020,0
2024,마라1158,to_ho_001,61
2024,마라1159,ho_ar_007,0
2024,마라1159,ho_gb_002,0
2024,마라1159,ho_yr_010,0
2024,마라1159,to_ho_001,0
2024,마라1160,ho_ar_002,5
2024,마라1160,ho_ar_003,5
2024,마라1160,ho_ar_004,13
2024,마라1160,ho_ar_005,13
2024,마라1160,ho_ar_006,13
2024,마라1160,ho_ar_007,13
2024,마라1160,ho_ar_008,8
2024,마라1160,ho_ar_009,5
2024,마라1160,ho_gb_001,5
2024,마라1160,ho_gb_002,60
2024,마라1160,ho_gb_005,5
2024,마라1160,ho_yr_001,5
2024,마라1160,ho_yr_002,0
2024,마라1160,ho_yr_003,19
2024,마라1160,ho_yr_004,5
2024,마라1160,ho_yr_005,5
2024,마라1160,ho_yr_007,0
2024,마라1160,ho_yr_008,0
2024,마라1160,ho_yr_009,8
2024,마라1160,ho_yr_010,8
2024,마라1160,ho_yr_011,8
2024,마라1160,ho_yr_012,0
2024,마라1160,ho_yr_013,6
2024,마라1160,ho_yr_017,0
2024,마라1160,ho_yr_019,0
2024,마라1160,to_ho_001,68
2024,마라1161,ho_ar_001,0
2024,마라1161,ho_ar_002,8
2024,마라1161,ho_ar_003,30
2024,마라1161,ho_ar_004,54
2024,마라1161,ho_ar_005,37
2024,마라1161,ho_ar_006,23
2024,마라1161,ho_ar_007,13
2024,마라1161,ho_ar_008,8
2024,마라1161,ho_ar_009,0
2024,마라1161,ho_gb_002,163
2024,마라1161,ho_gb_005,8
2024,마라1161,ho_gb_006,5
2024,마라1161,ho_yr_001,27
2024,마라1161,ho_yr_002,21
2024,마라1161,ho_yr_003,64
2024,마라1161,ho_yr_004,18
2024,마라1161,ho_yr_005,8
2024,마라1161,ho_yr_007,8
2024,마라1161,ho_yr_008,0
2024,마라1161,ho_yr_009,5
2024,마라1161,ho_yr_010,5
2024,마라1161,ho_yr_011,5
2024,마라1161,ho_yr_012,5
2024,마라1161,ho_yr_013,5
2024,마라1161,ho_yr_014,8
2024,마라1161,ho_yr_016,0
2024,마라1161,ho_yr_017,0
2024,마라1161,ho_yr_019,5
2024,마라1161,ho_yr_020,0
2024,마라1161,to_ho_001,171
2024,마라1162,ho_ar_003,0
2024,마라1162,ho_ar_007,8
2024,마라1162,ho_ar_008,5
2024,마라1162,ho_ar_009,0
2024,마라1162,ho_gb_002,8
2024,마라1162,ho_yr_001,0
2024,마라1162,ho_yr_013,5
2024,마라1162,ho_yr_016,0
2024,마라1162,ho_yr_018,0
2024,마라1162,ho_yr_019,5
2024,마라1162,to_ho_001,8
2024,마라1164,ho_ar_001,5
2024,마라1164,ho_ar_002,5
2024,마라1164,ho_ar_003,8
2024,마라1164,ho_ar_004,13
2024,마라1164,ho_ar_005,8
2024,마라1164,ho_ar_006,8
2024,마라1164,ho_ar_007,8
2024,마라1164,ho_ar_008,5
2024,마라1164,ho_gb_002,47
2024,마라1164,ho_gb_005,5
2024,마라1164,ho_yr_001,13
2024,마라1164,ho_yr_002,5
2024,마라1164,ho_yr_003,5
2024,마라1164,ho_yr_004,8
2024,마라1164,ho_yr_005,8
2024,마라1164,ho_yr_009,5
2024,마라1164,ho_yr_010,0
2024,마라1164,ho_yr_012,5
2024,마라1164,ho_yr_013,8
2024,마라1164,ho_yr_014,5
2024,마라1164,ho_yr_015,0
2024,마라1164,ho_yr_016,5
2024,마라1164,ho_yr_018,0
2024,마라1164,ho_yr_020,0
2024,마라1164,to_ho_001,48
2024,마라1170,ho_ar_001,5
2024,마라1170,ho_ar_002,8
2024,마라1170,ho_ar_003,8
2024,마라1170,ho_ar_004,8
2024,마라1170,ho_ar_005,8
2024,마라1170,ho_ar_006,8
2024,마라1170,ho_ar_007,5
2024,마라1170,ho_ar_008,5
2024,마라1170,ho_ar_009,0
2024,마라1170,ho_gb_002,45
2024,마라1170,ho_gb_005,0
2024,마라1170,ho_yr_001,8
2024,마라1170,ho_yr_002,5
2024,마라1170,ho_yr_003,14
2024,마라1170,ho_yr_004,8
2024,마라1170,ho_yr_005,5
2024,마라1170,ho_yr_006,0
2024,마라1170,ho_yr_007,0
2024,마라1170,ho_yr_008,5
2024,마라1170,ho_yr_009,5
2024,마라1170,ho_yr_010,5
2024,마라1170,ho_yr_013,0
2024,마라1170,ho_yr_018,0
2024,마라1170,ho_yr_020,0
2024,마라1170,to_ho_001,44
2024,마라1177,ho_ar_002,5
2024,마라1177,ho_ar_003,17
2024,마라1177,ho_ar_004,19
2024,마라1177,ho_ar_005,8
2024,마라1177,ho_ar_006,0
2024,마라1177,ho_gb_002,45
2024,마라1177,ho_gb_006,5
2024,마라1177,ho_yr_001,17
2024,마라1177,ho_yr_002,19
2024,마라1177,ho_yr_003,5
2024,마라1177,ho_yr_004,5
2024,마라1177,ho_yr_006,0
2024,마라1177,ho_yr_010,5
2024,마라1177,ho_yr_018,0
2024,마라1177,to_ho_001,43
2024,마라1178,ho_ar_002,13
2024,마라1178,ho_ar_003,34
2024,마라1178,ho_ar_004,27
2024,마라1178,ho_ar_005,13
2024,마라1178,ho_ar_006,8
2024,마라1178,ho_ar_007,8
2024,마라1178,ho_ar_008,8
2024,마라1178,ho_ar_009,5
2024,마라1178,ho_gb_002,114
2024,마라1178,ho_gb_005,5
2024,마라1178,ho_gb_006,0
2024,마라1178,ho_yr_001,41
2024,마라1178,ho_yr_002,24
2024,마라1178,ho_yr_003,26
2024,마라1178,ho_yr_004,8
2024,마라1178,ho_yr_005,8
2024,마라1178,ho_yr_008,0
2024,마라1178,ho_yr_013,8
2024,마라1178,ho_yr_014,0
2024,마라1178,ho_yr_015,0
2024,마라1178,ho_yr_017,0
2024,마라1178,ho_yr_018,5
2024,마라1178,to_ho_001,115
2024,마라1179,ho_ar_003,26
2024,마라1179,ho_ar_004,21
2024,마라1179,ho_ar_007,0
2024,마라1179,ho_gb_002,5
2024,마라1179,ho_gb_003,40
2024,마라1179,ho_gb_005,0
2024,마라1179,ho_gb_006,5
2024,마라1179,ho_yr_001,5
2024,마라1179,ho_yr_003,5
2024,마라1179,ho_yr_004,40
2024,마라1179,to_ho_001,45
2024,마라1180,ho_ar_004,8
2024,마라1180,ho_ar_005,8
2024,마라1180,ho_ar_006,8
2024,마라1180,ho_ar_007,5
2024,마라1180,ho_ar_008,0
2024,마라1180,ho_gb_002,24
2024,마라1180,ho_gb_006,8
2024,마라1180,ho_yr_001,8
2024,마라1180,ho_yr_002,5
2024,마라1180,ho_yr_003,8
2024,마라1180,ho_yr_004,5
2024,마라1180,ho_yr_010,0
2024,마라1180,ho_yr_011,0
2024,마라1180,ho_yr_018,5
2024,마라1180,to_ho_001,23
2024,마라1181,ho_ar_003,0
2024,마라1181,ho_gb_005,0
2024,마라1181,ho_yr_003,0
2024,마라1181,to_ho_001,0
2024,마라1182,ho_ar_001,0
2024,마라1182,ho_ar_003,0
2024,마라1182,ho_ar_004,0
2024,마라1182,ho_ar_007,5
2024,마라1182,ho_ar_008,0
2024,마라1182,ho_gb_002,5
2024,마라1182,ho_gb_006,5
2024,마라1182,ho_yr_003,0
2024,마라1182,ho_yr_008,0
2024,마라1182,ho_yr_009,0
2024,마라1182,ho_yr_013,0
2024,마라1182,to_ho_001,5
2024,마라1184,ho_ar_003,587
2024,마라1184,ho_ar_004,1041
2024,마라1184,ho_ar_006,5
2024,마라1184,ho_gb_002,0
2024,마라1184,ho_gb_003,1628
2024,마라1184,ho_yr_003,0
2024,마라1184,ho_yr_011,1239
2024,마라1184,ho_yr_013,389
2024,마라1184,to_ho_001,1628
2024,마라1185,ho_ar_004,285
2024,마라1185,ho_ar_006,224
2024,마라1185,ho_gb_003,509
2024,마라1185,ho_yr_013,509
2024,마라1185,to_ho_001,509
2024,마라1188,ho_ar_002,8
2024,마라1188,ho_ar_003,5
2024,마라1188,ho_ar_004,5
2024,마라1188,ho_ar_006,5
2024,마라1188,ho_ar_007,5
2024,마라1188,ho_ar_008,0
2024,마라1188,ho_ar_009,5
2024,마라1188,ho_gb_001,0
2024,마라1188,ho_gb_002,21
2024,마라1188,ho_gb_005,5
2024,마라1188,ho_gb_006,13
2024,마라1188,ho_yr_001,8
2024,마라1188,ho_yr_002,0
2024,마라1188,ho_yr_003,0
2024,마라1188,ho_yr_004,0
2024,마라1188,ho_yr_005,8
2024,마라1188,ho_yr_009,0
2024,마라1188,ho_yr_010,5
2024,마라1188,ho_yr_011,5
2024,마라1188,ho_yr_013,0
2024,마라1188,ho_yr_016,0
2024,마라1188,to_ho_001,28
2024,마라1189,ho_ar_004,39
2024,마라1189,ho_ar_006,46
2024,마라1189,ho_ar_007,62
2024,마라1189,ho_ar_008,8
2024,마라1189,ho_gb_003,94
2024,마라1189,ho_gb_004,61
2024,마라1189,ho_yr_006,94
2024,마라1189,ho_yr_011,61
2024,마라1189,to_ho_001,155
2024,마라1192,ho_ar_002,0
2024,마라1192,ho_ar_003,0
2024,마라1192,ho_ar_005,5
2024,마라1192,ho_ar_008,0
2024,마라1192,ho_gb_002,5
2024,마라1192,ho_gb_006,0
2024,마라1192,ho_yr_004,5
2024,마라1192,ho_yr_005,0
2024,마라1192,ho_yr_019,0
2024,마라1192,to_ho_001,5
2024,마라1197,ho_ar_003,0
2024,마라1197,ho_ar_004,0
2024,마라1197,ho_gb_002,5
2024,마라1197,ho_yr_003,0
2024,마라1197,ho_yr_004,0
2024,마라1197,to_ho_001,5
2024,마라1198,ho_ar_002,5
2024,마라1198,ho_ar_003,13
2024,마라1198,ho_ar_004,13
2024,마라1198,ho_ar_005,8
2024,마라1198,ho_ar_006,8
2024,마라1198,ho_ar_007,5
2024,마라1198,ho_ar_008,0
2024,마라1198,ho_gb_002,52
2024,마라1198,ho_gb_005,0
2024,마라1198,ho_gb_006,5
2024,마라1198,ho_yr_001,28
2024,마라1198,ho_yr_002,8
2024,마라1198,ho_yr_003,8
2024,마라1198,ho_yr_004,5
2024,마라1198,ho_yr_005,5
2024,마라1198,ho_yr_009,0
2024,마라1198,ho_yr_010,0
2024,마라1198,ho_yr_011,5
2024,마라1198,ho_yr_014,5
2024,마라1198,ho_yr_015,5
2024,마라1198,ho_yr_017,0
2024,마라1198,ho_yr_019,0
2024,마라1198,to_ho_001,53
2024,마라1199,ho_ar_002,5
2024,마라1199,ho_ar_003,0
2024,마라1199,ho_ar_004,8
2024,마라1199,ho_ar_005,5
2024,마라1199,ho_gb_002,13
2024,마라1199,ho_gb_005,5
2024,마라1199,ho_gb_006,18
2024,마라1199,ho_yr_001,5
2024,마라1199,ho_yr_003,5
2024,마라1199,ho_yr_004,5
2024,마라1199,to_ho_001,13
2024,마라1245,ho_ar_008,0
2024,마라1245,ho_gb_002,5
2024,마라1245,ho_yr_003,0
2024,마라1245,to_ho_001,0
2024,마라1250,ho_ar_006,0
2024,마라1250,ho_gb_002,0
2024,마라1250,ho_yr_002,5
2024,마라1250,to_ho_001,5
2024,마라1251,ho_ar_002,0
2024,마라1251,ho_ar_005,5
2024,마라1251,ho_gb_002,5
2024,마라1251,ho_gb_006,5
2024,마라1251,ho_yr_002,5
2024,마라1251,to_ho_001,5
2024,마라1252,ho_ar_001,5
2024,마라1252,ho_ar_002,13
2024,마라1252,ho_ar_003,17
2024,마라1252,ho_ar_004,25
2024,마라1252,ho_ar_005,5
2024,마라1252,ho_ar_006,8
2024,마라1252,ho_ar_007,8
2024,마라1252,ho_ar_008,5
2024,마라1252,ho_ar_009,5
2024,마라1252,ho_gb_002,84
2024,마라1252,ho_gb_005,0
2024,마라1252,ho_gb_006,8
2024,마라1252,ho_yr_001,35
2024,마라1252,ho_yr_002,27
2024,마라1252,ho_yr_003,8
2024,마라1252,ho_yr_004,8
2024,마라1252,ho_yr_005,5
2024,마라1252,ho_yr_007,0
2024,마라1252,ho_yr_013,5
2024,마라1252,ho_yr_018,0
2024,마라1252,to_ho_001,84
2024,마라1253,ho_ar_001,28
2024,마라1253,ho_ar_002,62
2024,마라1253,ho_ar_003,284
2024,마라1253,ho_ar_004,921
2024,마라1253,ho_ar_005,45
2024,마라1253,ho_ar_006,62
2024,마라1253,ho_ar_007,62
2024,마라1253,ho_ar_008,18
2024,마라1253,ho_ar_009,56
2024,마라1253,ho_gb_001,66
2024,마라1253,ho_gb_002,304
2024,마라1253,ho_gb_003,1014
2024,마라1253,ho_gb_004,124
2024,마라1253,ho_gb_005,23
2024,마라1253,ho_gb_006,75
2024,마라1253,ho_yr_001,77
2024,마라1253,ho_yr_002,287
2024,마라1253,ho_yr_003,430
2024,마라1253,ho_yr_004,308
2024,마라1253,ho_yr_005,262
2024,마라1253,ho_yr_006,5
2024,마라1253,ho_yr_007,8
2024,마라1253,ho_yr_008,5
2024,마라1253,ho_yr_009,50
2024,마라1253,ho_yr_010,26
2024,마라1253,ho_yr_011,39
2024,마라1253,ho_yr_012,8
2024,마라1253,ho_yr_016,25
2024,마라1253,ho_yr_020,0
2024,마라1253,to_ho_001,1528
2024,마라1254,ho_ar_002,158
2024,마라1254,ho_ar_003,227
2024,마라1254,ho_ar_004,1264
2024,마라1254,ho_ar_005,80
2024,마라1254,ho_ar_006,131
2024,마라1254,ho_ar_007,38
2024,마라1254,ho_ar_008,28
2024,마라1254,ho_ar_009,148
2024,마라1254,ho_gb_001,42
2024,마라1254,ho_gb_002,537
2024,마라1254,ho_gb_003,1418
2024,마라1254,ho_gb_004,55
2024,마라1254,ho_gb_005,23
2024,마라1254,ho_gb_006,23
2024,마라1254,ho_yr_001,155
2024,마라1254,ho_yr_002,363
2024,마라1254,ho_yr_003,472
2024,마라1254,ho_yr_004,472
2024,마라1254,ho_yr_005,429
2024,마라1254,ho_yr_006,8
2024,마라1254,ho_yr_007,8
2024,마라1254,ho_yr_008,13
2024,마라1254,ho_yr_009,38
2024,마라1254,ho_yr_010,34
2024,마라1254,ho_yr_011,59
2024,마라1254,ho_yr_012,13
2024,마라1254,ho_yr_013,5
2024,마라1254,ho_yr_014,0
2024,마라1254,ho_yr_017,5
2024,마라1254,ho_yr_018,0
2024,마라1254,to_ho_001,2076
2024,마라1255,ho_ar_001,5
2024,마라1255,ho_ar_002,23
2024,마라1255,ho_ar_003,7
2024,마라1255,ho_ar_004,8
2024,마라1255,ho_ar_005,5
2024,마라1255,ho_ar_006,5
2024,마라1255,ho_ar_007,8
2024,마라1255,ho_ar_008,0
2024,마라1255,ho_ar_009,5
2024,마라1255,ho_gb_002,39
2024,마라1255,ho_gb_003,23
2024,마라1255,ho_gb_004,7
2024,마라1255,ho_gb_005,0
2024,마라1255,ho_gb_006,0
2024,마라1255,ho_yr_001,8
2024,마라1255,ho_yr_002,44
2024,마라1255,ho_yr_003,11
2024,마라1255,ho_yr_004,5
2024,마라1255,ho_yr_008,5
2024,마라1255,ho_yr_010,5
2024,마라1255,ho_yr_011,5
2024,마라1255,ho_yr_012,5
2024,마라1255,to_ho_001,65
2024,마라1264,ho_ar_004,0
2024,마라1264,ho_ar_005,5
2024,마라1264,ho_ar_006,5
2024,마라1264,ho_ar_007,5
2024,마라1264,ho_ar_008,0
2024,마라1264,ho_gb_002,13
2024,마라1264,ho_yr_005,0
2024,마라1264,ho_yr_012,0
2024,마라1264,ho_yr_013,5
2024,마라1264,ho_yr_014,5
2024,마라1264,ho_yr_015,5
2024,마라1264,ho_yr_017,0
2024,마라1264,ho_yr_018,5
2024,마라1264,to_ho_001,13
2024,마라1278,ho_ar_001,5
2024,마라1278,ho_ar_002,8
2024,마라1278,ho_ar_003,13
2024,마라1278,ho_ar_004,27
2024,마라1278,ho_ar_005,8
2024,마라1278,ho_ar_006,5
2024,마라1278,ho_ar_007,0
2024,마라1278,ho_ar_008,0
2024,마라1278,ho_ar_009,5
2024,마라1278,ho_gb_002,55
2024,마라1278,ho_gb_005,0
2024,마라1278,ho_gb_006,0
2024,마라1278,ho_yr_001,13
2024,마라1278,ho_yr_002,13
2024,마라1278,ho_yr_003,13
2024,마라1278,ho_yr_004,5
2024,마라1278,ho_yr_005,5
2024,마라1278,ho_yr_006,0
2024,마라1278,ho_yr_009,0
2024,마라1278,ho_yr_015,5
2024,마라1278,ho_yr_017,0
2024,마라1278,ho_yr_018,11
2024,마라1278,ho_yr_019,0
2024,마라1278,ho_yr_020,5
2024,마라1278,to_ho_001,57
2024,마라1280,ho_ar_001,5
2024,마라1280,ho_ar_003,14
2024,마라1280,ho_ar_004,18
2024,마라1280,ho_ar_005,8
2024,마라1280,ho_ar_006,5
2024,마라1280,ho_ar_007,5
2024,마라1280,ho_ar_008,0
2024,마라1280,ho_gb_001,15
2024,마라1280,ho_gb_002,17
2024,마라1280,ho_gb_004,13
2024,마라1280,ho_gb_006,0
2024,마라1280,ho_yr_001,8
2024,마라1280,ho_yr_002,5
2024,마라1280,ho_yr_003,29
2024,마라1280,ho_yr_010,5
2024,마라1280,ho_yr_011,0
2024,마라1280,ho_yr_013,0
2024,마라1280,to_ho_001,47
2024,마라1281,ho_ar_002,5
2024,마라1281,ho_ar_003,0
2024,마라1281,ho_ar_004,5
2024,마라1281,ho_ar_005,5
2024,마라1281,ho_ar_006,8
2024,마라1281,ho_ar_007,8
2024,마라1281,ho_ar_008,8
2024,마라1281,ho_ar_009,0
2024,마라1281,ho_gb_002,35
2024,마라1281,ho_gb_006,5
2024,마라1281,ho_yr_001,8
2024,마라1281,ho_yr_002,5
2024,마라1281,ho_yr_003,5
2024,마라1281,ho_yr_004,5
2024,마라1281,ho_yr_005,5
2024,마라1281,ho_yr_007,5
2024,마라1281,ho_yr_008,5
2024,마라1281,ho_yr_011,0
2024,마라1281,ho_yr_012,0
2024,마라1281,ho_yr_013,0
2024,마라1281,ho_yr_014,0
2024,마라1281,ho_yr_019,0
2024,마라1281,to_ho_001,33
2024,마라1284,ho_gb_006,5
2024,마라1288,ho_gb_006,5
2024,마라1292,ho_ar_001,0
2024,마라1292,ho_ar_002,5
2024,마라1292,ho_ar_003,8
2024,마라1292,ho_ar_004,5
2024,마라1292,ho_ar_005,0
2024,마라1292,ho_ar_006,5
2024,마라1292,ho_ar_007,5
2024,마라1292,ho_ar_008,5
2024,마라1292,ho_gb_002,18
2024,마라1292,ho_gb_005,8
2024,마라1292,ho_gb_006,5
2024,마라1292,ho_yr_001,5
2024,마라1292,ho_yr_002,0
2024,마라1292,ho_yr_003,8
2024,마라1292,ho_yr_004,5
2024,마라1292,ho_yr_005,8
2024,마라1292,ho_yr_009,0
2024,마라1292,ho_yr_011,0
2024,마라1292,ho_yr_012,5
2024,마라1292,ho_yr_013,0
2024,마라1292,ho_yr_015,5
2024,마라1292,to_ho_001,23
2024,마라1293,ho_ar_003,5
2024,마라1293,ho_ar_004,5
2024,마라1293,ho_ar_005,0
2024,마라1293,ho_ar_007,0
2024,마라1293,ho_gb_002,12
2024,마라1293,ho_yr_002,5
2024,마라1293,ho_yr_003,5
2024,마라1293,ho_yr_004,0
2024,마라1293,ho_yr_009,0
2024,마라1293,to_ho_001,8
2024,마라1294,ho_ar_002,5
2024,마라1294,ho_ar_003,5
2024,마라1294,ho_ar_004,5
2024,마라1294,ho_ar_005,5
2024,마라1294,ho_ar_006,5
2024,마라1294,ho_ar_007,5
2024,마라1294,ho_gb_002,13
2024,마라1294,ho_gb_006,5
2024,마라1294,ho_yr_001,8
2024,마라1294,ho_yr_003,5
2024,마라1294,ho_yr_004,0
2024,마라1294,ho_yr_005,5
2024,마라1294,to_ho_001,13
2024,마라1295,ho_ar_002,5
2024,마라1295,ho_ar_003,0
2024,마라1295,ho_ar_004,8
2024,마라1295,ho_ar_005,5
2024,마라1295,ho_ar_006,0
2024,마라1295,ho_ar_008,0
2024,마라1295,ho_gb_002,13
2024,마라1295,ho_gb_006,0
2024,마라1295,ho_yr_001,8
2024,마라1295,ho_yr_002,0
2024,마라1295,ho_yr_003,5
2024,마라1295,ho_yr_004,5
2024,마라1295,ho_yr_013,5
2024,마라1295,to_ho_001,13
2024,마라1296,ho_ar_001,0
2024,마라1296,ho_ar_002,8
2024,마라1296,ho_ar_003,23
2024,마라1296,ho_ar_004,29
2024,마라1296,ho_ar_005,33
2024,마라1296,ho_ar_006,8
2024,마라1296,ho_ar_007,5
2024,마라1296,ho_ar_008,5
2024,마라1296,ho_ar_009,0
2024,마라1296,ho_gb_002,109
2024,마라1296,ho_gb_005,5
2024,마라1296,ho_gb_006,0
2024,마라1296,ho_yr_001,29
2024,마라1296,ho_yr_002,13
2024,마라1296,ho_yr_003,52
2024,마라1296,ho_yr_004,5
2024,마라1296,ho_yr_005,8
2024,마라1296,ho_yr_009,0
2024,마라1296,ho_yr_010,5
2024,마라1296,ho_yr_011,5
2024,마라1296,ho_yr_013,5
2024,마라1296,ho_yr_018,0
2024,마라1296,ho_yr_020,0
2024,마라1296,to_ho_001,113
2024,마라1297,ho_ar_003,0
2024,마라1297,ho_ar_005,0
2024,마라1297,ho_ar_006,5
2024,마라1297,ho_gb_002,5
2024,마라1297,ho_gb_005,5
2024,마라1297,ho_yr_001,0
2024,마라1297,ho_yr_002,0
2024,마라1297,ho_yr_004,0
2024,마라1297,ho_yr_006,0
2024,마라1297,to_ho_001,5
2024,마라1298,ho_gb_006,8
2024,마라1299,ho_ar_002,5
2024,마라1299,ho_ar_003,5
2024,마라1299,ho_ar_004,5
2024,마라1299,ho_ar_005,8
2024,마라1299,ho_ar_006,5
2024,마라1299,ho_ar_007,5
2024,마라1299,ho_ar_008,5
2024,마라1299,ho_ar_009,0
2024,마라1299,ho_gb_002,30
2024,마라1299,ho_gb_006,5
2024,마라1299,ho_yr_001,11
2024,마라1299,ho_yr_003,5
2024,마라1299,ho_yr_004,5
2024,마라1299,ho_yr_005,5
2024,마라1299,ho_yr_009,0
2024,마라1299,ho_yr_010,0
2024,마라1299,ho_yr_012,5
2024,마라1299,ho_yr_013,0
2024,마라1299,ho_yr_014,5
2024,마라1299,ho_yr_015,0
2024,마라1299,ho_yr_016,0
2024,마라1299,to_ho_001,29
2024,마라1354,ho_ar_002,5
2024,마라1354,ho_ar_003,41
2024,마라1354,ho_ar_004,58
2024,마라1354,ho_ar_005,13
2024,마라1354,ho_ar_006,8
2024,마라1354,ho_ar_007,0
2024,마라1354,ho_ar_009,13
2024,마라1354,ho_gb_001,27
2024,마라1354,ho_gb_002,53
2024,마라1354,ho_gb_003,39
2024,마라1354,ho_gb_004,14
2024,마라1354,ho_gb_006,5
2024,마라1354,ho_yr_001,8
2024,마라1354,ho_yr_002,83
2024,마라1354,ho_yr_003,24
2024,마라1354,ho_yr_004,5
2024,마라1354,ho_yr_005,5
2024,마라1354,ho_yr_008,5
2024,마라1354,ho_yr_009,0
2024,마라1354,ho_yr_010,5
2024,마라1354,ho_yr_011,5
2024,마라1354,ho_yr_012,0
2024,마라1354,to_ho_001,134
2024,마라1355,ho_ar_002,5
2024,마라1355,ho_ar_003,8
2024,마라1355,ho_ar_004,19
2024,마라1355,ho_ar_005,8
2024,마라1355,ho_ar_006,5
2024,마라1355,ho_ar_007,5
2024,마라1355,ho_ar_008,0
2024,마라1355,ho_ar_009,8
2024,마라1355,ho_gb_002,33
2024,마라1355,ho_gb_003,13
2024,마라1355,ho_gb_005,5
2024,마라1355,ho_gb_006,103
2024,마라1355,ho_yr_001,11
2024,마라1355,ho_yr_002,13
2024,마라1355,ho_yr_003,5
2024,마라1355,ho_yr_004,0
2024,마라1355,ho_yr_005,0
2024,마라1355,ho_yr_007,5
2024,마라1355,ho_yr_009,5
2024,마라1355,ho_yr_011,13
2024,마라1355,ho_yr_012,0
2024,마라1355,ho_yr_020,0
2024,마라1355,to_ho_001,52
2024,마라1377,ho_ar_001,5
2024,마라1377,ho_ar_002,11
2024,마라1377,ho_ar_003,23
2024,마라1377,ho_ar_004,36
2024,마라1377,ho_ar_005,8
2024,마라1377,ho_ar_006,5
2024,마라1377,ho_gb_002,86
2024,마라1377,ho_gb_005,0
2024,마라1377,ho_gb_006,5
2024,마라1377,ho_yr_001,14
2024,마라1377,ho_yr_002,43
2024,마라1377,ho_yr_003,23
2024,마라1377,ho_yr_005,5
2024,마라1377,ho_yr_009,0
2024,마라1377,to_ho_001,87
2024,마라1378,ho_ar_001,0
2024,마라1378,ho_ar_002,5
2024,마라1378,ho_ar_003,14
2024,마라1378,ho_ar_004,22
2024,마라1378,ho_ar_005,5
2024,마라1378,ho_ar_006,5
2024,마라1378,ho_ar_007,5
2024,마라1378,ho_ar_008,5
2024,마라1378,ho_gb_002,50
2024,마라1378,ho_gb_005,5
2024,마라1378,ho_gb_006,5
2024,마라1378,ho_yr_001,16
2024,마라1378,ho_yr_002,20
2024,마라1378,ho_yr_003,16
2024,마라1378,ho_yr_004,0
2024,마라1378,ho_yr_005,5
2024,마라1378,to_ho_001,49
2024,마라1379,ho_ar_002,13
2024,마라1379,ho_ar_003,15
2024,마라1379,ho_ar_004,44
2024,마라1379,ho_ar_005,13
2024,마라1379,ho_ar_006,13
2024,마라1379,ho_ar_007,8
2024,마라1379,ho_ar_008,5
2024,마라1379,ho_ar_009,5
2024,마라1379,ho_gb_001,22
2024,마라1379,ho_gb_002,87
2024,마라1379,ho_gb_005,0
2024,마라1379,ho_gb_006,18
2024,마라1379,ho_yr_001,27
2024,마라1379,ho_yr_002,25
2024,마라1379,ho_yr_003,30
2024,마라1379,ho_yr_004,17
2024,마라1379,ho_yr_005,8
2024,마라1379,ho_yr_006,5
2024,마라1379,ho_yr_010,5
2024,마라1379,ho_yr_011,5
2024,마라1379,ho_yr_012,0
2024,마라1379,ho_yr_013,5
2024,마라1379,ho_yr_014,5
2024,마라1379,ho_yr_019,5
2024,마라1379,to_ho_001,110
2024,마라1380,ho_ar_001,8
2024,마라1380,ho_ar_002,28
2024,마라1380,ho_ar_003,183
2024,마라1380,ho_ar_004,132
2024,마라1380,ho_ar_005,61
2024,마라1380,ho_ar_006,48
2024,마라1380,ho_ar_007,23
2024,마라1380,ho_ar_008,13
2024,마라1380,ho_ar_009,5
2024,마라1380,ho_gb_001,53
2024,마라1380,ho_gb_002,324
2024,마라1380,ho_gb_003,84
2024,마라1380,ho_gb_004,22
2024,마라1380,ho_gb_005,13
2024,마라1380,ho_gb_006,36
2024,마라1380,ho_yr_001,96
2024,마라1380,ho_yr_002,78
2024,마라1380,ho_yr_003,195
2024,마라1380,ho_yr_004,40
2024,마라1380,ho_yr_005,28
2024,마라1380,ho_yr_006,5
2024,마라1380,ho_yr_007,5
2024,마라1380,ho_yr_008,6
2024,마라1380,ho_yr_009,5
2024,마라1380,ho_yr_010,15
2024,마라1380,ho_yr_011,5
2024,마라1380,ho_yr_012,5
2024,마라1380,ho_yr_013,8
2024,마라1380,ho_yr_014,8
2024,마라1380,ho_yr_015,5
2024,마라1380,ho_yr_016,5
2024,마라1380,ho_yr_017,5
2024,마라1380,ho_yr_018,0
2024,마라1380,ho_yr_019,5
2024,마라1380,ho_yr_020,8
2024,마라1380,to_ho_001,496
2024,마라1381,ho_ar_001,0
2024,마라1381,ho_ar_002,0
2024,마라1381,ho_ar_003,5
2024,마라1381,ho_ar_004,8
2024,마라1381,ho_ar_005,0
2024,마라1381,ho_ar_007,0
2024,마라1381,ho_gb_002,14
2024,마라1381,ho_gb_006,5
2024,마라1381,ho_yr_001,5
2024,마라1381,ho_yr_002,5
2024,마라1381,ho_yr_003,0
2024,마라1381,ho_yr_004,5
2024,마라1381,ho_yr_005,0
2024,마라1381,ho_yr_014,0
2024,마라1381,to_ho_001,13
2024,마라1392,ho_ar_004,0
2024,마라1392,ho_gb_002,0
2024,마라1392,ho_yr_003,0
2024,마라1392,to_ho_001,0
2024,마라1393,ho_ar_001,8
2024,마라1393,ho_ar_002,8
2024,마라1393,ho_ar_003,8
2024,마라1393,ho_ar_004,8
2024,마라1393,ho_ar_005,13
2024,마라1393,ho_ar_006,8
2024,마라1393,ho_ar_007,0
2024,마라1393,ho_gb_002,43
2024,마라1393,ho_gb_005,0
2024,마라1393,ho_yr_001,13
2024,마라1393,ho_yr_002,0
2024,마라1393,ho_yr_003,18
2024,마라1393,ho_yr_004,5
2024,마라1393,ho_yr_005,5
2024,마라1393,ho_yr_011,0
2024,마라1393,ho_yr_017,0
2024,마라1393,to_ho_001,43
2024,마라1394,ho_ar_001,5
2024,마라1394,ho_ar_002,23
2024,마라1394,ho_ar_003,23
2024,마라1394,ho_ar_004,33
2024,마라1394,ho_ar_005,18
2024,마라1394,ho_ar_006,8
2024,마라1394,ho_ar_007,8
2024,마라1394,ho_ar_008,0
2024,마라1394,ho_ar_009,5
2024,마라1394,ho_gb_002,116
2024,마라1394,ho_gb_006,13
2024,마라1394,ho_yr_001,35
2024,마라1394,ho_yr_002,23
2024,마라1394,ho_yr_003,33
2024,마라1394,ho_yr_004,8
2024,마라1394,ho_yr_005,5
2024,마라1394,ho_yr_006,0
2024,마라1394,ho_yr_008,0
2024,마라1394,ho_yr_010,0
2024,마라1394,ho_yr_011,5
2024,마라1394,ho_yr_012,5
2024,마라1394,ho_yr_013,5
2024,마라1394,ho_yr_015,5
2024,마라1394,to_ho_001,115
2024,마라1395,ho_ar_001,21
2024,마라1395,ho_ar_002,53
2024,마라1395,ho_ar_003,71
2024,마라1395,ho_ar_004,152
2024,마라1395,ho_ar_005,34
2024,마라1395,ho_ar_006,18
2024,마라1395,ho_ar_007,18
2024,마라1395,ho_ar_008,8
2024,마라1395,ho_ar_009,13
2024,마라1395,ho_gb_001,67
2024,마라1395,ho_gb_002,166
2024,마라1395,ho_gb_003,148
2024,마라1395,ho_gb_005,8
2024,마라1395,ho_gb_006,41
2024,마라1395,ho_yr_001,65
2024,마라1395,ho_yr_002,23
2024,마라1395,ho_yr_003,162
2024,마라1395,ho_yr_004,13
2024,마라1395,ho_yr_005,8
2024,마라1395,ho_yr_006,5
2024,마라1395,ho_yr_007,0
2024,마라1395,ho_yr_008,49
2024,마라1395,ho_yr_009,30
2024,마라1395,ho_yr_010,5
2024,마라1395,ho_yr_011,33
2024,마라1395,ho_yr_012,0
2024,마라1395,ho_yr_013,5
2024,마라1395,ho_yr_016,5
2024,마라1395,ho_yr_018,5
2024,마라1395,ho_yr_020,0
2024,마라1395,to_ho_001,391
2024,마라1396,ho_ar_002,5
2024,마라1396,ho_ar_003,8
2024,마라1396,ho_ar_004,151
2024,마라1396,ho_ar_005,24
2024,마라1396,ho_ar_006,15
2024,마라1396,ho_ar_007,8
2024,마라1396,ho_ar_008,8
2024,마라1396,ho_ar_009,8
2024,마라1396,ho_gb_001,39
2024,마라1396,ho_gb_002,74
2024,마라1396,ho_gb_003,95
2024,마라1396,ho_gb_004,13
2024,마라1396,ho_gb_006,13
2024,마라1396,ho_yr_001,13
2024,마라1396,ho_yr_002,5
2024,마라1396,ho_yr_003,80
2024,마라1396,ho_yr_004,8
2024,마라1396,ho_yr_005,100
2024,마라1396,ho_yr_006,5
2024,마라1396,ho_yr_008,0
2024,마라1396,ho_yr_009,0
2024,마라1396,ho_yr_010,0
2024,마라1396,ho_yr_011,5
2024,마라1396,ho_yr_012,0
2024,마라1396,ho_yr_013,5
2024,마라1396,ho_yr_017,0
2024,마라1396,ho_yr_018,5
2024,마라1396,ho_yr_019,0
2024,마라1396,ho_yr_020,0
2024,마라1396,to_ho_001,220
2024,마라1397,ho_ar_002,5
2024,마라1397,ho_ar_003,18
2024,마라1397,ho_ar_004,23
2024,마라1397,ho_ar_005,8
2024,마라1397,ho_ar_006,8
2024,마라1397,ho_ar_007,5
2024,마라1397,ho_ar_008,0
2024,마라1397,ho_ar_009,5
2024,마라1397,ho_gb_002,60
2024,마라1397,ho_gb_003,5
2024,마라1397,ho_gb_006,28
2024,마라1397,ho_yr_001,27
2024,마라1397,ho_yr_002,8
2024,마라1397,ho_yr_003,28
2024,마라1397,ho_yr_004,5
2024,마라1397,ho_yr_005,5
2024,마라1397,ho_yr_013,0
2024,마라1397,to_ho_001,67
2024,마라1398,ho_ar_002,5
2024,마라1398,ho_ar_003,5
2024,마라1398,ho_ar_004,14
2024,마라1398,ho_ar_005,5
2024,마라1398,ho_ar_008,0
2024,마라1398,ho_gb_002,24
2024,마라1398,ho_gb_005,5
2024,마라1398,ho_gb_006,8
2024,마라1398,ho_yr_001,8
2024,마라1398,ho_yr_002,5
2024,마라1398,ho_yr_003,8
2024,마라1398,ho_yr_004,0
2024,마라1398,ho_yr_005,5
2024,마라1398,ho_yr_007,0
2024,마라1398,ho_yr_009,0
2024,마라1398,ho_yr_012,0
2024,마라1398,ho_yr_018,5
2024,마라1398,to_ho_001,28
2024,마라1399,ho_ar_001,5
2024,마라1399,ho_ar_002,5
2024,마라1399,ho_ar_003,5
2024,마라1399,ho_ar_004,8
2024,마라1399,ho_ar_005,18
2024,마라1399,ho_ar_006,13
2024,마라1399,ho_ar_007,13
2024,마라1399,ho_ar_008,5
2024,마라1399,ho_ar_009,5
2024,마라1399,ho_gb_002,63
2024,마라1399,ho_gb_006,5
2024,마라1399,ho_yr_001,5
2024,마라1399,ho_yr_002,0
2024,마라1399,ho_yr_003,5
2024,마라1399,ho_yr_004,8
2024,마라1399,ho_yr_005,5
2024,마라1399,ho_yr_006,0
2024,마라1399,ho_yr_008,0
2024,마라1399,ho_yr_009,0
2024,마라1399,ho_yr_010,5
2024,마라1399,ho_yr_011,8
2024,마라1399,ho_yr_012,5
2024,마라1399,ho_yr_013,8
2024,마라1399,ho_yr_014,5
2024,마라1399,ho_yr_015,8
2024,마라1399,ho_yr_016,0
2024,마라1399,ho_yr_017,8
2024,마라1399,ho_yr_018,5
2024,마라1399,ho_yr_019,5
2024,마라1399,ho_yr_020,5
2024,마라1399,to_ho_001,63
2024,마라1447,ho_ar_003,0
2024,마라1447,ho_ar_004,5
2024,마라1447,ho_ar_006,0
2024,마라1447,ho_ar_007,0
2024,마라1447,ho_gb_002,8
2024,마라1447,ho_yr_001,5
2024,마라1447,ho_yr_003,0
2024,마라1447,to_ho_001,8
2024,마라1455,ho_gb_006,0
2024,마라1479,ho_ar_001,0
2024,마라1479,ho_ar_002,5
2024,마라1479,ho_ar_003,1034
2024,마라1479,ho_ar_004,2916
2024,마라1479,ho_ar_005,5
2024,마라1479,ho_ar_006,5
2024,마라1479,ho_ar_007,0
2024,마라1479,ho_ar_008,5
2024,마라1479,ho_ar_009,11
2024,마라1479,ho_gb_002,40
2024,마라1479,ho_gb_003,3933
2024,마라1479,ho_gb_005,0
2024,마라1479,ho_gb_006,8
2024,마라1479,ho_yr_001,8
2024,마라1479,ho_yr_002,5
2024,마라1479,ho_yr_003,8
2024,마라1479,ho_yr_004,5
2024,마라1479,ho_yr_005,0
2024,마라1479,ho_yr_010,5
2024,마라1479,ho_yr_011,5
2024,마라1479,ho_yr_012,5
2024,마라1479,ho_yr_013,1862
2024,마라1479,ho_yr_014,890
2024,마라1479,ho_yr_015,766
2024,마라1479,ho_yr_016,0
2024,마라1479,ho_yr_017,5
2024,마라1479,ho_yr_018,5
2024,마라1479,ho_yr_020,424
2024,마라1479,to_ho_001,3972
2024,마라1480,ho_ar_002,5
2024,마라1480,ho_ar_003,8
2024,마라1480,ho_ar_004,8
2024,마라1480,ho_ar_005,8
2024,마라1480,ho_ar_006,8
2024,마라1480,ho_ar_007,5
2024,마라1480,ho_ar_008,5
2024,마라1480,ho_ar_009,5
2024,마라1480,ho_gb_002,33
2024,마라1480,ho_gb_005,5
2024,마라1480,ho_gb_006,5
2024,마라1480,ho_yr_001,8
2024,마라1480,ho_yr_002,0
2024,마라1480,ho_yr_003,5
2024,마라1480,ho_yr_004,5
2024,마라1480,ho_yr_005,5
2024,마라1480,ho_yr_006,0
2024,마라1480,ho_yr_007,5
2024,마라1480,ho_yr_010,5
2024,마라1480,ho_yr_011,5
2024,마라1480,ho_yr_013,5
2024,마라1480,ho_yr_014,5
2024,마라1480,ho_yr_016,0
2024,마라1480,ho_yr_017,8
2024,마라1480,ho_yr_018,0
2024,마라1480,ho_yr_020,5
2024,마라1480,to_ho_001,38
2024,마라1487,ho_ar_003,0
2024,마라1487,ho_ar_004,0
2024,마라1487,ho_gb_002,0
2024,마라1487,ho_gb_005,0
2024,마라1487,ho_yr_003,0
2024,마라1487,ho_yr_004,5
2024,마라1487,to_ho_001,5
2024,마라1488,ho_ar_002,0
2024,마라1488,ho_ar_003,0
2024,마라1488,ho_ar_004,0
2024,마라1488,ho_ar_006,0
2024,마라1488,ho_ar_007,5
2024,마라1488,ho_ar_008,0
2024,마라1488,ho_ar_009,5
2024,마라1488,ho_gb_002,5
2024,마라1488,ho_gb_005,5
2024,마라1488,ho_gb_006,5
2024,마라1488,ho_yr_003,5
2024,마라1488,ho_yr_004,0
2024,마라1488,ho_yr_006,0
2024,마라1488,ho_yr_014,0
2024,마라1488,ho_yr_016,0
2024,마라1488,to_ho_001,8
2024,마라1489,ho_gb_006,0
2024,마라1492,ho_ar_002,8
2024,마라1492,ho_ar_003,8
2024,마라1492,ho_ar_004,8
2024,마라1492,ho_ar_005,14
2024,마라1492,ho_ar_006,0
2024,마라1492,ho_ar_007,5
2024,마라1492,ho_ar_008,0
2024,마라1492,ho_gb_002,42
2024,마라1492,ho_gb_006,5
2024,마라1492,ho_yr_001,13
2024,마라1492,ho_yr_002,8
2024,마라1492,ho_yr_003,15
2024,마라1492,ho_yr_004,5
2024,마라1492,ho_yr_006,0
2024,마라1492,ho_yr_007,5
2024,마라1492,ho_yr_011,0
2024,마라1492,ho_yr_013,0
2024,마라1492,to_ho_001,40
2024,마라1493,ho_ar_001,0
2024,마라1493,ho_ar_002,5
2024,마라1493,ho_ar_003,5
2024,마라1493,ho_ar_004,8
2024,마라1493,ho_ar_005,13
2024,마라1493,ho_ar_007,5
2024,마라1493,ho_gb_002,31
2024,마라1493,ho_gb_006,5
2024,마라1493,ho_yr_001,5
2024,마라1493,ho_yr_003,14
2024,마라1493,ho_yr_004,8
2024,마라1493,ho_yr_005,5
2024,마라1493,ho_yr_010,5
2024,마라1493,ho_yr_014,5
2024,마라1493,to_ho_001,29
2024,마라1494,ho_ar_001,0
2024,마라1494,ho_ar_002,8
2024,마라1494,ho_ar_003,5
2024,마라1494,ho_ar_004,18
2024,마라1494,ho_ar_005,18
2024,마라1494,ho_ar_006,5
2024,마라1494,ho_ar_007,5
2024,마라1494,ho_gb_002,53
2024,마라1494,ho_gb_005,0
2024,마라1494,ho_gb_006,13
2024,마라1494,ho_yr_001,17
2024,마라1494,ho_yr_002,5
2024,마라1494,ho_yr_003,18
2024,마라1494,ho_yr_004,0
2024,마라1494,ho_yr_005,5
2024,마라1494,ho_yr_007,0
2024,마라1494,ho_yr_008,0
2024,마라1494,ho_yr_009,5
2024,마라1494,ho_yr_010,5
2024,마라1494,ho_yr_013,5
2024,마라1494,ho_yr_019,5
2024,마라1494,to_ho_001,52
2024,마라1495,ho_ar_001,5
2024,마라1495,ho_ar_002,8
2024,마라1495,ho_ar_003,181
2024,마라1495,ho_ar_004,188
2024,마라1495,ho_ar_005,18
2024,마라1495,ho_ar_006,8
2024,마라1495,ho_ar_007,8
2024,마라1495,ho_ar_008,8
2024,마라1495,ho_ar_009,13
2024,마라1495,ho_gb_001,20
2024,마라1495,ho_gb_002,104
2024,마라1495,ho_gb_003,309
2024,마라1495,ho_gb_005,8
2024,마라1495,ho_gb_006,13
2024,마라1495,ho_yr_001,39
2024,마라1495,ho_yr_002,13
2024,마라1495,ho_yr_003,339
2024,마라1495,ho_yr_004,16
2024,마라1495,ho_yr_005,11
2024,마라1495,ho_yr_008,8
2024,마라1495,ho_yr_009,5
2024,마라1495,ho_yr_011,0
2024,마라1495,ho_yr_012,5
2024,마라1495,ho_yr_013,5
2024,마라1495,ho_yr_015,0
2024,마라1495,ho_yr_016,8
2024,마라1495,ho_yr_019,0
2024,마라1495,to_ho_001,434
2024,마라1496,ho_ar_002,15
2024,마라1496,ho_ar_003,5
2024,마라1496,ho_ar_004,5
2024,마라1496,ho_ar_005,8
2024,마라1496,ho_ar_006,5
2024,마라1496,ho_ar_007,5
2024,마라1496,ho_ar_009,5
2024,마라1496,ho_gb_002,36
2024,마라1496,ho_gb_006,8
2024,마라1496,ho_yr_001,13
2024,마라1496,ho_yr_002,5
2024,마라1496,ho_yr_003,13
2024,마라1496,ho_yr_004,5
2024,마라1496,ho_yr_005,0
2024,마라1496,ho_yr_008,0
2024,마라1496,ho_yr_011,0
2024,마라1496,ho_yr_012,0
2024,마라1496,ho_yr_018,0
2024,마라1496,to_ho_001,36
2024,마라1497,ho_ar_002,0
2024,마라1497,ho_ar_003,5
2024,마라1497,ho_ar_004,8
2024,마라1497,ho_ar_005,8
2024,마라1497,ho_ar_006,5
2024,마라1497,ho_ar_007,0
2024,마라1497,ho_ar_008,0
2024,마라1497,ho_gb_002,27
2024,마라1497,ho_gb_005,5
2024,마라1497,ho_gb_006,18
2024,마라1497,ho_yr_001,8
2024,마라1497,ho_yr_002,5
2024,마라1497,ho_yr_003,8
2024,마라1497,ho_yr_004,5
2024,마라1497,ho_yr_008,5
2024,마라1497,ho_yr_018,0
2024,마라1497,to_ho_001,28
2024,마라1498,ho_ar_002,5
2024,마라1498,ho_ar_003,8
2024,마라1498,ho_ar_004,31
2024,마라1498,ho_ar_005,18
2024,마라1498,ho_ar_006,8
2024,마라1498,ho_ar_007,5
2024,마라1498,ho_ar_008,5
2024,마라1498,ho_ar_009,5
2024,마라1498,ho_gb_002,80
2024,마라1498,ho_gb_006,8
2024,마라1498,ho_yr_001,13
2024,마라1498,ho_yr_002,28
2024,마라1498,ho_yr_003,18
2024,마라1498,ho_yr_004,8
2024,마라1498,ho_yr_005,8
2024,마라1498,ho_yr_007,5
2024,마라1498,ho_yr_012,5
2024,마라1498,ho_yr_013,0
2024,마라1498,ho_yr_015,0
2024,마라1498,ho_yr_016,5
2024,마라1498,to_ho_001,78
2024,마라1499,ho_ar_003,0
2024,마라1499,ho_ar_005,0
2024,마라1499,ho_ar_007,0
2024,마라1499,ho_gb_002,5
2024,마라1499,ho_gb_006,5
2024,마라1499,ho_yr_003,0
2024,마라1499,ho_yr_004,0
2024,마라1499,ho_yr_005,0
2024,마라1499,to_ho_001,5
2024,마라1579,ho_ar_002,0
2024,마라1579,ho_ar_004,8
2024,마라1579,ho_ar_005,5
2024,마라1579,ho_ar_006,5
2024,마라1579,ho_ar_007,0
2024,마라1579,ho_gb_002,23
2024,마라1579,ho_yr_001,5
2024,마라1579,ho_yr_002,8
2024,마라1579,ho_yr_003,6
2024,마라1579,ho_yr_004,5
2024,마라1579,to_ho_001,24
2024,마라1580,ho_ar_002,5
2024,마라1580,ho_ar_003,5
2024,마라1580,ho_ar_004,5
2024,마라1580,ho_ar_005,5
2024,마라1580,ho_ar_006,5
2024,마라1580,ho_ar_007,0
2024,마라1580,ho_gb_002,18
2024,마라1580,ho_yr_001,8
2024,마라1580,ho_yr_003,8
2024,마라1580,ho_yr_004,5
2024,마라1580,ho_yr_005,5
2024,마라1580,ho_yr_006,0
2024,마라1580,ho_yr_011,0
2024,마라1580,to_ho_001,18
2024,마라1588,ho_ar_002,5
2024,마라1588,ho_ar_003,5
2024,마라1588,ho_ar_004,5
2024,마라1588,ho_ar_006,0
2024,마라1588,ho_ar_008,5
2024,마라1588,ho_ar_009,5
2024,마라1588,ho_gb_002,13
2024,마라1588,ho_gb_005,5
2024,마라1588,ho_gb_006,5
2024,마라1588,ho_yr_003,5
2024,마라1588,ho_yr_004,5
2024,마라1588,ho_yr_005,5
2024,마라1588,ho_yr_006,0
2024,마라1588,ho_yr_009,0
2024,마라1588,ho_yr_013,0
2024,마라1588,ho_yr_014,5
2024,마라1588,ho_yr_015,0
2024,마라1588,ho_yr_019,0
2024,마라1588,to_ho_001,18
2024,마라1592,ho_ar_001,0
2024,마라1592,ho_ar_002,8
2024,마라1592,ho_ar_003,8
2024,마라1592,ho_ar_004,5
2024,마라1592,ho_ar_005,13
2024,마라1592,ho_ar_006,8
2024,마라1592,ho_ar_007,8
2024,마라1592,ho_ar_008,0
2024,마라1592,ho_gb_002,41
2024,마라1592,ho_gb_005,0
2024,마라1592,ho_gb_006,5
2024,마라1592,ho_yr_001,8
2024,마라1592,ho_yr_003,13
2024,마라1592,ho_yr_004,5
2024,마라1592,ho_yr_005,5
2024,마라1592,ho_yr_008,5
2024,마라1592,ho_yr_009,0
2024,마라1592,ho_yr_010,5
2024,마라1592,ho_yr_011,0
2024,마라1592,ho_yr_012,0
2024,마라1592,ho_yr_013,5
2024,마라1592,ho_yr_014,5
2024,마라1592,ho_yr_019,0
2024,마라1592,ho_yr_020,0
2024,마라1592,to_ho_001,43
2024,마라1593,ho_ar_002,18
2024,마라1593,ho_ar_003,28
2024,마라1593,ho_ar_004,23
2024,마라1593,ho_ar_005,18
2024,마라1593,ho_ar_006,13
2024,마라1593,ho_ar_007,5
2024,마라1593,ho_ar_008,8
2024,마라1593,ho_ar_009,5
2024,마라1593,ho_gb_002,108
2024,마라1593,ho_gb_005,5
2024,마라1593,ho_gb_006,34
2024,마라1593,ho_yr_001,51
2024,마라1593,ho_yr_002,8
2024,마라1593,ho_yr_003,28
2024,마라1593,ho_yr_004,8
2024,마라1593,ho_yr_005,8
2024,마라1593,ho_yr_006,0
2024,마라1593,ho_yr_009,0
2024,마라1593,ho_yr_011,0
2024,마라1593,ho_yr_012,0
2024,마라1593,ho_yr_013,5
2024,마라1593,ho_yr_014,5
2024,마라1593,ho_yr_017,5
2024,마라1593,to_ho_001,111
2024,마라1594,ho_ar_002,8
2024,마라1594,ho_ar_003,13
2024,마라1594,ho_ar_004,8
2024,마라1594,ho_ar_005,13
2024,마라1594,ho_ar_006,8
2024,마라1594,ho_ar_007,5
2024,마라1594,ho_ar_008,0
2024,마라1594,ho_gb_002,44
2024,마라1594,ho_gb_005,0
2024,마라1594,ho_gb_006,28
2024,마라1594,ho_yr_001,18
2024,마라1594,ho_yr_002,5
2024,마라1594,ho_yr_003,13
2024,마라1594,ho_yr_004,8
2024,마라1594,ho_yr_005,8
2024,마라1594,ho_yr_014,5
2024,마라1594,to_ho_001,48
2024,마라1595,ho_ar_002,8
2024,마라1595,ho_ar_003,13
2024,마라1595,ho_ar_004,21
2024,마라1595,ho_ar_005,8
2024,마라1595,ho_ar_006,8
2024,마라1595,ho_ar_007,5
2024,마라1595,ho_ar_008,5
2024,마라1595,ho_ar_009,5
2024,마라1595,ho_gb_001,8
2024,마라1595,ho_gb_002,56
2024,마라1595,ho_gb_005,8
2024,마라1595,ho_gb_006,23
2024,마라1595,ho_yr_001,23
2024,마라1595,ho_yr_002,5
2024,마라1595,ho_yr_003,31
2024,마라1595,ho_yr_004,5
2024,마라1595,ho_yr_005,5
2024,마라1595,ho_yr_008,0
2024,마라1595,ho_yr_009,0
2024,마라1595,ho_yr_010,0
2024,마라1595,ho_yr_012,5
2024,마라1595,ho_yr_013,5
2024,마라1595,to_ho_001,71
2024,마라1596,ho_ar_002,13
2024,마라1596,ho_ar_003,13
2024,마라1596,ho_ar_004,18
2024,마라1596,ho_ar_005,13
2024,마라1596,ho_ar_006,8
2024,마라1596,ho_ar_007,8
2024,마라1596,ho_ar_008,5
2024,마라1596,ho_ar_009,5
2024,마라1596,ho_gb_002,68
2024,마라1596,ho_gb_005,5
2024,마라1596,ho_gb_006,28
2024,마라1596,ho_yr_001,13
2024,마라1596,ho_yr_002,8
2024,마라1596,ho_yr_003,43
2024,마라1596,ho_yr_004,5
2024,마라1596,ho_yr_005,0
2024,마라1596,ho_yr_009,0
2024,마라1596,ho_yr_010,0
2024,마라1596,ho_yr_011,5
2024,마라1596,ho_yr_013,0
2024,마라1596,ho_yr_014,5
2024,마라1596,to_ho_001,73
2024,마라1597,ho_ar_005,0
2024,마라1597,ho_gb_002,0
2024,마라1597,ho_gb_006,46
2024,마라1597,ho_yr_003,5
2024,마라1597,to_ho_001,5
2024,마라1598,ho_ar_002,5
2024,마라1598,ho_ar_003,5
2024,마라1598,ho_ar_004,8
2024,마라1598,ho_ar_005,8
2024,마라1598,ho_ar_006,8
2024,마라1598,ho_ar_007,5
2024,마라1598,ho_gb_002,18
2024,마라1598,ho_gb_005,5
2024,마라1598,ho_gb_006,46
2024,마라1598,ho_yr_001,5
2024,마라1598,ho_yr_002,5
2024,마라1598,ho_yr_003,15
2024,마라1598,ho_yr_005,5
2024,마라1598,to_ho_001,20
2024,마라1599,ho_ar_001,10
2024,마라1599,ho_ar_002,0
2024,마라1599,ho_ar_003,167
2024,마라1599,ho_ar_004,95
2024,마라1599,ho_ar_005,0
2024,마라1599,ho_ar_006,8
2024,마라1599,ho_ar_007,5
2024,마라1599,ho_gb_001,10
2024,마라1599,ho_gb_002,19
2024,마라1599,ho_gb_003,249
2024,마라1599,ho_gb_005,8
2024,마라1599,ho_gb_006,38
2024,마라1599,ho_yr_001,8
2024,마라1599,ho_yr_002,5
2024,마라1599,ho_yr_003,8
2024,마라1599,ho_yr_004,249
2024,마라1599,ho_yr_005,5
2024,마라1599,ho_yr_009,10
2024,마라1599,ho_yr_012,0
2024,마라1599,to_ho_001,277
2024,마라1679,ho_ar_007,0
2024,마라1679,ho_gb_002,0
2024,마라1679,ho_yr_005,5
2024,마라1679,to_ho_001,5
2024,마라1680,ho_ar_001,5
2024,마라1680,ho_ar_002,8
2024,마라1680,ho_ar_003,26
2024,마라1680,ho_ar_004,32
2024,마라1680,ho_ar_005,13
2024,마라1680,ho_ar_006,18
2024,마라1680,ho_ar_007,8
2024,마라1680,ho_ar_008,5
2024,마라1680,ho_ar_009,5
2024,마라1680,ho_gb_002,95
2024,마라1680,ho_gb_004,16
2024,마라1680,ho_gb_005,5
2024,마라1680,ho_gb_006,23
2024,마라1680,ho_yr_001,30
2024,마라1680,ho_yr_002,22
2024,마라1680,ho_yr_003,40
2024,마라1680,ho_yr_004,8
2024,마라1680,ho_yr_005,5
2024,마라1680,ho_yr_006,5
2024,마라1680,ho_yr_009,5
2024,마라1680,ho_yr_010,5
2024,마라1680,ho_yr_011,0
2024,마라1680,ho_yr_012,0
2024,마라1680,ho_yr_013,5
2024,마라1680,ho_yr_015,0
2024,마라1680,ho_yr_019,5
2024,마라1680,ho_yr_020,0
2024,마라1680,to_ho_001,116
2024,마라1681,ho_ar_002,8
2024,마라1681,ho_ar_003,362
2024,마라1681,ho_ar_004,903
2024,마라1681,ho_ar_005,13
2024,마라1681,ho_ar_006,8
2024,마라1681,ho_ar_007,8
2024,마라1681,ho_ar_008,5
2024,마라1681,ho_ar_009,5
2024,마라1681,ho_gb_002,68
2024,마라1681,ho_gb_003,1233
2024,마라1681,ho_gb_005,8
2024,마라1681,ho_gb_006,13
2024,마라1681,ho_yr_001,13
2024,마라1681,ho_yr_002,13
2024,마라1681,ho_yr_003,23
2024,마라1681,ho_yr_004,362
2024,마라1681,ho_yr_005,350
2024,마라1681,ho_yr_008,5
2024,마라1681,ho_yr_009,8
2024,마라1681,ho_yr_010,0
2024,마라1681,ho_yr_011,5
2024,마라1681,ho_yr_012,0
2024,마라1681,ho_yr_015,0
2024,마라1681,ho_yr_016,0
2024,마라1681,ho_yr_017,535
2024,마라1681,ho_yr_020,0
2024,마라1681,to_ho_001,1312
2024,마라1682,ho_ar_002,18
2024,마라1682,ho_ar_003,276
2024,마라1682,ho_ar_004,424
2024,마라1682,ho_ar_005,27
2024,마라1682,ho_ar_006,23
2024,마라1682,ho_ar_007,18
2024,마라1682,ho_ar_008,13
2024,마라1682,ho_ar_009,5
2024,마라1682,ho_gb_001,39
2024,마라1682,ho_gb_002,145
2024,마라1682,ho_gb_003,549
2024,마라1682,ho_gb_004,64
2024,마라1682,ho_gb_005,0
2024,마라1682,ho_gb_006,5
2024,마라1682,ho_yr_001,32
2024,마라1682,ho_yr_002,24
2024,마라1682,ho_yr_003,274
2024,마라1682,ho_yr_004,142
2024,마라1682,ho_yr_005,245
2024,마라1682,ho_yr_006,0
2024,마라1682,ho_yr_008,48
2024,마라1682,ho_yr_009,19
2024,마라1682,ho_yr_010,5
2024,마라1682,ho_yr_012,5
2024,마라1682,ho_yr_013,5
2024,마라1682,ho_yr_014,8
2024,마라1682,ho_yr_017,5
2024,마라1682,ho_yr_020,0
2024,마라1682,to_ho_001,795
2024,마라1683,ho_ar_002,8
2024,마라1683,ho_ar_003,8
2024,마라1683,ho_ar_004,13
2024,마라1683,ho_ar_005,8
2024,마라1683,ho_ar_006,8
2024,마라1683,ho_ar_007,8
2024,마라1683,ho_ar_008,5
2024,마라1683,ho_gb_002,48
2024,마라1683,ho_gb_005,5
2024,마라1683,ho_gb_006,0
2024,마라1683,ho_yr_001,18
2024,마라1683,ho_yr_002,5
2024,마라1683,ho_yr_003,13
2024,마라1683,ho_yr_004,5
2024,마라1683,ho_yr_007,0
2024,마라1683,ho_yr_008,0
2024,마라1683,ho_yr_009,5
2024,마라1683,ho_yr_010,0
2024,마라1683,ho_yr_012,5
2024,마라1683,ho_yr_013,0
2024,마라1683,ho_yr_016,0
2024,마라1683,ho_yr_017,0
2024,마라1683,ho_yr_018,5
2024,마라1683,ho_yr_020,0
2024,마라1683,to_ho_001,53
2024,마라1687,ho_ar_005,0
2024,마라1687,ho_gb_002,0
2024,마라1687,ho_yr_002,0
2024,마라1687,to_ho_001,0
2024,마라1688,ho_ar_002,5
2024,마라1688,ho_ar_003,5
2024,마라1688,ho_ar_004,5
2024,마라1688,ho_ar_005,5
2024,마라1688,ho_ar_006,5
2024,마라1688,ho_ar_007,5
2024,마라1688,ho_ar_008,5
2024,마라1688,ho_gb_002,13
2024,마라1688,ho_gb_005,5
2024,마라1688,ho_gb_006,5
2024,마라1688,ho_yr_003,8
2024,마라1688,ho_yr_004,5
2024,마라1688,ho_yr_005,0
2024,마라1688,ho_yr_006,0
2024,마라1688,ho_yr_007,0
2024,마라1688,ho_yr_008,5
2024,마라1688,ho_yr_009,0
2024,마라1688,ho_yr_015,0
2024,마라1688,ho_yr_017,0
2024,마라1688,to_ho_001,18
2024,마라1692,ho_ar_002,5
2024,마라1692,ho_ar_003,5
2024,마라1692,ho_ar_004,5
2024,마라1692,ho_ar_005,5
2024,마라1692,ho_ar_006,5
2024,마라1692,ho_ar_008,0
2024,마라1692,ho_gb_002,16
2024,마라1692,ho_yr_001,11
2024,마라1692,ho_yr_003,5
2024,마라1692,ho_yr_004,5
2024,마라1692,ho_yr_019,5
2024,마라1692,to_ho_001,14
2024,마라1693,ho_gb_006,5
2024,마라1694,ho_ar_002,8
2024,마라1694,ho_ar_004,5
2024,마라1694,ho_ar_005,8
2024,마라1694,ho_ar_008,0
2024,마라1694,ho_ar_009,0
2024,마라1694,ho_gb_002,14
2024,마라1694,ho_gb_005,0
2024,마라1694,ho_gb_006,23
2024,마라1694,ho_yr_001,8
2024,마라1694,ho_yr_002,0
2024,마라1694,ho_yr_003,8
2024,마라1694,ho_yr_004,0
2024,마라1694,ho_yr_005,5
2024,마라1694,to_ho_001,18
2024,마라1695,ho_ar_002,8
2024,마라1695,ho_ar_003,13
2024,마라1695,ho_ar_004,13
2024,마라1695,ho_ar_005,13
2024,마라1695,ho_ar_006,8
2024,마라1695,ho_ar_007,5
2024,마라1695,ho_ar_008,5
2024,마라1695,ho_ar_009,0
2024,마라1695,ho_gb_002,65
2024,마라1695,ho_gb_006,43
2024,마라1695,ho_yr_001,23
2024,마라1695,ho_yr_002,8
2024,마라1695,ho_yr_003,18
2024,마라1695,ho_yr_004,5
2024,마라1695,ho_yr_005,8
2024,마라1695,ho_yr_010,5
2024,마라1695,ho_yr_011,5
2024,마라1695,ho_yr_013,0
2024,마라1695,ho_yr_014,0
2024,마라1695,ho_yr_017,5
2024,마라1695,to_ho_001,68
2024,마라1696,ho_ar_002,5
2024,마라1696,ho_ar_003,5
2024,마라1696,ho_ar_004,5
2024,마라1696,ho_ar_005,5
2024,마라1696,ho_ar_008,0
2024,마라1696,ho_ar_009,0
2024,마라1696,ho_gb_002,20
2024,마라1696,ho_gb_006,18
2024,마라1696,ho_yr_001,5
2024,마라1696,ho_yr_002,5
2024,마라1696,ho_yr_003,8
2024,마라1696,ho_yr_005,5
2024,마라1696,ho_yr_008,0
2024,마라1696,ho_yr_011,0
2024,마라1696,to_ho_001,18
2024,마라1697,ho_ar_002,18
2024,마라1697,ho_ar_003,8
2024,마라1697,ho_ar_004,23
2024,마라1697,ho_ar_005,28
2024,마라1697,ho_ar_006,8
2024,마라1697,ho_ar_007,5
2024,마라1697,ho_ar_008,8
2024,마라1697,ho_ar_009,8
2024,마라1697,ho_gb_002,98
2024,마라1697,ho_gb_005,5
2024,마라1697,ho_gb_006,58
2024,마라1697,ho_yr_001,28
2024,마라1697,ho_yr_002,5
2024,마라1697,ho_yr_003,33
2024,마라1697,ho_yr_004,13
2024,마라1697,ho_yr_005,8
2024,마라1697,ho_yr_006,0
2024,마라1697,ho_yr_007,0
2024,마라1697,ho_yr_008,0
2024,마라1697,ho_yr_009,0
2024,마라1697,ho_yr_010,5
2024,마라1697,ho_yr_011,0
2024,마라1697,ho_yr_012,0
2024,마라1697,ho_yr_013,0
2024,마라1697,ho_yr_014,0
2024,마라1697,to_ho_001,98
2024,마라1698,ho_ar_001,5
2024,마라1698,ho_ar_002,13
2024,마라1698,ho_ar_003,13
2024,마라1698,ho_ar_004,13
2024,마라1698,ho_ar_005,23
2024,마라1698,ho_ar_006,8
2024,마라1698,ho_ar_007,0
2024,마라1698,ho_ar_008,0
2024,마라1698,ho_ar_009,8
2024,마라1698,ho_gb_002,76
2024,마라1698,ho_gb_005,5
2024,마라1698,ho_gb_006,28
2024,마라1698,ho_yr_001,18
2024,마라1698,ho_yr_002,8
2024,마라1698,ho_yr_003,37
2024,마라1698,ho_yr_004,8
2024,마라1698,ho_yr_005,5
2024,마라1698,ho_yr_009,0
2024,마라1698,ho_yr_010,0
2024,마라1698,ho_yr_011,5
2024,마라1698,ho_yr_013,5
2024,마라1698,to_ho_001,82
2024,마라1699,ho_ar_004,5
2024,마라1699,ho_ar_008,0
2024,마라1699,ho_gb_002,0
2024,마라1699,ho_gb_005,5
2024,마라1699,ho_gb_006,18
2024,마라1699,ho_yr_001,0
2024,마라1699,ho_yr_004,5
2024,마라1699,ho_yr_007,5
2024,마라1699,to_ho_001,8
2024,마라1777,ho_ar_005,0
2024,마라1777,ho_ar_007,0
2024,마라1777,ho_gb_002,0
2024,마라1777,ho_gb_005,5
2024,마라1777,ho_gb_006,5
2024,마라1777,ho_yr_004,0
2024,마라1777,ho_yr_012,0
2024,마라1777,to_ho_001,5
2024,마라1778,ho_ar_002,5
2024,마라1778,ho_ar_004,0
2024,마라1778,ho_ar_006,5
2024,마라1778,ho_ar_007,8
2024,마라1778,ho_ar_008,5
2024,마라1778,ho_gb_002,8
2024,마라1778,ho_gb_005,5
2024,마라1778,ho_gb_006,8
2024,마라1778,ho_yr_004,8
2024,마라1778,ho_yr_005,5
2024,마라1778,ho_yr_009,5
2024,마라1778,ho_yr_016,0
2024,마라1778,to_ho_001,13
2024,마라1779,ho_ar_002,5
2024,마라1779,ho_ar_003,13
2024,마라1779,ho_ar_004,20
2024,마라1779,ho_ar_005,5
2024,마라1779,ho_ar_006,8
2024,마라1779,ho_ar_007,8
2024,마라1779,ho_ar_008,8
2024,마라1779,ho_ar_009,5
2024,마라1779,ho_gb_002,55
2024,마라1779,ho_gb_005,8
2024,마라1779,ho_gb_006,0
2024,마라1779,ho_yr_001,5
2024,마라1779,ho_yr_002,19
2024,마라1779,ho_yr_003,21
2024,마라1779,ho_yr_004,5
2024,마라1779,ho_yr_005,5
2024,마라1779,ho_yr_008,0
2024,마라1779,ho_yr_009,5
2024,마라1779,ho_yr_011,5
2024,마라1779,ho_yr_012,0
2024,마라1779,ho_yr_013,0
2024,마라1779,ho_yr_014,5
2024,마라1779,ho_yr_015,5
2024,마라1779,ho_yr_016,0
2024,마라1779,ho_yr_017,0
2024,마라1779,to_ho_001,62
2024,마라1780,ho_ar_002,0
2024,마라1780,ho_ar_003,5
2024,마라1780,ho_ar_004,15
2024,마라1780,ho_ar_005,8
2024,마라1780,ho_ar_006,5
2024,마라1780,ho_ar_007,0
2024,마라1780,ho_ar_008,0
2024,마라1780,ho_ar_009,8
2024,마라1780,ho_gb_001,19
2024,마라1780,ho_gb_002,24
2024,마라1780,ho_gb_005,0
2024,마라1780,ho_gb_006,58
2024,마라1780,ho_yr_001,5
2024,마라1780,ho_yr_002,8
2024,마라1780,ho_yr_003,24
2024,마라1780,ho_yr_004,5
2024,마라1780,ho_yr_005,8
2024,마라1780,ho_yr_006,0
2024,마라1780,ho_yr_007,0
2024,마라1780,ho_yr_009,0
2024,마라1780,ho_yr_012,0
2024,마라1780,ho_yr_014,5
2024,마라1780,to_ho_001,44
2024,마라1781,ho_ar_001,0
2024,마라1781,ho_ar_002,13
2024,마라1781,ho_ar_003,200
2024,마라1781,ho_ar_004,375
2024,마라1781,ho_ar_005,13
2024,마라1781,ho_ar_006,8
2024,마라1781,ho_ar_007,8
2024,마라1781,ho_ar_008,13
2024,마라1781,ho_ar_009,8
2024,마라1781,ho_gb_001,15
2024,마라1781,ho_gb_002,85
2024,마라1781,ho_gb_003,529
2024,마라1781,ho_gb_005,8
2024,마라1781,ho_gb_006,28
2024,마라1781,ho_yr_001,13
2024,마라1781,ho_yr_002,18
2024,마라1781,ho_yr_003,18
2024,마라1781,ho_yr_004,378
2024,마라1781,ho_yr_005,135
2024,마라1781,ho_yr_006,0
2024,마라1781,ho_yr_007,0
2024,마라1781,ho_yr_008,18
2024,마라1781,ho_yr_010,37
2024,마라1781,ho_yr_011,5
2024,마라1781,ho_yr_012,5
2024,마라1781,ho_yr_013,0
2024,마라1781,ho_yr_014,5
2024,마라1781,ho_yr_016,0
2024,마라1781,ho_yr_017,5
2024,마라1781,ho_yr_019,5
2024,마라1781,to_ho_001,635
2024,마라1782,ho_ar_002,5
2024,마라1782,ho_ar_003,172
2024,마라1782,ho_ar_004,29
2024,마라1782,ho_ar_005,8
2024,마라1782,ho_ar_006,5
2024,마라1782,ho_ar_007,5
2024,마라1782,ho_ar_008,5
2024,마라1782,ho_ar_009,5
2024,마라1782,ho_gb_002,26
2024,마라1782,ho_gb_003,191
2024,마라1782,ho_gb_005,0
2024,마라1782,ho_gb_006,0
2024,마라1782,ho_yr_001,0
2024,마라1782,ho_yr_002,5
2024,마라1782,ho_yr_003,5
2024,마라1782,ho_yr_004,5
2024,마라1782,ho_yr_005,196
2024,마라1782,ho_yr_006,0
2024,마라1782,ho_yr_007,0
2024,마라1782,ho_yr_009,5
2024,마라1782,ho_yr_010,0
2024,마라1782,ho_yr_011,5
2024,마라1782,ho_yr_020,5
2024,마라1782,to_ho_001,214
2024,마라1783,ho_ar_003,0
2024,마라1783,ho_ar_006,0
2024,마라1783,ho_gb_002,5
2024,마라1783,ho_yr_005,5
2024,마라1783,ho_yr_016,5
2024,마라1783,to_ho_001,8
2024,마라1787,ho_ar_003,1229
2024,마라1787,ho_ar_004,230
2024,마라1787,ho_ar_005,726
2024,마라1787,ho_ar_006,131
2024,마라1787,ho_ar_007,142
2024,마라1787,ho_ar_008,58
2024,마라1787,ho_ar_009,56
2024,마라1787,ho_gb_002,181
2024,마라1787,ho_gb_003,2389
2024,마라1787,ho_gb_005,0
2024,마라1787,ho_gb_006,36
2024,마라1787,ho_yr_001,8
2024,마라1787,ho_yr_002,8
2024,마라1787,ho_yr_003,13
2024,마라1787,ho_yr_004,1237
2024,마라1787,ho_yr_005,1197
2024,마라1787,ho_yr_006,13
2024,마라1787,ho_yr_007,23
2024,마라1787,ho_yr_008,23
2024,마라1787,ho_yr_009,5
2024,마라1787,ho_yr_010,13
2024,마라1787,ho_yr_011,13
2024,마라1787,ho_yr_012,8
2024,마라1787,ho_yr_013,5
2024,마라1787,ho_yr_014,8
2024,마라1787,ho_yr_015,5
2024,마라1787,ho_yr_016,0
2024,마라1787,ho_yr_017,8
2024,마라1787,ho_yr_018,5
2024,마라1787,ho_yr_019,5
2024,마라1787,ho_yr_020,5
2024,마라1787,to_ho_001,2571
2024,마라1788,ho_ar_003,523
2024,마라1788,ho_ar_004,204
2024,마라1788,ho_ar_005,8
2024,마라1788,ho_ar_006,312
2024,마라1788,ho_ar_007,13
2024,마라1788,ho_ar_008,18
2024,마라1788,ho_ar_009,80
2024,마라1788,ho_gb_002,121
2024,마라1788,ho_gb_003,1025
2024,마라1788,ho_gb_005,5
2024,마라1788,ho_gb_006,5
2024,마라1788,ho_yr_001,0
2024,마라1788,ho_yr_003,5
2024,마라1788,ho_yr_004,818
2024,마라1788,ho_yr_005,241
2024,마라1788,ho_yr_007,13
2024,마라1788,ho_yr_008,15
2024,마라1788,ho_yr_009,18
2024,마라1788,ho_yr_010,5
2024,마라1788,ho_yr_011,8
2024,마라1788,ho_yr_012,8
2024,마라1788,ho_yr_013,13
2024,마라1788,ho_yr_014,5
2024,마라1788,ho_yr_015,5
2024,마라1788,ho_yr_017,0
2024,마라1788,ho_yr_019,0
2024,마라1788,to_ho_001,1153
2024,마라1789,ho_ar_002,0
2024,마라1789,ho_ar_003,225
2024,마라1789,ho_ar_004,1647
2024,마라1789,ho_ar_005,0
2024,마라1789,ho_ar_006,60
2024,마라1789,ho_ar_007,48
2024,마라1789,ho_ar_008,8
2024,마라1789,ho_ar_009,123
2024,마라1789,ho_gb_002,143
2024,마라1789,ho_gb_003,1961
2024,마라1789,ho_gb_005,0
2024,마라1789,ho_gb_006,5
2024,마라1789,ho_yr_001,0
2024,마라1789,ho_yr_004,277
2024,마라1789,ho_yr_005,475
2024,마라1789,ho_yr_006,5
2024,마라1789,ho_yr_007,13
2024,마라1789,ho_yr_008,30
2024,마라1789,ho_yr_009,13
2024,마라1789,ho_yr_010,8
2024,마라1789,ho_yr_011,13
2024,마라1789,ho_yr_012,19
2024,마라1789,ho_yr_013,8
2024,마라1789,ho_yr_014,1002
2024,마라1789,ho_yr_017,0
2024,마라1789,ho_yr_019,255
2024,마라1789,ho_yr_020,0
2024,마라1789,to_ho_001,2109
2024,마라1790,ho_ar_003,786
2024,마라1790,ho_ar_004,306
2024,마라1790,ho_ar_005,0
2024,마라1790,ho_ar_006,174
2024,마라1790,ho_ar_007,130
2024,마라1790,ho_gb_002,5
2024,마라1790,ho_gb_003,1396
2024,마라1790,ho_yr_004,304
2024,마라1790,ho_yr_014,5
2024,마라1790,ho_yr_019,1092
2024,마라1790,to_ho_001,1401
2024,마라1791,ho_ar_003,0
2024,마라1791,ho_ar_004,5
2024,마라1791,ho_ar_005,5
2024,마라1791,ho_ar_006,5
2024,마라1791,ho_ar_008,5
2024,마라1791,ho_ar_009,0
2024,마라1791,ho_gb_002,16
2024,마라1791,ho_gb_006,0
2024,마라1791,ho_yr_001,5
2024,마라1791,ho_yr_002,8
2024,마라1791,ho_yr_003,0
2024,마라1791,ho_yr_004,0
2024,마라1791,ho_yr_005,0
2024,마라1791,ho_yr_011,0
2024,마라1791,to_ho_001,13
2024,마라1792,ho_ar_003,8
2024,마라1792,ho_ar_004,8
2024,마라1792,ho_ar_005,5
2024,마라1792,ho_ar_006,5
2024,마라1792,ho_ar_007,5
2024,마라1792,ho_ar_008,5
2024,마라1792,ho_gb_002,23
2024,마라1792,ho_gb_005,0
2024,마라1792,ho_gb_006,5
2024,마라1792,ho_yr_001,18
2024,마라1792,ho_yr_003,5
2024,마라1792,ho_yr_004,5
2024,마라1792,ho_yr_005,0
2024,마라1792,ho_yr_013,0
2024,마라1792,to_ho_001,23
2024,마라1793,ho_ar_005,5
2024,마라1793,ho_gb_002,0
2024,마라1793,ho_gb_006,5
2024,마라1793,ho_yr_005,5
2024,마라1793,to_ho_001,5
2024,마라1795,ho_ar_007,0
2024,마라1795,ho_gb_002,5
2024,마라1795,ho_gb_006,5
2024,마라1795,ho_yr_012,5
2024,마라1795,to_ho_001,5
2024,마라1797,ho_ar_002,5
2024,마라1797,ho_ar_003,5
2024,마라1797,ho_ar_004,5
2024,마라1797,ho_ar_005,5
2024,마라1797,ho_ar_006,8
2024,마라1797,ho_ar_007,8
2024,마라1797,ho_ar_008,5
2024,마라1797,ho_gb_002,33
2024,마라1797,ho_yr_001,5
2024,마라1797,ho_yr_003,5
2024,마라1797,ho_yr_004,5
2024,마라1797,ho_yr_009,5
2024,마라1797,ho_yr_010,0
2024,마라1797,ho_yr_011,8
2024,마라1797,ho_yr_012,5
2024,마라1797,ho_yr_016,5
2024,마라1797,ho_yr_017,5
2024,마라1797,ho_yr_018,5
2024,마라1797,ho_yr_019,5
2024,마라1797,ho_yr_020,0
2024,마라1797,to_ho_001,33
2024,마라1798,ho_ar_005,0
2024,마라1798,ho_ar_007,5
2024,마라1798,ho_gb_002,5
2024,마라1798,ho_yr_014,0
2024,마라1798,ho_yr_015,5
2024,마라1798,to_ho_001,5
2024,마라1799,ho_ar_002,8
2024,마라1799,ho_ar_003,5
2024,마라1799,ho_ar_004,13
2024,마라1799,ho_ar_005,5
2024,마라1799,ho_ar_006,8
2024,마라1799,ho_ar_007,0
2024,마라1799,ho_ar_008,8
2024,마라1799,ho_ar_009,5
2024,마라1799,ho_gb_002,50
2024,마라1799,ho_gb_005,0
2024,마라1799,ho_gb_006,48
2024,마라1799,ho_yr_001,8
2024,마라1799,ho_yr_002,8
2024,마라1799,ho_yr_003,13
2024,마라1799,ho_yr_004,5
2024,마라1799,ho_yr_005,5
2024,마라1799,ho_yr_006,0
2024,마라1799,ho_yr_009,5
2024,마라1799,ho_yr_010,5
2024,마라1799,ho_yr_011,5
2024,마라1799,ho_yr_013,5
2024,마라1799,ho_yr_014,0
2024,마라1799,ho_yr_017,0
2024,마라1799,to_ho_001,48
2024,마라1877,ho_ar_003,155
2024,마라1877,ho_ar_004,1684
2024,마라1877,ho_ar_008,0
2024,마라1877,ho_gb_002,0
2024,마라1877,ho_gb_003,1839
2024,마라1877,ho_gb_006,0
2024,마라1877,ho_yr_002,0
2024,마라1877,ho_yr_014,1839
2024,마라1877,to_ho_001,1839
2024,마라1878,ho_ar_001,5
2024,마라1878,ho_ar_002,29
2024,마라1878,ho_ar_003,104
2024,마라1878,ho_ar_004,359
2024,마라1878,ho_ar_005,18
2024,마라1878,ho_ar_006,8
2024,마라1878,ho_ar_007,8
2024,마라1878,ho_ar_008,15
2024,마라1878,ho_ar_009,42
2024,마라1878,ho_gb_002,210
2024,마라1878,ho_gb_003,371
2024,마라1878,ho_gb_005,5
2024,마라1878,ho_gb_006,5
2024,마라1878,ho_yr_001,43
2024,마라1878,ho_yr_002,40
2024,마라1878,ho_yr_003,35
2024,마라1878,ho_yr_004,36
2024,마라1878,ho_yr_005,13
2024,마라1878,ho_yr_007,8
2024,마라1878,ho_yr_008,5
2024,마라1878,ho_yr_009,5
2024,마라1878,ho_yr_010,8
2024,마라1878,ho_yr_011,8
2024,마라1878,ho_yr_012,373
2024,마라1878,ho_yr_013,8
2024,마라1878,ho_yr_014,5
2024,마라1878,ho_yr_015,0
2024,마라1878,ho_yr_016,5
2024,마라1878,ho_yr_017,5
2024,마라1878,ho_yr_018,5
2024,마라1878,ho_yr_019,5
2024,마라1878,ho_yr_020,0
2024,마라1878,to_ho_001,583
2024,마라1879,ho_ar_001,5
2024,마라1879,ho_ar_002,8
2024,마라1879,ho_ar_003,1744
2024,마라1879,ho_ar_004,730
2024,마라1879,ho_ar_005,13
2024,마라1879,ho_ar_006,8
2024,마라1879,ho_ar_007,8
2024,마라1879,ho_ar_008,23
2024,마라1879,ho_ar_009,98
2024,마라1879,ho_gb_002,206
2024,마라1879,ho_gb_003,2431
2024,마라1879,ho_gb_006,8
2024,마라1879,ho_yr_001,16
2024,마라1879,ho_yr_002,18
2024,마라1879,ho_yr_003,22
2024,마라1879,ho_yr_004,2498
2024,마라1879,ho_yr_005,23
2024,마라1879,ho_yr_006,5
2024,마라1879,ho_yr_007,13
2024,마라1879,ho_yr_008,13
2024,마라1879,ho_yr_009,5
2024,마라1879,ho_yr_010,8
2024,마라1879,ho_yr_011,5
2024,마라1879,ho_yr_012,5
2024,마라1879,ho_yr_013,8
2024,마라1879,ho_yr_014,0
2024,마라1879,ho_yr_015,0
2024,마라1879,ho_yr_017,0
2024,마라1879,ho_yr_019,5
2024,마라1879,ho_yr_020,0
2024,마라1879,to_ho_001,2635
2024,마라1880,ho_ar_003,8
2024,마라1880,ho_ar_004,5
2024,마라1880,ho_ar_005,5
2024,마라1880,ho_ar_006,5
2024,마라1880,ho_ar_007,8
2024,마라1880,ho_ar_008,5
2024,마라1880,ho_gb_001,8
2024,마라1880,ho_gb_002,21
2024,마라1880,ho_gb_006,5
2024,마라1880,ho_yr_001,5
2024,마라1880,ho_yr_003,0
2024,마라1880,ho_yr_004,5
2024,마라1880,ho_yr_005,8
2024,마라1880,ho_yr_006,0
2024,마라1880,ho_yr_007,0
2024,마라1880,ho_yr_010,5
2024,마라1880,ho_yr_012,5
2024,마라1880,ho_yr_013,5
2024,마라1880,ho_yr_018,5
2024,마라1880,ho_yr_019,0
2024,마라1880,ho_yr_020,0
2024,마라1880,to_ho_001,26
2024,마라1881,ho_ar_003,0
2024,마라1881,ho_ar_008,0
2024,마라1881,ho_ar_009,5
2024,마라1881,ho_gb_002,5
2024,마라1881,ho_gb_005,0
2024,마라1881,ho_yr_017,0
2024,마라1881,ho_yr_018,5
2024,마라1881,ho_yr_019,0
2024,마라1881,to_ho_001,5
2024,마라1886,ho_ar_004,5
2024,마라1886,ho_ar_005,5
2024,마라1886,ho_gb_002,8
2024,마라1886,ho_gb_006,0
2024,마라1886,ho_yr_002,0
2024,마라1886,ho_yr_004,5
2024,마라1886,ho_yr_010,0
2024,마라1886,to_ho_001,8
2024,마라1887,ho_ar_002,0
2024,마라1887,ho_ar_003,825
2024,마라1887,ho_ar_004,1118
2024,마라1887,ho_ar_005,349
2024,마라1887,ho_ar_006,67
2024,마라1887,ho_ar_007,80
2024,마라1887,ho_ar_008,48
2024,마라1887,ho_ar_009,164
2024,마라1887,ho_gb_001,6
2024,마라1887,ho_gb_002,249
2024,마라1887,ho_gb_003,2384
2024,마라1887,ho_gb_005,5
2024,마라1887,ho_gb_006,8
2024,마라1887,ho_yr_003,8
2024,마라1887,ho_yr_004,8
2024,마라1887,ho_yr_005,2417
2024,마라1887,ho_yr_006,18
2024,마라1887,ho_yr_007,40
2024,마라1887,ho_yr_008,41
2024,마라1887,ho_yr_009,23
2024,마라1887,ho_yr_010,23
2024,마라1887,ho_yr_011,18
2024,마라1887,ho_yr_012,18
2024,마라1887,ho_yr_013,13
2024,마라1887,ho_yr_014,5
2024,마라1887,ho_yr_015,5
2024,마라1887,ho_yr_016,5
2024,마라1887,ho_yr_017,8
2024,마라1887,ho_yr_018,8
2024,마라1887,ho_yr_019,5
2024,마라1887,ho_yr_020,5
2024,마라1887,to_ho_001,2642
2024,마라1888,ho_ar_002,8
2024,마라1888,ho_ar_003,599
2024,마라1888,ho_ar_004,1471
2024,마라1888,ho_ar_005,5
2024,마라1888,ho_ar_006,413
2024,마라1888,ho_ar_007,151
2024,마라1888,ho_ar_008,23
2024,마라1888,ho_ar_009,84
2024,마라1888,ho_gb_002,133
2024,마라1888,ho_gb_003,2603
2024,마라1888,ho_gb_005,8
2024,마라1888,ho_gb_006,8
2024,마라1888,ho_yr_003,13
2024,마라1888,ho_yr_004,2298
2024,마라1888,ho_yr_005,351
2024,마라1888,ho_yr_006,5
2024,마라1888,ho_yr_007,8
2024,마라1888,ho_yr_008,13
2024,마라1888,ho_yr_009,8
2024,마라1888,ho_yr_010,8
2024,마라1888,ho_yr_011,13
2024,마라1888,ho_yr_012,8
2024,마라1888,ho_yr_013,5
2024,마라1888,ho_yr_014,5
2024,마라1888,ho_yr_015,5
2024,마라1888,ho_yr_016,5
2024,마라1888,ho_yr_018,0
2024,마라1888,to_ho_001,2741
2024,마라1889,ho_ar_001,5
2024,마라1889,ho_ar_002,302
2024,마라1889,ho_ar_003,2135
2024,마라1889,ho_ar_004,1072
2024,마라1889,ho_ar_005,8
2024,마라1889,ho_ar_006,559
2024,마라1889,ho_ar_007,13
2024,마라1889,ho_ar_008,23
2024,마라1889,ho_ar_009,217
2024,마라1889,ho_gb_002,287
2024,마라1889,ho_gb_003,4042
2024,마라1889,ho_gb_005,8
2024,마라1889,ho_gb_006,469
2024,마라1889,ho_yr_003,5
2024,마라1889,ho_yr_004,3866
2024,마라1889,ho_yr_005,279
2024,마라1889,ho_yr_006,8
2024,마라1889,ho_yr_007,23
2024,마라1889,ho_yr_008,38
2024,마라1889,ho_yr_009,23
2024,마라1889,ho_yr_010,28
2024,마라1889,ho_yr_011,18
2024,마라1889,ho_yr_012,18
2024,마라1889,ho_yr_013,13
2024,마라1889,ho_yr_014,8
2024,마라1889,ho_yr_015,8
2024,마라1889,ho_yr_017,0
2024,마라1889,ho_yr_018,8
2024,마라1889,to_ho_001,4332
2024,마라1890,ho_ar_002,208
2024,마라1890,ho_ar_003,1226
2024,마라1890,ho_ar_004,5095
2024,마라1890,ho_ar_005,117
2024,마라1890,ho_ar_006,507
2024,마라1890,ho_ar_008,5
2024,마라1890,ho_ar_009,13
2024,마라1890,ho_gb_002,18
2024,마라1890,ho_gb_003,7148
2024,마라1890,ho_gb_005,0
2024,마라1890,ho_gb_006,8
2024,마라1890,ho_yr_004,7001
2024,마라1890,ho_yr_005,160
2024,마라1890,ho_yr_006,0
2024,마라1890,ho_yr_009,0
2024,마라1890,ho_yr_012,5
2024,마라1890,ho_yr_013,5
2024,마라1890,ho_yr_014,5
2024,마라1890,to_ho_001,7166
2024,마라1891,ho_ar_001,0
2024,마라1891,ho_ar_003,648
2024,마라1891,ho_ar_004,1027
2024,마라1891,ho_ar_005,8
2024,마라1891,ho_ar_006,8
2024,마라1891,ho_ar_007,8
2024,마라1891,ho_ar_008,0
2024,마라1891,ho_ar_009,5
2024,마라1891,ho_gb_002,33
2024,마라1891,ho_gb_003,1659
2024,마라1891,ho_gb_005,5
2024,마라1891,ho_gb_006,38
2024,마라1891,ho_yr_001,13
2024,마라1891,ho_yr_002,5
2024,마라1891,ho_yr_003,8
2024,마라1891,ho_yr_004,1664
2024,마라1891,ho_yr_005,8
2024,마라1891,ho_yr_009,0
2024,마라1891,ho_yr_014,0
2024,마라1891,to_ho_001,1697
2024,마라1892,ho_ar_002,5
2024,마라1892,ho_ar_003,5
2024,마라1892,ho_ar_004,8
2024,마라1892,ho_ar_005,5
2024,마라1892,ho_ar_006,5
2024,마라1892,ho_ar_008,5
2024,마라1892,ho_gb_002,18
2024,마라1892,ho_gb_005,8
2024,마라1892,ho_gb_006,23
2024,마라1892,ho_yr_001,5
2024,마라1892,ho_yr_002,0
2024,마라1892,ho_yr_003,8
2024,마라1892,ho_yr_004,5
2024,마라1892,ho_yr_005,0
2024,마라1892,ho_yr_011,5
2024,마라1892,ho_yr_016,5
2024,마라1892,to_ho_001,23
2024,마라1893,ho_ar_001,5
2024,마라1893,ho_ar_002,0
2024,마라1893,ho_ar_003,5
2024,마라1893,ho_ar_004,8
2024,마라1893,ho_ar_005,8
2024,마라1893,ho_ar_006,5
2024,마라1893,ho_ar_007,5
2024,마라1893,ho_ar_008,8
2024,마라1893,ho_gb_002,28
2024,마라1893,ho_gb_005,5
2024,마라1893,ho_gb_006,18
2024,마라1893,ho_yr_001,5
2024,마라1893,ho_yr_002,5
2024,마라1893,ho_yr_003,8
2024,마라1893,ho_yr_004,5
2024,마라1893,ho_yr_005,0
2024,마라1893,ho_yr_006,5
2024,마라1893,ho_yr_008,8
2024,마라1893,ho_yr_009,0
2024,마라1893,ho_yr_010,0
2024,마라1893,ho_yr_011,0
2024,마라1893,ho_yr_012,0
2024,마라1893,ho_yr_018,0
2024,마라1893,to_ho_001,33
2024,마라1894,ho_ar_002,0
2024,마라1894,ho_gb_005,0
2024,마라1894,ho_gb_006,0
2024,마라1894,ho_yr_003,0
2024,마라1894,to_ho_001,0
2024,마라1895,ho_gb_006,5
2024,마라1897,ho_ar_003,0
2024,마라1897,ho_ar_004,5
2024,마라1897,ho_ar_005,0
2024,마라1897,ho_ar_007,0
2024,마라1897,ho_gb_002,8
2024,마라1897,ho_yr_001,0
2024,마라1897,ho_yr_004,0
2024,마라1897,ho_yr_013,5
2024,마라1897,ho_yr_017,5
2024,마라1897,to_ho_001,8
2024,마라1898,ho_ar_002,0
2024,마라1898,ho_ar_005,0
2024,마라1898,ho_gb_002,5
2024,마라1898,ho_gb_006,5
2024,마라1898,ho_yr_001,0
2024,마라1898,ho_yr_017,5
2024,마라1898,to_ho_001,5
2024,마라1899,ho_ar_002,8
2024,마라1899,ho_ar_003,8
2024,마라1899,ho_ar_004,8
2024,마라1899,ho_ar_005,5
2024,마라1899,ho_ar_009,0
2024,마라1899,ho_gb_002,28
2024,마라1899,ho_gb_006,8
2024,마라1899,ho_yr_001,13
2024,마라1899,ho_yr_002,8
2024,마라1899,ho_yr_003,5
2024,마라1899,ho_yr_004,5
2024,마라1899,ho_yr_005,0
2024,마라1899,ho_yr_013,5
2024,마라1899,ho_yr_017,5
2024,마라1899,ho_yr_019,5
2024,마라1899,ho_yr_020,5
2024,마라1899,to_ho_001,28
2024,마라1970,ho_ar_003,5
2024,마라1970,ho_ar_004,5
2024,마라1970,ho_ar_005,0
2024,마라1970,ho_ar_007,0
2024,마라1970,ho_gb_002,11
2024,마라1970,ho_gb_006,0
2024,마라1970,ho_yr_002,0
2024,마라1970,ho_yr_003,5
2024,마라1970,ho_yr_004,0
2024,마라1970,ho_yr_006,5
2024,마라1970,ho_yr_008,0
2024,마라1970,ho_yr_010,5
2024,마라1970,ho_yr_012,0
2024,마라1970,to_ho_001,13
2024,마라1971,ho_ar_002,22
2024,마라1971,ho_ar_003,8
2024,마라1971,ho_ar_004,18
2024,마라1971,ho_ar_005,5
2024,마라1971,ho_ar_006,5
2024,마라1971,ho_ar_007,5
2024,마라1971,ho_ar_009,5
2024,마라1971,ho_gb_001,17
2024,마라1971,ho_gb_002,33
2024,마라1971,ho_gb_005,5
2024,마라1971,ho_gb_006,8
2024,마라1971,ho_yr_001,5
2024,마라1971,ho_yr_002,5
2024,마라1971,ho_yr_003,8
2024,마라1971,ho_yr_004,5
2024,마라1971,ho_yr_005,8
2024,마라1971,ho_yr_006,0
2024,마라1971,ho_yr_007,0
2024,마라1971,ho_yr_008,5
2024,마라1971,ho_yr_009,0
2024,마라1971,ho_yr_010,5
2024,마라1971,ho_yr_011,5
2024,마라1971,ho_yr_012,20
2024,마라1971,ho_yr_017,0
2024,마라1971,ho_yr_018,5
2024,마라1971,ho_yr_019,0
2024,마라1971,to_ho_001,60
2024,마라1972,ho_ar_001,5
2024,마라1972,ho_ar_002,8
2024,마라1972,ho_ar_003,18
2024,마라1972,ho_ar_004,13
2024,마라1972,ho_ar_005,13
2024,마라1972,ho_ar_006,5
2024,마라1972,ho_ar_007,8
2024,마라1972,ho_ar_008,8
2024,마라1972,ho_ar_009,5
2024,마라1972,ho_gb_001,14
2024,마라1972,ho_gb_002,60
2024,마라1972,ho_gb_005,5
2024,마라1972,ho_gb_006,0
2024,마라1972,ho_yr_001,5
2024,마라1972,ho_yr_002,8
2024,마라1972,ho_yr_003,5
2024,마라1972,ho_yr_004,5
2024,마라1972,ho_yr_005,5
2024,마라1972,ho_yr_006,8
2024,마라1972,ho_yr_007,0
2024,마라1972,ho_yr_008,5
2024,마라1972,ho_yr_009,5
2024,마라1972,ho_yr_010,0
2024,마라1972,ho_yr_011,8
2024,마라1972,ho_yr_012,8
2024,마라1972,ho_yr_013,8
2024,마라1972,ho_yr_014,5
2024,마라1972,ho_yr_015,5
2024,마라1972,ho_yr_016,5
2024,마라1972,ho_yr_017,5
2024,마라1972,ho_yr_018,14
2024,마라1972,ho_yr_020,5
2024,마라1972,to_ho_001,77
2024,마라1974,ho_ar_003,5
2024,마라1974,ho_ar_004,5
2024,마라1974,ho_ar_005,5
2024,마라1974,ho_ar_006,0
2024,마라1974,ho_ar_007,0
2024,마라1974,ho_ar_008,5
2024,마라1974,ho_ar_009,0
2024,마라1974,ho_gb_002,18
2024,마라1974,ho_yr_005,8
2024,마라1974,ho_yr_006,5
2024,마라1974,ho_yr_010,5
2024,마라1974,ho_yr_011,0
2024,마라1974,to_ho_001,18
2024,마라1977,ho_ar_002,30
2024,마라1977,ho_ar_003,394
2024,마라1977,ho_ar_004,2852
2024,마라1977,ho_gb_003,3222
2024,마라1977,ho_gb_004,53
2024,마라1977,ho_gb_005,5
2024,마라1977,ho_gb_006,0
2024,마라1977,ho_yr_010,725
2024,마라1977,ho_yr_011,53
2024,마라1977,ho_yr_013,1333
2024,마라1977,ho_yr_015,792
2024,마라1977,ho_yr_019,377
2024,마라1977,to_ho_001,3280
2024,마라1978,ho_ar_002,5
2024,마라1978,ho_ar_004,320
2024,마라1978,ho_ar_005,0
2024,마라1978,ho_ar_006,8
2024,마라1978,ho_ar_007,5
2024,마라1978,ho_ar_008,8
2024,마라1978,ho_ar_009,131
2024,마라1978,ho_gb_002,167
2024,마라1978,ho_gb_003,307
2024,마라1978,ho_gb_005,5
2024,마라1978,ho_gb_006,5
2024,마라1978,ho_yr_001,5
2024,마라1978,ho_yr_002,0
2024,마라1978,ho_yr_003,8
2024,마라1978,ho_yr_004,33
2024,마라1978,ho_yr_005,42
2024,마라1978,ho_yr_006,8
2024,마라1978,ho_yr_007,19
2024,마라1978,ho_yr_008,18
2024,마라1978,ho_yr_009,13
2024,마라1978,ho_yr_010,13
2024,마라1978,ho_yr_011,8
2024,마라1978,ho_yr_012,205
2024,마라1978,ho_yr_013,113
2024,마라1978,ho_yr_014,5
2024,마라1978,ho_yr_015,0
2024,마라1978,ho_yr_017,0
2024,마라1978,to_ho_001,476
2024,마라1979,ho_ar_002,5
2024,마라1979,ho_ar_003,1875
2024,마라1979,ho_ar_004,1836
2024,마라1979,ho_ar_005,8
2024,마라1979,ho_ar_006,496
2024,마라1979,ho_ar_007,13
2024,마라1979,ho_ar_008,33
2024,마라1979,ho_ar_009,419
2024,마라1979,ho_gb_002,502
2024,마라1979,ho_gb_003,4173
2024,마라1979,ho_gb_005,8
2024,마라1979,ho_gb_006,37
2024,마라1979,ho_yr_003,801
2024,마라1979,ho_yr_004,1845
2024,마라1979,ho_yr_005,1790
2024,마라1979,ho_yr_006,33
2024,마라1979,ho_yr_007,51
2024,마라1979,ho_yr_008,53
2024,마라1979,ho_yr_009,24
2024,마라1979,ho_yr_010,23
2024,마라1979,ho_yr_011,18
2024,마라1979,ho_yr_012,18
2024,마라1979,ho_yr_013,13
2024,마라1979,ho_yr_014,8
2024,마라1979,ho_yr_015,5
2024,마라1979,ho_yr_016,0
2024,마라1979,ho_yr_017,0
2024,마라1979,ho_yr_019,0
2024,마라1979,to_ho_001,4684
2024,마라1980,ho_gb_006,0
2024,마라1981,ho_ar_004,5
2024,마라1981,ho_ar_006,5
2024,마라1981,ho_gb_002,5
2024,마라1981,ho_gb_005,5
2024,마라1981,ho_yr_016,5
2024,마라1981,ho_yr_019,5
2024,마라1981,to_ho_001,5
2024,마라1982,ho_ar_007,5
2024,마라1982,ho_gb_002,0
2024,마라1982,ho_yr_003,5
2024,마라1982,to_ho_001,5
2024,마라1983,ho_gb_006,0
2024,마라1984,ho_gb_006,13
2024,마라1985,ho_gb_006,0
2024,마라1986,ho_ar_002,5
2024,마라1986,ho_ar_003,125
2024,마라1986,ho_ar_004,1157
2024,마라1986,ho_ar_005,13
2024,마라1986,ho_ar_006,8
2024,마라1986,ho_ar_007,5
2024,마라1986,ho_ar_008,5
2024,마라1986,ho_ar_009,196
2024,마라1986,ho_gb_002,231
2024,마라1986,ho_gb_003,1269
2024,마라1986,ho_gb_005,5
2024,마라1986,ho_gb_006,8
2024,마라1986,ho_yr_001,5
2024,마라1986,ho_yr_003,5
2024,마라1986,ho_yr_005,138
2024,마라1986,ho_yr_006,8
2024,마라1986,ho_yr_007,54
2024,마라1986,ho_yr_008,120
2024,마라1986,ho_yr_009,1083
2024,마라1986,ho_yr_010,8
2024,마라1986,ho_yr_011,23
2024,마라1986,ho_yr_012,23
2024,마라1986,ho_yr_013,13
2024,마라1986,ho_yr_014,8
2024,마라1986,ho_yr_015,8
2024,마라1986,ho_yr_017,5
2024,마라1986,ho_yr_019,5
2024,마라1986,ho_yr_020,0
2024,마라1986,to_ho_001,1501
2024,마라1987,ho_ar_002,5
2024,마라1987,ho_ar_003,340
2024,마라1987,ho_ar_004,3820
2024,마라1987,ho_ar_005,5
2024,마라1987,ho_ar_006,782
2024,마라1987,ho_ar_007,69
2024,마라1987,ho_ar_008,28
2024,마라1987,ho_ar_009,343
2024,마라1987,ho_gb_002,402
2024,마라1987,ho_gb_003,4979
2024,마라1987,ho_gb_005,5
2024,마라1987,ho_gb_006,18
2024,마라1987,ho_yr_001,5
2024,마라1987,ho_yr_003,0
2024,마라1987,ho_yr_004,0
2024,마라1987,ho_yr_005,1525
2024,마라1987,ho_yr_006,44
2024,마라1987,ho_yr_007,79
2024,마라1987,ho_yr_008,763
2024,마라1987,ho_yr_009,894
2024,마라1987,ho_yr_010,653
2024,마라1987,ho_yr_011,23
2024,마라1987,ho_yr_012,23
2024,마라1987,ho_yr_013,761
2024,마라1987,ho_yr_014,8
2024,마라1987,ho_yr_015,589
2024,마라1987,ho_yr_016,5
2024,마라1987,ho_yr_017,8
2024,마라1987,ho_yr_018,8
2024,마라1987,ho_yr_019,5
2024,마라1987,ho_yr_020,0
2024,마라1987,to_ho_001,5385
2024,마라1988,ho_ar_004,5
2024,마라1988,ho_ar_005,5
2024,마라1988,ho_ar_009,0
2024,마라1988,ho_gb_002,8
2024,마라1988,ho_gb_005,5
2024,마라1988,ho_yr_003,0
2024,마라1988,ho_yr_014,5
2024,마라1988,ho_yr_015,0
2024,마라1988,to_ho_001,5
2024,마라1989,ho_ar_002,69
2024,마라1989,ho_ar_003,691
2024,마라1989,ho_ar_004,3940
2024,마라1989,ho_ar_005,19
2024,마라1989,ho_ar_006,661
2024,마라1989,ho_ar_007,147
2024,마라1989,ho_ar_008,19
2024,마라1989,ho_ar_009,32
2024,마라1989,ho_gb_001,43
2024,마라1989,ho_gb_002,132
2024,마라1989,ho_gb_003,5376
2024,마라1989,ho_gb_004,13
2024,마라1989,ho_gb_005,8
2024,마라1989,ho_gb_006,75
2024,마라1989,ho_yr_001,40
2024,마라1989,ho_yr_002,30
2024,마라1989,ho_yr_003,149
2024,마라1989,ho_yr_004,676
2024,마라1989,ho_yr_005,1548
2024,마라1989,ho_yr_007,5
2024,마라1989,ho_yr_008,72
2024,마라1989,ho_yr_009,5
2024,마라1989,ho_yr_010,5
2024,마라1989,ho_yr_011,5
2024,마라1989,ho_yr_012,14
2024,마라1989,ho_yr_013,788
2024,마라1989,ho_yr_014,0
2024,마라1989,ho_yr_015,846
2024,마라1989,ho_yr_018,5
2024,마라1989,ho_yr_019,852
2024,마라1989,ho_yr_020,554
2024,마라1989,to_ho_001,5567
2024,마라1990,ho_ar_002,8
2024,마라1990,ho_ar_003,3446
2024,마라1990,ho_ar_004,1691
2024,마라1990,ho_ar_005,23
2024,마라1990,ho_ar_006,500
2024,마라1990,ho_ar_007,359
2024,마라1990,ho_ar_008,33
2024,마라1990,ho_ar_009,180
2024,마라1990,ho_gb_002,329
2024,마라1990,ho_gb_003,5892
2024,마라1990,ho_gb_005,23
2024,마라1990,ho_gb_006,38
2024,마라1990,ho_yr_001,35
2024,마라1990,ho_yr_002,72
2024,마라1990,ho_yr_003,309
2024,마라1990,ho_yr_004,4343
2024,마라1990,ho_yr_005,250
2024,마라1990,ho_yr_006,8
2024,마라1990,ho_yr_007,8
2024,마라1990,ho_yr_008,23
2024,마라1990,ho_yr_009,18
2024,마라1990,ho_yr_010,8
2024,마라1990,ho_yr_011,13
2024,마라1990,ho_yr_012,18
2024,마라1990,ho_yr_013,289
2024,마라1990,ho_yr_014,492
2024,마라1990,ho_yr_015,5
2024,마라1990,ho_yr_016,349
2024,마라1990,ho_yr_018,5
2024,마라1990,ho_yr_019,5
2024,마라1990,to_ho_001,6239
2024,마라1991,ho_ar_001,0
2024,마라1991,ho_ar_002,5
2024,마라1991,ho_ar_003,5
2024,마라1991,ho_ar_004,13
2024,마라1991,ho_ar_005,8
2024,마라1991,ho_ar_006,5
2024,마라1991,ho_ar_007,5
2024,마라1991,ho_ar_008,5
2024,마라1991,ho_ar_009,0
2024,마라1991,ho_gb_002,39
2024,마라1991,ho_gb_005,5
2024,마라1991,ho_gb_006,8
2024,마라1991,ho_yr_001,18
2024,마라1991,ho_yr_002,14
2024,마라1991,ho_yr_003,5
2024,마라1991,ho_yr_004,5
2024,마라1991,ho_yr_005,8
2024,마라1991,ho_yr_010,5
2024,마라1991,ho_yr_012,0
2024,마라1991,to_ho_001,44
2024,마라1992,ho_ar_002,0
2024,마라1992,ho_ar_003,13
2024,마라1992,ho_ar_004,13
2024,마라1992,ho_ar_005,13
2024,마라1992,ho_ar_006,8
2024,마라1992,ho_ar_008,5
2024,마라1992,ho_ar_009,0
2024,마라1992,ho_gb_002,44
2024,마라1992,ho_gb_005,5
2024,마라1992,ho_gb_006,23
2024,마라1992,ho_yr_001,23
2024,마라1992,ho_yr_002,8
2024,마라1992,ho_yr_003,8
2024,마라1992,ho_yr_004,5
2024,마라1992,ho_yr_005,0
2024,마라1992,ho_yr_009,0
2024,마라1992,ho_yr_013,0
2024,마라1992,to_ho_001,48
2024,마라1993,ho_ar_001,0
2024,마라1993,ho_ar_002,8
2024,마라1993,ho_ar_003,8
2024,마라1993,ho_ar_004,8
2024,마라1993,ho_ar_005,5
2024,마라1993,ho_ar_006,5
2024,마라1993,ho_ar_007,8
2024,마라1993,ho_ar_008,5
2024,마라1993,ho_ar_009,0
2024,마라1993,ho_gb_002,24
2024,마라1993,ho_gb_005,13
2024,마라1993,ho_gb_006,93
2024,마라1993,ho_yr_001,8
2024,마라1993,ho_yr_003,13
2024,마라1993,ho_yr_004,8
2024,마라1993,ho_yr_005,8
2024,마라1993,ho_yr_018,0
2024,마라1993,to_ho_001,38
2024,마라1994,ho_ar_002,8
2024,마라1994,ho_ar_003,13
2024,마라1994,ho_ar_004,13
2024,마라1994,ho_ar_005,18
2024,마라1994,ho_ar_006,8
2024,마라1994,ho_ar_007,5
2024,마라1994,ho_ar_008,8
2024,마라1994,ho_ar_009,5
2024,마라1994,ho_gb_002,64
2024,마라1994,ho_gb_005,8
2024,마라1994,ho_gb_006,63
2024,마라1994,ho_yr_001,20
2024,마라1994,ho_yr_002,5
2024,마라1994,ho_yr_003,23
2024,마라1994,ho_yr_004,13
2024,마라1994,ho_yr_005,5
2024,마라1994,ho_yr_007,0
2024,마라1994,ho_yr_010,5
2024,마라1994,ho_yr_012,0
2024,마라1994,ho_yr_015,0
2024,마라1994,ho_yr_020,0
2024,마라1994,to_ho_001,70
2024,마라1996,ho_ar_002,5
2024,마라1996,ho_ar_003,0
2024,마라1996,ho_ar_004,0
2024,마라1996,ho_ar_005,0
2024,마라1996,ho_ar_007,5
2024,마라1996,ho_gb_002,0
2024,마라1996,ho_gb_005,8
2024,마라1996,ho_gb_006,8
2024,마라1996,ho_yr_004,5
2024,마라1996,ho_yr_005,5
2024,마라1996,to_ho_001,8
2024,마라1997,ho_ar_001,5
2024,마라1997,ho_ar_002,0
2024,마라1997,ho_ar_003,5
2024,마라1997,ho_ar_004,8
2024,마라1997,ho_ar_005,5
2024,마라1997,ho_ar_006,5
2024,마라1997,ho_ar_008,5
2024,마라1997,ho_gb_002,23
2024,마라1997,ho_gb_005,5
2024,마라1997,ho_gb_006,5
2024,마라1997,ho_yr_001,8
2024,마라1997,ho_yr_002,0
2024,마라1997,ho_yr_003,13
2024,마라1997,ho_yr_004,0
2024,마라1997,ho_yr_005,5
2024,마라1997,ho_yr_014,0
2024,마라1997,ho_yr_015,5
2024,마라1997,to_ho_001,23
2024,마라1998,ho_gb_006,0
2024,마라1999,ho_ar_003,5
2024,마라1999,ho_ar_004,13
2024,마라1999,ho_ar_005,8
2024,마라1999,ho_ar_006,8
2024,마라1999,ho_ar_007,5
2024,마라1999,ho_ar_008,5
2024,마라1999,ho_gb_002,27
2024,마라1999,ho_gb_005,5
2024,마라1999,ho_gb_006,13
2024,마라1999,ho_yr_001,5
2024,마라1999,ho_yr_002,5
2024,마라1999,ho_yr_003,8
2024,마라1999,ho_yr_004,5
2024,마라1999,ho_yr_005,5
2024,마라1999,ho_yr_008,5
2024,마라1999,ho_yr_010,0
2024,마라1999,ho_yr_011,5
2024,마라1999,ho_yr_013,0
2024,마라1999,ho_yr_014,5
2024,마라1999,ho_yr_017,0
2024,마라1999,to_ho_001,33
2024,마라2068,ho_ar_002,0
2024,마라2068,ho_ar_003,5
2024,마라2068,ho_ar_004,5
2024,마라2068,ho_ar_005,5
2024,마라2068,ho_ar_006,5
2024,마라2068,ho_ar_007,5
2024,마라2068,ho_ar_009,0
2024,마라2068,ho_gb_002,18
2024,마라2068,ho_yr_001,18
2024,마라2068,ho_yr_002,0
2024,마라2068,ho_yr_004,5
2024,마라2068,to_ho_001,18
2024,마라2070,ho_ar_002,0
2024,마라2070,ho_ar_003,15
2024,마라2070,ho_ar_004,13
2024,마라2070,ho_ar_005,5
2024,마라2070,ho_ar_006,0
2024,마라2070,ho_ar_007,5
2024,마라2070,ho_gb_002,34
2024,마라2070,ho_gb_006,5
2024,마라2070,ho_yr_001,5
2024,마라2070,ho_yr_002,0
2024,마라2070,ho_yr_003,8
2024,마라2070,ho_yr_004,0
2024,마라2070,ho_yr_005,0
2024,마라2070,ho_yr_008,5
2024,마라2070,ho_yr_011,5
2024,마라2070,ho_yr_013,0
2024,마라2070,ho_yr_015,0
2024,마라2070,ho_yr_016,0
2024,마라2070,ho_yr_018,0
2024,마라2070,ho_yr_019,0
2024,마라2070,to_ho_001,33
2024,마라2071,ho_ar_001,5
2024,마라2071,ho_ar_002,13
2024,마라2071,ho_ar_003,34
2024,마라2071,ho_ar_004,43
2024,마라2071,ho_ar_005,13
2024,마라2071,ho_ar_006,13
2024,마라2071,ho_ar_007,13
2024,마라2071,ho_ar_008,13
2024,마라2071,ho_ar_009,5
2024,마라2071,ho_gb_002,140
2024,마라2071,ho_gb_005,5
2024,마라2071,ho_gb_006,8
2024,마라2071,ho_yr_001,23
2024,마라2071,ho_yr_002,19
2024,마라2071,ho_yr_003,21
2024,마라2071,ho_yr_004,14
2024,마라2071,ho_yr_005,13
2024,마라2071,ho_yr_006,5
2024,마라2071,ho_yr_007,5
2024,마라2071,ho_yr_008,5
2024,마라2071,ho_yr_009,5
2024,마라2071,ho_yr_010,8
2024,마라2071,ho_yr_011,5
2024,마라2071,ho_yr_012,5
2024,마라2071,ho_yr_013,5
2024,마라2071,ho_yr_014,8
2024,마라2071,ho_yr_015,8
2024,마라2071,ho_yr_017,8
2024,마라2071,ho_yr_018,5
2024,마라2071,ho_yr_019,8
2024,마라2071,ho_yr_020,5
2024,마라2071,to_ho_001,143
2024,마라2072,ho_ar_005,0
2024,마라2072,ho_ar_006,0
2024,마라2072,ho_ar_007,0
2024,마라2072,ho_ar_008,0
2024,마라2072,ho_gb_002,7
2024,마라2072,ho_yr_010,0
2024,마라2072,ho_yr_011,0
2024,마라2072,ho_yr_012,0
2024,마라2072,ho_yr_013,0
2024,마라2072,ho_yr_017,0
2024,마라2072,ho_yr_018,0
2024,마라2072,to_ho_001,8
2024,마라2074,ho_ar_003,5
2024,마라2074,ho_ar_004,0
2024,마라2074,ho_ar_005,5
2024,마라2074,ho_ar_006,5
2024,마라2074,ho_gb_002,8
2024,마라2074,ho_yr_005,5
2024,마라2074,ho_yr_006,5
2024,마라2074,ho_yr_010,5
2024,마라2074,ho_yr_013,5
2024,마라2074,to_ho_001,8
2024,마라2077,ho_ar_003,47
2024,마라2077,ho_ar_004,215
2024,마라2077,ho_gb_003,262
2024,마라2077,ho_gb_006,5
2024,마라2077,ho_yr_013,262
2024,마라2077,to_ho_001,262
2024,마라2078,ho_ar_001,0
2024,마라2078,ho_ar_002,8
2024,마라2078,ho_ar_003,18
2024,마라2078,ho_ar_004,251
2024,마라2078,ho_ar_005,8
2024,마라2078,ho_ar_006,8
2024,마라2078,ho_ar_007,8
2024,마라2078,ho_ar_008,13
2024,마라2078,ho_ar_009,168
2024,마라2078,ho_gb_001,25
2024,마라2078,ho_gb_002,242
2024,마라2078,ho_gb_003,206
2024,마라2078,ho_gb_005,8
2024,마라2078,ho_gb_006,834
2024,마라2078,ho_yr_001,19
2024,마라2078,ho_yr_002,26
2024,마라2078,ho_yr_003,28
2024,마라2078,ho_yr_004,84
2024,마라2078,ho_yr_005,50
2024,마라2078,ho_yr_006,19
2024,마라2078,ho_yr_007,13
2024,마라2078,ho_yr_008,13
2024,마라2078,ho_yr_009,8
2024,마라2078,ho_yr_010,8
2024,마라2078,ho_yr_011,5
2024,마라2078,ho_yr_012,8
2024,마라2078,ho_yr_013,198
2024,마라2078,ho_yr_014,0
2024,마라2078,ho_yr_015,5
2024,마라2078,ho_yr_016,0
2024,마라2078,ho_yr_018,5
2024,마라2078,ho_yr_019,0
2024,마라2078,to_ho_001,481
2024,마라2079,ho_ar_001,0
2024,마라2079,ho_ar_002,5
2024,마라2079,ho_ar_003,8
2024,마라2079,ho_ar_004,13
2024,마라2079,ho_ar_005,8
2024,마라2079,ho_ar_006,8
2024,마라2079,ho_ar_007,5
2024,마라2079,ho_ar_008,13
2024,마라2079,ho_ar_009,199
2024,마라2079,ho_gb_002,245
2024,마라2079,ho_gb_005,8
2024,마라2079,ho_gb_006,18
2024,마라2079,ho_yr_001,5
2024,마라2079,ho_yr_002,5
2024,마라2079,ho_yr_003,5
2024,마라2079,ho_yr_004,35
2024,마라2079,ho_yr_005,82
2024,마라2079,ho_yr_006,18
2024,마라2079,ho_yr_007,33
2024,마라2079,ho_yr_008,18
2024,마라2079,ho_yr_009,13
2024,마라2079,ho_yr_010,13
2024,마라2079,ho_yr_011,8
2024,마라2079,ho_yr_012,8
2024,마라2079,ho_yr_013,5
2024,마라2079,ho_yr_014,5
2024,마라2079,ho_yr_015,0
2024,마라2079,ho_yr_016,0
2024,마라2079,ho_yr_018,5
2024,마라2079,ho_yr_020,5
2024,마라2079,to_ho_001,249
2024,마라2083,ho_gb_006,13
2024,마라2084,ho_gb_006,18
2024,마라2085,ho_gb_006,0
2024,마라2086,ho_ar_001,314
2024,마라2086,ho_ar_002,470
2024,마라2086,ho_ar_003,2807
2024,마라2086,ho_ar_004,2882
2024,마라2086,ho_ar_005,5
2024,마라2086,ho_ar_006,626
2024,마라2086,ho_ar_007,5
2024,마라2086,ho_ar_008,18
2024,마라2086,ho_ar_009,25
2024,마라2086,ho_gb_002,56
2024,마라2086,ho_gb_003,7093
2024,마라2086,ho_gb_006,5
2024,마라2086,ho_yr_005,2063
2024,마라2086,ho_yr_006,5
2024,마라2086,ho_yr_007,5
2024,마라2086,ho_yr_008,8
2024,마라2086,ho_yr_009,0
2024,마라2086,ho_yr_011,0
2024,마라2086,ho_yr_013,5
2024,마라2086,ho_yr_014,1081
2024,마라2086,ho_yr_015,3040
2024,마라2086,ho_yr_016,915
2024,마라2086,ho_yr_017,8
2024,마라2086,ho_yr_018,13
2024,마라2086,ho_yr_019,5
2024,마라2086,ho_yr_020,5
2024,마라2086,to_ho_001,7147
2024,마라2087,ho_ar_002,0
2024,마라2087,ho_ar_003,114
2024,마라2087,ho_ar_004,2172
2024,마라2087,ho_ar_005,25
2024,마라2087,ho_ar_006,425
2024,마라2087,ho_ar_007,319
2024,마라2087,ho_ar_008,41
2024,마라2087,ho_ar_009,151
2024,마라2087,ho_gb_002,213
2024,마라2087,ho_gb_003,3029
2024,마라2087,ho_gb_005,0
2024,마라2087,ho_gb_006,8
2024,마라2087,ho_yr_005,1010
2024,마라2087,ho_yr_006,8
2024,마라2087,ho_yr_007,23
2024,마라2087,ho_yr_008,23
2024,마라2087,ho_yr_009,1496
2024,마라2087,ho_yr_010,13
2024,마라2087,ho_yr_011,13
2024,마라2087,ho_yr_012,18
2024,마라2087,ho_yr_013,184
2024,마라2087,ho_yr_014,379
2024,마라2087,ho_yr_015,5
2024,마라2087,ho_yr_016,13
2024,마라2087,ho_yr_017,23
2024,마라2087,ho_yr_018,18
2024,마라2087,ho_yr_019,13
2024,마라2087,ho_yr_020,8
2024,마라2087,to_ho_001,3243
2024,마라2088,ho_ar_002,0
2024,마라2088,ho_ar_003,0
2024,마라2088,ho_ar_005,0
2024,마라2088,ho_ar_007,5
2024,마라2088,ho_gb_002,5
2024,마라2088,ho_gb_005,0
2024,마라2088,ho_gb_006,5
2024,마라2088,ho_yr_001,0
2024,마라2088,ho_yr_002,5
2024,마라2088,ho_yr_003,0
2024,마라2088,ho_yr_004,5
2024,마라2088,to_ho_001,5
2024,마라2089,ho_ar_002,8
2024,마라2089,ho_ar_003,8
2024,마라2089,ho_ar_004,48
2024,마라2089,ho_ar_005,34
2024,마라2089,ho_ar_006,13
2024,마라2089,ho_ar_007,8
2024,마라2089,ho_ar_008,13
2024,마라2089,ho_ar_009,8
2024,마라2089,ho_gb_001,41
2024,마라2089,ho_gb_002,92
2024,마라2089,ho_gb_005,5
2024,마라2089,ho_gb_006,5
2024,마라2089,ho_yr_001,8
2024,마라2089,ho_yr_002,8
2024,마라2089,ho_yr_003,98
2024,마라2089,ho_yr_004,5
2024,마라2089,ho_yr_005,8
2024,마라2089,ho_yr_006,0
2024,마라2089,ho_yr_008,5
2024,마라2089,ho_yr_009,0
2024,마라2089,ho_yr_010,5
2024,마라2089,ho_yr_012,0
2024,마라2089,ho_yr_013,5
2024,마라2089,ho_yr_017,0
2024,마라2089,ho_yr_019,0
2024,마라2089,ho_yr_020,0
2024,마라2089,to_ho_001,138
2024,마라2090,ho_ar_002,8
2024,마라2090,ho_ar_003,646
2024,마라2090,ho_ar_004,1139
2024,마라2090,ho_ar_005,29
2024,마라2090,ho_ar_006,13
2024,마라2090,ho_ar_007,13
2024,마라2090,ho_ar_008,18
2024,마라2090,ho_ar_009,108
2024,마라2090,ho_gb_002,211
2024,마라2090,ho_gb_003,1759
2024,마라2090,ho_gb_005,8
2024,마라2090,ho_gb_006,11
2024,마라2090,ho_yr_001,13
2024,마라2090,ho_yr_002,5
2024,마라2090,ho_yr_003,32
2024,마라2090,ho_yr_004,8
2024,마라2090,ho_yr_005,8
2024,마라2090,ho_yr_006,8
2024,마라2090,ho_yr_007,8
2024,마라2090,ho_yr_008,13
2024,마라2090,ho_yr_009,23
2024,마라2090,ho_yr_010,18
2024,마라2090,ho_yr_011,29
2024,마라2090,ho_yr_012,958
2024,마라2090,ho_yr_013,512
2024,마라2090,ho_yr_014,5
2024,마라2090,ho_yr_015,5
2024,마라2090,ho_yr_016,335
2024,마라2090,ho_yr_017,5
2024,마라2090,ho_yr_018,5
2024,마라2090,ho_yr_019,5
2024,마라2090,to_ho_001,1972
2024,마라2091,ho_ar_002,0
2024,마라2091,ho_ar_003,8
2024,마라2091,ho_ar_004,416
2024,마라2091,ho_ar_005,37
2024,마라2091,ho_ar_006,13
2024,마라2091,ho_ar_007,5
2024,마라2091,ho_ar_008,5
2024,마라2091,ho_ar_009,5
2024,마라2091,ho_gb_002,83
2024,마라2091,ho_gb_003,398
2024,마라2091,ho_gb_005,0
2024,마라2091,ho_gb_006,8
2024,마라2091,ho_yr_001,13
2024,마라2091,ho_yr_002,8
2024,마라2091,ho_yr_003,49
2024,마라2091,ho_yr_004,5
2024,마라2091,ho_yr_005,5
2024,마라2091,ho_yr_010,5
2024,마라2091,ho_yr_011,0
2024,마라2091,ho_yr_012,5
2024,마라2091,ho_yr_018,5
2024,마라2091,ho_yr_019,0
2024,마라2091,ho_yr_020,398
2024,마라2091,to_ho_001,482
2024,마라2092,ho_ar_001,0
2024,마라2092,ho_ar_002,5
2024,마라2092,ho_ar_003,8
2024,마라2092,ho_ar_004,5
2024,마라2092,ho_ar_005,0
2024,마라2092,ho_ar_006,8
2024,마라2092,ho_ar_007,0
2024,마라2092,ho_ar_008,5
2024,마라2092,ho_ar_009,14
2024,마라2092,ho_gb_002,30
2024,마라2092,ho_gb_005,5
2024,마라2092,ho_gb_006,43
2024,마라2092,ho_yr_001,8
2024,마라2092,ho_yr_002,5
2024,마라2092,ho_yr_003,8
2024,마라2092,ho_yr_005,5
2024,마라2092,ho_yr_010,5
2024,마라2092,ho_yr_011,5
2024,마라2092,ho_yr_012,0
2024,마라2092,ho_yr_013,5
2024,마라2092,ho_yr_014,5
2024,마라2092,ho_yr_017,0
2024,마라2092,to_ho_001,33
2024,마라2093,ho_ar_002,5
2024,마라2093,ho_ar_003,5
2024,마라2093,ho_ar_004,8
2024,마라2093,ho_ar_005,14
2024,마라2093,ho_ar_006,5
2024,마라2093,ho_ar_007,0
2024,마라2093,ho_ar_008,0
2024,마라2093,ho_ar_009,0
2024,마라2093,ho_gb_002,34
2024,마라2093,ho_gb_005,0
2024,마라2093,ho_gb_006,23
2024,마라2093,ho_yr_001,8
2024,마라2093,ho_yr_002,5
2024,마라2093,ho_yr_003,15
2024,마라2093,ho_yr_004,5
2024,마라2093,ho_yr_005,0
2024,마라2093,ho_yr_008,0
2024,마라2093,ho_yr_009,0
2024,마라2093,ho_yr_010,5
2024,마라2093,ho_yr_013,8
2024,마라2093,to_ho_001,35
2024,마라2094,ho_ar_001,0
2024,마라2094,ho_ar_002,8
2024,마라2094,ho_ar_003,8
2024,마라2094,ho_ar_004,29
2024,마라2094,ho_ar_005,13
2024,마라2094,ho_ar_006,8
2024,마라2094,ho_ar_007,8
2024,마라2094,ho_ar_008,8
2024,마라2094,ho_ar_009,5
2024,마라2094,ho_gb_001,16
2024,마라2094,ho_gb_002,60
2024,마라2094,ho_gb_005,5
2024,마라2094,ho_gb_006,18
2024,마라2094,ho_yr_001,8
2024,마라2094,ho_yr_002,8
2024,마라2094,ho_yr_003,34
2024,마라2094,ho_yr_004,5
2024,마라2094,ho_yr_005,8
2024,마라2094,ho_yr_007,5
2024,마라2094,ho_yr_008,0
2024,마라2094,ho_yr_011,5
2024,마라2094,ho_yr_012,5
2024,마라2094,ho_yr_013,5
2024,마라2094,ho_yr_014,5
2024,마라2094,ho_yr_015,0
2024,마라2094,ho_yr_016,5
2024,마라2094,ho_yr_017,5
2024,마라2094,to_ho_001,79
2024,마라2095,ho_ar_002,8
2024,마라2095,ho_ar_003,8
2024,마라2095,ho_ar_004,8
2024,마라2095,ho_ar_005,5
2024,마라2095,ho_ar_006,5
2024,마라2095,ho_ar_007,0
2024,마라2095,ho_ar_008,0
2024,마라2095,ho_ar_009,5
2024,마라2095,ho_gb_002,23
2024,마라2095,ho_gb_006,18
2024,마라2095,ho_yr_001,8
2024,마라2095,ho_yr_002,5
2024,마라2095,ho_yr_003,8
2024,마라2095,ho_yr_004,8
2024,마라2095,ho_yr_009,0
2024,마라2095,to_ho_001,23
2024,마라2096,ho_ar_001,5
2024,마라2096,ho_ar_002,8
2024,마라2096,ho_ar_003,5
2024,마라2096,ho_ar_004,13
2024,마라2096,ho_ar_005,18
2024,마라2096,ho_ar_006,5
2024,마라2096,ho_ar_007,5
2024,마라2096,ho_ar_009,0
2024,마라2096,ho_gb_002,54
2024,마라2096,ho_gb_005,5
2024,마라2096,ho_gb_006,23
2024,마라2096,ho_yr_001,13
2024,마라2096,ho_yr_002,8
2024,마라2096,ho_yr_003,28
2024,마라2096,ho_yr_004,5
2024,마라2096,ho_yr_005,0
2024,마라2096,ho_yr_008,5
2024,마라2096,to_ho_001,58
2024,마라2097,ho_ar_002,5
2024,마라2097,ho_ar_003,5
2024,마라2097,ho_ar_004,5
2024,마라2097,ho_ar_005,5
2024,마라2097,ho_ar_007,0
2024,마라2097,ho_gb_002,8
2024,마라2097,ho_gb_005,5
2024,마라2097,ho_gb_006,0
2024,마라2097,ho_yr_001,5
2024,마라2097,ho_yr_002,0
2024,마라2097,ho_yr_003,5
2024,마라2097,ho_yr_004,5
2024,마라2097,ho_yr_005,5
2024,마라2097,ho_yr_011,0
2024,마라2097,to_ho_001,13
2024,마라2098,ho_ar_001,0
2024,마라2098,ho_ar_002,0
2024,마라2098,ho_ar_003,5
2024,마라2098,ho_ar_004,8
2024,마라2098,ho_ar_005,8
2024,마라2098,ho_ar_006,5
2024,마라2098,ho_ar_007,5
2024,마라2098,ho_ar_008,5
2024,마라2098,ho_ar_009,0
2024,마라2098,ho_gb_002,27
2024,마라2098,ho_gb_005,5
2024,마라2098,ho_gb_006,13
2024,마라2098,ho_yr_001,8
2024,마라2098,ho_yr_002,5
2024,마라2098,ho_yr_003,14
2024,마라2098,ho_yr_004,5
2024,마라2098,ho_yr_006,5
2024,마라2098,ho_yr_008,0
2024,마라2098,to_ho_001,29
2024,마라2099,ho_ar_001,5
2024,마라2099,ho_ar_002,5
2024,마라2099,ho_ar_003,8
2024,마라2099,ho_ar_004,19
2024,마라2099,ho_ar_005,8
2024,마라2099,ho_ar_006,5
2024,마라2099,ho_ar_007,5
2024,마라2099,ho_ar_008,0
2024,마라2099,ho_ar_009,5
2024,마라2099,ho_gb_002,49
2024,마라2099,ho_gb_005,5
2024,마라2099,ho_gb_006,13
2024,마라2099,ho_yr_001,8
2024,마라2099,ho_yr_002,5
2024,마라2099,ho_yr_003,21
2024,마라2099,ho_yr_004,5
2024,마라2099,ho_yr_005,5
2024,마라2099,ho_yr_006,0
2024,마라2099,ho_yr_011,0
2024,마라2099,ho_yr_012,5
2024,마라2099,ho_yr_013,5
2024,마라2099,ho_yr_015,0
2024,마라2099,to_ho_001,51
2024,마라2166,ho_gb_006,5
2024,마라2169,ho_ar_001,26
2024,마라2169,ho_ar_002,92
2024,마라2169,ho_ar_003,65
2024,마라2169,ho_ar_004,53
2024,마라2169,ho_ar_005,28
2024,마라2169,ho_ar_006,13
2024,마라2169,ho_ar_007,8
2024,마라2169,ho_ar_008,8
2024,마라2169,ho_ar_009,5
2024,마라2169,ho_gb_001,92
2024,마라2169,ho_gb_002,181
2024,마라2169,ho_gb_004,16
2024,마라2169,ho_gb_005,8
2024,마라2169,ho_gb_006,8
2024,마라2169,ho_yr_001,46
2024,마라2169,ho_yr_002,13
2024,마라2169,ho_yr_003,13
2024,마라2169,ho_yr_004,24
2024,마라2169,ho_yr_005,8
2024,마라2169,ho_yr_006,5
2024,마라2169,ho_yr_007,5
2024,마라2169,ho_yr_008,5
2024,마라2169,ho_yr_009,0
2024,마라2169,ho_yr_010,0
2024,마라2169,ho_yr_011,5
2024,마라2169,ho_yr_012,41
2024,마라2169,ho_yr_013,5
2024,마라2169,ho_yr_014,19
2024,마라2169,ho_yr_015,0
2024,마라2169,ho_yr_017,51
2024,마라2169,ho_yr_018,50
2024,마라2169,ho_yr_019,8
2024,마라2169,to_ho_001,291
2024,마라2170,ho_ar_005,0
2024,마라2170,ho_gb_002,0
2024,마라2170,ho_yr_001,0
2024,마라2170,to_ho_001,0
2024,마라2172,ho_ar_002,0
2024,마라2172,ho_gb_002,0
2024,마라2172,ho_gb_006,0
2024,마라2172,ho_yr_001,5
2024,마라2172,to_ho_001,5
2024,마라2173,ho_ar_001,8
2024,마라2173,ho_ar_002,51
2024,마라2173,ho_ar_003,120
2024,마라2173,ho_ar_004,74
2024,마라2173,ho_ar_005,43
2024,마라2173,ho_ar_006,13
2024,마라2173,ho_ar_007,8
2024,마라2173,ho_ar_008,5
2024,마라2173,ho_ar_009,0
2024,마라2173,ho_gb_001,67
2024,마라2173,ho_gb_002,244
2024,마라2173,ho_gb_005,5
2024,마라2173,ho_gb_006,5
2024,마라2173,ho_yr_001,50
2024,마라2173,ho_yr_002,20
2024,마라2173,ho_yr_003,13
2024,마라2173,ho_yr_004,5
2024,마라2173,ho_yr_005,36
2024,마라2173,ho_yr_006,5
2024,마라2173,ho_yr_007,0
2024,마라2173,ho_yr_008,5
2024,마라2173,ho_yr_009,19
2024,마라2173,ho_yr_010,46
2024,마라2173,ho_yr_011,46
2024,마라2173,ho_yr_012,41
2024,마라2173,ho_yr_013,5
2024,마라2173,ho_yr_014,9
2024,마라2173,ho_yr_017,8
2024,마라2173,ho_yr_018,13
2024,마라2173,ho_yr_019,8
2024,마라2173,ho_yr_020,5
2024,마라2173,to_ho_001,314
2024,마라2174,ho_ar_001,5
2024,마라2174,ho_ar_002,73
2024,마라2174,ho_ar_003,137
2024,마라2174,ho_ar_004,75
2024,마라2174,ho_ar_005,48
2024,마라2174,ho_ar_006,18
2024,마라2174,ho_ar_007,8
2024,마라2174,ho_ar_008,13
2024,마라2174,ho_ar_009,5
2024,마라2174,ho_gb_001,101
2024,마라2174,ho_gb_002,273
2024,마라2174,ho_gb_005,8
2024,마라2174,ho_gb_006,8
2024,마라2174,ho_yr_001,25
2024,마라2174,ho_yr_002,8
2024,마라2174,ho_yr_003,8
2024,마라2174,ho_yr_004,5
2024,마라2174,ho_yr_005,28
2024,마라2174,ho_yr_006,8
2024,마라2174,ho_yr_007,5
2024,마라2174,ho_yr_008,8
2024,마라2174,ho_yr_009,8
2024,마라2174,ho_yr_010,95
2024,마라2174,ho_yr_011,66
2024,마라2174,ho_yr_012,29
2024,마라2174,ho_yr_013,36
2024,마라2174,ho_yr_014,5
2024,마라2174,ho_yr_015,5
2024,마라2174,ho_yr_016,0
2024,마라2174,ho_yr_017,8
2024,마라2174,ho_yr_018,14
2024,마라2174,ho_yr_019,12
2024,마라2174,ho_yr_020,25
2024,마라2174,to_ho_001,378
2024,마라2175,ho_ar_002,35
2024,마라2175,ho_ar_003,19
2024,마라2175,ho_ar_004,19
2024,마라2175,ho_ar_005,8
2024,마라2175,ho_ar_006,5
2024,마라2175,ho_ar_007,8
2024,마라2175,ho_gb_001,25
2024,마라2175,ho_gb_002,65
2024,마라2175,ho_gb_005,8
2024,마라2175,ho_gb_006,5
2024,마라2175,ho_yr_001,18
2024,마라2175,ho_yr_002,8
2024,마라2175,ho_yr_003,8
2024,마라2175,ho_yr_004,5
2024,마라2175,ho_yr_005,8
2024,마라2175,ho_yr_006,0
2024,마라2175,ho_yr_008,5
2024,마라2175,ho_yr_009,0
2024,마라2175,ho_yr_010,12
2024,마라2175,ho_yr_011,21
2024,마라2175,ho_yr_012,5
2024,마라2175,ho_yr_014,0
2024,마라2175,ho_yr_017,5
2024,마라2175,to_ho_001,91
2024,마라2176,ho_ar_002,0
2024,마라2176,ho_ar_004,5
2024,마라2176,ho_ar_005,0
2024,마라2176,ho_gb_002,5
2024,마라2176,ho_yr_001,0
2024,마라2176,ho_yr_002,5
2024,마라2176,ho_yr_005,0
2024,마라2176,to_ho_001,5
2024,마라2177,ho_gb_006,5
2024,마라2178,ho_ar_007,5
2024,마라2178,ho_ar_009,0
2024,마라2178,ho_gb_002,0
2024,마라2178,ho_gb_005,0
2024,마라2178,ho_gb_006,58
2024,마라2178,ho_yr_004,5
2024,마라2178,to_ho_001,5
2024,마라2179,ho_ar_003,5
2024,마라2179,ho_ar_004,0
2024,마라2179,ho_ar_005,0
2024,마라2179,ho_ar_006,5
2024,마라2179,ho_ar_007,5
2024,마라2179,ho_gb_002,8
2024,마라2179,ho_gb_005,0
2024,마라2179,ho_gb_006,5
2024,마라2179,ho_yr_001,0
2024,마라2179,ho_yr_002,5
2024,마라2179,ho_yr_003,5
2024,마라2179,ho_yr_004,5
2024,마라2179,ho_yr_005,0
2024,마라2179,ho_yr_011,5
2024,마라2179,to_ho_001,8
2024,마라2180,ho_ar_002,5
2024,마라2180,ho_ar_003,8
2024,마라2180,ho_ar_004,16
2024,마라2180,ho_ar_005,8
2024,마라2180,ho_ar_006,8
2024,마라2180,ho_ar_007,8
2024,마라2180,ho_ar_008,5
2024,마라2180,ho_gb_001,8
2024,마라2180,ho_gb_002,43
2024,마라2180,ho_gb_005,5
2024,마라2180,ho_gb_006,8
2024,마라2180,ho_yr_001,5
2024,마라2180,ho_yr_002,5
2024,마라2180,ho_yr_003,17
2024,마라2180,ho_yr_004,18
2024,마라2180,ho_yr_005,5
2024,마라2180,ho_yr_010,5
2024,마라2180,ho_yr_012,5
2024,마라2180,ho_yr_013,5
2024,마라2180,ho_yr_014,0
2024,마라2180,ho_yr_015,5
2024,마라2180,to_ho_001,52
2024,마라2181,ho_ar_002,8
2024,마라2181,ho_ar_003,25
2024,마라2181,ho_ar_004,25
2024,마라2181,ho_ar_005,14
2024,마라2181,ho_ar_006,8
2024,마라2181,ho_ar_007,8
2024,마라2181,ho_ar_008,0
2024,마라2181,ho_ar_009,0
2024,마라2181,ho_gb_001,21
2024,마라2181,ho_gb_002,63
2024,마라2181,ho_gb_005,5
2024,마라2181,ho_gb_006,0
2024,마라2181,ho_yr_001,13
2024,마라2181,ho_yr_002,13
2024,마라2181,ho_yr_003,14
2024,마라2181,ho_yr_004,5
2024,마라2181,ho_yr_005,5
2024,마라2181,ho_yr_006,5
2024,마라2181,ho_yr_010,0
2024,마라2181,ho_yr_011,5
2024,마라2181,ho_yr_012,5
2024,마라2181,ho_yr_013,14
2024,마라2181,ho_yr_014,8
2024,마라2181,ho_yr_015,15
2024,마라2181,ho_yr_019,5
2024,마라2181,ho_yr_020,5
2024,마라2181,to_ho_001,85
2024,마라2182,ho_gb_006,5
2024,마라2183,ho_ar_009,5
2024,마라2183,ho_gb_002,5
2024,마라2183,ho_gb_006,8
2024,마라2183,ho_yr_001,0
2024,마라2183,to_ho_001,0
2024,마라2184,ho_ar_002,523
2024,마라2184,ho_ar_003,2047
2024,마라2184,ho_ar_004,229
2024,마라2184,ho_ar_005,0
2024,마라2184,ho_ar_006,5
2024,마라2184,ho_ar_007,5
2024,마라2184,ho_ar_008,38
2024,마라2184,ho_ar_009,34
2024,마라2184,ho_gb_001,13
2024,마라2184,ho_gb_002,90
2024,마라2184,ho_gb_003,2771
2024,마라2184,ho_gb_005,5
2024,마라2184,ho_gb_006,24
2024,마라2184,ho_yr_005,18
2024,마라2184,ho_yr_007,861
2024,마라2184,ho_yr_008,8
2024,마라2184,ho_yr_009,965
2024,마라2184,ho_yr_010,8
2024,마라2184,ho_yr_011,906
2024,마라2184,ho_yr_012,104
2024,마라2184,ho_yr_013,0
2024,마라2184,ho_yr_018,0
2024,마라2184,ho_yr_019,5
2024,마라2184,to_ho_001,2875
2024,마라2185,ho_ar_003,63
2024,마라2185,ho_ar_006,0
2024,마라2185,ho_gb_002,5
2024,마라2185,ho_gb_003,63
2024,마라2185,ho_gb_006,5
2024,마라2185,ho_yr_009,63
2024,마라2185,ho_yr_017,0
2024,마라2185,to_ho_001,63
2024,마라2186,ho_ar_002,967
2024,마라2186,ho_ar_003,361
2024,마라2186,ho_ar_004,539
2024,마라2186,ho_ar_006,275
2024,마라2186,ho_ar_007,8
2024,마라2186,ho_ar_008,18
2024,마라2186,ho_ar_009,8
2024,마라2186,ho_gb_002,38
2024,마라2186,ho_gb_003,2137
2024,마라2186,ho_gb_006,5
2024,마라2186,ho_yr_014,863
2024,마라2186,ho_yr_016,1279
2024,마라2186,ho_yr_017,13
2024,마라2186,ho_yr_018,13
2024,마라2186,ho_yr_019,8
2024,마라2186,to_ho_001,2175
2024,마라2187,ho_ar_002,8
2024,마라2187,ho_ar_003,8
2024,마라2187,ho_ar_004,13
2024,마라2187,ho_ar_005,5
2024,마라2187,ho_ar_006,5
2024,마라2187,ho_ar_007,0
2024,마라2187,ho_ar_009,5
2024,마라2187,ho_gb_002,35
2024,마라2187,ho_gb_006,0
2024,마라2187,ho_yr_001,8
2024,마라2187,ho_yr_002,13
2024,마라2187,ho_yr_003,8
2024,마라2187,ho_yr_004,5
2024,마라2187,ho_yr_010,5
2024,마라2187,ho_yr_011,0
2024,마라2187,ho_yr_012,0
2024,마라2187,ho_yr_013,0
2024,마라2187,ho_yr_014,0
2024,마라2187,ho_yr_017,0
2024,마라2187,to_ho_001,33
2024,마라2189,ho_ar_001,5
2024,마라2189,ho_ar_002,5
2024,마라2189,ho_ar_003,8
2024,마라2189,ho_ar_004,13
2024,마라2189,ho_ar_005,8
2024,마라2189,ho_ar_006,0
2024,마라2189,ho_ar_007,5
2024,마라2189,ho_ar_008,5
2024,마라2189,ho_ar_009,0
2024,마라2189,ho_gb_002,36
2024,마라2189,ho_gb_005,5
2024,마라2189,ho_gb_006,5
2024,마라2189,ho_yr_001,13
2024,마라2189,ho_yr_002,5
2024,마라2189,ho_yr_003,8
2024,마라2189,ho_yr_004,5
2024,마라2189,ho_yr_005,8
2024,마라2189,ho_yr_006,0
2024,마라2189,ho_yr_007,0
2024,마라2189,ho_yr_009,0
2024,마라2189,ho_yr_011,0
2024,마라2189,ho_yr_012,5
2024,마라2189,ho_yr_014,0
2024,마라2189,ho_yr_015,5
2024,마라2189,ho_yr_019,0
2024,마라2189,to_ho_001,38
2024,마라2190,ho_ar_001,5
2024,마라2190,ho_ar_002,8
2024,마라2190,ho_ar_003,13
2024,마라2190,ho_ar_004,19
2024,마라2190,ho_ar_005,8
2024,마라2190,ho_ar_006,8
2024,마라2190,ho_ar_007,5
2024,마라2190,ho_ar_008,5
2024,마라2190,ho_ar_009,0
2024,마라2190,ho_gb_002,69
2024,마라2190,ho_gb_005,5
2024,마라2190,ho_gb_006,8
2024,마라2190,ho_yr_001,23
2024,마라2190,ho_yr_002,5
2024,마라2190,ho_yr_003,18
2024,마라2190,ho_yr_004,5
2024,마라2190,ho_yr_005,8
2024,마라2190,ho_yr_007,5
2024,마라2190,ho_yr_010,5
2024,마라2190,ho_yr_011,0
2024,마라2190,ho_yr_012,5
2024,마라2190,ho_yr_013,5
2024,마라2190,ho_yr_015,5
2024,마라2190,ho_yr_017,0
2024,마라2190,ho_yr_018,0
2024,마라2190,ho_yr_019,5
2024,마라2190,to_ho_001,68
2024,마라2191,ho_ar_009,0
2024,마라2191,ho_gb_005,5
2024,마라2191,ho_gb_006,8
2024,마라2191,ho_yr_011,5
2024,마라2191,to_ho_001,5
2024,마라2192,ho_ar_001,0
2024,마라2192,ho_ar_002,18
2024,마라2192,ho_ar_003,18
2024,마라2192,ho_ar_004,33
2024,마라2192,ho_ar_005,23
2024,마라2192,ho_ar_006,8
2024,마라2192,ho_ar_007,8
2024,마라2192,ho_ar_008,5
2024,마라2192,ho_gb_002,108
2024,마라2192,ho_gb_005,5
2024,마라2192,ho_gb_006,13
2024,마라2192,ho_yr_001,39
2024,마라2192,ho_yr_002,8
2024,마라2192,ho_yr_003,38
2024,마라2192,ho_yr_004,8
2024,마라2192,ho_yr_005,8
2024,마라2192,ho_yr_008,0
2024,마라2192,ho_yr_009,5
2024,마라2192,ho_yr_010,5
2024,마라2192,ho_yr_011,5
2024,마라2192,ho_yr_012,0
2024,마라2192,ho_yr_013,0
2024,마라2192,ho_yr_016,0
2024,마라2192,ho_yr_020,0
2024,마라2192,to_ho_001,109
2024,마라2193,ho_ar_001,8
2024,마라2193,ho_ar_002,8
2024,마라2193,ho_ar_003,508
2024,마라2193,ho_ar_004,1063
2024,마라2193,ho_ar_005,13
2024,마라2193,ho_ar_006,164
2024,마라2193,ho_ar_007,8
2024,마라2193,ho_ar_009,23
2024,마라2193,ho_gb_002,68
2024,마라2193,ho_gb_003,1706
2024,마라2193,ho_gb_005,5
2024,마라2193,ho_gb_006,13
2024,마라2193,ho_yr_001,8
2024,마라2193,ho_yr_002,5
2024,마라2193,ho_yr_003,23
2024,마라2193,ho_yr_004,8
2024,마라2193,ho_yr_015,1490
2024,마라2193,ho_yr_016,5
2024,마라2193,ho_yr_017,233
2024,마라2193,ho_yr_018,8
2024,마라2193,ho_yr_019,5
2024,마라2193,ho_yr_020,5
2024,마라2193,to_ho_001,1780
2024,마라2194,ho_ar_001,0
2024,마라2194,ho_ar_002,8
2024,마라2194,ho_ar_003,64
2024,마라2194,ho_ar_004,1759
2024,마라2194,ho_ar_005,13
2024,마라2194,ho_ar_006,8
2024,마라2194,ho_ar_007,5
2024,마라2194,ho_ar_008,8
2024,마라2194,ho_ar_009,8
2024,마라2194,ho_gb_002,63
2024,마라2194,ho_gb_003,1802
2024,마라2194,ho_gb_005,5
2024,마라2194,ho_gb_006,23
2024,마라2194,ho_yr_001,11
2024,마라2194,ho_yr_002,8
2024,마라2194,ho_yr_003,20
2024,마라2194,ho_yr_004,5
2024,마라2194,ho_yr_005,5
2024,마라2194,ho_yr_010,5
2024,마라2194,ho_yr_012,0
2024,마라2194,ho_yr_015,1808
2024,마라2194,ho_yr_016,8
2024,마라2194,ho_yr_017,5
2024,마라2194,ho_yr_018,5
2024,마라2194,ho_yr_019,5
2024,마라2194,to_ho_001,1869
2024,마라2195,ho_ar_002,13
2024,마라2195,ho_ar_003,13
2024,마라2195,ho_ar_004,18
2024,마라2195,ho_ar_005,13
2024,마라2195,ho_ar_006,5
2024,마라2195,ho_ar_007,8
2024,마라2195,ho_ar_008,8
2024,마라2195,ho_ar_009,5
2024,마라2195,ho_gb_002,65
2024,마라2195,ho_gb_005,8
2024,마라2195,ho_gb_006,28
2024,마라2195,ho_yr_001,18
2024,마라2195,ho_yr_002,8
2024,마라2195,ho_yr_003,28
2024,마라2195,ho_yr_004,8
2024,마라2195,ho_yr_005,5
2024,마라2195,ho_yr_007,5
2024,마라2195,ho_yr_009,8
2024,마라2195,ho_yr_012,0
2024,마라2195,ho_yr_016,0
2024,마라2195,ho_yr_018,0
2024,마라2195,ho_yr_019,0
2024,마라2195,to_ho_001,78
2024,마라2196,ho_ar_003,5
2024,마라2196,ho_ar_004,24
2024,마라2196,ho_ar_005,8
2024,마라2196,ho_ar_006,0
2024,마라2196,ho_ar_007,5
2024,마라2196,ho_gb_001,13
2024,마라2196,ho_gb_002,26
2024,마라2196,ho_yr_001,5
2024,마라2196,ho_yr_002,0
2024,마라2196,ho_yr_003,29
2024,마라2196,ho_yr_004,5
2024,마라2196,ho_yr_007,0
2024,마라2196,ho_yr_008,5
2024,마라2196,ho_yr_011,0
2024,마라2196,ho_yr_014,0
2024,마라2196,to_ho_001,39
2024,마라2198,ho_ar_001,0
2024,마라2198,ho_ar_002,8
2024,마라2198,ho_ar_003,13
2024,마라2198,ho_ar_004,27
2024,마라2198,ho_ar_005,23
2024,마라2198,ho_ar_006,8
2024,마라2198,ho_ar_007,11
2024,마라2198,ho_ar_008,8
2024,마라2198,ho_ar_009,5
2024,마라2198,ho_gb_001,8
2024,마라2198,ho_gb_002,88
2024,마라2198,ho_gb_005,8
2024,마라2198,ho_gb_006,33
2024,마라2198,ho_yr_001,19
2024,마라2198,ho_yr_002,23
2024,마라2198,ho_yr_003,40
2024,마라2198,ho_yr_004,8
2024,마라2198,ho_yr_005,5
2024,마라2198,ho_yr_006,5
2024,마라2198,ho_yr_008,5
2024,마라2198,ho_yr_009,0
2024,마라2198,ho_yr_012,0
2024,마라2198,ho_yr_017,0
2024,마라2198,ho_yr_019,0
2024,마라2198,to_ho_001,101
2024,마라2199,ho_ar_001,5
2024,마라2199,ho_ar_002,5
2024,마라2199,ho_ar_003,8
2024,마라2199,ho_ar_004,18
2024,마라2199,ho_ar_005,8
2024,마라2199,ho_ar_006,5
2024,마라2199,ho_ar_007,5
2024,마라2199,ho_ar_008,5
2024,마라2199,ho_gb_002,49
2024,마라2199,ho_gb_005,8
2024,마라2199,ho_gb_006,23
2024,마라2199,ho_yr_001,18
2024,마라2199,ho_yr_002,15
2024,마라2199,ho_yr_003,18
2024,마라2199,ho_yr_004,5
2024,마라2199,ho_yr_005,0
2024,마라2199,ho_yr_010,0
2024,마라2199,ho_yr_013,0
2024,마라2199,ho_yr_014,0
2024,마라2199,to_ho_001,50
2024,마라2273,ho_ar_002,0
2024,마라2273,ho_ar_003,13
2024,마라2273,ho_ar_004,20
2024,마라2273,ho_ar_005,8
2024,마라2273,ho_ar_006,8
2024,마라2273,ho_ar_008,0
2024,마라2273,ho_gb_002,46
2024,마라2273,ho_gb_006,0
2024,마라2273,ho_yr_001,0
2024,마라2273,ho_yr_002,5
2024,마라2273,ho_yr_003,0
2024,마라2273,ho_yr_004,5
2024,마라2273,ho_yr_005,0
2024,마라2273,ho_yr_006,5
2024,마라2273,ho_yr_007,8
2024,마라2273,ho_yr_008,5
2024,마라2273,ho_yr_009,11
2024,마라2273,ho_yr_010,5
2024,마라2273,ho_yr_011,5
2024,마라2273,ho_yr_016,5
2024,마라2273,ho_yr_017,0
2024,마라2273,ho_yr_018,5
2024,마라2273,ho_yr_019,5
2024,마라2273,to_ho_001,49
2024,마라2274,ho_ar_001,0
2024,마라2274,ho_ar_002,20
2024,마라2274,ho_ar_003,14
2024,마라2274,ho_ar_004,5
2024,마라2274,ho_ar_005,5
2024,마라2274,ho_ar_006,5
2024,마라2274,ho_ar_007,0
2024,마라2274,ho_ar_008,0
2024,마라2274,ho_ar_009,0
2024,마라2274,ho_gb_001,9
2024,마라2274,ho_gb_002,24
2024,마라2274,ho_gb_004,14
2024,마라2274,ho_yr_001,5
2024,마라2274,ho_yr_002,5
2024,마라2274,ho_yr_004,5
2024,마라2274,ho_yr_010,5
2024,마라2274,ho_yr_011,5
2024,마라2274,ho_yr_013,8
2024,마라2274,ho_yr_014,0
2024,마라2274,ho_yr_017,5
2024,마라2274,ho_yr_018,20
2024,마라2274,to_ho_001,46
2024,마라2275,ho_ar_001,8
2024,마라2275,ho_ar_002,50
2024,마라2275,ho_ar_003,60
2024,마라2275,ho_ar_004,42
2024,마라2275,ho_ar_005,13
2024,마라2275,ho_ar_006,5
2024,마라2275,ho_ar_007,8
2024,마라2275,ho_gb_001,17
2024,마라2275,ho_gb_002,168
2024,마라2275,ho_gb_005,0
2024,마라2275,ho_yr_001,39
2024,마라2275,ho_yr_002,26
2024,마라2275,ho_yr_003,18
2024,마라2275,ho_yr_004,13
2024,마라2275,ho_yr_005,18
2024,마라2275,ho_yr_006,5
2024,마라2275,ho_yr_007,5
2024,마라2275,ho_yr_008,5
2024,마라2275,ho_yr_009,5
2024,마라2275,ho_yr_010,8
2024,마라2275,ho_yr_011,8
2024,마라2275,ho_yr_012,8
2024,마라2275,ho_yr_013,17
2024,마라2275,ho_yr_014,8
2024,마라2275,ho_yr_016,0
2024,마라2275,ho_yr_017,5
2024,마라2275,ho_yr_018,5
2024,마라2275,ho_yr_020,5
2024,마라2275,to_ho_001,184
2024,마라2276,ho_ar_001,5
2024,마라2276,ho_ar_002,13
2024,마라2276,ho_ar_003,29
2024,마라2276,ho_ar_004,16
2024,마라2276,ho_ar_005,8
2024,마라2276,ho_ar_006,0
2024,마라2276,ho_ar_007,5
2024,마라2276,ho_gb_002,77
2024,마라2276,ho_gb_006,0
2024,마라2276,ho_yr_001,35
2024,마라2276,ho_yr_002,20
2024,마라2276,ho_yr_003,13
2024,마라2276,ho_yr_004,8
2024,마라2276,ho_yr_006,5
2024,마라2276,ho_yr_008,0
2024,마라2276,ho_yr_009,0
2024,마라2276,ho_yr_012,0
2024,마라2276,ho_yr_013,5
2024,마라2276,ho_yr_017,5
2024,마라2276,ho_yr_020,0
2024,마라2276,to_ho_001,77
2024,마라2277,ho_ar_003,5
2024,마라2277,ho_ar_008,0
2024,마라2277,ho_gb_005,5
2024,마라2277,ho_gb_006,29
2024,마라2277,ho_yr_004,5
2024,마라2277,to_ho_001,5
2024,마라2278,ho_ar_002,0
2024,마라2278,ho_ar_006,0
2024,마라2278,ho_ar_009,0
2024,마라2278,ho_gb_005,5
2024,마라2278,ho_gb_006,88
2024,마라2278,ho_yr_003,5
2024,마라2278,ho_yr_004,5
2024,마라2278,to_ho_001,8
2024,마라2279,ho_ar_001,8
2024,마라2279,ho_ar_002,28
2024,마라2279,ho_ar_003,55
2024,마라2279,ho_ar_004,48
2024,마라2279,ho_ar_005,29
2024,마라2279,ho_ar_006,18
2024,마라2279,ho_ar_007,8
2024,마라2279,ho_ar_008,8
2024,마라2279,ho_ar_009,5
2024,마라2279,ho_gb_002,197
2024,마라2279,ho_gb_005,5
2024,마라2279,ho_gb_006,18
2024,마라2279,ho_yr_001,107
2024,마라2279,ho_yr_002,13
2024,마라2279,ho_yr_003,38
2024,마라2279,ho_yr_004,8
2024,마라2279,ho_yr_005,13
2024,마라2279,ho_yr_006,0
2024,마라2279,ho_yr_007,0
2024,마라2279,ho_yr_008,5
2024,마라2279,ho_yr_009,5
2024,마라2279,ho_yr_010,5
2024,마라2279,ho_yr_011,5
2024,마라2279,ho_yr_012,0
2024,마라2279,ho_yr_015,0
2024,마라2279,to_ho_001,202
2024,마라2280,ho_ar_002,5
2024,마라2280,ho_ar_003,7
2024,마라2280,ho_ar_004,5
2024,마라2280,ho_ar_005,5
2024,마라2280,ho_ar_006,5
2024,마라2280,ho_ar_007,5
2024,마라2280,ho_ar_008,5
2024,마라2280,ho_gb_001,5
2024,마라2280,ho_gb_002,22
2024,마라2280,ho_gb_005,0
2024,마라2280,ho_gb_006,8
2024,마라2280,ho_yr_001,5
2024,마라2280,ho_yr_002,0
2024,마라2280,ho_yr_003,8
2024,마라2280,ho_yr_005,8
2024,마라2280,ho_yr_006,0
2024,마라2280,ho_yr_016,6
2024,마라2280,ho_yr_019,0
2024,마라2280,to_ho_001,24
2024,마라2281,ho_ar_003,0
2024,마라2281,ho_ar_005,0
2024,마라2281,ho_ar_007,0
2024,마라2281,ho_ar_008,0
2024,마라2281,ho_gb_002,5
2024,마라2281,ho_yr_001,0
2024,마라2281,ho_yr_003,0
2024,마라2281,ho_yr_005,5
2024,마라2281,ho_yr_010,0
2024,마라2281,to_ho_001,5
2024,마라2282,ho_gb_006,5
2024,마라2283,ho_gb_006,0
2024,마라2284,ho_ar_003,909
2024,마라2284,ho_ar_004,385
2024,마라2284,ho_gb_003,1294
2024,마라2284,ho_yr_011,285
2024,마라2284,ho_yr_013,1009
2024,마라2284,to_ho_001,1294
2024,마라2287,ho_ar_002,5
2024,마라2287,ho_ar_003,13
2024,마라2287,ho_ar_004,13
2024,마라2287,ho_ar_005,18
2024,마라2287,ho_ar_006,5
2024,마라2287,ho_ar_007,5
2024,마라2287,ho_ar_008,0
2024,마라2287,ho_ar_009,5
2024,마라2287,ho_gb_002,60
2024,마라2287,ho_yr_001,13
2024,마라2287,ho_yr_002,8
2024,마라2287,ho_yr_003,18
2024,마라2287,ho_yr_004,5
2024,마라2287,ho_yr_005,5
2024,마라2287,ho_yr_007,0
2024,마라2287,ho_yr_008,5
2024,마라2287,ho_yr_010,5
2024,마라2287,ho_yr_011,0
2024,마라2287,ho_yr_012,5
2024,마라2287,ho_yr_014,0
2024,마라2287,ho_yr_015,0
2024,마라2287,ho_yr_016,0
2024,마라2287,ho_yr_017,0
2024,마라2287,ho_yr_018,5
2024,마라2287,ho_yr_019,0
2024,마라2287,to_ho_001,58
2024,마라2288,ho_ar_003,0
2024,마라2288,ho_ar_004,5
2024,마라2288,ho_ar_005,0
2024,마라2288,ho_ar_006,5
2024,마라2288,ho_gb_002,5
2024,마라2288,ho_gb_005,0
2024,마라2288,ho_gb_006,5
2024,마라2288,ho_yr_001,0
2024,마라2288,ho_yr_002,0
2024,마라2288,ho_yr_003,0
2024,마라2288,ho_yr_004,5
2024,마라2288,ho_yr_009,5
2024,마라2288,ho_yr_010,0
2024,마라2288,to_ho_001,8
2024,마라2289,ho_ar_001,0
2024,마라2289,ho_ar_002,18
2024,마라2289,ho_ar_003,18
2024,마라2289,ho_ar_004,36
2024,마라2289,ho_ar_005,28
2024,마라2289,ho_ar_006,8
2024,마라2289,ho_ar_007,8
2024,마라2289,ho_ar_008,5
2024,마라2289,ho_ar_009,5
2024,마라2289,ho_gb_002,115
2024,마라2289,ho_gb_005,8
2024,마라2289,ho_gb_006,18
2024,마라2289,ho_yr_001,40
2024,마라2289,ho_yr_002,8
2024,마라2289,ho_yr_003,13
2024,마라2289,ho_yr_004,28
2024,마라2289,ho_yr_005,8
2024,마라2289,ho_yr_006,5
2024,마라2289,ho_yr_007,5
2024,마라2289,ho_yr_008,8
2024,마라2289,ho_yr_009,5
2024,마라2289,ho_yr_010,0
2024,마라2289,ho_yr_011,5
2024,마라2289,ho_yr_012,5
2024,마라2289,ho_yr_013,0
2024,마라2289,ho_yr_014,0
2024,마라2289,ho_yr_016,0
2024,마라2289,ho_yr_017,0
2024,마라2289,ho_yr_018,0
2024,마라2289,to_ho_001,120
2024,마라2290,ho_ar_001,8
2024,마라2290,ho_ar_002,33
2024,마라2290,ho_ar_003,28
2024,마라2290,ho_ar_004,55
2024,마라2290,ho_ar_005,28
2024,마라2290,ho_ar_006,18
2024,마라2290,ho_ar_007,18
2024,마라2290,ho_ar_008,8
2024,마라2290,ho_ar_009,5
2024,마라2290,ho_gb_002,173
2024,마라2290,ho_gb_003,17
2024,마라2290,ho_gb_005,8
2024,마라2290,ho_gb_006,8
2024,마라2290,ho_yr_001,67
2024,마라2290,ho_yr_002,5
2024,마라2290,ho_yr_003,43
2024,마라2290,ho_yr_004,35
2024,마라2290,ho_yr_005,13
2024,마라2290,ho_yr_006,0
2024,마라2290,ho_yr_007,8
2024,마라2290,ho_yr_008,5
2024,마라2290,ho_yr_009,5
2024,마라2290,ho_yr_010,0
2024,마라2290,ho_yr_011,8
2024,마라2290,ho_yr_012,5
2024,마라2290,ho_yr_013,8
2024,마라2290,ho_yr_015,8
2024,마라2290,ho_yr_016,5
2024,마라2290,ho_yr_017,0
2024,마라2290,ho_yr_018,0
2024,마라2290,ho_yr_020,0
2024,마라2290,to_ho_001,199
2024,마라2291,ho_ar_002,13
2024,마라2291,ho_ar_003,18
2024,마라2291,ho_ar_004,49
2024,마라2291,ho_ar_005,13
2024,마라2291,ho_ar_006,18
2024,마라2291,ho_ar_007,13
2024,마라2291,ho_ar_008,5
2024,마라2291,ho_ar_009,8
2024,마라2291,ho_gb_001,20
2024,마라2291,ho_gb_002,103
2024,마라2291,ho_gb_005,13
2024,마라2291,ho_gb_006,18
2024,마라2291,ho_yr_001,23
2024,마라2291,ho_yr_002,5
2024,마라2291,ho_yr_003,27
2024,마라2291,ho_yr_004,47
2024,마라2291,ho_yr_005,5
2024,마라2291,ho_yr_006,0
2024,마라2291,ho_yr_007,5
2024,마라2291,ho_yr_008,5
2024,마라2291,ho_yr_009,5
2024,마라2291,ho_yr_010,5
2024,마라2291,ho_yr_011,5
2024,마라2291,ho_yr_012,0
2024,마라2291,ho_yr_014,5
2024,마라2291,ho_yr_016,5
2024,마라2291,ho_yr_017,5
2024,마라2291,ho_yr_018,0
2024,마라2291,to_ho_001,131
2024,마라2292,ho_ar_002,5
2024,마라2292,ho_ar_003,5
2024,마라2292,ho_ar_004,121
2024,마라2292,ho_ar_005,38
2024,마라2292,ho_ar_006,8
2024,마라2292,ho_ar_007,8
2024,마라2292,ho_ar_008,8
2024,마라2292,ho_ar_009,18
2024,마라2292,ho_gb_001,21
2024,마라2292,ho_gb_002,44
2024,마라2292,ho_gb_003,127
2024,마라2292,ho_gb_005,8
2024,마라2292,ho_gb_006,18
2024,마라2292,ho_yr_001,5
2024,마라2292,ho_yr_002,0
2024,마라2292,ho_yr_003,22
2024,마라2292,ho_yr_004,45
2024,마라2292,ho_yr_005,0
2024,마라2292,ho_yr_007,0
2024,마라2292,ho_yr_008,38
2024,마라2292,ho_yr_009,5
2024,마라2292,ho_yr_010,42
2024,마라2292,ho_yr_011,27
2024,마라2292,ho_yr_012,8
2024,마라2292,ho_yr_013,5
2024,마라2292,ho_yr_015,5
2024,마라2292,ho_yr_016,5
2024,마라2292,ho_yr_017,5
2024,마라2292,ho_yr_018,8
2024,마라2292,ho_yr_019,0
2024,마라2292,ho_yr_020,5
2024,마라2292,to_ho_001,201
2024,마라2293,ho_ar_003,1245
2024,마라2293,ho_ar_004,2937
2024,마라2293,ho_ar_005,219
2024,마라2293,ho_ar_006,204
2024,마라2293,ho_ar_007,5
2024,마라2293,ho_ar_008,16
2024,마라2293,ho_ar_009,38
2024,마라2293,ho_gb_001,5
2024,마라2293,ho_gb_002,74
2024,마라2293,ho_gb_003,4585
2024,마라2293,ho_gb_005,5
2024,마라2293,ho_gb_006,13
2024,마라2293,ho_yr_002,8
2024,마라2293,ho_yr_003,1640
2024,마라2293,ho_yr_004,24
2024,마라2293,ho_yr_009,216
2024,마라2293,ho_yr_013,0
2024,마라2293,ho_yr_014,1428
2024,마라2293,ho_yr_015,948
2024,마라2293,ho_yr_016,108
2024,마라2293,ho_yr_017,8
2024,마라2293,ho_yr_018,13
2024,마라2293,ho_yr_019,278
2024,마라2293,ho_yr_020,8
2024,마라2293,to_ho_001,4666
2024,마라2294,ho_ar_003,275
2024,마라2294,ho_ar_004,816
2024,마라2294,ho_ar_005,5
2024,마라2294,ho_ar_006,5
2024,마라2294,ho_ar_007,5
2024,마라2294,ho_ar_008,5
2024,마라2294,ho_ar_009,8
2024,마라2294,ho_gb_002,33
2024,마라2294,ho_gb_003,1075
2024,마라2294,ho_gb_005,0
2024,마라2294,ho_gb_006,5
2024,마라2294,ho_yr_001,8
2024,마라2294,ho_yr_002,272
2024,마라2294,ho_yr_003,8
2024,마라2294,ho_yr_004,0
2024,마라2294,ho_yr_005,5
2024,마라2294,ho_yr_015,813
2024,마라2294,ho_yr_016,5
2024,마라2294,ho_yr_017,5
2024,마라2294,ho_yr_018,8
2024,마라2294,ho_yr_020,0
2024,마라2294,to_ho_001,1113
2024,마라2295,ho_ar_002,5
2024,마라2295,ho_ar_003,0
2024,마라2295,ho_ar_004,0
2024,마라2295,ho_ar_005,5
2024,마라2295,ho_ar_006,0
2024,마라2295,ho_ar_008,5
2024,마라2295,ho_gb_002,8
2024,마라2295,ho_gb_005,5
2024,마라2295,ho_gb_006,8
2024,마라2295,ho_yr_001,5
2024,마라2295,ho_yr_002,0
2024,마라2295,ho_yr_003,5
2024,마라2295,ho_yr_004,5
2024,마라2295,to_ho_001,8
2024,마라2296,ho_ar_001,0
2024,마라2296,ho_ar_003,0
2024,마라2296,ho_ar_004,8
2024,마라2296,ho_ar_005,5
2024,마라2296,ho_ar_006,5
2024,마라2296,ho_ar_008,0
2024,마라2296,ho_gb_002,18
2024,마라2296,ho_gb_005,0
2024,마라2296,ho_gb_006,8
2024,마라2296,ho_yr_001,0
2024,마라2296,ho_yr_002,5
2024,마라2296,ho_yr_003,13
2024,마라2296,ho_yr_011,0
2024,마라2296,ho_yr_017,0
2024,마라2296,to_ho_001,18
2024,마라2297,ho_gb_006,5
2024,마라2298,ho_ar_002,0
2024,마라2298,ho_ar_003,0
2024,마라2298,ho_ar_004,8
2024,마라2298,ho_ar_005,5
2024,마라2298,ho_ar_006,5
2024,마라2298,ho_ar_008,0
2024,마라2298,ho_gb_002,17
2024,마라2298,ho_gb_005,0
2024,마라2298,ho_gb_006,23
2024,마라2298,ho_yr_001,5
2024,마라2298,ho_yr_002,5
2024,마라2298,ho_yr_003,13
2024,마라2298,ho_yr_008,0
2024,마라2298,ho_yr_013,5
2024,마라2298,to_ho_001,16
2024,마라2299,ho_ar_002,0
2024,마라2299,ho_ar_004,0
2024,마라2299,ho_ar_005,5
2024,마라2299,ho_ar_006,0
2024,마라2299,ho_gb_002,5
2024,마라2299,ho_gb_006,13
2024,마라2299,ho_yr_001,0
2024,마라2299,ho_yr_005,0
2024,마라2299,ho_yr_006,5
2024,마라2299,to_ho_001,5
2024,마라2372,ho_ar_003,5
2024,마라2372,ho_gb_002,0
2024,마라2372,ho_yr_001,0
2024,마라2372,to_ho_001,0
2024,마라2375,ho_ar_001,5
2024,마라2375,ho_ar_002,8
2024,마라2375,ho_ar_003,19
2024,마라2375,ho_ar_004,13
2024,마라2375,ho_ar_005,5
2024,마라2375,ho_ar_007,5
2024,마라2375,ho_gb_002,42
2024,마라2375,ho_yr_001,8
2024,마라2375,ho_yr_002,14
2024,마라2375,ho_yr_003,13
2024,마라2375,ho_yr_004,0
2024,마라2375,ho_yr_005,5
2024,마라2375,ho_yr_009,0
2024,마라2375,ho_yr_011,0
2024,마라2375,ho_yr_017,0
2024,마라2375,to_ho_001,44
2024,마라2377,ho_ar_003,5
2024,마라2377,ho_ar_006,5
2024,마라2377,ho_ar_009,0
2024,마라2377,ho_gb_005,8
2024,마라2377,ho_gb_006,560
2024,마라2377,ho_yr_004,5
2024,마라2377,ho_yr_005,0
2024,마라2377,to_ho_001,5
2024,마라2378,ho_ar_002,0
2024,마라2378,ho_ar_005,5
2024,마라2378,ho_ar_006,5
2024,마라2378,ho_gb_005,5
2024,마라2378,ho_gb_006,43
2024,마라2378,ho_yr_003,5
2024,마라2378,ho_yr_004,0
2024,마라2378,to_ho_001,5
2024,마라2379,ho_ar_004,5
2024,마라2379,ho_gb_005,5
2024,마라2379,ho_gb_006,13
2024,마라2379,ho_yr_004,5
2024,마라2379,to_ho_001,5
2024,마라2380,ho_ar_002,8
2024,마라2380,ho_ar_003,8
2024,마라2380,ho_ar_004,5
2024,마라2380,ho_ar_005,5
2024,마라2380,ho_ar_006,5
2024,마라2380,ho_ar_008,0
2024,마라2380,ho_gb_002,24
2024,마라2380,ho_gb_005,0
2024,마라2380,ho_gb_006,5
2024,마라2380,ho_yr_001,18
2024,마라2380,ho_yr_002,0
2024,마라2380,ho_yr_003,5
2024,마라2380,ho_yr_004,5
2024,마라2380,ho_yr_006,0
2024,마라2380,to_ho_001,23
2024,마라2381,ho_gb_006,0
2024,마라2382,ho_ar_005,0
2024,마라2382,ho_ar_006,5
2024,마라2382,ho_ar_009,5
2024,마라2382,ho_gb_002,8
2024,마라2382,ho_gb_005,0
2024,마라2382,ho_gb_006,18
2024,마라2382,ho_yr_011,5
2024,마라2382,ho_yr_012,5
2024,마라2382,ho_yr_016,5
2024,마라2382,ho_yr_018,5
2024,마라2382,ho_yr_019,0
2024,마라2382,to_ho_001,8
2024,마라2383,ho_gb_006,18
2024,마라2384,ho_gb_006,13
2024,마라2385,ho_gb_006,43
2024,마라2386,ho_gb_006,0
2024,마라2387,ho_ar_002,0
2024,마라2387,ho_ar_003,5
2024,마라2387,ho_ar_004,5
2024,마라2387,ho_ar_007,0
2024,마라2387,ho_gb_002,8
2024,마라2387,ho_yr_001,0
2024,마라2387,ho_yr_002,5
2024,마라2387,ho_yr_003,0
2024,마라2387,ho_yr_004,5
2024,마라2387,to_ho_001,8
2024,마라2388,ho_ar_002,5
2024,마라2388,ho_ar_003,8
2024,마라2388,ho_ar_004,13
2024,마라2388,ho_ar_005,5
2024,마라2388,ho_ar_006,5
2024,마라2388,ho_ar_007,5
2024,마라2388,ho_gb_002,28
2024,마라2388,ho_gb_005,0
2024,마라2388,ho_gb_006,5
2024,마라2388,ho_yr_001,8
2024,마라2388,ho_yr_002,5
2024,마라2388,ho_yr_003,5
2024,마라2388,ho_yr_004,5
2024,마라2388,ho_yr_005,0
2024,마라2388,ho_yr_006,0
2024,마라2388,ho_yr_010,0
2024,마라2388,ho_yr_011,5
2024,마라2388,ho_yr_012,5
2024,마라2388,ho_yr_013,0
2024,마라2388,ho_yr_016,0
2024,마라2388,to_ho_001,28
2024,마라2389,ho_ar_002,5
2024,마라2389,ho_ar_003,8
2024,마라2389,ho_ar_004,13
2024,마라2389,ho_ar_005,8
2024,마라2389,ho_ar_006,8
2024,마라2389,ho_ar_007,5
2024,마라2389,ho_gb_002,33
2024,마라2389,ho_gb_005,0
2024,마라2389,ho_gb_006,8
2024,마라2389,ho_yr_001,15
2024,마라2389,ho_yr_002,0
2024,마라2389,ho_yr_003,8
2024,마라2389,ho_yr_004,5
2024,마라2389,ho_yr_005,5
2024,마라2389,ho_yr_006,5
2024,마라2389,ho_yr_010,0
2024,마라2389,ho_yr_012,0
2024,마라2389,to_ho_001,35
2024,마라2390,ho_ar_003,5
2024,마라2390,ho_ar_004,5
2024,마라2390,ho_ar_005,5
2024,마라2390,ho_ar_006,5
2024,마라2390,ho_ar_007,0
2024,마라2390,ho_ar_008,0
2024,마라2390,ho_ar_009,0
2024,마라2390,ho_gb_002,19
2024,마라2390,ho_gb_005,5
2024,마라2390,ho_gb_006,8
2024,마라2390,ho_yr_001,5
2024,마라2390,ho_yr_003,5
2024,마라2390,ho_yr_004,8
2024,마라2390,ho_yr_006,0
2024,마라2390,ho_yr_007,0
2024,마라2390,ho_yr_009,0
2024,마라2390,ho_yr_013,5
2024,마라2390,ho_yr_017,0
2024,마라2390,to_ho_001,18
2024,마라2391,ho_ar_001,0
2024,마라2391,ho_ar_002,0
2024,마라2391,ho_ar_003,5
2024,마라2391,ho_ar_004,8
2024,마라2391,ho_ar_005,8
2024,마라2391,ho_ar_006,8
2024,마라2391,ho_ar_007,5
2024,마라2391,ho_ar_009,8
2024,마라2391,ho_gb_002,24
2024,마라2391,ho_gb_005,5
2024,마라2391,ho_gb_006,8
2024,마라2391,ho_yr_001,5
2024,마라2391,ho_yr_002,0
2024,마라2391,ho_yr_003,8
2024,마라2391,ho_yr_004,8
2024,마라2391,ho_yr_005,0
2024,마라2391,ho_yr_006,0
2024,마라2391,ho_yr_007,0
2024,마라2391,ho_yr_008,0
2024,마라2391,ho_yr_010,0
2024,마라2391,ho_yr_012,0
2024,마라2391,ho_yr_013,5
2024,마라2391,ho_yr_014,0
2024,마라2391,ho_yr_015,5
2024,마라2391,to_ho_001,33
2024,마라2392,ho_ar_002,13
2024,마라2392,ho_ar_003,18
2024,마라2392,ho_ar_004,555
2024,마라2392,ho_ar_005,18
2024,마라2392,ho_ar_006,56
2024,마라2392,ho_ar_007,23
2024,마라2392,ho_ar_008,18
2024,마라2392,ho_ar_009,33
2024,마라2392,ho_gb_001,277
2024,마라2392,ho_gb_002,162
2024,마라2392,ho_gb_003,277
2024,마라2392,ho_gb_004,8
2024,마라2392,ho_gb_005,13
2024,마라2392,ho_gb_006,28
2024,마라2392,ho_yr_001,41
2024,마라2392,ho_yr_002,5
2024,마라2392,ho_yr_003,252
2024,마라2392,ho_yr_004,290
2024,마라2392,ho_yr_005,25
2024,마라2392,ho_yr_006,14
2024,마라2392,ho_yr_007,5
2024,마라2392,ho_yr_008,38
2024,마라2392,ho_yr_009,21
2024,마라2392,ho_yr_010,5
2024,마라2392,ho_yr_011,5
2024,마라2392,ho_yr_012,8
2024,마라2392,ho_yr_013,13
2024,마라2392,ho_yr_014,13
2024,마라2392,ho_yr_015,5
2024,마라2392,ho_yr_016,8
2024,마라2392,ho_yr_017,0
2024,마라2392,ho_yr_018,0
2024,마라2392,ho_yr_019,5
2024,마라2392,to_ho_001,739
2024,마라2393,ho_ar_002,112
2024,마라2393,ho_ar_003,1363
2024,마라2393,ho_ar_004,1283
2024,마라2393,ho_ar_005,13
2024,마라2393,ho_ar_006,132
2024,마라2393,ho_ar_007,55
2024,마라2393,ho_ar_008,130
2024,마라2393,ho_ar_009,266
2024,마라2393,ho_gb_001,19
2024,마라2393,ho_gb_002,442
2024,마라2393,ho_gb_003,2882
2024,마라2393,ho_gb_005,13
2024,마라2393,ho_gb_006,13
2024,마라2393,ho_yr_002,12
2024,마라2393,ho_yr_003,2158
2024,마라2393,ho_yr_004,480
2024,마라2393,ho_yr_005,348
2024,마라2393,ho_yr_006,23
2024,마라2393,ho_yr_007,32
2024,마라2393,ho_yr_008,18
2024,마라2393,ho_yr_009,8
2024,마라2393,ho_yr_010,8
2024,마라2393,ho_yr_011,8
2024,마라2393,ho_yr_012,5
2024,마라2393,ho_yr_013,8
2024,마라2393,ho_yr_014,5
2024,마라2393,ho_yr_016,260
2024,마라2393,to_ho_001,3356
2024,마라2394,ho_ar_002,13
2024,마라2394,ho_ar_003,888
2024,마라2394,ho_ar_004,410
2024,마라2394,ho_ar_005,197
2024,마라2394,ho_ar_006,121
2024,마라2394,ho_ar_007,141
2024,마라2394,ho_ar_008,421
2024,마라2394,ho_ar_009,637
2024,마라2394,ho_gb_001,262
2024,마라2394,ho_gb_002,1268
2024,마라2394,ho_gb_003,1271
2024,마라2394,ho_gb_004,17
2024,마라2394,ho_gb_005,8
2024,마라2394,ho_gb_006,23
2024,마라2394,ho_yr_001,5
2024,마라2394,ho_yr_002,287
2024,마라2394,ho_yr_003,2042
2024,마라2394,ho_yr_004,198
2024,마라2394,ho_yr_005,98
2024,마라2394,ho_yr_006,18
2024,마라2394,ho_yr_007,18
2024,마라2394,ho_yr_008,28
2024,마라2394,ho_yr_009,8
2024,마라2394,ho_yr_010,23
2024,마라2394,ho_yr_011,23
2024,마라2394,ho_yr_012,23
2024,마라2394,ho_yr_013,33
2024,마라2394,ho_yr_014,18
2024,마라2394,ho_yr_015,5
2024,마라2394,ho_yr_016,5
2024,마라2394,ho_yr_017,5
2024,마라2394,ho_yr_018,0
2024,마라2394,ho_yr_020,5
2024,마라2394,to_ho_001,2826
2024,마라2395,ho_ar_001,0
2024,마라2395,ho_ar_002,8
2024,마라2395,ho_ar_003,82
2024,마라2395,ho_ar_004,74
2024,마라2395,ho_ar_005,5
2024,마라2395,ho_ar_006,8
2024,마라2395,ho_ar_007,13
2024,마라2395,ho_ar_008,46
2024,마라2395,ho_ar_009,59
2024,마라2395,ho_gb_001,156
2024,마라2395,ho_gb_002,129
2024,마라2395,ho_gb_005,8
2024,마라2395,ho_gb_006,5
2024,마라2395,ho_yr_002,8
2024,마라2395,ho_yr_003,244
2024,마라2395,ho_yr_004,8
2024,마라2395,ho_yr_005,5
2024,마라2395,ho_yr_006,0
2024,마라2395,ho_yr_007,5
2024,마라2395,ho_yr_008,5
2024,마라2395,ho_yr_009,0
2024,마라2395,ho_yr_010,5
2024,마라2395,ho_yr_012,5
2024,마라2395,ho_yr_013,8
2024,마라2395,ho_yr_014,5
2024,마라2395,ho_yr_016,5
2024,마라2395,ho_yr_017,0
2024,마라2395,ho_yr_018,0
2024,마라2395,ho_yr_019,0
2024,마라2395,ho_yr_020,0
2024,마라2395,to_ho_001,287
2024,마라2396,ho_ar_003,257
2024,마라2396,ho_gb_003,257
2024,마라2396,ho_gb_006,5
2024,마라2396,ho_yr_004,257
2024,마라2396,to_ho_001,257
2024,마라2397,ho_ar_002,5
2024,마라2397,ho_ar_003,488
2024,마라2397,ho_ar_004,786
2024,마라2397,ho_ar_005,8
2024,마라2397,ho_ar_006,183
2024,마라2397,ho_ar_007,0
2024,마라2397,ho_ar_009,5
2024,마라2397,ho_gb_002,23
2024,마라2397,ho_gb_003,1442
2024,마라2397,ho_gb_005,5
2024,마라2397,ho_gb_006,8
2024,마라2397,ho_yr_001,8
2024,마라2397,ho_yr_002,5
2024,마라2397,ho_yr_003,407
2024,마라2397,ho_yr_004,147
2024,마라2397,ho_yr_005,507
2024,마라2397,ho_yr_006,5
2024,마라2397,ho_yr_007,5
2024,마라2397,ho_yr_008,0
2024,마라2397,ho_yr_009,0
2024,마라2397,ho_yr_016,392
2024,마라2397,to_ho_001,1466
2024,마라2398,ho_ar_002,5
2024,마라2398,ho_ar_003,235
2024,마라2398,ho_ar_004,1322
2024,마라2398,ho_ar_005,5
2024,마라2398,ho_ar_006,5
2024,마라2398,ho_ar_007,5
2024,마라2398,ho_ar_008,0
2024,마라2398,ho_gb_002,31
2024,마라2398,ho_gb_003,1542
2024,마라2398,ho_gb_005,0
2024,마라2398,ho_gb_006,18
2024,마라2398,ho_yr_001,14
2024,마라2398,ho_yr_002,8
2024,마라2398,ho_yr_003,5
2024,마라2398,ho_yr_004,5
2024,마라2398,ho_yr_005,918
2024,마라2398,ho_yr_009,5
2024,마라2398,ho_yr_013,0
2024,마라2398,ho_yr_019,629
2024,마라2398,to_ho_001,1576
2024,마라2477,ho_gb_006,13
2024,마라2478,ho_ar_002,0
2024,마라2478,ho_gb_005,0
2024,마라2478,ho_gb_006,33
2024,마라2478,ho_yr_004,5
2024,마라2478,to_ho_001,5
2024,마라2479,ho_ar_001,0
2024,마라2479,ho_ar_002,11
2024,마라2479,ho_ar_003,8
2024,마라2479,ho_ar_004,8
2024,마라2479,ho_ar_005,5
2024,마라2479,ho_ar_007,0
2024,마라2479,ho_gb_002,25
2024,마라2479,ho_gb_005,5
2024,마라2479,ho_gb_006,5
2024,마라2479,ho_yr_001,22
2024,마라2479,ho_yr_002,5
2024,마라2479,ho_yr_003,0
2024,마라2479,ho_yr_004,0
2024,마라2479,ho_yr_010,0
2024,마라2479,ho_yr_011,0
2024,마라2479,ho_yr_018,0
2024,마라2479,to_ho_001,30
2024,마라2480,ho_ar_003,8
2024,마라2480,ho_ar_004,19
2024,마라2480,ho_ar_005,13
2024,마라2480,ho_ar_006,5
2024,마라2480,ho_ar_007,5
2024,마라2480,ho_ar_008,8
2024,마라2480,ho_ar_009,5
2024,마라2480,ho_gb_002,53
2024,마라2480,ho_gb_005,5
2024,마라2480,ho_gb_006,5
2024,마라2480,ho_yr_001,18
2024,마라2480,ho_yr_002,5
2024,마라2480,ho_yr_003,13
2024,마라2480,ho_yr_004,5
2024,마라2480,ho_yr_005,5
2024,마라2480,ho_yr_006,0
2024,마라2480,ho_yr_007,5
2024,마라2480,ho_yr_008,5
2024,마라2480,ho_yr_009,0
2024,마라2480,ho_yr_010,0
2024,마라2480,ho_yr_011,8
2024,마라2480,ho_yr_012,0
2024,마라2480,ho_yr_014,0
2024,마라2480,ho_yr_019,0
2024,마라2480,ho_yr_020,0
2024,마라2480,to_ho_001,53
2024,마라2482,ho_ar_002,5
2024,마라2482,ho_ar_003,5
2024,마라2482,ho_ar_004,5
2024,마라2482,ho_ar_005,0
2024,마라2482,ho_ar_006,5
2024,마라2482,ho_ar_007,5
2024,마라2482,ho_ar_008,0
2024,마라2482,ho_ar_009,0
2024,마라2482,ho_gb_002,17
2024,마라2482,ho_gb_005,5
2024,마라2482,ho_yr_001,8
2024,마라2482,ho_yr_002,0
2024,마라2482,ho_yr_003,8
2024,마라2482,ho_yr_004,5
2024,마라2482,ho_yr_011,0
2024,마라2482,to_ho_001,18
2024,마라2483,ho_ar_008,0
2024,마라2483,ho_ar_009,5
2024,마라2483,ho_gb_002,0
2024,마라2483,ho_gb_006,13
2024,마라2483,ho_yr_003,5
2024,마라2483,ho_yr_011,0
2024,마라2483,to_ho_001,5
2024,마라2484,ho_gb_006,18
2024,마라2485,ho_gb_006,13
2024,마라2487,ho_ar_002,5
2024,마라2487,ho_ar_003,12
2024,마라2487,ho_ar_004,8
2024,마라2487,ho_ar_005,8
2024,마라2487,ho_ar_006,8
2024,마라2487,ho_gb_002,31
2024,마라2487,ho_gb_006,8
2024,마라2487,ho_yr_001,8
2024,마라2487,ho_yr_002,15
2024,마라2487,ho_yr_003,8
2024,마라2487,ho_yr_004,5
2024,마라2487,ho_yr_007,0
2024,마라2487,to_ho_001,28
2024,마라2488,ho_ar_002,5
2024,마라2488,ho_ar_003,8
2024,마라2488,ho_ar_004,8
2024,마라2488,ho_ar_005,8
2024,마라2488,ho_ar_006,8
2024,마라2488,ho_ar_007,8
2024,마라2488,ho_ar_008,5
2024,마라2488,ho_ar_009,5
2024,마라2488,ho_gb_002,35
2024,마라2488,ho_gb_006,8
2024,마라2488,ho_yr_001,13
2024,마라2488,ho_yr_003,8
2024,마라2488,ho_yr_004,5
2024,마라2488,ho_yr_005,5
2024,마라2488,ho_yr_008,5
2024,마라2488,ho_yr_011,0
2024,마라2488,ho_yr_012,5
2024,마라2488,ho_yr_013,0
2024,마라2488,ho_yr_014,0
2024,마라2488,to_ho_001,38
2024,마라2489,ho_ar_001,0
2024,마라2489,ho_ar_002,5
2024,마라2489,ho_ar_003,5
2024,마라2489,ho_ar_004,8
2024,마라2489,ho_ar_005,5
2024,마라2489,ho_ar_006,5
2024,마라2489,ho_ar_007,0
2024,마라2489,ho_ar_008,0
2024,마라2489,ho_gb_002,28
2024,마라2489,ho_gb_006,8
2024,마라2489,ho_yr_001,8
2024,마라2489,ho_yr_002,5
2024,마라2489,ho_yr_003,8
2024,마라2489,ho_yr_004,5
2024,마라2489,ho_yr_005,0
2024,마라2489,ho_yr_008,5
2024,마라2489,ho_yr_010,0
2024,마라2489,ho_yr_013,0
2024,마라2489,to_ho_001,28
2024,마라2490,ho_ar_002,5
2024,마라2490,ho_ar_003,18
2024,마라2490,ho_ar_004,13
2024,마라2490,ho_ar_005,8
2024,마라2490,ho_ar_006,8
2024,마라2490,ho_ar_007,8
2024,마라2490,ho_gb_002,55
2024,마라2490,ho_gb_006,5
2024,마라2490,ho_yr_001,28
2024,마라2490,ho_yr_002,5
2024,마라2490,ho_yr_003,13
2024,마라2490,ho_yr_004,8
2024,마라2490,ho_yr_005,0
2024,마라2490,ho_yr_006,0
2024,마라2490,ho_yr_007,5
2024,마라2490,ho_yr_011,0
2024,마라2490,ho_yr_013,0
2024,마라2490,ho_yr_014,0
2024,마라2490,ho_yr_015,0
2024,마라2490,to_ho_001,58
2024,마라2491,ho_ar_002,5
2024,마라2491,ho_ar_003,5
2024,마라2491,ho_ar_004,5
2024,마라2491,ho_ar_005,8
2024,마라2491,ho_ar_006,8
2024,마라2491,ho_ar_007,5
2024,마라2491,ho_ar_008,0
2024,마라2491,ho_ar_009,5
2024,마라2491,ho_gb_002,24
2024,마라2491,ho_yr_001,8
2024,마라2491,ho_yr_002,0
2024,마라2491,ho_yr_003,5
2024,마라2491,ho_yr_004,5
2024,마라2491,ho_yr_005,5
2024,마라2491,ho_yr_006,0
2024,마라2491,ho_yr_007,5
2024,마라2491,ho_yr_008,0
2024,마라2491,ho_yr_011,5
2024,마라2491,ho_yr_017,0
2024,마라2491,to_ho_001,28
2024,마라2492,ho_ar_002,39
2024,마라2492,ho_ar_003,23
2024,마라2492,ho_ar_004,474
2024,마라2492,ho_ar_005,47
2024,마라2492,ho_ar_006,122
2024,마라2492,ho_ar_007,18
2024,마라2492,ho_ar_008,23
2024,마라2492,ho_ar_009,80
2024,마라2492,ho_gb_001,151
2024,마라2492,ho_gb_002,221
2024,마라2492,ho_gb_003,427
2024,마라2492,ho_gb_004,15
2024,마라2492,ho_gb_005,13
2024,마라2492,ho_gb_006,28
2024,마라2492,ho_yr_001,44
2024,마라2492,ho_yr_002,8
2024,마라2492,ho_yr_003,285
2024,마라2492,ho_yr_004,281
2024,마라2492,ho_yr_005,36
2024,마라2492,ho_yr_006,26
2024,마라2492,ho_yr_007,22
2024,마라2492,ho_yr_008,18
2024,마라2492,ho_yr_009,5
2024,마라2492,ho_yr_010,22
2024,마라2492,ho_yr_011,8
2024,마라2492,ho_yr_012,20
2024,마라2492,ho_yr_013,13
2024,마라2492,ho_yr_014,5
2024,마라2492,ho_yr_015,29
2024,마라2492,ho_yr_016,5
2024,마라2492,ho_yr_018,0
2024,마라2492,ho_yr_020,0
2024,마라2492,to_ho_001,827
2024,마라2493,ho_ar_001,27
2024,마라2493,ho_ar_002,608
2024,마라2493,ho_ar_003,5056
2024,마라2493,ho_ar_004,702
2024,마라2493,ho_ar_005,8
2024,마라2493,ho_ar_006,8
2024,마라2493,ho_ar_007,13
2024,마라2493,ho_ar_008,11
2024,마라2493,ho_ar_009,47
2024,마라2493,ho_gb_001,303
2024,마라2493,ho_gb_002,113
2024,마라2493,ho_gb_003,6032
2024,마라2493,ho_gb_004,32
2024,마라2493,ho_gb_005,8
2024,마라2493,ho_gb_006,296
2024,마라2493,ho_yr_001,13
2024,마라2493,ho_yr_002,18
2024,마라2493,ho_yr_003,5788
2024,마라2493,ho_yr_004,40
2024,마라2493,ho_yr_005,189
2024,마라2493,ho_yr_006,25
2024,마라2493,ho_yr_007,22
2024,마라2493,ho_yr_008,56
2024,마라2493,ho_yr_009,28
2024,마라2493,ho_yr_010,91
2024,마라2493,ho_yr_011,57
2024,마라2493,ho_yr_012,51
2024,마라2493,ho_yr_013,36
2024,마라2493,ho_yr_014,51
2024,마라2493,ho_yr_015,28
2024,마라2493,ho_yr_018,8
2024,마라2493,ho_yr_019,8
2024,마라2493,to_ho_001,6487
2024,마라2494,ho_ar_002,69
2024,마라2494,ho_ar_003,1783
2024,마라2494,ho_ar_004,1909
2024,마라2494,ho_ar_005,927
2024,마라2494,ho_ar_006,528
2024,마라2494,ho_ar_007,275
2024,마라2494,ho_ar_008,89
2024,마라2494,ho_ar_009,133
2024,마라2494,ho_gb_002,251
2024,마라2494,ho_gb_003,5458
2024,마라2494,ho_gb_005,0
2024,마라2494,ho_gb_006,731
2024,마라2494,ho_yr_002,167
2024,마라2494,ho_yr_003,5411
2024,마라2494,ho_yr_004,57
2024,마라2494,ho_yr_005,32
2024,마라2494,ho_yr_006,8
2024,마라2494,ho_yr_007,8
2024,마라2494,ho_yr_008,8
2024,마라2494,ho_yr_009,0
2024,마라2494,ho_yr_010,5
2024,마라2494,ho_yr_011,5
2024,마라2494,ho_yr_012,8
2024,마라2494,ho_yr_013,5
2024,마라2494,ho_yr_014,0
2024,마라2494,ho_yr_016,5
2024,마라2494,to_ho_001,5709
2024,마라2495,ho_ar_002,13
2024,마라2495,ho_ar_003,2123
2024,마라2495,ho_ar_004,1438
2024,마라2495,ho_ar_005,20
2024,마라2495,ho_ar_006,420
2024,마라2495,ho_ar_007,78
2024,마라2495,ho_ar_008,210
2024,마라2495,ho_ar_009,276
2024,마라2495,ho_gb_001,99
2024,마라2495,ho_gb_002,640
2024,마라2495,ho_gb_003,3808
2024,마라2495,ho_gb_004,15
2024,마라2495,ho_gb_005,18
2024,마라2495,ho_gb_006,19
2024,마라2495,ho_yr_001,0
2024,마라2495,ho_yr_002,37
2024,마라2495,ho_yr_003,2225
2024,마라2495,ho_yr_004,434
2024,마라2495,ho_yr_005,33
2024,마라2495,ho_yr_006,13
2024,마라2495,ho_yr_007,23
2024,마라2495,ho_yr_008,18
2024,마라2495,ho_yr_009,883
2024,마라2495,ho_yr_010,8
2024,마라2495,ho_yr_011,18
2024,마라2495,ho_yr_012,18
2024,마라2495,ho_yr_013,23
2024,마라2495,ho_yr_014,26
2024,마라2495,ho_yr_015,5
2024,마라2495,ho_yr_016,0
2024,마라2495,ho_yr_017,5
2024,마라2495,ho_yr_018,816
2024,마라2495,ho_yr_020,5
2024,마라2495,to_ho_001,4579
2024,마라2496,ho_ar_002,5
2024,마라2496,ho_ar_003,3515
2024,마라2496,ho_ar_004,2217
2024,마라2496,ho_ar_005,148
2024,마라2496,ho_ar_006,815
2024,마라2496,ho_ar_007,381
2024,마라2496,ho_ar_008,18
2024,마라2496,ho_ar_009,117
2024,마라2496,ho_gb_001,8
2024,마라2496,ho_gb_002,169
2024,마라2496,ho_gb_003,7018
2024,마라2496,ho_gb_005,18
2024,마라2496,ho_gb_006,360
2024,마라2496,ho_yr_002,5
2024,마라2496,ho_yr_003,869
2024,마라2496,ho_yr_004,2601
2024,마라2496,ho_yr_005,1783
2024,마라2496,ho_yr_006,13
2024,마라2496,ho_yr_007,8
2024,마라2496,ho_yr_008,18
2024,마라2496,ho_yr_009,1802
2024,마라2496,ho_yr_010,8
2024,마라2496,ho_yr_011,25
2024,마라2496,ho_yr_012,37
2024,마라2496,ho_yr_013,30
2024,마라2496,ho_yr_014,14
2024,마라2496,ho_yr_015,8
2024,마라2496,ho_yr_016,5
2024,마라2496,ho_yr_017,0
2024,마라2496,ho_yr_018,5
2024,마라2496,ho_yr_020,5
2024,마라2496,to_ho_001,7214
2024,마라2497,ho_ar_002,13
2024,마라2497,ho_ar_003,544
2024,마라2497,ho_ar_004,5811
2024,마라2497,ho_ar_005,5
2024,마라2497,ho_ar_006,756
2024,마라2497,ho_ar_007,36
2024,마라2497,ho_ar_008,33
2024,마라2497,ho_ar_009,295
2024,마라2497,ho_gb_001,12
2024,마라2497,ho_gb_002,358
2024,마라2497,ho_gb_003,7088
2024,마라2497,ho_gb_004,25
2024,마라2497,ho_gb_005,0
2024,마라2497,ho_gb_006,321
2024,마라2497,ho_yr_004,4606
2024,마라2497,ho_yr_005,2672
2024,마라2497,ho_yr_006,33
2024,마라2497,ho_yr_007,28
2024,마라2497,ho_yr_008,32
2024,마라2497,ho_yr_009,49
2024,마라2497,ho_yr_010,13
2024,마라2497,ho_yr_011,13
2024,마라2497,ho_yr_012,8
2024,마라2497,ho_yr_013,13
2024,마라2497,ho_yr_014,8
2024,마라2497,ho_yr_015,17
2024,마라2497,ho_yr_016,0
2024,마라2497,ho_yr_017,5
2024,마라2497,ho_yr_018,0
2024,마라2497,ho_yr_020,0
2024,마라2497,to_ho_001,7487
2024,마라2498,ho_ar_002,5
2024,마라2498,ho_ar_003,618
2024,마라2498,ho_ar_004,3009
2024,마라2498,ho_ar_006,351
2024,마라2498,ho_ar_007,0
2024,마라2498,ho_ar_008,0
2024,마라2498,ho_gb_002,8
2024,마라2498,ho_gb_003,3972
2024,마라2498,ho_gb_005,5
2024,마라2498,ho_gb_006,8
2024,마라2498,ho_yr_001,5
2024,마라2498,ho_yr_002,0
2024,마라2498,ho_yr_003,5
2024,마라2498,ho_yr_005,925
2024,마라2498,ho_yr_010,5
2024,마라2498,ho_yr_015,1116
2024,마라2498,ho_yr_017,1931
2024,마라2498,ho_yr_020,5
2024,마라2498,to_ho_001,3985
2024,마라2499,ho_ar_007,5
2024,마라2499,ho_gb_002,0
2024,마라2499,ho_gb_005,0
2024,마라2499,ho_gb_006,8
2024,마라2499,ho_yr_001,0
2024,마라2499,ho_yr_002,0
2024,마라2499,to_ho_001,5
2024,마라2576,ho_ar_007,0
2024,마라2576,ho_ar_008,5
2024,마라2576,ho_ar_009,5
2024,마라2576,ho_gb_002,11
2024,마라2576,ho_yr_005,0
2024,마라2576,ho_yr_006,0
2024,마라2576,ho_yr_008,0
2024,마라2576,ho_yr_009,0
2024,마라2576,ho_yr_010,0
2024,마라2576,ho_yr_012,5
2024,마라2576,ho_yr_015,5
2024,마라2576,ho_yr_018,5
2024,마라2576,ho_yr_020,0
2024,마라2576,to_ho_001,13
2024,마라2577,ho_ar_002,5
2024,마라2577,ho_ar_003,954
2024,마라2577,ho_ar_004,3315
2024,마라2577,ho_ar_005,171
2024,마라2577,ho_ar_006,143
2024,마라2577,ho_ar_007,341
2024,마라2577,ho_ar_008,178
2024,마라2577,ho_ar_009,195
2024,마라2577,ho_gb_002,444
2024,마라2577,ho_gb_003,4848
2024,마라2577,ho_gb_005,8
2024,마라2577,ho_gb_006,99
2024,마라2577,ho_yr_004,54
2024,마라2577,ho_yr_005,683
2024,마라2577,ho_yr_006,18
2024,마라2577,ho_yr_007,40
2024,마라2577,ho_yr_008,40
2024,마라2577,ho_yr_009,906
2024,마라2577,ho_yr_010,3386
2024,마라2577,ho_yr_011,33
2024,마라2577,ho_yr_012,38
2024,마라2577,ho_yr_013,43
2024,마라2577,ho_yr_014,28
2024,마라2577,ho_yr_015,8
2024,마라2577,ho_yr_016,8
2024,마라2577,ho_yr_017,8
2024,마라2577,ho_yr_018,8
2024,마라2577,ho_yr_019,8
2024,마라2577,ho_yr_020,5
2024,마라2577,to_ho_001,5299
2024,마라2578,ho_gb_006,0
2024,마라2579,ho_ar_002,0
2024,마라2579,ho_ar_004,0
2024,마라2579,ho_gb_002,5
2024,마라2579,ho_gb_005,0
2024,마라2579,ho_gb_006,38
2024,마라2579,ho_yr_006,0
2024,마라2579,ho_yr_010,0
2024,마라2579,to_ho_001,5
2024,마라2580,ho_ar_003,0
2024,마라2580,ho_ar_005,5
2024,마라2580,ho_ar_006,13
2024,마라2580,ho_ar_007,0
2024,마라2580,ho_ar_008,20
2024,마라2580,ho_ar_009,117
2024,마라2580,ho_gb_002,148
2024,마라2580,ho_gb_005,13
2024,마라2580,ho_gb_006,60
2024,마라2580,ho_yr_005,0
2024,마라2580,ho_yr_006,8
2024,마라2580,ho_yr_007,37
2024,마라2580,ho_yr_008,30
2024,마라2580,ho_yr_009,8
2024,마라2580,ho_yr_010,13
2024,마라2580,ho_yr_011,23
2024,마라2580,ho_yr_012,24
2024,마라2580,ho_yr_013,5
2024,마라2580,ho_yr_014,5
2024,마라2580,ho_yr_015,5
2024,마라2580,ho_yr_017,5
2024,마라2580,ho_yr_018,5
2024,마라2580,to_ho_001,160
2024,마라2581,ho_gb_006,5
2024,마라2582,ho_ar_002,5
2024,마라2582,ho_ar_003,8
2024,마라2582,ho_ar_004,25
2024,마라2582,ho_ar_005,27
2024,마라2582,ho_ar_006,13
2024,마라2582,ho_ar_007,8
2024,마라2582,ho_ar_008,13
2024,마라2582,ho_ar_009,8
2024,마라2582,ho_gb_002,106
2024,마라2582,ho_gb_005,0
2024,마라2582,ho_gb_006,5
2024,마라2582,ho_yr_001,13
2024,마라2582,ho_yr_002,5
2024,마라2582,ho_yr_003,13
2024,마라2582,ho_yr_004,21
2024,마라2582,ho_yr_005,8
2024,마라2582,ho_yr_006,8
2024,마라2582,ho_yr_009,5
2024,마라2582,ho_yr_010,5
2024,마라2582,ho_yr_011,33
2024,마라2582,ho_yr_012,13
2024,마라2582,ho_yr_013,0
2024,마라2582,ho_yr_014,5
2024,마라2582,to_ho_001,106
2024,마라2583,ho_ar_004,0
2024,마라2583,ho_gb_002,0
2024,마라2583,ho_gb_006,33
2024,마라2583,ho_yr_002,0
2024,마라2583,to_ho_001,0
2024,마라2584,ho_ar_002,5
2024,마라2584,ho_ar_003,5
2024,마라2584,ho_ar_004,5
2024,마라2584,ho_ar_005,8
2024,마라2584,ho_ar_006,8
2024,마라2584,ho_ar_007,5
2024,마라2584,ho_ar_008,8
2024,마라2584,ho_ar_009,75
2024,마라2584,ho_gb_002,104
2024,마라2584,ho_gb_005,5
2024,마라2584,ho_gb_006,13
2024,마라2584,ho_yr_005,5
2024,마라2584,ho_yr_006,0
2024,마라2584,ho_yr_007,8
2024,마라2584,ho_yr_009,0
2024,마라2584,ho_yr_011,0
2024,마라2584,ho_yr_012,25
2024,마라2584,ho_yr_013,31
2024,마라2584,ho_yr_014,28
2024,마라2584,ho_yr_015,8
2024,마라2584,ho_yr_016,0
2024,마라2584,ho_yr_017,5
2024,마라2584,ho_yr_018,5
2024,마라2584,ho_yr_019,5
2024,마라2584,ho_yr_020,5
2024,마라2584,to_ho_001,108
2024,마라2585,ho_ar_006,0
2024,마라2585,ho_ar_008,0
2024,마라2585,ho_ar_009,5
2024,마라2585,ho_gb_002,5
2024,마라2585,ho_gb_006,5
2024,마라2585,ho_yr_006,5
2024,마라2585,ho_yr_007,5
2024,마라2585,ho_yr_018,5
2024,마라2585,to_ho_001,8
2024,마라2586,ho_ar_002,5
2024,마라2586,ho_ar_003,0
2024,마라2586,ho_ar_004,15
2024,마라2586,ho_ar_005,5
2024,마라2586,ho_ar_007,0
2024,마라2586,ho_ar_008,5
2024,마라2586,ho_gb_002,17
2024,마라2586,ho_gb_006,0
2024,마라2586,ho_yr_001,5
2024,마라2586,ho_yr_002,0
2024,마라2586,ho_yr_003,13
2024,마라2586,ho_yr_004,0
2024,마라2586,ho_yr_005,0
2024,마라2586,ho_yr_007,0
2024,마라2586,to_ho_001,16
2024,마라2587,ho_ar_005,5
2024,마라2587,ho_gb_002,0
2024,마라2587,ho_gb_006,5
2024,마라2587,ho_yr_002,5
2024,마라2587,to_ho_001,5
2024,마라2588,ho_ar_002,0
2024,마라2588,ho_ar_003,0
2024,마라2588,ho_ar_004,8
2024,마라2588,ho_ar_005,8
2024,마라2588,ho_ar_006,8
2024,마라2588,ho_ar_007,8
2024,마라2588,ho_ar_008,5
2024,마라2588,ho_gb_002,33
2024,마라2588,ho_gb_005,0
2024,마라2588,ho_gb_006,5
2024,마라2588,ho_yr_001,13
2024,마라2588,ho_yr_002,5
2024,마라2588,ho_yr_003,5
2024,마라2588,ho_yr_004,8
2024,마라2588,ho_yr_005,0
2024,마라2588,ho_yr_007,0
2024,마라2588,ho_yr_008,0
2024,마라2588,ho_yr_011,0
2024,마라2588,ho_yr_015,5
2024,마라2588,ho_yr_019,0
2024,마라2588,to_ho_001,33
2024,마라2589,ho_ar_003,0
2024,마라2589,ho_ar_004,5
2024,마라2589,ho_ar_005,5
2024,마라2589,ho_ar_006,8
2024,마라2589,ho_gb_002,8
2024,마라2589,ho_gb_006,0
2024,마라2589,ho_yr_001,5
2024,마라2589,ho_yr_003,5
2024,마라2589,ho_yr_004,5
2024,마라2589,ho_yr_005,5
2024,마라2589,ho_yr_006,0
2024,마라2589,to_ho_001,8
2024,마라2590,ho_ar_002,5
2024,마라2590,ho_ar_003,8
2024,마라2590,ho_ar_004,8
2024,마라2590,ho_ar_005,5
2024,마라2590,ho_ar_006,5
2024,마라2590,ho_ar_007,5
2024,마라2590,ho_ar_008,0
2024,마라2590,ho_gb_002,26
2024,마라2590,ho_gb_005,5
2024,마라2590,ho_gb_006,5
2024,마라2590,ho_yr_001,13
2024,마라2590,ho_yr_002,0
2024,마라2590,ho_yr_003,8
2024,마라2590,ho_yr_006,0
2024,마라2590,ho_yr_007,0
2024,마라2590,ho_yr_008,0
2024,마라2590,ho_yr_009,5
2024,마라2590,ho_yr_017,0
2024,마라2590,to_ho_001,28
2024,마라2591,ho_ar_002,8
2024,마라2591,ho_ar_003,5
2024,마라2591,ho_ar_004,8
2024,마라2591,ho_ar_005,0
2024,마라2591,ho_ar_006,5
2024,마라2591,ho_ar_008,0
2024,마라2591,ho_gb_002,15
2024,마라2591,ho_gb_006,0
2024,마라2591,ho_yr_001,8
2024,마라2591,ho_yr_002,0
2024,마라2591,ho_yr_003,0
2024,마라2591,ho_yr_004,5
2024,마라2591,ho_yr_016,0
2024,마라2591,to_ho_001,13
2024,마라2592,ho_ar_001,5
2024,마라2592,ho_ar_002,13
2024,마라2592,ho_ar_003,263
2024,마라2592,ho_ar_004,522
2024,마라2592,ho_ar_005,8
2024,마라2592,ho_ar_006,5
2024,마라2592,ho_ar_007,8
2024,마라2592,ho_ar_008,7
2024,마라2592,ho_ar_009,15
2024,마라2592,ho_gb_001,6
2024,마라2592,ho_gb_002,97
2024,마라2592,ho_gb_003,735
2024,마라2592,ho_gb_005,0
2024,마라2592,ho_gb_006,8
2024,마라2592,ho_yr_001,43
2024,마라2592,ho_yr_002,5
2024,마라2592,ho_yr_003,270
2024,마라2592,ho_yr_004,13
2024,마라2592,ho_yr_005,12
2024,마라2592,ho_yr_007,8
2024,마라2592,ho_yr_010,5
2024,마라2592,ho_yr_011,0
2024,마라2592,ho_yr_012,5
2024,마라2592,ho_yr_013,489
2024,마라2592,ho_yr_014,0
2024,마라2592,to_ho_001,841
2024,마라2593,ho_ar_001,5
2024,마라2593,ho_ar_002,198
2024,마라2593,ho_ar_003,655
2024,마라2593,ho_ar_004,1836
2024,마라2593,ho_ar_005,151
2024,마라2593,ho_ar_006,317
2024,마라2593,ho_ar_007,215
2024,마라2593,ho_ar_008,88
2024,마라2593,ho_ar_009,75
2024,마라2593,ho_gb_001,263
2024,마라2593,ho_gb_002,857
2024,마라2593,ho_gb_003,2169
2024,마라2593,ho_gb_004,102
2024,마라2593,ho_gb_005,152
2024,마라2593,ho_gb_006,345
2024,마라2593,ho_yr_001,277
2024,마라2593,ho_yr_002,1081
2024,마라2593,ho_yr_003,244
2024,마라2593,ho_yr_004,90
2024,마라2593,ho_yr_005,13
2024,마라2593,ho_yr_006,13
2024,마라2593,ho_yr_007,8
2024,마라2593,ho_yr_008,50
2024,마라2593,ho_yr_009,95
2024,마라2593,ho_yr_010,720
2024,마라2593,ho_yr_011,43
2024,마라2593,ho_yr_012,24
2024,마라2593,ho_yr_013,442
2024,마라2593,ho_yr_014,394
2024,마라2593,ho_yr_015,5
2024,마라2593,ho_yr_016,5
2024,마라2593,ho_yr_017,29
2024,마라2593,ho_yr_018,20
2024,마라2593,to_ho_001,3545
2024,마라2594,ho_ar_001,8
2024,마라2594,ho_ar_002,103
2024,마라2594,ho_ar_003,342
2024,마라2594,ho_ar_004,829
2024,마라2594,ho_ar_005,112
2024,마라2594,ho_ar_006,235
2024,마라2594,ho_ar_007,289
2024,마라2594,ho_ar_008,117
2024,마라2594,ho_ar_009,198
2024,마라2594,ho_gb_001,152
2024,마라2594,ho_gb_002,1131
2024,마라2594,ho_gb_003,690
2024,마라2594,ho_gb_004,156
2024,마라2594,ho_gb_005,103
2024,마라2594,ho_gb_006,120
2024,마라2594,ho_yr_001,396
2024,마라2594,ho_yr_002,643
2024,마라2594,ho_yr_003,603
2024,마라2594,ho_yr_004,66
2024,마라2594,ho_yr_005,149
2024,마라2594,ho_yr_006,14
2024,마라2594,ho_yr_007,13
2024,마라2594,ho_yr_008,75
2024,마라2594,ho_yr_009,57
2024,마라2594,ho_yr_010,49
2024,마라2594,ho_yr_011,28
2024,마라2594,ho_yr_012,59
2024,마라2594,ho_yr_013,33
2024,마라2594,ho_yr_014,13
2024,마라2594,ho_yr_015,13
2024,마라2594,ho_yr_016,5
2024,마라2594,ho_yr_017,8
2024,마라2594,ho_yr_018,5
2024,마라2594,ho_yr_019,0
2024,마라2594,to_ho_001,2229
2024,마라2595,ho_ar_002,468
2024,마라2595,ho_ar_003,1513
2024,마라2595,ho_ar_004,240
2024,마라2595,ho_ar_005,55
2024,마라2595,ho_ar_006,69
2024,마라2595,ho_ar_007,234
2024,마라2595,ho_ar_008,8
2024,마라2595,ho_ar_009,19
2024,마라2595,ho_gb_001,8
2024,마라2595,ho_gb_002,93
2024,마라2595,ho_gb_003,2490
2024,마라2595,ho_gb_005,5
2024,마라2595,ho_gb_006,8
2024,마라2595,ho_yr_001,17
2024,마라2595,ho_yr_002,11
2024,마라2595,ho_yr_003,1906
2024,마라2595,ho_yr_004,425
2024,마라2595,ho_yr_005,197
2024,마라2595,ho_yr_006,0
2024,마라2595,ho_yr_007,19
2024,마라2595,ho_yr_008,5
2024,마라2595,ho_yr_009,8
2024,마라2595,ho_yr_010,5
2024,마라2595,ho_yr_011,5
2024,마라2595,ho_yr_012,0
2024,마라2595,ho_yr_013,5
2024,마라2595,ho_yr_014,5
2024,마라2595,ho_yr_015,0
2024,마라2595,ho_yr_016,0
2024,마라2595,ho_yr_018,5
2024,마라2595,to_ho_001,2597
2024,마라2596,ho_ar_002,0
2024,마라2596,ho_ar_003,158
2024,마라2596,ho_ar_004,5
2024,마라2596,ho_ar_006,0
2024,마라2596,ho_ar_007,5
2024,마라2596,ho_gb_002,5
2024,마라2596,ho_gb_003,158
2024,마라2596,ho_gb_005,0
2024,마라2596,ho_yr_003,158
2024,마라2596,ho_yr_004,0
2024,마라2596,ho_yr_013,0
2024,마라2596,ho_yr_014,0
2024,마라2596,ho_yr_018,5
2024,마라2596,ho_yr_019,0
2024,마라2596,to_ho_001,163
2024,마라2597,ho_ar_004,109
2024,마라2597,ho_ar_005,48
2024,마라2597,ho_ar_008,5
2024,마라2597,ho_ar_009,51
2024,마라2597,ho_gb_002,54
2024,마라2597,ho_gb_004,157
2024,마라2597,ho_yr_004,8
2024,마라2597,ho_yr_005,14
2024,마라2597,ho_yr_006,5
2024,마라2597,ho_yr_007,8
2024,마라2597,ho_yr_008,55
2024,마라2597,ho_yr_009,5
2024,마라2597,ho_yr_010,0
2024,마라2597,ho_yr_011,48
2024,마라2597,ho_yr_012,5
2024,마라2597,ho_yr_013,51
2024,마라2597,ho_yr_014,15
2024,마라2597,ho_yr_017,0
2024,마라2597,to_ho_001,213
2024,마라2599,ho_ar_002,5
2024,마라2599,ho_ar_003,5
2024,마라2599,ho_ar_004,8
2024,마라2599,ho_ar_005,5
2024,마라2599,ho_ar_006,0
2024,마라2599,ho_ar_007,5
2024,마라2599,ho_ar_008,5
2024,마라2599,ho_ar_009,0
2024,마라2599,ho_gb_002,18
2024,마라2599,ho_gb_005,0
2024,마라2599,ho_gb_006,8
2024,마라2599,ho_yr_001,0
2024,마라2599,ho_yr_002,0
2024,마라2599,ho_yr_004,5
2024,마라2599,ho_yr_005,0
2024,마라2599,ho_yr_006,0
2024,마라2599,ho_yr_008,0
2024,마라2599,ho_yr_009,0
2024,마라2599,ho_yr_011,8
2024,마라2599,ho_yr_012,0
2024,마라2599,ho_yr_013,0
2024,마라2599,ho_yr_014,0
2024,마라2599,ho_yr_015,0
2024,마라2599,ho_yr_018,0
2024,마라2599,to_ho_001,18
2024,마라2677,ho_gb_006,8
2024,마라2678,ho_gb_006,0
2024,마라2679,ho_gb_006,33
2024,마라2680,ho_ar_002,5
2024,마라2680,ho_ar_003,1387
2024,마라2680,ho_ar_004,101
2024,마라2680,ho_ar_005,18
2024,마라2680,ho_ar_006,23
2024,마라2680,ho_ar_007,13
2024,마라2680,ho_ar_008,13
2024,마라2680,ho_ar_009,19
2024,마라2680,ho_gb_001,15
2024,마라2680,ho_gb_002,140
2024,마라2680,ho_gb_003,1415
2024,마라2680,ho_gb_005,8
2024,마라2680,ho_gb_006,71
2024,마라2680,ho_yr_001,46
2024,마라2680,ho_yr_002,18
2024,마라2680,ho_yr_003,26
2024,마라2680,ho_yr_004,32
2024,마라2680,ho_yr_005,5
2024,마라2680,ho_yr_006,0
2024,마라2680,ho_yr_007,5
2024,마라2680,ho_yr_008,5
2024,마라2680,ho_yr_009,5
2024,마라2680,ho_yr_010,5
2024,마라2680,ho_yr_012,20
2024,마라2680,ho_yr_013,61
2024,마라2680,ho_yr_014,0
2024,마라2680,ho_yr_015,0
2024,마라2680,ho_yr_016,1359
2024,마라2680,ho_yr_018,0
2024,마라2680,to_ho_001,1573
2024,마라2681,ho_ar_002,8
2024,마라2681,ho_ar_003,8
2024,마라2681,ho_ar_004,13
2024,마라2681,ho_ar_005,8
2024,마라2681,ho_ar_006,8
2024,마라2681,ho_ar_007,5
2024,마라2681,ho_ar_008,5
2024,마라2681,ho_ar_009,8
2024,마라2681,ho_gb_002,50
2024,마라2681,ho_gb_005,5
2024,마라2681,ho_gb_006,13
2024,마라2681,ho_yr_001,18
2024,마라2681,ho_yr_002,13
2024,마라2681,ho_yr_003,13
2024,마라2681,ho_yr_004,5
2024,마라2681,ho_yr_005,5
2024,마라2681,ho_yr_007,0
2024,마라2681,ho_yr_008,0
2024,마라2681,ho_yr_009,5
2024,마라2681,ho_yr_010,5
2024,마라2681,ho_yr_011,0
2024,마라2681,ho_yr_012,5
2024,마라2681,ho_yr_020,0
2024,마라2681,to_ho_001,58
2024,마라2682,ho_ar_007,0
2024,마라2682,ho_gb_002,0
2024,마라2682,ho_gb_006,5
2024,마라2682,ho_yr_004,0
2024,마라2682,ho_yr_008,0
2024,마라2682,to_ho_001,5
2024,마라2683,ho_ar_002,0
2024,마라2683,ho_ar_004,0
2024,마라2683,ho_ar_005,0
2024,마라2683,ho_ar_006,5
2024,마라2683,ho_ar_008,0
2024,마라2683,ho_ar_009,5
2024,마라2683,ho_gb_002,8
2024,마라2683,ho_gb_005,5
2024,마라2683,ho_gb_006,18
2024,마라2683,ho_yr_004,5
2024,마라2683,ho_yr_005,0
2024,마라2683,ho_yr_007,5
2024,마라2683,ho_yr_008,5
2024,마라2683,ho_yr_011,0
2024,마라2683,ho_yr_018,0
2024,마라2683,to_ho_001,13
2024,마라2684,ho_ar_002,0
2024,마라2684,ho_ar_003,5
2024,마라2684,ho_ar_004,5
2024,마라2684,ho_ar_005,5
2024,마라2684,ho_ar_006,0
2024,마라2684,ho_ar_007,8
2024,마라2684,ho_ar_008,5
2024,마라2684,ho_ar_009,32
2024,마라2684,ho_gb_002,50
2024,마라2684,ho_gb_005,5
2024,마라2684,ho_gb_006,8
2024,마라2684,ho_yr_001,5
2024,마라2684,ho_yr_002,0
2024,마라2684,ho_yr_003,0
2024,마라2684,ho_yr_005,5
2024,마라2684,ho_yr_007,5
2024,마라2684,ho_yr_008,0
2024,마라2684,ho_yr_012,8
2024,마라2684,ho_yr_013,5
2024,마라2684,ho_yr_014,8
2024,마라2684,ho_yr_015,5
2024,마라2684,ho_yr_016,5
2024,마라2684,ho_yr_017,5
2024,마라2684,ho_yr_018,5
2024,마라2684,to_ho_001,53
2024,마라2685,ho_ar_002,8
2024,마라2685,ho_ar_003,13
2024,마라2685,ho_ar_004,18
2024,마라2685,ho_ar_005,8
2024,마라2685,ho_ar_006,13
2024,마라2685,ho_ar_007,8
2024,마라2685,ho_ar_008,8
2024,마라2685,ho_ar_009,8
2024,마라2685,ho_gb_002,69
2024,마라2685,ho_gb_005,8
2024,마라2685,ho_gb_006,8
2024,마라2685,ho_yr_001,25
2024,마라2685,ho_yr_002,5
2024,마라2685,ho_yr_003,18
2024,마라2685,ho_yr_004,5
2024,마라2685,ho_yr_005,8
2024,마라2685,ho_yr_006,5
2024,마라2685,ho_yr_009,0
2024,마라2685,ho_yr_010,0
2024,마라2685,ho_yr_011,5
2024,마라2685,ho_yr_013,5
2024,마라2685,ho_yr_015,5
2024,마라2685,ho_yr_016,0
2024,마라2685,ho_yr_017,5
2024,마라2685,ho_yr_018,0
2024,마라2685,ho_yr_019,5
2024,마라2685,ho_yr_020,0
2024,마라2685,to_ho_001,75
2024,마라2686,ho_ar_002,5
2024,마라2686,ho_ar_003,5
2024,마라2686,ho_ar_004,8
2024,마라2686,ho_ar_005,13
2024,마라2686,ho_ar_006,5
2024,마라2686,ho_ar_008,0
2024,마라2686,ho_gb_002,32
2024,마라2686,ho_gb_005,5
2024,마라2686,ho_gb_006,5
2024,마라2686,ho_yr_001,5
2024,마라2686,ho_yr_003,20
2024,마라2686,ho_yr_004,5
2024,마라2686,ho_yr_005,5
2024,마라2686,ho_yr_006,0
2024,마라2686,ho_yr_008,0
2024,마라2686,ho_yr_014,5
2024,마라2686,ho_yr_017,5
2024,마라2686,to_ho_001,35
2024,마라2687,ho_ar_003,0
2024,마라2687,ho_ar_004,8
2024,마라2687,ho_ar_005,5
2024,마라2687,ho_ar_006,5
2024,마라2687,ho_ar_007,8
2024,마라2687,ho_ar_009,5
2024,마라2687,ho_gb_002,23
2024,마라2687,ho_gb_006,5
2024,마라2687,ho_yr_001,13
2024,마라2687,ho_yr_002,0
2024,마라2687,ho_yr_003,5
2024,마라2687,ho_yr_004,5
2024,마라2687,ho_yr_006,0
2024,마라2687,ho_yr_010,0
2024,마라2687,ho_yr_016,0
2024,마라2687,to_ho_001,23
2024,마라2688,ho_ar_002,0
2024,마라2688,ho_ar_003,5
2024,마라2688,ho_ar_004,13
2024,마라2688,ho_ar_005,13
2024,마라2688,ho_ar_006,8
2024,마라2688,ho_ar_007,5
2024,마라2688,ho_ar_008,5
2024,마라2688,ho_gb_002,33
2024,마라2688,ho_gb_006,8
2024,마라2688,ho_yr_001,18
2024,마라2688,ho_yr_003,8
2024,마라2688,ho_yr_004,5
2024,마라2688,ho_yr_005,0
2024,마라2688,ho_yr_008,5
2024,마라2688,ho_yr_013,5
2024,마라2688,ho_yr_016,0
2024,마라2688,to_ho_001,33
2024,마라2689,ho_ar_002,5
2024,마라2689,ho_ar_003,8
2024,마라2689,ho_ar_004,30
2024,마라2689,ho_ar_005,23
2024,마라2689,ho_ar_006,5
2024,마라2689,ho_ar_007,5
2024,마라2689,ho_ar_008,0
2024,마라2689,ho_ar_009,0
2024,마라2689,ho_gb_002,69
2024,마라2689,ho_gb_005,5
2024,마라2689,ho_gb_006,5
2024,마라2689,ho_yr_001,29
2024,마라2689,ho_yr_002,8
2024,마라2689,ho_yr_003,19
2024,마라2689,ho_yr_004,5
2024,마라2689,ho_yr_005,5
2024,마라2689,ho_yr_006,0
2024,마라2689,ho_yr_007,5
2024,마라2689,ho_yr_012,0
2024,마라2689,ho_yr_013,8
2024,마라2689,ho_yr_014,5
2024,마라2689,to_ho_001,75
2024,마라2690,ho_ar_001,5
2024,마라2690,ho_ar_002,8
2024,마라2690,ho_ar_003,13
2024,마라2690,ho_ar_004,8
2024,마라2690,ho_ar_005,18
2024,마라2690,ho_ar_006,8
2024,마라2690,ho_ar_007,5
2024,마라2690,ho_ar_008,5
2024,마라2690,ho_gb_002,63
2024,마라2690,ho_gb_006,8
2024,마라2690,ho_yr_001,21
2024,마라2690,ho_yr_002,8
2024,마라2690,ho_yr_003,19
2024,마라2690,ho_yr_004,0
2024,마라2690,ho_yr_005,8
2024,마라2690,ho_yr_007,5
2024,마라2690,ho_yr_008,0
2024,마라2690,ho_yr_009,5
2024,마라2690,ho_yr_010,0
2024,마라2690,ho_yr_013,0
2024,마라2690,to_ho_001,62
2024,마라2691,ho_ar_002,0
2024,마라2691,ho_ar_003,0
2024,마라2691,ho_ar_004,11
2024,마라2691,ho_ar_005,5
2024,마라2691,ho_ar_006,0
2024,마라2691,ho_ar_007,5
2024,마라2691,ho_ar_008,0
2024,마라2691,ho_gb_002,20
2024,마라2691,ho_gb_006,5
2024,마라2691,ho_yr_001,5
2024,마라2691,ho_yr_002,7
2024,마라2691,ho_yr_003,5
2024,마라2691,ho_yr_004,5
2024,마라2691,ho_yr_013,5
2024,마라2691,to_ho_001,20
2024,마라2692,ho_ar_002,5
2024,마라2692,ho_ar_004,8
2024,마라2692,ho_ar_006,0
2024,마라2692,ho_gb_002,6
2024,마라2692,ho_gb_005,5
2024,마라2692,ho_gb_006,5
2024,마라2692,ho_yr_001,5
2024,마라2692,ho_yr_002,0
2024,마라2692,ho_yr_003,8
2024,마라2692,ho_yr_004,5
2024,마라2692,to_ho_001,8
2024,마라2693,ho_ar_001,5
2024,마라2693,ho_ar_002,84
2024,마라2693,ho_ar_003,631
2024,마라2693,ho_ar_004,1848
2024,마라2693,ho_ar_005,58
2024,마라2693,ho_ar_006,135
2024,마라2693,ho_ar_007,98
2024,마라2693,ho_ar_008,70
2024,마라2693,ho_ar_009,141
2024,마라2693,ho_gb_001,1004
2024,마라2693,ho_gb_002,563
2024,마라2693,ho_gb_003,1350
2024,마라2693,ho_gb_004,86
2024,마라2693,ho_gb_005,68
2024,마라2693,ho_gb_006,78
2024,마라2693,ho_yr_001,127
2024,마라2693,ho_yr_002,564
2024,마라2693,ho_yr_003,995
2024,마라2693,ho_yr_004,646
2024,마라2693,ho_yr_005,211
2024,마라2693,ho_yr_006,8
2024,마라2693,ho_yr_007,55
2024,마라2693,ho_yr_008,100
2024,마라2693,ho_yr_009,33
2024,마라2693,ho_yr_010,229
2024,마라2693,ho_yr_011,33
2024,마라2693,ho_yr_012,24
2024,마라2693,ho_yr_013,28
2024,마라2693,ho_yr_014,8
2024,마라2693,ho_yr_015,8
2024,마라2693,ho_yr_016,0
2024,마라2693,ho_yr_017,0
2024,마라2693,ho_yr_019,5
2024,마라2693,ho_yr_020,0
2024,마라2693,to_ho_001,3068
2024,마라2694,ho_ar_001,5
2024,마라2694,ho_ar_002,99
2024,마라2694,ho_ar_003,629
2024,마라2694,ho_ar_004,1257
2024,마라2694,ho_ar_005,54
2024,마라2694,ho_ar_006,163
2024,마라2694,ho_ar_007,236
2024,마라2694,ho_ar_008,48
2024,마라2694,ho_ar_009,152
2024,마라2694,ho_gb_001,625
2024,마라2694,ho_gb_002,534
2024,마라2694,ho_gb_003,1335
2024,마라2694,ho_gb_004,97
2024,마라2694,ho_gb_005,53
2024,마라2694,ho_gb_006,33
2024,마라2694,ho_yr_001,153
2024,마라2694,ho_yr_002,147
2024,마라2694,ho_yr_003,914
2024,마라2694,ho_yr_004,323
2024,마라2694,ho_yr_005,382
2024,마라2694,ho_yr_006,23
2024,마라2694,ho_yr_007,63
2024,마라2694,ho_yr_008,56
2024,마라2694,ho_yr_009,25
2024,마라2694,ho_yr_010,18
2024,마라2694,ho_yr_011,31
2024,마라2694,ho_yr_012,69
2024,마라2694,ho_yr_013,410
2024,마라2694,ho_yr_014,13
2024,마라2694,ho_yr_015,5
2024,마라2694,ho_yr_016,5
2024,마라2694,ho_yr_017,5
2024,마라2694,ho_yr_018,5
2024,마라2694,ho_yr_019,5
2024,마라2694,ho_yr_020,5
2024,마라2694,to_ho_001,2643
2024,마라2695,ho_ar_002,0
2024,마라2695,ho_ar_003,5
2024,마라2695,ho_ar_004,5
2024,마라2695,ho_gb_002,8
2024,마라2695,ho_gb_006,5
2024,마라2695,ho_yr_001,0
2024,마라2695,ho_yr_002,5
2024,마라2695,ho_yr_003,0
2024,마라2695,ho_yr_009,0
2024,마라2695,ho_yr_010,0
2024,마라2695,to_ho_001,8
2024,마라2696,ho_ar_006,5
2024,마라2696,ho_ar_007,5
2024,마라2696,ho_gb_002,5
2024,마라2696,ho_gb_005,0
2024,마라2696,ho_yr_005,5
2024,마라2696,ho_yr_019,0
2024,마라2696,to_ho_001,5
2024,마라2697,ho_ar_005,0
2024,마라2697,ho_ar_006,0
2024,마라2697,ho_ar_008,0
2024,마라2697,ho_ar_009,0
2024,마라2697,ho_gb_002,5
2024,마라2697,ho_gb_005,0
2024,마라2697,ho_yr_007,5
2024,마라2697,ho_yr_009,5
2024,마라2697,ho_yr_010,0
2024,마라2697,ho_yr_013,0
2024,마라2697,ho_yr_014,0
2024,마라2697,to_ho_001,8
2024,마라2698,ho_ar_002,0
2024,마라2698,ho_ar_003,5
2024,마라2698,ho_ar_004,0
2024,마라2698,ho_ar_005,5
2024,마라2698,ho_ar_006,8
2024,마라2698,ho_ar_007,5
2024,마라2698,ho_ar_008,13
2024,마라2698,ho_gb_002,34
2024,마라2698,ho_gb_005,5
2024,마라2698,ho_gb_006,5
2024,마라2698,ho_yr_002,0
2024,마라2698,ho_yr_003,5
2024,마라2698,ho_yr_004,8
2024,마라2698,ho_yr_005,5
2024,마라2698,ho_yr_007,0
2024,마라2698,ho_yr_008,5
2024,마라2698,ho_yr_010,5
2024,마라2698,ho_yr_011,0
2024,마라2698,ho_yr_012,0
2024,마라2698,ho_yr_013,5
2024,마라2698,ho_yr_014,5
2024,마라2698,ho_yr_015,5
2024,마라2698,ho_yr_016,8
2024,마라2698,ho_yr_017,0
2024,마라2698,ho_yr_019,0
2024,마라2698,to_ho_001,33
2024,마라2699,ho_ar_002,5
2024,마라2699,ho_ar_003,5
2024,마라2699,ho_ar_004,8
2024,마라2699,ho_ar_005,13
2024,마라2699,ho_ar_006,8
2024,마라2699,ho_ar_007,13
2024,마라2699,ho_ar_008,8
2024,마라2699,ho_gb_002,53
2024,마라2699,ho_gb_005,5
2024,마라2699,ho_gb_006,8
2024,마라2699,ho_yr_001,5
2024,마라2699,ho_yr_002,5
2024,마라2699,ho_yr_003,8
2024,마라2699,ho_yr_004,5
2024,마라2699,ho_yr_005,5
2024,마라2699,ho_yr_006,5
2024,마라2699,ho_yr_009,8
2024,마라2699,ho_yr_010,0
2024,마라2699,ho_yr_011,5
2024,마라2699,ho_yr_012,8
2024,마라2699,ho_yr_013,8
2024,마라2699,ho_yr_014,5
2024,마라2699,ho_yr_015,5
2024,마라2699,ho_yr_016,0
2024,마라2699,ho_yr_017,5
2024,마라2699,ho_yr_018,5
2024,마라2699,ho_yr_019,5
2024,마라2699,ho_yr_020,0
2024,마라2699,to_ho_001,58
2024,마라2776,ho_ar_004,57
2024,마라2776,ho_ar_006,20
2024,마라2776,ho_gb_003,77
2024,마라2776,ho_yr_010,77
2024,마라2776,to_ho_001,77
2024,마라2777,ho_ar_004,3824
2024,마라2777,ho_ar_005,28
2024,마라2777,ho_ar_006,2040
2024,마라2777,ho_ar_007,295
2024,마라2777,ho_ar_008,8
2024,마라2777,ho_ar_009,8
2024,마라2777,ho_gb_003,6200
2024,마라2777,ho_gb_006,770
2024,마라2777,ho_yr_005,3812
2024,마라2777,ho_yr_009,1196
2024,마라2777,ho_yr_010,1192
2024,마라2777,to_ho_001,6200
2024,마라2778,ho_ar_001,60
2024,마라2778,ho_ar_002,223
2024,마라2778,ho_ar_009,14
2024,마라2778,ho_gb_002,14
2024,마라2778,ho_gb_003,283
2024,마라2778,ho_gb_005,0
2024,마라2778,ho_gb_006,8
2024,마라2778,ho_yr_014,5
2024,마라2778,ho_yr_015,5
2024,마라2778,ho_yr_016,5
2024,마라2778,ho_yr_017,288
2024,마라2778,ho_yr_018,5
2024,마라2778,ho_yr_019,5
2024,마라2778,to_ho_001,296
2024,마라2781,ho_ar_002,13
2024,마라2781,ho_ar_003,13
2024,마라2781,ho_ar_004,13
2024,마라2781,ho_ar_005,5
2024,마라2781,ho_ar_006,8
2024,마라2781,ho_ar_007,5
2024,마라2781,ho_ar_008,5
2024,마라2781,ho_gb_002,52
2024,마라2781,ho_gb_005,5
2024,마라2781,ho_gb_006,5
2024,마라2781,ho_yr_001,23
2024,마라2781,ho_yr_002,12
2024,마라2781,ho_yr_003,13
2024,마라2781,ho_yr_004,5
2024,마라2781,ho_yr_005,5
2024,마라2781,ho_yr_006,5
2024,마라2781,ho_yr_008,0
2024,마라2781,ho_yr_010,0
2024,마라2781,ho_yr_013,5
2024,마라2781,to_ho_001,60
2024,마라2782,ho_ar_004,0
2024,마라2782,ho_ar_005,8
2024,마라2782,ho_ar_007,5
2024,마라2782,ho_ar_008,5
2024,마라2782,ho_gb_002,15
2024,마라2782,ho_gb_006,5
2024,마라2782,ho_yr_001,5
2024,마라2782,ho_yr_002,5
2024,마라2782,ho_yr_003,5
2024,마라2782,ho_yr_004,0
2024,마라2782,ho_yr_005,5
2024,마라2782,ho_yr_006,0
2024,마라2782,ho_yr_008,0
2024,마라2782,ho_yr_010,0
2024,마라2782,to_ho_001,18
2024,마라2783,ho_ar_004,0
2024,마라2783,ho_ar_005,0
2024,마라2783,ho_ar_006,5
2024,마라2783,ho_gb_002,5
2024,마라2783,ho_gb_005,5
2024,마라2783,ho_gb_006,5
2024,마라2783,ho_yr_001,0
2024,마라2783,ho_yr_004,5
2024,마라2783,ho_yr_009,0
2024,마라2783,to_ho_001,5
2024,마라2784,ho_ar_004,8
2024,마라2784,ho_ar_005,0
2024,마라2784,ho_ar_006,0
2024,마라2784,ho_ar_008,0
2024,마라2784,ho_gb_002,8
2024,마라2784,ho_yr_001,5
2024,마라2784,ho_yr_004,5
2024,마라2784,ho_yr_020,0
2024,마라2784,to_ho_001,8
2024,마라2785,ho_ar_002,0
2024,마라2785,ho_ar_003,8
2024,마라2785,ho_ar_004,5
2024,마라2785,ho_ar_005,5
2024,마라2785,ho_ar_006,5
2024,마라2785,ho_ar_007,0
2024,마라2785,ho_gb_002,23
2024,마라2785,ho_gb_006,8
2024,마라2785,ho_yr_001,8
2024,마라2785,ho_yr_003,5
2024,마라2785,ho_yr_004,5
2024,마라2785,ho_yr_005,5
2024,마라2785,ho_yr_014,0
2024,마라2785,to_ho_001,23
2024,마라2786,ho_ar_002,5
2024,마라2786,ho_ar_003,5
2024,마라2786,ho_ar_004,5
2024,마라2786,ho_ar_005,8
2024,마라2786,ho_ar_006,0
2024,마라2786,ho_ar_007,5
2024,마라2786,ho_ar_008,0
2024,마라2786,ho_ar_009,0
2024,마라2786,ho_gb_002,18
2024,마라2786,ho_gb_005,8
2024,마라2786,ho_gb_006,5
2024,마라2786,ho_yr_001,5
2024,마라2786,ho_yr_002,5
2024,마라2786,ho_yr_003,8
2024,마라2786,ho_yr_004,5
2024,마라2786,ho_yr_005,5
2024,마라2786,to_ho_001,18
2024,마라2787,ho_ar_002,0
2024,마라2787,ho_ar_004,8
2024,마라2787,ho_ar_005,13
2024,마라2787,ho_ar_006,8
2024,마라2787,ho_ar_007,8
2024,마라2787,ho_ar_008,8
2024,마라2787,ho_ar_009,0
2024,마라2787,ho_gb_001,0
2024,마라2787,ho_gb_002,35
2024,마라2787,ho_gb_005,5
2024,마라2787,ho_gb_006,13
2024,마라2787,ho_yr_001,5
2024,마라2787,ho_yr_002,5
2024,마라2787,ho_yr_003,5
2024,마라2787,ho_yr_004,8
2024,마라2787,ho_yr_005,0
2024,마라2787,ho_yr_006,8
2024,마라2787,ho_yr_007,5
2024,마라2787,ho_yr_008,5
2024,마라2787,ho_yr_009,5
2024,마라2787,ho_yr_010,5
2024,마라2787,ho_yr_012,5
2024,마라2787,ho_yr_013,0
2024,마라2787,ho_yr_014,5
2024,마라2787,ho_yr_015,0
2024,마라2787,ho_yr_018,5
2024,마라2787,to_ho_001,38
2024,마라2788,ho_ar_002,5
2024,마라2788,ho_ar_003,5
2024,마라2788,ho_ar_004,8
2024,마라2788,ho_ar_005,8
2024,마라2788,ho_ar_006,5
2024,마라2788,ho_ar_008,0
2024,마라2788,ho_gb_002,18
2024,마라2788,ho_gb_005,5
2024,마라2788,ho_gb_006,13
2024,마라2788,ho_yr_001,8
2024,마라2788,ho_yr_002,0
2024,마라2788,ho_yr_003,5
2024,마라2788,ho_yr_006,0
2024,마라2788,ho_yr_007,5
2024,마라2788,ho_yr_009,0
2024,마라2788,ho_yr_010,0
2024,마라2788,ho_yr_012,0
2024,마라2788,ho_yr_016,0
2024,마라2788,to_ho_001,23
2024,마라2789,ho_ar_001,5
2024,마라2789,ho_ar_002,23
2024,마라2789,ho_ar_003,44
2024,마라2789,ho_ar_004,33
2024,마라2789,ho_ar_005,18
2024,마라2789,ho_ar_006,23
2024,마라2789,ho_ar_007,13
2024,마라2789,ho_ar_008,8
2024,마라2789,ho_ar_009,5
2024,마라2789,ho_gb_002,156
2024,마라2789,ho_gb_005,5
2024,마라2789,ho_gb_006,13
2024,마라2789,ho_yr_001,62
2024,마라2789,ho_yr_002,24
2024,마라2789,ho_yr_003,33
2024,마라2789,ho_yr_004,5
2024,마라2789,ho_yr_005,8
2024,마라2789,ho_yr_006,5
2024,마라2789,ho_yr_007,0
2024,마라2789,ho_yr_008,5
2024,마라2789,ho_yr_009,5
2024,마라2789,ho_yr_011,0
2024,마라2789,ho_yr_012,5
2024,마라2789,ho_yr_013,5
2024,마라2789,ho_yr_014,8
2024,마라2789,ho_yr_015,8
2024,마라2789,ho_yr_019,0
2024,마라2789,to_ho_001,158
2024,마라2790,ho_ar_002,5
2024,마라2790,ho_ar_003,13
2024,마라2790,ho_ar_004,8
2024,마라2790,ho_ar_005,8
2024,마라2790,ho_ar_006,5
2024,마라2790,ho_ar_007,5
2024,마라2790,ho_ar_008,5
2024,마라2790,ho_ar_009,0
2024,마라2790,ho_gb_002,38
2024,마라2790,ho_gb_005,5
2024,마라2790,ho_gb_006,13
2024,마라2790,ho_yr_001,16
2024,마라2790,ho_yr_002,8
2024,마라2790,ho_yr_003,8
2024,마라2790,ho_yr_004,5
2024,마라2790,ho_yr_005,5
2024,마라2790,ho_yr_006,5
2024,마라2790,ho_yr_007,0
2024,마라2790,ho_yr_012,5
2024,마라2790,to_ho_001,41
2024,마라2791,ho_gb_006,5
2024,마라2792,ho_ar_001,0
2024,마라2792,ho_ar_002,8
2024,마라2792,ho_ar_003,8
2024,마라2792,ho_ar_004,8
2024,마라2792,ho_ar_005,8
2024,마라2792,ho_ar_006,13
2024,마라2792,ho_ar_007,5
2024,마라2792,ho_ar_008,0
2024,마라2792,ho_ar_009,0
2024,마라2792,ho_gb_002,48
2024,마라2792,ho_gb_006,5
2024,마라2792,ho_yr_001,15
2024,마라2792,ho_yr_002,5
2024,마라2792,ho_yr_003,5
2024,마라2792,ho_yr_004,8
2024,마라2792,ho_yr_005,5
2024,마라2792,ho_yr_007,0
2024,마라2792,ho_yr_008,0
2024,마라2792,ho_yr_009,5
2024,마라2792,ho_yr_011,6
2024,마라2792,ho_yr_014,0
2024,마라2792,ho_yr_016,5
2024,마라2792,ho_yr_018,5
2024,마라2792,ho_yr_019,5
2024,마라2792,ho_yr_020,5
2024,마라2792,to_ho_001,46
2024,마라2793,ho_ar_001,12
2024,마라2793,ho_ar_002,79
2024,마라2793,ho_ar_003,139
2024,마라2793,ho_ar_004,2343
2024,마라2793,ho_ar_005,36
2024,마라2793,ho_ar_006,59
2024,마라2793,ho_ar_007,52
2024,마라2793,ho_ar_008,43
2024,마라2793,ho_ar_009,111
2024,마라2793,ho_gb_001,1362
2024,마라2793,ho_gb_002,242
2024,마라2793,ho_gb_003,1065
2024,마라2793,ho_gb_004,141
2024,마라2793,ho_gb_005,54
2024,마라2793,ho_gb_006,58
2024,마라2793,ho_yr_001,5
2024,마라2793,ho_yr_002,8
2024,마라2793,ho_yr_003,1296
2024,마라2793,ho_yr_004,1149
2024,마라2793,ho_yr_005,85
2024,마라2793,ho_yr_006,13
2024,마라2793,ho_yr_007,62
2024,마라2793,ho_yr_008,65
2024,마라2793,ho_yr_009,42
2024,마라2793,ho_yr_010,52
2024,마라2793,ho_yr_011,70
2024,마라2793,ho_yr_012,8
2024,마라2793,ho_yr_013,13
2024,마라2793,ho_yr_014,8
2024,마라2793,ho_yr_015,0
2024,마라2793,ho_yr_017,5
2024,마라2793,ho_yr_018,0
2024,마라2793,to_ho_001,2871
2024,마라2794,ho_ar_001,5
2024,마라2794,ho_ar_002,345
2024,마라2794,ho_ar_003,849
2024,마라2794,ho_ar_004,3155
2024,마라2794,ho_ar_005,63
2024,마라2794,ho_ar_006,137
2024,마라2794,ho_ar_007,66
2024,마라2794,ho_ar_008,73
2024,마라2794,ho_ar_009,157
2024,마라2794,ho_gb_001,2237
2024,마라2794,ho_gb_002,398
2024,마라2794,ho_gb_003,1984
2024,마라2794,ho_gb_004,148
2024,마라2794,ho_gb_005,74
2024,마라2794,ho_gb_006,122
2024,마라2794,ho_yr_001,39
2024,마라2794,ho_yr_002,233
2024,마라2794,ho_yr_003,2790
2024,마라2794,ho_yr_004,883
2024,마라2794,ho_yr_005,467
2024,마라2794,ho_yr_006,19
2024,마라2794,ho_yr_007,90
2024,마라2794,ho_yr_008,48
2024,마라2794,ho_yr_009,35
2024,마라2794,ho_yr_010,33
2024,마라2794,ho_yr_011,74
2024,마라2794,ho_yr_012,100
2024,마라2794,ho_yr_013,8
2024,마라2794,ho_yr_014,19
2024,마라2794,ho_yr_015,5
2024,마라2794,ho_yr_019,5
2024,마라2794,ho_yr_020,5
2024,마라2794,to_ho_001,4840
2024,마라2795,ho_ar_001,5
2024,마라2795,ho_ar_002,145
2024,마라2795,ho_ar_003,1658
2024,마라2795,ho_ar_004,1358
2024,마라2795,ho_ar_005,311
2024,마라2795,ho_ar_006,241
2024,마라2795,ho_ar_007,136
2024,마라2795,ho_ar_008,66
2024,마라2795,ho_ar_009,236
2024,마라2795,ho_gb_001,465
2024,마라2795,ho_gb_002,321
2024,마라2795,ho_gb_003,3301
2024,마라2795,ho_gb_004,38
2024,마라2795,ho_gb_005,23
2024,마라2795,ho_gb_006,558
2024,마라2795,ho_yr_001,5
2024,마라2795,ho_yr_002,8
2024,마라2795,ho_yr_003,3817
2024,마라2795,ho_yr_004,94
2024,마라2795,ho_yr_005,28
2024,마라2795,ho_yr_006,13
2024,마라2795,ho_yr_007,18
2024,마라2795,ho_yr_008,5
2024,마라2795,ho_yr_009,5
2024,마라2795,ho_yr_010,96
2024,마라2795,ho_yr_011,21
2024,마라2795,ho_yr_012,5
2024,마라2795,ho_yr_013,26
2024,마라2795,ho_yr_014,20
2024,마라2795,ho_yr_015,5
2024,마라2795,ho_yr_017,5
2024,마라2795,to_ho_001,4148
2024,마라2796,ho_ar_001,62
2024,마라2796,ho_ar_002,16
2024,마라2796,ho_ar_003,168
2024,마라2796,ho_ar_004,539
2024,마라2796,ho_ar_005,8
2024,마라2796,ho_ar_006,16
2024,마라2796,ho_ar_007,23
2024,마라2796,ho_ar_008,18
2024,마라2796,ho_ar_009,42
2024,마라2796,ho_gb_001,580
2024,마라2796,ho_gb_002,89
2024,마라2796,ho_gb_003,86
2024,마라2796,ho_gb_004,121
2024,마라2796,ho_gb_005,8
2024,마라2796,ho_gb_006,13
2024,마라2796,ho_yr_003,650
2024,마라2796,ho_yr_004,130
2024,마라2796,ho_yr_005,5
2024,마라2796,ho_yr_006,5
2024,마라2796,ho_yr_007,67
2024,마라2796,ho_yr_008,5
2024,마라2796,ho_yr_009,5
2024,마라2796,ho_yr_010,8
2024,마라2796,ho_yr_011,8
2024,마라2796,ho_yr_012,8
2024,마라2796,ho_yr_013,5
2024,마라2796,ho_yr_014,5
2024,마라2796,ho_yr_015,5
2024,마라2796,ho_yr_020,0
2024,마라2796,to_ho_001,885
2024,마라2797,ho_ar_002,5
2024,마라2797,ho_ar_003,8
2024,마라2797,ho_ar_004,5
2024,마라2797,ho_ar_005,5
2024,마라2797,ho_ar_006,5
2024,마라2797,ho_ar_007,8
2024,마라2797,ho_ar_008,5
2024,마라2797,ho_ar_009,5
2024,마라2797,ho_gb_002,19
2024,마라2797,ho_gb_005,8
2024,마라2797,ho_gb_006,5
2024,마라2797,ho_yr_001,5
2024,마라2797,ho_yr_003,5
2024,마라2797,ho_yr_004,5
2024,마라2797,ho_yr_005,0
2024,마라2797,ho_yr_006,0
2024,마라2797,ho_yr_007,5
2024,마라2797,ho_yr_008,5
2024,마라2797,ho_yr_010,0
2024,마라2797,ho_yr_012,0
2024,마라2797,ho_yr_016,0
2024,마라2797,ho_yr_018,5
2024,마라2797,ho_yr_020,5
2024,마라2797,to_ho_001,23
2024,마라2799,ho_ar_002,0
2024,마라2799,ho_ar_003,8
2024,마라2799,ho_ar_004,5
2024,마라2799,ho_ar_005,8
2024,마라2799,ho_ar_006,8
2024,마라2799,ho_ar_007,8
2024,마라2799,ho_ar_008,13
2024,마라2799,ho_ar_009,5
2024,마라2799,ho_gb_002,38
2024,마라2799,ho_gb_005,0
2024,마라2799,ho_yr_003,5
2024,마라2799,ho_yr_004,8
2024,마라2799,ho_yr_005,5
2024,마라2799,ho_yr_006,0
2024,마라2799,ho_yr_010,8
2024,마라2799,ho_yr_011,5
2024,마라2799,ho_yr_012,5
2024,마라2799,ho_yr_013,5
2024,마라2799,ho_yr_014,0
2024,마라2799,ho_yr_015,5
2024,마라2799,ho_yr_016,0
2024,마라2799,ho_yr_017,5
2024,마라2799,ho_yr_018,0
2024,마라2799,ho_yr_019,5
2024,마라2799,ho_yr_020,5
2024,마라2799,to_ho_001,38
2024,마라2876,ho_ar_008,5
2024,마라2876,ho_ar_009,14
2024,마라2876,ho_gb_003,23
2024,마라2876,ho_gb_006,115
2024,마라2876,ho_yr_008,23
2024,마라2876,to_ho_001,23
2024,마라2877,ho_ar_003,5
2024,마라2877,ho_ar_004,1074
2024,마라2877,ho_ar_005,45
2024,마라2877,ho_ar_006,683
2024,마라2877,ho_ar_007,432
2024,마라2877,ho_ar_008,477
2024,마라2877,ho_ar_009,71
2024,마라2877,ho_gb_002,187
2024,마라2877,ho_gb_003,2589
2024,마라2877,ho_gb_005,5
2024,마라2877,ho_gb_006,5
2024,마라2877,ho_yr_004,0
2024,마라2877,ho_yr_005,1068
2024,마라2877,ho_yr_006,23
2024,마라2877,ho_yr_007,34
2024,마라2877,ho_yr_008,997
2024,마라2877,ho_yr_009,13
2024,마라2877,ho_yr_010,608
2024,마라2877,ho_yr_011,8
2024,마라2877,ho_yr_012,8
2024,마라2877,ho_yr_013,8
2024,마라2877,ho_yr_014,8
2024,마라2877,ho_yr_015,5
2024,마라2877,ho_yr_016,0
2024,마라2877,ho_yr_017,0
2024,마라2877,ho_yr_018,5
2024,마라2877,ho_yr_019,0
2024,마라2877,ho_yr_020,0
2024,마라2877,to_ho_001,2778
2024,마라2878,ho_ar_004,2466
2024,마라2878,ho_ar_005,350
2024,마라2878,ho_ar_006,437
2024,마라2878,ho_ar_007,643
2024,마라2878,ho_gb_003,3896
2024,마라2878,ho_gb_006,1750
2024,마라2878,ho_yr_014,772
2024,마라2878,ho_yr_015,1175
2024,마라2878,ho_yr_016,1949
2024,마라2878,to_ho_001,3896
2024,마라2879,ho_ar_004,1143
2024,마라2879,ho_ar_005,442
2024,마라2879,ho_ar_006,87
2024,마라2879,ho_gb_003,1672
2024,마라2879,ho_gb_006,335
2024,마라2879,ho_yr_014,377
2024,마라2879,ho_yr_015,465
2024,마라2879,ho_yr_016,830
2024,마라2879,to_ho_001,1672
2024,마라2882,ho_ar_004,0
2024,마라2882,ho_ar_005,5
2024,마라2882,ho_ar_006,28
2024,마라2882,ho_ar_007,6
2024,마라2882,ho_ar_009,18
2024,마라2882,ho_gb_001,20
2024,마라2882,ho_gb_002,33
2024,마라2882,ho_yr_017,43
2024,마라2882,ho_yr_018,8
2024,마라2882,ho_yr_019,5
2024,마라2882,ho_yr_020,0
2024,마라2882,to_ho_001,56
2024,마라2883,ho_ar_004,494
2024,마라2883,ho_ar_006,230
2024,마라2883,ho_ar_007,69
2024,마라2883,ho_gb_003,793
2024,마라2883,ho_yr_020,793
2024,마라2883,to_ho_001,793
2024,마라2886,ho_ar_001,5
2024,마라2886,ho_ar_002,13
2024,마라2886,ho_ar_003,28
2024,마라2886,ho_ar_004,23
2024,마라2886,ho_ar_005,13
2024,마라2886,ho_ar_006,13
2024,마라2886,ho_ar_007,8
2024,마라2886,ho_ar_008,5
2024,마라2886,ho_ar_009,0
2024,마라2886,ho_gb_002,101
2024,마라2886,ho_gb_005,5
2024,마라2886,ho_gb_006,8
2024,마라2886,ho_yr_001,30
2024,마라2886,ho_yr_002,8
2024,마라2886,ho_yr_003,23
2024,마라2886,ho_yr_004,8
2024,마라2886,ho_yr_005,5
2024,마라2886,ho_yr_014,8
2024,마라2886,ho_yr_015,8
2024,마라2886,ho_yr_016,5
2024,마라2886,ho_yr_017,5
2024,마라2886,ho_yr_018,5
2024,마라2886,ho_yr_019,8
2024,마라2886,to_ho_001,100
2024,마라2887,ho_ar_001,5
2024,마라2887,ho_ar_002,8
2024,마라2887,ho_ar_003,13
2024,마라2887,ho_ar_004,18
2024,마라2887,ho_ar_005,13
2024,마라2887,ho_ar_006,8
2024,마라2887,ho_ar_007,5
2024,마라2887,ho_ar_008,5
2024,마라2887,ho_ar_009,5
2024,마라2887,ho_gb_002,71
2024,마라2887,ho_gb_005,5
2024,마라2887,ho_gb_006,8
2024,마라2887,ho_yr_001,30
2024,마라2887,ho_yr_002,8
2024,마라2887,ho_yr_003,18
2024,마라2887,ho_yr_004,8
2024,마라2887,ho_yr_005,5
2024,마라2887,ho_yr_014,0
2024,마라2887,ho_yr_019,5
2024,마라2887,ho_yr_020,0
2024,마라2887,to_ho_001,75
2024,마라2888,ho_ar_003,5
2024,마라2888,ho_ar_004,13
2024,마라2888,ho_ar_005,5
2024,마라2888,ho_ar_006,5
2024,마라2888,ho_ar_008,0
2024,마라2888,ho_gb_002,23
2024,마라2888,ho_gb_006,5
2024,마라2888,ho_yr_001,5
2024,마라2888,ho_yr_002,8
2024,마라2888,ho_yr_003,5
2024,마라2888,ho_yr_004,5
2024,마라2888,ho_yr_005,5
2024,마라2888,ho_yr_009,0
2024,마라2888,ho_yr_010,5
2024,마라2888,ho_yr_014,0
2024,마라2888,to_ho_001,23
2024,마라2889,ho_ar_002,13
2024,마라2889,ho_ar_003,18
2024,마라2889,ho_ar_004,18
2024,마라2889,ho_ar_005,38
2024,마라2889,ho_ar_006,13
2024,마라2889,ho_ar_007,8
2024,마라2889,ho_ar_008,5
2024,마라2889,ho_ar_009,5
2024,마라2889,ho_gb_002,100
2024,마라2889,ho_gb_005,5
2024,마라2889,ho_gb_006,13
2024,마라2889,ho_yr_001,33
2024,마라2889,ho_yr_002,8
2024,마라2889,ho_yr_003,23
2024,마라2889,ho_yr_004,8
2024,마라2889,ho_yr_005,8
2024,마라2889,ho_yr_006,0
2024,마라2889,ho_yr_007,5
2024,마라2889,ho_yr_008,5
2024,마라2889,ho_yr_009,0
2024,마라2889,ho_yr_010,5
2024,마라2889,ho_yr_011,0
2024,마라2889,ho_yr_012,5
2024,마라2889,ho_yr_013,5
2024,마라2889,ho_yr_014,5
2024,마라2889,ho_yr_015,8
2024,마라2889,ho_yr_016,0
2024,마라2889,ho_yr_018,5
2024,마라2889,to_ho_001,108
2024,마라2890,ho_ar_001,0
2024,마라2890,ho_ar_002,8
2024,마라2890,ho_ar_003,19
2024,마라2890,ho_ar_004,18
2024,마라2890,ho_ar_005,18
2024,마라2890,ho_ar_006,5
2024,마라2890,ho_ar_007,8
2024,마라2890,ho_ar_008,5
2024,마라2890,ho_ar_009,0
2024,마라2890,ho_gb_001,0
2024,마라2890,ho_gb_002,76
2024,마라2890,ho_gb_005,5
2024,마라2890,ho_gb_006,8
2024,마라2890,ho_yr_001,27
2024,마라2890,ho_yr_002,8
2024,마라2890,ho_yr_003,18
2024,마라2890,ho_yr_004,13
2024,마라2890,ho_yr_005,5
2024,마라2890,ho_yr_007,5
2024,마라2890,ho_yr_008,0
2024,마라2890,ho_yr_010,0
2024,마라2890,ho_yr_011,5
2024,마라2890,ho_yr_012,5
2024,마라2890,ho_yr_013,0
2024,마라2890,ho_yr_015,5
2024,마라2890,ho_yr_016,0
2024,마라2890,ho_yr_020,5
2024,마라2890,to_ho_001,82
2024,마라2891,ho_ar_001,0
2024,마라2891,ho_ar_002,8
2024,마라2891,ho_ar_003,14
2024,마라2891,ho_ar_004,23
2024,마라2891,ho_ar_005,33
2024,마라2891,ho_ar_006,13
2024,마라2891,ho_ar_007,13
2024,마라2891,ho_ar_008,5
2024,마라2891,ho_ar_009,5
2024,마라2891,ho_gb_002,106
2024,마라2891,ho_gb_005,5
2024,마라2891,ho_gb_006,8
2024,마라2891,ho_yr_001,36
2024,마라2891,ho_yr_002,23
2024,마라2891,ho_yr_003,23
2024,마라2891,ho_yr_004,8
2024,마라2891,ho_yr_005,5
2024,마라2891,ho_yr_006,5
2024,마라2891,ho_yr_008,5
2024,마라2891,ho_yr_009,5
2024,마라2891,ho_yr_010,5
2024,마라2891,ho_yr_011,5
2024,마라2891,ho_yr_012,8
2024,마라2891,ho_yr_014,5
2024,마라2891,ho_yr_020,0
2024,마라2891,to_ho_001,106
2024,마라2892,ho_ar_002,13
2024,마라2892,ho_ar_003,18
2024,마라2892,ho_ar_004,24
2024,마라2892,ho_ar_005,28
2024,마라2892,ho_ar_006,13
2024,마라2892,ho_ar_007,8
2024,마라2892,ho_ar_008,5
2024,마라2892,ho_ar_009,0
2024,마라2892,ho_gb_002,106
2024,마라2892,ho_gb_005,5
2024,마라2892,ho_gb_006,8
2024,마라2892,ho_yr_001,44
2024,마라2892,ho_yr_002,18
2024,마라2892,ho_yr_003,23
2024,마라2892,ho_yr_004,8
2024,마라2892,ho_yr_005,5
2024,마라2892,ho_yr_006,5
2024,마라2892,ho_yr_007,0
2024,마라2892,ho_yr_009,0
2024,마라2892,ho_yr_010,5
2024,마라2892,ho_yr_011,5
2024,마라2892,ho_yr_013,5
2024,마라2892,ho_yr_015,0
2024,마라2892,to_ho_001,109
2024,마라2893,ho_ar_001,0
2024,마라2893,ho_ar_002,5
2024,마라2893,ho_ar_004,8
2024,마라2893,ho_ar_005,5
2024,마라2893,ho_ar_006,5
2024,마라2893,ho_ar_007,8
2024,마라2893,ho_ar_008,5
2024,마라2893,ho_ar_009,0
2024,마라2893,ho_gb_002,15
2024,마라2893,ho_gb_005,8
2024,마라2893,ho_gb_006,53
2024,마라2893,ho_yr_001,8
2024,마라2893,ho_yr_002,5
2024,마라2893,ho_yr_003,5
2024,마라2893,ho_yr_004,5
2024,마라2893,ho_yr_005,8
2024,마라2893,to_ho_001,23
2024,마라2894,ho_ar_001,0
2024,마라2894,ho_ar_002,46
2024,마라2894,ho_ar_003,1887
2024,마라2894,ho_ar_004,3147
2024,마라2894,ho_ar_005,25
2024,마라2894,ho_ar_006,134
2024,마라2894,ho_ar_007,23
2024,마라2894,ho_ar_008,23
2024,마라2894,ho_ar_009,38
2024,마라2894,ho_gb_001,706
2024,마라2894,ho_gb_002,184
2024,마라2894,ho_gb_003,4337
2024,마라2894,ho_gb_004,76
2024,마라2894,ho_gb_005,18
2024,마라2894,ho_gb_006,48
2024,마라2894,ho_yr_001,60
2024,마라2894,ho_yr_002,95
2024,마라2894,ho_yr_003,2230
2024,마라2894,ho_yr_004,301
2024,마라2894,ho_yr_005,18
2024,마라2894,ho_yr_006,0
2024,마라2894,ho_yr_007,11
2024,마라2894,ho_yr_008,5
2024,마라2894,ho_yr_009,5
2024,마라2894,ho_yr_010,5
2024,마라2894,ho_yr_011,20
2024,마라2894,ho_yr_013,0
2024,마라2894,ho_yr_015,0
2024,마라2894,ho_yr_017,0
2024,마라2894,ho_yr_019,1316
2024,마라2894,ho_yr_020,1255
2024,마라2894,to_ho_001,5317
2024,마라2895,ho_ar_002,24
2024,마라2895,ho_ar_003,1676
2024,마라2895,ho_ar_004,1440
2024,마라2895,ho_ar_005,8
2024,마라2895,ho_ar_006,198
2024,마라2895,ho_ar_007,43
2024,마라2895,ho_ar_008,223
2024,마라2895,ho_ar_009,445
2024,마라2895,ho_gb_001,510
2024,마라2895,ho_gb_002,737
2024,마라2895,ho_gb_003,2765
2024,마라2895,ho_gb_004,34
2024,마라2895,ho_gb_005,18
2024,마라2895,ho_gb_006,302
2024,마라2895,ho_yr_002,36
2024,마라2895,ho_yr_003,3815
2024,마라2895,ho_yr_004,48
2024,마라2895,ho_yr_005,13
2024,마라2895,ho_yr_006,0
2024,마라2895,ho_yr_007,8
2024,마라2895,ho_yr_008,24
2024,마라2895,ho_yr_009,5
2024,마라2895,ho_yr_010,5
2024,마라2895,ho_yr_011,49
2024,마라2895,ho_yr_012,25
2024,마라2895,ho_yr_013,28
2024,마라2895,ho_yr_014,8
2024,마라2895,ho_yr_015,5
2024,마라2895,ho_yr_017,5
2024,마라2895,ho_yr_018,5
2024,마라2895,to_ho_001,4068
2024,마라2896,ho_ar_002,5
2024,마라2896,ho_ar_003,170
2024,마라2896,ho_ar_004,699
2024,마라2896,ho_ar_005,8
2024,마라2896,ho_ar_006,8
2024,마라2896,ho_ar_007,13
2024,마라2896,ho_ar_008,76
2024,마라2896,ho_ar_009,88
2024,마라2896,ho_gb_001,78
2024,마라2896,ho_gb_002,179
2024,마라2896,ho_gb_003,793
2024,마라2896,ho_gb_005,5
2024,마라2896,ho_gb_006,5
2024,마라2896,ho_yr_002,0
2024,마라2896,ho_yr_003,1031
2024,마라2896,ho_yr_004,8
2024,마라2896,ho_yr_005,0
2024,마라2896,ho_yr_006,0
2024,마라2896,ho_yr_007,0
2024,마라2896,ho_yr_008,0
2024,마라2896,ho_yr_010,0
2024,마라2896,ho_yr_011,0
2024,마라2896,ho_yr_012,5
2024,마라2896,ho_yr_013,5
2024,마라2896,ho_yr_014,5
2024,마라2896,to_ho_001,1054
2024,마라2897,ho_gb_006,8
2024,마라2899,ho_ar_002,5
2024,마라2899,ho_ar_003,5
2024,마라2899,ho_ar_004,8
2024,마라2899,ho_ar_005,5
2024,마라2899,ho_ar_006,0
2024,마라2899,ho_ar_007,5
2024,마라2899,ho_ar_008,0
2024,마라2899,ho_ar_009,0
2024,마라2899,ho_gb_002,25
2024,마라2899,ho_gb_006,5
2024,마라2899,ho_yr_001,5
2024,마라2899,ho_yr_002,0
2024,마라2899,ho_yr_003,5
2024,마라2899,ho_yr_004,5
2024,마라2899,ho_yr_005,8
2024,마라2899,ho_yr_006,5
2024,마라2899,ho_yr_009,0
2024,마라2899,ho_yr_011,5
2024,마라2899,ho_yr_012,0
2024,마라2899,ho_yr_013,0
2024,마라2899,ho_yr_014,0
2024,마라2899,ho_yr_015,0
2024,마라2899,to_ho_001,23
2024,마라2978,ho_ar_003,888
2024,마라2978,ho_ar_004,1895
2024,마라2978,ho_ar_005,286
2024,마라2978,ho_ar_007,0
2024,마라2978,ho_ar_008,14
2024,마라2978,ho_ar_009,49
2024,마라2978,ho_gb_002,62
2024,마라2978,ho_gb_003,3064
2024,마라2978,ho_gb_005,8
2024,마라2978,ho_gb_006,8
2024,마라2978,ho_yr_011,707
2024,마라2978,ho_yr_012,2079
2024,마라2978,ho_yr_013,21
2024,마라2978,ho_yr_014,18
2024,마라2978,ho_yr_015,294
2024,마라2978,ho_yr_016,5
2024,마라2978,ho_yr_017,5
2024,마라2978,ho_yr_018,5
2024,마라2978,to_ho_001,3133
2024,마라2979,ho_ar_001,5
2024,마라2979,ho_ar_002,15
2024,마라2979,ho_ar_003,1854
2024,마라2979,ho_ar_004,3855
2024,마라2979,ho_ar_007,5
2024,마라2979,ho_ar_008,28
2024,마라2979,ho_ar_009,140
2024,마라2979,ho_gb_001,8
2024,마라2979,ho_gb_002,231
2024,마라2979,ho_gb_003,5637
2024,마라2979,ho_gb_005,8
2024,마라2979,ho_gb_006,18
2024,마라2979,ho_yr_001,5
2024,마라2979,ho_yr_002,0
2024,마라2979,ho_yr_003,0
2024,마라2979,ho_yr_011,1753
2024,마라2979,ho_yr_012,1676
2024,마라2979,ho_yr_013,742
2024,마라2979,ho_yr_014,1584
2024,마라2979,ho_yr_015,21
2024,마라2979,ho_yr_016,8
2024,마라2979,ho_yr_017,13
2024,마라2979,ho_yr_018,72
2024,마라2979,ho_yr_019,8
2024,마라2979,ho_yr_020,5
2024,마라2979,to_ho_001,5884
2024,마라2980,ho_ar_001,5
2024,마라2980,ho_ar_002,18
2024,마라2980,ho_ar_003,617
2024,마라2980,ho_ar_004,1095
2024,마라2980,ho_ar_005,23
2024,마라2980,ho_ar_006,18
2024,마라2980,ho_ar_007,18
2024,마라2980,ho_ar_008,28
2024,마라2980,ho_ar_009,61
2024,마라2980,ho_gb_002,219
2024,마라2980,ho_gb_003,1425
2024,마라2980,ho_gb_004,213
2024,마라2980,ho_gb_005,28
2024,마라2980,ho_gb_006,18
2024,마라2980,ho_yr_001,58
2024,마라2980,ho_yr_002,30
2024,마라2980,ho_yr_003,41
2024,마라2980,ho_yr_004,30
2024,마라2980,ho_yr_005,8
2024,마라2980,ho_yr_006,0
2024,마라2980,ho_yr_007,5
2024,마라2980,ho_yr_008,0
2024,마라2980,ho_yr_009,8
2024,마라2980,ho_yr_011,5
2024,마라2980,ho_yr_012,592
2024,마라2980,ho_yr_013,5
2024,마라2980,ho_yr_014,862
2024,마라2980,ho_yr_015,226
2024,마라2980,ho_yr_016,5
2024,마라2980,ho_yr_017,8
2024,마라2980,ho_yr_018,8
2024,마라2980,ho_yr_020,5
2024,마라2980,to_ho_001,1884
2024,마라2981,ho_ar_003,5
2024,마라2981,ho_ar_004,0
2024,마라2981,ho_ar_007,5
2024,마라2981,ho_ar_008,5
2024,마라2981,ho_ar_009,0
2024,마라2981,ho_gb_002,8
2024,마라2981,ho_gb_005,0
2024,마라2981,ho_gb_006,5
2024,마라2981,ho_yr_001,5
2024,마라2981,ho_yr_003,0
2024,마라2981,ho_yr_004,5
2024,마라2981,ho_yr_008,0
2024,마라2981,ho_yr_009,0
2024,마라2981,ho_yr_012,5
2024,마라2981,to_ho_001,8
2024,마라2982,ho_ar_009,5
2024,마라2982,ho_gb_002,5
2024,마라2982,ho_yr_018,0
2024,마라2982,ho_yr_019,0
2024,마라2982,to_ho_001,5
2024,마라2983,ho_ar_006,147
2024,마라2983,ho_ar_007,105
2024,마라2983,ho_gb_003,252
2024,마라2983,ho_yr_020,252
2024,마라2983,to_ho_001,252
2024,마라2986,ho_ar_002,5
2024,마라2986,ho_ar_003,8
2024,마라2986,ho_ar_004,13
2024,마라2986,ho_ar_005,20
2024,마라2986,ho_ar_006,8
2024,마라2986,ho_ar_007,8
2024,마라2986,ho_ar_008,5
2024,마라2986,ho_gb_002,66
2024,마라2986,ho_gb_006,8
2024,마라2986,ho_yr_001,23
2024,마라2986,ho_yr_002,5
2024,마라2986,ho_yr_003,13
2024,마라2986,ho_yr_004,8
2024,마라2986,ho_yr_005,8
2024,마라2986,ho_yr_006,0
2024,마라2986,ho_yr_014,0
2024,마라2986,ho_yr_015,5
2024,마라2986,ho_yr_018,0
2024,마라2986,ho_yr_019,0
2024,마라2986,ho_yr_020,0
2024,마라2986,to_ho_001,63
2024,마라2987,ho_ar_001,0
2024,마라2987,ho_ar_002,5
2024,마라2987,ho_ar_003,13
2024,마라2987,ho_ar_004,23
2024,마라2987,ho_ar_005,13
2024,마라2987,ho_ar_006,8
2024,마라2987,ho_ar_007,5
2024,마라2987,ho_ar_008,5
2024,마라2987,ho_gb_002,59
2024,마라2987,ho_gb_005,0
2024,마라2987,ho_gb_006,13
2024,마라2987,ho_yr_001,23
2024,마라2987,ho_yr_002,5
2024,마라2987,ho_yr_003,23
2024,마라2987,ho_yr_004,5
2024,마라2987,ho_yr_005,5
2024,마라2987,ho_yr_006,5
2024,마라2987,ho_yr_012,0
2024,마라2987,ho_yr_014,0
2024,마라2987,ho_yr_015,0
2024,마라2987,ho_yr_019,5
2024,마라2987,to_ho_001,63
2024,마라2988,ho_ar_001,0
2024,마라2988,ho_ar_002,8
2024,마라2988,ho_ar_003,13
2024,마라2988,ho_ar_004,18
2024,마라2988,ho_ar_005,13
2024,마라2988,ho_ar_006,8
2024,마라2988,ho_ar_007,8
2024,마라2988,ho_ar_008,5
2024,마라2988,ho_gb_002,65
2024,마라2988,ho_gb_005,8
2024,마라2988,ho_gb_006,18
2024,마라2988,ho_yr_001,28
2024,마라2988,ho_yr_002,5
2024,마라2988,ho_yr_003,18
2024,마라2988,ho_yr_004,5
2024,마라2988,ho_yr_005,13
2024,마라2988,ho_yr_007,5
2024,마라2988,ho_yr_010,5
2024,마라2988,ho_yr_014,5
2024,마라2988,ho_yr_015,0
2024,마라2988,ho_yr_016,0
2024,마라2988,ho_yr_017,0
2024,마라2988,ho_yr_018,0
2024,마라2988,ho_yr_019,5
2024,마라2988,to_ho_001,78
2024,마라2989,ho_ar_001,0
2024,마라2989,ho_ar_002,8
2024,마라2989,ho_ar_003,8
2024,마라2989,ho_ar_004,8
2024,마라2989,ho_ar_005,8
2024,마라2989,ho_ar_006,5
2024,마라2989,ho_ar_007,5
2024,마라2989,ho_ar_008,5
2024,마라2989,ho_ar_009,5
2024,마라2989,ho_gb_002,43
2024,마라2989,ho_gb_005,5
2024,마라2989,ho_gb_006,18
2024,마라2989,ho_yr_001,18
2024,마라2989,ho_yr_002,8
2024,마라2989,ho_yr_003,8
2024,마라2989,ho_yr_004,8
2024,마라2989,ho_yr_005,0
2024,마라2989,ho_yr_007,0
2024,마라2989,ho_yr_013,5
2024,마라2989,ho_yr_016,5
2024,마라2989,ho_yr_018,0
2024,마라2989,ho_yr_019,0
2024,마라2989,to_ho_001,48
2024,마라2990,ho_ar_001,0
2024,마라2990,ho_ar_002,8
2024,마라2990,ho_ar_003,8
2024,마라2990,ho_ar_004,8
2024,마라2990,ho_ar_005,8
2024,마라2990,ho_ar_006,5
2024,마라2990,ho_ar_007,5
2024,마라2990,ho_ar_008,5
2024,마라2990,ho_gb_002,32
2024,마라2990,ho_gb_005,0
2024,마라2990,ho_gb_006,13
2024,마라2990,ho_yr_001,8
2024,마라2990,ho_yr_002,8
2024,마라2990,ho_yr_003,8
2024,마라2990,ho_yr_004,0
2024,마라2990,ho_yr_005,5
2024,마라2990,ho_yr_019,5
2024,마라2990,to_ho_001,33
2024,마라2991,ho_ar_001,0
2024,마라2991,ho_ar_002,8
2024,마라2991,ho_ar_003,32
2024,마라2991,ho_ar_004,23
2024,마라2991,ho_ar_005,13
2024,마라2991,ho_ar_006,13
2024,마라2991,ho_ar_007,8
2024,마라2991,ho_ar_008,0
2024,마라2991,ho_gb_002,90
2024,마라2991,ho_gb_005,0
2024,마라2991,ho_gb_006,18
2024,마라2991,ho_yr_001,24
2024,마라2991,ho_yr_002,5
2024,마라2991,ho_yr_003,15
2024,마라2991,ho_yr_004,8
2024,마라2991,ho_yr_007,0
2024,마라2991,ho_yr_008,0
2024,마라2991,ho_yr_011,5
2024,마라2991,ho_yr_013,5
2024,마라2991,ho_yr_014,13
2024,마라2991,ho_yr_015,8
2024,마라2991,ho_yr_016,6
2024,마라2991,ho_yr_017,5
2024,마라2991,ho_yr_018,0
2024,마라2991,ho_yr_019,0
2024,마라2991,to_ho_001,92
2024,마라2992,ho_ar_002,5
2024,마라2992,ho_ar_003,13
2024,마라2992,ho_ar_004,8
2024,마라2992,ho_ar_005,13
2024,마라2992,ho_ar_006,18
2024,마라2992,ho_ar_007,13
2024,마라2992,ho_ar_008,8
2024,마라2992,ho_ar_009,14
2024,마라2992,ho_gb_002,77
2024,마라2992,ho_gb_005,23
2024,마라2992,ho_gb_006,8
2024,마라2992,ho_yr_001,18
2024,마라2992,ho_yr_002,11
2024,마라2992,ho_yr_003,13
2024,마라2992,ho_yr_004,5
2024,마라2992,ho_yr_005,26
2024,마라2992,ho_yr_006,5
2024,마라2992,ho_yr_007,0
2024,마라2992,ho_yr_008,5
2024,마라2992,ho_yr_009,5
2024,마라2992,ho_yr_010,5
2024,마라2992,ho_yr_011,5
2024,마라2992,ho_yr_012,8
2024,마라2992,ho_yr_013,5
2024,마라2992,ho_yr_014,5
2024,마라2992,ho_yr_015,0
2024,마라2992,ho_yr_016,5
2024,마라2992,ho_yr_018,5
2024,마라2992,to_ho_001,97
2024,마라2993,ho_ar_001,8
2024,마라2993,ho_ar_002,17
2024,마라2993,ho_ar_003,779
2024,마라2993,ho_ar_004,941
2024,마라2993,ho_ar_005,14
2024,마라2993,ho_ar_006,28
2024,마라2993,ho_ar_007,18
2024,마라2993,ho_ar_008,8
2024,마라2993,ho_ar_009,8
2024,마라2993,ho_gb_001,147
2024,마라2993,ho_gb_002,112
2024,마라2993,ho_gb_003,1529
2024,마라2993,ho_gb_005,23
2024,마라2993,ho_gb_006,38
2024,마라2993,ho_yr_001,44
2024,마라2993,ho_yr_002,30
2024,마라2993,ho_yr_003,154
2024,마라2993,ho_yr_004,1484
2024,마라2993,ho_yr_005,62
2024,마라2993,ho_yr_008,5
2024,마라2993,ho_yr_009,0
2024,마라2993,ho_yr_010,0
2024,마라2993,ho_yr_012,5
2024,마라2993,ho_yr_013,5
2024,마라2993,ho_yr_016,25
2024,마라2993,ho_yr_017,0
2024,마라2993,ho_yr_018,5
2024,마라2993,to_ho_001,1812
2024,마라2994,ho_ar_001,0
2024,마라2994,ho_ar_002,17
2024,마라2994,ho_ar_003,45
2024,마라2994,ho_ar_004,410
2024,마라2994,ho_ar_005,18
2024,마라2994,ho_ar_006,39
2024,마라2994,ho_ar_007,43
2024,마라2994,ho_ar_008,23
2024,마라2994,ho_ar_009,8
2024,마라2994,ho_gb_001,183
2024,마라2994,ho_gb_002,132
2024,마라2994,ho_gb_003,269
2024,마라2994,ho_gb_005,18
2024,마라2994,ho_gb_006,18
2024,마라2994,ho_yr_001,13
2024,마라2994,ho_yr_002,106
2024,마라2994,ho_yr_003,184
2024,마라2994,ho_yr_004,125
2024,마라2994,ho_yr_005,16
2024,마라2994,ho_yr_006,5
2024,마라2994,ho_yr_007,14
2024,마라2994,ho_yr_008,0
2024,마라2994,ho_yr_009,52
2024,마라2994,ho_yr_010,27
2024,마라2994,ho_yr_011,0
2024,마라2994,ho_yr_013,69
2024,마라2994,ho_yr_014,8
2024,마라2994,ho_yr_015,5
2024,마라2994,ho_yr_019,5
2024,마라2994,to_ho_001,601
2024,마라2998,ho_ar_008,0
2024,마라2998,ho_gb_002,0
2024,마라2998,ho_gb_006,0
2024,마라2998,ho_yr_004,5
2024,마라2998,to_ho_001,5
2024,마라2999,ho_ar_004,5
2024,마라2999,ho_ar_005,5
2024,마라2999,ho_ar_006,8
2024,마라2999,ho_ar_007,5
2024,마라2999,ho_ar_008,8
2024,마라2999,ho_ar_009,0
2024,마라2999,ho_gb_002,23
2024,마라2999,ho_gb_006,5
2024,마라2999,ho_yr_003,5
2024,마라2999,ho_yr_004,5
2024,마라2999,ho_yr_005,5
2024,마라2999,ho_yr_006,0
2024,마라2999,ho_yr_009,0
2024,마라2999,ho_yr_010,5
2024,마라2999,ho_yr_011,0
2024,마라2999,ho_yr_014,0
2024,마라2999,ho_yr_016,5
2024,마라2999,ho_yr_017,5
2024,마라2999,ho_yr_018,5
2024,마라2999,ho_yr_019,0
2024,마라2999,ho_yr_020,0
2024,마라2999,to_ho_001,23
2024,마라3078,ho_gb_006,5
2024,마라3079,ho_ar_001,5
2024,마라3079,ho_ar_002,8
2024,마라3079,ho_ar_003,8
2024,마라3079,ho_ar_004,14
2024,마라3079,ho_ar_005,8
2024,마라3079,ho_ar_006,5
2024,마라3079,ho_ar_007,0
2024,마라3079,ho_ar_008,5
2024,마라3079,ho_ar_009,23
2024,마라3079,ho_gb_002,62
2024,마라3079,ho_gb_005,5
2024,마라3079,ho_gb_006,13
2024,마라3079,ho_yr_001,17
2024,마라3079,ho_yr_002,8
2024,마라3079,ho_yr_003,5
2024,마라3079,ho_yr_004,0
2024,마라3079,ho_yr_005,0
2024,마라3079,ho_yr_012,0
2024,마라3079,ho_yr_013,8
2024,마라3079,ho_yr_014,8
2024,마라3079,ho_yr_015,8
2024,마라3079,ho_yr_016,0
2024,마라3079,ho_yr_017,5
2024,마라3079,ho_yr_018,5
2024,마라3079,to_ho_001,62
2024,마라3080,ho_ar_001,8
2024,마라3080,ho_ar_002,45
2024,마라3080,ho_ar_003,46
2024,마라3080,ho_ar_004,159
2024,마라3080,ho_ar_005,30
2024,마라3080,ho_ar_006,33
2024,마라3080,ho_ar_007,52
2024,마라3080,ho_ar_008,54
2024,마라3080,ho_ar_009,18
2024,마라3080,ho_gb_001,121
2024,마라3080,ho_gb_002,303
2024,마라3080,ho_gb_005,18
2024,마라3080,ho_gb_006,24
2024,마라3080,ho_yr_001,82
2024,마라3080,ho_yr_002,112
2024,마라3080,ho_yr_003,108
2024,마라3080,ho_yr_004,79
2024,마라3080,ho_yr_005,5
2024,마라3080,ho_yr_006,5
2024,마라3080,ho_yr_007,17
2024,마라3080,ho_yr_008,5
2024,마라3080,ho_yr_009,5
2024,마라3080,ho_yr_010,5
2024,마라3080,ho_yr_011,20
2024,마라3080,ho_yr_012,5
2024,마라3080,ho_yr_013,0
2024,마라3080,ho_yr_014,0
2024,마라3080,ho_yr_015,8
2024,마라3080,ho_yr_016,0
2024,마라3080,ho_yr_017,5
2024,마라3080,ho_yr_018,0
2024,마라3080,ho_yr_019,0
2024,마라3080,to_ho_001,441
2024,마라3081,ho_ar_001,5
2024,마라3081,ho_ar_002,5
2024,마라3081,ho_ar_003,8
2024,마라3081,ho_ar_004,8
2024,마라3081,ho_ar_005,5
2024,마라3081,ho_ar_006,8
2024,마라3081,ho_ar_007,5
2024,마라3081,ho_ar_008,0
2024,마라3081,ho_gb_002,34
2024,마라3081,ho_gb_006,8
2024,마라3081,ho_yr_001,14
2024,마라3081,ho_yr_002,8
2024,마라3081,ho_yr_003,5
2024,마라3081,ho_yr_004,8
2024,마라3081,ho_yr_005,5
2024,마라3081,ho_yr_006,5
2024,마라3081,ho_yr_008,5
2024,마라3081,to_ho_001,34
2024,마라3082,ho_ar_002,0
2024,마라3082,ho_ar_003,8
2024,마라3082,ho_ar_004,13
2024,마라3082,ho_ar_005,8
2024,마라3082,ho_ar_006,8
2024,마라3082,ho_gb_002,33
2024,마라3082,ho_gb_005,8
2024,마라3082,ho_gb_006,13
2024,마라3082,ho_yr_001,8
2024,마라3082,ho_yr_002,0
2024,마라3082,ho_yr_003,8
2024,마라3082,ho_yr_004,8
2024,마라3082,ho_yr_005,8
2024,마라3082,ho_yr_007,5
2024,마라3082,ho_yr_012,8
2024,마라3082,ho_yr_014,5
2024,마라3082,ho_yr_018,0
2024,마라3082,to_ho_001,38
2024,마라3083,ho_ar_002,5
2024,마라3083,ho_ar_003,5
2024,마라3083,ho_ar_004,13
2024,마라3083,ho_ar_005,8
2024,마라3083,ho_ar_006,5
2024,마라3083,ho_ar_007,5
2024,마라3083,ho_ar_008,5
2024,마라3083,ho_gb_002,23
2024,마라3083,ho_gb_005,8
2024,마라3083,ho_gb_006,18
2024,마라3083,ho_yr_001,8
2024,마라3083,ho_yr_002,0
2024,마라3083,ho_yr_003,8
2024,마라3083,ho_yr_004,5
2024,마라3083,ho_yr_005,5
2024,마라3083,ho_yr_006,5
2024,마라3083,ho_yr_007,5
2024,마라3083,ho_yr_011,5
2024,마라3083,ho_yr_014,5
2024,마라3083,ho_yr_016,0
2024,마라3083,ho_yr_017,0
2024,마라3083,to_ho_001,33
2024,마라3084,ho_ar_001,0
2024,마라3084,ho_ar_003,5
2024,마라3084,ho_ar_004,5
2024,마라3084,ho_ar_005,5
2024,마라3084,ho_ar_006,8
2024,마라3084,ho_ar_007,5
2024,마라3084,ho_ar_008,5
2024,마라3084,ho_gb_002,18
2024,마라3084,ho_gb_005,5
2024,마라3084,ho_gb_006,8
2024,마라3084,ho_yr_001,8
2024,마라3084,ho_yr_002,5
2024,마라3084,ho_yr_003,5
2024,마라3084,ho_yr_004,8
2024,마라3084,ho_yr_005,5
2024,마라3084,ho_yr_007,0
2024,마라3084,ho_yr_012,0
2024,마라3084,ho_yr_018,0
2024,마라3084,to_ho_001,18
2024,마라3085,ho_ar_002,5
2024,마라3085,ho_ar_003,5
2024,마라3085,ho_ar_004,8
2024,마라3085,ho_ar_005,5
2024,마라3085,ho_ar_006,5
2024,마라3085,ho_ar_007,5
2024,마라3085,ho_ar_008,8
2024,마라3085,ho_ar_009,0
2024,마라3085,ho_gb_002,30
2024,마라3085,ho_gb_005,0
2024,마라3085,ho_gb_006,5
2024,마라3085,ho_yr_001,13
2024,마라3085,ho_yr_002,8
2024,마라3085,ho_yr_003,5
2024,마라3085,ho_yr_004,5
2024,마라3085,ho_yr_006,0
2024,마라3085,ho_yr_014,5
2024,마라3085,ho_yr_017,5
2024,마라3085,to_ho_001,33
2024,마라3086,ho_ar_002,5
2024,마라3086,ho_ar_003,5
2024,마라3086,ho_ar_004,5
2024,마라3086,ho_ar_005,8
2024,마라3086,ho_ar_006,5
2024,마라3086,ho_ar_007,0
2024,마라3086,ho_ar_008,0
2024,마라3086,ho_gb_002,23
2024,마라3086,ho_gb_005,0
2024,마라3086,ho_gb_006,8
2024,마라3086,ho_yr_001,8
2024,마라3086,ho_yr_003,5
2024,마라3086,ho_yr_004,5
2024,마라3086,ho_yr_005,8
2024,마라3086,ho_yr_015,0
2024,마라3086,to_ho_001,23
2024,마라3087,ho_ar_002,5
2024,마라3087,ho_ar_003,8
2024,마라3087,ho_ar_004,8
2024,마라3087,ho_ar_005,8
2024,마라3087,ho_ar_006,8
2024,마라3087,ho_ar_007,5
2024,마라3087,ho_ar_008,0
2024,마라3087,ho_gb_002,42
2024,마라3087,ho_gb_006,5
2024,마라3087,ho_yr_001,16
2024,마라3087,ho_yr_002,0
2024,마라3087,ho_yr_003,13
2024,마라3087,ho_yr_004,5
2024,마라3087,ho_yr_005,5
2024,마라3087,ho_yr_011,0
2024,마라3087,ho_yr_015,0
2024,마라3087,to_ho_001,41
2024,마라3089,ho_ar_003,5
2024,마라3089,ho_ar_004,5
2024,마라3089,ho_ar_005,5
2024,마라3089,ho_ar_007,0
2024,마라3089,ho_gb_002,8
2024,마라3089,ho_gb_006,0
2024,마라3089,ho_yr_001,8
2024,마라3089,ho_yr_003,5
2024,마라3089,ho_yr_014,0
2024,마라3089,to_ho_001,8
2024,마라3090,ho_ar_001,0
2024,마라3090,ho_ar_002,8
2024,마라3090,ho_ar_003,8
2024,마라3090,ho_ar_004,18
2024,마라3090,ho_ar_005,8
2024,마라3090,ho_ar_006,8
2024,마라3090,ho_ar_007,8
2024,마라3090,ho_ar_008,5
2024,마라3090,ho_gb_002,61
2024,마라3090,ho_gb_005,8
2024,마라3090,ho_gb_006,8
2024,마라3090,ho_yr_001,35
2024,마라3090,ho_yr_002,13
2024,마라3090,ho_yr_003,13
2024,마라3090,ho_yr_004,5
2024,마라3090,ho_yr_005,0
2024,마라3090,ho_yr_012,0
2024,마라3090,ho_yr_016,0
2024,마라3090,ho_yr_020,0
2024,마라3090,to_ho_001,65
2024,마라3091,ho_ar_002,0
2024,마라3091,ho_ar_003,5
2024,마라3091,ho_ar_004,8
2024,마라3091,ho_ar_005,8
2024,마라3091,ho_ar_006,5
2024,마라3091,ho_ar_007,0
2024,마라3091,ho_ar_008,5
2024,마라3091,ho_gb_002,18
2024,마라3091,ho_gb_005,8
2024,마라3091,ho_gb_006,38
2024,마라3091,ho_yr_001,8
2024,마라3091,ho_yr_002,5
2024,마라3091,ho_yr_003,8
2024,마라3091,ho_yr_004,5
2024,마라3091,ho_yr_007,0
2024,마라3091,ho_yr_009,0
2024,마라3091,ho_yr_010,0
2024,마라3091,to_ho_001,23
2024,마라3092,ho_ar_001,5
2024,마라3092,ho_ar_002,18
2024,마라3092,ho_ar_003,46
2024,마라3092,ho_ar_004,50
2024,마라3092,ho_ar_005,56
2024,마라3092,ho_ar_006,40
2024,마라3092,ho_ar_007,28
2024,마라3092,ho_ar_008,18
2024,마라3092,ho_ar_009,5
2024,마라3092,ho_gb_002,250
2024,마라3092,ho_gb_005,13
2024,마라3092,ho_gb_006,33
2024,마라3092,ho_yr_001,74
2024,마라3092,ho_yr_002,87
2024,마라3092,ho_yr_003,52
2024,마라3092,ho_yr_004,13
2024,마라3092,ho_yr_005,8
2024,마라3092,ho_yr_006,5
2024,마라3092,ho_yr_007,5
2024,마라3092,ho_yr_008,5
2024,마라3092,ho_yr_009,5
2024,마라3092,ho_yr_010,5
2024,마라3092,ho_yr_011,5
2024,마라3092,ho_yr_012,0
2024,마라3092,ho_yr_013,0
2024,마라3092,ho_yr_014,5
2024,마라3092,ho_yr_016,0
2024,마라3092,ho_yr_018,0
2024,마라3092,to_ho_001,262
2024,마라3093,ho_ar_002,5
2024,마라3093,ho_ar_003,13
2024,마라3093,ho_ar_004,18
2024,마라3093,ho_ar_005,13
2024,마라3093,ho_ar_006,8
2024,마라3093,ho_ar_007,5
2024,마라3093,ho_ar_008,5
2024,마라3093,ho_ar_009,5
2024,마라3093,ho_gb_002,69
2024,마라3093,ho_gb_005,0
2024,마라3093,ho_gb_006,8
2024,마라3093,ho_yr_001,18
2024,마라3093,ho_yr_002,5
2024,마라3093,ho_yr_003,8
2024,마라3093,ho_yr_004,5
2024,마라3093,ho_yr_005,8
2024,마라3093,ho_yr_006,5
2024,마라3093,ho_yr_007,5
2024,마라3093,ho_yr_009,5
2024,마라3093,ho_yr_010,0
2024,마라3093,ho_yr_011,5
2024,마라3093,ho_yr_014,5
2024,마라3093,ho_yr_015,5
2024,마라3093,ho_yr_016,5
2024,마라3093,ho_yr_018,5
2024,마라3093,ho_yr_019,5
2024,마라3093,to_ho_001,68
2024,마라3094,ho_gb_006,5
2024,마라3095,ho_ar_005,0
2024,마라3095,ho_gb_002,0
2024,마라3095,ho_gb_006,0
2024,마라3095,ho_yr_001,0
2024,마라3095,to_ho_001,0
2024,마라3097,ho_ar_001,5
2024,마라3097,ho_ar_008,5
2024,마라3097,ho_gb_002,5
2024,마라3097,ho_yr_001,0
2024,마라3097,ho_yr_005,0
2024,마라3097,to_ho_001,5
2024,마라3098,ho_ar_002,0
2024,마라3098,ho_ar_003,0
2024,마라3098,ho_gb_002,5
2024,마라3098,ho_yr_001,0
2024,마라3098,ho_yr_003,0
2024,마라3098,to_ho_001,5
2024,마라3180,ho_gb_006,0
2024,마라3181,ho_ar_005,5
2024,마라3181,ho_ar_007,0
2024,마라3181,ho_ar_008,5
2024,마라3181,ho_gb_002,8
2024,마라3181,ho_yr_003,8
2024,마라3181,ho_yr_007,0
2024,마라3181,ho_yr_009,0
2024,마라3181,to_ho_001,8
2024,마라3182,ho_ar_002,5
2024,마라3182,ho_ar_003,8
2024,마라3182,ho_ar_004,8
2024,마라3182,ho_ar_005,8
2024,마라3182,ho_ar_006,8
2024,마라3182,ho_ar_007,8
2024,마라3182,ho_ar_008,5
2024,마라3182,ho_ar_009,8
2024,마라3182,ho_gb_002,38
2024,마라3182,ho_gb_005,8
2024,마라3182,ho_gb_006,8
2024,마라3182,ho_yr_001,5
2024,마라3182,ho_yr_002,5
2024,마라3182,ho_yr_003,23
2024,마라3182,ho_yr_004,5
2024,마라3182,ho_yr_005,5
2024,마라3182,ho_yr_006,5
2024,마라3182,ho_yr_007,5
2024,마라3182,ho_yr_008,0
2024,마라3182,ho_yr_015,8
2024,마라3182,ho_yr_016,0
2024,마라3182,ho_yr_017,0
2024,마라3182,to_ho_001,43
2024,마라3183,ho_ar_001,0
2024,마라3183,ho_ar_002,8
2024,마라3183,ho_ar_003,5
2024,마라3183,ho_ar_004,5
2024,마라3183,ho_ar_005,18
2024,마라3183,ho_ar_006,8
2024,마라3183,ho_ar_007,5
2024,마라3183,ho_ar_008,8
2024,마라3183,ho_ar_009,5
2024,마라3183,ho_gb_002,50
2024,마라3183,ho_gb_005,8
2024,마라3183,ho_gb_006,28
2024,마라3183,ho_yr_001,8
2024,마라3183,ho_yr_002,5
2024,마라3183,ho_yr_003,23
2024,마라3183,ho_yr_004,13
2024,마라3183,ho_yr_005,5
2024,마라3183,ho_yr_006,5
2024,마라3183,ho_yr_007,8
2024,마라3183,ho_yr_012,5
2024,마라3183,ho_yr_013,0
2024,마라3183,ho_yr_014,5
2024,마라3183,ho_yr_015,0
2024,마라3183,ho_yr_019,5
2024,마라3183,to_ho_001,63
2024,마라3184,ho_ar_002,8
2024,마라3184,ho_ar_003,13
2024,마라3184,ho_ar_004,18
2024,마라3184,ho_ar_005,23
2024,마라3184,ho_ar_006,13
2024,마라3184,ho_ar_007,18
2024,마라3184,ho_ar_008,8
2024,마라3184,ho_ar_009,5
2024,마라3184,ho_gb_002,89
2024,마라3184,ho_gb_005,13
2024,마라3184,ho_gb_006,23
2024,마라3184,ho_yr_001,13
2024,마라3184,ho_yr_002,13
2024,마라3184,ho_yr_003,36
2024,마라3184,ho_yr_004,13
2024,마라3184,ho_yr_005,8
2024,마라3184,ho_yr_006,5
2024,마라3184,ho_yr_008,5
2024,마라3184,ho_yr_009,5
2024,마라3184,ho_yr_012,0
2024,마라3184,ho_yr_013,8
2024,마라3184,ho_yr_014,5
2024,마라3184,ho_yr_018,8
2024,마라3184,ho_yr_019,5
2024,마라3184,ho_yr_020,0
2024,마라3184,to_ho_001,101
2024,마라3185,ho_ar_002,5
2024,마라3185,ho_ar_003,5
2024,마라3185,ho_ar_004,5
2024,마라3185,ho_ar_005,8
2024,마라3185,ho_ar_006,5
2024,마라3185,ho_ar_007,5
2024,마라3185,ho_gb_002,13
2024,마라3185,ho_gb_005,5
2024,마라3185,ho_gb_006,18
2024,마라3185,ho_yr_001,5
2024,마라3185,ho_yr_003,8
2024,마라3185,ho_yr_004,0
2024,마라3185,ho_yr_005,5
2024,마라3185,ho_yr_010,0
2024,마라3185,ho_yr_012,0
2024,마라3185,ho_yr_015,0
2024,마라3185,to_ho_001,18
2024,마라3186,ho_ar_003,5
2024,마라3186,ho_ar_004,5
2024,마라3186,ho_ar_008,0
2024,마라3186,ho_gb_002,5
2024,마라3186,ho_gb_005,5
2024,마라3186,ho_gb_006,8
2024,마라3186,ho_yr_001,5
2024,마라3186,ho_yr_003,0
2024,마라3186,ho_yr_004,0
2024,마라3186,ho_yr_005,0
2024,마라3186,ho_yr_007,5
2024,마라3186,ho_yr_012,5
2024,마라3186,to_ho_001,8
2024,마라3188,ho_ar_003,31
2024,마라3188,ho_ar_004,77
2024,마라3188,ho_ar_006,17
2024,마라3188,ho_ar_008,12
2024,마라3188,ho_gb_003,140
2024,마라3188,ho_gb_006,54
2024,마라3188,ho_yr_008,140
2024,마라3188,to_ho_001,140
2024,마라3190,ho_ar_002,5
2024,마라3190,ho_ar_003,8
2024,마라3190,ho_ar_004,27
2024,마라3190,ho_ar_005,13
2024,마라3190,ho_ar_006,13
2024,마라3190,ho_ar_007,8
2024,마라3190,ho_ar_008,8
2024,마라3190,ho_ar_009,5
2024,마라3190,ho_gb_002,74
2024,마라3190,ho_gb_005,5
2024,마라3190,ho_gb_006,13
2024,마라3190,ho_yr_001,40
2024,마라3190,ho_yr_002,18
2024,마라3190,ho_yr_003,13
2024,마라3190,ho_yr_004,8
2024,마라3190,ho_yr_005,5
2024,마라3190,ho_yr_010,0
2024,마라3190,ho_yr_013,0
2024,마라3190,ho_yr_018,0
2024,마라3190,to_ho_001,75
2024,마라3191,ho_ar_001,0
2024,마라3191,ho_ar_002,5
2024,마라3191,ho_ar_003,8
2024,마라3191,ho_ar_004,33
2024,마라3191,ho_ar_005,23
2024,마라3191,ho_ar_006,23
2024,마라3191,ho_ar_007,18
2024,마라3191,ho_ar_008,8
2024,마라3191,ho_ar_009,5
2024,마라3191,ho_gb_002,121
2024,마라3191,ho_gb_005,5
2024,마라3191,ho_gb_006,48
2024,마라3191,ho_yr_001,52
2024,마라3191,ho_yr_002,18
2024,마라3191,ho_yr_003,28
2024,마라3191,ho_yr_004,8
2024,마라3191,ho_yr_005,8
2024,마라3191,ho_yr_006,0
2024,마라3191,ho_yr_009,0
2024,마라3191,ho_yr_010,0
2024,마라3191,ho_yr_012,0
2024,마라3191,ho_yr_013,5
2024,마라3191,ho_yr_014,5
2024,마라3191,ho_yr_015,5
2024,마라3191,ho_yr_018,0
2024,마라3191,ho_yr_019,0
2024,마라3191,to_ho_001,122
2024,마라3192,ho_ar_001,0
2024,마라3192,ho_ar_002,13
2024,마라3192,ho_ar_003,59
2024,마라3192,ho_ar_004,91
2024,마라3192,ho_ar_005,44
2024,마라3192,ho_ar_006,46
2024,마라3192,ho_ar_007,33
2024,마라3192,ho_ar_008,13
2024,마라3192,ho_ar_009,8
2024,마라3192,ho_gb_001,26
2024,마라3192,ho_gb_002,202
2024,마라3192,ho_gb_003,63
2024,마라3192,ho_gb_005,13
2024,마라3192,ho_gb_006,49
2024,마라3192,ho_yr_001,91
2024,마라3192,ho_yr_002,57
2024,마라3192,ho_yr_003,45
2024,마라3192,ho_yr_004,8
2024,마라3192,ho_yr_005,8
2024,마라3192,ho_yr_007,0
2024,마라3192,ho_yr_008,5
2024,마라3192,ho_yr_009,8
2024,마라3192,ho_yr_010,0
2024,마라3192,ho_yr_011,5
2024,마라3192,ho_yr_012,31
2024,마라3192,ho_yr_013,16
2024,마라3192,ho_yr_014,5
2024,마라3192,ho_yr_015,47
2024,마라3192,to_ho_001,306
2024,마라3193,ho_ar_002,0
2024,마라3193,ho_ar_004,5
2024,마라3193,ho_ar_005,0
2024,마라3193,ho_ar_006,5
2024,마라3193,ho_ar_007,0
2024,마라3193,ho_ar_008,5
2024,마라3193,ho_gb_002,8
2024,마라3193,ho_gb_005,5
2024,마라3193,ho_gb_006,8
2024,마라3193,ho_yr_001,0
2024,마라3193,ho_yr_003,5
2024,마라3193,ho_yr_004,5
2024,마라3193,ho_yr_005,5
2024,마라3193,to_ho_001,8
2024,마라3194,ho_ar_002,13
2024,마라3194,ho_ar_003,28
2024,마라3194,ho_ar_004,58
2024,마라3194,ho_ar_005,38
2024,마라3194,ho_ar_006,28
2024,마라3194,ho_ar_007,28
2024,마라3194,ho_ar_008,8
2024,마라3194,ho_ar_009,5
2024,마라3194,ho_gb_001,8
2024,마라3194,ho_gb_002,196
2024,마라3194,ho_gb_005,0
2024,마라3194,ho_gb_006,8
2024,마라3194,ho_yr_001,41
2024,마라3194,ho_yr_002,18
2024,마라3194,ho_yr_003,51
2024,마라3194,ho_yr_004,13
2024,마라3194,ho_yr_005,8
2024,마라3194,ho_yr_006,5
2024,마라3194,ho_yr_007,13
2024,마라3194,ho_yr_008,8
2024,마라3194,ho_yr_009,8
2024,마라3194,ho_yr_010,8
2024,마라3194,ho_yr_011,8
2024,마라3194,ho_yr_012,8
2024,마라3194,ho_yr_013,8
2024,마라3194,ho_yr_014,8
2024,마라3194,ho_yr_015,5
2024,마라3194,ho_yr_017,8
2024,마라3194,ho_yr_020,8
2024,마라3194,to_ho_001,199
2024,마라3195,ho_ar_002,5
2024,마라3195,ho_ar_003,5
2024,마라3195,ho_ar_004,8
2024,마라3195,ho_ar_005,5
2024,마라3195,ho_ar_006,0
2024,마라3195,ho_ar_007,5
2024,마라3195,ho_ar_008,0
2024,마라3195,ho_ar_009,0
2024,마라3195,ho_gb_002,22
2024,마라3195,ho_gb_006,8
2024,마라3195,ho_yr_001,8
2024,마라3195,ho_yr_002,5
2024,마라3195,ho_yr_003,8
2024,마라3195,ho_yr_005,0
2024,마라3195,ho_yr_007,0
2024,마라3195,ho_yr_008,5
2024,마라3195,ho_yr_010,0
2024,마라3195,ho_yr_012,0
2024,마라3195,ho_yr_015,5
2024,마라3195,ho_yr_016,0
2024,마라3195,to_ho_001,23
2024,마라3196,ho_gb_006,5
2024,마라3274,ho_gb_006,13
2024,마라3275,ho_ar_008,0
2024,마라3275,ho_gb_005,0
2024,마라3275,ho_gb_006,18
2024,마라3275,ho_yr_003,0
2024,마라3275,to_ho_001,0
2024,마라3276,ho_ar_002,13
2024,마라3276,ho_ar_003,23
2024,마라3276,ho_ar_004,13
2024,마라3276,ho_ar_005,5
2024,마라3276,ho_ar_006,5
2024,마라3276,ho_ar_007,8
2024,마라3276,ho_ar_008,5
2024,마라3276,ho_gb_002,51
2024,마라3276,ho_gb_005,5
2024,마라3276,ho_gb_006,58
2024,마라3276,ho_yr_001,5
2024,마라3276,ho_yr_002,23
2024,마라3276,ho_yr_003,30
2024,마라3276,to_ho_001,55
2024,마라3277,ho_gb_006,8
2024,마라3278,ho_ar_001,39
2024,마라3278,ho_ar_002,5
2024,마라3278,ho_ar_004,5
2024,마라3278,ho_ar_005,5
2024,마라3278,ho_ar_006,8
2024,마라3278,ho_ar_007,44
2024,마라3278,ho_ar_008,65
2024,마라3278,ho_ar_009,36
2024,마라3278,ho_gb_001,43
2024,마라3278,ho_gb_002,147
2024,마라3278,ho_gb_005,8
2024,마라3278,ho_gb_006,28
2024,마라3278,ho_yr_002,67
2024,마라3278,ho_yr_003,74
2024,마라3278,ho_yr_004,19
2024,마라3278,ho_yr_005,5
2024,마라3278,ho_yr_006,5
2024,마라3278,ho_yr_007,16
2024,마라3278,ho_yr_008,15
2024,마라3278,ho_yr_011,0
2024,마라3278,ho_yr_012,5
2024,마라3278,ho_yr_013,0
2024,마라3278,to_ho_001,196
2024,마라3279,ho_ar_001,33
2024,마라3279,ho_ar_002,59
2024,마라3279,ho_ar_003,95
2024,마라3279,ho_ar_004,1039
2024,마라3279,ho_ar_005,5
2024,마라3279,ho_ar_006,333
2024,마라3279,ho_ar_007,331
2024,마라3279,ho_ar_008,96
2024,마라3279,ho_ar_009,55
2024,마라3279,ho_gb_001,209
2024,마라3279,ho_gb_002,234
2024,마라3279,ho_gb_003,1558
2024,마라3279,ho_gb_004,17
2024,마라3279,ho_gb_005,28
2024,마라3279,ho_gb_006,122
2024,마라3279,ho_yr_001,5
2024,마라3279,ho_yr_002,111
2024,마라3279,ho_yr_003,1727
2024,마라3279,ho_yr_004,115
2024,마라3279,ho_yr_005,0
2024,마라3279,ho_yr_006,0
2024,마라3279,ho_yr_007,21
2024,마라3279,ho_yr_009,27
2024,마라3279,ho_yr_010,0
2024,마라3279,ho_yr_011,18
2024,마라3279,ho_yr_012,18
2024,마라3279,ho_yr_013,5
2024,마라3279,ho_yr_014,5
2024,마라3279,to_ho_001,2042
2024,마라3280,ho_ar_001,24
2024,마라3280,ho_ar_002,35
2024,마라3280,ho_ar_003,88
2024,마라3280,ho_ar_004,1434
2024,마라3280,ho_ar_005,5
2024,마라3280,ho_ar_006,8
2024,마라3280,ho_ar_007,8
2024,마라3280,ho_ar_009,5
2024,마라3280,ho_gb_001,83
2024,마라3280,ho_gb_002,12
2024,마라3280,ho_gb_003,1494
2024,마라3280,ho_gb_005,8
2024,마라3280,ho_gb_006,56
2024,마라3280,ho_yr_001,0
2024,마라3280,ho_yr_002,8
2024,마라3280,ho_yr_003,1285
2024,마라3280,ho_yr_004,146
2024,마라3280,ho_yr_005,5
2024,마라3280,ho_yr_007,38
2024,마라3280,ho_yr_008,37
2024,마라3280,ho_yr_011,15
2024,마라3280,ho_yr_013,59
2024,마라3280,ho_yr_014,8
2024,마라3280,to_ho_001,1596
2024,마라3284,ho_ar_001,0
2024,마라3284,ho_ar_002,5
2024,마라3284,ho_ar_003,8
2024,마라3284,ho_ar_004,13
2024,마라3284,ho_ar_005,8
2024,마라3284,ho_ar_006,5
2024,마라3284,ho_ar_007,8
2024,마라3284,ho_ar_008,5
2024,마라3284,ho_gb_001,5
2024,마라3284,ho_gb_002,39
2024,마라3284,ho_gb_005,8
2024,마라3284,ho_gb_006,8
2024,마라3284,ho_yr_001,8
2024,마라3284,ho_yr_002,8
2024,마라3284,ho_yr_003,13
2024,마라3284,ho_yr_004,5
2024,마라3284,ho_yr_005,0
2024,마라3284,ho_yr_007,0
2024,마라3284,ho_yr_008,5
2024,마라3284,ho_yr_013,8
2024,마라3284,ho_yr_015,0
2024,마라3284,ho_yr_016,5
2024,마라3284,ho_yr_018,5
2024,마라3284,to_ho_001,48
2024,마라3285,ho_ar_002,5
2024,마라3285,ho_ar_003,0
2024,마라3285,ho_ar_004,8
2024,마라3285,ho_ar_005,8
2024,마라3285,ho_ar_006,5
2024,마라3285,ho_ar_007,8
2024,마라3285,ho_ar_008,5
2024,마라3285,ho_ar_009,5
2024,마라3285,ho_gb_002,28
2024,마라3285,ho_gb_006,8
2024,마라3285,ho_yr_001,5
2024,마라3285,ho_yr_002,8
2024,마라3285,ho_yr_003,8
2024,마라3285,ho_yr_004,5
2024,마라3285,ho_yr_005,8
2024,마라3285,ho_yr_010,0
2024,마라3285,ho_yr_012,5
2024,마라3285,to_ho_001,28
2024,마라3286,ho_ar_002,5
2024,마라3286,ho_ar_003,5
2024,마라3286,ho_ar_004,5
2024,마라3286,ho_ar_005,5
2024,마라3286,ho_ar_006,5
2024,마라3286,ho_ar_007,5
2024,마라3286,ho_ar_008,5
2024,마라3286,ho_ar_009,5
2024,마라3286,ho_gb_002,23
2024,마라3286,ho_gb_005,0
2024,마라3286,ho_gb_006,48
2024,마라3286,ho_yr_001,8
2024,마라3286,ho_yr_002,8
2024,마라3286,ho_yr_003,5
2024,마라3286,ho_yr_004,5
2024,마라3286,ho_yr_005,5
2024,마라3286,ho_yr_006,0
2024,마라3286,ho_yr_008,5
2024,마라3286,to_ho_001,23
2024,마라3287,ho_ar_002,26
2024,마라3287,ho_ar_003,13
2024,마라3287,ho_ar_004,144
2024,마라3287,ho_ar_005,18
2024,마라3287,ho_ar_006,46
2024,마라3287,ho_ar_007,54
2024,마라3287,ho_ar_008,44
2024,마라3287,ho_ar_009,31
2024,마라3287,ho_gb_002,226
2024,마라3287,ho_gb_003,141
2024,마라3287,ho_gb_005,8
2024,마라3287,ho_gb_006,71
2024,마라3287,ho_yr_001,38
2024,마라3287,ho_yr_002,21
2024,마라3287,ho_yr_003,76
2024,마라3287,ho_yr_004,43
2024,마라3287,ho_yr_005,18
2024,마라3287,ho_yr_006,0
2024,마라3287,ho_yr_007,5
2024,마라3287,ho_yr_008,8
2024,마라3287,ho_yr_009,5
2024,마라3287,ho_yr_010,5
2024,마라3287,ho_yr_011,8
2024,마라3287,ho_yr_012,8
2024,마라3287,ho_yr_013,5
2024,마라3287,ho_yr_014,8
2024,마라3287,ho_yr_015,5
2024,마라3287,ho_yr_017,141
2024,마라3287,ho_yr_019,0
2024,마라3287,to_ho_001,375
2024,마라3288,ho_ar_002,13
2024,마라3288,ho_ar_003,19
2024,마라3288,ho_ar_004,184
2024,마라3288,ho_ar_005,23
2024,마라3288,ho_ar_006,65
2024,마라3288,ho_ar_007,38
2024,마라3288,ho_ar_008,49
2024,마라3288,ho_ar_009,18
2024,마라3288,ho_gb_002,191
2024,마라3288,ho_gb_003,197
2024,마라3288,ho_gb_004,0
2024,마라3288,ho_gb_005,13
2024,마라3288,ho_gb_006,44
2024,마라3288,ho_yr_001,38
2024,마라3288,ho_yr_002,24
2024,마라3288,ho_yr_003,23
2024,마라3288,ho_yr_004,94
2024,마라3288,ho_yr_005,8
2024,마라3288,ho_yr_006,5
2024,마라3288,ho_yr_008,202
2024,마라3288,ho_yr_009,5
2024,마라3288,ho_yr_011,5
2024,마라3288,ho_yr_012,5
2024,마라3288,ho_yr_013,8
2024,마라3288,ho_yr_014,0
2024,마라3288,ho_yr_015,0
2024,마라3288,ho_yr_016,5
2024,마라3288,ho_yr_017,0
2024,마라3288,ho_yr_019,0
2024,마라3288,ho_yr_020,0
2024,마라3288,to_ho_001,404
2024,마라3289,ho_ar_004,5
2024,마라3289,ho_ar_005,8
2024,마라3289,ho_ar_006,5
2024,마라3289,ho_ar_007,8
2024,마라3289,ho_ar_008,5
2024,마라3289,ho_gb_002,21
2024,마라3289,ho_gb_005,5
2024,마라3289,ho_gb_006,13
2024,마라3289,ho_yr_001,5
2024,마라3289,ho_yr_003,8
2024,마라3289,ho_yr_004,11
2024,마라3289,ho_yr_005,5
2024,마라3289,ho_yr_009,5
2024,마라3289,to_ho_001,24
2024,마라3290,ho_ar_002,0
2024,마라3290,ho_ar_003,5
2024,마라3290,ho_ar_004,0
2024,마라3290,ho_ar_005,5
2024,마라3290,ho_ar_006,5
2024,마라3290,ho_ar_007,5
2024,마라3290,ho_ar_008,0
2024,마라3290,ho_ar_009,5
2024,마라3290,ho_gb_002,13
2024,마라3290,ho_gb_005,0
2024,마라3290,ho_gb_006,8
2024,마라3290,ho_yr_001,5
2024,마라3290,ho_yr_002,0
2024,마라3290,ho_yr_003,5
2024,마라3290,ho_yr_004,5
2024,마라3290,ho_yr_006,0
2024,마라3290,to_ho_001,13
2024,마라3291,ho_ar_002,5
2024,마라3291,ho_ar_003,5
2024,마라3291,ho_ar_004,8
2024,마라3291,ho_ar_005,14
2024,마라3291,ho_ar_006,8
2024,마라3291,ho_ar_007,5
2024,마라3291,ho_ar_008,0
2024,마라3291,ho_ar_009,5
2024,마라3291,ho_gb_002,39
2024,마라3291,ho_gb_005,5
2024,마라3291,ho_gb_006,8
2024,마라3291,ho_yr_001,14
2024,마라3291,ho_yr_002,8
2024,마라3291,ho_yr_003,13
2024,마라3291,ho_yr_004,5
2024,마라3291,ho_yr_005,5
2024,마라3291,ho_yr_010,0
2024,마라3291,ho_yr_011,5
2024,마라3291,ho_yr_013,5
2024,마라3291,ho_yr_015,0
2024,마라3291,to_ho_001,44
2024,마라3292,ho_ar_002,13
2024,마라3292,ho_ar_003,51
2024,마라3292,ho_ar_004,68
2024,마라3292,ho_ar_005,23
2024,마라3292,ho_ar_006,23
2024,마라3292,ho_ar_007,18
2024,마라3292,ho_ar_008,18
2024,마라3292,ho_ar_009,8
2024,마라3292,ho_gb_001,28
2024,마라3292,ho_gb_002,149
2024,마라3292,ho_gb_004,36
2024,마라3292,ho_gb_005,8
2024,마라3292,ho_gb_006,23
2024,마라3292,ho_yr_001,66
2024,마라3292,ho_yr_002,38
2024,마라3292,ho_yr_003,69
2024,마라3292,ho_yr_004,8
2024,마라3292,ho_yr_005,8
2024,마라3292,ho_yr_010,5
2024,마라3292,ho_yr_011,0
2024,마라3292,ho_yr_012,0
2024,마라3292,ho_yr_013,33
2024,마라3292,ho_yr_014,5
2024,마라3292,ho_yr_020,0
2024,마라3292,to_ho_001,220
2024,마라3293,ho_ar_002,0
2024,마라3293,ho_ar_003,5
2024,마라3293,ho_ar_004,13
2024,마라3293,ho_ar_005,13
2024,마라3293,ho_ar_006,5
2024,마라3293,ho_ar_007,5
2024,마라3293,ho_ar_009,0
2024,마라3293,ho_gb_002,39
2024,마라3293,ho_gb_005,5
2024,마라3293,ho_gb_006,8
2024,마라3293,ho_yr_001,8
2024,마라3293,ho_yr_002,5
2024,마라3293,ho_yr_003,18
2024,마라3293,ho_yr_004,5
2024,마라3293,ho_yr_005,8
2024,마라3293,ho_yr_006,5
2024,마라3293,ho_yr_008,0
2024,마라3293,ho_yr_012,5
2024,마라3293,ho_yr_016,5
2024,마라3293,to_ho_001,43
2024,마라3294,ho_ar_001,0
2024,마라3294,ho_ar_002,0
2024,마라3294,ho_ar_003,5
2024,마라3294,ho_ar_004,12
2024,마라3294,ho_ar_005,8
2024,마라3294,ho_ar_006,8
2024,마라3294,ho_ar_007,5
2024,마라3294,ho_ar_008,5
2024,마라3294,ho_gb_002,28
2024,마라3294,ho_gb_005,0
2024,마라3294,ho_gb_006,8
2024,마라3294,ho_yr_001,11
2024,마라3294,ho_yr_002,5
2024,마라3294,ho_yr_003,11
2024,마라3294,ho_yr_004,0
2024,마라3294,ho_yr_005,5
2024,마라3294,ho_yr_016,5
2024,마라3294,ho_yr_018,5
2024,마라3294,to_ho_001,30
2024,마라3295,ho_ar_002,8
2024,마라3295,ho_ar_003,13
2024,마라3295,ho_ar_004,24
2024,마라3295,ho_ar_005,23
2024,마라3295,ho_ar_006,8
2024,마라3295,ho_ar_007,5
2024,마라3295,ho_ar_008,8
2024,마라3295,ho_ar_009,0
2024,마라3295,ho_gb_002,81
2024,마라3295,ho_gb_005,5
2024,마라3295,ho_gb_006,5
2024,마라3295,ho_yr_001,13
2024,마라3295,ho_yr_002,13
2024,마라3295,ho_yr_003,19
2024,마라3295,ho_yr_004,13
2024,마라3295,ho_yr_005,8
2024,마라3295,ho_yr_007,5
2024,마라3295,ho_yr_008,0
2024,마라3295,ho_yr_009,5
2024,마라3295,ho_yr_010,5
2024,마라3295,ho_yr_012,5
2024,마라3295,ho_yr_013,5
2024,마라3295,ho_yr_014,5
2024,마라3295,ho_yr_016,5
2024,마라3295,ho_yr_019,0
2024,마라3295,to_ho_001,84
2024,마라3296,ho_ar_002,0
2024,마라3296,ho_ar_003,0
2024,마라3296,ho_ar_004,14
2024,마라3296,ho_ar_005,5
2024,마라3296,ho_ar_006,5
2024,마라3296,ho_ar_007,0
2024,마라3296,ho_gb_002,21
2024,마라3296,ho_gb_006,5
2024,마라3296,ho_yr_001,5
2024,마라3296,ho_yr_002,5
2024,마라3296,ho_yr_003,5
2024,마라3296,ho_yr_004,5
2024,마라3296,ho_yr_005,5
2024,마라3296,ho_yr_006,0
2024,마라3296,ho_yr_011,0
2024,마라3296,to_ho_001,18
2024,마라3297,ho_ar_002,5
2024,마라3297,ho_ar_003,5
2024,마라3297,ho_ar_004,0
2024,마라3297,ho_ar_005,5
2024,마라3297,ho_ar_007,5
2024,마라3297,ho_gb_002,13
2024,마라3297,ho_gb_006,5
2024,마라3297,ho_yr_001,8
2024,마라3297,ho_yr_004,8
2024,마라3297,ho_yr_005,5
2024,마라3297,to_ho_001,13
2024,마라3373,ho_ar_002,1389
2024,마라3373,ho_ar_003,2248
2024,마라3373,ho_ar_004,128
2024,마라3373,ho_ar_005,293
2024,마라3373,ho_ar_006,5
2024,마라3373,ho_ar_007,664
2024,마라3373,ho_ar_008,0
2024,마라3373,ho_gb_002,8
2024,마라3373,ho_gb_003,4706
2024,마라3373,ho_gb_005,5
2024,마라3373,ho_gb_006,16
2024,마라3373,ho_yr_001,0
2024,마라3373,ho_yr_002,5
2024,마라3373,ho_yr_003,4708
2024,마라3373,ho_yr_004,5
2024,마라3373,to_ho_001,4716
2024,마라3374,ho_ar_002,713
2024,마라3374,ho_ar_003,1649
2024,마라3374,ho_ar_004,2255
2024,마라3374,ho_ar_005,27
2024,마라3374,ho_ar_006,828
2024,마라3374,ho_ar_007,203
2024,마라3374,ho_ar_008,187
2024,마라3374,ho_ar_009,58
2024,마라3374,ho_gb_001,66
2024,마라3374,ho_gb_002,278
2024,마라3374,ho_gb_003,4965
2024,마라3374,ho_gb_004,592
2024,마라3374,ho_gb_005,13
2024,마라3374,ho_gb_006,18
2024,마라3374,ho_yr_001,19
2024,마라3374,ho_yr_002,516
2024,마라3374,ho_yr_003,1986
2024,마라3374,ho_yr_004,28
2024,마라3374,ho_yr_005,3283
2024,마라3374,ho_yr_019,0
2024,마라3374,ho_yr_020,89
2024,마라3374,to_ho_001,5920
2024,마라3375,ho_ar_001,5
2024,마라3375,ho_ar_002,8
2024,마라3375,ho_ar_003,5
2024,마라3375,ho_ar_004,12
2024,마라3375,ho_ar_005,0
2024,마라3375,ho_ar_006,0
2024,마라3375,ho_gb_002,22
2024,마라3375,ho_gb_005,0
2024,마라3375,ho_gb_006,5
2024,마라3375,ho_yr_001,11
2024,마라3375,ho_yr_002,8
2024,마라3375,ho_yr_003,5
2024,마라3375,to_ho_001,24
2024,마라3376,ho_ar_002,13
2024,마라3376,ho_ar_003,1471
2024,마라3376,ho_ar_004,598
2024,마라3376,ho_ar_005,22
2024,마라3376,ho_ar_006,16
2024,마라3376,ho_ar_007,8
2024,마라3376,ho_ar_008,13
2024,마라3376,ho_ar_009,5
2024,마라3376,ho_gb_001,31
2024,마라3376,ho_gb_002,133
2024,마라3376,ho_gb_003,1950
2024,마라3376,ho_gb_004,28
2024,마라3376,ho_gb_005,5
2024,마라3376,ho_gb_006,41
2024,마라3376,ho_yr_001,44
2024,마라3376,ho_yr_002,67
2024,마라3376,ho_yr_003,138
2024,마라3376,ho_yr_004,16
2024,마라3376,ho_yr_005,1870
2024,마라3376,ho_yr_010,14
2024,마라3376,to_ho_001,2143
2024,마라3377,ho_ar_001,48
2024,마라3377,ho_ar_002,87
2024,마라3377,ho_ar_003,387
2024,마라3377,ho_ar_004,858
2024,마라3377,ho_ar_005,263
2024,마라3377,ho_ar_006,180
2024,마라3377,ho_ar_007,40
2024,마라3377,ho_ar_008,84
2024,마라3377,ho_ar_009,13
2024,마라3377,ho_gb_001,274
2024,마라3377,ho_gb_002,969
2024,마라3377,ho_gb_003,644
2024,마라3377,ho_gb_004,38
2024,마라3377,ho_gb_005,29
2024,마라3377,ho_gb_006,108
2024,마라3377,ho_yr_001,264
2024,마라3377,ho_yr_002,680
2024,마라3377,ho_yr_003,458
2024,마라3377,ho_yr_004,77
2024,마라3377,ho_yr_005,5
2024,마라3377,ho_yr_007,102
2024,마라3377,ho_yr_008,14
2024,마라3377,ho_yr_009,0
2024,마라3377,ho_yr_010,60
2024,마라3377,ho_yr_011,0
2024,마라3377,ho_yr_012,12
2024,마라3377,ho_yr_020,281
2024,마라3377,to_ho_001,1954
2024,마라3378,ho_ar_002,5
2024,마라3378,ho_ar_003,686
2024,마라3378,ho_ar_004,2941
2024,마라3378,ho_ar_005,17
2024,마라3378,ho_ar_006,192
2024,마라3378,ho_ar_007,288
2024,마라3378,ho_ar_008,23
2024,마라3378,ho_ar_009,15
2024,마라3378,ho_gb_001,40
2024,마라3378,ho_gb_002,55
2024,마라3378,ho_gb_003,4052
2024,마라3378,ho_gb_005,8
2024,마라3378,ho_gb_006,276
2024,마라3378,ho_yr_001,5
2024,마라3378,ho_yr_002,23
2024,마라3378,ho_yr_003,2810
2024,마라3378,ho_yr_004,54
2024,마라3378,ho_yr_005,0
2024,마라3378,ho_yr_007,5
2024,마라3378,ho_yr_010,5
2024,마라3378,ho_yr_012,291
2024,마라3378,ho_yr_013,5
2024,마라3378,ho_yr_014,0
2024,마라3378,ho_yr_017,969
2024,마라3378,to_ho_001,4152
2024,마라3379,ho_ar_001,403
2024,마라3379,ho_ar_002,489
2024,마라3379,ho_ar_003,1088
2024,마라3379,ho_ar_004,3349
2024,마라3379,ho_ar_005,79
2024,마라3379,ho_ar_006,291
2024,마라3379,ho_ar_007,210
2024,마라3379,ho_ar_008,85
2024,마라3379,ho_ar_009,48
2024,마라3379,ho_gb_001,1273
2024,마라3379,ho_gb_002,592
2024,마라3379,ho_gb_003,3951
2024,마라3379,ho_gb_004,144
2024,마라3379,ho_gb_005,82
2024,마라3379,ho_gb_006,1848
2024,마라3379,ho_yr_001,270
2024,마라3379,ho_yr_002,684
2024,마라3379,ho_yr_003,2601
2024,마라3379,ho_yr_004,1305
2024,마라3379,ho_yr_005,26
2024,마라3379,ho_yr_006,28
2024,마라3379,ho_yr_007,96
2024,마라3379,ho_yr_008,182
2024,마라3379,ho_yr_009,153
2024,마라3379,ho_yr_010,121
2024,마라3379,ho_yr_011,64
2024,마라3379,ho_yr_012,58
2024,마라3379,ho_yr_013,83
2024,마라3379,ho_yr_014,91
2024,마라3379,ho_yr_015,65
2024,마라3379,ho_yr_016,17
2024,마라3379,ho_yr_017,158
2024,마라3379,ho_yr_018,46
2024,마라3379,ho_yr_019,5
2024,마라3379,to_ho_001,6040
2024,마라3380,ho_ar_001,1102
2024,마라3380,ho_ar_002,686
2024,마라3380,ho_ar_003,1798
2024,마라3380,ho_ar_004,2094
2024,마라3380,ho_ar_005,63
2024,마라3380,ho_ar_006,275
2024,마라3380,ho_ar_007,243
2024,마라3380,ho_ar_008,158
2024,마라3380,ho_ar_009,84
2024,마라3380,ho_gb_001,1861
2024,마라3380,ho_gb_002,661
2024,마라3380,ho_gb_003,3319
2024,마라3380,ho_gb_004,531
2024,마라3380,ho_gb_005,130
2024,마라3380,ho_gb_006,1731
2024,마라3380,ho_yr_001,334
2024,마라3380,ho_yr_002,2116
2024,마라3380,ho_yr_003,1194
2024,마라3380,ho_yr_004,920
2024,마라3380,ho_yr_005,148
2024,마라3380,ho_yr_006,8
2024,마라3380,ho_yr_007,78
2024,마라3380,ho_yr_008,348
2024,마라3380,ho_yr_009,223
2024,마라3380,ho_yr_010,100
2024,마라3380,ho_yr_011,113
2024,마라3380,ho_yr_012,104
2024,마라3380,ho_yr_013,150
2024,마라3380,ho_yr_014,135
2024,마라3380,ho_yr_015,214
2024,마라3380,ho_yr_016,79
2024,마라3380,ho_yr_017,76
2024,마라3380,ho_yr_018,76
2024,마라3380,ho_yr_019,91
2024,마라3380,to_ho_001,6503
2024,마라3381,ho_ar_003,628
2024,마라3381,ho_ar_004,1324
2024,마라3381,ho_ar_005,5
2024,마라3381,ho_ar_006,242
2024,마라3381,ho_ar_009,0
2024,마라3381,ho_gb_003,2194
2024,마라3381,ho_gb_005,8
2024,마라3381,ho_gb_006,14
2024,마라3381,ho_yr_003,414
2024,마라3381,ho_yr_004,1780
2024,마라3381,ho_yr_005,0
2024,마라3381,ho_yr_012,0
2024,마라3381,to_ho_001,2199
2024,마라3382,ho_ar_001,25
2024,마라3382,ho_ar_002,13
2024,마라3382,ho_ar_003,105
2024,마라3382,ho_ar_004,509
2024,마라3382,ho_ar_005,8
2024,마라3382,ho_ar_006,26
2024,마라3382,ho_ar_007,28
2024,마라3382,ho_ar_008,20
2024,마라3382,ho_ar_009,5
2024,마라3382,ho_gb_001,206
2024,마라3382,ho_gb_002,85
2024,마라3382,ho_gb_003,429
2024,마라3382,ho_gb_005,8
2024,마라3382,ho_gb_006,28
2024,마라3382,ho_yr_001,13
2024,마라3382,ho_yr_002,44
2024,마라3382,ho_yr_003,504
2024,마라3382,ho_yr_004,63
2024,마라3382,ho_yr_005,61
2024,마라3382,ho_yr_006,5
2024,마라3382,ho_yr_007,12
2024,마라3382,ho_yr_008,28
2024,마라3382,ho_yr_009,0
2024,마라3382,ho_yr_013,5
2024,마라3382,to_ho_001,729
2024,마라3383,ho_ar_004,0
2024,마라3383,ho_gb_005,0
2024,마라3383,ho_gb_006,18
2024,마라3383,ho_yr_002,0
2024,마라3383,to_ho_001,0
2024,마라3384,ho_gb_006,5
2024,마라3389,ho_ar_002,0
2024,마라3389,ho_ar_004,5
2024,마라3389,ho_ar_005,8
2024,마라3389,ho_ar_006,13
2024,마라3389,ho_ar_007,8
2024,마라3389,ho_ar_008,8
2024,마라3389,ho_ar_009,5
2024,마라3389,ho_gb_002,38
2024,마라3389,ho_gb_005,5
2024,마라3389,ho_gb_006,8
2024,마라3389,ho_yr_001,8
2024,마라3389,ho_yr_002,5
2024,마라3389,ho_yr_003,5
2024,마라3389,ho_yr_004,22
2024,마라3389,ho_yr_005,5
2024,마라3389,ho_yr_006,0
2024,마라3389,ho_yr_012,5
2024,마라3389,ho_yr_016,0
2024,마라3389,to_ho_001,40
2024,마라3390,ho_ar_002,5
2024,마라3390,ho_ar_003,8
2024,마라3390,ho_ar_004,18
2024,마라3390,ho_ar_005,8
2024,마라3390,ho_ar_006,13
2024,마라3390,ho_ar_007,5
2024,마라3390,ho_ar_008,8
2024,마라3390,ho_ar_009,0
2024,마라3390,ho_gb_002,56
2024,마라3390,ho_gb_005,8
2024,마라3390,ho_gb_006,18
2024,마라3390,ho_yr_001,18
2024,마라3390,ho_yr_002,13
2024,마라3390,ho_yr_003,8
2024,마라3390,ho_yr_004,13
2024,마라3390,ho_yr_009,5
2024,마라3390,ho_yr_010,0
2024,마라3390,ho_yr_011,5
2024,마라3390,ho_yr_013,5
2024,마라3390,ho_yr_014,0
2024,마라3390,ho_yr_017,0
2024,마라3390,ho_yr_018,0
2024,마라3390,to_ho_001,63
2024,마라3391,ho_ar_004,8
2024,마라3391,ho_ar_005,5
2024,마라3391,ho_ar_006,0
2024,마라3391,ho_ar_007,0
2024,마라3391,ho_ar_008,5
2024,마라3391,ho_gb_002,12
2024,마라3391,ho_yr_001,8
2024,마라3391,ho_yr_002,8
2024,마라3391,ho_yr_003,0
2024,마라3391,ho_yr_005,0
2024,마라3391,ho_yr_013,0
2024,마라3391,to_ho_001,13
2024,마라3392,ho_ar_001,5
2024,마라3392,ho_ar_002,13
2024,마라3392,ho_ar_003,23
2024,마라3392,ho_ar_004,61
2024,마라3392,ho_ar_005,55
2024,마라3392,ho_ar_006,49
2024,마라3392,ho_ar_007,39
2024,마라3392,ho_ar_008,23
2024,마라3392,ho_ar_009,8
2024,마라3392,ho_gb_002,259
2024,마라3392,ho_gb_005,13
2024,마라3392,ho_gb_006,33
2024,마라3392,ho_yr_001,119
2024,마라3392,ho_yr_002,50
2024,마라3392,ho_yr_003,48
2024,마라3392,ho_yr_004,13
2024,마라3392,ho_yr_005,8
2024,마라3392,ho_yr_006,0
2024,마라3392,ho_yr_009,5
2024,마라3392,ho_yr_010,8
2024,마라3392,ho_yr_011,8
2024,마라3392,ho_yr_012,8
2024,마라3392,ho_yr_013,5
2024,마라3392,ho_yr_014,8
2024,마라3392,ho_yr_017,5
2024,마라3392,ho_yr_018,5
2024,마라3392,ho_yr_020,0
2024,마라3392,to_ho_001,271
2024,마라3393,ho_ar_001,5
2024,마라3393,ho_ar_002,5
2024,마라3393,ho_ar_003,13
2024,마라3393,ho_ar_004,19
2024,마라3393,ho_ar_005,23
2024,마라3393,ho_ar_006,13
2024,마라3393,ho_ar_007,8
2024,마라3393,ho_ar_008,8
2024,마라3393,ho_ar_009,5
2024,마라3393,ho_gb_002,84
2024,마라3393,ho_gb_005,5
2024,마라3393,ho_gb_006,8
2024,마라3393,ho_yr_001,19
2024,마라3393,ho_yr_002,18
2024,마라3393,ho_yr_003,19
2024,마라3393,ho_yr_004,8
2024,마라3393,ho_yr_005,13
2024,마라3393,ho_yr_007,0
2024,마라3393,ho_yr_008,5
2024,마라3393,ho_yr_009,0
2024,마라3393,ho_yr_011,0
2024,마라3393,ho_yr_012,5
2024,마라3393,ho_yr_013,5
2024,마라3393,ho_yr_018,5
2024,마라3393,ho_yr_019,5
2024,마라3393,to_ho_001,90
2024,마라3394,ho_ar_002,5
2024,마라3394,ho_ar_003,0
2024,마라3394,ho_ar_004,8
2024,마라3394,ho_ar_005,13
2024,마라3394,ho_ar_007,8
2024,마라3394,ho_ar_008,5
2024,마라3394,ho_gb_002,33
2024,마라3394,ho_gb_006,5
2024,마라3394,ho_yr_001,5
2024,마라3394,ho_yr_002,0
2024,마라3394,ho_yr_003,13
2024,마라3394,ho_yr_004,5
2024,마라3394,ho_yr_005,0
2024,마라3394,ho_yr_006,5
2024,마라3394,ho_yr_010,5
2024,마라3394,ho_yr_011,5
2024,마라3394,to_ho_001,33
2024,마라3395,ho_ar_002,8
2024,마라3395,ho_ar_003,8
2024,마라3395,ho_ar_004,38
2024,마라3395,ho_ar_005,30
2024,마라3395,ho_ar_006,13
2024,마라3395,ho_ar_007,5
2024,마라3395,ho_ar_008,5
2024,마라3395,ho_ar_009,0
2024,마라3395,ho_gb_002,97
2024,마라3395,ho_gb_005,5
2024,마라3395,ho_gb_006,5
2024,마라3395,ho_yr_001,13
2024,마라3395,ho_yr_002,13
2024,마라3395,ho_yr_003,40
2024,마라3395,ho_yr_004,8
2024,마라3395,ho_yr_005,8
2024,마라3395,ho_yr_006,5
2024,마라3395,ho_yr_007,5
2024,마라3395,ho_yr_008,5
2024,마라3395,ho_yr_009,8
2024,마라3395,ho_yr_010,0
2024,마라3395,ho_yr_011,5
2024,마라3395,ho_yr_013,5
2024,마라3395,ho_yr_014,5
2024,마라3395,ho_yr_017,0
2024,마라3395,ho_yr_018,8
2024,마라3395,to_ho_001,105
2024,마라3396,ho_gb_006,0
2024,마라3398,ho_ar_004,0
2024,마라3398,ho_ar_005,0
2024,마라3398,ho_ar_006,0
2024,마라3398,ho_gb_002,5
2024,마라3398,ho_gb_006,5
2024,마라3398,ho_yr_003,0
2024,마라3398,ho_yr_008,0
2024,마라3398,ho_yr_012,0
2024,마라3398,to_ho_001,5
2024,마라3399,ho_gb_006,0
2024,마라3473,ho_ar_002,0
2024,마라3473,ho_ar_003,554
2024,마라3473,ho_ar_004,340
2024,마라3473,ho_ar_005,5
2024,마라3473,ho_ar_006,126
2024,마라3473,ho_ar_007,144
2024,마라3473,ho_ar_009,5
2024,마라3473,ho_gb_002,14
2024,마라3473,ho_gb_003,1148
2024,마라3473,ho_gb_005,0
2024,마라3473,ho_gb_006,8
2024,마라3473,ho_yr_001,0
2024,마라3473,ho_yr_002,5
2024,마라3473,ho_yr_003,1149
2024,마라3473,ho_yr_004,5
2024,마라3473,ho_yr_005,0
2024,마라3473,to_ho_001,1162
2024,마라3474,ho_ar_001,33
2024,마라3474,ho_ar_002,70
2024,마라3474,ho_ar_003,404
2024,마라3474,ho_ar_004,1496
2024,마라3474,ho_ar_005,52
2024,마라3474,ho_ar_006,274
2024,마라3474,ho_ar_007,486
2024,마라3474,ho_ar_008,263
2024,마라3474,ho_ar_009,60
2024,마라3474,ho_gb_001,99
2024,마라3474,ho_gb_002,516
2024,마라3474,ho_gb_003,2150
2024,마라3474,ho_gb_004,327
2024,마라3474,ho_gb_005,42
2024,마라3474,ho_gb_006,109
2024,마라3474,ho_yr_001,115
2024,마라3474,ho_yr_002,341
2024,마라3474,ho_yr_003,2012
2024,마라3474,ho_yr_004,88
2024,마라3474,ho_yr_005,309
2024,마라3474,ho_yr_008,5
2024,마라3474,ho_yr_009,64
2024,마라3474,ho_yr_010,24
2024,마라3474,ho_yr_011,80
2024,마라3474,ho_yr_012,6
2024,마라3474,ho_yr_013,105
2024,마라3474,ho_yr_014,5
2024,마라3474,ho_yr_015,5
2024,마라3474,ho_yr_016,0
2024,마라3474,ho_yr_019,0
2024,마라3474,to_ho_001,3139
2024,마라3475,ho_ar_002,1197
2024,마라3475,ho_ar_003,1014
2024,마라3475,ho_ar_004,2150
2024,마라3475,ho_ar_005,8
2024,마라3475,ho_ar_006,656
2024,마라3475,ho_ar_007,8
2024,마라3475,ho_ar_008,17
2024,마라3475,ho_ar_009,16
2024,마라3475,ho_gb_001,80
2024,마라3475,ho_gb_002,57
2024,마라3475,ho_gb_003,4917
2024,마라3475,ho_gb_005,13
2024,마라3475,ho_gb_006,13
2024,마라3475,ho_yr_002,336
2024,마라3475,ho_yr_003,3811
2024,마라3475,ho_yr_008,914
2024,마라3475,ho_yr_011,5
2024,마라3475,ho_yr_013,0
2024,마라3475,to_ho_001,5063
2024,마라3476,ho_ar_001,20
2024,마라3476,ho_ar_002,60
2024,마라3476,ho_ar_003,1060
2024,마라3476,ho_ar_004,2805
2024,마라3476,ho_ar_005,98
2024,마라3476,ho_ar_006,118
2024,마라3476,ho_ar_007,38
2024,마라3476,ho_ar_008,54
2024,마라3476,ho_ar_009,50
2024,마라3476,ho_gb_001,348
2024,마라3476,ho_gb_002,405
2024,마라3476,ho_gb_003,3432
2024,마라3476,ho_gb_004,96
2024,마라3476,ho_gb_005,23
2024,마라3476,ho_gb_006,103
2024,마라3476,ho_yr_001,135
2024,마라3476,ho_yr_002,784
2024,마라3476,ho_yr_003,1836
2024,마라3476,ho_yr_004,299
2024,마라3476,ho_yr_005,1018
2024,마라3476,ho_yr_006,0
2024,마라3476,ho_yr_007,0
2024,마라3476,ho_yr_009,18
2024,마라3476,ho_yr_010,25
2024,마라3476,ho_yr_012,22
2024,마라3476,ho_yr_014,5
2024,마라3476,ho_yr_015,154
2024,마라3476,ho_yr_016,13
2024,마라3476,to_ho_001,4302
2024,마라3477,ho_ar_001,130
2024,마라3477,ho_ar_002,402
2024,마라3477,ho_ar_003,1099
2024,마라3477,ho_ar_004,1464
2024,마라3477,ho_ar_005,19
2024,마라3477,ho_ar_006,45
2024,마라3477,ho_ar_007,42
2024,마라3477,ho_ar_008,12
2024,마라3477,ho_ar_009,8
2024,마라3477,ho_gb_001,199
2024,마라3477,ho_gb_002,69
2024,마라3477,ho_gb_003,2930
2024,마라3477,ho_gb_005,8
2024,마라3477,ho_gb_006,322
2024,마라3477,ho_yr_001,90
2024,마라3477,ho_yr_002,117
2024,마라3477,ho_yr_003,851
2024,마라3477,ho_yr_004,470
2024,마라3477,ho_yr_005,121
2024,마라3477,ho_yr_006,5
2024,마라3477,ho_yr_007,0
2024,마라3477,ho_yr_009,83
2024,마라3477,ho_yr_010,32
2024,마라3477,ho_yr_011,249
2024,마라3477,ho_yr_013,187
2024,마라3477,ho_yr_014,416
2024,마라3477,ho_yr_015,16
2024,마라3477,ho_yr_016,221
2024,마라3477,ho_yr_020,358
2024,마라3477,to_ho_001,3210
2024,마라3478,ho_ar_001,46
2024,마라3478,ho_ar_002,206
2024,마라3478,ho_ar_003,823
2024,마라3478,ho_ar_004,2930
2024,마라3478,ho_ar_005,119
2024,마라3478,ho_ar_006,541
2024,마라3478,ho_ar_007,373
2024,마라3478,ho_ar_008,221
2024,마라3478,ho_ar_009,156
2024,마라3478,ho_gb_001,503
2024,마라3478,ho_gb_002,1584
2024,마라3478,ho_gb_003,3047
2024,마라3478,ho_gb_004,256
2024,마라3478,ho_gb_005,28
2024,마라3478,ho_gb_006,119
2024,마라3478,ho_yr_001,349
2024,마라3478,ho_yr_002,1391
2024,마라3478,ho_yr_003,1407
2024,마라3478,ho_yr_004,517
2024,마라3478,ho_yr_005,94
2024,마라3478,ho_yr_007,5
2024,마라3478,ho_yr_008,285
2024,마라3478,ho_yr_009,59
2024,마라3478,ho_yr_010,9
2024,마라3478,ho_yr_011,10
2024,마라3478,ho_yr_012,911
2024,마라3478,ho_yr_013,8
2024,마라3478,ho_yr_014,95
2024,마라3478,ho_yr_016,8
2024,마라3478,ho_yr_018,264
2024,마라3478,ho_yr_020,12
2024,마라3478,to_ho_001,5422
2024,마라3479,ho_ar_001,240
2024,마라3479,ho_ar_002,483
2024,마라3479,ho_ar_003,1561
2024,마라3479,ho_ar_004,3061
2024,마라3479,ho_ar_005,117
2024,마라3479,ho_ar_006,563
2024,마라3479,ho_ar_007,527
2024,마라3479,ho_ar_008,121
2024,마라3479,ho_ar_009,43
2024,마라3479,ho_gb_001,859
2024,마라3479,ho_gb_002,816
2024,마라3479,ho_gb_003,4566
2024,마라3479,ho_gb_004,382
2024,마라3479,ho_gb_005,92
2024,마라3479,ho_gb_006,441
2024,마라3479,ho_yr_001,403
2024,마라3479,ho_yr_002,1576
2024,마라3479,ho_yr_003,1162
2024,마라3479,ho_yr_004,835
2024,마라3479,ho_yr_005,108
2024,마라3479,ho_yr_006,30
2024,마라3479,ho_yr_007,293
2024,마라3479,ho_yr_008,121
2024,마라3479,ho_yr_009,589
2024,마라3479,ho_yr_010,113
2024,마라3479,ho_yr_011,25
2024,마라3479,ho_yr_012,39
2024,마라3479,ho_yr_013,103
2024,마라3479,ho_yr_014,70
2024,마라3479,ho_yr_015,72
2024,마라3479,ho_yr_016,24
2024,마라3479,ho_yr_017,15
2024,마라3479,ho_yr_018,1154
2024,마라3479,ho_yr_019,0
2024,마라3479,to_ho_001,6719
2024,마라3480,ho_ar_001,22
2024,마라3480,ho_ar_002,66
2024,마라3480,ho_ar_003,533
2024,마라3480,ho_ar_004,1528
2024,마라3480,ho_ar_005,24
2024,마라3480,ho_ar_006,151
2024,마라3480,ho_ar_007,147
2024,마라3480,ho_ar_008,96
2024,마라3480,ho_ar_009,23
2024,마라3480,ho_gb_001,305
2024,마라3480,ho_gb_002,281
2024,마라3480,ho_gb_003,1907
2024,마라3480,ho_gb_004,82
2024,마라3480,ho_gb_005,13
2024,마라3480,ho_gb_006,80
2024,마라3480,ho_yr_001,85
2024,마라3480,ho_yr_002,489
2024,마라3480,ho_yr_003,1424
2024,마라3480,ho_yr_004,123
2024,마라3480,ho_yr_005,20
2024,마라3480,ho_yr_006,5
2024,마라3480,ho_yr_007,91
2024,마라3480,ho_yr_008,29
2024,마라3480,ho_yr_009,26
2024,마라3480,ho_yr_011,9
2024,마라3480,ho_yr_013,290
2024,마라3480,ho_yr_015,6
2024,마라3480,ho_yr_017,0
2024,마라3480,to_ho_001,2588
2024,마라3481,ho_ar_001,5
2024,마라3481,ho_ar_002,5
2024,마라3481,ho_ar_003,432
2024,마라3481,ho_ar_004,277
2024,마라3481,ho_ar_005,0
2024,마라3481,ho_ar_006,45
2024,마라3481,ho_ar_007,6
2024,마라3481,ho_ar_008,5
2024,마라3481,ho_ar_009,5
2024,마라3481,ho_gb_001,61
2024,마라3481,ho_gb_002,15
2024,마라3481,ho_gb_003,694
2024,마라3481,ho_gb_005,0
2024,마라3481,ho_gb_006,8
2024,마라3481,ho_yr_001,0
2024,마라3481,ho_yr_002,8
2024,마라3481,ho_yr_003,533
2024,마라3481,ho_yr_004,64
2024,마라3481,ho_yr_005,162
2024,마라3481,to_ho_001,772
2024,마라3482,ho_ar_001,17
2024,마라3482,ho_ar_002,39
2024,마라3482,ho_ar_003,2150
2024,마라3482,ho_ar_004,1952
2024,마라3482,ho_ar_005,37
2024,마라3482,ho_ar_006,885
2024,마라3482,ho_ar_007,443
2024,마라3482,ho_ar_008,61
2024,마라3482,ho_ar_009,28
2024,마라3482,ho_gb_001,319
2024,마라3482,ho_gb_002,364
2024,마라3482,ho_gb_003,4877
2024,마라3482,ho_gb_004,12
2024,마라3482,ho_gb_005,28
2024,마라3482,ho_gb_006,89
2024,마라3482,ho_yr_001,101
2024,마라3482,ho_yr_002,587
2024,마라3482,ho_yr_003,2244
2024,마라3482,ho_yr_004,229
2024,마라3482,ho_yr_005,519
2024,마라3482,ho_yr_006,1789
2024,마라3482,ho_yr_007,8
2024,마라3482,ho_yr_008,5
2024,마라3482,ho_yr_009,44
2024,마라3482,ho_yr_011,43
2024,마라3482,ho_yr_012,33
2024,마라3482,ho_yr_013,5
2024,마라3482,ho_yr_014,8
2024,마라3482,ho_yr_016,0
2024,마라3482,ho_yr_018,0
2024,마라3482,to_ho_001,5605
2024,마라3483,ho_ar_001,5
2024,마라3483,ho_ar_002,178
2024,마라3483,ho_ar_003,2421
2024,마라3483,ho_ar_004,2009
2024,마라3483,ho_ar_005,5
2024,마라3483,ho_ar_006,24
2024,마라3483,ho_ar_007,165
2024,마라3483,ho_ar_008,19
2024,마라3483,ho_ar_009,8
2024,마라3483,ho_gb_001,119
2024,마라3483,ho_gb_002,79
2024,마라3483,ho_gb_003,4558
2024,마라3483,ho_gb_004,52
2024,마라3483,ho_gb_005,18
2024,마라3483,ho_gb_006,79
2024,마라3483,ho_yr_001,78
2024,마라3483,ho_yr_002,148
2024,마라3483,ho_yr_003,4115
2024,마라3483,ho_yr_004,413
2024,마라3483,ho_yr_005,57
2024,마라3483,ho_yr_013,5
2024,마라3483,ho_yr_015,17
2024,마라3483,to_ho_001,4825
2024,마라3484,ho_ar_002,5
2024,마라3484,ho_ar_003,5
2024,마라3484,ho_ar_004,5
2024,마라3484,ho_ar_005,0
2024,마라3484,ho_ar_006,5
2024,마라3484,ho_ar_007,5
2024,마라3484,ho_gb_002,5
2024,마라3484,ho_gb_005,8
2024,마라3484,ho_gb_006,68
2024,마라3484,ho_yr_001,0
2024,마라3484,ho_yr_002,0
2024,마라3484,ho_yr_003,5
2024,마라3484,ho_yr_004,8
2024,마라3484,to_ho_001,13
2024,마라3485,ho_ar_002,20
2024,마라3485,ho_ar_003,128
2024,마라3485,ho_ar_004,309
2024,마라3485,ho_ar_005,43
2024,마라3485,ho_ar_006,127
2024,마라3485,ho_ar_007,151
2024,마라3485,ho_ar_008,96
2024,마라3485,ho_ar_009,78
2024,마라3485,ho_gb_001,268
2024,마라3485,ho_gb_002,586
2024,마라3485,ho_gb_004,29
2024,마라3485,ho_gb_005,71
2024,마라3485,ho_gb_006,116
2024,마라3485,ho_yr_001,337
2024,마라3485,ho_yr_002,211
2024,마라3485,ho_yr_003,230
2024,마라3485,ho_yr_004,125
2024,마라3485,ho_yr_005,12
2024,마라3485,ho_yr_007,0
2024,마라3485,ho_yr_008,37
2024,마라3485,ho_yr_009,0
2024,마라3485,ho_yr_010,0
2024,마라3485,ho_yr_018,0
2024,마라3485,to_ho_001,953
2024,마라3486,ho_ar_001,270
2024,마라3486,ho_ar_002,273
2024,마라3486,ho_ar_003,1679
2024,마라3486,ho_ar_004,2077
2024,마라3486,ho_ar_005,23
2024,마라3486,ho_ar_006,158
2024,마라3486,ho_ar_007,139
2024,마라3486,ho_ar_008,23
2024,마라3486,ho_ar_009,13
2024,마라3486,ho_gb_001,624
2024,마라3486,ho_gb_002,192
2024,마라3486,ho_gb_003,3764
2024,마라3486,ho_gb_004,37
2024,마라3486,ho_gb_005,29
2024,마라3486,ho_gb_006,1091
2024,마라3486,ho_yr_001,157
2024,마라3486,ho_yr_002,67
2024,마라3486,ho_yr_003,2059
2024,마라3486,ho_yr_004,417
2024,마라3486,ho_yr_006,0
2024,마라3486,ho_yr_007,27
2024,마라3486,ho_yr_008,13
2024,마라3486,ho_yr_009,400
2024,마라3486,ho_yr_010,173
2024,마라3486,ho_yr_011,62
2024,마라3486,ho_yr_012,76
2024,마라3486,ho_yr_013,58
2024,마라3486,ho_yr_014,60
2024,마라3486,ho_yr_015,69
2024,마라3486,ho_yr_016,107
2024,마라3486,ho_yr_017,184
2024,마라3486,ho_yr_018,507
2024,마라3486,ho_yr_020,213
2024,마라3486,to_ho_001,4648
2024,마라3487,ho_ar_001,5
2024,마라3487,ho_ar_002,13
2024,마라3487,ho_ar_003,373
2024,마라3487,ho_ar_004,450
2024,마라3487,ho_ar_005,94
2024,마라3487,ho_ar_006,300
2024,마라3487,ho_ar_007,213
2024,마라3487,ho_ar_008,136
2024,마라3487,ho_ar_009,44
2024,마라3487,ho_gb_001,257
2024,마라3487,ho_gb_002,806
2024,마라3487,ho_gb_003,432
2024,마라3487,ho_gb_004,43
2024,마라3487,ho_gb_005,84
2024,마라3487,ho_gb_006,45
2024,마라3487,ho_yr_001,572
2024,마라3487,ho_yr_002,234
2024,마라3487,ho_yr_003,662
2024,마라3487,ho_yr_004,157
2024,마라3487,ho_yr_005,5
2024,마라3487,ho_yr_008,5
2024,마라3487,ho_yr_011,0
2024,마라3487,to_ho_001,1621
2024,마라3488,ho_ar_001,0
2024,마라3488,ho_ar_002,5
2024,마라3488,ho_ar_004,37
2024,마라3488,ho_ar_005,0
2024,마라3488,ho_ar_006,5
2024,마라3488,ho_ar_007,0
2024,마라3488,ho_ar_009,0
2024,마라3488,ho_gb_002,5
2024,마라3488,ho_gb_004,32
2024,마라3488,ho_gb_005,5
2024,마라3488,ho_gb_006,58
2024,마라3488,ho_yr_001,5
2024,마라3488,ho_yr_002,37
2024,마라3488,ho_yr_003,0
2024,마라3488,ho_yr_004,5
2024,마라3488,ho_yr_005,0
2024,마라3488,to_ho_001,40
2024,마라3489,ho_ar_001,0
2024,마라3489,ho_ar_007,5
2024,마라3489,ho_gb_005,5
2024,마라3489,ho_gb_006,8
2024,마라3489,ho_yr_001,5
2024,마라3489,ho_yr_004,0
2024,마라3489,to_ho_001,5
2024,마라3490,ho_ar_005,0
2024,마라3490,ho_gb_002,5
2024,마라3490,ho_gb_006,5
2024,마라3490,ho_yr_003,5
2024,마라3490,to_ho_001,5
2024,마라3491,ho_ar_001,5
2024,마라3491,ho_ar_002,50
2024,마라3491,ho_ar_003,62
2024,마라3491,ho_ar_004,91
2024,마라3491,ho_ar_005,29
2024,마라3491,ho_ar_006,18
2024,마라3491,ho_ar_007,13
2024,마라3491,ho_ar_008,22
2024,마라3491,ho_ar_009,5
2024,마라3491,ho_gb_002,140
2024,마라3491,ho_gb_003,112
2024,마라3491,ho_gb_004,29
2024,마라3491,ho_gb_005,18
2024,마라3491,ho_gb_006,85
2024,마라3491,ho_yr_001,32
2024,마라3491,ho_yr_002,27
2024,마라3491,ho_yr_003,70
2024,마라3491,ho_yr_004,13
2024,마라3491,ho_yr_005,5
2024,마라3491,ho_yr_008,5
2024,마라3491,ho_yr_009,29
2024,마라3491,ho_yr_010,0
2024,마라3491,ho_yr_011,5
2024,마라3491,ho_yr_012,0
2024,마라3491,ho_yr_013,42
2024,마라3491,ho_yr_015,76
2024,마라3491,ho_yr_016,5
2024,마라3491,ho_yr_019,0
2024,마라3491,to_ho_001,300
2024,마라3492,ho_ar_001,0
2024,마라3492,ho_ar_002,8
2024,마라3492,ho_ar_003,18
2024,마라3492,ho_ar_004,39
2024,마라3492,ho_ar_005,33
2024,마라3492,ho_ar_006,23
2024,마라3492,ho_ar_007,18
2024,마라3492,ho_ar_008,18
2024,마라3492,ho_ar_009,8
2024,마라3492,ho_gb_002,156
2024,마라3492,ho_gb_005,8
2024,마라3492,ho_gb_006,38
2024,마라3492,ho_yr_001,53
2024,마라3492,ho_yr_002,29
2024,마라3492,ho_yr_003,53
2024,마라3492,ho_yr_004,18
2024,마라3492,ho_yr_005,8
2024,마라3492,ho_yr_009,0
2024,마라3492,ho_yr_010,5
2024,마라3492,ho_yr_011,0
2024,마라3492,ho_yr_012,5
2024,마라3492,ho_yr_013,0
2024,마라3492,ho_yr_014,5
2024,마라3492,ho_yr_015,5
2024,마라3492,ho_yr_017,0
2024,마라3492,to_ho_001,169
2024,마라3493,ho_ar_001,0
2024,마라3493,ho_ar_002,5
2024,마라3493,ho_ar_003,8
2024,마라3493,ho_ar_004,18
2024,마라3493,ho_ar_005,18
2024,마라3493,ho_ar_006,8
2024,마라3493,ho_ar_007,8
2024,마라3493,ho_ar_008,5
2024,마라3493,ho_gb_002,58
2024,마라3493,ho_gb_005,0
2024,마라3493,ho_gb_006,13
2024,마라3493,ho_yr_001,13
2024,마라3493,ho_yr_002,8
2024,마라3493,ho_yr_003,23
2024,마라3493,ho_yr_004,5
2024,마라3493,ho_yr_005,5
2024,마라3493,ho_yr_006,0
2024,마라3493,ho_yr_007,5
2024,마라3493,ho_yr_009,0
2024,마라3493,ho_yr_011,0
2024,마라3493,ho_yr_012,5
2024,마라3493,ho_yr_014,0
2024,마라3493,ho_yr_015,0
2024,마라3493,to_ho_001,63
2024,마라3494,ho_ar_002,5
2024,마라3494,ho_ar_003,8
2024,마라3494,ho_ar_004,18
2024,마라3494,ho_ar_005,19
2024,마라3494,ho_ar_006,5
2024,마라3494,ho_ar_007,5
2024,마라3494,ho_ar_008,5
2024,마라3494,ho_gb_002,57
2024,마라3494,ho_gb_006,8
2024,마라3494,ho_yr_001,13
2024,마라3494,ho_yr_002,8
2024,마라3494,ho_yr_003,20
2024,마라3494,ho_yr_004,5
2024,마라3494,ho_yr_005,8
2024,마라3494,ho_yr_007,0
2024,마라3494,ho_yr_011,5
2024,마라3494,ho_yr_015,5
2024,마라3494,ho_yr_016,0
2024,마라3494,to_ho_001,60
2024,마라3495,ho_ar_001,5
2024,마라3495,ho_ar_002,5
2024,마라3495,ho_ar_003,13
2024,마라3495,ho_ar_004,23
2024,마라3495,ho_ar_005,13
2024,마라3495,ho_ar_006,8
2024,마라3495,ho_ar_007,5
2024,마라3495,ho_ar_008,5
2024,마라3495,ho_ar_009,0
2024,마라3495,ho_gb_002,71
2024,마라3495,ho_gb_005,5
2024,마라3495,ho_gb_006,8
2024,마라3495,ho_yr_001,18
2024,마라3495,ho_yr_002,8
2024,마라3495,ho_yr_003,28
2024,마라3495,ho_yr_004,5
2024,마라3495,ho_yr_005,5
2024,마라3495,ho_yr_006,5
2024,마라3495,ho_yr_007,5
2024,마라3495,ho_yr_008,5
2024,마라3495,ho_yr_009,5
2024,마라3495,ho_yr_010,0
2024,마라3495,ho_yr_011,5
2024,마라3495,ho_yr_012,5
2024,마라3495,ho_yr_013,5
2024,마라3495,to_ho_001,73
2024,마라3496,ho_ar_001,0
2024,마라3496,ho_ar_002,5
2024,마라3496,ho_ar_003,5
2024,마라3496,ho_ar_004,18
2024,마라3496,ho_ar_005,18
2024,마라3496,ho_ar_006,8
2024,마라3496,ho_ar_007,5
2024,마라3496,ho_ar_008,5
2024,마라3496,ho_gb_002,60
2024,마라3496,ho_gb_005,5
2024,마라3496,ho_gb_006,0
2024,마라3496,ho_yr_001,13
2024,마라3496,ho_yr_002,8
2024,마라3496,ho_yr_003,23
2024,마라3496,ho_yr_004,5
2024,마라3496,ho_yr_005,8
2024,마라3496,ho_yr_007,5
2024,마라3496,ho_yr_008,0
2024,마라3496,ho_yr_009,0
2024,마라3496,ho_yr_012,5
2024,마라3496,ho_yr_015,5
2024,마라3496,ho_yr_016,0
2024,마라3496,ho_yr_018,5
2024,마라3496,ho_yr_020,5
2024,마라3496,to_ho_001,58
2024,마라3497,ho_ar_002,5
2024,마라3497,ho_ar_003,8
2024,마라3497,ho_ar_004,13
2024,마라3497,ho_ar_005,8
2024,마라3497,ho_ar_006,8
2024,마라3497,ho_ar_007,8
2024,마라3497,ho_ar_008,8
2024,마라3497,ho_gb_002,48
2024,마라3497,ho_gb_005,0
2024,마라3497,ho_gb_006,13
2024,마라3497,ho_yr_001,8
2024,마라3497,ho_yr_002,8
2024,마라3497,ho_yr_003,13
2024,마라3497,ho_yr_004,5
2024,마라3497,ho_yr_005,8
2024,마라3497,ho_yr_007,5
2024,마라3497,ho_yr_008,0
2024,마라3497,ho_yr_009,8
2024,마라3497,ho_yr_010,0
2024,마라3497,ho_yr_015,0
2024,마라3497,ho_yr_017,5
2024,마라3497,ho_yr_019,5
2024,마라3497,to_ho_001,48
2024,마라3498,ho_ar_002,8
2024,마라3498,ho_ar_003,13
2024,마라3498,ho_ar_004,28
2024,마라3498,ho_ar_005,23
2024,마라3498,ho_ar_006,8
2024,마라3498,ho_ar_007,8
2024,마라3498,ho_ar_008,5
2024,마라3498,ho_ar_009,0
2024,마라3498,ho_gb_002,88
2024,마라3498,ho_gb_005,0
2024,마라3498,ho_gb_006,5
2024,마라3498,ho_yr_001,18
2024,마라3498,ho_yr_002,13
2024,마라3498,ho_yr_003,28
2024,마라3498,ho_yr_004,5
2024,마라3498,ho_yr_005,5
2024,마라3498,ho_yr_006,5
2024,마라3498,ho_yr_007,0
2024,마라3498,ho_yr_008,8
2024,마라3498,ho_yr_009,5
2024,마라3498,ho_yr_010,8
2024,마라3498,ho_yr_011,5
2024,마라3498,ho_yr_012,5
2024,마라3498,ho_yr_013,0
2024,마라3498,ho_yr_015,5
2024,마라3498,to_ho_001,93
2024,마라3499,ho_ar_001,5
2024,마라3499,ho_ar_002,5
2024,마라3499,ho_ar_003,13
2024,마라3499,ho_ar_004,28
2024,마라3499,ho_ar_005,18
2024,마라3499,ho_ar_006,18
2024,마라3499,ho_ar_007,8
2024,마라3499,ho_ar_008,5
2024,마라3499,ho_ar_009,0
2024,마라3499,ho_gb_002,85
2024,마라3499,ho_gb_005,0
2024,마라3499,ho_gb_006,0
2024,마라3499,ho_yr_001,13
2024,마라3499,ho_yr_002,32
2024,마라3499,ho_yr_003,18
2024,마라3499,ho_yr_004,5
2024,마라3499,ho_yr_005,5
2024,마라3499,ho_yr_007,0
2024,마라3499,ho_yr_009,5
2024,마라3499,ho_yr_010,5
2024,마라3499,ho_yr_011,0
2024,마라3499,ho_yr_015,8
2024,마라3499,ho_yr_017,0
2024,마라3499,ho_yr_020,0
2024,마라3499,to_ho_001,87
2024,마라3574,ho_ar_008,5
2024,마라3574,ho_ar_009,0
2024,마라3574,ho_gb_002,0
2024,마라3574,ho_gb_005,5
2024,마라3574,ho_gb_006,8
2024,마라3574,ho_yr_004,0
2024,마라3574,ho_yr_005,0
2024,마라3574,to_ho_001,5
2024,마라3575,ho_ar_002,1671
2024,마라3575,ho_ar_003,2466
2024,마라3575,ho_ar_004,1735
2024,마라3575,ho_ar_005,8
2024,마라3575,ho_ar_006,650
2024,마라3575,ho_ar_007,8
2024,마라3575,ho_ar_008,149
2024,마라3575,ho_ar_009,5
2024,마라3575,ho_gb_002,13
2024,마라3575,ho_gb_003,6641
2024,마라3575,ho_gb_004,15
2024,마라3575,ho_gb_005,8
2024,마라3575,ho_gb_006,18
2024,마라3575,ho_yr_001,0
2024,마라3575,ho_yr_002,696
2024,마라3575,ho_yr_003,4653
2024,마라3575,ho_yr_004,20
2024,마라3575,ho_yr_005,0
2024,마라3575,ho_yr_010,1310
2024,마라3575,to_ho_001,6676
2024,마라3576,ho_ar_001,0
2024,마라3576,ho_ar_002,14
2024,마라3576,ho_ar_003,1142
2024,마라3576,ho_ar_004,677
2024,마라3576,ho_ar_005,73
2024,마라3576,ho_ar_006,56
2024,마라3576,ho_ar_007,8
2024,마라3576,ho_ar_008,8
2024,마라3576,ho_ar_009,8
2024,마라3576,ho_gb_001,36
2024,마라3576,ho_gb_002,82
2024,마라3576,ho_gb_003,1851
2024,마라3576,ho_gb_004,8
2024,마라3576,ho_gb_005,8
2024,마라3576,ho_gb_006,23
2024,마라3576,ho_yr_001,32
2024,마라3576,ho_yr_002,39
2024,마라3576,ho_yr_003,630
2024,마라3576,ho_yr_004,1013
2024,마라3576,ho_yr_009,0
2024,마라3576,ho_yr_011,0
2024,마라3576,ho_yr_012,276
2024,마라3576,to_ho_001,1984
2024,마라3577,ho_ar_001,0
2024,마라3577,ho_ar_002,28
2024,마라3577,ho_ar_003,1614
2024,마라3577,ho_ar_004,1934
2024,마라3577,ho_ar_005,5
2024,마라3577,ho_ar_006,13
2024,마라3577,ho_ar_007,87
2024,마라3577,ho_ar_008,5
2024,마라3577,ho_ar_009,8
2024,마라3577,ho_gb_001,168
2024,마라3577,ho_gb_002,32
2024,마라3577,ho_gb_003,3445
2024,마라3577,ho_gb_004,31
2024,마라3577,ho_gb_005,5
2024,마라3577,ho_gb_006,13
2024,마라3577,ho_yr_001,40
2024,마라3577,ho_yr_002,220
2024,마라3577,ho_yr_003,623
2024,마라3577,ho_yr_004,21
2024,마라3577,ho_yr_009,395
2024,마라3577,ho_yr_012,786
2024,마라3577,ho_yr_013,944
2024,마라3577,ho_yr_017,658
2024,마라3577,to_ho_001,3684
2024,마라3578,ho_ar_001,27
2024,마라3578,ho_ar_002,70
2024,마라3578,ho_ar_003,656
2024,마라3578,ho_ar_004,1734
2024,마라3578,ho_ar_005,60
2024,마라3578,ho_ar_006,232
2024,마라3578,ho_ar_007,168
2024,마라3578,ho_ar_008,59
2024,마라3578,ho_ar_009,28
2024,마라3578,ho_gb_001,505
2024,마라3578,ho_gb_002,572
2024,마라3578,ho_gb_003,1828
2024,마라3578,ho_gb_004,106
2024,마라3578,ho_gb_005,23
2024,마라3578,ho_gb_006,109
2024,마라3578,ho_yr_001,366
2024,마라3578,ho_yr_002,1259
2024,마라3578,ho_yr_003,733
2024,마라3578,ho_yr_004,102
2024,마라3578,ho_yr_005,153
2024,마라3578,ho_yr_007,0
2024,마라3578,ho_yr_008,66
2024,마라3578,ho_yr_009,14
2024,마라3578,ho_yr_010,30
2024,마라3578,ho_yr_011,47
2024,마라3578,ho_yr_012,20
2024,마라3578,ho_yr_013,32
2024,마라3578,ho_yr_014,25
2024,마라3578,ho_yr_015,16
2024,마라3578,ho_yr_016,11
2024,마라3578,ho_yr_017,18
2024,마라3578,ho_yr_018,146
2024,마라3578,to_ho_001,3034
2024,마라3579,ho_ar_001,121
2024,마라3579,ho_ar_002,321
2024,마라3579,ho_ar_003,1510
2024,마라3579,ho_ar_004,3568
2024,마라3579,ho_ar_005,129
2024,마라3579,ho_ar_006,609
2024,마라3579,ho_ar_007,547
2024,마라3579,ho_ar_008,180
2024,마라3579,ho_ar_009,43
2024,마라3579,ho_gb_001,1151
2024,마라3579,ho_gb_002,1232
2024,마라3579,ho_gb_003,4107
2024,마라3579,ho_gb_004,468
2024,마라3579,ho_gb_005,63
2024,마라3579,ho_gb_006,303
2024,마라3579,ho_yr_001,922
2024,마라3579,ho_yr_002,2332
2024,마라3579,ho_yr_003,1243
2024,마라3579,ho_yr_004,1002
2024,마라3579,ho_yr_005,112
2024,마라3579,ho_yr_006,5
2024,마라3579,ho_yr_007,45
2024,마라3579,ho_yr_008,107
2024,마라3579,ho_yr_009,188
2024,마라3579,ho_yr_010,43
2024,마라3579,ho_yr_011,83
2024,마라3579,ho_yr_012,121
2024,마라3579,ho_yr_013,126
2024,마라3579,ho_yr_014,0
2024,마라3579,ho_yr_015,48
2024,마라3579,ho_yr_016,10
2024,마라3579,ho_yr_017,524
2024,마라3579,ho_yr_018,116
2024,마라3579,to_ho_001,7022
2024,마라3580,ho_ar_002,0
2024,마라3580,ho_ar_003,79
2024,마라3580,ho_ar_004,830
2024,마라3580,ho_ar_005,0
2024,마라3580,ho_ar_006,163
2024,마라3580,ho_ar_007,45
2024,마라3580,ho_ar_008,0
2024,마라3580,ho_ar_009,0
2024,마라3580,ho_gb_001,5
2024,마라3580,ho_gb_002,13
2024,마라3580,ho_gb_003,1101
2024,마라3580,ho_gb_006,8
2024,마라3580,ho_yr_001,0
2024,마라3580,ho_yr_002,0
2024,마라3580,ho_yr_003,222
2024,마라3580,ho_yr_004,0
2024,마라3580,ho_yr_005,898
2024,마라3580,to_ho_001,1125
2024,마라3581,ho_gb_006,5
2024,마라3583,ho_ar_001,10
2024,마라3583,ho_ar_002,687
2024,마라3583,ho_ar_003,2324
2024,마라3583,ho_ar_004,1865
2024,마라3583,ho_ar_005,222
2024,마라3583,ho_ar_006,358
2024,마라3583,ho_ar_007,163
2024,마라3583,ho_ar_008,14
2024,마라3583,ho_ar_009,8
2024,마라3583,ho_gb_001,77
2024,마라3583,ho_gb_002,110
2024,마라3583,ho_gb_003,5452
2024,마라3583,ho_gb_005,8
2024,마라3583,ho_gb_006,60
2024,마라3583,ho_yr_001,61
2024,마라3583,ho_yr_002,597
2024,마라3583,ho_yr_003,3683
2024,마라3583,ho_yr_004,772
2024,마라3583,ho_yr_010,507
2024,마라3583,ho_yr_011,20
2024,마라3583,ho_yr_016,0
2024,마라3583,ho_yr_017,12
2024,마라3583,to_ho_001,5651
2024,마라3584,ho_ar_002,8
2024,마라3584,ho_ar_003,329
2024,마라3584,ho_ar_004,181
2024,마라3584,ho_ar_005,13
2024,마라3584,ho_ar_006,18
2024,마라3584,ho_ar_007,35
2024,마라3584,ho_ar_008,23
2024,마라3584,ho_ar_009,13
2024,마라3584,ho_gb_001,90
2024,마라3584,ho_gb_002,132
2024,마라3584,ho_gb_003,373
2024,마라3584,ho_gb_005,18
2024,마라3584,ho_gb_006,88
2024,마라3584,ho_yr_001,66
2024,마라3584,ho_yr_002,440
2024,마라3584,ho_yr_003,67
2024,마라3584,ho_yr_004,29
2024,마라3584,ho_yr_005,5
2024,마라3584,ho_yr_009,0
2024,마라3584,ho_yr_013,5
2024,마라3584,ho_yr_015,0
2024,마라3584,to_ho_001,611
2024,마라3585,ho_ar_001,64
2024,마라3585,ho_ar_002,301
2024,마라3585,ho_ar_003,702
2024,마라3585,ho_ar_004,1122
2024,마라3585,ho_ar_005,93
2024,마라3585,ho_ar_006,275
2024,마라3585,ho_ar_007,234
2024,마라3585,ho_ar_008,99
2024,마라3585,ho_ar_009,64
2024,마라3585,ho_gb_001,1126
2024,마라3585,ho_gb_002,860
2024,마라3585,ho_gb_003,758
2024,마라3585,ho_gb_004,105
2024,마라3585,ho_gb_005,109
2024,마라3585,ho_gb_006,375
2024,마라3585,ho_yr_001,685
2024,마라3585,ho_yr_002,251
2024,마라3585,ho_yr_003,384
2024,마라3585,ho_yr_004,743
2024,마라3585,ho_yr_005,20
2024,마라3585,ho_yr_006,16
2024,마라3585,ho_yr_007,14
2024,마라3585,ho_yr_008,5
2024,마라3585,ho_yr_009,10
2024,마라3585,ho_yr_010,132
2024,마라3585,ho_yr_011,16
2024,마라3585,ho_yr_012,124
2024,마라3585,ho_yr_013,5
2024,마라3585,ho_yr_014,204
2024,마라3585,ho_yr_015,60
2024,마라3585,ho_yr_016,0
2024,마라3585,ho_yr_017,90
2024,마라3585,ho_yr_018,37
2024,마라3585,ho_yr_020,180
2024,마라3585,to_ho_001,2958
2024,마라3586,ho_ar_001,408
2024,마라3586,ho_ar_002,597
2024,마라3586,ho_ar_003,956
2024,마라3586,ho_ar_004,1052
2024,마라3586,ho_ar_005,112
2024,마라3586,ho_ar_006,251
2024,마라3586,ho_ar_007,214
2024,마라3586,ho_ar_008,108
2024,마라3586,ho_ar_009,48
2024,마라3586,ho_gb_001,1034
2024,마라3586,ho_gb_002,986
2024,마라3586,ho_gb_003,1635
2024,마라3586,ho_gb_004,21
2024,마라3586,ho_gb_005,68
2024,마라3586,ho_gb_006,2429
2024,마라3586,ho_yr_001,390
2024,마라3586,ho_yr_002,552
2024,마라3586,ho_yr_003,386
2024,마라3586,ho_yr_004,602
2024,마라3586,ho_yr_005,13
2024,마라3586,ho_yr_006,5
2024,마라3586,ho_yr_007,36
2024,마라3586,ho_yr_008,80
2024,마라3586,ho_yr_009,210
2024,마라3586,ho_yr_010,107
2024,마라3586,ho_yr_011,5
2024,마라3586,ho_yr_012,536
2024,마라3586,ho_yr_013,28
2024,마라3586,ho_yr_014,63
2024,마라3586,ho_yr_015,213
2024,마라3586,ho_yr_016,0
2024,마라3586,ho_yr_017,50
2024,마라3586,ho_yr_018,329
2024,마라3586,ho_yr_019,159
2024,마라3586,to_ho_001,3745
2024,마라3587,ho_ar_001,98
2024,마라3587,ho_ar_002,431
2024,마라3587,ho_ar_003,1494
2024,마라3587,ho_ar_004,3711
2024,마라3587,ho_ar_005,111
2024,마라3587,ho_ar_006,241
2024,마라3587,ho_ar_007,141
2024,마라3587,ho_ar_008,255
2024,마라3587,ho_ar_009,55
2024,마라3587,ho_gb_001,393
2024,마라3587,ho_gb_002,681
2024,마라3587,ho_gb_003,5326
2024,마라3587,ho_gb_004,82
2024,마라3587,ho_gb_005,48
2024,마라3587,ho_gb_006,112
2024,마라3587,ho_yr_001,282
2024,마라3587,ho_yr_002,716
2024,마라3587,ho_yr_003,2246
2024,마라3587,ho_yr_004,510
2024,마라3587,ho_yr_005,350
2024,마라3587,ho_yr_006,45
2024,마라3587,ho_yr_009,508
2024,마라3587,ho_yr_010,5
2024,마라3587,ho_yr_011,24
2024,마라3587,ho_yr_012,20
2024,마라3587,ho_yr_013,5
2024,마라3587,ho_yr_014,53
2024,마라3587,ho_yr_015,10
2024,마라3587,ho_yr_016,163
2024,마라3587,ho_yr_018,24
2024,마라3587,ho_yr_019,1572
2024,마라3587,to_ho_001,6537
2024,마라3588,ho_ar_001,236
2024,마라3588,ho_ar_002,263
2024,마라3588,ho_ar_003,1593
2024,마라3588,ho_ar_004,2814
2024,마라3588,ho_ar_005,25
2024,마라3588,ho_ar_006,79
2024,마라3588,ho_ar_007,41
2024,마라3588,ho_ar_008,51
2024,마라3588,ho_ar_009,18
2024,마라3588,ho_gb_001,210
2024,마라3588,ho_gb_002,240
2024,마라3588,ho_gb_003,4621
2024,마라3588,ho_gb_004,13
2024,마라3588,ho_gb_005,33
2024,마라3588,ho_gb_006,171
2024,마라3588,ho_yr_001,143
2024,마라3588,ho_yr_002,2417
2024,마라3588,ho_yr_003,2033
2024,마라3588,ho_yr_004,49
2024,마라3588,ho_yr_005,5
2024,마라3588,ho_yr_009,0
2024,마라3588,ho_yr_010,0
2024,마라3588,ho_yr_011,8
2024,마라3588,ho_yr_012,0
2024,마라3588,ho_yr_013,32
2024,마라3588,ho_yr_014,22
2024,마라3588,ho_yr_015,42
2024,마라3588,ho_yr_017,364
2024,마라3588,ho_yr_020,8
2024,마라3588,to_ho_001,5119
2024,마라3589,ho_ar_001,71
2024,마라3589,ho_ar_002,202
2024,마라3589,ho_ar_003,789
2024,마라3589,ho_ar_004,2883
2024,마라3589,ho_ar_005,70
2024,마라3589,ho_ar_006,386
2024,마라3589,ho_ar_007,306
2024,마라3589,ho_ar_008,345
2024,마라3589,ho_ar_009,94
2024,마라3589,ho_gb_001,945
2024,마라3589,ho_gb_002,990
2024,마라3589,ho_gb_003,3004
2024,마라3589,ho_gb_004,137
2024,마라3589,ho_gb_005,75
2024,마라3589,ho_gb_006,229
2024,마라3589,ho_yr_001,454
2024,마라3589,ho_yr_002,1575
2024,마라3589,ho_yr_003,1961
2024,마라3589,ho_yr_004,212
2024,마라3589,ho_yr_005,307
2024,마라3589,ho_yr_007,13
2024,마라3589,ho_yr_009,19
2024,마라3589,ho_yr_010,31
2024,마라3589,ho_yr_011,17
2024,마라3589,ho_yr_012,43
2024,마라3589,ho_yr_013,79
2024,마라3589,ho_yr_014,129
2024,마라3589,ho_yr_015,75
2024,마라3589,ho_yr_016,212
2024,마라3589,ho_yr_017,34
2024,마라3589,ho_yr_018,5
2024,마라3589,to_ho_001,5151
2024,마라3590,ho_ar_001,10
2024,마라3590,ho_ar_002,5
2024,마라3590,ho_ar_003,97
2024,마라3590,ho_ar_004,953
2024,마라3590,ho_ar_005,8
2024,마라3590,ho_ar_006,8
2024,마라3590,ho_ar_007,63
2024,마라3590,ho_ar_008,44
2024,마라3590,ho_ar_009,14
2024,마라3590,ho_gb_001,86
2024,마라3590,ho_gb_002,132
2024,마라3590,ho_gb_003,950
2024,마라3590,ho_gb_004,16
2024,마라3590,ho_gb_005,8
2024,마라3590,ho_gb_006,38
2024,마라3590,ho_yr_001,8
2024,마라3590,ho_yr_002,115
2024,마라3590,ho_yr_003,979
2024,마라3590,ho_yr_004,73
2024,마라3590,ho_yr_005,12
2024,마라3590,ho_yr_006,0
2024,마라3590,ho_yr_007,0
2024,마라3590,ho_yr_011,0
2024,마라3590,ho_yr_014,0
2024,마라3590,to_ho_001,1194
2024,마라3591,ho_ar_001,5
2024,마라3591,ho_ar_002,8
2024,마라3591,ho_ar_003,8
2024,마라3591,ho_ar_004,8
2024,마라3591,ho_ar_005,8
2024,마라3591,ho_ar_006,8
2024,마라3591,ho_ar_007,0
2024,마라3591,ho_ar_008,8
2024,마라3591,ho_ar_009,0
2024,마라3591,ho_gb_002,49
2024,마라3591,ho_gb_005,5
2024,마라3591,ho_gb_006,8
2024,마라3591,ho_yr_001,27
2024,마라3591,ho_yr_002,8
2024,마라3591,ho_yr_003,8
2024,마라3591,ho_yr_004,8
2024,마라3591,ho_yr_010,0
2024,마라3591,ho_yr_014,0
2024,마라3591,ho_yr_017,0
2024,마라3591,ho_yr_018,0
2024,마라3591,ho_yr_020,0
2024,마라3591,to_ho_001,52
2024,마라3592,ho_ar_001,16
2024,마라3592,ho_ar_002,23
2024,마라3592,ho_ar_003,18
2024,마라3592,ho_ar_004,98
2024,마라3592,ho_ar_005,28
2024,마라3592,ho_ar_006,13
2024,마라3592,ho_ar_007,13
2024,마라3592,ho_ar_008,8
2024,마라3592,ho_ar_009,5
2024,마라3592,ho_gb_001,77
2024,마라3592,ho_gb_002,107
2024,마라3592,ho_gb_003,31
2024,마라3592,ho_gb_005,8
2024,마라3592,ho_gb_006,33
2024,마라3592,ho_yr_001,33
2024,마라3592,ho_yr_002,28
2024,마라3592,ho_yr_003,23
2024,마라3592,ho_yr_004,13
2024,마라3592,ho_yr_005,5
2024,마라3592,ho_yr_009,0
2024,마라3592,ho_yr_010,0
2024,마라3592,ho_yr_012,8
2024,마라3592,ho_yr_013,43
2024,마라3592,ho_yr_015,21
2024,마라3592,ho_yr_016,54
2024,마라3592,ho_yr_017,0
2024,마라3592,ho_yr_018,5
2024,마라3592,to_ho_001,221
2024,마라3593,ho_ar_003,5
2024,마라3593,ho_ar_004,8
2024,마라3593,ho_ar_005,13
2024,마라3593,ho_ar_006,8
2024,마라3593,ho_ar_007,8
2024,마라3593,ho_ar_008,5
2024,마라3593,ho_ar_009,5
2024,마라3593,ho_gb_002,40
2024,마라3593,ho_gb_005,5
2024,마라3593,ho_gb_006,13
2024,마라3593,ho_yr_001,8
2024,마라3593,ho_yr_002,8
2024,마라3593,ho_yr_003,13
2024,마라3593,ho_yr_004,8
2024,마라3593,ho_yr_005,0
2024,마라3593,ho_yr_009,0
2024,마라3593,ho_yr_010,0
2024,마라3593,ho_yr_011,0
2024,마라3593,ho_yr_012,5
2024,마라3593,ho_yr_015,0
2024,마라3593,ho_yr_018,0
2024,마라3593,to_ho_001,43
2024,마라3594,ho_ar_001,6
2024,마라3594,ho_ar_002,21
2024,마라3594,ho_ar_003,23
2024,마라3594,ho_ar_004,48
2024,마라3594,ho_ar_005,56
2024,마라3594,ho_ar_006,28
2024,마라3594,ho_ar_007,13
2024,마라3594,ho_ar_008,23
2024,마라3594,ho_ar_009,8
2024,마라3594,ho_gb_002,207
2024,마라3594,ho_gb_005,18
2024,마라3594,ho_gb_006,28
2024,마라3594,ho_yr_001,39
2024,마라3594,ho_yr_002,42
2024,마라3594,ho_yr_003,85
2024,마라3594,ho_yr_004,23
2024,마라3594,ho_yr_005,13
2024,마라3594,ho_yr_006,5
2024,마라3594,ho_yr_007,5
2024,마라3594,ho_yr_009,8
2024,마라3594,ho_yr_010,5
2024,마라3594,ho_yr_011,5
2024,마라3594,ho_yr_012,0
2024,마라3594,ho_yr_013,0
2024,마라3594,ho_yr_014,5
2024,마라3594,ho_yr_015,0
2024,마라3594,ho_yr_017,5
2024,마라3594,ho_yr_019,0
2024,마라3594,to_ho_001,225
2024,마라3595,ho_ar_003,0
2024,마라3595,ho_ar_004,5
2024,마라3595,ho_ar_008,0
2024,마라3595,ho_gb_002,5
2024,마라3595,ho_gb_006,8
2024,마라3595,ho_yr_003,5
2024,마라3595,to_ho_001,5
2024,마라3596,ho_ar_006,0
2024,마라3596,ho_gb_002,0
2024,마라3596,ho_gb_006,13
2024,마라3596,ho_yr_005,0
2024,마라3596,to_ho_001,0
2024,마라3597,ho_ar_002,5
2024,마라3597,ho_ar_003,8
2024,마라3597,ho_ar_004,18
2024,마라3597,ho_ar_005,25
2024,마라3597,ho_ar_006,8
2024,마라3597,ho_ar_007,8
2024,마라3597,ho_ar_008,5
2024,마라3597,ho_ar_009,0
2024,마라3597,ho_gb_002,79
2024,마라3597,ho_gb_006,8
2024,마라3597,ho_yr_001,19
2024,마라3597,ho_yr_002,8
2024,마라3597,ho_yr_003,19
2024,마라3597,ho_yr_004,16
2024,마라3597,ho_yr_005,8
2024,마라3597,ho_yr_006,5
2024,마라3597,ho_yr_007,0
2024,마라3597,ho_yr_008,0
2024,마라3597,ho_yr_009,5
2024,마라3597,ho_yr_011,0
2024,마라3597,ho_yr_015,5
2024,마라3597,ho_yr_016,5
2024,마라3597,to_ho_001,78
2024,마라3598,ho_ar_002,8
2024,마라3598,ho_ar_003,8
2024,마라3598,ho_ar_004,6
2024,마라3598,ho_ar_005,5
2024,마라3598,ho_ar_006,5
2024,마라3598,ho_ar_007,0
2024,마라3598,ho_ar_008,0
2024,마라3598,ho_gb_002,30
2024,마라3598,ho_gb_006,5
2024,마라3598,ho_yr_001,5
2024,마라3598,ho_yr_002,5
2024,마라3598,ho_yr_003,12
2024,마라3598,ho_yr_004,5
2024,마라3598,ho_yr_005,0
2024,마라3598,ho_yr_006,5
2024,마라3598,ho_yr_008,5
2024,마라3598,ho_yr_009,5
2024,마라3598,to_ho_001,30
2024,마라3599,ho_ar_002,5
2024,마라3599,ho_ar_003,14
2024,마라3599,ho_ar_004,8
2024,마라3599,ho_ar_005,13
2024,마라3599,ho_ar_006,5
2024,마라3599,ho_ar_007,0
2024,마라3599,ho_gb_001,12
2024,마라3599,ho_gb_002,30
2024,마라3599,ho_gb_005,0
2024,마라3599,ho_gb_006,5
2024,마라3599,ho_yr_001,8
2024,마라3599,ho_yr_002,5
2024,마라3599,ho_yr_003,12
2024,마라3599,ho_yr_004,0
2024,마라3599,ho_yr_005,5
2024,마라3599,ho_yr_008,5
2024,마라3599,ho_yr_013,0
2024,마라3599,ho_yr_015,5
2024,마라3599,ho_yr_020,12
2024,마라3599,to_ho_001,42
2024,마라3673,ho_gb_006,5
2024,마라3674,ho_gb_006,13
2024,마라3675,ho_gb_006,0
2024,마라3676,ho_ar_003,5
2024,마라3676,ho_gb_002,5
2024,마라3676,ho_gb_006,8
2024,마라3676,ho_yr_001,0
2024,마라3676,to_ho_001,0
2024,마라3677,ho_ar_002,13
2024,마라3677,ho_ar_003,121
2024,마라3677,ho_ar_004,456
2024,마라3677,ho_ar_005,8
2024,마라3677,ho_ar_006,5
2024,마라3677,ho_ar_007,0
2024,마라3677,ho_ar_008,22
2024,마라3677,ho_ar_009,5
2024,마라3677,ho_gb_001,168
2024,마라3677,ho_gb_002,18
2024,마라3677,ho_gb_003,345
2024,마라3677,ho_gb_004,96
2024,마라3677,ho_gb_005,5
2024,마라3677,ho_gb_006,13
2024,마라3677,ho_yr_001,35
2024,마라3677,ho_yr_002,122
2024,마라3677,ho_yr_003,437
2024,마라3677,ho_yr_004,32
2024,마라3677,ho_yr_005,0
2024,마라3677,ho_yr_010,0
2024,마라3677,ho_yr_012,6
2024,마라3677,to_ho_001,632
2024,마라3678,ho_ar_001,31
2024,마라3678,ho_ar_002,105
2024,마라3678,ho_ar_003,1626
2024,마라3678,ho_ar_004,2188
2024,마라3678,ho_ar_005,49
2024,마라3678,ho_ar_006,524
2024,마라3678,ho_ar_007,219
2024,마라3678,ho_ar_008,62
2024,마라3678,ho_ar_009,18
2024,마라3678,ho_gb_001,434
2024,마라3678,ho_gb_002,641
2024,마라3678,ho_gb_003,3326
2024,마라3678,ho_gb_004,374
2024,마라3678,ho_gb_005,43
2024,마라3678,ho_gb_006,73
2024,마라3678,ho_yr_001,401
2024,마라3678,ho_yr_002,1463
2024,마라3678,ho_yr_003,1530
2024,마라3678,ho_yr_004,1029
2024,마라3678,ho_yr_005,5
2024,마라3678,ho_yr_006,16
2024,마라3678,ho_yr_007,53
2024,마라3678,ho_yr_008,33
2024,마라3678,ho_yr_009,40
2024,마라3678,ho_yr_010,22
2024,마라3678,ho_yr_011,8
2024,마라3678,ho_yr_012,73
2024,마라3678,ho_yr_013,5
2024,마라3678,ho_yr_014,61
2024,마라3678,ho_yr_015,5
2024,마라3678,ho_yr_016,81
2024,마라3678,to_ho_001,4821
2024,마라3679,ho_ar_001,214
2024,마라3679,ho_ar_002,652
2024,마라3679,ho_ar_003,1759
2024,마라3679,ho_ar_004,3211
2024,마라3679,ho_ar_005,167
2024,마라3679,ho_ar_006,392
2024,마라3679,ho_ar_007,276
2024,마라3679,ho_ar_008,108
2024,마라3679,ho_ar_009,68
2024,마라3679,ho_gb_001,1132
2024,마라3679,ho_gb_002,1552
2024,마라3679,ho_gb_003,3902
2024,마라3679,ho_gb_004,183
2024,마라3679,ho_gb_005,76
2024,마라3679,ho_gb_006,408
2024,마라3679,ho_yr_001,839
2024,마라3679,ho_yr_002,1147
2024,마라3679,ho_yr_003,1017
2024,마라3679,ho_yr_004,884
2024,마라3679,ho_yr_005,538
2024,마라3679,ho_yr_006,23
2024,마라3679,ho_yr_007,249
2024,마라3679,ho_yr_008,125
2024,마라3679,ho_yr_009,43
2024,마라3679,ho_yr_010,5
2024,마라3679,ho_yr_011,485
2024,마라3679,ho_yr_012,443
2024,마라3679,ho_yr_013,511
2024,마라3679,ho_yr_014,21
2024,마라3679,ho_yr_015,293
2024,마라3679,ho_yr_016,15
2024,마라3679,ho_yr_017,0
2024,마라3679,ho_yr_018,193
2024,마라3679,ho_yr_019,30
2024,마라3679,to_ho_001,6845
2024,마라3680,ho_ar_001,0
2024,마라3680,ho_ar_002,5
2024,마라3680,ho_ar_003,274
2024,마라3680,ho_ar_004,626
2024,마라3680,ho_ar_005,5
2024,마라3680,ho_ar_006,0
2024,마라3680,ho_ar_007,8
2024,마라3680,ho_gb_001,13
2024,마라3680,ho_gb_002,28
2024,마라3680,ho_gb_003,877
2024,마라3680,ho_gb_006,5
2024,마라3680,ho_yr_001,31
2024,마라3680,ho_yr_002,109
2024,마라3680,ho_yr_003,0
2024,마라3680,ho_yr_005,0
2024,마라3680,ho_yr_008,129
2024,마라3680,ho_yr_010,5
2024,마라3680,ho_yr_018,647
2024,마라3680,to_ho_001,916
2024,마라3682,ho_ar_002,5
2024,마라3682,ho_ar_003,8
2024,마라3682,ho_ar_004,5
2024,마라3682,ho_ar_005,5
2024,마라3682,ho_ar_006,0
2024,마라3682,ho_ar_007,5
2024,마라3682,ho_ar_008,5
2024,마라3682,ho_ar_009,5
2024,마라3682,ho_gb_002,25
2024,마라3682,ho_gb_005,5
2024,마라3682,ho_gb_006,5
2024,마라3682,ho_yr_001,8
2024,마라3682,ho_yr_002,8
2024,마라3682,ho_yr_003,8
2024,마라3682,ho_yr_004,0
2024,마라3682,to_ho_001,23
2024,마라3683,ho_ar_003,685
2024,마라3683,ho_ar_004,140
2024,마라3683,ho_ar_005,0
2024,마라3683,ho_ar_006,5
2024,마라3683,ho_ar_007,0
2024,마라3683,ho_gb_002,5
2024,마라3683,ho_gb_003,820
2024,마라3683,ho_gb_005,0
2024,마라3683,ho_gb_006,8
2024,마라3683,ho_yr_001,0
2024,마라3683,ho_yr_002,5
2024,마라3683,ho_yr_003,820
2024,마라3683,to_ho_001,825
2024,마라3684,ho_ar_001,8
2024,마라3684,ho_ar_002,22
2024,마라3684,ho_ar_003,588
2024,마라3684,ho_ar_004,1489
2024,마라3684,ho_ar_005,28
2024,마라3684,ho_ar_006,88
2024,마라3684,ho_ar_007,145
2024,마라3684,ho_ar_008,71
2024,마라3684,ho_ar_009,8
2024,마라3684,ho_gb_001,177
2024,마라3684,ho_gb_002,384
2024,마라3684,ho_gb_003,1844
2024,마라3684,ho_gb_005,33
2024,마라3684,ho_gb_006,184
2024,마라3684,ho_yr_001,84
2024,마라3684,ho_yr_002,1734
2024,마라3684,ho_yr_003,367
2024,마라3684,ho_yr_004,222
2024,마라3684,ho_yr_005,5
2024,마라3684,ho_yr_007,0
2024,마라3684,ho_yr_012,29
2024,마라3684,ho_yr_013,0
2024,마라3684,to_ho_001,2442
2024,마라3685,ho_ar_001,7
2024,마라3685,ho_ar_002,66
2024,마라3685,ho_ar_003,1530
2024,마라3685,ho_ar_004,3598
2024,마라3685,ho_ar_005,41
2024,마라3685,ho_ar_006,273
2024,마라3685,ho_ar_007,116
2024,마라3685,ho_ar_008,173
2024,마라3685,ho_ar_009,31
2024,마라3685,ho_gb_001,137
2024,마라3685,ho_gb_002,462
2024,마라3685,ho_gb_003,5218
2024,마라3685,ho_gb_005,18
2024,마라3685,ho_gb_006,103
2024,마라3685,ho_yr_001,108
2024,마라3685,ho_yr_002,908
2024,마라3685,ho_yr_003,1527
2024,마라3685,ho_yr_004,886
2024,마라3685,ho_yr_005,39
2024,마라3685,ho_yr_006,5
2024,마라3685,ho_yr_009,10
2024,마라3685,ho_yr_010,515
2024,마라3685,ho_yr_011,0
2024,마라3685,ho_yr_013,820
2024,마라3685,ho_yr_016,18
2024,마라3685,ho_yr_018,998
2024,마라3685,to_ho_001,5835
2024,마라3687,ho_ar_008,5
2024,마라3687,ho_gb_002,0
2024,마라3687,ho_gb_006,0
2024,마라3687,ho_yr_003,0
2024,마라3687,to_ho_001,0
2024,마라3688,ho_ar_002,4016
2024,마라3688,ho_ar_003,1832
2024,마라3688,ho_ar_004,74
2024,마라3688,ho_ar_005,0
2024,마라3688,ho_ar_008,8
2024,마라3688,ho_gb_001,7
2024,마라3688,ho_gb_002,8
2024,마라3688,ho_gb_003,5914
2024,마라3688,ho_gb_005,5
2024,마라3688,ho_gb_006,5
2024,마라3688,ho_yr_003,5896
2024,마라3688,ho_yr_004,26
2024,마라3688,ho_yr_016,0
2024,마라3688,ho_yr_017,5
2024,마라3688,ho_yr_018,0
2024,마라3688,ho_yr_019,5
2024,마라3688,to_ho_001,5930
2024,마라3689,ho_ar_003,1104
2024,마라3689,ho_ar_004,1684
2024,마라3689,ho_ar_006,224
2024,마라3689,ho_ar_007,29
2024,마라3689,ho_ar_008,23
2024,마라3689,ho_ar_009,0
2024,마라3689,ho_gb_001,29
2024,마라3689,ho_gb_002,29
2024,마라3689,ho_gb_003,3010
2024,마라3689,ho_gb_006,8
2024,마라3689,ho_yr_002,130
2024,마라3689,ho_yr_003,1091
2024,마라3689,ho_yr_004,773
2024,마라3689,ho_yr_005,575
2024,마라3689,ho_yr_015,498
2024,마라3689,to_ho_001,3067
2024,마라3690,ho_ar_001,272
2024,마라3690,ho_ar_002,297
2024,마라3690,ho_ar_003,2139
2024,마라3690,ho_ar_004,1986
2024,마라3690,ho_ar_005,78
2024,마라3690,ho_ar_006,314
2024,마라3690,ho_ar_007,365
2024,마라3690,ho_ar_008,196
2024,마라3690,ho_ar_009,96
2024,마라3690,ho_gb_001,1028
2024,마라3690,ho_gb_002,1124
2024,마라3690,ho_gb_003,3386
2024,마라3690,ho_gb_004,128
2024,마라3690,ho_gb_005,78
2024,마라3690,ho_gb_006,399
2024,마라3690,ho_yr_001,282
2024,마라3690,ho_yr_002,1376
2024,마라3690,ho_yr_003,963
2024,마라3690,ho_yr_004,365
2024,마라3690,ho_yr_005,788
2024,마라3690,ho_yr_006,13
2024,마라3690,ho_yr_007,67
2024,마라3690,ho_yr_008,106
2024,마라3690,ho_yr_009,118
2024,마라3690,ho_yr_010,121
2024,마라3690,ho_yr_011,63
2024,마라3690,ho_yr_012,147
2024,마라3690,ho_yr_013,20
2024,마라3690,ho_yr_014,227
2024,마라3690,ho_yr_015,288
2024,마라3690,ho_yr_017,795
2024,마라3690,ho_yr_018,7
2024,마라3690,ho_yr_019,5
2024,마라3690,to_ho_001,5740
2024,마라3691,ho_ar_001,180
2024,마라3691,ho_ar_002,252
2024,마라3691,ho_ar_003,566
2024,마라3691,ho_ar_004,1643
2024,마라3691,ho_ar_005,212
2024,마라3691,ho_ar_006,97
2024,마라3691,ho_ar_007,85
2024,마라3691,ho_ar_008,57
2024,마라3691,ho_ar_009,44
2024,마라3691,ho_gb_001,528
2024,마라3691,ho_gb_002,449
2024,마라3691,ho_gb_003,2009
2024,마라3691,ho_gb_004,56
2024,마라3691,ho_gb_005,88
2024,마라3691,ho_gb_006,731
2024,마라3691,ho_yr_001,185
2024,마라3691,ho_yr_002,261
2024,마라3691,ho_yr_003,202
2024,마라3691,ho_yr_004,219
2024,마라3691,ho_yr_005,8
2024,마라3691,ho_yr_006,20
2024,마라3691,ho_yr_007,101
2024,마라3691,ho_yr_008,98
2024,마라3691,ho_yr_009,52
2024,마라3691,ho_yr_010,1137
2024,마라3691,ho_yr_011,141
2024,마라3691,ho_yr_012,104
2024,마라3691,ho_yr_013,317
2024,마라3691,ho_yr_014,232
2024,마라3691,ho_yr_015,5
2024,마라3691,ho_yr_016,0
2024,마라3691,ho_yr_017,53
2024,마라3691,ho_yr_018,5
2024,마라3691,ho_yr_019,0
2024,마라3691,ho_yr_020,0
2024,마라3691,to_ho_001,3135
2024,마라3692,ho_ar_006,0
2024,마라3692,ho_ar_007,0
2024,마라3692,ho_ar_008,5
2024,마라3692,ho_gb_002,5
2024,마라3692,ho_gb_005,0
2024,마라3692,ho_yr_002,0
2024,마라3692,ho_yr_005,0
2024,마라3692,ho_yr_014,5
2024,마라3692,to_ho_001,5
2024,마라3694,ho_ar_002,5
2024,마라3694,ho_ar_003,0
2024,마라3694,ho_ar_004,8
2024,마라3694,ho_ar_005,5
2024,마라3694,ho_ar_006,5
2024,마라3694,ho_ar_007,0
2024,마라3694,ho_ar_008,0
2024,마라3694,ho_gb_002,19
2024,마라3694,ho_gb_005,0
2024,마라3694,ho_yr_001,8
2024,마라3694,ho_yr_002,5
2024,마라3694,ho_yr_003,5
2024,마라3694,ho_yr_004,5
2024,마라3694,ho_yr_005,0
2024,마라3694,ho_yr_013,0
2024,마라3694,ho_yr_014,0
2024,마라3694,to_ho_001,18
2024,마라3695,ho_ar_002,5
2024,마라3695,ho_ar_003,5
2024,마라3695,ho_ar_004,8
2024,마라3695,ho_ar_005,8
2024,마라3695,ho_ar_006,0
2024,마라3695,ho_ar_007,5
2024,마라3695,ho_ar_008,0
2024,마라3695,ho_gb_002,23
2024,마라3695,ho_gb_005,5
2024,마라3695,ho_gb_006,8
2024,마라3695,ho_yr_001,8
2024,마라3695,ho_yr_002,5
2024,마라3695,ho_yr_003,8
2024,마라3695,ho_yr_004,5
2024,마라3695,ho_yr_005,5
2024,마라3695,ho_yr_011,5
2024,마라3695,ho_yr_012,5
2024,마라3695,to_ho_001,23
2024,마라3696,ho_ar_001,0
2024,마라3696,ho_ar_002,5
2024,마라3696,ho_ar_003,8
2024,마라3696,ho_ar_004,35
2024,마라3696,ho_ar_005,28
2024,마라3696,ho_ar_006,13
2024,마라3696,ho_ar_007,8
2024,마라3696,ho_ar_008,5
2024,마라3696,ho_ar_009,0
2024,마라3696,ho_gb_002,98
2024,마라3696,ho_gb_005,5
2024,마라3696,ho_gb_006,8
2024,마라3696,ho_yr_001,15
2024,마라3696,ho_yr_002,13
2024,마라3696,ho_yr_003,34
2024,마라3696,ho_yr_004,13
2024,마라3696,ho_yr_005,13
2024,마라3696,ho_yr_006,5
2024,마라3696,ho_yr_007,5
2024,마라3696,ho_yr_009,0
2024,마라3696,ho_yr_012,0
2024,마라3696,ho_yr_014,0
2024,마라3696,ho_yr_015,5
2024,마라3696,ho_yr_016,0
2024,마라3696,ho_yr_017,0
2024,마라3696,ho_yr_018,0
2024,마라3696,ho_yr_019,0
2024,마라3696,ho_yr_020,0
2024,마라3696,to_ho_001,101
2024,마라3697,ho_ar_002,5
2024,마라3697,ho_ar_003,8
2024,마라3697,ho_ar_004,28
2024,마라3697,ho_ar_005,22
2024,마라3697,ho_ar_006,8
2024,마라3697,ho_ar_007,5
2024,마라3697,ho_ar_008,5
2024,마라3697,ho_gb_002,71
2024,마라3697,ho_gb_006,5
2024,마라3697,ho_yr_001,33
2024,마라3697,ho_yr_002,5
2024,마라3697,ho_yr_003,19
2024,마라3697,ho_yr_004,0
2024,마라3697,ho_yr_005,5
2024,마라3697,ho_yr_006,0
2024,마라3697,ho_yr_007,5
2024,마라3697,ho_yr_008,0
2024,마라3697,ho_yr_009,0
2024,마라3697,ho_yr_010,0
2024,마라3697,ho_yr_011,0
2024,마라3697,ho_yr_020,5
2024,마라3697,to_ho_001,69
2024,마라3698,ho_gb_006,5
2024,마라3699,ho_ar_002,8
2024,마라3699,ho_ar_003,8
2024,마라3699,ho_ar_004,16
2024,마라3699,ho_ar_005,13
2024,마라3699,ho_ar_006,13
2024,마라3699,ho_ar_007,5
2024,마라3699,ho_ar_008,0
2024,마라3699,ho_gb_002,56
2024,마라3699,ho_gb_005,5
2024,마라3699,ho_gb_006,0
2024,마라3699,ho_yr_001,24
2024,마라3699,ho_yr_002,8
2024,마라3699,ho_yr_003,20
2024,마라3699,ho_yr_004,8
2024,마라3699,ho_yr_005,8
2024,마라3699,ho_yr_007,5
2024,마라3699,ho_yr_010,0
2024,마라3699,ho_yr_012,0
2024,마라3699,to_ho_001,61
2024,마라3774,ho_gb_006,8
2024,마라3775,ho_ar_002,5
2024,마라3775,ho_ar_003,5
2024,마라3775,ho_ar_004,0
2024,마라3775,ho_ar_005,0
2024,마라3775,ho_ar_006,0
2024,마라3775,ho_ar_009,0
2024,마라3775,ho_gb_002,17
2024,마라3775,ho_gb_006,8
2024,마라3775,ho_yr_001,5
2024,마라3775,ho_yr_002,8
2024,마라3775,ho_yr_003,5
2024,마라3775,to_ho_001,13
2024,마라3776,ho_ar_001,8
2024,마라3776,ho_ar_002,23
2024,마라3776,ho_ar_003,13
2024,마라3776,ho_ar_004,20
2024,마라3776,ho_ar_005,11
2024,마라3776,ho_ar_006,13
2024,마라3776,ho_ar_007,21
2024,마라3776,ho_ar_008,11
2024,마라3776,ho_ar_009,0
2024,마라3776,ho_gb_001,17
2024,마라3776,ho_gb_002,95
2024,마라3776,ho_gb_003,10
2024,마라3776,ho_gb_006,8
2024,마라3776,ho_yr_001,23
2024,마라3776,ho_yr_002,66
2024,마라3776,ho_yr_003,35
2024,마라3776,ho_yr_006,0
2024,마라3776,to_ho_001,123
2024,마라3777,ho_ar_001,36
2024,마라3777,ho_ar_002,118
2024,마라3777,ho_ar_003,678
2024,마라3777,ho_ar_004,710
2024,마라3777,ho_ar_005,92
2024,마라3777,ho_ar_006,249
2024,마라3777,ho_ar_007,163
2024,마라3777,ho_ar_008,68
2024,마라3777,ho_ar_009,23
2024,마라3777,ho_gb_001,347
2024,마라3777,ho_gb_002,815
2024,마라3777,ho_gb_003,817
2024,마라3777,ho_gb_004,132
2024,마라3777,ho_gb_005,23
2024,마라3777,ho_gb_006,55
2024,마라3777,ho_yr_001,343
2024,마라3777,ho_yr_002,688
2024,마라3777,ho_yr_003,753
2024,마라3777,ho_yr_004,81
2024,마라3777,ho_yr_005,181
2024,마라3777,ho_yr_006,0
2024,마라3777,ho_yr_007,5
2024,마라3777,ho_yr_008,32
2024,마라3777,ho_yr_011,35
2024,마라3777,ho_yr_012,5
2024,마라3777,ho_yr_013,0
2024,마라3777,ho_yr_014,15
2024,마라3777,ho_yr_015,0
2024,마라3777,ho_yr_017,0
2024,마라3777,to_ho_001,2134
2024,마라3778,ho_ar_001,88
2024,마라3778,ho_ar_002,470
2024,마라3778,ho_ar_003,949
2024,마라3778,ho_ar_004,680
2024,마라3778,ho_ar_005,119
2024,마라3778,ho_ar_006,162
2024,마라3778,ho_ar_007,97
2024,마라3778,ho_ar_008,75
2024,마라3778,ho_ar_009,28
2024,마라3778,ho_gb_001,216
2024,마라3778,ho_gb_002,1486
2024,마라3778,ho_gb_003,625
2024,마라3778,ho_gb_004,305
2024,마라3778,ho_gb_005,34
2024,마라3778,ho_gb_006,26
2024,마라3778,ho_yr_001,905
2024,마라3778,ho_yr_002,961
2024,마라3778,ho_yr_003,408
2024,마라3778,ho_yr_004,211
2024,마라3778,ho_yr_005,18
2024,마라3778,ho_yr_009,15
2024,마라3778,ho_yr_010,10
2024,마라3778,ho_yr_011,13
2024,마라3778,ho_yr_012,30
2024,마라3778,ho_yr_013,0
2024,마라3778,ho_yr_014,83
2024,마라3778,ho_yr_015,18
2024,마라3778,ho_yr_016,0
2024,마라3778,ho_yr_017,0
2024,마라3778,to_ho_001,2670
2024,마라3779,ho_ar_001,112
2024,마라3779,ho_ar_002,913
2024,마라3779,ho_ar_003,995
2024,마라3779,ho_ar_004,1204
2024,마라3779,ho_ar_005,114
2024,마라3779,ho_ar_006,239
2024,마라3779,ho_ar_007,211
2024,마라3779,ho_ar_008,38
2024,마라3779,ho_ar_009,23
2024,마라3779,ho_gb_001,229
2024,마라3779,ho_gb_002,1490
2024,마라3779,ho_gb_003,1977
2024,마라3779,ho_gb_004,130
2024,마라3779,ho_gb_005,18
2024,마라3779,ho_gb_006,35
2024,마라3779,ho_yr_001,830
2024,마라3779,ho_yr_002,1013
2024,마라3779,ho_yr_003,1086
2024,마라3779,ho_yr_004,221
2024,마라3779,ho_yr_005,5
2024,마라3779,ho_yr_006,5
2024,마라3779,ho_yr_007,0
2024,마라3779,ho_yr_008,5
2024,마라3779,ho_yr_011,5
2024,마라3779,ho_yr_012,19
2024,마라3779,ho_yr_013,0
2024,마라3779,ho_yr_019,662
2024,마라3779,ho_yr_020,5
2024,마라3779,to_ho_001,3847
2024,마라3780,ho_ar_001,69
2024,마라3780,ho_ar_002,507
2024,마라3780,ho_ar_003,965
2024,마라3780,ho_ar_004,2007
2024,마라3780,ho_ar_005,311
2024,마라3780,ho_ar_006,641
2024,마라3780,ho_ar_007,235
2024,마라3780,ho_ar_008,64
2024,마라3780,ho_ar_009,33
2024,마라3780,ho_gb_001,334
2024,마라3780,ho_gb_002,1179
2024,마라3780,ho_gb_003,3026
2024,마라3780,ho_gb_004,258
2024,마라3780,ho_gb_005,28
2024,마라3780,ho_gb_006,186
2024,마라3780,ho_yr_001,767
2024,마라3780,ho_yr_002,424
2024,마라3780,ho_yr_003,614
2024,마라3780,ho_yr_004,675
2024,마라3780,ho_yr_005,189
2024,마라3780,ho_yr_006,0
2024,마라3780,ho_yr_007,33
2024,마라3780,ho_yr_008,12
2024,마라3780,ho_yr_009,52
2024,마라3780,ho_yr_010,187
2024,마라3780,ho_yr_011,19
2024,마라3780,ho_yr_012,7
2024,마라3780,ho_yr_013,0
2024,마라3780,ho_yr_014,324
2024,마라3780,ho_yr_015,23
2024,마라3780,ho_yr_016,775
2024,마라3780,ho_yr_018,731
2024,마라3780,to_ho_001,4828
2024,마라3781,ho_ar_001,14
2024,마라3781,ho_ar_002,84
2024,마라3781,ho_ar_003,696
2024,마라3781,ho_ar_004,1286
2024,마라3781,ho_ar_005,94
2024,마라3781,ho_ar_006,461
2024,마라3781,ho_ar_007,85
2024,마라3781,ho_ar_008,41
2024,마라3781,ho_ar_009,8
2024,마라3781,ho_gb_001,39
2024,마라3781,ho_gb_002,269
2024,마라3781,ho_gb_003,2358
2024,마라3781,ho_gb_004,97
2024,마라3781,ho_gb_005,8
2024,마라3781,ho_gb_006,5
2024,마라3781,ho_yr_001,182
2024,마라3781,ho_yr_002,116
2024,마라3781,ho_yr_003,928
2024,마라3781,ho_yr_004,319
2024,마라3781,ho_yr_005,5
2024,마라3781,ho_yr_008,0
2024,마라3781,ho_yr_010,763
2024,마라3781,ho_yr_011,0
2024,마라3781,ho_yr_012,29
2024,마라3781,ho_yr_013,5
2024,마라3781,ho_yr_014,412
2024,마라3781,ho_yr_015,12
2024,마라3781,to_ho_001,2765
2024,마라3782,ho_ar_001,5
2024,마라3782,ho_ar_002,58
2024,마라3782,ho_ar_003,92
2024,마라3782,ho_ar_004,43
2024,마라3782,ho_ar_005,13
2024,마라3782,ho_ar_006,8
2024,마라3782,ho_ar_007,13
2024,마라3782,ho_ar_008,8
2024,마라3782,ho_ar_009,5
2024,마라3782,ho_gb_001,73
2024,마라3782,ho_gb_002,161
2024,마라3782,ho_gb_005,13
2024,마라3782,ho_gb_006,13
2024,마라3782,ho_yr_001,28
2024,마라3782,ho_yr_002,83
2024,마라3782,ho_yr_003,27
2024,마라3782,ho_yr_004,73
2024,마라3782,ho_yr_005,26
2024,마라3782,ho_yr_007,5
2024,마라3782,ho_yr_009,5
2024,마라3782,ho_yr_010,0
2024,마라3782,ho_yr_011,5
2024,마라3782,ho_yr_015,0
2024,마라3782,ho_yr_017,0
2024,마라3782,ho_yr_018,0
2024,마라3782,to_ho_001,245
2024,마라3784,ho_ar_001,1056
2024,마라3784,ho_ar_002,562
2024,마라3784,ho_ar_003,889
2024,마라3784,ho_ar_004,1389
2024,마라3784,ho_ar_005,107
2024,마라3784,ho_ar_006,605
2024,마라3784,ho_ar_007,222
2024,마라3784,ho_ar_008,155
2024,마라3784,ho_ar_009,72
2024,마라3784,ho_gb_001,1450
2024,마라3784,ho_gb_002,1012
2024,마라3784,ho_gb_003,2392
2024,마라3784,ho_gb_004,142
2024,마라3784,ho_gb_005,60
2024,마라3784,ho_gb_006,786
2024,마라3784,ho_yr_001,578
2024,마라3784,ho_yr_002,1308
2024,마라3784,ho_yr_003,1334
2024,마라3784,ho_yr_004,605
2024,마라3784,ho_yr_005,36
2024,마라3784,ho_yr_006,95
2024,마라3784,ho_yr_007,115
2024,마라3784,ho_yr_008,161
2024,마라3784,ho_yr_009,164
2024,마라3784,ho_yr_010,49
2024,마라3784,ho_yr_011,38
2024,마라3784,ho_yr_012,38
2024,마라3784,ho_yr_013,163
2024,마라3784,ho_yr_014,66
2024,마라3784,ho_yr_015,54
2024,마라3784,ho_yr_016,77
2024,마라3784,ho_yr_017,73
2024,마라3784,ho_yr_018,69
2024,마라3784,ho_yr_019,27
2024,마라3784,ho_yr_020,14
2024,마라3784,to_ho_001,5056
2024,마라3785,ho_ar_001,71
2024,마라3785,ho_ar_002,101
2024,마라3785,ho_ar_003,2068
2024,마라3785,ho_ar_004,1740
2024,마라3785,ho_ar_005,23
2024,마라3785,ho_ar_006,385
2024,마라3785,ho_ar_007,363
2024,마라3785,ho_ar_008,127
2024,마라3785,ho_ar_009,18
2024,마라3785,ho_gb_001,174
2024,마라3785,ho_gb_002,354
2024,마라3785,ho_gb_003,4338
2024,마라3785,ho_gb_004,12
2024,마라3785,ho_gb_005,13
2024,마라3785,ho_gb_006,176
2024,마라3785,ho_yr_001,121
2024,마라3785,ho_yr_002,394
2024,마라3785,ho_yr_003,2951
2024,마라3785,ho_yr_004,188
2024,마라3785,ho_yr_005,967
2024,마라3785,ho_yr_006,5
2024,마라3785,ho_yr_007,14
2024,마라3785,ho_yr_009,17
2024,마라3785,ho_yr_010,93
2024,마라3785,ho_yr_011,0
2024,마라3785,ho_yr_012,14
2024,마라3785,ho_yr_013,34
2024,마라3785,ho_yr_014,45
2024,마라3785,ho_yr_016,46
2024,마라3785,ho_yr_019,0
2024,마라3785,to_ho_001,4893
2024,마라3788,ho_gb_006,5
2024,마라3789,ho_ar_001,69
2024,마라3789,ho_ar_002,97
2024,마라3789,ho_ar_003,794
2024,마라3789,ho_ar_004,1075
2024,마라3789,ho_ar_005,13
2024,마라3789,ho_ar_006,8
2024,마라3789,ho_ar_007,30
2024,마라3789,ho_ar_008,75
2024,마라3789,ho_ar_009,71
2024,마라3789,ho_gb_001,857
2024,마라3789,ho_gb_002,181
2024,마라3789,ho_gb_003,1139
2024,마라3789,ho_gb_004,35
2024,마라3789,ho_gb_005,18
2024,마라3789,ho_gb_006,99
2024,마라3789,ho_yr_002,5
2024,마라3789,ho_yr_003,2081
2024,마라3789,ho_yr_004,105
2024,마라3789,ho_yr_005,5
2024,마라3789,ho_yr_006,5
2024,마라3789,ho_yr_007,29
2024,마라3789,ho_yr_008,5
2024,마라3789,ho_yr_010,5
2024,마라3789,ho_yr_011,5
2024,마라3789,ho_yr_013,5
2024,마라3789,ho_yr_017,8
2024,마라3789,to_ho_001,2227
2024,마라3790,ho_ar_001,148
2024,마라3790,ho_ar_002,167
2024,마라3790,ho_ar_003,1339
2024,마라3790,ho_ar_004,1988
2024,마라3790,ho_ar_005,39
2024,마라3790,ho_ar_006,147
2024,마라3790,ho_ar_007,149
2024,마라3790,ho_ar_008,349
2024,마라3790,ho_ar_009,257
2024,마라3790,ho_gb_001,2130
2024,마라3790,ho_gb_002,824
2024,마라3790,ho_gb_003,1276
2024,마라3790,ho_gb_004,303
2024,마라3790,ho_gb_005,48
2024,마라3790,ho_gb_006,64
2024,마라3790,ho_yr_001,12
2024,마라3790,ho_yr_002,99
2024,마라3790,ho_yr_003,4025
2024,마라3790,ho_yr_004,219
2024,마라3790,ho_yr_005,30
2024,마라3790,ho_yr_006,5
2024,마라3790,ho_yr_007,36
2024,마라3790,ho_yr_008,63
2024,마라3790,ho_yr_009,13
2024,마라3790,ho_yr_010,19
2024,마라3790,ho_yr_011,37
2024,마라3790,ho_yr_012,8
2024,마라3790,ho_yr_013,5
2024,마라3790,ho_yr_014,26
2024,마라3790,to_ho_001,4581
2024,마라3791,ho_ar_001,414
2024,마라3791,ho_ar_002,1756
2024,마라3791,ho_ar_003,2669
2024,마라3791,ho_ar_004,2241
2024,마라3791,ho_ar_005,167
2024,마라3791,ho_ar_006,463
2024,마라3791,ho_ar_007,276
2024,마라3791,ho_ar_008,218
2024,마라3791,ho_ar_009,127
2024,마라3791,ho_gb_001,1866
2024,마라3791,ho_gb_002,1208
2024,마라3791,ho_gb_003,4861
2024,마라3791,ho_gb_004,303
2024,마라3791,ho_gb_005,98
2024,마라3791,ho_gb_006,581
2024,마라3791,ho_yr_001,407
2024,마라3791,ho_yr_002,1739
2024,마라3791,ho_yr_003,3135
2024,마라3791,ho_yr_004,679
2024,마라3791,ho_yr_005,69
2024,마라3791,ho_yr_006,24
2024,마라3791,ho_yr_007,149
2024,마라3791,ho_yr_008,112
2024,마라3791,ho_yr_009,131
2024,마라3791,ho_yr_010,65
2024,마라3791,ho_yr_011,20
2024,마라3791,ho_yr_012,61
2024,마라3791,ho_yr_013,95
2024,마라3791,ho_yr_014,118
2024,마라3791,ho_yr_015,265
2024,마라3791,ho_yr_016,16
2024,마라3791,ho_yr_017,5
2024,마라3791,ho_yr_018,725
2024,마라3791,ho_yr_019,539
2024,마라3791,to_ho_001,8335
2024,마라3792,ho_ar_001,63
2024,마라3792,ho_ar_002,53
2024,마라3792,ho_ar_003,1297
2024,마라3792,ho_ar_004,1729
2024,마라3792,ho_ar_005,248
2024,마라3792,ho_ar_006,771
2024,마라3792,ho_ar_007,1058
2024,마라3792,ho_ar_008,288
2024,마라3792,ho_ar_009,18
2024,마라3792,ho_gb_001,357
2024,마라3792,ho_gb_002,363
2024,마라3792,ho_gb_003,4782
2024,마라3792,ho_gb_004,5
2024,마라3792,ho_gb_005,13
2024,마라3792,ho_gb_006,8
2024,마라3792,ho_yr_001,8
2024,마라3792,ho_yr_002,284
2024,마라3792,ho_yr_003,269
2024,마라3792,ho_yr_004,1839
2024,마라3792,ho_yr_005,0
2024,마라3792,ho_yr_006,5
2024,마라3792,ho_yr_007,9
2024,마라3792,ho_yr_008,2884
2024,마라3792,ho_yr_009,0
2024,마라3792,ho_yr_010,5
2024,마라3792,ho_yr_011,40
2024,마라3792,ho_yr_012,38
2024,마라3792,ho_yr_013,8
2024,마라3792,ho_yr_014,0
2024,마라3792,ho_yr_017,20
2024,마라3792,ho_yr_018,13
2024,마라3792,ho_yr_019,0
2024,마라3792,ho_yr_020,107
2024,마라3792,to_ho_001,5523
2024,마라3793,ho_ar_001,16
2024,마라3793,ho_ar_002,29
2024,마라3793,ho_ar_003,2803
2024,마라3793,ho_ar_004,4713
2024,마라3793,ho_ar_005,185
2024,마라3793,ho_ar_006,1715
2024,마라3793,ho_ar_007,1417
2024,마라3793,ho_ar_008,193
2024,마라3793,ho_ar_009,8
2024,마라3793,ho_gb_001,87
2024,마라3793,ho_gb_002,63
2024,마라3793,ho_gb_003,10903
2024,마라3793,ho_gb_005,19
2024,마라3793,ho_gb_006,38
2024,마라3793,ho_yr_001,15
2024,마라3793,ho_yr_002,14
2024,마라3793,ho_yr_003,2416
2024,마라3793,ho_yr_004,5732
2024,마라3793,ho_yr_005,295
2024,마라3793,ho_yr_006,0
2024,마라3793,ho_yr_008,2122
2024,마라3793,ho_yr_009,5
2024,마라3793,ho_yr_011,434
2024,마라3793,ho_yr_012,20
2024,마라3793,ho_yr_013,12
2024,마라3793,ho_yr_014,5
2024,마라3793,ho_yr_015,28
2024,마라3793,to_ho_001,11074
2024,마라3794,ho_ar_001,10
2024,마라3794,ho_ar_002,248
2024,마라3794,ho_ar_003,1773
2024,마라3794,ho_ar_004,2587
2024,마라3794,ho_ar_005,8
2024,마라3794,ho_ar_006,1233
2024,마라3794,ho_ar_007,300
2024,마라3794,ho_ar_008,68
2024,마라3794,ho_ar_009,30
2024,마라3794,ho_gb_001,26
2024,마라3794,ho_gb_002,169
2024,마라3794,ho_gb_003,6034
2024,마라3794,ho_gb_004,11
2024,마라3794,ho_gb_005,18
2024,마라3794,ho_gb_006,611
2024,마라3794,ho_yr_001,13
2024,마라3794,ho_yr_002,662
2024,마라3794,ho_yr_003,635
2024,마라3794,ho_yr_004,4031
2024,마라3794,ho_yr_005,5
2024,마라3794,ho_yr_006,5
2024,마라3794,ho_yr_007,0
2024,마라3794,ho_yr_008,118
2024,마라3794,ho_yr_009,5
2024,마라3794,ho_yr_010,70
2024,마라3794,ho_yr_011,533
2024,마라3794,ho_yr_012,5
2024,마라3794,ho_yr_013,5
2024,마라3794,ho_yr_014,5
2024,마라3794,ho_yr_015,5
2024,마라3794,ho_yr_016,5
2024,마라3794,ho_yr_017,167
2024,마라3794,ho_yr_018,5
2024,마라3794,ho_yr_019,5
2024,마라3794,to_ho_001,6255
2024,마라3795,ho_ar_002,54
2024,마라3795,ho_ar_003,2369
2024,마라3795,ho_ar_004,3246
2024,마라3795,ho_ar_005,122
2024,마라3795,ho_ar_006,5
2024,마라3795,ho_ar_007,135
2024,마라3795,ho_ar_008,8
2024,마라3795,ho_ar_009,5
2024,마라3795,ho_gb_001,12
2024,마라3795,ho_gb_002,32
2024,마라3795,ho_gb_003,5884
2024,마라3795,ho_gb_004,8
2024,마라3795,ho_gb_005,8
2024,마라3795,ho_gb_006,47
2024,마라3795,ho_yr_002,19
2024,마라3795,ho_yr_003,2132
2024,마라3795,ho_yr_004,3217
2024,마라3795,ho_yr_005,5
2024,마라3795,ho_yr_010,561
2024,마라3795,ho_yr_014,0
2024,마라3795,ho_yr_016,12
2024,마라3795,to_ho_001,5938
2024,마라3796,ho_ar_002,2978
2024,마라3796,ho_ar_003,1326
2024,마라3796,ho_ar_004,1287
2024,마라3796,ho_ar_005,5
2024,마라3796,ho_ar_007,0
2024,마라3796,ho_ar_008,0
2024,마라3796,ho_ar_009,5
2024,마라3796,ho_gb_001,27
2024,마라3796,ho_gb_002,8
2024,마라3796,ho_gb_003,5559
2024,마라3796,ho_gb_005,5
2024,마라3796,ho_gb_006,8
2024,마라3796,ho_yr_003,4191
2024,마라3796,ho_yr_004,18
2024,마라3796,ho_yr_005,205
2024,마라3796,ho_yr_010,405
2024,마라3796,ho_yr_011,778
2024,마라3796,to_ho_001,5597
2024,마라3797,ho_ar_002,1355
2024,마라3797,ho_ar_003,27
2024,마라3797,ho_ar_004,91
2024,마라3797,ho_ar_005,236
2024,마라3797,ho_ar_006,70
2024,마라3797,ho_ar_007,32
2024,마라3797,ho_ar_008,15
2024,마라3797,ho_ar_009,23
2024,마라3797,ho_gb_001,8
2024,마라3797,ho_gb_002,40
2024,마라3797,ho_gb_003,1765
2024,마라3797,ho_gb_004,17
2024,마라3797,ho_gb_005,18
2024,마라3797,ho_gb_006,8
2024,마라3797,ho_yr_002,0
2024,마라3797,ho_yr_003,1740
2024,마라3797,ho_yr_004,5
2024,마라3797,ho_yr_005,5
2024,마라3797,ho_yr_006,0
2024,마라3797,ho_yr_010,93
2024,마라3797,ho_yr_012,0
2024,마라3797,ho_yr_013,0
2024,마라3797,ho_yr_016,0
2024,마라3797,to_ho_001,1846
2024,마라3799,ho_ar_002,5
2024,마라3799,ho_ar_003,5
2024,마라3799,ho_ar_004,13
2024,마라3799,ho_ar_005,8
2024,마라3799,ho_ar_006,13
2024,마라3799,ho_ar_007,8
2024,마라3799,ho_ar_008,0
2024,마라3799,ho_ar_009,5
2024,마라3799,ho_gb_002,52
2024,마라3799,ho_gb_005,5
2024,마라3799,ho_gb_006,5
2024,마라3799,ho_yr_001,13
2024,마라3799,ho_yr_002,15
2024,마라3799,ho_yr_003,8
2024,마라3799,ho_yr_004,5
2024,마라3799,ho_yr_005,8
2024,마라3799,ho_yr_006,0
2024,마라3799,ho_yr_009,0
2024,마라3799,ho_yr_011,0
2024,마라3799,ho_yr_013,0
2024,마라3799,ho_yr_014,5
2024,마라3799,ho_yr_015,5
2024,마라3799,ho_yr_017,5
2024,마라3799,ho_yr_018,0
2024,마라3799,to_ho_001,55
2024,마라3875,ho_ar_002,14
2024,마라3875,ho_ar_003,13
2024,마라3875,ho_ar_004,15
2024,마라3875,ho_ar_005,8
2024,마라3875,ho_ar_006,5
2024,마라3875,ho_ar_007,0
2024,마라3875,ho_ar_008,0
2024,마라3875,ho_ar_009,5
2024,마라3875,ho_gb_001,6
2024,마라3875,ho_gb_002,44
2024,마라3875,ho_gb_005,5
2024,마라3875,ho_gb_006,5
2024,마라3875,ho_yr_001,12
2024,마라3875,ho_yr_002,23
2024,마라3875,ho_yr_003,5
2024,마라3875,ho_yr_004,6
2024,마라3875,ho_yr_005,5
2024,마라3875,ho_yr_019,0
2024,마라3875,to_ho_001,51
2024,마라3876,ho_ar_001,8
2024,마라3876,ho_ar_002,93
2024,마라3876,ho_ar_003,443
2024,마라3876,ho_ar_004,1472
2024,마라3876,ho_ar_005,227
2024,마라3876,ho_ar_006,677
2024,마라3876,ho_ar_007,280
2024,마라3876,ho_ar_008,29
2024,마라3876,ho_ar_009,18
2024,마라3876,ho_gb_001,79
2024,마라3876,ho_gb_002,220
2024,마라3876,ho_gb_003,2914
2024,마라3876,ho_gb_004,20
2024,마라3876,ho_gb_005,13
2024,마라3876,ho_gb_006,326
2024,마라3876,ho_yr_001,116
2024,마라3876,ho_yr_002,321
2024,마라3876,ho_yr_003,660
2024,마라3876,ho_yr_004,172
2024,마라3876,ho_yr_005,5
2024,마라3876,ho_yr_006,204
2024,마라3876,ho_yr_007,5
2024,마라3876,ho_yr_008,0
2024,마라3876,ho_yr_010,5
2024,마라3876,ho_yr_011,5
2024,마라3876,ho_yr_012,146
2024,마라3876,ho_yr_013,5
2024,마라3876,ho_yr_015,9
2024,마라3876,ho_yr_018,830
2024,마라3876,ho_yr_019,259
2024,마라3876,ho_yr_020,518
2024,마라3876,to_ho_001,3249
2024,마라3877,ho_ar_001,174
2024,마라3877,ho_ar_002,645
2024,마라3877,ho_ar_003,1493
2024,마라3877,ho_ar_004,1910
2024,마라3877,ho_ar_005,405
2024,마라3877,ho_ar_006,494
2024,마라3877,ho_ar_007,206
2024,마라3877,ho_ar_008,138
2024,마라3877,ho_ar_009,68
2024,마라3877,ho_gb_001,493
2024,마라3877,ho_gb_002,1761
2024,마라3877,ho_gb_003,3127
2024,마라3877,ho_gb_004,122
2024,마라3877,ho_gb_005,38
2024,마라3877,ho_gb_006,122
2024,마라3877,ho_yr_001,991
2024,마라3877,ho_yr_002,1207
2024,마라3877,ho_yr_003,1222
2024,마라3877,ho_yr_004,648
2024,마라3877,ho_yr_005,103
2024,마라3877,ho_yr_008,11
2024,마라3877,ho_yr_009,787
2024,마라3877,ho_yr_010,31
2024,마라3877,ho_yr_011,16
2024,마라3877,ho_yr_013,23
2024,마라3877,ho_yr_014,24
2024,마라3877,ho_yr_015,0
2024,마라3877,ho_yr_018,394
2024,마라3877,ho_yr_020,84
2024,마라3877,to_ho_001,5542
2024,마라3878,ho_ar_001,107
2024,마라3878,ho_ar_002,470
2024,마라3878,ho_ar_003,981
2024,마라3878,ho_ar_004,1390
2024,마라3878,ho_ar_005,234
2024,마라3878,ho_ar_006,318
2024,마라3878,ho_ar_007,198
2024,마라3878,ho_ar_008,120
2024,마라3878,ho_ar_009,87
2024,마라3878,ho_gb_001,302
2024,마라3878,ho_gb_002,2055
2024,마라3878,ho_gb_003,1300
2024,마라3878,ho_gb_004,192
2024,마라3878,ho_gb_005,64
2024,마라3878,ho_gb_006,342
2024,마라3878,ho_yr_001,1026
2024,마라3878,ho_yr_002,989
2024,마라3878,ho_yr_003,972
2024,마라3878,ho_yr_004,54
2024,마라3878,ho_yr_005,33
2024,마라3878,ho_yr_009,17
2024,마라3878,ho_yr_011,26
2024,마라3878,ho_yr_012,163
2024,마라3878,ho_yr_013,154
2024,마라3878,ho_yr_014,171
2024,마라3878,ho_yr_015,16
2024,마라3878,ho_yr_016,188
2024,마라3878,ho_yr_018,95
2024,마라3878,ho_yr_019,5
2024,마라3878,to_ho_001,3914
2024,마라3879,ho_ar_001,854
2024,마라3879,ho_ar_002,1167
2024,마라3879,ho_ar_003,1406
2024,마라3879,ho_ar_004,3058
2024,마라3879,ho_ar_005,276
2024,마라3879,ho_ar_006,543
2024,마라3879,ho_ar_007,286
2024,마라3879,ho_ar_008,217
2024,마라3879,ho_ar_009,178
2024,마라3879,ho_gb_001,1567
2024,마라3879,ho_gb_002,2482
2024,마라3879,ho_gb_003,3662
2024,마라3879,ho_gb_004,113
2024,마라3879,ho_gb_005,157
2024,마라3879,ho_gb_006,2134
2024,마라3879,ho_yr_001,1369
2024,마라3879,ho_yr_002,830
2024,마라3879,ho_yr_003,770
2024,마라3879,ho_yr_004,1452
2024,마라3879,ho_yr_005,350
2024,마라3879,ho_yr_006,8
2024,마라3879,ho_yr_007,161
2024,마라3879,ho_yr_008,310
2024,마라3879,ho_yr_009,376
2024,마라3879,ho_yr_010,486
2024,마라3879,ho_yr_011,241
2024,마라3879,ho_yr_012,248
2024,마라3879,ho_yr_013,321
2024,마라3879,ho_yr_014,486
2024,마라3879,ho_yr_015,240
2024,마라3879,ho_yr_016,145
2024,마라3879,ho_yr_017,123
2024,마라3879,ho_yr_018,74
2024,마라3879,ho_yr_019,5
2024,마라3879,to_ho_001,7984
2024,마라3880,ho_ar_001,894
2024,마라3880,ho_ar_002,1171
2024,마라3880,ho_ar_003,1995
2024,마라3880,ho_ar_004,3355
2024,마라3880,ho_ar_005,477
2024,마라3880,ho_ar_006,805
2024,마라3880,ho_ar_007,425
2024,마라3880,ho_ar_008,239
2024,마라3880,ho_ar_009,183
2024,마라3880,ho_gb_001,2507
2024,마라3880,ho_gb_002,2383
2024,마라3880,ho_gb_003,4348
2024,마라3880,ho_gb_004,182
2024,마라3880,ho_gb_005,124
2024,마라3880,ho_gb_006,1270
2024,마라3880,ho_yr_001,1676
2024,마라3880,ho_yr_002,627
2024,마라3880,ho_yr_003,1573
2024,마라3880,ho_yr_004,1566
2024,마라3880,ho_yr_005,333
2024,마라3880,ho_yr_006,122
2024,마라3880,ho_yr_007,306
2024,마라3880,ho_yr_008,249
2024,마라3880,ho_yr_009,383
2024,마라3880,ho_yr_010,207
2024,마라3880,ho_yr_011,355
2024,마라3880,ho_yr_012,88
2024,마라3880,ho_yr_013,280
2024,마라3880,ho_yr_014,897
2024,마라3880,ho_yr_015,158
2024,마라3880,ho_yr_016,47
2024,마라3880,ho_yr_017,534
2024,마라3880,ho_yr_018,8
2024,마라3880,ho_yr_019,59
2024,마라3880,ho_yr_020,80
2024,마라3880,to_ho_001,9544
2024,마라3881,ho_ar_001,281
2024,마라3881,ho_ar_002,544
2024,마라3881,ho_ar_003,681
2024,마라3881,ho_ar_004,1086
2024,마라3881,ho_ar_005,110
2024,마라3881,ho_ar_006,247
2024,마라3881,ho_ar_007,172
2024,마라3881,ho_ar_008,99
2024,마라3881,ho_ar_009,56
2024,마라3881,ho_gb_001,1105
2024,마라3881,ho_gb_002,951
2024,마라3881,ho_gb_003,1122
2024,마라3881,ho_gb_004,73
2024,마라3881,ho_gb_005,28
2024,마라3881,ho_gb_006,123
2024,마라3881,ho_yr_001,622
2024,마라3881,ho_yr_002,407
2024,마라3881,ho_yr_003,560
2024,마라3881,ho_yr_004,623
2024,마라3881,ho_yr_005,34
2024,마라3881,ho_yr_006,5
2024,마라3881,ho_yr_007,61
2024,마라3881,ho_yr_008,11
2024,마라3881,ho_yr_009,78
2024,마라3881,ho_yr_010,119
2024,마라3881,ho_yr_011,11
2024,마라3881,ho_yr_012,8
2024,마라3881,ho_yr_013,43
2024,마라3881,ho_yr_014,51
2024,마라3881,ho_yr_015,63
2024,마라3881,ho_yr_016,570
2024,마라3881,ho_yr_017,27
2024,마라3881,ho_yr_018,0
2024,마라3881,ho_yr_019,8
2024,마라3881,to_ho_001,3281
2024,마라3884,ho_ar_001,480
2024,마라3884,ho_ar_002,2008
2024,마라3884,ho_ar_003,1276
2024,마라3884,ho_ar_004,2612
2024,마라3884,ho_ar_005,97
2024,마라3884,ho_ar_006,718
2024,마라3884,ho_ar_007,324
2024,마라3884,ho_ar_008,134
2024,마라3884,ho_ar_009,65
2024,마라3884,ho_gb_001,1821
2024,마라3884,ho_gb_002,1076
2024,마라3884,ho_gb_003,4692
2024,마라3884,ho_gb_004,91
2024,마라3884,ho_gb_005,38
2024,마라3884,ho_gb_006,339
2024,마라3884,ho_yr_001,2537
2024,마라3884,ho_yr_002,974
2024,마라3884,ho_yr_003,1773
2024,마라3884,ho_yr_004,1541
2024,마라3884,ho_yr_005,60
2024,마라3884,ho_yr_006,5
2024,마라3884,ho_yr_007,48
2024,마라3884,ho_yr_008,157
2024,마라3884,ho_yr_009,71
2024,마라3884,ho_yr_010,108
2024,마라3884,ho_yr_011,13
2024,마라3884,ho_yr_012,14
2024,마라3884,ho_yr_013,36
2024,마라3884,ho_yr_014,179
2024,마라3884,ho_yr_015,36
2024,마라3884,ho_yr_017,7
2024,마라3884,ho_yr_018,14
2024,마라3884,ho_yr_019,152
2024,마라3884,to_ho_001,7717
2024,마라3885,ho_ar_001,1073
2024,마라3885,ho_ar_002,763
2024,마라3885,ho_ar_003,2389
2024,마라3885,ho_ar_004,3190
2024,마라3885,ho_ar_005,111
2024,마라3885,ho_ar_006,523
2024,마라3885,ho_ar_007,729
2024,마라3885,ho_ar_008,169
2024,마라3885,ho_ar_009,73
2024,마라3885,ho_gb_001,1977
2024,마라3885,ho_gb_002,1135
2024,마라3885,ho_gb_003,5828
2024,마라3885,ho_gb_004,7
2024,마라3885,ho_gb_005,74
2024,마라3885,ho_gb_006,739
2024,마라3885,ho_yr_001,505
2024,마라3885,ho_yr_002,593
2024,마라3885,ho_yr_003,3611
2024,마라3885,ho_yr_004,792
2024,마라3885,ho_yr_005,131
2024,마라3885,ho_yr_006,124
2024,마라3885,ho_yr_007,141
2024,마라3885,ho_yr_008,571
2024,마라3885,ho_yr_009,606
2024,마라3885,ho_yr_010,223
2024,마라3885,ho_yr_011,144
2024,마라3885,ho_yr_012,255
2024,마라3885,ho_yr_013,131
2024,마라3885,ho_yr_014,688
2024,마라3885,ho_yr_015,217
2024,마라3885,ho_yr_016,5
2024,마라3885,ho_yr_017,95
2024,마라3885,ho_yr_018,0
2024,마라3885,ho_yr_019,208
2024,마라3885,to_ho_001,9026
2024,마라3886,ho_ar_002,993
2024,마라3886,ho_ar_003,812
2024,마라3886,ho_ar_004,1692
2024,마라3886,ho_ar_005,0
2024,마라3886,ho_ar_006,108
2024,마라3886,ho_ar_007,45
2024,마라3886,ho_ar_008,15
2024,마라3886,ho_ar_009,5
2024,마라3886,ho_gb_001,41
2024,마라3886,ho_gb_002,35
2024,마라3886,ho_gb_003,3579
2024,마라3886,ho_gb_004,9
2024,마라3886,ho_gb_006,8
2024,마라3886,ho_yr_001,5
2024,마라3886,ho_yr_002,96
2024,마라3886,ho_yr_003,2627
2024,마라3886,ho_yr_004,25
2024,마라3886,ho_yr_005,886
2024,마라3886,ho_yr_012,25
2024,마라3886,to_ho_001,3662
2024,마라3887,ho_ar_003,655
2024,마라3887,ho_gb_003,655
2024,마라3887,ho_yr_003,655
2024,마라3887,to_ho_001,655
2024,마라3891,ho_ar_001,85
2024,마라3891,ho_ar_002,800
2024,마라3891,ho_ar_003,1840
2024,마라3891,ho_ar_004,3320
2024,마라3891,ho_ar_005,35
2024,마라3891,ho_ar_006,369
2024,마라3891,ho_ar_007,195
2024,마라3891,ho_ar_008,90
2024,마라3891,ho_ar_009,59
2024,마라3891,ho_gb_001,401
2024,마라3891,ho_gb_002,478
2024,마라3891,ho_gb_003,5441
2024,마라3891,ho_gb_004,439
2024,마라3891,ho_gb_005,28
2024,마라3891,ho_gb_006,48
2024,마라3891,ho_yr_001,48
2024,마라3891,ho_yr_002,1291
2024,마라3891,ho_yr_003,3638
2024,마라3891,ho_yr_004,820
2024,마라3891,ho_yr_005,554
2024,마라3891,ho_yr_006,5
2024,마라3891,ho_yr_007,0
2024,마라3891,ho_yr_008,53
2024,마라3891,ho_yr_009,6
2024,마라3891,ho_yr_010,0
2024,마라3891,ho_yr_011,20
2024,마라3891,ho_yr_012,27
2024,마라3891,ho_yr_013,5
2024,마라3891,ho_yr_014,8
2024,마라3891,ho_yr_015,31
2024,마라3891,ho_yr_019,289
2024,마라3891,to_ho_001,6788
2024,마라3892,ho_ar_001,23
2024,마라3892,ho_ar_002,929
2024,마라3892,ho_ar_003,1059
2024,마라3892,ho_ar_004,527
2024,마라3892,ho_ar_005,5
2024,마라3892,ho_ar_006,148
2024,마라3892,ho_ar_007,31
2024,마라3892,ho_ar_008,24
2024,마라3892,ho_ar_009,8
2024,마라3892,ho_gb_001,208
2024,마라3892,ho_gb_002,110
2024,마라3892,ho_gb_003,2380
2024,마라3892,ho_gb_004,47
2024,마라3892,ho_gb_005,5
2024,마라3892,ho_gb_006,24
2024,마라3892,ho_yr_001,83
2024,마라3892,ho_yr_002,355
2024,마라3892,ho_yr_003,1967
2024,마라3892,ho_yr_004,43
2024,마라3892,ho_yr_005,189
2024,마라3892,ho_yr_006,0
2024,마라3892,ho_yr_007,13
2024,마라3892,ho_yr_008,34
2024,마라3892,ho_yr_009,8
2024,마라3892,ho_yr_010,8
2024,마라3892,ho_yr_011,45
2024,마라3892,ho_yr_012,0
2024,마라3892,ho_yr_014,5
2024,마라3892,ho_yr_016,5
2024,마라3892,to_ho_001,2749
2024,마라3893,ho_ar_003,194
2024,마라3893,ho_gb_003,194
2024,마라3893,ho_yr_003,194
2024,마라3893,to_ho_001,194
2024,마라3894,ho_ar_002,175
2024,마라3894,ho_ar_003,1731
2024,마라3894,ho_ar_004,1605
2024,마라3894,ho_ar_005,419
2024,마라3894,ho_ar_006,8
2024,마라3894,ho_ar_007,145
2024,마라3894,ho_ar_008,8
2024,마라3894,ho_gb_001,17
2024,마라3894,ho_gb_002,44
2024,마라3894,ho_gb_003,4005
2024,마라3894,ho_gb_004,13
2024,마라3894,ho_gb_005,5
2024,마라3894,ho_gb_006,8
2024,마라3894,ho_yr_001,5
2024,마라3894,ho_yr_002,272
2024,마라3894,ho_yr_003,967
2024,마라3894,ho_yr_004,1831
2024,마라3894,ho_yr_009,5
2024,마라3894,ho_yr_011,254
2024,마라3894,ho_yr_012,0
2024,마라3894,ho_yr_017,754
2024,마라3894,to_ho_001,4083
2024,마라3895,ho_ar_002,31
2024,마라3895,ho_ar_003,2145
2024,마라3895,ho_ar_004,462
2024,마라3895,ho_ar_005,165
2024,마라3895,ho_ar_006,8
2024,마라3895,ho_ar_007,23
2024,마라3895,ho_ar_008,11
2024,마라3895,ho_ar_009,5
2024,마라3895,ho_gb_001,72
2024,마라3895,ho_gb_002,55
2024,마라3895,ho_gb_003,2707
2024,마라3895,ho_gb_005,8
2024,마라3895,ho_gb_006,8
2024,마라3895,ho_yr_001,5
2024,마라3895,ho_yr_002,43
2024,마라3895,ho_yr_003,2271
2024,마라3895,ho_yr_004,24
2024,마라3895,ho_yr_005,37
2024,마라3895,ho_yr_009,5
2024,마라3895,ho_yr_010,0
2024,마라3895,ho_yr_011,8
2024,마라3895,ho_yr_013,5
2024,마라3895,ho_yr_015,6
2024,마라3895,ho_yr_016,5
2024,마라3895,ho_yr_018,452
2024,마라3895,to_ho_001,2841
2024,마라3897,ho_ar_001,14
2024,마라3897,ho_ar_002,579
2024,마라3897,ho_ar_003,1362
2024,마라3897,ho_ar_004,1270
2024,마라3897,ho_ar_005,501
2024,마라3897,ho_ar_006,146
2024,마라3897,ho_ar_007,43
2024,마라3897,ho_ar_008,35
2024,마라3897,ho_ar_009,18
2024,마라3897,ho_gb_001,192
2024,마라3897,ho_gb_002,104
2024,마라3897,ho_gb_003,3655
2024,마라3897,ho_gb_004,10
2024,마라3897,ho_gb_005,8
2024,마라3897,ho_gb_006,28
2024,마라3897,ho_yr_001,28
2024,마라3897,ho_yr_002,13
2024,마라3897,ho_yr_003,3781
2024,마라3897,ho_yr_004,44
2024,마라3897,ho_yr_007,13
2024,마라3897,ho_yr_010,27
2024,마라3897,ho_yr_011,32
2024,마라3897,ho_yr_013,9
2024,마라3897,ho_yr_014,29
2024,마라3897,ho_yr_020,0
2024,마라3897,to_ho_001,3970
2024,마라3898,ho_ar_002,367
2024,마라3898,ho_ar_008,0
2024,마라3898,ho_gb_002,0
2024,마라3898,ho_gb_003,367
2024,마라3898,ho_yr_003,367
2024,마라3898,ho_yr_013,0
2024,마라3898,to_ho_001,367
2024,마라3899,ho_ar_003,0
2024,마라3899,ho_ar_004,5
2024,마라3899,ho_ar_005,0
2024,마라3899,ho_ar_006,5
2024,마라3899,ho_ar_007,5
2024,마라3899,ho_ar_008,5
2024,마라3899,ho_ar_009,5
2024,마라3899,ho_gb_002,21
2024,마라3899,ho_gb_006,0
2024,마라3899,ho_yr_003,13
2024,마라3899,ho_yr_004,5
2024,마라3899,ho_yr_007,0
2024,마라3899,ho_yr_011,5
2024,마라3899,ho_yr_012,0
2024,마라3899,ho_yr_014,0
2024,마라3899,to_ho_001,21
2024,마라3977,ho_ar_001,5
2024,마라3977,ho_ar_002,12
2024,마라3977,ho_ar_003,11
2024,마라3977,ho_ar_004,12
2024,마라3977,ho_ar_005,5
2024,마라3977,ho_ar_006,0
2024,마라3977,ho_ar_007,0
2024,마라3977,ho_ar_008,0
2024,마라3977,ho_ar_009,5
2024,마라3977,ho_gb_002,44
2024,마라3977,ho_gb_005,5
2024,마라3977,ho_gb_006,8
2024,마라3977,ho_yr_001,22
2024,마라3977,ho_yr_002,18
2024,마라3977,ho_yr_003,0
2024,마라3977,ho_yr_004,0
2024,마라3977,ho_yr_012,0
2024,마라3977,ho_yr_013,0
2024,마라3977,ho_yr_015,0
2024,마라3977,to_ho_001,48
2024,마라3978,ho_ar_001,17
2024,마라3978,ho_ar_002,116
2024,마라3978,ho_ar_003,108
2024,마라3978,ho_ar_004,315
2024,마라3978,ho_ar_005,95
2024,마라3978,ho_ar_006,40
2024,마라3978,ho_ar_007,23
2024,마라3978,ho_ar_008,13
2024,마라3978,ho_ar_009,0
2024,마라3978,ho_gb_002,307
2024,마라3978,ho_gb_003,384
2024,마라3978,ho_gb_005,40
2024,마라3978,ho_gb_006,57
2024,마라3978,ho_yr_001,279
2024,마라3978,ho_yr_002,284
2024,마라3978,ho_yr_003,69
2024,마라3978,ho_yr_004,88
2024,마라3978,ho_yr_005,5
2024,마라3978,ho_yr_006,0
2024,마라3978,ho_yr_008,0
2024,마라3978,ho_yr_011,0
2024,마라3978,to_ho_001,729
2024,마라3979,ho_ar_001,183
2024,마라3979,ho_ar_002,693
2024,마라3979,ho_ar_003,1020
2024,마라3979,ho_ar_004,676
2024,마라3979,ho_ar_005,206
2024,마라3979,ho_ar_006,259
2024,마라3979,ho_ar_007,169
2024,마라3979,ho_ar_008,130
2024,마라3979,ho_ar_009,110
2024,마라3979,ho_gb_001,1009
2024,마라3979,ho_gb_002,1023
2024,마라3979,ho_gb_003,887
2024,마라3979,ho_gb_004,148
2024,마라3979,ho_gb_005,382
2024,마라3979,ho_gb_006,1147
2024,마라3979,ho_yr_001,1100
2024,마라3979,ho_yr_002,573
2024,마라3979,ho_yr_003,784
2024,마라3979,ho_yr_004,376
2024,마라3979,ho_yr_005,83
2024,마라3979,ho_yr_006,25
2024,마라3979,ho_yr_007,5
2024,마라3979,ho_yr_008,82
2024,마라3979,ho_yr_009,253
2024,마라3979,ho_yr_010,50
2024,마라3979,ho_yr_011,25
2024,마라3979,ho_yr_012,27
2024,마라3979,ho_yr_013,30
2024,마라3979,ho_yr_014,5
2024,마라3979,ho_yr_015,5
2024,마라3979,ho_yr_016,16
2024,마라3979,ho_yr_017,8
2024,마라3979,ho_yr_018,16
2024,마라3979,to_ho_001,3447
2024,마라3980,ho_ar_001,281
2024,마라3980,ho_ar_002,1331
2024,마라3980,ho_ar_003,2665
2024,마라3980,ho_ar_004,1620
2024,마라3980,ho_ar_005,300
2024,마라3980,ho_ar_006,399
2024,마라3980,ho_ar_007,326
2024,마라3980,ho_ar_008,166
2024,마라3980,ho_ar_009,129
2024,마라3980,ho_gb_001,2348
2024,마라3980,ho_gb_002,2252
2024,마라3980,ho_gb_003,2234
2024,마라3980,ho_gb_004,342
2024,마라3980,ho_gb_005,43
2024,마라3980,ho_gb_006,564
2024,마라3980,ho_yr_001,2187
2024,마라3980,ho_yr_002,908
2024,마라3980,ho_yr_003,2595
2024,마라3980,ho_yr_004,819
2024,마라3980,ho_yr_005,205
2024,마라3980,ho_yr_006,19
2024,마라3980,ho_yr_007,71
2024,마라3980,ho_yr_008,108
2024,마라3980,ho_yr_009,87
2024,마라3980,ho_yr_010,44
2024,마라3980,ho_yr_011,21
2024,마라3980,ho_yr_012,59
2024,마라3980,ho_yr_013,39
2024,마라3980,ho_yr_014,26
2024,마라3980,ho_yr_015,8
2024,마라3980,ho_yr_017,22
2024,마라3980,ho_yr_018,9
2024,마라3980,to_ho_001,7219
2024,마라3981,ho_ar_001,47
2024,마라3981,ho_ar_002,412
2024,마라3981,ho_ar_003,892
2024,마라3981,ho_ar_004,925
2024,마라3981,ho_ar_005,153
2024,마라3981,ho_ar_006,273
2024,마라3981,ho_ar_007,165
2024,마라3981,ho_ar_008,94
2024,마라3981,ho_ar_009,53
2024,마라3981,ho_gb_001,512
2024,마라3981,ho_gb_002,1486
2024,마라3981,ho_gb_003,818
2024,마라3981,ho_gb_004,192
2024,마라3981,ho_gb_005,13
2024,마라3981,ho_gb_006,80
2024,마라3981,ho_yr_001,745
2024,마라3981,ho_yr_002,1076
2024,마라3981,ho_yr_003,663
2024,마라3981,ho_yr_004,342
2024,마라3981,ho_yr_005,69
2024,마라3981,ho_yr_006,38
2024,마라3981,ho_yr_007,13
2024,마라3981,ho_yr_008,7
2024,마라3981,ho_yr_009,8
2024,마라3981,ho_yr_010,12
2024,마라3981,ho_yr_012,13
2024,마라3981,ho_yr_014,17
2024,마라3981,ho_yr_016,16
2024,마라3981,ho_yr_018,0
2024,마라3981,ho_yr_020,0
2024,마라3981,to_ho_001,3019
2024,마라3982,ho_ar_001,13
2024,마라3982,ho_ar_002,91
2024,마라3982,ho_ar_003,149
2024,마라3982,ho_ar_004,267
2024,마라3982,ho_ar_005,59
2024,마라3982,ho_ar_006,66
2024,마라3982,ho_ar_007,40
2024,마라3982,ho_ar_008,28
2024,마라3982,ho_ar_009,8
2024,마라3982,ho_gb_001,109
2024,마라3982,ho_gb_002,436
2024,마라3982,ho_gb_003,121
2024,마라3982,ho_gb_004,51
2024,마라3982,ho_gb_005,5
2024,마라3982,ho_gb_006,8
2024,마라3982,ho_yr_001,220
2024,마라3982,ho_yr_002,139
2024,마라3982,ho_yr_003,152
2024,마라3982,ho_yr_004,192
2024,마라3982,ho_yr_005,9
2024,마라3982,ho_yr_008,10
2024,마라3982,ho_yr_010,0
2024,마라3982,to_ho_001,723
2024,마라3984,ho_ar_001,487
2024,마라3984,ho_ar_002,221
2024,마라3984,ho_ar_003,689
2024,마라3984,ho_ar_004,1467
2024,마라3984,ho_ar_005,67
2024,마라3984,ho_ar_006,185
2024,마라3984,ho_ar_007,421
2024,마라3984,ho_ar_008,156
2024,마라3984,ho_ar_009,56
2024,마라3984,ho_gb_001,743
2024,마라3984,ho_gb_002,753
2024,마라3984,ho_gb_003,2144
2024,마라3984,ho_gb_004,74
2024,마라3984,ho_gb_005,33
2024,마라3984,ho_gb_006,190
2024,마라3984,ho_yr_001,365
2024,마라3984,ho_yr_002,854
2024,마라3984,ho_yr_003,767
2024,마라3984,ho_yr_004,215
2024,마라3984,ho_yr_005,1055
2024,마라3984,ho_yr_006,55
2024,마라3984,ho_yr_007,25
2024,마라3984,ho_yr_008,101
2024,마라3984,ho_yr_009,28
2024,마라3984,ho_yr_010,13
2024,마라3984,ho_yr_011,5
2024,마라3984,ho_yr_012,17
2024,마라3984,ho_yr_013,40
2024,마라3984,ho_yr_014,23
2024,마라3984,ho_yr_015,21
2024,마라3984,ho_yr_016,15
2024,마라3984,ho_yr_017,25
2024,마라3984,ho_yr_018,0
2024,마라3984,ho_yr_019,135
2024,마라3984,ho_yr_020,5
2024,마라3984,to_ho_001,3751
2024,마라3985,ho_ar_001,369
2024,마라3985,ho_ar_002,600
2024,마라3985,ho_ar_003,1688
2024,마라3985,ho_ar_004,2590
2024,마라3985,ho_ar_005,71
2024,마라3985,ho_ar_006,650
2024,마라3985,ho_ar_007,299
2024,마라3985,ho_ar_008,59
2024,마라3985,ho_ar_009,44
2024,마라3985,ho_gb_001,663
2024,마라3985,ho_gb_002,685
2024,마라3985,ho_gb_003,4813
2024,마라3985,ho_gb_004,150
2024,마라3985,ho_gb_005,49
2024,마라3985,ho_gb_006,549
2024,마라3985,ho_yr_001,377
2024,마라3985,ho_yr_002,1500
2024,마라3985,ho_yr_003,198
2024,마라3985,ho_yr_004,329
2024,마라3985,ho_yr_005,552
2024,마라3985,ho_yr_006,386
2024,마라3985,ho_yr_007,105
2024,마라3985,ho_yr_008,89
2024,마라3985,ho_yr_009,327
2024,마라3985,ho_yr_010,52
2024,마라3985,ho_yr_011,21
2024,마라3985,ho_yr_012,37
2024,마라3985,ho_yr_013,125
2024,마라3985,ho_yr_014,24
2024,마라3985,ho_yr_015,64
2024,마라3985,ho_yr_016,234
2024,마라3985,ho_yr_017,22
2024,마라3985,ho_yr_018,956
2024,마라3985,ho_yr_019,592
2024,마라3985,ho_yr_020,386
2024,마라3985,to_ho_001,6367
2024,마라3986,ho_ar_001,22
2024,마라3986,ho_ar_002,348
2024,마라3986,ho_ar_003,3776
2024,마라3986,ho_ar_004,3451
2024,마라3986,ho_ar_005,247
2024,마라3986,ho_ar_006,653
2024,마라3986,ho_ar_007,404
2024,마라3986,ho_ar_008,102
2024,마라3986,ho_ar_009,33
2024,마라3986,ho_gb_001,217
2024,마라3986,ho_gb_002,812
2024,마라3986,ho_gb_003,7874
2024,마라3986,ho_gb_004,108
2024,마라3986,ho_gb_005,28
2024,마라3986,ho_gb_006,47
2024,마라3986,ho_yr_001,409
2024,마라3986,ho_yr_002,5369
2024,마라3986,ho_yr_003,2795
2024,마라3986,ho_yr_004,138
2024,마라3986,ho_yr_005,103
2024,마라3986,ho_yr_006,0
2024,마라3986,ho_yr_007,0
2024,마라3986,ho_yr_008,11
2024,마라3986,ho_yr_009,26
2024,마라3986,ho_yr_010,20
2024,마라3986,ho_yr_011,76
2024,마라3986,ho_yr_012,0
2024,마라3986,ho_yr_013,16
2024,마라3986,ho_yr_014,5
2024,마라3986,ho_yr_015,5
2024,마라3986,ho_yr_016,6
2024,마라3986,ho_yr_017,20
2024,마라3986,ho_yr_018,34
2024,마라3986,ho_yr_019,16
2024,마라3986,to_ho_001,9042
2024,마라3987,ho_ar_001,0
2024,마라3987,ho_ar_002,437
2024,마라3987,ho_ar_003,2955
2024,마라3987,ho_ar_004,2102
2024,마라3987,ho_ar_005,1035
2024,마라3987,ho_ar_006,574
2024,마라3987,ho_ar_007,280
2024,마라3987,ho_ar_008,242
2024,마라3987,ho_ar_009,13
2024,마라3987,ho_gb_001,142
2024,마라3987,ho_gb_002,207
2024,마라3987,ho_gb_003,7214
2024,마라3987,ho_gb_004,57
2024,마라3987,ho_gb_005,13
2024,마라3987,ho_gb_006,70
2024,마라3987,ho_yr_001,120
2024,마라3987,ho_yr_002,452
2024,마라3987,ho_yr_003,2808
2024,마라3987,ho_yr_004,896
2024,마라3987,ho_yr_005,1007
2024,마라3987,ho_yr_007,0
2024,마라3987,ho_yr_008,200
2024,마라3987,ho_yr_009,16
2024,마라3987,ho_yr_011,8
2024,마라3987,ho_yr_012,37
2024,마라3987,ho_yr_016,0
2024,마라3987,ho_yr_019,2088
2024,마라3987,ho_yr_020,0
2024,마라3987,to_ho_001,7631
2024,마라3988,ho_ar_002,0
2024,마라3988,ho_gb_002,0
2024,마라3988,ho_yr_002,5
2024,마라3988,to_ho_001,5
2024,마라3990,ho_ar_003,1639
2024,마라3990,ho_ar_004,344
2024,마라3990,ho_gb_003,1983
2024,마라3990,ho_yr_004,1314
2024,마라3990,ho_yr_005,669
2024,마라3990,to_ho_001,1983
2024,마라3991,ho_ar_001,14
2024,마라3991,ho_ar_002,5
2024,마라3991,ho_ar_003,2506
2024,마라3991,ho_ar_004,6535
2024,마라3991,ho_ar_005,285
2024,마라3991,ho_ar_006,437
2024,마라3991,ho_ar_007,547
2024,마라3991,ho_ar_008,103
2024,마라3991,ho_ar_009,48
2024,마라3991,ho_gb_001,232
2024,마라3991,ho_gb_002,390
2024,마라3991,ho_gb_003,9628
2024,마라3991,ho_gb_004,172
2024,마라3991,ho_gb_005,52
2024,마라3991,ho_gb_006,43
2024,마라3991,ho_yr_001,33
2024,마라3991,ho_yr_002,1147
2024,마라3991,ho_yr_003,4528
2024,마라3991,ho_yr_004,531
2024,마라3991,ho_yr_005,987
2024,마라3991,ho_yr_007,215
2024,마라3991,ho_yr_008,5
2024,마라3991,ho_yr_009,16
2024,마라3991,ho_yr_011,3021
2024,마라3991,ho_yr_012,0
2024,마라3991,ho_yr_013,5
2024,마라3991,ho_yr_015,0
2024,마라3991,ho_yr_017,0
2024,마라3991,to_ho_001,10474
2024,마라3992,ho_ar_002,8
2024,마라3992,ho_ar_003,1712
2024,마라3992,ho_ar_004,2039
2024,마라3992,ho_ar_005,8
2024,마라3992,ho_ar_006,45
2024,마라3992,ho_ar_007,8
2024,마라3992,ho_ar_008,8
2024,마라3992,ho_ar_009,5
2024,마라3992,ho_gb_001,53
2024,마라3992,ho_gb_002,58
2024,마라3992,ho_gb_003,3656
2024,마라3992,ho_gb_004,50
2024,마라3992,ho_gb_005,13
2024,마라3992,ho_gb_006,8
2024,마라3992,ho_yr_001,238
2024,마라3992,ho_yr_002,100
2024,마라3992,ho_yr_003,738
2024,마라3992,ho_yr_004,238
2024,마라3992,ho_yr_005,165
2024,마라3992,ho_yr_008,5
2024,마라3992,ho_yr_009,0
2024,마라3992,ho_yr_014,5
2024,마라3992,ho_yr_015,1618
2024,마라3992,ho_yr_017,732
2024,마라3992,ho_yr_020,0
2024,마라3992,to_ho_001,3833
2024,마라3995,ho_gb_006,5
2024,마라3996,ho_gb_006,0
2024,마라4076,ho_ar_001,0
2024,마라4076,ho_ar_002,9
2024,마라4076,ho_ar_003,5
2024,마라4076,ho_ar_004,5
2024,마라4076,ho_ar_005,0
2024,마라4076,ho_ar_008,0
2024,마라4076,ho_ar_009,0
2024,마라4076,ho_gb_002,16
2024,마라4076,ho_gb_003,6
2024,마라4076,ho_gb_005,5
2024,마라4076,ho_gb_006,0
2024,마라4076,ho_yr_001,12
2024,마라4076,ho_yr_002,5
2024,마라4076,ho_yr_003,0
2024,마라4076,to_ho_001,20
2024,마라4077,ho_ar_001,80
2024,마라4077,ho_ar_002,423
2024,마라4077,ho_ar_003,912
2024,마라4077,ho_ar_004,1627
2024,마라4077,ho_ar_005,317
2024,마라4077,ho_ar_006,371
2024,마라4077,ho_ar_007,393
2024,마라4077,ho_ar_008,141
2024,마라4077,ho_ar_009,28
2024,마라4077,ho_gb_001,274
2024,마라4077,ho_gb_002,2089
2024,마라4077,ho_gb_003,1781
2024,마라4077,ho_gb_004,88
2024,마라4077,ho_gb_005,58
2024,마라4077,ho_gb_006,249
2024,마라4077,ho_yr_001,1265
2024,마라4077,ho_yr_002,913
2024,마라4077,ho_yr_003,936
2024,마라4077,ho_yr_004,1055
2024,마라4077,ho_yr_005,13
2024,마라4077,ho_yr_006,10
2024,마라4077,ho_yr_007,5
2024,마라4077,ho_yr_009,82
2024,마라4077,ho_yr_010,6
2024,마라4077,ho_yr_011,5
2024,마라4077,ho_yr_012,5
2024,마라4077,ho_yr_014,0
2024,마라4077,ho_yr_015,0
2024,마라4077,ho_yr_016,5
2024,마라4077,ho_yr_020,0
2024,마라4077,to_ho_001,4288
2024,마라4078,ho_ar_001,195
2024,마라4078,ho_ar_002,614
2024,마라4078,ho_ar_003,1180
2024,마라4078,ho_ar_004,2624
2024,마라4078,ho_ar_005,427
2024,마라4078,ho_ar_006,586
2024,마라4078,ho_ar_007,308
2024,마라4078,ho_ar_008,204
2024,마라4078,ho_ar_009,99
2024,마라4078,ho_gb_001,364
2024,마라4078,ho_gb_002,1893
2024,마라4078,ho_gb_003,3640
2024,마라4078,ho_gb_004,163
2024,마라4078,ho_gb_005,183
2024,마라4078,ho_gb_006,903
2024,마라4078,ho_yr_001,1335
2024,마라4078,ho_yr_002,743
2024,마라4078,ho_yr_003,1334
2024,마라4078,ho_yr_004,1125
2024,마라4078,ho_yr_005,57
2024,마라4078,ho_yr_006,32
2024,마라4078,ho_yr_007,36
2024,마라4078,ho_yr_008,141
2024,마라4078,ho_yr_009,73
2024,마라4078,ho_yr_010,135
2024,마라4078,ho_yr_011,142
2024,마라4078,ho_yr_012,323
2024,마라4078,ho_yr_013,61
2024,마라4078,ho_yr_014,199
2024,마라4078,ho_yr_015,196
2024,마라4078,ho_yr_016,164
2024,마라4078,ho_yr_017,44
2024,마라4078,ho_yr_018,72
2024,마라4078,ho_yr_019,39
2024,마라4078,ho_yr_020,0
2024,마라4078,to_ho_001,6244
2024,마라4079,ho_ar_001,5
2024,마라4079,ho_ar_002,8
2024,마라4079,ho_ar_003,103
2024,마라4079,ho_ar_004,53
2024,마라4079,ho_ar_005,14
2024,마라4079,ho_ar_006,9
2024,마라4079,ho_ar_007,8
2024,마라4079,ho_ar_008,5
2024,마라4079,ho_ar_009,5
2024,마라4079,ho_gb_002,18
2024,마라4079,ho_gb_003,95
2024,마라4079,ho_gb_004,65
2024,마라4079,ho_gb_005,18
2024,마라4079,ho_gb_006,853
2024,마라4079,ho_yr_001,94
2024,마라4079,ho_yr_002,5
2024,마라4079,ho_yr_003,5
2024,마라4079,ho_yr_017,95
2024,마라4079,to_ho_001,194
2024,마라4080,ho_ar_001,182
2024,마라4080,ho_ar_002,160
2024,마라4080,ho_ar_003,92
2024,마라4080,ho_ar_004,289
2024,마라4080,ho_ar_005,18
2024,마라4080,ho_ar_006,51
2024,마라4080,ho_ar_007,50
2024,마라4080,ho_ar_008,23
2024,마라4080,ho_ar_009,20
2024,마라4080,ho_gb_001,309
2024,마라4080,ho_gb_002,197
2024,마라4080,ho_gb_003,291
2024,마라4080,ho_gb_004,20
2024,마라4080,ho_gb_005,72
2024,마라4080,ho_gb_006,1154
2024,마라4080,ho_yr_001,137
2024,마라4080,ho_yr_002,82
2024,마라4080,ho_yr_003,77
2024,마라4080,ho_yr_004,31
2024,마라4080,ho_yr_005,148
2024,마라4080,ho_yr_006,5
2024,마라4080,ho_yr_007,44
2024,마라4080,ho_yr_008,14
2024,마라4080,ho_yr_009,155
2024,마라4080,ho_yr_010,41
2024,마라4080,ho_yr_011,47
2024,마라4080,ho_yr_012,8
2024,마라4080,ho_yr_014,32
2024,마라4080,ho_yr_016,16
2024,마라4080,ho_yr_017,62
2024,마라4080,to_ho_001,885
2024,마라4081,ho_ar_001,621
2024,마라4081,ho_ar_002,474
2024,마라4081,ho_ar_003,479
2024,마라4081,ho_ar_004,2359
2024,마라4081,ho_ar_005,127
2024,마라4081,ho_ar_006,148
2024,마라4081,ho_ar_007,149
2024,마라4081,ho_ar_008,108
2024,마라4081,ho_ar_009,74
2024,마라4081,ho_gb_001,635
2024,마라4081,ho_gb_002,953
2024,마라4081,ho_gb_003,2761
2024,마라4081,ho_gb_004,85
2024,마라4081,ho_gb_005,110
2024,마라4081,ho_gb_006,1649
2024,마라4081,ho_yr_001,600
2024,마라4081,ho_yr_002,270
2024,마라4081,ho_yr_003,285
2024,마라4081,ho_yr_004,442
2024,마라4081,ho_yr_005,158
2024,마라4081,ho_yr_006,21
2024,마라4081,ho_yr_007,287
2024,마라4081,ho_yr_008,85
2024,마라4081,ho_yr_009,179
2024,마라4081,ho_yr_010,463
2024,마라4081,ho_yr_011,72
2024,마라4081,ho_yr_012,40
2024,마라4081,ho_yr_013,148
2024,마라4081,ho_yr_014,175
2024,마라4081,ho_yr_015,454
2024,마라4081,ho_yr_016,803
2024,마라4081,ho_yr_017,0
2024,마라4081,ho_yr_018,5
2024,마라4081,ho_yr_019,78
2024,마라4081,ho_yr_020,0
2024,마라4081,to_ho_001,4547
2024,마라4082,ho_ar_001,110
2024,마라4082,ho_ar_002,1058
2024,마라4082,ho_ar_003,1833
2024,마라4082,ho_ar_004,3174
2024,마라4082,ho_ar_005,271
2024,마라4082,ho_ar_006,411
2024,마라4082,ho_ar_007,307
2024,마라4082,ho_ar_008,203
2024,마라4082,ho_ar_009,93
2024,마라4082,ho_gb_001,1118
2024,마라4082,ho_gb_002,2313
2024,마라4082,ho_gb_003,3735
2024,마라4082,ho_gb_004,211
2024,마라4082,ho_gb_005,79
2024,마라4082,ho_gb_006,657
2024,마라4082,ho_yr_001,1755
2024,마라4082,ho_yr_002,1099
2024,마라4082,ho_yr_003,1015
2024,마라4082,ho_yr_004,784
2024,마라4082,ho_yr_005,358
2024,마라4082,ho_yr_006,8
2024,마라4082,ho_yr_007,13
2024,마라4082,ho_yr_008,48
2024,마라4082,ho_yr_009,77
2024,마라4082,ho_yr_010,75
2024,마라4082,ho_yr_011,57
2024,마라4082,ho_yr_012,122
2024,마라4082,ho_yr_013,64
2024,마라4082,ho_yr_014,17
2024,마라4082,ho_yr_015,1431
2024,마라4082,ho_yr_016,93
2024,마라4082,ho_yr_017,465
2024,마라4082,ho_yr_018,5
2024,마라4082,to_ho_001,7453
2024,마라4083,ho_ar_001,19
2024,마라4083,ho_ar_002,218
2024,마라4083,ho_ar_003,866
2024,마라4083,ho_ar_004,716
2024,마라4083,ho_ar_005,179
2024,마라4083,ho_ar_006,252
2024,마라4083,ho_ar_007,146
2024,마라4083,ho_ar_008,90
2024,마라4083,ho_ar_009,38
2024,마라4083,ho_gb_001,410
2024,마라4083,ho_gb_002,1519
2024,마라4083,ho_gb_003,494
2024,마라4083,ho_gb_004,80
2024,마라4083,ho_gb_005,13
2024,마라4083,ho_gb_006,32
2024,마라4083,ho_yr_001,777
2024,마라4083,ho_yr_002,478
2024,마라4083,ho_yr_003,523
2024,마라4083,ho_yr_004,261
2024,마라4083,ho_yr_005,89
2024,마라4083,ho_yr_006,9
2024,마라4083,ho_yr_007,13
2024,마라4083,ho_yr_008,13
2024,마라4083,ho_yr_009,11
2024,마라4083,ho_yr_010,19
2024,마라4083,ho_yr_011,35
2024,마라4083,ho_yr_012,26
2024,마라4083,ho_yr_013,7
2024,마라4083,ho_yr_014,247
2024,마라4083,ho_yr_015,15
2024,마라4083,ho_yr_016,9
2024,마라4083,ho_yr_017,0
2024,마라4083,ho_yr_018,5
2024,마라4083,to_ho_001,2520
2024,마라4084,ho_ar_001,111
2024,마라4084,ho_ar_002,323
2024,마라4084,ho_ar_003,324
2024,마라4084,ho_ar_004,143
2024,마라4084,ho_ar_005,33
2024,마라4084,ho_ar_006,24
2024,마라4084,ho_ar_007,8
2024,마라4084,ho_ar_008,8
2024,마라4084,ho_ar_009,0
2024,마라4084,ho_gb_001,207
2024,마라4084,ho_gb_002,771
2024,마라4084,ho_gb_005,8
2024,마라4084,ho_gb_006,8
2024,마라4084,ho_yr_001,169
2024,마라4084,ho_yr_002,385
2024,마라4084,ho_yr_003,206
2024,마라4084,ho_yr_004,68
2024,마라4084,ho_yr_005,140
2024,마라4084,ho_yr_012,0
2024,마라4084,ho_yr_017,8
2024,마라4084,to_ho_001,977
2024,마라4085,ho_ar_001,160
2024,마라4085,ho_ar_002,1001
2024,마라4085,ho_ar_003,3180
2024,마라4085,ho_ar_004,2989
2024,마라4085,ho_ar_005,84
2024,마라4085,ho_ar_006,494
2024,마라4085,ho_ar_007,176
2024,마라4085,ho_ar_008,112
2024,마라4085,ho_ar_009,63
2024,마라4085,ho_gb_001,1982
2024,마라4085,ho_gb_002,1078
2024,마라4085,ho_gb_003,5100
2024,마라4085,ho_gb_004,76
2024,마라4085,ho_gb_005,28
2024,마라4085,ho_gb_006,316
2024,마라4085,ho_yr_001,674
2024,마라4085,ho_yr_002,554
2024,마라4085,ho_yr_003,2680
2024,마라4085,ho_yr_004,1679
2024,마라4085,ho_yr_005,1098
2024,마라4085,ho_yr_006,28
2024,마라4085,ho_yr_007,68
2024,마라4085,ho_yr_008,135
2024,마라4085,ho_yr_009,60
2024,마라4085,ho_yr_010,18
2024,마라4085,ho_yr_011,335
2024,마라4085,ho_yr_012,40
2024,마라4085,ho_yr_013,18
2024,마라4085,ho_yr_014,15
2024,마라4085,ho_yr_015,110
2024,마라4085,ho_yr_016,358
2024,마라4085,ho_yr_017,16
2024,마라4085,ho_yr_018,0
2024,마라4085,ho_yr_020,394
2024,마라4085,to_ho_001,8264
2024,마라4086,ho_ar_001,56
2024,마라4086,ho_ar_002,335
2024,마라4086,ho_ar_003,1084
2024,마라4086,ho_ar_004,3216
2024,마라4086,ho_ar_005,167
2024,마라4086,ho_ar_006,693
2024,마라4086,ho_ar_007,211
2024,마라4086,ho_ar_008,124
2024,마라4086,ho_ar_009,53
2024,마라4086,ho_gb_001,190
2024,마라4086,ho_gb_002,1705
2024,마라4086,ho_gb_003,3841
2024,마라4086,ho_gb_004,133
2024,마라4086,ho_gb_005,70
2024,마라4086,ho_gb_006,75
2024,마라4086,ho_yr_001,1478
2024,마라4086,ho_yr_002,1275
2024,마라4086,ho_yr_003,969
2024,마라4086,ho_yr_004,113
2024,마라4086,ho_yr_005,8
2024,마라4086,ho_yr_006,5
2024,마라4086,ho_yr_007,5
2024,마라4086,ho_yr_008,5
2024,마라4086,ho_yr_009,5
2024,마라4086,ho_yr_010,740
2024,마라4086,ho_yr_011,15
2024,마라4086,ho_yr_012,5
2024,마라4086,ho_yr_013,947
2024,마라4086,ho_yr_014,5
2024,마라4086,ho_yr_015,0
2024,마라4086,ho_yr_016,377
2024,마라4086,ho_yr_017,5
2024,마라4086,ho_yr_018,0
2024,마라4086,ho_yr_019,0
2024,마라4086,ho_yr_020,0
2024,마라4086,to_ho_001,5937
2024,마라4087,ho_ar_001,5
2024,마라4087,ho_ar_002,124
2024,마라4087,ho_ar_003,1152
2024,마라4087,ho_ar_004,2288
2024,마라4087,ho_ar_005,141
2024,마라4087,ho_ar_006,585
2024,마라4087,ho_ar_007,531
2024,마라4087,ho_ar_008,229
2024,마라4087,ho_ar_009,28
2024,마라4087,ho_gb_001,164
2024,마라4087,ho_gb_002,601
2024,마라4087,ho_gb_003,4276
2024,마라4087,ho_gb_004,26
2024,마라4087,ho_gb_005,13
2024,마라4087,ho_gb_006,18
2024,마라4087,ho_yr_001,298
2024,마라4087,ho_yr_002,611
2024,마라4087,ho_yr_003,1508
2024,마라4087,ho_yr_004,25
2024,마라4087,ho_yr_005,439
2024,마라4087,ho_yr_007,1003
2024,마라4087,ho_yr_010,0
2024,마라4087,ho_yr_014,152
2024,마라4087,ho_yr_016,1049
2024,마라4087,to_ho_001,5081
2024,마라4088,ho_ar_001,7
2024,마라4088,ho_ar_002,60
2024,마라4088,ho_ar_003,153
2024,마라4088,ho_ar_004,549
2024,마라4088,ho_ar_005,54
2024,마라4088,ho_ar_006,130
2024,마라4088,ho_ar_007,153
2024,마라4088,ho_ar_008,83
2024,마라4088,ho_ar_009,44
2024,마라4088,ho_gb_001,360
2024,마라4088,ho_gb_002,413
2024,마라4088,ho_gb_003,296
2024,마라4088,ho_gb_004,142
2024,마라4088,ho_gb_005,23
2024,마라4088,ho_gb_006,167
2024,마라4088,ho_yr_001,184
2024,마라4088,ho_yr_002,240
2024,마라4088,ho_yr_003,287
2024,마라4088,ho_yr_004,256
2024,마라4088,ho_yr_005,40
2024,마라4088,ho_yr_006,13
2024,마라4088,ho_yr_008,14
2024,마라4088,ho_yr_009,40
2024,마라4088,ho_yr_010,23
2024,마라4088,ho_yr_011,10
2024,마라4088,ho_yr_012,24
2024,마라4088,ho_yr_013,21
2024,마라4088,ho_yr_014,11
2024,마라4088,ho_yr_015,15
2024,마라4088,ho_yr_016,26
2024,마라4088,ho_yr_017,5
2024,마라4088,ho_yr_018,27
2024,마라4088,ho_yr_019,0
2024,마라4088,to_ho_001,1232
2024,마라4089,ho_ar_002,5
2024,마라4089,ho_ar_003,8
2024,마라4089,ho_ar_004,220
2024,마라4089,ho_ar_005,5
2024,마라4089,ho_ar_006,8
2024,마라4089,ho_ar_007,42
2024,마라4089,ho_ar_008,21
2024,마라4089,ho_ar_009,8
2024,마라4089,ho_gb_001,5
2024,마라4089,ho_gb_002,57
2024,마라4089,ho_gb_003,212
2024,마라4089,ho_gb_004,19
2024,마라4089,ho_gb_005,5
2024,마라4089,ho_gb_006,0
2024,마라4089,ho_yr_001,8
2024,마라4089,ho_yr_002,13
2024,마라4089,ho_yr_003,58
2024,마라4089,ho_yr_004,219
2024,마라4089,ho_yr_005,0
2024,마라4089,ho_yr_009,5
2024,마라4089,ho_yr_010,0
2024,마라4089,ho_yr_013,0
2024,마라4089,ho_yr_020,0
2024,마라4089,to_ho_001,300
2024,마라4090,ho_ar_004,5
2024,마라4090,ho_ar_006,5
2024,마라4090,ho_ar_007,8
2024,마라4090,ho_ar_008,8
2024,마라4090,ho_gb_002,17
2024,마라4090,ho_yr_002,14
2024,마라4090,ho_yr_003,5
2024,마라4090,to_ho_001,17
2024,마라4091,ho_ar_001,0
2024,마라4091,ho_ar_002,8
2024,마라4091,ho_ar_003,803
2024,마라4091,ho_ar_004,743
2024,마라4091,ho_ar_005,51
2024,마라4091,ho_ar_006,92
2024,마라4091,ho_ar_007,234
2024,마라4091,ho_ar_008,240
2024,마라4091,ho_ar_009,38
2024,마라4091,ho_gb_001,160
2024,마라4091,ho_gb_002,790
2024,마라4091,ho_gb_003,827
2024,마라4091,ho_gb_004,413
2024,마라4091,ho_gb_005,23
2024,마라4091,ho_gb_006,23
2024,마라4091,ho_yr_001,8
2024,마라4091,ho_yr_002,822
2024,마라4091,ho_yr_003,424
2024,마라4091,ho_yr_004,261
2024,마라4091,ho_yr_005,13
2024,마라4091,ho_yr_006,0
2024,마라4091,ho_yr_007,5
2024,마라4091,ho_yr_008,52
2024,마라4091,ho_yr_009,13
2024,마라4091,ho_yr_010,5
2024,마라4091,ho_yr_011,24
2024,마라4091,ho_yr_012,5
2024,마라4091,ho_yr_013,5
2024,마라4091,ho_yr_014,0
2024,마라4091,ho_yr_016,0
2024,마라4091,ho_yr_017,0
2024,마라4091,ho_yr_018,583
2024,마라4091,ho_yr_019,0
2024,마라4091,to_ho_001,2213
2024,마라4092,ho_ar_001,5
2024,마라4092,ho_ar_002,133
2024,마라4092,ho_ar_003,532
2024,마라4092,ho_ar_004,518
2024,마라4092,ho_ar_005,5
2024,마라4092,ho_ar_006,5
2024,마라4092,ho_ar_007,5
2024,마라4092,ho_ar_008,8
2024,마라4092,ho_ar_009,0
2024,마라4092,ho_gb_001,21
2024,마라4092,ho_gb_002,34
2024,마라4092,ho_gb_003,1141
2024,마라4092,ho_gb_005,5
2024,마라4092,ho_gb_006,8
2024,마라4092,ho_yr_001,13
2024,마라4092,ho_yr_002,8
2024,마라4092,ho_yr_003,19
2024,마라4092,ho_yr_004,0
2024,마라4092,ho_yr_005,21
2024,마라4092,ho_yr_017,1141
2024,마라4092,to_ho_001,1196
2024,마라4095,ho_ar_002,0
2024,마라4095,ho_gb_002,0
2024,마라4095,ho_gb_006,5
2024,마라4095,ho_yr_001,0
2024,마라4095,to_ho_001,0
2024,마라4096,ho_ar_003,5
2024,마라4096,ho_ar_004,0
2024,마라4096,ho_ar_007,0
2024,마라4096,ho_ar_009,0
2024,마라4096,ho_gb_002,5
2024,마라4096,ho_gb_005,0
2024,마라4096,ho_gb_006,0
2024,마라4096,ho_yr_002,0
2024,마라4096,ho_yr_003,5
2024,마라4096,ho_yr_005,0
2024,마라4096,to_ho_001,5
2024,마라4097,ho_gb_006,0
2024,마라4176,ho_ar_001,5
2024,마라4176,ho_ar_002,13
2024,마라4176,ho_ar_003,8
2024,마라4176,ho_ar_004,27
2024,마라4176,ho_ar_005,5
2024,마라4176,ho_ar_006,26
2024,마라4176,ho_ar_009,0
2024,마라4176,ho_gb_002,25
2024,마라4176,ho_gb_003,47
2024,마라4176,ho_gb_006,5
2024,마라4176,ho_yr_001,8
2024,마라4176,ho_yr_002,14
2024,마라4176,ho_yr_003,49
2024,마라4176,ho_yr_004,5
2024,마라4176,to_ho_001,73
2024,마라4177,ho_ar_001,8
2024,마라4177,ho_ar_002,143
2024,마라4177,ho_ar_003,144
2024,마라4177,ho_ar_004,236
2024,마라4177,ho_ar_005,20
2024,마라4177,ho_ar_006,59
2024,마라4177,ho_ar_007,35
2024,마라4177,ho_ar_008,13
2024,마라4177,ho_ar_009,5
2024,마라4177,ho_gb_001,64
2024,마라4177,ho_gb_002,283
2024,마라4177,ho_gb_003,289
2024,마라4177,ho_gb_004,27
2024,마라4177,ho_gb_005,0
2024,마라4177,ho_gb_006,8
2024,마라4177,ho_yr_001,208
2024,마라4177,ho_yr_002,145
2024,마라4177,ho_yr_003,271
2024,마라4177,ho_yr_004,26
2024,마라4177,ho_yr_005,13
2024,마라4177,to_ho_001,662
2024,마라4178,ho_ar_001,49
2024,마라4178,ho_ar_002,412
2024,마라4178,ho_ar_003,1624
2024,마라4178,ho_ar_004,1460
2024,마라4178,ho_ar_005,216
2024,마라4178,ho_ar_006,346
2024,마라4178,ho_ar_007,187
2024,마라4178,ho_ar_008,80
2024,마라4178,ho_ar_009,23
2024,마라4178,ho_gb_001,221
2024,마라4178,ho_gb_002,2083
2024,마라4178,ho_gb_003,1992
2024,마라4178,ho_gb_004,79
2024,마라4178,ho_gb_005,23
2024,마라4178,ho_gb_006,13
2024,마라4178,ho_yr_001,1235
2024,마라4178,ho_yr_002,664
2024,마라4178,ho_yr_003,1101
2024,마라4178,ho_yr_004,130
2024,마라4178,ho_yr_005,32
2024,마라4178,ho_yr_006,8
2024,마라4178,ho_yr_007,0
2024,마라4178,ho_yr_008,0
2024,마라4178,ho_yr_010,17
2024,마라4178,ho_yr_011,7
2024,마라4178,ho_yr_012,13
2024,마라4178,ho_yr_013,11
2024,마라4178,ho_yr_016,8
2024,마라4178,ho_yr_017,5
2024,마라4178,ho_yr_019,1167
2024,마라4178,to_ho_001,4395
2024,마라4179,ho_ar_001,0
2024,마라4179,ho_ar_002,8
2024,마라4179,ho_ar_003,193
2024,마라4179,ho_ar_004,382
2024,마라4179,ho_ar_005,18
2024,마라4179,ho_ar_006,77
2024,마라4179,ho_ar_007,5
2024,마라4179,ho_ar_008,0
2024,마라4179,ho_gb_001,43
2024,마라4179,ho_gb_002,33
2024,마라4179,ho_gb_003,607
2024,마라4179,ho_gb_006,0
2024,마라4179,ho_yr_001,8
2024,마라4179,ho_yr_002,11
2024,마라4179,ho_yr_003,145
2024,마라4179,ho_yr_004,22
2024,마라4179,ho_yr_005,504
2024,마라4179,to_ho_001,685
2024,마라4182,ho_ar_001,65
2024,마라4182,ho_ar_002,292
2024,마라4182,ho_ar_003,490
2024,마라4182,ho_ar_004,1534
2024,마라4182,ho_ar_005,60
2024,마라4182,ho_ar_006,60
2024,마라4182,ho_ar_007,34
2024,마라4182,ho_ar_008,23
2024,마라4182,ho_ar_009,13
2024,마라4182,ho_gb_001,146
2024,마라4182,ho_gb_002,588
2024,마라4182,ho_gb_003,1799
2024,마라4182,ho_gb_004,20
2024,마라4182,ho_gb_005,25
2024,마라4182,ho_gb_006,158
2024,마라4182,ho_yr_001,260
2024,마라4182,ho_yr_002,275
2024,마라4182,ho_yr_003,121
2024,마라4182,ho_yr_004,83
2024,마라4182,ho_yr_005,295
2024,마라4182,ho_yr_008,0
2024,마라4182,ho_yr_010,18
2024,마라4182,ho_yr_011,0
2024,마라4182,ho_yr_012,44
2024,마라4182,ho_yr_014,38
2024,마라4182,ho_yr_016,22
2024,마라4182,ho_yr_017,341
2024,마라4182,ho_yr_019,1072
2024,마라4182,to_ho_001,2575
2024,마라4183,ho_ar_001,141
2024,마라4183,ho_ar_002,824
2024,마라4183,ho_ar_003,2014
2024,마라4183,ho_ar_004,2215
2024,마라4183,ho_ar_005,361
2024,마라4183,ho_ar_006,535
2024,마라4183,ho_ar_007,387
2024,마라4183,ho_ar_008,223
2024,마라4183,ho_ar_009,129
2024,마라4183,ho_gb_001,845
2024,마라4183,ho_gb_002,2750
2024,마라4183,ho_gb_003,2923
2024,마라4183,ho_gb_004,208
2024,마라4183,ho_gb_005,98
2024,마라4183,ho_gb_006,538
2024,마라4183,ho_yr_001,1545
2024,마라4183,ho_yr_002,1064
2024,마라4183,ho_yr_003,1365
2024,마라4183,ho_yr_004,776
2024,마라4183,ho_yr_005,325
2024,마라4183,ho_yr_006,8
2024,마라4183,ho_yr_007,21
2024,마라4183,ho_yr_008,110
2024,마라4183,ho_yr_009,134
2024,마라4183,ho_yr_010,86
2024,마라4183,ho_yr_011,55
2024,마라4183,ho_yr_012,9
2024,마라4183,ho_yr_013,15
2024,마라4183,ho_yr_014,445
2024,마라4183,ho_yr_016,5
2024,마라4183,ho_yr_017,264
2024,마라4183,ho_yr_018,5
2024,마라4183,ho_yr_019,606
2024,마라4183,to_ho_001,6828
2024,마라4184,ho_ar_001,85
2024,마라4184,ho_ar_002,1557
2024,마라4184,ho_ar_003,3373
2024,마라4184,ho_ar_004,1999
2024,마라4184,ho_ar_005,200
2024,마라4184,ho_ar_006,387
2024,마라4184,ho_ar_007,169
2024,마라4184,ho_ar_008,145
2024,마라4184,ho_ar_009,63
2024,마라4184,ho_gb_001,188
2024,마라4184,ho_gb_002,1984
2024,마라4184,ho_gb_003,5694
2024,마라4184,ho_gb_004,39
2024,마라4184,ho_gb_005,68
2024,마라4184,ho_gb_006,1188
2024,마라4184,ho_yr_001,904
2024,마라4184,ho_yr_002,744
2024,마라4184,ho_yr_003,979
2024,마라4184,ho_yr_004,1908
2024,마라4184,ho_yr_005,54
2024,마라4184,ho_yr_007,0
2024,마라4184,ho_yr_008,0
2024,마라4184,ho_yr_009,1025
2024,마라4184,ho_yr_010,352
2024,마라4184,ho_yr_011,126
2024,마라4184,ho_yr_012,151
2024,마라4184,ho_yr_013,679
2024,마라4184,ho_yr_014,81
2024,마라4184,ho_yr_015,113
2024,마라4184,ho_yr_016,481
2024,마라4184,ho_yr_017,141
2024,마라4184,ho_yr_018,5
2024,마라4184,ho_yr_020,233
2024,마라4184,to_ho_001,7971
2024,마라4185,ho_ar_001,449
2024,마라4185,ho_ar_002,1244
2024,마라4185,ho_ar_003,1200
2024,마라4185,ho_ar_004,2983
2024,마라4185,ho_ar_005,68
2024,마라4185,ho_ar_006,298
2024,마라4185,ho_ar_007,162
2024,마라4185,ho_ar_008,48
2024,마라4185,ho_ar_009,34
2024,마라4185,ho_gb_001,531
2024,마라4185,ho_gb_002,582
2024,마라4185,ho_gb_003,5281
2024,마라4185,ho_gb_004,22
2024,마라4185,ho_gb_005,63
2024,마라4185,ho_gb_006,3496
2024,마라4185,ho_yr_001,215
2024,마라4185,ho_yr_002,292
2024,마라4185,ho_yr_003,836
2024,마라4185,ho_yr_004,1020
2024,마라4185,ho_yr_005,1082
2024,마라4185,ho_yr_006,8
2024,마라4185,ho_yr_007,40
2024,마라4185,ho_yr_008,248
2024,마라4185,ho_yr_009,229
2024,마라4185,ho_yr_010,134
2024,마라4185,ho_yr_011,38
2024,마라4185,ho_yr_012,123
2024,마라4185,ho_yr_013,146
2024,마라4185,ho_yr_014,42
2024,마라4185,ho_yr_015,513
2024,마라4185,ho_yr_016,8
2024,마라4185,ho_yr_017,16
2024,마라4185,ho_yr_018,1057
2024,마라4185,ho_yr_019,450
2024,마라4185,to_ho_001,6483
2024,마라4186,ho_ar_001,367
2024,마라4186,ho_ar_002,578
2024,마라4186,ho_ar_003,1152
2024,마라4186,ho_ar_004,2923
2024,마라4186,ho_ar_005,137
2024,마라4186,ho_ar_006,795
2024,마라4186,ho_ar_007,176
2024,마라4186,ho_ar_008,81
2024,마라4186,ho_ar_009,79
2024,마라4186,ho_gb_001,728
2024,마라4186,ho_gb_002,643
2024,마라4186,ho_gb_003,4845
2024,마라4186,ho_gb_004,15
2024,마라4186,ho_gb_005,58
2024,마라4186,ho_gb_006,2204
2024,마라4186,ho_yr_001,513
2024,마라4186,ho_yr_002,587
2024,마라4186,ho_yr_003,918
2024,마라4186,ho_yr_004,249
2024,마라4186,ho_yr_005,1502
2024,마라4186,ho_yr_006,16
2024,마라4186,ho_yr_007,655
2024,마라4186,ho_yr_008,163
2024,마라4186,ho_yr_009,169
2024,마라4186,ho_yr_010,134
2024,마라4186,ho_yr_012,31
2024,마라4186,ho_yr_013,123
2024,마라4186,ho_yr_014,5
2024,마라4186,ho_yr_015,148
2024,마라4186,ho_yr_016,27
2024,마라4186,ho_yr_017,340
2024,마라4186,ho_yr_018,667
2024,마라4186,ho_yr_020,52
2024,마라4186,to_ho_001,6295
2024,마라4187,ho_ar_001,25
2024,마라4187,ho_ar_002,629
2024,마라4187,ho_ar_003,2352
2024,마라4187,ho_ar_004,3979
2024,마라4187,ho_ar_005,133
2024,마라4187,ho_ar_006,665
2024,마라4187,ho_ar_007,545
2024,마라4187,ho_ar_008,230
2024,마라4187,ho_ar_009,66
2024,마라4187,ho_gb_001,560
2024,마라4187,ho_gb_002,916
2024,마라4187,ho_gb_003,6982
2024,마라4187,ho_gb_004,100
2024,마라4187,ho_gb_005,64
2024,마라4187,ho_gb_006,259
2024,마라4187,ho_yr_001,686
2024,마라4187,ho_yr_002,829
2024,마라4187,ho_yr_003,1808
2024,마라4187,ho_yr_004,1398
2024,마라4187,ho_yr_005,907
2024,마라4187,ho_yr_006,5
2024,마라4187,ho_yr_007,16
2024,마라4187,ho_yr_008,104
2024,마라4187,ho_yr_009,61
2024,마라4187,ho_yr_010,48
2024,마라4187,ho_yr_011,30
2024,마라4187,ho_yr_012,120
2024,마라4187,ho_yr_013,133
2024,마라4187,ho_yr_014,40
2024,마라4187,ho_yr_015,0
2024,마라4187,ho_yr_016,425
2024,마라4187,ho_yr_017,12
2024,마라4187,ho_yr_018,1977
2024,마라4187,ho_yr_019,33
2024,마라4187,to_ho_001,8625
2024,마라4188,ho_ar_001,14
2024,마라4188,ho_ar_002,143
2024,마라4188,ho_ar_003,1177
2024,마라4188,ho_ar_004,1621
2024,마라4188,ho_ar_005,194
2024,마라4188,ho_ar_006,231
2024,마라4188,ho_ar_007,371
2024,마라4188,ho_ar_008,185
2024,마라4188,ho_ar_009,64
2024,마라4188,ho_gb_001,793
2024,마라4188,ho_gb_002,837
2024,마라4188,ho_gb_003,2215
2024,마라4188,ho_gb_004,135
2024,마라4188,ho_gb_005,28
2024,마라4188,ho_gb_006,89
2024,마라4188,ho_yr_001,352
2024,마라4188,ho_yr_002,645
2024,마라4188,ho_yr_003,733
2024,마라4188,ho_yr_004,896
2024,마라4188,ho_yr_005,13
2024,마라4188,ho_yr_006,19
2024,마라4188,ho_yr_007,90
2024,마라4188,ho_yr_008,57
2024,마라4188,ho_yr_009,55
2024,마라4188,ho_yr_010,52
2024,마라4188,ho_yr_011,86
2024,마라4188,ho_yr_012,55
2024,마라4188,ho_yr_013,58
2024,마라4188,ho_yr_014,127
2024,마라4188,ho_yr_015,0
2024,마라4188,ho_yr_016,0
2024,마라4188,ho_yr_017,34
2024,마라4188,ho_yr_018,5
2024,마라4188,ho_yr_020,755
2024,마라4188,to_ho_001,4008
2024,마라4189,ho_ar_002,0
2024,마라4189,ho_ar_003,143
2024,마라4189,ho_ar_004,303
2024,마라4189,ho_ar_005,0
2024,마라4189,ho_ar_006,89
2024,마라4189,ho_ar_007,98
2024,마라4189,ho_ar_008,55
2024,마라4189,ho_gb_001,29
2024,마라4189,ho_gb_002,14
2024,마라4189,ho_gb_003,647
2024,마라4189,ho_gb_006,8
2024,마라4189,ho_yr_001,0
2024,마라4189,ho_yr_002,13
2024,마라4189,ho_yr_003,174
2024,마라4189,ho_yr_005,502
2024,마라4189,to_ho_001,689
2024,마라4190,ho_ar_001,10
2024,마라4190,ho_ar_002,29
2024,마라4190,ho_ar_003,1458
2024,마라4190,ho_ar_004,4278
2024,마라4190,ho_ar_005,117
2024,마라4190,ho_ar_006,1124
2024,마라4190,ho_ar_007,821
2024,마라4190,ho_ar_008,75
2024,마라4190,ho_ar_009,13
2024,마라4190,ho_gb_001,267
2024,마라4190,ho_gb_002,331
2024,마라4190,ho_gb_003,7214
2024,마라4190,ho_gb_004,63
2024,마라4190,ho_gb_005,47
2024,마라4190,ho_gb_006,60
2024,마라4190,ho_yr_001,276
2024,마라4190,ho_yr_002,532
2024,마라4190,ho_yr_003,1920
2024,마라4190,ho_yr_004,167
2024,마라4190,ho_yr_005,2870
2024,마라4190,ho_yr_006,1073
2024,마라4190,ho_yr_008,21
2024,마라4190,ho_yr_009,5
2024,마라4190,ho_yr_010,51
2024,마라4190,ho_yr_011,0
2024,마라4190,ho_yr_012,1002
2024,마라4190,ho_yr_013,0
2024,마라4190,ho_yr_014,8
2024,마라4190,ho_yr_015,5
2024,마라4190,ho_yr_017,0
2024,마라4190,to_ho_001,7923
2024,마라4191,ho_ar_001,0
2024,마라4191,ho_ar_002,5
2024,마라4191,ho_ar_003,565
2024,마라4191,ho_ar_004,599
2024,마라4191,ho_ar_005,15
2024,마라4191,ho_ar_006,169
2024,마라4191,ho_ar_007,8
2024,마라4191,ho_ar_008,15
2024,마라4191,ho_ar_009,5
2024,마라4191,ho_gb_001,53
2024,마라4191,ho_gb_002,13
2024,마라4191,ho_gb_003,1280
2024,마라4191,ho_gb_004,18
2024,마라4191,ho_gb_005,8
2024,마라4191,ho_gb_006,13
2024,마라4191,ho_yr_001,5
2024,마라4191,ho_yr_002,5
2024,마라4191,ho_yr_003,593
2024,마라4191,ho_yr_004,533
2024,마라4191,ho_yr_005,0
2024,마라4191,ho_yr_007,0
2024,마라4191,ho_yr_010,21
2024,마라4191,ho_yr_013,0
2024,마라4191,ho_yr_015,218
2024,마라4191,to_ho_001,1375
2024,마라4192,ho_ar_004,0
2024,마라4192,ho_gb_005,0
2024,마라4192,ho_yr_004,0
2024,마라4192,to_ho_001,0
2024,마라4194,ho_ar_003,0
2024,마라4194,ho_ar_008,5
2024,마라4194,ho_gb_002,0
2024,마라4194,ho_gb_005,0
2024,마라4194,ho_gb_006,0
2024,마라4194,ho_yr_003,0
2024,마라4194,ho_yr_004,0
2024,마라4194,to_ho_001,5
2024,마라4195,ho_ar_001,5
2024,마라4195,ho_ar_002,5
2024,마라4195,ho_ar_003,18
2024,마라4195,ho_ar_004,19
2024,마라4195,ho_ar_005,8
2024,마라4195,ho_ar_006,13
2024,마라4195,ho_ar_007,8
2024,마라4195,ho_ar_008,5
2024,마라4195,ho_ar_009,0
2024,마라4195,ho_gb_002,67
2024,마라4195,ho_gb_005,5
2024,마라4195,ho_gb_006,8
2024,마라4195,ho_yr_001,16
2024,마라4195,ho_yr_002,19
2024,마라4195,ho_yr_003,23
2024,마라4195,ho_yr_004,8
2024,마라4195,ho_yr_005,5
2024,마라4195,ho_yr_013,0
2024,마라4195,ho_yr_014,0
2024,마라4195,to_ho_001,72
2024,마라4196,ho_ar_001,5
2024,마라4196,ho_ar_002,13
2024,마라4196,ho_ar_003,46
2024,마라4196,ho_ar_004,86
2024,마라4196,ho_ar_005,18
2024,마라4196,ho_ar_006,35
2024,마라4196,ho_ar_007,18
2024,마라4196,ho_ar_008,13
2024,마라4196,ho_ar_009,5
2024,마라4196,ho_gb_001,77
2024,마라4196,ho_gb_002,145
2024,마라4196,ho_gb_005,23
2024,마라4196,ho_gb_006,8
2024,마라4196,ho_yr_001,29
2024,마라4196,ho_yr_002,50
2024,마라4196,ho_yr_003,33
2024,마라4196,ho_yr_004,30
2024,마라4196,ho_yr_005,8
2024,마라4196,ho_yr_006,11
2024,마라4196,ho_yr_007,5
2024,마라4196,ho_yr_008,14
2024,마라4196,ho_yr_009,8
2024,마라4196,ho_yr_010,13
2024,마라4196,ho_yr_011,5
2024,마라4196,ho_yr_012,25
2024,마라4196,ho_yr_013,11
2024,마라4196,ho_yr_014,13
2024,마라4196,ho_yr_015,5
2024,마라4196,ho_yr_016,0
2024,마라4196,ho_yr_017,0
2024,마라4196,ho_yr_018,5
2024,마라4196,ho_yr_019,0
2024,마라4196,to_ho_001,241
2024,마라4275,ho_ar_003,12
2024,마라4275,ho_ar_004,61
2024,마라4275,ho_ar_006,5
2024,마라4275,ho_ar_009,0
2024,마라4275,ho_gb_002,8
2024,마라4275,ho_gb_003,62
2024,마라4275,ho_gb_005,5
2024,마라4275,ho_yr_001,5
2024,마라4275,ho_yr_002,68
2024,마라4275,ho_yr_003,0
2024,마라4275,ho_yr_004,8
2024,마라4275,ho_yr_005,5
2024,마라4275,ho_yr_011,0
2024,마라4275,to_ho_001,71
2024,마라4276,ho_ar_001,0
2024,마라4276,ho_ar_002,1408
2024,마라4276,ho_ar_003,2097
2024,마라4276,ho_ar_004,395
2024,마라4276,ho_ar_005,19
2024,마라4276,ho_ar_006,75
2024,마라4276,ho_ar_007,115
2024,마라4276,ho_ar_008,18
2024,마라4276,ho_ar_009,8
2024,마라4276,ho_gb_001,98
2024,마라4276,ho_gb_002,126
2024,마라4276,ho_gb_003,3875
2024,마라4276,ho_gb_004,27
2024,마라4276,ho_gb_005,8
2024,마라4276,ho_gb_006,23
2024,마라4276,ho_yr_001,56
2024,마라4276,ho_yr_002,84
2024,마라4276,ho_yr_003,3879
2024,마라4276,ho_yr_004,45
2024,마라4276,ho_yr_005,0
2024,마라4276,ho_yr_006,5
2024,마라4276,ho_yr_008,17
2024,마라4276,ho_yr_009,0
2024,마라4276,ho_yr_013,19
2024,마라4276,ho_yr_014,0
2024,마라4276,ho_yr_015,25
2024,마라4276,ho_yr_017,0
2024,마라4276,to_ho_001,4134
2024,마라4277,ho_ar_001,53
2024,마라4277,ho_ar_002,971
2024,마라4277,ho_ar_003,1477
2024,마라4277,ho_ar_004,1228
2024,마라4277,ho_ar_005,48
2024,마라4277,ho_ar_006,214
2024,마라4277,ho_ar_007,91
2024,마라4277,ho_ar_008,65
2024,마라4277,ho_ar_009,23
2024,마라4277,ho_gb_001,376
2024,마라4277,ho_gb_002,556
2024,마라4277,ho_gb_003,3181
2024,마라4277,ho_gb_004,38
2024,마라4277,ho_gb_005,13
2024,마라4277,ho_gb_006,18
2024,마라4277,ho_yr_001,173
2024,마라4277,ho_yr_002,403
2024,마라4277,ho_yr_003,2668
2024,마라4277,ho_yr_004,637
2024,마라4277,ho_yr_005,162
2024,마라4277,ho_yr_006,0
2024,마라4277,ho_yr_007,5
2024,마라4277,ho_yr_008,42
2024,마라4277,ho_yr_010,8
2024,마라4277,ho_yr_011,5
2024,마라4277,ho_yr_012,27
2024,마라4277,ho_yr_013,8
2024,마라4277,ho_yr_015,11
2024,마라4277,ho_yr_016,12
2024,마라4277,ho_yr_017,5
2024,마라4277,to_ho_001,4163
2024,마라4278,ho_ar_001,58
2024,마라4278,ho_ar_002,407
2024,마라4278,ho_ar_003,1708
2024,마라4278,ho_ar_004,2005
2024,마라4278,ho_ar_005,228
2024,마라4278,ho_ar_006,522
2024,마라4278,ho_ar_007,246
2024,마라4278,ho_ar_008,120
2024,마라4278,ho_ar_009,33
2024,마라4278,ho_gb_001,425
2024,마라4278,ho_gb_002,2125
2024,마라4278,ho_gb_003,2443
2024,마라4278,ho_gb_004,284
2024,마라4278,ho_gb_005,50
2024,마라4278,ho_gb_006,136
2024,마라4278,ho_yr_001,1150
2024,마라4278,ho_yr_002,1158
2024,마라4278,ho_yr_003,1615
2024,마라4278,ho_yr_004,315
2024,마라4278,ho_yr_005,556
2024,마라4278,ho_yr_006,5
2024,마라4278,ho_yr_007,5
2024,마라4278,ho_yr_008,12
2024,마라4278,ho_yr_009,20
2024,마라4278,ho_yr_010,12
2024,마라4278,ho_yr_011,73
2024,마라4278,ho_yr_012,47
2024,마라4278,ho_yr_013,53
2024,마라4278,ho_yr_014,21
2024,마라4278,ho_yr_015,20
2024,마라4278,ho_yr_016,6
2024,마라4278,ho_yr_017,9
2024,마라4278,ho_yr_018,265
2024,마라4278,ho_yr_020,5
2024,마라4278,to_ho_001,5334
2024,마라4279,ho_ar_001,0
2024,마라4279,ho_ar_002,64
2024,마라4279,ho_ar_003,56
2024,마라4279,ho_ar_004,154
2024,마라4279,ho_ar_005,26
2024,마라4279,ho_ar_006,33
2024,마라4279,ho_ar_007,25
2024,마라4279,ho_ar_008,13
2024,마라4279,ho_ar_009,5
2024,마라4279,ho_gb_001,25
2024,마라4279,ho_gb_002,214
2024,마라4279,ho_gb_003,120
2024,마라4279,ho_gb_005,8
2024,마라4279,ho_gb_006,35
2024,마라4279,ho_yr_001,122
2024,마라4279,ho_yr_002,73
2024,마라4279,ho_yr_003,44
2024,마라4279,ho_yr_004,26
2024,마라4279,ho_yr_005,59
2024,마라4279,ho_yr_007,0
2024,마라4279,ho_yr_008,0
2024,마라4279,ho_yr_009,15
2024,마라4279,ho_yr_010,26
2024,마라4279,ho_yr_013,0
2024,마라4279,ho_yr_018,0
2024,마라4279,to_ho_001,369
2024,마라4282,ho_ar_001,41
2024,마라4282,ho_ar_002,160
2024,마라4282,ho_ar_003,517
2024,마라4282,ho_ar_004,745
2024,마라4282,ho_ar_005,18
2024,마라4282,ho_ar_006,19
2024,마라4282,ho_ar_007,13
2024,마라4282,ho_ar_008,13
2024,마라4282,ho_ar_009,5
2024,마라4282,ho_gb_001,31
2024,마라4282,ho_gb_002,270
2024,마라4282,ho_gb_003,1218
2024,마라4282,ho_gb_005,5
2024,마라4282,ho_gb_006,37
2024,마라4282,ho_yr_001,150
2024,마라4282,ho_yr_002,226
2024,마라4282,ho_yr_003,28
2024,마라4282,ho_yr_004,32
2024,마라4282,ho_yr_005,5
2024,마라4282,ho_yr_008,8
2024,마라4282,ho_yr_011,0
2024,마라4282,ho_yr_018,650
2024,마라4282,ho_yr_019,425
2024,마라4282,to_ho_001,1523
2024,마라4283,ho_ar_001,37
2024,마라4283,ho_ar_002,178
2024,마라4283,ho_ar_003,859
2024,마라4283,ho_ar_004,2190
2024,마라4283,ho_ar_005,221
2024,마라4283,ho_ar_006,1250
2024,마라4283,ho_ar_007,328
2024,마라4283,ho_ar_008,114
2024,마라4283,ho_ar_009,28
2024,마라4283,ho_gb_001,159
2024,마라4283,ho_gb_002,418
2024,마라4283,ho_gb_003,4542
2024,마라4283,ho_gb_004,11
2024,마라4283,ho_gb_005,78
2024,마라4283,ho_gb_006,1437
2024,마라4283,ho_yr_001,388
2024,마라4283,ho_yr_002,406
2024,마라4283,ho_yr_003,114
2024,마라4283,ho_yr_004,1307
2024,마라4283,ho_yr_005,2039
2024,마라4283,ho_yr_006,281
2024,마라4283,ho_yr_007,11
2024,마라4283,ho_yr_008,24
2024,마라4283,ho_yr_009,63
2024,마라4283,ho_yr_010,44
2024,마라4283,ho_yr_011,32
2024,마라4283,ho_yr_012,118
2024,마라4283,ho_yr_013,5
2024,마라4283,ho_yr_014,323
2024,마라4283,ho_yr_015,18
2024,마라4283,ho_yr_016,11
2024,마라4283,ho_yr_017,24
2024,마라4283,to_ho_001,5209
2024,마라4284,ho_ar_001,151
2024,마라4284,ho_ar_002,1084
2024,마라4284,ho_ar_003,1634
2024,마라4284,ho_ar_004,2006
2024,마라4284,ho_ar_005,129
2024,마라4284,ho_ar_006,363
2024,마라4284,ho_ar_007,132
2024,마라4284,ho_ar_008,91
2024,마라4284,ho_ar_009,58
2024,마라4284,ho_gb_001,267
2024,마라4284,ho_gb_002,1518
2024,마라4284,ho_gb_003,3732
2024,마라4284,ho_gb_004,61
2024,마라4284,ho_gb_005,73
2024,마라4284,ho_gb_006,3169
2024,마라4284,ho_yr_001,764
2024,마라4284,ho_yr_002,1160
2024,마라4284,ho_yr_003,309
2024,마라4284,ho_yr_004,727
2024,마라4284,ho_yr_005,441
2024,마라4284,ho_yr_006,5
2024,마라4284,ho_yr_008,209
2024,마라4284,ho_yr_009,88
2024,마라4284,ho_yr_010,33
2024,마라4284,ho_yr_011,122
2024,마라4284,ho_yr_012,95
2024,마라4284,ho_yr_013,402
2024,마라4284,ho_yr_014,148
2024,마라4284,ho_yr_015,656
2024,마라4284,ho_yr_016,0
2024,마라4284,ho_yr_018,228
2024,마라4284,ho_yr_019,275
2024,마라4284,to_ho_001,5650
2024,마라4285,ho_ar_001,786
2024,마라4285,ho_ar_002,2164
2024,마라4285,ho_ar_003,554
2024,마라4285,ho_ar_004,2388
2024,마라4285,ho_ar_005,80
2024,마라4285,ho_ar_006,949
2024,마라4285,ho_ar_007,623
2024,마라4285,ho_ar_008,169
2024,마라4285,ho_ar_009,60
2024,마라4285,ho_gb_001,1010
2024,마라4285,ho_gb_002,633
2024,마라4285,ho_gb_003,5994
2024,마라4285,ho_gb_004,78
2024,마라4285,ho_gb_005,63
2024,마라4285,ho_gb_006,3212
2024,마라4285,ho_yr_001,334
2024,마라4285,ho_yr_002,264
2024,마라4285,ho_yr_003,144
2024,마라4285,ho_yr_004,1116
2024,마라4285,ho_yr_005,1010
2024,마라4285,ho_yr_006,67
2024,마라4285,ho_yr_007,1456
2024,마라4285,ho_yr_008,320
2024,마라4285,ho_yr_009,575
2024,마라4285,ho_yr_010,364
2024,마라4285,ho_yr_011,85
2024,마라4285,ho_yr_012,234
2024,마라4285,ho_yr_013,71
2024,마라4285,ho_yr_014,569
2024,마라4285,ho_yr_015,67
2024,마라4285,ho_yr_017,844
2024,마라4285,ho_yr_018,275
2024,마라4285,to_ho_001,7775
2024,마라4286,ho_ar_001,281
2024,마라4286,ho_ar_002,2272
2024,마라4286,ho_ar_003,2192
2024,마라4286,ho_ar_004,4134
2024,마라4286,ho_ar_005,182
2024,마라4286,ho_ar_006,535
2024,마라4286,ho_ar_007,174
2024,마라4286,ho_ar_008,80
2024,마라4286,ho_ar_009,59
2024,마라4286,ho_gb_001,796
2024,마라4286,ho_gb_002,995
2024,마라4286,ho_gb_003,7925
2024,마라4286,ho_gb_004,108
2024,마라4286,ho_gb_005,83
2024,마라4286,ho_gb_006,2172
2024,마라4286,ho_yr_001,542
2024,마라4286,ho_yr_002,529
2024,마라4286,ho_yr_003,970
2024,마라4286,ho_yr_004,2262
2024,마라4286,ho_yr_005,1164
2024,마라4286,ho_yr_007,108
2024,마라4286,ho_yr_008,198
2024,마라4286,ho_yr_009,144
2024,마라4286,ho_yr_010,70
2024,마라4286,ho_yr_011,51
2024,마라4286,ho_yr_012,760
2024,마라4286,ho_yr_013,22
2024,마라4286,ho_yr_014,60
2024,마라4286,ho_yr_015,1243
2024,마라4286,ho_yr_016,35
2024,마라4286,ho_yr_017,117
2024,마라4286,ho_yr_019,1398
2024,마라4286,ho_yr_020,244
2024,마라4286,to_ho_001,9910
2024,마라4287,ho_ar_001,392
2024,마라4287,ho_ar_002,478
2024,마라4287,ho_ar_003,3345
2024,마라4287,ho_ar_004,2491
2024,마라4287,ho_ar_005,69
2024,마라4287,ho_ar_006,1130
2024,마라4287,ho_ar_007,392
2024,마라4287,ho_ar_008,153
2024,마라4287,ho_ar_009,23
2024,마라4287,ho_gb_001,1373
2024,마라4287,ho_gb_002,602
2024,마라4287,ho_gb_003,6358
2024,마라4287,ho_gb_004,54
2024,마라4287,ho_gb_005,88
2024,마라4287,ho_gb_006,1126
2024,마라4287,ho_yr_001,276
2024,마라4287,ho_yr_002,310
2024,마라4287,ho_yr_003,4028
2024,마라4287,ho_yr_004,1351
2024,마라4287,ho_yr_005,855
2024,마라4287,ho_yr_006,0
2024,마라4287,ho_yr_007,34
2024,마라4287,ho_yr_008,58
2024,마라4287,ho_yr_009,84
2024,마라4287,ho_yr_010,55
2024,마라4287,ho_yr_011,117
2024,마라4287,ho_yr_012,215
2024,마라4287,ho_yr_013,421
2024,마라4287,ho_yr_014,100
2024,마라4287,ho_yr_015,207
2024,마라4287,ho_yr_016,297
2024,마라4287,ho_yr_017,47
2024,마라4287,ho_yr_018,51
2024,마라4287,to_ho_001,8474
2024,마라4288,ho_ar_001,27
2024,마라4288,ho_ar_002,251
2024,마라4288,ho_ar_003,1656
2024,마라4288,ho_ar_004,2273
2024,마라4288,ho_ar_005,32
2024,마라4288,ho_ar_006,236
2024,마라4288,ho_ar_007,368
2024,마라4288,ho_ar_008,49
2024,마라4288,ho_ar_009,28
2024,마라4288,ho_gb_001,1253
2024,마라4288,ho_gb_002,381
2024,마라4288,ho_gb_003,3096
2024,마라4288,ho_gb_004,157
2024,마라4288,ho_gb_005,34
2024,마라4288,ho_gb_006,117
2024,마라4288,ho_yr_001,197
2024,마라4288,ho_yr_002,380
2024,마라4288,ho_yr_003,510
2024,마라4288,ho_yr_004,1953
2024,마라4288,ho_yr_005,85
2024,마라4288,ho_yr_006,41
2024,마라4288,ho_yr_007,26
2024,마라4288,ho_yr_008,51
2024,마라4288,ho_yr_009,68
2024,마라4288,ho_yr_010,86
2024,마라4288,ho_yr_011,49
2024,마라4288,ho_yr_012,39
2024,마라4288,ho_yr_013,11
2024,마라4288,ho_yr_014,15
2024,마라4288,ho_yr_015,0
2024,마라4288,ho_yr_016,12
2024,마라4288,ho_yr_017,13
2024,마라4288,ho_yr_018,6
2024,마라4288,ho_yr_019,261
2024,마라4288,ho_yr_020,1136
2024,마라4288,to_ho_001,4925
2024,마라4289,ho_ar_001,63
2024,마라4289,ho_ar_002,42
2024,마라4289,ho_ar_003,1635
2024,마라4289,ho_ar_004,5618
2024,마라4289,ho_ar_005,13
2024,마라4289,ho_ar_006,747
2024,마라4289,ho_ar_007,642
2024,마라4289,ho_ar_008,18
2024,마라4289,ho_ar_009,13
2024,마라4289,ho_gb_001,176
2024,마라4289,ho_gb_002,129
2024,마라4289,ho_gb_003,8433
2024,마라4289,ho_gb_004,27
2024,마라4289,ho_gb_005,23
2024,마라4289,ho_gb_006,151
2024,마라4289,ho_yr_001,39
2024,마라4289,ho_yr_002,235
2024,마라4289,ho_yr_003,1468
2024,마라4289,ho_yr_004,2131
2024,마라4289,ho_yr_005,294
2024,마라4289,ho_yr_006,68
2024,마라4289,ho_yr_007,387
2024,마라4289,ho_yr_008,8
2024,마라4289,ho_yr_009,0
2024,마라4289,ho_yr_010,35
2024,마라4289,ho_yr_011,73
2024,마라4289,ho_yr_012,0
2024,마라4289,ho_yr_013,61
2024,마라4289,ho_yr_014,0
2024,마라4289,ho_yr_015,642
2024,마라4289,ho_yr_016,14
2024,마라4289,ho_yr_017,24
2024,마라4289,ho_yr_018,5
2024,마라4289,ho_yr_019,242
2024,마라4289,ho_yr_020,3071
2024,마라4289,to_ho_001,8788
2024,마라4290,ho_ar_001,393
2024,마라4290,ho_ar_002,681
2024,마라4290,ho_ar_003,1402
2024,마라4290,ho_ar_004,5184
2024,마라4290,ho_ar_005,116
2024,마라4290,ho_ar_006,718
2024,마라4290,ho_ar_007,687
2024,마라4290,ho_ar_008,233
2024,마라4290,ho_ar_009,93
2024,마라4290,ho_gb_001,2047
2024,마라4290,ho_gb_002,1323
2024,마라4290,ho_gb_003,5765
2024,마라4290,ho_gb_004,250
2024,마라4290,ho_gb_005,106
2024,마라4290,ho_gb_006,1069
2024,마라4290,ho_yr_001,566
2024,마라4290,ho_yr_002,985
2024,마라4290,ho_yr_003,595
2024,마라4290,ho_yr_004,1049
2024,마라4290,ho_yr_005,605
2024,마라4290,ho_yr_006,21
2024,마라4290,ho_yr_007,193
2024,마라4290,ho_yr_008,297
2024,마라4290,ho_yr_009,231
2024,마라4290,ho_yr_010,234
2024,마라4290,ho_yr_011,201
2024,마라4290,ho_yr_012,496
2024,마라4290,ho_yr_013,1086
2024,마라4290,ho_yr_014,462
2024,마라4290,ho_yr_015,95
2024,마라4290,ho_yr_016,1417
2024,마라4290,ho_yr_017,98
2024,마라4290,ho_yr_018,17
2024,마라4290,ho_yr_019,54
2024,마라4290,ho_yr_020,796
2024,마라4290,to_ho_001,9500
2024,마라4291,ho_ar_001,138
2024,마라4291,ho_ar_002,300
2024,마라4291,ho_ar_003,1799
2024,마라4291,ho_ar_004,5438
2024,마라4291,ho_ar_005,252
2024,마라4291,ho_ar_006,904
2024,마라4291,ho_ar_007,363
2024,마라4291,ho_ar_008,109
2024,마라4291,ho_ar_009,44
2024,마라4291,ho_gb_001,1475
2024,마라4291,ho_gb_002,583
2024,마라4291,ho_gb_003,7062
2024,마라4291,ho_gb_004,198
2024,마라4291,ho_gb_005,33
2024,마라4291,ho_gb_006,925
2024,마라4291,ho_yr_001,195
2024,마라4291,ho_yr_002,388
2024,마라4291,ho_yr_003,2042
2024,마라4291,ho_yr_004,814
2024,마라4291,ho_yr_005,802
2024,마라4291,ho_yr_006,7
2024,마라4291,ho_yr_007,108
2024,마라4291,ho_yr_008,172
2024,마라4291,ho_yr_009,198
2024,마라4291,ho_yr_010,82
2024,마라4291,ho_yr_011,94
2024,마라4291,ho_yr_012,147
2024,마라4291,ho_yr_013,31
2024,마라4291,ho_yr_014,721
2024,마라4291,ho_yr_015,733
2024,마라4291,ho_yr_016,123
2024,마라4291,ho_yr_017,16
2024,마라4291,ho_yr_018,2652
2024,마라4291,ho_yr_019,37
2024,마라4291,ho_yr_020,5
2024,마라4291,to_ho_001,9352
2024,마라4292,ho_ar_001,0
2024,마라4292,ho_ar_002,36
2024,마라4292,ho_ar_003,61
2024,마라4292,ho_ar_004,144
2024,마라4292,ho_ar_005,11
2024,마라4292,ho_ar_006,30
2024,마라4292,ho_ar_007,45
2024,마라4292,ho_ar_008,20
2024,마라4292,ho_ar_009,8
2024,마라4292,ho_gb_001,130
2024,마라4292,ho_gb_002,43
2024,마라4292,ho_gb_003,151
2024,마라4292,ho_gb_004,26
2024,마라4292,ho_gb_005,0
2024,마라4292,ho_gb_006,8
2024,마라4292,ho_yr_001,23
2024,마라4292,ho_yr_002,76
2024,마라4292,ho_yr_003,109
2024,마라4292,ho_yr_004,24
2024,마라4292,ho_yr_010,42
2024,마라4292,ho_yr_011,8
2024,마라4292,ho_yr_012,0
2024,마라4292,ho_yr_018,69
2024,마라4292,to_ho_001,350
2024,마라4293,ho_gb_006,0
2024,마라4295,ho_ar_004,5
2024,마라4295,ho_ar_006,0
2024,마라4295,ho_ar_007,0
2024,마라4295,ho_gb_002,5
2024,마라4295,ho_gb_006,5
2024,마라4295,ho_yr_001,5
2024,마라4295,ho_yr_004,0
2024,마라4295,to_ho_001,5
2024,마라4298,ho_ar_004,0
2024,마라4298,ho_gb_002,5
2024,마라4298,ho_yr_003,5
2024,마라4298,to_ho_001,5
2024,마라4299,ho_gb_006,5
2024,마라4375,ho_ar_001,6
2024,마라4375,ho_ar_002,8
2024,마라4375,ho_ar_003,33
2024,마라4375,ho_ar_004,32
2024,마라4375,ho_ar_005,11
2024,마라4375,ho_ar_006,20
2024,마라4375,ho_ar_007,21
2024,마라4375,ho_ar_008,13
2024,마라4375,ho_ar_009,5
2024,마라4375,ho_gb_001,35
2024,마라4375,ho_gb_002,111
2024,마라4375,ho_gb_005,0
2024,마라4375,ho_gb_006,5
2024,마라4375,ho_yr_001,30
2024,마라4375,ho_yr_002,56
2024,마라4375,ho_yr_003,32
2024,마라4375,ho_yr_004,21
2024,마라4375,ho_yr_005,0
2024,마라4375,ho_yr_009,11
2024,마라4375,ho_yr_011,0
2024,마라4375,to_ho_001,149
2024,마라4376,ho_ar_001,94
2024,마라4376,ho_ar_002,109
2024,마라4376,ho_ar_003,1917
2024,마라4376,ho_ar_004,2209
2024,마라4376,ho_ar_005,591
2024,마라4376,ho_ar_006,440
2024,마라4376,ho_ar_007,207
2024,마라4376,ho_ar_008,23
2024,마라4376,ho_ar_009,13
2024,마라4376,ho_gb_001,285
2024,마라4376,ho_gb_002,249
2024,마라4376,ho_gb_003,4946
2024,마라4376,ho_gb_004,94
2024,마라4376,ho_gb_005,23
2024,마라4376,ho_gb_006,131
2024,마라4376,ho_yr_001,109
2024,마라4376,ho_yr_002,1475
2024,마라4376,ho_yr_003,1961
2024,마라4376,ho_yr_004,284
2024,마라4376,ho_yr_005,194
2024,마라4376,ho_yr_006,5
2024,마라4376,ho_yr_007,26
2024,마라4376,ho_yr_008,22
2024,마라4376,ho_yr_009,67
2024,마라4376,ho_yr_010,0
2024,마라4376,ho_yr_011,5
2024,마라4376,ho_yr_012,0
2024,마라4376,ho_yr_013,482
2024,마라4376,ho_yr_014,12
2024,마라4376,ho_yr_019,968
2024,마라4376,to_ho_001,5601
2024,마라4377,ho_ar_001,25
2024,마라4377,ho_ar_002,1472
2024,마라4377,ho_ar_003,879
2024,마라4377,ho_ar_004,1287
2024,마라4377,ho_ar_005,103
2024,마라4377,ho_ar_006,217
2024,마라4377,ho_ar_007,101
2024,마라4377,ho_ar_008,62
2024,마라4377,ho_ar_009,38
2024,마라4377,ho_gb_001,473
2024,마라4377,ho_gb_002,564
2024,마라4377,ho_gb_003,2994
2024,마라4377,ho_gb_004,125
2024,마라4377,ho_gb_005,23
2024,마라4377,ho_gb_006,47
2024,마라4377,ho_yr_001,244
2024,마라4377,ho_yr_002,724
2024,마라4377,ho_yr_003,2245
2024,마라4377,ho_yr_004,243
2024,마라4377,ho_yr_005,13
2024,마라4377,ho_yr_006,5
2024,마라4377,ho_yr_007,29
2024,마라4377,ho_yr_008,48
2024,마라4377,ho_yr_009,19
2024,마라4377,ho_yr_010,335
2024,마라4377,ho_yr_011,0
2024,마라4377,ho_yr_012,5
2024,마라4377,ho_yr_013,21
2024,마라4377,ho_yr_014,23
2024,마라4377,ho_yr_015,53
2024,마라4377,ho_yr_017,5
2024,마라4377,ho_yr_018,5
2024,마라4377,ho_yr_019,187
2024,마라4377,to_ho_001,4186
2024,마라4378,ho_ar_003,101
2024,마라4378,ho_ar_006,0
2024,마라4378,ho_ar_007,0
2024,마라4378,ho_ar_009,0
2024,마라4378,ho_gb_002,5
2024,마라4378,ho_gb_003,101
2024,마라4378,ho_gb_006,8
2024,마라4378,ho_yr_001,0
2024,마라4378,ho_yr_002,0
2024,마라4378,ho_yr_003,101
2024,마라4378,ho_yr_008,0
2024,마라4378,to_ho_001,106
2024,마라4380,ho_ar_003,65
2024,마라4380,ho_ar_004,29
2024,마라4380,ho_ar_005,8
2024,마라4380,ho_ar_007,5
2024,마라4380,ho_gb_002,5
2024,마라4380,ho_gb_003,97
2024,마라4380,ho_gb_005,0
2024,마라4380,ho_yr_001,0
2024,마라4380,ho_yr_002,0
2024,마라4380,ho_yr_004,97
2024,마라4380,to_ho_001,102
2024,마라4381,ho_ar_001,0
2024,마라4381,ho_ar_002,5
2024,마라4381,ho_ar_003,13
2024,마라4381,ho_ar_004,8
2024,마라4381,ho_ar_005,0
2024,마라4381,ho_ar_006,5
2024,마라4381,ho_ar_007,8
2024,마라4381,ho_ar_009,5
2024,마라4381,ho_gb_001,0
2024,마라4381,ho_gb_002,37
2024,마라4381,ho_gb_005,5
2024,마라4381,ho_gb_006,5
2024,마라4381,ho_yr_001,13
2024,마라4381,ho_yr_002,15
2024,마라4381,ho_yr_003,8
2024,마라4381,ho_yr_005,0
2024,마라4381,to_ho_001,40
2024,마라4382,ho_ar_001,121
2024,마라4382,ho_ar_002,271
2024,마라4382,ho_ar_003,1073
2024,마라4382,ho_ar_004,887
2024,마라4382,ho_ar_005,65
2024,마라4382,ho_ar_006,192
2024,마라4382,ho_ar_007,123
2024,마라4382,ho_ar_008,28
2024,마라4382,ho_ar_009,8
2024,마라4382,ho_gb_001,53
2024,마라4382,ho_gb_002,887
2024,마라4382,ho_gb_003,1722
2024,마라4382,ho_gb_004,77
2024,마라4382,ho_gb_005,28
2024,마라4382,ho_gb_006,13
2024,마라4382,ho_yr_001,299
2024,마라4382,ho_yr_002,825
2024,마라4382,ho_yr_003,1523
2024,마라4382,ho_yr_004,20
2024,마라4382,ho_yr_005,11
2024,마라4382,ho_yr_007,16
2024,마라4382,ho_yr_008,0
2024,마라4382,ho_yr_010,0
2024,마라4382,ho_yr_012,0
2024,마라4382,ho_yr_018,76
2024,마라4382,ho_yr_020,5
2024,마라4382,to_ho_001,2766
2024,마라4383,ho_ar_001,173
2024,마라4383,ho_ar_002,496
2024,마라4383,ho_ar_003,2713
2024,마라4383,ho_ar_004,2955
2024,마라4383,ho_ar_005,160
2024,마라4383,ho_ar_006,424
2024,마라4383,ho_ar_007,251
2024,마라4383,ho_ar_008,95
2024,마라4383,ho_ar_009,33
2024,마라4383,ho_gb_001,674
2024,마라4383,ho_gb_002,826
2024,마라4383,ho_gb_003,5478
2024,마라4383,ho_gb_004,288
2024,마라4383,ho_gb_005,38
2024,마라4383,ho_gb_006,103
2024,마라4383,ho_yr_001,744
2024,마라4383,ho_yr_002,1174
2024,마라4383,ho_yr_003,1466
2024,마라4383,ho_yr_004,203
2024,마라4383,ho_yr_005,430
2024,마라4383,ho_yr_006,5
2024,마라4383,ho_yr_007,5
2024,마라4383,ho_yr_008,83
2024,마라4383,ho_yr_009,110
2024,마라4383,ho_yr_010,67
2024,마라4383,ho_yr_011,56
2024,마라4383,ho_yr_012,21
2024,마라4383,ho_yr_013,38
2024,마라4383,ho_yr_014,996
2024,마라4383,ho_yr_015,746
2024,마라4383,ho_yr_016,617
2024,마라4383,ho_yr_018,556
2024,마라4383,ho_yr_019,0
2024,마라4383,to_ho_001,7306
2024,마라4384,ho_ar_001,19
2024,마라4384,ho_ar_002,261
2024,마라4384,ho_ar_003,1672
2024,마라4384,ho_ar_004,1497
2024,마라4384,ho_ar_005,72
2024,마라4384,ho_ar_006,218
2024,마라4384,ho_ar_007,177
2024,마라4384,ho_ar_008,75
2024,마라4384,ho_ar_009,23
2024,마라4384,ho_gb_001,1097
2024,마라4384,ho_gb_002,751
2024,마라4384,ho_gb_003,1793
2024,마라4384,ho_gb_004,329
2024,마라4384,ho_gb_005,46
2024,마라4384,ho_gb_006,53
2024,마라4384,ho_yr_001,543
2024,마라4384,ho_yr_002,585
2024,마라4384,ho_yr_003,1312
2024,마라4384,ho_yr_004,1067
2024,마라4384,ho_yr_005,158
2024,마라4384,ho_yr_006,18
2024,마라4384,ho_yr_007,50
2024,마라4384,ho_yr_008,5
2024,마라4384,ho_yr_009,28
2024,마라4384,ho_yr_010,5
2024,마라4384,ho_yr_011,44
2024,마라4384,ho_yr_012,55
2024,마라4384,ho_yr_013,35
2024,마라4384,ho_yr_014,5
2024,마라4384,ho_yr_015,18
2024,마라4384,ho_yr_016,32
2024,마라4384,ho_yr_017,46
2024,마라4384,ho_yr_018,16
2024,마라4384,ho_yr_019,17
2024,마라4384,to_ho_001,4019
2024,마라4385,ho_ar_001,18
2024,마라4385,ho_ar_002,588
2024,마라4385,ho_ar_003,1275
2024,마라4385,ho_ar_004,670
2024,마라4385,ho_ar_005,52
2024,마라4385,ho_ar_006,74
2024,마라4385,ho_ar_007,44
2024,마라4385,ho_ar_008,30
2024,마라4385,ho_ar_009,8
2024,마라4385,ho_gb_001,507
2024,마라4385,ho_gb_002,380
2024,마라4385,ho_gb_003,1866
2024,마라4385,ho_gb_005,8
2024,마라4385,ho_gb_006,18
2024,마라4385,ho_yr_001,572
2024,마라4385,ho_yr_002,200
2024,마라4385,ho_yr_003,267
2024,마라4385,ho_yr_004,412
2024,마라4385,ho_yr_005,26
2024,마라4385,ho_yr_009,0
2024,마라4385,ho_yr_012,7
2024,마라4385,ho_yr_013,0
2024,마라4385,ho_yr_017,1279
2024,마라4385,to_ho_001,2760
2024,마라4386,ho_ar_001,5
2024,마라4386,ho_ar_002,45
2024,마라4386,ho_ar_003,142
2024,마라4386,ho_ar_004,444
2024,마라4386,ho_ar_005,42
2024,마라4386,ho_ar_006,77
2024,마라4386,ho_ar_007,66
2024,마라4386,ho_ar_008,8
2024,마라4386,ho_ar_009,5
2024,마라4386,ho_gb_001,112
2024,마라4386,ho_gb_002,141
2024,마라4386,ho_gb_003,567
2024,마라4386,ho_gb_005,5
2024,마라4386,ho_gb_006,8
2024,마라4386,ho_yr_001,38
2024,마라4386,ho_yr_002,44
2024,마라4386,ho_yr_003,494
2024,마라4386,ho_yr_004,225
2024,마라4386,ho_yr_005,5
2024,마라4386,ho_yr_010,0
2024,마라4386,ho_yr_012,18
2024,마라4386,ho_yr_015,0
2024,마라4386,to_ho_001,823
2024,마라4387,ho_ar_001,812
2024,마라4387,ho_ar_002,961
2024,마라4387,ho_ar_003,1417
2024,마라4387,ho_ar_004,1890
2024,마라4387,ho_ar_005,81
2024,마라4387,ho_ar_006,354
2024,마라4387,ho_ar_007,328
2024,마라4387,ho_ar_008,62
2024,마라4387,ho_ar_009,38
2024,마라4387,ho_gb_001,1352
2024,마라4387,ho_gb_002,537
2024,마라4387,ho_gb_003,3972
2024,마라4387,ho_gb_004,12
2024,마라4387,ho_gb_005,64
2024,마라4387,ho_gb_006,1463
2024,마라4387,ho_yr_001,313
2024,마라4387,ho_yr_002,479
2024,마라4387,ho_yr_003,162
2024,마라4387,ho_yr_004,465
2024,마라4387,ho_yr_005,563
2024,마라4387,ho_yr_006,72
2024,마라4387,ho_yr_007,130
2024,마라4387,ho_yr_008,463
2024,마라4387,ho_yr_009,253
2024,마라4387,ho_yr_010,143
2024,마라4387,ho_yr_011,293
2024,마라4387,ho_yr_012,387
2024,마라4387,ho_yr_013,167
2024,마라4387,ho_yr_014,24
2024,마라4387,ho_yr_015,124
2024,마라4387,ho_yr_016,673
2024,마라4387,ho_yr_017,91
2024,마라4387,ho_yr_018,143
2024,마라4387,ho_yr_019,913
2024,마라4387,ho_yr_020,95
2024,마라4387,to_ho_001,5943
2024,마라4388,ho_ar_001,1476
2024,마라4388,ho_ar_002,2720
2024,마라4388,ho_ar_003,2546
2024,마라4388,ho_ar_004,5253
2024,마라4388,ho_ar_005,155
2024,마라4388,ho_ar_006,306
2024,마라4388,ho_ar_007,265
2024,마라4388,ho_ar_008,68
2024,마라4388,ho_ar_009,48
2024,마라4388,ho_gb_001,2551
2024,마라4388,ho_gb_002,849
2024,마라4388,ho_gb_003,9157
2024,마라4388,ho_gb_004,181
2024,마라4388,ho_gb_005,97
2024,마라4388,ho_gb_006,4194
2024,마라4388,ho_yr_001,714
2024,마라4388,ho_yr_002,1456
2024,마라4388,ho_yr_003,462
2024,마라4388,ho_yr_004,1612
2024,마라4388,ho_yr_005,629
2024,마라4388,ho_yr_006,265
2024,마라4388,ho_yr_007,532
2024,마라4388,ho_yr_008,751
2024,마라4388,ho_yr_009,619
2024,마라4388,ho_yr_010,265
2024,마라4388,ho_yr_011,400
2024,마라4388,ho_yr_012,1219
2024,마라4388,ho_yr_013,302
2024,마라4388,ho_yr_014,561
2024,마라4388,ho_yr_015,957
2024,마라4388,ho_yr_016,65
2024,마라4388,ho_yr_017,12
2024,마라4388,ho_yr_018,117
2024,마라4388,ho_yr_019,1925
2024,마라4388,to_ho_001,12834
2024,마라4389,ho_ar_001,99
2024,마라4389,ho_ar_002,159
2024,마라4389,ho_ar_003,1137
2024,마라4389,ho_ar_004,2349
2024,마라4389,ho_ar_005,44
2024,마라4389,ho_ar_006,596
2024,마라4389,ho_ar_007,357
2024,마라4389,ho_ar_008,88
2024,마라4389,ho_ar_009,8
2024,마라4389,ho_gb_001,215
2024,마라4389,ho_gb_002,405
2024,마라4389,ho_gb_003,4103
2024,마라4389,ho_gb_004,65
2024,마라4389,ho_gb_005,49
2024,마라4389,ho_gb_006,770
2024,마라4389,ho_yr_001,727
2024,마라4389,ho_yr_002,505
2024,마라4389,ho_yr_003,234
2024,마라4389,ho_yr_004,1079
2024,마라4389,ho_yr_005,598
2024,마라4389,ho_yr_006,423
2024,마라4389,ho_yr_007,13
2024,마라4389,ho_yr_008,30
2024,마라4389,ho_yr_010,24
2024,마라4389,ho_yr_011,48
2024,마라4389,ho_yr_012,31
2024,마라4389,ho_yr_013,51
2024,마라4389,ho_yr_014,826
2024,마라4389,ho_yr_015,5
2024,마라4389,ho_yr_016,16
2024,마라4389,ho_yr_019,0
2024,마라4389,ho_yr_020,221
2024,마라4389,to_ho_001,4832
2024,마라4390,ho_ar_001,285
2024,마라4390,ho_ar_002,314
2024,마라4390,ho_ar_003,1420
2024,마라4390,ho_ar_004,2811
2024,마라4390,ho_ar_005,150
2024,마라4390,ho_ar_006,733
2024,마라4390,ho_ar_007,598
2024,마라4390,ho_ar_008,171
2024,마라4390,ho_ar_009,48
2024,마라4390,ho_gb_001,1018
2024,마라4390,ho_gb_002,1286
2024,마라4390,ho_gb_003,3862
2024,마라4390,ho_gb_004,244
2024,마라4390,ho_gb_005,115
2024,마라4390,ho_gb_006,431
2024,마라4390,ho_yr_001,1176
2024,마라4390,ho_yr_002,1957
2024,마라4390,ho_yr_003,1341
2024,마라4390,ho_yr_004,837
2024,마라4390,ho_yr_005,561
2024,마라4390,ho_yr_006,5
2024,마라4390,ho_yr_007,92
2024,마라4390,ho_yr_008,79
2024,마라4390,ho_yr_009,39
2024,마라4390,ho_yr_010,60
2024,마라4390,ho_yr_011,44
2024,마라4390,ho_yr_012,47
2024,마라4390,ho_yr_013,13
2024,마라4390,ho_yr_014,21
2024,마라4390,ho_yr_015,29
2024,마라4390,ho_yr_016,80
2024,마라4390,ho_yr_017,56
2024,마라4390,ho_yr_018,97
2024,마라4390,ho_yr_019,5
2024,마라4390,ho_yr_020,0
2024,마라4390,to_ho_001,6528
2024,마라4391,ho_ar_001,542
2024,마라4391,ho_ar_002,358
2024,마라4391,ho_ar_003,942
2024,마라4391,ho_ar_004,3567
2024,마라4391,ho_ar_005,94
2024,마라4391,ho_ar_006,432
2024,마라4391,ho_ar_007,1023
2024,마라4391,ho_ar_008,243
2024,마라4391,ho_ar_009,44
2024,마라4391,ho_gb_001,1123
2024,마라4391,ho_gb_002,736
2024,마라4391,ho_gb_003,5229
2024,마라4391,ho_gb_004,64
2024,마라4391,ho_gb_005,92
2024,마라4391,ho_gb_006,454
2024,마라4391,ho_yr_001,712
2024,마라4391,ho_yr_002,2030
2024,마라4391,ho_yr_003,307
2024,마라4391,ho_yr_004,512
2024,마라4391,ho_yr_005,761
2024,마라4391,ho_yr_006,71
2024,마라4391,ho_yr_007,179
2024,마라4391,ho_yr_008,151
2024,마라4391,ho_yr_009,138
2024,마라4391,ho_yr_010,84
2024,마라4391,ho_yr_011,132
2024,마라4391,ho_yr_012,35
2024,마라4391,ho_yr_013,44
2024,마라4391,ho_yr_014,204
2024,마라4391,ho_yr_015,670
2024,마라4391,ho_yr_016,225
2024,마라4391,ho_yr_017,5
2024,마라4391,ho_yr_018,990
2024,마라4391,ho_yr_020,5
2024,마라4391,to_ho_001,7246
2024,마라4392,ho_ar_001,360
2024,마라4392,ho_ar_002,518
2024,마라4392,ho_ar_003,1773
2024,마라4392,ho_ar_004,3890
2024,마라4392,ho_ar_005,99
2024,마라4392,ho_ar_006,506
2024,마라4392,ho_ar_007,216
2024,마라4392,ho_ar_008,65
2024,마라4392,ho_ar_009,50
2024,마라4392,ho_gb_001,1105
2024,마라4392,ho_gb_002,343
2024,마라4392,ho_gb_003,5785
2024,마라4392,ho_gb_004,194
2024,마라4392,ho_gb_005,49
2024,마라4392,ho_gb_006,2309
2024,마라4392,ho_yr_001,355
2024,마라4392,ho_yr_002,179
2024,마라4392,ho_yr_003,720
2024,마라4392,ho_yr_004,735
2024,마라4392,ho_yr_005,445
2024,마라4392,ho_yr_006,5
2024,마라4392,ho_yr_007,129
2024,마라4392,ho_yr_008,93
2024,마라4392,ho_yr_009,303
2024,마라4392,ho_yr_010,156
2024,마라4392,ho_yr_011,237
2024,마라4392,ho_yr_012,253
2024,마라4392,ho_yr_013,191
2024,마라4392,ho_yr_014,326
2024,마라4392,ho_yr_015,241
2024,마라4392,ho_yr_016,39
2024,마라4392,ho_yr_017,965
2024,마라4392,ho_yr_018,616
2024,마라4392,ho_yr_019,837
2024,마라4392,ho_yr_020,659
2024,마라4392,to_ho_001,7474
2024,마라4393,ho_ar_001,69
2024,마라4393,ho_ar_002,418
2024,마라4393,ho_ar_003,1068
2024,마라4393,ho_ar_004,1999
2024,마라4393,ho_ar_005,41
2024,마라4393,ho_ar_006,678
2024,마라4393,ho_ar_007,695
2024,마라4393,ho_ar_008,33
2024,마라4393,ho_ar_009,18
2024,마라4393,ho_gb_001,327
2024,마라4393,ho_gb_002,111
2024,마라4393,ho_gb_003,4407
2024,마라4393,ho_gb_004,156
2024,마라4393,ho_gb_005,18
2024,마라4393,ho_gb_006,191
2024,마라4393,ho_yr_001,48
2024,마라4393,ho_yr_002,44
2024,마라4393,ho_yr_003,1063
2024,마라4393,ho_yr_004,294
2024,마라4393,ho_yr_005,5
2024,마라4393,ho_yr_006,1240
2024,마라4393,ho_yr_007,8
2024,마라4393,ho_yr_008,1146
2024,마라4393,ho_yr_010,0
2024,마라4393,ho_yr_011,79
2024,마라4393,ho_yr_012,65
2024,마라4393,ho_yr_013,0
2024,마라4393,ho_yr_014,20
2024,마라4393,ho_yr_015,51
2024,마라4393,ho_yr_016,10
2024,마라4393,ho_yr_017,6
2024,마라4393,ho_yr_019,5
2024,마라4393,ho_yr_020,947
2024,마라4393,to_ho_001,5017
2024,마라4394,ho_ar_001,741
2024,마라4394,ho_ar_002,163
2024,마라4394,ho_ar_003,96
2024,마라4394,ho_ar_004,305
2024,마라4394,ho_ar_005,8
2024,마라4394,ho_ar_006,105
2024,마라4394,ho_ar_007,150
2024,마라4394,ho_ar_008,41
2024,마라4394,ho_ar_009,39
2024,마라4394,ho_gb_001,992
2024,마라4394,ho_gb_002,111
2024,마라4394,ho_gb_003,525
2024,마라4394,ho_gb_004,15
2024,마라4394,ho_gb_005,5
2024,마라4394,ho_gb_006,30
2024,마라4394,ho_yr_001,8
2024,마라4394,ho_yr_002,46
2024,마라4394,ho_yr_003,128
2024,마라4394,ho_yr_004,134
2024,마라4394,ho_yr_005,206
2024,마라4394,ho_yr_006,317
2024,마라4394,ho_yr_007,89
2024,마라4394,ho_yr_008,186
2024,마라4394,ho_yr_009,236
2024,마라4394,ho_yr_010,0
2024,마라4394,ho_yr_011,142
2024,마라4394,ho_yr_012,27
2024,마라4394,ho_yr_013,37
2024,마라4394,ho_yr_014,62
2024,마라4394,ho_yr_017,19
2024,마라4394,ho_yr_019,16
2024,마라4394,to_ho_001,1644
2024,마라4395,ho_ar_009,0
2024,마라4395,ho_gb_005,0
2024,마라4395,ho_yr_009,5
2024,마라4395,to_ho_001,5
2024,마라4397,ho_gb_006,5
2024,마라4398,ho_ar_004,0
2024,마라4398,ho_gb_002,5
2024,마라4398,ho_gb_006,8
2024,마라4398,ho_yr_002,0
2024,마라4398,to_ho_001,0
2024,마라4399,ho_ar_001,5
2024,마라4399,ho_ar_002,5
2024,마라4399,ho_ar_003,5
2024,마라4399,ho_ar_004,5
2024,마라4399,ho_ar_005,5
2024,마라4399,ho_ar_006,5
2024,마라4399,ho_ar_007,8
2024,마라4399,ho_ar_008,5
2024,마라4399,ho_ar_009,0
2024,마라4399,ho_gb_002,24
2024,마라4399,ho_gb_005,5
2024,마라4399,ho_gb_006,5
2024,마라4399,ho_yr_001,8
2024,마라4399,ho_yr_002,8
2024,마라4399,ho_yr_003,8
2024,마라4399,ho_yr_004,5
2024,마라4399,ho_yr_005,0
2024,마라4399,ho_yr_010,5
2024,마라4399,ho_yr_011,5
2024,마라4399,ho_yr_012,0
2024,마라4399,ho_yr_014,8
2024,마라4399,ho_yr_018,0
2024,마라4399,to_ho_001,28
2024,마라4474,ho_gb_006,5
2024,마라4475,ho_ar_001,68
2024,마라4475,ho_ar_002,30
2024,마라4475,ho_ar_003,148
2024,마라4475,ho_ar_004,430
2024,마라4475,ho_ar_005,23
2024,마라4475,ho_ar_006,84
2024,마라4475,ho_ar_007,78
2024,마라4475,ho_ar_008,36
2024,마라4475,ho_ar_009,13
2024,마라4475,ho_gb_001,279
2024,마라4475,ho_gb_002,330
2024,마라4475,ho_gb_003,204
2024,마라4475,ho_gb_004,84
2024,마라4475,ho_gb_005,8
2024,마라4475,ho_gb_006,79
2024,마라4475,ho_yr_001,122
2024,마라4475,ho_yr_002,144
2024,마라4475,ho_yr_003,259
2024,마라4475,ho_yr_004,34
2024,마라4475,ho_yr_005,8
2024,마라4475,ho_yr_007,20
2024,마라4475,ho_yr_008,5
2024,마라4475,ho_yr_009,67
2024,마라4475,ho_yr_011,29
2024,마라4475,ho_yr_012,5
2024,마라4475,ho_yr_013,5
2024,마라4475,ho_yr_014,7
2024,마라4475,ho_yr_015,5
2024,마라4475,ho_yr_017,5
2024,마라4475,ho_yr_018,204
2024,마라4475,ho_yr_019,0
2024,마라4475,to_ho_001,907
2024,마라4476,ho_ar_002,5
2024,마라4476,ho_ar_003,5
2024,마라4476,ho_ar_004,562
2024,마라4476,ho_ar_005,0
2024,마라4476,ho_ar_006,8
2024,마라4476,ho_ar_007,5
2024,마라4476,ho_ar_008,5
2024,마라4476,ho_ar_009,0
2024,마라4476,ho_gb_002,22
2024,마라4476,ho_gb_003,562
2024,마라4476,ho_gb_005,0
2024,마라4476,ho_gb_006,5
2024,마라4476,ho_yr_001,16
2024,마라4476,ho_yr_002,6
2024,마라4476,ho_yr_003,5
2024,마라4476,ho_yr_005,5
2024,마라4476,ho_yr_018,562
2024,마라4476,to_ho_001,587
2024,마라4480,ho_ar_001,0
2024,마라4480,ho_ar_002,5
2024,마라4480,ho_ar_003,948
2024,마라4480,ho_ar_004,491
2024,마라4480,ho_ar_005,8
2024,마라4480,ho_ar_006,13
2024,마라4480,ho_ar_007,13
2024,마라4480,ho_ar_008,5
2024,마라4480,ho_ar_009,0
2024,마라4480,ho_gb_001,8
2024,마라4480,ho_gb_002,48
2024,마라4480,ho_gb_003,1422
2024,마라4480,ho_gb_005,5
2024,마라4480,ho_gb_006,199
2024,마라4480,ho_yr_001,48
2024,마라4480,ho_yr_002,59
2024,마라4480,ho_yr_003,1372
2024,마라4480,ho_yr_004,5
2024,마라4480,ho_yr_013,0
2024,마라4480,to_ho_001,1478
2024,마라4481,ho_ar_001,26
2024,마라4481,ho_ar_002,424
2024,마라4481,ho_ar_003,1724
2024,마라4481,ho_ar_004,1433
2024,마라4481,ho_ar_005,95
2024,마라4481,ho_ar_006,298
2024,마라4481,ho_ar_007,94
2024,마라4481,ho_ar_008,40
2024,마라4481,ho_ar_009,23
2024,마라4481,ho_gb_001,387
2024,마라4481,ho_gb_002,611
2024,마라4481,ho_gb_003,2932
2024,마라4481,ho_gb_004,211
2024,마라4481,ho_gb_005,23
2024,마라4481,ho_gb_006,13
2024,마라4481,ho_yr_001,238
2024,마라4481,ho_yr_002,508
2024,마라4481,ho_yr_003,1560
2024,마라4481,ho_yr_004,240
2024,마라4481,ho_yr_005,530
2024,마라4481,ho_yr_008,250
2024,마라4481,ho_yr_009,0
2024,마라4481,ho_yr_010,34
2024,마라4481,ho_yr_011,24
2024,마라4481,ho_yr_012,196
2024,마라4481,ho_yr_014,356
2024,마라4481,ho_yr_019,220
2024,마라4481,to_ho_001,4159
2024,마라4482,ho_ar_001,26
2024,마라4482,ho_ar_002,347
2024,마라4482,ho_ar_003,1421
2024,마라4482,ho_ar_004,4038
2024,마라4482,ho_ar_005,192
2024,마라4482,ho_ar_006,350
2024,마라4482,ho_ar_007,289
2024,마라4482,ho_ar_008,118
2024,마라4482,ho_ar_009,54
2024,마라4482,ho_gb_001,685
2024,마라4482,ho_gb_002,1416
2024,마라4482,ho_gb_003,4656
2024,마라4482,ho_gb_004,35
2024,마라4482,ho_gb_005,48
2024,마라4482,ho_gb_006,40
2024,마라4482,ho_yr_001,655
2024,마라4482,ho_yr_002,777
2024,마라4482,ho_yr_003,2238
2024,마라4482,ho_yr_004,818
2024,마라4482,ho_yr_005,71
2024,마라4482,ho_yr_006,5
2024,마라4482,ho_yr_007,21
2024,마라4482,ho_yr_008,15
2024,마라4482,ho_yr_009,21
2024,마라4482,ho_yr_011,0
2024,마라4482,ho_yr_012,5
2024,마라4482,ho_yr_014,1041
2024,마라4482,ho_yr_015,8
2024,마라4482,ho_yr_017,11
2024,마라4482,ho_yr_018,112
2024,마라4482,ho_yr_020,1050
2024,마라4482,to_ho_001,6836
2024,마라4483,ho_ar_001,1058
2024,마라4483,ho_ar_002,766
2024,마라4483,ho_ar_003,833
2024,마라4483,ho_ar_004,3502
2024,마라4483,ho_ar_005,124
2024,마라4483,ho_ar_006,1118
2024,마라4483,ho_ar_007,336
2024,마라4483,ho_ar_008,122
2024,마라4483,ho_ar_009,79
2024,마라4483,ho_gb_001,2658
2024,마라4483,ho_gb_002,904
2024,마라4483,ho_gb_003,4047
2024,마라4483,ho_gb_004,218
2024,마라4483,ho_gb_005,109
2024,마라4483,ho_gb_006,737
2024,마라4483,ho_yr_001,666
2024,마라4483,ho_yr_002,306
2024,마라4483,ho_yr_003,739
2024,마라4483,ho_yr_004,865
2024,마라4483,ho_yr_005,754
2024,마라4483,ho_yr_006,166
2024,마라4483,ho_yr_007,280
2024,마라4483,ho_yr_008,316
2024,마라4483,ho_yr_009,260
2024,마라4483,ho_yr_010,131
2024,마라4483,ho_yr_011,113
2024,마라4483,ho_yr_012,162
2024,마라4483,ho_yr_013,122
2024,마라4483,ho_yr_014,2116
2024,마라4483,ho_yr_015,195
2024,마라4483,ho_yr_016,200
2024,마라4483,ho_yr_017,80
2024,마라4483,ho_yr_018,35
2024,마라4483,ho_yr_019,26
2024,마라4483,ho_yr_020,427
2024,마라4483,to_ho_001,7935
2024,마라4484,ho_ar_001,61
2024,마라4484,ho_ar_002,142
2024,마라4484,ho_ar_003,259
2024,마라4484,ho_ar_004,433
2024,마라4484,ho_ar_005,23
2024,마라4484,ho_ar_006,126
2024,마라4484,ho_ar_007,64
2024,마라4484,ho_ar_008,29
2024,마라4484,ho_ar_009,5
2024,마라4484,ho_gb_001,326
2024,마라4484,ho_gb_002,332
2024,마라4484,ho_gb_003,431
2024,마라4484,ho_gb_004,44
2024,마라4484,ho_gb_005,5
2024,마라4484,ho_gb_006,53
2024,마라4484,ho_yr_001,201
2024,마라4484,ho_yr_002,130
2024,마라4484,ho_yr_003,363
2024,마라4484,ho_yr_004,88
2024,마라4484,ho_yr_005,114
2024,마라4484,ho_yr_007,45
2024,마라4484,ho_yr_008,35
2024,마라4484,ho_yr_009,13
2024,마라4484,ho_yr_010,25
2024,마라4484,ho_yr_011,27
2024,마라4484,ho_yr_012,11
2024,마라4484,ho_yr_013,18
2024,마라4484,ho_yr_016,12
2024,마라4484,ho_yr_017,12
2024,마라4484,ho_yr_018,35
2024,마라4484,ho_yr_019,19
2024,마라4484,to_ho_001,1140
2024,마라4485,ho_ar_002,0
2024,마라4485,ho_ar_003,1096
2024,마라4485,ho_ar_004,1045
2024,마라4485,ho_ar_005,5
2024,마라4485,ho_ar_006,5
2024,마라4485,ho_ar_007,467
2024,마라4485,ho_ar_008,95
2024,마라4485,ho_ar_009,5
2024,마라4485,ho_gb_001,25
2024,마라4485,ho_gb_002,8
2024,마라4485,ho_gb_003,2670
2024,마라4485,ho_gb_005,8
2024,마라4485,ho_gb_006,8
2024,마라4485,ho_yr_001,5
2024,마라4485,ho_yr_002,0
2024,마라4485,ho_yr_003,654
2024,마라4485,ho_yr_004,1823
2024,마라4485,ho_yr_005,214
2024,마라4485,ho_yr_009,0
2024,마라4485,ho_yr_011,0
2024,마라4485,ho_yr_012,11
2024,마라4485,ho_yr_013,5
2024,마라4485,ho_yr_015,6
2024,마라4485,to_ho_001,2708
2024,마라4486,ho_ar_001,8
2024,마라4486,ho_ar_002,67
2024,마라4486,ho_ar_003,97
2024,마라4486,ho_ar_004,77
2024,마라4486,ho_ar_005,8
2024,마라4486,ho_ar_006,5
2024,마라4486,ho_ar_007,5
2024,마라4486,ho_ar_008,5
2024,마라4486,ho_gb_002,272
2024,마라4486,ho_gb_006,0
2024,마라4486,ho_yr_001,82
2024,마라4486,ho_yr_002,116
2024,마라4486,ho_yr_003,58
2024,마라4486,ho_yr_004,8
2024,마라4486,ho_yr_005,5
2024,마라4486,ho_yr_006,0
2024,마라4486,ho_yr_011,0
2024,마라4486,ho_yr_012,5
2024,마라4486,ho_yr_014,0
2024,마라4486,to_ho_001,270
2024,마라4487,ho_ar_001,74
2024,마라4487,ho_ar_002,396
2024,마라4487,ho_ar_003,1679
2024,마라4487,ho_ar_004,4258
2024,마라4487,ho_ar_005,291
2024,마라4487,ho_ar_006,334
2024,마라4487,ho_ar_007,194
2024,마라4487,ho_ar_008,120
2024,마라4487,ho_ar_009,56
2024,마라4487,ho_gb_001,874
2024,마라4487,ho_gb_002,1184
2024,마라4487,ho_gb_003,5229
2024,마라4487,ho_gb_004,58
2024,마라4487,ho_gb_005,53
2024,마라4487,ho_gb_006,132
2024,마라4487,ho_yr_001,715
2024,마라4487,ho_yr_002,606
2024,마라4487,ho_yr_003,1010
2024,마라4487,ho_yr_004,263
2024,마라4487,ho_yr_005,456
2024,마라4487,ho_yr_006,13
2024,마라4487,ho_yr_007,21
2024,마라4487,ho_yr_008,37
2024,마라4487,ho_yr_009,469
2024,마라4487,ho_yr_010,17
2024,마라4487,ho_yr_011,64
2024,마라4487,ho_yr_012,27
2024,마라4487,ho_yr_013,217
2024,마라4487,ho_yr_014,171
2024,마라4487,ho_yr_015,1071
2024,마라4487,ho_yr_016,581
2024,마라4487,ho_yr_017,1643
2024,마라4487,ho_yr_018,18
2024,마라4487,to_ho_001,7399
2024,마라4488,ho_ar_001,484
2024,마라4488,ho_ar_002,562
2024,마라4488,ho_ar_003,1316
2024,마라4488,ho_ar_004,3001
2024,마라4488,ho_ar_005,235
2024,마라4488,ho_ar_006,615
2024,마라4488,ho_ar_007,408
2024,마라4488,ho_ar_008,200
2024,마라4488,ho_ar_009,74
2024,마라4488,ho_gb_001,2033
2024,마라4488,ho_gb_002,1767
2024,마라4488,ho_gb_003,2960
2024,마라4488,ho_gb_004,57
2024,마라4488,ho_gb_005,78
2024,마라4488,ho_gb_006,450
2024,마라4488,ho_yr_001,990
2024,마라4488,ho_yr_002,460
2024,마라4488,ho_yr_003,1130
2024,마라4488,ho_yr_004,798
2024,마라4488,ho_yr_005,399
2024,마라4488,ho_yr_006,92
2024,마라4488,ho_yr_007,113
2024,마라4488,ho_yr_008,195
2024,마라4488,ho_yr_009,156
2024,마라4488,ho_yr_010,159
2024,마라4488,ho_yr_011,127
2024,마라4488,ho_yr_012,72
2024,마라4488,ho_yr_013,218
2024,마라4488,ho_yr_014,1278
2024,마라4488,ho_yr_015,94
2024,마라4488,ho_yr_016,87
2024,마라4488,ho_yr_017,118
2024,마라4488,ho_yr_018,80
2024,마라4488,ho_yr_020,338
2024,마라4488,to_ho_001,6894
2024,마라4489,ho_ar_001,183
2024,마라4489,ho_ar_002,334
2024,마라4489,ho_ar_003,1109
2024,마라4489,ho_ar_004,5560
2024,마라4489,ho_ar_005,72
2024,마라4489,ho_ar_006,1257
2024,마라4489,ho_ar_007,944
2024,마라4489,ho_ar_008,286
2024,마라4489,ho_ar_009,18
2024,마라4489,ho_gb_001,621
2024,마라4489,ho_gb_002,610
2024,마라4489,ho_gb_003,8364
2024,마라4489,ho_gb_004,84
2024,마라4489,ho_gb_005,86
2024,마라4489,ho_gb_006,1563
2024,마라4489,ho_yr_001,390
2024,마라4489,ho_yr_002,949
2024,마라4489,ho_yr_003,2017
2024,마라4489,ho_yr_004,720
2024,마라4489,ho_yr_005,1884
2024,마라4489,ho_yr_006,1537
2024,마라4489,ho_yr_007,6
2024,마라4489,ho_yr_008,45
2024,마라4489,ho_yr_009,148
2024,마라4489,ho_yr_010,102
2024,마라4489,ho_yr_011,86
2024,마라4489,ho_yr_012,65
2024,마라4489,ho_yr_013,643
2024,마라4489,ho_yr_014,124
2024,마라4489,ho_yr_015,346
2024,마라4489,ho_yr_016,191
2024,마라4489,ho_yr_017,491
2024,마라4489,ho_yr_018,10
2024,마라4489,ho_yr_019,21
2024,마라4489,ho_yr_020,0
2024,마라4489,to_ho_001,9767
2024,마라4490,ho_ar_001,120
2024,마라4490,ho_ar_002,332
2024,마라4490,ho_ar_003,1513
2024,마라4490,ho_ar_004,4492
2024,마라4490,ho_ar_005,287
2024,마라4490,ho_ar_006,499
2024,마라4490,ho_ar_007,262
2024,마라4490,ho_ar_008,78
2024,마라4490,ho_ar_009,28
2024,마라4490,ho_gb_001,507
2024,마라4490,ho_gb_002,830
2024,마라4490,ho_gb_003,5933
2024,마라4490,ho_gb_004,232
2024,마라4490,ho_gb_005,103
2024,마라4490,ho_gb_006,549
2024,마라4490,ho_yr_001,1352
2024,마라4490,ho_yr_002,1998
2024,마라4490,ho_yr_003,574
2024,마라4490,ho_yr_004,723
2024,마라4490,ho_yr_005,1091
2024,마라4490,ho_yr_006,17
2024,마라4490,ho_yr_007,122
2024,마라4490,ho_yr_008,131
2024,마라4490,ho_yr_009,43
2024,마라4490,ho_yr_010,154
2024,마라4490,ho_yr_011,81
2024,마라4490,ho_yr_012,30
2024,마라4490,ho_yr_013,116
2024,마라4490,ho_yr_014,57
2024,마라4490,ho_yr_015,703
2024,마라4490,ho_yr_016,42
2024,마라4490,ho_yr_017,80
2024,마라4490,ho_yr_018,11
2024,마라4490,ho_yr_020,292
2024,마라4490,to_ho_001,7607
2024,마라4491,ho_ar_001,47
2024,마라4491,ho_ar_002,212
2024,마라4491,ho_ar_003,308
2024,마라4491,ho_ar_004,2157
2024,마라4491,ho_ar_005,64
2024,마라4491,ho_ar_006,680
2024,마라4491,ho_ar_007,890
2024,마라4491,ho_ar_008,263
2024,마라4491,ho_ar_009,56
2024,마라4491,ho_gb_001,196
2024,마라4491,ho_gb_002,712
2024,마라4491,ho_gb_003,3708
2024,마라4491,ho_gb_004,13
2024,마라4491,ho_gb_005,56
2024,마라4491,ho_gb_006,141
2024,마라4491,ho_yr_001,401
2024,마라4491,ho_yr_002,930
2024,마라4491,ho_yr_003,591
2024,마라4491,ho_yr_004,226
2024,마라4491,ho_yr_005,17
2024,마라4491,ho_yr_006,658
2024,마라4491,ho_yr_007,389
2024,마라4491,ho_yr_008,5
2024,마라4491,ho_yr_009,1411
2024,마라4491,ho_yr_011,0
2024,마라4491,ho_yr_012,13
2024,마라4491,ho_yr_015,39
2024,마라4491,ho_yr_018,5
2024,마라4491,to_ho_001,4681
2024,마라4492,ho_ar_001,186
2024,마라4492,ho_ar_002,902
2024,마라4492,ho_ar_003,1569
2024,마라4492,ho_ar_004,4260
2024,마라4492,ho_ar_005,113
2024,마라4492,ho_ar_006,1146
2024,마라4492,ho_ar_007,358
2024,마라4492,ho_ar_008,120
2024,마라4492,ho_ar_009,33
2024,마라4492,ho_gb_001,541
2024,마라4492,ho_gb_002,667
2024,마라4492,ho_gb_003,7185
2024,마라4492,ho_gb_004,255
2024,마라4492,ho_gb_005,38
2024,마라4492,ho_gb_006,1690
2024,마라4492,ho_yr_001,528
2024,마라4492,ho_yr_002,1156
2024,마라4492,ho_yr_003,692
2024,마라4492,ho_yr_004,755
2024,마라4492,ho_yr_005,1736
2024,마라4492,ho_yr_006,0
2024,마라4492,ho_yr_007,27
2024,마라4492,ho_yr_008,14
2024,마라4492,ho_yr_009,98
2024,마라4492,ho_yr_010,127
2024,마라4492,ho_yr_011,2042
2024,마라4492,ho_yr_012,27
2024,마라4492,ho_yr_013,22
2024,마라4492,ho_yr_014,775
2024,마라4492,ho_yr_015,438
2024,마라4492,ho_yr_017,0
2024,마라4492,ho_yr_018,259
2024,마라4492,to_ho_001,8684
2024,마라4493,ho_ar_001,416
2024,마라4493,ho_ar_002,579
2024,마라4493,ho_ar_003,1775
2024,마라4493,ho_ar_004,4176
2024,마라4493,ho_ar_005,103
2024,마라4493,ho_ar_006,685
2024,마라4493,ho_ar_007,533
2024,마라4493,ho_ar_008,145
2024,마라4493,ho_ar_009,58
2024,마라4493,ho_gb_001,1011
2024,마라4493,ho_gb_002,1032
2024,마라4493,ho_gb_003,6100
2024,마라4493,ho_gb_004,201
2024,마라4493,ho_gb_005,125
2024,마라4493,ho_gb_006,1479
2024,마라4493,ho_yr_001,869
2024,마라4493,ho_yr_002,567
2024,마라4493,ho_yr_003,598
2024,마라4493,ho_yr_004,695
2024,마라4493,ho_yr_005,619
2024,마라4493,ho_yr_006,8
2024,마라4493,ho_yr_007,118
2024,마라4493,ho_yr_008,562
2024,마라4493,ho_yr_009,227
2024,마라4493,ho_yr_010,273
2024,마라4493,ho_yr_011,173
2024,마라4493,ho_yr_012,68
2024,마라4493,ho_yr_013,2136
2024,마라4493,ho_yr_014,405
2024,마라4493,ho_yr_015,312
2024,마라4493,ho_yr_016,33
2024,마라4493,ho_yr_017,609
2024,마라4493,ho_yr_018,31
2024,마라4493,ho_yr_019,190
2024,마라4493,to_ho_001,8469
2024,마라4494,ho_ar_001,2494
2024,마라4494,ho_ar_002,910
2024,마라4494,ho_ar_003,1601
2024,마라4494,ho_ar_004,2279
2024,마라4494,ho_ar_005,103
2024,마라4494,ho_ar_006,839
2024,마라4494,ho_ar_007,1081
2024,마라4494,ho_ar_008,348
2024,마라4494,ho_ar_009,292
2024,마라4494,ho_gb_001,3873
2024,마라4494,ho_gb_002,1157
2024,마라4494,ho_gb_003,4617
2024,마라4494,ho_gb_004,170
2024,마라4494,ho_gb_005,135
2024,마라4494,ho_gb_006,472
2024,마라4494,ho_yr_001,406
2024,마라4494,ho_yr_002,550
2024,마라4494,ho_yr_003,3925
2024,마라4494,ho_yr_004,1878
2024,마라4494,ho_yr_005,359
2024,마라4494,ho_yr_006,40
2024,마라4494,ho_yr_007,343
2024,마라4494,ho_yr_008,794
2024,마라4494,ho_yr_009,724
2024,마라4494,ho_yr_010,205
2024,마라4494,ho_yr_011,315
2024,마라4494,ho_yr_012,97
2024,마라4494,ho_yr_013,81
2024,마라4494,ho_yr_014,76
2024,마라4494,ho_yr_015,13
2024,마라4494,ho_yr_016,70
2024,마라4494,ho_yr_017,54
2024,마라4494,ho_yr_018,15
2024,마라4494,ho_yr_019,25
2024,마라4494,to_ho_001,9950
2024,마라4495,ho_ar_001,98
2024,마라4495,ho_ar_002,371
2024,마라4495,ho_ar_003,1852
2024,마라4495,ho_ar_004,5041
2024,마라4495,ho_ar_005,137
2024,마라4495,ho_ar_006,583
2024,마라4495,ho_ar_007,1112
2024,마라4495,ho_ar_008,80
2024,마라4495,ho_ar_009,43
2024,마라4495,ho_gb_001,861
2024,마라4495,ho_gb_002,540
2024,마라4495,ho_gb_003,7605
2024,마라4495,ho_gb_004,221
2024,마라4495,ho_gb_005,86
2024,마라4495,ho_gb_006,526
2024,마라4495,ho_yr_001,200
2024,마라4495,ho_yr_002,919
2024,마라4495,ho_yr_003,1534
2024,마라4495,ho_yr_004,1483
2024,마라4495,ho_yr_005,232
2024,마라4495,ho_yr_006,1119
2024,마라4495,ho_yr_007,15
2024,마라4495,ho_yr_008,581
2024,마라4495,ho_yr_009,218
2024,마라4495,ho_yr_010,674
2024,마라4495,ho_yr_011,17
2024,마라4495,ho_yr_012,692
2024,마라4495,ho_yr_013,712
2024,마라4495,ho_yr_014,199
2024,마라4495,ho_yr_015,247
2024,마라4495,ho_yr_016,316
2024,마라4495,ho_yr_017,24
2024,마라4495,ho_yr_018,78
2024,마라4495,ho_yr_019,73
2024,마라4495,to_ho_001,9310
2024,마라4496,ho_ar_001,29
2024,마라4496,ho_ar_002,90
2024,마라4496,ho_ar_003,1377
2024,마라4496,ho_ar_004,4787
2024,마라4496,ho_ar_005,142
2024,마라4496,ho_ar_006,1619
2024,마라4496,ho_ar_007,702
2024,마라4496,ho_ar_008,573
2024,마라4496,ho_ar_009,18
2024,마라4496,ho_gb_001,316
2024,마라4496,ho_gb_002,421
2024,마라4496,ho_gb_003,8381
2024,마라4496,ho_gb_004,155
2024,마라4496,ho_gb_005,63
2024,마라4496,ho_gb_006,318
2024,마라4496,ho_yr_001,33
2024,마라4496,ho_yr_002,1532
2024,마라4496,ho_yr_003,2696
2024,마라4496,ho_yr_004,547
2024,마라4496,ho_yr_005,3592
2024,마라4496,ho_yr_006,5
2024,마라4496,ho_yr_007,20
2024,마라4496,ho_yr_008,19
2024,마라4496,ho_yr_009,317
2024,마라4496,ho_yr_010,26
2024,마라4496,ho_yr_011,0
2024,마라4496,ho_yr_012,42
2024,마라4496,ho_yr_013,57
2024,마라4496,ho_yr_014,211
2024,마라4496,ho_yr_015,75
2024,마라4496,ho_yr_016,57
2024,마라4496,ho_yr_018,103
2024,마라4496,ho_yr_019,7
2024,마라4496,to_ho_001,9337
2024,마라4497,ho_ar_001,818
2024,마라4497,ho_ar_002,370
2024,마라4497,ho_ar_003,1195
2024,마라4497,ho_ar_004,2852
2024,마라4497,ho_ar_005,174
2024,마라4497,ho_ar_006,545
2024,마라4497,ho_ar_007,657
2024,마라4497,ho_ar_008,385
2024,마라4497,ho_ar_009,129
2024,마라4497,ho_gb_001,2057
2024,마라4497,ho_gb_002,971
2024,마라4497,ho_gb_003,3650
2024,마라4497,ho_gb_004,307
2024,마라4497,ho_gb_005,133
2024,마라4497,ho_gb_006,558
2024,마라4497,ho_yr_001,62
2024,마라4497,ho_yr_002,1655
2024,마라4497,ho_yr_003,2526
2024,마라4497,ho_yr_004,1021
2024,마라4497,ho_yr_005,216
2024,마라4497,ho_yr_006,5
2024,마라4497,ho_yr_007,32
2024,마라4497,ho_yr_008,83
2024,마라4497,ho_yr_009,136
2024,마라4497,ho_yr_010,464
2024,마라4497,ho_yr_011,387
2024,마라4497,ho_yr_012,129
2024,마라4497,ho_yr_013,43
2024,마라4497,ho_yr_014,46
2024,마라4497,ho_yr_015,40
2024,마라4497,ho_yr_016,38
2024,마라4497,ho_yr_017,12
2024,마라4497,ho_yr_018,175
2024,마라4497,ho_yr_019,51
2024,마라4497,to_ho_001,7121
2024,마라4498,ho_ar_001,287
2024,마라4498,ho_ar_002,323
2024,마라4498,ho_ar_003,1232
2024,마라4498,ho_ar_004,3302
2024,마라4498,ho_ar_005,124
2024,마라4498,ho_ar_006,347
2024,마라4498,ho_ar_007,569
2024,마라4498,ho_ar_008,345
2024,마라4498,ho_ar_009,156
2024,마라4498,ho_gb_001,2012
2024,마라4498,ho_gb_002,1227
2024,마라4498,ho_gb_003,2977
2024,마라4498,ho_gb_004,354
2024,마라4498,ho_gb_005,110
2024,마라4498,ho_gb_006,389
2024,마라4498,ho_yr_001,184
2024,마라4498,ho_yr_002,1043
2024,마라4498,ho_yr_003,2406
2024,마라4498,ho_yr_004,1030
2024,마라4498,ho_yr_005,46
2024,마라4498,ho_yr_006,26
2024,마라4498,ho_yr_007,64
2024,마라4498,ho_yr_008,75
2024,마라4498,ho_yr_009,448
2024,마라4498,ho_yr_010,326
2024,마라4498,ho_yr_011,273
2024,마라4498,ho_yr_012,87
2024,마라4498,ho_yr_013,262
2024,마라4498,ho_yr_014,113
2024,마라4498,ho_yr_015,38
2024,마라4498,ho_yr_016,78
2024,마라4498,ho_yr_017,12
2024,마라4498,ho_yr_018,175
2024,마라4498,ho_yr_019,13
2024,마라4498,to_ho_001,6682
2024,마라4499,ho_ar_001,13
2024,마라4499,ho_ar_002,23
2024,마라4499,ho_ar_003,282
2024,마라4499,ho_ar_004,671
2024,마라4499,ho_ar_005,28
2024,마라4499,ho_ar_006,140
2024,마라4499,ho_ar_007,273
2024,마라4499,ho_ar_008,128
2024,마라4499,ho_ar_009,13
2024,마라4499,ho_gb_001,337
2024,마라4499,ho_gb_002,174
2024,마라4499,ho_gb_003,990
2024,마라4499,ho_gb_004,63
2024,마라4499,ho_gb_005,8
2024,마라4499,ho_gb_006,33
2024,마라4499,ho_yr_001,39
2024,마라4499,ho_yr_002,132
2024,마라4499,ho_yr_003,862
2024,마라4499,ho_yr_004,264
2024,마라4499,ho_yr_005,218
2024,마라4499,ho_yr_006,0
2024,마라4499,ho_yr_007,29
2024,마라4499,ho_yr_008,14
2024,마라4499,ho_yr_009,0
2024,마라4499,ho_yr_010,5
2024,마라4499,ho_yr_011,5
2024,마라4499,ho_yr_012,5
2024,마라4499,ho_yr_013,15
2024,마라4499,ho_yr_014,5
2024,마라4499,ho_yr_018,5
2024,마라4499,ho_yr_019,5
2024,마라4499,to_ho_001,1577
2024,마라4580,ho_ar_001,5
2024,마라4580,ho_ar_002,8
2024,마라4580,ho_ar_003,13
2024,마라4580,ho_ar_004,19
2024,마라4580,ho_ar_005,5
2024,마라4580,ho_ar_006,11
2024,마라4580,ho_ar_007,12
2024,마라4580,ho_ar_008,13
2024,마라4580,ho_ar_009,8
2024,마라4580,ho_gb_001,8
2024,마라4580,ho_gb_002,77
2024,마라4580,ho_gb_005,8
2024,마라4580,ho_gb_006,0
2024,마라4580,ho_yr_001,34
2024,마라4580,ho_yr_002,19
2024,마라4580,ho_yr_003,29
2024,마라4580,ho_yr_004,0
2024,마라4580,ho_yr_005,5
2024,마라4580,ho_yr_008,0
2024,마라4580,ho_yr_011,5
2024,마라4580,ho_yr_013,0
2024,마라4580,to_ho_001,92
2024,마라4581,ho_ar_001,43
2024,마라4581,ho_ar_002,34
2024,마라4581,ho_ar_003,409
2024,마라4581,ho_ar_004,767
2024,마라4581,ho_ar_005,63
2024,마라4581,ho_ar_006,93
2024,마라4581,ho_ar_007,23
2024,마라4581,ho_ar_008,23
2024,마라4581,ho_ar_009,13
2024,마라4581,ho_gb_001,216
2024,마라4581,ho_gb_002,154
2024,마라4581,ho_gb_003,1012
2024,마라4581,ho_gb_004,74
2024,마라4581,ho_gb_005,18
2024,마라4581,ho_gb_006,23
2024,마라4581,ho_yr_001,71
2024,마라4581,ho_yr_002,103
2024,마라4581,ho_yr_003,236
2024,마라4581,ho_yr_004,812
2024,마라4581,ho_yr_005,235
2024,마라4581,ho_yr_010,0
2024,마라4581,ho_yr_011,18
2024,마라4581,ho_yr_012,5
2024,마라4581,ho_yr_016,0
2024,마라4581,to_ho_001,1469
2024,마라4582,ho_ar_001,1347
2024,마라4582,ho_ar_002,477
2024,마라4582,ho_ar_003,547
2024,마라4582,ho_ar_004,1622
2024,마라4582,ho_ar_005,55
2024,마라4582,ho_ar_006,274
2024,마라4582,ho_ar_007,180
2024,마라4582,ho_ar_008,121
2024,마라4582,ho_ar_009,53
2024,마라4582,ho_gb_001,2439
2024,마라4582,ho_gb_002,423
2024,마라4582,ho_gb_003,1692
2024,마라4582,ho_gb_004,78
2024,마라4582,ho_gb_005,43
2024,마라4582,ho_gb_006,165
2024,마라4582,ho_yr_001,323
2024,마라4582,ho_yr_002,238
2024,마라4582,ho_yr_003,953
2024,마라4582,ho_yr_004,1189
2024,마라4582,ho_yr_005,641
2024,마라4582,ho_yr_006,102
2024,마라4582,ho_yr_007,258
2024,마라4582,ho_yr_008,241
2024,마라4582,ho_yr_009,152
2024,마라4582,ho_yr_010,8
2024,마라4582,ho_yr_011,5
2024,마라4582,ho_yr_012,19
2024,마라4582,ho_yr_013,25
2024,마라4582,ho_yr_014,61
2024,마라4582,ho_yr_015,227
2024,마라4582,ho_yr_016,23
2024,마라4582,ho_yr_017,22
2024,마라4582,ho_yr_018,69
2024,마라4582,ho_yr_019,75
2024,마라4582,ho_yr_020,48
2024,마라4582,to_ho_001,4676
2024,마라4583,ho_ar_001,3222
2024,마라4583,ho_ar_002,2162
2024,마라4583,ho_ar_003,1085
2024,마라4583,ho_ar_004,3047
2024,마라4583,ho_ar_005,119
2024,마라4583,ho_ar_006,597
2024,마라4583,ho_ar_007,201
2024,마라4583,ho_ar_008,84
2024,마라4583,ho_ar_009,70
2024,마라4583,ho_gb_001,4553
2024,마라4583,ho_gb_002,589
2024,마라4583,ho_gb_003,5103
2024,마라4583,ho_gb_004,252
2024,마라4583,ho_gb_005,100
2024,마라4583,ho_gb_006,2279
2024,마라4583,ho_yr_001,438
2024,마라4583,ho_yr_002,310
2024,마라4583,ho_yr_003,760
2024,마라4583,ho_yr_004,2669
2024,마라4583,ho_yr_005,1042
2024,마라4583,ho_yr_006,559
2024,마라4583,ho_yr_007,403
2024,마라4583,ho_yr_008,405
2024,마라4583,ho_yr_009,504
2024,마라4583,ho_yr_010,184
2024,마라4583,ho_yr_011,739
2024,마라4583,ho_yr_012,383
2024,마라4583,ho_yr_013,76
2024,마라4583,ho_yr_014,1119
2024,마라4583,ho_yr_015,348
2024,마라4583,ho_yr_016,337
2024,마라4583,ho_yr_017,31
2024,마라4583,ho_yr_018,132
2024,마라4583,ho_yr_019,113
2024,마라4583,ho_yr_020,56
2024,마라4583,to_ho_001,10593
2024,마라4584,ho_ar_002,115
2024,마라4584,ho_ar_003,400
2024,마라4584,ho_ar_004,1341
2024,마라4584,ho_ar_005,227
2024,마라4584,ho_ar_006,554
2024,마라4584,ho_ar_007,96
2024,마라4584,ho_ar_008,5
2024,마라4584,ho_ar_009,5
2024,마라4584,ho_gb_001,52
2024,마라4584,ho_gb_002,114
2024,마라4584,ho_gb_003,2537
2024,마라4584,ho_gb_004,24
2024,마라4584,ho_gb_005,8
2024,마라4584,ho_gb_006,8
2024,마라4584,ho_yr_001,87
2024,마라4584,ho_yr_002,23
2024,마라4584,ho_yr_003,292
2024,마라4584,ho_yr_004,9
2024,마라4584,ho_yr_005,28
2024,마라4584,ho_yr_007,5
2024,마라4584,ho_yr_009,1690
2024,마라4584,ho_yr_011,265
2024,마라4584,ho_yr_015,0
2024,마라4584,ho_yr_017,0
2024,마라4584,ho_yr_018,337
2024,마라4584,to_ho_001,2735
2024,마라4585,ho_ar_004,211
2024,마라4585,ho_gb_003,211
2024,마라4585,ho_yr_005,211
2024,마라4585,to_ho_001,211
2024,마라4586,ho_ar_004,5
2024,마라4586,ho_gb_002,5
2024,마라4586,ho_yr_001,0
2024,마라4586,to_ho_001,0
2024,마라4587,ho_ar_001,115
2024,마라4587,ho_ar_002,496
2024,마라4587,ho_ar_003,1502
2024,마라4587,ho_ar_004,3513
2024,마라4587,ho_ar_005,183
2024,마라4587,ho_ar_006,498
2024,마라4587,ho_ar_007,702
2024,마라4587,ho_ar_008,276
2024,마라4587,ho_ar_009,107
2024,마라4587,ho_gb_001,1585
2024,마라4587,ho_gb_002,1964
2024,마라4587,ho_gb_003,3429
2024,마라4587,ho_gb_004,324
2024,마라4587,ho_gb_005,95
2024,마라4587,ho_gb_006,229
2024,마라4587,ho_yr_001,1127
2024,마라4587,ho_yr_002,1178
2024,마라4587,ho_yr_003,2509
2024,마라4587,ho_yr_004,330
2024,마라4587,ho_yr_005,64
2024,마라4587,ho_yr_006,27
2024,마라4587,ho_yr_007,77
2024,마라4587,ho_yr_008,53
2024,마라4587,ho_yr_009,88
2024,마라4587,ho_yr_010,72
2024,마라4587,ho_yr_011,62
2024,마라4587,ho_yr_012,47
2024,마라4587,ho_yr_013,350
2024,마라4587,ho_yr_014,103
2024,마라4587,ho_yr_015,1095
2024,마라4587,ho_yr_016,122
2024,마라4587,ho_yr_017,65
2024,마라4587,ho_yr_018,21
2024,마라4587,ho_yr_019,14
2024,마라4587,to_ho_001,7395
2024,마라4588,ho_ar_001,7
2024,마라4588,ho_ar_002,103
2024,마라4588,ho_ar_003,1219
2024,마라4588,ho_ar_004,2180
2024,마라4588,ho_ar_005,23
2024,마라4588,ho_ar_006,301
2024,마라4588,ho_ar_007,114
2024,마라4588,ho_ar_008,125
2024,마라4588,ho_ar_009,13
2024,마라4588,ho_gb_001,373
2024,마라4588,ho_gb_002,175
2024,마라4588,ho_gb_003,3491
2024,마라4588,ho_gb_004,25
2024,마라4588,ho_gb_005,18
2024,마라4588,ho_gb_006,19
2024,마라4588,ho_yr_001,36
2024,마라4588,ho_yr_002,645
2024,마라4588,ho_yr_003,3035
2024,마라4588,ho_yr_004,87
2024,마라4588,ho_yr_005,5
2024,마라4588,ho_yr_007,5
2024,마라4588,ho_yr_008,22
2024,마라4588,ho_yr_009,8
2024,마라4588,ho_yr_010,0
2024,마라4588,ho_yr_011,10
2024,마라4588,ho_yr_012,0
2024,마라4588,ho_yr_013,34
2024,마라4588,ho_yr_014,5
2024,마라4588,ho_yr_015,192
2024,마라4588,ho_yr_016,0
2024,마라4588,ho_yr_018,0
2024,마라4588,to_ho_001,4083
2024,마라4589,ho_ar_001,46
2024,마라4589,ho_ar_002,259
2024,마라4589,ho_ar_003,2520
2024,마라4589,ho_ar_004,3587
2024,마라4589,ho_ar_005,149
2024,마라4589,ho_ar_006,1054
2024,마라4589,ho_ar_007,497
2024,마라4589,ho_ar_008,220
2024,마라4589,ho_ar_009,63
2024,마라4589,ho_gb_001,844
2024,마라4589,ho_gb_002,1370
2024,마라4589,ho_gb_003,5885
2024,마라4589,ho_gb_004,158
2024,마라4589,ho_gb_005,144
2024,마라4589,ho_gb_006,233
2024,마라4589,ho_yr_001,458
2024,마라4589,ho_yr_002,2180
2024,마라4589,ho_yr_003,2541
2024,마라4589,ho_yr_004,240
2024,마라4589,ho_yr_005,498
2024,마라4589,ho_yr_006,5
2024,마라4589,ho_yr_007,5
2024,마라4589,ho_yr_008,57
2024,마라4589,ho_yr_009,21
2024,마라4589,ho_yr_010,48
2024,마라4589,ho_yr_011,1778
2024,마라4589,ho_yr_012,79
2024,마라4589,ho_yr_013,208
2024,마라4589,ho_yr_014,98
2024,마라4589,ho_yr_015,63
2024,마라4589,ho_yr_016,31
2024,마라4589,ho_yr_017,87
2024,마라4589,ho_yr_018,28
2024,마라4589,ho_yr_019,0
2024,마라4589,ho_yr_020,5
2024,마라4589,to_ho_001,8396
2024,마라4590,ho_ar_001,405
2024,마라4590,ho_ar_002,383
2024,마라4590,ho_ar_003,1825
2024,마라4590,ho_ar_004,2325
2024,마라4590,ho_ar_005,154
2024,마라4590,ho_ar_006,577
2024,마라4590,ho_ar_007,715
2024,마라4590,ho_ar_008,272
2024,마라4590,ho_ar_009,48
2024,마라4590,ho_gb_001,1480
2024,마라4590,ho_gb_002,1270
2024,마라4590,ho_gb_003,3528
2024,마라4590,ho_gb_004,309
2024,마라4590,ho_gb_005,118
2024,마라4590,ho_gb_006,329
2024,마라4590,ho_yr_001,670
2024,마라4590,ho_yr_002,1026
2024,마라4590,ho_yr_003,2176
2024,마라4590,ho_yr_004,304
2024,마라4590,ho_yr_005,826
2024,마라4590,ho_yr_006,14
2024,마라4590,ho_yr_007,66
2024,마라4590,ho_yr_008,139
2024,마라4590,ho_yr_009,279
2024,마라4590,ho_yr_010,110
2024,마라4590,ho_yr_011,135
2024,마라4590,ho_yr_012,107
2024,마라4590,ho_yr_013,65
2024,마라4590,ho_yr_014,48
2024,마라4590,ho_yr_015,423
2024,마라4590,ho_yr_016,62
2024,마라4590,ho_yr_017,47
2024,마라4590,ho_yr_018,80
2024,마라4590,ho_yr_019,22
2024,마라4590,ho_yr_020,119
2024,마라4590,to_ho_001,6703
2024,마라4591,ho_ar_001,23
2024,마라4591,ho_ar_002,112
2024,마라4591,ho_ar_003,1440
2024,마라4591,ho_ar_004,3162
2024,마라4591,ho_ar_005,111
2024,마라4591,ho_ar_006,342
2024,마라4591,ho_ar_007,454
2024,마라4591,ho_ar_008,202
2024,마라4591,ho_ar_009,48
2024,마라4591,ho_gb_001,821
2024,마라4591,ho_gb_002,1309
2024,마라4591,ho_gb_003,3516
2024,마라4591,ho_gb_004,165
2024,마라4591,ho_gb_005,80
2024,마라4591,ho_gb_006,78
2024,마라4591,ho_yr_001,358
2024,마라4591,ho_yr_002,2221
2024,마라4591,ho_yr_003,2053
2024,마라4591,ho_yr_004,523
2024,마라4591,ho_yr_005,5
2024,마라4591,ho_yr_006,5
2024,마라4591,ho_yr_007,11
2024,마라4591,ho_yr_008,46
2024,마라4591,ho_yr_009,23
2024,마라4591,ho_yr_010,23
2024,마라4591,ho_yr_011,29
2024,마라4591,ho_yr_012,27
2024,마라4591,ho_yr_013,64
2024,마라4591,ho_yr_014,470
2024,마라4591,ho_yr_017,36
2024,마라4591,ho_yr_019,5
2024,마라4591,to_ho_001,5894
2024,마라4592,ho_ar_001,8
2024,마라4592,ho_ar_002,253
2024,마라4592,ho_ar_003,2095
2024,마라4592,ho_ar_004,1366
2024,마라4592,ho_ar_005,565
2024,마라4592,ho_ar_006,852
2024,마라4592,ho_ar_007,588
2024,마라4592,ho_ar_008,239
2024,마라4592,ho_ar_009,38
2024,마라4592,ho_gb_001,735
2024,마라4592,ho_gb_002,3131
2024,마라4592,ho_gb_003,1971
2024,마라4592,ho_gb_004,83
2024,마라4592,ho_gb_005,92
2024,마라4592,ho_gb_006,63
2024,마라4592,ho_yr_001,1044
2024,마라4592,ho_yr_002,1092
2024,마라4592,ho_yr_003,2738
2024,마라4592,ho_yr_004,674
2024,마라4592,ho_yr_005,27
2024,마라4592,ho_yr_006,0
2024,마라4592,ho_yr_008,10
2024,마라4592,ho_yr_009,0
2024,마라4592,ho_yr_011,0
2024,마라4592,ho_yr_012,7
2024,마라4592,ho_yr_013,90
2024,마라4592,ho_yr_014,309
2024,마라4592,ho_yr_020,12
2024,마라4592,to_ho_001,6011
2024,마라4593,ho_ar_001,8
2024,마라4593,ho_ar_002,797
2024,마라4593,ho_ar_003,599
2024,마라4593,ho_ar_004,951
2024,마라4593,ho_ar_005,70
2024,마라4593,ho_ar_006,218
2024,마라4593,ho_ar_007,199
2024,마라4593,ho_ar_008,129
2024,마라4593,ho_ar_009,54
2024,마라4593,ho_gb_001,583
2024,마라4593,ho_gb_002,780
2024,마라4593,ho_gb_003,1578
2024,마라4593,ho_gb_004,63
2024,마라4593,ho_gb_005,18
2024,마라4593,ho_gb_006,8
2024,마라4593,ho_yr_001,375
2024,마라4593,ho_yr_002,462
2024,마라4593,ho_yr_003,1341
2024,마라4593,ho_yr_004,266
2024,마라4593,ho_yr_005,15
2024,마라4593,ho_yr_006,300
2024,마라4593,ho_yr_007,19
2024,마라4593,ho_yr_008,44
2024,마라4593,ho_yr_009,30
2024,마라4593,ho_yr_010,33
2024,마라4593,ho_yr_011,79
2024,마라4593,ho_yr_012,37
2024,마라4593,ho_yr_013,8
2024,마라4593,ho_yr_014,16
2024,마라4593,ho_yr_015,0
2024,마라4593,ho_yr_016,5
2024,마라4593,ho_yr_017,15
2024,마라4593,ho_yr_019,0
2024,마라4593,to_ho_001,3028
2024,마라4594,ho_ar_002,6
2024,마라4594,ho_ar_003,111
2024,마라4594,ho_ar_004,370
2024,마라4594,ho_ar_005,8
2024,마라4594,ho_ar_006,18
2024,마라4594,ho_ar_007,22
2024,마라4594,ho_ar_008,14
2024,마라4594,ho_ar_009,5
2024,마라4594,ho_gb_001,155
2024,마라4594,ho_gb_002,66
2024,마라4594,ho_gb_003,293
2024,마라4594,ho_gb_004,43
2024,마라4594,ho_gb_005,5
2024,마라4594,ho_gb_006,22
2024,마라4594,ho_yr_001,61
2024,마라4594,ho_yr_002,55
2024,마라4594,ho_yr_003,201
2024,마라4594,ho_yr_004,127
2024,마라4594,ho_yr_007,0
2024,마라4594,ho_yr_011,91
2024,마라4594,ho_yr_012,14
2024,마라4594,ho_yr_013,5
2024,마라4594,ho_yr_014,0
2024,마라4594,ho_yr_017,5
2024,마라4594,to_ho_001,557
2024,마라4595,ho_ar_001,202
2024,마라4595,ho_ar_002,39
2024,마라4595,ho_ar_003,256
2024,마라4595,ho_ar_004,603
2024,마라4595,ho_ar_005,43
2024,마라4595,ho_ar_006,64
2024,마라4595,ho_ar_007,77
2024,마라4595,ho_ar_008,46
2024,마라4595,ho_ar_009,54
2024,마라4595,ho_gb_001,526
2024,마라4595,ho_gb_002,319
2024,마라4595,ho_gb_003,381
2024,마라4595,ho_gb_004,135
2024,마라4595,ho_gb_005,23
2024,마라4595,ho_gb_006,71
2024,마라4595,ho_yr_001,101
2024,마라4595,ho_yr_002,303
2024,마라4595,ho_yr_003,430
2024,마라4595,ho_yr_004,229
2024,마라4595,ho_yr_005,8
2024,마라4595,ho_yr_006,5
2024,마라4595,ho_yr_007,22
2024,마라4595,ho_yr_008,104
2024,마라4595,ho_yr_009,115
2024,마라4595,ho_yr_010,22
2024,마라4595,ho_yr_011,8
2024,마라4595,ho_yr_012,8
2024,마라4595,ho_yr_013,8
2024,마라4595,ho_yr_014,22
2024,마라4595,ho_yr_019,5
2024,마라4595,to_ho_001,1386
2024,마라4596,ho_ar_001,0
2024,마라4596,ho_ar_002,0
2024,마라4596,ho_ar_003,29
2024,마라4596,ho_ar_004,20
2024,마라4596,ho_ar_005,8
2024,마라4596,ho_ar_006,5
2024,마라4596,ho_ar_007,5
2024,마라4596,ho_gb_002,24
2024,마라4596,ho_gb_003,39
2024,마라4596,ho_gb_005,0
2024,마라4596,ho_gb_006,5
2024,마라4596,ho_yr_001,8
2024,마라4596,ho_yr_002,53
2024,마라4596,ho_yr_003,5
2024,마라4596,ho_yr_004,5
2024,마라4596,ho_yr_009,0
2024,마라4596,ho_yr_012,5
2024,마라4596,ho_yr_013,0
2024,마라4596,to_ho_001,63
2024,마라4597,ho_ar_001,5
2024,마라4597,ho_ar_002,5
2024,마라4597,ho_ar_003,8
2024,마라4597,ho_ar_004,43
2024,마라4597,ho_ar_005,8
2024,마라4597,ho_ar_006,8
2024,마라4597,ho_ar_007,23
2024,마라4597,ho_ar_008,13
2024,마라4597,ho_ar_009,0
2024,마라4597,ho_gb_001,31
2024,마라4597,ho_gb_002,56
2024,마라4597,ho_gb_003,16
2024,마라4597,ho_gb_005,8
2024,마라4597,ho_gb_006,11
2024,마라4597,ho_yr_001,23
2024,마라4597,ho_yr_002,5
2024,마라4597,ho_yr_003,23
2024,마라4597,ho_yr_004,24
2024,마라4597,ho_yr_005,12
2024,마라4597,ho_yr_007,5
2024,마라4597,ho_yr_008,5
2024,마라4597,ho_yr_009,0
2024,마라4597,ho_yr_010,0
2024,마라4597,ho_yr_012,5
2024,마라4597,ho_yr_013,5
2024,마라4597,ho_yr_014,5
2024,마라4597,ho_yr_015,0
2024,마라4597,ho_yr_017,0
2024,마라4597,ho_yr_018,5
2024,마라4597,ho_yr_019,0
2024,마라4597,to_ho_001,106
2024,마라4598,ho_ar_003,0
2024,마라4598,ho_ar_004,7
2024,마라4598,ho_ar_007,0
2024,마라4598,ho_ar_008,0
2024,마라4598,ho_ar_009,5
2024,마라4598,ho_gb_001,7
2024,마라4598,ho_gb_002,8
2024,마라4598,ho_gb_006,0
2024,마라4598,ho_yr_002,0
2024,마라4598,ho_yr_003,0
2024,마라4598,ho_yr_004,8
2024,마라4598,ho_yr_005,0
2024,마라4598,ho_yr_006,0
2024,마라4598,to_ho_001,13
2024,마라4599,ho_ar_002,0
2024,마라4599,ho_gb_002,0
2024,마라4599,ho_yr_001,0
2024,마라4599,to_ho_001,0
2024,마라4680,ho_ar_002,69
2024,마라4680,ho_ar_003,1499
2024,마라4680,ho_ar_004,1262
2024,마라4680,ho_ar_005,18
2024,마라4680,ho_ar_006,31
2024,마라4680,ho_ar_007,35
2024,마라4680,ho_ar_008,18
2024,마라4680,ho_ar_009,8
2024,마라4680,ho_gb_001,165
2024,마라4680,ho_gb_002,206
2024,마라4680,ho_gb_003,2530
2024,마라4680,ho_gb_004,25
2024,마라4680,ho_gb_005,18
2024,마라4680,ho_gb_006,59
2024,마라4680,ho_yr_001,232
2024,마라4680,ho_yr_002,234
2024,마라4680,ho_yr_003,650
2024,마라4680,ho_yr_004,23
2024,마라4680,ho_yr_005,25
2024,마라4680,ho_yr_007,5
2024,마라4680,ho_yr_008,5
2024,마라4680,ho_yr_009,742
2024,마라4680,ho_yr_010,8
2024,마라4680,ho_yr_012,9
2024,마라4680,ho_yr_014,8
2024,마라4680,ho_yr_015,0
2024,마라4680,ho_yr_016,11
2024,마라4680,ho_yr_018,0
2024,마라4680,ho_yr_019,998
2024,마라4680,to_ho_001,2941
2024,마라4681,ho_ar_001,64
2024,마라4681,ho_ar_002,496
2024,마라4681,ho_ar_003,1360
2024,마라4681,ho_ar_004,2011
2024,마라4681,ho_ar_005,86
2024,마라4681,ho_ar_006,267
2024,마라4681,ho_ar_007,320
2024,마라4681,ho_ar_008,197
2024,마라4681,ho_ar_009,48
2024,마라4681,ho_gb_001,1431
2024,마라4681,ho_gb_002,1110
2024,마라4681,ho_gb_003,1806
2024,마라4681,ho_gb_004,422
2024,마라4681,ho_gb_005,85
2024,마라4681,ho_gb_006,442
2024,마라4681,ho_yr_001,684
2024,마라4681,ho_yr_002,2185
2024,마라4681,ho_yr_003,820
2024,마라4681,ho_yr_004,350
2024,마라4681,ho_yr_005,89
2024,마라4681,ho_yr_006,82
2024,마라4681,ho_yr_007,24
2024,마라4681,ho_yr_008,56
2024,마라4681,ho_yr_009,65
2024,마라4681,ho_yr_010,80
2024,마라4681,ho_yr_011,8
2024,마라4681,ho_yr_012,71
2024,마라4681,ho_yr_013,65
2024,마라4681,ho_yr_014,27
2024,마라4681,ho_yr_015,122
2024,마라4681,ho_yr_016,21
2024,마라4681,ho_yr_017,5
2024,마라4681,ho_yr_018,43
2024,마라4681,ho_yr_019,73
2024,마라4681,ho_yr_020,6
2024,마라4681,to_ho_001,4849
2024,마라4682,ho_ar_001,0
2024,마라4682,ho_ar_002,156
2024,마라4682,ho_ar_003,2214
2024,마라4682,ho_ar_004,3484
2024,마라4682,ho_ar_005,39
2024,마라4682,ho_ar_006,2089
2024,마라4682,ho_ar_007,1200
2024,마라4682,ho_ar_008,555
2024,마라4682,ho_ar_009,148
2024,마라4682,ho_gb_001,433
2024,마라4682,ho_gb_002,293
2024,마라4682,ho_gb_003,9007
2024,마라4682,ho_gb_004,131
2024,마라4682,ho_gb_005,23
2024,마라4682,ho_gb_006,257
2024,마라4682,ho_yr_001,250
2024,마라4682,ho_yr_002,285
2024,마라4682,ho_yr_003,2103
2024,마라4682,ho_yr_004,5621
2024,마라4682,ho_yr_005,707
2024,마라4682,ho_yr_008,0
2024,마라4682,ho_yr_010,35
2024,마라4682,ho_yr_011,9
2024,마라4682,ho_yr_012,5
2024,마라4682,ho_yr_013,5
2024,마라4682,ho_yr_014,15
2024,마라4682,ho_yr_015,854
2024,마라4682,ho_yr_016,0
2024,마라4682,ho_yr_017,5
2024,마라4682,ho_yr_019,5
2024,마라4682,to_ho_001,9885
2024,마라4683,ho_ar_001,1192
2024,마라4683,ho_ar_002,845
2024,마라4683,ho_ar_003,1075
2024,마라4683,ho_ar_004,2186
2024,마라4683,ho_ar_005,414
2024,마라4683,ho_ar_006,1212
2024,마라4683,ho_ar_007,1060
2024,마라4683,ho_ar_008,485
2024,마라4683,ho_ar_009,34
2024,마라4683,ho_gb_001,1603
2024,마라4683,ho_gb_002,160
2024,마라4683,ho_gb_003,6637
2024,마라4683,ho_gb_004,58
2024,마라4683,ho_gb_005,33
2024,마라4683,ho_gb_006,552
2024,마라4683,ho_yr_001,67
2024,마라4683,ho_yr_002,1349
2024,마라4683,ho_yr_003,82
2024,마라4683,ho_yr_004,1054
2024,마라4683,ho_yr_005,1242
2024,마라4683,ho_yr_006,208
2024,마라4683,ho_yr_007,274
2024,마라4683,ho_yr_008,471
2024,마라4683,ho_yr_009,377
2024,마라4683,ho_yr_010,109
2024,마라4683,ho_yr_011,14
2024,마라4683,ho_yr_012,0
2024,마라4683,ho_yr_013,24
2024,마라4683,ho_yr_014,1091
2024,마라4683,ho_yr_016,111
2024,마라4683,ho_yr_017,87
2024,마라4683,ho_yr_018,8
2024,마라4683,ho_yr_019,1935
2024,마라4683,to_ho_001,8496
2024,마라4684,ho_ar_001,263
2024,마라4684,ho_ar_002,342
2024,마라4684,ho_ar_003,682
2024,마라4684,ho_ar_004,2438
2024,마라4684,ho_ar_005,187
2024,마라4684,ho_ar_006,1030
2024,마라4684,ho_ar_007,557
2024,마라4684,ho_ar_008,274
2024,마라4684,ho_ar_009,43
2024,마라4684,ho_gb_001,812
2024,마라4684,ho_gb_002,313
2024,마라4684,ho_gb_003,4385
2024,마라4684,ho_gb_004,243
2024,마라4684,ho_gb_005,58
2024,마라4684,ho_gb_006,693
2024,마라4684,ho_yr_001,158
2024,마라4684,ho_yr_002,836
2024,마라4684,ho_yr_003,415
2024,마라4684,ho_yr_004,612
2024,마라4684,ho_yr_005,973
2024,마라4684,ho_yr_006,25
2024,마라4684,ho_yr_007,202
2024,마라4684,ho_yr_008,143
2024,마라4684,ho_yr_009,237
2024,마라4684,ho_yr_010,115
2024,마라4684,ho_yr_011,91
2024,마라4684,ho_yr_012,96
2024,마라4684,ho_yr_013,53
2024,마라4684,ho_yr_014,88
2024,마라4684,ho_yr_015,502
2024,마라4684,ho_yr_016,85
2024,마라4684,ho_yr_017,18
2024,마라4684,ho_yr_018,936
2024,마라4684,ho_yr_019,245
2024,마라4684,ho_yr_020,0
2024,마라4684,to_ho_001,5809
2024,마라4685,ho_ar_001,345
2024,마라4685,ho_ar_002,869
2024,마라4685,ho_ar_003,1004
2024,마라4685,ho_ar_004,2592
2024,마라4685,ho_ar_005,188
2024,마라4685,ho_ar_006,505
2024,마라4685,ho_ar_007,147
2024,마라4685,ho_ar_008,87
2024,마라4685,ho_ar_009,53
2024,마라4685,ho_gb_001,1077
2024,마라4685,ho_gb_002,443
2024,마라4685,ho_gb_003,4057
2024,마라4685,ho_gb_004,179
2024,마라4685,ho_gb_005,43
2024,마라4685,ho_gb_006,816
2024,마라4685,ho_yr_001,389
2024,마라4685,ho_yr_002,522
2024,마라4685,ho_yr_003,290
2024,마라4685,ho_yr_004,778
2024,마라4685,ho_yr_005,684
2024,마라4685,ho_yr_006,66
2024,마라4685,ho_yr_007,135
2024,마라4685,ho_yr_008,224
2024,마라4685,ho_yr_009,210
2024,마라4685,ho_yr_010,265
2024,마라4685,ho_yr_011,173
2024,마라4685,ho_yr_012,158
2024,마라4685,ho_yr_013,388
2024,마라4685,ho_yr_014,183
2024,마라4685,ho_yr_015,41
2024,마라4685,ho_yr_016,976
2024,마라4685,ho_yr_017,57
2024,마라4685,ho_yr_018,266
2024,마라4685,ho_yr_019,5
2024,마라4685,to_ho_001,5794
2024,마라4686,ho_ar_001,679
2024,마라4686,ho_ar_002,982
2024,마라4686,ho_ar_003,2038
2024,마라4686,ho_ar_004,3325
2024,마라4686,ho_ar_005,108
2024,마라4686,ho_ar_006,312
2024,마라4686,ho_ar_007,413
2024,마라4686,ho_ar_008,160
2024,마라4686,ho_ar_009,82
2024,마라4686,ho_gb_001,3210
2024,마라4686,ho_gb_002,941
2024,마라4686,ho_gb_003,3737
2024,마라4686,ho_gb_004,150
2024,마라4686,ho_gb_005,63
2024,마라4686,ho_gb_006,1072
2024,마라4686,ho_yr_001,615
2024,마라4686,ho_yr_002,987
2024,마라4686,ho_yr_003,2264
2024,마라4686,ho_yr_004,1034
2024,마라4686,ho_yr_005,313
2024,마라4686,ho_yr_006,119
2024,마라4686,ho_yr_007,133
2024,마라4686,ho_yr_008,449
2024,마라4686,ho_yr_009,103
2024,마라4686,ho_yr_010,233
2024,마라4686,ho_yr_011,468
2024,마라4686,ho_yr_012,269
2024,마라4686,ho_yr_013,268
2024,마라4686,ho_yr_014,260
2024,마라4686,ho_yr_015,94
2024,마라4686,ho_yr_016,150
2024,마라4686,ho_yr_017,232
2024,마라4686,ho_yr_018,92
2024,마라4686,ho_yr_019,34
2024,마라4686,ho_yr_020,5
2024,마라4686,to_ho_001,8099
2024,마라4687,ho_ar_001,530
2024,마라4687,ho_ar_002,593
2024,마라4687,ho_ar_003,1052
2024,마라4687,ho_ar_004,2190
2024,마라4687,ho_ar_005,153
2024,마라4687,ho_ar_006,1072
2024,마라4687,ho_ar_007,744
2024,마라4687,ho_ar_008,290
2024,마라4687,ho_ar_009,92
2024,마라4687,ho_gb_001,1906
2024,마라4687,ho_gb_002,2080
2024,마라4687,ho_gb_003,2367
2024,마라4687,ho_gb_004,250
2024,마라4687,ho_gb_005,115
2024,마라4687,ho_gb_006,385
2024,마라4687,ho_yr_001,1471
2024,마라4687,ho_yr_002,679
2024,마라4687,ho_yr_003,939
2024,마라4687,ho_yr_004,420
2024,마라4687,ho_yr_005,1071
2024,마라4687,ho_yr_006,35
2024,마라4687,ho_yr_007,98
2024,마라4687,ho_yr_008,272
2024,마라4687,ho_yr_009,205
2024,마라4687,ho_yr_010,450
2024,마라4687,ho_yr_011,195
2024,마라4687,ho_yr_012,148
2024,마라4687,ho_yr_013,221
2024,마라4687,ho_yr_014,36
2024,마라4687,ho_yr_015,86
2024,마라4687,ho_yr_016,78
2024,마라4687,ho_yr_017,44
2024,마라4687,ho_yr_018,248
2024,마라4687,ho_yr_019,17
2024,마라4687,ho_yr_020,24
2024,마라4687,to_ho_001,6720
2024,마라4688,ho_ar_001,14
2024,마라4688,ho_ar_002,146
2024,마라4688,ho_ar_003,1598
2024,마라4688,ho_ar_004,4933
2024,마라4688,ho_ar_005,105
2024,마라4688,ho_ar_006,584
2024,마라4688,ho_ar_007,826
2024,마라4688,ho_ar_008,175
2024,마라4688,ho_ar_009,33
2024,마라4688,ho_gb_001,1042
2024,마라4688,ho_gb_002,1060
2024,마라4688,ho_gb_003,6010
2024,마라4688,ho_gb_004,237
2024,마라4688,ho_gb_005,59
2024,마라4688,ho_gb_006,74
2024,마라4688,ho_yr_001,446
2024,마라4688,ho_yr_002,2831
2024,마라4688,ho_yr_003,2635
2024,마라4688,ho_yr_004,589
2024,마라4688,ho_yr_005,426
2024,마라4688,ho_yr_006,0
2024,마라4688,ho_yr_007,14
2024,마라4688,ho_yr_008,20
2024,마라4688,ho_yr_009,17
2024,마라4688,ho_yr_010,76
2024,마라4688,ho_yr_011,578
2024,마라4688,ho_yr_012,24
2024,마라4688,ho_yr_013,540
2024,마라4688,ho_yr_014,29
2024,마라4688,ho_yr_015,41
2024,마라4688,ho_yr_016,90
2024,마라4688,ho_yr_017,66
2024,마라4688,to_ho_001,8412
2024,마라4689,ho_ar_001,45
2024,마라4689,ho_ar_002,98
2024,마라4689,ho_ar_003,1206
2024,마라4689,ho_ar_004,3104
2024,마라4689,ho_ar_005,143
2024,마라4689,ho_ar_006,325
2024,마라4689,ho_ar_007,327
2024,마라4689,ho_ar_008,90
2024,마라4689,ho_ar_009,13
2024,마라4689,ho_gb_001,309
2024,마라4689,ho_gb_002,752
2024,마라4689,ho_gb_003,4214
2024,마라4689,ho_gb_004,25
2024,마라4689,ho_gb_005,53
2024,마라4689,ho_gb_006,61
2024,마라4689,ho_yr_001,146
2024,마라4689,ho_yr_002,1328
2024,마라4689,ho_yr_003,185
2024,마라4689,ho_yr_004,584
2024,마라4689,ho_yr_005,1883
2024,마라4689,ho_yr_006,5
2024,마라4689,ho_yr_007,22
2024,마라4689,ho_yr_008,86
2024,마라4689,ho_yr_009,187
2024,마라4689,ho_yr_010,20
2024,마라4689,ho_yr_011,678
2024,마라4689,ho_yr_012,169
2024,마라4689,ho_yr_013,5
2024,마라4689,ho_yr_014,31
2024,마라4689,ho_yr_016,28
2024,마라4689,ho_yr_017,0
2024,마라4689,ho_yr_018,7
2024,마라4689,ho_yr_020,0
2024,마라4689,to_ho_001,5354
2024,마라4690,ho_ar_001,50
2024,마라4690,ho_ar_002,389
2024,마라4690,ho_ar_003,2214
2024,마라4690,ho_ar_004,2749
2024,마라4690,ho_ar_005,115
2024,마라4690,ho_ar_006,697
2024,마라4690,ho_ar_007,879
2024,마라4690,ho_ar_008,224
2024,마라4690,ho_ar_009,38
2024,마라4690,ho_gb_001,688
2024,마라4690,ho_gb_002,1046
2024,마라4690,ho_gb_003,5012
2024,마라4690,ho_gb_004,512
2024,마라4690,ho_gb_005,99
2024,마라4690,ho_gb_006,135
2024,마라4690,ho_yr_001,318
2024,마라4690,ho_yr_002,1764
2024,마라4690,ho_yr_003,2159
2024,마라4690,ho_yr_004,1668
2024,마라4690,ho_yr_005,161
2024,마라4690,ho_yr_006,5
2024,마라4690,ho_yr_007,615
2024,마라4690,ho_yr_008,31
2024,마라4690,ho_yr_009,14
2024,마라4690,ho_yr_010,38
2024,마라4690,ho_yr_011,28
2024,마라4690,ho_yr_012,35
2024,마라4690,ho_yr_013,117
2024,마라4690,ho_yr_014,29
2024,마라4690,ho_yr_015,19
2024,마라4690,ho_yr_016,113
2024,마라4690,ho_yr_017,160
2024,마라4690,ho_yr_018,8
2024,마라4690,ho_yr_020,100
2024,마라4690,to_ho_001,7357
2024,마라4691,ho_ar_001,0
2024,마라4691,ho_ar_002,84
2024,마라4691,ho_ar_003,801
2024,마라4691,ho_ar_004,2025
2024,마라4691,ho_ar_005,95
2024,마라4691,ho_ar_006,245
2024,마라4691,ho_ar_007,166
2024,마라4691,ho_ar_008,65
2024,마라4691,ho_ar_009,23
2024,마라4691,ho_gb_001,202
2024,마라4691,ho_gb_002,523
2024,마라4691,ho_gb_003,2582
2024,마라4691,ho_gb_004,158
2024,마라4691,ho_gb_005,42
2024,마라4691,ho_gb_006,27
2024,마라4691,ho_yr_001,216
2024,마라4691,ho_yr_002,886
2024,마라4691,ho_yr_003,550
2024,마라4691,ho_yr_004,456
2024,마라4691,ho_yr_005,5
2024,마라4691,ho_yr_006,13
2024,마라4691,ho_yr_008,6
2024,마라4691,ho_yr_009,13
2024,마라4691,ho_yr_010,5
2024,마라4691,ho_yr_011,5
2024,마라4691,ho_yr_012,8
2024,마라4691,ho_yr_013,5
2024,마라4691,ho_yr_014,8
2024,마라4691,ho_yr_015,1343
2024,마라4691,ho_yr_016,5
2024,마라4691,ho_yr_017,7
2024,마라4691,ho_yr_019,0
2024,마라4691,to_ho_001,3507
2024,마라4692,ho_ar_001,52
2024,마라4692,ho_ar_002,213
2024,마라4692,ho_ar_003,1038
2024,마라4692,ho_ar_004,1147
2024,마라4692,ho_ar_005,112
2024,마라4692,ho_ar_006,478
2024,마라4692,ho_ar_007,314
2024,마라4692,ho_ar_008,127
2024,마라4692,ho_ar_009,39
2024,마라4692,ho_gb_001,1048
2024,마라4692,ho_gb_002,1203
2024,마라4692,ho_gb_003,912
2024,마라4692,ho_gb_004,249
2024,마라4692,ho_gb_005,106
2024,마라4692,ho_gb_006,314
2024,마라4692,ho_yr_001,748
2024,마라4692,ho_yr_002,873
2024,마라4692,ho_yr_003,1040
2024,마라4692,ho_yr_004,275
2024,마라4692,ho_yr_005,56
2024,마라4692,ho_yr_007,0
2024,마라4692,ho_yr_008,8
2024,마라4692,ho_yr_009,25
2024,마라4692,ho_yr_010,0
2024,마라4692,ho_yr_011,22
2024,마라4692,ho_yr_012,77
2024,마라4692,ho_yr_013,242
2024,마라4692,ho_yr_014,110
2024,마라4692,ho_yr_015,13
2024,마라4692,ho_yr_016,17
2024,마라4692,ho_yr_018,11
2024,마라4692,ho_yr_019,0
2024,마라4692,ho_yr_020,16
2024,마라4692,to_ho_001,3517
2024,마라4693,ho_ar_002,95
2024,마라4693,ho_ar_003,532
2024,마라4693,ho_ar_004,151
2024,마라4693,ho_ar_005,28
2024,마라4693,ho_ar_006,81
2024,마라4693,ho_ar_007,121
2024,마라4693,ho_ar_008,50
2024,마라4693,ho_ar_009,8
2024,마라4693,ho_gb_001,289
2024,마라4693,ho_gb_002,333
2024,마라4693,ho_gb_003,278
2024,마라4693,ho_gb_004,154
2024,마라4693,ho_gb_005,13
2024,마라4693,ho_gb_006,32
2024,마라4693,ho_yr_001,148
2024,마라4693,ho_yr_002,430
2024,마라4693,ho_yr_003,140
2024,마라4693,ho_yr_004,54
2024,마라4693,ho_yr_011,246
2024,마라4693,ho_yr_012,6
2024,마라4693,ho_yr_013,12
2024,마라4693,ho_yr_014,31
2024,마라4693,ho_yr_019,0
2024,마라4693,to_ho_001,1064
2024,마라4695,ho_ar_001,5
2024,마라4695,ho_ar_002,0
2024,마라4695,ho_ar_003,0
2024,마라4695,ho_ar_004,5
2024,마라4695,ho_ar_005,8
2024,마라4695,ho_ar_006,5
2024,마라4695,ho_ar_007,5
2024,마라4695,ho_ar_008,5
2024,마라4695,ho_gb_002,27
2024,마라4695,ho_gb_005,5
2024,마라4695,ho_gb_006,5
2024,마라4695,ho_yr_001,8
2024,마라4695,ho_yr_002,5
2024,마라4695,ho_yr_003,0
2024,마라4695,ho_yr_004,0
2024,마라4695,ho_yr_005,0
2024,마라4695,ho_yr_007,5
2024,마라4695,ho_yr_008,0
2024,마라4695,ho_yr_009,0
2024,마라4695,ho_yr_010,0
2024,마라4695,ho_yr_012,5
2024,마라4695,ho_yr_013,0
2024,마라4695,ho_yr_015,0
2024,마라4695,ho_yr_016,0
2024,마라4695,ho_yr_017,0
2024,마라4695,to_ho_001,28
2024,마라4696,ho_ar_002,0
2024,마라4696,ho_ar_003,0
2024,마라4696,ho_ar_004,5
2024,마라4696,ho_ar_005,5
2024,마라4696,ho_ar_007,5
2024,마라4696,ho_ar_008,5
2024,마라4696,ho_gb_002,13
2024,마라4696,ho_gb_006,0
2024,마라4696,ho_yr_001,5
2024,마라4696,ho_yr_002,8
2024,마라4696,ho_yr_013,5
2024,마라4696,to_ho_001,13
2024,마라4697,ho_ar_001,0
2024,마라4697,ho_ar_002,5
2024,마라4697,ho_ar_003,5
2024,마라4697,ho_ar_004,5
2024,마라4697,ho_ar_005,0
2024,마라4697,ho_ar_006,5
2024,마라4697,ho_ar_007,8
2024,마라4697,ho_ar_008,5
2024,마라4697,ho_gb_002,19
2024,마라4697,ho_gb_006,0
2024,마라4697,ho_yr_001,8
2024,마라4697,ho_yr_002,5
2024,마라4697,ho_yr_003,0
2024,마라4697,ho_yr_005,0
2024,마라4697,ho_yr_006,0
2024,마라4697,ho_yr_007,0
2024,마라4697,ho_yr_011,5
2024,마라4697,ho_yr_013,0
2024,마라4697,ho_yr_016,0
2024,마라4697,ho_yr_018,0
2024,마라4697,ho_yr_019,5
2024,마라4697,to_ho_001,18
2024,마라4698,ho_ar_002,5
2024,마라4698,ho_ar_003,5
2024,마라4698,ho_ar_004,8
2024,마라4698,ho_ar_005,8
2024,마라4698,ho_ar_006,5
2024,마라4698,ho_ar_007,5
2024,마라4698,ho_ar_008,8
2024,마라4698,ho_ar_009,0
2024,마라4698,ho_gb_002,36
2024,마라4698,ho_gb_005,5
2024,마라4698,ho_gb_006,5
2024,마라4698,ho_yr_001,8
2024,마라4698,ho_yr_002,8
2024,마라4698,ho_yr_003,5
2024,마라4698,ho_yr_004,5
2024,마라4698,ho_yr_005,5
2024,마라4698,ho_yr_007,5
2024,마라4698,ho_yr_008,5
2024,마라4698,ho_yr_011,5
2024,마라4698,ho_yr_012,5
2024,마라4698,ho_yr_014,5
2024,마라4698,ho_yr_019,5
2024,마라4698,ho_yr_020,5
2024,마라4698,to_ho_001,38
2024,마라4699,ho_ar_002,5
2024,마라4699,ho_ar_003,5
2024,마라4699,ho_ar_004,16
2024,마라4699,ho_ar_005,8
2024,마라4699,ho_ar_006,8
2024,마라4699,ho_ar_007,5
2024,마라4699,ho_ar_008,13
2024,마라4699,ho_ar_009,0
2024,마라4699,ho_gb_002,58
2024,마라4699,ho_gb_006,8
2024,마라4699,ho_yr_001,17
2024,마라4699,ho_yr_002,12
2024,마라4699,ho_yr_003,5
2024,마라4699,ho_yr_004,5
2024,마라4699,ho_yr_005,0
2024,마라4699,ho_yr_006,5
2024,마라4699,ho_yr_008,5
2024,마라4699,ho_yr_009,5
2024,마라4699,ho_yr_010,5
2024,마라4699,ho_yr_011,0
2024,마라4699,ho_yr_013,0
2024,마라4699,ho_yr_014,5
2024,마라4699,ho_yr_015,5
2024,마라4699,ho_yr_018,0
2024,마라4699,ho_yr_019,0
2024,마라4699,ho_yr_020,0
2024,마라4699,to_ho_001,59
2024,마라4779,ho_ar_002,0
2024,마라4779,ho_ar_004,847
2024,마라4779,ho_ar_005,142
2024,마라4779,ho_ar_006,857
2024,마라4779,ho_ar_007,372
2024,마라4779,ho_ar_008,559
2024,마라4779,ho_ar_009,5
2024,마라4779,ho_gb_002,0
2024,마라4779,ho_gb_003,2781
2024,마라4779,ho_gb_006,0
2024,마라4779,ho_yr_002,0
2024,마라4779,ho_yr_005,2781
2024,마라4779,to_ho_001,2781
2024,마라4780,ho_ar_002,240
2024,마라4780,ho_ar_003,1301
2024,마라4780,ho_ar_004,551
2024,마라4780,ho_ar_005,5
2024,마라4780,ho_ar_006,5
2024,마라4780,ho_ar_007,8
2024,마라4780,ho_ar_008,5
2024,마라4780,ho_gb_001,87
2024,마라4780,ho_gb_002,59
2024,마라4780,ho_gb_003,1887
2024,마라4780,ho_gb_004,77
2024,마라4780,ho_gb_006,5
2024,마라4780,ho_yr_001,191
2024,마라4780,ho_yr_002,13
2024,마라4780,ho_yr_003,364
2024,마라4780,ho_yr_004,435
2024,마라4780,ho_yr_005,418
2024,마라4780,ho_yr_015,0
2024,마라4780,ho_yr_019,683
2024,마라4780,to_ho_001,2107
2024,마라4781,ho_ar_001,17
2024,마라4781,ho_ar_002,680
2024,마라4781,ho_ar_003,573
2024,마라4781,ho_ar_004,1444
2024,마라4781,ho_ar_005,94
2024,마라4781,ho_ar_006,305
2024,마라4781,ho_ar_007,232
2024,마라4781,ho_ar_008,108
2024,마라4781,ho_ar_009,18
2024,마라4781,ho_gb_001,1162
2024,마라4781,ho_gb_002,499
2024,마라4781,ho_gb_003,1727
2024,마라4781,ho_gb_004,66
2024,마라4781,ho_gb_005,23
2024,마라4781,ho_gb_006,42
2024,마라4781,ho_yr_001,764
2024,마라4781,ho_yr_002,737
2024,마라4781,ho_yr_003,1782
2024,마라4781,ho_yr_004,50
2024,마라4781,ho_yr_005,0
2024,마라4781,ho_yr_007,11
2024,마라4781,ho_yr_008,8
2024,마라4781,ho_yr_009,14
2024,마라4781,ho_yr_010,45
2024,마라4781,ho_yr_011,20
2024,마라4781,ho_yr_012,14
2024,마라4781,ho_yr_013,5
2024,마라4781,ho_yr_015,0
2024,마라4781,ho_yr_016,8
2024,마라4781,ho_yr_017,12
2024,마라4781,ho_yr_018,12
2024,마라4781,to_ho_001,3483
2024,마라4782,ho_ar_002,72
2024,마라4782,ho_ar_003,343
2024,마라4782,ho_ar_004,954
2024,마라4782,ho_ar_005,13
2024,마라4782,ho_ar_006,258
2024,마라4782,ho_ar_007,37
2024,마라4782,ho_ar_008,17
2024,마라4782,ho_ar_009,47
2024,마라4782,ho_gb_001,120
2024,마라4782,ho_gb_002,93
2024,마라4782,ho_gb_003,1491
2024,마라4782,ho_gb_004,30
2024,마라4782,ho_gb_005,8
2024,마라4782,ho_gb_006,8
2024,마라4782,ho_yr_001,114
2024,마라4782,ho_yr_002,144
2024,마라4782,ho_yr_003,490
2024,마라4782,ho_yr_004,902
2024,마라4782,ho_yr_011,0
2024,마라4782,ho_yr_012,0
2024,마라4782,ho_yr_019,88
2024,마라4782,to_ho_001,1741
2024,마라4783,ho_ar_002,16
2024,마라4783,ho_ar_004,232
2024,마라4783,ho_ar_006,275
2024,마라4783,ho_ar_007,266
2024,마라4783,ho_ar_008,73
2024,마라4783,ho_ar_009,0
2024,마라4783,ho_gb_001,16
2024,마라4783,ho_gb_003,849
2024,마라4783,ho_gb_006,5
2024,마라4783,ho_yr_001,86
2024,마라4783,ho_yr_002,16
2024,마라4783,ho_yr_004,217
2024,마라4783,ho_yr_014,373
2024,마라4783,ho_yr_019,173
2024,마라4783,to_ho_001,865
2024,마라4784,ho_ar_001,10
2024,마라4784,ho_ar_002,29
2024,마라4784,ho_ar_003,271
2024,마라4784,ho_ar_004,1732
2024,마라4784,ho_ar_005,107
2024,마라4784,ho_ar_006,360
2024,마라4784,ho_ar_007,594
2024,마라4784,ho_ar_008,5
2024,마라4784,ho_ar_009,0
2024,마라4784,ho_gb_001,5
2024,마라4784,ho_gb_002,11
2024,마라4784,ho_gb_003,3076
2024,마라4784,ho_gb_004,9
2024,마라4784,ho_gb_005,8
2024,마라4784,ho_gb_006,8
2024,마라4784,ho_yr_001,958
2024,마라4784,ho_yr_002,1918
2024,마라4784,ho_yr_003,0
2024,마라4784,ho_yr_008,66
2024,마라4784,ho_yr_010,0
2024,마라4784,ho_yr_019,160
2024,마라4784,to_ho_001,3102
2024,마라4785,ho_ar_001,517
2024,마라4785,ho_ar_002,768
2024,마라4785,ho_ar_003,1396
2024,마라4785,ho_ar_004,2167
2024,마라4785,ho_ar_005,94
2024,마라4785,ho_ar_006,572
2024,마라4785,ho_ar_007,237
2024,마라4785,ho_ar_008,108
2024,마라4785,ho_ar_009,65
2024,마라4785,ho_gb_001,2005
2024,마라4785,ho_gb_002,794
2024,마라4785,ho_gb_003,2792
2024,마라4785,ho_gb_004,277
2024,마라4785,ho_gb_005,63
2024,마라4785,ho_gb_006,675
2024,마라4785,ho_yr_001,500
2024,마라4785,ho_yr_002,758
2024,마라4785,ho_yr_003,917
2024,마라4785,ho_yr_004,637
2024,마라4785,ho_yr_005,413
2024,마라4785,ho_yr_006,143
2024,마라4785,ho_yr_007,125
2024,마라4785,ho_yr_008,101
2024,마라4785,ho_yr_009,61
2024,마라4785,ho_yr_010,910
2024,마라4785,ho_yr_011,103
2024,마라4785,ho_yr_012,121
2024,마라4785,ho_yr_013,191
2024,마라4785,ho_yr_014,149
2024,마라4785,ho_yr_015,108
2024,마라4785,ho_yr_016,122
2024,마라4785,ho_yr_017,305
2024,마라4785,ho_yr_018,112
2024,마라4785,ho_yr_019,167
2024,마라4785,ho_yr_020,0
2024,마라4785,to_ho_001,5930
2024,마라4786,ho_ar_001,1983
2024,마라4786,ho_ar_002,2277
2024,마라4786,ho_ar_003,1360
2024,마라4786,ho_ar_004,3300
2024,마라4786,ho_ar_005,184
2024,마라4786,ho_ar_006,554
2024,마라4786,ho_ar_007,515
2024,마라4786,ho_ar_008,226
2024,마라4786,ho_ar_009,106
2024,마라4786,ho_gb_001,4862
2024,마라4786,ho_gb_002,1193
2024,마라4786,ho_gb_003,4069
2024,마라4786,ho_gb_004,303
2024,마라4786,ho_gb_005,78
2024,마라4786,ho_gb_006,1678
2024,마라4786,ho_yr_001,911
2024,마라4786,ho_yr_002,1213
2024,마라4786,ho_yr_003,683
2024,마라4786,ho_yr_004,1062
2024,마라4786,ho_yr_005,885
2024,마라4786,ho_yr_006,303
2024,마라4786,ho_yr_007,475
2024,마라4786,ho_yr_008,619
2024,마라4786,ho_yr_009,297
2024,마라4786,ho_yr_010,1079
2024,마라4786,ho_yr_011,203
2024,마라4786,ho_yr_012,356
2024,마라4786,ho_yr_013,1480
2024,마라4786,ho_yr_014,275
2024,마라4786,ho_yr_015,113
2024,마라4786,ho_yr_016,96
2024,마라4786,ho_yr_017,183
2024,마라4786,ho_yr_018,192
2024,마라4786,ho_yr_019,89
2024,마라4786,to_ho_001,10506
2024,마라4787,ho_ar_001,194
2024,마라4787,ho_ar_002,235
2024,마라4787,ho_ar_003,952
2024,마라4787,ho_ar_004,1918
2024,마라4787,ho_ar_005,96
2024,마라4787,ho_ar_006,443
2024,마라4787,ho_ar_007,353
2024,마라4787,ho_ar_008,129
2024,마라4787,ho_ar_009,63
2024,마라4787,ho_gb_001,716
2024,마라4787,ho_gb_002,1097
2024,마라4787,ho_gb_003,2367
2024,마라4787,ho_gb_004,124
2024,마라4787,ho_gb_005,83
2024,마라4787,ho_gb_006,984
2024,마라4787,ho_yr_001,502
2024,마라4787,ho_yr_002,1476
2024,마라4787,ho_yr_003,564
2024,마라4787,ho_yr_004,846
2024,마라4787,ho_yr_005,22
2024,마라4787,ho_yr_006,38
2024,마라4787,ho_yr_007,8
2024,마라4787,ho_yr_008,20
2024,마라4787,ho_yr_009,90
2024,마라4787,ho_yr_010,8
2024,마라4787,ho_yr_011,61
2024,마라4787,ho_yr_012,17
2024,마라4787,ho_yr_013,510
2024,마라4787,ho_yr_014,86
2024,마라4787,ho_yr_015,92
2024,마라4787,ho_yr_016,0
2024,마라4787,ho_yr_017,12
2024,마라4787,ho_yr_018,5
2024,마라4787,ho_yr_019,38
2024,마라4787,ho_yr_020,8
2024,마라4787,to_ho_001,4382
2024,마라4788,ho_ar_001,112
2024,마라4788,ho_ar_002,142
2024,마라4788,ho_ar_003,379
2024,마라4788,ho_ar_004,3477
2024,마라4788,ho_ar_005,60
2024,마라4788,ho_ar_006,1916
2024,마라4788,ho_ar_007,825
2024,마라4788,ho_ar_008,167
2024,마라4788,ho_ar_009,41
2024,마라4788,ho_gb_001,336
2024,마라4788,ho_gb_002,142
2024,마라4788,ho_gb_003,6527
2024,마라4788,ho_gb_004,81
2024,마라4788,ho_gb_005,28
2024,마라4788,ho_gb_006,240
2024,마라4788,ho_yr_001,96
2024,마라4788,ho_yr_002,106
2024,마라4788,ho_yr_003,170
2024,마라4788,ho_yr_004,1021
2024,마라4788,ho_yr_005,5395
2024,마라4788,ho_yr_006,5
2024,마라4788,ho_yr_007,26
2024,마라4788,ho_yr_008,27
2024,마라4788,ho_yr_009,91
2024,마라4788,ho_yr_010,73
2024,마라4788,ho_yr_011,39
2024,마라4788,ho_yr_012,18
2024,마라4788,ho_yr_013,23
2024,마라4788,ho_yr_014,26
2024,마라4788,ho_yr_016,8
2024,마라4788,ho_yr_019,0
2024,마라4788,to_ho_001,7114
2024,마라4789,ho_ar_001,250
2024,마라4789,ho_ar_002,272
2024,마라4789,ho_ar_003,2385
2024,마라4789,ho_ar_004,4280
2024,마라4789,ho_ar_005,96
2024,마라4789,ho_ar_006,256
2024,마라4789,ho_ar_007,159
2024,마라4789,ho_ar_008,101
2024,마라4789,ho_ar_009,28
2024,마라4789,ho_gb_001,809
2024,마라4789,ho_gb_002,462
2024,마라4789,ho_gb_003,6336
2024,마라4789,ho_gb_004,138
2024,마라4789,ho_gb_005,85
2024,마라4789,ho_gb_006,725
2024,마라4789,ho_yr_001,231
2024,마라4789,ho_yr_002,2257
2024,마라4789,ho_yr_003,405
2024,마라4789,ho_yr_004,113
2024,마라4789,ho_yr_005,2883
2024,마라4789,ho_yr_007,38
2024,마라4789,ho_yr_008,119
2024,마라4789,ho_yr_009,503
2024,마라4789,ho_yr_010,43
2024,마라4789,ho_yr_011,51
2024,마라4789,ho_yr_012,12
2024,마라4789,ho_yr_013,15
2024,마라4789,ho_yr_014,60
2024,마라4789,ho_yr_015,850
2024,마라4789,ho_yr_016,77
2024,마라4789,ho_yr_017,16
2024,마라4789,ho_yr_019,161
2024,마라4789,to_ho_001,7825
2024,마라4790,ho_ar_002,40
2024,마라4790,ho_ar_003,2054
2024,마라4790,ho_ar_004,5367
2024,마라4790,ho_ar_005,5
2024,마라4790,ho_ar_006,2272
2024,마라4790,ho_ar_007,344
2024,마라4790,ho_ar_008,8
2024,마라4790,ho_ar_009,5
2024,마라4790,ho_gb_001,27
2024,마라4790,ho_gb_002,41
2024,마라4790,ho_gb_003,10003
2024,마라4790,ho_gb_004,8
2024,마라4790,ho_gb_005,13
2024,마라4790,ho_gb_006,86
2024,마라4790,ho_yr_001,211
2024,마라4790,ho_yr_002,976
2024,마라4790,ho_yr_003,1483
2024,마라4790,ho_yr_004,2903
2024,마라4790,ho_yr_005,3035
2024,마라4790,ho_yr_010,0
2024,마라4790,ho_yr_013,5
2024,마라4790,ho_yr_014,0
2024,마라4790,ho_yr_015,198
2024,마라4790,ho_yr_018,638
2024,마라4790,ho_yr_020,642
2024,마라4790,to_ho_001,10092
2024,마라4791,ho_ar_001,5
2024,마라4791,ho_ar_002,48
2024,마라4791,ho_ar_003,2423
2024,마라4791,ho_ar_004,1962
2024,마라4791,ho_ar_005,49
2024,마라4791,ho_ar_006,441
2024,마라4791,ho_ar_007,224
2024,마라4791,ho_ar_008,97
2024,마라4791,ho_ar_009,18
2024,마라4791,ho_gb_001,247
2024,마라4791,ho_gb_002,562
2024,마라4791,ho_gb_003,4344
2024,마라4791,ho_gb_004,83
2024,마라4791,ho_gb_005,33
2024,마라4791,ho_gb_006,443
2024,마라4791,ho_yr_001,163
2024,마라4791,ho_yr_002,386
2024,마라4791,ho_yr_003,1392
2024,마라4791,ho_yr_004,2717
2024,마라4791,ho_yr_005,5
2024,마라4791,ho_yr_007,5
2024,마라4791,ho_yr_008,18
2024,마라4791,ho_yr_009,8
2024,마라4791,ho_yr_010,16
2024,마라4791,ho_yr_011,8
2024,마라4791,ho_yr_012,5
2024,마라4791,ho_yr_013,5
2024,마라4791,ho_yr_015,533
2024,마라4791,ho_yr_016,5
2024,마라4791,ho_yr_017,5
2024,마라4791,ho_yr_019,8
2024,마라4791,to_ho_001,5265
2024,마라4792,ho_ar_002,0
2024,마라4792,ho_ar_003,321
2024,마라4792,ho_ar_004,242
2024,마라4792,ho_ar_005,8
2024,마라4792,ho_ar_006,54
2024,마라4792,ho_ar_007,5
2024,마라4792,ho_ar_008,5
2024,마라4792,ho_gb_002,32
2024,마라4792,ho_gb_003,569
2024,마라4792,ho_gb_004,21
2024,마라4792,ho_gb_005,8
2024,마라4792,ho_gb_006,28
2024,마라4792,ho_yr_001,26
2024,마라4792,ho_yr_002,23
2024,마라4792,ho_yr_003,442
2024,마라4792,ho_yr_004,142
2024,마라4792,to_ho_001,632
2024,마라4793,ho_ar_001,0
2024,마라4793,ho_ar_002,29
2024,마라4793,ho_ar_003,156
2024,마라4793,ho_ar_004,203
2024,마라4793,ho_ar_005,13
2024,마라4793,ho_ar_006,62
2024,마라4793,ho_ar_007,62
2024,마라4793,ho_ar_008,33
2024,마라4793,ho_ar_009,8
2024,마라4793,ho_gb_001,160
2024,마라4793,ho_gb_002,231
2024,마라4793,ho_gb_003,88
2024,마라4793,ho_gb_004,85
2024,마라4793,ho_gb_005,8
2024,마라4793,ho_gb_006,28
2024,마라4793,ho_yr_001,57
2024,마라4793,ho_yr_002,253
2024,마라4793,ho_yr_003,117
2024,마라4793,ho_yr_004,59
2024,마라4793,ho_yr_005,0
2024,마라4793,ho_yr_006,5
2024,마라4793,ho_yr_008,69
2024,마라4793,ho_yr_011,0
2024,마라4793,ho_yr_013,11
2024,마라4793,ho_yr_020,5
2024,마라4793,to_ho_001,570
2024,마라4794,ho_ar_006,5
2024,마라4794,ho_gb_002,5
2024,마라4794,ho_gb_006,5
2024,마라4794,ho_yr_004,0
2024,마라4794,to_ho_001,0
2024,마라4795,ho_ar_001,0
2024,마라4795,ho_ar_003,5
2024,마라4795,ho_ar_004,0
2024,마라4795,ho_ar_005,8
2024,마라4795,ho_ar_006,0
2024,마라4795,ho_ar_007,0
2024,마라4795,ho_ar_009,5
2024,마라4795,ho_gb_002,8
2024,마라4795,ho_gb_005,0
2024,마라4795,ho_gb_006,0
2024,마라4795,ho_yr_001,8
2024,마라4795,ho_yr_002,5
2024,마라4795,ho_yr_004,0
2024,마라4795,ho_yr_005,0
2024,마라4795,ho_yr_010,0
2024,마라4795,to_ho_001,13
2024,마라4797,ho_ar_004,0
2024,마라4797,ho_ar_005,0
2024,마라4797,ho_gb_002,5
2024,마라4797,ho_yr_014,5
2024,마라4797,to_ho_001,5
2024,마라4798,ho_gb_006,0
2024,마라4799,ho_gb_006,5
2024,마라4885,ho_ar_001,64
2024,마라4885,ho_ar_002,256
2024,마라4885,ho_ar_003,307
2024,마라4885,ho_ar_004,1439
2024,마라4885,ho_ar_005,181
2024,마라4885,ho_ar_006,427
2024,마라4885,ho_ar_007,202
2024,마라4885,ho_ar_008,74
2024,마라4885,ho_ar_009,8
2024,마라4885,ho_gb_001,247
2024,마라4885,ho_gb_002,60
2024,마라4885,ho_gb_003,2637
2024,마라4885,ho_gb_004,8
2024,마라4885,ho_gb_005,8
2024,마라4885,ho_gb_006,775
2024,마라4885,ho_yr_001,28
2024,마라4885,ho_yr_002,51
2024,마라4885,ho_yr_003,494
2024,마라4885,ho_yr_004,546
2024,마라4885,ho_yr_005,5
2024,마라4885,ho_yr_006,14
2024,마라4885,ho_yr_007,22
2024,마라4885,ho_yr_008,32
2024,마라4885,ho_yr_009,8
2024,마라4885,ho_yr_010,31
2024,마라4885,ho_yr_011,0
2024,마라4885,ho_yr_012,467
2024,마라4885,ho_yr_013,24
2024,마라4885,ho_yr_014,31
2024,마라4885,ho_yr_016,961
2024,마라4885,ho_yr_017,137
2024,마라4885,ho_yr_019,125
2024,마라4885,to_ho_001,2959
2024,마라4886,ho_ar_001,41
2024,마라4886,ho_ar_002,70
2024,마라4886,ho_ar_003,171
2024,마라4886,ho_ar_004,1260
2024,마라4886,ho_ar_005,142
2024,마라4886,ho_ar_006,73
2024,마라4886,ho_ar_007,561
2024,마라4886,ho_ar_008,33
2024,마라4886,ho_ar_009,13
2024,마라4886,ho_gb_001,330
2024,마라4886,ho_gb_002,94
2024,마라4886,ho_gb_003,1890
2024,마라4886,ho_gb_004,44
2024,마라4886,ho_gb_005,8
2024,마라4886,ho_gb_006,776
2024,마라4886,ho_yr_001,124
2024,마라4886,ho_yr_002,209
2024,마라4886,ho_yr_003,181
2024,마라4886,ho_yr_004,1243
2024,마라4886,ho_yr_005,279
2024,마라4886,ho_yr_006,0
2024,마라4886,ho_yr_007,5
2024,마라4886,ho_yr_008,8
2024,마라4886,ho_yr_010,305
2024,마라4886,ho_yr_013,5
2024,마라4886,ho_yr_014,5
2024,마라4886,ho_yr_018,13
2024,마라4886,ho_yr_019,5
2024,마라4886,to_ho_001,2366
2024,마라4887,ho_ar_003,8
2024,마라4887,ho_ar_004,1028
2024,마라4887,ho_ar_005,67
2024,마라4887,ho_ar_006,250
2024,마라4887,ho_ar_007,424
2024,마라4887,ho_ar_008,43
2024,마라4887,ho_ar_009,31
2024,마라4887,ho_gb_001,5
2024,마라4887,ho_gb_002,89
2024,마라4887,ho_gb_003,1753
2024,마라4887,ho_gb_004,5
2024,마라4887,ho_gb_006,842
2024,마라4887,ho_yr_001,55
2024,마라4887,ho_yr_002,29
2024,마라4887,ho_yr_003,8
2024,마라4887,ho_yr_004,762
2024,마라4887,ho_yr_005,518
2024,마라4887,ho_yr_006,473
2024,마라4887,ho_yr_018,0
2024,마라4887,to_ho_001,1847
2024,마라4888,ho_ar_001,12
2024,마라4888,ho_ar_002,95
2024,마라4888,ho_ar_003,355
2024,마라4888,ho_ar_004,1333
2024,마라4888,ho_ar_005,23
2024,마라4888,ho_ar_006,209
2024,마라4888,ho_ar_007,61
2024,마라4888,ho_ar_008,46
2024,마라4888,ho_ar_009,13
2024,마라4888,ho_gb_001,564
2024,마라4888,ho_gb_002,202
2024,마라4888,ho_gb_003,1257
2024,마라4888,ho_gb_004,88
2024,마라4888,ho_gb_005,28
2024,마라4888,ho_gb_006,18
2024,마라4888,ho_yr_001,35
2024,마라4888,ho_yr_002,259
2024,마라4888,ho_yr_003,1010
2024,마라4888,ho_yr_004,108
2024,마라4888,ho_yr_005,14
2024,마라4888,ho_yr_007,16
2024,마라4888,ho_yr_008,22
2024,마라4888,ho_yr_009,20
2024,마라4888,ho_yr_010,397
2024,마라4888,ho_yr_011,31
2024,마라4888,ho_yr_012,5
2024,마라4888,ho_yr_013,19
2024,마라4888,ho_yr_014,9
2024,마라4888,ho_yr_016,206
2024,마라4888,ho_yr_017,5
2024,마라4888,ho_yr_018,0
2024,마라4888,to_ho_001,2142
2024,마라4889,ho_ar_001,61
2024,마라4889,ho_ar_002,280
2024,마라4889,ho_ar_003,2273
2024,마라4889,ho_ar_004,3040
2024,마라4889,ho_ar_005,49
2024,마라4889,ho_ar_006,184
2024,마라4889,ho_ar_007,224
2024,마라4889,ho_ar_008,192
2024,마라4889,ho_ar_009,97
2024,마라4889,ho_gb_001,937
2024,마라4889,ho_gb_002,577
2024,마라4889,ho_gb_003,4704
2024,마라4889,ho_gb_004,106
2024,마라4889,ho_gb_005,80
2024,마라4889,ho_gb_006,98
2024,마라4889,ho_yr_001,13
2024,마라4889,ho_yr_002,1457
2024,마라4889,ho_yr_003,3843
2024,마라4889,ho_yr_004,459
2024,마라4889,ho_yr_005,203
2024,마라4889,ho_yr_006,5
2024,마라4889,ho_yr_007,43
2024,마라4889,ho_yr_008,70
2024,마라4889,ho_yr_009,60
2024,마라4889,ho_yr_010,40
2024,마라4889,ho_yr_011,75
2024,마라4889,ho_yr_012,11
2024,마라4889,ho_yr_013,11
2024,마라4889,ho_yr_014,74
2024,마라4889,ho_yr_015,40
2024,마라4889,ho_yr_017,11
2024,마라4889,to_ho_001,6403
2024,마라4890,ho_ar_001,5
2024,마라4890,ho_ar_002,1013
2024,마라4890,ho_ar_003,3870
2024,마라4890,ho_ar_004,1117
2024,마라4890,ho_ar_005,135
2024,마라4890,ho_ar_006,369
2024,마라4890,ho_ar_007,467
2024,마라4890,ho_ar_008,398
2024,마라4890,ho_ar_009,102
2024,마라4890,ho_gb_001,3739
2024,마라4890,ho_gb_002,1530
2024,마라4890,ho_gb_003,2015
2024,마라4890,ho_gb_004,129
2024,마라4890,ho_gb_005,60
2024,마라4890,ho_gb_006,60
2024,마라4890,ho_yr_001,328
2024,마라4890,ho_yr_002,764
2024,마라4890,ho_yr_003,5907
2024,마라4890,ho_yr_004,148
2024,마라4890,ho_yr_005,102
2024,마라4890,ho_yr_007,0
2024,마라4890,ho_yr_011,5
2024,마라4890,ho_yr_015,219
2024,마라4890,to_ho_001,7474
2024,마라4891,ho_ar_001,7
2024,마라4891,ho_ar_002,8
2024,마라4891,ho_ar_003,288
2024,마라4891,ho_ar_004,127
2024,마라4891,ho_ar_005,28
2024,마라4891,ho_ar_006,50
2024,마라4891,ho_ar_007,71
2024,마라4891,ho_ar_008,44
2024,마라4891,ho_ar_009,20
2024,마라4891,ho_gb_001,46
2024,마라4891,ho_gb_002,250
2024,마라4891,ho_gb_003,335
2024,마라4891,ho_gb_005,8
2024,마라4891,ho_gb_006,8
2024,마라4891,ho_yr_001,58
2024,마라4891,ho_yr_002,95
2024,마라4891,ho_yr_003,455
2024,마라4891,ho_yr_004,13
2024,마라4891,ho_yr_005,7
2024,마라4891,ho_yr_007,0
2024,마라4891,ho_yr_009,5
2024,마라4891,ho_yr_012,0
2024,마라4891,ho_yr_015,0
2024,마라4891,ho_yr_018,7
2024,마라4891,to_ho_001,641
2024,마라4892,ho_ar_001,0
2024,마라4892,ho_ar_002,8
2024,마라4892,ho_ar_003,18
2024,마라4892,ho_ar_004,28
2024,마라4892,ho_ar_005,18
2024,마라4892,ho_ar_006,13
2024,마라4892,ho_ar_007,13
2024,마라4892,ho_ar_008,5
2024,마라4892,ho_ar_009,5
2024,마라4892,ho_gb_002,107
2024,마라4892,ho_gb_005,5
2024,마라4892,ho_gb_006,8
2024,마라4892,ho_yr_001,34
2024,마라4892,ho_yr_002,44
2024,마라4892,ho_yr_003,23
2024,마라4892,ho_yr_004,5
2024,마라4892,ho_yr_007,0
2024,마라4892,ho_yr_010,0
2024,마라4892,to_ho_001,110
2024,마라4893,ho_ar_003,8
2024,마라4893,ho_ar_004,8
2024,마라4893,ho_ar_005,5
2024,마라4893,ho_ar_006,5
2024,마라4893,ho_ar_007,0
2024,마라4893,ho_gb_002,25
2024,마라4893,ho_gb_006,5
2024,마라4893,ho_yr_001,8
2024,마라4893,ho_yr_002,8
2024,마라4893,ho_yr_003,5
2024,마라4893,ho_yr_007,0
2024,마라4893,ho_yr_020,0
2024,마라4893,to_ho_001,23
2024,마라4894,ho_ar_006,0
2024,마라4894,ho_ar_009,0
2024,마라4894,ho_gb_002,5
2024,마라4894,ho_gb_006,77
2024,마라4894,ho_yr_003,0
2024,마라4894,ho_yr_010,0
2024,마라4894,to_ho_001,5
2024,마라4898,ho_gb_006,5
2024,마라4899,ho_gb_006,5
2024,마라4985,ho_ar_004,90
2024,마라4985,ho_ar_005,283
2024,마라4985,ho_ar_006,1661
2024,마라4985,ho_ar_007,805
2024,마라4985,ho_ar_008,760
2024,마라4985,ho_ar_009,23
2024,마라4985,ho_gb_003,3626
2024,마라4985,ho_gb_006,1614
2024,마라4985,ho_yr_005,455
2024,마라4985,ho_yr_006,92
2024,마라4985,ho_yr_007,3079
2024,마라4985,to_ho_001,3626
2024,마라4986,ho_ar_001,13
2024,마라4986,ho_ar_002,53
2024,마라4986,ho_ar_003,1279
2024,마라4986,ho_ar_004,3221
2024,마라4986,ho_ar_005,5
2024,마라4986,ho_ar_006,830
2024,마라4986,ho_ar_007,474
2024,마라4986,ho_ar_008,353
2024,마라4986,ho_ar_009,5
2024,마라4986,ho_gb_001,66
2024,마라4986,ho_gb_002,29
2024,마라4986,ho_gb_003,6105
2024,마라4986,ho_gb_004,25
2024,마라4986,ho_gb_005,5
2024,마라4986,ho_gb_006,98
2024,마라4986,ho_yr_001,12
2024,마라4986,ho_yr_002,36
2024,마라4986,ho_yr_003,4550
2024,마라4986,ho_yr_004,5
2024,마라4986,ho_yr_005,291
2024,마라4986,ho_yr_007,69
2024,마라4986,ho_yr_008,50
2024,마라4986,ho_yr_009,717
2024,마라4986,ho_yr_011,5
2024,마라4986,ho_yr_012,6
2024,마라4986,ho_yr_014,57
2024,마라4986,ho_yr_015,253
2024,마라4986,ho_yr_016,183
2024,마라4986,to_ho_001,6229
2024,마라4987,ho_ar_001,14
2024,마라4987,ho_ar_002,160
2024,마라4987,ho_ar_003,937
2024,마라4987,ho_ar_004,3202
2024,마라4987,ho_ar_005,13
2024,마라4987,ho_ar_006,444
2024,마라4987,ho_ar_007,106
2024,마라4987,ho_ar_008,18
2024,마라4987,ho_ar_009,5
2024,마라4987,ho_gb_001,66
2024,마라4987,ho_gb_002,72
2024,마라4987,ho_gb_003,4728
2024,마라4987,ho_gb_004,23
2024,마라4987,ho_gb_005,8
2024,마라4987,ho_gb_006,24
2024,마라4987,ho_yr_001,34
2024,마라4987,ho_yr_002,1010
2024,마라4987,ho_yr_003,1740
2024,마라4987,ho_yr_004,38
2024,마라4987,ho_yr_005,7
2024,마라4987,ho_yr_008,0
2024,마라4987,ho_yr_009,305
2024,마라4987,ho_yr_010,564
2024,마라4987,ho_yr_012,5
2024,마라4987,ho_yr_013,16
2024,마라4987,ho_yr_014,983
2024,마라4987,ho_yr_016,5
2024,마라4987,ho_yr_018,199
2024,마라4987,to_ho_001,4898
2024,마라4988,ho_ar_002,5
2024,마라4988,ho_ar_003,0
2024,마라4988,ho_ar_004,5
2024,마라4988,ho_ar_006,5
2024,마라4988,ho_ar_007,0
2024,마라4988,ho_ar_008,0
2024,마라4988,ho_gb_002,13
2024,마라4988,ho_gb_005,0
2024,마라4988,ho_gb_006,5
2024,마라4988,ho_yr_001,7
2024,마라4988,ho_yr_002,5
2024,마라4988,ho_yr_003,0
2024,마라4988,ho_yr_012,0
2024,마라4988,to_ho_001,15
2024,마라4992,ho_ar_003,0
2024,마라4992,ho_ar_004,0
2024,마라4992,ho_gb_002,5
2024,마라4992,ho_gb_006,5
2024,마라4992,ho_yr_001,0
2024,마라4992,ho_yr_002,0
2024,마라4992,to_ho_001,5
2024,마라4993,ho_ar_001,5
2024,마라4993,ho_ar_002,97
2024,마라4993,ho_ar_003,217
2024,마라4993,ho_ar_004,161
2024,마라4993,ho_ar_005,42
2024,마라4993,ho_ar_006,77
2024,마라4993,ho_ar_007,158
2024,마라4993,ho_ar_008,67
2024,마라4993,ho_ar_009,13
2024,마라4993,ho_gb_001,122
2024,마라4993,ho_gb_002,498
2024,마라4993,ho_gb_003,199
2024,마라4993,ho_gb_004,10
2024,마라4993,ho_gb_005,8
2024,마라4993,ho_gb_006,61
2024,마라4993,ho_yr_001,97
2024,마라4993,ho_yr_002,297
2024,마라4993,ho_yr_003,359
2024,마라4993,ho_yr_004,17
2024,마라4993,ho_yr_005,5
2024,마라4993,ho_yr_007,5
2024,마라4993,ho_yr_010,0
2024,마라4993,ho_yr_011,7
2024,마라4993,ho_yr_012,5
2024,마라4993,ho_yr_014,60
2024,마라4993,ho_yr_018,0
2024,마라4993,to_ho_001,838
2024,마라4994,ho_ar_002,20
2024,마라4994,ho_ar_003,89
2024,마라4994,ho_ar_004,103
2024,마라4994,ho_ar_005,13
2024,마라4994,ho_ar_006,13
2024,마라4994,ho_ar_007,8
2024,마라4994,ho_ar_008,11
2024,마라4994,ho_ar_009,5
2024,마라4994,ho_gb_001,28
2024,마라4994,ho_gb_002,87
2024,마라4994,ho_gb_003,84
2024,마라4994,ho_gb_004,55
2024,마라4994,ho_gb_005,5
2024,마라4994,ho_gb_006,5
2024,마라4994,ho_yr_001,13
2024,마라4994,ho_yr_002,100
2024,마라4994,ho_yr_003,123
2024,마라4994,ho_yr_004,16
2024,마라4994,ho_yr_006,0
2024,마라4994,ho_yr_009,0
2024,마라4994,ho_yr_012,0
2024,마라4994,ho_yr_015,11
2024,마라4994,to_ho_001,257
2024,마라4997,ho_ar_004,0
2024,마라4997,ho_gb_002,0
2024,마라4997,ho_yr_004,0
2024,마라4997,to_ho_001,0
2024,마라4998,ho_ar_003,8
2024,마라4998,ho_ar_004,13
2024,마라4998,ho_ar_005,8
2024,마라4998,ho_ar_006,8
2024,마라4998,ho_ar_007,8
2024,마라4998,ho_ar_008,5
2024,마라4998,ho_ar_009,0
2024,마라4998,ho_gb_002,45
2024,마라4998,ho_gb_005,5
2024,마라4998,ho_gb_006,5
2024,마라4998,ho_yr_001,16
2024,마라4998,ho_yr_002,8
2024,마라4998,ho_yr_003,18
2024,마라4998,ho_yr_004,5
2024,마라4998,ho_yr_005,5
2024,마라4998,ho_yr_006,5
2024,마라4998,ho_yr_013,5
2024,마라4998,ho_yr_014,0
2024,마라4998,ho_yr_018,5
2024,마라4998,to_ho_001,46
2024,마라4999,ho_ar_001,0
2024,마라4999,ho_ar_002,5
2024,마라4999,ho_ar_003,5
2024,마라4999,ho_ar_004,8
2024,마라4999,ho_ar_005,8
2024,마라4999,ho_ar_006,8
2024,마라4999,ho_ar_007,14
2024,마라4999,ho_ar_008,5
2024,마라4999,ho_gb_002,34
2024,마라4999,ho_gb_005,8
2024,마라4999,ho_gb_006,8
2024,마라4999,ho_yr_001,14
2024,마라4999,ho_yr_002,0
2024,마라4999,ho_yr_003,14
2024,마라4999,ho_yr_004,5
2024,마라4999,ho_yr_005,5
2024,마라4999,ho_yr_006,0
2024,마라4999,ho_yr_007,0
2024,마라4999,ho_yr_009,5
2024,마라4999,ho_yr_013,0
2024,마라4999,to_ho_001,40
2024,마라5085,ho_ar_003,244
2024,마라5085,ho_ar_004,74
2024,마라5085,ho_ar_005,21
2024,마라5085,ho_ar_006,58
2024,마라5085,ho_ar_007,287
2024,마라5085,ho_ar_008,103
2024,마라5085,ho_gb_003,788
2024,마라5085,ho_gb_006,371
2024,마라5085,ho_yr_003,419
2024,마라5085,ho_yr_004,266
2024,마라5085,ho_yr_005,103
2024,마라5085,to_ho_001,788
2024,마라5086,ho_ar_001,14
2024,마라5086,ho_ar_002,60
2024,마라5086,ho_ar_003,189
2024,마라5086,ho_ar_004,2475
2024,마라5086,ho_ar_005,46
2024,마라5086,ho_ar_006,94
2024,마라5086,ho_ar_007,602
2024,마라5086,ho_ar_008,635
2024,마라5086,ho_ar_009,13
2024,마라5086,ho_gb_001,54
2024,마라5086,ho_gb_002,141
2024,마라5086,ho_gb_003,3834
2024,마라5086,ho_gb_004,74
2024,마라5086,ho_gb_005,13
2024,마라5086,ho_gb_006,1625
2024,마라5086,ho_yr_001,113
2024,마라5086,ho_yr_002,227
2024,마라5086,ho_yr_003,1711
2024,마라5086,ho_yr_004,143
2024,마라5086,ho_yr_005,1149
2024,마라5086,ho_yr_006,0
2024,마라5086,ho_yr_007,9
2024,마라5086,ho_yr_008,245
2024,마라5086,ho_yr_010,209
2024,마라5086,ho_yr_011,0
2024,마라5086,ho_yr_015,316
2024,마라5086,to_ho_001,4118
2024,마라5087,ho_ar_001,0
2024,마라5087,ho_ar_002,23
2024,마라5087,ho_ar_003,219
2024,마라5087,ho_ar_004,1213
2024,마라5087,ho_ar_005,23
2024,마라5087,ho_ar_006,63
2024,마라5087,ho_ar_007,78
2024,마라5087,ho_ar_008,23
2024,마라5087,ho_ar_009,13
2024,마라5087,ho_gb_001,116
2024,마라5087,ho_gb_002,211
2024,마라5087,ho_gb_003,1258
2024,마라5087,ho_gb_004,59
2024,마라5087,ho_gb_005,13
2024,마라5087,ho_gb_006,8
2024,마라5087,ho_yr_001,77
2024,마라5087,ho_yr_002,145
2024,마라5087,ho_yr_003,925
2024,마라5087,ho_yr_004,75
2024,마라5087,ho_yr_005,324
2024,마라5087,ho_yr_007,95
2024,마라5087,ho_yr_009,0
2024,마라5087,ho_yr_010,5
2024,마라5087,ho_yr_011,7
2024,마라5087,ho_yr_012,0
2024,마라5087,ho_yr_013,5
2024,마라5087,ho_yr_014,7
2024,마라5087,ho_yr_017,0
2024,마라5087,ho_yr_018,5
2024,마라5087,to_ho_001,1657
2024,마라5092,ho_ar_002,160
2024,마라5092,ho_ar_003,121
2024,마라5092,ho_ar_004,35
2024,마라5092,ho_ar_005,13
2024,마라5092,ho_ar_006,62
2024,마라5092,ho_ar_007,71
2024,마라5092,ho_ar_008,23
2024,마라5092,ho_ar_009,20
2024,마라5092,ho_gb_001,212
2024,마라5092,ho_gb_002,272
2024,마라5092,ho_gb_003,17
2024,마라5092,ho_gb_006,5
2024,마라5092,ho_yr_001,37
2024,마라5092,ho_yr_002,32
2024,마라5092,ho_yr_003,420
2024,마라5092,ho_yr_004,5
2024,마라5092,ho_yr_005,5
2024,마라5092,ho_yr_010,0
2024,마라5092,ho_yr_013,5
2024,마라5092,to_ho_001,501
2024,마라5093,ho_ar_001,0
2024,마라5093,ho_ar_002,367
2024,마라5093,ho_ar_003,978
2024,마라5093,ho_ar_004,451
2024,마라5093,ho_ar_005,245
2024,마라5093,ho_ar_006,393
2024,마라5093,ho_ar_007,676
2024,마라5093,ho_ar_008,310
2024,마라5093,ho_ar_009,88
2024,마라5093,ho_gb_001,669
2024,마라5093,ho_gb_002,2099
2024,마라5093,ho_gb_003,658
2024,마라5093,ho_gb_004,12
2024,마라5093,ho_gb_005,63
2024,마라5093,ho_gb_006,13
2024,마라5093,ho_yr_001,223
2024,마라5093,ho_yr_002,584
2024,마라5093,ho_yr_003,2535
2024,마라5093,ho_yr_004,66
2024,마라5093,ho_yr_005,56
2024,마라5093,ho_yr_010,8
2024,마라5093,ho_yr_011,5
2024,마라5093,ho_yr_014,29
2024,마라5093,ho_yr_016,5
2024,마라5093,to_ho_001,3504
2024,마라5094,ho_ar_001,32
2024,마라5094,ho_ar_002,1581
2024,마라5094,ho_ar_003,804
2024,마라5094,ho_ar_004,531
2024,마라5094,ho_ar_005,236
2024,마라5094,ho_ar_006,322
2024,마라5094,ho_ar_007,152
2024,마라5094,ho_ar_008,156
2024,마라5094,ho_ar_009,53
2024,마라5094,ho_gb_001,612
2024,마라5094,ho_gb_002,1562
2024,마라5094,ho_gb_003,1572
2024,마라5094,ho_gb_004,42
2024,마라5094,ho_gb_005,71
2024,마라5094,ho_gb_006,18
2024,마라5094,ho_yr_001,295
2024,마라5094,ho_yr_002,583
2024,마라5094,ho_yr_003,2839
2024,마라5094,ho_yr_004,71
2024,마라5094,ho_yr_005,23
2024,마라5094,ho_yr_006,5
2024,마라5094,ho_yr_007,0
2024,마라5094,ho_yr_008,7
2024,마라5094,ho_yr_009,0
2024,마라5094,ho_yr_010,22
2024,마라5094,ho_yr_011,20
2024,마라5094,ho_yr_013,0
2024,마라5094,to_ho_001,3863
2024,마라5095,ho_ar_004,0
2024,마라5095,ho_ar_005,0
2024,마라5095,ho_gb_002,0
2024,마라5095,ho_yr_001,0
2024,마라5095,ho_yr_003,0
2024,마라5095,to_ho_001,5
2024,마라5096,ho_ar_004,5
2024,마라5096,ho_ar_005,0
2024,마라5096,ho_ar_006,0
2024,마라5096,ho_ar_009,0
2024,마라5096,ho_gb_002,5
2024,마라5096,ho_gb_005,5
2024,마라5096,ho_yr_001,0
2024,마라5096,ho_yr_002,5
2024,마라5096,to_ho_001,5
2024,마라5097,ho_ar_005,8
2024,마라5097,ho_ar_006,5
2024,마라5097,ho_ar_007,5
2024,마라5097,ho_ar_008,5
2024,마라5097,ho_gb_002,14
2024,마라5097,ho_gb_006,5
2024,마라5097,ho_yr_001,5
2024,마라5097,ho_yr_002,0
2024,마라5097,ho_yr_003,8
2024,마라5097,ho_yr_004,5
2024,마라5097,ho_yr_019,0
2024,마라5097,to_ho_001,18
2024,마라5098,ho_ar_001,0
2024,마라5098,ho_ar_002,5
2024,마라5098,ho_ar_003,5
2024,마라5098,ho_ar_004,8
2024,마라5098,ho_ar_005,8
2024,마라5098,ho_ar_006,8
2024,마라5098,ho_ar_007,5
2024,마라5098,ho_ar_008,8
2024,마라5098,ho_ar_009,0
2024,마라5098,ho_gb_002,33
2024,마라5098,ho_gb_005,8
2024,마라5098,ho_gb_006,5
2024,마라5098,ho_yr_001,5
2024,마라5098,ho_yr_002,5
2024,마라5098,ho_yr_003,8
2024,마라5098,ho_yr_004,8
2024,마라5098,ho_yr_005,5
2024,마라5098,ho_yr_006,0
2024,마라5098,ho_yr_007,5
2024,마라5098,ho_yr_008,5
2024,마라5098,ho_yr_009,5
2024,마라5098,ho_yr_010,5
2024,마라5098,ho_yr_012,0
2024,마라5098,ho_yr_013,5
2024,마라5098,to_ho_001,38
2024,마라5099,ho_ar_001,0
2024,마라5099,ho_ar_002,8
2024,마라5099,ho_ar_003,8
2024,마라5099,ho_ar_004,13
2024,마라5099,ho_ar_005,24
2024,마라5099,ho_ar_006,8
2024,마라5099,ho_ar_007,14
2024,마라5099,ho_ar_008,8
2024,마라5099,ho_ar_009,0
2024,마라5099,ho_gb_002,82
2024,마라5099,ho_gb_005,5
2024,마라5099,ho_gb_006,8
2024,마라5099,ho_yr_001,18
2024,마라5099,ho_yr_002,0
2024,마라5099,ho_yr_003,27
2024,마라5099,ho_yr_004,8
2024,마라5099,ho_yr_005,8
2024,마라5099,ho_yr_006,8
2024,마라5099,ho_yr_007,0
2024,마라5099,ho_yr_008,0
2024,마라5099,ho_yr_009,0
2024,마라5099,ho_yr_011,8
2024,마라5099,ho_yr_012,0
2024,마라5099,ho_yr_014,5
2024,마라5099,ho_yr_016,0
2024,마라5099,ho_yr_017,5
2024,마라5099,ho_yr_018,5
2024,마라5099,to_ho_001,82
2024,마라5186,ho_ar_001,78
2024,마라5186,ho_ar_002,237
2024,마라5186,ho_ar_003,502
2024,마라5186,ho_ar_004,3832
2024,마라5186,ho_ar_005,103
2024,마라5186,ho_ar_006,680
2024,마라5186,ho_ar_007,378
2024,마라5186,ho_ar_008,161
2024,마라5186,ho_ar_009,13
2024,마라5186,ho_gb_001,62
2024,마라5186,ho_gb_002,248
2024,마라5186,ho_gb_003,5599
2024,마라5186,ho_gb_004,27
2024,마라5186,ho_gb_005,44
2024,마라5186,ho_gb_006,1654
2024,마라5186,ho_yr_001,284
2024,마라5186,ho_yr_002,354
2024,마라5186,ho_yr_003,106
2024,마라5186,ho_yr_004,978
2024,마라5186,ho_yr_005,540
2024,마라5186,ho_yr_006,97
2024,마라5186,ho_yr_007,10
2024,마라5186,ho_yr_008,16
2024,마라5186,ho_yr_009,16
2024,마라5186,ho_yr_010,5
2024,마라5186,ho_yr_012,26
2024,마라5186,ho_yr_013,67
2024,마라5186,ho_yr_014,5
2024,마라5186,ho_yr_015,943
2024,마라5186,ho_yr_016,922
2024,마라5186,ho_yr_017,274
2024,마라5186,ho_yr_018,152
2024,마라5186,ho_yr_019,497
2024,마라5186,ho_yr_020,703
2024,마라5186,to_ho_001,5986
2024,마라5187,ho_ar_001,11
2024,마라5187,ho_ar_002,66
2024,마라5187,ho_ar_003,1135
2024,마라5187,ho_ar_004,1069
2024,마라5187,ho_ar_005,45
2024,마라5187,ho_ar_006,237
2024,마라5187,ho_ar_007,380
2024,마라5187,ho_ar_008,66
2024,마라5187,ho_ar_009,18
2024,마라5187,ho_gb_001,241
2024,마라5187,ho_gb_002,405
2024,마라5187,ho_gb_003,2081
2024,마라5187,ho_gb_004,282
2024,마라5187,ho_gb_005,13
2024,마라5187,ho_gb_006,624
2024,마라5187,ho_yr_001,153
2024,마라5187,ho_yr_002,135
2024,마라5187,ho_yr_003,1922
2024,마라5187,ho_yr_004,440
2024,마라5187,ho_yr_005,321
2024,마라5187,ho_yr_006,0
2024,마라5187,ho_yr_007,33
2024,마라5187,ho_yr_008,5
2024,마라5187,ho_yr_009,16
2024,마라5187,ho_yr_010,0
2024,마라5187,ho_yr_011,5
2024,마라5187,ho_yr_012,0
2024,마라5187,ho_yr_013,0
2024,마라5187,ho_yr_016,5
2024,마라5187,ho_yr_017,5
2024,마라5187,to_ho_001,3028
2024,마라5188,ho_ar_003,640
2024,마라5188,ho_ar_004,183
2024,마라5188,ho_ar_006,217
2024,마라5188,ho_ar_007,207
2024,마라5188,ho_gb_003,1252
2024,마라5188,ho_yr_002,5
2024,마라5188,ho_yr_003,1247
2024,마라5188,to_ho_001,1252
2024,마라5189,ho_gb_006,0
2024,마라5190,ho_gb_006,0
2024,마라5191,ho_ar_002,0
2024,마라5191,ho_ar_007,0
2024,마라5191,ho_gb_002,5
2024,마라5191,ho_gb_006,8
2024,마라5191,ho_yr_009,0
2024,마라5191,ho_yr_011,0
2024,마라5191,to_ho_001,5
2024,마라5192,ho_gb_006,0
2024,마라5193,ho_ar_002,844
2024,마라5193,ho_ar_003,1540
2024,마라5193,ho_ar_004,988
2024,마라5193,ho_ar_005,5
2024,마라5193,ho_ar_006,5
2024,마라5193,ho_ar_007,5
2024,마라5193,ho_ar_008,5
2024,마라5193,ho_ar_009,5
2024,마라5193,ho_gb_001,38
2024,마라5193,ho_gb_002,20
2024,마라5193,ho_gb_003,3291
2024,마라5193,ho_gb_004,31
2024,마라5193,ho_gb_005,5
2024,마라5193,ho_gb_006,8
2024,마라5193,ho_yr_001,5
2024,마라5193,ho_yr_002,66
2024,마라5193,ho_yr_003,2979
2024,마라5193,ho_yr_004,316
2024,마라5193,ho_yr_005,0
2024,마라5193,ho_yr_008,17
2024,마라5193,ho_yr_009,5
2024,마라5193,to_ho_001,3381
2024,마라5194,ho_ar_002,146
2024,마라5194,ho_ar_003,622
2024,마라5194,ho_ar_004,680
2024,마라5194,ho_ar_005,0
2024,마라5194,ho_ar_006,43
2024,마라5194,ho_ar_007,5
2024,마라5194,ho_ar_008,5
2024,마라5194,ho_gb_001,5
2024,마라5194,ho_gb_002,8
2024,마라5194,ho_gb_003,1482
2024,마라5194,ho_gb_005,5
2024,마라5194,ho_gb_006,8
2024,마라5194,ho_yr_001,5
2024,마라5194,ho_yr_002,158
2024,마라5194,ho_yr_003,1074
2024,마라5194,ho_yr_004,0
2024,마라5194,ho_yr_010,124
2024,마라5194,ho_yr_012,138
2024,마라5194,to_ho_001,1497
2024,마라5195,ho_ar_002,430
2024,마라5195,ho_ar_003,590
2024,마라5195,ho_ar_004,375
2024,마라5195,ho_ar_005,5
2024,마라5195,ho_ar_006,8
2024,마라5195,ho_ar_007,5
2024,마라5195,ho_ar_008,5
2024,마라5195,ho_ar_009,8
2024,마라5195,ho_gb_002,31
2024,마라5195,ho_gb_003,1380
2024,마라5195,ho_gb_006,8
2024,마라5195,ho_yr_001,5
2024,마라5195,ho_yr_003,8
2024,마라5195,ho_yr_004,5
2024,마라5195,ho_yr_006,1010
2024,마라5195,ho_yr_007,5
2024,마라5195,ho_yr_008,5
2024,마라5195,ho_yr_009,5
2024,마라5195,ho_yr_010,60
2024,마라5195,ho_yr_011,5
2024,마라5195,ho_yr_012,310
2024,마라5195,ho_yr_013,0
2024,마라5195,ho_yr_016,5
2024,마라5195,ho_yr_017,5
2024,마라5195,ho_yr_020,0
2024,마라5195,to_ho_001,1408
2024,마라5196,ho_ar_002,0
2024,마라5196,ho_ar_009,0
2024,마라5196,ho_gb_002,5
2024,마라5196,ho_gb_006,0
2024,마라5196,ho_yr_001,0
2024,마라5196,ho_yr_003,0
2024,마라5196,to_ho_001,5
2024,마라5197,ho_ar_002,5
2024,마라5197,ho_ar_003,0
2024,마라5197,ho_ar_004,19
2024,마라5197,ho_ar_005,8
2024,마라5197,ho_ar_006,5
2024,마라5197,ho_ar_007,5
2024,마라5197,ho_ar_008,8
2024,마라5197,ho_ar_009,5
2024,마라5197,ho_gb_002,36
2024,마라5197,ho_gb_005,5
2024,마라5197,ho_gb_006,8
2024,마라5197,ho_yr_001,8
2024,마라5197,ho_yr_002,5
2024,마라5197,ho_yr_003,14
2024,마라5197,ho_yr_004,8
2024,마라5197,ho_yr_005,5
2024,마라5197,ho_yr_006,5
2024,마라5197,ho_yr_007,0
2024,마라5197,ho_yr_008,0
2024,마라5197,ho_yr_009,5
2024,마라5197,ho_yr_013,5
2024,마라5197,ho_yr_016,0
2024,마라5197,to_ho_001,39
2024,마라5198,ho_ar_002,5
2024,마라5198,ho_ar_004,13
2024,마라5198,ho_ar_005,8
2024,마라5198,ho_ar_006,8
2024,마라5198,ho_ar_007,8
2024,마라5198,ho_ar_008,5
2024,마라5198,ho_ar_009,5
2024,마라5198,ho_gb_002,39
2024,마라5198,ho_gb_005,0
2024,마라5198,ho_gb_006,8
2024,마라5198,ho_yr_001,14
2024,마라5198,ho_yr_002,5
2024,마라5198,ho_yr_003,8
2024,마라5198,ho_yr_004,8
2024,마라5198,ho_yr_005,8
2024,마라5198,ho_yr_006,0
2024,마라5198,ho_yr_007,0
2024,마라5198,ho_yr_008,0
2024,마라5198,ho_yr_011,0
2024,마라5198,ho_yr_012,0
2024,마라5198,ho_yr_013,0
2024,마라5198,ho_yr_017,0
2024,마라5198,to_ho_001,39
2024,마라5199,ho_ar_002,5
2024,마라5199,ho_ar_003,5
2024,마라5199,ho_ar_004,8
2024,마라5199,ho_ar_005,5
2024,마라5199,ho_ar_006,8
2024,마라5199,ho_ar_007,8
2024,마라5199,ho_ar_008,0
2024,마라5199,ho_gb_002,34
2024,마라5199,ho_gb_006,8
2024,마라5199,ho_yr_001,14
2024,마라5199,ho_yr_002,5
2024,마라5199,ho_yr_003,11
2024,마라5199,ho_yr_004,5
2024,마라5199,ho_yr_008,0
2024,마라5199,ho_yr_011,0
2024,마라5199,ho_yr_013,5
2024,마라5199,ho_yr_016,5
2024,마라5199,ho_yr_017,5
2024,마라5199,to_ho_001,35
2024,마라5285,ho_ar_002,5
2024,마라5285,ho_ar_003,5
2024,마라5285,ho_ar_004,25
2024,마라5285,ho_ar_005,5
2024,마라5285,ho_ar_006,8
2024,마라5285,ho_ar_007,72
2024,마라5285,ho_ar_008,40
2024,마라5285,ho_ar_009,5
2024,마라5285,ho_gb_002,15
2024,마라5285,ho_gb_003,116
2024,마라5285,ho_gb_004,17
2024,마라5285,ho_gb_006,5
2024,마라5285,ho_yr_001,5
2024,마라5285,ho_yr_002,46
2024,마라5285,ho_yr_003,56
2024,마라5285,ho_yr_004,16
2024,마라5285,ho_yr_014,8
2024,마라5285,ho_yr_020,24
2024,마라5285,to_ho_001,147
2024,마라5286,ho_ar_001,47
2024,마라5286,ho_ar_002,292
2024,마라5286,ho_ar_003,1511
2024,마라5286,ho_ar_004,2893
2024,마라5286,ho_ar_005,165
2024,마라5286,ho_ar_006,1338
2024,마라5286,ho_ar_007,1071
2024,마라5286,ho_ar_008,296
2024,마라5286,ho_ar_009,62
2024,마라5286,ho_gb_001,625
2024,마라5286,ho_gb_002,296
2024,마라5286,ho_gb_003,6261
2024,마라5286,ho_gb_004,459
2024,마라5286,ho_gb_005,33
2024,마라5286,ho_gb_006,769
2024,마라5286,ho_yr_001,138
2024,마라5286,ho_yr_002,439
2024,마라5286,ho_yr_003,2848
2024,마라5286,ho_yr_004,585
2024,마라5286,ho_yr_005,444
2024,마라5286,ho_yr_006,5
2024,마라5286,ho_yr_007,171
2024,마라5286,ho_yr_008,333
2024,마라5286,ho_yr_009,137
2024,마라5286,ho_yr_010,761
2024,마라5286,ho_yr_011,1007
2024,마라5286,ho_yr_013,348
2024,마라5286,ho_yr_015,399
2024,마라5286,ho_yr_016,31
2024,마라5286,ho_yr_017,31
2024,마라5286,ho_yr_019,0
2024,마라5286,ho_yr_020,5
2024,마라5286,to_ho_001,7675
2024,마라5287,ho_ar_001,32
2024,마라5287,ho_ar_002,64
2024,마라5287,ho_ar_003,3839
2024,마라5287,ho_ar_004,2145
2024,마라5287,ho_ar_005,8
2024,마라5287,ho_ar_006,907
2024,마라5287,ho_ar_007,1033
2024,마라5287,ho_ar_008,114
2024,마라5287,ho_ar_009,8
2024,마라5287,ho_gb_001,79
2024,마라5287,ho_gb_002,74
2024,마라5287,ho_gb_003,7926
2024,마라5287,ho_gb_004,38
2024,마라5287,ho_gb_005,38
2024,마라5287,ho_gb_006,5224
2024,마라5287,ho_yr_001,13
2024,마라5287,ho_yr_002,8
2024,마라5287,ho_yr_003,6075
2024,마라5287,ho_yr_004,703
2024,마라5287,ho_yr_005,707
2024,마라5287,ho_yr_007,418
2024,마라5287,ho_yr_008,33
2024,마라5287,ho_yr_009,13
2024,마라5287,ho_yr_010,144
2024,마라5287,ho_yr_011,35
2024,마라5287,ho_yr_012,5
2024,마라5287,ho_yr_013,8
2024,마라5287,ho_yr_014,0
2024,마라5287,ho_yr_015,5
2024,마라5287,ho_yr_016,0
2024,마라5287,ho_yr_018,13
2024,마라5287,ho_yr_019,0
2024,마라5287,to_ho_001,8157
2024,마라5288,ho_ar_002,47
2024,마라5288,ho_ar_003,4426
2024,마라5288,ho_ar_004,1540
2024,마라5288,ho_ar_005,188
2024,마라5288,ho_ar_006,805
2024,마라5288,ho_ar_007,1802
2024,마라5288,ho_ar_008,0
2024,마라5288,ho_gb_002,0
2024,마라5288,ho_gb_003,8808
2024,마라5288,ho_gb_006,8
2024,마라5288,ho_yr_003,8813
2024,마라5288,to_ho_001,8813
2024,마라5290,ho_ar_002,0
2024,마라5290,ho_gb_002,0
2024,마라5290,ho_gb_006,0
2024,마라5290,ho_yr_003,0
2024,마라5290,to_ho_001,0
2024,마라5292,ho_gb_006,0
2024,마라5294,ho_ar_002,5
2024,마라5294,ho_ar_003,8
2024,마라5294,ho_ar_004,238
2024,마라5294,ho_ar_005,13
2024,마라5294,ho_ar_006,13
2024,마라5294,ho_ar_007,8
2024,마라5294,ho_ar_008,13
2024,마라5294,ho_ar_009,5
2024,마라5294,ho_gb_001,18
2024,마라5294,ho_gb_002,61
2024,마라5294,ho_gb_003,215
2024,마라5294,ho_gb_005,8
2024,마라5294,ho_gb_006,13
2024,마라5294,ho_yr_001,13
2024,마라5294,ho_yr_002,13
2024,마라5294,ho_yr_003,13
2024,마라5294,ho_yr_004,5
2024,마라5294,ho_yr_005,0
2024,마라5294,ho_yr_009,0
2024,마라5294,ho_yr_010,223
2024,마라5294,ho_yr_011,5
2024,마라5294,ho_yr_012,15
2024,마라5294,ho_yr_013,5
2024,마라5294,ho_yr_015,0
2024,마라5294,ho_yr_016,5
2024,마라5294,ho_yr_017,5
2024,마라5294,to_ho_001,298
2024,마라5295,ho_ar_002,5
2024,마라5295,ho_ar_003,8
2024,마라5295,ho_ar_004,81
2024,마라5295,ho_ar_005,14
2024,마라5295,ho_ar_006,13
2024,마라5295,ho_ar_007,5
2024,마라5295,ho_ar_008,5
2024,마라5295,ho_ar_009,5
2024,마라5295,ho_gb_002,53
2024,마라5295,ho_gb_003,73
2024,마라5295,ho_gb_005,5
2024,마라5295,ho_gb_006,8
2024,마라5295,ho_yr_001,13
2024,마라5295,ho_yr_002,5
2024,마라5295,ho_yr_003,13
2024,마라5295,ho_yr_004,5
2024,마라5295,ho_yr_005,5
2024,마라5295,ho_yr_006,0
2024,마라5295,ho_yr_007,0
2024,마라5295,ho_yr_008,8
2024,마라5295,ho_yr_009,0
2024,마라5295,ho_yr_010,78
2024,마라5295,ho_yr_011,5
2024,마라5295,ho_yr_012,5
2024,마라5295,ho_yr_014,0
2024,마라5295,ho_yr_017,0
2024,마라5295,ho_yr_018,0
2024,마라5295,ho_yr_020,5
2024,마라5295,to_ho_001,131
2024,마라5296,ho_ar_004,5
2024,마라5296,ho_ar_005,5
2024,마라5296,ho_ar_006,0
2024,마라5296,ho_ar_007,5
2024,마라5296,ho_ar_008,0
2024,마라5296,ho_gb_002,8
2024,마라5296,ho_gb_005,0
2024,마라5296,ho_gb_006,0
2024,마라5296,ho_yr_001,0
2024,마라5296,ho_yr_002,0
2024,마라5296,ho_yr_003,5
2024,마라5296,ho_yr_004,5
2024,마라5296,ho_yr_005,0
2024,마라5296,to_ho_001,8
2024,마라5297,ho_ar_002,5
2024,마라5297,ho_ar_004,5
2024,마라5297,ho_ar_005,5
2024,마라5297,ho_ar_006,5
2024,마라5297,ho_ar_007,0
2024,마라5297,ho_ar_008,0
2024,마라5297,ho_gb_002,19
2024,마라5297,ho_gb_006,8
2024,마라5297,ho_yr_001,5
2024,마라5297,ho_yr_003,8
2024,마라5297,ho_yr_004,5
2024,마라5297,ho_yr_017,0
2024,마라5297,ho_yr_018,0
2024,마라5297,to_ho_001,18
2024,마라5298,ho_ar_003,5
2024,마라5298,ho_ar_005,5
2024,마라5298,ho_ar_008,5
2024,마라5298,ho_gb_002,8
2024,마라5298,ho_gb_006,5
2024,마라5298,ho_yr_001,8
2024,마라5298,ho_yr_003,0
2024,마라5298,ho_yr_004,0
2024,마라5298,ho_yr_005,5
2024,마라5298,ho_yr_010,0
2024,마라5298,ho_yr_012,5
2024,마라5298,to_ho_001,8
2024,마라5299,ho_ar_002,5
2024,마라5299,ho_ar_003,13
2024,마라5299,ho_ar_004,13
2024,마라5299,ho_ar_005,8
2024,마라5299,ho_ar_006,8
2024,마라5299,ho_ar_007,5
2024,마라5299,ho_ar_008,5
2024,마라5299,ho_ar_009,5
2024,마라5299,ho_gb_002,48
2024,마라5299,ho_gb_005,5
2024,마라5299,ho_gb_006,5
2024,마라5299,ho_yr_001,21
2024,마라5299,ho_yr_003,13
2024,마라5299,ho_yr_004,5
2024,마라5299,ho_yr_005,5
2024,마라5299,ho_yr_006,5
2024,마라5299,ho_yr_007,5
2024,마라5299,ho_yr_011,0
2024,마라5299,ho_yr_014,0
2024,마라5299,ho_yr_016,0
2024,마라5299,to_ho_001,51
2024,마라5385,ho_ar_004,0
2024,마라5385,ho_ar_006,11
2024,마라5385,ho_ar_007,12
2024,마라5385,ho_ar_008,5
2024,마라5385,ho_gb_001,13
2024,마라5385,ho_gb_003,12
2024,마라5385,ho_gb_006,10
2024,마라5385,ho_yr_003,6
2024,마라5385,ho_yr_004,11
2024,마라5385,ho_yr_005,5
2024,마라5385,ho_yr_006,5
2024,마라5385,to_ho_001,25
2024,마라5386,ho_ar_001,49
2024,마라5386,ho_ar_002,557
2024,마라5386,ho_ar_003,3336
2024,마라5386,ho_ar_004,812
2024,마라5386,ho_ar_005,210
2024,마라5386,ho_ar_006,698
2024,마라5386,ho_ar_007,613
2024,마라5386,ho_ar_008,36
2024,마라5386,ho_ar_009,18
2024,마라5386,ho_gb_001,1126
2024,마라5386,ho_gb_002,88
2024,마라5386,ho_gb_003,4872
2024,마라5386,ho_gb_004,237
2024,마라5386,ho_gb_005,8
2024,마라5386,ho_gb_006,125
2024,마라5386,ho_yr_001,46
2024,마라5386,ho_yr_002,143
2024,마라5386,ho_yr_003,4134
2024,마라5386,ho_yr_004,711
2024,마라5386,ho_yr_005,25
2024,마라5386,ho_yr_006,8
2024,마라5386,ho_yr_007,0
2024,마라5386,ho_yr_008,17
2024,마라5386,ho_yr_010,0
2024,마라5386,ho_yr_011,1149
2024,마라5386,ho_yr_012,20
2024,마라5386,ho_yr_013,14
2024,마라5386,ho_yr_014,22
2024,마라5386,ho_yr_015,23
2024,마라5386,ho_yr_016,6
2024,마라5386,ho_yr_019,20
2024,마라5386,to_ho_001,6328
2024,마라5387,ho_ar_002,76
2024,마라5387,ho_ar_003,2225
2024,마라5387,ho_ar_004,1397
2024,마라5387,ho_ar_005,67
2024,마라5387,ho_ar_006,358
2024,마라5387,ho_ar_007,1278
2024,마라5387,ho_gb_003,5401
2024,마라5387,ho_gb_006,140
2024,마라5387,ho_yr_003,5304
2024,마라5387,ho_yr_016,97
2024,마라5387,to_ho_001,5401
2024,마라5388,ho_ar_003,802
2024,마라5388,ho_ar_004,203
2024,마라5388,ho_ar_005,33
2024,마라5388,ho_ar_007,124
2024,마라5388,ho_gb_003,1162
2024,마라5388,ho_yr_003,1162
2024,마라5388,to_ho_001,1162
2024,마라5390,ho_ar_004,5
2024,마라5390,ho_gb_002,0
2024,마라5390,ho_yr_001,0
2024,마라5390,to_ho_001,0
2024,마라5392,ho_ar_002,0
2024,마라5392,ho_gb_002,5
2024,마라5392,ho_yr_003,0
2024,마라5392,to_ho_001,0
2024,마라5394,ho_ar_009,0
2024,마라5394,ho_gb_002,0
2024,마라5394,ho_yr_003,0
2024,마라5394,to_ho_001,0
2024,마라5396,ho_ar_002,5
2024,마라5396,ho_ar_003,5
2024,마라5396,ho_ar_004,5
2024,마라5396,ho_ar_005,0
2024,마라5396,ho_ar_006,0
2024,마라5396,ho_ar_007,5
2024,마라5396,ho_ar_008,5
2024,마라5396,ho_gb_002,13
2024,마라5396,ho_gb_005,0
2024,마라5396,ho_gb_006,5
2024,마라5396,ho_yr_001,5
2024,마라5396,ho_yr_002,5
2024,마라5396,ho_yr_003,8
2024,마라5396,ho_yr_004,5
2024,마라5396,ho_yr_006,0
2024,마라5396,ho_yr_012,0
2024,마라5396,ho_yr_014,0
2024,마라5396,to_ho_001,13
2024,마라5397,ho_ar_006,0
2024,마라5397,ho_gb_005,5
2024,마라5397,ho_yr_003,5
2024,마라5397,to_ho_001,5
2024,마라5398,ho_ar_003,5
2024,마라5398,ho_ar_005,5
2024,마라5398,ho_ar_006,5
2024,마라5398,ho_ar_007,0
2024,마라5398,ho_gb_002,5
2024,마라5398,ho_yr_003,0
2024,마라5398,ho_yr_007,5
2024,마라5398,ho_yr_014,0
2024,마라5398,to_ho_001,5
2024,마라5486,ho_ar_001,0
2024,마라5486,ho_ar_002,8
2024,마라5486,ho_ar_003,8
2024,마라5486,ho_ar_004,8
2024,마라5486,ho_ar_005,5
2024,마라5486,ho_ar_006,8
2024,마라5486,ho_ar_007,8
2024,마라5486,ho_ar_008,5
2024,마라5486,ho_ar_009,0
2024,마라5486,ho_gb_002,42
2024,마라5486,ho_gb_005,5
2024,마라5486,ho_gb_006,5
2024,마라5486,ho_yr_001,13
2024,마라5486,ho_yr_002,20
2024,마라5486,ho_yr_003,5
2024,마라5486,ho_yr_004,0
2024,마라5486,ho_yr_005,5
2024,마라5486,ho_yr_006,5
2024,마라5486,ho_yr_009,0
2024,마라5486,ho_yr_014,0
2024,마라5486,to_ho_001,45
2024,마라5487,ho_ar_002,5
2024,마라5487,ho_ar_003,0
2024,마라5487,ho_ar_004,5
2024,마라5487,ho_ar_005,0
2024,마라5487,ho_ar_006,5
2024,마라5487,ho_ar_008,5
2024,마라5487,ho_gb_002,8
2024,마라5487,ho_gb_005,5
2024,마라5487,ho_gb_006,5
2024,마라5487,ho_yr_001,0
2024,마라5487,ho_yr_002,5
2024,마라5487,ho_yr_003,0
2024,마라5487,ho_yr_004,5
2024,마라5487,ho_yr_013,0
2024,마라5487,to_ho_001,13
2024,마라5488,ho_ar_002,450
2024,마라5488,ho_ar_003,799
2024,마라5488,ho_ar_004,440
2024,마라5488,ho_ar_005,8
2024,마라5488,ho_ar_006,13
2024,마라5488,ho_ar_007,52
2024,마라5488,ho_ar_008,22
2024,마라5488,ho_ar_009,8
2024,마라5488,ho_gb_001,143
2024,마라5488,ho_gb_002,59
2024,마라5488,ho_gb_003,1556
2024,마라5488,ho_gb_004,12
2024,마라5488,ho_gb_005,18
2024,마라5488,ho_gb_006,49
2024,마라5488,ho_yr_001,18
2024,마라5488,ho_yr_002,46
2024,마라5488,ho_yr_003,103
2024,마라5488,ho_yr_004,182
2024,마라5488,ho_yr_005,786
2024,마라5488,ho_yr_006,0
2024,마라5488,ho_yr_008,30
2024,마라5488,ho_yr_010,8
2024,마라5488,ho_yr_011,383
2024,마라5488,ho_yr_012,5
2024,마라5488,ho_yr_013,5
2024,마라5488,ho_yr_014,216
2024,마라5488,ho_yr_015,17
2024,마라5488,ho_yr_016,0
2024,마라5488,ho_yr_017,5
2024,마라5488,ho_yr_018,0
2024,마라5488,to_ho_001,1787
2024,마라5489,ho_ar_004,30
2024,마라5489,ho_ar_006,0
2024,마라5489,ho_ar_008,0
2024,마라5489,ho_ar_009,0
2024,마라5489,ho_gb_002,0
2024,마라5489,ho_gb_003,33
2024,마라5489,ho_gb_006,0
2024,마라5489,ho_yr_003,0
2024,마라5489,ho_yr_004,33
2024,마라5489,ho_yr_005,0
2024,마라5489,ho_yr_013,0
2024,마라5489,to_ho_001,38
2024,마라5490,ho_ar_003,5
2024,마라5490,ho_ar_004,8
2024,마라5490,ho_ar_006,5
2024,마라5490,ho_ar_007,5
2024,마라5490,ho_gb_002,15
2024,마라5490,ho_gb_005,0
2024,마라5490,ho_gb_006,0
2024,마라5490,ho_yr_001,8
2024,마라5490,ho_yr_002,0
2024,마라5490,ho_yr_004,0
2024,마라5490,ho_yr_005,0
2024,마라5490,ho_yr_009,0
2024,마라5490,ho_yr_010,5
2024,마라5490,ho_yr_013,0
2024,마라5490,to_ho_001,16
2024,마라5491,ho_ar_002,5
2024,마라5491,ho_ar_005,5
2024,마라5491,ho_gb_002,5
2024,마라5491,ho_gb_006,0
2024,마라5491,ho_yr_002,0
2024,마라5491,ho_yr_003,0
2024,마라5491,to_ho_001,5
2024,마라5492,ho_ar_001,0
2024,마라5492,ho_ar_002,5
2024,마라5492,ho_ar_003,5
2024,마라5492,ho_ar_004,13
2024,마라5492,ho_ar_005,5
2024,마라5492,ho_ar_006,8
2024,마라5492,ho_ar_007,5
2024,마라5492,ho_ar_008,5
2024,마라5492,ho_ar_009,8
2024,마라5492,ho_gb_002,34
2024,마라5492,ho_gb_006,8
2024,마라5492,ho_yr_001,8
2024,마라5492,ho_yr_002,0
2024,마라5492,ho_yr_003,8
2024,마라5492,ho_yr_004,0
2024,마라5492,ho_yr_005,0
2024,마라5492,ho_yr_008,5
2024,마라5492,ho_yr_009,0
2024,마라5492,ho_yr_010,5
2024,마라5492,ho_yr_011,0
2024,마라5492,ho_yr_012,5
2024,마라5492,ho_yr_013,0
2024,마라5492,ho_yr_014,0
2024,마라5492,ho_yr_016,5
2024,마라5492,ho_yr_018,0
2024,마라5492,to_ho_001,33
2024,마라5494,ho_ar_007,0
2024,마라5494,ho_gb_002,0
2024,마라5494,ho_yr_002,0
2024,마라5494,to_ho_001,0
2024,마라5496,ho_ar_002,5
2024,마라5496,ho_ar_003,5
2024,마라5496,ho_ar_005,0
2024,마라5496,ho_ar_006,0
2024,마라5496,ho_gb_002,8
2024,마라5496,ho_gb_006,5
2024,마라5496,ho_yr_001,5
2024,마라5496,ho_yr_003,0
2024,마라5496,ho_yr_004,0
2024,마라5496,ho_yr_007,0
2024,마라5496,to_ho_001,8
2024,마라5497,ho_ar_001,0
2024,마라5497,ho_ar_002,5
2024,마라5497,ho_ar_003,8
2024,마라5497,ho_ar_004,13
2024,마라5497,ho_ar_005,13
2024,마라5497,ho_ar_006,8
2024,마라5497,ho_ar_007,5
2024,마라5497,ho_ar_008,5
2024,마라5497,ho_ar_009,5
2024,마라5497,ho_gb_002,46
2024,마라5497,ho_gb_006,5
2024,마라5497,ho_yr_001,13
2024,마라5497,ho_yr_002,5
2024,마라5497,ho_yr_003,5
2024,마라5497,ho_yr_004,0
2024,마라5497,ho_yr_005,5
2024,마라5497,ho_yr_007,5
2024,마라5497,ho_yr_011,5
2024,마라5497,ho_yr_012,5
2024,마라5497,ho_yr_013,5
2024,마라5497,ho_yr_014,5
2024,마라5497,ho_yr_015,5
2024,마라5497,ho_yr_016,0
2024,마라5497,ho_yr_017,0
2024,마라5497,ho_yr_018,0
2024,마라5497,to_ho_001,48
2024,마라5499,ho_ar_003,0
2024,마라5499,ho_ar_005,5
2024,마라5499,ho_ar_007,5
2024,마라5499,ho_ar_008,8
2024,마라5499,ho_ar_009,8
2024,마라5499,ho_gb_002,22
2024,마라5499,ho_yr_008,0
2024,마라5499,ho_yr_009,5
2024,마라5499,ho_yr_010,0
2024,마라5499,ho_yr_011,5
2024,마라5499,ho_yr_012,5
2024,마라5499,ho_yr_013,5
2024,마라5499,ho_yr_014,5
2024,마라5499,ho_yr_015,5
2024,마라5499,ho_yr_016,0
2024,마라5499,ho_yr_017,0
2024,마라5499,ho_yr_018,5
2024,마라5499,ho_yr_019,0
2024,마라5499,to_ho_001,23
2024,마라5588,ho_ar_001,35
2024,마라5588,ho_ar_002,36
2024,마라5588,ho_ar_003,171
2024,마라5588,ho_ar_004,286
2024,마라5588,ho_ar_005,13
2024,마라5588,ho_ar_006,27
2024,마라5588,ho_ar_007,20
2024,마라5588,ho_ar_008,13
2024,마라5588,ho_ar_009,8
2024,마라5588,ho_gb_001,88
2024,마라5588,ho_gb_002,92
2024,마라5588,ho_gb_003,395
2024,마라5588,ho_gb_004,17
2024,마라5588,ho_gb_005,18
2024,마라5588,ho_gb_006,101
2024,마라5588,ho_yr_001,32
2024,마라5588,ho_yr_002,37
2024,마라5588,ho_yr_003,28
2024,마라5588,ho_yr_004,134
2024,마라5588,ho_yr_005,8
2024,마라5588,ho_yr_006,5
2024,마라5588,ho_yr_007,5
2024,마라5588,ho_yr_008,101
2024,마라5588,ho_yr_009,25
2024,마라5588,ho_yr_010,50
2024,마라5588,ho_yr_012,0
2024,마라5588,ho_yr_013,39
2024,마라5588,ho_yr_014,69
2024,마라5588,ho_yr_015,26
2024,마라5588,ho_yr_016,5
2024,마라5588,ho_yr_017,26
2024,마라5588,ho_yr_020,30
2024,마라5588,to_ho_001,611
2024,마라5589,ho_ar_001,7
2024,마라5589,ho_ar_002,46
2024,마라5589,ho_ar_003,914
2024,마라5589,ho_ar_004,408
2024,마라5589,ho_ar_005,28
2024,마라5589,ho_ar_006,55
2024,마라5589,ho_ar_007,70
2024,마라5589,ho_ar_008,83
2024,마라5589,ho_ar_009,54
2024,마라5589,ho_gb_001,331
2024,마라5589,ho_gb_002,329
2024,마라5589,ho_gb_003,981
2024,마라5589,ho_gb_004,12
2024,마라5589,ho_gb_005,13
2024,마라5589,ho_gb_006,28
2024,마라5589,ho_yr_001,29
2024,마라5589,ho_yr_002,87
2024,마라5589,ho_yr_003,243
2024,마라5589,ho_yr_004,201
2024,마라5589,ho_yr_005,28
2024,마라5589,ho_yr_006,901
2024,마라5589,ho_yr_007,18
2024,마라5589,ho_yr_008,13
2024,마라5589,ho_yr_009,25
2024,마라5589,ho_yr_010,27
2024,마라5589,ho_yr_011,39
2024,마라5589,ho_yr_012,19
2024,마라5589,ho_yr_013,20
2024,마라5589,ho_yr_014,8
2024,마라5589,ho_yr_015,5
2024,마라5589,ho_yr_016,5
2024,마라5589,ho_yr_017,8
2024,마라5589,ho_yr_018,5
2024,마라5589,to_ho_001,1664
2024,마라5590,ho_ar_002,5
2024,마라5590,ho_ar_003,0
2024,마라5590,ho_ar_004,130
2024,마라5590,ho_ar_005,13
2024,마라5590,ho_ar_006,13
2024,마라5590,ho_ar_007,8
2024,마라5590,ho_ar_008,13
2024,마라5590,ho_ar_009,8
2024,마라5590,ho_gb_001,14
2024,마라5590,ho_gb_002,61
2024,마라5590,ho_gb_003,107
2024,마라5590,ho_gb_005,5
2024,마라5590,ho_gb_006,13
2024,마라5590,ho_yr_001,13
2024,마라5590,ho_yr_002,5
2024,마라5590,ho_yr_003,22
2024,마라5590,ho_yr_004,11
2024,마라5590,ho_yr_005,5
2024,마라5590,ho_yr_006,5
2024,마라5590,ho_yr_007,0
2024,마라5590,ho_yr_008,5
2024,마라5590,ho_yr_009,5
2024,마라5590,ho_yr_010,0
2024,마라5590,ho_yr_011,0
2024,마라5590,ho_yr_012,5
2024,마라5590,ho_yr_013,107
2024,마라5590,ho_yr_015,0
2024,마라5590,ho_yr_016,0
2024,마라5590,ho_yr_017,0
2024,마라5590,ho_yr_020,0
2024,마라5590,to_ho_001,185
2024,마라5591,ho_ar_002,358
2024,마라5591,ho_ar_003,565
2024,마라5591,ho_ar_004,685
2024,마라5591,ho_ar_005,8
2024,마라5591,ho_ar_006,8
2024,마라5591,ho_ar_007,11
2024,마라5591,ho_ar_008,5
2024,마라5591,ho_gb_002,43
2024,마라5591,ho_gb_003,1585
2024,마라5591,ho_gb_005,5
2024,마라5591,ho_gb_006,8
2024,마라5591,ho_yr_001,13
2024,마라5591,ho_yr_002,8
2024,마라5591,ho_yr_003,8
2024,마라5591,ho_yr_004,5
2024,마라5591,ho_yr_005,1185
2024,마라5591,ho_yr_009,0
2024,마라5591,ho_yr_012,5
2024,마라5591,ho_yr_013,411
2024,마라5591,ho_yr_014,5
2024,마라5591,ho_yr_015,0
2024,마라5591,ho_yr_017,0
2024,마라5591,ho_yr_018,0
2024,마라5591,ho_yr_019,5
2024,마라5591,to_ho_001,1634
2024,마라5592,ho_ar_003,5
2024,마라5592,ho_ar_005,5
2024,마라5592,ho_ar_006,0
2024,마라5592,ho_ar_007,5
2024,마라5592,ho_ar_008,0
2024,마라5592,ho_gb_002,8
2024,마라5592,ho_gb_006,5
2024,마라5592,ho_yr_003,0
2024,마라5592,ho_yr_004,5
2024,마라5592,ho_yr_005,5
2024,마라5592,ho_yr_013,0
2024,마라5592,ho_yr_014,0
2024,마라5592,ho_yr_015,5
2024,마라5592,to_ho_001,8
2024,마라5593,ho_ar_002,0
2024,마라5593,ho_ar_003,8
2024,마라5593,ho_ar_004,14
2024,마라5593,ho_ar_005,5
2024,마라5593,ho_ar_006,8
2024,마라5593,ho_ar_007,5
2024,마라5593,ho_ar_008,5
2024,마라5593,ho_ar_009,0
2024,마라5593,ho_gb_002,31
2024,마라5593,ho_gb_005,5
2024,마라5593,ho_gb_006,5
2024,마라5593,ho_yr_001,8
2024,마라5593,ho_yr_002,12
2024,마라5593,ho_yr_003,5
2024,마라5593,ho_yr_005,0
2024,마라5593,ho_yr_006,5
2024,마라5593,ho_yr_007,0
2024,마라5593,ho_yr_009,0
2024,마라5593,ho_yr_011,0
2024,마라5593,ho_yr_012,5
2024,마라5593,ho_yr_013,0
2024,마라5593,ho_yr_014,0
2024,마라5593,ho_yr_017,0
2024,마라5593,ho_yr_019,0
2024,마라5593,ho_yr_020,5
2024,마라5593,to_ho_001,35
2024,마라5594,ho_ar_002,29
2024,마라5594,ho_ar_003,475
2024,마라5594,ho_ar_004,755
2024,마라5594,ho_ar_005,13
2024,마라5594,ho_ar_006,44
2024,마라5594,ho_ar_007,8
2024,마라5594,ho_ar_008,8
2024,마라5594,ho_ar_009,18
2024,마라5594,ho_gb_001,483
2024,마라5594,ho_gb_002,52
2024,마라5594,ho_gb_003,779
2024,마라5594,ho_gb_004,27
2024,마라5594,ho_gb_005,8
2024,마라5594,ho_gb_006,32
2024,마라5594,ho_yr_003,299
2024,마라5594,ho_yr_004,761
2024,마라5594,ho_yr_005,45
2024,마라5594,ho_yr_006,0
2024,마라5594,ho_yr_007,24
2024,마라5594,ho_yr_008,69
2024,마라5594,ho_yr_009,14
2024,마라5594,ho_yr_010,66
2024,마라5594,ho_yr_011,42
2024,마라5594,ho_yr_013,8
2024,마라5594,ho_yr_014,17
2024,마라5594,ho_yr_018,0
2024,마라5594,ho_yr_019,5
2024,마라5594,ho_yr_020,0
2024,마라5594,to_ho_001,1349
2024,마라5595,ho_ar_001,5
2024,마라5595,ho_ar_002,94
2024,마라5595,ho_ar_003,1321
2024,마라5595,ho_ar_004,1546
2024,마라5595,ho_ar_005,56
2024,마라5595,ho_ar_006,65
2024,마라5595,ho_ar_007,59
2024,마라5595,ho_ar_008,38
2024,마라5595,ho_ar_009,65
2024,마라5595,ho_gb_001,721
2024,마라5595,ho_gb_002,380
2024,마라5595,ho_gb_003,1977
2024,마라5595,ho_gb_004,116
2024,마라5595,ho_gb_005,45
2024,마라5595,ho_gb_006,135
2024,마라5595,ho_yr_001,99
2024,마라5595,ho_yr_002,110
2024,마라5595,ho_yr_003,663
2024,마라5595,ho_yr_004,1606
2024,마라5595,ho_yr_005,221
2024,마라5595,ho_yr_006,13
2024,마라5595,ho_yr_007,49
2024,마라5595,ho_yr_008,86
2024,마라5595,ho_yr_009,158
2024,마라5595,ho_yr_010,8
2024,마라5595,ho_yr_011,68
2024,마라5595,ho_yr_012,42
2024,마라5595,ho_yr_013,24
2024,마라5595,ho_yr_014,50
2024,마라5595,ho_yr_015,46
2024,마라5595,ho_yr_016,0
2024,마라5595,ho_yr_017,5
2024,마라5595,ho_yr_018,5
2024,마라5595,to_ho_001,3244
2024,마라5596,ho_ar_001,5
2024,마라5596,ho_ar_002,616
2024,마라5596,ho_ar_003,822
2024,마라5596,ho_ar_004,342
2024,마라5596,ho_ar_005,103
2024,마라5596,ho_ar_006,8
2024,마라5596,ho_ar_007,13
2024,마라5596,ho_ar_008,13
2024,마라5596,ho_ar_009,25
2024,마라5596,ho_gb_001,204
2024,마라5596,ho_gb_002,68
2024,마라5596,ho_gb_003,1588
2024,마라5596,ho_gb_004,72
2024,마라5596,ho_gb_005,13
2024,마라5596,ho_gb_006,33
2024,마라5596,ho_yr_001,8
2024,마라5596,ho_yr_003,347
2024,마라5596,ho_yr_004,1409
2024,마라5596,ho_yr_005,8
2024,마라5596,ho_yr_006,5
2024,마라5596,ho_yr_007,5
2024,마라5596,ho_yr_008,20
2024,마라5596,ho_yr_009,38
2024,마라5596,ho_yr_010,57
2024,마라5596,ho_yr_011,8
2024,마라5596,ho_yr_012,47
2024,마라5596,ho_yr_013,5
2024,마라5596,ho_yr_014,5
2024,마라5596,ho_yr_015,0
2024,마라5596,ho_yr_016,0
2024,마라5596,ho_yr_019,0
2024,마라5596,to_ho_001,1940
2024,마라5597,ho_ar_003,5
2024,마라5597,ho_ar_004,13
2024,마라5597,ho_ar_005,0
2024,마라5597,ho_ar_006,5
2024,마라5597,ho_ar_008,5
2024,마라5597,ho_ar_009,0
2024,마라5597,ho_gb_001,8
2024,마라5597,ho_gb_002,8
2024,마라5597,ho_gb_005,5
2024,마라5597,ho_gb_006,5
2024,마라5597,ho_yr_001,5
2024,마라5597,ho_yr_003,0
2024,마라5597,ho_yr_004,8
2024,마라5597,ho_yr_005,0
2024,마라5597,ho_yr_011,0
2024,마라5597,ho_yr_012,5
2024,마라5597,ho_yr_013,0
2024,마라5597,ho_yr_014,5
2024,마라5597,ho_yr_016,0
2024,마라5597,to_ho_001,21
2024,마라5598,ho_gb_006,0
2024,마라5689,ho_ar_003,0
2024,마라5689,ho_ar_005,0
2024,마라5689,ho_ar_006,0
2024,마라5689,ho_ar_008,5
2024,마라5689,ho_ar_009,0
2024,마라5689,ho_gb_002,8
2024,마라5689,ho_gb_006,16
2024,마라5689,ho_yr_001,0
2024,마라5689,ho_yr_004,5
2024,마라5689,ho_yr_007,0
2024,마라5689,ho_yr_011,0
2024,마라5689,ho_yr_012,0
2024,마라5689,ho_yr_013,5
2024,마라5689,to_ho_001,8
2024,마라5690,ho_ar_001,0
2024,마라5690,ho_ar_002,13
2024,마라5690,ho_ar_003,13
2024,마라5690,ho_ar_004,13
2024,마라5690,ho_ar_005,8
2024,마라5690,ho_ar_006,5
2024,마라5690,ho_ar_007,5
2024,마라5690,ho_ar_008,0
2024,마라5690,ho_ar_009,5
2024,마라5690,ho_gb_002,55
2024,마라5690,ho_gb_005,5
2024,마라5690,ho_gb_006,5
2024,마라5690,ho_yr_001,26
2024,마라5690,ho_yr_002,5
2024,마라5690,ho_yr_003,8
2024,마라5690,ho_yr_004,8
2024,마라5690,ho_yr_005,0
2024,마라5690,ho_yr_007,5
2024,마라5690,ho_yr_010,5
2024,마라5690,ho_yr_011,5
2024,마라5690,ho_yr_013,0
2024,마라5690,ho_yr_014,5
2024,마라5690,ho_yr_016,0
2024,마라5690,to_ho_001,61
2024,마라5691,ho_ar_003,0
2024,마라5691,ho_gb_005,0
2024,마라5691,ho_gb_006,0
2024,마라5691,ho_yr_003,0
2024,마라5691,to_ho_001,0
2024,마라5692,ho_ar_002,5
2024,마라5692,ho_ar_003,18
2024,마라5692,ho_ar_004,13
2024,마라5692,ho_ar_005,5
2024,마라5692,ho_ar_006,5
2024,마라5692,ho_ar_007,0
2024,마라5692,ho_ar_008,5
2024,마라5692,ho_ar_009,0
2024,마라5692,ho_gb_002,30
2024,마라5692,ho_gb_004,13
2024,마라5692,ho_gb_005,8
2024,마라5692,ho_gb_006,8
2024,마라5692,ho_yr_001,14
2024,마라5692,ho_yr_002,5
2024,마라5692,ho_yr_003,21
2024,마라5692,ho_yr_005,5
2024,마라5692,ho_yr_010,5
2024,마라5692,ho_yr_012,0
2024,마라5692,ho_yr_014,0
2024,마라5692,ho_yr_017,0
2024,마라5692,ho_yr_019,0
2024,마라5692,to_ho_001,48
2024,마라5693,ho_ar_002,5
2024,마라5693,ho_ar_003,12
2024,마라5693,ho_ar_004,0
2024,마라5693,ho_ar_005,5
2024,마라5693,ho_gb_002,8
2024,마라5693,ho_gb_004,12
2024,마라5693,ho_gb_005,5
2024,마라5693,ho_gb_006,8
2024,마라5693,ho_yr_001,0
2024,마라5693,ho_yr_002,17
2024,마라5693,ho_yr_003,0
2024,마라5693,ho_yr_004,0
2024,마라5693,ho_yr_005,0
2024,마라5693,to_ho_001,20
2024,마라5694,ho_ar_001,78
2024,마라5694,ho_ar_002,514
2024,마라5694,ho_ar_003,1096
2024,마라5694,ho_ar_004,362
2024,마라5694,ho_ar_005,15
2024,마라5694,ho_ar_006,20
2024,마라5694,ho_ar_007,14
2024,마라5694,ho_ar_008,8
2024,마라5694,ho_ar_009,13
2024,마라5694,ho_gb_001,253
2024,마라5694,ho_gb_002,63
2024,마라5694,ho_gb_003,1766
2024,마라5694,ho_gb_004,16
2024,마라5694,ho_gb_005,18
2024,마라5694,ho_gb_006,92
2024,마라5694,ho_yr_001,13
2024,마라5694,ho_yr_002,8
2024,마라5694,ho_yr_003,646
2024,마라5694,ho_yr_004,248
2024,마라5694,ho_yr_005,8
2024,마라5694,ho_yr_006,5
2024,마라5694,ho_yr_007,5
2024,마라5694,ho_yr_008,31
2024,마라5694,ho_yr_009,5
2024,마라5694,ho_yr_010,163
2024,마라5694,ho_yr_011,33
2024,마라5694,ho_yr_012,113
2024,마라5694,ho_yr_013,11
2024,마라5694,ho_yr_014,0
2024,마라5694,ho_yr_015,9
2024,마라5694,ho_yr_018,825
2024,마라5694,ho_yr_020,5
2024,마라5694,to_ho_001,2116
2024,마라5695,ho_ar_001,65
2024,마라5695,ho_ar_002,234
2024,마라5695,ho_ar_003,963
2024,마라5695,ho_ar_004,1763
2024,마라5695,ho_ar_005,53
2024,마라5695,ho_ar_006,125
2024,마라5695,ho_ar_007,50
2024,마라5695,ho_ar_008,38
2024,마라5695,ho_ar_009,48
2024,마라5695,ho_gb_001,517
2024,마라5695,ho_gb_002,317
2024,마라5695,ho_gb_003,2355
2024,마라5695,ho_gb_004,77
2024,마라5695,ho_gb_005,64
2024,마라5695,ho_gb_006,578
2024,마라5695,ho_yr_001,60
2024,마라5695,ho_yr_002,224
2024,마라5695,ho_yr_003,1296
2024,마라5695,ho_yr_004,663
2024,마라5695,ho_yr_005,13
2024,마라5695,ho_yr_006,8
2024,마라5695,ho_yr_007,33
2024,마라5695,ho_yr_008,144
2024,마라5695,ho_yr_009,143
2024,마라5695,ho_yr_010,146
2024,마라5695,ho_yr_011,95
2024,마라5695,ho_yr_012,48
2024,마라5695,ho_yr_013,183
2024,마라5695,ho_yr_014,66
2024,마라5695,ho_yr_015,114
2024,마라5695,ho_yr_016,39
2024,마라5695,ho_yr_017,74
2024,마라5695,ho_yr_018,5
2024,마라5695,ho_yr_019,5
2024,마라5695,ho_yr_020,0
2024,마라5695,to_ho_001,3333
2024,마라5696,ho_ar_001,52
2024,마라5696,ho_ar_002,159
2024,마라5696,ho_ar_003,1272
2024,마라5696,ho_ar_004,2114
2024,마라5696,ho_ar_005,14
2024,마라5696,ho_ar_006,58
2024,마라5696,ho_ar_007,30
2024,마라5696,ho_ar_008,23
2024,마라5696,ho_ar_009,73
2024,마라5696,ho_gb_001,506
2024,마라5696,ho_gb_002,133
2024,마라5696,ho_gb_003,3074
2024,마라5696,ho_gb_004,44
2024,마라5696,ho_gb_005,48
2024,마라5696,ho_gb_006,60
2024,마라5696,ho_yr_001,5
2024,마라5696,ho_yr_002,5
2024,마라5696,ho_yr_003,2515
2024,마라5696,ho_yr_004,607
2024,마라5696,ho_yr_005,8
2024,마라5696,ho_yr_006,36
2024,마라5696,ho_yr_007,258
2024,마라5696,ho_yr_008,31
2024,마라5696,ho_yr_009,50
2024,마라5696,ho_yr_010,17
2024,마라5696,ho_yr_011,24
2024,마라5696,ho_yr_012,8
2024,마라5696,ho_yr_013,45
2024,마라5696,ho_yr_014,21
2024,마라5696,ho_yr_015,5
2024,마라5696,ho_yr_017,164
2024,마라5696,ho_yr_018,5
2024,마라5696,to_ho_001,3799
2024,마라5697,ho_ar_001,138
2024,마라5697,ho_ar_002,179
2024,마라5697,ho_ar_003,1610
2024,마라5697,ho_ar_004,3211
2024,마라5697,ho_ar_005,5
2024,마라5697,ho_ar_006,58
2024,마라5697,ho_ar_007,49
2024,마라5697,ho_ar_008,5
2024,마라5697,ho_ar_009,19
2024,마라5697,ho_gb_001,42
2024,마라5697,ho_gb_002,34
2024,마라5697,ho_gb_003,5107
2024,마라5697,ho_gb_004,77
2024,마라5697,ho_gb_005,5
2024,마라5697,ho_gb_006,8
2024,마라5697,ho_yr_001,5
2024,마라5697,ho_yr_002,5
2024,마라5697,ho_yr_003,129
2024,마라5697,ho_yr_004,36
2024,마라5697,ho_yr_005,5
2024,마라5697,ho_yr_007,589
2024,마라5697,ho_yr_009,5
2024,마라5697,ho_yr_016,2478
2024,마라5697,ho_yr_017,8
2024,마라5697,ho_yr_018,1162
2024,마라5697,ho_yr_019,768
2024,마라5697,ho_yr_020,89
2024,마라5697,to_ho_001,5263
2024,마라5698,ho_ar_001,5
2024,마라5698,ho_ar_002,8
2024,마라5698,ho_ar_003,619
2024,마라5698,ho_ar_004,1586
2024,마라5698,ho_ar_005,8
2024,마라5698,ho_ar_006,0
2024,마라5698,ho_ar_007,8
2024,마라5698,ho_ar_008,5
2024,마라5698,ho_ar_009,13
2024,마라5698,ho_gb_002,43
2024,마라5698,ho_gb_003,2192
2024,마라5698,ho_gb_006,5
2024,마라5698,ho_yr_001,8
2024,마라5698,ho_yr_003,5
2024,마라5698,ho_yr_004,5
2024,마라5698,ho_yr_007,0
2024,마라5698,ho_yr_009,5
2024,마라5698,ho_yr_011,0
2024,마라5698,ho_yr_012,5
2024,마라5698,ho_yr_013,5
2024,마라5698,ho_yr_014,0
2024,마라5698,ho_yr_016,2192
2024,마라5698,ho_yr_018,13
2024,마라5698,ho_yr_019,8
2024,마라5698,ho_yr_020,0
2024,마라5698,to_ho_001,2235
2024,마라5699,ho_ar_002,0
2024,마라5699,ho_ar_003,0
2024,마라5699,ho_ar_005,0
2024,마라5699,ho_ar_006,5
2024,마라5699,ho_ar_007,5
2024,마라5699,ho_ar_008,5
2024,마라5699,ho_gb_002,13
2024,마라5699,ho_gb_006,0
2024,마라5699,ho_yr_006,0
2024,마라5699,ho_yr_007,5
2024,마라5699,ho_yr_008,0
2024,마라5699,ho_yr_009,5
2024,마라5699,ho_yr_011,0
2024,마라5699,ho_yr_013,5
2024,마라5699,ho_yr_018,0
2024,마라5699,ho_yr_019,0
2024,마라5699,to_ho_001,13
2024,마라5790,ho_ar_002,5
2024,마라5790,ho_ar_003,5
2024,마라5790,ho_ar_004,8
2024,마라5790,ho_ar_005,8
2024,마라5790,ho_ar_006,5
2024,마라5790,ho_ar_007,5
2024,마라5790,ho_ar_008,5
2024,마라5790,ho_gb_002,36
2024,마라5790,ho_yr_001,11
2024,마라5790,ho_yr_002,8
2024,마라5790,ho_yr_003,13
2024,마라5790,ho_yr_004,5
2024,마라5790,ho_yr_005,5
2024,마라5790,ho_yr_010,0
2024,마라5790,ho_yr_012,0
2024,마라5790,to_ho_001,34
2024,마라5791,ho_gb_006,5
2024,마라5792,ho_ar_001,5
2024,마라5792,ho_ar_002,13
2024,마라5792,ho_ar_003,19
2024,마라5792,ho_ar_004,35
2024,마라5792,ho_ar_005,8
2024,마라5792,ho_ar_006,8
2024,마라5792,ho_ar_007,5
2024,마라5792,ho_ar_008,5
2024,마라5792,ho_ar_009,5
2024,마라5792,ho_gb_001,17
2024,마라5792,ho_gb_002,81
2024,마라5792,ho_gb_005,8
2024,마라5792,ho_gb_006,8
2024,마라5792,ho_yr_001,26
2024,마라5792,ho_yr_002,8
2024,마라5792,ho_yr_003,29
2024,마라5792,ho_yr_004,5
2024,마라5792,ho_yr_005,13
2024,마라5792,ho_yr_006,5
2024,마라5792,ho_yr_008,5
2024,마라5792,ho_yr_009,22
2024,마라5792,ho_yr_011,0
2024,마라5792,ho_yr_012,5
2024,마라5792,ho_yr_013,5
2024,마라5792,ho_yr_014,5
2024,마라5792,ho_yr_015,0
2024,마라5792,to_ho_001,104
2024,마라5793,ho_ar_001,13
2024,마라5793,ho_ar_002,45
2024,마라5793,ho_ar_003,123
2024,마라5793,ho_ar_004,232
2024,마라5793,ho_ar_005,23
2024,마라5793,ho_ar_006,28
2024,마라5793,ho_ar_007,25
2024,마라5793,ho_ar_008,8
2024,마라5793,ho_ar_009,8
2024,마라5793,ho_gb_001,70
2024,마라5793,ho_gb_002,198
2024,마라5793,ho_gb_003,195
2024,마라5793,ho_gb_004,12
2024,마라5793,ho_gb_005,18
2024,마라5793,ho_gb_006,23
2024,마라5793,ho_yr_001,61
2024,마라5793,ho_yr_002,38
2024,마라5793,ho_yr_003,84
2024,마라5793,ho_yr_004,95
2024,마라5793,ho_yr_005,46
2024,마라5793,ho_yr_007,5
2024,마라5793,ho_yr_008,5
2024,마라5793,ho_yr_009,13
2024,마라5793,ho_yr_010,20
2024,마라5793,ho_yr_011,5
2024,마라5793,ho_yr_012,5
2024,마라5793,ho_yr_013,0
2024,마라5793,ho_yr_014,123
2024,마라5793,ho_yr_018,5
2024,마라5793,ho_yr_019,5
2024,마라5793,to_ho_001,497
2024,마라5795,ho_ar_003,5
2024,마라5795,ho_ar_004,13
2024,마라5795,ho_ar_005,8
2024,마라5795,ho_ar_006,0
2024,마라5795,ho_ar_007,5
2024,마라5795,ho_ar_008,0
2024,마라5795,ho_gb_002,31
2024,마라5795,ho_gb_005,0
2024,마라5795,ho_gb_006,5
2024,마라5795,ho_yr_001,8
2024,마라5795,ho_yr_002,5
2024,마라5795,ho_yr_003,5
2024,마라5795,ho_yr_004,0
2024,마라5795,ho_yr_005,5
2024,마라5795,ho_yr_007,0
2024,마라5795,ho_yr_008,0
2024,마라5795,ho_yr_009,0
2024,마라5795,ho_yr_010,0
2024,마라5795,ho_yr_012,0
2024,마라5795,ho_yr_015,5
2024,마라5795,ho_yr_017,8
2024,마라5795,ho_yr_018,0
2024,마라5795,to_ho_001,33
2024,마라5796,ho_gb_006,0
2024,마라5797,ho_ar_001,5
2024,마라5797,ho_ar_002,15
2024,마라5797,ho_ar_003,52
2024,마라5797,ho_ar_004,197
2024,마라5797,ho_ar_005,30
2024,마라5797,ho_ar_006,8
2024,마라5797,ho_ar_007,8
2024,마라5797,ho_ar_008,8
2024,마라5797,ho_ar_009,13
2024,마라5797,ho_gb_001,20
2024,마라5797,ho_gb_002,86
2024,마라5797,ho_gb_003,201
2024,마라5797,ho_gb_004,13
2024,마라5797,ho_gb_005,8
2024,마라5797,ho_gb_006,59
2024,마라5797,ho_yr_001,28
2024,마라5797,ho_yr_002,24
2024,마라5797,ho_yr_003,173
2024,마라5797,ho_yr_004,38
2024,마라5797,ho_yr_005,8
2024,마라5797,ho_yr_007,16
2024,마라5797,ho_yr_008,5
2024,마라5797,ho_yr_009,8
2024,마라5797,ho_yr_010,5
2024,마라5797,ho_yr_011,17
2024,마라5797,ho_yr_013,0
2024,마라5797,ho_yr_014,5
2024,마라5797,ho_yr_016,5
2024,마라5797,ho_yr_017,5
2024,마라5797,ho_yr_018,5
2024,마라5797,ho_yr_019,0
2024,마라5797,ho_yr_020,5
2024,마라5797,to_ho_001,330
2024,마라5798,ho_ar_001,5
2024,마라5798,ho_ar_002,11
2024,마라5798,ho_ar_003,531
2024,마라5798,ho_ar_004,128
2024,마라5798,ho_ar_005,622
2024,마라5798,ho_ar_006,941
2024,마라5798,ho_ar_007,18
2024,마라5798,ho_ar_008,8
2024,마라5798,ho_ar_009,8
2024,마라5798,ho_gb_001,5
2024,마라5798,ho_gb_002,110
2024,마라5798,ho_gb_003,2124
2024,마라5798,ho_gb_004,21
2024,마라5798,ho_gb_005,13
2024,마라5798,ho_gb_006,376
2024,마라5798,ho_yr_001,38
2024,마라5798,ho_yr_002,46
2024,마라5798,ho_yr_003,83
2024,마라5798,ho_yr_004,8
2024,마라5798,ho_yr_005,42
2024,마라5798,ho_yr_007,403
2024,마라5798,ho_yr_008,0
2024,마라5798,ho_yr_009,5
2024,마라5798,ho_yr_010,79
2024,마라5798,ho_yr_011,23
2024,마라5798,ho_yr_012,5
2024,마라5798,ho_yr_013,5
2024,마라5798,ho_yr_014,5
2024,마라5798,ho_yr_015,0
2024,마라5798,ho_yr_016,1540
2024,마라5798,ho_yr_017,5
2024,마라5798,ho_yr_018,0
2024,마라5798,ho_yr_020,0
2024,마라5798,to_ho_001,2272
2024,마라5799,ho_ar_002,5
2024,마라5799,ho_ar_003,8
2024,마라5799,ho_ar_004,21
2024,마라5799,ho_ar_005,13
2024,마라5799,ho_ar_006,0
2024,마라5799,ho_ar_007,8
2024,마라5799,ho_ar_008,8
2024,마라5799,ho_ar_009,5
2024,마라5799,ho_gb_002,51
2024,마라5799,ho_gb_005,8
2024,마라5799,ho_gb_006,8
2024,마라5799,ho_yr_001,13
2024,마라5799,ho_yr_002,8
2024,마라5799,ho_yr_003,13
2024,마라5799,ho_yr_004,8
2024,마라5799,ho_yr_005,5
2024,마라5799,ho_yr_006,5
2024,마라5799,ho_yr_007,5
2024,마라5799,ho_yr_008,5
2024,마라5799,ho_yr_009,0
2024,마라5799,ho_yr_010,5
2024,마라5799,ho_yr_011,5
2024,마라5799,ho_yr_013,5
2024,마라5799,ho_yr_014,0
2024,마라5799,ho_yr_015,5
2024,마라5799,ho_yr_017,0
2024,마라5799,ho_yr_018,0
2024,마라5799,ho_yr_019,0
2024,마라5799,ho_yr_020,8
2024,마라5799,to_ho_001,58
2024,마라5893,ho_ar_002,5
2024,마라5893,ho_ar_005,5
2024,마라5893,ho_gb_002,5
2024,마라5893,ho_gb_006,0
2024,마라5893,ho_yr_001,5
2024,마라5893,ho_yr_003,0
2024,마라5893,to_ho_001,5
2024,마라5894,ho_ar_001,0
2024,마라5894,ho_ar_003,5
2024,마라5894,ho_ar_004,5
2024,마라5894,ho_ar_005,0
2024,마라5894,ho_ar_006,8
2024,마라5894,ho_ar_007,0
2024,마라5894,ho_ar_008,5
2024,마라5894,ho_gb_002,14
2024,마라5894,ho_gb_005,5
2024,마라5894,ho_gb_006,0
2024,마라5894,ho_yr_001,0
2024,마라5894,ho_yr_002,0
2024,마라5894,ho_yr_003,8
2024,마라5894,ho_yr_004,5
2024,마라5894,ho_yr_005,0
2024,마라5894,ho_yr_006,5
2024,마라5894,ho_yr_011,0
2024,마라5894,ho_yr_012,5
2024,마라5894,ho_yr_017,5
2024,마라5894,to_ho_001,18
2024,마라5895,ho_ar_001,5
2024,마라5895,ho_ar_002,23
2024,마라5895,ho_ar_003,38
2024,마라5895,ho_ar_004,55
2024,마라5895,ho_ar_005,40
2024,마라5895,ho_ar_006,13
2024,마라5895,ho_ar_007,13
2024,마라5895,ho_ar_008,13
2024,마라5895,ho_ar_009,5
2024,마라5895,ho_gb_002,187
2024,마라5895,ho_gb_005,13
2024,마라5895,ho_gb_006,8
2024,마라5895,ho_yr_001,89
2024,마라5895,ho_yr_002,18
2024,마라5895,ho_yr_003,47
2024,마라5895,ho_yr_004,13
2024,마라5895,ho_yr_005,5
2024,마라5895,ho_yr_006,5
2024,마라5895,ho_yr_007,5
2024,마라5895,ho_yr_008,5
2024,마라5895,ho_yr_009,5
2024,마라5895,ho_yr_010,5
2024,마라5895,ho_yr_012,5
2024,마라5895,ho_yr_013,5
2024,마라5895,ho_yr_014,8
2024,마라5895,ho_yr_015,0
2024,마라5895,ho_yr_017,5
2024,마라5895,ho_yr_018,0
2024,마라5895,ho_yr_019,0
2024,마라5895,ho_yr_020,0
2024,마라5895,to_ho_001,198
2024,마라5897,ho_ar_001,5
2024,마라5897,ho_ar_002,23
2024,마라5897,ho_ar_003,33
2024,마라5897,ho_ar_004,47
2024,마라5897,ho_ar_005,18
2024,마라5897,ho_ar_006,18
2024,마라5897,ho_ar_007,8
2024,마라5897,ho_ar_008,8
2024,마라5897,ho_ar_009,5
2024,마라5897,ho_gb_001,5
2024,마라5897,ho_gb_002,145
2024,마라5897,ho_gb_005,8
2024,마라5897,ho_gb_006,8
2024,마라5897,ho_yr_001,45
2024,마라5897,ho_yr_002,20
2024,마라5897,ho_yr_003,37
2024,마라5897,ho_yr_004,8
2024,마라5897,ho_yr_005,13
2024,마라5897,ho_yr_006,0
2024,마라5897,ho_yr_007,5
2024,마라5897,ho_yr_008,8
2024,마라5897,ho_yr_009,5
2024,마라5897,ho_yr_010,5
2024,마라5897,ho_yr_011,5
2024,마라5897,ho_yr_012,0
2024,마라5897,ho_yr_013,5
2024,마라5897,ho_yr_014,8
2024,마라5897,ho_yr_015,5
2024,마라5897,ho_yr_016,5
2024,마라5897,ho_yr_018,5
2024,마라5897,ho_yr_019,5
2024,마라5897,ho_yr_020,0
2024,마라5897,to_ho_001,161
2024,마라5898,ho_ar_002,18
2024,마라5898,ho_ar_003,257
2024,마라5898,ho_ar_004,131
2024,마라5898,ho_ar_005,28
2024,마라5898,ho_ar_006,23
2024,마라5898,ho_ar_007,23
2024,마라5898,ho_ar_008,8
2024,마라5898,ho_ar_009,5
2024,마라5898,ho_gb_001,51
2024,마라5898,ho_gb_002,233
2024,마라5898,ho_gb_003,166
2024,마라5898,ho_gb_004,25
2024,마라5898,ho_gb_005,13
2024,마라5898,ho_gb_006,13
2024,마라5898,ho_yr_001,105
2024,마라5898,ho_yr_002,79
2024,마라5898,ho_yr_003,56
2024,마라5898,ho_yr_004,25
2024,마라5898,ho_yr_005,8
2024,마라5898,ho_yr_006,8
2024,마라5898,ho_yr_007,8
2024,마라5898,ho_yr_008,8
2024,마라5898,ho_yr_009,18
2024,마라5898,ho_yr_010,144
2024,마라5898,ho_yr_011,5
2024,마라5898,ho_yr_013,8
2024,마라5898,ho_yr_014,8
2024,마라5898,ho_yr_015,5
2024,마라5898,ho_yr_016,5
2024,마라5898,ho_yr_017,5
2024,마라5898,ho_yr_018,5
2024,마라5898,ho_yr_019,0
2024,마라5898,to_ho_001,493
2024,마라5899,ho_ar_005,0
2024,마라5899,ho_gb_002,5
2024,마라5899,ho_yr_001,0
2024,마라5899,to_ho_001,0
2024,마라5995,ho_ar_001,0
2024,마라5995,ho_ar_002,5
2024,마라5995,ho_ar_003,5
2024,마라5995,ho_ar_004,11
2024,마라5995,ho_ar_005,5
2024,마라5995,ho_ar_006,5
2024,마라5995,ho_ar_007,0
2024,마라5995,ho_ar_008,0
2024,마라5995,ho_gb_002,24
2024,마라5995,ho_yr_001,8
2024,마라5995,ho_yr_002,5
2024,마라5995,ho_yr_003,5
2024,마라5995,ho_yr_004,5
2024,마라5995,ho_yr_005,5
2024,마라5995,ho_yr_007,0
2024,마라5995,ho_yr_011,0
2024,마라5995,to_ho_001,23
2024,마라5997,ho_gb_006,0
2024,마라5998,ho_ar_005,0
2024,마라5998,ho_ar_008,5
2024,마라5998,ho_ar_009,0
2024,마라5998,ho_gb_002,5
2024,마라5998,ho_gb_005,0
2024,마라5998,ho_gb_006,5
2024,마라5998,ho_yr_003,0
2024,마라5998,ho_yr_007,5
2024,마라5998,ho_yr_014,5
2024,마라5998,to_ho_001,8
2024,마라5999,ho_ar_003,5
2024,마라5999,ho_gb_002,0
2024,마라5999,ho_gb_006,5
2024,마라5999,ho_yr_001,0
2024,마라5999,to_ho_001,0
