2019,마사0001,cp2_bnu_94,0
2019,마사0003,cp2_bnu_55,0
2019,마사0009,cp2_bnu_23,0
2019,마사0011,cp2_bnu_47,0
2019,마사0011,cp2_bnu_49,0
2019,마사0011,cp2_bnu_52,0
2019,마사0011,cp2_bnu_95,3
2019,마사0012,cp2_bnu_10,3
2019,마사0012,cp2_bnu_25,0
2019,마사0012,cp2_bnu_46,0
2019,마사0012,cp2_bnu_47,5
2019,마사0014,cp2_bnu_47,3
2019,마사0023,cp2_bnu_41,0
2019,마사0024,cp2_bnu_55,0
2019,마사0032,cp2_bnu_23,3
2019,마사0032,cp2_bnu_36,0
2019,마사0032,cp2_bnu_56,0
2019,마사0032,cp2_bnu_84,0
2019,마사0033,cp2_bnu_10,0
2019,마사0033,cp2_bnu_35,3
2019,마사0038,cp2_bnu_56,3
2019,마사0039,cp2_bnu_47,0
2019,마사0039,cp2_bnu_55,5
2019,마사0040,cp2_bnu_47,3
2019,마사0040,cp2_bnu_55,3
2019,마사0064,cp2_bnu_33,0
2019,마사0064,cp2_bnu_42,3
2019,마사0064,cp2_bnu_46,3
2019,마사0081,cp2_bnu_55,3
2019,마사0081,cp2_bnu_56,3
2019,마사0082,cp2_bnu_55,3
2019,마사0082,cp2_bnu_87,0
2019,마사0087,cp2_bnu_55,0
2019,마사0087,cp2_bnu_56,0
2019,마사0091,cp2_bnu_47,0
2019,마사0091,cp2_bnu_55,7
2019,마사0092,cp2_bnu_47,0
2019,마사0092,cp2_bnu_55,5
2019,마사0092,cp2_bnu_56,3
2019,마사0093,cp2_bnu_55,3
2019,마사0093,cp2_bnu_85,0
2019,마사0094,cp2_bnu_47,0
2019,마사0094,cp2_bnu_55,3
2019,마사0094,cp2_bnu_56,3
2019,마사0100,cp2_bnu_55,3
2019,마사0101,cp2_bnu_55,0
2019,마사0102,cp2_bnu_47,0
2019,마사0102,cp2_bnu_55,3
2019,마사0102,cp2_bnu_56,3
2019,마사0105,cp2_bnu_07,0
2019,마사0106,cp2_bnu_47,3
2019,마사0107,cp2_bnu_35,0
2019,마사0107,cp2_bnu_94,0
2019,마사0109,cp2_bnu_46,0
2019,마사0111,cp2_bnu_56,0
2019,마사0111,cp2_bnu_87,0
2019,마사0112,cp2_bnu_10,3
2019,마사0112,cp2_bnu_94,0
2019,마사0113,cp2_bnu_10,0
2019,마사0113,cp2_bnu_24,0
2019,마사0113,cp2_bnu_34,3
2019,마사0113,cp2_bnu_42,3
2019,마사0113,cp2_bnu_45,0
2019,마사0113,cp2_bnu_46,5
2019,마사0113,cp2_bnu_47,16
2019,마사0113,cp2_bnu_49,0
2019,마사0113,cp2_bnu_52,0
2019,마사0113,cp2_bnu_55,0
2019,마사0113,cp2_bnu_56,19
2019,마사0113,cp2_bnu_61,0
2019,마사0113,cp2_bnu_64,0
2019,마사0113,cp2_bnu_68,3
2019,마사0113,cp2_bnu_71,0
2019,마사0113,cp2_bnu_75,0
2019,마사0113,cp2_bnu_76,3
2019,마사0113,cp2_bnu_84,3
2019,마사0113,cp2_bnu_91,3
2019,마사0113,cp2_bnu_94,3
2019,마사0113,cp2_bnu_95,8
2019,마사0113,cp2_bnu_96,9
2019,마사0114,cp2_bnu_46,3
2019,마사0114,cp2_bnu_84,3
2019,마사0114,cp2_bnu_85,3
2019,마사0114,cp2_bnu_86,0
2019,마사0118,cp2_bnu_49,3
2019,마사0131,cp2_bnu_10,3
2019,마사0131,cp2_bnu_13,3
2019,마사0131,cp2_bnu_17,0
2019,마사0131,cp2_bnu_20,0
2019,마사0131,cp2_bnu_25,3
2019,마사0131,cp2_bnu_32,0
2019,마사0131,cp2_bnu_33,3
2019,마사0131,cp2_bnu_35,0
2019,마사0131,cp2_bnu_37,0
2019,마사0131,cp2_bnu_38,0
2019,마사0131,cp2_bnu_42,18
2019,마사0131,cp2_bnu_45,3
2019,마사0131,cp2_bnu_46,8
2019,마사0131,cp2_bnu_47,14
2019,마사0131,cp2_bnu_49,8
2019,마사0131,cp2_bnu_52,0
2019,마사0131,cp2_bnu_55,3
2019,마사0131,cp2_bnu_56,14
2019,마사0131,cp2_bnu_66,3
2019,마사0131,cp2_bnu_68,3
2019,마사0131,cp2_bnu_72,5
2019,마사0131,cp2_bnu_74,3
2019,마사0131,cp2_bnu_76,0
2019,마사0131,cp2_bnu_85,5
2019,마사0131,cp2_bnu_87,0
2019,마사0131,cp2_bnu_91,5
2019,마사0131,cp2_bnu_94,5
2019,마사0131,cp2_bnu_95,5
2019,마사0131,cp2_bnu_96,5
2019,마사0132,cp2_bnu_42,3
2019,마사0132,cp2_bnu_47,0
2019,마사0132,cp2_bnu_56,3
2019,마사0137,cp2_bnu_41,3
2019,마사0137,cp2_bnu_42,3
2019,마사0137,cp2_bnu_55,3
2019,마사0138,cp2_bnu_10,0
2019,마사0138,cp2_bnu_33,0
2019,마사0138,cp2_bnu_42,3
2019,마사0138,cp2_bnu_47,0
2019,마사0138,cp2_bnu_55,3
2019,마사0138,cp2_bnu_56,0
2019,마사0138,cp2_bnu_68,0
2019,마사0138,cp2_bnu_90,3
2019,마사0138,cp2_bnu_94,0
2019,마사0158,cp2_bnu_55,0
2019,마사0158,cp2_bnu_56,0
2019,마사0159,cp2_bnu_55,5
2019,마사0165,cp2_bnu_23,3
2019,마사0182,cp2_bnu_10,0
2019,마사0182,cp2_bnu_55,8
2019,마사0182,cp2_bnu_56,3
2019,마사0182,cp2_bnu_91,0
2019,마사0182,cp2_bnu_94,0
2019,마사0183,cp2_bnu_55,3
2019,마사0183,cp2_bnu_56,3
2019,마사0190,cp2_bnu_94,0
2019,마사0194,cp2_bnu_55,5
2019,마사0194,cp2_bnu_85,3
2019,마사0195,cp2_bnu_47,3
2019,마사0195,cp2_bnu_55,3
2019,마사0195,cp2_bnu_56,0
2019,마사0196,cp2_bnu_55,3
2019,마사0197,cp2_bnu_55,0
2019,마사0198,cp2_bnu_55,3
2019,마사0198,cp2_bnu_56,3
2019,마사0199,cp2_bnu_47,3
2019,마사0199,cp2_bnu_55,5
2019,마사0202,cp2_bnu_94,3
2019,마사0206,cp2_bnu_55,0
2019,마사0208,cp2_bnu_68,0
2019,마사0212,cp2_bnu_94,0
2019,마사0213,cp2_bnu_10,5
2019,마사0213,cp2_bnu_11,0
2019,마사0213,cp2_bnu_29,0
2019,마사0213,cp2_bnu_46,0
2019,마사0213,cp2_bnu_47,3
2019,마사0213,cp2_bnu_49,3
2019,마사0213,cp2_bnu_56,3
2019,마사0213,cp2_bnu_75,0
2019,마사0213,cp2_bnu_94,3
2019,마사0215,cp2_bnu_23,5
2019,마사0215,cp2_bnu_41,0
2019,마사0215,cp2_bnu_52,0
2019,마사0231,cp2_bnu_02,3
2019,마사0231,cp2_bnu_10,3
2019,마사0231,cp2_bnu_18,3
2019,마사0231,cp2_bnu_25,3
2019,마사0231,cp2_bnu_32,3
2019,마사0231,cp2_bnu_33,5
2019,마사0231,cp2_bnu_36,3
2019,마사0231,cp2_bnu_42,8
2019,마사0231,cp2_bnu_45,0
2019,마사0231,cp2_bnu_46,8
2019,마사0231,cp2_bnu_47,52
2019,마사0231,cp2_bnu_55,3
2019,마사0231,cp2_bnu_56,52
2019,마사0231,cp2_bnu_61,3
2019,마사0231,cp2_bnu_64,3
2019,마사0231,cp2_bnu_65,0
2019,마사0231,cp2_bnu_66,3
2019,마사0231,cp2_bnu_68,8
2019,마사0231,cp2_bnu_71,5
2019,마사0231,cp2_bnu_72,16
2019,마사0231,cp2_bnu_73,5
2019,마사0231,cp2_bnu_75,3
2019,마사0231,cp2_bnu_84,5
2019,마사0231,cp2_bnu_85,20
2019,마사0231,cp2_bnu_86,3
2019,마사0231,cp2_bnu_87,5
2019,마사0231,cp2_bnu_90,5
2019,마사0231,cp2_bnu_91,5
2019,마사0231,cp2_bnu_94,8
2019,마사0231,cp2_bnu_95,5
2019,마사0231,cp2_bnu_96,14
2019,마사0232,cp2_bnu_42,3
2019,마사0232,cp2_bnu_46,0
2019,마사0232,cp2_bnu_47,5
2019,마사0232,cp2_bnu_56,5
2019,마사0232,cp2_bnu_64,3
2019,마사0232,cp2_bnu_71,0
2019,마사0232,cp2_bnu_76,3
2019,마사0232,cp2_bnu_84,3
2019,마사0232,cp2_bnu_85,5
2019,마사0232,cp2_bnu_86,3
2019,마사0232,cp2_bnu_87,0
2019,마사0232,cp2_bnu_91,0
2019,마사0232,cp2_bnu_94,3
2019,마사0232,cp2_bnu_96,3
2019,마사0236,cp2_bnu_56,3
2019,마사0237,cp2_bnu_10,0
2019,마사0237,cp2_bnu_46,0
2019,마사0237,cp2_bnu_47,0
2019,마사0237,cp2_bnu_85,3
2019,마사0237,cp2_bnu_94,0
2019,마사0238,cp2_bnu_01,0
2019,마사0238,cp2_bnu_47,3
2019,마사0239,cp2_bnu_10,5
2019,마사0239,cp2_bnu_42,5
2019,마사0239,cp2_bnu_47,3
2019,마사0239,cp2_bnu_56,3
2019,마사0239,cp2_bnu_87,0
2019,마사0239,cp2_bnu_94,3
2019,마사0239,cp2_bnu_95,3
2019,마사0241,cp2_bnu_55,0
2019,마사0242,cp2_bnu_55,5
2019,마사0262,cp2_bnu_47,0
2019,마사0262,cp2_bnu_55,0
2019,마사0262,cp2_bnu_86,0
2019,마사0262,cp2_bnu_94,0
2019,마사0263,cp2_bnu_47,5
2019,마사0263,cp2_bnu_55,8
2019,마사0263,cp2_bnu_56,16
2019,마사0263,cp2_bnu_68,5
2019,마사0263,cp2_bnu_75,0
2019,마사0263,cp2_bnu_76,5
2019,마사0263,cp2_bnu_90,0
2019,마사0263,cp2_bnu_94,3
2019,마사0264,cp2_bnu_47,0
2019,마사0265,cp2_bnu_23,3
2019,마사0269,cp2_bnu_96,3
2019,마사0283,cp2_bnu_55,3
2019,마사0283,cp2_bnu_56,3
2019,마사0294,cp2_bnu_20,0
2019,마사0294,cp2_bnu_55,11
2019,마사0295,cp2_bnu_47,0
2019,마사0295,cp2_bnu_55,3
2019,마사0295,cp2_bnu_56,0
2019,마사0295,cp2_bnu_68,0
2019,마사0295,cp2_bnu_85,3
2019,마사0295,cp2_bnu_86,3
2019,마사0295,cp2_bnu_91,0
2019,마사0295,cp2_bnu_94,3
2019,마사0296,cp2_bnu_55,0
2019,마사0302,cp2_bnu_10,0
2019,마사0302,cp2_bnu_47,3
2019,마사0302,cp2_bnu_55,5
2019,마사0303,cp2_bnu_95,0
2019,마사0307,cp2_bnu_94,0
2019,마사0311,cp2_bnu_06,3
2019,마사0311,cp2_bnu_90,0
2019,마사0311,cp2_bnu_94,3
2019,마사0312,cp2_bnu_47,3
2019,마사0312,cp2_bnu_52,0
2019,마사0313,cp2_bnu_02,0
2019,마사0313,cp2_bnu_10,5
2019,마사0313,cp2_bnu_42,5
2019,마사0313,cp2_bnu_46,0
2019,마사0313,cp2_bnu_47,18
2019,마사0313,cp2_bnu_56,15
2019,마사0313,cp2_bnu_60,3
2019,마사0313,cp2_bnu_61,0
2019,마사0313,cp2_bnu_64,0
2019,마사0313,cp2_bnu_84,5
2019,마사0313,cp2_bnu_85,3
2019,마사0313,cp2_bnu_86,3
2019,마사0313,cp2_bnu_87,3
2019,마사0313,cp2_bnu_91,3
2019,마사0313,cp2_bnu_94,5
2019,마사0313,cp2_bnu_96,4
2019,마사0317,cp2_bnu_47,3
2019,마사0317,cp2_bnu_55,0
2019,마사0317,cp2_bnu_56,3
2019,마사0319,cp2_bnu_47,3
2019,마사0319,cp2_bnu_56,3
2019,마사0330,cp2_bnu_41,3
2019,마사0330,cp2_bnu_42,3
2019,마사0330,cp2_bnu_46,3
2019,마사0330,cp2_bnu_47,0
2019,마사0330,cp2_bnu_49,0
2019,마사0330,cp2_bnu_56,3
2019,마사0330,cp2_bnu_75,0
2019,마사0330,cp2_bnu_94,0
2019,마사0330,cp2_bnu_95,3
2019,마사0331,cp2_bnu_07,0
2019,마사0331,cp2_bnu_10,11
2019,마사0331,cp2_bnu_14,0
2019,마사0331,cp2_bnu_23,0
2019,마사0331,cp2_bnu_33,0
2019,마사0331,cp2_bnu_34,3
2019,마사0331,cp2_bnu_41,5
2019,마사0331,cp2_bnu_42,8
2019,마사0331,cp2_bnu_45,5
2019,마사0331,cp2_bnu_46,18
2019,마사0331,cp2_bnu_47,128
2019,마사0331,cp2_bnu_55,5
2019,마사0331,cp2_bnu_56,122
2019,마사0331,cp2_bnu_59,0
2019,마사0331,cp2_bnu_64,5
2019,마사0331,cp2_bnu_65,3
2019,마사0331,cp2_bnu_68,3
2019,마사0331,cp2_bnu_71,0
2019,마사0331,cp2_bnu_72,3
2019,마사0331,cp2_bnu_73,3
2019,마사0331,cp2_bnu_75,3
2019,마사0331,cp2_bnu_76,0
2019,마사0331,cp2_bnu_84,5
2019,마사0331,cp2_bnu_85,8
2019,마사0331,cp2_bnu_86,8
2019,마사0331,cp2_bnu_87,4
2019,마사0331,cp2_bnu_90,3
2019,마사0331,cp2_bnu_91,11
2019,마사0331,cp2_bnu_94,8
2019,마사0331,cp2_bnu_95,8
2019,마사0331,cp2_bnu_96,22
2019,마사0332,cp2_bnu_02,0
2019,마사0332,cp2_bnu_10,5
2019,마사0332,cp2_bnu_17,0
2019,마사0332,cp2_bnu_25,0
2019,마사0332,cp2_bnu_32,0
2019,마사0332,cp2_bnu_33,3
2019,마사0332,cp2_bnu_34,5
2019,마사0332,cp2_bnu_41,5
2019,마사0332,cp2_bnu_42,25
2019,마사0332,cp2_bnu_46,8
2019,마사0332,cp2_bnu_47,32
2019,마사0332,cp2_bnu_49,3
2019,마사0332,cp2_bnu_52,0
2019,마사0332,cp2_bnu_55,5
2019,마사0332,cp2_bnu_56,73
2019,마사0332,cp2_bnu_61,3
2019,마사0332,cp2_bnu_66,3
2019,마사0332,cp2_bnu_68,5
2019,마사0332,cp2_bnu_71,0
2019,마사0332,cp2_bnu_72,3
2019,마사0332,cp2_bnu_75,5
2019,마사0332,cp2_bnu_76,3
2019,마사0332,cp2_bnu_85,5
2019,마사0332,cp2_bnu_87,9
2019,마사0332,cp2_bnu_90,3
2019,마사0332,cp2_bnu_91,11
2019,마사0332,cp2_bnu_94,11
2019,마사0332,cp2_bnu_95,5
2019,마사0332,cp2_bnu_96,18
2019,마사0333,cp2_bnu_10,3
2019,마사0333,cp2_bnu_42,5
2019,마사0333,cp2_bnu_46,0
2019,마사0333,cp2_bnu_47,3
2019,마사0333,cp2_bnu_55,3
2019,마사0333,cp2_bnu_56,0
2019,마사0333,cp2_bnu_91,3
2019,마사0333,cp2_bnu_95,0
2019,마사0334,cp2_bnu_38,0
2019,마사0334,cp2_bnu_41,3
2019,마사0334,cp2_bnu_42,3
2019,마사0334,cp2_bnu_47,5
2019,마사0334,cp2_bnu_55,0
2019,마사0334,cp2_bnu_56,0
2019,마사0334,cp2_bnu_74,0
2019,마사0334,cp2_bnu_96,0
2019,마사0335,cp2_bnu_46,3
2019,마사0335,cp2_bnu_55,3
2019,마사0337,cp2_bnu_10,4
2019,마사0337,cp2_bnu_11,3
2019,마사0337,cp2_bnu_41,0
2019,마사0337,cp2_bnu_46,3
2019,마사0337,cp2_bnu_47,3
2019,마사0337,cp2_bnu_84,3
2019,마사0337,cp2_bnu_94,3
2019,마사0338,cp2_bnu_42,3
2019,마사0338,cp2_bnu_85,3
2019,마사0338,cp2_bnu_87,3
2019,마사0339,cp2_bnu_10,5
2019,마사0339,cp2_bnu_23,3
2019,마사0339,cp2_bnu_34,3
2019,마사0339,cp2_bnu_41,3
2019,마사0339,cp2_bnu_42,5
2019,마사0339,cp2_bnu_46,0
2019,마사0339,cp2_bnu_47,17
2019,마사0339,cp2_bnu_55,3
2019,마사0339,cp2_bnu_56,29
2019,마사0339,cp2_bnu_61,0
2019,마사0339,cp2_bnu_64,3
2019,마사0339,cp2_bnu_66,3
2019,마사0339,cp2_bnu_68,0
2019,마사0339,cp2_bnu_70,0
2019,마사0339,cp2_bnu_74,3
2019,마사0339,cp2_bnu_75,0
2019,마사0339,cp2_bnu_84,5
2019,마사0339,cp2_bnu_85,5
2019,마사0339,cp2_bnu_86,0
2019,마사0339,cp2_bnu_87,3
2019,마사0339,cp2_bnu_90,3
2019,마사0339,cp2_bnu_91,3
2019,마사0339,cp2_bnu_94,5
2019,마사0339,cp2_bnu_95,0
2019,마사0339,cp2_bnu_96,5
2019,마사0340,cp2_bnu_10,0
2019,마사0340,cp2_bnu_22,0
2019,마사0340,cp2_bnu_47,0
2019,마사0340,cp2_bnu_55,3
2019,마사0340,cp2_bnu_56,0
2019,마사0340,cp2_bnu_73,3
2019,마사0340,cp2_bnu_85,3
2019,마사0340,cp2_bnu_94,0
2019,마사0341,cp2_bnu_72,3
2019,마사0352,cp2_bnu_47,0
2019,마사0361,cp2_bnu_56,0
2019,마사0362,cp2_bnu_47,7
2019,마사0362,cp2_bnu_49,0
2019,마사0362,cp2_bnu_55,0
2019,마사0362,cp2_bnu_56,14
2019,마사0362,cp2_bnu_75,3
2019,마사0362,cp2_bnu_91,8
2019,마사0362,cp2_bnu_96,0
2019,마사0364,cp2_bnu_55,5
2019,마사0364,cp2_bnu_56,3
2019,마사0365,cp2_bnu_55,0
2019,마사0366,cp2_bnu_70,0
2019,마사0383,cp2_bnu_42,3
2019,마사0383,cp2_bnu_47,3
2019,마사0383,cp2_bnu_55,5
2019,마사0385,cp2_bnu_94,0
2019,마사0391,cp2_bnu_10,0
2019,마사0392,cp2_bnu_55,0
2019,마사0393,cp2_bnu_55,3
2019,마사0394,cp2_bnu_94,0
2019,마사0397,cp2_bnu_42,3
2019,마사0397,cp2_bnu_55,0
2019,마사0399,cp2_bnu_10,3
2019,마사0399,cp2_bnu_56,0
2019,마사0401,cp2_bnu_47,3
2019,마사0401,cp2_bnu_55,8
2019,마사0401,cp2_bnu_56,0
2019,마사0401,cp2_bnu_90,3
2019,마사0401,cp2_bnu_94,3
2019,마사0402,cp2_bnu_55,0
2019,마사0402,cp2_bnu_94,3
2019,마사0405,cp2_bnu_10,3
2019,마사0405,cp2_bnu_47,8
2019,마사0405,cp2_bnu_55,3
2019,마사0405,cp2_bnu_56,5
2019,마사0405,cp2_bnu_61,3
2019,마사0405,cp2_bnu_64,3
2019,마사0405,cp2_bnu_68,0
2019,마사0405,cp2_bnu_84,3
2019,마사0405,cp2_bnu_85,3
2019,마사0405,cp2_bnu_86,0
2019,마사0405,cp2_bnu_87,3
2019,마사0405,cp2_bnu_94,5
2019,마사0405,cp2_bnu_96,3
2019,마사0406,cp2_bnu_85,3
2019,마사0407,cp2_bnu_91,3
2019,마사0408,cp2_bnu_07,0
2019,마사0408,cp2_bnu_47,0
2019,마사0411,cp2_bnu_46,0
2019,마사0411,cp2_bnu_94,3
2019,마사0412,cp2_bnu_94,0
2019,마사0413,cp2_bnu_10,0
2019,마사0413,cp2_bnu_20,0
2019,마사0413,cp2_bnu_29,0
2019,마사0413,cp2_bnu_42,0
2019,마사0413,cp2_bnu_47,3
2019,마사0413,cp2_bnu_56,0
2019,마사0413,cp2_bnu_85,5
2019,마사0413,cp2_bnu_90,0
2019,마사0413,cp2_bnu_94,3
2019,마사0414,cp2_bnu_10,3
2019,마사0414,cp2_bnu_56,0
2019,마사0414,cp2_bnu_68,0
2019,마사0414,cp2_bnu_91,0
2019,마사0416,cp2_bnu_07,3
2019,마사0419,cp2_bnu_56,3
2019,마사0422,cp2_bnu_47,0
2019,마사0423,cp2_bnu_38,0
2019,마사0425,cp2_bnu_47,3
2019,마사0425,cp2_bnu_55,5
2019,마사0429,cp2_bnu_94,3
2019,마사0430,cp2_bnu_42,0
2019,마사0430,cp2_bnu_46,3
2019,마사0430,cp2_bnu_84,3
2019,마사0430,cp2_bnu_87,3
2019,마사0431,cp2_bnu_55,3
2019,마사0431,cp2_bnu_87,0
2019,마사0431,cp2_bnu_91,3
2019,마사0432,cp2_bnu_47,0
2019,마사0433,cp2_bnu_46,3
2019,마사0434,cp2_bnu_42,0
2019,마사0434,cp2_bnu_46,0
2019,마사0434,cp2_bnu_55,3
2019,마사0434,cp2_bnu_94,0
2019,마사0435,cp2_bnu_47,0
2019,마사0435,cp2_bnu_55,3
2019,마사0435,cp2_bnu_87,0
2019,마사0440,cp2_bnu_46,3
2019,마사0440,cp2_bnu_47,0
2019,마사0440,cp2_bnu_55,3
2019,마사0440,cp2_bnu_94,3
2019,마사0461,cp2_bnu_10,0
2019,마사0461,cp2_bnu_37,0
2019,마사0461,cp2_bnu_41,3
2019,마사0461,cp2_bnu_47,12
2019,마사0461,cp2_bnu_49,0
2019,마사0461,cp2_bnu_55,0
2019,마사0461,cp2_bnu_56,23
2019,마사0461,cp2_bnu_74,5
2019,마사0461,cp2_bnu_76,3
2019,마사0461,cp2_bnu_85,0
2019,마사0461,cp2_bnu_91,5
2019,마사0461,cp2_bnu_96,5
2019,마사0462,cp2_bnu_41,0
2019,마사0462,cp2_bnu_47,0
2019,마사0462,cp2_bnu_55,3
2019,마사0462,cp2_bnu_56,0
2019,마사0462,cp2_bnu_76,0
2019,마사0462,cp2_bnu_94,0
2019,마사0463,cp2_bnu_85,0
2019,마사0465,cp2_bnu_46,3
2019,마사0467,cp2_bnu_55,3
2019,마사0468,cp2_bnu_55,0
2019,마사0468,cp2_bnu_56,0
2019,마사0468,cp2_bnu_94,3
2019,마사0469,cp2_bnu_55,3
2019,마사0469,cp2_bnu_73,0
2019,마사0469,cp2_bnu_85,3
2019,마사0469,cp2_bnu_91,0
2019,마사0470,cp2_bnu_01,0
2019,마사0470,cp2_bnu_10,0
2019,마사0479,cp2_bnu_94,0
2019,마사0483,cp2_bnu_55,14
2019,마사0484,cp2_bnu_55,3
2019,마사0499,cp2_bnu_41,3
2019,마사0501,cp2_bnu_55,3
2019,마사0501,cp2_bnu_56,0
2019,마사0505,cp2_bnu_47,0
2019,마사0505,cp2_bnu_55,3
2019,마사0505,cp2_bnu_56,3
2019,마사0505,cp2_bnu_85,0
2019,마사0505,cp2_bnu_95,0
2019,마사0506,cp2_bnu_02,0
2019,마사0512,cp2_bnu_34,3
2019,마사0512,cp2_bnu_47,0
2019,마사0512,cp2_bnu_91,0
2019,마사0513,cp2_bnu_47,0
2019,마사0513,cp2_bnu_56,0
2019,마사0513,cp2_bnu_94,3
2019,마사0513,cp2_bnu_96,0
2019,마사0516,cp2_bnu_07,3
2019,마사0519,cp2_bnu_47,0
2019,마사0519,cp2_bnu_56,3
2019,마사0524,cp2_bnu_47,0
2019,마사0524,cp2_bnu_56,3
2019,마사0525,cp2_bnu_47,0
2019,마사0525,cp2_bnu_91,3
2019,마사0529,cp2_bnu_46,3
2019,마사0530,cp2_bnu_55,3
2019,마사0530,cp2_bnu_85,0
2019,마사0530,cp2_bnu_87,0
2019,마사0530,cp2_bnu_94,3
2019,마사0534,cp2_bnu_35,0
2019,마사0534,cp2_bnu_47,0
2019,마사0535,cp2_bnu_55,0
2019,마사0541,cp2_bnu_10,3
2019,마사0541,cp2_bnu_46,3
2019,마사0541,cp2_bnu_47,0
2019,마사0541,cp2_bnu_68,0
2019,마사0543,cp2_bnu_94,0
2019,마사0551,cp2_bnu_94,0
2019,마사0562,cp2_bnu_47,0
2019,마사0562,cp2_bnu_55,3
2019,마사0562,cp2_bnu_56,0
2019,마사0562,cp2_bnu_68,0
2019,마사0563,cp2_bnu_37,0
2019,마사0563,cp2_bnu_46,0
2019,마사0563,cp2_bnu_47,3
2019,마사0563,cp2_bnu_55,3
2019,마사0563,cp2_bnu_56,0
2019,마사0563,cp2_bnu_68,5
2019,마사0563,cp2_bnu_76,3
2019,마사0563,cp2_bnu_91,3
2019,마사0564,cp2_bnu_41,3
2019,마사0564,cp2_bnu_42,0
2019,마사0564,cp2_bnu_46,3
2019,마사0564,cp2_bnu_47,8
2019,마사0564,cp2_bnu_56,3
2019,마사0564,cp2_bnu_66,3
2019,마사0564,cp2_bnu_68,5
2019,마사0564,cp2_bnu_71,0
2019,마사0564,cp2_bnu_76,11
2019,마사0564,cp2_bnu_84,0
2019,마사0564,cp2_bnu_85,0
2019,마사0564,cp2_bnu_94,3
2019,마사0564,cp2_bnu_95,3
2019,마사0565,cp2_bnu_41,0
2019,마사0565,cp2_bnu_42,3
2019,마사0565,cp2_bnu_46,3
2019,마사0565,cp2_bnu_47,8
2019,마사0565,cp2_bnu_52,0
2019,마사0565,cp2_bnu_55,3
2019,마사0565,cp2_bnu_56,8
2019,마사0565,cp2_bnu_68,3
2019,마사0565,cp2_bnu_74,3
2019,마사0565,cp2_bnu_76,7
2019,마사0565,cp2_bnu_95,3
2019,마사0566,cp2_bnu_46,0
2019,마사0566,cp2_bnu_47,3
2019,마사0566,cp2_bnu_49,3
2019,마사0566,cp2_bnu_55,3
2019,마사0566,cp2_bnu_56,5
2019,마사0566,cp2_bnu_85,3
2019,마사0566,cp2_bnu_91,3
2019,마사0566,cp2_bnu_94,0
2019,마사0567,cp2_bnu_47,0
2019,마사0567,cp2_bnu_49,0
2019,마사0567,cp2_bnu_55,7
2019,마사0567,cp2_bnu_56,3
2019,마사0567,cp2_bnu_68,3
2019,마사0567,cp2_bnu_74,0
2019,마사0568,cp2_bnu_55,5
2019,마사0568,cp2_bnu_75,0
2019,마사0568,cp2_bnu_91,3
2019,마사0579,cp2_bnu_47,3
2019,마사0579,cp2_bnu_55,3
2019,마사0583,cp2_bnu_47,0
2019,마사0583,cp2_bnu_55,14
2019,마사0583,cp2_bnu_56,3
2019,마사0583,cp2_bnu_86,0
2019,마사0584,cp2_bnu_55,3
2019,마사0585,cp2_bnu_94,3
2019,마사0598,cp2_bnu_55,0
2019,마사0604,cp2_bnu_47,0
2019,마사0604,cp2_bnu_55,3
2019,마사0604,cp2_bnu_94,0
2019,마사0606,cp2_bnu_07,0
2019,마사0613,cp2_bnu_55,0
2019,마사0618,cp2_bnu_94,0
2019,마사0622,cp2_bnu_94,0
2019,마사0624,cp2_bnu_55,3
2019,마사0624,cp2_bnu_56,3
2019,마사0628,cp2_bnu_07,0
2019,마사0628,cp2_bnu_68,0
2019,마사0630,cp2_bnu_46,0
2019,마사0630,cp2_bnu_94,0
2019,마사0630,cp2_bnu_96,0
2019,마사0634,cp2_bnu_47,0
2019,마사0636,cp2_bnu_55,3
2019,마사0642,cp2_bnu_94,3
2019,마사0646,cp2_bnu_55,0
2019,마사0647,cp2_bnu_10,3
2019,마사0647,cp2_bnu_56,0
2019,마사0651,cp2_bnu_47,0
2019,마사0651,cp2_bnu_55,0
2019,마사0658,cp2_bnu_10,0
2019,마사0658,cp2_bnu_56,0
2019,마사0661,cp2_bnu_91,3
2019,마사0663,cp2_bnu_41,3
2019,마사0663,cp2_bnu_42,3
2019,마사0663,cp2_bnu_46,0
2019,마사0663,cp2_bnu_47,11
2019,마사0663,cp2_bnu_55,14
2019,마사0663,cp2_bnu_56,18
2019,마사0663,cp2_bnu_68,5
2019,마사0663,cp2_bnu_75,3
2019,마사0663,cp2_bnu_76,8
2019,마사0663,cp2_bnu_91,0
2019,마사0663,cp2_bnu_96,3
2019,마사0664,cp2_bnu_02,3
2019,마사0664,cp2_bnu_10,5
2019,마사0664,cp2_bnu_33,0
2019,마사0664,cp2_bnu_34,0
2019,마사0664,cp2_bnu_41,3
2019,마사0664,cp2_bnu_42,8
2019,마사0664,cp2_bnu_46,11
2019,마사0664,cp2_bnu_47,50
2019,마사0664,cp2_bnu_49,0
2019,마사0664,cp2_bnu_52,0
2019,마사0664,cp2_bnu_55,11
2019,마사0664,cp2_bnu_56,133
2019,마사0664,cp2_bnu_61,0
2019,마사0664,cp2_bnu_64,5
2019,마사0664,cp2_bnu_68,11
2019,마사0664,cp2_bnu_71,0
2019,마사0664,cp2_bnu_73,3
2019,마사0664,cp2_bnu_74,3
2019,마사0664,cp2_bnu_75,5
2019,마사0664,cp2_bnu_76,5
2019,마사0664,cp2_bnu_84,3
2019,마사0664,cp2_bnu_85,14
2019,마사0664,cp2_bnu_86,5
2019,마사0664,cp2_bnu_87,3
2019,마사0664,cp2_bnu_90,0
2019,마사0664,cp2_bnu_91,18
2019,마사0664,cp2_bnu_94,11
2019,마사0664,cp2_bnu_95,5
2019,마사0664,cp2_bnu_96,21
2019,마사0665,cp2_bnu_01,0
2019,마사0665,cp2_bnu_46,0
2019,마사0665,cp2_bnu_47,0
2019,마사0665,cp2_bnu_55,3
2019,마사0665,cp2_bnu_56,0
2019,마사0665,cp2_bnu_76,0
2019,마사0665,cp2_bnu_90,0
2019,마사0665,cp2_bnu_91,3
2019,마사0666,cp2_bnu_46,3
2019,마사0667,cp2_bnu_55,3
2019,마사0679,cp2_bnu_90,3
2019,마사0680,cp2_bnu_47,3
2019,마사0680,cp2_bnu_55,5
2019,마사0681,cp2_bnu_55,3
2019,마사0682,cp2_bnu_47,0
2019,마사0682,cp2_bnu_55,0
2019,마사0683,cp2_bnu_47,3
2019,마사0683,cp2_bnu_55,8
2019,마사0683,cp2_bnu_56,3
2019,마사0685,cp2_bnu_55,0
2019,마사0687,cp2_bnu_55,3
2019,마사0693,cp2_bnu_55,0
2019,마사0695,cp2_bnu_07,0
2019,마사0705,cp2_bnu_55,0
2019,마사0706,cp2_bnu_56,3
2019,마사0714,cp2_bnu_94,3
2019,마사0719,cp2_bnu_07,3
2019,마사0719,cp2_bnu_56,3
2019,마사0724,cp2_bnu_49,0
2019,마사0725,cp2_bnu_47,3
2019,마사0725,cp2_bnu_49,0
2019,마사0725,cp2_bnu_55,0
2019,마사0725,cp2_bnu_56,0
2019,마사0725,cp2_bnu_85,3
2019,마사0725,cp2_bnu_86,0
2019,마사0725,cp2_bnu_94,0
2019,마사0726,cp2_bnu_38,3
2019,마사0727,cp2_bnu_46,0
2019,마사0729,cp2_bnu_47,3
2019,마사0729,cp2_bnu_55,0
2019,마사0729,cp2_bnu_91,3
2019,마사0730,cp2_bnu_41,3
2019,마사0730,cp2_bnu_55,3
2019,마사0730,cp2_bnu_56,3
2019,마사0732,cp2_bnu_10,3
2019,마사0741,cp2_bnu_55,3
2019,마사0741,cp2_bnu_68,3
2019,마사0741,cp2_bnu_84,3
2019,마사0741,cp2_bnu_86,0
2019,마사0741,cp2_bnu_95,3
2019,마사0742,cp2_bnu_32,0
2019,마사0742,cp2_bnu_41,0
2019,마사0742,cp2_bnu_47,5
2019,마사0742,cp2_bnu_55,3
2019,마사0742,cp2_bnu_56,0
2019,마사0742,cp2_bnu_95,0
2019,마사0743,cp2_bnu_47,0
2019,마사0743,cp2_bnu_94,3
2019,마사0744,cp2_bnu_47,3
2019,마사0744,cp2_bnu_55,3
2019,마사0744,cp2_bnu_56,0
2019,마사0745,cp2_bnu_47,0
2019,마사0745,cp2_bnu_55,5
2019,마사0746,cp2_bnu_10,3
2019,마사0746,cp2_bnu_55,3
2019,마사0747,cp2_bnu_55,3
2019,마사0750,cp2_bnu_55,3
2019,마사0751,cp2_bnu_87,0
2019,마사0756,cp2_bnu_55,0
2019,마사0758,cp2_bnu_55,0
2019,마사0758,cp2_bnu_56,0
2019,마사0759,cp2_bnu_55,0
2019,마사0762,cp2_bnu_47,3
2019,마사0762,cp2_bnu_55,3
2019,마사0762,cp2_bnu_56,8
2019,마사0762,cp2_bnu_68,0
2019,마사0762,cp2_bnu_90,0
2019,마사0762,cp2_bnu_91,0
2019,마사0763,cp2_bnu_55,5
2019,마사0763,cp2_bnu_56,0
2019,마사0763,cp2_bnu_68,0
2019,마사0763,cp2_bnu_85,3
2019,마사0763,cp2_bnu_87,0
2019,마사0763,cp2_bnu_94,0
2019,마사0764,cp2_bnu_01,5
2019,마사0764,cp2_bnu_34,0
2019,마사0764,cp2_bnu_42,3
2019,마사0764,cp2_bnu_46,3
2019,마사0764,cp2_bnu_47,3
2019,마사0764,cp2_bnu_56,8
2019,마사0764,cp2_bnu_68,0
2019,마사0764,cp2_bnu_70,0
2019,마사0764,cp2_bnu_87,3
2019,마사0764,cp2_bnu_94,0
2019,마사0764,cp2_bnu_96,0
2019,마사0765,cp2_bnu_10,0
2019,마사0765,cp2_bnu_29,0
2019,마사0765,cp2_bnu_52,3
2019,마사0765,cp2_bnu_55,5
2019,마사0765,cp2_bnu_56,3
2019,마사0766,cp2_bnu_55,0
2019,마사0766,cp2_bnu_56,3
2019,마사0766,cp2_bnu_85,0
2019,마사0766,cp2_bnu_91,0
2019,마사0767,cp2_bnu_47,3
2019,마사0767,cp2_bnu_55,3
2019,마사0767,cp2_bnu_56,3
2019,마사0768,cp2_bnu_01,0
2019,마사0768,cp2_bnu_91,0
2019,마사0770,cp2_bnu_01,0
2019,마사0783,cp2_bnu_90,0
2019,마사0784,cp2_bnu_47,3
2019,마사0784,cp2_bnu_94,3
2019,마사0785,cp2_bnu_94,3
2019,마사0788,cp2_bnu_10,3
2019,마사0788,cp2_bnu_94,0
2019,마사0792,cp2_bnu_47,0
2019,마사0792,cp2_bnu_56,0
2019,마사0792,cp2_bnu_91,3
2019,마사0797,cp2_bnu_41,0
2019,마사0804,cp2_bnu_94,0
2019,마사0805,cp2_bnu_55,0
2019,마사0808,cp2_bnu_47,3
2019,마사0819,cp2_bnu_47,3
2019,마사0824,cp2_bnu_20,3
2019,마사0824,cp2_bnu_46,3
2019,마사0825,cp2_bnu_07,0
2019,마사0828,cp2_bnu_56,5
2019,마사0828,cp2_bnu_94,0
2019,마사0829,cp2_bnu_23,5
2019,마사0829,cp2_bnu_47,0
2019,마사0829,cp2_bnu_55,5
2019,마사0829,cp2_bnu_56,3
2019,마사0830,cp2_bnu_47,3
2019,마사0830,cp2_bnu_55,0
2019,마사0837,cp2_bnu_41,0
2019,마사0838,cp2_bnu_94,0
2019,마사0839,cp2_bnu_42,0
2019,마사0840,cp2_bnu_55,0
2019,마사0841,cp2_bnu_42,0
2019,마사0841,cp2_bnu_46,3
2019,마사0841,cp2_bnu_55,0
2019,마사0841,cp2_bnu_84,0
2019,마사0841,cp2_bnu_85,3
2019,마사0841,cp2_bnu_94,3
2019,마사0841,cp2_bnu_95,0
2019,마사0842,cp2_bnu_10,3
2019,마사0842,cp2_bnu_11,0
2019,마사0842,cp2_bnu_34,3
2019,마사0842,cp2_bnu_41,5
2019,마사0842,cp2_bnu_42,3
2019,마사0842,cp2_bnu_46,3
2019,마사0842,cp2_bnu_47,22
2019,마사0842,cp2_bnu_55,5
2019,마사0842,cp2_bnu_56,24
2019,마사0842,cp2_bnu_61,3
2019,마사0842,cp2_bnu_64,3
2019,마사0842,cp2_bnu_66,3
2019,마사0842,cp2_bnu_72,0
2019,마사0842,cp2_bnu_73,0
2019,마사0842,cp2_bnu_75,3
2019,마사0842,cp2_bnu_84,3
2019,마사0842,cp2_bnu_85,5
2019,마사0842,cp2_bnu_87,3
2019,마사0842,cp2_bnu_90,3
2019,마사0842,cp2_bnu_91,0
2019,마사0842,cp2_bnu_94,3
2019,마사0842,cp2_bnu_95,3
2019,마사0842,cp2_bnu_96,8
2019,마사0843,cp2_bnu_55,0
2019,마사0844,cp2_bnu_47,3
2019,마사0846,cp2_bnu_41,0
2019,마사0846,cp2_bnu_47,0
2019,마사0846,cp2_bnu_55,7
2019,마사0846,cp2_bnu_56,0
2019,마사0846,cp2_bnu_61,0
2019,마사0846,cp2_bnu_90,0
2019,마사0846,cp2_bnu_94,0
2019,마사0846,cp2_bnu_96,3
2019,마사0847,cp2_bnu_47,5
2019,마사0847,cp2_bnu_55,3
2019,마사0847,cp2_bnu_56,5
2019,마사0847,cp2_bnu_91,0
2019,마사0849,cp2_bnu_10,0
2019,마사0849,cp2_bnu_55,5
2019,마사0852,cp2_bnu_55,0
2019,마사0855,cp2_bnu_94,3
2019,마사0858,cp2_bnu_55,0
2019,마사0858,cp2_bnu_56,3
2019,마사0864,cp2_bnu_46,0
2019,마사0865,cp2_bnu_55,3
2019,마사0865,cp2_bnu_70,0
2019,마사0866,cp2_bnu_70,3
2019,마사0871,cp2_bnu_35,3
2019,마사0883,cp2_bnu_55,0
2019,마사0883,cp2_bnu_56,5
2019,마사0884,cp2_bnu_55,0
2019,마사0891,cp2_bnu_55,0
2019,마사0892,cp2_bnu_10,0
2019,마사0892,cp2_bnu_33,0
2019,마사0892,cp2_bnu_47,0
2019,마사0892,cp2_bnu_55,0
2019,마사0892,cp2_bnu_56,0
2019,마사0892,cp2_bnu_87,0
2019,마사0893,cp2_bnu_94,0
2019,마사0897,cp2_bnu_10,0
2019,마사0898,cp2_bnu_31,0
2019,마사0898,cp2_bnu_55,0
2019,마사0898,cp2_bnu_76,0
2019,마사0899,cp2_bnu_46,3
2019,마사0899,cp2_bnu_55,0
2019,마사0899,cp2_bnu_85,0
2019,마사0909,cp2_bnu_46,3
2019,마사0909,cp2_bnu_94,3
2019,마사0915,cp2_bnu_10,0
2019,마사0916,cp2_bnu_55,3
2019,마사0916,cp2_bnu_56,5
2019,마사0919,cp2_bnu_41,3
2019,마사0919,cp2_bnu_42,5
2019,마사0919,cp2_bnu_47,5
2019,마사0919,cp2_bnu_55,3
2019,마사0919,cp2_bnu_56,5
2019,마사0919,cp2_bnu_64,0
2019,마사0919,cp2_bnu_68,0
2019,마사0919,cp2_bnu_74,3
2019,마사0919,cp2_bnu_84,3
2019,마사0919,cp2_bnu_85,0
2019,마사0919,cp2_bnu_86,0
2019,마사0919,cp2_bnu_96,0
2019,마사0921,cp2_bnu_07,0
2019,마사0921,cp2_bnu_45,0
2019,마사0921,cp2_bnu_47,3
2019,마사0921,cp2_bnu_49,0
2019,마사0921,cp2_bnu_52,3
2019,마사0921,cp2_bnu_96,0
2019,마사0923,cp2_bnu_20,3
2019,마사0928,cp2_bnu_55,3
2019,마사0937,cp2_bnu_41,0
2019,마사0937,cp2_bnu_94,0
2019,마사0941,cp2_bnu_55,3
2019,마사0946,cp2_bnu_55,3
2019,마사0946,cp2_bnu_94,3
2019,마사0947,cp2_bnu_55,8
2019,마사0947,cp2_bnu_56,3
2019,마사0947,cp2_bnu_86,3
2019,마사0953,cp2_bnu_10,3
2019,마사0953,cp2_bnu_56,0
2019,마사0958,cp2_bnu_56,0
2019,마사0964,cp2_bnu_56,0
2019,마사0965,cp2_bnu_47,0
2019,마사0965,cp2_bnu_55,5
2019,마사0965,cp2_bnu_56,5
2019,마사0965,cp2_bnu_85,3
2019,마사0965,cp2_bnu_91,3
2019,마사0966,cp2_bnu_01,3
2019,마사0966,cp2_bnu_47,0
2019,마사0966,cp2_bnu_55,5
2019,마사0983,cp2_bnu_55,3
2019,마사0983,cp2_bnu_91,0
2019,마사0984,cp2_bnu_26,0
2019,마사0984,cp2_bnu_55,5
2019,마사0987,cp2_bnu_55,0
2019,마사0994,cp2_bnu_90,3
2019,마사0994,cp2_bnu_94,0
2019,마사0997,cp2_bnu_10,0
2019,마사0997,cp2_bnu_45,0
2019,마사0997,cp2_bnu_47,3
2019,마사0998,cp2_bnu_47,0
2019,마사0998,cp2_bnu_55,3
2019,마사0998,cp2_bnu_58,0
2019,마사0998,cp2_bnu_94,0
2019,마사0999,cp2_bnu_10,0
2019,마사0999,cp2_bnu_42,0
2019,마사0999,cp2_bnu_46,0
2019,마사0999,cp2_bnu_47,5
2019,마사0999,cp2_bnu_55,5
2019,마사0999,cp2_bnu_56,0
2019,마사0999,cp2_bnu_68,3
2019,마사0999,cp2_bnu_73,0
2019,마사0999,cp2_bnu_75,3
2019,마사1002,cp2_bnu_10,0
2019,마사1003,cp2_bnu_47,3
2019,마사1003,cp2_bnu_55,3
2019,마사1003,cp2_bnu_56,3
2019,마사1004,cp2_bnu_87,0
2019,마사1017,cp2_bnu_56,3
2019,마사1018,cp2_bnu_16,0
2019,마사1019,cp2_bnu_10,0
2019,마사1019,cp2_bnu_46,0
2019,마사1019,cp2_bnu_47,0
2019,마사1019,cp2_bnu_56,3
2019,마사1019,cp2_bnu_61,0
2019,마사1019,cp2_bnu_68,0
2019,마사1019,cp2_bnu_74,3
2019,마사1019,cp2_bnu_85,3
2019,마사1019,cp2_bnu_94,0
2019,마사1019,cp2_bnu_95,3
2019,마사1020,cp2_bnu_23,3
2019,마사1021,cp2_bnu_47,0
2019,마사1021,cp2_bnu_56,3
2019,마사1028,cp2_bnu_42,0
2019,마사1028,cp2_bnu_55,0
2019,마사1047,cp2_bnu_55,3
2019,마사1056,cp2_bnu_55,0
2019,마사1065,cp2_bnu_47,5
2019,마사1065,cp2_bnu_56,11
2019,마사1065,cp2_bnu_90,0
2019,마사1066,cp2_bnu_91,3
2019,마사1067,cp2_bnu_52,0
2019,마사1083,cp2_bnu_46,0
2019,마사1084,cp2_bnu_55,0
2019,마사1085,cp2_bnu_94,0
2019,마사1087,cp2_bnu_56,3
2019,마사1087,cp2_bnu_94,0
2019,마사1088,cp2_bnu_94,3
2019,마사1093,cp2_bnu_07,0
2019,마사1093,cp2_bnu_34,0
2019,마사1094,cp2_bnu_10,0
2019,마사1094,cp2_bnu_47,3
2019,마사1094,cp2_bnu_94,3
2019,마사1095,cp2_bnu_23,3
2019,마사1095,cp2_bnu_35,3
2019,마사1095,cp2_bnu_42,0
2019,마사1095,cp2_bnu_47,3
2019,마사1096,cp2_bnu_23,3
2019,마사1096,cp2_bnu_55,3
2019,마사1096,cp2_bnu_56,0
2019,마사1096,cp2_bnu_91,3
2019,마사1097,cp2_bnu_33,0
2019,마사1097,cp2_bnu_34,3
2019,마사1097,cp2_bnu_41,5
2019,마사1097,cp2_bnu_42,3
2019,마사1097,cp2_bnu_46,5
2019,마사1097,cp2_bnu_47,32
2019,마사1097,cp2_bnu_49,0
2019,마사1097,cp2_bnu_55,42
2019,마사1097,cp2_bnu_56,54
2019,마사1097,cp2_bnu_61,0
2019,마사1097,cp2_bnu_64,3
2019,마사1097,cp2_bnu_68,5
2019,마사1097,cp2_bnu_73,0
2019,마사1097,cp2_bnu_76,15
2019,마사1097,cp2_bnu_84,3
2019,마사1097,cp2_bnu_85,14
2019,마사1097,cp2_bnu_86,0
2019,마사1097,cp2_bnu_87,3
2019,마사1097,cp2_bnu_91,3
2019,마사1097,cp2_bnu_94,3
2019,마사1097,cp2_bnu_96,3
2019,마사1098,cp2_bnu_46,3
2019,마사1098,cp2_bnu_47,3
2019,마사1098,cp2_bnu_55,31
2019,마사1098,cp2_bnu_56,5
2019,마사1098,cp2_bnu_76,3
2019,마사1098,cp2_bnu_85,3
2019,마사1098,cp2_bnu_91,0
2019,마사1098,cp2_bnu_94,3
2019,마사1098,cp2_bnu_95,0
2019,마사1098,cp2_bnu_96,0
2019,마사1109,cp2_bnu_55,0
2019,마사1116,cp2_bnu_55,3
2019,마사1116,cp2_bnu_56,0
2019,마사1117,cp2_bnu_49,0
2019,마사1117,cp2_bnu_55,5
2019,마사1117,cp2_bnu_87,0
2019,마사1118,cp2_bnu_47,3
2019,마사1118,cp2_bnu_56,0
2019,마사1120,cp2_bnu_85,0
2019,마사1121,cp2_bnu_47,0
2019,마사1121,cp2_bnu_94,0
2019,마사1128,cp2_bnu_34,3
2019,마사1128,cp2_bnu_94,3
2019,마사1131,cp2_bnu_90,0
2019,마사1141,cp2_bnu_55,0
2019,마사1141,cp2_bnu_56,3
2019,마사1142,cp2_bnu_23,3
2019,마사1143,cp2_bnu_94,0
2019,마사1144,cp2_bnu_23,3
2019,마사1154,cp2_bnu_94,0
2019,마사1157,cp2_bnu_94,0
2019,마사1162,cp2_bnu_55,3
2019,마사1171,cp2_bnu_94,0
2019,마사1181,cp2_bnu_55,3
2019,마사1183,cp2_bnu_02,0
2019,마사1183,cp2_bnu_55,3
2019,마사1184,cp2_bnu_55,0
2019,마사1187,cp2_bnu_56,0
2019,마사1188,cp2_bnu_55,0
2019,마사1188,cp2_bnu_56,5
2019,마사1192,cp2_bnu_86,0
2019,마사1192,cp2_bnu_94,5
2019,마사1193,cp2_bnu_41,0
2019,마사1193,cp2_bnu_47,0
2019,마사1194,cp2_bnu_56,3
2019,마사1194,cp2_bnu_86,3
2019,마사1194,cp2_bnu_96,0
2019,마사1195,cp2_bnu_46,0
2019,마사1195,cp2_bnu_47,3
2019,마사1195,cp2_bnu_55,3
2019,마사1195,cp2_bnu_56,0
2019,마사1195,cp2_bnu_85,0
2019,마사1196,cp2_bnu_42,0
2019,마사1196,cp2_bnu_46,3
2019,마사1196,cp2_bnu_47,5
2019,마사1196,cp2_bnu_55,5
2019,마사1196,cp2_bnu_56,3
2019,마사1196,cp2_bnu_68,3
2019,마사1196,cp2_bnu_91,0
2019,마사1196,cp2_bnu_94,0
2019,마사1197,cp2_bnu_94,0
2019,마사1202,cp2_bnu_10,3
2019,마사1202,cp2_bnu_55,3
2019,마사1202,cp2_bnu_94,0
2019,마사1209,cp2_bnu_10,3
2019,마사1216,cp2_bnu_49,0
2019,마사1216,cp2_bnu_52,0
2019,마사1216,cp2_bnu_55,3
2019,마사1217,cp2_bnu_10,0
2019,마사1217,cp2_bnu_25,0
2019,마사1217,cp2_bnu_42,3
2019,마사1217,cp2_bnu_47,0
2019,마사1217,cp2_bnu_55,5
2019,마사1217,cp2_bnu_56,3
2019,마사1217,cp2_bnu_86,0
2019,마사1217,cp2_bnu_90,0
2019,마사1217,cp2_bnu_94,0
2019,마사1222,cp2_bnu_55,3
2019,마사1228,cp2_bnu_47,0
2019,마사1231,cp2_bnu_47,0
2019,마사1239,cp2_bnu_41,3
2019,마사1239,cp2_bnu_94,3
2019,마사1241,cp2_bnu_35,3
2019,마사1254,cp2_bnu_46,0
2019,마사1254,cp2_bnu_55,0
2019,마사1254,cp2_bnu_56,0
2019,마사1255,cp2_bnu_46,0
2019,마사1255,cp2_bnu_55,3
2019,마사1255,cp2_bnu_86,0
2019,마사1257,cp2_bnu_70,0
2019,마사1258,cp2_bnu_10,3
2019,마사1277,cp2_bnu_94,0
2019,마사1281,cp2_bnu_55,5
2019,마사1284,cp2_bnu_46,3
2019,마사1287,cp2_bnu_17,0
2019,마사1287,cp2_bnu_55,0
2019,마사1287,cp2_bnu_85,3
2019,마사1292,cp2_bnu_10,3
2019,마사1292,cp2_bnu_42,3
2019,마사1292,cp2_bnu_46,3
2019,마사1292,cp2_bnu_47,3
2019,마사1292,cp2_bnu_56,0
2019,마사1292,cp2_bnu_85,3
2019,마사1293,cp2_bnu_03,3
2019,마사1293,cp2_bnu_38,3
2019,마사1293,cp2_bnu_41,3
2019,마사1293,cp2_bnu_55,3
2019,마사1293,cp2_bnu_91,0
2019,마사1294,cp2_bnu_03,0
2019,마사1294,cp2_bnu_46,5
2019,마사1294,cp2_bnu_47,15
2019,마사1294,cp2_bnu_55,26
2019,마사1294,cp2_bnu_56,11
2019,마사1294,cp2_bnu_63,0
2019,마사1294,cp2_bnu_64,0
2019,마사1294,cp2_bnu_68,3
2019,마사1294,cp2_bnu_76,5
2019,마사1294,cp2_bnu_85,8
2019,마사1294,cp2_bnu_91,0
2019,마사1294,cp2_bnu_94,3
2019,마사1295,cp2_bnu_37,0
2019,마사1295,cp2_bnu_47,3
2019,마사1295,cp2_bnu_55,6
2019,마사1295,cp2_bnu_76,3
2019,마사1295,cp2_bnu_85,0
2019,마사1301,cp2_bnu_42,0
2019,마사1302,cp2_bnu_10,0
2019,마사1302,cp2_bnu_16,3
2019,마사1302,cp2_bnu_41,3
2019,마사1302,cp2_bnu_42,0
2019,마사1302,cp2_bnu_47,3
2019,마사1302,cp2_bnu_55,3
2019,마사1302,cp2_bnu_56,3
2019,마사1302,cp2_bnu_94,3
2019,마사1303,cp2_bnu_47,0
2019,마사1303,cp2_bnu_56,3
2019,마사1309,cp2_bnu_55,3
2019,마사1315,cp2_bnu_55,3
2019,마사1316,cp2_bnu_10,0
2019,마사1316,cp2_bnu_41,0
2019,마사1316,cp2_bnu_42,0
2019,마사1316,cp2_bnu_45,0
2019,마사1316,cp2_bnu_47,11
2019,마사1316,cp2_bnu_49,3
2019,마사1316,cp2_bnu_55,9
2019,마사1316,cp2_bnu_56,24
2019,마사1316,cp2_bnu_68,3
2019,마사1316,cp2_bnu_85,0
2019,마사1316,cp2_bnu_91,3
2019,마사1316,cp2_bnu_95,3
2019,마사1316,cp2_bnu_96,3
2019,마사1317,cp2_bnu_10,3
2019,마사1317,cp2_bnu_11,0
2019,마사1317,cp2_bnu_13,0
2019,마사1317,cp2_bnu_16,0
2019,마사1317,cp2_bnu_18,3
2019,마사1317,cp2_bnu_23,0
2019,마사1317,cp2_bnu_25,0
2019,마사1317,cp2_bnu_26,0
2019,마사1317,cp2_bnu_29,3
2019,마사1317,cp2_bnu_33,3
2019,마사1317,cp2_bnu_37,3
2019,마사1317,cp2_bnu_41,0
2019,마사1317,cp2_bnu_42,3
2019,마사1317,cp2_bnu_46,8
2019,마사1317,cp2_bnu_47,15
2019,마사1317,cp2_bnu_49,0
2019,마사1317,cp2_bnu_52,3
2019,마사1317,cp2_bnu_55,8
2019,마사1317,cp2_bnu_56,22
2019,마사1317,cp2_bnu_74,3
2019,마사1317,cp2_bnu_76,3
2019,마사1317,cp2_bnu_85,3
2019,마사1317,cp2_bnu_87,3
2019,마사1317,cp2_bnu_91,3
2019,마사1317,cp2_bnu_94,3
2019,마사1317,cp2_bnu_95,0
2019,마사1317,cp2_bnu_96,3
2019,마사1318,cp2_bnu_55,3
2019,마사1318,cp2_bnu_56,0
2019,마사1318,cp2_bnu_85,3
2019,마사1318,cp2_bnu_94,0
2019,마사1319,cp2_bnu_47,3
2019,마사1325,cp2_bnu_94,0
2019,마사1326,cp2_bnu_47,3
2019,마사1326,cp2_bnu_55,0
2019,마사1326,cp2_bnu_56,0
2019,마사1326,cp2_bnu_90,3
2019,마사1327,cp2_bnu_42,3
2019,마사1327,cp2_bnu_47,0
2019,마사1327,cp2_bnu_55,3
2019,마사1327,cp2_bnu_87,3
2019,마사1327,cp2_bnu_94,0
2019,마사1327,cp2_bnu_96,3
2019,마사1329,cp2_bnu_55,0
2019,마사1330,cp2_bnu_07,3
2019,마사1342,cp2_bnu_42,0
2019,마사1342,cp2_bnu_47,3
2019,마사1345,cp2_bnu_47,3
2019,마사1354,cp2_bnu_01,3
2019,마사1361,cp2_bnu_55,3
2019,마사1362,cp2_bnu_01,3
2019,마사1362,cp2_bnu_55,3
2019,마사1362,cp2_bnu_90,0
2019,마사1362,cp2_bnu_94,3
2019,마사1368,cp2_bnu_90,0
2019,마사1369,cp2_bnu_55,3
2019,마사1369,cp2_bnu_94,0
2019,마사1370,cp2_bnu_42,0
2019,마사1370,cp2_bnu_96,0
2019,마사1371,cp2_bnu_55,3
2019,마사1371,cp2_bnu_56,0
2019,마사1373,cp2_bnu_85,0
2019,마사1373,cp2_bnu_94,3
2019,마사1374,cp2_bnu_10,3
2019,마사1374,cp2_bnu_56,0
2019,마사1374,cp2_bnu_94,0
2019,마사1383,cp2_bnu_47,0
2019,마사1383,cp2_bnu_55,0
2019,마사1383,cp2_bnu_56,0
2019,마사1384,cp2_bnu_10,3
2019,마사1384,cp2_bnu_46,3
2019,마사1384,cp2_bnu_47,0
2019,마사1384,cp2_bnu_56,3
2019,마사1384,cp2_bnu_85,0
2019,마사1384,cp2_bnu_90,0
2019,마사1387,cp2_bnu_10,0
2019,마사1387,cp2_bnu_25,0
2019,마사1387,cp2_bnu_56,3
2019,마사1387,cp2_bnu_68,3
2019,마사1387,cp2_bnu_72,0
2019,마사1387,cp2_bnu_85,3
2019,마사1387,cp2_bnu_87,3
2019,마사1387,cp2_bnu_94,0
2019,마사1388,cp2_bnu_07,0
2019,마사1391,cp2_bnu_46,0
2019,마사1391,cp2_bnu_52,0
2019,마사1391,cp2_bnu_68,0
2019,마사1392,cp2_bnu_07,3
2019,마사1392,cp2_bnu_10,3
2019,마사1392,cp2_bnu_11,3
2019,마사1392,cp2_bnu_23,3
2019,마사1392,cp2_bnu_42,3
2019,마사1392,cp2_bnu_46,5
2019,마사1392,cp2_bnu_47,3
2019,마사1392,cp2_bnu_49,3
2019,마사1392,cp2_bnu_55,5
2019,마사1392,cp2_bnu_56,5
2019,마사1392,cp2_bnu_68,3
2019,마사1392,cp2_bnu_96,0
2019,마사1393,cp2_bnu_46,3
2019,마사1393,cp2_bnu_47,3
2019,마사1393,cp2_bnu_55,11
2019,마사1393,cp2_bnu_56,5
2019,마사1393,cp2_bnu_68,3
2019,마사1393,cp2_bnu_76,3
2019,마사1394,cp2_bnu_34,3
2019,마사1394,cp2_bnu_47,4
2019,마사1394,cp2_bnu_55,11
2019,마사1394,cp2_bnu_56,13
2019,마사1394,cp2_bnu_76,3
2019,마사1394,cp2_bnu_91,3
2019,마사1403,cp2_bnu_94,0
2019,마사1414,cp2_bnu_90,0
2019,마사1416,cp2_bnu_42,0
2019,마사1416,cp2_bnu_47,3
2019,마사1416,cp2_bnu_56,0
2019,마사1416,cp2_bnu_68,0
2019,마사1418,cp2_bnu_46,0
2019,마사1418,cp2_bnu_47,3
2019,마사1418,cp2_bnu_55,3
2019,마사1418,cp2_bnu_56,0
2019,마사1419,cp2_bnu_55,3
2019,마사1421,cp2_bnu_47,0
2019,마사1423,cp2_bnu_94,0
2019,마사1427,cp2_bnu_10,3
2019,마사1427,cp2_bnu_42,5
2019,마사1427,cp2_bnu_46,0
2019,마사1427,cp2_bnu_47,9
2019,마사1427,cp2_bnu_55,0
2019,마사1427,cp2_bnu_56,5
2019,마사1427,cp2_bnu_61,3
2019,마사1427,cp2_bnu_64,0
2019,마사1427,cp2_bnu_68,0
2019,마사1427,cp2_bnu_74,0
2019,마사1427,cp2_bnu_84,3
2019,마사1427,cp2_bnu_85,3
2019,마사1427,cp2_bnu_86,0
2019,마사1427,cp2_bnu_87,0
2019,마사1427,cp2_bnu_90,3
2019,마사1427,cp2_bnu_94,3
2019,마사1427,cp2_bnu_96,3
2019,마사1428,cp2_bnu_10,3
2019,마사1428,cp2_bnu_47,5
2019,마사1428,cp2_bnu_55,3
2019,마사1428,cp2_bnu_56,5
2019,마사1428,cp2_bnu_74,0
2019,마사1428,cp2_bnu_90,0
2019,마사1428,cp2_bnu_91,3
2019,마사1429,cp2_bnu_55,0
2019,마사1429,cp2_bnu_56,3
2019,마사1432,cp2_bnu_47,0
2019,마사1439,cp2_bnu_47,0
2019,마사1440,cp2_bnu_47,3
2019,마사1440,cp2_bnu_56,3
2019,마사1440,cp2_bnu_94,0
2019,마사1441,cp2_bnu_41,0
2019,마사1441,cp2_bnu_47,0
2019,마사1441,cp2_bnu_86,0
2019,마사1444,cp2_bnu_87,0
2019,마사1444,cp2_bnu_94,0
2019,마사1445,cp2_bnu_96,3
2019,마사1454,cp2_bnu_16,0
2019,마사1461,cp2_bnu_55,3
2019,마사1463,cp2_bnu_55,3
2019,마사1464,cp2_bnu_55,3
2019,마사1468,cp2_bnu_47,3
2019,마사1468,cp2_bnu_55,3
2019,마사1468,cp2_bnu_56,3
2019,마사1468,cp2_bnu_91,0
2019,마사1469,cp2_bnu_46,0
2019,마사1469,cp2_bnu_47,5
2019,마사1469,cp2_bnu_55,9
2019,마사1469,cp2_bnu_56,3
2019,마사1469,cp2_bnu_90,3
2019,마사1469,cp2_bnu_94,3
2019,마사1470,cp2_bnu_10,0
2019,마사1470,cp2_bnu_32,0
2019,마사1470,cp2_bnu_46,3
2019,마사1470,cp2_bnu_47,0
2019,마사1471,cp2_bnu_55,0
2019,마사1471,cp2_bnu_85,0
2019,마사1471,cp2_bnu_87,0
2019,마사1471,cp2_bnu_94,0
2019,마사1472,cp2_bnu_59,3
2019,마사1472,cp2_bnu_94,0
2019,마사1473,cp2_bnu_25,0
2019,마사1473,cp2_bnu_55,0
2019,마사1473,cp2_bnu_56,0
2019,마사1474,cp2_bnu_47,3
2019,마사1474,cp2_bnu_56,3
2019,마사1474,cp2_bnu_94,0
2019,마사1477,cp2_bnu_55,3
2019,마사1477,cp2_bnu_91,0
2019,마사1479,cp2_bnu_55,3
2019,마사1479,cp2_bnu_56,3
2019,마사1480,cp2_bnu_94,0
2019,마사1482,cp2_bnu_20,0
2019,마사1482,cp2_bnu_41,3
2019,마사1482,cp2_bnu_49,0
2019,마사1484,cp2_bnu_23,3
2019,마사1484,cp2_bnu_55,0
2019,마사1485,cp2_bnu_55,0
2019,마사1486,cp2_bnu_10,5
2019,마사1486,cp2_bnu_25,3
2019,마사1486,cp2_bnu_29,3
2019,마사1486,cp2_bnu_95,0
2019,마사1487,cp2_bnu_10,0
2019,마사1487,cp2_bnu_47,0
2019,마사1487,cp2_bnu_94,0
2019,마사1488,cp2_bnu_46,0
2019,마사1489,cp2_bnu_87,3
2019,마사1490,cp2_bnu_17,0
2019,마사1490,cp2_bnu_55,0
2019,마사1490,cp2_bnu_56,3
2019,마사1491,cp2_bnu_10,3
2019,마사1491,cp2_bnu_16,3
2019,마사1491,cp2_bnu_38,0
2019,마사1491,cp2_bnu_42,4
2019,마사1491,cp2_bnu_47,3
2019,마사1491,cp2_bnu_55,5
2019,마사1491,cp2_bnu_56,5
2019,마사1491,cp2_bnu_72,0
2019,마사1491,cp2_bnu_86,3
2019,마사1492,cp2_bnu_47,0
2019,마사1492,cp2_bnu_55,3
2019,마사1514,cp2_bnu_47,5
2019,마사1514,cp2_bnu_56,3
2019,마사1514,cp2_bnu_68,0
2019,마사1514,cp2_bnu_94,3
2019,마사1514,cp2_bnu_96,3
2019,마사1515,cp2_bnu_55,0
2019,마사1515,cp2_bnu_56,0
2019,마사1515,cp2_bnu_95,3
2019,마사1519,cp2_bnu_55,3
2019,마사1525,cp2_bnu_10,3
2019,마사1525,cp2_bnu_46,0
2019,마사1525,cp2_bnu_55,3
2019,마사1525,cp2_bnu_56,0
2019,마사1527,cp2_bnu_41,3
2019,마사1539,cp2_bnu_56,0
2019,마사1540,cp2_bnu_01,3
2019,마사1540,cp2_bnu_94,3
2019,마사1541,cp2_bnu_47,0
2019,마사1541,cp2_bnu_56,0
2019,마사1541,cp2_bnu_94,3
2019,마사1562,cp2_bnu_47,3
2019,마사1562,cp2_bnu_55,0
2019,마사1562,cp2_bnu_94,0
2019,마사1565,cp2_bnu_55,0
2019,마사1565,cp2_bnu_94,0
2019,마사1569,cp2_bnu_10,3
2019,마사1569,cp2_bnu_42,3
2019,마사1569,cp2_bnu_46,0
2019,마사1569,cp2_bnu_56,0
2019,마사1570,cp2_bnu_55,0
2019,마사1570,cp2_bnu_56,3
2019,마사1571,cp2_bnu_29,0
2019,마사1571,cp2_bnu_47,3
2019,마사1571,cp2_bnu_55,3
2019,마사1571,cp2_bnu_56,3
2019,마사1571,cp2_bnu_86,0
2019,마사1571,cp2_bnu_91,0
2019,마사1573,cp2_bnu_47,3
2019,마사1573,cp2_bnu_56,3
2019,마사1573,cp2_bnu_94,0
2019,마사1574,cp2_bnu_47,0
2019,마사1577,cp2_bnu_10,5
2019,마사1577,cp2_bnu_42,3
2019,마사1577,cp2_bnu_46,0
2019,마사1577,cp2_bnu_47,3
2019,마사1577,cp2_bnu_55,0
2019,마사1577,cp2_bnu_75,0
2019,마사1577,cp2_bnu_94,0
2019,마사1578,cp2_bnu_55,3
2019,마사1578,cp2_bnu_84,0
2019,마사1580,cp2_bnu_16,0
2019,마사1580,cp2_bnu_55,0
2019,마사1580,cp2_bnu_71,3
2019,마사1581,cp2_bnu_56,0
2019,마사1581,cp2_bnu_96,0
2019,마사1582,cp2_bnu_96,0
2019,마사1583,cp2_bnu_01,0
2019,마사1583,cp2_bnu_55,3
2019,마사1584,cp2_bnu_10,3
2019,마사1584,cp2_bnu_41,0
2019,마사1584,cp2_bnu_46,0
2019,마사1584,cp2_bnu_47,0
2019,마사1584,cp2_bnu_56,5
2019,마사1584,cp2_bnu_85,0
2019,마사1584,cp2_bnu_90,0
2019,마사1584,cp2_bnu_94,0
2019,마사1585,cp2_bnu_46,0
2019,마사1586,cp2_bnu_01,0
2019,마사1586,cp2_bnu_10,19
2019,마사1586,cp2_bnu_20,3
2019,마사1586,cp2_bnu_22,3
2019,마사1586,cp2_bnu_38,0
2019,마사1586,cp2_bnu_46,3
2019,마사1586,cp2_bnu_87,3
2019,마사1587,cp2_bnu_10,5
2019,마사1587,cp2_bnu_33,3
2019,마사1587,cp2_bnu_42,3
2019,마사1587,cp2_bnu_46,3
2019,마사1587,cp2_bnu_47,3
2019,마사1587,cp2_bnu_56,3
2019,마사1587,cp2_bnu_75,0
2019,마사1587,cp2_bnu_87,0
2019,마사1588,cp2_bnu_10,3
2019,마사1588,cp2_bnu_46,3
2019,마사1589,cp2_bnu_45,3
2019,마사1589,cp2_bnu_47,0
2019,마사1590,cp2_bnu_10,0
2019,마사1590,cp2_bnu_23,3
2019,마사1590,cp2_bnu_32,0
2019,마사1590,cp2_bnu_45,3
2019,마사1590,cp2_bnu_46,3
2019,마사1590,cp2_bnu_47,3
2019,마사1590,cp2_bnu_55,5
2019,마사1590,cp2_bnu_56,3
2019,마사1590,cp2_bnu_71,0
2019,마사1590,cp2_bnu_85,3
2019,마사1590,cp2_bnu_87,0
2019,마사1590,cp2_bnu_91,3
2019,마사1590,cp2_bnu_95,3
2019,마사1591,cp2_bnu_56,3
2019,마사1591,cp2_bnu_85,0
2019,마사1600,cp2_bnu_55,3
2019,마사1604,cp2_bnu_96,0
2019,마사1605,cp2_bnu_91,3
2019,마사1611,cp2_bnu_55,0
2019,마사1612,cp2_bnu_47,0
2019,마사1612,cp2_bnu_55,0
2019,마사1612,cp2_bnu_56,0
2019,마사1613,cp2_bnu_47,0
2019,마사1613,cp2_bnu_56,3
2019,마사1614,cp2_bnu_05,3
2019,마사1614,cp2_bnu_47,7
2019,마사1614,cp2_bnu_49,3
2019,마사1614,cp2_bnu_56,0
2019,마사1614,cp2_bnu_64,5
2019,마사1614,cp2_bnu_76,3
2019,마사1614,cp2_bnu_84,3
2019,마사1614,cp2_bnu_90,0
2019,마사1615,cp2_bnu_01,0
2019,마사1615,cp2_bnu_10,4
2019,마사1615,cp2_bnu_14,0
2019,마사1615,cp2_bnu_33,0
2019,마사1615,cp2_bnu_41,3
2019,마사1615,cp2_bnu_42,5
2019,마사1615,cp2_bnu_46,3
2019,마사1615,cp2_bnu_47,74
2019,마사1615,cp2_bnu_55,38
2019,마사1615,cp2_bnu_56,119
2019,마사1615,cp2_bnu_61,3
2019,마사1615,cp2_bnu_64,27
2019,마사1615,cp2_bnu_65,0
2019,마사1615,cp2_bnu_66,3
2019,마사1615,cp2_bnu_68,3
2019,마사1615,cp2_bnu_72,0
2019,마사1615,cp2_bnu_73,0
2019,마사1615,cp2_bnu_75,3
2019,마사1615,cp2_bnu_76,0
2019,마사1615,cp2_bnu_85,3
2019,마사1615,cp2_bnu_86,3
2019,마사1615,cp2_bnu_90,0
2019,마사1615,cp2_bnu_91,11
2019,마사1615,cp2_bnu_94,10
2019,마사1615,cp2_bnu_96,21
2019,마사1616,cp2_bnu_46,3
2019,마사1616,cp2_bnu_47,3
2019,마사1616,cp2_bnu_52,0
2019,마사1616,cp2_bnu_55,0
2019,마사1616,cp2_bnu_56,3
2019,마사1616,cp2_bnu_74,0
2019,마사1616,cp2_bnu_96,0
2019,마사1617,cp2_bnu_46,3
2019,마사1617,cp2_bnu_55,3
2019,마사1624,cp2_bnu_42,3
2019,마사1624,cp2_bnu_56,5
2019,마사1625,cp2_bnu_10,0
2019,마사1625,cp2_bnu_47,0
2019,마사1625,cp2_bnu_55,3
2019,마사1637,cp2_bnu_47,0
2019,마사1637,cp2_bnu_94,0
2019,마사1641,cp2_bnu_07,0
2019,마사1642,cp2_bnu_55,3
2019,마사1643,cp2_bnu_47,3
2019,마사1644,cp2_bnu_55,0
2019,마사1645,cp2_bnu_46,0
2019,마사1645,cp2_bnu_56,0
2019,마사1645,cp2_bnu_94,0
2019,마사1667,cp2_bnu_01,3
2019,마사1668,cp2_bnu_32,3
2019,마사1668,cp2_bnu_56,3
2019,마사1668,cp2_bnu_94,0
2019,마사1669,cp2_bnu_10,3
2019,마사1669,cp2_bnu_47,3
2019,마사1669,cp2_bnu_55,0
2019,마사1669,cp2_bnu_56,3
2019,마사1669,cp2_bnu_68,0
2019,마사1669,cp2_bnu_84,0
2019,마사1669,cp2_bnu_95,0
2019,마사1669,cp2_bnu_96,0
2019,마사1670,cp2_bnu_25,0
2019,마사1670,cp2_bnu_56,3
2019,마사1672,cp2_bnu_27,3
2019,마사1672,cp2_bnu_87,0
2019,마사1673,cp2_bnu_94,3
2019,마사1674,cp2_bnu_94,0
2019,마사1675,cp2_bnu_47,3
2019,마사1676,cp2_bnu_55,0
2019,마사1676,cp2_bnu_94,0
2019,마사1677,cp2_bnu_10,0
2019,마사1677,cp2_bnu_41,3
2019,마사1677,cp2_bnu_56,0
2019,마사1677,cp2_bnu_68,3
2019,마사1678,cp2_bnu_47,3
2019,마사1678,cp2_bnu_85,0
2019,마사1678,cp2_bnu_91,0
2019,마사1679,cp2_bnu_10,3
2019,마사1679,cp2_bnu_25,0
2019,마사1679,cp2_bnu_87,0
2019,마사1680,cp2_bnu_10,0
2019,마사1680,cp2_bnu_25,0
2019,마사1680,cp2_bnu_46,0
2019,마사1681,cp2_bnu_56,0
2019,마사1681,cp2_bnu_96,0
2019,마사1682,cp2_bnu_10,3
2019,마사1682,cp2_bnu_38,0
2019,마사1682,cp2_bnu_46,3
2019,마사1682,cp2_bnu_52,0
2019,마사1683,cp2_bnu_10,3
2019,마사1684,cp2_bnu_10,0
2019,마사1684,cp2_bnu_23,0
2019,마사1684,cp2_bnu_32,0
2019,마사1684,cp2_bnu_41,0
2019,마사1684,cp2_bnu_42,3
2019,마사1684,cp2_bnu_46,3
2019,마사1684,cp2_bnu_47,0
2019,마사1684,cp2_bnu_56,3
2019,마사1684,cp2_bnu_85,0
2019,마사1684,cp2_bnu_94,0
2019,마사1685,cp2_bnu_10,3
2019,마사1685,cp2_bnu_22,3
2019,마사1685,cp2_bnu_42,5
2019,마사1685,cp2_bnu_94,0
2019,마사1686,cp2_bnu_10,20
2019,마사1686,cp2_bnu_14,3
2019,마사1686,cp2_bnu_17,0
2019,마사1686,cp2_bnu_22,0
2019,마사1686,cp2_bnu_24,3
2019,마사1686,cp2_bnu_25,5
2019,마사1686,cp2_bnu_26,3
2019,마사1686,cp2_bnu_28,8
2019,마사1686,cp2_bnu_29,5
2019,마사1686,cp2_bnu_33,3
2019,마사1686,cp2_bnu_37,3
2019,마사1686,cp2_bnu_42,5
2019,마사1686,cp2_bnu_46,5
2019,마사1686,cp2_bnu_47,5
2019,마사1686,cp2_bnu_56,5
2019,마사1686,cp2_bnu_68,5
2019,마사1686,cp2_bnu_72,3
2019,마사1686,cp2_bnu_87,0
2019,마사1686,cp2_bnu_91,3
2019,마사1686,cp2_bnu_94,5
2019,마사1686,cp2_bnu_96,3
2019,마사1687,cp2_bnu_10,17
2019,마사1687,cp2_bnu_11,0
2019,마사1687,cp2_bnu_18,0
2019,마사1687,cp2_bnu_23,0
2019,마사1687,cp2_bnu_25,0
2019,마사1687,cp2_bnu_32,0
2019,마사1687,cp2_bnu_33,3
2019,마사1687,cp2_bnu_42,11
2019,마사1687,cp2_bnu_45,0
2019,마사1687,cp2_bnu_46,23
2019,마사1687,cp2_bnu_47,47
2019,마사1687,cp2_bnu_49,5
2019,마사1687,cp2_bnu_52,0
2019,마사1687,cp2_bnu_55,5
2019,마사1687,cp2_bnu_56,58
2019,마사1687,cp2_bnu_61,0
2019,마사1687,cp2_bnu_64,5
2019,마사1687,cp2_bnu_68,14
2019,마사1687,cp2_bnu_75,0
2019,마사1687,cp2_bnu_76,3
2019,마사1687,cp2_bnu_85,16
2019,마사1687,cp2_bnu_86,0
2019,마사1687,cp2_bnu_87,8
2019,마사1687,cp2_bnu_90,3
2019,마사1687,cp2_bnu_91,13
2019,마사1687,cp2_bnu_94,11
2019,마사1687,cp2_bnu_95,14
2019,마사1687,cp2_bnu_96,26
2019,마사1688,cp2_bnu_10,42
2019,마사1688,cp2_bnu_14,5
2019,마사1688,cp2_bnu_16,3
2019,마사1688,cp2_bnu_18,0
2019,마사1688,cp2_bnu_25,3
2019,마사1688,cp2_bnu_27,0
2019,마사1688,cp2_bnu_33,5
2019,마사1688,cp2_bnu_34,5
2019,마사1688,cp2_bnu_42,5
2019,마사1688,cp2_bnu_45,3
2019,마사1688,cp2_bnu_46,26
2019,마사1688,cp2_bnu_47,387
2019,마사1688,cp2_bnu_49,5
2019,마사1688,cp2_bnu_50,0
2019,마사1688,cp2_bnu_52,0
2019,마사1688,cp2_bnu_55,17
2019,마사1688,cp2_bnu_56,308
2019,마사1688,cp2_bnu_64,5
2019,마사1688,cp2_bnu_66,3
2019,마사1688,cp2_bnu_68,8
2019,마사1688,cp2_bnu_73,3
2019,마사1688,cp2_bnu_75,3
2019,마사1688,cp2_bnu_76,0
2019,마사1688,cp2_bnu_84,3
2019,마사1688,cp2_bnu_85,18
2019,마사1688,cp2_bnu_86,18
2019,마사1688,cp2_bnu_87,8
2019,마사1688,cp2_bnu_90,0
2019,마사1688,cp2_bnu_91,24
2019,마사1688,cp2_bnu_94,11
2019,마사1688,cp2_bnu_95,11
2019,마사1688,cp2_bnu_96,53
2019,마사1689,cp2_bnu_10,11
2019,마사1689,cp2_bnu_18,3
2019,마사1689,cp2_bnu_23,0
2019,마사1689,cp2_bnu_25,0
2019,마사1689,cp2_bnu_32,3
2019,마사1689,cp2_bnu_34,5
2019,마사1689,cp2_bnu_41,3
2019,마사1689,cp2_bnu_42,8
2019,마사1689,cp2_bnu_46,11
2019,마사1689,cp2_bnu_47,37
2019,마사1689,cp2_bnu_49,5
2019,마사1689,cp2_bnu_55,12
2019,마사1689,cp2_bnu_56,87
2019,마사1689,cp2_bnu_61,3
2019,마사1689,cp2_bnu_64,3
2019,마사1689,cp2_bnu_65,0
2019,마사1689,cp2_bnu_66,3
2019,마사1689,cp2_bnu_68,3
2019,마사1689,cp2_bnu_71,3
2019,마사1689,cp2_bnu_73,3
2019,마사1689,cp2_bnu_75,3
2019,마사1689,cp2_bnu_84,5
2019,마사1689,cp2_bnu_85,3
2019,마사1689,cp2_bnu_86,5
2019,마사1689,cp2_bnu_87,8
2019,마사1689,cp2_bnu_91,5
2019,마사1689,cp2_bnu_94,11
2019,마사1689,cp2_bnu_95,8
2019,마사1689,cp2_bnu_96,20
2019,마사1690,cp2_bnu_02,0
2019,마사1690,cp2_bnu_10,3
2019,마사1690,cp2_bnu_20,3
2019,마사1690,cp2_bnu_23,0
2019,마사1690,cp2_bnu_42,0
2019,마사1690,cp2_bnu_46,5
2019,마사1690,cp2_bnu_47,11
2019,마사1690,cp2_bnu_55,16
2019,마사1690,cp2_bnu_56,26
2019,마사1690,cp2_bnu_58,0
2019,마사1690,cp2_bnu_68,3
2019,마사1690,cp2_bnu_85,5
2019,마사1690,cp2_bnu_87,3
2019,마사1690,cp2_bnu_91,0
2019,마사1690,cp2_bnu_94,3
2019,마사1690,cp2_bnu_95,5
2019,마사1690,cp2_bnu_96,3
2019,마사1703,cp2_bnu_10,0
2019,마사1703,cp2_bnu_42,3
2019,마사1703,cp2_bnu_46,0
2019,마사1703,cp2_bnu_47,5
2019,마사1703,cp2_bnu_56,0
2019,마사1703,cp2_bnu_84,0
2019,마사1703,cp2_bnu_85,3
2019,마사1703,cp2_bnu_94,0
2019,마사1703,cp2_bnu_96,0
2019,마사1704,cp2_bnu_56,3
2019,마사1704,cp2_bnu_84,0
2019,마사1704,cp2_bnu_85,0
2019,마사1704,cp2_bnu_86,0
2019,마사1712,cp2_bnu_47,3
2019,마사1712,cp2_bnu_55,0
2019,마사1712,cp2_bnu_56,6
2019,마사1712,cp2_bnu_76,0
2019,마사1712,cp2_bnu_91,3
2019,마사1712,cp2_bnu_94,0
2019,마사1713,cp2_bnu_47,3
2019,마사1713,cp2_bnu_56,0
2019,마사1713,cp2_bnu_64,3
2019,마사1713,cp2_bnu_91,0
2019,마사1714,cp2_bnu_10,0
2019,마사1714,cp2_bnu_46,0
2019,마사1714,cp2_bnu_47,13
2019,마사1714,cp2_bnu_55,0
2019,마사1714,cp2_bnu_56,5
2019,마사1714,cp2_bnu_68,3
2019,마사1714,cp2_bnu_85,3
2019,마사1714,cp2_bnu_87,3
2019,마사1714,cp2_bnu_91,0
2019,마사1714,cp2_bnu_94,3
2019,마사1714,cp2_bnu_96,7
2019,마사1715,cp2_bnu_11,0
2019,마사1715,cp2_bnu_25,0
2019,마사1715,cp2_bnu_33,3
2019,마사1715,cp2_bnu_34,5
2019,마사1715,cp2_bnu_35,0
2019,마사1715,cp2_bnu_41,0
2019,마사1715,cp2_bnu_42,3
2019,마사1715,cp2_bnu_46,5
2019,마사1715,cp2_bnu_47,34
2019,마사1715,cp2_bnu_49,0
2019,마사1715,cp2_bnu_55,8
2019,마사1715,cp2_bnu_56,36
2019,마사1715,cp2_bnu_64,0
2019,마사1715,cp2_bnu_66,3
2019,마사1715,cp2_bnu_71,3
2019,마사1715,cp2_bnu_73,3
2019,마사1715,cp2_bnu_74,3
2019,마사1715,cp2_bnu_75,3
2019,마사1715,cp2_bnu_84,5
2019,마사1715,cp2_bnu_85,3
2019,마사1715,cp2_bnu_86,0
2019,마사1715,cp2_bnu_87,3
2019,마사1715,cp2_bnu_91,3
2019,마사1715,cp2_bnu_94,8
2019,마사1715,cp2_bnu_95,5
2019,마사1715,cp2_bnu_96,8
2019,마사1716,cp2_bnu_55,5
2019,마사1717,cp2_bnu_94,3
2019,마사1717,cp2_bnu_96,0
2019,마사1719,cp2_bnu_20,0
2019,마사1719,cp2_bnu_23,0
2019,마사1719,cp2_bnu_38,3
2019,마사1719,cp2_bnu_47,0
2019,마사1719,cp2_bnu_49,4
2019,마사1720,cp2_bnu_11,0
2019,마사1720,cp2_bnu_47,3
2019,마사1721,cp2_bnu_42,0
2019,마사1724,cp2_bnu_86,3
2019,마사1724,cp2_bnu_94,0
2019,마사1742,cp2_bnu_55,3
2019,마사1744,cp2_bnu_01,0
2019,마사1745,cp2_bnu_42,0
2019,마사1747,cp2_bnu_94,0
2019,마사1749,cp2_bnu_01,0
2019,마사1762,cp2_bnu_55,0
2019,마사1763,cp2_bnu_10,3
2019,마사1763,cp2_bnu_55,3
2019,마사1764,cp2_bnu_84,0
2019,마사1764,cp2_bnu_85,3
2019,마사1764,cp2_bnu_86,0
2019,마사1767,cp2_bnu_94,3
2019,마사1768,cp2_bnu_46,3
2019,마사1768,cp2_bnu_56,5
2019,마사1768,cp2_bnu_74,3
2019,마사1768,cp2_bnu_94,0
2019,마사1769,cp2_bnu_11,0
2019,마사1769,cp2_bnu_25,0
2019,마사1769,cp2_bnu_34,3
2019,마사1769,cp2_bnu_42,3
2019,마사1769,cp2_bnu_45,0
2019,마사1769,cp2_bnu_46,0
2019,마사1769,cp2_bnu_47,8
2019,마사1769,cp2_bnu_49,0
2019,마사1769,cp2_bnu_52,0
2019,마사1769,cp2_bnu_55,0
2019,마사1769,cp2_bnu_56,24
2019,마사1769,cp2_bnu_61,3
2019,마사1769,cp2_bnu_64,3
2019,마사1769,cp2_bnu_68,0
2019,마사1769,cp2_bnu_84,3
2019,마사1769,cp2_bnu_85,5
2019,마사1769,cp2_bnu_86,0
2019,마사1769,cp2_bnu_91,3
2019,마사1769,cp2_bnu_94,3
2019,마사1769,cp2_bnu_95,0
2019,마사1769,cp2_bnu_96,3
2019,마사1770,cp2_bnu_25,0
2019,마사1771,cp2_bnu_10,0
2019,마사1771,cp2_bnu_42,0
2019,마사1771,cp2_bnu_46,3
2019,마사1771,cp2_bnu_94,3
2019,마사1772,cp2_bnu_23,0
2019,마사1772,cp2_bnu_55,0
2019,마사1772,cp2_bnu_94,0
2019,마사1773,cp2_bnu_41,0
2019,마사1773,cp2_bnu_42,3
2019,마사1774,cp2_bnu_47,3
2019,마사1774,cp2_bnu_55,3
2019,마사1774,cp2_bnu_56,0
2019,마사1774,cp2_bnu_94,0
2019,마사1775,cp2_bnu_25,3
2019,마사1775,cp2_bnu_42,0
2019,마사1775,cp2_bnu_46,3
2019,마사1775,cp2_bnu_94,0
2019,마사1776,cp2_bnu_41,3
2019,마사1776,cp2_bnu_42,0
2019,마사1776,cp2_bnu_47,3
2019,마사1776,cp2_bnu_49,0
2019,마사1776,cp2_bnu_56,0
2019,마사1777,cp2_bnu_55,3
2019,마사1777,cp2_bnu_87,0
2019,마사1777,cp2_bnu_94,0
2019,마사1778,cp2_bnu_10,0
2019,마사1778,cp2_bnu_17,3
2019,마사1778,cp2_bnu_23,3
2019,마사1778,cp2_bnu_41,0
2019,마사1778,cp2_bnu_56,0
2019,마사1779,cp2_bnu_10,8
2019,마사1779,cp2_bnu_34,0
2019,마사1779,cp2_bnu_46,0
2019,마사1779,cp2_bnu_47,0
2019,마사1779,cp2_bnu_56,0
2019,마사1779,cp2_bnu_87,3
2019,마사1779,cp2_bnu_94,0
2019,마사1780,cp2_bnu_10,28
2019,마사1780,cp2_bnu_34,0
2019,마사1780,cp2_bnu_46,3
2019,마사1780,cp2_bnu_47,3
2019,마사1780,cp2_bnu_70,0
2019,마사1780,cp2_bnu_85,0
2019,마사1780,cp2_bnu_90,0
2019,마사1781,cp2_bnu_10,3
2019,마사1781,cp2_bnu_22,3
2019,마사1781,cp2_bnu_35,3
2019,마사1781,cp2_bnu_55,0
2019,마사1781,cp2_bnu_56,0
2019,마사1781,cp2_bnu_94,0
2019,마사1782,cp2_bnu_41,3
2019,마사1782,cp2_bnu_42,3
2019,마사1782,cp2_bnu_90,3
2019,마사1783,cp2_bnu_10,3
2019,마사1783,cp2_bnu_47,5
2019,마사1783,cp2_bnu_55,0
2019,마사1783,cp2_bnu_56,3
2019,마사1783,cp2_bnu_94,0
2019,마사1783,cp2_bnu_96,0
2019,마사1784,cp2_bnu_01,0
2019,마사1784,cp2_bnu_24,3
2019,마사1784,cp2_bnu_55,3
2019,마사1784,cp2_bnu_56,0
2019,마사1784,cp2_bnu_70,3
2019,마사1785,cp2_bnu_10,5
2019,마사1785,cp2_bnu_16,3
2019,마사1785,cp2_bnu_20,0
2019,마사1785,cp2_bnu_22,0
2019,마사1785,cp2_bnu_25,0
2019,마사1785,cp2_bnu_34,3
2019,마사1785,cp2_bnu_41,3
2019,마사1785,cp2_bnu_42,3
2019,마사1785,cp2_bnu_45,0
2019,마사1785,cp2_bnu_46,5
2019,마사1785,cp2_bnu_47,20
2019,마사1785,cp2_bnu_52,5
2019,마사1785,cp2_bnu_55,0
2019,마사1785,cp2_bnu_56,27
2019,마사1785,cp2_bnu_61,3
2019,마사1785,cp2_bnu_64,3
2019,마사1785,cp2_bnu_68,5
2019,마사1785,cp2_bnu_75,3
2019,마사1785,cp2_bnu_84,3
2019,마사1785,cp2_bnu_94,3
2019,마사1785,cp2_bnu_95,3
2019,마사1785,cp2_bnu_96,5
2019,마사1786,cp2_bnu_10,11
2019,마사1786,cp2_bnu_19,3
2019,마사1786,cp2_bnu_25,0
2019,마사1786,cp2_bnu_32,0
2019,마사1786,cp2_bnu_34,3
2019,마사1786,cp2_bnu_37,0
2019,마사1786,cp2_bnu_41,3
2019,마사1786,cp2_bnu_42,3
2019,마사1786,cp2_bnu_45,0
2019,마사1786,cp2_bnu_46,17
2019,마사1786,cp2_bnu_47,11
2019,마사1786,cp2_bnu_49,5
2019,마사1786,cp2_bnu_52,3
2019,마사1786,cp2_bnu_55,5
2019,마사1786,cp2_bnu_56,29
2019,마사1786,cp2_bnu_68,5
2019,마사1786,cp2_bnu_76,3
2019,마사1786,cp2_bnu_84,0
2019,마사1786,cp2_bnu_85,12
2019,마사1786,cp2_bnu_87,5
2019,마사1786,cp2_bnu_91,3
2019,마사1786,cp2_bnu_94,3
2019,마사1786,cp2_bnu_95,5
2019,마사1786,cp2_bnu_96,8
2019,마사1787,cp2_bnu_03,0
2019,마사1787,cp2_bnu_10,18
2019,마사1787,cp2_bnu_15,0
2019,마사1787,cp2_bnu_20,3
2019,마사1787,cp2_bnu_34,0
2019,마사1787,cp2_bnu_46,9
2019,마사1787,cp2_bnu_47,5
2019,마사1787,cp2_bnu_55,5
2019,마사1787,cp2_bnu_56,18
2019,마사1787,cp2_bnu_59,0
2019,마사1787,cp2_bnu_70,3
2019,마사1787,cp2_bnu_71,0
2019,마사1787,cp2_bnu_75,3
2019,마사1787,cp2_bnu_85,3
2019,마사1787,cp2_bnu_91,3
2019,마사1789,cp2_bnu_10,3
2019,마사1789,cp2_bnu_13,3
2019,마사1789,cp2_bnu_34,5
2019,마사1789,cp2_bnu_38,0
2019,마사1789,cp2_bnu_46,5
2019,마사1789,cp2_bnu_47,28
2019,마사1789,cp2_bnu_49,0
2019,마사1789,cp2_bnu_52,0
2019,마사1789,cp2_bnu_55,18
2019,마사1789,cp2_bnu_56,75
2019,마사1789,cp2_bnu_68,3
2019,마사1789,cp2_bnu_75,0
2019,마사1789,cp2_bnu_84,3
2019,마사1789,cp2_bnu_85,0
2019,마사1789,cp2_bnu_86,0
2019,마사1789,cp2_bnu_91,0
2019,마사1789,cp2_bnu_94,5
2019,마사1789,cp2_bnu_95,3
2019,마사1789,cp2_bnu_96,9
2019,마사1804,cp2_bnu_41,0
2019,마사1804,cp2_bnu_42,3
2019,마사1804,cp2_bnu_47,0
2019,마사1804,cp2_bnu_56,3
2019,마사1804,cp2_bnu_68,3
2019,마사1804,cp2_bnu_90,0
2019,마사1804,cp2_bnu_94,3
2019,마사1805,cp2_bnu_47,3
2019,마사1805,cp2_bnu_56,3
2019,마사1805,cp2_bnu_61,0
2019,마사1805,cp2_bnu_64,0
2019,마사1805,cp2_bnu_75,0
2019,마사1805,cp2_bnu_84,0
2019,마사1805,cp2_bnu_85,0
2019,마사1805,cp2_bnu_94,3
2019,마사1805,cp2_bnu_96,0
2019,마사1806,cp2_bnu_07,3
2019,마사1806,cp2_bnu_20,0
2019,마사1812,cp2_bnu_47,3
2019,마사1812,cp2_bnu_49,0
2019,마사1812,cp2_bnu_56,10
2019,마사1812,cp2_bnu_76,3
2019,마사1813,cp2_bnu_47,3
2019,마사1813,cp2_bnu_55,5
2019,마사1813,cp2_bnu_56,5
2019,마사1813,cp2_bnu_74,0
2019,마사1813,cp2_bnu_76,3
2019,마사1813,cp2_bnu_86,0
2019,마사1813,cp2_bnu_91,3
2019,마사1813,cp2_bnu_94,3
2019,마사1813,cp2_bnu_96,5
2019,마사1814,cp2_bnu_47,11
2019,마사1814,cp2_bnu_49,0
2019,마사1814,cp2_bnu_55,11
2019,마사1814,cp2_bnu_56,8
2019,마사1814,cp2_bnu_64,0
2019,마사1814,cp2_bnu_68,0
2019,마사1814,cp2_bnu_75,0
2019,마사1814,cp2_bnu_91,3
2019,마사1814,cp2_bnu_96,3
2019,마사1815,cp2_bnu_10,0
2019,마사1815,cp2_bnu_42,3
2019,마사1815,cp2_bnu_46,0
2019,마사1815,cp2_bnu_47,5
2019,마사1815,cp2_bnu_49,0
2019,마사1815,cp2_bnu_55,5
2019,마사1815,cp2_bnu_56,8
2019,마사1815,cp2_bnu_68,3
2019,마사1815,cp2_bnu_74,0
2019,마사1815,cp2_bnu_85,5
2019,마사1815,cp2_bnu_87,0
2019,마사1815,cp2_bnu_94,0
2019,마사1815,cp2_bnu_95,3
2019,마사1815,cp2_bnu_96,0
2019,마사1818,cp2_bnu_47,3
2019,마사1822,cp2_bnu_55,0
2019,마사1823,cp2_bnu_55,0
2019,마사1841,cp2_bnu_10,0
2019,마사1842,cp2_bnu_49,0
2019,마사1844,cp2_bnu_02,0
2019,마사1844,cp2_bnu_85,3
2019,마사1846,cp2_bnu_94,0
2019,마사1847,cp2_bnu_46,0
2019,마사1847,cp2_bnu_86,0
2019,마사1851,cp2_bnu_01,3
2019,마사1852,cp2_bnu_55,3
2019,마사1862,cp2_bnu_55,3
2019,마사1863,cp2_bnu_10,0
2019,마사1864,cp2_bnu_10,3
2019,마사1864,cp2_bnu_34,0
2019,마사1864,cp2_bnu_46,0
2019,마사1864,cp2_bnu_47,3
2019,마사1864,cp2_bnu_56,3
2019,마사1864,cp2_bnu_61,3
2019,마사1864,cp2_bnu_64,3
2019,마사1864,cp2_bnu_86,0
2019,마사1864,cp2_bnu_94,0
2019,마사1867,cp2_bnu_13,0
2019,마사1867,cp2_bnu_41,0
2019,마사1867,cp2_bnu_87,0
2019,마사1867,cp2_bnu_94,3
2019,마사1870,cp2_bnu_10,0
2019,마사1870,cp2_bnu_41,0
2019,마사1870,cp2_bnu_42,8
2019,마사1870,cp2_bnu_47,5
2019,마사1870,cp2_bnu_55,3
2019,마사1870,cp2_bnu_56,8
2019,마사1870,cp2_bnu_76,0
2019,마사1870,cp2_bnu_85,3
2019,마사1870,cp2_bnu_94,3
2019,마사1871,cp2_bnu_10,0
2019,마사1871,cp2_bnu_46,3
2019,마사1871,cp2_bnu_56,0
2019,마사1871,cp2_bnu_87,3
2019,마사1871,cp2_bnu_94,0
2019,마사1871,cp2_bnu_96,3
2019,마사1872,cp2_bnu_32,3
2019,마사1872,cp2_bnu_42,3
2019,마사1872,cp2_bnu_45,0
2019,마사1872,cp2_bnu_52,3
2019,마사1872,cp2_bnu_56,0
2019,마사1873,cp2_bnu_23,0
2019,마사1873,cp2_bnu_41,3
2019,마사1873,cp2_bnu_42,0
2019,마사1873,cp2_bnu_46,3
2019,마사1873,cp2_bnu_55,3
2019,마사1873,cp2_bnu_56,5
2019,마사1873,cp2_bnu_87,0
2019,마사1873,cp2_bnu_94,3
2019,마사1874,cp2_bnu_46,0
2019,마사1874,cp2_bnu_56,0
2019,마사1874,cp2_bnu_85,0
2019,마사1875,cp2_bnu_42,3
2019,마사1876,cp2_bnu_17,0
2019,마사1876,cp2_bnu_38,3
2019,마사1876,cp2_bnu_56,3
2019,마사1876,cp2_bnu_91,0
2019,마사1877,cp2_bnu_41,3
2019,마사1877,cp2_bnu_47,3
2019,마사1877,cp2_bnu_49,4
2019,마사1877,cp2_bnu_55,3
2019,마사1877,cp2_bnu_56,3
2019,마사1878,cp2_bnu_16,3
2019,마사1878,cp2_bnu_20,0
2019,마사1878,cp2_bnu_23,0
2019,마사1878,cp2_bnu_27,0
2019,마사1878,cp2_bnu_32,0
2019,마사1878,cp2_bnu_55,3
2019,마사1878,cp2_bnu_70,3
2019,마사1878,cp2_bnu_85,3
2019,마사1879,cp2_bnu_45,0
2019,마사1879,cp2_bnu_46,0
2019,마사1879,cp2_bnu_47,0
2019,마사1879,cp2_bnu_49,0
2019,마사1879,cp2_bnu_52,3
2019,마사1879,cp2_bnu_56,0
2019,마사1879,cp2_bnu_70,0
2019,마사1880,cp2_bnu_10,3
2019,마사1880,cp2_bnu_23,0
2019,마사1880,cp2_bnu_29,0
2019,마사1880,cp2_bnu_32,0
2019,마사1880,cp2_bnu_35,3
2019,마사1880,cp2_bnu_41,0
2019,마사1880,cp2_bnu_42,3
2019,마사1880,cp2_bnu_46,3
2019,마사1880,cp2_bnu_47,3
2019,마사1880,cp2_bnu_56,0
2019,마사1880,cp2_bnu_85,3
2019,마사1880,cp2_bnu_90,0
2019,마사1880,cp2_bnu_94,0
2019,마사1880,cp2_bnu_95,3
2019,마사1881,cp2_bnu_10,5
2019,마사1881,cp2_bnu_11,0
2019,마사1881,cp2_bnu_22,0
2019,마사1881,cp2_bnu_23,0
2019,마사1881,cp2_bnu_32,3
2019,마사1881,cp2_bnu_33,0
2019,마사1881,cp2_bnu_41,0
2019,마사1881,cp2_bnu_42,3
2019,마사1881,cp2_bnu_46,5
2019,마사1881,cp2_bnu_47,5
2019,마사1881,cp2_bnu_56,13
2019,마사1881,cp2_bnu_61,0
2019,마사1881,cp2_bnu_64,3
2019,마사1881,cp2_bnu_68,0
2019,마사1881,cp2_bnu_70,3
2019,마사1881,cp2_bnu_73,3
2019,마사1881,cp2_bnu_84,0
2019,마사1881,cp2_bnu_85,5
2019,마사1881,cp2_bnu_86,0
2019,마사1881,cp2_bnu_91,0
2019,마사1881,cp2_bnu_96,5
2019,마사1882,cp2_bnu_01,0
2019,마사1882,cp2_bnu_16,0
2019,마사1882,cp2_bnu_23,5
2019,마사1882,cp2_bnu_42,0
2019,마사1882,cp2_bnu_46,3
2019,마사1882,cp2_bnu_47,8
2019,마사1882,cp2_bnu_49,3
2019,마사1882,cp2_bnu_76,0
2019,마사1882,cp2_bnu_95,3
2019,마사1883,cp2_bnu_02,0
2019,마사1883,cp2_bnu_10,5
2019,마사1883,cp2_bnu_23,3
2019,마사1883,cp2_bnu_35,0
2019,마사1883,cp2_bnu_46,3
2019,마사1883,cp2_bnu_47,5
2019,마사1883,cp2_bnu_49,0
2019,마사1883,cp2_bnu_56,3
2019,마사1883,cp2_bnu_72,0
2019,마사1883,cp2_bnu_96,3
2019,마사1884,cp2_bnu_01,3
2019,마사1884,cp2_bnu_23,0
2019,마사1884,cp2_bnu_25,3
2019,마사1884,cp2_bnu_41,3
2019,마사1884,cp2_bnu_42,5
2019,마사1884,cp2_bnu_46,3
2019,마사1884,cp2_bnu_47,3
2019,마사1884,cp2_bnu_52,3
2019,마사1884,cp2_bnu_56,3
2019,마사1884,cp2_bnu_85,0
2019,마사1884,cp2_bnu_87,3
2019,마사1884,cp2_bnu_94,0
2019,마사1885,cp2_bnu_10,0
2019,마사1885,cp2_bnu_47,3
2019,마사1885,cp2_bnu_49,0
2019,마사1885,cp2_bnu_55,15
2019,마사1885,cp2_bnu_56,5
2019,마사1885,cp2_bnu_68,0
2019,마사1885,cp2_bnu_85,0
2019,마사1886,cp2_bnu_46,5
2019,마사1886,cp2_bnu_47,5
2019,마사1886,cp2_bnu_55,17
2019,마사1886,cp2_bnu_56,19
2019,마사1886,cp2_bnu_68,3
2019,마사1886,cp2_bnu_73,0
2019,마사1886,cp2_bnu_85,5
2019,마사1886,cp2_bnu_87,0
2019,마사1886,cp2_bnu_91,0
2019,마사1886,cp2_bnu_96,0
2019,마사1903,cp2_bnu_55,0
2019,마사1903,cp2_bnu_56,3
2019,마사1905,cp2_bnu_96,3
2019,마사1906,cp2_bnu_56,3
2019,마사1906,cp2_bnu_94,0
2019,마사1909,cp2_bnu_47,0
2019,마사1909,cp2_bnu_91,0
2019,마사1912,cp2_bnu_33,0
2019,마사1912,cp2_bnu_47,18
2019,마사1912,cp2_bnu_49,3
2019,마사1912,cp2_bnu_55,25
2019,마사1912,cp2_bnu_56,43
2019,마사1912,cp2_bnu_60,3
2019,마사1912,cp2_bnu_61,0
2019,마사1912,cp2_bnu_64,5
2019,마사1912,cp2_bnu_68,5
2019,마사1912,cp2_bnu_73,0
2019,마사1912,cp2_bnu_75,3
2019,마사1912,cp2_bnu_76,15
2019,마사1912,cp2_bnu_84,3
2019,마사1912,cp2_bnu_85,0
2019,마사1912,cp2_bnu_90,3
2019,마사1912,cp2_bnu_91,5
2019,마사1912,cp2_bnu_94,5
2019,마사1912,cp2_bnu_95,3
2019,마사1912,cp2_bnu_96,5
2019,마사1913,cp2_bnu_10,3
2019,마사1913,cp2_bnu_47,3
2019,마사1913,cp2_bnu_55,3
2019,마사1913,cp2_bnu_56,5
2019,마사1913,cp2_bnu_76,8
2019,마사1914,cp2_bnu_55,5
2019,마사1914,cp2_bnu_56,3
2019,마사1914,cp2_bnu_95,0
2019,마사1915,cp2_bnu_25,0
2019,마사1915,cp2_bnu_46,3
2019,마사1915,cp2_bnu_47,0
2019,마사1915,cp2_bnu_49,0
2019,마사1915,cp2_bnu_55,3
2019,마사1915,cp2_bnu_56,3
2019,마사1915,cp2_bnu_95,3
2019,마사1928,cp2_bnu_07,0
2019,마사1930,cp2_bnu_07,3
2019,마사1930,cp2_bnu_47,0
2019,마사1930,cp2_bnu_87,3
2019,마사1930,cp2_bnu_94,0
2019,마사1935,cp2_bnu_47,3
2019,마사1935,cp2_bnu_86,0
2019,마사1935,cp2_bnu_94,3
2019,마사1936,cp2_bnu_42,3
2019,마사1937,cp2_bnu_47,0
2019,마사1939,cp2_bnu_47,3
2019,마사1940,cp2_bnu_10,0
2019,마사1940,cp2_bnu_46,0
2019,마사1940,cp2_bnu_47,3
2019,마사1940,cp2_bnu_94,0
2019,마사1941,cp2_bnu_47,3
2019,마사1942,cp2_bnu_23,3
2019,마사1942,cp2_bnu_46,3
2019,마사1942,cp2_bnu_52,0
2019,마사1942,cp2_bnu_87,3
2019,마사1942,cp2_bnu_94,0
2019,마사1943,cp2_bnu_49,0
2019,마사1944,cp2_bnu_02,3
2019,마사1944,cp2_bnu_10,11
2019,마사1944,cp2_bnu_34,3
2019,마사1944,cp2_bnu_41,3
2019,마사1944,cp2_bnu_42,5
2019,마사1944,cp2_bnu_46,8
2019,마사1944,cp2_bnu_47,37
2019,마사1944,cp2_bnu_52,0
2019,마사1944,cp2_bnu_55,8
2019,마사1944,cp2_bnu_56,46
2019,마사1944,cp2_bnu_61,0
2019,마사1944,cp2_bnu_64,3
2019,마사1944,cp2_bnu_65,0
2019,마사1944,cp2_bnu_66,3
2019,마사1944,cp2_bnu_68,5
2019,마사1944,cp2_bnu_75,5
2019,마사1944,cp2_bnu_76,3
2019,마사1944,cp2_bnu_84,3
2019,마사1944,cp2_bnu_85,5
2019,마사1944,cp2_bnu_86,0
2019,마사1944,cp2_bnu_87,3
2019,마사1944,cp2_bnu_90,5
2019,마사1944,cp2_bnu_91,3
2019,마사1944,cp2_bnu_94,5
2019,마사1944,cp2_bnu_95,5
2019,마사1944,cp2_bnu_96,11
2019,마사1945,cp2_bnu_10,3
2019,마사1945,cp2_bnu_35,0
2019,마사1945,cp2_bnu_41,0
2019,마사1945,cp2_bnu_42,3
2019,마사1945,cp2_bnu_46,0
2019,마사1945,cp2_bnu_47,5
2019,마사1945,cp2_bnu_55,0
2019,마사1945,cp2_bnu_76,0
2019,마사1945,cp2_bnu_85,3
2019,마사1945,cp2_bnu_86,0
2019,마사1945,cp2_bnu_87,0
2019,마사1945,cp2_bnu_90,0
2019,마사1945,cp2_bnu_91,0
2019,마사1945,cp2_bnu_94,3
2019,마사1945,cp2_bnu_95,3
2019,마사1945,cp2_bnu_96,3
2019,마사1947,cp2_bnu_47,0
2019,마사1947,cp2_bnu_55,3
2019,마사1947,cp2_bnu_56,3
2019,마사1947,cp2_bnu_64,3
2019,마사1947,cp2_bnu_94,0
2019,마사1950,cp2_bnu_01,0
2019,마사1950,cp2_bnu_47,3
2019,마사1953,cp2_bnu_56,3
2019,마사1953,cp2_bnu_70,0
2019,마사1953,cp2_bnu_94,3
2019,마사1957,cp2_bnu_55,0
2019,마사1957,cp2_bnu_94,0
2019,마사1959,cp2_bnu_75,0
2019,마사1960,cp2_bnu_91,3
2019,마사1960,cp2_bnu_94,0
2019,마사1961,cp2_bnu_55,3
2019,마사1961,cp2_bnu_87,0
2019,마사1962,cp2_bnu_10,0
2019,마사1962,cp2_bnu_55,3
2019,마사1962,cp2_bnu_94,0
2019,마사1963,cp2_bnu_94,3
2019,마사1968,cp2_bnu_13,0
2019,마사1968,cp2_bnu_16,3
2019,마사1968,cp2_bnu_25,0
2019,마사1968,cp2_bnu_46,0
2019,마사1968,cp2_bnu_94,3
2019,마사1969,cp2_bnu_10,0
2019,마사1969,cp2_bnu_32,0
2019,마사1969,cp2_bnu_33,0
2019,마사1969,cp2_bnu_47,3
2019,마사1969,cp2_bnu_85,3
2019,마사1969,cp2_bnu_94,3
2019,마사1969,cp2_bnu_96,0
2019,마사1970,cp2_bnu_46,0
2019,마사1970,cp2_bnu_47,3
2019,마사1970,cp2_bnu_49,0
2019,마사1970,cp2_bnu_52,3
2019,마사1970,cp2_bnu_56,3
2019,마사1970,cp2_bnu_75,0
2019,마사1970,cp2_bnu_94,3
2019,마사1971,cp2_bnu_25,3
2019,마사1971,cp2_bnu_34,0
2019,마사1971,cp2_bnu_42,3
2019,마사1971,cp2_bnu_45,0
2019,마사1971,cp2_bnu_47,3
2019,마사1971,cp2_bnu_49,0
2019,마사1971,cp2_bnu_56,5
2019,마사1971,cp2_bnu_87,3
2019,마사1971,cp2_bnu_91,3
2019,마사1972,cp2_bnu_16,3
2019,마사1972,cp2_bnu_33,3
2019,마사1972,cp2_bnu_42,3
2019,마사1972,cp2_bnu_46,3
2019,마사1972,cp2_bnu_47,3
2019,마사1972,cp2_bnu_56,5
2019,마사1972,cp2_bnu_70,3
2019,마사1972,cp2_bnu_71,0
2019,마사1972,cp2_bnu_72,3
2019,마사1972,cp2_bnu_75,0
2019,마사1972,cp2_bnu_84,3
2019,마사1972,cp2_bnu_85,3
2019,마사1972,cp2_bnu_87,3
2019,마사1972,cp2_bnu_91,3
2019,마사1972,cp2_bnu_95,0
2019,마사1973,cp2_bnu_42,3
2019,마사1973,cp2_bnu_47,0
2019,마사1973,cp2_bnu_56,0
2019,마사1973,cp2_bnu_87,3
2019,마사1973,cp2_bnu_95,0
2019,마사1974,cp2_bnu_01,0
2019,마사1974,cp2_bnu_41,5
2019,마사1974,cp2_bnu_42,3
2019,마사1974,cp2_bnu_46,0
2019,마사1974,cp2_bnu_47,3
2019,마사1974,cp2_bnu_56,5
2019,마사1974,cp2_bnu_87,3
2019,마사1975,cp2_bnu_56,0
2019,마사1975,cp2_bnu_96,0
2019,마사1977,cp2_bnu_42,5
2019,마사1977,cp2_bnu_46,3
2019,마사1977,cp2_bnu_47,3
2019,마사1977,cp2_bnu_56,3
2019,마사1977,cp2_bnu_94,0
2019,마사1978,cp2_bnu_01,0
2019,마사1978,cp2_bnu_10,24
2019,마사1978,cp2_bnu_20,5
2019,마사1978,cp2_bnu_21,0
2019,마사1978,cp2_bnu_22,0
2019,마사1978,cp2_bnu_23,3
2019,마사1978,cp2_bnu_25,3
2019,마사1978,cp2_bnu_26,5
2019,마사1978,cp2_bnu_27,3
2019,마사1978,cp2_bnu_29,3
2019,마사1978,cp2_bnu_32,3
2019,마사1978,cp2_bnu_33,0
2019,마사1978,cp2_bnu_41,0
2019,마사1978,cp2_bnu_46,5
2019,마사1978,cp2_bnu_47,5
2019,마사1978,cp2_bnu_49,0
2019,마사1978,cp2_bnu_56,3
2019,마사1978,cp2_bnu_58,3
2019,마사1978,cp2_bnu_62,3
2019,마사1978,cp2_bnu_68,0
2019,마사1978,cp2_bnu_70,5
2019,마사1978,cp2_bnu_71,3
2019,마사1978,cp2_bnu_72,3
2019,마사1978,cp2_bnu_76,3
2019,마사1978,cp2_bnu_91,3
2019,마사1978,cp2_bnu_95,3
2019,마사1979,cp2_bnu_20,5
2019,마사1979,cp2_bnu_22,3
2019,마사1979,cp2_bnu_23,9
2019,마사1979,cp2_bnu_25,3
2019,마사1979,cp2_bnu_26,5
2019,마사1979,cp2_bnu_27,3
2019,마사1979,cp2_bnu_28,3
2019,마사1979,cp2_bnu_29,5
2019,마사1979,cp2_bnu_33,5
2019,마사1979,cp2_bnu_38,0
2019,마사1979,cp2_bnu_42,5
2019,마사1979,cp2_bnu_46,3
2019,마사1979,cp2_bnu_47,5
2019,마사1979,cp2_bnu_56,3
2019,마사1979,cp2_bnu_58,3
2019,마사1979,cp2_bnu_63,0
2019,마사1979,cp2_bnu_70,3
2019,마사1979,cp2_bnu_71,3
2019,마사1979,cp2_bnu_76,0
2019,마사1979,cp2_bnu_84,0
2019,마사1979,cp2_bnu_95,3
2019,마사1980,cp2_bnu_01,3
2019,마사1980,cp2_bnu_10,3
2019,마사1980,cp2_bnu_41,0
2019,마사1980,cp2_bnu_42,0
2019,마사1980,cp2_bnu_46,5
2019,마사1980,cp2_bnu_47,21
2019,마사1980,cp2_bnu_55,3
2019,마사1980,cp2_bnu_56,26
2019,마사1980,cp2_bnu_64,0
2019,마사1980,cp2_bnu_72,0
2019,마사1980,cp2_bnu_75,0
2019,마사1980,cp2_bnu_84,5
2019,마사1980,cp2_bnu_85,0
2019,마사1980,cp2_bnu_86,3
2019,마사1980,cp2_bnu_87,5
2019,마사1980,cp2_bnu_94,3
2019,마사1980,cp2_bnu_95,3
2019,마사1980,cp2_bnu_96,3
2019,마사1981,cp2_bnu_10,3
2019,마사1981,cp2_bnu_23,0
2019,마사1981,cp2_bnu_46,0
2019,마사1981,cp2_bnu_55,0
2019,마사1981,cp2_bnu_56,3
2019,마사1981,cp2_bnu_94,0
2019,마사1982,cp2_bnu_10,0
2019,마사1982,cp2_bnu_55,0
2019,마사1982,cp2_bnu_85,3
2019,마사1983,cp2_bnu_01,0
2019,마사1983,cp2_bnu_16,3
2019,마사1983,cp2_bnu_23,0
2019,마사1983,cp2_bnu_91,0
2019,마사1984,cp2_bnu_32,0
2019,마사1984,cp2_bnu_34,3
2019,마사1984,cp2_bnu_47,0
2019,마사1984,cp2_bnu_55,3
2019,마사1984,cp2_bnu_70,3
2019,마사1984,cp2_bnu_85,0
2019,마사1985,cp2_bnu_47,5
2019,마사1985,cp2_bnu_55,3
2019,마사2011,cp2_bnu_41,0
2019,마사2011,cp2_bnu_46,3
2019,마사2011,cp2_bnu_47,11
2019,마사2011,cp2_bnu_55,3
2019,마사2011,cp2_bnu_56,5
2019,마사2011,cp2_bnu_68,3
2019,마사2011,cp2_bnu_74,0
2019,마사2011,cp2_bnu_76,3
2019,마사2011,cp2_bnu_85,3
2019,마사2011,cp2_bnu_86,3
2019,마사2011,cp2_bnu_87,3
2019,마사2011,cp2_bnu_90,0
2019,마사2011,cp2_bnu_91,5
2019,마사2011,cp2_bnu_94,5
2019,마사2011,cp2_bnu_96,0
2019,마사2012,cp2_bnu_10,4
2019,마사2012,cp2_bnu_14,0
2019,마사2012,cp2_bnu_25,0
2019,마사2012,cp2_bnu_35,3
2019,마사2012,cp2_bnu_46,3
2019,마사2012,cp2_bnu_47,54
2019,마사2012,cp2_bnu_49,3
2019,마사2012,cp2_bnu_52,0
2019,마사2012,cp2_bnu_55,38
2019,마사2012,cp2_bnu_56,75
2019,마사2012,cp2_bnu_59,0
2019,마사2012,cp2_bnu_63,0
2019,마사2012,cp2_bnu_64,3
2019,마사2012,cp2_bnu_66,3
2019,마사2012,cp2_bnu_68,3
2019,마사2012,cp2_bnu_74,3
2019,마사2012,cp2_bnu_75,3
2019,마사2012,cp2_bnu_85,5
2019,마사2012,cp2_bnu_86,0
2019,마사2012,cp2_bnu_87,3
2019,마사2012,cp2_bnu_91,3
2019,마사2012,cp2_bnu_94,0
2019,마사2012,cp2_bnu_96,11
2019,마사2014,cp2_bnu_41,0
2019,마사2014,cp2_bnu_47,0
2019,마사2014,cp2_bnu_55,3
2019,마사2015,cp2_bnu_46,0
2019,마사2016,cp2_bnu_46,3
2019,마사2016,cp2_bnu_47,3
2019,마사2016,cp2_bnu_94,3
2019,마사2017,cp2_bnu_47,3
2019,마사2031,cp2_bnu_46,3
2019,마사2031,cp2_bnu_56,0
2019,마사2033,cp2_bnu_42,0
2019,마사2035,cp2_bnu_10,0
2019,마사2035,cp2_bnu_34,3
2019,마사2035,cp2_bnu_47,3
2019,마사2035,cp2_bnu_55,3
2019,마사2035,cp2_bnu_56,0
2019,마사2037,cp2_bnu_10,0
2019,마사2038,cp2_bnu_47,0
2019,마사2039,cp2_bnu_07,3
2019,마사2039,cp2_bnu_76,3
2019,마사2044,cp2_bnu_34,3
2019,마사2044,cp2_bnu_42,0
2019,마사2044,cp2_bnu_47,0
2019,마사2044,cp2_bnu_56,3
2019,마사2044,cp2_bnu_87,0
2019,마사2045,cp2_bnu_42,3
2019,마사2045,cp2_bnu_95,0
2019,마사2052,cp2_bnu_10,0
2019,마사2060,cp2_bnu_94,0
2019,마사2066,cp2_bnu_94,0
2019,마사2067,cp2_bnu_01,0
2019,마사2067,cp2_bnu_22,0
2019,마사2067,cp2_bnu_47,3
2019,마사2067,cp2_bnu_56,3
2019,마사2067,cp2_bnu_90,3
2019,마사2068,cp2_bnu_10,0
2019,마사2068,cp2_bnu_25,0
2019,마사2068,cp2_bnu_32,3
2019,마사2068,cp2_bnu_42,0
2019,마사2068,cp2_bnu_46,5
2019,마사2068,cp2_bnu_47,0
2019,마사2068,cp2_bnu_55,0
2019,마사2068,cp2_bnu_56,5
2019,마사2068,cp2_bnu_70,0
2019,마사2068,cp2_bnu_87,3
2019,마사2069,cp2_bnu_41,3
2019,마사2069,cp2_bnu_47,3
2019,마사2069,cp2_bnu_73,0
2019,마사2070,cp2_bnu_07,0
2019,마사2070,cp2_bnu_22,0
2019,마사2070,cp2_bnu_25,0
2019,마사2070,cp2_bnu_28,3
2019,마사2070,cp2_bnu_32,3
2019,마사2070,cp2_bnu_33,0
2019,마사2070,cp2_bnu_41,3
2019,마사2070,cp2_bnu_42,0
2019,마사2070,cp2_bnu_45,3
2019,마사2070,cp2_bnu_46,5
2019,마사2070,cp2_bnu_47,0
2019,마사2070,cp2_bnu_49,0
2019,마사2070,cp2_bnu_85,3
2019,마사2070,cp2_bnu_95,0
2019,마사2071,cp2_bnu_10,0
2019,마사2071,cp2_bnu_13,3
2019,마사2071,cp2_bnu_41,3
2019,마사2071,cp2_bnu_42,0
2019,마사2071,cp2_bnu_46,3
2019,마사2071,cp2_bnu_47,5
2019,마사2071,cp2_bnu_49,0
2019,마사2071,cp2_bnu_55,0
2019,마사2071,cp2_bnu_56,20
2019,마사2071,cp2_bnu_58,3
2019,마사2071,cp2_bnu_61,0
2019,마사2071,cp2_bnu_64,3
2019,마사2071,cp2_bnu_68,5
2019,마사2071,cp2_bnu_71,3
2019,마사2071,cp2_bnu_72,0
2019,마사2071,cp2_bnu_85,9
2019,마사2071,cp2_bnu_87,3
2019,마사2071,cp2_bnu_91,3
2019,마사2071,cp2_bnu_95,3
2019,마사2071,cp2_bnu_96,3
2019,마사2072,cp2_bnu_10,3
2019,마사2072,cp2_bnu_11,0
2019,마사2072,cp2_bnu_23,0
2019,마사2072,cp2_bnu_25,3
2019,마사2072,cp2_bnu_34,0
2019,마사2072,cp2_bnu_35,0
2019,마사2072,cp2_bnu_41,3
2019,마사2072,cp2_bnu_42,5
2019,마사2072,cp2_bnu_45,0
2019,마사2072,cp2_bnu_46,8
2019,마사2072,cp2_bnu_47,21
2019,마사2072,cp2_bnu_49,5
2019,마사2072,cp2_bnu_52,5
2019,마사2072,cp2_bnu_56,20
2019,마사2072,cp2_bnu_68,8
2019,마사2072,cp2_bnu_72,0
2019,마사2072,cp2_bnu_75,3
2019,마사2072,cp2_bnu_84,0
2019,마사2072,cp2_bnu_85,5
2019,마사2072,cp2_bnu_86,3
2019,마사2072,cp2_bnu_87,3
2019,마사2072,cp2_bnu_91,3
2019,마사2072,cp2_bnu_94,3
2019,마사2072,cp2_bnu_95,8
2019,마사2072,cp2_bnu_96,5
2019,마사2073,cp2_bnu_10,5
2019,마사2073,cp2_bnu_11,0
2019,마사2073,cp2_bnu_28,3
2019,마사2073,cp2_bnu_29,0
2019,마사2073,cp2_bnu_36,0
2019,마사2073,cp2_bnu_41,0
2019,마사2073,cp2_bnu_42,5
2019,마사2073,cp2_bnu_46,3
2019,마사2073,cp2_bnu_47,33
2019,마사2073,cp2_bnu_49,3
2019,마사2073,cp2_bnu_56,87
2019,마사2073,cp2_bnu_64,3
2019,마사2073,cp2_bnu_68,20
2019,마사2073,cp2_bnu_71,0
2019,마사2073,cp2_bnu_73,3
2019,마사2073,cp2_bnu_84,0
2019,마사2073,cp2_bnu_85,11
2019,마사2073,cp2_bnu_86,3
2019,마사2073,cp2_bnu_87,8
2019,마사2073,cp2_bnu_90,3
2019,마사2073,cp2_bnu_91,17
2019,마사2073,cp2_bnu_94,0
2019,마사2073,cp2_bnu_95,0
2019,마사2073,cp2_bnu_96,18
2019,마사2074,cp2_bnu_10,3
2019,마사2074,cp2_bnu_41,0
2019,마사2074,cp2_bnu_46,3
2019,마사2074,cp2_bnu_47,31
2019,마사2074,cp2_bnu_49,0
2019,마사2074,cp2_bnu_55,3
2019,마사2074,cp2_bnu_56,71
2019,마사2074,cp2_bnu_62,0
2019,마사2074,cp2_bnu_66,3
2019,마사2074,cp2_bnu_68,20
2019,마사2074,cp2_bnu_71,0
2019,마사2074,cp2_bnu_72,5
2019,마사2074,cp2_bnu_73,5
2019,마사2074,cp2_bnu_76,0
2019,마사2074,cp2_bnu_85,20
2019,마사2074,cp2_bnu_86,5
2019,마사2074,cp2_bnu_87,5
2019,마사2074,cp2_bnu_90,3
2019,마사2074,cp2_bnu_91,8
2019,마사2074,cp2_bnu_94,3
2019,마사2074,cp2_bnu_95,5
2019,마사2074,cp2_bnu_96,23
2019,마사2075,cp2_bnu_10,3
2019,마사2075,cp2_bnu_14,0
2019,마사2075,cp2_bnu_18,0
2019,마사2075,cp2_bnu_20,0
2019,마사2075,cp2_bnu_24,3
2019,마사2075,cp2_bnu_25,3
2019,마사2075,cp2_bnu_26,3
2019,마사2075,cp2_bnu_28,3
2019,마사2075,cp2_bnu_46,3
2019,마사2075,cp2_bnu_47,15
2019,마사2075,cp2_bnu_56,14
2019,마사2075,cp2_bnu_58,7
2019,마사2075,cp2_bnu_59,3
2019,마사2075,cp2_bnu_61,0
2019,마사2075,cp2_bnu_62,0
2019,마사2075,cp2_bnu_63,0
2019,마사2075,cp2_bnu_64,0
2019,마사2075,cp2_bnu_70,5
2019,마사2075,cp2_bnu_71,4
2019,마사2075,cp2_bnu_72,0
2019,마사2075,cp2_bnu_73,0
2019,마사2075,cp2_bnu_75,0
2019,마사2075,cp2_bnu_85,5
2019,마사2075,cp2_bnu_91,8
2019,마사2075,cp2_bnu_96,3
2019,마사2076,cp2_bnu_35,3
2019,마사2076,cp2_bnu_41,0
2019,마사2076,cp2_bnu_42,0
2019,마사2076,cp2_bnu_46,5
2019,마사2076,cp2_bnu_47,5
2019,마사2076,cp2_bnu_56,0
2019,마사2076,cp2_bnu_68,0
2019,마사2076,cp2_bnu_94,3
2019,마사2076,cp2_bnu_95,0
2019,마사2076,cp2_bnu_96,0
2019,마사2077,cp2_bnu_23,0
2019,마사2077,cp2_bnu_24,0
2019,마사2077,cp2_bnu_25,3
2019,마사2077,cp2_bnu_34,0
2019,마사2077,cp2_bnu_35,0
2019,마사2077,cp2_bnu_42,5
2019,마사2077,cp2_bnu_46,8
2019,마사2077,cp2_bnu_47,15
2019,마사2077,cp2_bnu_52,0
2019,마사2077,cp2_bnu_55,0
2019,마사2077,cp2_bnu_56,5
2019,마사2077,cp2_bnu_72,3
2019,마사2077,cp2_bnu_76,5
2019,마사2077,cp2_bnu_84,0
2019,마사2077,cp2_bnu_85,5
2019,마사2077,cp2_bnu_86,3
2019,마사2077,cp2_bnu_87,3
2019,마사2077,cp2_bnu_90,3
2019,마사2077,cp2_bnu_94,3
2019,마사2077,cp2_bnu_95,3
2019,마사2077,cp2_bnu_96,3
2019,마사2078,cp2_bnu_42,3
2019,마사2078,cp2_bnu_47,0
2019,마사2078,cp2_bnu_55,5
2019,마사2078,cp2_bnu_56,5
2019,마사2078,cp2_bnu_87,0
2019,마사2079,cp2_bnu_38,3
2019,마사2079,cp2_bnu_42,3
2019,마사2079,cp2_bnu_55,9
2019,마사2079,cp2_bnu_56,3
2019,마사2080,cp2_bnu_10,0
2019,마사2080,cp2_bnu_41,0
2019,마사2080,cp2_bnu_46,3
2019,마사2080,cp2_bnu_55,3
2019,마사2080,cp2_bnu_56,3
2019,마사2080,cp2_bnu_84,0
2019,마사2081,cp2_bnu_55,0
2019,마사2081,cp2_bnu_96,3
2019,마사2082,cp2_bnu_10,3
2019,마사2082,cp2_bnu_55,14
2019,마사2082,cp2_bnu_56,8
2019,마사2082,cp2_bnu_85,0
2019,마사2082,cp2_bnu_91,0
2019,마사2082,cp2_bnu_96,5
2019,마사2083,cp2_bnu_46,3
2019,마사2083,cp2_bnu_47,5
2019,마사2083,cp2_bnu_55,34
2019,마사2083,cp2_bnu_56,18
2019,마사2083,cp2_bnu_87,0
2019,마사2083,cp2_bnu_94,3
2019,마사2102,cp2_bnu_55,0
2019,마사2111,cp2_bnu_34,0
2019,마사2111,cp2_bnu_38,3
2019,마사2111,cp2_bnu_42,3
2019,마사2111,cp2_bnu_47,8
2019,마사2111,cp2_bnu_49,0
2019,마사2111,cp2_bnu_55,0
2019,마사2111,cp2_bnu_56,5
2019,마사2111,cp2_bnu_75,5
2019,마사2111,cp2_bnu_76,0
2019,마사2111,cp2_bnu_84,0
2019,마사2111,cp2_bnu_85,5
2019,마사2111,cp2_bnu_95,3
2019,마사2112,cp2_bnu_45,3
2019,마사2113,cp2_bnu_94,0
2019,마사2114,cp2_bnu_47,0
2019,마사2117,cp2_bnu_55,0
2019,마사2120,cp2_bnu_47,3
2019,마사2120,cp2_bnu_85,3
2019,마사2121,cp2_bnu_47,0
2019,마사2133,cp2_bnu_01,3
2019,마사2133,cp2_bnu_47,3
2019,마사2133,cp2_bnu_56,3
2019,마사2134,cp2_bnu_34,0
2019,마사2134,cp2_bnu_35,0
2019,마사2140,cp2_bnu_94,0
2019,마사2145,cp2_bnu_58,3
2019,마사2146,cp2_bnu_94,0
2019,마사2149,cp2_bnu_47,0
2019,마사2149,cp2_bnu_87,0
2019,마사2166,cp2_bnu_94,0
2019,마사2167,cp2_bnu_20,0
2019,마사2167,cp2_bnu_68,0
2019,마사2168,cp2_bnu_10,0
2019,마사2168,cp2_bnu_46,0
2019,마사2168,cp2_bnu_72,3
2019,마사2168,cp2_bnu_94,0
2019,마사2168,cp2_bnu_95,3
2019,마사2169,cp2_bnu_01,3
2019,마사2169,cp2_bnu_10,5
2019,마사2169,cp2_bnu_13,0
2019,마사2169,cp2_bnu_32,3
2019,마사2169,cp2_bnu_33,3
2019,마사2169,cp2_bnu_38,0
2019,마사2169,cp2_bnu_42,5
2019,마사2169,cp2_bnu_46,5
2019,마사2169,cp2_bnu_47,0
2019,마사2169,cp2_bnu_52,0
2019,마사2169,cp2_bnu_56,5
2019,마사2169,cp2_bnu_61,0
2019,마사2169,cp2_bnu_64,3
2019,마사2169,cp2_bnu_73,0
2019,마사2169,cp2_bnu_76,0
2019,마사2169,cp2_bnu_84,0
2019,마사2169,cp2_bnu_85,3
2019,마사2169,cp2_bnu_86,3
2019,마사2169,cp2_bnu_87,3
2019,마사2169,cp2_bnu_94,3
2019,마사2169,cp2_bnu_96,0
2019,마사2170,cp2_bnu_10,3
2019,마사2170,cp2_bnu_22,3
2019,마사2170,cp2_bnu_25,3
2019,마사2170,cp2_bnu_29,0
2019,마사2170,cp2_bnu_41,3
2019,마사2170,cp2_bnu_42,5
2019,마사2170,cp2_bnu_46,11
2019,마사2170,cp2_bnu_47,5
2019,마사2170,cp2_bnu_56,3
2019,마사2170,cp2_bnu_73,3
2019,마사2170,cp2_bnu_85,3
2019,마사2170,cp2_bnu_87,3
2019,마사2170,cp2_bnu_90,0
2019,마사2170,cp2_bnu_96,0
2019,마사2171,cp2_bnu_16,0
2019,마사2171,cp2_bnu_18,0
2019,마사2171,cp2_bnu_20,3
2019,마사2171,cp2_bnu_25,0
2019,마사2171,cp2_bnu_29,3
2019,마사2171,cp2_bnu_33,0
2019,마사2171,cp2_bnu_42,11
2019,마사2171,cp2_bnu_46,3
2019,마사2171,cp2_bnu_47,17
2019,마사2171,cp2_bnu_49,0
2019,마사2171,cp2_bnu_56,53
2019,마사2171,cp2_bnu_58,3
2019,마사2171,cp2_bnu_62,3
2019,마사2171,cp2_bnu_68,3
2019,마사2171,cp2_bnu_70,0
2019,마사2171,cp2_bnu_72,0
2019,마사2171,cp2_bnu_73,3
2019,마사2171,cp2_bnu_84,0
2019,마사2171,cp2_bnu_85,5
2019,마사2171,cp2_bnu_87,5
2019,마사2171,cp2_bnu_90,0
2019,마사2171,cp2_bnu_91,16
2019,마사2171,cp2_bnu_94,3
2019,마사2171,cp2_bnu_96,3
2019,마사2172,cp2_bnu_10,5
2019,마사2172,cp2_bnu_11,0
2019,마사2172,cp2_bnu_22,0
2019,마사2172,cp2_bnu_23,3
2019,마사2172,cp2_bnu_25,0
2019,마사2172,cp2_bnu_33,3
2019,마사2172,cp2_bnu_34,0
2019,마사2172,cp2_bnu_38,3
2019,마사2172,cp2_bnu_41,5
2019,마사2172,cp2_bnu_42,12
2019,마사2172,cp2_bnu_46,11
2019,마사2172,cp2_bnu_47,43
2019,마사2172,cp2_bnu_49,5
2019,마사2172,cp2_bnu_52,5
2019,마사2172,cp2_bnu_55,0
2019,마사2172,cp2_bnu_56,101
2019,마사2172,cp2_bnu_64,0
2019,마사2172,cp2_bnu_66,0
2019,마사2172,cp2_bnu_68,14
2019,마사2172,cp2_bnu_71,0
2019,마사2172,cp2_bnu_72,5
2019,마사2172,cp2_bnu_75,0
2019,마사2172,cp2_bnu_76,3
2019,마사2172,cp2_bnu_84,5
2019,마사2172,cp2_bnu_85,36
2019,마사2172,cp2_bnu_86,5
2019,마사2172,cp2_bnu_87,8
2019,마사2172,cp2_bnu_91,11
2019,마사2172,cp2_bnu_94,13
2019,마사2172,cp2_bnu_95,14
2019,마사2172,cp2_bnu_96,26
2019,마사2173,cp2_bnu_10,5
2019,마사2173,cp2_bnu_13,3
2019,마사2173,cp2_bnu_18,0
2019,마사2173,cp2_bnu_25,3
2019,마사2173,cp2_bnu_27,3
2019,마사2173,cp2_bnu_28,3
2019,마사2173,cp2_bnu_32,0
2019,마사2173,cp2_bnu_33,0
2019,마사2173,cp2_bnu_34,0
2019,마사2173,cp2_bnu_41,8
2019,마사2173,cp2_bnu_42,20
2019,마사2173,cp2_bnu_45,5
2019,마사2173,cp2_bnu_46,19
2019,마사2173,cp2_bnu_47,43
2019,마사2173,cp2_bnu_49,14
2019,마사2173,cp2_bnu_52,5
2019,마사2173,cp2_bnu_55,5
2019,마사2173,cp2_bnu_56,72
2019,마사2173,cp2_bnu_61,3
2019,마사2173,cp2_bnu_64,3
2019,마사2173,cp2_bnu_65,3
2019,마사2173,cp2_bnu_66,0
2019,마사2173,cp2_bnu_68,30
2019,마사2173,cp2_bnu_71,8
2019,마사2173,cp2_bnu_72,19
2019,마사2173,cp2_bnu_74,5
2019,마사2173,cp2_bnu_75,8
2019,마사2173,cp2_bnu_76,15
2019,마사2173,cp2_bnu_84,3
2019,마사2173,cp2_bnu_85,11
2019,마사2173,cp2_bnu_86,3
2019,마사2173,cp2_bnu_87,8
2019,마사2173,cp2_bnu_90,3
2019,마사2173,cp2_bnu_91,8
2019,마사2173,cp2_bnu_94,16
2019,마사2173,cp2_bnu_95,17
2019,마사2173,cp2_bnu_96,26
2019,마사2174,cp2_bnu_07,3
2019,마사2174,cp2_bnu_10,3
2019,마사2174,cp2_bnu_20,0
2019,마사2174,cp2_bnu_25,0
2019,마사2174,cp2_bnu_27,0
2019,마사2174,cp2_bnu_29,3
2019,마사2174,cp2_bnu_41,8
2019,마사2174,cp2_bnu_42,15
2019,마사2174,cp2_bnu_45,3
2019,마사2174,cp2_bnu_46,23
2019,마사2174,cp2_bnu_47,115
2019,마사2174,cp2_bnu_49,3
2019,마사2174,cp2_bnu_52,3
2019,마사2174,cp2_bnu_55,16
2019,마사2174,cp2_bnu_56,241
2019,마사2174,cp2_bnu_58,0
2019,마사2174,cp2_bnu_60,3
2019,마사2174,cp2_bnu_61,3
2019,마사2174,cp2_bnu_64,3
2019,마사2174,cp2_bnu_65,3
2019,마사2174,cp2_bnu_66,8
2019,마사2174,cp2_bnu_68,37
2019,마사2174,cp2_bnu_70,5
2019,마사2174,cp2_bnu_71,8
2019,마사2174,cp2_bnu_72,8
2019,마사2174,cp2_bnu_73,5
2019,마사2174,cp2_bnu_75,8
2019,마사2174,cp2_bnu_76,3
2019,마사2174,cp2_bnu_84,0
2019,마사2174,cp2_bnu_85,142
2019,마사2174,cp2_bnu_86,25
2019,마사2174,cp2_bnu_87,14
2019,마사2174,cp2_bnu_90,11
2019,마사2174,cp2_bnu_91,50
2019,마사2174,cp2_bnu_94,8
2019,마사2174,cp2_bnu_95,8
2019,마사2174,cp2_bnu_96,63
2019,마사2175,cp2_bnu_10,5
2019,마사2175,cp2_bnu_14,0
2019,마사2175,cp2_bnu_33,0
2019,마사2175,cp2_bnu_34,3
2019,마사2175,cp2_bnu_41,3
2019,마사2175,cp2_bnu_42,8
2019,마사2175,cp2_bnu_45,3
2019,마사2175,cp2_bnu_46,18
2019,마사2175,cp2_bnu_47,75
2019,마사2175,cp2_bnu_52,0
2019,마사2175,cp2_bnu_55,3
2019,마사2175,cp2_bnu_56,279
2019,마사2175,cp2_bnu_58,0
2019,마사2175,cp2_bnu_62,3
2019,마사2175,cp2_bnu_64,0
2019,마사2175,cp2_bnu_66,3
2019,마사2175,cp2_bnu_68,14
2019,마사2175,cp2_bnu_71,5
2019,마사2175,cp2_bnu_72,3
2019,마사2175,cp2_bnu_73,3
2019,마사2175,cp2_bnu_75,3
2019,마사2175,cp2_bnu_76,8
2019,마사2175,cp2_bnu_84,0
2019,마사2175,cp2_bnu_85,71
2019,마사2175,cp2_bnu_86,5
2019,마사2175,cp2_bnu_87,8
2019,마사2175,cp2_bnu_91,18
2019,마사2175,cp2_bnu_94,8
2019,마사2175,cp2_bnu_95,8
2019,마사2175,cp2_bnu_96,59
2019,마사2176,cp2_bnu_13,8
2019,마사2176,cp2_bnu_14,3
2019,마사2176,cp2_bnu_16,5
2019,마사2176,cp2_bnu_23,3
2019,마사2176,cp2_bnu_29,0
2019,마사2176,cp2_bnu_32,0
2019,마사2176,cp2_bnu_33,0
2019,마사2176,cp2_bnu_41,3
2019,마사2176,cp2_bnu_42,8
2019,마사2176,cp2_bnu_45,3
2019,마사2176,cp2_bnu_46,8
2019,마사2176,cp2_bnu_47,28
2019,마사2176,cp2_bnu_49,5
2019,마사2176,cp2_bnu_56,19
2019,마사2176,cp2_bnu_71,12
2019,마사2176,cp2_bnu_72,3
2019,마사2176,cp2_bnu_73,5
2019,마사2176,cp2_bnu_84,0
2019,마사2176,cp2_bnu_85,5
2019,마사2176,cp2_bnu_86,3
2019,마사2176,cp2_bnu_87,3
2019,마사2176,cp2_bnu_90,3
2019,마사2176,cp2_bnu_91,0
2019,마사2176,cp2_bnu_94,3
2019,마사2176,cp2_bnu_95,0
2019,마사2176,cp2_bnu_96,5
2019,마사2177,cp2_bnu_46,3
2019,마사2177,cp2_bnu_47,6
2019,마사2177,cp2_bnu_55,3
2019,마사2177,cp2_bnu_56,11
2019,마사2177,cp2_bnu_64,0
2019,마사2177,cp2_bnu_71,7
2019,마사2177,cp2_bnu_72,0
2019,마사2177,cp2_bnu_75,3
2019,마사2177,cp2_bnu_84,3
2019,마사2177,cp2_bnu_87,3
2019,마사2177,cp2_bnu_90,0
2019,마사2177,cp2_bnu_94,3
2019,마사2178,cp2_bnu_42,0
2019,마사2178,cp2_bnu_47,3
2019,마사2178,cp2_bnu_55,3
2019,마사2178,cp2_bnu_56,0
2019,마사2178,cp2_bnu_74,0
2019,마사2178,cp2_bnu_91,3
2019,마사2179,cp2_bnu_41,3
2019,마사2179,cp2_bnu_55,3
2019,마사2179,cp2_bnu_73,0
2019,마사2179,cp2_bnu_94,3
2019,마사2180,cp2_bnu_55,3
2019,마사2181,cp2_bnu_41,3
2019,마사2181,cp2_bnu_47,3
2019,마사2181,cp2_bnu_55,14
2019,마사2181,cp2_bnu_56,3
2019,마사2181,cp2_bnu_91,0
2019,마사2182,cp2_bnu_33,0
2019,마사2182,cp2_bnu_46,7
2019,마사2182,cp2_bnu_47,13
2019,마사2182,cp2_bnu_55,11
2019,마사2182,cp2_bnu_56,26
2019,마사2182,cp2_bnu_76,0
2019,마사2182,cp2_bnu_84,3
2019,마사2182,cp2_bnu_86,3
2019,마사2182,cp2_bnu_91,5
2019,마사2183,cp2_bnu_10,3
2019,마사2183,cp2_bnu_46,3
2019,마사2183,cp2_bnu_47,3
2019,마사2183,cp2_bnu_55,7
2019,마사2183,cp2_bnu_56,12
2019,마사2183,cp2_bnu_96,3
2019,마사2205,cp2_bnu_55,3
2019,마사2210,cp2_bnu_90,3
2019,마사2211,cp2_bnu_47,0
2019,마사2212,cp2_bnu_55,3
2019,마사2212,cp2_bnu_56,3
2019,마사2222,cp2_bnu_56,0
2019,마사2222,cp2_bnu_64,0
2019,마사2222,cp2_bnu_84,0
2019,마사2222,cp2_bnu_86,0
2019,마사2222,cp2_bnu_94,3
2019,마사2233,cp2_bnu_46,0
2019,마사2245,cp2_bnu_94,3
2019,마사2249,cp2_bnu_49,0
2019,마사2251,cp2_bnu_90,0
2019,마사2264,cp2_bnu_94,3
2019,마사2267,cp2_bnu_10,3
2019,마사2267,cp2_bnu_22,3
2019,마사2267,cp2_bnu_42,3
2019,마사2267,cp2_bnu_46,3
2019,마사2267,cp2_bnu_47,3
2019,마사2267,cp2_bnu_52,0
2019,마사2267,cp2_bnu_55,0
2019,마사2267,cp2_bnu_56,3
2019,마사2267,cp2_bnu_85,3
2019,마사2268,cp2_bnu_47,0
2019,마사2268,cp2_bnu_87,3
2019,마사2268,cp2_bnu_94,0
2019,마사2269,cp2_bnu_10,0
2019,마사2269,cp2_bnu_25,0
2019,마사2269,cp2_bnu_27,3
2019,마사2269,cp2_bnu_35,3
2019,마사2269,cp2_bnu_42,3
2019,마사2269,cp2_bnu_46,3
2019,마사2269,cp2_bnu_55,3
2019,마사2269,cp2_bnu_56,3
2019,마사2269,cp2_bnu_85,3
2019,마사2269,cp2_bnu_94,0
2019,마사2270,cp2_bnu_56,3
2019,마사2270,cp2_bnu_87,3
2019,마사2270,cp2_bnu_94,3
2019,마사2271,cp2_bnu_47,0
2019,마사2271,cp2_bnu_49,3
2019,마사2271,cp2_bnu_56,0
2019,마사2271,cp2_bnu_71,3
2019,마사2271,cp2_bnu_85,0
2019,마사2271,cp2_bnu_87,5
2019,마사2271,cp2_bnu_94,0
2019,마사2271,cp2_bnu_96,3
2019,마사2272,cp2_bnu_10,5
2019,마사2272,cp2_bnu_17,3
2019,마사2272,cp2_bnu_20,0
2019,마사2272,cp2_bnu_28,0
2019,마사2272,cp2_bnu_29,0
2019,마사2272,cp2_bnu_32,0
2019,마사2272,cp2_bnu_41,5
2019,마사2272,cp2_bnu_42,24
2019,마사2272,cp2_bnu_45,5
2019,마사2272,cp2_bnu_46,8
2019,마사2272,cp2_bnu_47,27
2019,마사2272,cp2_bnu_49,3
2019,마사2272,cp2_bnu_56,81
2019,마사2272,cp2_bnu_68,11
2019,마사2272,cp2_bnu_71,0
2019,마사2272,cp2_bnu_72,0
2019,마사2272,cp2_bnu_73,3
2019,마사2272,cp2_bnu_74,0
2019,마사2272,cp2_bnu_85,32
2019,마사2272,cp2_bnu_87,8
2019,마사2272,cp2_bnu_90,9
2019,마사2272,cp2_bnu_91,8
2019,마사2272,cp2_bnu_94,8
2019,마사2272,cp2_bnu_95,8
2019,마사2272,cp2_bnu_96,33
2019,마사2273,cp2_bnu_01,3
2019,마사2273,cp2_bnu_10,23
2019,마사2273,cp2_bnu_14,5
2019,마사2273,cp2_bnu_15,0
2019,마사2273,cp2_bnu_16,3
2019,마사2273,cp2_bnu_18,14
2019,마사2273,cp2_bnu_20,3
2019,마사2273,cp2_bnu_25,3
2019,마사2273,cp2_bnu_27,8
2019,마사2273,cp2_bnu_28,3
2019,마사2273,cp2_bnu_32,3
2019,마사2273,cp2_bnu_33,14
2019,마사2273,cp2_bnu_34,3
2019,마사2273,cp2_bnu_38,0
2019,마사2273,cp2_bnu_41,8
2019,마사2273,cp2_bnu_42,42
2019,마사2273,cp2_bnu_45,3
2019,마사2273,cp2_bnu_46,29
2019,마사2273,cp2_bnu_47,379
2019,마사2273,cp2_bnu_49,5
2019,마사2273,cp2_bnu_52,11
2019,마사2273,cp2_bnu_55,14
2019,마사2273,cp2_bnu_56,356
2019,마사2273,cp2_bnu_58,3
2019,마사2273,cp2_bnu_59,3
2019,마사2273,cp2_bnu_60,3
2019,마사2273,cp2_bnu_61,5
2019,마사2273,cp2_bnu_62,0
2019,마사2273,cp2_bnu_63,0
2019,마사2273,cp2_bnu_64,20
2019,마사2273,cp2_bnu_65,3
2019,마사2273,cp2_bnu_66,8
2019,마사2273,cp2_bnu_68,30
2019,마사2273,cp2_bnu_70,3
2019,마사2273,cp2_bnu_71,39
2019,마사2273,cp2_bnu_72,18
2019,마사2273,cp2_bnu_73,18
2019,마사2273,cp2_bnu_74,8
2019,마사2273,cp2_bnu_75,30
2019,마사2273,cp2_bnu_76,8
2019,마사2273,cp2_bnu_84,5
2019,마사2273,cp2_bnu_85,67
2019,마사2273,cp2_bnu_86,48
2019,마사2273,cp2_bnu_87,20
2019,마사2273,cp2_bnu_90,11
2019,마사2273,cp2_bnu_91,43
2019,마사2273,cp2_bnu_94,23
2019,마사2273,cp2_bnu_95,17
2019,마사2273,cp2_bnu_96,142
2019,마사2274,cp2_bnu_02,3
2019,마사2274,cp2_bnu_10,14
2019,마사2274,cp2_bnu_13,0
2019,마사2274,cp2_bnu_14,0
2019,마사2274,cp2_bnu_16,3
2019,마사2274,cp2_bnu_18,3
2019,마사2274,cp2_bnu_20,0
2019,마사2274,cp2_bnu_25,3
2019,마사2274,cp2_bnu_27,0
2019,마사2274,cp2_bnu_29,0
2019,마사2274,cp2_bnu_33,5
2019,마사2274,cp2_bnu_34,3
2019,마사2274,cp2_bnu_41,3
2019,마사2274,cp2_bnu_42,47
2019,마사2274,cp2_bnu_45,3
2019,마사2274,cp2_bnu_46,45
2019,마사2274,cp2_bnu_47,117
2019,마사2274,cp2_bnu_49,5
2019,마사2274,cp2_bnu_52,0
2019,마사2274,cp2_bnu_55,10
2019,마사2274,cp2_bnu_56,109
2019,마사2274,cp2_bnu_58,3
2019,마사2274,cp2_bnu_61,3
2019,마사2274,cp2_bnu_62,0
2019,마사2274,cp2_bnu_63,3
2019,마사2274,cp2_bnu_64,3
2019,마사2274,cp2_bnu_65,5
2019,마사2274,cp2_bnu_66,3
2019,마사2274,cp2_bnu_68,29
2019,마사2274,cp2_bnu_71,14
2019,마사2274,cp2_bnu_72,16
2019,마사2274,cp2_bnu_73,8
2019,마사2274,cp2_bnu_74,3
2019,마사2274,cp2_bnu_75,17
2019,마사2274,cp2_bnu_76,5
2019,마사2274,cp2_bnu_84,3
2019,마사2274,cp2_bnu_85,42
2019,마사2274,cp2_bnu_86,3
2019,마사2274,cp2_bnu_87,11
2019,마사2274,cp2_bnu_90,5
2019,마사2274,cp2_bnu_91,8
2019,마사2274,cp2_bnu_94,20
2019,마사2274,cp2_bnu_95,20
2019,마사2274,cp2_bnu_96,51
2019,마사2275,cp2_bnu_10,3
2019,마사2275,cp2_bnu_13,3
2019,마사2275,cp2_bnu_20,0
2019,마사2275,cp2_bnu_23,0
2019,마사2275,cp2_bnu_24,0
2019,마사2275,cp2_bnu_25,3
2019,마사2275,cp2_bnu_33,3
2019,마사2275,cp2_bnu_41,3
2019,마사2275,cp2_bnu_42,8
2019,마사2275,cp2_bnu_45,5
2019,마사2275,cp2_bnu_46,12
2019,마사2275,cp2_bnu_47,24
2019,마사2275,cp2_bnu_49,5
2019,마사2275,cp2_bnu_55,3
2019,마사2275,cp2_bnu_56,24
2019,마사2275,cp2_bnu_62,0
2019,마사2275,cp2_bnu_68,8
2019,마사2275,cp2_bnu_71,3
2019,마사2275,cp2_bnu_72,4
2019,마사2275,cp2_bnu_75,3
2019,마사2275,cp2_bnu_76,0
2019,마사2275,cp2_bnu_84,5
2019,마사2275,cp2_bnu_85,26
2019,마사2275,cp2_bnu_86,3
2019,마사2275,cp2_bnu_87,14
2019,마사2275,cp2_bnu_90,3
2019,마사2275,cp2_bnu_91,5
2019,마사2275,cp2_bnu_94,14
2019,마사2275,cp2_bnu_95,8
2019,마사2275,cp2_bnu_96,11
2019,마사2276,cp2_bnu_20,0
2019,마사2276,cp2_bnu_41,0
2019,마사2276,cp2_bnu_42,3
2019,마사2276,cp2_bnu_45,0
2019,마사2276,cp2_bnu_46,5
2019,마사2276,cp2_bnu_47,3
2019,마사2276,cp2_bnu_49,0
2019,마사2276,cp2_bnu_55,5
2019,마사2276,cp2_bnu_56,5
2019,마사2276,cp2_bnu_68,0
2019,마사2276,cp2_bnu_76,5
2019,마사2276,cp2_bnu_84,0
2019,마사2276,cp2_bnu_85,5
2019,마사2276,cp2_bnu_87,3
2019,마사2276,cp2_bnu_94,3
2019,마사2276,cp2_bnu_95,0
2019,마사2276,cp2_bnu_96,3
2019,마사2277,cp2_bnu_46,0
2019,마사2277,cp2_bnu_47,3
2019,마사2277,cp2_bnu_55,3
2019,마사2277,cp2_bnu_56,8
2019,마사2277,cp2_bnu_90,3
2019,마사2277,cp2_bnu_91,0
2019,마사2278,cp2_bnu_10,3
2019,마사2278,cp2_bnu_41,0
2019,마사2278,cp2_bnu_42,3
2019,마사2278,cp2_bnu_47,3
2019,마사2278,cp2_bnu_55,27
2019,마사2278,cp2_bnu_56,8
2019,마사2278,cp2_bnu_76,3
2019,마사2278,cp2_bnu_87,3
2019,마사2279,cp2_bnu_47,3
2019,마사2279,cp2_bnu_55,35
2019,마사2279,cp2_bnu_56,3
2019,마사2279,cp2_bnu_76,0
2019,마사2280,cp2_bnu_33,0
2019,마사2280,cp2_bnu_42,3
2019,마사2280,cp2_bnu_46,5
2019,마사2280,cp2_bnu_47,3
2019,마사2280,cp2_bnu_55,53
2019,마사2280,cp2_bnu_56,3
2019,마사2280,cp2_bnu_76,0
2019,마사2280,cp2_bnu_85,0
2019,마사2280,cp2_bnu_91,5
2019,마사2304,cp2_bnu_01,3
2019,마사2304,cp2_bnu_46,3
2019,마사2309,cp2_bnu_91,0
2019,마사2310,cp2_bnu_47,3
2019,마사2310,cp2_bnu_74,3
2019,마사2310,cp2_bnu_94,0
2019,마사2310,cp2_bnu_96,0
2019,마사2312,cp2_bnu_10,0
2019,마사2322,cp2_bnu_07,3
2019,마사2322,cp2_bnu_49,0
2019,마사2322,cp2_bnu_56,0
2019,마사2327,cp2_bnu_01,0
2019,마사2327,cp2_bnu_10,3
2019,마사2328,cp2_bnu_94,0
2019,마사2332,cp2_bnu_01,3
2019,마사2332,cp2_bnu_46,0
2019,마사2332,cp2_bnu_47,3
2019,마사2332,cp2_bnu_76,3
2019,마사2333,cp2_bnu_56,3
2019,마사2333,cp2_bnu_94,3
2019,마사2366,cp2_bnu_42,3
2019,마사2366,cp2_bnu_46,3
2019,마사2366,cp2_bnu_47,0
2019,마사2366,cp2_bnu_56,3
2019,마사2366,cp2_bnu_59,0
2019,마사2366,cp2_bnu_90,0
2019,마사2366,cp2_bnu_94,0
2019,마사2367,cp2_bnu_32,0
2019,마사2367,cp2_bnu_34,0
2019,마사2367,cp2_bnu_38,5
2019,마사2367,cp2_bnu_45,3
2019,마사2367,cp2_bnu_46,3
2019,마사2367,cp2_bnu_47,0
2019,마사2367,cp2_bnu_52,0
2019,마사2367,cp2_bnu_72,0
2019,마사2367,cp2_bnu_74,0
2019,마사2368,cp2_bnu_10,3
2019,마사2368,cp2_bnu_34,3
2019,마사2368,cp2_bnu_41,3
2019,마사2368,cp2_bnu_42,5
2019,마사2368,cp2_bnu_45,0
2019,마사2368,cp2_bnu_46,5
2019,마사2368,cp2_bnu_47,3
2019,마사2368,cp2_bnu_52,3
2019,마사2368,cp2_bnu_56,3
2019,마사2368,cp2_bnu_68,3
2019,마사2368,cp2_bnu_76,3
2019,마사2368,cp2_bnu_85,0
2019,마사2368,cp2_bnu_87,0
2019,마사2368,cp2_bnu_95,3
2019,마사2368,cp2_bnu_96,0
2019,마사2369,cp2_bnu_55,0
2019,마사2370,cp2_bnu_10,3
2019,마사2370,cp2_bnu_32,0
2019,마사2370,cp2_bnu_46,3
2019,마사2370,cp2_bnu_47,3
2019,마사2370,cp2_bnu_52,3
2019,마사2370,cp2_bnu_56,3
2019,마사2370,cp2_bnu_70,0
2019,마사2370,cp2_bnu_86,3
2019,마사2370,cp2_bnu_87,3
2019,마사2370,cp2_bnu_94,0
2019,마사2371,cp2_bnu_41,0
2019,마사2371,cp2_bnu_42,0
2019,마사2371,cp2_bnu_49,0
2019,마사2371,cp2_bnu_85,0
2019,마사2371,cp2_bnu_87,6
2019,마사2371,cp2_bnu_94,3
2019,마사2372,cp2_bnu_10,5
2019,마사2372,cp2_bnu_16,3
2019,마사2372,cp2_bnu_25,5
2019,마사2372,cp2_bnu_28,3
2019,마사2372,cp2_bnu_32,3
2019,마사2372,cp2_bnu_33,5
2019,마사2372,cp2_bnu_41,3
2019,마사2372,cp2_bnu_42,17
2019,마사2372,cp2_bnu_45,3
2019,마사2372,cp2_bnu_46,18
2019,마사2372,cp2_bnu_47,38
2019,마사2372,cp2_bnu_49,5
2019,마사2372,cp2_bnu_52,0
2019,마사2372,cp2_bnu_56,74
2019,마사2372,cp2_bnu_64,3
2019,마사2372,cp2_bnu_68,11
2019,마사2372,cp2_bnu_72,0
2019,마사2372,cp2_bnu_74,3
2019,마사2372,cp2_bnu_76,0
2019,마사2372,cp2_bnu_84,3
2019,마사2372,cp2_bnu_85,23
2019,마사2372,cp2_bnu_86,3
2019,마사2372,cp2_bnu_87,8
2019,마사2372,cp2_bnu_90,3
2019,마사2372,cp2_bnu_91,11
2019,마사2372,cp2_bnu_94,8
2019,마사2372,cp2_bnu_95,8
2019,마사2372,cp2_bnu_96,39
2019,마사2373,cp2_bnu_07,3
2019,마사2373,cp2_bnu_10,40
2019,마사2373,cp2_bnu_13,8
2019,마사2373,cp2_bnu_14,13
2019,마사2373,cp2_bnu_15,3
2019,마사2373,cp2_bnu_16,3
2019,마사2373,cp2_bnu_17,0
2019,마사2373,cp2_bnu_18,3
2019,마사2373,cp2_bnu_25,0
2019,마사2373,cp2_bnu_27,3
2019,마사2373,cp2_bnu_28,0
2019,마사2373,cp2_bnu_33,3
2019,마사2373,cp2_bnu_34,3
2019,마사2373,cp2_bnu_41,3
2019,마사2373,cp2_bnu_42,27
2019,마사2373,cp2_bnu_45,8
2019,마사2373,cp2_bnu_46,62
2019,마사2373,cp2_bnu_47,776
2019,마사2373,cp2_bnu_49,3
2019,마사2373,cp2_bnu_52,8
2019,마사2373,cp2_bnu_55,12
2019,마사2373,cp2_bnu_56,449
2019,마사2373,cp2_bnu_59,3
2019,마사2373,cp2_bnu_60,0
2019,마사2373,cp2_bnu_61,0
2019,마사2373,cp2_bnu_64,18
2019,마사2373,cp2_bnu_65,26
2019,마사2373,cp2_bnu_66,8
2019,마사2373,cp2_bnu_68,23
2019,마사2373,cp2_bnu_71,3
2019,마사2373,cp2_bnu_72,0
2019,마사2373,cp2_bnu_73,11
2019,마사2373,cp2_bnu_74,3
2019,마사2373,cp2_bnu_75,12
2019,마사2373,cp2_bnu_76,5
2019,마사2373,cp2_bnu_84,3
2019,마사2373,cp2_bnu_85,33
2019,마사2373,cp2_bnu_86,77
2019,마사2373,cp2_bnu_87,14
2019,마사2373,cp2_bnu_90,3
2019,마사2373,cp2_bnu_91,29
2019,마사2373,cp2_bnu_94,11
2019,마사2373,cp2_bnu_95,44
2019,마사2373,cp2_bnu_96,159
2019,마사2374,cp2_bnu_02,3
2019,마사2374,cp2_bnu_07,0
2019,마사2374,cp2_bnu_10,23
2019,마사2374,cp2_bnu_13,5
2019,마사2374,cp2_bnu_14,3
2019,마사2374,cp2_bnu_16,3
2019,마사2374,cp2_bnu_18,8
2019,마사2374,cp2_bnu_22,0
2019,마사2374,cp2_bnu_23,5
2019,마사2374,cp2_bnu_27,5
2019,마사2374,cp2_bnu_28,3
2019,마사2374,cp2_bnu_32,3
2019,마사2374,cp2_bnu_33,5
2019,마사2374,cp2_bnu_34,5
2019,마사2374,cp2_bnu_41,17
2019,마사2374,cp2_bnu_42,70
2019,마사2374,cp2_bnu_45,14
2019,마사2374,cp2_bnu_46,103
2019,마사2374,cp2_bnu_47,244
2019,마사2374,cp2_bnu_49,5
2019,마사2374,cp2_bnu_52,5
2019,마사2374,cp2_bnu_55,116
2019,마사2374,cp2_bnu_56,512
2019,마사2374,cp2_bnu_58,0
2019,마사2374,cp2_bnu_61,3
2019,마사2374,cp2_bnu_64,8
2019,마사2374,cp2_bnu_65,19
2019,마사2374,cp2_bnu_66,20
2019,마사2374,cp2_bnu_68,29
2019,마사2374,cp2_bnu_71,11
2019,마사2374,cp2_bnu_72,11
2019,마사2374,cp2_bnu_73,8
2019,마사2374,cp2_bnu_74,8
2019,마사2374,cp2_bnu_75,33
2019,마사2374,cp2_bnu_76,19
2019,마사2374,cp2_bnu_84,5
2019,마사2374,cp2_bnu_85,85
2019,마사2374,cp2_bnu_86,22
2019,마사2374,cp2_bnu_87,29
2019,마사2374,cp2_bnu_90,9
2019,마사2374,cp2_bnu_91,53
2019,마사2374,cp2_bnu_94,29
2019,마사2374,cp2_bnu_95,47
2019,마사2374,cp2_bnu_96,122
2019,마사2375,cp2_bnu_01,0
2019,마사2375,cp2_bnu_02,0
2019,마사2375,cp2_bnu_07,3
2019,마사2375,cp2_bnu_10,5
2019,마사2375,cp2_bnu_13,3
2019,마사2375,cp2_bnu_14,3
2019,마사2375,cp2_bnu_18,5
2019,마사2375,cp2_bnu_20,3
2019,마사2375,cp2_bnu_22,3
2019,마사2375,cp2_bnu_25,3
2019,마사2375,cp2_bnu_28,3
2019,마사2375,cp2_bnu_29,3
2019,마사2375,cp2_bnu_32,0
2019,마사2375,cp2_bnu_33,5
2019,마사2375,cp2_bnu_41,5
2019,마사2375,cp2_bnu_42,48
2019,마사2375,cp2_bnu_45,14
2019,마사2375,cp2_bnu_46,64
2019,마사2375,cp2_bnu_47,43
2019,마사2375,cp2_bnu_49,3
2019,마사2375,cp2_bnu_52,0
2019,마사2375,cp2_bnu_56,54
2019,마사2375,cp2_bnu_58,3
2019,마사2375,cp2_bnu_59,3
2019,마사2375,cp2_bnu_60,0
2019,마사2375,cp2_bnu_62,3
2019,마사2375,cp2_bnu_64,5
2019,마사2375,cp2_bnu_66,3
2019,마사2375,cp2_bnu_68,11
2019,마사2375,cp2_bnu_71,3
2019,마사2375,cp2_bnu_72,14
2019,마사2375,cp2_bnu_73,0
2019,마사2375,cp2_bnu_74,3
2019,마사2375,cp2_bnu_75,5
2019,마사2375,cp2_bnu_76,5
2019,마사2375,cp2_bnu_84,0
2019,마사2375,cp2_bnu_85,26
2019,마사2375,cp2_bnu_86,5
2019,마사2375,cp2_bnu_87,15
2019,마사2375,cp2_bnu_90,5
2019,마사2375,cp2_bnu_91,11
2019,마사2375,cp2_bnu_94,21
2019,마사2375,cp2_bnu_95,28
2019,마사2375,cp2_bnu_96,24
2019,마사2376,cp2_bnu_10,3
2019,마사2376,cp2_bnu_35,0
2019,마사2376,cp2_bnu_41,3
2019,마사2376,cp2_bnu_42,3
2019,마사2376,cp2_bnu_46,3
2019,마사2376,cp2_bnu_47,3
2019,마사2376,cp2_bnu_55,8
2019,마사2376,cp2_bnu_56,14
2019,마사2376,cp2_bnu_71,3
2019,마사2376,cp2_bnu_85,3
2019,마사2376,cp2_bnu_86,3
2019,마사2376,cp2_bnu_87,0
2019,마사2376,cp2_bnu_90,3
2019,마사2376,cp2_bnu_91,0
2019,마사2376,cp2_bnu_94,3
2019,마사2377,cp2_bnu_46,5
2019,마사2377,cp2_bnu_47,0
2019,마사2377,cp2_bnu_56,8
2019,마사2377,cp2_bnu_85,0
2019,마사2377,cp2_bnu_90,0
2019,마사2377,cp2_bnu_91,0
2019,마사2378,cp2_bnu_10,0
2019,마사2378,cp2_bnu_42,0
2019,마사2378,cp2_bnu_47,0
2019,마사2378,cp2_bnu_55,14
2019,마사2378,cp2_bnu_56,3
2019,마사2378,cp2_bnu_68,0
2019,마사2378,cp2_bnu_90,3
2019,마사2378,cp2_bnu_94,0
2019,마사2379,cp2_bnu_46,0
2019,마사2379,cp2_bnu_47,16
2019,마사2379,cp2_bnu_55,46
2019,마사2379,cp2_bnu_56,44
2019,마사2379,cp2_bnu_61,3
2019,마사2379,cp2_bnu_64,0
2019,마사2379,cp2_bnu_68,3
2019,마사2379,cp2_bnu_76,16
2019,마사2379,cp2_bnu_84,0
2019,마사2379,cp2_bnu_85,3
2019,마사2379,cp2_bnu_91,5
2019,마사2379,cp2_bnu_94,3
2019,마사2379,cp2_bnu_96,5
2019,마사2380,cp2_bnu_47,8
2019,마사2380,cp2_bnu_55,19
2019,마사2380,cp2_bnu_56,3
2019,마사2403,cp2_bnu_10,0
2019,마사2403,cp2_bnu_47,3
2019,마사2403,cp2_bnu_56,3
2019,마사2403,cp2_bnu_96,3
2019,마사2404,cp2_bnu_10,3
2019,마사2406,cp2_bnu_56,3
2019,마사2407,cp2_bnu_47,3
2019,마사2407,cp2_bnu_55,3
2019,마사2407,cp2_bnu_56,3
2019,마사2419,cp2_bnu_01,0
2019,마사2419,cp2_bnu_10,3
2019,마사2421,cp2_bnu_07,0
2019,마사2423,cp2_bnu_07,3
2019,마사2426,cp2_bnu_07,3
2019,마사2431,cp2_bnu_46,0
2019,마사2431,cp2_bnu_55,0
2019,마사2431,cp2_bnu_56,0
2019,마사2445,cp2_bnu_10,0
2019,마사2445,cp2_bnu_47,3
2019,마사2445,cp2_bnu_49,3
2019,마사2445,cp2_bnu_86,3
2019,마사2446,cp2_bnu_42,0
2019,마사2446,cp2_bnu_47,3
2019,마사2446,cp2_bnu_94,0
2019,마사2447,cp2_bnu_11,0
2019,마사2447,cp2_bnu_47,3
2019,마사2465,cp2_bnu_94,0
2019,마사2466,cp2_bnu_25,0
2019,마사2466,cp2_bnu_87,0
2019,마사2467,cp2_bnu_10,0
2019,마사2467,cp2_bnu_13,3
2019,마사2467,cp2_bnu_25,0
2019,마사2467,cp2_bnu_47,0
2019,마사2467,cp2_bnu_87,0
2019,마사2467,cp2_bnu_94,3
2019,마사2468,cp2_bnu_10,3
2019,마사2468,cp2_bnu_23,3
2019,마사2468,cp2_bnu_25,3
2019,마사2468,cp2_bnu_34,3
2019,마사2468,cp2_bnu_46,3
2019,마사2468,cp2_bnu_47,3
2019,마사2468,cp2_bnu_49,3
2019,마사2468,cp2_bnu_56,3
2019,마사2468,cp2_bnu_85,3
2019,마사2468,cp2_bnu_87,3
2019,마사2468,cp2_bnu_95,0
2019,마사2469,cp2_bnu_01,3
2019,마사2469,cp2_bnu_10,0
2019,마사2469,cp2_bnu_22,3
2019,마사2469,cp2_bnu_23,0
2019,마사2469,cp2_bnu_34,0
2019,마사2469,cp2_bnu_41,3
2019,마사2469,cp2_bnu_42,0
2019,마사2469,cp2_bnu_46,5
2019,마사2469,cp2_bnu_55,0
2019,마사2469,cp2_bnu_74,3
2019,마사2470,cp2_bnu_23,0
2019,마사2470,cp2_bnu_32,0
2019,마사2470,cp2_bnu_42,3
2019,마사2470,cp2_bnu_46,3
2019,마사2470,cp2_bnu_47,0
2019,마사2470,cp2_bnu_56,0
2019,마사2470,cp2_bnu_68,0
2019,마사2471,cp2_bnu_10,5
2019,마사2471,cp2_bnu_25,0
2019,마사2471,cp2_bnu_29,0
2019,마사2471,cp2_bnu_38,3
2019,마사2471,cp2_bnu_42,3
2019,마사2471,cp2_bnu_46,51
2019,마사2471,cp2_bnu_47,5
2019,마사2471,cp2_bnu_49,11
2019,마사2471,cp2_bnu_52,5
2019,마사2471,cp2_bnu_56,5
2019,마사2471,cp2_bnu_62,3
2019,마사2471,cp2_bnu_68,3
2019,마사2471,cp2_bnu_74,0
2019,마사2471,cp2_bnu_75,3
2019,마사2471,cp2_bnu_76,3
2019,마사2471,cp2_bnu_91,0
2019,마사2471,cp2_bnu_94,0
2019,마사2471,cp2_bnu_95,5
2019,마사2471,cp2_bnu_96,0
2019,마사2472,cp2_bnu_07,3
2019,마사2472,cp2_bnu_10,3
2019,마사2472,cp2_bnu_16,0
2019,마사2472,cp2_bnu_23,0
2019,마사2472,cp2_bnu_25,5
2019,마사2472,cp2_bnu_32,3
2019,마사2472,cp2_bnu_38,5
2019,마사2472,cp2_bnu_42,8
2019,마사2472,cp2_bnu_45,8
2019,마사2472,cp2_bnu_46,17
2019,마사2472,cp2_bnu_47,11
2019,마사2472,cp2_bnu_49,0
2019,마사2472,cp2_bnu_52,5
2019,마사2472,cp2_bnu_56,5
2019,마사2472,cp2_bnu_74,3
2019,마사2472,cp2_bnu_75,3
2019,마사2472,cp2_bnu_76,3
2019,마사2472,cp2_bnu_85,0
2019,마사2472,cp2_bnu_91,0
2019,마사2472,cp2_bnu_94,0
2019,마사2472,cp2_bnu_95,11
2019,마사2473,cp2_bnu_10,3
2019,마사2473,cp2_bnu_14,3
2019,마사2473,cp2_bnu_18,3
2019,마사2473,cp2_bnu_32,0
2019,마사2473,cp2_bnu_34,0
2019,마사2473,cp2_bnu_41,5
2019,마사2473,cp2_bnu_42,19
2019,마사2473,cp2_bnu_45,5
2019,마사2473,cp2_bnu_46,8
2019,마사2473,cp2_bnu_47,42
2019,마사2473,cp2_bnu_49,5
2019,마사2473,cp2_bnu_55,0
2019,마사2473,cp2_bnu_56,58
2019,마사2473,cp2_bnu_64,0
2019,마사2473,cp2_bnu_68,17
2019,마사2473,cp2_bnu_71,5
2019,마사2473,cp2_bnu_74,3
2019,마사2473,cp2_bnu_75,3
2019,마사2473,cp2_bnu_85,36
2019,마사2473,cp2_bnu_86,3
2019,마사2473,cp2_bnu_87,8
2019,마사2473,cp2_bnu_90,5
2019,마사2473,cp2_bnu_91,5
2019,마사2473,cp2_bnu_94,8
2019,마사2473,cp2_bnu_95,20
2019,마사2473,cp2_bnu_96,31
2019,마사2474,cp2_bnu_10,5
2019,마사2474,cp2_bnu_13,0
2019,마사2474,cp2_bnu_18,0
2019,마사2474,cp2_bnu_25,0
2019,마사2474,cp2_bnu_28,3
2019,마사2474,cp2_bnu_30,3
2019,마사2474,cp2_bnu_32,3
2019,마사2474,cp2_bnu_33,3
2019,마사2474,cp2_bnu_34,5
2019,마사2474,cp2_bnu_41,5
2019,마사2474,cp2_bnu_42,22
2019,마사2474,cp2_bnu_45,5
2019,마사2474,cp2_bnu_46,23
2019,마사2474,cp2_bnu_47,72
2019,마사2474,cp2_bnu_49,3
2019,마사2474,cp2_bnu_55,13
2019,마사2474,cp2_bnu_56,130
2019,마사2474,cp2_bnu_58,3
2019,마사2474,cp2_bnu_61,3
2019,마사2474,cp2_bnu_64,3
2019,마사2474,cp2_bnu_66,5
2019,마사2474,cp2_bnu_68,20
2019,마사2474,cp2_bnu_71,0
2019,마사2474,cp2_bnu_72,3
2019,마사2474,cp2_bnu_73,5
2019,마사2474,cp2_bnu_74,3
2019,마사2474,cp2_bnu_75,8
2019,마사2474,cp2_bnu_76,5
2019,마사2474,cp2_bnu_84,0
2019,마사2474,cp2_bnu_85,18
2019,마사2474,cp2_bnu_86,11
2019,마사2474,cp2_bnu_87,11
2019,마사2474,cp2_bnu_90,3
2019,마사2474,cp2_bnu_91,20
2019,마사2474,cp2_bnu_94,14
2019,마사2474,cp2_bnu_95,24
2019,마사2474,cp2_bnu_96,39
2019,마사2475,cp2_bnu_10,26
2019,마사2475,cp2_bnu_11,0
2019,마사2475,cp2_bnu_13,5
2019,마사2475,cp2_bnu_14,3
2019,마사2475,cp2_bnu_18,3
2019,마사2475,cp2_bnu_20,0
2019,마사2475,cp2_bnu_22,5
2019,마사2475,cp2_bnu_23,3
2019,마사2475,cp2_bnu_25,5
2019,마사2475,cp2_bnu_26,3
2019,마사2475,cp2_bnu_28,3
2019,마사2475,cp2_bnu_29,3
2019,마사2475,cp2_bnu_32,0
2019,마사2475,cp2_bnu_33,5
2019,마사2475,cp2_bnu_34,3
2019,마사2475,cp2_bnu_38,3
2019,마사2475,cp2_bnu_41,14
2019,마사2475,cp2_bnu_42,79
2019,마사2475,cp2_bnu_45,20
2019,마사2475,cp2_bnu_46,79
2019,마사2475,cp2_bnu_47,207
2019,마사2475,cp2_bnu_49,8
2019,마사2475,cp2_bnu_52,3
2019,마사2475,cp2_bnu_55,5
2019,마사2475,cp2_bnu_56,374
2019,마사2475,cp2_bnu_58,5
2019,마사2475,cp2_bnu_59,3
2019,마사2475,cp2_bnu_60,0
2019,마사2475,cp2_bnu_61,3
2019,마사2475,cp2_bnu_62,5
2019,마사2475,cp2_bnu_64,8
2019,마사2475,cp2_bnu_65,8
2019,마사2475,cp2_bnu_66,8
2019,마사2475,cp2_bnu_68,36
2019,마사2475,cp2_bnu_70,3
2019,마사2475,cp2_bnu_71,5
2019,마사2475,cp2_bnu_72,14
2019,마사2475,cp2_bnu_73,8
2019,마사2475,cp2_bnu_74,8
2019,마사2475,cp2_bnu_75,15
2019,마사2475,cp2_bnu_76,5
2019,마사2475,cp2_bnu_84,5
2019,마사2475,cp2_bnu_85,90
2019,마사2475,cp2_bnu_86,14
2019,마사2475,cp2_bnu_87,27
2019,마사2475,cp2_bnu_90,8
2019,마사2475,cp2_bnu_91,64
2019,마사2475,cp2_bnu_94,44
2019,마사2475,cp2_bnu_95,49
2019,마사2475,cp2_bnu_96,141
2019,마사2476,cp2_bnu_10,11
2019,마사2476,cp2_bnu_28,0
2019,마사2476,cp2_bnu_29,3
2019,마사2476,cp2_bnu_32,3
2019,마사2476,cp2_bnu_33,0
2019,마사2476,cp2_bnu_34,3
2019,마사2476,cp2_bnu_35,0
2019,마사2476,cp2_bnu_41,11
2019,마사2476,cp2_bnu_42,29
2019,마사2476,cp2_bnu_45,3
2019,마사2476,cp2_bnu_46,33
2019,마사2476,cp2_bnu_47,41
2019,마사2476,cp2_bnu_56,57
2019,마사2476,cp2_bnu_64,3
2019,마사2476,cp2_bnu_68,17
2019,마사2476,cp2_bnu_71,3
2019,마사2476,cp2_bnu_74,5
2019,마사2476,cp2_bnu_75,3
2019,마사2476,cp2_bnu_76,3
2019,마사2476,cp2_bnu_85,34
2019,마사2476,cp2_bnu_87,8
2019,마사2476,cp2_bnu_90,3
2019,마사2476,cp2_bnu_91,3
2019,마사2476,cp2_bnu_94,14
2019,마사2476,cp2_bnu_95,11
2019,마사2476,cp2_bnu_96,28
2019,마사2477,cp2_bnu_10,5
2019,마사2477,cp2_bnu_25,0
2019,마사2477,cp2_bnu_42,3
2019,마사2477,cp2_bnu_46,5
2019,마사2477,cp2_bnu_47,16
2019,마사2477,cp2_bnu_52,3
2019,마사2477,cp2_bnu_55,8
2019,마사2477,cp2_bnu_56,79
2019,마사2477,cp2_bnu_58,0
2019,마사2477,cp2_bnu_64,0
2019,마사2477,cp2_bnu_68,5
2019,마사2477,cp2_bnu_73,3
2019,마사2477,cp2_bnu_84,3
2019,마사2477,cp2_bnu_85,8
2019,마사2477,cp2_bnu_86,3
2019,마사2477,cp2_bnu_87,5
2019,마사2477,cp2_bnu_90,0
2019,마사2477,cp2_bnu_91,5
2019,마사2477,cp2_bnu_94,8
2019,마사2477,cp2_bnu_95,3
2019,마사2477,cp2_bnu_96,8
2019,마사2478,cp2_bnu_16,0
2019,마사2478,cp2_bnu_34,3
2019,마사2478,cp2_bnu_42,0
2019,마사2478,cp2_bnu_45,3
2019,마사2478,cp2_bnu_46,5
2019,마사2478,cp2_bnu_47,25
2019,마사2478,cp2_bnu_55,51
2019,마사2478,cp2_bnu_56,80
2019,마사2478,cp2_bnu_68,0
2019,마사2478,cp2_bnu_74,0
2019,마사2478,cp2_bnu_76,5
2019,마사2478,cp2_bnu_84,0
2019,마사2478,cp2_bnu_85,3
2019,마사2478,cp2_bnu_91,3
2019,마사2478,cp2_bnu_94,3
2019,마사2478,cp2_bnu_96,0
2019,마사2479,cp2_bnu_47,3
2019,마사2479,cp2_bnu_55,3
2019,마사2479,cp2_bnu_56,11
2019,마사2479,cp2_bnu_91,0
2019,마사2501,cp2_bnu_94,0
2019,마사2502,cp2_bnu_47,3
2019,마사2502,cp2_bnu_94,0
2019,마사2502,cp2_bnu_96,0
2019,마사2503,cp2_bnu_07,3
2019,마사2503,cp2_bnu_47,0
2019,마사2503,cp2_bnu_49,0
2019,마사2503,cp2_bnu_55,0
2019,마사2503,cp2_bnu_56,3
2019,마사2503,cp2_bnu_94,0
2019,마사2505,cp2_bnu_47,0
2019,마사2529,cp2_bnu_55,3
2019,마사2530,cp2_bnu_46,3
2019,마사2530,cp2_bnu_52,0
2019,마사2530,cp2_bnu_56,3
2019,마사2530,cp2_bnu_95,0
2019,마사2531,cp2_bnu_94,0
2019,마사2532,cp2_bnu_55,0
2019,마사2542,cp2_bnu_55,0
2019,마사2548,cp2_bnu_01,0
2019,마사2548,cp2_bnu_23,3
2019,마사2555,cp2_bnu_20,0
2019,마사2565,cp2_bnu_56,3
2019,마사2567,cp2_bnu_87,0
2019,마사2568,cp2_bnu_42,5
2019,마사2568,cp2_bnu_49,3
2019,마사2568,cp2_bnu_52,0
2019,마사2568,cp2_bnu_75,0
2019,마사2568,cp2_bnu_94,3
2019,마사2569,cp2_bnu_46,0
2019,마사2569,cp2_bnu_87,3
2019,마사2570,cp2_bnu_10,3
2019,마사2570,cp2_bnu_34,3
2019,마사2570,cp2_bnu_41,0
2019,마사2570,cp2_bnu_42,3
2019,마사2570,cp2_bnu_46,0
2019,마사2570,cp2_bnu_47,3
2019,마사2570,cp2_bnu_56,0
2019,마사2571,cp2_bnu_10,0
2019,마사2571,cp2_bnu_22,0
2019,마사2571,cp2_bnu_23,0
2019,마사2571,cp2_bnu_25,3
2019,마사2571,cp2_bnu_34,0
2019,마사2571,cp2_bnu_38,3
2019,마사2571,cp2_bnu_42,4
2019,마사2571,cp2_bnu_46,13
2019,마사2571,cp2_bnu_47,0
2019,마사2571,cp2_bnu_61,0
2019,마사2571,cp2_bnu_74,0
2019,마사2571,cp2_bnu_91,0
2019,마사2571,cp2_bnu_94,3
2019,마사2571,cp2_bnu_95,0
2019,마사2572,cp2_bnu_10,3
2019,마사2572,cp2_bnu_25,3
2019,마사2572,cp2_bnu_29,3
2019,마사2572,cp2_bnu_34,3
2019,마사2572,cp2_bnu_42,3
2019,마사2572,cp2_bnu_45,3
2019,마사2572,cp2_bnu_46,8
2019,마사2572,cp2_bnu_47,3
2019,마사2572,cp2_bnu_56,3
2019,마사2572,cp2_bnu_74,0
2019,마사2572,cp2_bnu_87,3
2019,마사2572,cp2_bnu_91,0
2019,마사2572,cp2_bnu_95,3
2019,마사2573,cp2_bnu_20,0
2019,마사2573,cp2_bnu_30,0
2019,마사2573,cp2_bnu_41,0
2019,마사2573,cp2_bnu_42,3
2019,마사2573,cp2_bnu_47,8
2019,마사2573,cp2_bnu_56,26
2019,마사2573,cp2_bnu_68,5
2019,마사2573,cp2_bnu_73,0
2019,마사2573,cp2_bnu_85,41
2019,마사2573,cp2_bnu_86,0
2019,마사2573,cp2_bnu_87,5
2019,마사2573,cp2_bnu_90,0
2019,마사2573,cp2_bnu_91,5
2019,마사2573,cp2_bnu_94,3
2019,마사2573,cp2_bnu_95,3
2019,마사2573,cp2_bnu_96,16
2019,마사2574,cp2_bnu_10,0
2019,마사2574,cp2_bnu_16,3
2019,마사2574,cp2_bnu_22,3
2019,마사2574,cp2_bnu_25,0
2019,마사2574,cp2_bnu_32,3
2019,마사2574,cp2_bnu_33,0
2019,마사2574,cp2_bnu_34,3
2019,마사2574,cp2_bnu_35,0
2019,마사2574,cp2_bnu_38,3
2019,마사2574,cp2_bnu_41,0
2019,마사2574,cp2_bnu_42,11
2019,마사2574,cp2_bnu_45,14
2019,마사2574,cp2_bnu_46,8
2019,마사2574,cp2_bnu_47,16
2019,마사2574,cp2_bnu_49,3
2019,마사2574,cp2_bnu_56,41
2019,마사2574,cp2_bnu_64,3
2019,마사2574,cp2_bnu_68,5
2019,마사2574,cp2_bnu_72,3
2019,마사2574,cp2_bnu_73,3
2019,마사2574,cp2_bnu_74,3
2019,마사2574,cp2_bnu_76,5
2019,마사2574,cp2_bnu_85,27
2019,마사2574,cp2_bnu_86,3
2019,마사2574,cp2_bnu_87,5
2019,마사2574,cp2_bnu_90,3
2019,마사2574,cp2_bnu_91,7
2019,마사2574,cp2_bnu_94,3
2019,마사2574,cp2_bnu_95,16
2019,마사2574,cp2_bnu_96,16
2019,마사2575,cp2_bnu_10,3
2019,마사2575,cp2_bnu_13,3
2019,마사2575,cp2_bnu_14,0
2019,마사2575,cp2_bnu_16,5
2019,마사2575,cp2_bnu_23,0
2019,마사2575,cp2_bnu_24,0
2019,마사2575,cp2_bnu_25,13
2019,마사2575,cp2_bnu_27,0
2019,마사2575,cp2_bnu_28,0
2019,마사2575,cp2_bnu_29,8
2019,마사2575,cp2_bnu_30,0
2019,마사2575,cp2_bnu_32,0
2019,마사2575,cp2_bnu_33,0
2019,마사2575,cp2_bnu_34,5
2019,마사2575,cp2_bnu_38,3
2019,마사2575,cp2_bnu_41,5
2019,마사2575,cp2_bnu_42,11
2019,마사2575,cp2_bnu_45,8
2019,마사2575,cp2_bnu_46,35
2019,마사2575,cp2_bnu_47,52
2019,마사2575,cp2_bnu_49,5
2019,마사2575,cp2_bnu_52,3
2019,마사2575,cp2_bnu_56,19
2019,마사2575,cp2_bnu_64,3
2019,마사2575,cp2_bnu_68,8
2019,마사2575,cp2_bnu_70,0
2019,마사2575,cp2_bnu_75,3
2019,마사2575,cp2_bnu_76,3
2019,마사2575,cp2_bnu_84,3
2019,마사2575,cp2_bnu_85,5
2019,마사2575,cp2_bnu_87,0
2019,마사2575,cp2_bnu_91,3
2019,마사2575,cp2_bnu_94,3
2019,마사2575,cp2_bnu_95,23
2019,마사2575,cp2_bnu_96,8
2019,마사2576,cp2_bnu_33,0
2019,마사2576,cp2_bnu_42,0
2019,마사2576,cp2_bnu_46,3
2019,마사2576,cp2_bnu_56,3
2019,마사2576,cp2_bnu_61,0
2019,마사2576,cp2_bnu_65,0
2019,마사2576,cp2_bnu_85,0
2019,마사2576,cp2_bnu_94,3
2019,마사2576,cp2_bnu_96,0
2019,마사2577,cp2_bnu_46,0
2019,마사2577,cp2_bnu_47,5
2019,마사2577,cp2_bnu_55,8
2019,마사2577,cp2_bnu_56,16
2019,마사2577,cp2_bnu_75,0
2019,마사2577,cp2_bnu_91,0
2019,마사2577,cp2_bnu_96,5
2019,마사2600,cp2_bnu_94,0
2019,마사2602,cp2_bnu_94,0
2019,마사2602,cp2_bnu_96,0
2019,마사2603,cp2_bnu_41,0
2019,마사2603,cp2_bnu_42,0
2019,마사2603,cp2_bnu_55,3
2019,마사2603,cp2_bnu_56,3
2019,마사2603,cp2_bnu_94,0
2019,마사2603,cp2_bnu_96,3
2019,마사2604,cp2_bnu_56,3
2019,마사2607,cp2_bnu_91,0
2019,마사2629,cp2_bnu_34,0
2019,마사2629,cp2_bnu_42,3
2019,마사2629,cp2_bnu_46,0
2019,마사2629,cp2_bnu_47,0
2019,마사2629,cp2_bnu_76,0
2019,마사2632,cp2_bnu_55,0
2019,마사2633,cp2_bnu_55,3
2019,마사2633,cp2_bnu_94,0
2019,마사2645,cp2_bnu_10,0
2019,마사2646,cp2_bnu_02,0
2019,마사2646,cp2_bnu_20,0
2019,마사2646,cp2_bnu_47,0
2019,마사2648,cp2_bnu_47,0
2019,마사2652,cp2_bnu_55,3
2019,마사2653,cp2_bnu_55,0
2019,마사2666,cp2_bnu_55,0
2019,마사2666,cp2_bnu_76,3
2019,마사2667,cp2_bnu_41,3
2019,마사2667,cp2_bnu_42,0
2019,마사2667,cp2_bnu_47,3
2019,마사2667,cp2_bnu_94,0
2019,마사2668,cp2_bnu_46,3
2019,마사2669,cp2_bnu_10,3
2019,마사2670,cp2_bnu_24,0
2019,마사2670,cp2_bnu_47,0
2019,마사2670,cp2_bnu_85,3
2019,마사2671,cp2_bnu_10,0
2019,마사2671,cp2_bnu_34,0
2019,마사2671,cp2_bnu_46,5
2019,마사2671,cp2_bnu_47,3
2019,마사2671,cp2_bnu_56,3
2019,마사2671,cp2_bnu_76,0
2019,마사2671,cp2_bnu_91,0
2019,마사2671,cp2_bnu_94,3
2019,마사2672,cp2_bnu_10,0
2019,마사2672,cp2_bnu_25,3
2019,마사2672,cp2_bnu_29,3
2019,마사2672,cp2_bnu_42,0
2019,마사2672,cp2_bnu_46,5
2019,마사2672,cp2_bnu_47,3
2019,마사2673,cp2_bnu_47,0
2019,마사2673,cp2_bnu_56,3
2019,마사2674,cp2_bnu_10,5
2019,마사2674,cp2_bnu_16,5
2019,마사2674,cp2_bnu_22,3
2019,마사2674,cp2_bnu_25,0
2019,마사2674,cp2_bnu_38,0
2019,마사2674,cp2_bnu_41,0
2019,마사2674,cp2_bnu_42,11
2019,마사2674,cp2_bnu_45,3
2019,마사2674,cp2_bnu_46,17
2019,마사2674,cp2_bnu_47,5
2019,마사2674,cp2_bnu_49,3
2019,마사2674,cp2_bnu_55,0
2019,마사2674,cp2_bnu_56,26
2019,마사2674,cp2_bnu_76,3
2019,마사2674,cp2_bnu_87,5
2019,마사2674,cp2_bnu_91,3
2019,마사2674,cp2_bnu_94,0
2019,마사2674,cp2_bnu_95,3
2019,마사2674,cp2_bnu_96,0
2019,마사2675,cp2_bnu_10,3
2019,마사2675,cp2_bnu_14,3
2019,마사2675,cp2_bnu_16,0
2019,마사2675,cp2_bnu_23,0
2019,마사2675,cp2_bnu_25,5
2019,마사2675,cp2_bnu_28,0
2019,마사2675,cp2_bnu_30,3
2019,마사2675,cp2_bnu_33,5
2019,마사2675,cp2_bnu_34,5
2019,마사2675,cp2_bnu_37,4
2019,마사2675,cp2_bnu_38,5
2019,마사2675,cp2_bnu_41,7
2019,마사2675,cp2_bnu_42,8
2019,마사2675,cp2_bnu_46,21
2019,마사2675,cp2_bnu_47,8
2019,마사2675,cp2_bnu_55,5
2019,마사2675,cp2_bnu_56,19
2019,마사2675,cp2_bnu_62,0
2019,마사2675,cp2_bnu_66,3
2019,마사2675,cp2_bnu_68,5
2019,마사2675,cp2_bnu_71,0
2019,마사2675,cp2_bnu_73,3
2019,마사2675,cp2_bnu_76,3
2019,마사2675,cp2_bnu_85,5
2019,마사2675,cp2_bnu_87,5
2019,마사2675,cp2_bnu_91,3
2019,마사2675,cp2_bnu_94,3
2019,마사2675,cp2_bnu_95,8
2019,마사2675,cp2_bnu_96,3
2019,마사2676,cp2_bnu_22,3
2019,마사2676,cp2_bnu_25,0
2019,마사2676,cp2_bnu_41,5
2019,마사2676,cp2_bnu_42,5
2019,마사2676,cp2_bnu_45,0
2019,마사2676,cp2_bnu_46,11
2019,마사2676,cp2_bnu_47,18
2019,마사2676,cp2_bnu_55,0
2019,마사2676,cp2_bnu_56,15
2019,마사2676,cp2_bnu_64,0
2019,마사2676,cp2_bnu_68,8
2019,마사2676,cp2_bnu_75,0
2019,마사2676,cp2_bnu_85,9
2019,마사2676,cp2_bnu_87,5
2019,마사2676,cp2_bnu_94,3
2019,마사2676,cp2_bnu_96,8
2019,마사2702,cp2_bnu_96,0
2019,마사2704,cp2_bnu_47,0
2019,마사2704,cp2_bnu_55,3
2019,마사2704,cp2_bnu_96,0
2019,마사2713,cp2_bnu_46,3
2019,마사2715,cp2_bnu_47,0
2019,마사2717,cp2_bnu_35,0
2019,마사2717,cp2_bnu_72,3
2019,마사2719,cp2_bnu_07,3
2019,마사2719,cp2_bnu_23,0
2019,마사2719,cp2_bnu_76,0
2019,마사2728,cp2_bnu_10,0
2019,마사2728,cp2_bnu_42,3
2019,마사2728,cp2_bnu_46,3
2019,마사2728,cp2_bnu_47,5
2019,마사2728,cp2_bnu_52,3
2019,마사2728,cp2_bnu_55,3
2019,마사2728,cp2_bnu_56,9
2019,마사2728,cp2_bnu_61,3
2019,마사2728,cp2_bnu_64,0
2019,마사2728,cp2_bnu_75,3
2019,마사2728,cp2_bnu_84,3
2019,마사2728,cp2_bnu_85,0
2019,마사2728,cp2_bnu_86,0
2019,마사2728,cp2_bnu_91,3
2019,마사2728,cp2_bnu_96,5
2019,마사2729,cp2_bnu_47,0
2019,마사2729,cp2_bnu_85,3
2019,마사2734,cp2_bnu_94,3
2019,마사2745,cp2_bnu_55,5
2019,마사2748,cp2_bnu_25,0
2019,마사2748,cp2_bnu_55,0
2019,마사2748,cp2_bnu_91,0
2019,마사2748,cp2_bnu_94,3
2019,마사2749,cp2_bnu_56,20
2019,마사2749,cp2_bnu_96,0
2019,마사2753,cp2_bnu_55,3
2019,마사2753,cp2_bnu_86,3
2019,마사2753,cp2_bnu_94,0
2019,마사2768,cp2_bnu_46,0
2019,마사2768,cp2_bnu_52,3
2019,마사2769,cp2_bnu_42,0
2019,마사2770,cp2_bnu_19,0
2019,마사2770,cp2_bnu_42,3
2019,마사2770,cp2_bnu_46,3
2019,마사2770,cp2_bnu_47,0
2019,마사2771,cp2_bnu_10,0
2019,마사2771,cp2_bnu_22,0
2019,마사2771,cp2_bnu_23,3
2019,마사2771,cp2_bnu_25,3
2019,마사2771,cp2_bnu_27,0
2019,마사2771,cp2_bnu_32,3
2019,마사2771,cp2_bnu_41,3
2019,마사2771,cp2_bnu_42,8
2019,마사2771,cp2_bnu_45,0
2019,마사2771,cp2_bnu_46,8
2019,마사2771,cp2_bnu_56,5
2019,마사2772,cp2_bnu_38,0
2019,마사2772,cp2_bnu_42,3
2019,마사2772,cp2_bnu_46,0
2019,마사2772,cp2_bnu_56,0
2019,마사2773,cp2_bnu_46,3
2019,마사2773,cp2_bnu_56,0
2019,마사2773,cp2_bnu_96,0
2019,마사2774,cp2_bnu_02,0
2019,마사2774,cp2_bnu_07,0
2019,마사2774,cp2_bnu_10,0
2019,마사2774,cp2_bnu_25,0
2019,마사2774,cp2_bnu_38,3
2019,마사2774,cp2_bnu_42,3
2019,마사2774,cp2_bnu_46,5
2019,마사2774,cp2_bnu_49,3
2019,마사2774,cp2_bnu_55,0
2019,마사2774,cp2_bnu_56,12
2019,마사2774,cp2_bnu_58,0
2019,마사2774,cp2_bnu_70,3
2019,마사2774,cp2_bnu_73,3
2019,마사2774,cp2_bnu_84,0
2019,마사2774,cp2_bnu_91,3
2019,마사2774,cp2_bnu_94,0
2019,마사2774,cp2_bnu_95,0
2019,마사2774,cp2_bnu_96,0
2019,마사2775,cp2_bnu_34,3
2019,마사2775,cp2_bnu_41,0
2019,마사2775,cp2_bnu_46,8
2019,마사2775,cp2_bnu_47,23
2019,마사2775,cp2_bnu_49,3
2019,마사2775,cp2_bnu_50,3
2019,마사2775,cp2_bnu_55,12
2019,마사2775,cp2_bnu_56,69
2019,마사2775,cp2_bnu_63,3
2019,마사2775,cp2_bnu_74,0
2019,마사2775,cp2_bnu_76,5
2019,마사2775,cp2_bnu_85,0
2019,마사2775,cp2_bnu_91,0
2019,마사2775,cp2_bnu_94,3
2019,마사2775,cp2_bnu_95,3
2019,마사2802,cp2_bnu_94,3
2019,마사2802,cp2_bnu_96,0
2019,마사2803,cp2_bnu_10,0
2019,마사2803,cp2_bnu_47,5
2019,마사2803,cp2_bnu_55,3
2019,마사2803,cp2_bnu_56,20
2019,마사2803,cp2_bnu_85,3
2019,마사2803,cp2_bnu_90,5
2019,마사2803,cp2_bnu_94,0
2019,마사2804,cp2_bnu_07,0
2019,마사2804,cp2_bnu_10,0
2019,마사2804,cp2_bnu_16,0
2019,마사2804,cp2_bnu_42,3
2019,마사2804,cp2_bnu_46,0
2019,마사2804,cp2_bnu_55,3
2019,마사2804,cp2_bnu_56,5
2019,마사2804,cp2_bnu_96,0
2019,마사2805,cp2_bnu_34,0
2019,마사2805,cp2_bnu_42,0
2019,마사2805,cp2_bnu_47,0
2019,마사2805,cp2_bnu_56,0
2019,마사2805,cp2_bnu_96,3
2019,마사2808,cp2_bnu_47,3
2019,마사2808,cp2_bnu_55,0
2019,마사2808,cp2_bnu_56,3
2019,마사2808,cp2_bnu_85,3
2019,마사2808,cp2_bnu_91,3
2019,마사2812,cp2_bnu_22,3
2019,마사2812,cp2_bnu_38,5
2019,마사2812,cp2_bnu_45,3
2019,마사2812,cp2_bnu_47,0
2019,마사2812,cp2_bnu_49,3
2019,마사2812,cp2_bnu_55,3
2019,마사2812,cp2_bnu_56,5
2019,마사2812,cp2_bnu_96,0
2019,마사2813,cp2_bnu_47,0
2019,마사2813,cp2_bnu_56,0
2019,마사2813,cp2_bnu_90,0
2019,마사2819,cp2_bnu_41,3
2019,마사2819,cp2_bnu_56,0
2019,마사2828,cp2_bnu_87,3
2019,마사2828,cp2_bnu_94,3
2019,마사2853,cp2_bnu_10,0
2019,마사2868,cp2_bnu_23,3
2019,마사2868,cp2_bnu_32,0
2019,마사2868,cp2_bnu_46,3
2019,마사2869,cp2_bnu_01,0
2019,마사2869,cp2_bnu_10,3
2019,마사2869,cp2_bnu_17,3
2019,마사2869,cp2_bnu_22,3
2019,마사2869,cp2_bnu_23,0
2019,마사2869,cp2_bnu_32,3
2019,마사2869,cp2_bnu_46,0
2019,마사2869,cp2_bnu_56,3
2019,마사2869,cp2_bnu_74,0
2019,마사2869,cp2_bnu_91,3
2019,마사2870,cp2_bnu_25,3
2019,마사2870,cp2_bnu_26,0
2019,마사2870,cp2_bnu_29,3
2019,마사2870,cp2_bnu_41,4
2019,마사2870,cp2_bnu_42,0
2019,마사2870,cp2_bnu_46,8
2019,마사2870,cp2_bnu_47,11
2019,마사2870,cp2_bnu_52,0
2019,마사2870,cp2_bnu_56,8
2019,마사2870,cp2_bnu_64,0
2019,마사2870,cp2_bnu_68,3
2019,마사2870,cp2_bnu_84,0
2019,마사2870,cp2_bnu_85,3
2019,마사2870,cp2_bnu_86,3
2019,마사2870,cp2_bnu_87,3
2019,마사2870,cp2_bnu_94,3
2019,마사2870,cp2_bnu_95,0
2019,마사2870,cp2_bnu_96,0
2019,마사2871,cp2_bnu_56,3
2019,마사2871,cp2_bnu_70,0
2019,마사2872,cp2_bnu_22,3
2019,마사2872,cp2_bnu_94,3
2019,마사2873,cp2_bnu_56,3
2019,마사2874,cp2_bnu_46,0
2019,마사2874,cp2_bnu_47,5
2019,마사2874,cp2_bnu_55,0
2019,마사2874,cp2_bnu_56,5
2019,마사2874,cp2_bnu_87,0
2019,마사2875,cp2_bnu_84,0
2019,마사2903,cp2_bnu_47,5
2019,마사2903,cp2_bnu_55,0
2019,마사2903,cp2_bnu_56,3
2019,마사2904,cp2_bnu_41,0
2019,마사2904,cp2_bnu_42,0
2019,마사2904,cp2_bnu_46,3
2019,마사2904,cp2_bnu_47,9
2019,마사2904,cp2_bnu_55,3
2019,마사2904,cp2_bnu_56,11
2019,마사2904,cp2_bnu_84,3
2019,마사2904,cp2_bnu_90,0
2019,마사2904,cp2_bnu_91,0
2019,마사2904,cp2_bnu_94,0
2019,마사2904,cp2_bnu_96,3
2019,마사2908,cp2_bnu_76,0
2019,마사2910,cp2_bnu_10,0
2019,마사2910,cp2_bnu_16,0
2019,마사2910,cp2_bnu_34,0
2019,마사2910,cp2_bnu_35,3
2019,마사2910,cp2_bnu_38,3
2019,마사2910,cp2_bnu_42,0
2019,마사2910,cp2_bnu_47,0
2019,마사2910,cp2_bnu_56,3
2019,마사2910,cp2_bnu_72,0
2019,마사2910,cp2_bnu_85,0
2019,마사2910,cp2_bnu_94,0
2019,마사2910,cp2_bnu_95,5
2019,마사2911,cp2_bnu_01,3
2019,마사2911,cp2_bnu_56,0
2019,마사2911,cp2_bnu_73,3
2019,마사2911,cp2_bnu_91,0
2019,마사2911,cp2_bnu_94,0
2019,마사2912,cp2_bnu_01,3
2019,마사2912,cp2_bnu_10,3
2019,마사2912,cp2_bnu_16,0
2019,마사2912,cp2_bnu_46,5
2019,마사2912,cp2_bnu_47,11
2019,마사2912,cp2_bnu_55,3
2019,마사2912,cp2_bnu_56,5
2019,마사2912,cp2_bnu_75,3
2019,마사2912,cp2_bnu_76,0
2019,마사2912,cp2_bnu_87,3
2019,마사2912,cp2_bnu_94,3
2019,마사2912,cp2_bnu_96,3
2019,마사2918,cp2_bnu_35,5
2019,마사2918,cp2_bnu_46,0
2019,마사2919,cp2_bnu_07,3
2019,마사2919,cp2_bnu_41,0
2019,마사2919,cp2_bnu_47,0
2019,마사2919,cp2_bnu_55,0
2019,마사2925,cp2_bnu_47,3
2019,마사2928,cp2_bnu_47,0
2019,마사2950,cp2_bnu_07,0
2019,마사2950,cp2_bnu_49,3
2019,마사2963,cp2_bnu_25,0
2019,마사2965,cp2_bnu_46,0
2019,마사2965,cp2_bnu_85,3
2019,마사2966,cp2_bnu_32,0
2019,마사2966,cp2_bnu_86,3
2019,마사2969,cp2_bnu_16,0
2019,마사2969,cp2_bnu_22,0
2019,마사2969,cp2_bnu_23,3
2019,마사2969,cp2_bnu_45,0
2019,마사2969,cp2_bnu_46,3
2019,마사2970,cp2_bnu_22,0
2019,마사2970,cp2_bnu_25,0
2019,마사2970,cp2_bnu_46,3
2019,마사2970,cp2_bnu_56,3
2019,마사2970,cp2_bnu_94,0
2019,마사2970,cp2_bnu_96,0
2019,마사2971,cp2_bnu_41,0
2019,마사2971,cp2_bnu_47,3
2019,마사2971,cp2_bnu_56,3
2019,마사2971,cp2_bnu_94,5
2019,마사2972,cp2_bnu_55,3
2019,마사3002,cp2_bnu_46,0
2019,마사3004,cp2_bnu_25,3
2019,마사3004,cp2_bnu_41,3
2019,마사3004,cp2_bnu_42,5
2019,마사3004,cp2_bnu_46,5
2019,마사3004,cp2_bnu_47,3
2019,마사3004,cp2_bnu_55,0
2019,마사3004,cp2_bnu_56,5
2019,마사3004,cp2_bnu_91,0
2019,마사3004,cp2_bnu_94,3
2019,마사3004,cp2_bnu_96,0
2019,마사3006,cp2_bnu_96,3
2019,마사3007,cp2_bnu_32,3
2019,마사3007,cp2_bnu_33,0
2019,마사3007,cp2_bnu_46,5
2019,마사3007,cp2_bnu_49,0
2019,마사3007,cp2_bnu_55,0
2019,마사3007,cp2_bnu_56,5
2019,마사3007,cp2_bnu_71,0
2019,마사3007,cp2_bnu_85,3
2019,마사3007,cp2_bnu_94,3
2019,마사3007,cp2_bnu_96,0
2019,마사3008,cp2_bnu_46,3
2019,마사3008,cp2_bnu_47,0
2019,마사3009,cp2_bnu_23,3
2019,마사3009,cp2_bnu_33,0
2019,마사3009,cp2_bnu_34,0
2019,마사3009,cp2_bnu_42,0
2019,마사3009,cp2_bnu_45,3
2019,마사3009,cp2_bnu_46,5
2019,마사3009,cp2_bnu_47,0
2019,마사3009,cp2_bnu_55,0
2019,마사3009,cp2_bnu_56,3
2019,마사3009,cp2_bnu_58,0
2019,마사3009,cp2_bnu_63,3
2019,마사3009,cp2_bnu_76,0
2019,마사3009,cp2_bnu_91,0
2019,마사3009,cp2_bnu_94,3
2019,마사3009,cp2_bnu_95,5
2019,마사3009,cp2_bnu_96,3
2019,마사3010,cp2_bnu_23,0
2019,마사3010,cp2_bnu_41,3
2019,마사3010,cp2_bnu_42,5
2019,마사3010,cp2_bnu_45,3
2019,마사3010,cp2_bnu_46,11
2019,마사3010,cp2_bnu_47,8
2019,마사3010,cp2_bnu_49,13
2019,마사3010,cp2_bnu_56,3
2019,마사3010,cp2_bnu_68,3
2019,마사3010,cp2_bnu_76,3
2019,마사3010,cp2_bnu_84,3
2019,마사3010,cp2_bnu_87,3
2019,마사3010,cp2_bnu_94,0
2019,마사3010,cp2_bnu_95,5
2019,마사3017,cp2_bnu_94,0
2019,마사3018,cp2_bnu_46,0
2019,마사3019,cp2_bnu_47,0
2019,마사3026,cp2_bnu_94,0
2019,마사3053,cp2_bnu_07,3
2019,마사3066,cp2_bnu_47,0
2019,마사3066,cp2_bnu_87,0
2019,마사3066,cp2_bnu_94,0
2019,마사3067,cp2_bnu_23,3
2019,마사3067,cp2_bnu_42,0
2019,마사3069,cp2_bnu_17,3
2019,마사3069,cp2_bnu_23,5
2019,마사3069,cp2_bnu_25,0
2019,마사3069,cp2_bnu_46,3
2019,마사3069,cp2_bnu_47,3
2019,마사3070,cp2_bnu_47,5
2019,마사3070,cp2_bnu_52,0
2019,마사3070,cp2_bnu_55,3
2019,마사3070,cp2_bnu_56,12
2019,마사3070,cp2_bnu_68,3
2019,마사3070,cp2_bnu_76,3
2019,마사3070,cp2_bnu_84,0
2019,마사3070,cp2_bnu_87,3
2019,마사3070,cp2_bnu_94,5
2019,마사3071,cp2_bnu_46,0
2019,마사3071,cp2_bnu_47,0
2019,마사3071,cp2_bnu_49,0
2019,마사3071,cp2_bnu_55,3
2019,마사3071,cp2_bnu_56,3
2019,마사3071,cp2_bnu_94,3
2019,마사3072,cp2_bnu_10,0
2019,마사3072,cp2_bnu_35,0
2019,마사3072,cp2_bnu_41,3
2019,마사3072,cp2_bnu_46,3
2019,마사3072,cp2_bnu_56,5
2019,마사3072,cp2_bnu_72,0
2019,마사3104,cp2_bnu_56,0
2019,마사3104,cp2_bnu_94,3
2019,마사3104,cp2_bnu_96,0
2019,마사3105,cp2_bnu_10,3
2019,마사3105,cp2_bnu_33,0
2019,마사3105,cp2_bnu_34,3
2019,마사3105,cp2_bnu_41,3
2019,마사3105,cp2_bnu_42,12
2019,마사3105,cp2_bnu_45,3
2019,마사3105,cp2_bnu_46,5
2019,마사3105,cp2_bnu_47,14
2019,마사3105,cp2_bnu_49,7
2019,마사3105,cp2_bnu_56,8
2019,마사3105,cp2_bnu_61,0
2019,마사3105,cp2_bnu_62,0
2019,마사3105,cp2_bnu_68,3
2019,마사3105,cp2_bnu_71,0
2019,마사3105,cp2_bnu_74,3
2019,마사3105,cp2_bnu_76,0
2019,마사3105,cp2_bnu_84,0
2019,마사3105,cp2_bnu_85,3
2019,마사3105,cp2_bnu_87,5
2019,마사3105,cp2_bnu_91,3
2019,마사3105,cp2_bnu_94,3
2019,마사3105,cp2_bnu_95,5
2019,마사3105,cp2_bnu_96,3
2019,마사3106,cp2_bnu_10,3
2019,마사3106,cp2_bnu_25,0
2019,마사3106,cp2_bnu_41,3
2019,마사3106,cp2_bnu_42,8
2019,마사3106,cp2_bnu_46,3
2019,마사3106,cp2_bnu_47,5
2019,마사3106,cp2_bnu_56,14
2019,마사3106,cp2_bnu_94,5
2019,마사3106,cp2_bnu_95,0
2019,마사3106,cp2_bnu_96,3
2019,마사3107,cp2_bnu_10,5
2019,마사3107,cp2_bnu_13,3
2019,마사3107,cp2_bnu_35,16
2019,마사3107,cp2_bnu_41,5
2019,마사3107,cp2_bnu_42,18
2019,마사3107,cp2_bnu_45,0
2019,마사3107,cp2_bnu_46,11
2019,마사3107,cp2_bnu_47,32
2019,마사3107,cp2_bnu_55,3
2019,마사3107,cp2_bnu_56,63
2019,마사3107,cp2_bnu_64,0
2019,마사3107,cp2_bnu_65,3
2019,마사3107,cp2_bnu_66,0
2019,마사3107,cp2_bnu_68,5
2019,마사3107,cp2_bnu_71,0
2019,마사3107,cp2_bnu_72,3
2019,마사3107,cp2_bnu_74,3
2019,마사3107,cp2_bnu_76,3
2019,마사3107,cp2_bnu_85,14
2019,마사3107,cp2_bnu_86,0
2019,마사3107,cp2_bnu_87,11
2019,마사3107,cp2_bnu_90,3
2019,마사3107,cp2_bnu_91,10
2019,마사3107,cp2_bnu_94,8
2019,마사3107,cp2_bnu_95,3
2019,마사3107,cp2_bnu_96,14
2019,마사3108,cp2_bnu_10,0
2019,마사3108,cp2_bnu_32,3
2019,마사3108,cp2_bnu_36,0
2019,마사3108,cp2_bnu_38,0
2019,마사3108,cp2_bnu_41,3
2019,마사3108,cp2_bnu_42,5
2019,마사3108,cp2_bnu_45,5
2019,마사3108,cp2_bnu_46,3
2019,마사3108,cp2_bnu_47,13
2019,마사3108,cp2_bnu_49,3
2019,마사3108,cp2_bnu_56,25
2019,마사3108,cp2_bnu_61,0
2019,마사3108,cp2_bnu_62,0
2019,마사3108,cp2_bnu_64,3
2019,마사3108,cp2_bnu_68,9
2019,마사3108,cp2_bnu_73,0
2019,마사3108,cp2_bnu_75,0
2019,마사3108,cp2_bnu_84,3
2019,마사3108,cp2_bnu_85,8
2019,마사3108,cp2_bnu_87,5
2019,마사3108,cp2_bnu_90,3
2019,마사3108,cp2_bnu_91,5
2019,마사3108,cp2_bnu_94,8
2019,마사3108,cp2_bnu_95,5
2019,마사3108,cp2_bnu_96,9
2019,마사3109,cp2_bnu_02,0
2019,마사3109,cp2_bnu_10,8
2019,마사3109,cp2_bnu_14,0
2019,마사3109,cp2_bnu_33,3
2019,마사3109,cp2_bnu_34,5
2019,마사3109,cp2_bnu_37,0
2019,마사3109,cp2_bnu_38,0
2019,마사3109,cp2_bnu_41,0
2019,마사3109,cp2_bnu_42,27
2019,마사3109,cp2_bnu_45,0
2019,마사3109,cp2_bnu_46,8
2019,마사3109,cp2_bnu_47,63
2019,마사3109,cp2_bnu_49,11
2019,마사3109,cp2_bnu_52,3
2019,마사3109,cp2_bnu_55,10
2019,마사3109,cp2_bnu_56,83
2019,마사3109,cp2_bnu_59,0
2019,마사3109,cp2_bnu_64,3
2019,마사3109,cp2_bnu_68,3
2019,마사3109,cp2_bnu_71,0
2019,마사3109,cp2_bnu_74,3
2019,마사3109,cp2_bnu_75,5
2019,마사3109,cp2_bnu_76,3
2019,마사3109,cp2_bnu_84,0
2019,마사3109,cp2_bnu_85,5
2019,마사3109,cp2_bnu_86,0
2019,마사3109,cp2_bnu_87,5
2019,마사3109,cp2_bnu_90,0
2019,마사3109,cp2_bnu_91,5
2019,마사3109,cp2_bnu_94,20
2019,마사3109,cp2_bnu_95,11
2019,마사3109,cp2_bnu_96,28
2019,마사3110,cp2_bnu_10,0
2019,마사3110,cp2_bnu_20,3
2019,마사3110,cp2_bnu_32,0
2019,마사3110,cp2_bnu_34,3
2019,마사3110,cp2_bnu_35,0
2019,마사3110,cp2_bnu_38,0
2019,마사3110,cp2_bnu_41,0
2019,마사3110,cp2_bnu_42,15
2019,마사3110,cp2_bnu_45,0
2019,마사3110,cp2_bnu_46,17
2019,마사3110,cp2_bnu_47,21
2019,마사3110,cp2_bnu_49,0
2019,마사3110,cp2_bnu_56,8
2019,마사3110,cp2_bnu_68,5
2019,마사3110,cp2_bnu_84,5
2019,마사3110,cp2_bnu_85,5
2019,마사3110,cp2_bnu_90,0
2019,마사3110,cp2_bnu_91,0
2019,마사3110,cp2_bnu_94,8
2019,마사3110,cp2_bnu_95,3
2019,마사3110,cp2_bnu_96,7
2019,마사3111,cp2_bnu_19,3
2019,마사3111,cp2_bnu_46,3
2019,마사3111,cp2_bnu_96,0
2019,마사3112,cp2_bnu_01,0
2019,마사3112,cp2_bnu_41,3
2019,마사3112,cp2_bnu_42,3
2019,마사3112,cp2_bnu_46,3
2019,마사3112,cp2_bnu_52,3
2019,마사3112,cp2_bnu_56,0
2019,마사3112,cp2_bnu_94,3
2019,마사3113,cp2_bnu_36,0
2019,마사3113,cp2_bnu_41,5
2019,마사3113,cp2_bnu_42,3
2019,마사3113,cp2_bnu_46,3
2019,마사3113,cp2_bnu_56,0
2019,마사3113,cp2_bnu_90,3
2019,마사3113,cp2_bnu_94,3
2019,마사3114,cp2_bnu_47,0
2019,마사3116,cp2_bnu_55,0
2019,마사3116,cp2_bnu_56,0
2019,마사3117,cp2_bnu_52,3
2019,마사3118,cp2_bnu_84,0
2019,마사3118,cp2_bnu_85,0
2019,마사3118,cp2_bnu_87,3
2019,마사3118,cp2_bnu_90,0
2019,마사3118,cp2_bnu_94,3
2019,마사3158,cp2_bnu_91,3
2019,마사3167,cp2_bnu_01,3
2019,마사3167,cp2_bnu_19,0
2019,마사3167,cp2_bnu_23,0
2019,마사3167,cp2_bnu_33,0
2019,마사3167,cp2_bnu_34,0
2019,마사3167,cp2_bnu_38,3
2019,마사3167,cp2_bnu_41,3
2019,마사3167,cp2_bnu_46,5
2019,마사3168,cp2_bnu_10,3
2019,마사3168,cp2_bnu_23,3
2019,마사3168,cp2_bnu_38,0
2019,마사3168,cp2_bnu_49,3
2019,마사3169,cp2_bnu_41,0
2019,마사3169,cp2_bnu_72,3
2019,마사3169,cp2_bnu_95,0
2019,마사3171,cp2_bnu_42,3
2019,마사3171,cp2_bnu_47,5
2019,마사3171,cp2_bnu_55,12
2019,마사3171,cp2_bnu_56,23
2019,마사3171,cp2_bnu_76,0
2019,마사3171,cp2_bnu_84,3
2019,마사3171,cp2_bnu_85,3
2019,마사3171,cp2_bnu_94,0
2019,마사3200,cp2_bnu_10,0
2019,마사3200,cp2_bnu_34,3
2019,마사3200,cp2_bnu_46,3
2019,마사3200,cp2_bnu_55,3
2019,마사3200,cp2_bnu_85,3
2019,마사3200,cp2_bnu_87,0
2019,마사3200,cp2_bnu_90,0
2019,마사3200,cp2_bnu_91,0
2019,마사3200,cp2_bnu_94,0
2019,마사3201,cp2_bnu_16,3
2019,마사3201,cp2_bnu_70,0
2019,마사3202,cp2_bnu_10,3
2019,마사3202,cp2_bnu_20,0
2019,마사3202,cp2_bnu_25,3
2019,마사3202,cp2_bnu_28,0
2019,마사3202,cp2_bnu_29,0
2019,마사3205,cp2_bnu_10,0
2019,마사3205,cp2_bnu_46,0
2019,마사3205,cp2_bnu_68,3
2019,마사3205,cp2_bnu_94,0
2019,마사3206,cp2_bnu_10,3
2019,마사3206,cp2_bnu_33,5
2019,마사3206,cp2_bnu_35,3
2019,마사3206,cp2_bnu_41,3
2019,마사3206,cp2_bnu_42,17
2019,마사3206,cp2_bnu_45,8
2019,마사3206,cp2_bnu_46,24
2019,마사3206,cp2_bnu_47,25
2019,마사3206,cp2_bnu_49,5
2019,마사3206,cp2_bnu_52,3
2019,마사3206,cp2_bnu_55,3
2019,마사3206,cp2_bnu_56,24
2019,마사3206,cp2_bnu_63,0
2019,마사3206,cp2_bnu_66,3
2019,마사3206,cp2_bnu_68,3
2019,마사3206,cp2_bnu_71,0
2019,마사3206,cp2_bnu_72,0
2019,마사3206,cp2_bnu_73,0
2019,마사3206,cp2_bnu_74,3
2019,마사3206,cp2_bnu_75,3
2019,마사3206,cp2_bnu_76,0
2019,마사3206,cp2_bnu_84,3
2019,마사3206,cp2_bnu_85,14
2019,마사3206,cp2_bnu_87,5
2019,마사3206,cp2_bnu_90,3
2019,마사3206,cp2_bnu_91,3
2019,마사3206,cp2_bnu_94,21
2019,마사3206,cp2_bnu_95,17
2019,마사3206,cp2_bnu_96,8
2019,마사3207,cp2_bnu_01,0
2019,마사3207,cp2_bnu_10,0
2019,마사3207,cp2_bnu_25,0
2019,마사3207,cp2_bnu_33,5
2019,마사3207,cp2_bnu_35,3
2019,마사3207,cp2_bnu_37,0
2019,마사3207,cp2_bnu_39,0
2019,마사3207,cp2_bnu_42,17
2019,마사3207,cp2_bnu_45,8
2019,마사3207,cp2_bnu_46,11
2019,마사3207,cp2_bnu_47,47
2019,마사3207,cp2_bnu_49,3
2019,마사3207,cp2_bnu_52,3
2019,마사3207,cp2_bnu_55,3
2019,마사3207,cp2_bnu_56,76
2019,마사3207,cp2_bnu_63,4
2019,마사3207,cp2_bnu_64,0
2019,마사3207,cp2_bnu_65,3
2019,마사3207,cp2_bnu_68,5
2019,마사3207,cp2_bnu_70,3
2019,마사3207,cp2_bnu_71,3
2019,마사3207,cp2_bnu_72,0
2019,마사3207,cp2_bnu_73,3
2019,마사3207,cp2_bnu_74,3
2019,마사3207,cp2_bnu_75,5
2019,마사3207,cp2_bnu_76,3
2019,마사3207,cp2_bnu_84,3
2019,마사3207,cp2_bnu_85,8
2019,마사3207,cp2_bnu_86,3
2019,마사3207,cp2_bnu_87,5
2019,마사3207,cp2_bnu_90,5
2019,마사3207,cp2_bnu_91,23
2019,마사3207,cp2_bnu_94,25
2019,마사3207,cp2_bnu_95,8
2019,마사3207,cp2_bnu_96,24
2019,마사3208,cp2_bnu_02,0
2019,마사3208,cp2_bnu_06,0
2019,마사3208,cp2_bnu_10,3
2019,마사3208,cp2_bnu_13,3
2019,마사3208,cp2_bnu_18,3
2019,마사3208,cp2_bnu_20,3
2019,마사3208,cp2_bnu_25,3
2019,마사3208,cp2_bnu_27,0
2019,마사3208,cp2_bnu_28,0
2019,마사3208,cp2_bnu_32,3
2019,마사3208,cp2_bnu_33,5
2019,마사3208,cp2_bnu_34,3
2019,마사3208,cp2_bnu_35,3
2019,마사3208,cp2_bnu_41,11
2019,마사3208,cp2_bnu_42,32
2019,마사3208,cp2_bnu_45,10
2019,마사3208,cp2_bnu_46,17
2019,마사3208,cp2_bnu_47,76
2019,마사3208,cp2_bnu_49,0
2019,마사3208,cp2_bnu_52,3
2019,마사3208,cp2_bnu_55,5
2019,마사3208,cp2_bnu_56,52
2019,마사3208,cp2_bnu_58,0
2019,마사3208,cp2_bnu_59,0
2019,마사3208,cp2_bnu_60,0
2019,마사3208,cp2_bnu_61,0
2019,마사3208,cp2_bnu_63,3
2019,마사3208,cp2_bnu_65,5
2019,마사3208,cp2_bnu_66,8
2019,마사3208,cp2_bnu_68,5
2019,마사3208,cp2_bnu_70,0
2019,마사3208,cp2_bnu_71,8
2019,마사3208,cp2_bnu_72,12
2019,마사3208,cp2_bnu_73,3
2019,마사3208,cp2_bnu_74,3
2019,마사3208,cp2_bnu_75,5
2019,마사3208,cp2_bnu_76,5
2019,마사3208,cp2_bnu_84,8
2019,마사3208,cp2_bnu_85,57
2019,마사3208,cp2_bnu_86,9
2019,마사3208,cp2_bnu_87,11
2019,마사3208,cp2_bnu_91,11
2019,마사3208,cp2_bnu_94,30
2019,마사3208,cp2_bnu_95,5
2019,마사3208,cp2_bnu_96,25
2019,마사3209,cp2_bnu_01,3
2019,마사3209,cp2_bnu_10,19
2019,마사3209,cp2_bnu_13,0
2019,마사3209,cp2_bnu_14,3
2019,마사3209,cp2_bnu_25,0
2019,마사3209,cp2_bnu_32,3
2019,마사3209,cp2_bnu_33,5
2019,마사3209,cp2_bnu_34,3
2019,마사3209,cp2_bnu_41,5
2019,마사3209,cp2_bnu_42,20
2019,마사3209,cp2_bnu_45,5
2019,마사3209,cp2_bnu_46,37
2019,마사3209,cp2_bnu_47,354
2019,마사3209,cp2_bnu_49,3
2019,마사3209,cp2_bnu_52,11
2019,마사3209,cp2_bnu_55,25
2019,마사3209,cp2_bnu_56,305
2019,마사3209,cp2_bnu_58,3
2019,마사3209,cp2_bnu_60,3
2019,마사3209,cp2_bnu_61,3
2019,마사3209,cp2_bnu_64,11
2019,마사3209,cp2_bnu_65,9
2019,마사3209,cp2_bnu_66,8
2019,마사3209,cp2_bnu_68,8
2019,마사3209,cp2_bnu_71,8
2019,마사3209,cp2_bnu_73,5
2019,마사3209,cp2_bnu_74,3
2019,마사3209,cp2_bnu_75,5
2019,마사3209,cp2_bnu_76,3
2019,마사3209,cp2_bnu_84,3
2019,마사3209,cp2_bnu_85,11
2019,마사3209,cp2_bnu_86,28
2019,마사3209,cp2_bnu_87,8
2019,마사3209,cp2_bnu_90,5
2019,마사3209,cp2_bnu_91,36
2019,마사3209,cp2_bnu_94,41
2019,마사3209,cp2_bnu_95,30
2019,마사3209,cp2_bnu_96,91
2019,마사3210,cp2_bnu_35,0
2019,마사3210,cp2_bnu_46,3
2019,마사3210,cp2_bnu_47,3
2019,마사3210,cp2_bnu_94,3
2019,마사3210,cp2_bnu_95,0
2019,마사3213,cp2_bnu_47,0
2019,마사3213,cp2_bnu_85,0
2019,마사3214,cp2_bnu_38,3
2019,마사3215,cp2_bnu_47,0
2019,마사3216,cp2_bnu_47,0
2019,마사3216,cp2_bnu_96,0
2019,마사3217,cp2_bnu_46,0
2019,마사3219,cp2_bnu_46,0
2019,마사3219,cp2_bnu_52,0
2019,마사3219,cp2_bnu_56,0
2019,마사3220,cp2_bnu_25,0
2019,마사3220,cp2_bnu_86,0
2019,마사3223,cp2_bnu_85,0
2019,마사3224,cp2_bnu_94,0
2019,마사3233,cp2_bnu_01,3
2019,마사3241,cp2_bnu_94,0
2019,마사3246,cp2_bnu_94,0
2019,마사3258,cp2_bnu_90,0
2019,마사3261,cp2_bnu_94,3
2019,마사3265,cp2_bnu_23,0
2019,마사3265,cp2_bnu_56,0
2019,마사3265,cp2_bnu_87,3
2019,마사3265,cp2_bnu_94,0
2019,마사3266,cp2_bnu_41,0
2019,마사3269,cp2_bnu_47,3
2019,마사3269,cp2_bnu_90,3
2019,마사3269,cp2_bnu_94,3
2019,마사3270,cp2_bnu_90,0
2019,마사3300,cp2_bnu_10,0
2019,마사3301,cp2_bnu_05,5
2019,마사3301,cp2_bnu_10,0
2019,마사3301,cp2_bnu_33,0
2019,마사3301,cp2_bnu_42,3
2019,마사3301,cp2_bnu_47,8
2019,마사3301,cp2_bnu_49,3
2019,마사3301,cp2_bnu_55,0
2019,마사3301,cp2_bnu_56,14
2019,마사3301,cp2_bnu_61,0
2019,마사3301,cp2_bnu_68,3
2019,마사3301,cp2_bnu_72,0
2019,마사3301,cp2_bnu_74,3
2019,마사3301,cp2_bnu_75,10
2019,마사3301,cp2_bnu_76,0
2019,마사3301,cp2_bnu_85,5
2019,마사3301,cp2_bnu_86,0
2019,마사3301,cp2_bnu_87,9
2019,마사3301,cp2_bnu_90,0
2019,마사3301,cp2_bnu_91,3
2019,마사3301,cp2_bnu_94,12
2019,마사3301,cp2_bnu_95,3
2019,마사3301,cp2_bnu_96,3
2019,마사3302,cp2_bnu_10,3
2019,마사3302,cp2_bnu_25,3
2019,마사3302,cp2_bnu_26,0
2019,마사3302,cp2_bnu_28,0
2019,마사3302,cp2_bnu_29,3
2019,마사3302,cp2_bnu_46,5
2019,마사3302,cp2_bnu_47,5
2019,마사3302,cp2_bnu_56,3
2019,마사3302,cp2_bnu_68,0
2019,마사3302,cp2_bnu_85,3
2019,마사3302,cp2_bnu_94,3
2019,마사3302,cp2_bnu_96,3
2019,마사3303,cp2_bnu_33,3
2019,마사3303,cp2_bnu_42,3
2019,마사3303,cp2_bnu_45,0
2019,마사3303,cp2_bnu_46,0
2019,마사3303,cp2_bnu_47,3
2019,마사3303,cp2_bnu_56,3
2019,마사3303,cp2_bnu_58,0
2019,마사3303,cp2_bnu_68,3
2019,마사3303,cp2_bnu_86,3
2019,마사3303,cp2_bnu_87,3
2019,마사3303,cp2_bnu_90,3
2019,마사3303,cp2_bnu_94,3
2019,마사3303,cp2_bnu_95,0
2019,마사3303,cp2_bnu_96,0
2019,마사3304,cp2_bnu_01,3
2019,마사3304,cp2_bnu_11,3
2019,마사3304,cp2_bnu_32,3
2019,마사3304,cp2_bnu_38,3
2019,마사3304,cp2_bnu_41,5
2019,마사3304,cp2_bnu_42,5
2019,마사3304,cp2_bnu_45,5
2019,마사3304,cp2_bnu_46,4
2019,마사3304,cp2_bnu_47,11
2019,마사3304,cp2_bnu_49,0
2019,마사3304,cp2_bnu_55,3
2019,마사3304,cp2_bnu_56,5
2019,마사3304,cp2_bnu_68,3
2019,마사3304,cp2_bnu_74,5
2019,마사3304,cp2_bnu_85,3
2019,마사3304,cp2_bnu_87,5
2019,마사3304,cp2_bnu_90,3
2019,마사3304,cp2_bnu_91,0
2019,마사3304,cp2_bnu_94,8
2019,마사3304,cp2_bnu_95,5
2019,마사3304,cp2_bnu_96,3
2019,마사3305,cp2_bnu_38,3
2019,마사3305,cp2_bnu_42,3
2019,마사3305,cp2_bnu_46,3
2019,마사3305,cp2_bnu_47,5
2019,마사3305,cp2_bnu_91,3
2019,마사3309,cp2_bnu_47,0
2019,마사3311,cp2_bnu_38,3
2019,마사3312,cp2_bnu_07,0
2019,마사3312,cp2_bnu_20,0
2019,마사3312,cp2_bnu_38,3
2019,마사3316,cp2_bnu_85,0
2019,마사3323,cp2_bnu_94,0
2019,마사3325,cp2_bnu_91,3
2019,마사3327,cp2_bnu_55,3
2019,마사3327,cp2_bnu_91,0
2019,마사3331,cp2_bnu_55,0
2019,마사3332,cp2_bnu_42,0
2019,마사3332,cp2_bnu_47,3
2019,마사3341,cp2_bnu_94,0
2019,마사3355,cp2_bnu_23,3
2019,마사3355,cp2_bnu_56,0
2019,마사3355,cp2_bnu_94,0
2019,마사3356,cp2_bnu_42,3
2019,마사3358,cp2_bnu_01,0
2019,마사3358,cp2_bnu_94,3
2019,마사3360,cp2_bnu_94,0
2019,마사3361,cp2_bnu_20,3
2019,마사3361,cp2_bnu_38,3
2019,마사3361,cp2_bnu_47,3
2019,마사3361,cp2_bnu_49,0
2019,마사3363,cp2_bnu_01,0
2019,마사3363,cp2_bnu_38,0
2019,마사3363,cp2_bnu_49,3
2019,마사3364,cp2_bnu_10,0
2019,마사3364,cp2_bnu_56,3
2019,마사3364,cp2_bnu_94,0
2019,마사3365,cp2_bnu_10,3
2019,마사3365,cp2_bnu_23,0
2019,마사3365,cp2_bnu_42,3
2019,마사3365,cp2_bnu_47,3
2019,마사3365,cp2_bnu_52,0
2019,마사3365,cp2_bnu_56,5
2019,마사3365,cp2_bnu_91,0
2019,마사3366,cp2_bnu_55,5
2019,마사3367,cp2_bnu_47,3
2019,마사3368,cp2_bnu_47,3
2019,마사3368,cp2_bnu_55,8
2019,마사3368,cp2_bnu_56,3
2019,마사3368,cp2_bnu_90,3
2019,마사3368,cp2_bnu_94,0
2019,마사3400,cp2_bnu_10,0
2019,마사3400,cp2_bnu_23,3
2019,마사3400,cp2_bnu_42,0
2019,마사3400,cp2_bnu_46,3
2019,마사3400,cp2_bnu_47,3
2019,마사3400,cp2_bnu_56,4
2019,마사3400,cp2_bnu_68,3
2019,마사3400,cp2_bnu_94,3
2019,마사3400,cp2_bnu_95,5
2019,마사3400,cp2_bnu_96,3
2019,마사3401,cp2_bnu_10,10
2019,마사3401,cp2_bnu_16,0
2019,마사3401,cp2_bnu_18,5
2019,마사3401,cp2_bnu_28,3
2019,마사3401,cp2_bnu_42,4
2019,마사3401,cp2_bnu_46,3
2019,마사3401,cp2_bnu_47,61
2019,마사3401,cp2_bnu_55,3
2019,마사3401,cp2_bnu_56,78
2019,마사3401,cp2_bnu_64,3
2019,마사3401,cp2_bnu_68,3
2019,마사3401,cp2_bnu_73,0
2019,마사3401,cp2_bnu_74,3
2019,마사3401,cp2_bnu_76,3
2019,마사3401,cp2_bnu_84,5
2019,마사3401,cp2_bnu_85,5
2019,마사3401,cp2_bnu_86,3
2019,마사3401,cp2_bnu_87,3
2019,마사3401,cp2_bnu_90,3
2019,마사3401,cp2_bnu_91,9
2019,마사3401,cp2_bnu_94,5
2019,마사3401,cp2_bnu_95,3
2019,마사3401,cp2_bnu_96,21
2019,마사3408,cp2_bnu_94,0
2019,마사3409,cp2_bnu_10,0
2019,마사3410,cp2_bnu_23,3
2019,마사3426,cp2_bnu_47,5
2019,마사3426,cp2_bnu_56,5
2019,마사3426,cp2_bnu_90,0
2019,마사3441,cp2_bnu_46,3
2019,마사3441,cp2_bnu_47,5
2019,마사3441,cp2_bnu_55,0
2019,마사3441,cp2_bnu_56,23
2019,마사3441,cp2_bnu_73,0
2019,마사3441,cp2_bnu_75,0
2019,마사3441,cp2_bnu_90,3
2019,마사3444,cp2_bnu_56,3
2019,마사3444,cp2_bnu_94,0
2019,마사3447,cp2_bnu_56,3
2019,마사3448,cp2_bnu_46,0
2019,마사3452,cp2_bnu_55,3
2019,마사3456,cp2_bnu_10,0
2019,마사3456,cp2_bnu_23,0
2019,마사3456,cp2_bnu_38,0
2019,마사3456,cp2_bnu_52,0
2019,마사3456,cp2_bnu_74,0
2019,마사3457,cp2_bnu_87,3
2019,마사3457,cp2_bnu_94,3
2019,마사3465,cp2_bnu_13,0
2019,마사3465,cp2_bnu_42,3
2019,마사3465,cp2_bnu_47,3
2019,마사3465,cp2_bnu_55,5
2019,마사3465,cp2_bnu_56,3
2019,마사3465,cp2_bnu_73,0
2019,마사3465,cp2_bnu_75,0
2019,마사3465,cp2_bnu_94,3
2019,마사3466,cp2_bnu_55,3
2019,마사3466,cp2_bnu_56,3
2019,마사3466,cp2_bnu_94,3
2019,마사3500,cp2_bnu_07,3
2019,마사3500,cp2_bnu_42,0
2019,마사3500,cp2_bnu_47,3
2019,마사3500,cp2_bnu_55,0
2019,마사3500,cp2_bnu_76,3
2019,마사3500,cp2_bnu_85,3
2019,마사3500,cp2_bnu_87,0
2019,마사3500,cp2_bnu_94,5
2019,마사3500,cp2_bnu_95,3
2019,마사3501,cp2_bnu_10,3
2019,마사3501,cp2_bnu_37,3
2019,마사3501,cp2_bnu_42,3
2019,마사3501,cp2_bnu_46,8
2019,마사3501,cp2_bnu_47,8
2019,마사3501,cp2_bnu_49,0
2019,마사3501,cp2_bnu_56,8
2019,마사3501,cp2_bnu_61,0
2019,마사3501,cp2_bnu_63,3
2019,마사3501,cp2_bnu_72,0
2019,마사3501,cp2_bnu_73,0
2019,마사3501,cp2_bnu_75,0
2019,마사3501,cp2_bnu_84,3
2019,마사3501,cp2_bnu_85,3
2019,마사3501,cp2_bnu_90,0
2019,마사3501,cp2_bnu_91,0
2019,마사3501,cp2_bnu_94,9
2019,마사3501,cp2_bnu_95,3
2019,마사3501,cp2_bnu_96,8
2019,마사3504,cp2_bnu_94,0
2019,마사3506,cp2_bnu_10,0
2019,마사3506,cp2_bnu_25,3
2019,마사3506,cp2_bnu_95,3
2019,마사3507,cp2_bnu_23,3
2019,마사3507,cp2_bnu_42,0
2019,마사3507,cp2_bnu_94,0
2019,마사3508,cp2_bnu_10,3
2019,마사3508,cp2_bnu_41,0
2019,마사3508,cp2_bnu_42,3
2019,마사3508,cp2_bnu_46,0
2019,마사3508,cp2_bnu_47,5
2019,마사3508,cp2_bnu_49,3
2019,마사3508,cp2_bnu_52,3
2019,마사3508,cp2_bnu_68,0
2019,마사3508,cp2_bnu_86,0
2019,마사3508,cp2_bnu_87,0
2019,마사3508,cp2_bnu_94,0
2019,마사3508,cp2_bnu_95,5
2019,마사3508,cp2_bnu_96,0
2019,마사3509,cp2_bnu_47,3
2019,마사3509,cp2_bnu_85,0
2019,마사3511,cp2_bnu_01,0
2019,마사3511,cp2_bnu_46,3
2019,마사3511,cp2_bnu_56,0
2019,마사3511,cp2_bnu_90,3
2019,마사3511,cp2_bnu_94,0
2019,마사3514,cp2_bnu_75,0
2019,마사3515,cp2_bnu_10,0
2019,마사3541,cp2_bnu_91,0
2019,마사3542,cp2_bnu_55,0
2019,마사3542,cp2_bnu_94,0
2019,마사3547,cp2_bnu_96,0
2019,마사3554,cp2_bnu_56,0
2019,마사3554,cp2_bnu_86,3
2019,마사3556,cp2_bnu_47,3
2019,마사3556,cp2_bnu_75,3
2019,마사3556,cp2_bnu_84,0
2019,마사3556,cp2_bnu_85,0
2019,마사3556,cp2_bnu_94,0
2019,마사3556,cp2_bnu_96,0
2019,마사3557,cp2_bnu_10,8
2019,마사3557,cp2_bnu_11,0
2019,마사3557,cp2_bnu_38,3
2019,마사3557,cp2_bnu_42,8
2019,마사3557,cp2_bnu_46,5
2019,마사3557,cp2_bnu_47,31
2019,마사3557,cp2_bnu_49,5
2019,마사3557,cp2_bnu_55,3
2019,마사3557,cp2_bnu_56,40
2019,마사3557,cp2_bnu_61,3
2019,마사3557,cp2_bnu_64,0
2019,마사3557,cp2_bnu_66,0
2019,마사3557,cp2_bnu_68,3
2019,마사3557,cp2_bnu_73,0
2019,마사3557,cp2_bnu_85,5
2019,마사3557,cp2_bnu_86,3
2019,마사3557,cp2_bnu_90,3
2019,마사3557,cp2_bnu_91,3
2019,마사3557,cp2_bnu_94,5
2019,마사3557,cp2_bnu_95,5
2019,마사3557,cp2_bnu_96,14
2019,마사3558,cp2_bnu_13,0
2019,마사3558,cp2_bnu_25,3
2019,마사3558,cp2_bnu_34,0
2019,마사3558,cp2_bnu_41,0
2019,마사3558,cp2_bnu_42,7
2019,마사3558,cp2_bnu_46,0
2019,마사3558,cp2_bnu_47,5
2019,마사3558,cp2_bnu_52,0
2019,마사3558,cp2_bnu_55,3
2019,마사3558,cp2_bnu_56,5
2019,마사3558,cp2_bnu_74,0
2019,마사3558,cp2_bnu_84,3
2019,마사3558,cp2_bnu_91,0
2019,마사3558,cp2_bnu_95,0
2019,마사3559,cp2_bnu_47,3
2019,마사3559,cp2_bnu_55,0
2019,마사3559,cp2_bnu_94,0
2019,마사3560,cp2_bnu_07,3
2019,마사3560,cp2_bnu_46,3
2019,마사3565,cp2_bnu_46,3
2019,마사3565,cp2_bnu_47,0
2019,마사3565,cp2_bnu_55,5
2019,마사3565,cp2_bnu_56,5
2019,마사3565,cp2_bnu_84,0
2019,마사3566,cp2_bnu_41,0
2019,마사3566,cp2_bnu_46,3
2019,마사3566,cp2_bnu_47,18
2019,마사3566,cp2_bnu_49,3
2019,마사3566,cp2_bnu_52,0
2019,마사3566,cp2_bnu_55,66
2019,마사3566,cp2_bnu_56,59
2019,마사3566,cp2_bnu_61,3
2019,마사3566,cp2_bnu_64,0
2019,마사3566,cp2_bnu_68,3
2019,마사3566,cp2_bnu_73,0
2019,마사3566,cp2_bnu_75,3
2019,마사3566,cp2_bnu_76,0
2019,마사3566,cp2_bnu_85,3
2019,마사3566,cp2_bnu_86,3
2019,마사3566,cp2_bnu_90,3
2019,마사3566,cp2_bnu_91,8
2019,마사3566,cp2_bnu_94,3
2019,마사3566,cp2_bnu_96,0
2019,마사3600,cp2_bnu_10,0
2019,마사3600,cp2_bnu_37,0
2019,마사3600,cp2_bnu_55,3
2019,마사3600,cp2_bnu_56,5
2019,마사3600,cp2_bnu_90,0
2019,마사3600,cp2_bnu_91,3
2019,마사3600,cp2_bnu_95,3
2019,마사3601,cp2_bnu_05,3
2019,마사3601,cp2_bnu_46,3
2019,마사3601,cp2_bnu_52,3
2019,마사3601,cp2_bnu_56,0
2019,마사3601,cp2_bnu_85,0
2019,마사3601,cp2_bnu_94,0
2019,마사3602,cp2_bnu_10,4
2019,마사3602,cp2_bnu_25,3
2019,마사3602,cp2_bnu_42,3
2019,마사3602,cp2_bnu_46,5
2019,마사3602,cp2_bnu_47,5
2019,마사3602,cp2_bnu_49,0
2019,마사3602,cp2_bnu_55,3
2019,마사3602,cp2_bnu_56,5
2019,마사3602,cp2_bnu_74,0
2019,마사3602,cp2_bnu_87,3
2019,마사3602,cp2_bnu_96,3
2019,마사3603,cp2_bnu_10,3
2019,마사3603,cp2_bnu_13,0
2019,마사3603,cp2_bnu_19,3
2019,마사3603,cp2_bnu_41,0
2019,마사3603,cp2_bnu_46,3
2019,마사3603,cp2_bnu_47,12
2019,마사3603,cp2_bnu_55,0
2019,마사3603,cp2_bnu_56,10
2019,마사3603,cp2_bnu_68,0
2019,마사3603,cp2_bnu_75,3
2019,마사3603,cp2_bnu_84,3
2019,마사3603,cp2_bnu_86,0
2019,마사3603,cp2_bnu_87,0
2019,마사3603,cp2_bnu_90,0
2019,마사3603,cp2_bnu_94,5
2019,마사3603,cp2_bnu_95,3
2019,마사3603,cp2_bnu_96,0
2019,마사3604,cp2_bnu_10,5
2019,마사3604,cp2_bnu_17,0
2019,마사3604,cp2_bnu_20,3
2019,마사3604,cp2_bnu_22,5
2019,마사3604,cp2_bnu_24,3
2019,마사3604,cp2_bnu_28,3
2019,마사3604,cp2_bnu_34,0
2019,마사3604,cp2_bnu_42,3
2019,마사3604,cp2_bnu_46,3
2019,마사3604,cp2_bnu_47,3
2019,마사3604,cp2_bnu_56,0
2019,마사3604,cp2_bnu_94,3
2019,마사3605,cp2_bnu_10,3
2019,마사3605,cp2_bnu_13,3
2019,마사3605,cp2_bnu_19,3
2019,마사3605,cp2_bnu_23,3
2019,마사3605,cp2_bnu_46,0
2019,마사3605,cp2_bnu_56,5
2019,마사3605,cp2_bnu_75,0
2019,마사3605,cp2_bnu_94,0
2019,마사3606,cp2_bnu_01,0
2019,마사3606,cp2_bnu_23,3
2019,마사3606,cp2_bnu_25,3
2019,마사3606,cp2_bnu_46,0
2019,마사3606,cp2_bnu_52,0
2019,마사3606,cp2_bnu_56,0
2019,마사3607,cp2_bnu_32,0
2019,마사3607,cp2_bnu_42,3
2019,마사3607,cp2_bnu_47,0
2019,마사3607,cp2_bnu_49,3
2019,마사3607,cp2_bnu_52,0
2019,마사3607,cp2_bnu_96,0
2019,마사3608,cp2_bnu_23,0
2019,마사3608,cp2_bnu_32,3
2019,마사3608,cp2_bnu_41,0
2019,마사3608,cp2_bnu_45,5
2019,마사3608,cp2_bnu_46,3
2019,마사3608,cp2_bnu_47,5
2019,마사3608,cp2_bnu_56,9
2019,마사3608,cp2_bnu_85,0
2019,마사3608,cp2_bnu_95,3
2019,마사3608,cp2_bnu_96,3
2019,마사3609,cp2_bnu_10,3
2019,마사3609,cp2_bnu_42,3
2019,마사3609,cp2_bnu_47,11
2019,마사3609,cp2_bnu_49,3
2019,마사3609,cp2_bnu_55,3
2019,마사3609,cp2_bnu_56,11
2019,마사3609,cp2_bnu_61,0
2019,마사3609,cp2_bnu_74,3
2019,마사3609,cp2_bnu_75,0
2019,마사3609,cp2_bnu_84,0
2019,마사3609,cp2_bnu_87,3
2019,마사3609,cp2_bnu_90,3
2019,마사3609,cp2_bnu_94,5
2019,마사3609,cp2_bnu_96,3
2019,마사3610,cp2_bnu_47,3
2019,마사3610,cp2_bnu_56,3
2019,마사3610,cp2_bnu_73,0
2019,마사3610,cp2_bnu_86,0
2019,마사3610,cp2_bnu_91,0
2019,마사3611,cp2_bnu_47,5
2019,마사3612,cp2_bnu_01,0
2019,마사3612,cp2_bnu_47,0
2019,마사3612,cp2_bnu_56,3
2019,마사3613,cp2_bnu_23,6
2019,마사3613,cp2_bnu_33,0
2019,마사3613,cp2_bnu_42,0
2019,마사3613,cp2_bnu_52,3
2019,마사3613,cp2_bnu_56,5
2019,마사3613,cp2_bnu_85,0
2019,마사3613,cp2_bnu_95,3
2019,마사3613,cp2_bnu_96,0
2019,마사3614,cp2_bnu_10,0
2019,마사3614,cp2_bnu_25,3
2019,마사3614,cp2_bnu_38,0
2019,마사3614,cp2_bnu_42,3
2019,마사3614,cp2_bnu_46,0
2019,마사3614,cp2_bnu_47,8
2019,마사3614,cp2_bnu_56,8
2019,마사3614,cp2_bnu_68,3
2019,마사3614,cp2_bnu_75,3
2019,마사3614,cp2_bnu_87,0
2019,마사3614,cp2_bnu_91,5
2019,마사3614,cp2_bnu_94,5
2019,마사3614,cp2_bnu_95,3
2019,마사3614,cp2_bnu_96,11
2019,마사3615,cp2_bnu_05,3
2019,마사3615,cp2_bnu_10,5
2019,마사3615,cp2_bnu_14,3
2019,마사3615,cp2_bnu_23,0
2019,마사3615,cp2_bnu_41,0
2019,마사3615,cp2_bnu_42,3
2019,마사3615,cp2_bnu_45,3
2019,마사3615,cp2_bnu_46,5
2019,마사3615,cp2_bnu_47,44
2019,마사3615,cp2_bnu_49,3
2019,마사3615,cp2_bnu_52,0
2019,마사3615,cp2_bnu_55,3
2019,마사3615,cp2_bnu_56,43
2019,마사3615,cp2_bnu_64,3
2019,마사3615,cp2_bnu_65,0
2019,마사3615,cp2_bnu_66,0
2019,마사3615,cp2_bnu_71,3
2019,마사3615,cp2_bnu_73,0
2019,마사3615,cp2_bnu_75,3
2019,마사3615,cp2_bnu_76,0
2019,마사3615,cp2_bnu_85,3
2019,마사3615,cp2_bnu_86,5
2019,마사3615,cp2_bnu_87,5
2019,마사3615,cp2_bnu_91,8
2019,마사3615,cp2_bnu_94,10
2019,마사3615,cp2_bnu_95,11
2019,마사3615,cp2_bnu_96,11
2019,마사3616,cp2_bnu_18,0
2019,마사3616,cp2_bnu_35,3
2019,마사3616,cp2_bnu_42,0
2019,마사3616,cp2_bnu_45,3
2019,마사3616,cp2_bnu_46,3
2019,마사3616,cp2_bnu_47,10
2019,마사3616,cp2_bnu_55,5
2019,마사3616,cp2_bnu_56,14
2019,마사3616,cp2_bnu_58,0
2019,마사3616,cp2_bnu_64,3
2019,마사3616,cp2_bnu_85,3
2019,마사3616,cp2_bnu_86,3
2019,마사3616,cp2_bnu_91,5
2019,마사3616,cp2_bnu_94,3
2019,마사3616,cp2_bnu_96,5
2019,마사3618,cp2_bnu_23,0
2019,마사3618,cp2_bnu_42,0
2019,마사3625,cp2_bnu_10,3
2019,마사3626,cp2_bnu_10,0
2019,마사3626,cp2_bnu_47,3
2019,마사3626,cp2_bnu_55,5
2019,마사3626,cp2_bnu_56,5
2019,마사3626,cp2_bnu_94,0
2019,마사3628,cp2_bnu_42,0
2019,마사3628,cp2_bnu_94,3
2019,마사3634,cp2_bnu_94,0
2019,마사3637,cp2_bnu_94,3
2019,마사3639,cp2_bnu_94,0
2019,마사3641,cp2_bnu_56,0
2019,마사3642,cp2_bnu_29,3
2019,마사3642,cp2_bnu_55,3
2019,마사3642,cp2_bnu_56,3
2019,마사3642,cp2_bnu_75,0
2019,마사3642,cp2_bnu_85,0
2019,마사3643,cp2_bnu_49,4
2019,마사3643,cp2_bnu_56,0
2019,마사3643,cp2_bnu_95,0
2019,마사3645,cp2_bnu_94,0
2019,마사3646,cp2_bnu_36,0
2019,마사3646,cp2_bnu_56,3
2019,마사3648,cp2_bnu_13,3
2019,마사3648,cp2_bnu_91,3
2019,마사3657,cp2_bnu_94,0
2019,마사3658,cp2_bnu_01,0
2019,마사3658,cp2_bnu_16,0
2019,마사3658,cp2_bnu_42,3
2019,마사3658,cp2_bnu_47,0
2019,마사3658,cp2_bnu_49,0
2019,마사3658,cp2_bnu_56,3
2019,마사3658,cp2_bnu_76,3
2019,마사3658,cp2_bnu_94,3
2019,마사3658,cp2_bnu_95,0
2019,마사3659,cp2_bnu_07,3
2019,마사3659,cp2_bnu_24,3
2019,마사3659,cp2_bnu_34,0
2019,마사3659,cp2_bnu_52,0
2019,마사3659,cp2_bnu_55,3
2019,마사3659,cp2_bnu_56,3
2019,마사3659,cp2_bnu_75,0
2019,마사3659,cp2_bnu_95,0
2019,마사3660,cp2_bnu_07,3
2019,마사3660,cp2_bnu_46,0
2019,마사3660,cp2_bnu_47,3
2019,마사3660,cp2_bnu_55,3
2019,마사3660,cp2_bnu_56,5
2019,마사3660,cp2_bnu_70,0
2019,마사3660,cp2_bnu_76,5
2019,마사3660,cp2_bnu_85,5
2019,마사3660,cp2_bnu_94,0
2019,마사3661,cp2_bnu_55,5
2019,마사3661,cp2_bnu_56,3
2019,마사3661,cp2_bnu_76,3
2019,마사3662,cp2_bnu_34,0
2019,마사3662,cp2_bnu_47,3
2019,마사3662,cp2_bnu_55,12
2019,마사3662,cp2_bnu_56,16
2019,마사3662,cp2_bnu_75,0
2019,마사3662,cp2_bnu_76,0
2019,마사3662,cp2_bnu_84,0
2019,마사3663,cp2_bnu_47,7
2019,마사3663,cp2_bnu_55,0
2019,마사3663,cp2_bnu_56,9
2019,마사3664,cp2_bnu_47,3
2019,마사3664,cp2_bnu_55,3
2019,마사3664,cp2_bnu_56,3
2019,마사3664,cp2_bnu_87,3
2019,마사3665,cp2_bnu_55,5
2019,마사3700,cp2_bnu_34,0
2019,마사3700,cp2_bnu_47,3
2019,마사3700,cp2_bnu_56,3
2019,마사3700,cp2_bnu_68,0
2019,마사3700,cp2_bnu_85,3
2019,마사3700,cp2_bnu_87,3
2019,마사3700,cp2_bnu_94,0
2019,마사3701,cp2_bnu_01,0
2019,마사3701,cp2_bnu_10,0
2019,마사3701,cp2_bnu_23,0
2019,마사3701,cp2_bnu_29,0
2019,마사3701,cp2_bnu_34,0
2019,마사3701,cp2_bnu_42,0
2019,마사3701,cp2_bnu_47,0
2019,마사3701,cp2_bnu_56,3
2019,마사3701,cp2_bnu_85,3
2019,마사3701,cp2_bnu_87,3
2019,마사3701,cp2_bnu_90,0
2019,마사3701,cp2_bnu_94,5
2019,마사3701,cp2_bnu_96,0
2019,마사3703,cp2_bnu_47,0
2019,마사3703,cp2_bnu_55,3
2019,마사3703,cp2_bnu_56,0
2019,마사3703,cp2_bnu_84,0
2019,마사3703,cp2_bnu_85,3
2019,마사3703,cp2_bnu_87,0
2019,마사3703,cp2_bnu_94,3
2019,마사3704,cp2_bnu_10,3
2019,마사3704,cp2_bnu_25,3
2019,마사3704,cp2_bnu_34,0
2019,마사3704,cp2_bnu_46,0
2019,마사3704,cp2_bnu_47,5
2019,마사3704,cp2_bnu_56,13
2019,마사3704,cp2_bnu_61,3
2019,마사3704,cp2_bnu_68,3
2019,마사3704,cp2_bnu_84,0
2019,마사3704,cp2_bnu_87,3
2019,마사3704,cp2_bnu_90,0
2019,마사3704,cp2_bnu_91,3
2019,마사3704,cp2_bnu_94,3
2019,마사3704,cp2_bnu_96,7
2019,마사3706,cp2_bnu_07,0
2019,마사3710,cp2_bnu_94,0
2019,마사3715,cp2_bnu_10,3
2019,마사3715,cp2_bnu_16,3
2019,마사3715,cp2_bnu_25,3
2019,마사3715,cp2_bnu_33,3
2019,마사3715,cp2_bnu_41,3
2019,마사3715,cp2_bnu_42,8
2019,마사3715,cp2_bnu_46,3
2019,마사3715,cp2_bnu_47,18
2019,마사3715,cp2_bnu_56,16
2019,마사3715,cp2_bnu_68,0
2019,마사3715,cp2_bnu_74,0
2019,마사3715,cp2_bnu_75,3
2019,마사3715,cp2_bnu_84,0
2019,마사3715,cp2_bnu_85,11
2019,마사3715,cp2_bnu_86,3
2019,마사3715,cp2_bnu_87,3
2019,마사3715,cp2_bnu_90,3
2019,마사3715,cp2_bnu_91,3
2019,마사3715,cp2_bnu_94,5
2019,마사3715,cp2_bnu_95,3
2019,마사3715,cp2_bnu_96,7
2019,마사3716,cp2_bnu_10,5
2019,마사3716,cp2_bnu_18,0
2019,마사3716,cp2_bnu_25,0
2019,마사3716,cp2_bnu_33,3
2019,마사3716,cp2_bnu_41,0
2019,마사3716,cp2_bnu_42,5
2019,마사3716,cp2_bnu_46,5
2019,마사3716,cp2_bnu_47,50
2019,마사3716,cp2_bnu_55,0
2019,마사3716,cp2_bnu_56,81
2019,마사3716,cp2_bnu_61,0
2019,마사3716,cp2_bnu_64,3
2019,마사3716,cp2_bnu_65,0
2019,마사3716,cp2_bnu_68,3
2019,마사3716,cp2_bnu_71,3
2019,마사3716,cp2_bnu_73,0
2019,마사3716,cp2_bnu_75,3
2019,마사3716,cp2_bnu_84,3
2019,마사3716,cp2_bnu_85,8
2019,마사3716,cp2_bnu_86,3
2019,마사3716,cp2_bnu_87,8
2019,마사3716,cp2_bnu_90,0
2019,마사3716,cp2_bnu_91,5
2019,마사3716,cp2_bnu_94,5
2019,마사3716,cp2_bnu_95,3
2019,마사3716,cp2_bnu_96,21
2019,마사3717,cp2_bnu_36,0
2019,마사3717,cp2_bnu_42,0
2019,마사3717,cp2_bnu_46,3
2019,마사3717,cp2_bnu_47,5
2019,마사3717,cp2_bnu_49,0
2019,마사3717,cp2_bnu_56,5
2019,마사3717,cp2_bnu_75,3
2019,마사3717,cp2_bnu_87,3
2019,마사3717,cp2_bnu_91,0
2019,마사3717,cp2_bnu_95,3
2019,마사3718,cp2_bnu_45,0
2019,마사3718,cp2_bnu_46,0
2019,마사3718,cp2_bnu_47,5
2019,마사3718,cp2_bnu_49,0
2019,마사3718,cp2_bnu_56,5
2019,마사3718,cp2_bnu_95,3
2019,마사3726,cp2_bnu_47,3
2019,마사3726,cp2_bnu_56,3
2019,마사3728,cp2_bnu_47,0
2019,마사3728,cp2_bnu_55,3
2019,마사3728,cp2_bnu_56,5
2019,마사3730,cp2_bnu_07,0
2019,마사3730,cp2_bnu_34,3
2019,마사3730,cp2_bnu_56,3
2019,마사3734,cp2_bnu_47,0
2019,마사3737,cp2_bnu_10,0
2019,마사3739,cp2_bnu_47,0
2019,마사3739,cp2_bnu_56,3
2019,마사3742,cp2_bnu_20,3
2019,마사3742,cp2_bnu_42,3
2019,마사3742,cp2_bnu_45,3
2019,마사3743,cp2_bnu_07,3
2019,마사3743,cp2_bnu_23,3
2019,마사3743,cp2_bnu_25,0
2019,마사3743,cp2_bnu_29,0
2019,마사3743,cp2_bnu_38,3
2019,마사3743,cp2_bnu_42,6
2019,마사3743,cp2_bnu_49,0
2019,마사3743,cp2_bnu_52,3
2019,마사3743,cp2_bnu_56,0
2019,마사3743,cp2_bnu_74,4
2019,마사3743,cp2_bnu_75,3
2019,마사3743,cp2_bnu_95,0
2019,마사3744,cp2_bnu_47,0
2019,마사3744,cp2_bnu_56,3
2019,마사3744,cp2_bnu_75,0
2019,마사3744,cp2_bnu_94,3
2019,마사3744,cp2_bnu_96,3
2019,마사3745,cp2_bnu_16,3
2019,마사3745,cp2_bnu_46,0
2019,마사3745,cp2_bnu_47,3
2019,마사3745,cp2_bnu_74,3
2019,마사3745,cp2_bnu_85,3
2019,마사3745,cp2_bnu_96,3
2019,마사3758,cp2_bnu_34,3
2019,마사3758,cp2_bnu_42,3
2019,마사3758,cp2_bnu_47,3
2019,마사3758,cp2_bnu_52,3
2019,마사3758,cp2_bnu_56,3
2019,마사3758,cp2_bnu_74,0
2019,마사3758,cp2_bnu_75,3
2019,마사3762,cp2_bnu_47,0
2019,마사3762,cp2_bnu_56,0
2019,마사3764,cp2_bnu_75,0
2019,마사3801,cp2_bnu_41,0
2019,마사3803,cp2_bnu_46,3
2019,마사3803,cp2_bnu_70,3
2019,마사3803,cp2_bnu_87,0
2019,마사3803,cp2_bnu_90,3
2019,마사3805,cp2_bnu_20,0
2019,마사3805,cp2_bnu_46,0
2019,마사3814,cp2_bnu_19,0
2019,마사3814,cp2_bnu_38,3
2019,마사3814,cp2_bnu_42,3
2019,마사3814,cp2_bnu_47,0
2019,마사3814,cp2_bnu_49,0
2019,마사3814,cp2_bnu_56,3
2019,마사3814,cp2_bnu_94,3
2019,마사3815,cp2_bnu_10,0
2019,마사3815,cp2_bnu_46,0
2019,마사3815,cp2_bnu_47,3
2019,마사3815,cp2_bnu_56,3
2019,마사3815,cp2_bnu_91,0
2019,마사3815,cp2_bnu_94,0
2019,마사3815,cp2_bnu_96,0
2019,마사3818,cp2_bnu_07,0
2019,마사3818,cp2_bnu_41,0
2019,마사3818,cp2_bnu_42,0
2019,마사3818,cp2_bnu_49,3
2019,마사3818,cp2_bnu_56,3
2019,마사3818,cp2_bnu_58,0
2019,마사3818,cp2_bnu_87,0
2019,마사3818,cp2_bnu_94,3
2019,마사3819,cp2_bnu_10,0
2019,마사3819,cp2_bnu_41,0
2019,마사3819,cp2_bnu_42,3
2019,마사3819,cp2_bnu_46,3
2019,마사3819,cp2_bnu_47,3
2019,마사3820,cp2_bnu_16,3
2019,마사3820,cp2_bnu_29,0
2019,마사3820,cp2_bnu_37,3
2019,마사3820,cp2_bnu_85,0
2019,마사3821,cp2_bnu_42,3
2019,마사3821,cp2_bnu_47,3
2019,마사3821,cp2_bnu_56,3
2019,마사3821,cp2_bnu_94,3
2019,마사3823,cp2_bnu_46,0
2019,마사3828,cp2_bnu_47,0
2019,마사3828,cp2_bnu_55,3
2019,마사3828,cp2_bnu_56,3
2019,마사3829,cp2_bnu_47,3
2019,마사3831,cp2_bnu_55,3
2019,마사3832,cp2_bnu_10,3
2019,마사3832,cp2_bnu_91,0
2019,마사3836,cp2_bnu_10,0
2019,마사3836,cp2_bnu_55,0
2019,마사3836,cp2_bnu_94,0
2019,마사3839,cp2_bnu_38,0
2019,마사3839,cp2_bnu_41,0
2019,마사3839,cp2_bnu_46,3
2019,마사3839,cp2_bnu_47,0
2019,마사3839,cp2_bnu_56,0
2019,마사3839,cp2_bnu_91,0
2019,마사3842,cp2_bnu_07,3
2019,마사3843,cp2_bnu_07,3
2019,마사3843,cp2_bnu_25,3
2019,마사3843,cp2_bnu_30,3
2019,마사3843,cp2_bnu_34,3
2019,마사3843,cp2_bnu_46,3
2019,마사3843,cp2_bnu_47,3
2019,마사3843,cp2_bnu_49,3
2019,마사3843,cp2_bnu_56,5
2019,마사3843,cp2_bnu_95,0
2019,마사3844,cp2_bnu_10,3
2019,마사3844,cp2_bnu_25,3
2019,마사3844,cp2_bnu_42,3
2019,마사3844,cp2_bnu_45,0
2019,마사3844,cp2_bnu_46,3
2019,마사3844,cp2_bnu_47,18
2019,마사3844,cp2_bnu_56,12
2019,마사3844,cp2_bnu_61,3
2019,마사3844,cp2_bnu_64,0
2019,마사3844,cp2_bnu_76,3
2019,마사3844,cp2_bnu_84,3
2019,마사3844,cp2_bnu_85,5
2019,마사3844,cp2_bnu_86,0
2019,마사3844,cp2_bnu_87,3
2019,마사3844,cp2_bnu_90,0
2019,마사3844,cp2_bnu_91,3
2019,마사3844,cp2_bnu_94,3
2019,마사3844,cp2_bnu_95,0
2019,마사3844,cp2_bnu_96,8
2019,마사3849,cp2_bnu_85,3
2019,마사3851,cp2_bnu_55,3
2019,마사3854,cp2_bnu_42,0
2019,마사3856,cp2_bnu_11,0
2019,마사3856,cp2_bnu_47,4
2019,마사3856,cp2_bnu_55,0
2019,마사3856,cp2_bnu_56,3
2019,마사3856,cp2_bnu_87,3
2019,마사3856,cp2_bnu_96,3
2019,마사3857,cp2_bnu_55,5
2019,마사3910,cp2_bnu_10,0
2019,마사3913,cp2_bnu_24,3
2019,마사3913,cp2_bnu_25,0
2019,마사3913,cp2_bnu_47,0
2019,마사3913,cp2_bnu_56,0
2019,마사3913,cp2_bnu_75,0
2019,마사3913,cp2_bnu_94,3
2019,마사3915,cp2_bnu_47,0
2019,마사3915,cp2_bnu_56,0
2019,마사3915,cp2_bnu_91,3
2019,마사3920,cp2_bnu_07,3
2019,마사3920,cp2_bnu_42,3
2019,마사3922,cp2_bnu_07,3
2019,마사3922,cp2_bnu_49,3
2019,마사3922,cp2_bnu_52,3
2019,마사3923,cp2_bnu_94,0
2019,마사3925,cp2_bnu_47,0
2019,마사3926,cp2_bnu_94,3
2019,마사3928,cp2_bnu_23,0
2019,마사3931,cp2_bnu_10,0
2019,마사3939,cp2_bnu_75,3
2019,마사3943,cp2_bnu_47,0
2019,마사3943,cp2_bnu_49,5
2019,마사3943,cp2_bnu_95,0
2019,마사3947,cp2_bnu_56,0
2019,마사3952,cp2_bnu_20,3
2019,마사3952,cp2_bnu_46,0
2019,마사3952,cp2_bnu_47,3
2019,마사3952,cp2_bnu_55,3
2019,마사3952,cp2_bnu_56,0
2019,마사3952,cp2_bnu_87,3
2019,마사3952,cp2_bnu_94,0
2019,마사3953,cp2_bnu_42,0
2019,마사3953,cp2_bnu_56,0
2019,마사3953,cp2_bnu_85,3
2019,마사3953,cp2_bnu_91,0
2019,마사3954,cp2_bnu_10,0
2019,마사3954,cp2_bnu_46,0
2019,마사3954,cp2_bnu_47,0
2019,마사3954,cp2_bnu_56,0
2019,마사3954,cp2_bnu_94,0
2019,마사3955,cp2_bnu_55,5
2019,마사3956,cp2_bnu_41,0
2019,마사3956,cp2_bnu_47,3
2019,마사3956,cp2_bnu_55,8
2019,마사3956,cp2_bnu_56,0
2019,마사3956,cp2_bnu_66,0
2019,마사3956,cp2_bnu_68,0
2019,마사4010,cp2_bnu_05,0
2019,마사4010,cp2_bnu_07,3
2019,마사4012,cp2_bnu_05,0
2019,마사4012,cp2_bnu_29,3
2019,마사4012,cp2_bnu_34,3
2019,마사4012,cp2_bnu_42,3
2019,마사4012,cp2_bnu_75,0
2019,마사4013,cp2_bnu_47,3
2019,마사4013,cp2_bnu_55,0
2019,마사4013,cp2_bnu_94,0
2019,마사4014,cp2_bnu_56,0
2019,마사4027,cp2_bnu_07,0
2019,마사4027,cp2_bnu_94,0
2019,마사4028,cp2_bnu_47,3
2019,마사4028,cp2_bnu_49,0
2019,마사4028,cp2_bnu_55,3
2019,마사4028,cp2_bnu_56,0
2019,마사4028,cp2_bnu_64,0
2019,마사4028,cp2_bnu_84,0
2019,마사4028,cp2_bnu_94,3
2019,마사4029,cp2_bnu_41,0
2019,마사4029,cp2_bnu_42,3
2019,마사4029,cp2_bnu_47,3
2019,마사4029,cp2_bnu_52,0
2019,마사4029,cp2_bnu_56,0
2019,마사4029,cp2_bnu_84,3
2019,마사4029,cp2_bnu_85,3
2019,마사4029,cp2_bnu_86,0
2019,마사4029,cp2_bnu_90,3
2019,마사4029,cp2_bnu_95,0
2019,마사4031,cp2_bnu_10,3
2019,마사4031,cp2_bnu_16,0
2019,마사4031,cp2_bnu_56,0
2019,마사4036,cp2_bnu_10,3
2019,마사4038,cp2_bnu_01,0
2019,마사4038,cp2_bnu_41,0
2019,마사4038,cp2_bnu_56,0
2019,마사4043,cp2_bnu_23,0
2019,마사4043,cp2_bnu_32,0
2019,마사4043,cp2_bnu_38,3
2019,마사4043,cp2_bnu_46,5
2019,마사4043,cp2_bnu_49,0
2019,마사4044,cp2_bnu_23,0
2019,마사4044,cp2_bnu_36,0
2019,마사4044,cp2_bnu_41,3
2019,마사4044,cp2_bnu_42,0
2019,마사4044,cp2_bnu_46,3
2019,마사4044,cp2_bnu_47,0
2019,마사4044,cp2_bnu_73,0
2019,마사4045,cp2_bnu_13,3
2019,마사4045,cp2_bnu_46,3
2019,마사4045,cp2_bnu_47,0
2019,마사4046,cp2_bnu_10,3
2019,마사4046,cp2_bnu_13,0
2019,마사4046,cp2_bnu_16,3
2019,마사4046,cp2_bnu_20,3
2019,마사4046,cp2_bnu_25,3
2019,마사4046,cp2_bnu_28,0
2019,마사4046,cp2_bnu_30,0
2019,마사4046,cp2_bnu_32,0
2019,마사4046,cp2_bnu_42,0
2019,마사4046,cp2_bnu_46,8
2019,마사4046,cp2_bnu_47,3
2019,마사4046,cp2_bnu_62,0
2019,마사4046,cp2_bnu_70,0
2019,마사4046,cp2_bnu_71,3
2019,마사4046,cp2_bnu_72,0
2019,마사4046,cp2_bnu_73,0
2019,마사4046,cp2_bnu_85,0
2019,마사4047,cp2_bnu_94,3
2019,마사4049,cp2_bnu_47,0
2019,마사4049,cp2_bnu_85,0
2019,마사4050,cp2_bnu_41,3
2019,마사4050,cp2_bnu_47,3
2019,마사4050,cp2_bnu_49,3
2019,마사4050,cp2_bnu_55,0
2019,마사4050,cp2_bnu_56,0
2019,마사4050,cp2_bnu_84,0
2019,마사4050,cp2_bnu_85,3
2019,마사4050,cp2_bnu_90,0
2019,마사4050,cp2_bnu_94,5
2019,마사4050,cp2_bnu_95,0
2019,마사4051,cp2_bnu_10,0
2019,마사4051,cp2_bnu_94,3
2019,마사4053,cp2_bnu_16,3
2019,마사4053,cp2_bnu_52,3
2019,마사4053,cp2_bnu_56,0
2019,마사4053,cp2_bnu_95,3
2019,마사4054,cp2_bnu_34,0
2019,마사4054,cp2_bnu_45,0
2019,마사4054,cp2_bnu_46,0
2019,마사4054,cp2_bnu_47,3
2019,마사4054,cp2_bnu_52,0
2019,마사4054,cp2_bnu_56,3
2019,마사4054,cp2_bnu_76,3
2019,마사4054,cp2_bnu_85,0
2019,마사4055,cp2_bnu_01,3
2019,마사4055,cp2_bnu_47,8
2019,마사4055,cp2_bnu_55,31
2019,마사4055,cp2_bnu_56,8
2019,마사4055,cp2_bnu_75,0
2019,마사4055,cp2_bnu_85,3
2019,마사4055,cp2_bnu_94,0
2019,마사4056,cp2_bnu_47,5
2019,마사4056,cp2_bnu_55,3
2019,마사4056,cp2_bnu_56,14
2019,마사4056,cp2_bnu_91,3
2019,마사4056,cp2_bnu_95,0
2019,마사4056,cp2_bnu_96,0
2019,마사4110,cp2_bnu_56,0
2019,마사4115,cp2_bnu_47,3
2019,마사4115,cp2_bnu_55,0
2019,마사4115,cp2_bnu_56,3
2019,마사4115,cp2_bnu_75,0
2019,마사4115,cp2_bnu_85,0
2019,마사4115,cp2_bnu_94,0
2019,마사4126,cp2_bnu_07,0
2019,마사4131,cp2_bnu_23,3
2019,마사4131,cp2_bnu_46,0
2019,마사4132,cp2_bnu_23,3
2019,마사4132,cp2_bnu_34,3
2019,마사4132,cp2_bnu_86,3
2019,마사4133,cp2_bnu_47,0
2019,마사4133,cp2_bnu_55,3
2019,마사4134,cp2_bnu_34,0
2019,마사4135,cp2_bnu_46,0
2019,마사4135,cp2_bnu_47,0
2019,마사4135,cp2_bnu_56,3
2019,마사4135,cp2_bnu_85,0
2019,마사4136,cp2_bnu_91,0
2019,마사4138,cp2_bnu_42,0
2019,마사4140,cp2_bnu_47,3
2019,마사4142,cp2_bnu_10,3
2019,마사4142,cp2_bnu_46,3
2019,마사4142,cp2_bnu_56,0
2019,마사4143,cp2_bnu_10,0
2019,마사4143,cp2_bnu_25,3
2019,마사4143,cp2_bnu_32,0
2019,마사4143,cp2_bnu_36,3
2019,마사4143,cp2_bnu_42,8
2019,마사4143,cp2_bnu_46,15
2019,마사4143,cp2_bnu_47,3
2019,마사4143,cp2_bnu_49,5
2019,마사4143,cp2_bnu_74,0
2019,마사4143,cp2_bnu_76,0
2019,마사4143,cp2_bnu_87,3
2019,마사4143,cp2_bnu_91,0
2019,마사4143,cp2_bnu_94,3
2019,마사4144,cp2_bnu_10,3
2019,마사4144,cp2_bnu_33,3
2019,마사4144,cp2_bnu_41,3
2019,마사4144,cp2_bnu_42,11
2019,마사4144,cp2_bnu_45,0
2019,마사4144,cp2_bnu_46,11
2019,마사4144,cp2_bnu_47,86
2019,마사4144,cp2_bnu_49,5
2019,마사4144,cp2_bnu_52,3
2019,마사4144,cp2_bnu_56,63
2019,마사4144,cp2_bnu_64,0
2019,마사4144,cp2_bnu_65,3
2019,마사4144,cp2_bnu_68,8
2019,마사4144,cp2_bnu_71,0
2019,마사4144,cp2_bnu_73,0
2019,마사4144,cp2_bnu_74,3
2019,마사4144,cp2_bnu_75,3
2019,마사4144,cp2_bnu_85,57
2019,마사4144,cp2_bnu_86,3
2019,마사4144,cp2_bnu_87,14
2019,마사4144,cp2_bnu_90,3
2019,마사4144,cp2_bnu_91,5
2019,마사4144,cp2_bnu_94,11
2019,마사4144,cp2_bnu_95,10
2019,마사4144,cp2_bnu_96,29
2019,마사4145,cp2_bnu_10,3
2019,마사4145,cp2_bnu_25,3
2019,마사4145,cp2_bnu_29,0
2019,마사4145,cp2_bnu_33,3
2019,마사4145,cp2_bnu_41,3
2019,마사4145,cp2_bnu_42,5
2019,마사4145,cp2_bnu_45,3
2019,마사4145,cp2_bnu_46,11
2019,마사4145,cp2_bnu_47,3
2019,마사4145,cp2_bnu_49,0
2019,마사4145,cp2_bnu_56,8
2019,마사4145,cp2_bnu_72,0
2019,마사4145,cp2_bnu_85,0
2019,마사4145,cp2_bnu_87,0
2019,마사4145,cp2_bnu_94,3
2019,마사4146,cp2_bnu_10,0
2019,마사4146,cp2_bnu_23,3
2019,마사4146,cp2_bnu_25,3
2019,마사4146,cp2_bnu_35,0
2019,마사4146,cp2_bnu_38,3
2019,마사4146,cp2_bnu_42,3
2019,마사4146,cp2_bnu_45,3
2019,마사4146,cp2_bnu_46,5
2019,마사4146,cp2_bnu_47,3
2019,마사4146,cp2_bnu_52,0
2019,마사4146,cp2_bnu_55,0
2019,마사4146,cp2_bnu_56,0
2019,마사4146,cp2_bnu_91,0
2019,마사4146,cp2_bnu_94,0
2019,마사4146,cp2_bnu_95,3
2019,마사4147,cp2_bnu_10,3
2019,마사4147,cp2_bnu_41,0
2019,마사4147,cp2_bnu_42,3
2019,마사4147,cp2_bnu_46,5
2019,마사4147,cp2_bnu_47,16
2019,마사4147,cp2_bnu_49,0
2019,마사4147,cp2_bnu_52,3
2019,마사4147,cp2_bnu_56,37
2019,마사4147,cp2_bnu_65,3
2019,마사4147,cp2_bnu_68,5
2019,마사4147,cp2_bnu_75,3
2019,마사4147,cp2_bnu_76,0
2019,마사4147,cp2_bnu_85,14
2019,마사4147,cp2_bnu_86,5
2019,마사4147,cp2_bnu_87,8
2019,마사4147,cp2_bnu_90,3
2019,마사4147,cp2_bnu_91,11
2019,마사4147,cp2_bnu_94,8
2019,마사4147,cp2_bnu_95,5
2019,마사4147,cp2_bnu_96,17
2019,마사4148,cp2_bnu_10,3
2019,마사4148,cp2_bnu_22,0
2019,마사4148,cp2_bnu_23,3
2019,마사4148,cp2_bnu_25,3
2019,마사4148,cp2_bnu_29,3
2019,마사4148,cp2_bnu_33,3
2019,마사4148,cp2_bnu_41,3
2019,마사4148,cp2_bnu_42,8
2019,마사4148,cp2_bnu_45,3
2019,마사4148,cp2_bnu_46,5
2019,마사4148,cp2_bnu_47,22
2019,마사4148,cp2_bnu_49,3
2019,마사4148,cp2_bnu_52,3
2019,마사4148,cp2_bnu_55,5
2019,마사4148,cp2_bnu_56,58
2019,마사4148,cp2_bnu_66,5
2019,마사4148,cp2_bnu_68,11
2019,마사4148,cp2_bnu_71,5
2019,마사4148,cp2_bnu_72,0
2019,마사4148,cp2_bnu_74,3
2019,마사4148,cp2_bnu_75,8
2019,마사4148,cp2_bnu_76,3
2019,마사4148,cp2_bnu_84,3
2019,마사4148,cp2_bnu_85,25
2019,마사4148,cp2_bnu_86,0
2019,마사4148,cp2_bnu_87,8
2019,마사4148,cp2_bnu_91,13
2019,마사4148,cp2_bnu_94,11
2019,마사4148,cp2_bnu_95,3
2019,마사4148,cp2_bnu_96,15
2019,마사4149,cp2_bnu_10,0
2019,마사4149,cp2_bnu_25,5
2019,마사4149,cp2_bnu_32,3
2019,마사4149,cp2_bnu_33,3
2019,마사4149,cp2_bnu_41,3
2019,마사4149,cp2_bnu_42,17
2019,마사4149,cp2_bnu_45,3
2019,마사4149,cp2_bnu_46,14
2019,마사4149,cp2_bnu_47,41
2019,마사4149,cp2_bnu_49,5
2019,마사4149,cp2_bnu_52,3
2019,마사4149,cp2_bnu_55,8
2019,마사4149,cp2_bnu_56,83
2019,마사4149,cp2_bnu_61,3
2019,마사4149,cp2_bnu_62,3
2019,마사4149,cp2_bnu_63,0
2019,마사4149,cp2_bnu_64,5
2019,마사4149,cp2_bnu_68,5
2019,마사4149,cp2_bnu_71,3
2019,마사4149,cp2_bnu_72,3
2019,마사4149,cp2_bnu_75,5
2019,마사4149,cp2_bnu_84,0
2019,마사4149,cp2_bnu_85,8
2019,마사4149,cp2_bnu_86,5
2019,마사4149,cp2_bnu_87,5
2019,마사4149,cp2_bnu_90,3
2019,마사4149,cp2_bnu_91,14
2019,마사4149,cp2_bnu_94,11
2019,마사4149,cp2_bnu_95,8
2019,마사4149,cp2_bnu_96,21
2019,마사4150,cp2_bnu_10,14
2019,마사4150,cp2_bnu_16,3
2019,마사4150,cp2_bnu_18,3
2019,마사4150,cp2_bnu_22,0
2019,마사4150,cp2_bnu_23,0
2019,마사4150,cp2_bnu_25,3
2019,마사4150,cp2_bnu_29,0
2019,마사4150,cp2_bnu_32,0
2019,마사4150,cp2_bnu_33,5
2019,마사4150,cp2_bnu_34,3
2019,마사4150,cp2_bnu_38,3
2019,마사4150,cp2_bnu_41,5
2019,마사4150,cp2_bnu_42,29
2019,마사4150,cp2_bnu_45,5
2019,마사4150,cp2_bnu_46,18
2019,마사4150,cp2_bnu_47,118
2019,마사4150,cp2_bnu_49,5
2019,마사4150,cp2_bnu_55,8
2019,마사4150,cp2_bnu_56,106
2019,마사4150,cp2_bnu_64,3
2019,마사4150,cp2_bnu_68,17
2019,마사4150,cp2_bnu_71,3
2019,마사4150,cp2_bnu_72,0
2019,마사4150,cp2_bnu_73,0
2019,마사4150,cp2_bnu_74,5
2019,마사4150,cp2_bnu_75,14
2019,마사4150,cp2_bnu_76,0
2019,마사4150,cp2_bnu_84,3
2019,마사4150,cp2_bnu_85,14
2019,마사4150,cp2_bnu_86,8
2019,마사4150,cp2_bnu_87,8
2019,마사4150,cp2_bnu_90,0
2019,마사4150,cp2_bnu_91,16
2019,마사4150,cp2_bnu_94,23
2019,마사4150,cp2_bnu_95,14
2019,마사4150,cp2_bnu_96,45
2019,마사4151,cp2_bnu_10,15
2019,마사4151,cp2_bnu_25,0
2019,마사4151,cp2_bnu_27,0
2019,마사4151,cp2_bnu_28,0
2019,마사4151,cp2_bnu_32,0
2019,마사4151,cp2_bnu_33,0
2019,마사4151,cp2_bnu_38,3
2019,마사4151,cp2_bnu_41,3
2019,마사4151,cp2_bnu_42,5
2019,마사4151,cp2_bnu_46,8
2019,마사4151,cp2_bnu_47,37
2019,마사4151,cp2_bnu_49,5
2019,마사4151,cp2_bnu_52,3
2019,마사4151,cp2_bnu_55,0
2019,마사4151,cp2_bnu_56,25
2019,마사4151,cp2_bnu_68,5
2019,마사4151,cp2_bnu_72,0
2019,마사4151,cp2_bnu_75,5
2019,마사4151,cp2_bnu_84,3
2019,마사4151,cp2_bnu_85,5
2019,마사4151,cp2_bnu_87,5
2019,마사4151,cp2_bnu_90,3
2019,마사4151,cp2_bnu_91,0
2019,마사4151,cp2_bnu_94,8
2019,마사4151,cp2_bnu_95,5
2019,마사4151,cp2_bnu_96,11
2019,마사4152,cp2_bnu_22,0
2019,마사4152,cp2_bnu_36,0
2019,마사4152,cp2_bnu_42,3
2019,마사4152,cp2_bnu_46,0
2019,마사4152,cp2_bnu_47,8
2019,마사4152,cp2_bnu_56,0
2019,마사4152,cp2_bnu_68,3
2019,마사4152,cp2_bnu_76,3
2019,마사4152,cp2_bnu_84,0
2019,마사4152,cp2_bnu_85,5
2019,마사4152,cp2_bnu_86,3
2019,마사4152,cp2_bnu_87,3
2019,마사4152,cp2_bnu_94,0
2019,마사4152,cp2_bnu_96,3
2019,마사4153,cp2_bnu_27,3
2019,마사4153,cp2_bnu_34,3
2019,마사4153,cp2_bnu_41,0
2019,마사4153,cp2_bnu_42,3
2019,마사4153,cp2_bnu_46,0
2019,마사4153,cp2_bnu_47,3
2019,마사4154,cp2_bnu_02,0
2019,마사4154,cp2_bnu_16,0
2019,마사4154,cp2_bnu_31,0
2019,마사4154,cp2_bnu_33,0
2019,마사4154,cp2_bnu_35,0
2019,마사4154,cp2_bnu_38,0
2019,마사4154,cp2_bnu_42,0
2019,마사4154,cp2_bnu_47,5
2019,마사4154,cp2_bnu_55,5
2019,마사4154,cp2_bnu_56,0
2019,마사4154,cp2_bnu_70,0
2019,마사4154,cp2_bnu_94,0
2019,마사4155,cp2_bnu_34,0
2019,마사4155,cp2_bnu_49,3
2019,마사4155,cp2_bnu_55,5
2019,마사4155,cp2_bnu_56,0
2019,마사4155,cp2_bnu_74,3
2019,마사4155,cp2_bnu_87,3
2019,마사4220,cp2_bnu_94,0
2019,마사4230,cp2_bnu_55,5
2019,마사4233,cp2_bnu_94,0
2019,마사4234,cp2_bnu_46,0
2019,마사4235,cp2_bnu_10,0
2019,마사4235,cp2_bnu_49,0
2019,마사4235,cp2_bnu_56,0
2019,마사4235,cp2_bnu_84,0
2019,마사4236,cp2_bnu_23,3
2019,마사4236,cp2_bnu_42,5
2019,마사4236,cp2_bnu_46,0
2019,마사4236,cp2_bnu_47,5
2019,마사4236,cp2_bnu_52,0
2019,마사4236,cp2_bnu_56,5
2019,마사4236,cp2_bnu_61,0
2019,마사4236,cp2_bnu_64,0
2019,마사4236,cp2_bnu_74,0
2019,마사4236,cp2_bnu_84,3
2019,마사4236,cp2_bnu_85,3
2019,마사4236,cp2_bnu_86,3
2019,마사4236,cp2_bnu_87,0
2019,마사4236,cp2_bnu_90,0
2019,마사4236,cp2_bnu_94,3
2019,마사4236,cp2_bnu_95,0
2019,마사4236,cp2_bnu_96,0
2019,마사4237,cp2_bnu_10,3
2019,마사4237,cp2_bnu_33,0
2019,마사4239,cp2_bnu_42,3
2019,마사4240,cp2_bnu_96,3
2019,마사4241,cp2_bnu_42,5
2019,마사4241,cp2_bnu_45,0
2019,마사4241,cp2_bnu_46,5
2019,마사4241,cp2_bnu_47,3
2019,마사4241,cp2_bnu_49,3
2019,마사4241,cp2_bnu_56,3
2019,마사4241,cp2_bnu_91,3
2019,마사4241,cp2_bnu_95,3
2019,마사4241,cp2_bnu_96,3
2019,마사4242,cp2_bnu_10,0
2019,마사4242,cp2_bnu_32,0
2019,마사4242,cp2_bnu_34,0
2019,마사4242,cp2_bnu_42,0
2019,마사4242,cp2_bnu_45,0
2019,마사4242,cp2_bnu_46,0
2019,마사4242,cp2_bnu_47,3
2019,마사4242,cp2_bnu_56,0
2019,마사4242,cp2_bnu_76,0
2019,마사4242,cp2_bnu_84,0
2019,마사4242,cp2_bnu_87,3
2019,마사4242,cp2_bnu_95,3
2019,마사4243,cp2_bnu_10,3
2019,마사4243,cp2_bnu_13,0
2019,마사4243,cp2_bnu_25,0
2019,마사4243,cp2_bnu_33,0
2019,마사4243,cp2_bnu_34,5
2019,마사4243,cp2_bnu_35,0
2019,마사4243,cp2_bnu_38,0
2019,마사4243,cp2_bnu_42,11
2019,마사4243,cp2_bnu_45,5
2019,마사4243,cp2_bnu_46,17
2019,마사4243,cp2_bnu_47,11
2019,마사4243,cp2_bnu_49,5
2019,마사4243,cp2_bnu_56,23
2019,마사4243,cp2_bnu_64,5
2019,마사4243,cp2_bnu_68,5
2019,마사4243,cp2_bnu_74,0
2019,마사4243,cp2_bnu_75,0
2019,마사4243,cp2_bnu_76,5
2019,마사4243,cp2_bnu_85,8
2019,마사4243,cp2_bnu_87,5
2019,마사4243,cp2_bnu_90,0
2019,마사4243,cp2_bnu_91,3
2019,마사4243,cp2_bnu_94,5
2019,마사4243,cp2_bnu_95,11
2019,마사4243,cp2_bnu_96,11
2019,마사4244,cp2_bnu_10,5
2019,마사4244,cp2_bnu_13,3
2019,마사4244,cp2_bnu_18,3
2019,마사4244,cp2_bnu_23,3
2019,마사4244,cp2_bnu_28,3
2019,마사4244,cp2_bnu_33,0
2019,마사4244,cp2_bnu_34,3
2019,마사4244,cp2_bnu_41,3
2019,마사4244,cp2_bnu_42,11
2019,마사4244,cp2_bnu_45,8
2019,마사4244,cp2_bnu_46,11
2019,마사4244,cp2_bnu_47,108
2019,마사4244,cp2_bnu_49,5
2019,마사4244,cp2_bnu_52,3
2019,마사4244,cp2_bnu_55,3
2019,마사4244,cp2_bnu_56,196
2019,마사4244,cp2_bnu_61,0
2019,마사4244,cp2_bnu_64,5
2019,마사4244,cp2_bnu_68,14
2019,마사4244,cp2_bnu_73,5
2019,마사4244,cp2_bnu_74,3
2019,마사4244,cp2_bnu_75,3
2019,마사4244,cp2_bnu_76,5
2019,마사4244,cp2_bnu_84,3
2019,마사4244,cp2_bnu_85,31
2019,마사4244,cp2_bnu_86,18
2019,마사4244,cp2_bnu_87,14
2019,마사4244,cp2_bnu_90,3
2019,마사4244,cp2_bnu_91,30
2019,마사4244,cp2_bnu_94,8
2019,마사4244,cp2_bnu_95,8
2019,마사4244,cp2_bnu_96,47
2019,마사4245,cp2_bnu_10,5
2019,마사4245,cp2_bnu_23,0
2019,마사4245,cp2_bnu_24,0
2019,마사4245,cp2_bnu_25,5
2019,마사4245,cp2_bnu_28,0
2019,마사4245,cp2_bnu_32,3
2019,마사4245,cp2_bnu_33,0
2019,마사4245,cp2_bnu_34,5
2019,마사4245,cp2_bnu_41,3
2019,마사4245,cp2_bnu_42,18
2019,마사4245,cp2_bnu_45,13
2019,마사4245,cp2_bnu_46,31
2019,마사4245,cp2_bnu_47,33
2019,마사4245,cp2_bnu_49,14
2019,마사4245,cp2_bnu_52,3
2019,마사4245,cp2_bnu_55,5
2019,마사4245,cp2_bnu_56,57
2019,마사4245,cp2_bnu_66,3
2019,마사4245,cp2_bnu_68,3
2019,마사4245,cp2_bnu_71,0
2019,마사4245,cp2_bnu_72,3
2019,마사4245,cp2_bnu_74,3
2019,마사4245,cp2_bnu_75,3
2019,마사4245,cp2_bnu_76,5
2019,마사4245,cp2_bnu_85,5
2019,마사4245,cp2_bnu_87,3
2019,마사4245,cp2_bnu_90,0
2019,마사4245,cp2_bnu_91,5
2019,마사4245,cp2_bnu_94,3
2019,마사4245,cp2_bnu_95,8
2019,마사4245,cp2_bnu_96,11
2019,마사4246,cp2_bnu_32,3
2019,마사4246,cp2_bnu_41,0
2019,마사4246,cp2_bnu_42,12
2019,마사4246,cp2_bnu_45,0
2019,마사4246,cp2_bnu_46,3
2019,마사4246,cp2_bnu_47,10
2019,마사4246,cp2_bnu_49,8
2019,마사4246,cp2_bnu_56,3
2019,마사4246,cp2_bnu_68,0
2019,마사4246,cp2_bnu_72,3
2019,마사4246,cp2_bnu_85,0
2019,마사4246,cp2_bnu_86,3
2019,마사4246,cp2_bnu_87,3
2019,마사4246,cp2_bnu_95,3
2019,마사4246,cp2_bnu_96,0
2019,마사4247,cp2_bnu_07,0
2019,마사4247,cp2_bnu_10,3
2019,마사4247,cp2_bnu_18,3
2019,마사4247,cp2_bnu_25,3
2019,마사4247,cp2_bnu_26,3
2019,마사4247,cp2_bnu_27,3
2019,마사4247,cp2_bnu_32,0
2019,마사4247,cp2_bnu_33,8
2019,마사4247,cp2_bnu_34,0
2019,마사4247,cp2_bnu_41,3
2019,마사4247,cp2_bnu_42,15
2019,마사4247,cp2_bnu_45,5
2019,마사4247,cp2_bnu_46,16
2019,마사4247,cp2_bnu_47,117
2019,마사4247,cp2_bnu_55,11
2019,마사4247,cp2_bnu_56,102
2019,마사4247,cp2_bnu_58,3
2019,마사4247,cp2_bnu_64,0
2019,마사4247,cp2_bnu_65,3
2019,마사4247,cp2_bnu_66,5
2019,마사4247,cp2_bnu_68,11
2019,마사4247,cp2_bnu_71,0
2019,마사4247,cp2_bnu_72,5
2019,마사4247,cp2_bnu_73,8
2019,마사4247,cp2_bnu_74,3
2019,마사4247,cp2_bnu_75,0
2019,마사4247,cp2_bnu_76,5
2019,마사4247,cp2_bnu_84,0
2019,마사4247,cp2_bnu_85,36
2019,마사4247,cp2_bnu_86,5
2019,마사4247,cp2_bnu_87,12
2019,마사4247,cp2_bnu_90,8
2019,마사4247,cp2_bnu_91,8
2019,마사4247,cp2_bnu_94,17
2019,마사4247,cp2_bnu_95,21
2019,마사4247,cp2_bnu_96,57
2019,마사4248,cp2_bnu_10,3
2019,마사4248,cp2_bnu_18,3
2019,마사4248,cp2_bnu_25,3
2019,마사4248,cp2_bnu_29,3
2019,마사4248,cp2_bnu_33,3
2019,마사4248,cp2_bnu_35,0
2019,마사4248,cp2_bnu_41,8
2019,마사4248,cp2_bnu_42,8
2019,마사4248,cp2_bnu_45,0
2019,마사4248,cp2_bnu_46,14
2019,마사4248,cp2_bnu_47,262
2019,마사4248,cp2_bnu_49,3
2019,마사4248,cp2_bnu_50,0
2019,마사4248,cp2_bnu_52,5
2019,마사4248,cp2_bnu_55,11
2019,마사4248,cp2_bnu_56,307
2019,마사4248,cp2_bnu_58,3
2019,마사4248,cp2_bnu_59,5
2019,마사4248,cp2_bnu_61,0
2019,마사4248,cp2_bnu_64,11
2019,마사4248,cp2_bnu_65,20
2019,마사4248,cp2_bnu_66,8
2019,마사4248,cp2_bnu_68,31
2019,마사4248,cp2_bnu_71,23
2019,마사4248,cp2_bnu_72,11
2019,마사4248,cp2_bnu_73,5
2019,마사4248,cp2_bnu_75,3
2019,마사4248,cp2_bnu_76,5
2019,마사4248,cp2_bnu_84,11
2019,마사4248,cp2_bnu_85,65
2019,마사4248,cp2_bnu_86,47
2019,마사4248,cp2_bnu_87,14
2019,마사4248,cp2_bnu_90,8
2019,마사4248,cp2_bnu_91,48
2019,마사4248,cp2_bnu_94,20
2019,마사4248,cp2_bnu_95,20
2019,마사4248,cp2_bnu_96,87
2019,마사4249,cp2_bnu_10,8
2019,마사4249,cp2_bnu_18,3
2019,마사4249,cp2_bnu_22,0
2019,마사4249,cp2_bnu_28,0
2019,마사4249,cp2_bnu_42,5
2019,마사4249,cp2_bnu_46,11
2019,마사4249,cp2_bnu_47,23
2019,마사4249,cp2_bnu_49,3
2019,마사4249,cp2_bnu_56,61
2019,마사4249,cp2_bnu_68,8
2019,마사4249,cp2_bnu_70,3
2019,마사4249,cp2_bnu_72,0
2019,마사4249,cp2_bnu_75,3
2019,마사4249,cp2_bnu_85,26
2019,마사4249,cp2_bnu_86,0
2019,마사4249,cp2_bnu_87,14
2019,마사4249,cp2_bnu_91,3
2019,마사4249,cp2_bnu_94,3
2019,마사4249,cp2_bnu_95,8
2019,마사4249,cp2_bnu_96,20
2019,마사4250,cp2_bnu_10,5
2019,마사4250,cp2_bnu_25,3
2019,마사4250,cp2_bnu_41,0
2019,마사4250,cp2_bnu_42,11
2019,마사4250,cp2_bnu_46,8
2019,마사4250,cp2_bnu_47,29
2019,마사4250,cp2_bnu_49,3
2019,마사4250,cp2_bnu_52,3
2019,마사4250,cp2_bnu_55,3
2019,마사4250,cp2_bnu_56,23
2019,마사4250,cp2_bnu_68,3
2019,마사4250,cp2_bnu_75,3
2019,마사4250,cp2_bnu_84,3
2019,마사4250,cp2_bnu_85,3
2019,마사4250,cp2_bnu_87,3
2019,마사4250,cp2_bnu_90,0
2019,마사4250,cp2_bnu_94,5
2019,마사4250,cp2_bnu_95,5
2019,마사4250,cp2_bnu_96,9
2019,마사4251,cp2_bnu_10,12
2019,마사4251,cp2_bnu_11,0
2019,마사4251,cp2_bnu_13,3
2019,마사4251,cp2_bnu_14,3
2019,마사4251,cp2_bnu_15,0
2019,마사4251,cp2_bnu_18,0
2019,마사4251,cp2_bnu_25,3
2019,마사4251,cp2_bnu_33,0
2019,마사4251,cp2_bnu_34,11
2019,마사4251,cp2_bnu_41,5
2019,마사4251,cp2_bnu_42,0
2019,마사4251,cp2_bnu_46,24
2019,마사4251,cp2_bnu_47,291
2019,마사4251,cp2_bnu_49,0
2019,마사4251,cp2_bnu_50,0
2019,마사4251,cp2_bnu_52,5
2019,마사4251,cp2_bnu_55,20
2019,마사4251,cp2_bnu_56,171
2019,마사4251,cp2_bnu_61,3
2019,마사4251,cp2_bnu_64,5
2019,마사4251,cp2_bnu_73,3
2019,마사4251,cp2_bnu_74,0
2019,마사4251,cp2_bnu_75,3
2019,마사4251,cp2_bnu_76,0
2019,마사4251,cp2_bnu_84,5
2019,마사4251,cp2_bnu_85,3
2019,마사4251,cp2_bnu_86,9
2019,마사4251,cp2_bnu_87,5
2019,마사4251,cp2_bnu_90,0
2019,마사4251,cp2_bnu_91,5
2019,마사4251,cp2_bnu_94,11
2019,마사4251,cp2_bnu_95,14
2019,마사4251,cp2_bnu_96,36
2019,마사4252,cp2_bnu_10,12
2019,마사4252,cp2_bnu_42,0
2019,마사4252,cp2_bnu_46,5
2019,마사4252,cp2_bnu_47,3
2019,마사4252,cp2_bnu_49,0
2019,마사4252,cp2_bnu_55,3
2019,마사4252,cp2_bnu_56,3
2019,마사4252,cp2_bnu_68,3
2019,마사4252,cp2_bnu_73,3
2019,마사4252,cp2_bnu_84,0
2019,마사4252,cp2_bnu_85,0
2019,마사4252,cp2_bnu_87,0
2019,마사4252,cp2_bnu_90,0
2019,마사4252,cp2_bnu_94,5
2019,마사4252,cp2_bnu_96,3
2019,마사4253,cp2_bnu_47,5
2019,마사4253,cp2_bnu_55,16
2019,마사4253,cp2_bnu_56,8
2019,마사4253,cp2_bnu_87,3
2019,마사4253,cp2_bnu_94,3
2019,마사4254,cp2_bnu_03,0
2019,마사4254,cp2_bnu_37,0
2019,마사4254,cp2_bnu_38,0
2019,마사4254,cp2_bnu_46,3
2019,마사4254,cp2_bnu_47,8
2019,마사4254,cp2_bnu_55,14
2019,마사4254,cp2_bnu_56,5
2019,마사4254,cp2_bnu_75,3
2019,마사4254,cp2_bnu_76,0
2019,마사4254,cp2_bnu_84,0
2019,마사4254,cp2_bnu_91,0
2019,마사4254,cp2_bnu_95,0
2019,마사4307,cp2_bnu_55,0
2019,마사4321,cp2_bnu_94,3
2019,마사4330,cp2_bnu_56,0
2019,마사4335,cp2_bnu_94,3
2019,마사4336,cp2_bnu_01,0
2019,마사4336,cp2_bnu_55,0
2019,마사4336,cp2_bnu_56,0
2019,마사4337,cp2_bnu_56,3
2019,마사4339,cp2_bnu_23,3
2019,마사4339,cp2_bnu_25,3
2019,마사4339,cp2_bnu_41,3
2019,마사4339,cp2_bnu_42,5
2019,마사4339,cp2_bnu_46,5
2019,마사4339,cp2_bnu_49,0
2019,마사4339,cp2_bnu_85,0
2019,마사4339,cp2_bnu_96,3
2019,마사4340,cp2_bnu_10,0
2019,마사4340,cp2_bnu_23,0
2019,마사4340,cp2_bnu_24,3
2019,마사4340,cp2_bnu_46,5
2019,마사4340,cp2_bnu_47,3
2019,마사4340,cp2_bnu_95,3
2019,마사4340,cp2_bnu_96,3
2019,마사4342,cp2_bnu_13,3
2019,마사4342,cp2_bnu_23,0
2019,마사4342,cp2_bnu_25,0
2019,마사4342,cp2_bnu_32,0
2019,마사4342,cp2_bnu_34,5
2019,마사4342,cp2_bnu_42,3
2019,마사4342,cp2_bnu_45,8
2019,마사4342,cp2_bnu_46,5
2019,마사4342,cp2_bnu_49,3
2019,마사4342,cp2_bnu_52,3
2019,마사4342,cp2_bnu_56,3
2019,마사4342,cp2_bnu_68,3
2019,마사4342,cp2_bnu_72,0
2019,마사4342,cp2_bnu_76,5
2019,마사4342,cp2_bnu_91,0
2019,마사4342,cp2_bnu_95,5
2019,마사4343,cp2_bnu_10,14
2019,마사4343,cp2_bnu_13,5
2019,마사4343,cp2_bnu_14,0
2019,마사4343,cp2_bnu_16,0
2019,마사4343,cp2_bnu_18,3
2019,마사4343,cp2_bnu_20,3
2019,마사4343,cp2_bnu_25,0
2019,마사4343,cp2_bnu_32,3
2019,마사4343,cp2_bnu_34,3
2019,마사4343,cp2_bnu_41,0
2019,마사4343,cp2_bnu_42,11
2019,마사4343,cp2_bnu_45,8
2019,마사4343,cp2_bnu_46,26
2019,마사4343,cp2_bnu_47,87
2019,마사4343,cp2_bnu_49,5
2019,마사4343,cp2_bnu_56,91
2019,마사4343,cp2_bnu_61,0
2019,마사4343,cp2_bnu_64,0
2019,마사4343,cp2_bnu_68,5
2019,마사4343,cp2_bnu_72,0
2019,마사4343,cp2_bnu_73,0
2019,마사4343,cp2_bnu_74,3
2019,마사4343,cp2_bnu_75,0
2019,마사4343,cp2_bnu_84,3
2019,마사4343,cp2_bnu_85,8
2019,마사4343,cp2_bnu_86,5
2019,마사4343,cp2_bnu_87,8
2019,마사4343,cp2_bnu_91,5
2019,마사4343,cp2_bnu_94,5
2019,마사4343,cp2_bnu_95,14
2019,마사4343,cp2_bnu_96,28
2019,마사4344,cp2_bnu_23,5
2019,마사4344,cp2_bnu_25,3
2019,마사4344,cp2_bnu_28,3
2019,마사4344,cp2_bnu_32,3
2019,마사4344,cp2_bnu_38,3
2019,마사4344,cp2_bnu_41,0
2019,마사4344,cp2_bnu_42,5
2019,마사4344,cp2_bnu_46,5
2019,마사4344,cp2_bnu_47,14
2019,마사4344,cp2_bnu_49,3
2019,마사4344,cp2_bnu_52,7
2019,마사4344,cp2_bnu_55,0
2019,마사4344,cp2_bnu_56,9
2019,마사4344,cp2_bnu_63,0
2019,마사4344,cp2_bnu_71,3
2019,마사4344,cp2_bnu_73,0
2019,마사4344,cp2_bnu_74,3
2019,마사4344,cp2_bnu_75,3
2019,마사4344,cp2_bnu_76,3
2019,마사4344,cp2_bnu_85,0
2019,마사4344,cp2_bnu_95,3
2019,마사4344,cp2_bnu_96,0
2019,마사4345,cp2_bnu_10,5
2019,마사4345,cp2_bnu_14,0
2019,마사4345,cp2_bnu_18,0
2019,마사4345,cp2_bnu_23,3
2019,마사4345,cp2_bnu_25,3
2019,마사4345,cp2_bnu_27,0
2019,마사4345,cp2_bnu_29,3
2019,마사4345,cp2_bnu_32,0
2019,마사4345,cp2_bnu_33,3
2019,마사4345,cp2_bnu_34,3
2019,마사4345,cp2_bnu_41,5
2019,마사4345,cp2_bnu_42,26
2019,마사4345,cp2_bnu_45,3
2019,마사4345,cp2_bnu_46,35
2019,마사4345,cp2_bnu_47,56
2019,마사4345,cp2_bnu_49,11
2019,마사4345,cp2_bnu_52,11
2019,마사4345,cp2_bnu_55,8
2019,마사4345,cp2_bnu_56,84
2019,마사4345,cp2_bnu_61,0
2019,마사4345,cp2_bnu_64,5
2019,마사4345,cp2_bnu_68,0
2019,마사4345,cp2_bnu_72,3
2019,마사4345,cp2_bnu_73,3
2019,마사4345,cp2_bnu_74,5
2019,마사4345,cp2_bnu_75,0
2019,마사4345,cp2_bnu_76,5
2019,마사4345,cp2_bnu_84,0
2019,마사4345,cp2_bnu_85,3
2019,마사4345,cp2_bnu_86,0
2019,마사4345,cp2_bnu_87,5
2019,마사4345,cp2_bnu_90,3
2019,마사4345,cp2_bnu_91,5
2019,마사4345,cp2_bnu_94,3
2019,마사4345,cp2_bnu_95,11
2019,마사4345,cp2_bnu_96,30
2019,마사4346,cp2_bnu_10,0
2019,마사4346,cp2_bnu_23,0
2019,마사4346,cp2_bnu_24,0
2019,마사4346,cp2_bnu_25,5
2019,마사4346,cp2_bnu_32,5
2019,마사4346,cp2_bnu_34,0
2019,마사4346,cp2_bnu_41,3
2019,마사4346,cp2_bnu_42,10
2019,마사4346,cp2_bnu_45,3
2019,마사4346,cp2_bnu_46,5
2019,마사4346,cp2_bnu_47,8
2019,마사4346,cp2_bnu_49,5
2019,마사4346,cp2_bnu_56,3
2019,마사4346,cp2_bnu_68,0
2019,마사4346,cp2_bnu_71,3
2019,마사4346,cp2_bnu_72,0
2019,마사4346,cp2_bnu_75,0
2019,마사4346,cp2_bnu_85,0
2019,마사4346,cp2_bnu_87,3
2019,마사4346,cp2_bnu_95,3
2019,마사4347,cp2_bnu_10,5
2019,마사4347,cp2_bnu_17,0
2019,마사4347,cp2_bnu_27,0
2019,마사4347,cp2_bnu_28,0
2019,마사4347,cp2_bnu_29,0
2019,마사4347,cp2_bnu_32,0
2019,마사4347,cp2_bnu_33,8
2019,마사4347,cp2_bnu_34,3
2019,마사4347,cp2_bnu_41,8
2019,마사4347,cp2_bnu_42,33
2019,마사4347,cp2_bnu_45,3
2019,마사4347,cp2_bnu_46,35
2019,마사4347,cp2_bnu_47,40
2019,마사4347,cp2_bnu_49,0
2019,마사4347,cp2_bnu_50,0
2019,마사4347,cp2_bnu_52,9
2019,마사4347,cp2_bnu_55,3
2019,마사4347,cp2_bnu_56,165
2019,마사4347,cp2_bnu_65,3
2019,마사4347,cp2_bnu_66,5
2019,마사4347,cp2_bnu_68,8
2019,마사4347,cp2_bnu_71,3
2019,마사4347,cp2_bnu_72,11
2019,마사4347,cp2_bnu_73,3
2019,마사4347,cp2_bnu_74,3
2019,마사4347,cp2_bnu_75,11
2019,마사4347,cp2_bnu_76,5
2019,마사4347,cp2_bnu_85,17
2019,마사4347,cp2_bnu_86,3
2019,마사4347,cp2_bnu_87,8
2019,마사4347,cp2_bnu_91,8
2019,마사4347,cp2_bnu_94,20
2019,마사4347,cp2_bnu_95,11
2019,마사4347,cp2_bnu_96,22
2019,마사4348,cp2_bnu_41,0
2019,마사4348,cp2_bnu_42,0
2019,마사4348,cp2_bnu_45,3
2019,마사4348,cp2_bnu_46,5
2019,마사4348,cp2_bnu_47,11
2019,마사4348,cp2_bnu_49,3
2019,마사4348,cp2_bnu_52,0
2019,마사4348,cp2_bnu_55,0
2019,마사4348,cp2_bnu_56,20
2019,마사4348,cp2_bnu_65,0
2019,마사4348,cp2_bnu_84,5
2019,마사4348,cp2_bnu_91,0
2019,마사4348,cp2_bnu_94,0
2019,마사4348,cp2_bnu_96,3
2019,마사4349,cp2_bnu_33,0
2019,마사4349,cp2_bnu_47,3
2019,마사4349,cp2_bnu_56,0
2019,마사4349,cp2_bnu_71,0
2019,마사4351,cp2_bnu_47,3
2019,마사4351,cp2_bnu_55,5
2019,마사4351,cp2_bnu_56,12
2019,마사4352,cp2_bnu_46,3
2019,마사4352,cp2_bnu_47,5
2019,마사4352,cp2_bnu_52,0
2019,마사4352,cp2_bnu_55,8
2019,마사4352,cp2_bnu_56,26
2019,마사4352,cp2_bnu_68,0
2019,마사4352,cp2_bnu_91,0
2019,마사4352,cp2_bnu_94,0
2019,마사4353,cp2_bnu_47,3
2019,마사4353,cp2_bnu_55,0
2019,마사4410,cp2_bnu_11,0
2019,마사4410,cp2_bnu_56,0
2019,마사4410,cp2_bnu_94,3
2019,마사4411,cp2_bnu_11,3
2019,마사4438,cp2_bnu_23,3
2019,마사4438,cp2_bnu_36,3
2019,마사4438,cp2_bnu_41,0
2019,마사4439,cp2_bnu_25,3
2019,마사4439,cp2_bnu_41,3
2019,마사4439,cp2_bnu_42,5
2019,마사4439,cp2_bnu_45,3
2019,마사4439,cp2_bnu_46,8
2019,마사4439,cp2_bnu_47,3
2019,마사4439,cp2_bnu_52,0
2019,마사4439,cp2_bnu_56,3
2019,마사4439,cp2_bnu_68,0
2019,마사4439,cp2_bnu_76,0
2019,마사4439,cp2_bnu_85,0
2019,마사4439,cp2_bnu_91,0
2019,마사4439,cp2_bnu_95,3
2019,마사4440,cp2_bnu_46,0
2019,마사4441,cp2_bnu_94,0
2019,마사4442,cp2_bnu_10,8
2019,마사4442,cp2_bnu_16,0
2019,마사4442,cp2_bnu_22,3
2019,마사4442,cp2_bnu_23,3
2019,마사4442,cp2_bnu_25,5
2019,마사4442,cp2_bnu_28,3
2019,마사4442,cp2_bnu_42,5
2019,마사4442,cp2_bnu_46,17
2019,마사4442,cp2_bnu_47,5
2019,마사4442,cp2_bnu_49,3
2019,마사4442,cp2_bnu_52,3
2019,마사4442,cp2_bnu_56,0
2019,마사4442,cp2_bnu_94,0
2019,마사4443,cp2_bnu_10,5
2019,마사4443,cp2_bnu_11,3
2019,마사4443,cp2_bnu_16,3
2019,마사4443,cp2_bnu_18,0
2019,마사4443,cp2_bnu_22,3
2019,마사4443,cp2_bnu_23,0
2019,마사4443,cp2_bnu_24,0
2019,마사4443,cp2_bnu_25,14
2019,마사4443,cp2_bnu_28,3
2019,마사4443,cp2_bnu_29,0
2019,마사4443,cp2_bnu_31,0
2019,마사4443,cp2_bnu_32,3
2019,마사4443,cp2_bnu_33,5
2019,마사4443,cp2_bnu_34,3
2019,마사4443,cp2_bnu_38,0
2019,마사4443,cp2_bnu_41,0
2019,마사4443,cp2_bnu_42,23
2019,마사4443,cp2_bnu_46,14
2019,마사4443,cp2_bnu_47,15
2019,마사4443,cp2_bnu_49,5
2019,마사4443,cp2_bnu_52,3
2019,마사4443,cp2_bnu_56,13
2019,마사4443,cp2_bnu_68,3
2019,마사4443,cp2_bnu_75,3
2019,마사4443,cp2_bnu_76,0
2019,마사4443,cp2_bnu_85,3
2019,마사4443,cp2_bnu_95,4
2019,마사4443,cp2_bnu_96,3
2019,마사4444,cp2_bnu_10,3
2019,마사4444,cp2_bnu_42,3
2019,마사4445,cp2_bnu_11,3
2019,마사4445,cp2_bnu_25,0
2019,마사4445,cp2_bnu_33,3
2019,마사4445,cp2_bnu_41,3
2019,마사4445,cp2_bnu_42,5
2019,마사4445,cp2_bnu_46,0
2019,마사4445,cp2_bnu_47,0
2019,마사4445,cp2_bnu_49,0
2019,마사4445,cp2_bnu_95,3
2019,마사4446,cp2_bnu_91,3
2019,마사4509,cp2_bnu_47,0
2019,마사4510,cp2_bnu_10,0
2019,마사4510,cp2_bnu_55,0
2019,마사4510,cp2_bnu_56,0
2019,마사4529,cp2_bnu_23,0
2019,마사4538,cp2_bnu_41,5
2019,마사4538,cp2_bnu_42,8
2019,마사4538,cp2_bnu_46,5
2019,마사4538,cp2_bnu_47,3
2019,마사4538,cp2_bnu_49,0
2019,마사4538,cp2_bnu_56,5
2019,마사4538,cp2_bnu_68,3
2019,마사4538,cp2_bnu_85,0
2019,마사4538,cp2_bnu_87,5
2019,마사4538,cp2_bnu_96,0
2019,마사4539,cp2_bnu_32,0
2019,마사4539,cp2_bnu_42,3
2019,마사4539,cp2_bnu_46,5
2019,마사4539,cp2_bnu_49,0
2019,마사4539,cp2_bnu_56,3
2019,마사4539,cp2_bnu_85,0
2019,마사4539,cp2_bnu_94,0
2019,마사4539,cp2_bnu_95,0
2019,마사4541,cp2_bnu_41,0
2019,마사4541,cp2_bnu_42,0
2019,마사4541,cp2_bnu_47,3
2019,마사4541,cp2_bnu_91,3
2019,마사4542,cp2_bnu_10,8
2019,마사4542,cp2_bnu_16,0
2019,마사4542,cp2_bnu_17,0
2019,마사4542,cp2_bnu_22,0
2019,마사4542,cp2_bnu_23,3
2019,마사4542,cp2_bnu_24,3
2019,마사4542,cp2_bnu_25,3
2019,마사4542,cp2_bnu_29,3
2019,마사4542,cp2_bnu_31,3
2019,마사4542,cp2_bnu_32,5
2019,마사4542,cp2_bnu_34,0
2019,마사4542,cp2_bnu_35,3
2019,마사4542,cp2_bnu_42,8
2019,마사4542,cp2_bnu_45,5
2019,마사4542,cp2_bnu_46,8
2019,마사4542,cp2_bnu_47,5
2019,마사4542,cp2_bnu_49,3
2019,마사4542,cp2_bnu_52,3
2019,마사4542,cp2_bnu_56,3
2019,마사4542,cp2_bnu_68,0
2019,마사4542,cp2_bnu_76,0
2019,마사4542,cp2_bnu_84,0
2019,마사4542,cp2_bnu_85,0
2019,마사4542,cp2_bnu_86,3
2019,마사4542,cp2_bnu_95,8
2019,마사4542,cp2_bnu_96,0
2019,마사4543,cp2_bnu_10,5
2019,마사4543,cp2_bnu_16,5
2019,마사4543,cp2_bnu_22,3
2019,마사4543,cp2_bnu_23,3
2019,마사4543,cp2_bnu_24,0
2019,마사4543,cp2_bnu_25,8
2019,마사4543,cp2_bnu_29,5
2019,마사4543,cp2_bnu_32,0
2019,마사4543,cp2_bnu_34,3
2019,마사4543,cp2_bnu_35,0
2019,마사4543,cp2_bnu_42,3
2019,마사4543,cp2_bnu_46,3
2019,마사4543,cp2_bnu_47,3
2019,마사4543,cp2_bnu_52,3
2019,마사4543,cp2_bnu_56,3
2019,마사4544,cp2_bnu_35,0
2019,마사4544,cp2_bnu_37,3
2019,마사4544,cp2_bnu_42,0
2019,마사4544,cp2_bnu_46,3
2019,마사4544,cp2_bnu_47,0
2019,마사4544,cp2_bnu_52,3
2019,마사4544,cp2_bnu_56,0
2019,마사4544,cp2_bnu_74,3
2019,마사4603,cp2_bnu_10,0
2019,마사4605,cp2_bnu_10,3
2019,마사4606,cp2_bnu_47,3
2019,마사4606,cp2_bnu_55,0
2019,마사4606,cp2_bnu_56,0
2019,마사4607,cp2_bnu_55,0
2019,마사4627,cp2_bnu_10,0
2019,마사4633,cp2_bnu_94,0
2019,마사4638,cp2_bnu_42,3
2019,마사4638,cp2_bnu_46,0
2019,마사4638,cp2_bnu_56,8
2019,마사4638,cp2_bnu_74,3
2019,마사4638,cp2_bnu_87,11
2019,마사4638,cp2_bnu_90,0
2019,마사4638,cp2_bnu_91,3
2019,마사4638,cp2_bnu_94,3
2019,마사4638,cp2_bnu_96,0
2019,마사4639,cp2_bnu_25,3
2019,마사4639,cp2_bnu_33,3
2019,마사4639,cp2_bnu_41,0
2019,마사4639,cp2_bnu_42,5
2019,마사4639,cp2_bnu_46,0
2019,마사4639,cp2_bnu_47,8
2019,마사4639,cp2_bnu_56,9
2019,마사4639,cp2_bnu_59,0
2019,마사4639,cp2_bnu_68,5
2019,마사4639,cp2_bnu_72,0
2019,마사4639,cp2_bnu_74,0
2019,마사4639,cp2_bnu_75,3
2019,마사4639,cp2_bnu_84,3
2019,마사4639,cp2_bnu_85,10
2019,마사4639,cp2_bnu_87,5
2019,마사4639,cp2_bnu_90,3
2019,마사4639,cp2_bnu_94,8
2019,마사4639,cp2_bnu_95,0
2019,마사4639,cp2_bnu_96,5
2019,마사4640,cp2_bnu_10,5
2019,마사4640,cp2_bnu_16,0
2019,마사4640,cp2_bnu_23,0
2019,마사4640,cp2_bnu_32,0
2019,마사4640,cp2_bnu_41,0
2019,마사4640,cp2_bnu_42,5
2019,마사4640,cp2_bnu_46,5
2019,마사4640,cp2_bnu_47,10
2019,마사4640,cp2_bnu_49,0
2019,마사4640,cp2_bnu_50,0
2019,마사4640,cp2_bnu_52,0
2019,마사4640,cp2_bnu_55,0
2019,마사4640,cp2_bnu_56,3
2019,마사4640,cp2_bnu_61,0
2019,마사4640,cp2_bnu_70,5
2019,마사4640,cp2_bnu_71,0
2019,마사4640,cp2_bnu_72,0
2019,마사4640,cp2_bnu_75,3
2019,마사4640,cp2_bnu_85,4
2019,마사4640,cp2_bnu_87,3
2019,마사4640,cp2_bnu_94,3
2019,마사4640,cp2_bnu_95,3
2019,마사4640,cp2_bnu_96,3
2019,마사4641,cp2_bnu_02,0
2019,마사4641,cp2_bnu_22,3
2019,마사4641,cp2_bnu_29,3
2019,마사4641,cp2_bnu_32,3
2019,마사4641,cp2_bnu_34,0
2019,마사4641,cp2_bnu_38,3
2019,마사4641,cp2_bnu_42,8
2019,마사4641,cp2_bnu_45,3
2019,마사4641,cp2_bnu_46,8
2019,마사4641,cp2_bnu_47,8
2019,마사4641,cp2_bnu_49,5
2019,마사4641,cp2_bnu_55,0
2019,마사4641,cp2_bnu_56,8
2019,마사4641,cp2_bnu_61,0
2019,마사4641,cp2_bnu_68,3
2019,마사4641,cp2_bnu_72,3
2019,마사4641,cp2_bnu_94,0
2019,마사4641,cp2_bnu_95,0
2019,마사4642,cp2_bnu_23,0
2019,마사4642,cp2_bnu_25,0
2019,마사4642,cp2_bnu_46,0
2019,마사4642,cp2_bnu_47,3
2019,마사4642,cp2_bnu_55,11
2019,마사4642,cp2_bnu_56,5
2019,마사4642,cp2_bnu_85,0
2019,마사4643,cp2_bnu_10,3
2019,마사4643,cp2_bnu_13,0
2019,마사4643,cp2_bnu_17,3
2019,마사4643,cp2_bnu_20,3
2019,마사4643,cp2_bnu_29,0
2019,마사4643,cp2_bnu_42,0
2019,마사4643,cp2_bnu_46,5
2019,마사4643,cp2_bnu_47,10
2019,마사4643,cp2_bnu_50,3
2019,마사4643,cp2_bnu_55,19
2019,마사4643,cp2_bnu_56,15
2019,마사4643,cp2_bnu_68,0
2019,마사4643,cp2_bnu_70,3
2019,마사4643,cp2_bnu_75,0
2019,마사4643,cp2_bnu_84,0
2019,마사4643,cp2_bnu_85,0
2019,마사4643,cp2_bnu_91,0
2019,마사4703,cp2_bnu_47,3
2019,마사4703,cp2_bnu_55,3
2019,마사4704,cp2_bnu_47,3
2019,마사4704,cp2_bnu_55,3
2019,마사4704,cp2_bnu_56,5
2019,마사4704,cp2_bnu_75,3
2019,마사4704,cp2_bnu_91,0
2019,마사4704,cp2_bnu_94,3
2019,마사4705,cp2_bnu_55,0
2019,마사4706,cp2_bnu_94,0
2019,마사4721,cp2_bnu_91,0
2019,마사4728,cp2_bnu_84,5
2019,마사4728,cp2_bnu_86,3
2019,마사4728,cp2_bnu_94,0
2019,마사4729,cp2_bnu_47,0
2019,마사4729,cp2_bnu_56,3
2019,마사4735,cp2_bnu_07,0
2019,마사4736,cp2_bnu_41,3
2019,마사4736,cp2_bnu_42,4
2019,마사4736,cp2_bnu_91,3
2019,마사4738,cp2_bnu_07,3
2019,마사4738,cp2_bnu_10,3
2019,마사4738,cp2_bnu_25,5
2019,마사4738,cp2_bnu_32,3
2019,마사4738,cp2_bnu_33,3
2019,마사4738,cp2_bnu_34,0
2019,마사4738,cp2_bnu_41,3
2019,마사4738,cp2_bnu_42,36
2019,마사4738,cp2_bnu_45,3
2019,마사4738,cp2_bnu_46,17
2019,마사4738,cp2_bnu_47,21
2019,마사4738,cp2_bnu_49,5
2019,마사4738,cp2_bnu_55,3
2019,마사4738,cp2_bnu_56,20
2019,마사4738,cp2_bnu_64,0
2019,마사4738,cp2_bnu_68,5
2019,마사4738,cp2_bnu_72,3
2019,마사4738,cp2_bnu_74,5
2019,마사4738,cp2_bnu_75,8
2019,마사4738,cp2_bnu_76,3
2019,마사4738,cp2_bnu_85,5
2019,마사4738,cp2_bnu_86,3
2019,마사4738,cp2_bnu_87,3
2019,마사4738,cp2_bnu_91,3
2019,마사4738,cp2_bnu_94,11
2019,마사4738,cp2_bnu_95,14
2019,마사4738,cp2_bnu_96,8
2019,마사4739,cp2_bnu_01,3
2019,마사4739,cp2_bnu_02,0
2019,마사4739,cp2_bnu_07,3
2019,마사4739,cp2_bnu_10,45
2019,마사4739,cp2_bnu_13,5
2019,마사4739,cp2_bnu_14,3
2019,마사4739,cp2_bnu_16,3
2019,마사4739,cp2_bnu_18,3
2019,마사4739,cp2_bnu_20,3
2019,마사4739,cp2_bnu_22,5
2019,마사4739,cp2_bnu_23,0
2019,마사4739,cp2_bnu_24,0
2019,마사4739,cp2_bnu_25,8
2019,마사4739,cp2_bnu_27,3
2019,마사4739,cp2_bnu_28,5
2019,마사4739,cp2_bnu_32,3
2019,마사4739,cp2_bnu_33,11
2019,마사4739,cp2_bnu_34,5
2019,마사4739,cp2_bnu_35,3
2019,마사4739,cp2_bnu_36,0
2019,마사4739,cp2_bnu_37,5
2019,마사4739,cp2_bnu_38,8
2019,마사4739,cp2_bnu_41,23
2019,마사4739,cp2_bnu_42,93
2019,마사4739,cp2_bnu_45,8
2019,마사4739,cp2_bnu_46,50
2019,마사4739,cp2_bnu_47,544
2019,마사4739,cp2_bnu_49,15
2019,마사4739,cp2_bnu_52,11
2019,마사4739,cp2_bnu_55,36
2019,마사4739,cp2_bnu_56,567
2019,마사4739,cp2_bnu_61,3
2019,마사4739,cp2_bnu_64,11
2019,마사4739,cp2_bnu_65,14
2019,마사4739,cp2_bnu_66,14
2019,마사4739,cp2_bnu_68,30
2019,마사4739,cp2_bnu_71,17
2019,마사4739,cp2_bnu_72,18
2019,마사4739,cp2_bnu_73,8
2019,마사4739,cp2_bnu_74,5
2019,마사4739,cp2_bnu_75,19
2019,마사4739,cp2_bnu_76,11
2019,마사4739,cp2_bnu_84,5
2019,마사4739,cp2_bnu_85,69
2019,마사4739,cp2_bnu_86,33
2019,마사4739,cp2_bnu_87,26
2019,마사4739,cp2_bnu_90,16
2019,마사4739,cp2_bnu_91,67
2019,마사4739,cp2_bnu_94,75
2019,마사4739,cp2_bnu_95,40
2019,마사4739,cp2_bnu_96,156
2019,마사4740,cp2_bnu_02,0
2019,마사4740,cp2_bnu_07,0
2019,마사4740,cp2_bnu_10,3
2019,마사4740,cp2_bnu_25,0
2019,마사4740,cp2_bnu_26,0
2019,마사4740,cp2_bnu_28,0
2019,마사4740,cp2_bnu_33,5
2019,마사4740,cp2_bnu_34,0
2019,마사4740,cp2_bnu_35,3
2019,마사4740,cp2_bnu_41,8
2019,마사4740,cp2_bnu_42,24
2019,마사4740,cp2_bnu_45,0
2019,마사4740,cp2_bnu_46,14
2019,마사4740,cp2_bnu_47,32
2019,마사4740,cp2_bnu_49,3
2019,마사4740,cp2_bnu_56,45
2019,마사4740,cp2_bnu_63,0
2019,마사4740,cp2_bnu_64,0
2019,마사4740,cp2_bnu_65,3
2019,마사4740,cp2_bnu_66,3
2019,마사4740,cp2_bnu_68,11
2019,마사4740,cp2_bnu_70,4
2019,마사4740,cp2_bnu_71,3
2019,마사4740,cp2_bnu_72,21
2019,마사4740,cp2_bnu_73,0
2019,마사4740,cp2_bnu_74,3
2019,마사4740,cp2_bnu_75,5
2019,마사4740,cp2_bnu_76,3
2019,마사4740,cp2_bnu_84,5
2019,마사4740,cp2_bnu_85,21
2019,마사4740,cp2_bnu_87,14
2019,마사4740,cp2_bnu_91,8
2019,마사4740,cp2_bnu_94,8
2019,마사4740,cp2_bnu_95,3
2019,마사4740,cp2_bnu_96,11
2019,마사4741,cp2_bnu_01,0
2019,마사4741,cp2_bnu_28,0
2019,마사4741,cp2_bnu_32,3
2019,마사4741,cp2_bnu_34,0
2019,마사4741,cp2_bnu_38,0
2019,마사4741,cp2_bnu_42,11
2019,마사4741,cp2_bnu_46,5
2019,마사4741,cp2_bnu_47,8
2019,마사4741,cp2_bnu_55,8
2019,마사4741,cp2_bnu_56,11
2019,마사4741,cp2_bnu_60,0
2019,마사4741,cp2_bnu_76,3
2019,마사4741,cp2_bnu_87,0
2019,마사4741,cp2_bnu_91,0
2019,마사4741,cp2_bnu_94,3
2019,마사4741,cp2_bnu_95,5
2019,마사4742,cp2_bnu_10,0
2019,마사4742,cp2_bnu_32,3
2019,마사4742,cp2_bnu_42,3
2019,마사4742,cp2_bnu_46,5
2019,마사4742,cp2_bnu_47,9
2019,마사4742,cp2_bnu_52,3
2019,마사4742,cp2_bnu_55,15
2019,마사4742,cp2_bnu_56,44
2019,마사4742,cp2_bnu_68,3
2019,마사4742,cp2_bnu_75,3
2019,마사4742,cp2_bnu_76,3
2019,마사4742,cp2_bnu_91,3
2019,마사4742,cp2_bnu_94,0
2019,마사4742,cp2_bnu_96,0
2019,마사4805,cp2_bnu_55,3
2019,마사4809,cp2_bnu_94,0
2019,마사4819,cp2_bnu_10,0
2019,마사4819,cp2_bnu_34,3
2019,마사4819,cp2_bnu_47,0
2019,마사4820,cp2_bnu_13,3
2019,마사4820,cp2_bnu_47,3
2019,마사4820,cp2_bnu_84,0
2019,마사4820,cp2_bnu_85,0
2019,마사4820,cp2_bnu_86,3
2019,마사4820,cp2_bnu_94,3
2019,마사4826,cp2_bnu_94,0
2019,마사4836,cp2_bnu_10,3
2019,마사4836,cp2_bnu_42,3
2019,마사4836,cp2_bnu_46,3
2019,마사4836,cp2_bnu_47,5
2019,마사4836,cp2_bnu_94,3
2019,마사4838,cp2_bnu_10,5
2019,마사4838,cp2_bnu_14,0
2019,마사4838,cp2_bnu_23,3
2019,마사4838,cp2_bnu_25,3
2019,마사4838,cp2_bnu_30,0
2019,마사4838,cp2_bnu_33,0
2019,마사4838,cp2_bnu_34,3
2019,마사4838,cp2_bnu_35,0
2019,마사4838,cp2_bnu_38,3
2019,마사4838,cp2_bnu_42,11
2019,마사4838,cp2_bnu_45,3
2019,마사4838,cp2_bnu_46,8
2019,마사4838,cp2_bnu_47,53
2019,마사4838,cp2_bnu_49,3
2019,마사4838,cp2_bnu_56,8
2019,마사4838,cp2_bnu_65,3
2019,마사4838,cp2_bnu_68,3
2019,마사4838,cp2_bnu_71,3
2019,마사4838,cp2_bnu_72,3
2019,마사4838,cp2_bnu_74,3
2019,마사4838,cp2_bnu_75,3
2019,마사4838,cp2_bnu_76,0
2019,마사4838,cp2_bnu_87,6
2019,마사4838,cp2_bnu_91,0
2019,마사4838,cp2_bnu_94,12
2019,마사4838,cp2_bnu_95,5
2019,마사4838,cp2_bnu_96,0
2019,마사4839,cp2_bnu_02,0
2019,마사4839,cp2_bnu_10,5
2019,마사4839,cp2_bnu_16,3
2019,마사4839,cp2_bnu_23,0
2019,마사4839,cp2_bnu_32,0
2019,마사4839,cp2_bnu_37,0
2019,마사4839,cp2_bnu_41,3
2019,마사4839,cp2_bnu_42,21
2019,마사4839,cp2_bnu_46,11
2019,마사4839,cp2_bnu_47,20
2019,마사4839,cp2_bnu_49,5
2019,마사4839,cp2_bnu_55,0
2019,마사4839,cp2_bnu_56,43
2019,마사4839,cp2_bnu_58,0
2019,마사4839,cp2_bnu_61,3
2019,마사4839,cp2_bnu_66,0
2019,마사4839,cp2_bnu_68,8
2019,마사4839,cp2_bnu_71,0
2019,마사4839,cp2_bnu_72,3
2019,마사4839,cp2_bnu_73,0
2019,마사4839,cp2_bnu_75,3
2019,마사4839,cp2_bnu_76,3
2019,마사4839,cp2_bnu_84,0
2019,마사4839,cp2_bnu_85,31
2019,마사4839,cp2_bnu_86,0
2019,마사4839,cp2_bnu_87,11
2019,마사4839,cp2_bnu_90,3
2019,마사4839,cp2_bnu_91,9
2019,마사4839,cp2_bnu_94,5
2019,마사4839,cp2_bnu_95,5
2019,마사4839,cp2_bnu_96,25
2019,마사4840,cp2_bnu_07,0
2019,마사4840,cp2_bnu_10,3
2019,마사4840,cp2_bnu_13,0
2019,마사4840,cp2_bnu_25,5
2019,마사4840,cp2_bnu_34,0
2019,마사4840,cp2_bnu_41,3
2019,마사4840,cp2_bnu_42,21
2019,마사4840,cp2_bnu_45,3
2019,마사4840,cp2_bnu_46,5
2019,마사4840,cp2_bnu_47,39
2019,마사4840,cp2_bnu_49,0
2019,마사4840,cp2_bnu_52,0
2019,마사4840,cp2_bnu_55,3
2019,마사4840,cp2_bnu_56,97
2019,마사4840,cp2_bnu_64,3
2019,마사4840,cp2_bnu_68,14
2019,마사4840,cp2_bnu_70,0
2019,마사4840,cp2_bnu_71,3
2019,마사4840,cp2_bnu_74,3
2019,마사4840,cp2_bnu_75,3
2019,마사4840,cp2_bnu_76,0
2019,마사4840,cp2_bnu_84,4
2019,마사4840,cp2_bnu_85,18
2019,마사4840,cp2_bnu_86,5
2019,마사4840,cp2_bnu_87,12
2019,마사4840,cp2_bnu_90,3
2019,마사4840,cp2_bnu_91,14
2019,마사4840,cp2_bnu_94,3
2019,마사4840,cp2_bnu_95,8
2019,마사4840,cp2_bnu_96,24
2019,마사4841,cp2_bnu_42,5
2019,마사4841,cp2_bnu_46,3
2019,마사4841,cp2_bnu_47,3
2019,마사4841,cp2_bnu_55,3
2019,마사4841,cp2_bnu_56,5
2019,마사4901,cp2_bnu_55,8
2019,마사4905,cp2_bnu_47,3
2019,마사4905,cp2_bnu_56,0
2019,마사4906,cp2_bnu_94,0
2019,마사4908,cp2_bnu_23,0
2019,마사4923,cp2_bnu_10,0
2019,마사4923,cp2_bnu_55,0
2019,마사4923,cp2_bnu_56,0
2019,마사4923,cp2_bnu_91,0
2019,마사4923,cp2_bnu_94,3
2019,마사4927,cp2_bnu_42,3
2019,마사4931,cp2_bnu_07,3
2019,마사4936,cp2_bnu_41,3
2019,마사4936,cp2_bnu_42,3
2019,마사4936,cp2_bnu_46,3
2019,마사4936,cp2_bnu_52,3
2019,마사4936,cp2_bnu_56,0
2019,마사4936,cp2_bnu_94,0
2019,마사4937,cp2_bnu_10,0
2019,마사4937,cp2_bnu_23,3
2019,마사4937,cp2_bnu_25,0
2019,마사4937,cp2_bnu_32,0
2019,마사4937,cp2_bnu_34,3
2019,마사4937,cp2_bnu_37,3
2019,마사4937,cp2_bnu_41,3
2019,마사4937,cp2_bnu_42,3
2019,마사4937,cp2_bnu_45,0
2019,마사4937,cp2_bnu_46,3
2019,마사4937,cp2_bnu_47,5
2019,마사4937,cp2_bnu_55,15
2019,마사4937,cp2_bnu_56,3
2019,마사4937,cp2_bnu_68,3
2019,마사4937,cp2_bnu_71,0
2019,마사4937,cp2_bnu_75,0
2019,마사4937,cp2_bnu_85,0
2019,마사4937,cp2_bnu_94,0
2019,마사4937,cp2_bnu_95,0
2019,마사4938,cp2_bnu_10,5
2019,마사4938,cp2_bnu_16,0
2019,마사4938,cp2_bnu_33,3
2019,마사4938,cp2_bnu_34,3
2019,마사4938,cp2_bnu_42,5
2019,마사4938,cp2_bnu_46,13
2019,마사4938,cp2_bnu_47,11
2019,마사4938,cp2_bnu_50,0
2019,마사4938,cp2_bnu_56,18
2019,마사4938,cp2_bnu_61,0
2019,마사4938,cp2_bnu_64,0
2019,마사4938,cp2_bnu_68,0
2019,마사4938,cp2_bnu_75,3
2019,마사4938,cp2_bnu_84,5
2019,마사4938,cp2_bnu_91,0
2019,마사4938,cp2_bnu_94,3
2019,마사4938,cp2_bnu_95,3
2019,마사4938,cp2_bnu_96,5
2019,마사4939,cp2_bnu_07,0
2019,마사4939,cp2_bnu_10,0
2019,마사4939,cp2_bnu_42,3
2019,마사4939,cp2_bnu_46,14
2019,마사4939,cp2_bnu_47,42
2019,마사4939,cp2_bnu_55,5
2019,마사4939,cp2_bnu_56,38
2019,마사4939,cp2_bnu_64,0
2019,마사4939,cp2_bnu_75,0
2019,마사4939,cp2_bnu_91,3
2019,마사4939,cp2_bnu_94,3
2019,마사4939,cp2_bnu_96,0
2019,마사4940,cp2_bnu_55,0
2019,마사4940,cp2_bnu_85,0
2019,마사4940,cp2_bnu_90,0
2019,마사4941,cp2_bnu_10,3
2019,마사4941,cp2_bnu_47,3
2019,마사4941,cp2_bnu_56,3
2019,마사5006,cp2_bnu_56,0
2019,마사5020,cp2_bnu_94,0
2019,마사5029,cp2_bnu_46,0
2019,마사5031,cp2_bnu_23,0
2019,마사5032,cp2_bnu_47,0
2019,마사5032,cp2_bnu_56,0
2019,마사5032,cp2_bnu_91,3
2019,마사5033,cp2_bnu_03,0
2019,마사5033,cp2_bnu_94,3
2019,마사5034,cp2_bnu_20,3
2019,마사5035,cp2_bnu_41,3
2019,마사5035,cp2_bnu_55,5
2019,마사5035,cp2_bnu_56,5
2019,마사5037,cp2_bnu_55,3
2019,마사5106,cp2_bnu_47,3
2019,마사5106,cp2_bnu_56,0
2019,마사5106,cp2_bnu_85,3
2019,마사5106,cp2_bnu_86,3
2019,마사5107,cp2_bnu_47,0
2019,마사5107,cp2_bnu_64,0
2019,마사5107,cp2_bnu_84,3
2019,마사5107,cp2_bnu_87,0
2019,마사5107,cp2_bnu_91,3
2019,마사5107,cp2_bnu_94,0
2019,마사5126,cp2_bnu_47,3
2019,마사5126,cp2_bnu_94,0
2019,마사5128,cp2_bnu_56,3
2019,마사5129,cp2_bnu_10,3
2019,마사5131,cp2_bnu_23,0
2019,마사5133,cp2_bnu_41,0
2019,마사5133,cp2_bnu_91,0
2019,마사5134,cp2_bnu_41,0
2019,마사5134,cp2_bnu_42,5
2019,마사5134,cp2_bnu_46,5
2019,마사5134,cp2_bnu_47,5
2019,마사5134,cp2_bnu_52,0
2019,마사5134,cp2_bnu_55,3
2019,마사5134,cp2_bnu_85,3
2019,마사5134,cp2_bnu_91,0
2019,마사5135,cp2_bnu_47,3
2019,마사5135,cp2_bnu_55,12
2019,마사5135,cp2_bnu_56,3
2019,마사5135,cp2_bnu_73,3
2019,마사5207,cp2_bnu_56,0
2019,마사5226,cp2_bnu_36,0
2019,마사5227,cp2_bnu_56,0
2019,마사5230,cp2_bnu_73,0
2019,마사5231,cp2_bnu_47,3
2019,마사5231,cp2_bnu_52,0
2019,마사5232,cp2_bnu_07,3
2019,마사5232,cp2_bnu_10,5
2019,마사5232,cp2_bnu_21,0
2019,마사5232,cp2_bnu_23,3
2019,마사5232,cp2_bnu_25,3
2019,마사5232,cp2_bnu_33,0
2019,마사5232,cp2_bnu_34,3
2019,마사5232,cp2_bnu_37,0
2019,마사5232,cp2_bnu_41,3
2019,마사5232,cp2_bnu_42,17
2019,마사5232,cp2_bnu_46,5
2019,마사5232,cp2_bnu_47,23
2019,마사5232,cp2_bnu_49,5
2019,마사5232,cp2_bnu_56,39
2019,마사5232,cp2_bnu_61,0
2019,마사5232,cp2_bnu_64,3
2019,마사5232,cp2_bnu_68,3
2019,마사5232,cp2_bnu_75,0
2019,마사5232,cp2_bnu_84,3
2019,마사5232,cp2_bnu_85,0
2019,마사5232,cp2_bnu_86,3
2019,마사5232,cp2_bnu_87,3
2019,마사5232,cp2_bnu_90,3
2019,마사5232,cp2_bnu_91,3
2019,마사5232,cp2_bnu_94,3
2019,마사5232,cp2_bnu_95,3
2019,마사5232,cp2_bnu_96,5
2019,마사5233,cp2_bnu_10,0
2019,마사5233,cp2_bnu_37,0
2019,마사5233,cp2_bnu_42,0
2019,마사5233,cp2_bnu_55,13
2019,마사5233,cp2_bnu_85,0
2019,마사5233,cp2_bnu_94,3
2019,마사5234,cp2_bnu_42,0
2019,마사5234,cp2_bnu_55,3
2019,마사5234,cp2_bnu_56,0
2019,마사5306,cp2_bnu_56,0
2019,마사5326,cp2_bnu_55,5
2019,마사5327,cp2_bnu_16,0
2019,마사5327,cp2_bnu_25,5
2019,마사5327,cp2_bnu_27,3
2019,마사5327,cp2_bnu_28,3
2019,마사5327,cp2_bnu_31,0
2019,마사5327,cp2_bnu_35,0
2019,마사5327,cp2_bnu_42,3
2019,마사5327,cp2_bnu_55,0
2019,마사5327,cp2_bnu_86,0
2019,마사5328,cp2_bnu_10,3
2019,마사5328,cp2_bnu_23,3
2019,마사5328,cp2_bnu_25,4
2019,마사5328,cp2_bnu_26,0
2019,마사5328,cp2_bnu_28,3
2019,마사5328,cp2_bnu_29,0
2019,마사5328,cp2_bnu_33,3
2019,마사5328,cp2_bnu_46,3
2019,마사5329,cp2_bnu_10,0
2019,마사5329,cp2_bnu_25,0
2019,마사5329,cp2_bnu_42,3
2019,마사5329,cp2_bnu_46,3
2019,마사5329,cp2_bnu_47,3
2019,마사5329,cp2_bnu_56,0
2019,마사5330,cp2_bnu_23,0
2019,마사5330,cp2_bnu_25,0
2019,마사5330,cp2_bnu_29,0
2019,마사5330,cp2_bnu_41,3
2019,마사5330,cp2_bnu_42,0
2019,마사5330,cp2_bnu_47,3
2019,마사5330,cp2_bnu_56,0
2019,마사5330,cp2_bnu_94,0
2019,마사5330,cp2_bnu_95,0
2019,마사5331,cp2_bnu_10,3
2019,마사5331,cp2_bnu_35,3
2019,마사5332,cp2_bnu_10,0
2019,마사5332,cp2_bnu_42,0
2019,마사5332,cp2_bnu_46,0
2019,마사5332,cp2_bnu_47,0
2019,마사5332,cp2_bnu_52,3
2019,마사5332,cp2_bnu_56,3
2019,마사5332,cp2_bnu_86,3
2019,마사5332,cp2_bnu_91,3
2019,마사5332,cp2_bnu_94,3
2019,마사5333,cp2_bnu_55,5
2019,마사5333,cp2_bnu_84,3
2019,마사5427,cp2_bnu_07,0
2019,마사5427,cp2_bnu_10,0
2019,마사5427,cp2_bnu_16,3
2019,마사5427,cp2_bnu_23,5
2019,마사5427,cp2_bnu_47,3
2019,마사5427,cp2_bnu_56,3
2019,마사5428,cp2_bnu_47,3
2019,마사5428,cp2_bnu_56,5
2019,마사5428,cp2_bnu_94,0
2019,마사5429,cp2_bnu_07,0
2019,마사5429,cp2_bnu_25,0
2019,마사5429,cp2_bnu_29,0
2019,마사5429,cp2_bnu_87,3
2019,마사5430,cp2_bnu_55,9
2019,마사5432,cp2_bnu_10,0
2019,마사5432,cp2_bnu_42,3
2019,마사5432,cp2_bnu_47,0
2019,마사5432,cp2_bnu_55,11
2019,마사5432,cp2_bnu_56,5
2019,마사5432,cp2_bnu_87,3
2019,마사5433,cp2_bnu_10,0
2019,마사5433,cp2_bnu_46,3
2019,마사5433,cp2_bnu_47,3
2019,마사5433,cp2_bnu_55,27
2019,마사5433,cp2_bnu_56,5
2019,마사5433,cp2_bnu_85,0
2019,마사5506,cp2_bnu_55,0
2019,마사5506,cp2_bnu_56,0
2019,마사5513,cp2_bnu_55,0
2019,마사5521,cp2_bnu_94,0
2019,마사5526,cp2_bnu_23,0
2019,마사5528,cp2_bnu_55,9
2019,마사5528,cp2_bnu_56,3
2019,마사5528,cp2_bnu_91,3
2019,마사5528,cp2_bnu_94,0
2019,마사5529,cp2_bnu_55,0
2019,마사5530,cp2_bnu_55,0
2019,마사5532,cp2_bnu_34,0
2019,마사5532,cp2_bnu_46,0
2019,마사5532,cp2_bnu_47,3
2019,마사5532,cp2_bnu_56,0
2019,마사5532,cp2_bnu_84,0
2019,마사5603,cp2_bnu_01,0
2019,마사5603,cp2_bnu_13,3
2019,마사5603,cp2_bnu_55,0
2019,마사5603,cp2_bnu_91,0
2019,마사5604,cp2_bnu_91,3
2019,마사5606,cp2_bnu_46,0
2019,마사5606,cp2_bnu_55,0
2019,마사5606,cp2_bnu_56,0
2019,마사5606,cp2_bnu_94,5
2019,마사5608,cp2_bnu_47,0
2019,마사5622,cp2_bnu_55,0
2019,마사5623,cp2_bnu_55,3
2019,마사5624,cp2_bnu_46,3
2019,마사5625,cp2_bnu_41,0
2019,마사5625,cp2_bnu_47,5
2019,마사5625,cp2_bnu_55,3
2019,마사5625,cp2_bnu_56,3
2019,마사5625,cp2_bnu_87,3
2019,마사5626,cp2_bnu_10,0
2019,마사5626,cp2_bnu_47,7
2019,마사5626,cp2_bnu_50,5
2019,마사5626,cp2_bnu_55,17
2019,마사5626,cp2_bnu_56,5
2019,마사5626,cp2_bnu_73,0
2019,마사5626,cp2_bnu_75,3
2019,마사5626,cp2_bnu_85,0
2019,마사5626,cp2_bnu_91,0
2019,마사5626,cp2_bnu_94,3
2019,마사5627,cp2_bnu_50,0
2019,마사5627,cp2_bnu_55,3
2019,마사5706,cp2_bnu_24,3
2019,마사5715,cp2_bnu_91,0
2019,마사5723,cp2_bnu_10,3
2019,마사5723,cp2_bnu_47,0
2019,마사5724,cp2_bnu_07,3
2019,마사5724,cp2_bnu_55,3
2019,마사5724,cp2_bnu_86,3
2019,마사5725,cp2_bnu_55,7
2019,마사5725,cp2_bnu_56,0
2019,마사5725,cp2_bnu_68,0
2019,마사5725,cp2_bnu_91,0
2019,마사5804,cp2_bnu_55,5
2019,마사5805,cp2_bnu_91,3
2019,마사5806,cp2_bnu_07,0
2019,마사5806,cp2_bnu_47,0
2019,마사5806,cp2_bnu_50,0
2019,마사5806,cp2_bnu_55,3
2019,마사5806,cp2_bnu_70,0
2019,마사5809,cp2_bnu_91,3
2019,마사5812,cp2_bnu_85,0
2019,마사5819,cp2_bnu_55,3
2019,마사5820,cp2_bnu_55,5
2019,마사5824,cp2_bnu_10,0
2019,마사5824,cp2_bnu_46,3
2019,마사5824,cp2_bnu_47,5
2019,마사5824,cp2_bnu_55,13
2019,마사5824,cp2_bnu_56,0
2019,마사5824,cp2_bnu_76,3
2019,마사5824,cp2_bnu_94,3
2019,마사5825,cp2_bnu_47,0
2019,마사5905,cp2_bnu_07,3
2019,마사5905,cp2_bnu_42,3
2019,마사5906,cp2_bnu_91,0
2019,마사5917,cp2_bnu_90,0
2019,마사5920,cp2_bnu_55,0
2019,마사5921,cp2_bnu_55,5
2019,마사5921,cp2_bnu_56,3
2019,마사5921,cp2_bnu_94,0
2019,마사5922,cp2_bnu_41,0
2019,마사5922,cp2_bnu_47,8
2019,마사5922,cp2_bnu_55,54
2019,마사5922,cp2_bnu_56,8
2019,마사5922,cp2_bnu_68,0
2019,마사5922,cp2_bnu_85,0
2019,마사5922,cp2_bnu_94,0
2019,마사5924,cp2_bnu_47,0
2019,마사5924,cp2_bnu_55,3
2019,마사5924,cp2_bnu_84,3
2019,마사5924,cp2_bnu_90,3
2019,마사5925,cp2_bnu_55,0
2019,마사5925,cp2_bnu_56,6
2019,마사6006,cp2_bnu_90,3
2019,마사6006,cp2_bnu_94,0
2019,마사6012,cp2_bnu_85,3
2019,마사6012,cp2_bnu_94,0
2019,마사6017,cp2_bnu_55,3
2019,마사6021,cp2_bnu_55,8
2019,마사6022,cp2_bnu_41,0
2019,마사6022,cp2_bnu_42,0
2019,마사6022,cp2_bnu_47,12
2019,마사6022,cp2_bnu_55,71
2019,마사6022,cp2_bnu_56,16
2019,마사6022,cp2_bnu_76,3
2019,마사6022,cp2_bnu_85,0
2019,마사6022,cp2_bnu_86,0
2019,마사6022,cp2_bnu_91,3
2019,마사6022,cp2_bnu_94,3
2019,마사6022,cp2_bnu_96,3
2019,마사6106,cp2_bnu_41,3
2019,마사6107,cp2_bnu_56,0
2019,마사6110,cp2_bnu_34,0
2019,마사6110,cp2_bnu_46,3
2019,마사6110,cp2_bnu_94,3
2019,마사6111,cp2_bnu_10,0
2019,마사6111,cp2_bnu_36,3
2019,마사6111,cp2_bnu_47,3
2019,마사6112,cp2_bnu_75,0
2019,마사6117,cp2_bnu_10,0
2019,마사6117,cp2_bnu_55,3
2019,마사6117,cp2_bnu_75,0
2019,마사6119,cp2_bnu_55,3
2019,마사6120,cp2_bnu_03,0
2019,마사6120,cp2_bnu_46,0
2019,마사6120,cp2_bnu_47,3
2019,마사6120,cp2_bnu_55,8
2019,마사6120,cp2_bnu_90,0
2019,마사6120,cp2_bnu_94,0
2019,마사6121,cp2_bnu_47,3
2019,마사6121,cp2_bnu_55,20
2019,마사6121,cp2_bnu_56,3
2019,마사6121,cp2_bnu_94,0
2019,마사6122,cp2_bnu_34,3
2019,마사6122,cp2_bnu_46,5
2019,마사6122,cp2_bnu_47,8
2019,마사6122,cp2_bnu_50,3
2019,마사6122,cp2_bnu_52,3
2019,마사6122,cp2_bnu_55,16
2019,마사6122,cp2_bnu_56,14
2019,마사6122,cp2_bnu_84,0
2019,마사6122,cp2_bnu_91,5
2019,마사6122,cp2_bnu_94,0
2019,마사6200,cp2_bnu_56,3
2019,마사6209,cp2_bnu_10,3
2019,마사6209,cp2_bnu_23,0
2019,마사6209,cp2_bnu_42,3
2019,마사6209,cp2_bnu_46,3
2019,마사6209,cp2_bnu_47,10
2019,마사6209,cp2_bnu_56,15
2019,마사6209,cp2_bnu_71,3
2019,마사6209,cp2_bnu_86,0
2019,마사6209,cp2_bnu_96,3
2019,마사6210,cp2_bnu_02,3
2019,마사6210,cp2_bnu_07,0
2019,마사6210,cp2_bnu_10,3
2019,마사6210,cp2_bnu_23,0
2019,마사6210,cp2_bnu_33,3
2019,마사6210,cp2_bnu_34,3
2019,마사6210,cp2_bnu_35,0
2019,마사6210,cp2_bnu_41,3
2019,마사6210,cp2_bnu_42,5
2019,마사6210,cp2_bnu_46,8
2019,마사6210,cp2_bnu_47,17
2019,마사6210,cp2_bnu_49,3
2019,마사6210,cp2_bnu_55,5
2019,마사6210,cp2_bnu_56,22
2019,마사6210,cp2_bnu_61,0
2019,마사6210,cp2_bnu_64,0
2019,마사6210,cp2_bnu_66,0
2019,마사6210,cp2_bnu_68,5
2019,마사6210,cp2_bnu_71,0
2019,마사6210,cp2_bnu_72,3
2019,마사6210,cp2_bnu_75,3
2019,마사6210,cp2_bnu_84,3
2019,마사6210,cp2_bnu_85,5
2019,마사6210,cp2_bnu_86,3
2019,마사6210,cp2_bnu_87,3
2019,마사6210,cp2_bnu_90,3
2019,마사6210,cp2_bnu_94,3
2019,마사6210,cp2_bnu_95,3
2019,마사6210,cp2_bnu_96,3
2019,마사6211,cp2_bnu_23,3
2019,마사6211,cp2_bnu_34,3
2019,마사6211,cp2_bnu_35,3
2019,마사6211,cp2_bnu_38,3
2019,마사6211,cp2_bnu_41,3
2019,마사6211,cp2_bnu_42,5
2019,마사6211,cp2_bnu_46,5
2019,마사6211,cp2_bnu_47,3
2019,마사6211,cp2_bnu_49,3
2019,마사6211,cp2_bnu_52,3
2019,마사6211,cp2_bnu_56,3
2019,마사6211,cp2_bnu_68,0
2019,마사6211,cp2_bnu_72,0
2019,마사6211,cp2_bnu_74,3
2019,마사6211,cp2_bnu_94,3
2019,마사6211,cp2_bnu_95,0
2019,마사6212,cp2_bnu_42,0
2019,마사6212,cp2_bnu_46,0
2019,마사6212,cp2_bnu_47,0
2019,마사6212,cp2_bnu_52,0
2019,마사6212,cp2_bnu_75,3
2019,마사6213,cp2_bnu_55,0
2019,마사6216,cp2_bnu_47,0
2019,마사6216,cp2_bnu_94,3
2019,마사6217,cp2_bnu_23,0
2019,마사6217,cp2_bnu_36,0
2019,마사6217,cp2_bnu_85,3
2019,마사6217,cp2_bnu_94,3
2019,마사6218,cp2_bnu_47,3
2019,마사6219,cp2_bnu_55,0
2019,마사6220,cp2_bnu_47,18
2019,마사6220,cp2_bnu_56,5
2019,마사6300,cp2_bnu_13,0
2019,마사6300,cp2_bnu_14,0
2019,마사6300,cp2_bnu_41,0
2019,마사6300,cp2_bnu_46,4
2019,마사6300,cp2_bnu_47,0
2019,마사6300,cp2_bnu_55,3
2019,마사6300,cp2_bnu_56,5
2019,마사6300,cp2_bnu_74,0
2019,마사6300,cp2_bnu_94,0
2019,마사6301,cp2_bnu_23,0
2019,마사6301,cp2_bnu_94,0
2019,마사6308,cp2_bnu_10,0
2019,마사6308,cp2_bnu_46,3
2019,마사6308,cp2_bnu_47,0
2019,마사6308,cp2_bnu_55,0
2019,마사6309,cp2_bnu_10,5
2019,마사6309,cp2_bnu_35,3
2019,마사6309,cp2_bnu_41,0
2019,마사6309,cp2_bnu_42,8
2019,마사6309,cp2_bnu_46,3
2019,마사6309,cp2_bnu_47,13
2019,마사6309,cp2_bnu_49,3
2019,마사6309,cp2_bnu_55,5
2019,마사6309,cp2_bnu_56,15
2019,마사6309,cp2_bnu_60,0
2019,마사6309,cp2_bnu_64,0
2019,마사6309,cp2_bnu_87,0
2019,마사6309,cp2_bnu_94,5
2019,마사6309,cp2_bnu_95,3
2019,마사6309,cp2_bnu_96,5
2019,마사6310,cp2_bnu_10,0
2019,마사6310,cp2_bnu_42,5
2019,마사6310,cp2_bnu_46,5
2019,마사6310,cp2_bnu_47,8
2019,마사6310,cp2_bnu_50,0
2019,마사6310,cp2_bnu_56,28
2019,마사6310,cp2_bnu_84,3
2019,마사6310,cp2_bnu_85,3
2019,마사6310,cp2_bnu_86,3
2019,마사6310,cp2_bnu_91,4
2019,마사6310,cp2_bnu_94,0
2019,마사6310,cp2_bnu_96,6
2019,마사6312,cp2_bnu_42,0
2019,마사6312,cp2_bnu_47,3
2019,마사6312,cp2_bnu_55,0
2019,마사6312,cp2_bnu_56,0
2019,마사6313,cp2_bnu_23,3
2019,마사6313,cp2_bnu_47,3
2019,마사6314,cp2_bnu_23,0
2019,마사6315,cp2_bnu_46,3
2019,마사6315,cp2_bnu_47,3
2019,마사6315,cp2_bnu_55,3
2019,마사6316,cp2_bnu_10,3
2019,마사6316,cp2_bnu_11,3
2019,마사6316,cp2_bnu_13,0
2019,마사6316,cp2_bnu_34,3
2019,마사6316,cp2_bnu_42,7
2019,마사6316,cp2_bnu_46,5
2019,마사6316,cp2_bnu_47,49
2019,마사6316,cp2_bnu_55,20
2019,마사6316,cp2_bnu_56,91
2019,마사6316,cp2_bnu_61,0
2019,마사6316,cp2_bnu_64,3
2019,마사6316,cp2_bnu_75,5
2019,마사6316,cp2_bnu_76,3
2019,마사6316,cp2_bnu_84,5
2019,마사6316,cp2_bnu_85,3
2019,마사6316,cp2_bnu_86,3
2019,마사6316,cp2_bnu_87,5
2019,마사6316,cp2_bnu_91,5
2019,마사6316,cp2_bnu_94,0
2019,마사6316,cp2_bnu_95,3
2019,마사6316,cp2_bnu_96,8
2019,마사6317,cp2_bnu_10,0
2019,마사6317,cp2_bnu_23,0
2019,마사6317,cp2_bnu_46,0
2019,마사6317,cp2_bnu_47,0
2019,마사6318,cp2_bnu_23,0
2019,마사6400,cp2_bnu_10,0
2019,마사6401,cp2_bnu_42,3
2019,마사6401,cp2_bnu_46,3
2019,마사6401,cp2_bnu_47,3
2019,마사6401,cp2_bnu_56,3
2019,마사6401,cp2_bnu_76,3
2019,마사6401,cp2_bnu_85,3
2019,마사6401,cp2_bnu_94,0
2019,마사6402,cp2_bnu_10,0
2019,마사6402,cp2_bnu_47,3
2019,마사6406,cp2_bnu_23,0
2019,마사6406,cp2_bnu_42,3
2019,마사6408,cp2_bnu_47,0
2019,마사6408,cp2_bnu_55,0
2019,마사6408,cp2_bnu_87,3
2019,마사6408,cp2_bnu_94,3
2019,마사6416,cp2_bnu_56,0
2019,마사6501,cp2_bnu_46,3
2019,마사6501,cp2_bnu_47,5
2019,마사6501,cp2_bnu_49,3
2019,마사6501,cp2_bnu_56,7
2019,마사6501,cp2_bnu_76,3
2019,마사6501,cp2_bnu_85,3
2019,마사6501,cp2_bnu_94,0
2019,마사6501,cp2_bnu_95,3
2019,마사6501,cp2_bnu_96,0
2019,마사6502,cp2_bnu_32,0
2019,마사6502,cp2_bnu_42,0
2019,마사6502,cp2_bnu_68,3
2019,마사6502,cp2_bnu_85,0
2019,마사6503,cp2_bnu_55,0
2019,마사6503,cp2_bnu_56,3
2019,마사6503,cp2_bnu_68,0
2019,마사6505,cp2_bnu_23,3
2019,마사6505,cp2_bnu_38,0
2019,마사6505,cp2_bnu_56,0
2019,마사6506,cp2_bnu_55,3
2019,마사6600,cp2_bnu_42,0
2019,마사6600,cp2_bnu_46,5
2019,마사6601,cp2_bnu_34,3
2019,마사6601,cp2_bnu_35,0
2019,마사6601,cp2_bnu_37,3
2019,마사6601,cp2_bnu_38,0
2019,마사6601,cp2_bnu_41,7
2019,마사6601,cp2_bnu_42,5
2019,마사6601,cp2_bnu_45,0
2019,마사6601,cp2_bnu_46,5
2019,마사6601,cp2_bnu_47,8
2019,마사6601,cp2_bnu_55,3
2019,마사6601,cp2_bnu_56,29
2019,마사6601,cp2_bnu_64,0
2019,마사6601,cp2_bnu_66,5
2019,마사6601,cp2_bnu_68,3
2019,마사6601,cp2_bnu_74,3
2019,마사6601,cp2_bnu_76,0
2019,마사6601,cp2_bnu_85,5
2019,마사6601,cp2_bnu_86,3
2019,마사6601,cp2_bnu_91,3
2019,마사6601,cp2_bnu_94,3
2019,마사6601,cp2_bnu_95,0
2019,마사6601,cp2_bnu_96,3
2019,마사6602,cp2_bnu_10,3
2019,마사6602,cp2_bnu_25,0
2019,마사6602,cp2_bnu_27,0
2019,마사6602,cp2_bnu_41,3
2019,마사6602,cp2_bnu_42,8
2019,마사6602,cp2_bnu_45,3
2019,마사6602,cp2_bnu_46,5
2019,마사6602,cp2_bnu_47,36
2019,마사6602,cp2_bnu_49,0
2019,마사6602,cp2_bnu_52,0
2019,마사6602,cp2_bnu_55,8
2019,마사6602,cp2_bnu_56,98
2019,마사6602,cp2_bnu_61,0
2019,마사6602,cp2_bnu_64,3
2019,마사6602,cp2_bnu_68,3
2019,마사6602,cp2_bnu_73,3
2019,마사6602,cp2_bnu_75,0
2019,마사6602,cp2_bnu_84,5
2019,마사6602,cp2_bnu_85,9
2019,마사6602,cp2_bnu_86,3
2019,마사6602,cp2_bnu_87,3
2019,마사6602,cp2_bnu_91,8
2019,마사6602,cp2_bnu_94,5
2019,마사6602,cp2_bnu_95,5
2019,마사6602,cp2_bnu_96,26
2019,마사6603,cp2_bnu_20,3
2019,마사6603,cp2_bnu_42,3
2019,마사6603,cp2_bnu_46,3
2019,마사6603,cp2_bnu_47,5
2019,마사6603,cp2_bnu_55,3
2019,마사6603,cp2_bnu_56,3
2019,마사6603,cp2_bnu_68,3
2019,마사6603,cp2_bnu_85,0
2019,마사6603,cp2_bnu_86,0
2019,마사6603,cp2_bnu_87,0
2019,마사6603,cp2_bnu_91,0
2019,마사6603,cp2_bnu_94,3
2019,마사6603,cp2_bnu_95,3
2019,마사6604,cp2_bnu_34,0
2019,마사6604,cp2_bnu_38,0
2019,마사6604,cp2_bnu_42,0
2019,마사6604,cp2_bnu_46,3
2019,마사6604,cp2_bnu_47,3
2019,마사6604,cp2_bnu_55,3
2019,마사6604,cp2_bnu_56,5
