행정구역명,학원/교습소,학원명,도로명주소,분야명,교습계열명,교습과정목록명,정원합계,개설일자,적재일시
강서구,교습소,류클라리넷플룻음악교습소,서울특별시 강서구 공항대로41길 51,예능(대),예능(중),클라리넷(일반),12,20160517,20231018
강북구,학원,눈높이러닝센터수유학원,서울특별시 강북구 삼양로 416,입시.검정 및 보습,보통교과,보습?논술,300,20160524,20260308
성동구,학원,한종진바둑학원,서울특별시 성동구 왕십리로26길 16,기타(대),기타(중),바둑,255,20160519,20250928
노원구,학원,스타일이용미용학원,서울특별시 노원구 상계로 55,직업기술,산업응용기술,이?미용,0,20160525,20260301
성동구,학원,아e들의작업실왕십리미술학원,서울특별시 성동구 마장로 137,예능(대),예능(중),"미술,",20,20160524,20241215
송파구,교습소,잠실해법수학교습소,서울특별시 송파구 올림픽로 145,입시.검정 및 보습,보통교과,초등수학(주3회 150분),24,20160524,20231018
관악구,학원,아르떼뮤직음악학원,서울특별시 관악구 남부순환로233길 13,예능(대),예능(중),"음악,",12,20160527,20231018
송파구,교습소,봄수학교습소,서울특별시 송파구 성내천로34길 18,입시.검정 및 보습,보통교과,"초등수학(4.2주)(주5회,회60분)",21,20160517,20250727
송파구,학원,리틀바하음악학원,서울특별시 송파구 올림픽로12길 48,예능(대),예능(중),음악,240,20160524,20260802
양천구,학원,러셀목동학원,서울특별시 양천구 신월로 358,입시.검정 및 보습,진학지도,진학상담지도,4391,20160527,20260802
양천구,학원,러셀바른공부자습전용관독서실,서울특별시 양천구 신월로 358,독서실,독서,,150,20160527,20231018
서초구,교습소,에꼴드아미(ecole de ami)미술교습소,서울특별시 서초구 서초대로4길 23,예능(대),예능(중),미술A,10,20160527,20250309
성동구,학원,JEM수학왕십리캠퍼스학원,서울특별시 성동구 왕십리로 385,입시.검정 및 보습,보통교과,보습,180,20160530,20260802
양천구,교습소,뮤엠영어브리즈번영어교습소,서울특별시 양천구 목동중앙남로 100,입시.검정 및 보습,보통교과,영어W(초등),69,20160530,20260329
관악구,교습소,올리비아영어교습소,서울특별시 관악구 호암로 417,입시.검정 및 보습,보통교과,,30,20160524,20231018
강서구,학원,강남현에듀수학학원,서울특별시 강서구 공항대로36길 81,입시.검정 및 보습,보통교과,"보습?논술,",300,20160531,20231018
구로구,교습소,나의피아노음악교습소,서울특별시 구로구 신도림로19길 7,예능(대),예능(중),피아노1(일60분*주5회*4.2주),25,20160603,20231018
서초구,학원,조건반사영어원격학원,서울특별시 서초구 서초중앙로 110,입시.검정 및 보습,보통교과,,222,20160603,20231018
서초구,교습소,뮤직슐레음악교습소,서울특별시 서초구 청계산로7길 43,예능(대),예능(중),바이엘,33,20160526,20240623
서초구,학원,과학의진수학원,서울특별시 서초구 신반포로 177,입시.검정 및 보습,보통교과,"보습?논술,",130,20160428,20231018
서초구,학원,생각하는두꺼비수학7관학원,서울특별시 서초구 신반포로 177,입시.검정 및 보습,보통교과,"보습?논술,",210,20160509,20240225
강남구,학원,차홍아카데미학원,서울특별시 강남구 학동로33길 42,직업기술,산업응용기술,"이?미용,",75,20160523,20231018
강남구,학원,퓨쳐플랜학원,서울특별시 강남구 역삼로64길 22,입시.검정 및 보습,진학지도,"진학상담지도,",4,20160526,20231018
강남구,학원,생각의숲국어논술전문학원,서울특별시 강남구 선릉로 30,입시.검정 및 보습,보통교과,보습?논술,60,20160511,20240317
양천구,학원,백인대장중등관학원,서울특별시 양천구 목동동로 401,입시.검정 및 보습,보통교과,보습?논술,1176,20160603,20260628
송파구,학원,국어울림학원,서울특별시 송파구 마천로 31,입시.검정 및 보습,보통교과,"보습,",50,20160603,20231018
영등포구,학원,미술로생각하기여의도센타학원,서울특별시 영등포구 국제금융로 78,기타(대),기타(중),"기타(소),",10,20160429,20231018
금천구,학원,별하학원,서울특별시 금천구 시흥대로39길 48,입시.검정 및 보습,보통교과,,34,20160512,20231018
강서구,학원,그린음악학원,서울특별시 강서구 방화대로 294,예능(대),예능(중),음악,40,20160607,20260201
구로구,학원,대치영어수학입시전문학원,서울특별시 구로구 개봉로20길 6,입시.검정 및 보습,보통교과,,156,20160524,20250223
영등포구,학원,드림뮤직실용음악학원,서울특별시 영등포구 당산로44길 3,예능(대),예능(중),음악,181,20160525,20260607
금천구,교습소,기타소리음악교습소,서울특별시 금천구 시흥대로151길 50,예능(대),예능(중),,20,20160427,20250518
영등포구,교습소,해법영등포논술교습소,서울특별시 영등포구 도영로 66,입시.검정 및 보습,보통교과,초등논술(일110분*주1회*4.2주),9,20160513,20240225
강서구,학원,더프리미엄아이엠영어학원,서울특별시 강서구 방화대로 294,입시.검정 및 보습,보통교과,보습?논술,384,20160607,20251102
은평구,학원,이샘컴퓨터학원,서울특별시 은평구 서오릉로 192,직업기술,컴퓨터,,290,20160526,20231018
마포구,학원,이준수학전문학원,서울특별시 마포구 광성로 36-1,입시.검정 및 보습,보통교과,보습,60,20160520,20241215
마포구,학원,대치로고스수학학원2관학원,서울특별시 마포구 대흥로 67,입시.검정 및 보습,보통교과,보습?논술,160,20160520,20250330
은평구,학원,스마트해법수학역촌점학원,서울특별시 은평구 진흥로1길 11,입시.검정 및 보습,보통교과,"보습,",80,20160526,20231018
강동구,교습소,민아트스쿨미술교습소,서울특별시 강동구 상암로 210,예능(대),예능(중),"초등미술(주1회, 90분)",5,20160608,20250727
관악구,학원,심쌤수학전문학원,서울특별시 관악구 문성로 93,입시.검정 및 보습,보통교과,보습,60,20160608,20251102
강북구,교습소,리브로아르츠강북수송센터미술교습소,서울특별시 강북구 한천로124길 25,예능(대),예능(중),초급미술,6,20160608,20231018
도봉구,학원,도봉유디간호학원,서울특별시 도봉구 도봉로 463-1,직업기술,간호보조기술,,120,20160603,20260607
양천구,교습소,성화음악교습소,서울특별시 양천구 중앙로36길 15,예능(대),예능(중),피아노(바이엘),26,20160608,20251214
강서구,학원,에스엠항공여행아카데미학원,서울특별시 강서구 공항대로 38-9,직업기술,문화관광,관광,160,20160608,20250629
관악구,학원,이투스투포세븐학원,서울특별시 관악구 남부순환로 1730,입시.검정 및 보습,보통교과,"보습?논술,입시,진학지도",120,20151204,20260201
양천구,교습소,그리미아트미술교습소,서울특별시 양천구 신정이펜2로 24,예능(대),예능(중),미술,56,20160609,20231018
송파구,학원,아르떼독서실,서울특별시 송파구 오금로 516,독서실,독서,"독서실(유아/초?중?고),",330,20160610,20231018
서대문구,교습소,홍제인왕스마트해법수학교습소,서울특별시 서대문구 세무서길 33-4,입시.검정 및 보습,보통교과,초등수학,55,20160608,20260426
종로구,학원,쌤피아노학원,서울특별시 종로구 진흥로 484,예능(대),예능(중),음악,150,20160530,20231231
용산구,학원,효창지앤비(GnB)영어전문학원,서울특별시 용산구 효창원로 144,입시.검정 및 보습,보통교과,,76,20160601,20250309
양천구,교습소,아라미술교습소,서울특별시 양천구 목동중앙북로16길 43,예능(대),예능(중),초등미술A,24,20160610,20231018
성북구,학원,발레에폴망학원,서울특별시 성북구 성북로5길 9-3,예능(대),예능(중),,100,20160607,20231018
성북구,학원,맥(MaC)잉글리시학원,서울특별시 성북구 종암로27길 26,입시.검정 및 보습,보통교과,,350,20160531,20240331
성북구,학원,윤문음악학원,서울특별시 성북구 월곡로 77,예능(대),예능(중),음악,342,20160523,20250907
성북구,학원,눈높이러닝센터정릉학원,서울특별시 성북구 정릉로31나길 7,입시.검정 및 보습,보통교과,보습?논술,300,20160524,20260607
양천구,학원,더다원수학목동관학원,서울특별시 양천구 목동동로 411,입시.검정 및 보습,보통교과,보습?논술,4451,20160613,20260329
성북구,교습소,국선수학교습소,서울특별시 성북구 보문로38길 11,입시.검정 및 보습,보통교과,고등수학B,8,20160526,20260607
서초구,교습소,잠원스타스즈키바이올린교습소,서울특별시 서초구 잠원로8길 25,예능(대),예능(중),,5,20160613,20260426
강서구,교습소,1대2수학교습소,서울특별시 강서구 방화대로34길 102,입시.검정 및 보습,보통교과,초등수학,20,20160608,20240908
강서구,교습소,엘앤드비영어교습소,서울특별시 강서구 강서로 254,입시.검정 및 보습,보통교과,,27,20160602,20231018
강서구,교습소,김영은음악교습소,서울특별시 강서구 우장산로2길 5,예능(대),예능(중),플루트(초중고),5,20160608,20231018
강동구,교습소,만들래그릴래미술교습소,서울특별시 강동구 천중로15나길 43,예능(대),예능(중),"아동미술(주2회,60분)",18,20160613,20231018
관악구,교습소,놀작마이아트에튀드미술교습소,서울특별시 관악구 봉천로 391,예능(대),예능(중),미술초등,6,20160609,20240908
강서구,교습소,빈스바이올린교습소,서울특별시 양천구 목동서로 70,예능(대),예능(중),바이올린초급,9,20160614,20250615
강서구,학원,비바음악학원,서울특별시 강서구 방화대로 294,예능(대),예능(중),음악,70,20160615,20250330
양천구,교습소,고은이화피아노음악교습소,서울특별시 양천구 중앙로36길 15,예능(대),예능(중),,15,20160615,20240225
강남구,학원,주연학원1관학원,서울특별시 강남구 선릉로 334,입시.검정 및 보습,보통교과,"보습?논술,",380,20160527,20260802
양천구,교습소,목동3단지한우리독서토론논술교습소,서울특별시 양천구 목동서로 100,입시.검정 및 보습,보통교과,초등논술1,90,20160615,20260308
노원구,교습소,더그림미술교습소,서울특별시 노원구 동일로227길 43,예능(대),예능(중),미술A,28,20160615,20260621
강남구,학원,리드101자곡영어학원,서울특별시 강남구 자곡로 106,입시.검정 및 보습,보통교과,보습?논술,200,20160609,20250330
동작구,학원,나무스터디독서실,서울특별시 동작구 만양로14나길 7,독서실,독서,독서실(일반인),4914,20160613,20260802
관악구,학원,베리타스스터디독서실,서울특별시 관악구 호암로26길 9,독서실,독서,"독서실(일반인),",3456,20160609,20231018
강북구,교습소,데니스기타교습소,서울특별시 강북구 도봉로13길 31,예능(대),예능(중),기타(초.중급),5,20160616,20231018
송파구,학원,늘푸른수4관학원,서울특별시 송파구 위례성대로 92,입시.검정 및 보습,보통교과,보습,525,20160617,20260705
성북구,학원,수음악학원,서울특별시 성북구 동소문로 248,예능(대),예능(중),음악,96,20160310,20260201
동작구,학원,전형필국어학원,서울특별시 동작구 대방동15가길 23,입시.검정 및 보습,보통교과,보습,410,20160617,20260201
노원구,교습소,민희피아노음악교습소,서울특별시 노원구 동일로 1550,예능(대),예능(중),,40,20160617,20231018
중랑구,교습소,한우리독서토론중랑신내논술교습소,서울특별시 중랑구 봉화산로 211,입시.검정 및 보습,보통교과,초등 정규 논술,18,20160608,20260809
중랑구,교습소,리나음악교습소,서울특별시 중랑구 공릉로12가길 68,예능(대),예능(중),바이엘(중급),30,20160615,20250112
강남구,교습소,윤선생우리집앞영어교실율현영어교습소,서울특별시 강남구 밤고개로 231,입시.검정 및 보습,보통교과,,36,20160518,20240707
은평구,학원,한솔프리미엄독서실,서울특별시 은평구 역말로 8,독서실,독서,"독서실(일반인),",180,20160613,20231018
동대문구,교습소,영재주산교습소,서울특별시 동대문구 사가정로 148,기타(대),기타(중),주산(초급1),135,20160620,20231018
송파구,학원,포엠보습학원,서울특별시 송파구 올림픽로35길 112,입시.검정 및 보습,보통교과,"보습,",28,20160617,20231018
광진구,학원,광장동해법중국어학원,서울특별시 광진구 아차산로 493,입시.검정 및 보습,보통교과,보습,120,20160603,20250810
광진구,교습소,한우리광진자양독서토론논술교습소,서울특별시 광진구 뚝섬로46길 67,입시.검정 및 보습,보통교과,초등논술기본A,3,20160617,20260405
광진구,교습소,4%사회탐구사회교습소,서울특별시 광진구 자양로 217-1,입시.검정 및 보습,보통교과,중학교사회,14,20160603,20260201
성북구,교습소,아이비(IVY)영어교습소,서울특별시 성북구 삼양로 74,국제화,보통교과,,8,20240716,20240908
성북구,교습소,해내다수학교습소,서울특별시 성북구 동소문로44길 5,입시.검정 및 보습,보통교과,고등수학A,18,20160421,20250824
성북구,교습소,강아주니어종암러닝센타수학교습소,서울특별시 성북구 종암로27길 37,입시.검정 및 보습,보통교과,중등수학학,9,20160415,20250330
구로구,학원,레베랑스발레스튜디오학원,서울특별시 구로구 새말로 89,예능(대),예능(중),무용,138,20160610,20250615
금천구,학원,김도규수학2관학원,서울특별시 금천구 시흥대로 204,입시.검정 및 보습,보통교과,보습,90,20160615,20251102
강동구,교습소,주향한젭스영어교습소,서울특별시 강동구 풍성로 195,입시.검정 및 보습,보통교과,"초등영어(저)(주2회, 회70분)",24,20160620,20231018
강서구,학원,젠큐브독서실,서울특별시 강서구 방화대로34길 92,독서실,독서,,194,20160617,20231018
동작구,학원,포스영수학원,서울특별시 동작구 양녕로30길 4,입시.검정 및 보습,보통교과,보습,220,20160621,20251214
광진구,교습소,메이리피아노음악교습소,서울특별시 광진구 아차산로70길 75,예능(대),예능(중),(초등)피아노1,16,20160621,20240609
서초구,교습소,은하미술교습소,서울특별시 서초구 반포대로 287,예능(대),예능(중),미술2,3,20160620,20260607
성동구,교습소,드리몽아뜰리에미술교습소,서울특별시 성동구 금호로 102,예능(대),예능(중),,54,20160623,20231018
양천구,학원,목동위드피아노학원,서울특별시 양천구 목동로 218,기예(대),기예(중),실용음악(성악),65,20160623,20250824
강남구,학원,더(THE)틴트미술학원,서울특별시 강남구 선릉로82길 13,예능(대),예능(중),미술,300,20160406,20260802
서대문구,학원,올댓뷰티아카데미학원,서울특별시 서대문구 이화여대길 59,직업기술,산업응용기술,이?미용,137,20160620,20260607
서대문구,학원,토즈스터디센터가좌2독서실,서울특별시 서대문구 가재울미래로 11,독서실,독서,"독서실(유아/초?중?고),",1226,20160621,20260201
서초구,교습소,로이독서논술교습소,서울특별시 서초구 동광로12가길 27,입시.검정 및 보습,보통교과,논술1,15,20160615,20251116
강남구,학원,혜인즈블라썸플로리스트화훼학원,서울특별시 강남구 학동로8길 9,기예(대),기예(중),"공예(종이접기,꽃꽂이,꽃기예)",216,20160613,20260208
강남구,학원,아미고발레학원,서울특별시 강남구 압구정로 113-22,예능(대),예능(중),,190,20160613,20231018
서초구,학원,뉴파인반포고등관학원,서울특별시 서초구 신반포로 162,입시.검정 및 보습,보통교과,보습?논술,1650,20160613,20250518
강남구,학원,멀홀랜드액팅스튜디오학원,서울특별시 강남구 언주로134길 18,기타(대),기타(중),연극,78,20160406,20260426
강남구,교습소,배영주미술교습소,서울특별시 강남구 개포로 623,예능(대),예능(중),미술,14,20160620,20231018
강남구,학원,플라즈마고등에스(S)관학원,서울특별시 강남구 삼성로71길 7,종합(대),,보습?논술,105,20160621,20260329
강남구,학원,정영어학원인문관학원,서울특별시 강남구 남부순환로 2941,입시.검정 및 보습,진학지도,진학상담지도,40,20160527,20250223
영등포구,교습소,하브루타수학교습소,서울특별시 영등포구 국제금융로 78,입시.검정 및 보습,보통교과,중등수학기초(일150분*주2회*4.2주),36,20160610,20231018
금천구,교습소,뫼가람비(B)미술교습소,서울특별시 금천구 독산로67길 33,예능(대),예능(중),미술1(일60분*주5회*4.2주),18,20160621,20231018
노원구,학원,엘앤엑스(LNX)수학학원,서울특별시 노원구 중계로 202,입시.검정 및 보습,보통교과,보습,36,20160628,20260719
영등포구,교습소,더퍼포즈영어교습소,서울특별시 영등포구 영신로19길 26-1,입시.검정 및 보습,보통교과,초등영어(일110분*주3회*4.2주),12,20160615,20250112
금천구,교습소,유니메타아트미술교습소,서울특별시 금천구 탑골로 42,예능(대),예능(중),융합감각(일196분*주1회*4.2주),29,20160627,20241006
양천구,교습소,곰쌤웹툰만화교습소,서울특별시 양천구 오목로 232,기타(대),기타(중),기초(캐릭터일러스트반),18,20160628,20231018
성북구,학원,길음스즈키바이올린첼로음악학원,서울특별시 성북구 삼양로13길 45,예능(대),예능(중),음악,172,20160610,20250413
성동구,학원,발레(Ballet)101학원,서울특별시 성동구 살곶이길 346,기예(대),기예(중),"무용(전통무용,현대무용)",180,20160629,20250803
은평구,교습소,서일녹번영어교습소,서울특별시 은평구 녹번로 10,입시.검정 및 보습,보통교과,초등탄탄,40,20160629,20240317
은평구,교습소,내가그린미술교습소,서울특별시 은평구 백련산로 84,예능(대),예능(중),고급미술A,63,20160624,20231018
강남구,교습소,라드유학미술교습소,서울특별시 강남구 압구정로28길 22-10,예능(대),예능(중),미술,9,20160623,20231018
동작구,학원,인앤지수학학원,서울특별시 동작구 상도로 26-1,입시.검정 및 보습,보통교과,보습,80,20160630,20240317
서초구,학원,더리얼학원,서울특별시 서초구 방배천로 66,기예(대),기예(중),,30,20160630,20250518
관악구,교습소,와일즈수학교습소,서울특별시 관악구 문성로30길 23,입시.검정 및 보습,,초3~4,24,20160624,20231018
관악구,교습소,에이치수학교습소,서울특별시 관악구 남부순환로142길 24,입시.검정 및 보습,보통교과,초5수학,30,20160630,20231018
관악구,교습소,제이케이음악교습소,서울특별시 관악구 난곡로40길 16,예능(대),예능(중),일반,6,20160630,20231018
양천구,학원,목동크라스독서실,서울특별시 양천구 목동서로 70,독서실,독서,독서실(유아/초?중?고),404,20160629,20260215
강남구,학원,시대인재수학스쿨별관2학원,서울특별시 강남구 도곡로 434,입시.검정 및 보습,보통교과,보습?논술,10530,20160630,20260705
강남구,학원,사실주의연기학원,서울특별시 강남구 논현로131길 12,기예(대),기예(중),"연기(연극,뮤지컬,오페라),",82,20160628,20240602
강남구,학원,족집게어학원,서울특별시 강남구 역삼로63길 6,국제화,외국어,실용외국어(유아/초?중?고),400,20160610,20250720
강남구,교습소,상산수학교습소,서울특별시 강남구 남부순환로 2917,입시.검정 및 보습,보통교과,수학1,10,20160526,20231119
강서구,학원,빨간펜수학의달인화곡푸르지오점학원,서울특별시 강서구 화곡로13나길 1,입시.검정 및 보습,보통교과,보습?논술,150,20160704,20260607
성동구,학원,오하운폴댄스학원,서울특별시 성동구 고산자로6길 40,기예(대),기예(중),댄스,390,20160707,20250330
송파구,학원,와이티영어학원,서울특별시 송파구 양재대로71길 1-18,입시.검정 및 보습,보통교과,"보습,",374,20160707,20231018
양천구,교습소,안나음악교습소,서울특별시 양천구 목동서로 400,예능(대),예능(중),,12,20160708,20231018
양천구,교습소,김선미써밋영어교습소,서울특별시 양천구 목동서로 77,입시.검정 및 보습,보통교과,초등영어,15,20160708,20231018
마포구,학원,샘토링원격학원(samtoring.com),서울특별시 마포구 토정로35길 11,입시.검정 및 보습,보통교과,"보습,",1500,20160623,20231018
광진구,학원,플랜에이카페와독서실,서울특별시 광진구 아차산로 613,독서실,독서,독서실(유아/초?중?고),531,20160712,20240324
양천구,학원,에듀피아학원,서울특별시 양천구 오목로 198-1,입시.검정 및 보습,보통교과,"보습,",120,20160712,20231018
송파구,학원,통수학학원,서울특별시 송파구 위례성대로18길 31-14,입시.검정 및 보습,보통교과,"보습,",120,20160712,20231018
영등포구,학원,네오스터디학원,서울특별시 영등포구 당산로36길 11,입시.검정 및 보습,보통교과,"보습,",30,20160707,20231018
서대문구,학원,DMC바하음악학원,서울특별시 서대문구 증가로 191,예능(대),예능(중),음악,205,20160711,20250330
서대문구,학원,빅파워학원,서울특별시 서대문구 거북골로 4,입시.검정 및 보습,보통교과,"보습,",38,20160708,20260809
은평구,교습소,에이블영어교습소,서울특별시 은평구 갈현로29길 7,입시.검정 및 보습,보통교과,,6,20160714,20250928
강서구,교습소,고릴라영어교습소,서울특별시 강서구 화곡로66길 90,입시.검정 및 보습,보통교과,영어(고등기본),54,20160711,20231018
강서구,교습소,솔빛수학교습소,서울특별시 강서구 화곡로13길 107,입시.검정 및 보습,보통교과,초등A,42,20160711,20231018
강서구,교습소,성문수학교습소,서울특별시 강서구 곰달래로31가길 11,입시.검정 및 보습,보통교과,초등1-3(교과),35,20160715,20241215
송파구,교습소,송파문정국어교습소,서울특별시 송파구 송이로 202,입시.검정 및 보습,보통교과,"초등국어(주1회,회145분)",18,20160706,20241215
송파구,교습소,아리아뜰리에미술교습소,서울특별시 송파구 송이로32길 37,예능(대),예능(중),"미술수업(4.2주)(주2회,회55분)",440,20160715,20231018
양천구,학원,스피치아카데미라엘학원,서울특별시 양천구 신목로 84,기타(대),기타(중),"화술,",258,20160715,20231018
송파구,학원,권's독한과학학원,서울특별시 송파구 삼전로9길 6,입시.검정 및 보습,보통교과,보습,60,20160714,20240707
동대문구,교습소,하이엠수학교습소,서울특별시 동대문구 약령시로 25,입시.검정 및 보습,보통교과,초등수학A,24,20160718,20260201
송파구,학원,이화소리피아노음악학원,서울특별시 송파구 위례광장로 200,예능(대),예능(중),음악,265,20160715,20260426
양천구,학원,목동에이원과학학원,서울특별시 양천구 목동서로 67,입시.검정 및 보습,보통교과,보습,80,20160718,20260809
광진구,교습소,매쏘드(Mathod)수학교습소,서울특별시 광진구 천호대로129길 48,입시.검정 및 보습,보통교과,수학(초등),14,20160715,20240225
광진구,교습소,카이스트수학교습소,서울특별시 광진구 자양번영로3길 38-21,입시.검정 및 보습,보통교과,수학,32,20160718,20250330
서초구,학원,서초애니하이만화학원,서울특별시 서초구 방배로 84,예능(대),예능(중),미술,660,20160718,20260301
관악구,학원,강산국어학원,서울특별시 관악구 남부순환로 1782,입시.검정 및 보습,보통교과,보습,35,20160719,20251214
중랑구,학원,신내학림학원,서울특별시 중랑구 봉화산로 194,입시.검정 및 보습,보통교과,보습,1620,20160719,20260315
서초구,학원,생각이룸독서논술국어학원,서울특별시 서초구 사임당로 139,입시.검정 및 보습,보통교과,,225,20160719,20231018
동작구,교습소,별이앤재즈피아노교습소,서울특별시 동작구 동작대로9길 45,예능(대),예능(중),초중고실용피아노취미,10,20160714,20231018
은평구,학원,쉐마보습학원,서울특별시 은평구 은평로18길 6-20,입시.검정 및 보습,보통교과,"보습,",40,20160719,20231018
동작구,학원,현민수학학원,서울특별시 동작구 상도로 346,입시.검정 및 보습,보통교과,보습,350,20160720,20260607
양천구,학원,수학천하학원,서울특별시 양천구 목동동로 385,입시.검정 및 보습,보통교과,보습?논술,18,20160721,20251102
성북구,학원,신세계스피치학원,서울특별시 성북구 동소문로 69,기예(대),기예(중),화술,204,20160708,20260201
금천구,교습소,창작공간혜윰미술교습소,서울특별시 금천구 독산로 89,예능(대),예능(중),미술1(일120분*주1회*4주),18,20160722,20250330
마포구,교습소,라솔피아노음악교습소,서울특별시 마포구 상암산로1길 92,예능(대),예능(중),초급피아노1,48,20160706,20260208
마포구,학원,늘관리형독서실,서울특별시 마포구 백범로1길 21,독서실,독서,독서실(일반인),136,20160711,20250914
마포구,학원,뉴페이스학원,서울특별시 마포구 포은로2가길 62,기예(대),기예(중),,20,20200918,20231018
강남구,교습소,나무피아노교습소,서울특별시 강남구 남부순환로365길 26,예능(대),예능(중),,20,20160627,20231018
강남구,학원,하노버음악학원,서울특별시 강남구 남부순환로363길 11,예능(대),예능(중),음악,60,20160713,20240512
강남구,학원,파워영재학원,서울특별시 강남구 도곡로 515,입시.검정 및 보습,보통교과,보습?논술,100,20160705,20260816
강남구,학원,다원교육고등관학원,서울특별시 강남구 도곡로 501,입시.검정 및 보습,보통교과,보습?논술,6750,20160704,20260201
광진구,학원,더모어수학학원,서울특별시 광진구 뚝섬로41길 6,입시.검정 및 보습,보통교과,보습,0,20160719,20251214
광진구,교습소,케이에스(KS)수학교습소,서울특별시 광진구 광나루로44길 14,입시.검정 및 보습,보통교과,초등수학,12,20160720,20250518
영등포구,학원,로엔스쿨학원,서울특별시 영등포구 국회대로54길 10,입시.검정 및 보습,보통교과,"보습,보습?논술",128,20160722,20250608
강서구,학원,빡수수학학원,서울특별시 강서구 강서로48길 39,입시.검정 및 보습,보통교과,보습,30,20160725,20240317
노원구,학원,뉴셀홀딩스학원,서울특별시 노원구 중계로 206,입시.검정 및 보습,보통교과,보습,0,20160722,20260614
성북구,학원,에듀-핏(EDU-FIT)학원,서울특별시 성북구 아리랑로5길 25,입시.검정 및 보습,보통교과,보습?논술,60,20160713,20250112
강서구,교습소,우장컴퍼스잉글리시(Compass English)영어교습소,서울특별시 강서구 우현로 5,입시.검정 및 보습,보통교과,초등파닉스,72,20160725,20231018
송파구,교습소,신신중국어교습소,서울특별시 송파구 위례광장로 200,입시.검정 및 보습,보통교과,,14,20160725,20250727
송파구,교습소,링키영어잠실장미세라점영어교습소,서울특별시 송파구 올림픽로35길 124,입시.검정 및 보습,보통교과,"초등영어A(주2회,회100분)",30,20160725,20250727
서대문구,교습소,행복한미술관미술교습소,서울특별시 서대문구 모래내로 309,예능(대),예능(중),고급미술4,28,20160726,20260621
은평구,학원,쥬발레아카데미학원,서울특별시 은평구 서오릉로 202,예능(대),예능(중),무용,80,20160726,20240908
금천구,학원,탐앤뮤직실용음악학원,서울특별시 금천구 문성로 57-2,예능(대),예능(중),음악,0,20160726,20231231
서초구,학원,세빛관학원,서울특별시 서초구 반포대로 300-3,입시.검정 및 보습,보통교과,"보습?논술,",1240,20160726,20231018
서초구,학원,렉시스강남2캠퍼스학원,서울특별시 서초구 강남대로53길 7,국제화,국제,어학(성인),440,20160712,20260802
서초구,학원,숲컴퍼니연기학원,서울특별시 서초구 남부순환로 2644,기예(대),기예(중),,24,20160720,20231018
은평구,학원,강북이용학원,서울특별시 은평구 갈현로33길 6,직업기술,산업응용기술,이?미용,160,20160728,20241006
성동구,학원,림베르띠가죽학원,서울특별시 성동구 왕십리광장로 8,기예(대),기예(중),"공예(종이접기,꽃꽂이,꽃기예),",75,20160728,20231018
강동구,교습소,모마아트미술교습소,서울특별시 강동구 양재대로138길 32,예능(대),예능(중),,9,20160728,20250914
종로구,교습소,제니스영어교습소,서울특별시 종로구 세검정로9길 19,입시.검정 및 보습,보통교과,초등영어,15,20160729,20260705
성북구,교습소,에스티(St)수학교습소,서울특별시 성북구 솔샘로25길 20,입시.검정 및 보습,보통교과,중1 수학,44,20160718,20231018
성북구,교습소,보리국어교습소,서울특별시 성북구 솔샘로25길 20,입시.검정 및 보습,보통교과,,24,20160718,20241215
노원구,학원,워너비학원,서울특별시 노원구 동일로227길 43,입시.검정 및 보습,보통교과,보습,70,20160729,20251019
중랑구,교습소,소리숲피아노음악교습소,서울특별시 중랑구 신내로7가길 23,예능(대),예능(중),바이엘(초급),32,20160803,20260215
은평구,학원,미래엔영어수학은평신사학원,서울특별시 은평구 은평터널로 148,입시.검정 및 보습,보통교과,"보습,",160,20160803,20250928
강남구,학원,대찬3관학원,서울특별시 강남구 도곡로 428,입시.검정 및 보습,보통교과,보습?논술,10530,20160726,20260607
강남구,학원,크레마고등수학원,서울특별시 강남구 압구정로 132,입시.검정 및 보습,보통교과,보습?논술,26,20160704,20250330
강서구,학원,발산스즈키바이올린앤드첼로전문음악학원,서울특별시 강서구 수명로 68-11,예능(대),예능(중),,15,20160804,20231018
동대문구,학원,동대문장안소마학원,서울특별시 동대문구 답십리로 264,입시.검정 및 보습,보통교과,보습?논술,72,20160805,20241215
동작구,교습소,클라비어음악교습소,서울특별시 동작구 사당로17길 87,예능(대),예능(중),피아노(바이엘),37,20160801,20231018
양천구,교습소,민쌤과학교습소,서울특별시 양천구 목동동로 385,입시.검정 및 보습,보통교과,중등과학4,10,20160805,20260607
성북구,학원,예리음악학원,서울특별시 성북구 성북로4길 52,예능(대),예능(중),,174,20160426,20231119
강남구,학원,김종율부동산아카데미학원,서울특별시 강남구 테헤란로8길 25,직업기술,경영?사무관리,,50,20160708,20250223
강남구,학원,광림샤이닝키즈학원,서울특별시 강남구 논현로163길 33,국제화,외국어,,180,20160628,20231018
강남구,학원,고등학원,서울특별시 강남구 도곡로 501,입시.검정 및 보습,보통교과,보습?논술,772,20160705,20260705
도봉구,교습소,루치아음악교습소,서울특별시 도봉구 해등로16길 26,예능(대),예능(중),바이엘기초(1),90,20160805,20240225
은평구,교습소,문해수학교습소,서울특별시 은평구 진관1로 21-10,입시.검정 및 보습,보통교과,중등수학A,36,20160808,20251109
은평구,교습소,튼튼영어은평진관마스터클럽영어교습소,서울특별시 은평구 진관4로 77,입시.검정 및 보습,보통교과,초등영어,12,20160809,20250126
양천구,교습소,국어짱독서논술교습소,서울특별시 양천구 중앙로32길 55,입시.검정 및 보습,보통교과,초등논술1,24,20160809,20231018
용산구,학원,이씨엘씨(ECLC)어학원,서울특별시 용산구 장문로6길 12,국제화,외국어,실용외국어(유아/초?중?고),140,20160727,20250824
서초구,학원,수퍼(super)매쓰(math)학원,서울특별시 서초구 방배로10길 4,입시.검정 및 보습,보통교과,"보습?논술,",99,20160809,20231018
서대문구,학원,제2관재원학원,서울특별시 서대문구 가좌로 100,입시.검정 및 보습,보통교과,"보습,",160,20160809,20231018
강남구,학원,타임사진학원,서울특별시 강남구 언주로113길 13,직업기술,산업응용기술,,100,20160809,20231018
송파구,학원,위례광장해법영어학원,서울특별시 송파구 위례광장로 200,입시.검정 및 보습,보통교과,보습,1490,20160810,20260329
동작구,학원,제일독서실,서울특별시 동작구 노량진로14길 33,독서실,독서,"독서실(일반인),",688,20160809,20231018
강남구,교습소,꿈꾸는집현전논술교습소,서울특별시 강남구 광평로10길 15,입시.검정 및 보습,보통교과,,15,20160801,20231018
강남구,학원,시대인재서바이벌관학원,서울특별시 강남구 도곡로 510,종합(대),,보습?논술,11610,20160726,20260705
강남구,학원,아이비젠코리아학원,서울특별시 강남구 압구정로30길 17,입시.검정 및 보습,보통교과,"보습?논술,",90,20160811,20231018
강남구,학원,늘푸른큰키나무학원,서울특별시 강남구 선릉로64길 15-14,입시.검정 및 보습,보통교과,,6,20160802,20231018
강남구,학원,엑스매쓰(XMATH)학원,서울특별시 강남구 선릉로64길 7,입시.검정 및 보습,보통교과,보습?논술,60,20160609,20240128
광진구,학원,백샘수학학원,서울특별시 광진구 아차산로 477,입시.검정 및 보습,보통교과,,42,20160811,20231018
광진구,교습소,진성수학교실미래엔중곡교습소,서울특별시 광진구 천호대로111길 36,입시.검정 및 보습,보통교과,초등수학1,14,20160811,20240128
강남구,학원,시대인재커피관학원,서울특별시 강남구 삼성로57길 22,입시.검정 및 보습,보통교과,보습?논술,10530,20160727,20260705
강남구,학원,김도현뉴미디어영어학원,서울특별시 강남구 선릉로 340,입시.검정 및 보습,보통교과,보습?논술,80,20160727,20260201
마포구,교습소,아트폴미술교습소,서울특별시 마포구 신촌로14길 20,예능(대),예능(중),입시미술1,45,20160808,20241215
마포구,학원,제이원잉글리쉬학원,서울특별시 마포구 월드컵북로 502,입시.검정 및 보습,보통교과,보습?논술,45,20160803,20260301
마포구,학원,앤트스터디명품대입2관학원,서울특별시 마포구 월드컵북로27길 7,입시.검정 및 보습,보통교과,보습,150,20160801,20260315
강남구,교습소,제이랩(J.lab)유학미술교습소,서울특별시 강남구 선릉로68길 8,예능(대),예능(중),입시 포트폴리오,10,20160720,20240908
강남구,교습소,라온논술교습소,서울특별시 강남구 자곡로 114,입시.검정 및 보습,보통교과,초등논술,6,20160711,20231018
구로구,학원,파머스영어캠브리지학원,서울특별시 구로구 경인로59길 8,입시.검정 및 보습,보통교과,보습,64,20160812,20251005
영등포구,교습소,뉴연세음악교습소,서울특별시 영등포구 가마산로 442,예능(대),예능(중),피아노초급(일60분*주5회*4.2주),42,20160630,20231018
양천구,학원,국어하기좋은날학원,서울특별시 양천구 목동동로 387,입시.검정 및 보습,보통교과,보습?논술,400,20160816,20240908
동작구,학원,말하자원격학원,서울특별시 동작구 노량진로 100,국제화,보통교과,,3600,20160809,20251019
관악구,교습소,봄봄피아노교습소,서울특별시 관악구 문성로 86,예능(대),예능(중),바이엘,20,20160809,20231018
동작구,교습소,와이앤케이생각풀이수학교습소,서울특별시 동작구 장승배기로 10-1,입시.검정 및 보습,보통교과,초등수학,20,20160808,20231018
송파구,교습소,봄소리피아노음악교습소,서울특별시 송파구 오금로31길 27,예능(대),예능(중),,18,20160818,20260809
관악구,교습소,핑거비음악교습소,서울특별시 관악구 난우길 36,예능(대),예능(중),초급1,54,20160809,20231018
성북구,학원,정성학원,서울특별시 성북구 화랑로25길 28,입시.검정 및 보습,보통교과,,237,20160818,20241215
송파구,교습소,놀작마이아트방이그린나래미술교습소,서울특별시 송파구 백제고분로50길 26,예능(대),예능(중),"미술(4주)(주2회, 회80분)",15,20160819,20250727
강동구,학원,박준영논리속독학원,서울특별시 강동구 양재대로 1588,입시.검정 및 보습,보통교과,"보습?논술,",60,20160819,20250622
강동구,학원,강동씨디아이어학학원,서울특별시 강동구 양재대로 1588,국제화,외국어,실용외국어(유아/초?중?고),15,20160822,20260607
서초구,학원,서울중앙음악학원,서울특별시 서초구 동산로 44,예능(대),예능(중),음악,552,20160817,20260329
서초구,교습소,연세포레피아노교습소,서울특별시 서초구 신반포로23길 41,예능(대),예능(중),초급(1) 피아노,15,20160822,20260705
송파구,학원,에즈에스아카데미(As S Academy)학원,서울특별시 송파구 백제고분로 399,기예(대),기예(중),"연기(연극,뮤지컬,오페라)",60,20160818,20250420
은평구,학원,아트만수학학원,서울특별시 은평구 연서로 161,입시.검정 및 보습,보통교과,"보습,",23,20160826,20231018
송파구,교습소,일렉앤어쿠스틱기타교습소,서울특별시 송파구 송이로 6,예능(대),예능(중),,6,20160826,20250727
서대문구,학원,대치중앙수학학원,서울특별시 서대문구 증가로 193,입시.검정 및 보습,보통교과,"보습,",112,20160817,20231018
종로구,학원,유니팝미술학원,서울특별시 종로구 혜화로 46,예능(대),예능(중),미술,48,20160812,20260426
강남구,교습소,종이결미술교습소,서울특별시 강남구 삼성로135길 41,예능(대),예능(중),미술,30,20160805,20251214
강남구,학원,시공학원,서울특별시 강남구 역삼로 423,입시.검정 및 보습,진학지도,"진학상담지도,",200,20170215,20251214
강남구,교습소,아테나논술교습소,서울특별시 강남구 남부순환로 2933,입시.검정 및 보습,보통교과,논술초등,12,20160805,20250518
강남구,학원,에스엠엠에이(SMMA)아카데미학원,서울특별시 강남구 학동로20길 32,예능(대),예능(중),음악,104,20160610,20231105
강남구,학원,위드발레학원,서울특별시 강남구 테헤란로25길 15-5,기예(대),기예(중),"무용(전통무용,현대무용),",180,20160329,20231018
강남구,학원,미래탐구청은1관학원,서울특별시 강남구 도곡로 434,입시.검정 및 보습,보통교과,보습?논술,2345,20160729,20260329
노원구,학원,캠브리지학원,서울특별시 노원구 한글비석로 530,입시.검정 및 보습,보통교과,보습?논술,0,20160826,20250309
마포구,학원,이화더뮤직음악학원,서울특별시 마포구 큰우물로 51,예능(대),예능(중),"음악,",300,20160826,20231018
강남구,교습소,인투과학교습소,서울특별시 강남구 삼성로 233,입시.검정 및 보습,보통교과,,5,20160808,20231018
동대문구,교습소,우리집앞영어제기종암초영어교습소,서울특별시 동대문구 약령시로 16,입시.검정 및 보습,보통교과,초등영어,3,20160824,20231018
중랑구,교습소,한신음악교습소,서울특별시 중랑구 동일로 752,예능(대),예능(중),[고급]바이엘,126,20160829,20260201
강남구,학원,강남잉글리쉬아카데미어학원,서울특별시 강남구 언주로164길 12,국제화,외국어,실용외국어(유아/초?중?고),96,20160819,20260315
용산구,학원,에스디에이(SDA)삼육외국어학원,서울특별시 용산구 한강대로81길 26,국제화,국제,어학(성인),378,20160826,20260607
강남구,학원,유엠(UM)학원,서울특별시 강남구 개포로82길 11,입시.검정 및 보습,,"보습?논술,",120,20160829,20231018
금천구,학원,더쎈영수학원,서울특별시 금천구 금하로 760-1,입시.검정 및 보습,보통교과,보습,88,20160823,20250112
관악구,학원,케이&와이수학학원,서울특별시 관악구 은천로25길 15,입시.검정 및 보습,보통교과,보습,60,20160826,20260802
동작구,학원,세이지잉글리쉬영어학원,서울특별시 동작구 상도로53길 13,입시.검정 및 보습,보통교과,"보습,",380,20160825,20250907
서대문구,학원,홍제수연음악학원,서울특별시 서대문구 세검정로1길 75,예능(대),예능(중),"음악,",378,20160826,20240317
용산구,학원,돌체음악학원,서울특별시 용산구 두텁바위로1길 108,예능(대),예능(중),음악,380,20160830,20250420
노원구,교습소,깃국어교습소,서울특별시 노원구 한글비석로 232,입시.검정 및 보습,보통교과,중등A,24,20160830,20231018
강남구,학원,두각하늘관학원,서울특별시 강남구 삼성로 301,입시.검정 및 보습,보통교과,보습?논술,1260,20160706,20260802
강동구,교습소,생각의숲논술교습소,서울특별시 강동구 양재대로85길 86,입시.검정 및 보습,보통교과,"초등논술(고급)(4주)(주1회,회135분)",21,20160830,20250727
양천구,교습소,백(BACK)고등영어교습소,서울특별시 양천구 목동동로 73,입시.검정 및 보습,보통교과,고등영어1,45,20160830,20251214
양천구,교습소,마이잉글리쉬영어교습소,서울특별시 양천구 목동서로 287,입시.검정 및 보습,보통교과,고등영어,12,20160830,20250309
양천구,교습소,굿매쓰수학교습소,서울특별시 양천구 목동서로 77,입시.검정 및 보습,보통교과,초등수학A,16,20160823,20231018
강북구,교습소,마이아트미술교습소,서울특별시 강북구 인수봉로 272-1,예능(대),예능(중),초급,45,20160822,20250330
종로구,교습소,에듀플러스수학교습소,서울특별시 종로구 평창문화로 45-1,입시.검정 및 보습,보통교과,초등수학(저학년),36,20160901,20260426
강남구,학원,에스에듀학원,서울특별시 강남구 압구정로32길 25,입시.검정 및 보습,보통교과,,402,20160901,20231018
강북구,학원,권선생파워영어학원,서울특별시 강북구 월계로 55,입시.검정 및 보습,보통교과,보습?논술,213,20160829,20250420
중랑구,학원,부루잉테크아카데미학원,서울특별시 중랑구 사가정로52길 20,직업기술,산업응용기술,"식음료품(바리스타,소믈리에)",45,20160919,20260607
노원구,학원,와이지수학과학학원,서울특별시 노원구 동일로 1533,입시.검정 및 보습,보통교과,,64,20160902,20231018
노원구,학원,자라다남아미술학원,서울특별시 노원구 노원로 254,예능(대),예능(중),미술,15,20160902,20260809
강동구,학원,제임스(James)영어앤드학원,서울특별시 강동구 아리수로93길 19,입시.검정 및 보습,보통교과,보습,220,20160901,20250112
강서구,교습소,공감수학교습소,서울특별시 강서구 수명로 76,입시.검정 및 보습,보통교과,수학(초등),90,20160831,20250126
강서구,학원,1001의행복한학원,서울특별시 강서구 마곡서1로 115-1,입시.검정 및 보습,보통교과,"보습?논술,",750,20160902,20231018
송파구,학원,포스텍연세수학학원,서울특별시 송파구 올림픽로 145,입시.검정 및 보습,보통교과,보습,80,20160831,20260607
송파구,학원,에이텐(A-10)수학학원,서울특별시 송파구 마천로 31,입시.검정 및 보습,보통교과,보습,261,20160906,20260426
광진구,학원,윈윈학원,서울특별시 광진구 긴고랑로29길 75,입시.검정 및 보습,보통교과,보습,50,20160905,20250803
서초구,교습소,이엠수학교습소,서울특별시 서초구 효령로 230,입시.검정 및 보습,,초등수학(1-2),32,20160901,20231018
송파구,학원,아트가든취미미술학원,서울특별시 송파구 문정로4길 28,기예(대),기예(중),"무용(전통무용,현대무용),",180,20160907,20231018
송파구,교습소,위즈영어교습소,서울특별시 송파구 백제고분로28길 10,입시.검정 및 보습,보통교과,"초등1(주3회,회95분)",40,20160907,20231018
강서구,교습소,솔루션수학교습소,서울특별시 강서구 등촌로 61,입시.검정 및 보습,보통교과,초등수학A,30,20160831,20240128
강남구,학원,피에스아이아카데미학원,서울특별시 강남구 논현로161길 13,입시.검정 및 보습,보통교과,,112,20160908,20231018
영등포구,교습소,온갖멋진곳미술교습소,서울특별시 영등포구 경인로 763,예능(대),예능(중),미술A(일120분*주2회*4.2주),24,20160907,20231018
은평구,학원,생각의나무학원,서울특별시 은평구 북한산로 2,입시.검정 및 보습,보통교과,"보습,",96,20160909,20231018
노원구,교습소,진수학교습소,서울특별시 노원구 동일로218길 17,입시.검정 및 보습,보통교과,고등수학,10,20160909,20231018
종로구,학원,세종요리학원,서울특별시 종로구 종로 65,직업기술,산업응용기술,"식음료품(바리스타,소믈리에)",1851,20160906,20260201
강서구,학원,알토미술학원,서울특별시 강서구 곰달래로31길 6,예능(대),예능(중),"미술,",80,20160907,20231018
강남구,학원,비다이미술학원,서울특별시 강남구 역삼로3길 17-6,기예(대),기예(중),,24,20160909,20231018
서초구,학원,서초키마학원,서울특별시 서초구 방배로42길 20,입시.검정 및 보습,보통교과,보습,690,20160909,20260201
관악구,교습소,수학세상수학교습소,서울특별시 관악구 은천로25길 63,입시.검정 및 보습,보통교과,초등수학,63,20160830,20231018
동작구,교습소,김쌤영어교습소,서울특별시 동작구 여의대방로 30,입시.검정 및 보습,보통교과,초등영어,9,20160831,20240317
강동구,학원,해볼수학학원,서울특별시 강동구 양재대로 1607,입시.검정 및 보습,보통교과,"보습,",160,20160901,20231018
서초구,학원,에스비에스(SBS)아카데미게임학원,서울특별시 서초구 강남대로69길 8,직업기술,컴퓨터,게임,1866,20160912,20260614
성북구,교습소,두산위브3030영어교습소,서울특별시 성북구 오패산로 46,입시.검정 및 보습,보통교과,고등영어,6,20160829,20241006
송파구,교습소,솔루니독서논술교습소,서울특별시 송파구 위례광장로 200,입시.검정 및 보습,보통교과,"중등논술B(4.2주)(주1회,회220분)",15,20160912,20260201
성북구,교습소,드뷔시음악교습소,서울특별시 성북구 정릉로52길 36,예능(대),예능(중),피아노(초급1),15,20160830,20231018
동대문구,교습소,맨해튼피아노교습소,서울특별시 동대문구 고산자로56길 52,예능(대),예능(중),,15,20160912,20241215
양천구,학원,서울목1동점작심독서실,서울특별시 양천구 목동서로 213,독서실,독서,독서실(유아/초?중?고),216,20160912,20240428
양천구,교습소,마인드맵국어교습소,서울특별시 양천구 목동동로 385,입시.검정 및 보습,보통교과,,9,20160726,20231018
도봉구,교습소,한우리독서토론논술쌍문선덕독서논술교습소,서울특별시 도봉구 해등로 255,입시.검정 및 보습,보통교과,초등논술,16,20160913,20250126
영등포구,학원,당성잉글리쉬빌리지어학원,서울특별시 영등포구 당산로16길 25,국제화,외국어,실용외국어(유아/초?중?고),105,20160912,20250330
영등포구,학원,더온무용학원,서울특별시 영등포구 문래로 164,예능(대),예능(중),"무용,",180,20160912,20250126
강남구,학원,홍성민영어에듀학원,서울특별시 강남구 선릉로62길 13,입시.검정 및 보습,보통교과,"보습?논술,",45,20160919,20231018
성북구,학원,알이씨뮤직실용음악학원,서울특별시 성북구 삼양로 55,기예(대),기예(중),"실용음악(성악),",250,20160822,20231018
성북구,학원,압구정정보강북수학학원,서울특별시 성북구 동소문로13길 12,입시.검정 및 보습,보통교과,"보습,",240,20160831,20251102
성북구,학원,한양발레학원,서울특별시 성북구 동소문로13길 13,기예(대),기예(중),"무용(전통무용,현대무용),",90,20160907,20250309
강동구,학원,이앤엠수학학원,서울특별시 강동구 동남로71길 14,입시.검정 및 보습,보통교과,보습,144,20160920,20260614
강남구,학원,압구정소수서원학원,서울특별시 강남구 압구정로18길 5,입시.검정 및 보습,보통교과,"보습?논술,",48,20160912,20231018
성동구,교습소,뮤엠영어교습소,서울특별시 성동구 성덕정3길 10,입시.검정 및 보습,보통교과,White,68,20160920,20250525
강남구,학원,러닝스푼즈학원,서울특별시 강남구 강남대로94길 15,종합(대),,"금융,컴퓨터(정보처리,통신기기,인터넷,소프트웨어)",960,20160920,20250518
송파구,학원,비바발레(VivaBallet)무용학원,서울특별시 송파구 문정로 83,예능(대),예능(중),"무용,",50,20160920,20231018
동작구,학원,미래인재소방학원,서울특별시 동작구 노량진로 202,인문사회(대),인문사회(중),"성인고시,",610,20160920,20231018
관악구,학원,영재지혜공터영어학원,서울특별시 관악구 국회단지길 10,입시.검정 및 보습,보통교과,보습,58,20160913,20250713
영등포구,교습소,양평한신한우리논술교습소,서울특별시 영등포구 양평로24길 9,입시.검정 및 보습,보통교과,초등논술(일141분*주1회*4.2주),13,20160920,20260607
관악구,학원,에스앤에스에듀보습학원,서울특별시 관악구 난곡로 182,입시.검정 및 보습,보통교과,"보습,",210,20160919,20231018
강남구,학원,서울아카데미학원,서울특별시 강남구 삼성로64길 16,종합(대),,"보습?논술,실용외국어(유아/초?중?고)",776,20160909,20260816
동대문구,학원,토즈스터디센터이문독서실,서울특별시 동대문구 이문로 73,독서실,독서,독서실(유아/초?중?고),424,20160921,20250330
영등포구,학원,멘토리쉬학원,서울특별시 영등포구 선유로 63,입시.검정 및 보습,보통교과,보습,56,20160921,20240324
종로구,학원,하늘바람창작소미술학원,서울특별시 종로구 혜화로 47,예능(대),예능(중),"미술,",24,20160912,20260607
은평구,학원,더뷰미용학원,서울특별시 은평구 연서로 201,직업기술,산업응용기술,이?미용,244,20160921,20250518
은평구,교습소,국어의숲을보다논술교습소,서울특별시 은평구 갈현로 126,입시.검정 및 보습,보통교과,(초등)독서논술1,14,20160921,20260607
동작구,학원,동작정상어학원,서울특별시 동작구 상도로 242,국제화,외국어,실용외국어(유아/초?중?고),120,20160921,20260201
마포구,교습소,그루미술교습소,서울특별시 마포구 토정로18길 11,예능(대),예능(중),고급미술1,24,20160921,20241215
종로구,교습소,달달한영어책읽기(SweetBooks)영어교습소,서울특별시 종로구 평창길 2,입시.검정 및 보습,보통교과,초등영어 A,12,20160926,20260607
관악구,학원,고등관강남예일학원,서울특별시 관악구 난곡로 203,입시.검정 및 보습,,"보습,",420,20160926,20231018
송파구,교습소,작은미술관미술교습소,서울특별시 송파구 새말로 125,예능(대),예능(중),,14,20160926,20231018
서대문구,교습소,가우스클리닉수학교습소,서울특별시 서대문구 모래내로 411,입시.검정 및 보습,보통교과,초등수학,12,20160927,20240519
서초구,교습소,테스(TES)영어교습소,서울특별시 서초구 바우뫼로7길 8,입시.검정 및 보습,보통교과,,12,20160927,20231018
노원구,학원,가리온국어2관학원,서울특별시 노원구 한글비석로 254,입시.검정 및 보습,보통교과,보습?논술,0,20160926,20260426
송파구,학원,춘원서당학원,서울특별시 송파구 오금로57길 6,입시.검정 및 보습,보통교과,보습,100,20160927,20260301
관악구,교습소,높은음자리음악교습소,서울특별시 관악구 남부순환로 1430,예능(대),예능(중),리코더,49,20160920,20250330
마포구,교습소,뮤엠영어소의캠퍼스영어교습소,서울특별시 마포구 만리재옛길 101-1,입시.검정 및 보습,보통교과,실용영어A,135,20160906,20241215
마포구,교습소,수능클리닉수학교습소,서울특별시 마포구 월드컵북로 224,입시.검정 및 보습,보통교과,,30,20160906,20231018
양천구,학원,온포인트수학학원,서울특별시 양천구 목동서로 57,입시.검정 및 보습,보통교과,보습,30,20160930,20250831
강남구,교습소,정선수학교습소,서울특별시 강남구 삼성로 324,입시.검정 및 보습,보통교과,수학,30,20160930,20231018
마포구,교습소,이복희수능영어교습소,서울특별시 마포구 월드컵북로 224,입시.검정 및 보습,보통교과,초등영어,18,20160908,20241006
강서구,학원,트리거수학학원,서울특별시 강서구 강서로45가길 9,입시.검정 및 보습,보통교과,,465,20160929,20231231
양천구,학원,신정송현학원,서울특별시 양천구 목동동로 63,입시.검정 및 보습,보통교과,보습?논술,100,20161004,20260201
노원구,학원,더제이엠학원,서울특별시 노원구 공릉로46길 13,입시.검정 및 보습,보통교과,보습,170,20161004,20260712
중랑구,교습소,마리테스영어교습소,서울특별시 중랑구 신내로 47-1,입시.검정 및 보습,보통교과,초등영어A,43,20161005,20260426
서초구,교습소,공자중국어교습소,서울특별시 서초구 신반포로 177,국제화,외국어,,18,20161005,20250720
서초구,학원,더매쓰(THE MATH)수학전문학원,서울특별시 서초구 중앙로 582,입시.검정 및 보습,보통교과,보습,630,20160930,20260208
강북구,학원,메이트영어수학학원,서울특별시 강북구 인수봉로 126,입시.검정 및 보습,보통교과,보습,496,20161005,20260405
은평구,학원,온리원에듀4관학원,서울특별시 은평구 연서로 152,입시.검정 및 보습,보통교과,보습?논술,300,20161006,20250824
마포구,학원,바디코스아카데미학원,서울특별시 마포구 성지길 22,직업기술,산업응용기술,이?미용,520,20161005,20260628
강서구,학원,하이미술학원,서울특별시 강서구 강서로 277,예능(대),예능(중),,49,20161006,20231018
노원구,학원,코스모스과학학원,서울특별시 노원구 한글비석로 269,입시.검정 및 보습,보통교과,보습,0,20161007,20260426
은평구,교습소,디디아트랩미술교습소,서울특별시 은평구 진관4로 48-17,예능(대),예능(중),미술1(초급),14,20161006,20260201
성북구,교습소,성북하연과학교습소,서울특별시 성북구 정릉로 305,입시.검정 및 보습,보통교과,초등과학A,35,20161006,20240225
마포구,교습소,빨간펜수학의달인초중등상암수학교습소,서울특별시 마포구 월드컵로42길 40,입시.검정 및 보습,보통교과,초등수학1,36,20161007,20260201
마포구,학원,윤발레아카데미학원,서울특별시 마포구 월드컵로 43,기예(대),기예(중),"무용(전통무용,현대무용),",48,20161006,20231018
강남구,학원,김정준국어학원,서울특별시 강남구 도곡로77길 7,입시.검정 및 보습,보통교과,,20,20161010,20231018
양천구,교습소,진중국어교습소,서울특별시 양천구 목동서로 77,입시.검정 및 보습,보통교과,초등초급중국어,35,20161007,20231018
양천구,교습소,매쓰업수학교습소,서울특별시 양천구 목동서로 400,입시.검정 및 보습,보통교과,초등수학1,12,20161010,20240407
금천구,교습소,감성피아니스트음악교습소,서울특별시 금천구 독산로40길 49,예능(대),예능(중),,20,20161010,20231018
강남구,교습소,젠스영어교습소,서울특별시 강남구 압구정로 113-22,입시.검정 및 보습,보통교과,영어초,9,20160930,20231018
송파구,학원,김지현라온수학학원,서울특별시 송파구 백제고분로48길 13,입시.검정 및 보습,보통교과,보습,96,20161010,20240225
강남구,학원,대치메카학원,서울특별시 강남구 도곡로 428,입시.검정 및 보습,보통교과,"보습,",425,20161011,20231018
노원구,학원,상경영어수학학원,서울특별시 노원구 동일로227길 26,입시.검정 및 보습,보통교과,보습,132,20161011,20250126
노원구,교습소,열심히하는수학교습소,서울특별시 노원구 동일로 1554,입시.검정 및 보습,보통교과,중등 수학 A,28,20161011,20260215
노원구,교습소,아울미술교습소,서울특별시 노원구 공릉로59길 15,예능(대),예능(중),초급A,96,20161011,20260607
중랑구,학원,S라인댄스스포츠학원,서울특별시 중랑구 면목로 395-1,기예(대),,"댄스,",6,20161012,20231018
송파구,교습소,바둑의신바둑교습소,서울특별시 송파구 백제고분로48길 13,기타(대),기타(중),"입문1(주2회,회90분)4주기준",28,20161010,20250727
도봉구,교습소,열강선수학교습소,서울특별시 도봉구 덕릉로63가길 94,입시.검정 및 보습,보통교과,초등수학,35,20161012,20250608
송파구,학원,홍익아뜰리에미술학원,서울특별시 송파구 위례성대로16길 10,예능(대),예능(중),미술,120,20161018,20260329
강남구,교습소,올바른영어교습소,서울특별시 강남구 역삼로 417,입시.검정 및 보습,보통교과,영어3,16,20161018,20260712
광진구,교습소,선화아트스토리미술교습소,서울특별시 광진구 광나루로56길 29,예능(대),예능(중),일반미술,18,20161019,20260329
광진구,학원,한가람어학원,서울특별시 광진구 영화사로 19,국제화,외국어,,64,20161018,20240128
동대문구,학원,라이시움(Lyceum)학원,서울특별시 동대문구 사가정로 109,입시.검정 및 보습,보통교과,보습,40,20161019,20240317
강서구,학원,인스타학원,서울특별시 강서구 강서로47길 45,입시.검정 및 보습,보통교과,"보습?논술,",120,20161014,20231018
성동구,학원,성동레벨업미술학원,서울특별시 성동구 고산자로6길 40,예능(대),예능(중),미술,323,20161019,20240407
강서구,학원,코스모스영어학원,서울특별시 강서구 방화대로 294,입시.검정 및 보습,보통교과,보습,36,20161017,20251109
강서구,학원,마곡페르마학원,서울특별시 강서구 방화대로 294,입시.검정 및 보습,보통교과,보습?논술,384,20161019,20260426
강동구,학원,명일수학학원,서울특별시 강동구 동남로71길 32,입시.검정 및 보습,보통교과,보습,90,20161024,20260607
노원구,교습소,그림앤그림미술교습소,서울특별시 노원구 한글비석로8길 16,예능(대),예능(중),,32,20161024,20231018
서초구,학원,아람국어학원,서울특별시 서초구 동광로 9,입시.검정 및 보습,보통교과,보습?논술,308,20161019,20260405
양천구,교습소,더블엠수학교습소,서울특별시 양천구 목동서로 133-2,입시.검정 및 보습,보통교과,초등수학1,112,20161024,20250914
강동구,교습소,콕스(COX)영어교습소,서울특별시 강동구 풍성로 130,입시.검정 및 보습,보통교과,"초등영어(주3회,회120분)",3,20161024,20231018
동대문구,학원,맨투맨학원,서울특별시 동대문구 장한로26길 42,입시.검정 및 보습,보통교과,보습,107,20161025,20250713
동대문구,학원,댄싱퀸(Dancing Queen)댄스스포츠학원,서울특별시 동대문구 왕산로 240,기예(대),기예(중),댄스,100,20161025,20250330
종로구,학원,이화뮤직인스티튜트음악학원,서울특별시 종로구 평창문화로 75,예능(대),예능(중),,50,20161017,20231018
용산구,학원,성심솔뫼학원,서울특별시 용산구 원효로 55,입시.검정 및 보습,보통교과,보습,0,20161017,20251109
강서구,교습소,제이문잉글리쉬영어교습소,서울특별시 강서구 곰달래로31길 8,입시.검정 및 보습,보통교과,초등영어1,36,20161013,20231018
송파구,학원,보담국어학원,서울특별시 송파구 위례광장로 200,입시.검정 및 보습,보통교과,보습,110,20161018,20260607
송파구,학원,별이빛나는수학학원,서울특별시 송파구 가락로 206,입시.검정 및 보습,보통교과,보습,100,20161020,20260621
강동구,학원,블루플렉스학원,서울특별시 강동구 풍성로61길 36,입시.검정 및 보습,보통교과,,70,20161020,20231018
강남구,학원,디자인고흐본관미술학원,서울특별시 강남구 선릉로82길 9,예능(대),예능(중),미술,8104,20161020,20251102
중랑구,학원,열공학원,서울특별시 중랑구 신내로 225,입시.검정 및 보습,보통교과,"보습,",480,20161024,20231018
강북구,학원,청석학원,서울특별시 강북구 삼양로 573-1,입시.검정 및 보습,보통교과,보습,219,20090409,20240512
강서구,교습소,영어독서클럽영어교습소,서울특별시 강서구 공항대로41길 51,국제화,외국어,영어초등5,28,20161021,20251123
강남구,학원,예섬에스관학원,서울특별시 강남구 도곡로 413,종합(대),,"보습?논술,",1500,20161017,20250518
강남구,학원,디자인고흐신관미술학원,서울특별시 강남구 선릉로82길 9,예능(대),예능(중),미술,116,20161013,20260607
동대문구,교습소,습관수학교습소,서울특별시 동대문구 장한로28길 8,입시.검정 및 보습,보통교과,고등수학3,20,20161027,20251214
노원구,교습소,지니음악교습소,서울특별시 노원구 누원로 28,예능(대),예능(중),피아노 바이엘 1,40,20161027,20250126
노원구,교습소,조재현수학교습소,서울특별시 노원구 노원로 434,입시.검정 및 보습,보통교과,고등수학,45,20161027,20250330
강남구,학원,다원국어학원,서울특별시 강남구 삼성로 406,입시.검정 및 보습,보통교과,보습?논술,2220,20161010,20260628
양천구,학원,양떼구름미술학원,서울특별시 양천구 목동동로8길 9,예능(대),예능(중),미술,23,20161024,20240225
동대문구,교습소,와이에스영어교습소,서울특별시 동대문구 이문로 38,입시.검정 및 보습,보통교과,중등영어1,28,20161027,20250413
양천구,교습소,브릭스목동영어교습소,서울특별시 양천구 중앙로36길 15,입시.검정 및 보습,보통교과,초등영어A,32,20161027,20260201
양천구,교습소,리틀독서논술교습소,서울특별시 양천구 목동서로 57,입시.검정 및 보습,보통교과,초등논술(6학년),6,20161027,20250914
강남구,학원,곽샘음악학원,서울특별시 강남구 압구정로 113-22,예능(대),예능(중),음악,70,20161004,20260614
강남구,학원,파인즈영어학원,서울특별시 강남구 압구정로 144,입시.검정 및 보습,보통교과,보습?논술,180,20161004,20250831
광진구,학원,토즈스터디센터중곡독서실,서울특별시 광진구 용마산로 107,독서실,독서,"독서실(유아/초?중?고),",1217,20161027,20250706
마포구,학원,더시티발레학원,서울특별시 마포구 양화로11길 14-5,기예(대),기예(중),"무용(전통무용,현대무용)",360,20161026,20250803
양천구,학원,매그넷어학원,서울특별시 양천구 오목로 299,국제화,외국어,실용외국어(유아/초?중?고),63,20161031,20250720
동대문구,학원,차수학학원,서울특별시 동대문구 답십리로69길 11,입시.검정 및 보습,보통교과,보습,42,20161101,20250824
구로구,학원,드림하이영어학원,서울특별시 구로구 경인로 397,입시.검정 및 보습,보통교과,보습,80,20161101,20250601
서초구,교습소,두쏭음악교습소,서울특별시 서초구 주흥16길 27,예능(대),예능(중),"발성, 노래 초급 (90분) 취미 및 음치 (주1회)",9,20161101,20231018
노원구,학원,원실용음악학원,서울특별시 노원구 노원로26길 181,예능(대),예능(중),"음악,",10,20161101,20231018
노원구,학원,더엠(TheM)수학전문학원,서울특별시 노원구 한글비석로 235,입시.검정 및 보습,보통교과,"보습,",130,20161101,20231018
도봉구,교습소,팔레트스튜디오미술교습소,서울특별시 도봉구 해등로16길 52-36,예능(대),예능(중),초등부미술,36,20161102,20260712
양천구,학원,이정민수학학원,서울특별시 양천구 목동동로 73,입시.검정 및 보습,보통교과,"보습,",30,20161102,20231018
강남구,학원,에듀그룹맥스학원,서울특별시 강남구 선릉로64길 18,입시.검정 및 보습,,"보습?논술,",508,20161028,20231018
광진구,학원,WD에듀영어센터학원,서울특별시 광진구 자양번영로 38,입시.검정 및 보습,보통교과,보습,40,20161031,20260329
광진구,학원,천만스토리연출학원,서울특별시 광진구 천호대로 579,입시.검정 및 보습,보통교과,"보습,",98,20161103,20231018
서초구,학원,해법수학교실반포학원,서울특별시 서초구 서초중앙로31길 6-3,입시.검정 및 보습,보통교과,보습?논술,0,20161031,20260208
송파구,학원,국풍2000송파방이관학원,서울특별시 송파구 위례성대로 128,입시.검정 및 보습,보통교과,"보습,보습?논술",285,20161102,20260621
구로구,학원,다섯손가락미술학원,서울특별시 구로구 천왕로 36,예능(대),예능(중),미술,80,20161101,20240317
서초구,학원,강남완전학습관학원,서울특별시 서초구 서초대로78길 48,인문사회(대),인문사회(중),"대학편입,",320,20161103,20250824
용산구,학원,보스턴영어수학학원,서울특별시 용산구 새창로 70,입시.검정 및 보습,보통교과,보습,16,20161101,20260329
서초구,교습소,한우리독서토론논술교습소,서울특별시 서초구 신반포로23길 30,입시.검정 및 보습,보통교과,,15,20161103,20231018
강남구,학원,씨엠에스(CMS)중등1관학원,서울특별시 강남구 삼성로 345,입시.검정 및 보습,보통교과,"보습,보습?논술",235,20161104,20260426
강동구,교습소,아트앤하트암사아이랑미술교습소,서울특별시 강동구 고덕로 133,예능(대),예능(중),아동/초등 초급(5주)(주2회70분),12,20161012,20260329
노원구,교습소,수학의달인공릉수학교습소,서울특별시 노원구 공릉로34길 62,입시.검정 및 보습,보통교과,초등 A,8,20161107,20260607
강남구,학원,아폴론교육학원,서울특별시 강남구 도곡로93길 9,입시.검정 및 보습,진학지도,진학상담지도,2600,20160826,20260614
금천구,교습소,세연수학교습소,서울특별시 금천구 시흥대로 165,입시.검정 및 보습,보통교과,,72,20161027,20231018
은평구,교습소,영어충전소영어교습소,서울특별시 은평구 연서로21길 36,입시.검정 및 보습,보통교과,고등영어,12,20161107,20231018
구로구,학원,4세대아카데미컴퓨터학원,서울특별시 구로구 디지털로33길 12,직업기술,컴퓨터,"컴퓨터(정보처리,통신기기,인터넷,소프트웨어)",0,20161021,20260802
강남구,교습소,두원수학교습소,서울특별시 강남구 선릉로64길 15-8,입시.검정 및 보습,보통교과,"수학(초1.,2)",20,20161107,20231018
강동구,교습소,용쌤수학교습소,서울특별시 강동구 상암로 11,입시.검정 및 보습,보통교과,"초등수학(주4회,회65분)",15,20161027,20260215
중랑구,학원,YBM잉글루학원,서울특별시 중랑구 면목로 375,입시.검정 및 보습,보통교과,보습,100,20161108,20260329
노원구,학원,하이미디어컴퓨터학원,서울특별시 노원구 상계로5길 32,종합(대),,컴퓨터,4360,20161108,20251102
강동구,학원,미네르바수학학원,서울특별시 강동구 천호대로193길 40,입시.검정 및 보습,보통교과,보습,444,20161108,20250406
양천구,학원,목동아이비탑리딩영어독서학원,서울특별시 양천구 목동동로 73,입시.검정 및 보습,보통교과,보습?논술,150,20161109,20251123
양천구,학원,리드101목동2영어학원,서울특별시 양천구 목동동로 73,입시.검정 및 보습,보통교과,보습,1000,20161109,20250112
양천구,학원,블랙캠퍼스정이조학원,서울특별시 양천구 목동동로 73,입시.검정 및 보습,보통교과,보습?논술,220,20161109,20241215
양천구,학원,전문가집단피지에이학원,서울특별시 양천구 목동동로 387,입시.검정 및 보습,보통교과,보습?논술,0,20161109,20260607
양천구,학원,몬스터매스목동직영센터학원,서울특별시 양천구 중앙로32길 61,입시.검정 및 보습,보통교과,보습?논술,0,20161109,20260621
양천구,학원,예섬학원,서울특별시 양천구 오목로 336,입시.검정 및 보습,보통교과,,3533,20161111,20250601
중랑구,교습소,올컴컴퓨터교습소,서울특별시 중랑구 면목로91길 19-11,기타(대),기타(중),자격증과정Ⅰ,12,20161110,20241006
중랑구,학원,MightyMouth(마이티마우스)학원,서울특별시 중랑구 면목로55길 50,입시.검정 및 보습,보통교과,"보습,",155,20161110,20231018
동대문구,학원,M실용음악학원,서울특별시 동대문구 한천로 189,예능(대),예능(중),음악,240,20161109,20231018
강남구,학원,바른아트센터미술학원,서울특별시 강남구 논현로164길 21,예능(대),예능(중),미술,405,20161108,20260308
영등포구,교습소,보라매에스케이(SK)뷰다인사고력수학교습소,서울특별시 영등포구 여의대방로35가길 19,입시.검정 및 보습,보통교과,사고력 수학(일90분*주2회*4.2주),9,20161110,20251109
성북구,학원,길음이바인어학원,서울특별시 성북구 정릉로 330,국제화,외국어,실용외국어(유아/초?중?고),573,20161108,20250615
성북구,교습소,해법두산논술교습소,서울특별시 성북구 오패산로 46,입시.검정 및 보습,보통교과,초등논술A,20,20161104,20240225
성북구,교습소,심선생마스터수학교습소,서울특별시 성북구 오패산로 46,입시.검정 및 보습,보통교과,초등수학A,56,20161110,20231018
강북구,학원,강북댄스스포츠학원,서울특별시 강북구 도봉로 192,기예(대),기예(중),"댄스,",180,20161104,20231018
동작구,교습소,꿈땅미술교습소,서울특별시 동작구 여의대방로 250,예능(대),예능(중),미술1,15,20161102,20231018
강남구,교습소,한수위수학교습소,서울특별시 강남구 압구정로29길 68,입시.검정 및 보습,보통교과,초등수학,18,20161111,20231018
강서구,교습소,백합피아노음악교습소,서울특별시 강서구 양천로 601,예능(대),예능(중),피아노(9과정-입시),40,20161110,20240908
송파구,학원,크레오(CREO)학원,서울특별시 송파구 마천로 21,국제화,외국어,실용외국어(유아/초?중?고),15,20161110,20260802
강남구,학원,에이펙스에듀학원,서울특별시 강남구 삼성로64길 41,입시.검정 및 보습,보통교과,보습?논술,480,20161107,20260201
금천구,학원,천재교과서밀크티중학원격학원,서울특별시 금천구 가산디지털1로 16,입시.검정 및 보습,보통교과,보습,2441,20161110,20250518
강남구,학원,시대인재대덕관3학원,서울특별시 강남구 삼성로57길 36,입시.검정 및 보습,보통교과,보습?논술,2508,20150731,20260705
금천구,학원,천재교과서밀크티초등원격학원,서울특별시 금천구 가산디지털1로 16,입시.검정 및 보습,보통교과,보습,350,20161110,20250518
노원구,학원,교정수학학원,서울특별시 노원구 한글비석로 271,입시.검정 및 보습,보통교과,보습,108,20161114,20260705
노원구,학원,중계폴리어학원,서울특별시 노원구 노원로 236,국제화,외국어,실용외국어(유아/초?중?고),0,20161114,20260607
양천구,학원,온더데스크목동3센터독서실,서울특별시 양천구 목동남로 46,독서실,독서,,360,20161110,20231018
서초구,학원,엔디에이취(NDH)발성교정아카데미학원,서울특별시 서초구 동산로14길 2,기예(대),기예(중),"화술,",110,20161115,20231018
서초구,학원,방배캠퍼스현재어학원,서울특별시 서초구 서초대로 25,종합(대),외국어,"보습?논술,실용외국어(유아/초?중?고)",660,20161115,20250928
영등포구,교습소,달콤미술교습소,서울특별시 영등포구 가마산로 423,예능(대),예능(중),미술A(일80분*주2회*4주),18,20161116,20250727
서초구,학원,진선생구반포관영어학원,서울특별시 서초구 반포대로 300,입시.검정 및 보습,보통교과,"보습,",180,20161117,20231018
은평구,교습소,조이바이올린교습소,서울특별시 은평구 불광로 122-10,예능(대),예능(중),초급바이올린,4,20161117,20231018
강서구,교습소,톡톡수학교습소,서울특별시 강서구 공항대로53가길 42,입시.검정 및 보습,보통교과,수학(중3),42,20161117,20240526
강동구,교습소,뮤엠영어천호그레이스영어교습소,서울특별시 강동구 구천면로 310-9,입시.검정 및 보습,보통교과,"중등내신(4주)(주5회, 회70분)",63,20161117,20250831
송파구,교습소,예당음악교습소,서울특별시 송파구 동남로 208,예능(대),예능(중),"음악초급(주5회,회60분)",42,20161118,20250727
양천구,학원,더다원수학목동관2관학원,서울특별시 양천구 목동동로 411,입시.검정 및 보습,보통교과,보습?논술,4226,20161121,20260201
성북구,학원,SNU라임음악학원,서울특별시 성북구 북악산로 850,예능(대),예능(중),음악,202,20161102,20260802
강서구,교습소,플레이팩토화곡점수학교습소,서울특별시 강서구 우현로 9,입시.검정 및 보습,보통교과,초등수학A,24,20161117,20231018
강남구,학원,그로튼아카데미학원,서울특별시 강남구 도곡로 418,종합(대),,실용외국어(유아/초?중?고),528,20161118,20250126
도봉구,교습소,장쌤수학교습소,서울특별시 도봉구 노해로70길 46,입시.검정 및 보습,보통교과,초등연산1,12,20161121,20251102
노원구,교습소,윈(WIN)영어교습소,서울특별시 노원구 중계로 201,입시.검정 및 보습,보통교과,초등 영어1,18,20161121,20231018
강남구,학원,씨아이티코드아카데미(CIT Code Academy)학원,서울특별시 강남구 압구정로32길 11,기타(대),기타(중),"컴퓨터(소),",52,20161121,20231018
강남구,교습소,역삼피아노교습소,서울특별시 강남구 역삼로4길 22,예능(대),예능(중),피아노초급1,20,20161121,20240225
광진구,학원,웅진씽크빅학습센터광장학원,서울특별시 광진구 광나루로 607,입시.검정 및 보습,보통교과,"보습,",155,20161121,20240908
은평구,학원,2관이진주영어학원,서울특별시 은평구 응암로 288,입시.검정 및 보습,보통교과,,56,20161121,20231018
도봉구,교습소,소나무수학교습소,서울특별시 도봉구 마들로 555,입시.검정 및 보습,보통교과,중등수학1,9,20161122,20231231
강남구,교습소,와이케이에스(YKS)양경숙영어교습소,서울특별시 강남구 선릉로 225,입시.검정 및 보습,보통교과,초등영어,28,20161122,20260607
은평구,학원,피앤피음악학원,서울특별시 은평구 북한산로 2,예능(대),예능(중),"음악,",250,20161122,20231018
구로구,교습소,뮤엠영어고척2영어교습소,서울특별시 구로구 고척로52길 63,입시.검정 및 보습,보통교과,초등영어A(일60분*주5회*4.2주),45,20161121,20240324
중랑구,교습소,봉화뮤엠영어교습소,서울특별시 중랑구 신내로 135,입시.검정 및 보습,보통교과,초등영어기초,56,20161122,20260705
서초구,학원,러셀강남바른공부자습전용관독서실,서울특별시 서초구 서초중앙로22길 17,독서실,독서,"독서실,독서실(유아/초?중?고)",602,20161121,20260426
구로구,학원,와이엔케이영어학원,서울특별시 구로구 경인로 397,입시.검정 및 보습,보통교과,보습,60,20161121,20250810
강남구,학원,하이원학원,서울특별시 강남구 남부순환로 2941,입시.검정 및 보습,보통교과,보습?논술,494,20161115,20260301
강남구,학원,오른수학학원,서울특별시 강남구 도곡로87길 6,입시.검정 및 보습,보통교과,"보습?논술,",370,20161123,20231018
종로구,교습소,노래하는나무음악교습소,서울특별시 종로구 혜화로 26,예능(대),예능(중),피아노초급,39,20161123,20260719
중구,교습소,마음미술교습소,서울특별시 중구 퇴계로90길 74,예능(대),예능(중),기초미술B,5,20161123,20260705
서대문구,교습소,다모아탑영어교습소,서울특별시 서대문구 신촌로35길 3,입시.검정 및 보습,보통교과,,42,20161123,20231018
송파구,학원,이권보습학원,서울특별시 송파구 양재대로71길 20-29,입시.검정 및 보습,보통교과,보습,471,20161122,20260607
동작구,학원,해강수학학원,서울특별시 동작구 여의대방로36길 30,입시.검정 및 보습,보통교과,보습,110,20161115,20250831
서초구,학원,서초소마2관학원,서울특별시 서초구 고무래로 12,입시.검정 및 보습,보통교과,"보습?논술,",374,20161122,20251005
도봉구,교습소,양샘수학교습소,서울특별시 도봉구 노해로 341,입시.검정 및 보습,보통교과,중등수학 B,180,20161125,20240908
서초구,학원,서준학원,서울특별시 서초구 효령로 173,입시.검정 및 보습,보통교과,보습,48,20161125,20240317
서초구,학원,수학을삼키다학원,서울특별시 서초구 동작대로 160,입시.검정 및 보습,,"보습,",80,20161125,20231018
도봉구,학원,올림수학학원,서울특별시 도봉구 마들로 650,입시.검정 및 보습,보통교과,보습,20,20161125,20241215
동작구,학원,고등관에스이엠영어학원,서울특별시 동작구 여의대방로10길 38,입시.검정 및 보습,보통교과,보습,276,20161114,20250928
금천구,학원,임뷰티토탈뷰티학원,서울특별시 금천구 가산디지털1로 165,직업기술,산업응용기술,이?미용,110,20161122,20240428
마포구,교습소,삼성영어밤섬스카이교실영어교습소,서울특별시 마포구 독막로20나길 22,입시.검정 및 보습,보통교과,초등영어기초(주5일),64,20161122,20260308
마포구,교습소,뮤엠영어신공덕캠퍼스영어교습소,서울특별시 마포구 백범로37길 16,입시.검정 및 보습,보통교과,,63,20161124,20241215
마포구,교습소,재미수학교습소,서울특별시 마포구 월드컵북로 224,입시.검정 및 보습,보통교과,수학1(초등),14,20161116,20240616
마포구,교습소,목동더봄영어교습소,서울특별시 마포구 백범로 133,입시.검정 및 보습,보통교과,초등영어A1,99,20161122,20240317
마포구,교습소,상암아르떼음악교습소,서울특별시 마포구 월드컵북로 501,예능(대),예능(중),초급피아노,21,20161124,20250608
마포구,학원,이투스수학학원,서울특별시 마포구 방울내로 77,입시.검정 및 보습,보통교과,보습,151,20161109,20260621
마포구,학원,그린섬프리어학원,서울특별시 마포구 와우산로 128-1,예능(대),예능(중),미술,240,20161115,20260215
강남구,학원,이맥스잉글리시(eMAX Englsih)어학원,서울특별시 강남구 삼성로51길 42,국제화,외국어,"실용외국어(유아/초?중?고),",298,20161128,20240324
은평구,교습소,YJ최강영어교습소,서울특별시 은평구 백련산로 38,입시.검정 및 보습,보통교과,영어(중등A),30,20161128,20240128
양천구,교습소,라하잉글리시영어교습소,서울특별시 양천구 목동동로 189,입시.검정 및 보습,보통교과,초등(옵션1),60,20161124,20231217
양천구,교습소,손일훈수학교습소,서울특별시 양천구 목동서로 77,입시.검정 및 보습,보통교과,,71,20161122,20240317
강동구,학원,하이레벨수학학원,서울특별시 강동구 고덕로 256,입시.검정 및 보습,보통교과,보습,150,20161129,20260308
은평구,학원,자명학원,서울특별시 은평구 연서로 332,입시.검정 및 보습,보통교과,,220,20161128,20240407
양천구,학원,에픽보습학원,서울특별시 양천구 목동서로 349,입시.검정 및 보습,보통교과,보습,46,20161128,20260405
송파구,학원,이엠수학학원,서울특별시 송파구 양재대로71길 1-10,입시.검정 및 보습,보통교과,,30,20161124,20240908
송파구,학원,샘이깊은국어학원,서울특별시 송파구 백제고분로21길 27,입시.검정 및 보습,보통교과,보습,700,20161124,20250907
영등포구,학원,케이투위더스(K2withus)당산1관학원,서울특별시 영등포구 당산로 166,입시.검정 및 보습,보통교과,보습,70,20161129,20250720
양천구,학원,이투스24/7목동오목교학원,서울특별시 양천구 목동동로 73,입시.검정 및 보습,보통교과,보습?논술,75,20161129,20260719
서초구,학원,러셀강남학원,서울특별시 서초구 서초중앙로22길 17,종합(대),,"보습?논술,진학상담지도,진학지도",3204,20161122,20260607
강동구,학원,눈높이러닝센터둔촌학원,서울특별시 강동구 진황도로 227,입시.검정 및 보습,보통교과,보습,238,20161129,20260607
노원구,교습소,기린숲미술교습소,서울특별시 노원구 공릉로58길 111,예능(대),예능(중),미술 1,54,20161129,20260628
서초구,학원,이후미술학원,서울특별시 서초구 고무래로10길 23,예능(대),예능(중),미술,210,20161129,20250615
구로구,학원,위너스해법영수학원,서울특별시 구로구 디지털로31길 90,입시.검정 및 보습,보통교과,보습,235,20161201,20240908
동작구,학원,이투스상도2동점수학학원,서울특별시 동작구 상도로34길 36-10,입시.검정 및 보습,보통교과,보습,580,20161129,20260201
강남구,교습소,하늘발레무용교습소,서울특별시 강남구 압구정로29길 65,기타(대),기타(중),유아4~5세반,36,20161116,20231018
영등포구,교습소,에임하이영어교습소,서울특별시 영등포구 당산로44길 3,입시.검정 및 보습,보통교과,중등영어1(일200분*주2회*4.2주),12,20161202,20240225
강남구,학원,생각하는황소3관학원,서울특별시 강남구 역삼로 448,입시.검정 및 보습,보통교과,,50,20161130,20231029
강남구,학원,코딩골드스쿨컴퓨터학원,서울특별시 강남구 삼성로 212,기타(대),기타(중),컴퓨터(소),28,20161116,20240714
양천구,교습소,이지(easy)민국어교습소,서울특별시 양천구 목동서로 77,입시.검정 및 보습,보통교과,국어중등,15,20161201,20231018
동대문구,학원,해냄(HENEM)수학학원,서울특별시 동대문구 한천로 90,입시.검정 및 보습,보통교과,"보습?논술,",66,20161205,20231023
서대문구,교습소,공간국어교습소,서울특별시 서대문구 통일로 377,입시.검정 및 보습,보통교과,초등국어,8,20161128,20231018
서대문구,교습소,포레음악교습소,서울특별시 서대문구 증가로 191,예능(대),예능(중),피아노 바이엘A 초급,40,20161202,20250720
성동구,학원,미송영어수학학원,서울특별시 성동구 무학로14길 41,입시.검정 및 보습,보통교과,보습,40,20161130,20240225
성동구,학원,아카데미라운지왕십리독서실,서울특별시 성동구 마장로 137,독서실,독서,"독서실(유아/초?중?고),",729,20161201,20231210
관악구,교습소,연세스마트해법수학교습소,서울특별시 관악구 성현로 80,입시.검정 및 보습,보통교과,초등수학,27,20161205,20250601
동작구,교습소,정석이아이디수학교습소,서울특별시 동작구 매봉로 134,입시.검정 및 보습,보통교과,초등수학,27,20161205,20231018
관악구,학원,공부와락원격학원,서울특별시 관악구 보라매로3길 23,입시.검정 및 보습,보통교과,"보습,",0,20120904,20260719
양천구,학원,그린램프라이브러리목동2캠퍼스독서실,서울특별시 양천구 목동동로 65,독서실,독서,"독서실(유아/초?중?고),",220,20161115,20260607
양천구,학원,목동독학재수와신상담독서실,서울특별시 양천구 목동동로 73,독서실,독서,독서실(유아/초?중?고),340,20161205,20260201
강서구,학원,마곡동예원음악학원,서울특별시 강서구 공항대로 140,예능(대),예능(중),음악,170,20161206,20250907
구로구,교습소,윤선생우리집앞영어교실개봉푸르지오영어교습소,서울특별시 구로구 남부순환로 775,입시.검정 및 보습,보통교과,,12,20161205,20231018
구로구,교습소,풍경이있는수채화미술교습소,서울특별시 구로구 천왕로 9,예능(대),예능(중),,8,20161205,20231018
서초구,학원,엘앤케이(LNK)스터디브릭스보습학원,서울특별시 서초구 성촌1길 26,입시.검정 및 보습,보통교과,,100,20161207,20231018
양천구,교습소,설렘음악교습소,서울특별시 양천구 목동서로 70,예능(대),예능(중),해금1(입시),6,20161207,20260607
강서구,학원,명성아카데미학원,서울특별시 강서구 곰달래로59길 67,입시.검정 및 보습,보통교과,보습?논술,70,20161206,20250928
구로구,교습소,정쌤영어교습소,서울특별시 구로구 중앙로3길 12,입시.검정 및 보습,보통교과,초등영어A(일60분*주3회*4.2주),25,20161207,20231018
중랑구,학원,펠릭스영어학원,서울특별시 중랑구 신내로 51,입시.검정 및 보습,보통교과,보습,90,20161208,20260816
은평구,학원,수학의지학원,서울특별시 은평구 증산로 325,입시.검정 및 보습,보통교과,보습,50,20161209,20251123
강남구,학원,김용철화실미술학원,서울특별시 강남구 삼성로 225,예능(대),예능(중),"미술,",126,20161209,20260201
영등포구,교습소,고수학교습소,서울특별시 영등포구 양평로24길 9,입시.검정 및 보습,보통교과,초등수학(일130분*주2회*4주),20,20161209,20250112
노원구,학원,대치메이드세이노중계점입시4관학원,서울특별시 노원구 한글비석로 272,입시.검정 및 보습,보통교과,보습,0,20161209,20260607
성북구,교습소,아뜨리에고요한공감6?1미술교습소,서울특별시 성북구 아리랑로5길 39,예능(대),예능(중),초급미술A,30,20161130,20250330
성북구,학원,메인보컬실용음악학원,서울특별시 성북구 보문로34길 35,기예(대),기예(중),"실용음악(성악),",255,20161205,20231018
성북구,학원,이투스(ETOOS)24/7서울성북학원,서울특별시 성북구 동소문로 125,입시.검정 및 보습,보통교과,보습?논술,364,20161205,20250601
송파구,교습소,블로썸발레무용교습소,서울특별시 송파구 양재대로 1222,예능(대),예능(중),"발레(4주)(주5회,회60분)",7,20161206,20231018
강동구,교습소,임쌤중국어교습소,서울특별시 강동구 고덕로 133,입시.검정 및 보습,보통교과,,3,20161211,20231018
강동구,교습소,허윤경속성한문교습소,서울특별시 강동구 동남로71길 32,입시.검정 및 보습,보통교과,"초등1(주1회, 회100분)",42,20161201,20251102
강동구,교습소,그림샘아트센터미술교습소,서울특별시 강동구 천중로40길 72,예능(대),예능(중),,10,20161206,20260201
동대문구,학원,매그닛영어(Magnet English)학원,서울특별시 동대문구 답십리로 291-3,입시.검정 및 보습,보통교과,"보습,",125,20161208,20231018
양천구,학원,마녀수학학원,서울특별시 양천구 목동서로 67,입시.검정 및 보습,보통교과,보습?논술,96,20161212,20251005
양천구,학원,1타수학전문학원,서울특별시 양천구 목동동로10길 16-5,입시.검정 및 보습,보통교과,보습?논술,275,20161212,20260201
강동구,학원,그레이프트리스파크어학원,서울특별시 강동구 명일로 271,국제화,외국어,실용외국어(유아/초?중?고),308,20161212,20250406
강동구,학원,해볼수학강동본원학원,서울특별시 강동구 양재대로 1609,입시.검정 및 보습,보통교과,보습,160,20161212,20241215
강남구,학원,아토즈수리논구술학원,서울특별시 강남구 삼성로 227,입시.검정 및 보습,보통교과,보습?논술,194,20161213,20260201
용산구,교습소,밤비니슈필놀이수학교습소,서울특별시 용산구 원효로 51,기타(대),기타(중),,18,20161213,20231018
마포구,학원,아e들의작업실미술학원,서울특별시 마포구 큰우물로 14,예능(대),예능(중),"미술,",16,20161207,20231018
동대문구,교습소,쉬운수학교습소,서울특별시 동대문구 약령시로 10-1,입시.검정 및 보습,보통교과,초등수학,14,20161214,20231018
노원구,학원,플래뮤노원미술학원,서울특별시 노원구 한글비석로 242,예능(대),예능(중),미술,0,20161214,20260816
노원구,학원,장민준영어1관학원,서울특별시 노원구 한글비석로 273,입시.검정 및 보습,보통교과,보습,330,20161214,20240324
강남구,학원,묵연전통채색화학원,서울특별시 강남구 선릉로155길 25,기예(대),기예(중),미술,7,20161206,20250601
강남구,학원,대치명인스카이수학학원,서울특별시 강남구 선릉로64길 18,입시.검정 및 보습,보통교과,보습?논술,60,20161206,20260614
강남구,학원,엘이피아카데미학원,서울특별시 강남구 언주로114길 15-3,종합(대),,,40,20161208,20231018
종로구,교습소,노랑앵무새미술교습소,서울특별시 종로구 혜화로 27,예능(대),예능(중),,6,20161215,20231018
서초구,학원,919수학학원,서울특별시 서초구 신반포로 205,입시.검정 및 보습,보통교과,"보습?논술,",184,20161215,20250928
은평구,교습소,끄레아떼영어교습소,서울특별시 은평구 진관4로 37,입시.검정 및 보습,보통교과,,20,20161214,20231018
양천구,학원,월간백인대장학원,서울특별시 양천구 목동동로 401,입시.검정 및 보습,보통교과,보습?논술,320,20161216,20251214
양천구,학원,유앤미학원,서울특별시 양천구 월정로 47,입시.검정 및 보습,보통교과,,60,20161214,20231018
서초구,학원,개념폴리아서초관학원,서울특별시 서초구 서초중앙로 225,입시.검정 및 보습,보통교과,"보습,보습?논술",3290,20161216,20260201
강서구,교습소,예홍미술교습소,서울특별시 강서구 공항대로 140,예능(대),예능(중),미술(일반)1,63,20161215,20250223
강남구,교습소,미립국어교습소,서울특별시 강남구 도곡로 510,입시.검정 및 보습,보통교과,국어(중3),24,20161116,20231018
강남구,교습소,일원튼튼마스터클럽영어교습소,서울특별시 강남구 광평로19길 10,입시.검정 및 보습,보통교과,영어,8,20161212,20241006
중구,교습소,동향음악교습소,서울특별시 중구 다산로36길 36,예능(대),예능(중),,33,20161219,20250309
양천구,교습소,독서토론논술생각의힘논술교습소,서울특별시 양천구 목동서로 285,입시.검정 및 보습,보통교과,중등논술7,20,20161214,20250330
강남구,교습소,스마트해법수학강남율현초점수학교습소,서울특별시 강남구 밤고개로 227,입시.검정 및 보습,보통교과,수학연산,54,20161216,20260308
양천구,학원,제이뉴아트학원,서울특별시 양천구 목동동로 339,예능(대),예능(중),미술,6,20161219,20240428
노원구,학원,민선생수학학원,서울특별시 노원구 중계로 206,입시.검정 및 보습,보통교과,보습,70,20161219,20240707
광진구,학원,튼튼영어마스터클럽광진자양학원,서울특별시 광진구 능동로6길 14,입시.검정 및 보습,보통교과,보습,40,20161219,20250330
광진구,교습소,잉글리시에티카(EnglishETHICA)영어교습소,서울특별시 광진구 광나루로54길 38,입시.검정 및 보습,보통교과,초등 영어,15,20161219,20231018
송파구,학원,올림픽중등씨앤씨(C&C)미술학원,서울특별시 송파구 위례성대로22길 6,예능(대),예능(중),미술,60,20161219,20260614
강동구,학원,뮤직스토리음악학원,서울특별시 강동구 올림픽로 664,기예(대),,,300,20161220,20231018
서초구,학원,와이국어논술학원,서울특별시 서초구 서초대로51길 29,입시.검정 및 보습,보통교과,,34,20161220,20231018
광진구,학원,서울리움미술학원,서울특별시 광진구 아차산로 502,예능(대),예능(중),미술,152,20161221,20251123
광진구,교습소,한우리광진현대2단지논술교습소,서울특별시 광진구 광나루로56길 34,입시.검정 및 보습,보통교과,중등기본논술,6,20161221,20250720
중랑구,교습소,바나나앤드미술교습소,서울특별시 중랑구 공릉로12가길 46-5,예능(대),예능(중),초등미술(고급),18,20161221,20260802
강서구,학원,해인생각수학해인생각문해력학원,서울특별시 강서구 강서로45길 41,입시.검정 및 보습,보통교과,보습?논술,1180,20161220,20260809
강남구,교습소,유씨엘에이국제학교프렙영어교습소,서울특별시 강남구 삼성로61길 41,국제화,외국어,국제학교입학반,16,20161220,20231113
영등포구,학원,발레애무용학원,서울특별시 영등포구 시흥대로 671,기예(대),기예(중),"무용(전통무용,현대무용)",200,20161220,20241215
동작구,교습소,상도힐스테이트뮤엠영어교습소,서울특별시 동작구 상도로 346-1,입시.검정 및 보습,보통교과,초등영어A,40,20161219,20260208
송파구,학원,에듀플렉스에듀코치개별지도잠실학원,서울특별시 송파구 석촌호수로 135,입시.검정 및 보습,보통교과,보습,180,20161221,20260621
송파구,학원,한맥국어중등2관학원,서울특별시 송파구 위례성대로 128,입시.검정 및 보습,보통교과,"보습,",30,20161221,20231018
송파구,학원,송파간호학원,서울특별시 송파구 법원로 114,직업기술,간호보조기술,"간호조무사,",350,20161221,20250330
관악구,교습소,일등급영어교습소,서울특별시 관악구 관악로40길 47,입시.검정 및 보습,보통교과,초등영어,9,20161219,20231018
동작구,교습소,강유진의강한영어교습소,서울특별시 동작구 여의대방로 30,입시.검정 및 보습,보통교과,중등영어,20,20161213,20260315
성북구,교습소,가우스두산수학교습소,서울특별시 성북구 오패산로 46,입시.검정 및 보습,보통교과,초등수학,81,20161212,20260201
은평구,교습소,성균관국어교습소,서울특별시 은평구 백련산로 84,입시.검정 및 보습,보통교과,초등국어1,21,20161220,20240331
노원구,학원,레알편입학원,서울특별시 노원구 동일로 1341,인문사회(대),인문사회(중),대학편입,114,20161223,20260201
양천구,학원,그린램프라이브러리목동3캠퍼스독서실,서울특별시 양천구 목동동로 437,독서실,독서,"독서실(유아/초?중?고),",190,20161223,20260712
노원구,학원,중계미래탐구중등2관학원,서울특별시 노원구 한글비석로 232,입시.검정 및 보습,보통교과,보습,0,20161226,20260201
강남구,교습소,강남일원스즈키바이올린음악교습소,서울특별시 강남구 광평로19길 10,예능(대),예능(중),,14,20161223,20231018
은평구,학원,하나한솔학원,서울특별시 은평구 진관2로 29-21,입시.검정 및 보습,보통교과,보습,130,20161226,20241215
은평구,학원,드림한솔학원,서울특별시 은평구 진관2로 29-21,입시.검정 및 보습,보통교과,보습,110,20161226,20241215
용산구,학원,바하음악학원,서울특별시 용산구 효창원로 8-1,예능(대),예능(중),음악,80,20161223,20260802
은평구,교습소,구산채움수학교습소,서울특별시 은평구 서오릉로17길 7,입시.검정 및 보습,보통교과,초등수학,45,20161227,20250223
서초구,학원,엘브라운(El.Brown)학원,서울특별시 서초구 신반포로3길 8,입시.검정 및 보습,,"보습?논술,",213,20161227,20250720
서초구,교습소,새미준영어교습소,서울특별시 서초구 서초대로53길 27,입시.검정 및 보습,보통교과,,60,20161226,20231018
강남구,학원,판테라수학학원,서울특별시 강남구 도곡로 408,입시.검정 및 보습,보통교과,보습?논술,300,20161226,20250706
강남구,학원,매그나학원,서울특별시 강남구 삼성로 150,입시.검정 및 보습,보통교과,"보습?논술,",1128,20161226,20231018
서초구,학원,코리아요리아트아카데미학원,서울특별시 서초구 서초대로78길 28,직업기술,산업응용기술,"식음료품(바리스타,소믈리에)",124,20161223,20250727
양천구,교습소,모네의집미술교습소,서울특별시 양천구 목동중앙남로 100,예능(대),예능(중),중등입시미술1,15,20161117,20250803
영등포구,학원,티케이보습학원,서울특별시 영등포구 여의대방로 105,입시.검정 및 보습,보통교과,"보습,",0,20091211,20231105
서초구,학원,생각하는두꺼비수학3관학원,서울특별시 서초구 고무래로8길 10,입시.검정 및 보습,보통교과,"보습,보습?논술,",3160,20161228,20231018
강남구,학원,황쌤수학학원,서울특별시 강남구 선릉로64길 8,입시.검정 및 보습,보통교과,보습,30,20121231,20250112
양천구,학원,과학오르다학원,서울특별시 양천구 목동서로 285,입시.검정 및 보습,보통교과,보습?논술,52,20161228,20250112
서초구,학원,구반포진선생어학원,서울특별시 서초구 신반포로3길 8,국제화,외국어,"실용외국어(유아/초?중?고),",180,20161229,20231018
강남구,학원,원어비국어학원,서울특별시 강남구 선릉로64길 15,입시.검정 및 보습,보통교과,,120,20161130,20231018
강남구,학원,엠비씨아카데미연극학원,서울특별시 강남구 논현로86길 29,종합(대),기타(중),연극,128,20161221,20251109
강남구,학원,메이드인문수리논술학원,서울특별시 강남구 도곡로 430,입시.검정 및 보습,보통교과,보습?논술,15,20161111,20260607
강남구,학원,키아나연기학원,서울특별시 강남구 논현로 554,기타(대),기타(중),"연극,",42,20161128,20231018
강남구,학원,엠엘씨(MLC)영어전문학원,서울특별시 강남구 도산대로27길 26,입시.검정 및 보습,보통교과,"보습,",210,20161111,20250406
강남구,학원,"학원,날개를달다학원",서울특별시 강남구 역삼로 462,입시.검정 및 보습,보통교과,"보습?논술,",15,20161104,20231018
용산구,교습소,참쉬운수학교습소,서울특별시 용산구 원효로 182,입시.검정 및 보습,보통교과,초등수학1,48,20161229,20260628
강남구,학원,메르뷰미용학원,서울특별시 강남구 학동로 332,직업기술,산업응용기술,,30,20160919,20231018
송파구,학원,프라임쎈수학학원,서울특별시 송파구 송이로 79,입시.검정 및 보습,보통교과,보습,344,20161228,20250810
강남구,학원,시대인재브릿지관부엉이라이브러리2독서실,서울특별시 강남구 도곡로 503,독서실,독서,독서실(일반인),143,20161230,20260705
동작구,학원,코딩플러스학원,서울특별시 동작구 상도로 219,기타(대),기타(중),컴퓨터(소),65,20161226,20240707
강남구,학원,마루국어압구정학원,서울특별시 강남구 압구정로 162,입시.검정 및 보습,보통교과,보습?논술,72,20161230,20260201
강남구,학원,아이엔어학원,서울특별시 강남구 도곡로 526,국제화,외국어,실용외국어(유아/초?중?고),650,20161229,20260705
송파구,학원,청어람수다빈치보습학원,서울특별시 송파구 양재대로71길 4-23,입시.검정 및 보습,보통교과,보습,200,20161227,20260308
송파구,학원,청어람수지호락학원,서울특별시 송파구 양재대로71길 4-27,입시.검정 및 보습,보통교과,보습,200,20161230,20260308
영등포구,학원,강한바탕학원,서울특별시 영등포구 국제금융로 78,입시.검정 및 보습,보통교과,"보습?논술,",137,20161230,20250629
강동구,교습소,성공영어교습소,서울특별시 강동구 아리수로93길 40,입시.검정 및 보습,보통교과,"고등영어(주2회, 회180분)",24,20161222,20260201
강동구,교습소,창의소프트웨어코딩컴퓨터교습소,서울특별시 강동구 동남로81길 20,기타(대),기타(중),,5,20161222,20231018
서초구,학원,라라음악학원,서울특별시 서초구 중앙로 582,예능(대),예능(중),,105,20161229,20231018
강남구,학원,시대인재브릿지관부엉이라이브러리3독서실,서울특별시 강남구 도곡로 503,독서실,독서,독서실(일반인),143,20161230,20260705
동작구,교습소,수학엔스터디수학교습소,서울특별시 동작구 흑석로 120,입시.검정 및 보습,보통교과,초등수학,27,20161230,20231018
중구,학원,바가노바발레학원,서울특별시 중구 정동길 17,예능(대),예능(중),무용,279,20070320,20260426
동대문구,학원,주노영어학원,서울특별시 동대문구 답십리로69길 8,입시.검정 및 보습,보통교과,보습,28,20170102,20251214
중구,학원,오하운폴댄스학원,서울특별시 중구 세종대로14길 15,기예(대),기예(중),댄스,390,20170102,20250309
양천구,교습소,설렘피아노교습소,서울특별시 양천구 목동서로 70,예능(대),예능(중),입시피아노1(초중고),10,20161212,20260809
중구,교습소,이창엽국어교습소,서울특별시 중구 동호로10길 30,입시.검정 및 보습,보통교과,국어(중등 A),42,20170102,20231018
강남구,학원,대치솔학원,서울특별시 강남구 선릉로72길 21,입시.검정 및 보습,보통교과,보습,180,20161228,20260426
은평구,학원,닥터정이클래스더써미트학원,서울특별시 은평구 진관2로 29-21,국제화,외국어,"실용외국어(유아/초?중?고),",78,20170103,20231018
은평구,학원,정연수학학원,서울특별시 은평구 진관2로 19,입시.검정 및 보습,보통교과,보습,166,20170103,20260607
서대문구,학원,말글국어더함수학학원,서울특별시 서대문구 모래내로15길 68,입시.검정 및 보습,보통교과,보습,153,20170103,20260201
마포구,교습소,공덕수학교습소,서울특별시 마포구 신촌로34길 31,입시.검정 및 보습,보통교과,고등수학1,18,20161221,20241215
송파구,학원,개념상상학원,서울특별시 송파구 백제고분로21길 35,종합(대),,"보습,진학상담지도",536,20170104,20260705
강남구,학원,아이씨씨텍스타일디자인학원,서울특별시 강남구 논현로149길 65,직업기술,산업응용기술,디자인,146,20170103,20240317
서대문구,교습소,안녕미술교습소,서울특별시 서대문구 북아현로1길 50,예능(대),예능(중),초급미술1,21,20170104,20260705
도봉구,교습소,삼성홍익미술교습소,서울특별시 도봉구 노해로66길 29,예능(대),예능(중),주1회,24,20170104,20250608
용산구,학원,이룸에듀학원,서울특별시 용산구 원효로 51,입시.검정 및 보습,보통교과,보습,280,20170109,20231018
송파구,교습소,에이스(Ace)영어교습소,서울특별시 송파구 위례성대로20길 8,입시.검정 및 보습,보통교과,,6,20170103,20231018
송파구,교습소,케이엘에이영어교습소,서울특별시 송파구 토성로 33,국제화,외국어,"초등1(주3회,회95분)",90,20170103,20250727
강남구,교습소,한우리자곡독서논술교습소,서울특별시 강남구 자곡로 106,입시.검정 및 보습,보통교과,,4,20170106,20231018
강남구,학원,띵크앤리드도곡영어학원,서울특별시 강남구 남부순환로365길 39,입시.검정 및 보습,보통교과,"보습?논술,",9478,20170106,20240128
구로구,학원,솔실용음악학원,서울특별시 구로구 중앙로 65,예능(대),예능(중),음악,160,20170106,20240428
영등포구,교습소,글샘국어교습소,서울특별시 영등포구 문래로 89,입시.검정 및 보습,보통교과,초등국어(일100분*주2회*4.2주),21,20170106,20231018
강서구,교습소,더올림수학교습소,서울특별시 강서구 강서로45길 46,입시.검정 및 보습,보통교과,초등수학1,21,20170103,20250713
송파구,교습소,다니엘S수학교습소,서울특별시 송파구 새말로6길 46,입시.검정 및 보습,기타(중),,9,20170109,20251116
금천구,교습소,능률주니어랩영어교습소,서울특별시 금천구 독산로50길 90,입시.검정 및 보습,보통교과,영어(초등)(일60분*주5회*4.2주),27,20170109,20260315
영등포구,교습소,하브루타영어교습소,서울특별시 영등포구 국제금융로 78,입시.검정 및 보습,보통교과,,18,20170106,20231018
송파구,교습소,프롬아트미술교습소,서울특별시 송파구 석촌호수로 61,예능(대),예능(중),"성인미술(입시)(4주)(주2회, 회당120분)",8,20170110,20250727
강북구,교습소,벽산음악교습소,서울특별시 강북구 솔샘로 167,예능(대),예능(중),초등피아노,15,20170109,20231018
강동구,교습소,포스국어교습소,서울특별시 강동구 양재대로 1335,입시.검정 및 보습,보통교과,"초등국어(주1회,150분)",18,20170110,20231018
송파구,학원,잠실제2심슨어학원,서울특별시 송파구 석촌호수로 61,국제화,외국어,실용외국어(유아/초?중?고),178,20170110,20260329
서대문구,교습소,별피아노음악교습소,서울특별시 서대문구 독립문로8길 54,예능(대),예능(중),피아노 초급1,15,20170110,20251123
성동구,교습소,그림온미술교습소,서울특별시 성동구 왕십리로 410,예능(대),예능(중),주1회A,64,20170111,20240128
관악구,학원,김홍학원,서울특별시 관악구 남부순환로 1511,입시.검정 및 보습,보통교과,보습,1120,20170106,20231018
관악구,학원,피아리노성인피아노학원신림점학원,서울특별시 관악구 남부순환로 1500,기예(대),기예(중),"실용음악(성악),",8,20170106,20231018
마포구,학원,에스엘이씨학원,서울특별시 마포구 월드컵북로 502,입시.검정 및 보습,보통교과,,30,20161229,20250706
강남구,교습소,더베스트수학교습소,서울특별시 강남구 삼성로64길 5,입시.검정 및 보습,보통교과,수학1,6,20170110,20251005
강남구,학원,창의적열정교육연구소학원,서울특별시 강남구 선릉로 325,입시.검정 및 보습,진학지도,,10,20170112,20251005
양천구,교습소,날개수학목동수학교습소,서울특별시 양천구 중앙로36길 15,입시.검정 및 보습,보통교과,중등수학,18,20170109,20241215
송파구,학원,토브수학학원,서울특별시 송파구 위례성대로 178,입시.검정 및 보습,보통교과,,20,20170112,20251123
은평구,학원,비엔발레학원,서울특별시 은평구 진관2로 29-21,예능(대),예능(중),무용,156,20170112,20250608
양천구,학원,김종길국어논술2관학원,서울특별시 양천구 목동서로 67,입시.검정 및 보습,보통교과,보습?논술,265,20170112,20231113
양천구,학원,수학전문아토즈학원,서울특별시 양천구 목동서로 37,입시.검정 및 보습,보통교과,보습?논술,69,20170112,20260607
강남구,학원,씨게이트압구정어학학원,서울특별시 강남구 압구정로18길 25,종합(대),,"기타(소),미술,보습,실용외국어(유아/초?중?고),진학상담지도",1647,20170112,20260802
송파구,학원,어썸팩토리잠실2독서실,서울특별시 송파구 올림픽로 98,독서실,독서,"독서실(유아/초?중?고),",158,20170113,20231018
서초구,교습소,토토미술교습소,서울특별시 서초구 서래로5길 38,예능(대),예능(중),미술초등반,4,20170113,20231018
마포구,학원,제이에스영음악학원,서울특별시 마포구 마포대로12길 57,예능(대),예능(중),음악,177,20170110,20250126
마포구,학원,곰곰디자인미술학원,서울특별시 마포구 잔다리로7안길 4,기예(대),기예(중),"미술,",280,20170110,20231018
종로구,학원,서울종로조리기능장학원,서울특별시 종로구 돈화문로 29-1,직업기술,산업응용기술,"식음료품(바리스타,소믈리에)",209,20170113,20240225
도봉구,교습소,토리피아노음악교습소,서울특별시 도봉구 우이천로32길 65,예능(대),예능(중),피아노초급,23,20170116,20260426
구로구,학원,레인보우피아노뮤직음악학원,서울특별시 구로구 천왕로 36,예능(대),예능(중),음악,220,20170116,20240128
강남구,학원,엔티비(NTB)학원,서울특별시 강남구 개포로22길 32,입시.검정 및 보습,보통교과,"보습?논술,",264,20170116,20240128
강남구,학원,시대인재수학스쿨별관학원,서울특별시 강남구 도곡로 434,입시.검정 및 보습,보통교과,보습?논술,10530,20170117,20260705
서초구,학원,평정수학학원,서울특별시 서초구 명달로 52-9,입시.검정 및 보습,보통교과,보습?논술,56,20170117,20250831
강북구,학원,뉴연세음악학원,서울특별시 강북구 인수봉로77길 20,예능(대),예능(중),음악,343,20170116,20250727
강북구,학원,마틴학원,서울특별시 강북구 한천로 1102,입시.검정 및 보습,보통교과,보습?논술,210,20170112,20250810
강북구,학원,신이화학원,서울특별시 강북구 삼양로 577,입시.검정 및 보습,보통교과,보습,380,20170112,20250629
강북구,교습소,이화미술교습소,서울특별시 강북구 삼양로 577,예능(대),예능(중),초급1,54,20170111,20240324
강남구,학원,대찬시대학원,서울특별시 강남구 도곡로 432,입시.검정 및 보습,,"보습?논술,",16412,20170118,20231018
구로구,학원,건강한학습원격학원,서울특별시 구로구 가마산로27길 11-23,입시.검정 및 보습,보통교과,,200,20170117,20231018
양천구,학원,이노블스목동영어학원,서울특별시 양천구 오목로 279,입시.검정 및 보습,보통교과,보습,1043,20170119,20260607
도봉구,교습소,오늘도맑음영어교습소,서울특별시 도봉구 시루봉로6길 90,입시.검정 및 보습,보통교과,고등보습,35,20170120,20260816
강남구,교습소,메이저수학교습소,서울특별시 강남구 삼성로67길 49,입시.검정 및 보습,보통교과,초등수학(고학년),40,20170120,20240331
강남구,교습소,음(音)나리피아노교습소,서울특별시 강남구 학동로101길 21,예능(대),예능(중),,5,20170120,20250706
마포구,학원,한일잉글리쉬아카데미학원,서울특별시 마포구 백범로 91,입시.검정 및 보습,보통교과,"보습,",90,20170111,20231018
마포구,학원,이엠씨학원,서울특별시 마포구 삼개로5길 35,입시.검정 및 보습,보통교과,,40,20170122,20241215
마포구,교습소,플레이팩토마포염리센터수학교습소,서울특별시 마포구 숭문길 98,입시.검정 및 보습,보통교과,초등수학,4,20170110,20250907
마포구,교습소,슈만음악교습소,서울특별시 마포구 동교로 75,예능(대),예능(중),피아노초급1,23,20170110,20250727
양천구,학원,리틀팍스어학원,서울특별시 양천구 목동동로8길 9,국제화,외국어,,72,20161223,20231018
강동구,학원,레이디영어학원,서울특별시 강동구 상암로61길 42,입시.검정 및 보습,보통교과,"보습,",60,20170123,20250622
구로구,학원,지피지기영수학원,서울특별시 구로구 경인로59길 8,입시.검정 및 보습,보통교과,보습,74,20170123,20260315
구로구,학원,구트아카데미학원,서울특별시 구로구 시흥대로163길 33,직업기술,컴퓨터,"컴퓨터(정보처리,통신기기,인터넷,소프트웨어)",0,20170118,20251102
구로구,학원,대림인테리어학원,서울특별시 구로구 도림로20길 18,직업기술,산업기반기술,건축,56,20170123,20250601
강동구,학원,제이엠(J.M)보습학원,서울특별시 강동구 양재대로81길 39,입시.검정 및 보습,보통교과,"보습,",50,20170123,20231018
노원구,학원,아우라(aura)학원,서울특별시 노원구 공릉로35길 2,입시.검정 및 보습,보통교과,보습,128,20170124,20250309
강남구,학원,블랙칸댄스학원,서울특별시 강남구 테헤란로14길 25,기예(대),기예(중),,960,20170124,20231018
강서구,학원,검스타트원격학원,서울특별시 강서구 양천로 510,입시.검정 및 보습,보통교과,,700,20170125,20250803
동작구,학원,조이스터디원격학원,서울특별시 동작구 사당로 279,국제화,외국어,"실용외국어(유아/초?중?고),",0,20170120,20231018
동작구,학원,미용고수학원,서울특별시 동작구 사당로17길 8,직업기술,산업응용기술,이?미용,360,20170120,20240519
강남구,교습소,반짝이는상상중공예교습소,서울특별시 강남구 삼성로 150,예능(대),예능(중),입체조형,5,20170125,20240407
양천구,교습소,그릿(GRIT)영어교습소,서울특별시 양천구 목동중앙로 103-1,입시.검정 및 보습,보통교과,,18,20170120,20231018
구로구,교습소,혜다아트숲미술교습소,서울특별시 구로구 고척로 218,예능(대),예능(중),미술1 (일140분*주1회*4.2주),18,20170126,20250330
강남구,학원,매그너스수학학원,서울특별시 강남구 남부순환로 2911-1,입시.검정 및 보습,보통교과,보습?논술,1175,20170125,20260405
관악구,교습소,아트플러스미술교습소,서울특별시 관악구 인헌12길 46-1,예능(대),예능(중),미술1,30,20170124,20250330
관악구,교습소,알파수학교습소,서울특별시 관악구 관악로40길 47,입시.검정 및 보습,보통교과,수학A(초1-4),42,20170124,20231018
용산구,교습소,송희봉영어교습소,서울특별시 용산구 새창로 70,입시.검정 및 보습,보통교과,,12,20170126,20250525
강남구,교습소,대치더드림영어교습소,서울특별시 강남구 도곡로 510,입시.검정 및 보습,진학지도,진로컨설팅,15,20170126,20260809
종로구,학원,안쌤수학학원,서울특별시 종로구 평창11길 13,입시.검정 및 보습,보통교과,보습,50,20170126,20260719
강북구,학원,북(BOOK)서울독서실,서울특별시 강북구 월계로 201,독서실,독서,"독서실(유아/초?중?고),",57,20170126,20231018
마포구,학원,마포동막리틀팍스어학원,서울특별시 마포구 독막로 268,국제화,외국어,실용외국어(유아/초?중?고),72,20170126,20241215
성북구,교습소,새싹미술교습소,서울특별시 성북구 종암로9길 17,예능(대),예능(중),,48,20170120,20231018
송파구,학원,송파애니윈만화학원,서울특별시 송파구 위례성대로16길 7,기타(대),기타(중),만화,200,20170131,20250112
서초구,교습소,바움아트클래스미술교습소,서울특별시 서초구 잠원로 24,예능(대),예능(중),미술1,21,20170131,20260405
서초구,교습소,해법중국어북경대중국어교습소,서울특별시 서초구 신반포로 219,국제화,외국어,,60,20170201,20231018
양천구,학원,더클래식음악학원,서울특별시 양천구 오목로54길 14,예능(대),예능(중),음악,0,20170201,20240526
구로구,학원,한국아파트빌딩전문회계학원,서울특별시 구로구 디지털로26길 98,인문사회(대),인문사회(중),회계,0,20050401,20250713
용산구,교습소,프라임수학교습소,서울특별시 용산구 원효로 182,입시.검정 및 보습,보통교과,고등수학,56,20170203,20260621
강남구,학원,숨마투스선릉학원,서울특별시 강남구 선릉로72길 8,입시.검정 및 보습,보통교과,보습?논술,240,20170202,20240331
도봉구,교습소,더수학교습소,서울특별시 도봉구 해등로 242-18,입시.검정 및 보습,보통교과,초등수학,14,20170203,20231018
동작구,학원,스카이리딩학원,서울특별시 동작구 사당로23길 175,입시.검정 및 보습,보통교과,보습,456,20170123,20240331
송파구,학원,전력질주온더데스크독서실,서울특별시 송파구 올림픽로35길 124,독서실,독서,,420,20170202,20250727
서초구,교습소,내곡프린스턴수학교습소,서울특별시 서초구 헌릉로8길 60,입시.검정 및 보습,보통교과,,18,20170203,20231018
성북구,학원,더올림수학학원,서울특별시 성북구 정릉로52길 8-9,입시.검정 및 보습,보통교과,보습,192,20170203,20260201
관악구,교습소,가자수학교습소,서울특별시 관악구 신림로29길 3-20,입시.검정 및 보습,보통교과,초등수학,3,20170203,20231018
관악구,학원,관악아이스터디영어학원,서울특별시 관악구 관악로40길 47,입시.검정 및 보습,보통교과,"보습,",770,20170126,20260809
강남구,학원,비바댄스스포츠학원,서울특별시 강남구 학동로4길 14,기예(대),기예(중),,10,20170202,20231018
강서구,학원,더강한수학학원,서울특별시 강서구 강서로45길 73,입시.검정 및 보습,보통교과,보습,48,20170206,20240331
영등포구,학원,랍슨영어전문학원,서울특별시 영등포구 영등포로 33,입시.검정 및 보습,보통교과,보습,100,20170206,20250608
송파구,학원,구주이배송파본원학원,서울특별시 송파구 위례성대로 74,입시.검정 및 보습,보통교과,보습,199,20170206,20260705
송파구,교습소,에스엠(SM)수학교습소,서울특별시 송파구 위례서로 244,입시.검정 및 보습,보통교과,"수학(초등)(주2회,회100분)",48,20170206,20260607
송파구,학원,원자력에너지학원,서울특별시 송파구 법원로 114,직업기술,산업기반기술,에너지,1600,20080202,20260816
강서구,학원,연세음악학원,서울특별시 강서구 공항대로63길 14,예능(대),예능(중),"음악,",81,20170207,20231018
서대문구,교습소,돈의문이레수학교습소,서울특별시 서대문구 독립문로 42,입시.검정 및 보습,보통교과,초등수학,12,20170207,20250330
중랑구,교습소,라임아트미술교습소,서울특별시 중랑구 망우로 346,예능(대),예능(중),미술고급1,18,20170203,20250330
성동구,학원,라온음악학원,서울특별시 성동구 왕십리로 410,예능(대),예능(중),"음악,",50,20170207,20231018
성동구,학원,발레리나아카데미학원,서울특별시 성동구 왕십리로 410,예능(대),예능(중),무용,202,20170207,20260315
마포구,학원,뮤엠영어아현학원,서울특별시 마포구 굴레방로 17,입시.검정 및 보습,보통교과,"보습,",352,20170206,20231018
성동구,학원,이투스수학학원,서울특별시 성동구 왕십리로 410,입시.검정 및 보습,보통교과,"보습,",60,20170208,20231018
양천구,학원,조희영과학전문학원,서울특별시 양천구 목동중앙로 95,입시.검정 및 보습,보통교과,보습?논술,70,20170208,20250126
용산구,교습소,도원해법수학교습소,서울특별시 용산구 새창로 70,입시.검정 및 보습,보통교과,,28,20170213,20250518
강동구,학원,토즈스터디센터천호역독서실,서울특별시 강동구 올림픽로 626,독서실,독서,"독서실(유아/초?중?고),",1328,20170207,20231018
양천구,학원,생각톡학원,서울특별시 양천구 신정이펜2로 22,입시.검정 및 보습,보통교과,보습?논술,44,20170209,20250209
강동구,교습소,이화엘피아노음악교습소,서울특별시 강동구 고덕로97길 29,예능(대),예능(중),"초급피아노1(4.2주)(주2회,회110분)",10,20170206,20260809
강동구,교습소,지래프북클럽영어교습소,서울특별시 강동구 성안로7길 37,입시.검정 및 보습,보통교과,"초등영어(주4회, 회60분)",20,20170209,20260628
동대문구,학원,동대문캠퍼스닥스어학원,서울특별시 동대문구 전농로 73,국제화,외국어,실용외국어(유아/초?중?고),84,20170209,20241215
서초구,학원,이지에듀원격학원,서울특별시 서초구 강남대로10길 23,입시.검정 및 보습,보통교과,보습,495,20161129,20250126
강남구,학원,당근영어원격학원,서울특별시 강남구 강남대로 488,국제화,외국어,"실용외국어(유아/초?중?고),",396,20161209,20250706
중랑구,교습소,이석신국어교습소,서울특별시 중랑구 봉화산로56길 153,입시.검정 및 보습,보통교과,,28,20170208,20240428
영등포구,학원,샤인수학과학학원,서울특별시 영등포구 여의대방로 79,입시.검정 및 보습,보통교과,"보습,",132,20170210,20250928
동작구,교습소,스카이수학교습소,서울특별시 동작구 만양로 19,입시.검정 및 보습,보통교과,초등수학,30,20170206,20231018
관악구,교습소,고사리미술교습소,서울특별시 관악구 은천로 76,예능(대),예능(중),미술A,14,20170209,20231018
마포구,교습소,이원규수학교습소,서울특별시 마포구 월드컵북로 502,입시.검정 및 보습,보통교과,초등수학Ⅰ,16,20170206,20250112
마포구,교습소,프리아트랩미술교습소,서울특별시 마포구 망원로3길 48,예능(대),예능(중),미술중급반,24,20170206,20250223
강남구,학원,펀웨이어학원,서울특별시 강남구 논현로63길 62,국제화,외국어,실용외국어(유아/초?중?고),24,20170206,20250713
강서구,교습소,마곡공진해법영어교습소,서울특별시 강서구 공항대로 140,입시.검정 및 보습,보통교과,영어(초등저학년),27,20170202,20231018
강서구,교습소,마곡필아트미술교습소,서울특별시 강서구 공항대로 140,예능(대),예능(중),초등미술1,10,20170203,20231018
구로구,교습소,성지미술교습소,서울특별시 구로구 경인로19가길 10-1,예능(대),예능(중),,8,20170214,20231018
서대문구,학원,썬스카이수학학원,서울특별시 서대문구 가재울미래로 2,입시.검정 및 보습,보통교과,보습,350,20170209,20260607
서대문구,학원,와이비엠잉글루영어학원,서울특별시 서대문구 모래내로 411,입시.검정 및 보습,보통교과,보습,80,20170207,20260607
금천구,교습소,라온피아노교습소,서울특별시 금천구 독산로80길 13,예능(대),예능(중),피아노 초급(일60분*주5회*4.2주)_,7,20170213,20240602
도봉구,학원,원미술학원,서울특별시 도봉구 노해로65길 14,예능(대),예능(중),"미술,",240,20170214,20231119
양천구,교습소,옐로아트미술교습소,서울특별시 양천구 목동동로 180,예능(대),예능(중),미술1,30,20170210,20231018
강남구,학원,정바다수학3관학원,서울특별시 강남구 도곡로 510,입시.검정 및 보습,보통교과,"보습?논술,",180,20170215,20260802
영등포구,교습소,스터디스튜디오영어교습소,서울특별시 영등포구 당산로40길 14,입시.검정 및 보습,보통교과,초등영어(일85분*주5회*4.2주),18,20170215,20231018
구로구,학원,성지보습학원,서울특별시 구로구 경인로19가길 10-1,입시.검정 및 보습,보통교과,,24,20170215,20231018
성동구,교습소,그림마루미술교습소,서울특별시 성동구 행당로1길 6,예능(대),예능(중),미술 1회,15,20170215,20231018
성동구,교습소,피아노스토리음악교습소,서울특별시 성동구 상원6길 7,예능(대),예능(중),바이엘,20,20170215,20231018
관악구,교습소,재미미술교습소,서울특별시 관악구 행운1길 62,예능(대),예능(중),초등미술A,28,20170213,20250907
강남구,학원,케이씨아이중국어학원,서울특별시 강남구 도곡로78길 22,입시.검정 및 보습,보통교과,보습?논술,375,20170215,20250112
강북구,교습소,해법독서논술교습소,서울특별시 강북구 솔샘로 167,입시.검정 및 보습,보통교과,,27,20170209,20231018
서대문구,교습소,소르본역사교습소,서울특별시 서대문구 통일로34길 35,입시.검정 및 보습,보통교과,초등역사,75,20170209,20250615
광진구,학원,정현국어학원,서울특별시 광진구 자양번영로 33,입시.검정 및 보습,보통교과,보습,70,20170214,20260201
서대문구,교습소,삼성영어아현영어교습소,서울특별시 서대문구 북아현로1길 50,입시.검정 및 보습,,초등영어A,45,20170213,20231018
강남구,학원,맨투맨권수학학원,서울특별시 강남구 남부순환로365길 38,입시.검정 및 보습,보통교과,보습?논술,100,20170215,20260426
노원구,교습소,뿌리깊은국어논술교습소,서울특별시 노원구 마들로 31,입시.검정 및 보습,보통교과,,15,20170217,20231018
송파구,학원,구주이배송파대입관학원,서울특별시 송파구 위례성대로 74,입시.검정 및 보습,보통교과,보습,299,20170217,20260329
도봉구,교습소,수재바둑교습소,서울특별시 도봉구 도봉로150길 43,기타(대),기타(중),바둑11(초등),20,20170217,20260614
송파구,학원,빌리풀리실용음악학원,서울특별시 송파구 마천로 90,예능(대),예능(중),음악,500,20170217,20260614
송파구,교습소,장윤혜피아노음악교습소,서울특별시 송파구 동남로 189,예능(대),예능(중),"입시피아노(주2회,회60분)",8,20170215,20250727
동대문구,교습소,연세α수학교습소,서울특별시 동대문구 사가정로 31-1,입시.검정 및 보습,보통교과,,15,20170220,20231018
강남구,학원,윌로우잉글리쉬(Willow English)학원,서울특별시 강남구 역삼로 529,입시.검정 및 보습,보통교과,보습?논술,70,20170220,20250907
송파구,교습소,리딩빌더스(Reading Builders)영어교습소,서울특별시 송파구 가락로11길 33,입시.검정 및 보습,보통교과,,36,20170220,20231018
강남구,학원,에듀플렉스에듀코치대치한티학원,서울특별시 강남구 선릉로64길 11-4,입시.검정 및 보습,보통교과,보습?논술,520,20170221,20260301
송파구,학원,로티스잠실어학학원,서울특별시 송파구 삼전로 81,국제화,외국어,실용외국어(유아/초?중?고),24,20170221,20260426
양천구,교습소,쎈수학러닝센터목동다올수학교습소,서울특별시 양천구 목동서로 340,입시.검정 및 보습,보통교과,,20,20170215,20231018
동작구,학원,이화에스발레아카데미학원,서울특별시 동작구 현충로 118,예능(대),예능(중),무용,95,20170220,20250112
강서구,학원,강서라라음악학원,서울특별시 강서구 초록마을로 27-1,예능(대),예능(중),,18,20170221,20241215
노원구,교습소,스마트해법수학공릉수학교습소,서울특별시 노원구 공릉로46길 23,입시.검정 및 보습,보통교과,초등수학1,8,20170221,20250209
노원구,교습소,뮤직프렌즈음악교습소,서울특별시 노원구 한글비석로52길 12,예능(대),예능(중),피아노 고급,17,20170221,20260802
강남구,학원,에스엠프리메드센터학원,서울특별시 강남구 역삼로 464-1,국제화,외국어,실용외국어(유아/초?중?고),50,20170221,20240908
동작구,학원,어썸팩토리상도플레이스상도점독서실,서울특별시 동작구 상도로 294,독서실,독서,"독서실(유아/초?중?고),",4992,20170221,20231018
동작구,교습소,한지연의국어이야기국어교습소,서울특별시 동작구 상도로30길 40,입시.검정 및 보습,보통교과,초등국어,18,20170215,20231018
송파구,교습소,솔루니풍납논술교습소,서울특별시 송파구 올림픽로 525,입시.검정 및 보습,보통교과,"초등논술A(주1회, 회180분)",8,20170220,20250629
금천구,교습소,그리미아트미술교습소,서울특별시 금천구 독산로78다길 37,예능(대),예능(중),미술1(일120분*주1회*4.2주),24,20170216,20231018
송파구,학원,수학의시점학원,서울특별시 송파구 위례광장로 199,입시.검정 및 보습,보통교과,보습,772,20170223,20260614
동대문구,학원,파고다차이랑회기캠퍼스학원,서울특별시 동대문구 이문로 29,입시.검정 및 보습,보통교과,보습,154,20170223,20250309
구로구,학원,우리들의행복한공간영어학원,서울특별시 구로구 구일로 110,입시.검정 및 보습,보통교과,보습,30,20170220,20260301
영등포구,학원,랭쎄(LANGSSE)원격학원,서울특별시 영등포구 의사당대로 38,국제화,외국어,,80,20170208,20231018
성동구,학원,씨즈잉글리쉬학원,서울특별시 성동구 한림말3길 16,입시.검정 및 보습,보통교과,"보습,",87,20170224,20231018
서대문구,교습소,수학생성소수학교습소,서울특별시 서대문구 가재울로 43,입시.검정 및 보습,보통교과,,21,20170227,20231018
관악구,교습소,꿈의숲미술교습소,서울특별시 관악구 구암길 41,예능(대),예능(중),초등미술1,35,20170223,20231018
강서구,교습소,달빛미술교습소,서울특별시 강서구 금낭화로23길 25,예능(대),예능(중),,12,20170227,20231018
강서구,교습소,마이수학교습소,서울특별시 강서구 수명로 82,입시.검정 및 보습,보통교과,초등수학,15,20170227,20231018
마포구,학원,서강에스엘피공덕어학원,서울특별시 마포구 독막로 275,국제화,외국어,실용외국어(유아/초?중?고),108,20170215,20260329
도봉구,학원,김성균애견미용학원,서울특별시 도봉구 도봉로 771,직업기술,일반서비스,"애견미용,",90,20170302,20231018
종로구,학원,와이비엠종로이포유외국어학원,서울특별시 종로구 삼일대로20길 6,국제화,외국어,실용외국어(유아/초?중?고),3080,20170228,20260802
서대문구,교습소,봄날의피아노음악교습소,서울특별시 서대문구 북아현로1길 50,예능(대),예능(중),피아노기초1,27,20170220,20250713
양천구,학원,와이에스발레스튜디오학원,서울특별시 양천구 목동동로 212,예능(대),예능(중),"무용,",60,20170302,20231018
강동구,교습소,플레이엘피아노음악교습소,서울특별시 강동구 고덕로 133,예능(대),예능(중),"초급(주5회,60분)",24,20170228,20250727
동대문구,학원,삼성영어안평로즈캠퍼스학원,서울특별시 동대문구 장한로14길 81,입시.검정 및 보습,보통교과,보습,85,20170302,20260208
강서구,학원,마곡이아이이(EiE)어학원,서울특별시 강서구 방화대로 294,국제화,외국어,"실용외국어(유아/초?중?고),",108,20170303,20260607
서초구,학원,씨엠에스(CMS)서초영재관학원,서울특별시 서초구 고무래로 18-4,입시.검정 및 보습,보통교과,보습?논술,860,20170215,20260816
서대문구,교습소,더함미술교습소,서울특별시 서대문구 모래내로15길 56,예능(대),예능(중),입시미술1,32,20170303,20231018
강서구,학원,마곡쎈수학뮤엠영어학원,서울특별시 강서구 공항대로 140,입시.검정 및 보습,보통교과,보습,165,20170228,20260201
성동구,학원,리드101옥수영어학원,서울특별시 성동구 한림말길 53,입시.검정 및 보습,보통교과,보습,608,20170302,20250406
강서구,학원,신정모짜르트음악학원,서울특별시 강서구 곰달래로31길 15,예능(대),예능(중),음악,60,20170303,20260201
양천구,교습소,라뮤피아노아카데미음악교습소,서울특별시 양천구 목동동로 228-2,예능(대),예능(중),피아노A,15,20170303,20231018
노원구,교습소,윤선생우리집앞영어교실중평영어교습소,서울특별시 노원구 섬밭로 263,입시.검정 및 보습,보통교과,,96,20170303,20251012
송파구,교습소,피크닉미술교습소,서울특별시 송파구 중대로20길 51,예능(대),예능(중),"아동미술(주1회, 회160분)",49,20170302,20250309
마포구,학원,샤발레학원,서울특별시 마포구 마포대로24길 17,예능(대),예능(중),,30,20170302,20250209
마포구,학원,마포씨엠에스학원,서울특별시 마포구 독막로 262,입시.검정 및 보습,보통교과,보습?논술,96,20170228,20260329
강남구,교습소,에?과학교습소,서울특별시 강남구 도곡로 405,입시.검정 및 보습,보통교과,중등과학,8,20170306,20231018
광진구,교습소,김가베수학교습소,서울특별시 광진구 광나루로 635,입시.검정 및 보습,보통교과,,8,20170306,20231018
영등포구,교습소,로지카(Logica)논술교습소,서울특별시 영등포구 당산로 168,입시.검정 및 보습,보통교과,교과논술(중등)(일150분*주2회*4.2주),6,20170303,20250126
서초구,학원,페디아플러스방배학원,서울특별시 서초구 방배로 225,입시.검정 및 보습,보통교과,보습,70,20170217,20241006
송파구,학원,CMSEDU잠실영재교육센터씨엠에스학원,서울특별시 송파구 석촌호수로 88,입시.검정 및 보습,보통교과,"보습,보습?논술",210,20170306,20260426
서대문구,학원,소망학원,서울특별시 서대문구 세무서길 108,입시.검정 및 보습,보통교과,보습,90,20170307,20250803
용산구,교습소,써니스(Seonnys)음악교습소,서울특별시 용산구 청파로 205-26,예능(대),예능(중),취미 피아노 이론(초급),9,20170307,20260809
강서구,학원,분석수학선두학원,서울특별시 강서구 공항대로41길 52,입시.검정 및 보습,보통교과,보습?논술,119,20170306,20260329
강남구,교습소,삼릉음악교습소,서울특별시 강남구 봉은사로63길 25,예능(대),예능(중),초급,27,20170306,20231018
노원구,교습소,키즈앤수학교습소,서울특별시 노원구 중계로 225,입시.검정 및 보습,보통교과,초등수학1,9,20170307,20231018
성동구,교습소,강보민폴수학교습소,서울특별시 성동구 왕십리로 410,입시.검정 및 보습,보통교과,,15,20170307,20231018
송파구,학원,씨알영재센터보습학원,서울특별시 송파구 중대로 170,입시.검정 및 보습,보통교과,보습,265,20170307,20260607
강서구,학원,염창유투엠학원,서울특별시 강서구 공항대로59다길 79,입시.검정 및 보습,보통교과,보습,70,20170306,20250803
서초구,학원,천년의미소베이스캠프미술학원,서울특별시 서초구 방배로 73,예능(대),예능(중),미술,498,20170303,20260329
은평구,학원,찰스댄스스포츠학원,서울특별시 은평구 증산로 419,기예(대),기예(중),,20,20170307,20240616
송파구,교습소,매쓰플레닛수학교습소,서울특별시 송파구 양재대로 1222,입시.검정 및 보습,보통교과,"초중고수학(주3회,회180분)",6,20170308,20250928
양천구,학원,뉴턴수학토픽영어학원,서울특별시 양천구 은행정로5길 38,입시.검정 및 보습,보통교과,"보습?논술,",228,20170308,20231018
구로구,학원,랍슨영어학원,서울특별시 구로구 고척로30길 6,입시.검정 및 보습,보통교과,보습,125,20170309,20250713
서초구,학원,네이처탐구전문학원,서울특별시 서초구 신반포로 177,입시.검정 및 보습,보통교과,보습?논술,255,20170309,20260329
동대문구,학원,하루수학과학학원,서울특별시 동대문구 전농로3길 12,입시.검정 및 보습,보통교과,"보습,",106,20170308,20231018
구로구,학원,외대영어전문학원,서울특별시 구로구 구일로2길 60,입시.검정 및 보습,보통교과,보습,91,20170309,20251116
동대문구,교습소,한우리독서토론논술답십리래미안논술교습소,서울특별시 동대문구 전농로3길 98,입시.검정 및 보습,보통교과,논술A,20,20170309,20250720
서초구,학원,오피아학원,서울특별시 서초구 강남대로55길 9-11,국제화,국제,"통역(성인),",345,20170309,20251005
용산구,교습소,아트홍미술교습소,서울특별시 용산구 효창원로62길 4,예능(대),예능(중),초등부-저학년미술,34,20170313,20231018
송파구,학원,송파캠퍼스C&C미술학원,서울특별시 송파구 송파대로 366,예능(대),예능(중),미술,125,20170309,20260308
서초구,교습소,조이투리드영어교습소,서울특별시 서초구 서초대로16길 49-66,입시.검정 및 보습,보통교과,초등파닉스,12,20170309,20231018
용산구,교습소,신동아미술교습소,서울특별시 용산구 이촌로 347,예능(대),예능(중),고급미술,16,20170313,20231018
양천구,교습소,연필가득미술교습소,서울특별시 양천구 목동동로 63,예능(대),예능(중),미술1(초등),18,20170309,20231018
노원구,교습소,몽마르뜨미술교습소,서울특별시 노원구 덕릉로71길 30,예능(대),예능(중),미술1,20,20170310,20240317
양천구,교습소,1교시국어영역국어교습소,서울특별시 양천구 목동동로 100,입시.검정 및 보습,보통교과,초등국어,15,20170309,20231206
강동구,학원,라이라이놀이학원,서울특별시 강동구 양재대로141길 43,기타(대),기타(중),기타(소),160,20170308,20250413
양천구,학원,서울음악학원,서울특별시 양천구 목동중앙본로 24,예능(대),예능(중),음악,90,20170313,20260308
양천구,학원,하이씨앤씨프리미엄관학원,서울특별시 양천구 목동동로10길 22,종합(대),,"보습,보습?논술,진학상담지도",1311,20170313,20260405
강남구,학원,사관등용문학원,서울특별시 강남구 도곡로 516,입시.검정 및 보습,보통교과,보습?논술,73,20170313,20250330
구로구,교습소,변쌤수학교습소,서울특별시 구로구 중앙로15길 132-17,입시.검정 및 보습,보통교과,수학(초등)(일60분*주5회*4.2주),20,20170314,20241006
강남구,학원,탑리딩영어학원,서울특별시 강남구 남부순환로 2941,입시.검정 및 보습,보통교과,"보습?논술,",160,20170314,20231018
강서구,학원,이화멜로디음악학원,서울특별시 강서구 공항대로 124,예능(대),예능(중),음악,120,20170314,20250824
노원구,학원,에이스미술학원,서울특별시 노원구 노해로 482,예능(대),예능(중),미술,30,20170315,20250330
양천구,학원,목동문예창작학원,서울특별시 양천구 신목로 38,입시.검정 및 보습,보통교과,"보습?논술,",0,20170315,20240707
구로구,학원,드림인학원,서울특별시 구로구 고척로 202,입시.검정 및 보습,보통교과,보습,84,20170315,20260802
송파구,학원,프라우드리더스영어학원,서울특별시 송파구 위례광장로 200,입시.검정 및 보습,보통교과,보습,110,20170314,20260607
강동구,학원,래미안힐미술학원,서울특별시 강동구 아리수로50길 50,예능(대),예능(중),"미술,",210,20170314,20231018
강동구,학원,뮤엠영어고덕점학원,서울특별시 강동구 아리수로50길 50,입시.검정 및 보습,보통교과,"보습,",80,20170316,20240602
마포구,교습소,모모피아노음악교습소,서울특별시 마포구 성암로 28,예능(대),예능(중),음악이론초급,30,20170310,20250309
중구,학원,로봇플랙스학원,서울특별시 중구 다산로24길 21,기타(대),기타(중),,30,20170320,20231018
강서구,학원,크로스수학학원,서울특별시 강서구 강서로16길 20,입시.검정 및 보습,보통교과,보습?논술,42,20170315,20250112
구로구,학원,인수학전문학원,서울특별시 구로구 개봉로20길 6,입시.검정 및 보습,보통교과,,128,20170320,20231018
양천구,교습소,꿀수학교습소,서울특별시 양천구 목동서로 77,입시.검정 및 보습,보통교과,중등,9,20170315,20231018
동대문구,학원,동대문폴리(POLY)어학원,서울특별시 동대문구 장안벚꽃로1길 7,국제화,외국어,실용외국어(유아/초?중?고),72,20170320,20260301
강남구,학원,티앤엠(T&M)미술학원,서울특별시 강남구 테헤란로4길 29,기예(대),기예(중),미술,440,20170302,20240317
강남구,학원,에이비(ab)프렙영미유학미술학원,서울특별시 강남구 봉은사로4길 22,예능(대),예능(중),미술,64,20170214,20260719
양천구,교습소,송쌤의수학상승함수학교습소,서울특별시 양천구 신목로7길 5,입시.검정 및 보습,보통교과,초등문제풀이,36,20170314,20240609
양천구,학원,와와학습코칭학원,서울특별시 양천구 목동동로8길 23,입시.검정 및 보습,보통교과,보습?논술,3384,20170320,20250223
은평구,학원,펠톤수학학원,서울특별시 은평구 진관2로 29-21,입시.검정 및 보습,보통교과,,120,20170320,20231029
은평구,학원,포시즌독서실,서울특별시 은평구 갈현로 213,독서실,독서,,208,20170320,20231018
영등포구,학원,토즈스터디센터당산독서실,서울특별시 영등포구 당산로44길 3,독서실,독서,"독서실(유아/초?중?고),",661,20170321,20231018
강동구,학원,범블비놀이학원,서울특별시 강동구 상암로 8-1,기타(대),기타(중),기타(소),32,20170321,20240324
용산구,교습소,아트301미술교습소,서울특별시 용산구 이촌로75길 16-9,예능(대),예능(중),,9,20170323,20231018
구로구,학원,연지음악학원,서울특별시 구로구 오리로 1100,예능(대),예능(중),"음악,",260,20170321,20231018
동작구,학원,챌린지잉글리시(ChallengeENGLISH)영어학원,서울특별시 동작구 사당로 243,입시.검정 및 보습,보통교과,보습?논술,296,20170313,20250824
서초구,교습소,크리스틴영어교습소,서울특별시 서초구 서운로 207,입시.검정 및 보습,보통교과,영어회화,18,20170323,20231217
중랑구,학원,즐거운음악학원,서울특별시 중랑구 신내역로 213,예능(대),예능(중),음악,0,20170323,20260426
중랑구,학원,정상수학&국어학원,서울특별시 중랑구 봉화산로 218,입시.검정 및 보습,보통교과,보습,111,20170323,20250928
노원구,교습소,해법상계주공2영어교습소,서울특별시 노원구 동일로215길 81,입시.검정 및 보습,보통교과,"중등 Level 7,8",30,20170324,20260201
노원구,교습소,비상플러스수학교습소,서울특별시 노원구 동일로215길 81,입시.검정 및 보습,보통교과,중등 심화,25,20170324,20260201
관악구,학원,좋은녀석들연기학원,서울특별시 관악구 남부순환로 2048,기타(대),기타(중),연극,40,20130326,20250309
광진구,교습소,수리수학교습소,서울특별시 광진구 광나루로 635,입시.검정 및 보습,보통교과,,4,20170322,20231018
성동구,교습소,모차르트피아노교습소,서울특별시 성동구 매봉길 50,예능(대),예능(중),,5,20170324,20231018
광진구,교습소,영재들의미술상자미술교습소,서울특별시 광진구 자양로13가길 13,예능(대),예능(중),일반미술1,10,20170324,20231018
강동구,학원,더온유음악학원,서울특별시 강동구 아리수로50길 50,예능(대),예능(중),"음악,",108,20170321,20260201
강서구,교습소,에스앤드유(S.&.U)음악교습소,서울특별시 강서구 공항대로41길 75,예능(대),예능(중),,45,20170326,20231018
중랑구,교습소,기타가전해주는행복스트링(string)기타교습소,서울특별시 중랑구 상봉로12길 17,예능(대),예능(중),,15,20170320,20231018
중랑구,교습소,제이탑수학교습소,서울특별시 중랑구 면목로 435,입시.검정 및 보습,보통교과,수학초등A,30,20170321,20231018
서초구,교습소,피바디음악교습소,서울특별시 서초구 효령로34길 62,예능(대),예능(중),바이올린초급,54,20170324,20231018
강남구,학원,시대인재농협관학원,서울특별시 강남구 삼성로 233,입시.검정 및 보습,보통교과,보습?논술,10530,20170323,20260705
금천구,학원,올타임영어학원,서울특별시 금천구 시흥대로 214,입시.검정 및 보습,보통교과,보습,150,20170327,20260201
강서구,교습소,더(THE)그림미술교습소,서울특별시 강서구 강서로 348,예능(대),예능(중),"초등1,2",24,20170327,20260405
강동구,교습소,강동예지음악교습소,서울특별시 강동구 성안로 109,예능(대),예능(중),"피아노중급(체르니100)(주5회, 회당50분)",36,20170328,20240324
송파구,학원,영어의봄학원,서울특별시 송파구 동남로 202,입시.검정 및 보습,보통교과,보습,191,20170327,20260301
마포구,교습소,유정음악교습소,서울특별시 마포구 성암로11길 12,예능(대),예능(중),피아노중급(주2회반),48,20130212,20240225
노원구,학원,더쎈수학전문학원,서울특별시 노원구 한글비석로47길 34,입시.검정 및 보습,보통교과,,58,20170328,20231018
동대문구,교습소,미래엔수학강샘수학교습소,서울특별시 동대문구 장한로14길 81,입시.검정 및 보습,보통교과,초등수학A,20,20170324,20260315
강동구,학원,리틀쇼팽더몰음악학원,서울특별시 강동구 아리수로50길 50,예능(대),예능(중),음악,120,20170328,20260705
강남구,학원,오면꽃예술학원,서울특별시 강남구 강남대로92길 13,기예(대),기예(중),"공예(종이접기,꽃꽂이,꽃기예),",110,20170329,20231018
양천구,학원,목동본원소마센터학원,서울특별시 양천구 목동서로 258,입시.검정 및 보습,보통교과,보습?논술,0,20170329,20251005
성동구,학원,툰스테이션미술학원,서울특별시 성동구 왕십리로 293,예능(대),예능(중),미술,0,20170330,20260426
송파구,학원,예일인테리어스쿨학원,서울특별시 송파구 백제고분로 135,직업기술,산업응용기술,"디자인,",30,20170329,20240324
송파구,학원,해석과판단학원,서울특별시 송파구 오금로36길 14,입시.검정 및 보습,보통교과,"보습,",109,20170330,20231018
양천구,학원,월넛어학원,서울특별시 양천구 오목로 299,종합(대),,"기타(소),실용외국어(유아/초?중?고)",0,20170328,20260607
강남구,교습소,대치수학클리닉대치본점수학교습소,서울특별시 강남구 삼성로 212,입시.검정 및 보습,보통교과,수학1,20,20170221,20251019
강남구,학원,메타코드디자인미술학원,서울특별시 강남구 역삼로 408,예능(대),예능(중),미술,160,20170303,20260607
강남구,학원,픽스아카데미학원,서울특별시 강남구 도곡로 521,입시.검정 및 보습,보통교과,보습?논술,480,20170306,20250914
강남구,학원,함영원명품수학관학원,서울특별시 강남구 남부순환로 2937,입시.검정 및 보습,보통교과,보습?논술,3084,20170320,20260329
강남구,학원,인트로만화학원,서울특별시 강남구 선릉로72길 8,기타(대),기타(중),만화,380,20170320,20260607
양천구,학원,씨앤씨7관학원,서울특별시 양천구 목동동로 55,입시.검정 및 보습,보통교과,보습,360,20170330,20260426
서대문구,교습소,한선생수학교습소,서울특별시 서대문구 세검정로1길 87,입시.검정 및 보습,보통교과,초등수학,14,20170323,20231018
서대문구,교습소,창의숲수학교습소,서울특별시 서대문구 북아현로1길 50,입시.검정 및 보습,,초등수학A,32,20170321,20260607
서대문구,학원,임페라토학원,서울특별시 서대문구 증가로12가길 78,입시.검정 및 보습,보통교과,,55,20170315,20231018
강남구,학원,아워스터디(OUR STUDY)학원,서울특별시 강남구 도곡로 510,입시.검정 및 보습,보통교과,"보습?논술,",70,20170330,20231018
도봉구,교습소,최샘수학교습소,서울특별시 도봉구 해등로26길 7,입시.검정 및 보습,보통교과,수학초등1,56,20170331,20251109
광진구,학원,최선생수학본영어학원,서울특별시 광진구 광나루로 602,입시.검정 및 보습,보통교과,"보습,",250,20170331,20231018
동작구,교습소,뮤엠영어보라매어바인영어교습소,서울특별시 동작구 여의대방로10길 59,국제화,외국어,레벨1,50,20170331,20231018
서대문구,학원,로얄댄스스포츠학원,서울특별시 서대문구 연희로 409,기예(대),기예(중),,20,20170331,20231018
중랑구,교습소,정수학교습소,서울특별시 중랑구 면목로28길 17-4,입시.검정 및 보습,보통교과,초등수학,36,20170403,20260308
강서구,교습소,예술램프미술교습소,서울특별시 강서구 강서로50길 72,예능(대),예능(중),초등미술1,18,20170403,20231018
관악구,학원,토즈스터디센터신림독서실,서울특별시 관악구 난곡로 339,독서실,독서,독서실(유아/초?중?고),360,20170403,20260329
송파구,학원,수학을담다학원,서울특별시 송파구 가락로 205,입시.검정 및 보습,보통교과,,152,20170403,20240908
강남구,학원,서울뮤직센터학원,서울특별시 강남구 논현로149길 63,예능(대),예능(중),음악,301,20170403,20240225
성북구,학원,율뮤직학원,서울특별시 성북구 동소문로13길 25,예능(대),예능(중),음악,258,20170217,20260628
성북구,교습소,셈수학교습소,서울특별시 성북구 지봉로20길 23,입시.검정 및 보습,보통교과,수학중등,18,20170217,20260308
성북구,교습소,길음엘리트해법영어교습소,서울특별시 성북구 삼양로9길 10-26,입시.검정 및 보습,보통교과,초등영어초고A,15,20170302,20260329
강서구,교습소,아티트럼펫교습소,서울특별시 강서구 강서로 532,예능(대),예능(중),트럼펫,1,20170404,20231018
강서구,교습소,베리타스수학교습소,서울특별시 강서구 강서로 242,입시.검정 및 보습,보통교과,초등수학,9,20170404,20250223
강동구,학원,와이비엠(YBM)잉글루매쓰캔수학학원,서울특별시 강동구 아리수로50길 50,입시.검정 및 보습,보통교과,"보습,보습?논술,",119,20170403,20231018
성북구,교습소,더(THE)하기수학교습소,서울특별시 성북구 동소문로 186,입시.검정 및 보습,보통교과,,21,20170313,20231018
마포구,교습소,필미에르필아트(feelmeereufeelart)미술교습소,서울특별시 마포구 도화4길 88,예능(대),예능(중),미술1(고급),18,20170327,20260426
성북구,교습소,해라샘영어교습소,서울특별시 성북구 돌곶이로25길 59-4,입시.검정 및 보습,보통교과,중등영어,6,20170315,20240407
성북구,교습소,더함수학교습소,서울특별시 성북구 삼양로13길 45,입시.검정 및 보습,보통교과,초등수학,21,20170320,20231018
성북구,학원,아이큐베드(IQuBed)학원,서울특별시 성북구 종암로 167,입시.검정 및 보습,보통교과,보습?논술,300,20170329,20260607
노원구,학원,단디중계관리형독서실,서울특별시 노원구 중계로12가길 19,독서실,독서,"독서실(유아/초?중?고),",376,20170404,20231018
노원구,학원,영재체험수학학원,서울특별시 노원구 한글비석로 271,입시.검정 및 보습,보통교과,,30,20170404,20231018
동작구,학원,예얼뷰티미용학원,서울특별시 동작구 상도로 382,직업기술,산업응용기술,"이?미용,",65,20170329,20251214
동작구,학원,라포즈발레학원,서울특별시 동작구 상도로56길 6,예능(대),예능(중),무용,620,20170329,20250803
성북구,학원,작업실미술학원,서울특별시 강북구 월계로 57,예능(대),예능(중),미술,150,20170224,20260301
동작구,학원,키노연기뮤지컬학원,서울특별시 동작구 남부순환로 2055,기타(대),기타(중),"연극,",42,20170404,20231018
서대문구,교습소,카이스트수학교습소,서울특별시 서대문구 응암로 77,입시.검정 및 보습,보통교과,초등수학,24,20170327,20231018
마포구,교습소,케이아트미술교습소,서울특별시 마포구 와우산로 41-1,예능(대),예능(중),,9,20170330,20231018
성북구,교습소,한쌤가온논술교습소,서울특별시 성북구 성북로4길 52,입시.검정 및 보습,보통교과,초등3~6,15,20170223,20250601
영등포구,교습소,라벤다피아노교습소,서울특별시 영등포구 당산로41길 22-3,예능(대),예능(중),피아노(일55분*주5회*4.2주),2,20170329,20250810
은평구,교습소,생각을그리는연필미술교습소,서울특별시 은평구 진관4로 87,예능(대),예능(중),초급미술A,27,20170405,20260201
은평구,학원,엘당스발레학원,서울특별시 은평구 진관3로 22,예능(대),예능(중),무용,125,20170405,20251116
마포구,학원,이투스247마포학원,서울특별시 마포구 백범로 107,입시.검정 및 보습,보통교과,보습?논술,426,20170331,20260329
강동구,교습소,물미논술교습소,서울특별시 강동구 동남로75길 13-7,입시.검정 및 보습,보통교과,,8,20170405,20250727
강서구,학원,미술로생각하기강서마곡학원,서울특별시 강서구 방화대로 294,기타(대),기타(중),,12,20170405,20250330
중랑구,교습소,"나의첫번째,피아노음악교습소",서울특별시 중랑구 공릉로12가길 46-11,예능(대),예능(중),바이엘(초급),32,20170407,20250309
양천구,학원,한얼국어논술전문학원,서울특별시 양천구 목동서로 67,입시.검정 및 보습,보통교과,보습?논술,283,20170407,20240317
영등포구,교습소,피크닉피아노교습소,서울특별시 영등포구 도신로60길 24,예능(대),예능(중),기초_바이엘(일65분*주3회*4.2주),30,20170407,20241215
영등포구,교습소,프롬아트미술교습소,서울특별시 영등포구 국제금융로 78,예능(대),예능(중),미술A(일110분*주2회*4.2주),20,20170410,20250223
노원구,교습소,니드영어교습소,서울특별시 노원구 동일로 1530,입시.검정 및 보습,보통교과,,21,20170410,20231018
마포구,교습소,뮤엠영어상암영어교습소,서울특별시 마포구 월드컵로42길 40,입시.검정 및 보습,보통교과,초등영어1,36,20170410,20231018
관악구,교습소,4비화실미술교습소,서울특별시 관악구 인헌11길 6,예능(대),예능(중),초급미술1,54,20170407,20231018
양천구,학원,맛있는공부학원,서울특별시 양천구 지양로7길 14,입시.검정 및 보습,보통교과,"보습?논술,",45,20170410,20231018
양천구,학원,다원교육고등학원,서울특별시 양천구 목동서로 63,입시.검정 및 보습,보통교과,보습?논술,244,20170410,20260712
광진구,학원,디보스댄스학원,서울특별시 광진구 자양로26길 50,기타(대),기타(중),"기타(소),",78,20170407,20231018
서초구,교습소,디알(DR)수학교습소,서울특별시 서초구 고무래로 6-3,입시.검정 및 보습,보통교과,초등수학,30,20170407,20260705
강동구,교습소,그림숲아트미술교습소,서울특별시 강동구 성내로3길 36,예능(대),예능(중),"아동미술(주2회,80분)",24,20170411,20231018
동작구,학원,힘센수학학원,서울특별시 동작구 양녕로 268,입시.검정 및 보습,보통교과,보습,100,20170405,20240128
양천구,교습소,하이레벨업수학교습소,서울특별시 양천구 목동동로 391,입시.검정 및 보습,보통교과,초등수학,4,20170412,20231018
동작구,학원,서울도배학원,서울특별시 동작구 장승배기로19길 16,직업기술,산업서비스,도배,175,20170413,20260705
송파구,교습소,어필국어교습소,서울특별시 송파구 오금로31길 42,입시.검정 및 보습,보통교과,"중등국어(주2회,회150분)",10,20170410,20231018
노원구,교습소,스마트해법수학공릉우방점수학교습소,서울특별시 노원구 노원로 58,입시.검정 및 보습,보통교과,초등수학1,36,20170417,20231018
성북구,학원,메가테스학원,서울특별시 성북구 삼양로9길 4-27,입시.검정 및 보습,보통교과,보습?논술,530,20170407,20240512
송파구,학원,싸이클루과학학원,서울특별시 송파구 위례성대로20길 32,입시.검정 및 보습,보통교과,"보습,",150,20170414,20231018
강서구,교습소,강서힐스테이트한우리독서토론논술교습소,서울특별시 강서구 우현로 15,입시.검정 및 보습,보통교과,초등논술1,40,20170417,20231018
강북구,학원,공간프리미엄독서실,서울특별시 강북구 도봉로 177,독서실,독서,"독서실(일반인),",120,20170417,20231018
성북구,교습소,엘피아노음악교습소,서울특별시 성북구 숭인로 50,예능(대),예능(중),초급피아노A,84,20170417,20260607
광진구,학원,라단사발레아카데미학원,서울특별시 광진구 자양로 261,기예(대),기예(중),,48,20170418,20231018
서초구,학원,하비스트학원,서울특별시 서초구 강남대로53길 7,입시.검정 및 보습,보통교과,"보습?논술,",30,20170418,20251005
양천구,학원,씨앤씨9관학원,서울특별시 양천구 목동서로 252,입시.검정 및 보습,보통교과,보습,0,20170418,20260426
양천구,학원,피아아트미술학원,서울특별시 양천구 오목로 279,예능(대),예능(중),미술,0,20170418,20260201
도봉구,학원,토즈스터디센터도봉독서실,서울특별시 도봉구 마들로 664-5,독서실,독서,독서실(유아/초?중?고),127,20170419,20260712
강동구,교습소,하연과학교습소,서울특별시 강동구 고덕로46길 71,입시.검정 및 보습,보통교과,"초등과학B(주1회,회60분)",9,20170419,20240225
강서구,학원,테일러영어학원,서울특별시 강서구 방화대로 294,입시.검정 및 보습,보통교과,보습,57,20170419,20260719
마포구,학원,액터스톡연기뮤지컬입시학원,서울특별시 마포구 홍익로6길 48,기타(대),기타(중),연극,24,20170414,20241215
영등포구,학원,좋은성적학원,서울특별시 영등포구 국제금융로 78,입시.검정 및 보습,보통교과,"보습,보습?논술",67,20170420,20260301
서초구,교습소,안경쓴고양이미술교습소,서울특별시 서초구 서운로 207,예능(대),예능(중),,54,20170420,20231018
양천구,교습소,비전스카이수학교습소,서울특별시 양천구 목동동로 73,입시.검정 및 보습,보통교과,초등수학D,50,20170421,20250713
성북구,학원,에이블독서실,서울특별시 성북구 서경로 26-4,독서실,독서,"독서실(일반인),",99,20170421,20250406
강남구,교습소,제이앤영어교습소,서울특별시 강남구 남부순환로 2917,입시.검정 및 보습,보통교과,고등영어,32,20170405,20231018
서초구,교습소,에이치이씨(HEC)영어교습소,서울특별시 서초구 반포대로 291,입시.검정 및 보습,보통교과,,3,20170424,20231206
관악구,교습소,조이풀음악교습소,서울특별시 관악구 대학7길 29,예능(대),예능(중),매일반바이엘,90,20170419,20231018
용산구,교습소,힘(HIM)수학교습소,서울특별시 용산구 새창로12길 11-13,입시.검정 및 보습,보통교과,초등수학A,27,20170424,20251109
송파구,교습소,엠지음악교습소,서울특별시 송파구 마천로7길 6,예능(대),예능(중),,3,20170419,20250727
송파구,학원,엘리트뷰티아카데미학원,서울특별시 송파구 백제고분로37길 8,기타(대),기타(중),이?미용,3000,20170425,20260607
강북구,학원,S.I.수인학원,서울특별시 강북구 솔샘로 233,입시.검정 및 보습,보통교과,"보습?논술,",207,20170426,20231018
중랑구,교습소,주연음악교습소,서울특별시 중랑구 면목로57길 43,예능(대),예능(중),"바이엘(고급,주2회)",35,20170427,20231018
동대문구,학원,압구정M수학전문학원,서울특별시 동대문구 답십리로 77,입시.검정 및 보습,보통교과,"보습,",40,20170427,20231018
강남구,학원,봄온아카데미학원,서울특별시 강남구 강남대로 584,종합(대),문화관광,"방송,화술",700,20030804,20241006
강남구,교습소,이화림스피아노음악교습소,서울특별시 강남구 도곡로 184,예능(대),예능(중),피아노(입시)1,30,20170427,20260607
강동구,교습소,리드인독서국어교습소,서울특별시 강동구 상일로 55,입시.검정 및 보습,보통교과,"초등국어A(4주)(주1회,회180분)",8,20170428,20260426
서초구,학원,톤연기학원,서울특별시 서초구 강남대로95길 40,기타(대),기타(중),연극,100,20170501,20250209
양천구,학원,이서독서실,서울특별시 양천구 목동남로4길 32,독서실,독서,"독서실,독서실(유아/초?중?고)",148,20170428,20250824
강서구,학원,아카데미라운지염창독서실,서울특별시 강서구 양천로 684,독서실,독서,독서실(유아/초?중?고),678,20170421,20260308
동작구,교습소,윤수학교습소,서울특별시 동작구 국사봉길 93,입시.검정 및 보습,보통교과,초등수학,9,20170501,20231018
강동구,교습소,윤선생우리집앞고덕1영어교습소,서울특별시 강동구 동남로81길 88,입시.검정 및 보습,보통교과,,7,20170501,20250727
강서구,학원,더굿멘토영수전문학원,서울특별시 강서구 공항대로41길 65,입시.검정 및 보습,보통교과,보습?논술,70,20170428,20260201
송파구,학원,픽플래닛아카데미학원,서울특별시 송파구 백제고분로 276,예능(대),예능(중),"음악,",40,20170427,20231018
서초구,학원,아트멘토유학미술학원,서울특별시 서초구 반포대로 287,예능(대),예능(중),미술,126,20170502,20260329
서대문구,교습소,서연영어교습소,서울특별시 서대문구 가재울미래로 2,입시.검정 및 보습,보통교과,초등영어,20,20170426,20231018
서대문구,교습소,톡톡영어교습소,서울특별시 서대문구 세검정로1길 35,입시.검정 및 보습,보통교과,초등영어1,32,20170421,20231018
서대문구,교습소,메이커스코딩랩컴퓨터교습소,서울특별시 서대문구 통일로34길 35,기타(대),기타(중),초급컴퓨터,9,20170417,20250608
종로구,학원,포어스트랜즈잉글리쉬러닝센터학원,서울특별시 종로구 진흥로 443,입시.검정 및 보습,보통교과,보습,330,20170428,20260405
송파구,교습소,랄랄라미술창작소미술교습소,서울특별시 송파구 중대로 24,예능(대),예능(중),"초급(주2회,회100분)",16,20170427,20231018
영등포구,교습소,예종미술교습소,서울특별시 영등포구 도영로 66,예능(대),예능(중),미술A(일70분*주1회*4.2주),24,20170504,20250914
송파구,교습소,수림쌤수학교습소,서울특별시 송파구 새말로 62,입시.검정 및 보습,보통교과,"초등수학(주2회, 150분",24,20170508,20250126
서초구,학원,포커스영화학원,서울특별시 서초구 강남대로43길 15,기타(대),기타(중),연극,50,20170510,20260614
노원구,교습소,러시아클래식발레교습소,서울특별시 노원구 노원로 476,예능(대),예능(중),,24,20170511,20231018
강서구,학원,강서도배학원,서울특별시 강서구 공항대로 49-2,직업기술,산업서비스,도배,160,20170531,20260201
강남구,교습소,강재춘영어교실영어교습소,서울특별시 강남구 삼성로63길 14,입시.검정 및 보습,보통교과,영어,6,20170511,20260628
서초구,교습소,더피아노교습소,서울특별시 서초구 잠원로8길 25,예능(대),예능(중),,3,20170512,20260208
영등포구,학원,청림학원,서울특별시 영등포구 선유서로26길 29,입시.검정 및 보습,보통교과,보습,343,20170511,20250330
양천구,학원,피큐브목동관학원,서울특별시 양천구 신목로 53,입시.검정 및 보습,보통교과,보습?논술,85,20170512,20250928
동대문구,학원,세기(Music Academy)음악학원,서울특별시 동대문구 답십리로 140,예능(대),예능(중),,147,20170512,20231018
광진구,교습소,아름드리아뜰리에미술교습소,서울특별시 광진구 천호대로113길 6,예능(대),예능(중),,27,20170515,20231018
영등포구,교습소,예음피아노교습소,서울특별시 영등포구 도신로 70,예능(대),예능(중),바이엘(일60분*주5회*4.2주),20,20170511,20240616
관악구,교습소,최상위에듀수학교습소,서울특별시 관악구 대학7길 49,입시.검정 및 보습,보통교과,초등수학A,42,20170511,20231018
도봉구,교습소,상상놀이공예교습소,서울특별시 도봉구 해등로16길 94,기타(대),기타(중),공예초급,16,20170515,20231018
구로구,교습소,예술가의뜰미술교습소,서울특별시 구로구 고척로 212,예능(대),예능(중),미술일반(일140분*주1회*4.2주),45,20170515,20260405
강남구,학원,반앤반어학원,서울특별시 강남구 압구정로 226,국제화,외국어,"실용외국어(유아/초?중?고),",225,20170515,20231113
양천구,교습소,레지나영어교습소,서울특별시 양천구 목동동로12길 50-1,입시.검정 및 보습,보통교과,,6,20170515,20231018
강남구,교습소,크레아뜰리에미술교습소,서울특별시 강남구 선릉로68길 8,예능(대),예능(중),유치부,27,20170516,20231018
강동구,학원,자라다남아미술명일학원,서울특별시 강동구 고덕로 256,예능(대),예능(중),미술,90,20170516,20240908
중구,학원,마이스트링음악학원,서울특별시 중구 다산로 32,예능(대),예능(중),음악,240,20170516,20260607
강남구,학원,피타수학대치점학원,서울특별시 강남구 선릉로66길 9,입시.검정 및 보습,보통교과,보습?논술,54,20170516,20260315
양천구,학원,클라비어음악학원,서울특별시 양천구 신정이펜2로 12,예능(대),예능(중),음악,151,20170517,20250518
성북구,학원,의지와땀학원,서울특별시 성북구 오패산로 98,입시.검정 및 보습,보통교과,보습,132,20170517,20250914
성북구,교습소,쪼물락공예교습소,서울특별시 성북구 성북로4길 52,예능(대),예능(중),초등공예1,10,20170517,20231018
동작구,교습소,와이앤케이생각소리논술교습소,서울특별시 동작구 장승배기로 10-1,입시.검정 및 보습,보통교과,논술1,40,20170515,20231018
광진구,교습소,숙명현음악교습소,서울특별시 광진구 광나루로56길 34,예능(대),예능(중),초급피아노,12,20170517,20250223
은평구,학원,특자단초중등관학원,서울특별시 은평구 연서로 161,입시.검정 및 보습,보통교과,보습,219,20170518,20260712
은평구,학원,웅진북클럽스터디센터진관학원,서울특별시 은평구 진관3로 11,입시.검정 및 보습,보통교과,"보습,",88,20170518,20231018
강서구,교습소,더피아노음악교습소,서울특별시 강서구 공항대로 140,예능(대),예능(중),피아노1(입시-초중고),30,20170515,20250831
서초구,교습소,필영어교습소,서울특별시 서초구 잠원로4길 50,입시.검정 및 보습,보통교과,,9,20170518,20260405
강동구,학원,어썸팩토리암사플레이스독서실,서울특별시 강동구 고덕로 108,독서실,독서,"독서실(유아/초?중?고),",1208,20170518,20231126
강동구,교습소,몬스터매스수학교습소,서울특별시 강동구 동남로81길 88,입시.검정 및 보습,,,35,20170518,20231018
서초구,학원,카타르시스연기학원,서울특별시 서초구 신반포로47길 19,기타(대),기타(중),연극,10,20170519,20260405
강남구,학원,메리메리아트인스티튜트학원,서울특별시 강남구 압구정로42길 32,기예(대),기예(중),,150,20170519,20240428
영등포구,학원,에쥬니티씨엘신길뉴타운어학원,서울특별시 영등포구 가마산로88길 7,국제화,외국어,실용외국어(유아/초?중?고),0,20170519,20260705
송파구,학원,신사고수학학원,서울특별시 송파구 올림픽로35길 112,입시.검정 및 보습,보통교과,,70,20170522,20231018
노원구,교습소,랭라이즈영어교습소,서울특별시 노원구 중계로 202,입시.검정 및 보습,보통교과,영어S,25,20170523,20241215
노원구,학원,청담노원역점독서실,서울특별시 노원구 동일로218길 41,독서실,독서,"독서실(유아/초?중?고),",174,20170523,20231018
성북구,교습소,마중물수능국어논술교습소,서울특별시 성북구 월곡로14길 1,입시.검정 및 보습,보통교과,초등논술1,21,20170524,20231105
동대문구,교습소,리드(lead)영어교습소,서울특별시 동대문구 사가정로 65,입시.검정 및 보습,보통교과,초등영어,14,20170524,20240317
강동구,교습소,천호제이피아노교습소,서울특별시 강동구 천중로15가길 7,예능(대),예능(중),"피아노입시F(4.2주)(주5회, 회당100분)",20,20170525,20260614
동작구,학원,참누리이(e)해법셀파학원,서울특별시 동작구 등용로 127,입시.검정 및 보습,보통교과,"보습,",700,20170525,20231018
강남구,학원,스토리봄원격학원,서울특별시 강남구 선릉로 578,입시.검정 및 보습,보통교과,,80,20170519,20231018
서초구,학원,키(KEY)과학학원,서울특별시 서초구 신반포로 213,입시.검정 및 보습,보통교과,보습?논술,231,20170523,20260208
서초구,교습소,늘바이올린교습소,서울특별시 서초구 서초중앙로 230,예능(대),예능(중),초급,3,20170525,20240602
성동구,학원,제일학원3관학원,서울특별시 성동구 독서당로 335,입시.검정 및 보습,보통교과,보습,420,20170526,20260426
강동구,학원,GIA(지니국제어학원)어학원,서울특별시 강동구 고덕로38길 56,국제화,외국어,실용외국어(유아/초?중?고),160,20170526,20260607
광진구,학원,한국자전거기술학원,서울특별시 광진구 구의로 67,직업기술,산업기반기술,기계,270,20170612,20250601
양천구,학원,세실이화음악학원,서울특별시 양천구 오목로 42,예능(대),예능(중),"음악,",680,20170529,20231018
중랑구,교습소,이매진(E-magine)영어교습소,서울특별시 중랑구 상봉중앙로8나길 38-11,입시.검정 및 보습,보통교과,초등영어A,18,20170530,20231018
송파구,교습소,가온누리국어교습소,서울특별시 송파구 양재대로 1222,입시.검정 및 보습,보통교과,,3,20170530,20231018
강남구,학원,오르다샘앤클래스역삼점학원,서울특별시 강남구 언주로 337,기타(대),기타(중),기타(소),8,20170531,20260201
강남구,학원,스카이입시교육학원,서울특별시 강남구 삼성로 341,입시.검정 및 보습,보통교과,"보습?논술,진학지도",142,20170523,20241215
강남구,학원,알파관하이원학원,서울특별시 강남구 남부순환로 2941,입시.검정 및 보습,보통교과,보습?논술,192,20170523,20260301
강남구,학원,압구정국어논술2관학원,서울특별시 강남구 논현로168길 20,입시.검정 및 보습,보통교과,보습?논술,0,20170525,20250126
은평구,학원,팁탑독서실,서울특별시 은평구 은평로10길 20,독서실,독서,,75,20170601,20231018
성동구,학원,이샘수학전문학원,서울특별시 성동구 독서당로 282-1,입시.검정 및 보습,보통교과,보습,34,20170601,20260607
관악구,학원,스카이플러스보습학원,서울특별시 관악구 남부순환로 1793,입시.검정 및 보습,보통교과,"보습,",366,20170530,20251214
용산구,교습소,플로우잉글리쉬(FLOW ENGLISH)영어교습소,서울특별시 용산구 후암로 25,입시.검정 및 보습,보통교과,,35,20170602,20250629
마포구,학원,뉴탑영어전문학원,서울특별시 마포구 광성로 42,입시.검정 및 보습,보통교과,보습,576,20170524,20251214
마포구,학원,이화온학원,서울특별시 마포구 굴레방로 27,예능(대),예능(중),미술,42,20170517,20260607
마포구,학원,더원발레아카데미학원,서울특별시 마포구 마포대로 143,예능(대),예능(중),무용,30,20170602,20231018
마포구,교습소,작은손미술교습소,서울특별시 마포구 월드컵북로 502,예능(대),예능(중),고급미술1,14,20170523,20250907
마포구,교습소,고흐의꿈미술교습소,서울특별시 마포구 마포대로11길 46,예능(대),예능(중),중급미술1,45,20170529,20231018
마포구,교습소,도란도란독서논술교습소,서울특별시 마포구 큰우물로 49,입시.검정 및 보습,보통교과,독서논술1(초등저학년),18,20170601,20231018
양천구,교습소,풍선나무미술교습소,서울특별시 양천구 목동동로 100,예능(대),예능(중),초등미술2,8,20170602,20240908
동작구,학원,라이즈발레학원,서울특별시 동작구 상도로 192,예능(대),예능(중),무용,423,20170602,20251012
송파구,교습소,와이(WHY)수학교습소,서울특별시 송파구 오금로 484,입시.검정 및 보습,보통교과,"초등수학(주5회, 회60분)",25,20170605,20250727
성동구,교습소,리브라아카데미아미술교습소,서울특별시 성동구 행당로 84,예능(대),예능(중),초등미술,8,20170607,20231206
강남구,교습소,더피아노스튜디오피아노교습소,서울특별시 강남구 선릉로 225,예능(대),예능(중),피아노초급,2,20170607,20231018
강남구,학원,규연수학전문학원,서울특별시 강남구 삼성로 212,입시.검정 및 보습,보통교과,보습?논술,4040,20170607,20231105
강남구,교습소,룩미술교습소,서울특별시 강남구 광평로19길 10,예능(대),예능(중),미술,3,20170607,20250907
서대문구,학원,차근차근차곡차곡학원,서울특별시 서대문구 연희로 407,입시.검정 및 보습,보통교과,"보습,",200,20170531,20240609
마포구,교습소,루트수학교습소,서울특별시 마포구 토정로18길 11,입시.검정 및 보습,보통교과,초등수학,18,20170607,20250824
성동구,학원,호텔리어코리아학원,서울특별시 성동구 자동차시장1길 70,직업기술,일반서비스,,20,20170609,20251116
강북구,교습소,다니엘수학교습소,서울특별시 강북구 한천로123길 39,입시.검정 및 보습,보통교과,초등수학A,36,20170612,20260329
강북구,교습소,다니엘영어교습소,서울특별시 강북구 한천로123길 39,입시.검정 및 보습,보통교과,초등영어A,16,20170612,20260329
양천구,학원,목동그린섬미술학원,서울특별시 양천구 오목로56길 14,예능(대),예능(중),미술,350,20170613,20260712
금천구,교습소,포코음악교습소,서울특별시 금천구 독산로35길 16,예능(대),예능(중),일반1(피아노)(일60분*주5회*4.2주),25,20170613,20231018
강서구,교습소,위드영어교습소,서울특별시 강서구 강서로47가길 33,입시.검정 및 보습,보통교과,중등영어,18,20170613,20231018
노원구,학원,노원창조의아침미술학원,서울특별시 노원구 동일로 1402,예능(대),예능(중),미술,470,20170613,20231018
강남구,학원,플러스아츠학원,서울특별시 강남구 언주로157길 13,예능(대),예능(중),미술,100,20170602,20240317
서초구,학원,아임프롬보컬학원,서울특별시 서초구 강남대로101안길 17,기예(대),기예(중),"실용음악(성악),",10,20170613,20231018
노원구,교습소,엘리스의다락방공예교습소,서울특별시 노원구 덕릉로 459-47,기타(대),기타(중),,4,20170614,20240428
동대문구,학원,EJ이화발레아카데미학원,서울특별시 동대문구 전농로 58-1,예능(대),예능(중),무용,106,20170613,20240317
서대문구,학원,파란코영어학원,서울특별시 서대문구 모래내로 343,입시.검정 및 보습,보통교과,"보습,",13,20170607,20240128
서대문구,교습소,에이엘엑스영어교습소,서울특별시 서대문구 연희로12길 4,국제화,외국어,,4,20170605,20231018
중랑구,학원,커마짓댄스(COMAZIT Dance)학원,서울특별시 중랑구 사가정로42길 25,기예(대),기예(중),댄스,141,20170615,20250518
은평구,학원,은쌤수학학원,서울특별시 은평구 진관3로 22,입시.검정 및 보습,보통교과,보습,22,20170615,20240331
양천구,학원,리젠영어학원,서울특별시 양천구 오목로 279,입시.검정 및 보습,보통교과,보습?논술,255,20170616,20260607
노원구,학원,생각하는황소수학학원,서울특별시 노원구 중계로 206,입시.검정 및 보습,보통교과,보습?논술,1955,20170619,20241215
강남구,학원,프린스턴리뷰학원,서울특별시 강남구 압구정로36길 4,국제화,외국어,실용외국어(유아/초?중?고),153,20170522,20251116
강남구,교습소,엠브릿지수학교습소,서울특별시 강남구 남부순환로 2917,입시.검정 및 보습,보통교과,수학1,56,20170619,20251102
양천구,교습소,제니아트미술교습소,서울특별시 양천구 목동로19길 42,예능(대),예능(중),미술1,15,20170616,20231018
강서구,학원,가득에듀영수학원,서울특별시 강서구 양천로 628,입시.검정 및 보습,보통교과,보습,0,20170619,20250309
은평구,교습소,신도이해법수학교습소,서울특별시 은평구 진관2로 77,입시.검정 및 보습,보통교과,,18,20170619,20240519
영등포구,학원,에듀플렉스에듀코치개별지도보라매학원,서울특별시 영등포구 여의대방로 65,입시.검정 및 보습,보통교과,"보습,",1320,20170619,20231018
강동구,학원,상상나무미술학원,서울특별시 강동구 고덕로 140,예능(대),예능(중),미술,165,20170616,20250330
송파구,학원,이정식수학학원,서울특별시 송파구 위례성대로18길 22,입시.검정 및 보습,보통교과,"보습,",40,20170619,20231029
성동구,학원,어썸보컬작곡학원,서울특별시 성동구 동일로 141,예능(대),예능(중),음악,30,20170619,20231217
송파구,학원,와이즈키즈칼리지어학원,서울특별시 송파구 송이로 18,국제화,외국어,"실용외국어(유아/초?중?고),",26,20170616,20260607
성동구,교습소,예원음악교습소,서울특별시 성동구 왕십리로 410,예능(대),예능(중),중급2,16,20170619,20240908
서초구,학원,스토리에듀케이션학원,서울특별시 서초구 사임당로 50,국제화,외국어,"실용외국어(유아/초?중?고),",253,20170621,20250126
서초구,학원,코듀크리에이티브반포센터학원,서울특별시 서초구 동광로 9,기타(대),기타(중),,56,20170519,20231018
관악구,학원,바오밥미술창작소미술학원,서울특별시 관악구 청림2길 2,예능(대),예능(중),"미술,",310,20170619,20231018
강동구,학원,학원1번가학원,서울특별시 강동구 구천면로 293,입시.검정 및 보습,보통교과,"보습,",55,20170621,20250112
강남구,학원,그레이드원대치10관수학학원,서울특별시 강남구 도곡로 184,입시.검정 및 보습,보통교과,보습?논술,96,20170621,20250706
서초구,학원,개념폴리아서초2관학원,서울특별시 서초구 서초중앙로33길 6-6,입시.검정 및 보습,보통교과,"보습,보습?논술",3560,20170622,20260201
강동구,교습소,썬수학교습소,서울특별시 강동구 아리수로50길 50,입시.검정 및 보습,보통교과,"초등수학1(주1회, 회당90분)",8,20170622,20250727
강남구,교습소,수학을말하다수학교습소,서울특별시 강남구 광평로10길 15,입시.검정 및 보습,보통교과,초등수학A,52,20170621,20240317
서초구,학원,코리아제2캠퍼스학원,서울특별시 서초구 강남대로55길 9-11,입시.검정 및 보습,진학지도,"진학상담지도,",26,20170621,20251102
송파구,학원,메이킷빅뮤지컬아카데미학원,서울특별시 송파구 백제고분로40길 4,기타(대),기타(중),"기타(소),",87,20170623,20231018
강남구,학원,현상훈수학학원,서울특별시 강남구 삼성로63길 9,입시.검정 및 보습,보통교과,보습?논술,312,20170623,20250831
마포구,학원,아티젠미술학원,서울특별시 마포구 서강로9길 60,예능(대),예능(중),"미술,",640,20170622,20231018
구로구,교습소,공유수학교습소,서울특별시 구로구 구로중앙로27가길 9,입시.검정 및 보습,보통교과,초등수학1(60분*주3회*4.2주),12,20170623,20240623
마포구,학원,오르다샘앤클래스마포서강학원,서울특별시 마포구 토정로 199,기타(대),기타(중),"기타(소),",12,20170622,20240908
강동구,학원,246스포츠댄스학원,서울특별시 강동구 천호대로157길 54,기예(대),기예(중),"댄스,",100,20170625,20250622
성북구,학원,압구정정보강북영어학원,서울특별시 성북구 동소문로 40,입시.검정 및 보습,보통교과,보습,628,20170619,20250112
서초구,학원,발레앤코강남서초학원,서울특별시 서초구 방배로 202,기예(대),기예(중),"무용(전통무용,현대무용),",87,20170612,20231018
은평구,학원,비티와이영어학원,서울특별시 은평구 갈현로 271,입시.검정 및 보습,보통교과,보습,432,20170622,20260308
강남구,학원,윤앤고입시컨설팅학원,서울특별시 강남구 역삼로64길 4,입시.검정 및 보습,진학지도,진학상담지도,17,20170626,20251116
은평구,학원,핑거비음악학원,서울특별시 은평구 응암로21가길 24,예능(대),예능(중),,30,20170623,20231018
은평구,학원,은평지1230보습학원,서울특별시 은평구 진관2로 29-21,입시.검정 및 보습,보통교과,"보습,",96,20170626,20231018
광진구,학원,퍼스트수학닥터윤영어&영어도서관학원,서울특별시 광진구 아차산로70길 26,입시.검정 및 보습,보통교과,보습,0,20170626,20251214
강남구,학원,위대한학원,서울특별시 강남구 도곡로 501,입시.검정 및 보습,보통교과,"보습?논술,",355,20170519,20260201
강남구,학원,브릭스(Brix)어학원,서울특별시 강남구 압구정로30길 17,국제화,보통교과,,453,20170519,20240707
서초구,교습소,리드인서초원명점독서논술교습소,서울특별시 서초구 고무래로 90-7,입시.검정 및 보습,보통교과,독서논술(유초),24,20170620,20250413
송파구,학원,미술로생각하기학원,서울특별시 송파구 올림픽로 119,기타(대),기타(중),기타(소),83,20170628,20231018
송파구,학원,에듀프로하바어학원,서울특별시 송파구 양재대로72길 17,국제화,외국어,실용외국어(유아/초?중?고),220,20170628,20260329
송파구,학원,매쓰스퀘어수학학원,서울특별시 송파구 동남로 103,입시.검정 및 보습,보통교과,보습,291,20170629,20260215
강서구,학원,선율음악학원,서울특별시 강서구 까치산로4길 11,예능(대),예능(중),음악,0,20170629,20250309
동작구,학원,와이비엠잉글루영어학원,서울특별시 동작구 사당로2차길 2,입시.검정 및 보습,보통교과,보습,84,20170626,20260607
강동구,교습소,포네첼로교습소,서울특별시 강동구 명일로 375,예능(대),예능(중),,9,20170629,20260712
서대문구,학원,와이즈무용학원,서울특별시 서대문구 가재울미래로 2,예능(대),예능(중),무용,75,20160921,20250518
양천구,교습소,프리미엄(Premium English)영어교습소,서울특별시 양천구 목동서로 57,국제화,외국어,초등영어A,18,20170629,20260329
서대문구,학원,유엠학원,서울특별시 서대문구 신촌로 231,입시.검정 및 보습,보통교과,"보습,",60,20170630,20251019
마포구,교습소,연세영어교습소,서울특별시 마포구 마포대로11길 23,입시.검정 및 보습,보통교과,초등영어1,56,20170629,20231018
노원구,교습소,한창호영어교습소,서울특별시 노원구 중계로 164,입시.검정 및 보습,보통교과,,28,20170630,20231018
서대문구,교습소,조충연음악교습소,서울특별시 서대문구 북아현로1가길 20,예능(대),예능(중),피아노음악(초급),80,20170630,20240714
양천구,교습소,수학친구수학교습소,서울특별시 양천구 신정로 290,입시.검정 및 보습,보통교과,수학A(초등),35,20170629,20250330
강서구,학원,엠베스트에스이(SE)초중고전문공부학원,서울특별시 강서구 까치산로4길 11,입시.검정 및 보습,보통교과,보습?논술,110,20170629,20250112
강서구,교습소,제다움국어교습소,서울특별시 강서구 공항대로41길 51,입시.검정 및 보습,보통교과,중등국어,45,20170619,20231113
강서구,교습소,등촌브레이닝(BRAINING)수학교습소,서울특별시 강서구 공항대로41길 51,입시.검정 및 보습,보통교과,초등수학A,30,20170619,20240128
강서구,교습소,유앤미수학교습소,서울특별시 강서구 공항대로42길 51-2,입시.검정 및 보습,,초등수학,42,20170612,20250928
강서구,교습소,3030잉글리쉬영어교습소,서울특별시 강서구 양천로75길 19,입시.검정 및 보습,보통교과,"영어(초1,2,3)",40,20170701,20231018
동대문구,학원,하성애무용학원,서울특별시 동대문구 서울시립대로 31,예능(대),예능(중),무용,66,20170630,20240331
중랑구,교습소,다인국어교습소,서울특별시 중랑구 신내로7가길 73,입시.검정 및 보습,보통교과,,16,20170703,20231018
양천구,교습소,밥드림매쓰플러스수학교습소,서울특별시 양천구 목동동로 350,입시.검정 및 보습,보통교과,,18,20170703,20231018
성동구,교습소,위아이아트스튜디오미술교습소,서울특별시 성동구 왕십리로 410,예능(대),예능(중),,20,20170704,20250518
관악구,학원,뮤즈아이음악학원,서울특별시 관악구 은천로 95,예능(대),예능(중),음악,102,20170704,20240908
양천구,학원,소엔코딩학원,서울특별시 양천구 목동서로 349,기타(대),기타(중),컴퓨터(소),85,20170703,20250413
노원구,학원,채움독서실,서울특별시 노원구 섬밭로 258,독서실,독서,"독서실(유아/초?중?고),",110,20170705,20231018
노원구,학원,밀리에듀영어학원,서울특별시 노원구 상계로 193-14,입시.검정 및 보습,보통교과,"보습?논술,",62,20170705,20231018
은평구,학원,애니위너미술학원,서울특별시 은평구 통일로 870,예능(대),예능(중),,510,20170705,20231113
강동구,학원,에스아이이(SIE)학원,서울특별시 강동구 올림픽로 836,종합(대),,"미술,보습,실용외국어(유아/초?중?고),음악,정보,진학상담지도",1051,20170707,20260816
동대문구,학원,제기와와학습코칭학원,서울특별시 동대문구 왕산로 61,입시.검정 및 보습,보통교과,"보습,",744,20170710,20250824
강남구,학원,시대인재신관부엉이라이브러리3독서실,서울특별시 강남구 삼성로51길 11,독서실,독서,독서실(일반인),57,20170626,20260705
서초구,학원,플랜에이프리미엄독서실,서울특별시 서초구 서초중앙로24길 20,독서실,독서,"독서실(일반인),",30,20170711,20231119
관악구,교습소,난향삼성영어교습소,서울특별시 관악구 난곡로 53,입시.검정 및 보습,보통교과,초등기초영어,42,20170706,20260802
서초구,학원,에듀코치개별지도서초2학원,서울특별시 서초구 남부순환로315길 104,입시.검정 및 보습,보통교과,보습?논술,280,20170711,20240225
노원구,교습소,더탑(the Top)수학교습소,서울특별시 노원구 한글비석로 242,입시.검정 및 보습,보통교과,초등수학,3,20170710,20250907
송파구,교습소,쇼팽음악교습소,서울특별시 송파구 올림픽로35길 112,예능(대),예능(중),,36,20170711,20231018
강동구,학원,고덕명일점더몰입관리형독서실,서울특별시 강동구 양재대로 1665,독서실,독서,"독서실,독서실(유아/초?중?고)",280,20170706,20260308
종로구,교습소,셀크영어교습소,서울특별시 종로구 옥인길 22-1,입시.검정 및 보습,보통교과,,24,20170712,20250309
서초구,학원,반포파인만중등관학원,서울특별시 서초구 서초중앙로31길 14-13,입시.검정 및 보습,보통교과,보습?논술,1185,20170714,20250706
광진구,교습소,참다운수학교습소,서울특별시 광진구 천호대로117길 59,입시.검정 및 보습,보통교과,수학 초등가,30,20170713,20231018
양천구,학원,김보영폴리어수학학원,서울특별시 양천구 목동서로 285,입시.검정 및 보습,보통교과,"보습,",70,20170713,20231018
강서구,학원,수수께끼학원,서울특별시 강서구 강서로47나길 24,입시.검정 및 보습,보통교과,"보습,",150,20170713,20231018
광진구,교습소,리딩버디영어교습소,서울특별시 광진구 용마산로3길 95,입시.검정 및 보습,보통교과,Hello리더반(초),20,20170714,20231018
은평구,교습소,에스제이영어교습소,서울특별시 은평구 은평로 223-1,입시.검정 및 보습,보통교과,초등영어,63,20170710,20250309
강남구,교습소,조앤영어교습소,서울특별시 강남구 선릉로 225,입시.검정 및 보습,보통교과,초등영어,12,20170707,20260621
마포구,교습소,꿈의기타교습소,서울특별시 마포구 방울내로7길 33,예능(대),예능(중),음악초급,10,20170715,20231018
동작구,교습소,신줄리어드음악교습소,서울특별시 동작구 여의대방로 30,예능(대),예능(중),초등바이엘,30,20170714,20250720
강서구,교습소,아토즈영어교습소,서울특별시 강서구 곰달래로31길 8,입시.검정 및 보습,보통교과,초등영어,10,20170710,20231018
영등포구,학원,르베무용학원,서울특별시 영등포구 여의대방로 141,예능(대),예능(중),"무용,",73,20170713,20231018
광진구,교습소,아가파오수학교습소,서울특별시 광진구 아차산로65길 78,입시.검정 및 보습,보통교과,초등수학,20,20170717,20231231
관악구,학원,두드림학원,서울특별시 관악구 은천로 80,입시.검정 및 보습,보통교과,"보습,",164,20170714,20231018
성북구,교습소,현대미술교습소,서울특별시 성북구 정릉로36길 76,예능(대),예능(중),중급A,15,20170717,20250720
영등포구,교습소,이샘피아노교습소,서울특별시 영등포구 도림로61길 33,예능(대),예능(중),,25,20170718,20231018
구로구,교습소,아마도음악교습소,서울특별시 구로구 구일로10길 53,예능(대),예능(중),바이엘(일60분*주5회*4.2주),21,20170718,20231113
용산구,학원,제이영어수학보습학원,서울특별시 용산구 녹사평대로11길 44,입시.검정 및 보습,보통교과,보습,85,20170717,20260809
도봉구,교습소,쎈영어교습소,서울특별시 도봉구 도봉로180나길 41,입시.검정 및 보습,보통교과,초등부,15,20170720,20250330
강남구,교습소,박선명과학논술교습소,서울특별시 강남구 삼성로 231,입시.검정 및 보습,보통교과,과학논술A,35,20170720,20240128
양천구,학원,씨엠에스목동입시센터학원,서울특별시 양천구 목동동로 339,종합(대),보통교과,보습,240,20170720,20260712
강남구,학원,정연입시컨설팅학원,서울특별시 강남구 역삼로 417,입시.검정 및 보습,진학지도,진학상담지도,10,20170720,20231206
관악구,학원,루트수학학원,서울특별시 관악구 관악로40길 47,입시.검정 및 보습,보통교과,"보습,",170,20170719,20231018
송파구,교습소,아즈텍영어교습소,서울특별시 송파구 동남로23길 54,입시.검정 및 보습,보통교과,,20,20170720,20231018
송파구,교습소,씨앤씨개롱아트캠퍼스미술교습소,서울특별시 송파구 동남로 215,예능(대),예능(중),"미술A(4주)(주1회,회90분)",15,20170719,20260426
양천구,학원,씨앤엠특목스카이학원,서울특별시 양천구 목동동로 379,입시.검정 및 보습,보통교과,보습?논술,80,20170721,20250706
양천구,학원,맵스터디학원,서울특별시 양천구 신월로38길 13,종합(대),,"보습,실용외국어(유아/초?중?고)",84,20170721,20260315
마포구,교습소,잉콘영어교습소,서울특별시 마포구 창전로 37,입시.검정 및 보습,보통교과,고등영어,18,20170717,20260201
강남구,교습소,대치명문수학교습소,서울특별시 강남구 삼성로 212,입시.검정 및 보습,보통교과,초등수학3,12,20170714,20250223
서초구,교습소,선우수학교습소,서울특별시 서초구 잠원로 204,입시.검정 및 보습,보통교과,초등수학,8,20170714,20250413
서초구,교습소,영어진담영어교습소,서울특별시 서초구 사임당로 151,국제화,외국어,어학,7,20170725,20240505
동작구,학원,미래탐구중등학원,서울특별시 동작구 상도로 39,입시.검정 및 보습,보통교과,보습,368,20170725,20251005
양천구,교습소,삼성영어셀레나제이영어교습소,서울특별시 양천구 목동서로 280,입시.검정 및 보습,보통교과,초등영어3,10,20170725,20250518
성북구,학원,크로스에듀(cross edu)학원,서울특별시 성북구 동소문로20가길 62,입시.검정 및 보습,보통교과,보습?논술,252,20170719,20260802
강남구,학원,대치메카2관학원,서울특별시 강남구 도곡로 516,입시.검정 및 보습,보통교과,"보습?논술,",425,20170720,20231018
양천구,학원,온리원수학학원,서울특별시 양천구 목동서로 349,입시.검정 및 보습,보통교과,보습,64,20170725,20240428
강북구,학원,본스타트레이닝센터강북연기학원,서울특별시 강북구 수유로 56,기타(대),기타(중),"연극,",99,20170727,20260329
도봉구,교습소,새로고침국어논술교습소,서울특별시 도봉구 노해로40길 72,입시.검정 및 보습,보통교과,고등논술6,40,20170728,20250608
강남구,교습소,라하잉글리시율현영어교습소,서울특별시 강남구 밤고개로21길 25,국제화,외국어,영어,36,20170727,20250928
강남구,교습소,명성국어교습소,서울특별시 강남구 압구정로 113-22,입시.검정 및 보습,보통교과,,6,20170725,20231018
동대문구,학원,리드인장한평점독서영어수학학원,서울특별시 동대문구 천호대로77길 89,입시.검정 및 보습,보통교과,보습?논술,72,20170728,20250928
송파구,학원,솔비아수학학원,서울특별시 송파구 위례광장로 193,입시.검정 및 보습,보통교과,보습,100,20170728,20251214
강서구,교습소,아트필미술교습소,서울특별시 강서구 화곡로13길 107,예능(대),예능(중),미술A,56,20170725,20231018
도봉구,학원,도봉지엠에스수학학원,서울특별시 도봉구 덕릉로63가길 32,입시.검정 및 보습,보통교과,보습,216,20170731,20260802
광진구,교습소,아트(ART)530미술교습소,서울특별시 광진구 뚝섬로55길 11,예능(대),예능(중),주1회,8,20170728,20231018
마포구,교습소,듀매쓰수학교습소,서울특별시 마포구 도화2길 55,입시.검정 및 보습,보통교과,고등수학A,50,20170725,20251214
구로구,학원,와와학습코칭신도림학원,서울특별시 구로구 신도림로 20,입시.검정 및 보습,보통교과,"보습?논술,",392,20170727,20231018
영등포구,학원,스카이맥학원,서울특별시 영등포구 도림로 322,입시.검정 및 보습,보통교과,보습,126,20170727,20250112
강남구,교습소,개포푸른숲바이올린교습소,서울특별시 강남구 언주로 110,예능(대),예능(중),,18,20170731,20231018
마포구,교습소,공덕으뜸영어교습소,서울특별시 마포구 효창원로 253,입시.검정 및 보습,보통교과,"고등영어2,3",45,20170720,20250112
송파구,교습소,오세용고등부영어교습소,서울특별시 송파구 동남로 227,입시.검정 및 보습,보통교과,"중등영어1(4.2주)(주3회,회140분)",8,20170801,20260301
서초구,학원,북스토리학원,서울특별시 서초구 서초중앙로33길 14,입시.검정 및 보습,보통교과,,6,20170725,20231018
서초구,교습소,뮤엠서초원명점영어교습소,서울특별시 서초구 서초대로65길 13-10,국제화,외국어,영어1 기초,48,20170727,20231018
성동구,교습소,옥수해법중국어교습소,서울특별시 성동구 한림말길 31,국제화,외국어,중국어 회화,80,20170802,20251102
관악구,학원,하우스터디프리미엄독서실,서울특별시 관악구 문성로 102,독서실,독서,"독서실(유아/초?중?고),",196,20170801,20231018
서초구,학원,반포파인만고등2관학원,서울특별시 서초구 반포대로 304,입시.검정 및 보습,보통교과,보습?논술,1110,20170724,20260816
서초구,학원,레슨포케이아트연극영화학원,서울특별시 서초구 강남대로95길 87,기타(대),기타(중),"연극,",625,20170720,20241006
구로구,교습소,행복한음악교습소,서울특별시 구로구 신도림로11가길 36,예능(대),예능(중),피아노기초일반(주3회)(일65분*주3회*4.2주),48,20170802,20231217
양천구,학원,목동세종발레학원,서울특별시 양천구 목동동로 73,예능(대),예능(중),"무용,",144,20170803,20231018
관악구,학원,탑한빛학원,서울특별시 관악구 국회단지길 7,입시.검정 및 보습,보통교과,보습,372,20170804,20260719
서대문구,교습소,해요미술교습소,서울특별시 서대문구 북아현로 55,예능(대),예능(중),미술초급,18,20170804,20231018
영등포구,교습소,벽산음악교습소,서울특별시 영등포구 선유서로21길 15,예능(대),예능(중),바이엘피아노(일65분*주3회*4.2주),40,20170804,20231018
양천구,학원,비전캠퍼스정이조영어학원,서울특별시 양천구 오목로 299,국제화,외국어,실용외국어(유아/초?중?고),132,20170718,20260621
노원구,교습소,파고다(PAGODA)차이랑중국어교습소,서울특별시 노원구 동일로 1280,국제화,외국어,"초?중등 HSK, HNK",80,20160927,20231018
강남구,학원,대치이음학원,서울특별시 강남구 역삼로 464-2,입시.검정 및 보습,보통교과,,160,20170724,20260712
중구,학원,한양발레학원,서울특별시 중구 정동길 2-1,기예(대),기예(중),,46,20170807,20251005
노원구,교습소,영쌤창의수학교습소,서울특별시 노원구 한글비석로15길 48,입시.검정 및 보습,보통교과,초등수학1,52,20170814,20231018
중구,학원,스토리아트영화학원,서울특별시 중구 퇴계로30길 15-3,입시.검정 및 보습,보통교과,보습,48,20170807,20250824
강남구,학원,예중예고예인학원,서울특별시 강남구 선릉로 414,예능(대),예능(중),미술,123,20170720,20250112
도봉구,교습소,대영영어교습소,서울특별시 도봉구 도봉로110다길 51,입시.검정 및 보습,보통교과,,7,20170808,20250601
강남구,학원,라플라스챌린지관학원,서울특별시 강남구 학동로56길 35,입시.검정 및 보습,보통교과,"보습,",30,20170808,20231018
강남구,학원,런스팀로봇코딩학원,서울특별시 강남구 삼성로 155,기타(대),기타(중),"로봇,",61,20170808,20231018
서초구,교습소,뮤엠영어서래미쉘영어교습소,서울특별시 서초구 방배로43길 5,국제화,외국어,영어1,12,20170808,20250112
마포구,교습소,홍대앞사회교습소,서울특별시 마포구 와우산로 128-1,입시.검정 및 보습,보통교과,고등사회1,32,20170804,20231018
송파구,학원,리나앤리노발레학원,서울특별시 송파구 오금로32길 48,예능(대),예능(중),"무용,",44,20170808,20231018
성동구,학원,왕십리뮤엠영어학원,서울특별시 성동구 무학로 33,입시.검정 및 보습,보통교과,보습,316,20170809,20260607
강서구,교습소,크레용미술교습소,서울특별시 강서구 마곡서1로 100,예능(대),예능(중),초등미술,6,20170803,20250928
양천구,학원,금비미술2관학원,서울특별시 양천구 목동서로 349,예능(대),예능(중),,154,20170807,20231018
강서구,교습소,크리아트강서마곡교육원미술교습소,서울특별시 강서구 방화대로34길 80,예능(대),예능(중),초등미술C,14,20170804,20250831
중랑구,교습소,지슬영독서논술교습소,서울특별시 중랑구 동일로138길 21,입시.검정 및 보습,보통교과,초등논술A반,35,20170809,20260201
강서구,교습소,최강국어교습소,서울특별시 강서구 양천로69길 58,입시.검정 및 보습,보통교과,중등국어,18,20170807,20231018
서대문구,학원,엠아이디댄스학원,서울특별시 서대문구 신촌역로 22-8,예능(대),예능(중),무용,144,20170727,20250928
강남구,학원,해율국악학원,서울특별시 강남구 개포로22길 72,종합(대),예능(중),"보습,음악",22,20170810,20250713
양천구,학원,시작독서실,서울특별시 양천구 목동서로 133-2,독서실,독서,독서실(유아/초?중?고),1996,20170808,20240128
강서구,학원,에이스간호학원,서울특별시 강서구 공항대로 329,직업기술,간호보조기술,"간호조무사,",90,20170808,20231018
은평구,교습소,효정쌤수학교습소,서울특별시 은평구 통일로83길 15-2,입시.검정 및 보습,보통교과,,72,20170804,20231018
은평구,교습소,비끄아트응암점미술교습소,서울특별시 은평구 응암로20길 30,예능(대),예능(중),고급미술1,32,20170810,20250209
마포구,교습소,내가찾던영어교습소,서울특별시 마포구 모래내로7길 38,입시.검정 및 보습,보통교과,파닉스(phonics),35,20170809,20231018
은평구,학원,이투스수학진관점김지훈관학원,서울특별시 은평구 진관2로 29-21,입시.검정 및 보습,보통교과,보습,80,20170807,20260802
마포구,학원,아이에스이학원,서울특별시 마포구 대흥로 54,입시.검정 및 보습,보통교과,"보습,",180,20170809,20250518
성동구,학원,쌤과통하는수학기탄사고력행당한진학원,서울특별시 성동구 행당로8길 8-1,입시.검정 및 보습,보통교과,보습,450,20170811,20240128
서초구,학원,뷰티랩아카데미학원,서울특별시 서초구 강남대로 615,직업기술,산업응용기술,이?미용,320,20170814,20240908
양천구,학원,영어설계소원격학원,서울특별시 양천구 목동로19길 11,입시.검정 및 보습,보통교과,보습,10000,20170811,20260201
강동구,교습소,신명스칼렛뮤엠영어교습소,서울특별시 강동구 명일로 261,입시.검정 및 보습,보통교과,"초등영어White(4주)(주5회,회60분)",54,20170814,20260201
양천구,교습소,미래엔롯데캐슬영어교습소,서울특별시 양천구 중앙로29길 61,입시.검정 및 보습,보통교과,영어1(초등),49,20170816,20251005
송파구,교습소,다채로운미술교습소,서울특별시 송파구 송이로 239,예능(대),예능(중),,18,20170816,20250727
송파구,학원,가락작심독서실,서울특별시 송파구 오금로 410,독서실,독서,"독서실(유아/초?중?고),",400,20170816,20231018
서초구,학원,링구아엠영어전문학원,서울특별시 서초구 서초중앙로31길 14-9,입시.검정 및 보습,보통교과,"보습,",24,20170817,20250518
성동구,교습소,백샘독서논술교습소,서울특별시 성동구 상원길 54,입시.검정 및 보습,보통교과,초등1,36,20170817,20231018
양천구,학원,커스텀(CUSTOM)수학학원,서울특별시 양천구 목동서로 77,입시.검정 및 보습,보통교과,보습?논술,0,20170811,20240609
양천구,학원,포텐학원,서울특별시 양천구 목동동로14길 6-1,입시.검정 및 보습,보통교과,"보습?논술,",48,20170811,20231018
서대문구,교습소,북성뮤엠영어교습소,서울특별시 서대문구 북아현로1길 50,입시.검정 및 보습,보통교과,화이트코스(초등영어),96,20170818,20231018
성북구,교습소,정릉차쌤논술교습소,서울특별시 성북구 서경로 30,입시.검정 및 보습,보통교과,초등독서논술,20,20170809,20250112
성북구,학원,위너스영어학원,서울특별시 성북구 삼양로13길 45,입시.검정 및 보습,보통교과,"보습?논술,",210,20170817,20231018
노원구,학원,제타영어학원,서울특별시 노원구 덕릉로 589,입시.검정 및 보습,보통교과,"보습,",94,20170821,20231018
강서구,학원,에스오에스(SOS)영어쎈수학학원,서울특별시 강서구 우현로 13,입시.검정 및 보습,보통교과,"보습,",133,20170818,20231018
송파구,학원,씨엔씨씨(CNCC)학원,서울특별시 송파구 올림픽로12길 16,예능(대),예능(중),"미술,",40,20170817,20231018
노원구,교습소,중계수암스마트해법영어교습소,서울특별시 노원구 중계로8길 29,입시.검정 및 보습,보통교과,초등영어1(방학특강),24,20170822,20260621
도봉구,학원,아이창동놀이학원,서울특별시 도봉구 도봉로136가길 4,기타(대),기타(중),"기타(소),",48,20170822,20250601
서초구,교습소,비끄아트서초우면점미술교습소,서울특별시 서초구 양재대로2길 100-11,예능(대),예능(중),미술,99,20170824,20250413
은평구,학원,대치퀀텀수학학원,서울특별시 은평구 연서로21길 8,입시.검정 및 보습,보통교과,보습?논술,55,20170816,20260208
마포구,학원,매쓰스퀘어학원,서울특별시 마포구 망원로 52,입시.검정 및 보습,보통교과,"보습,",60,20170822,20231018
영등포구,학원,서울앤(&)이화음악학원,서울특별시 영등포구 선유서로 117,예능(대),예능(중),"음악,",60,20170824,20231018
광진구,학원,광진세이(SAY)미술학원,서울특별시 광진구 천호대로 579,예능(대),예능(중),미술,442,20170824,20250720
노원구,학원,더올림(노원)학원,서울특별시 노원구 한글비석로 460,입시.검정 및 보습,보통교과,"보습,",240,20170825,20231018
강동구,학원,프라임에듀학원,서울특별시 강동구 천중로15가길 1,입시.검정 및 보습,보통교과,,30,20170824,20250803
광진구,학원,오르다샘앤클래스광진광장학원,서울특별시 광진구 광나루로 582,기타(대),기타(중),"기타(소),",188,20170825,20231018
성북구,교습소,와이비엠(YBM)월곡영어교습소,서울특별시 성북구 오패산로 46,입시.검정 및 보습,보통교과,초등영어,21,20170825,20231018
송파구,교습소,리베피아노음악교습소,서울특별시 송파구 위례광장로 188,예능(대),예능(중),"실용피아노A(4주)(주2회, 회60분)",54,20170825,20260201
강남구,교습소,줌매쓰1(ZOOM MATH 1)수학교습소,서울특별시 강남구 삼성로 151,입시.검정 및 보습,보통교과,,9,20170828,20231018
강남구,교습소,잉글리쉬로드영어교습소,서울특별시 강남구 삼성로 151,입시.검정 및 보습,보통교과,,9,20170828,20240602
구로구,학원,파머스영어개봉학원,서울특별시 구로구 개봉로16길 21,입시.검정 및 보습,보통교과,보습?논술,70,20170828,20260712
용산구,교습소,아트스토리(ArtsStory)미술교습소,서울특별시 용산구 이촌로 248,예능(대),예능(중),드로잉미술,9,20170825,20251005
송파구,학원,더로얄발레학원,서울특별시 송파구 위례광장로 188,예능(대),예능(중),무용,62,20170829,20240428
영등포구,학원,이유제과제빵커피학원,서울특별시 영등포구 당산로 237,직업기술,산업응용기술,"식음료품(바리스타,소믈리에)",274,20081028,20250601
송파구,학원,이화라스칼라발레학원,서울특별시 송파구 위례광장로 200,예능(대),예능(중),"무용,",30,20170829,20250928
중랑구,교습소,영아트갤러리미술교습소,서울특별시 중랑구 동일로138길 19,예능(대),예능(중),고급심화,25,20170829,20251123
관악구,학원,영어사관학원,서울특별시 관악구 남부순환로 1646,입시.검정 및 보습,보통교과,"보습,",114,20170828,20231018
송파구,학원,온더데스크위례관리형독서실,서울특별시 송파구 위례광장로 188,독서실,독서,독서실(유아/초?중?고),200,20170829,20260329
은평구,학원,와와학습코칭학원,서울특별시 은평구 진관2로 29-21,입시.검정 및 보습,보통교과,보습,1208,20170825,20260712
은평구,학원,이앤에프영어학원,서울특별시 은평구 증산로15길 70,입시.검정 및 보습,보통교과,보습,360,20170823,20250831
송파구,학원,삼성영어위례학원,서울특별시 송파구 위례광장로 188,입시.검정 및 보습,보통교과,보습,50,20170829,20250126
양천구,교습소,행복한그림쟁이미술교습소,서울특별시 양천구 화곡로3길 19,예능(대),예능(중),초중미술1,72,20170830,20260201
동대문구,교습소,수학의달인배봉점수학교습소,서울특별시 동대문구 사가정로 190,입시.검정 및 보습,보통교과,초등수학(1~3),12,20170830,20240317
영등포구,교습소,그림그리는아이들아뜨리에미술교습소,서울특별시 영등포구 선유로27길 2,예능(대),예능(중),창의미술(일90분*주2회*4.2주),36,20170830,20231018
도봉구,교습소,그림정원미술교습소,서울특별시 도봉구 마들로 624,예능(대),예능(중),미술A,14,20170831,20231018
도봉구,학원,독서테라피리드인학원,서울특별시 도봉구 노해로 341,입시.검정 및 보습,보통교과,보습?논술,138,20170831,20260329
성동구,교습소,멘사N플레이팩토창의사고력교습소,서울특별시 성동구 상원길 54,기타(대),기타(중),창의1,15,20170831,20231018
광진구,학원,씽크인아트미술학원,서울특별시 광진구 용마산로3길 99,예능(대),예능(중),,40,20170831,20231018
송파구,학원,윤선생아이지에스이아카데미(Igse Academy)위례학원,서울특별시 송파구 위례광장로 188,입시.검정 및 보습,보통교과,보습,60,20170901,20260614
서대문구,교습소,윈영어교습소,서울특별시 서대문구 통일로 467,입시.검정 및 보습,보통교과,"중등수학(1,2,3학년)",18,20170831,20231018
영등포구,학원,오르다샘앤클래스영등포당산학원,서울특별시 영등포구 당산로44길 3,기타(대),기타(중),"기타(소),",8,20170901,20260315
마포구,학원,프랜시스파커어학원,서울특별시 마포구 월드컵북로5길 59,국제화,외국어,실용외국어(유아/초?중?고),48,20170831,20260802
마포구,학원,에듀플렉스에듀코치개별지도공덕2학원,서울특별시 마포구 백범로 134-1,입시.검정 및 보습,보통교과,보습,795,20170823,20250803
양천구,교습소,예스영어교습소,서울특별시 양천구 월정로 66,입시.검정 및 보습,보통교과,,27,20170904,20260329
강남구,학원,엘피(LP)보컬학원,서울특별시 강남구 강남대로114길 10,기예(대),기예(중),실용음악(성악),128,20170830,20251109
영등포구,교습소,스콜레영어교습소,서울특별시 영등포구 여의대방로35길 6,입시.검정 및 보습,보통교과,영어초등A(일80분*주4회*4.2주),56,20170904,20250330
영등포구,학원,이아이이(EIE)고려대국제영어미래엔수학학원,서울특별시 영등포구 선유로 52,입시.검정 및 보습,보통교과,보습,59,20170904,20260712
구로구,학원,뉴칼리지학원,서울특별시 구로구 오리로22길 12,입시.검정 및 보습,보통교과,보습,144,20170904,20260201
강남구,학원,조은모수학학원,서울특별시 강남구 역삼로 444,입시.검정 및 보습,보통교과,보습?논술,105,20170807,20250622
서초구,학원,소미아트서초센터학원,서울특별시 서초구 서초중앙로33길 14,예능(대),예능(중),미술,24,20170821,20250223
양천구,교습소,릴리의똑소리영어교습소,서울특별시 양천구 목동중앙북로16길 46-6,입시.검정 및 보습,보통교과,,16,20170906,20231018
송파구,학원,더블?음악학원,서울특별시 송파구 위례광장로 188,예능(대),예능(중),음악,50,20170905,20260201
노원구,학원,케이엠에듀(KMEdu)수학학원,서울특별시 노원구 한글비석로8길 29,입시.검정 및 보습,보통교과,보습,174,20170908,20260809
광진구,교습소,뿌리미술교습소,서울특별시 광진구 아차산로59길 42,예능(대),예능(중),미술,10,20170906,20231231
노원구,학원,스타메디간호학원,서울특별시 노원구 동일로 1372,직업기술,간호보조기술,간호조무사,1005,20140905,20260809
강동구,교습소,함쌤수학교습소,서울특별시 강동구 양재대로91길 71,입시.검정 및 보습,보통교과,"초등(주3회,회120분)",36,20170904,20250727
성북구,학원,쎈탑수학전문학원,서울특별시 성북구 오패산로3길 47,입시.검정 및 보습,보통교과,보습?논술,189,20170905,20251109
성북구,학원,동소문점와와학습코칭학원,서울특별시 성북구 아리랑로7길 5,입시.검정 및 보습,보통교과,,234,20170904,20241006
송파구,교습소,다올피아노교습소,서울특별시 송파구 오금로27길 41,예능(대),예능(중),"기초(주5회,회당50분)",6,20170907,20250727
양천구,학원,셀프스터디수학학원,서울특별시 양천구 중앙로32길 61,입시.검정 및 보습,보통교과,"보습,",180,20170907,20231018
서초구,교습소,이김김소연영어교습소,서울특별시 서초구 서초대로34길 19,입시.검정 및 보습,보통교과,,36,20170907,20231018
광진구,교습소,수피아노음악교습소,서울특별시 광진구 용마산로16길 5,예능(대),예능(중),플릇,89,20170908,20231018
마포구,학원,신줄리어드음악학원,서울특별시 마포구 큰우물로 39-4,예능(대),예능(중),음악,225,20170908,20240225
노원구,교습소,폴리아수학교습소,서울특별시 노원구 한글비석로 254,입시.검정 및 보습,보통교과,고등A수학,16,20170914,20240609
광진구,학원,FTA독서실,서울특별시 광진구 광나루로56길 85,독서실,독서,,73,20170911,20260215
마포구,학원,프로보컬인스티튜트학원,서울특별시 마포구 성미산로 195,기예(대),기예(중),"실용음악(성악),",13,20100121,20231018
도봉구,학원,모차르트음악학원,서울특별시 도봉구 마들로 859-19,예능(대),예능(중),음악,484,20170912,20260705
송파구,교습소,글로벌닛시초중고영어교습소,서울특별시 송파구 동남로 209,입시.검정 및 보습,보통교과,,28,20170912,20250727
강서구,학원,두드림국어학원,서울특별시 강서구 강서로 289,입시.검정 및 보습,보통교과,보습?논술,244,20170914,20260201
강서구,학원,엠코딩랩학원,서울특별시 강서구 마곡중앙5로 81,기타(대),기타(중),"로봇,",195,20170913,20250601
서초구,교습소,아르코음악교습소,서울특별시 서초구 신반포로15길 29,예능(대),예능(중),초급,6,20170831,20231018
서초구,학원,코프디자인플로리스트학원,서울특별시 서초구 강남대로18길 5,기예(대),기예(중),"공예(종이접기,꽃꽂이,꽃기예),",31,20170915,20231018
서초구,교습소,연세리체음악교습소,서울특별시 서초구 서초중앙로 238,예능(대),예능(중),,12,20170916,20231018
서초구,교습소,카머(kammer)기타교습소,서울특별시 서초구 서초대로65길 13-18,예능(대),예능(중),초급,12,20170915,20231018
서초구,교습소,연세루첸음악교습소,서울특별시 서초구 사평대로45길 10-25,예능(대),예능(중),,21,20170828,20231018
서초구,학원,릴드당스발레학원,서울특별시 서초구 서초대로26길 19,기예(대),기예(중),"무용(전통무용,현대무용)",227,20170916,20260426
서초구,학원,생각하는황소서초2관학원,서울특별시 서초구 고무래로10길 26,입시.검정 및 보습,보통교과,보습?논술,24,20170821,20231113
서초구,학원,광태수학학원,서울특별시 서초구 신반포로 219,입시.검정 및 보습,보통교과,"보습?논술,",140,20170824,20231018
강남구,학원,더끌림미술학원,서울특별시 강남구 선릉로 414,예능(대),예능(중),미술,580,20170829,20260329
서초구,학원,에스(S)학원,서울특별시 서초구 반포대로 300,입시.검정 및 보습,보통교과,,140,20170912,20231018
서초구,학원,생각하는두꺼비수학4관학원,서울특별시 서초구 신반포로 189,입시.검정 및 보습,보통교과,"보습?논술,",210,20170916,20240908
송파구,교습소,꿈을이루는스피치독서논술교습소,서울특별시 송파구 양산로 14,입시.검정 및 보습,보통교과,"초등논술(주1회,회60분)",126,20170915,20250727
은평구,교습소,3060100수학교습소,서울특별시 은평구 진관4로 107,입시.검정 및 보습,보통교과,초등수학,24,20170913,20260201
강동구,학원,비욘드어드밴스트학원,서울특별시 강동구 아리수로50길 50,입시.검정 및 보습,보통교과,보습,112,20170918,20240225
양천구,학원,씨앤씨11관학원,서울특별시 양천구 목동서로 389,입시.검정 및 보습,보통교과,보습,432,20170918,20260426
서초구,학원,김영편입연고대전문관학원,서울특별시 서초구 서초대로78길 48,인문사회(대),인문사회(중),대학편입,10784,20170904,20260607
양천구,학원,목동퀸즈학원,서울특별시 양천구 신목로7길 9,입시.검정 및 보습,보통교과,보습?논술,122,20170918,20260208
노원구,교습소,돌핀수학교습소,서울특별시 노원구 노원로 547,입시.검정 및 보습,보통교과,중등수학,27,20170919,20240908
영등포구,교습소,정쌤수학교습소,서울특별시 영등포구 선유서로 67,입시.검정 및 보습,보통교과,초등수학(일60분*주5회*4.2주),18,20170919,20231018
동대문구,교습소,그리다미술교습소,서울특별시 동대문구 장한로32길 19,예능(대),예능(중),미술고급1,45,20170920,20240623
노원구,학원,홍재룡수학전문학원,서울특별시 노원구 한글비석로 281,입시.검정 및 보습,보통교과,,102,20170925,20231018
서초구,학원,최우식과학전문학원,서울특별시 서초구 신반포로3길 8,입시.검정 및 보습,보통교과,,38,20170925,20231018
서초구,학원,그린램프라이브러리서초캠퍼스독서실,서울특별시 서초구 효령로 190,독서실,독서,"독서실(유아/초?중?고),",162,20170925,20250928
도봉구,학원,토즈스터디센터쌍문역독서실,서울특별시 도봉구 도봉로 468,독서실,독서,"독서실(유아/초?중?고),",190,20170926,20231018
서대문구,교습소,덴켄미술교습소,서울특별시 서대문구 증가로10길 36-12,예능(대),예능(중),,24,20170926,20260201
노원구,학원,그린램프라이브러리중계캠퍼스독서실,서울특별시 노원구 한글비석로 265,독서실,독서,,226,20170927,20231018
동대문구,학원,드릴스터디학원,서울특별시 동대문구 한천로 264,입시.검정 및 보습,보통교과,,60,20170926,20251005
성북구,학원,미래탐구성북제3학원,서울특별시 성북구 동소문로 248,입시.검정 및 보습,보통교과,보습?논술,892,20170918,20260405
강남구,학원,비이케이프렙에이(BEK PREP-A)학원,서울특별시 강남구 역삼로 244,종합(대),,"실용외국어(유아/초?중?고),음악,진학상담지도",304,20170927,20260621
양천구,교습소,빈센트미술교습소,서울특별시 양천구 목동동로12길 48-1,예능(대),예능(중),미술1(초등),15,20170927,20240616
양천구,교습소,올댓뮤직(All That Music)피아노음악교습소,서울특별시 양천구 중앙로32길 77,예능(대),예능(중),P?S?A피아노(입시),12,20170927,20231018
송파구,학원,아카데미라운지풍납독서실,서울특별시 송파구 토성로 59,독서실,독서,"독서실(유아/초?중?고),",1248,20170928,20231018
은평구,학원,펠톤영어학원,서울특별시 은평구 진관2로 29-21,입시.검정 및 보습,보통교과,보습,48,20170928,20240331
강서구,학원,남예림무용아카데미학원,서울특별시 강서구 마곡중앙5로 81,예능(대),예능(중),무용,34,20170929,20231029
은평구,교습소,지엠수학교습소,서울특별시 은평구 응암로14길 26-1,입시.검정 및 보습,보통교과,초등수학,9,20170928,20231018
영등포구,교습소,마음을담은미술교습소,서울특별시 영등포구 도신로60길 18,예능(대),예능(중),미술(일130분*주1회*4.2주),15,20170929,20260816
은평구,학원,마리뮤즈음악학원,서울특별시 은평구 연서로27길 29,예능(대),예능(중),음악,135,20170922,20241006
은평구,학원,신사투탑학원,서울특별시 은평구 은평터널로 137,입시.검정 및 보습,보통교과,보습,72,20170928,20260301
은평구,학원,토즈스터디센터구파발독서실,서울특별시 은평구 진관2로 29-21,독서실,독서,독서실(유아/초?중?고),136,20170928,20260208
강서구,교습소,아트아이창작소미술교습소,서울특별시 강서구 공항대로 124,예능(대),예능(중),드로잉반(미술),45,20170926,20260301
강서구,교습소,모아미술창작소미술교습소,서울특별시 강서구 화곡로13길 100,예능(대),예능(중),창의미술,45,20170929,20231018
송파구,교습소,대성왕수학교습소,서울특별시 송파구 오금로 252,입시.검정 및 보습,보통교과,,2,20170928,20231018
송파구,학원,뮤직슐레실용음악학원,서울특별시 송파구 위례광장로 200,예능(대),예능(중),음악,250,20170928,20250622
강동구,교습소,생각깊은국어교습소,서울특별시 강동구 올림픽로93길 36,입시.검정 및 보습,보통교과,"국어초등4.2(주1회,회60분)",30,20170927,20250727
서초구,학원,방배맑은숲국어논술전문학원,서울특별시 서초구 효령로 229,입시.검정 및 보습,보통교과,보습?논술,30,20171010,20240609
강남구,학원,에임과학(AimSCIENCE)학원,서울특별시 강남구 압구정로 140,입시.검정 및 보습,보통교과,보습?논술,225,20171010,20251214
강남구,학원,효성수학학원,서울특별시 강남구 삼성로 313,입시.검정 및 보습,보통교과,보습?논술,231,20171010,20250330
성북구,학원,영재사관학원,서울특별시 성북구 종암로 120,입시.검정 및 보습,보통교과,보습?논술,180,20170905,20250309
강남구,학원,아트포스유학미술학원,서울특별시 강남구 선릉로86길 7,예능(대),예능(중),미술,266,20171010,20250928
송파구,교습소,마천국어교습소,서울특별시 송파구 마천로59길 7,입시.검정 및 보습,보통교과,"초등국어(4.2주)(주1회,회145분)",12,20171010,20250727
송파구,교습소,윤샘수학교습소,서울특별시 송파구 가락로 139-1,입시.검정 및 보습,보통교과,,22,20171010,20250727
광진구,학원,몬스터어학원,서울특별시 광진구 아차산로 463,국제화,,"실용외국어(유아/초?중?고),",0,20171010,20251214
강동구,교습소,에이블영어교습소,서울특별시 강동구 구천면로 494-1,입시.검정 및 보습,보통교과,"초등영어(주3회,회100분)",10,20171011,20231018
서초구,교습소,메티스수학교습소,서울특별시 서초구 서초대로 240,입시.검정 및 보습,보통교과,,36,20171011,20231018
강남구,교습소,두원국어교습소,서울특별시 강남구 선릉로64길 15-8,입시.검정 및 보습,보통교과,"초1,2",12,20171011,20231018
마포구,학원,커스사운드미디작곡학원&디제잉학원,서울특별시 마포구 양화로10길 49,기예(대),기예(중),실용음악(성악),48,20170929,20250803
마포구,학원,키즈스피치마루지학원,서울특별시 마포구 마포대로 201,기타(대),기타(중),웅변,56,20170929,20240707
마포구,교습소,드럼드럼드럼스드럼교습소,서울특별시 마포구 서강로9길 24,예능(대),예능(중),드럼(초급),15,20170928,20231018
마포구,교습소,메이크존로봇교습소,서울특별시 마포구 큰우물로 4,기타(대),기타(중),,18,20170905,20240317
양천구,교습소,엠제이(MJ)수학교습소,서울특별시 양천구 목동동로 59,입시.검정 및 보습,보통교과,초등수학A,15,20171011,20231018
강남구,학원,네오캣(NEO CAT)미술학원,서울특별시 강남구 선릉로 422,예능(대),예능(중),"미술,",1080,20171013,20250706
성북구,학원,오르다샘앤클래스성북종암학원,서울특별시 성북구 종암로27길 13,기타(대),기타(중),기타(소),80,20170906,20241006
노원구,학원,어썸잉글리쉬중계브랜치학원,서울특별시 노원구 중계로 217,입시.검정 및 보습,보통교과,보습,24,20171017,20260607
송파구,학원,길미술학원,서울특별시 송파구 오금로40길 40,예능(대),예능(중),미술,30,20171013,20260329
성동구,교습소,파고다차이랑행당중국어교습소,서울특별시 성동구 행당로15길 2,국제화,외국어,중국어10(HSK),81,20171016,20240331
양천구,교습소,정목독서논술교습소,서울특별시 양천구 목동중앙로3길 30-5,입시.검정 및 보습,보통교과,쓰기반2,9,20171016,20251123
양천구,교습소,글로크는아이들논술교습소,서울특별시 양천구 목동동로 391,입시.검정 및 보습,보통교과,초등논술1,18,20171016,20260405
강서구,학원,내발산점와와학습코칭학원,서울특별시 강서구 마곡중앙4로 74,입시.검정 및 보습,보통교과,"보습,",264,20171016,20240908
성북구,학원,돈암점와와학습코칭학원,서울특별시 성북구 동소문로 190,입시.검정 및 보습,보통교과,보습?논술,120,20170912,20251116
서초구,학원,수학에미친사람들방배관학원,서울특별시 서초구 동광로 11,입시.검정 및 보습,보통교과,보습?논술,244,20171017,20260329
동대문구,학원,기파랑문해원동대문전농원학원,서울특별시 동대문구 전농로 109,입시.검정 및 보습,보통교과,보습,0,20171016,20260201
성북구,교습소,로기까트논술교습소,서울특별시 성북구 아리랑로5길 5,입시.검정 및 보습,보통교과,초등논술A,20,20171016,20231018
성북구,교습소,하모니음악교습소,서울특별시 성북구 종암로11길 27,예능(대),예능(중),피아노초급A,25,20171016,20231018
중랑구,교습소,에이스아이비아카데미영어교습소,서울특별시 중랑구 봉화산로56길 123,입시.검정 및 보습,보통교과,초등영어(주3회),24,20171017,20231018
성북구,학원,감성수학학원,서울특별시 성북구 정릉로26길 21,입시.검정 및 보습,보통교과,보습,204,20171011,20250209
강남구,교습소,씨앤피(CNP)영어교습소,서울특별시 강남구 선릉로 328,입시.검정 및 보습,보통교과,초등A,10,20171017,20240526
구로구,학원,빠삐용미술학원,서울특별시 구로구 공원로 91,예능(대),예능(중),미술,0,20171017,20231105
양천구,교습소,라플라스수학교습소,서울특별시 양천구 목동서로 57,입시.검정 및 보습,보통교과,고1수학,9,20171018,20231018
강서구,학원,한우리독서토론논술학원,서울특별시 강서구 수명로 68-23,입시.검정 및 보습,보통교과,보습?논술,100,20171018,20260802
관악구,교습소,최고수학교습소,서울특별시 관악구 관악로30길 19,입시.검정 및 보습,보통교과,초등수학1,49,20171019,20231018
양천구,학원,하이브매쓰수학학원,서울특별시 양천구 목동중앙남로 7,입시.검정 및 보습,보통교과,보습,18,20171018,20251214
강서구,학원,펄스실용음악학원,서울특별시 강서구 양천로69길 11,예능(대),예능(중),음악,27,20171018,20260308
광진구,학원,원클래스라이브러리구의점독서실,서울특별시 광진구 구의강변로 86,독서실,독서,"독서실(유아/초?중?고),",385,20171020,20231018
서초구,학원,에스비에스(SBS)아카데미에이아이엑스(AIX)강남2캠퍼스학원,서울특별시 서초구 서초대로77길 3,직업기술,컴퓨터,"전산회계,컴퓨터(정보처리,통신기기,인터넷,소프트웨어)",4040,20171018,20260809
서초구,학원,제이디엠영어학원,서울특별시 서초구 반포대로 287,입시.검정 및 보습,보통교과,"보습?논술,",150,20171019,20231018
강남구,학원,더킹고등수학전문학원,서울특별시 강남구 역삼로 415,입시.검정 및 보습,보통교과,보습?논술,612,20171016,20260329
강남구,학원,뮤닥터댄스학원,서울특별시 강남구 강남대로94길 70,기예(대),기예(중),,30,20171023,20231018
성북구,교습소,영웅음악교습소,서울특별시 성북구 솔샘로25길 20,예능(대),예능(중),피아노(바이엘),30,20171019,20231018
서초구,학원,서초네이처학원,서울특별시 서초구 태봉로2길 60,입시.검정 및 보습,보통교과,"보습?논술,",40,20171023,20231018
강북구,교습소,다움미술교습소,서울특별시 강북구 오패산로30길 30,예능(대),예능(중),초급1,18,20171023,20260215
서초구,학원,수학을삼키다2관학원,서울특별시 서초구 동광로 1,입시.검정 및 보습,,"보습,",70,20171023,20231018
강북구,교습소,수학톡톡수학교습소,서울특별시 강북구 오패산로30길 30,입시.검정 및 보습,보통교과,초등수학A,54,20171024,20260621
서대문구,학원,이가수학학원,서울특별시 서대문구 거북골로 105,입시.검정 및 보습,보통교과,보습,52,20171019,20260201
은평구,학원,타일인기술학원,서울특별시 은평구 갈현로 57,직업기술,산업서비스,미장,702,20171018,20260809
강남구,학원,하이퍼리뷰학원,서울특별시 강남구 선릉로68길 18,입시.검정 및 보습,진학지도,진학상담지도,80,20171026,20260426
도봉구,교습소,조아름수학교습소,서울특별시 도봉구 마들로 624,입시.검정 및 보습,보통교과,초등수학,24,20171027,20260201
송파구,학원,페이스프렙(Faithprep)영어전문학원,서울특별시 송파구 삼전로9길 8,입시.검정 및 보습,보통교과,"보습,",200,20171026,20240331
종로구,학원,해커스공인중개사주택관리사학원,서울특별시 종로구 인사동길 12,인문사회(대),인문사회(중),성인고시,2660,20171026,20260809
강남구,학원,필즈더클래식학원,서울특별시 강남구 도곡로99길 16,입시.검정 및 보습,보통교과,보습?논술,156,20171025,20250831
구로구,학원,토즈스터디센터천왕독서실,서울특별시 구로구 천왕로 36,독서실,독서,"독서실(유아/초?중?고),",102,20171025,20231018
마포구,학원,코리아요리아트아카데미학원,서울특별시 마포구 양화로 165,직업기술,산업응용기술,"식음료품(바리스타,소믈리에)",498,20171026,20260628
마포구,학원,코리아에이아이(AI)아카데미학원,서울특별시 마포구 서강로 136,직업기술,컴퓨터,컴퓨터,2546,20171025,20260712
강남구,교습소,대치베리타스(VERITAS)영어교습소,서울특별시 강남구 선릉로64길 36,국제화,외국어,영어초등A(잉글리시아이),9,20171019,20260802
강동구,학원,TED서울영어학원,서울특별시 강동구 동남로71길 38,입시.검정 및 보습,보통교과,,70,20171026,20250112
서대문구,교습소,블루오션영어교습소,서울특별시 서대문구 거북골로 120,입시.검정 및 보습,보통교과,초등영어,27,20171027,20231018
영등포구,학원,본영어수학학원,서울특별시 영등포구 신풍로 113,입시.검정 및 보습,보통교과,보습,80,20171027,20250608
강동구,학원,강동청산학원,서울특별시 강동구 양재대로 1606,입시.검정 및 보습,보통교과,보습,210,20171026,20260607
강동구,학원,수학을연구하는사람들학원,서울특별시 강동구 양재대로 1377,입시.검정 및 보습,보통교과,"보습,",150,20171023,20250112
중랑구,학원,그림상자미술학원,서울특별시 중랑구 공릉로12가길 52,예능(대),예능(중),미술,66,20171027,20260719
중랑구,학원,중앙애견미용학원,서울특별시 중랑구 면목로 377,직업기술,일반서비스,애견미용,618,20171101,20250720
강남구,학원,대치파인만고등2관학원,서울특별시 강남구 삼성로 212,입시.검정 및 보습,보통교과,보습?논술,140,20260223,20260301
강서구,학원,플레이팩토점핑수학학원,서울특별시 강서구 공항대로41길 65,입시.검정 및 보습,보통교과,보습?논술,45,20171030,20260215
금천구,학원,에스엘아카데미학원,서울특별시 금천구 디지털로 130,종합(대),,"기계,컴퓨터(정보처리,통신기기,인터넷,소프트웨어),",1320,20160509,20250112
송파구,교습소,설스트링음악교습소,서울특별시 송파구 가락로 208,예능(대),예능(중),"실용음악A(4주)(주2회,회70분)",16,20171031,20260208
송파구,교습소,플라이잉글리쉬(Fly English)영어교습소,서울특별시 송파구 송이로 239,입시.검정 및 보습,보통교과,,10,20171030,20231018
강북구,교습소,앎의기쁨수학교습소,서울특별시 강북구 삼양로19길 102,입시.검정 및 보습,보통교과,초등수학A,120,20171031,20231018
은평구,학원,엑시엄수학과학학원,서울특별시 은평구 응암로 307-1,입시.검정 및 보습,보통교과,"보습,",240,20171026,20250928
서대문구,학원,아인음악학원,서울특별시 서대문구 이화여대8길 62,예능(대),예능(중),"음악,",40,20171030,20231018
동작구,학원,제우스에듀원격학원,서울특별시 동작구 노량진로23가길 23,입시.검정 및 보습,보통교과,"보습,",0,20171101,20240908
강남구,학원,띵킹(Think-Eng)어학원,서울특별시 강남구 선릉로64길 15-8,국제화,외국어,실용외국어(유아/초?중?고),392,20171101,20251019
관악구,학원,오드와이댄스학원,서울특별시 관악구 법원단지길 10,기예(대),기예(중),댄스,882,20171101,20250727
서초구,교습소,반포뉴딜수학교습소,서울특별시 서초구 신반포로 177,입시.검정 및 보습,보통교과,수학(초등),40,20171101,20260426
용산구,학원,찰리스2관어학원,서울특별시 용산구 독서당로35길 12,국제화,외국어,실용외국어(유아/초?중?고),96,20171002,20250629
강남구,학원,기파랑문해원대치원글쓰기센터학원,서울특별시 강남구 선릉로64길 18,입시.검정 및 보습,보통교과,보습?논술,182,20171101,20260607
노원구,학원,마이스터제과제빵학원,서울특별시 노원구 상계로7길 13,직업기술,산업응용기술,"식음료품(바리스타,소믈리에)",188,20171102,20250629
성북구,교습소,그림집미술교습소,서울특별시 성북구 종암로23길 17-11,예능(대),예능(중),미술A,56,20171102,20260607
강동구,학원,참좋은2관학원,서울특별시 강동구 성안로 13,입시.검정 및 보습,보통교과,보습,80,20171101,20260201
양천구,학원,발레뜨망학원,서울특별시 양천구 목동로25길 16,기예(대),기예(중),,72,20171102,20250727
서대문구,학원,어썸팩토리연희플레이스독서실,서울특별시 서대문구 연희로12길 34,독서실,독서,"독서실(유아/초?중?고),",126,20171102,20231018
강동구,교습소,상상나무미술교습소,서울특별시 강동구 상암로 133,예능(대),예능(중),,6,20171102,20250727
중구,교습소,홍미술교습소,서울특별시 중구 다산로 32,예능(대),예능(중),미술1,9,20171102,20250720
동작구,교습소,케이투(K2)영어교습소,서울특별시 동작구 상도로 273,입시.검정 및 보습,보통교과,(고등)영어A,45,20171103,20231018
동작구,교습소,김지현영어교습소,서울특별시 동작구 상도로 273,입시.검정 및 보습,보통교과,(초등)영어,8,20171103,20231018
강서구,학원,강서펜타곤학원,서울특별시 강서구 마곡중앙5로 81,입시.검정 및 보습,보통교과,"보습,",160,20171103,20231018
강서구,학원,예우선원아카데미학원,서울특별시 강서구 강서로45길 29,입시.검정 및 보습,보통교과,보습,72,20171103,20260201
서초구,학원,골든캠퍼스학원,서울특별시 서초구 사임당로17길 60,직업기술,경영?사무관리,"부동산,",30,20171102,20231018
강남구,학원,아트브루학원,서울특별시 강남구 논현로 409,기예(대),기예(중),"미술,",20,20171102,20231018
노원구,교습소,책통수학교습소,서울특별시 노원구 한글비석로15길 48,입시.검정 및 보습,보통교과,초등수학,21,20171103,20260802
은평구,학원,구산점와와학습코칭학원,서울특별시 은평구 연서로 130,입시.검정 및 보습,보통교과,"보습,",1440,20171030,20231018
은평구,학원,대치명인은평학원,서울특별시 은평구 연서로19길 10,입시.검정 및 보습,보통교과,보습?논술,334,20171030,20260329
광진구,학원,은섬학원,서울특별시 광진구 용마산로 116,입시.검정 및 보습,보통교과,보습,288,20171106,20250803
송파구,학원,(주)폴리인스퍼레이션원격교습학원,서울특별시 송파구 송파대로 111,기타(대),기타(중),기타(소),13120,20130913,20260301
마포구,학원,제이케이고등관학원,서울특별시 마포구 백범로 106,입시.검정 및 보습,보통교과,보습?논술,1030,20171106,20260607
성북구,학원,메이크잇(makeit)독서실,서울특별시 성북구 정릉로31나길 4,독서실,독서,,95,20171106,20231018
송파구,학원,글서원논술스피치학원,서울특별시 송파구 석촌호수로 135,입시.검정 및 보습,보통교과,"보습?논술,",40,20171107,20231206
서초구,교습소,최영주국어논술교습소,서울특별시 서초구 신반포로 195,입시.검정 및 보습,보통교과,국어논술(초등),9,20171107,20241006
마포구,학원,스쿨오브컬러학원,서울특별시 마포구 월드컵북로 82,직업기술,컴퓨터,,70,20171016,20231018
강북구,교습소,쇼팽피아노(chopin piano)음악교습소,서울특별시 강북구 도봉로38길 27-7,예능(대),예능(중),(초급)바이엘A,80,20171108,20260208
서초구,학원,제니영어학원,서울특별시 서초구 동산로 60,입시.검정 및 보습,보통교과,,24,20171109,20231018
서초구,학원,반포서래보습학원,서울특별시 서초구 사평대로26길 38,입시.검정 및 보습,보통교과,보습?논술,152,20171109,20260329
송파구,학원,올리어학원,서울특별시 송파구 중대로 310,국제화,외국어,실용외국어(유아/초?중?고),46,20171109,20240317
강남구,학원,학고재학원,서울특별시 강남구 도곡로63길 32,입시.검정 및 보습,보통교과,보습?논술,180,20171109,20260329
강남구,학원,디랩코딩학원,서울특별시 강남구 영동대로 229,기타(대),기타(중),소프트웨어,1008,20171109,20260201
은평구,학원,제이린영어학원,서울특별시 은평구 갈현로 270,입시.검정 및 보습,보통교과,보습,65,20171106,20260816
성북구,교습소,길음소나타음악교습소,서울특별시 성북구 길음로9길 40,예능(대),예능(중),피아노(초급),24,20171108,20231018
동대문구,학원,청량대성제넥스학원,서울특별시 동대문구 제기로 131,입시.검정 및 보습,보통교과,보습,310,20171107,20250330
동대문구,학원,청량대성학원,서울특별시 동대문구 제기로 131,입시.검정 및 보습,보통교과,보습,240,20171107,20250309
강동구,학원,채선생국어영어학원,서울특별시 강동구 명일로13길 5,입시.검정 및 보습,보통교과,"보습,",360,20171109,20250112
금천구,학원,뮤엠영어폴리오국어논술유클리드수학전문학원,서울특별시 금천구 벚꽃로 30,입시.검정 및 보습,보통교과,보습,80,20171110,20260426
금천구,학원,차일드유영어학원,서울특별시 금천구 벚꽃로 30,입시.검정 및 보습,보통교과,보습,40,20171110,20241215
서초구,학원,파머스영어학원웰라캠퍼스학원,서울특별시 서초구 동광로 56-12,입시.검정 및 보습,보통교과,보습,20,20171110,20250112
양천구,학원,스마트해법수학해법영어갈산점학원,서울특별시 양천구 목동남로4길 51,입시.검정 및 보습,보통교과,보습,30,20171106,20260712
노원구,학원,카이로스프랩독서실,서울특별시 노원구 덕릉로 712-4,독서실,독서,,224,20171113,20231018
영등포구,학원,뮤즈무용전문학원,서울특별시 영등포구 의사당대로 26,기예(대),기예(중),"댄스,",60,20171110,20231018
영등포구,교습소,더올림수학교습소,서울특별시 영등포구 대방천로 184,입시.검정 및 보습,보통교과,,18,20171113,20231018
강서구,학원,와이키즈강서마곡센터학원,서울특별시 강서구 방화대로 294,기타(대),기타(중),기타(소),51,20171106,20250803
양천구,학원,다원교육수학학원,서울특별시 양천구 목동서로 77,입시.검정 및 보습,보통교과,보습?논술,720,20171114,20260712
마포구,교습소,아뜰리에그림미술교습소,서울특별시 마포구 월드컵로42길 40,예능(대),예능(중),초급미술회화,24,20171114,20260201
영등포구,교습소,그림자리미술교습소,서울특별시 영등포구 도신로58길 25,예능(대),예능(중),,45,20171115,20231018
강남구,학원,강남리더스중고등학원,서울특별시 강남구 헌릉로 569,입시.검정 및 보습,보통교과,보습,116,20171115,20260201
동대문구,학원,캔(CAN)수학전문학원,서울특별시 동대문구 한천로58길 47,입시.검정 및 보습,보통교과,보습,90,20171115,20240908
강동구,학원,강동고스(GOS)에듀국어수학2관학원,서울특별시 강동구 동남로71길 23,입시.검정 및 보습,보통교과,보습,141,20171115,20260607
종로구,학원,브릿지리드인학원,서울특별시 종로구 혜화로 46-1,입시.검정 및 보습,보통교과,보습,80,20171116,20260426
도봉구,학원,제이N제이영어수학전문학원,서울특별시 도봉구 방학로11길 89,입시.검정 및 보습,보통교과,보습,48,20171116,20260712
양천구,학원,더불어숲영어학원,서울특별시 양천구 목동서로 349,입시.검정 및 보습,보통교과,"보습,",0,20171115,20240908
성동구,학원,시크릿수학학원,서울특별시 성동구 무학로 33,입시.검정 및 보습,보통교과,보습,28,20171116,20250914
강동구,교습소,천호조이스감성미술교습소,서울특별시 강동구 천호대로 1077,예능(대),예능(중),"초등초급(4주)(주1회,회50분)",40,20171116,20260712
금천구,학원,찬울음악전문학원,서울특별시 금천구 벚꽃로 30,예능(대),예능(중),음악,65,20171117,20250330
강남구,학원,생각이크는수학학원,서울특별시 강남구 역삼로77길 8,입시.검정 및 보습,보통교과,보습?논술,46,20171120,20250914
서대문구,학원,성인시간관리신촌독서실,서울특별시 서대문구 명물1길 2,독서실,독서,"독서실(일반인),",117,20171117,20231018
강서구,교습소,쏙쏙논술교습소,서울특별시 강서구 강서로16길 88,입시.검정 및 보습,보통교과,초등논술,3,20171114,20231018
마포구,학원,트리플크라운스윙댄스학원,서울특별시 마포구 양화로8길 32-8,기예(대),기예(중),"댄스,",1980,20171020,20231018
마포구,학원,위더스학원,서울특별시 마포구 월드컵북로 185,입시.검정 및 보습,보통교과,보습,160,20171019,20260329
마포구,학원,원픽실용음악학원,서울특별시 마포구 신촌로20길 22,기예(대),기예(중),"실용음악(성악),",60,20171027,20231018
광진구,교습소,키즈파라다이스(KIZPARADISE)영어교습소,서울특별시 광진구 자양로3길 46-10,입시.검정 및 보습,보통교과,초등영어,9,20171115,20240519
광진구,교습소,뮤엠구의영어교습소,서울특별시 광진구 자양로28길 88,입시.검정 및 보습,보통교과,,3,20171117,20231018
광진구,학원,광장스터디뱅크독서실,서울특별시 광진구 아차산로70길 26,독서실,독서,,130,20171120,20231018
양천구,교습소,조치영영어교습소,서울특별시 양천구 목동서로 63,입시.검정 및 보습,보통교과,고3영어,15,20171120,20250126
노원구,교습소,하이스트영어교습소,서울특별시 노원구 한글비석로48길 25,입시.검정 및 보습,,초등영어,6,20171120,20231018
중랑구,교습소,윤선생영어교실우리집앞신내키움영어교습소,서울특별시 중랑구 신내로 45,입시.검정 및 보습,보통교과,초등(저)영어,36,20171120,20231018
서초구,교습소,한길수학교습소,서울특별시 서초구 고무래로 90-7,입시.검정 및 보습,보통교과,,4,20171121,20241215
노원구,학원,기파랑문해원학원,서울특별시 노원구 한글비석로 253,입시.검정 및 보습,보통교과,보습?논술,0,20171123,20260621
송파구,학원,오르다샘앤클래스송파위례장지학원,서울특별시 송파구 위례광장로 188,기타(대),,"기타(소),",160,20171122,20231018
금천구,학원,한동희국어학원,서울특별시 금천구 시흥대로 198,입시.검정 및 보습,보통교과,보습?논술,37,20171123,20250831
송파구,교습소,스카이리더스영어교습소,서울특별시 송파구 위례광장로 188,입시.검정 및 보습,,,15,20171124,20250727
양천구,학원,배남학원,서울특별시 양천구 신월로35길 1,입시.검정 및 보습,보통교과,,36,20171122,20231018
관악구,교습소,연세성악교습소,서울특별시 관악구 인헌6길 16,예능(대),예능(중),성악일반,16,20171124,20231018
은평구,학원,와이비엠잉글루은평은진제1캠퍼스학원,서울특별시 은평구 진관2로 19,입시.검정 및 보습,보통교과,보습,112,20171110,20250112
은평구,교습소,힐링기타교습소,서울특별시 은평구 서오릉로 28,입시.검정 및 보습,예능(중),초급기타,35,20171113,20240602
동대문구,교습소,토브뮤직(TOVMUSIC)음악교습소,서울특별시 동대문구 이문로 64-4,예능(대),예능(중),플루트교본1,19,20171124,20260405
성동구,교습소,주니어스미술교습소,서울특별시 성동구 무학로 33,예능(대),예능(중),초등부,37,20171127,20231018
금천구,학원,유투엠금천독산캠퍼스학원,서울특별시 금천구 벚꽃로 30,입시.검정 및 보습,보통교과,보습,40,20171127,20241215
강남구,학원,깊은생각엠로고스학원,서울특별시 강남구 삼성로 321,입시.검정 및 보습,보통교과,보습,270,20171124,20251123
서초구,학원,서초더(THE)강한학원,서울특별시 서초구 서초중앙로 209,입시.검정 및 보습,보통교과,"보습?논술,",70,20171124,20231018
강남구,학원,선릉위드피아노학원,서울특별시 강남구 삼성로91길 36,기예(대),기예(중),실용음악(성악),450,20171121,20251102
노원구,교습소,준'S수학교습소,서울특별시 노원구 한글비석로15길 48,입시.검정 및 보습,보통교과,초등수학,15,20171127,20231018
구로구,학원,티키타댄스학원,서울특별시 구로구 중앙로 67,기예(대),기예(중),,30,20171127,20231018
양천구,학원,성적쑥쑥학원,서울특별시 양천구 중앙로 230,입시.검정 및 보습,보통교과,"보습?논술,",0,20171127,20260215
송파구,학원,독수리수학학원,서울특별시 송파구 위례성대로20길 29,입시.검정 및 보습,보통교과,,40,20171127,20231018
송파구,학원,안스잉글리시학원,서울특별시 송파구 석촌호수로 135,입시.검정 및 보습,보통교과,"보습,",64,20171128,20231018
양천구,교습소,우영재영어교습소,서울특별시 양천구 목동서로 287,입시.검정 및 보습,보통교과,영어(초6),32,20171128,20240128
강남구,학원,글로리수학학원,서울특별시 강남구 선릉로62길 32-2,입시.검정 및 보습,보통교과,보습?논술,50,20171129,20250330
서초구,학원,크리에이티브랭귀지컨설팅어학원,서울특별시 서초구 효령로33길 70,국제화,국제,,85,20171129,20231018
강남구,학원,케이에스트레이닝센터연기학원,서울특별시 강남구 선릉로153길 8,기타(대),기타(중),"연극,",56,20171130,20231018
강남구,교습소,글의힘논술교습소,서울특별시 강남구 선릉로72길 26,입시.검정 및 보습,보통교과,,6,20171129,20231018
강남구,학원,쏜교육컨설팅원격교습학원,서울특별시 강남구 학동로2길 19,종합(대),,"진학상담지도,",150,20171129,20231018
동대문구,학원,숙명영어학원,서울특별시 동대문구 한천로58길 47,입시.검정 및 보습,보통교과,"보습,",210,20171127,20251102
동작구,학원,코시수학학원,서울특별시 동작구 상도로62길 61,입시.검정 및 보습,보통교과,"보습,",62,20171129,20231018
관악구,학원,1997댄스학원,서울특별시 관악구 과천대로 921,기예(대),기예(중),댄스,180,20171129,20250713
서대문구,학원,에스클래스영어학원,서울특별시 서대문구 수색로 56,입시.검정 및 보습,보통교과,보습,72,20171129,20250112
서대문구,학원,리드101가재울영어학원,서울특별시 서대문구 수색로4나길 11,입시.검정 및 보습,보통교과,보습,158,20171129,20260607
양천구,학원,목동에이닷영어학원,서울특별시 양천구 목동서로 349,입시.검정 및 보습,보통교과,보습,1080,20171128,20260215
마포구,교습소,이지바이올린교습소,서울특별시 마포구 도화2길 53,예능(대),예능(중),,2,20171129,20241215
송파구,학원,해법수학교실잠실학원,서울특별시 송파구 삼전로 84,입시.검정 및 보습,보통교과,보습,96,20171130,20260215
노원구,교습소,이주영영어교습소,서울특별시 노원구 덕릉로73길 28,입시.검정 및 보습,보통교과,"중등영어(독해,문법)",15,20100628,20231018
양천구,학원,백인대장고3전문관학원,서울특별시 양천구 목동서로 61,종합(대),,"보습?논술,진학상담지도",1220,20171130,20260607
마포구,학원,와와댄스학원,서울특별시 마포구 삼개로 11,기예(대),기예(중),댄스,260,20171201,20250330
동작구,학원,임용닷컴2관고시학원,서울특별시 동작구 장승배기로28길 16-1,인문사회(대),인문사회(중),성인고시,18890,20171130,20250713
성북구,교습소,더코어(THE CORE)영어교습소,서울특별시 성북구 길음로9길 40,입시.검정 및 보습,보통교과,,4,20171130,20231018
강동구,학원,강동탑바리스타아카데미학원,서울특별시 강동구 성안로 180,직업기술,산업응용기술,"식음료품(바리스타,소믈리에),",150,20171129,20250112
서초구,학원,서초지니엠국어학원,서울특별시 서초구 서초중앙로33길 8,입시.검정 및 보습,보통교과,"보습?논술,",185,20171130,20231018
서대문구,학원,루체테1관가재울캠퍼스영어학원,서울특별시 서대문구 모래내로15길 68,입시.검정 및 보습,보통교과,보습,90,20171130,20250824
은평구,교습소,스마트해법수학응암연은점수학교습소,서울특별시 은평구 백련산로 84,입시.검정 및 보습,보통교과,초등수학A,50,20171122,20250223
광진구,교습소,일대일수학교습소,서울특별시 광진구 광나루로 635,입시.검정 및 보습,보통교과,초등수학,8,20171201,20251214
동대문구,교습소,플레이더기타(Play the Guitar)실용음악교습소,서울특별시 동대문구 답십리로56길 21,예능(대),예능(중),일렉기타(고급),4,20171204,20241215
마포구,학원,4에스학원,서울특별시 마포구 성미산로 84,입시.검정 및 보습,보통교과,"보습,",230,20171129,20231018
서초구,교습소,허영주수학교습소,서울특별시 서초구 방배중앙로15길 36,입시.검정 및 보습,보통교과,초등,12,20171129,20231018
중랑구,교습소,영스영어교습소,서울특별시 중랑구 동일로157길 32,입시.검정 및 보습,보통교과,,12,20171204,20231018
중랑구,교습소,달빛푸른국어교습소,서울특별시 중랑구 공릉로2길 26,입시.검정 및 보습,보통교과,중등국어,6,20171204,20240908
송파구,교습소,삼성영어풍납캐슬(Castle)영어교습소,서울특별시 송파구 토성로 23,입시.검정 및 보습,보통교과,"(초등)PRE(주5회,회60분)",42,20171204,20260614
성동구,교습소,한예종피아노교습소,서울특별시 성동구 왕십리로 410,예능(대),예능(중),바이엘 피아노,10,20171205,20250928
동작구,교습소,매쓰엠수학교습소,서울특별시 동작구 여의대방로 250,입시.검정 및 보습,보통교과,초등수학1,6,20171205,20231018
은평구,교습소,신사새절점해법수학교습소,서울특별시 은평구 가좌로 280,입시.검정 및 보습,보통교과,초등수학,15,20171122,20231018
양천구,학원,아드폰테스4관학원,서울특별시 양천구 오목로 300,입시.검정 및 보습,보통교과,보습,360,20171206,20260426
강남구,교습소,게으른수학교습소,서울특별시 강남구 압구정로4길 27-6,입시.검정 및 보습,보통교과,수학(초등저학년 교과반),72,20171207,20231018
영등포구,교습소,줌음악교습소,서울특별시 영등포구 영신로 237,예능(대),예능(중),바이엘A(일120분*주2회*4.2주),25,20171207,20241215
송파구,학원,케이원수학학원,서울특별시 송파구 양재대로71길 28,입시.검정 및 보습,보통교과,"보습,",160,20171206,20231018
은평구,교습소,그림상자미술교습소,서울특별시 은평구 은평터널로 65,예능(대),예능(중),초급,49,20171128,20240317
송파구,학원,정도학원,서울특별시 송파구 양재대로72길 31,입시.검정 및 보습,보통교과,"보습,",120,20100723,20231018
금천구,학원,이엠별하학원,서울특별시 금천구 시흥대로39길 46,입시.검정 및 보습,보통교과,,30,20171208,20231018
강남구,교습소,브라이트키즈수학교습소,서울특별시 강남구 광평로10길 15,입시.검정 및 보습,보통교과,초등수학A,10,20171208,20241215
강남구,학원,일등공신원격교습학원,서울특별시 강남구 테헤란로 521,종합(대),,"보습,진학상담지도,",5032,20171208,20260614
은평구,교습소,미노쌤수학교습소,서울특별시 은평구 연서로29길 34-14,입시.검정 및 보습,보통교과,초등수학,18,20171206,20250928
노원구,교습소,북꼬리논술교습소,서울특별시 노원구 중계로 217,입시.검정 및 보습,보통교과,독서논술(초등부),18,20171208,20231018
영등포구,학원,한부장항공준사관부사관장교학원,서울특별시 영등포구 영신로15길 5,인문사회(대),인문사회(중),성인고시,450,20171211,20250518
양천구,교습소,상상숲아트스튜디오미술교습소,서울특별시 양천구 목동서로 213,예능(대),예능(중),일반기초1,77,20171211,20231018
양천구,교습소,잇팀독서논술교습소,서울특별시 양천구 목동서로 57,입시.검정 및 보습,보통교과,초중등논술D,24,20171211,20260628
구로구,교습소,블루피아노교습소,서울특별시 구로구 부일로1길 65,예능(대),예능(중),(일반)피아노(일70분*주3회*4.2주),22,20171212,20240225
양천구,교습소,큰호박국어교습소,서울특별시 양천구 목동서로 67,입시.검정 및 보습,보통교과,고등국어3,20,20171212,20240908
강동구,교습소,케이(K)수학교습소,서울특별시 강동구 고덕로 133,입시.검정 및 보습,보통교과,"중등수학(4주)(주3회,회120분)",6,20171212,20250727
송파구,학원,송파스터디독서실,서울특별시 송파구 가락로28길 15,독서실,독서,"독서실(유아/초?중?고),",150,20171211,20260201
송파구,학원,깊은생각147학원,서울특별시 송파구 위례성대로16길 9,입시.검정 및 보습,보통교과,보습,105,20171213,20250713
송파구,학원,열정과끈기학원,서울특별시 송파구 백제고분로 161,입시.검정 및 보습,보통교과,"보습,보습?논술,",580,20171213,20231018
강서구,학원,강서자유자재매쓰다이어리학원,서울특별시 강서구 강서로45길 49-10,입시.검정 및 보습,보통교과,"보습?논술,",100,20171213,20231018
송파구,교습소,제이원영어교습소,서울특별시 송파구 가락로 140,입시.검정 및 보습,보통교과,,16,20171213,20231018
송파구,교습소,더블샵음악교습소,서울특별시 송파구 송파대로36길 43,예능(대),예능(중),"초급음악(주2회,회100분)",35,20171213,20250727
강남구,학원,대치리드인유주코칭국어학원,서울특별시 강남구 도곡로93길 9,입시.검정 및 보습,보통교과,보습?논술,291,20171215,20260614
노원구,학원,중계덕스원격교습학원,서울특별시 노원구 한글비석로 233,국제화,외국어,,500,20171218,20250615
서초구,학원,알티씨에듀(RTC Edu)학원,서울특별시 서초구 고무래로10길 5,입시.검정 및 보습,보통교과,"보습?논술,",164,20171214,20231018
종로구,학원,더블유컴퓨터아트학원,서울특별시 종로구 대학로 149,직업기술,산업응용기술,디자인,752,20171215,20260201
노원구,교습소,토마토아틀리에미술교습소,서울특별시 노원구 공릉로 159,예능(대),예능(중),초등미술1,108,20171215,20231018
금천구,학원,성음음악학원,서울특별시 금천구 벚꽃로 30,예능(대),예능(중),음악,52,20171215,20250330
강남구,학원,인마이제이독서실,서울특별시 강남구 강남대로94길 51-8,독서실,독서,"독서실(일반인),",606,20171204,20231018
송파구,학원,더(THE)오름영어학원,서울특별시 송파구 위례광장로 188,입시.검정 및 보습,보통교과,보습,628,20171218,20260802
강남구,학원,공부하는날학원,서울특별시 강남구 자곡로 114,입시.검정 및 보습,,,127,20171219,20240908
강동구,교습소,엠엔에스(M&S)과학교습소,서울특별시 강동구 상암로 11,입시.검정 및 보습,보통교과,"초등과학(주1회,회70분)",24,20171215,20231018
강동구,학원,벽문학원,서울특별시 강동구 아리수로93길 9,입시.검정 및 보습,보통교과,보습,500,20171219,20260607
양천구,교습소,생각나는수학교습소,서울특별시 양천구 목동중앙로 11,입시.검정 및 보습,보통교과,,64,20171218,20231018
양천구,학원,예일학원,서울특별시 양천구 화곡로 56,입시.검정 및 보습,보통교과,,45,20171218,20240317
양천구,학원,준과학프리미엄중등학원,서울특별시 양천구 목동서로 61,입시.검정 및 보습,보통교과,보습?논술,90,20171219,20250518
서초구,학원,생각하는황소서초학원,서울특별시 서초구 고무래로10길 26,입시.검정 및 보습,보통교과,보습?논술,126,20171214,20231126
강남구,교습소,SJ수학교습소,서울특별시 강남구 광평로10길 6,입시.검정 및 보습,보통교과,,4,20171220,20231018
구로구,학원,올엠학원,서울특별시 구로구 고척로 228-6,입시.검정 및 보습,보통교과,보습,120,20171220,20240317
금천구,교습소,해법시흥초수학교습소,서울특별시 금천구 금하로11길 29,입시.검정 및 보습,보통교과,초등수학(일60분*주5회*4.2주),24,20171220,20231018
영등포구,교습소,파포스수학교습소,서울특별시 영등포구 도영로 66,입시.검정 및 보습,보통교과,초등 수학(일125분*주2회*4.2주),54,20171220,20251214
서초구,학원,르네드뮤제학원,서울특별시 서초구 사평대로45길 10-25,예능(대),예능(중),미술,306,20171218,20250330
양천구,교습소,아트모모그리고목동점미술교습소,서울특별시 양천구 목동서로 340,예능(대),예능(중),미술①,24,20171220,20260315
노원구,학원,아이비탑리딩중계영어학원,서울특별시 노원구 중계로 170,입시.검정 및 보습,보통교과,보습,49,20171221,20240908
마포구,교습소,꿈을담는수학교습소,서울특별시 마포구 월드컵로42길 40,입시.검정 및 보습,보통교과,수학(중등),12,20171215,20231018
양천구,학원,백야독서실,서울특별시 양천구 목동서로 61,독서실,독서,"독서실(유아/초?중?고),",314,20171220,20231018
송파구,교습소,마들렌화실미술교습소,서울특별시 송파구 마천로57길 20,예능(대),예능(중),,10,20171221,20250727
송파구,교습소,울트라에듀수학교습소,서울특별시 송파구 마천로8길 15,입시.검정 및 보습,보통교과,"고등수학(주2회,회240분)",32,20171221,20231018
중랑구,교습소,지엘피아노음악교습소,서울특별시 중랑구 면목로 245,예능(대),예능(중),바이엘(초급),45,20171222,20250413
송파구,교습소,탑클래스음악교습소,서울특별시 송파구 올림픽로35길 112,예능(대),예능(중),"입시피아노입문(주2회, 회60분)",25,20171222,20260426
서초구,교습소,201수학교습소,서울특별시 서초구 방배로42길 3,입시.검정 및 보습,보통교과,초등수학,64,20171222,20231018
서초구,학원,서초채움학원,서울특별시 서초구 태봉로 68,입시.검정 및 보습,보통교과,보습?논술,127,20171222,20260329
강동구,교습소,해법독서논술세계문화교실논술교습소,서울특별시 강동구 아리수로50길 50,입시.검정 및 보습,보통교과,"초등저학년독서논술(1~3학년)(4주)(주1회,회185분)",16,20171215,20250727
강동구,교습소,아티제미술교습소,서울특별시 강동구 상암로3길 18,예능(대),예능(중),"아동미술심화(4주)(주5회,회90분)",28,20171222,20251123
강북구,교습소,써니잉글리쉬(SUNNY ENGLISH)영어교습소,서울특별시 강북구 인수봉로55길 16,입시.검정 및 보습,보통교과,초등영어A,28,20171214,20231018
강북구,학원,삼각산점와와학습코칭학원,서울특별시 강북구 삼양로27길 43,입시.검정 및 보습,보통교과,보습?논술,200,20171215,20250706
강북구,교습소,엘린피아노음악교습소,서울특별시 강북구 삼양로93길 24,예능(대),예능(중),(중급)체르니(하),15,20171222,20260607
강서구,교습소,이플아트미술교습소,서울특별시 강서구 방화대로34길 92,예능(대),예능(중),미술(주1회),63,20171207,20231018
강서구,교습소,뮤엠영어화곡푸르지오영어교습소,서울특별시 강서구 화곡로13길 107,입시.검정 및 보습,보통교과,,56,20171212,20231018
은평구,학원,키즈스피치파란별학원,서울특별시 은평구 진관2로 29-21,기타(대),기타(중),웅변,15,20171219,20240908
강남구,학원,자곡가우스수학전문학원,서울특별시 강남구 자곡로 114,입시.검정 및 보습,보통교과,,660,20171226,20231018
강남구,학원,뿌리수학영어학원,서울특별시 강남구 밤고개로 219,입시.검정 및 보습,보통교과,"보습?논술,",450,20171226,20231018
동작구,교습소,금문수학교습소,서울특별시 동작구 노량진로6길 70,입시.검정 및 보습,보통교과,중학수학,16,20171226,20231018
금천구,학원,연세음악학원,서울특별시 금천구 벚꽃로 30,예능(대),예능(중),음악,80,20171226,20250330
관악구,교습소,일등급고등영어교습소,서울특별시 관악구 관악로40길 47,입시.검정 및 보습,보통교과,고등 영어,5,20171227,20231018
송파구,학원,해법티매쓰학원,서울특별시 송파구 석촌호수로 135,입시.검정 및 보습,보통교과,"보습,",130,20171227,20231018
양천구,학원,씨에스아카데미(cs academy)학원,서울특별시 양천구 목동서로 61,입시.검정 및 보습,보통교과,보습?논술,24,20171227,20251102
양천구,학원,국선수학플러스학원,서울특별시 양천구 목동서로 61,입시.검정 및 보습,보통교과,보습?논술,30,20171227,20260329
마포구,학원,디쥐스터디보습학원,서울특별시 마포구 월드컵로31길 11,입시.검정 및 보습,보통교과,,210,20171222,20260329
마포구,학원,위준성어학원,서울특별시 마포구 신촌로16길 30,국제화,국제,어학(성인),191,20171222,20240428
서대문구,학원,e해법수학셀파수학학원,서울특별시 서대문구 세검정로1길 48,입시.검정 및 보습,보통교과,보습,160,20171227,20250803
강동구,교습소,매쓰온수학교습소,서울특별시 강동구 고덕로 133,입시.검정 및 보습,보통교과,"초등수학B(4.2 주)(주3회,회120분)",2,20171228,20260719
마포구,교습소,러닝와이즈영어교습소,서울특별시 마포구 도화4길 80,입시.검정 및 보습,보통교과,중등영어E1,27,20171229,20260329
노원구,학원,입시형영어전문학원,서울특별시 노원구 노원로22길 70,입시.검정 및 보습,보통교과,보습,72,20171229,20240519
구로구,학원,올패스학원,서울특별시 구로구 경인로 187,입시.검정 및 보습,보통교과,보습,0,20171228,20251214
마포구,교습소,원테이블(1Table)영어교습소,서울특별시 마포구 광성로 37,입시.검정 및 보습,보통교과,고등영어,16,20171228,20240317
강동구,학원,종로GMS에듀국어수학영어둔촌동점학원,서울특별시 강동구 천호대로 1194,입시.검정 및 보습,보통교과,보습,216,20171229,20250112
강남구,학원,다원교육고등학원,서울특별시 강남구 도곡로 501,입시.검정 및 보습,보통교과,보습?논술,6210,20171229,20260705
서초구,학원,3옥타브장인보컬학원,서울특별시 서초구 서초대로78길 36,기예(대),기예(중),실용음악(성악),260,20171229,20260802
강남구,학원,대치세이노대치역점학원,서울특별시 강남구 삼성로 155,입시.검정 및 보습,보통교과,보습?논술,90,20171229,20260607
강남구,학원,다른수학학원,서울특별시 강남구 선릉로112길 74,입시.검정 및 보습,보통교과,보습?논술,761,20171227,20260426
종로구,교습소,미술관숙제마티스미술교실교습소,서울특별시 종로구 통일로16길 8-3,예능(대),예능(중),일반 C,10,20171229,20260315
양천구,학원,코딩플러스학원,서울특별시 양천구 목동동로 339,기타(대),기타(중),"컴퓨터(소),",176,20171229,20251116
구로구,교습소,고래수학교습소,서울특별시 구로구 새말로9길 45,입시.검정 및 보습,보통교과,초등수학(일60분*주3회*4.2주),98,20171229,20231206
성북구,교습소,숭인하연과학교습소,서울특별시 성북구 오패산로 46,입시.검정 및 보습,보통교과,초등과학A,15,20171226,20250803
강남구,학원,대훈학원,서울특별시 강남구 삼성로61길 18,입시.검정 및 보습,보통교과,,69,20171229,20231018
강남구,학원,영탑보습학원,서울특별시 강남구 선릉로72길 13,입시.검정 및 보습,보통교과,,40,20171229,20231018
관악구,학원,관악음악학원,서울특별시 관악구 청룡4길 46,예능(대),예능(중),음악,184,20171228,20260607
강동구,학원,영광피아노학원,서울특별시 강동구 명일로 106-5,예능(대),예능(중),음악,70,20171229,20260607
양천구,학원,목동진국어학원,서울특별시 양천구 목동로11길 2,입시.검정 및 보습,보통교과,보습?논술,122,20180102,20260621
양천구,교습소,잘하는수학교습소,서울특별시 양천구 신목로 28,입시.검정 및 보습,보통교과,초등수학1,28,20180102,20251116
구로구,학원,뷰티풀드림학습센터미용학원,서울특별시 구로구 구로중앙로 135-1,직업기술,산업응용기술,이?미용,260,20180103,20260712
송파구,학원,아이젠수학학원,서울특별시 송파구 송이로 23,입시.검정 및 보습,보통교과,"보습,",70,20180103,20231018
양천구,교습소,수1수학교습소,서울특별시 양천구 목동동로 50,입시.검정 및 보습,보통교과,수학1(초등),16,20180105,20231018
노원구,학원,단디독서실,서울특별시 노원구 동일로 1365,독서실,독서,"독서실(유아/초?중?고),",132,20180108,20240428
강동구,교습소,큐브레인고래힐수학교습소,서울특별시 강동구 아리수로50길 50,입시.검정 및 보습,보통교과,"초등사고력수학(4주)(주2회,회65분)",39,20180108,20260621
은평구,학원,호크마수학학원,서울특별시 은평구 연서로 86,입시.검정 및 보습,보통교과,"보습,",120,20180104,20231018
광진구,교습소,클랑음악교습소,서울특별시 광진구 군자로 65,예능(대),예능(중),기초(A),72,20180105,20260426
동대문구,학원,강북멘토스학원,서울특별시 동대문구 왕산로 21,입시.검정 및 보습,보통교과,,0,20180109,20260201
구로구,학원,해피잡교육학원,서울특별시 구로구 디지털로26길 61,직업기술,컴퓨터,"컴퓨터(정보처리,통신기기,인터넷,소프트웨어),",61,20180109,20251214
양천구,학원,러셀목동보습학원,서울특별시 양천구 신월로 358,입시.검정 및 보습,보통교과,보습?논술,17907,20180109,20251116
송파구,학원,이젠아카데미컴퓨터학원,서울특별시 송파구 중대로 109,종합(대),,"기계,건축,디자인,전산회계,컴퓨터(정보처리,통신기기,인터넷,소프트웨어),로봇,유통,비서,경리,",1100,20180109,20231018
강남구,교습소,드림중국어교습소,서울특별시 강남구 선릉로 334,국제화,외국어,일반중국어,10,20180104,20231018
강남구,학원,두각비전관학원,서울특별시 강남구 도곡로 438,입시.검정 및 보습,보통교과,보습?논술,500,20180105,20260802
강남구,학원,람아트학원,서울특별시 강남구 압구정로28길 22-9,종합(대),,"보습?논술,미술,",30,20180109,20231018
도봉구,학원,삼성영어창일교실학원,서울특별시 도봉구 노해로66길 103,입시.검정 및 보습,보통교과,보습?논술,76,20180110,20260607
송파구,교습소,정원재즈피아노교습소,서울특별시 송파구 중대로38길 16,예능(대),예능(중),,11,20180110,20231018
광진구,학원,반석학원,서울특별시 광진구 아차산로 530,입시.검정 및 보습,보통교과,"보습,보습?논술",688,20180110,20260201
성북구,학원,토즈스터디센터정릉독서실,서울특별시 성북구 보국문로16길 31,독서실,독서,독서실(유아/초?중?고),108,20171229,20240714
양천구,학원,수만휘스파르타목동2관학원,서울특별시 양천구 목동서로 61,입시.검정 및 보습,보통교과,"보습?논술,",195,20180110,20250518
강동구,학원,이엔앰고등수학학원,서울특별시 강동구 동남로71길 20,입시.검정 및 보습,보통교과,보습,1020,20180111,20260607
동작구,학원,옳은보습학원,서울특별시 동작구 등용로 38,입시.검정 및 보습,보통교과,보습?논술,165,20180111,20250518
관악구,학원,공신학원,서울특별시 관악구 관악로 244,입시.검정 및 보습,보통교과,보습,340,20180111,20260621
노원구,학원,강북청솔독서실,서울특별시 노원구 한글비석로 242,독서실,독서,독서실(일반인),0,20180112,20250518
강서구,학원,크레아티브쿤스트교육학원,서울특별시 강서구 방화대로45길 32,기타(대),기타(중),기타(소),170,20180109,20260621
서초구,학원,서일영수전문학원,서울특별시 서초구 바우뫼로7길 3,입시.검정 및 보습,보통교과,"보습?논술,",144,20180111,20231018
강남구,학원,네오캣(NEO CAT)디자인관미술학원,서울특별시 강남구 역삼로63길 5,예능(대),예능(중),"미술,",1000,20180111,20250706
강남구,학원,리트머스미술학원,서울특별시 강남구 선릉로76길 30,예능(대),예능(중),"미술,",80,20180111,20231018
강남구,교습소,늘픔논술국어교습소,서울특별시 강남구 테헤란로16길 13,입시.검정 및 보습,보통교과,초등,27,20180112,20231018
동대문구,학원,리딩클럽영어학원,서울특별시 동대문구 사가정로 148,입시.검정 및 보습,보통교과,보습,40,20180112,20260607
강남구,학원,잼코딩학원,서울특별시 강남구 선릉로64길 17,기타(대),기타(중),"컴퓨터(소),",80,20180115,20260607
강남구,학원,수학의힘대치1본원학원,서울특별시 강남구 삼성로 221,입시.검정 및 보습,보통교과,"보습?논술,",89,20180109,20250518
은평구,학원,뿌리깊은나무국어논술학원,서울특별시 은평구 갈현로33길 10,입시.검정 및 보습,보통교과,보습?논술,140,20180110,20260201
마포구,학원,마포점와와학습코칭학원,서울특별시 마포구 독막로42길 7,입시.검정 및 보습,보통교과,보습,984,20180105,20240707
강남구,학원,프랜시스파커어학원,서울특별시 강남구 도곡로 528,종합(대),,"기타(중),보습?논술,실용외국어(유아/초?중?고)",38,20180115,20260607
서초구,학원,정인영어수학학원,서울특별시 서초구 고무래로 90-7,입시.검정 및 보습,보통교과,보습?논술,80,20180112,20260329
동작구,학원,윌비스1고시학원,서울특별시 동작구 노량진로 196,인문사회(대),인문사회(중),성인고시,1000,20180115,20250907
관악구,학원,위메이크스카이신림서울대입구관리형독서실,서울특별시 관악구 청림3길 9,독서실,독서,"독서실(유아/초?중?고),",212,20180115,20240714
노원구,교습소,예진음악교습소,서울특별시 노원구 동일로 1280,예능(대),예능(중),초급1,63,20180116,20250112
도봉구,교습소,도봉한신해법수학교습소,서울특별시 도봉구 도봉로180나길 41,입시.검정 및 보습,보통교과,중등수학D,18,20180116,20260607
서초구,학원,서초라이즈어학원,서울특별시 서초구 고무래로10길 26,종합(대),외국어,실용외국어(유아/초?중?고),2820,20180112,20260329
노원구,학원,스터디코치프라임학원,서울특별시 노원구 한글비석로 227,입시.검정 및 보습,보통교과,보습,26,20180117,20240609
서초구,교습소,박지현국어전문국어교습소,서울특별시 서초구 효령로 229,입시.검정 및 보습,보통교과,국어1,15,20180112,20231018
서대문구,학원,신촌이지댄스학원,서울특별시 서대문구 이화여대길 53,기타(대),기타(중),기타(소),315,20180110,20240908
강남구,학원,김승국통역학원,서울특별시 강남구 테헤란로4길 38-4,국제화,국제,,52,20180117,20231018
성북구,교습소,유멘영어교습소,서울특별시 성북구 보문로29다길 7,입시.검정 및 보습,보통교과,,15,20180117,20231018
성북구,교습소,강남대치수학교습소,서울특별시 성북구 오패산로 63,입시.검정 및 보습,보통교과,,16,20180117,20231018
양천구,교습소,민쌤수학교습소,서울특별시 양천구 목동동로 59,입시.검정 및 보습,보통교과,초등수학4,30,20180118,20240908
양천구,교습소,선택과집중영어교습소,서울특별시 양천구 목동동로14길 4,입시.검정 및 보습,보통교과,,10,20180118,20231018
강남구,학원,한누네학원,서울특별시 서초구 서초중앙로22길 53,입시.검정 및 보습,보통교과,"보습?논술,",105,20180112,20251102
서초구,교습소,뮤직풀(MUSICPOOL)음악교습소,서울특별시 서초구 헌릉로8길 60,예능(대),예능(중),피아노 초급,15,20180117,20231018
서초구,학원,투디제이(2DJ)댄스학원,서울특별시 서초구 방배로37길 11,기타(대),기타(중),"기타(소),",160,20180118,20231018
강남구,학원,지(Gi)독한수학(Math)학원,서울특별시 강남구 개포로 252,입시.검정 및 보습,보통교과,,90,20180117,20231018
양천구,교습소,하나수학교습소,서울특별시 양천구 화곡로3길 25,입시.검정 및 보습,보통교과,초등수학A,50,20180119,20260405
광진구,교습소,플레이잉글리쉬(Play English)영어교습소,서울특별시 광진구 동일로72길 30,입시.검정 및 보습,보통교과,고등영어,6,20180117,20250112
은평구,학원,2관뉴이스트수학전문학원,서울특별시 은평구 서오릉로 162,입시.검정 및 보습,보통교과,"보습,",115,20180111,20231018
관악구,학원,탑애견미용학원,서울특별시 관악구 장군봉2길 14,직업기술,일반서비스,"애견미용,",50,20180115,20231018
강남구,학원,대치사거리점잠룡승천학원,서울특별시 강남구 삼성로71길 14,입시.검정 및 보습,보통교과,보습?논술,372,20180117,20260621
성북구,교습소,두뇌로수학교습소,서울특별시 성북구 종암로27길 37,입시.검정 및 보습,보통교과,,10,20180122,20231018
송파구,학원,아우토그람디자인학원,서울특별시 송파구 송이로32길 4-18,기예(대),기예(중),,10,20180119,20231018
양천구,학원,투웰브학원,서울특별시 양천구 오목로 280,입시.검정 및 보습,보통교과,보습?논술,56,20180122,20240428
강남구,학원,에듀엠에스헤어학원,서울특별시 강남구 언주로 631,직업기술,산업응용기술,"이?미용,",240,20180123,20231126
서초구,학원,비엠지(BMG)학원,서울특별시 서초구 신반포로 219,입시.검정 및 보습,보통교과,"보습?논술,",85,20180123,20240609
중랑구,교습소,수학마을수학교습소,서울특별시 중랑구 신내로7길 16,입시.검정 및 보습,보통교과,,18,20180122,20231018
강동구,학원,그랜드음악학원,서울특별시 강동구 구천면로13길 26,예능(대),예능(중),음악,40,20180122,20260607
강남구,교습소,라라뮤직(LALA MUSIC)음악교습소,서울특별시 강남구 학동로68길 7,예능(대),예능(중),(초급)피아노A,11,20180118,20260426
강서구,교습소,리쌤수학교습소,서울특별시 강서구 방화대로7길 29,입시.검정 및 보습,보통교과,초등수학,9,20180122,20231018
광진구,학원,모난돌국어역사학원,서울특별시 광진구 아차산로 461,입시.검정 및 보습,보통교과,"보습,",372,20180122,20231018
서대문구,학원,아트루트미술학원,서울특별시 서대문구 모래내로15길 68,예능(대),예능(중),"미술,",30,20180129,20231018
강동구,교습소,라온수학교습소,서울특별시 강동구 구천면로 494-1,입시.검정 및 보습,보통교과,"초등수학(주2회,회150분)",20,20180124,20240512
도봉구,학원,이지튼튼학원,서울특별시 도봉구 도봉로125길 83,입시.검정 및 보습,보통교과,보습,24,20180124,20260201
성동구,학원,스터디메이트성동점학원,서울특별시 성동구 행당로 105,입시.검정 및 보습,보통교과,,56,20180123,20250112
관악구,학원,대한요리제과학원,서울특별시 관악구 남부순환로 1684,직업기술,산업응용기술,"식음료품(바리스타,소믈리에),",59,20090812,20250914
강남구,학원,부강독서실,"서울특별시 강남구 삼성로61길 32-1, 1층-2층",독서실,독서,"독서실(유아/초?중?고),",244,20180125,20240428
서초구,교습소,오랜지미술교습소,"서울특별시 서초구 바우뫼로7길 16, 202호",예능(대),예능(중),미술A,48,20180125,20231018
마포구,교습소,파란꿈미술교습소,서울특별시 마포구 백범로17길 14,예능(대),예능(중),,18,20180110,20231018
마포구,학원,선사진학원,서울특별시 마포구 와우산로 79,직업기술,산업응용기술,"사진,전자상거래",770,20180110,20240428
마포구,학원,바퀴달린그림책미술학원,서울특별시 마포구 토정로31길 55-10,예능(대),예능(중),미술,20,20180111,20260201
강북구,교습소,소리모아음악교습소,서울특별시 강북구 오패산로30길 30,예능(대),예능(중),초급바이엘1,63,20180104,20231018
도봉구,학원,현은휘국어학원,서울특별시 도봉구 노해로69길 26,입시.검정 및 보습,보통교과,보습?논술,80,20180126,20250525
구로구,학원,핌아트스튜디오학원,서울특별시 구로구 경인로59길 8,예능(대),예능(중),미술,20,20180105,20251005
영등포구,교습소,필립홍익미술교습소,서울특별시 영등포구 영등포로 130,예능(대),예능(중),,36,20180116,20231018
구로구,교습소,멘티스잉글리쉬영어교습소,서울특별시 구로구 고척로 228-6,입시.검정 및 보습,보통교과,,21,20180118,20231018
금천구,교습소,아트인잉글미술교습소,서울특별시 금천구 벚꽃로 30,예능(대),예능(중),미술 주1회반(일반)(일120분*주1회*4.2주),27,20180124,20260201
양천구,교습소,에픽영어교습소,서울특별시 양천구 목동동로 385,입시.검정 및 보습,보통교과,,9,20180129,20240317
양천구,교습소,클라시코(CLASSICO)클라리넷교습소,서울특별시 양천구 목동동로 393,예능(대),예능(중),클라리넷(입시),1,20180129,20231018
강남구,학원,이피유(EP.U)영어학원,서울특별시 강남구 삼성로119길 29,입시.검정 및 보습,보통교과,"보습?논술,",87,20180122,20231018
강남구,학원,런연기학원,서울특별시 강남구 봉은사로112길 27,기예(대),기예(중),"연기(연극,뮤지컬,오페라),",16,20180126,20231018
서대문구,학원,홍제다솜간호학원,서울특별시 서대문구 세무서길 27,직업기술,간호보조기술,"간호조무사,",90,20180326,20231018
송파구,교습소,더피아노음악교습소,서울특별시 송파구 올림픽로37길 130,예능(대),예능(중),"피아노초급(실용)(주3회,회55분)",20,20180126,20260607
송파구,교습소,다니올린음악교습소,서울특별시 송파구 백제고분로39길 3-18,예능(대),예능(중),"초급바이올린(4주)(주3회,회80분)",21,20180123,20250727
서초구,학원,행꿈사아카데미학원,서울특별시 서초구 서초중앙로18길 43,직업기술,경영?사무관리,경매,690,20180129,20260201
성동구,학원,리드101왕십리영어학원,서울특별시 성동구 왕십리로 410,입시.검정 및 보습,보통교과,보습,560,20180130,20260607
성동구,학원,이투스24/7서울성동학원,서울특별시 성동구 왕십리로 410,입시.검정 및 보습,보통교과,보습,760,20180130,20260208
광진구,학원,라온슬옹학원,서울특별시 광진구 아차산로 471,입시.검정 및 보습,보통교과,보습,305,20180129,20250713
영등포구,학원,매쓰탑학원,서울특별시 영등포구 영신로19길 28,입시.검정 및 보습,보통교과,,208,20180130,20241215
관악구,학원,비앤비수학학원,서울특별시 관악구 호암로26길 42,입시.검정 및 보습,보통교과,보습?논술,213,20180131,20240908
마포구,학원,홍대다같이미술학원,서울특별시 마포구 와우산로 140,예능(대),예능(중),미술,140,20180125,20260201
마포구,학원,카이수학전문학원,서울특별시 마포구 백범로 67,입시.검정 및 보습,보통교과,보습,195,20180130,20251109
구로구,학원,미래건축학원,서울특별시 구로구 고척로16길 72,직업기술,산업기반기술,"건축,",30,20180201,20231018
강남구,학원,시대인재수학스쿨2관학원,서울특별시 강남구 삼성로58길 9,입시.검정 및 보습,보통교과,보습?논술,10530,20180130,20260705
서초구,학원,지앤와이(G&Y)미술학원,서울특별시 서초구 강남대로 188,예능(대),예능(중),"미술,",150,20180130,20250914
은평구,학원,모티베이터영수학원,서울특별시 은평구 불광로 128,입시.검정 및 보습,보통교과,보습,14,20180122,20250413
은평구,학원,스픽키즈영어학원,서울특별시 은평구 은평로8길 22,입시.검정 및 보습,보통교과,"보습,",150,20180122,20260329
은평구,학원,블랙튜터입시학원수학관학원,서울특별시 은평구 백련산로 38,입시.검정 및 보습,보통교과,보습,50,20180104,20260614
강남구,학원,아이비랩(IB LAB)학원,서울특별시 강남구 언주로167길 36,국제화,외국어,"실용외국어(유아/초?중?고),",1320,20180201,20231018
도봉구,학원,강한영어아는영어황쌤영어학원,서울특별시 도봉구 방학로 31-16,입시.검정 및 보습,보통교과,보습,0,20180205,20251214
용산구,교습소,미술관숙제이촌미술교습소,서울특별시 용산구 이촌로 274,예능(대),예능(중),,36,20180202,20231018
마포구,학원,오에프디댄스학원,서울특별시 마포구 와우산로17길 10,예능(대),예능(중),무용,200,20180123,20240908
강남구,교습소,한클라리넷음악교습소,서울특별시 강남구 언주로 110,예능(대),예능(중),음악초급,8,20180202,20231018
송파구,학원,TNC수학원,서울특별시 송파구 올림픽로35길 10,입시.검정 및 보습,보통교과,보습,200,20180206,20260719
광진구,학원,뮤엠영어학원,서울특별시 광진구 아차산로 493,입시.검정 및 보습,보통교과,보습,155,20180206,20260802
서초구,학원,한수연과학학원,서울특별시 서초구 방배로37길 7,입시.검정 및 보습,보통교과,"보습?논술,",14,20180201,20231018
동대문구,학원,라미음악학원,서울특별시 동대문구 이문로12길 12,예능(대),예능(중),"음악,",350,20180207,20231018
동작구,학원,잇올스파르타프리미엄독서실,서울특별시 동작구 노량진로 202,독서실,독서,"독서실,독서실(유아/초?중?고)",2548,20180207,20250420
송파구,학원,혜윰수학/논술학원,서울특별시 송파구 오금로32길 50,입시.검정 및 보습,보통교과,,124,20180208,20231018
도봉구,학원,삼풍어학원,서울특별시 도봉구 노해로63가길 101,국제화,외국어,실용외국어(유아/초?중?고),34,20180209,20260308
성동구,학원,한남옥수소마사고력수학학원,서울특별시 성동구 매봉길 50,입시.검정 및 보습,보통교과,"보습,",16,20180208,20231018
동작구,교습소,라온수학교습소,서울특별시 동작구 여의대방로10길 59,입시.검정 및 보습,보통교과,초등수학,12,20180208,20231018
관악구,교습소,쉽게배우는수학수학교습소,서울특별시 관악구 난우10길 13,입시.검정 및 보습,보통교과,초등수학,30,20180208,20260201
은평구,학원,소리모아뮤직아카데미학원,서울특별시 은평구 가좌로 177,기예(대),기예(중),"실용음악(성악),",5,20180201,20231018
은평구,학원,서부간호학원,서울특별시 은평구 응암로 229,직업기술,간호보조기술,,50,20180202,20231018
노원구,교습소,혜윰수학교습소,서울특별시 노원구 마들로 31,입시.검정 및 보습,보통교과,초등수학A,44,20180209,20231217
노원구,학원,옳은국어논술전문학원,서울특별시 노원구 노원로 257,입시.검정 및 보습,보통교과,,150,20090210,20231018
서초구,교습소,102수학교습소,서울특별시 서초구 방배로43길 21,입시.검정 및 보습,보통교과,초등수학,52,20180207,20231018
양천구,교습소,올스타(ALL-STAR ENGLISH)영어교습소,서울특별시 양천구 중앙로32길 61,입시.검정 및 보습,보통교과,,12,20180212,20231018
영등포구,교습소,비쥬아뜰리에미술교습소,서울특별시 영등포구 영신로 247,예능(대),예능(중),미술일반(일95분*주2회*4.2주),5,20180212,20250112
영등포구,학원,스카이(SKY)수학과학입시학원,서울특별시 영등포구 당산로38길 7,입시.검정 및 보습,보통교과,보습,78,20180212,20250928
용산구,학원,대성엔(N)중등관학원,서울특별시 용산구 후암로 42-1,입시.검정 및 보습,보통교과,보습,84,20180208,20250420
노원구,교습소,정회원아뜰리에미술교습소,서울특별시 노원구 섬밭로 209,예능(대),예능(중),미술1,32,20180212,20231018
강남구,학원,참즐거운독서실,서울특별시 강남구 삼성로64길 41,독서실,독서,"독서실(유아/초?중?고),",202,20180209,20231018
강남구,학원,샤인댄스학원,서울특별시 강남구 논현로175길 59-4,종합(대),,"기타(소),",10,20180209,20231018
관악구,학원,뉴베르디음악학원,서울특별시 관악구 은천로 80,예능(대),예능(중),음악,188,20180208,20250413
동작구,학원,더강한수학학원,서울특별시 동작구 대방동길 86,입시.검정 및 보습,보통교과,보습,249,20180209,20260201
강서구,교습소,하얀도화지까만손미술교습소,서울특별시 강서구 강서로47길 165,예능(대),예능(중),미술기초1,45,20180209,20231018
강서구,교습소,원스카이수학교습소,서울특별시 강서구 공항대로41길 51,입시.검정 및 보습,보통교과,고등수학(A),8,20180213,20231018
강서구,교습소,"글,다온논술,역사논술교습소",서울특별시 강서구 화곡로13길 107,입시.검정 및 보습,보통교과,초등논술A(고학년),10,20180213,20250209
양천구,학원,더브릴리언트영어뮤지컬학원,서울특별시 양천구 목동동로12길 26,기타(대),기타(중),"기타(소),",70,20180209,20231018
송파구,학원,하우스터디가락센터독서실,서울특별시 송파구 송이로 171,독서실,독서,"독서실(유아/초?중?고),",40,20180213,20231018
성북구,학원,디엔에이(DNA)영어학원,서울특별시 성북구 북악산로 851,입시.검정 및 보습,보통교과,보습,216,20180205,20260405
강동구,교습소,플렉스(FLEX)영어교습소,서울특별시 강동구 동남로65길 6,입시.검정 및 보습,,고등영어(주2회),21,20180214,20231018
서초구,학원,플랫나인댄스학원,서울특별시 서초구 효령로34길 76,기타(대),기예(중),,41,20180214,20260315
금천구,교습소,더(THE)깊은생각수학교습소,서울특별시 금천구 금하로 816,입시.검정 및 보습,보통교과,초등교과Ⅰ(일80분*주3회*4.2주),36,20180214,20250209
송파구,교습소,조성은면접스피치웅변교습소,서울특별시 송파구 올림픽로35길 112,기타(대),기타(중),,6,20180213,20260201
서초구,교습소,예술해미술교습소,서울특별시 서초구 방배천로18길 46,예능(대),예능(중),주1회반,21,20180208,20250914
노원구,교습소,스마트해법수학공릉1동수학교습소,서울특별시 노원구 동일로175길 20,입시.검정 및 보습,보통교과,중등수학(1),20,20180219,20260329
영등포구,학원,대방열림고시학원,서울특별시 영등포구 경인로108길 4,인문사회(대),인문사회(중),성인고시,1710,19891211,20250112
은평구,학원,뮤즈댄스학원,서울특별시 은평구 연서로29길 34,예능(대),예능(중),무용,140,20180208,20240317
양천구,학원,씨큐브코딩목동센터학원,서울특별시 양천구 목동서로 133,종합(대),,"진학상담지도,컴퓨터(소)",310,20180214,20260621
양천구,학원,아이엠미술학원,서울특별시 양천구 신목로 97,예능(대),예능(중),미술,1800,20180214,20260201
노원구,교습소,캥거루영어교습소,서울특별시 노원구 상계로1길 74,입시.검정 및 보습,보통교과,중등 영어 A,16,20180221,20260705
송파구,교습소,잉글리쉬펀영어교습소,서울특별시 송파구 풍성로10길 5,국제화,외국어,"실용영어(주3회, 회당60분)",25,20180220,20260607
강남구,학원,국어의시작조미현학원,서울특별시 강남구 밤고개로 231,입시.검정 및 보습,보통교과,보습?논술,60,20180213,20260201
영등포구,학원,케이투위더스(K2Withus)삼성타운관학원,서울특별시 영등포구 당산로44길 3,입시.검정 및 보습,보통교과,,70,20180221,20231018
구로구,교습소,제이타운영어교습소,서울특별시 구로구 구로중앙로7길 28,입시.검정 및 보습,보통교과,,18,20180221,20260712
노원구,교습소,마술피리음악교습소,서울특별시 노원구 월계로45길 21,예능(대),예능(중),작품(체르니50) B,80,20180222,20260215
노원구,교습소,리즈음악교습소,서울특별시 노원구 월계로45길 21,예능(대),예능(중),피아노 특강(주5회반),39,20180222,20240707
도봉구,학원,아이디(I.D)국가기능학원,서울특별시 도봉구 도봉로 851,직업기술,산업서비스,도배,12,20180222,20260607
송파구,학원,새움수1관학원,서울특별시 송파구 위례성대로 180,입시.검정 및 보습,보통교과,,275,20180222,20260607
성북구,교습소,아트팜미술교습소,서울특별시 성북구 길음로15가길 3,예능(대),예능(중),중급E,14,20180212,20260705
성북구,교습소,GGE영어교습소,서울특별시 성북구 정릉로 305,입시.검정 및 보습,보통교과,초등영어1,36,20180213,20231018
금천구,학원,비엔나음악학원,서울특별시 금천구 독산로67길 34,예능(대),예능(중),,61,20180222,20231018
마포구,학원,시그니처영어학원,서울특별시 마포구 백범로 91,입시.검정 및 보습,보통교과,보습,24,20180213,20250914
강서구,학원,퍼스트클래스프리미엄독서실,서울특별시 강서구 우장산로 24,독서실,독서,"독서실(유아/초?중?고),",201,20180222,20231018
성북구,학원,한마음어학원,서울특별시 성북구 월계로 124,국제화,외국어,,280,20180221,20240526
구로구,학원,더베스트영수학원,서울특별시 구로구 경서로 15,입시.검정 및 보습,보통교과,보습,180,20180223,20260614
은평구,학원,정원독서실,서울특별시 은평구 연서로32길 3,독서실,독서,"독서실(유아/초?중?고),",120,20180207,20231018
은평구,교습소,우리동네미술관미술교습소,서울특별시 은평구 백련산로 38,예능(대),예능(중),초급미술,26,20180212,20231018
강서구,교습소,파고다교육그룹차이랑중국어교습소,서울특별시 강서구 마곡중앙2로 15,국제화,외국어,중국어(초등),18,20180223,20231018
강남구,학원,헤리티지아트유학미술학원,서울특별시 강남구 압구정로42길 35,예능(대),예능(중),,76,20180221,20231018
강남구,학원,브이에스랩컴퓨터아트학원,서울특별시 강남구 강남대로154길 39,직업기술,컴퓨터,"컴퓨터(정보처리,통신기기,인터넷,소프트웨어),",200,20180221,20231018
강남구,학원,바른법률에이치알(HR)학원,서울특별시 강남구 영동대로85길 9,인문사회(대),인문사회(중),행정,290,20180222,20260809
서초구,학원,공터영어서초힐스센터학원,서울특별시 서초구 중앙로 582,입시.검정 및 보습,보통교과,"보습?논술,",188,20180214,20231018
강남구,교습소,엑스텐고등영어교습소,서울특별시 강남구 도곡로78길 22,입시.검정 및 보습,보통교과,영어 고등A,18,20180223,20231018
강동구,교습소,윤선생우리집앞영어교실천동영어교습소,서울특별시 강동구 성안로 201,국제화,외국어,"초등파닉스A(4.2주)(주3회, 회당65분)",27,20180226,20260215
영등포구,학원,에뚜왈발레학원,서울특별시 영등포구 문래로 87,예능(대),,"무용,",88,20180226,20231018
동작구,학원,포인트영어학원,서울특별시 동작구 사당로2가길 102,입시.검정 및 보습,보통교과,"보습,",135,20180223,20260405
광진구,교습소,한밀러(HanMiller)영어교습소,서울특별시 광진구 영화사로7길 45,입시.검정 및 보습,보통교과,,9,20180221,20231018
마포구,교습소,팝콘아틀리에미술교습소,서울특별시 마포구 삼개로 35,예능(대),예능(중),현대미술A,63,20180227,20231018
양천구,교습소,김상현국어교습소,서울특별시 양천구 목동동로 391,입시.검정 및 보습,보통교과,고등국어3,12,20180227,20250126
영등포구,학원,아이맥스학원,서울특별시 영등포구 여의대방로43라길 6,입시.검정 및 보습,보통교과,,82,20180227,20231018
성동구,교습소,그림아트스튜디오옥수원미술교습소,서울특별시 성동구 매봉길 16,예능(대),예능(중),,24,20180228,20231018
서대문구,교습소,강샘탑(TOP)수학교습소,서울특별시 서대문구 가재울로4길 67,입시.검정 및 보습,보통교과,중등수학1,15,20180228,20251019
강남구,학원,학고재독서실,서울특별시 강남구 도곡로63길 32,독서실,독서,독서실(유아/초?중?고),40,20180227,20240225
용산구,교습소,한우리독서토론논술교실원효논술교습소,서울특별시 용산구 백범로 341,입시.검정 및 보습,보통교과,초등논술,27,20180301,20250706
양천구,학원,수학에반하다수학전문학원,서울특별시 양천구 목동동로12길 20,입시.검정 및 보습,보통교과,보습?논술,32,20180302,20260405
서초구,교습소,해법킹스턴영어교습소,서울특별시 서초구 바우뫼로7길 16,입시.검정 및 보습,보통교과,영어초등1,45,20180228,20231018
강남구,교습소,도곡해법수학교습소,서울특별시 강남구 남부순환로365길 22,입시.검정 및 보습,보통교과,초등수학1,17,20180304,20260308
광진구,교습소,장희승영어교습소,서울특별시 광진구 자양로 165,입시.검정 및 보습,보통교과,,4,20180302,20231018
광진구,학원,리차드잉글리쉬학원,서울특별시 광진구 아차산로 484,입시.검정 및 보습,보통교과,,300,20180227,20251019
서초구,학원,선배스터디센터독서실,서울특별시 서초구 서초대로78길 52,독서실,독서,"독서실(일반인),",250,20180226,20260607
관악구,교습소,새싹음악교습소,서울특별시 관악구 봉천로29길 66,예능(대),예능(중),초급3,63,20180305,20231018
송파구,학원,엠알에스영어학원,서울특별시 송파구 동남로18길 39-1,입시.검정 및 보습,보통교과,"보습,",86,20180305,20231018
동대문구,교습소,연세뮤엠영어교습소,서울특별시 동대문구 경희대로4길 79-1,입시.검정 및 보습,,초등영어A,16,20180305,20250223
강서구,교습소,올(all)바른영어교습소,서울특별시 강서구 공항대로41길 51,입시.검정 및 보습,보통교과,초등영어,18,20180227,20231018
동대문구,학원,개념의힘학원,서울특별시 동대문구 장한로36길 32,입시.검정 및 보습,보통교과,보습,175,20180305,20250330
강서구,교습소,국풍2000국어교습소,서울특별시 강서구 강서로45길 73,입시.검정 및 보습,보통교과,중등국어,12,20180227,20240331
강동구,교습소,영어바다영어교습소,서울특별시 강동구 고덕로 133,입시.검정 및 보습,보통교과,"초등A(4주)(주3회, 회당90분)",18,20180305,20260607
송파구,학원,공터영어배움틀수학학원,서울특별시 송파구 올림픽로 111,입시.검정 및 보습,보통교과,보습,158,20180306,20260719
노원구,학원,포커스독서실,서울특별시 노원구 석계로 49,독서실,독서,"독서실,독서실(유아/초?중?고)",127,20180307,20240505
성북구,교습소,제이의영어뇌만들기영어교습소,서울특별시 성북구 성북로4길 52,입시.검정 및 보습,보통교과,초등영어A,84,20180222,20240225
성북구,교습소,채움미술교습소,서울특별시 성북구 종암로 132,예능(대),예능(중),창의미술1,108,20180228,20231018
성동구,교습소,멘토수학교습소,서울특별시 성동구 행당로 87,입시.검정 및 보습,보통교과,수학3,24,20180307,20250112
종로구,교습소,개념원리수학교습소,서울특별시 종로구 통일로16길 8-3,입시.검정 및 보습,보통교과,,30,20180307,20250518
노원구,교습소,아이엔수학교습소,서울특별시 노원구 중계로 220,입시.검정 및 보습,보통교과,고등수학,6,20180308,20231217
영등포구,교습소,창조미술교습소,서울특별시 영등포구 도신로 35,예능(대),예능(중),,24,20180306,20231018
노원구,교습소,EA+(이에이플러스)수학교습소,서울특별시 노원구 덕릉로 669,입시.검정 및 보습,보통교과,고등수학,12,20180308,20241215
강동구,학원,써번트댄스스튜디오학원,서울특별시 강동구 양재대로116길 46,예능(대),예능(중),"무용,",125,20180307,20231018
강남구,학원,더인에듀학원,서울특별시 강남구 봉은사로 121,직업기술,컴퓨터,"컴퓨터(정보처리,통신기기,인터넷,소프트웨어),",8185,20180306,20231018
서대문구,학원,이주화영어학원,서울특별시 서대문구 가좌로 144,입시.검정 및 보습,보통교과,"보습,",280,20180307,20231018
서대문구,학원,남다른이해학원,서울특별시 서대문구 가좌로 105,입시.검정 및 보습,보통교과,보습,360,20180308,20260201
금천구,교습소,윤선생우리집앞영어교실독산영어교습소,서울특별시 금천구 시흥대로104길 36,입시.검정 및 보습,보통교과,,18,20180228,20240128
영등포구,교습소,신홍익미술교습소,서울특별시 영등포구 도신로 38,예능(대),예능(중),미술(일반)1(일70분*주1회*4.2주),45,20180308,20231018
마포구,교습소,라온아트미술교습소,서울특별시 마포구 도화4길 73,예능(대),예능(중),초급(2인수업),20,20180228,20231018
서초구,학원,이비에스뷰티아카데미학원,서울특별시 서초구 동작대로 130,직업기술,산업응용기술,,268,20180308,20231018
강서구,교습소,더쎈영어교습소,서울특별시 강서구 마곡중앙1로 20,입시.검정 및 보습,보통교과,초등영어1,15,20180305,20251123
광진구,학원,드림다락방학원,서울특별시 광진구 구의강변로 45,입시.검정 및 보습,보통교과,,50,20180307,20231018
광진구,교습소,KAL수학교습소,서울특별시 광진구 광나루로 635,입시.검정 및 보습,보통교과,수학,35,20180308,20250525
광진구,교습소,이태운수학교습소,서울특별시 광진구 광나루로 635,입시.검정 및 보습,보통교과,초등수학,18,20180308,20240128
양천구,교습소,재령미술교습소,서울특별시 양천구 오목로52길 17,예능(대),예능(중),,4,20180306,20231018
양천구,교습소,목동연세과학교습소,서울특별시 양천구 목동서로 213,입시.검정 및 보습,보통교과,중등과학기본,15,20180308,20231210
강남구,학원,박기호논술학원,서울특별시 강남구 도곡로 415,입시.검정 및 보습,보통교과,보습?논술,79,20180306,20260621
은평구,학원,그레이스영어학원,서울특별시 은평구 진관1로 21-10,입시.검정 및 보습,보통교과,"보습,",525,20180226,20231018
은평구,학원,코딩하는아이들학원,서울특별시 은평구 은평로 200,정보,정보,"정보교과,",120,20180226,20231018
마포구,학원,저스트절크댄스학원,서울특별시 마포구 잔다리로3길 31,기예(대),기예(중),댄스,150,20180302,20250803
마포구,교습소,조이피아노교습소,서울특별시 마포구 백범로17길 14,예능(대),예능(중),피아노 초급,32,20180307,20260426
은평구,학원,청담어학원은평제2학원,서울특별시 은평구 진관2로 29-21,국제화,외국어,"실용외국어(유아/초?중?고),",30,20180306,20231018
노원구,학원,국풍2000중계2관학원,서울특별시 노원구 중계로 202,입시.검정 및 보습,보통교과,보습?논술,0,20180312,20260802
강남구,교습소,대왕수학교습소,서울특별시 강남구 광평로31길 27,입시.검정 및 보습,보통교과,,25,20180302,20231018
성동구,학원,더키즈클래식아카데미음악학원,서울특별시 성동구 독서당로40길 39,예능(대),예능(중),음악,0,20180312,20260301
중랑구,교습소,이화빛피아노음악교습소,서울특별시 중랑구 신내역로 165,예능(대),예능(중),초급(바이엘)1,17,20180308,20260201
중랑구,교습소,올림수학교습소,서울특별시 중랑구 면목천로23길 26,입시.검정 및 보습,보통교과,초등수학,12,20180312,20231018
서초구,학원,대한논리독서논술학원,서울특별시 서초구 고무래로10길 27,입시.검정 및 보습,보통교과,"보습?논술,",20,20180313,20231018
송파구,학원,태그멤버스(TAG Members)학원,서울특별시 송파구 충민로6길 17,종합(대),,"기타(소),무용,미술,보습,실용외국어(유아/초?중?고)",73,20180313,20260802
관악구,학원,관악국제이용학원,서울특별시 관악구 은천로 172-1,직업기술,산업응용기술,"이?미용,",61,20180308,20241215
관악구,학원,은천초점뮤엠영어수학학원,서울특별시 관악구 은천로11길 7,입시.검정 및 보습,보통교과,보습,90,20180305,20260201
동작구,학원,에스디(SD)애견미용학원,서울특별시 동작구 동작대로 49,직업기술,일반서비스,애견미용,75,20180313,20250928
양천구,교습소,에스티마영어교습소,서울특별시 양천구 목동서로 77,입시.검정 및 보습,보통교과,초등중급,30,20180313,20231018
성북구,학원,동소문현대음악학원,서울특별시 성북구 아리랑로5길 50-8,예능(대),예능(중),"음악,",120,20180313,20231018
양천구,학원,107수학학원,서울특별시 양천구 목동서로 77,입시.검정 및 보습,보통교과,보습,54,20180314,20250928
강동구,학원,강동닷츠미술학원,서울특별시 강동구 양재대로 1335,예능(대),예능(중),미술,250,20180314,20241215
강서구,교습소,피렌체미술교습소,서울특별시 강서구 강서로 254,예능(대),예능(중),미술(입시)1,18,20180313,20240428
금천구,학원,그릿에듀학원,서울특별시 금천구 시흥대로47길 28-5,종합(대),보통교과,"보습?논술,진학상담지도",420,20180313,20260426
구로구,학원,퀸즈리딩학원,서울특별시 구로구 신도림로19길 7,입시.검정 및 보습,보통교과,보습?논술,76,20180314,20250309
구로구,교습소,예스(YES)수학교습소,서울특별시 구로구 고척로 49,입시.검정 및 보습,보통교과,초등수학(일60분*주5회*4.2주),18,20180312,20260405
구로구,교습소,뮤엠영어신도림동아점영어교습소,서울특별시 구로구 경인로 643,입시.검정 및 보습,보통교과,초등영어A(일54분*주5회*4.2주),90,20180312,20260607
구로구,교습소,퀸즈스토리영어교습소,서울특별시 구로구 신도림로 87,입시.검정 및 보습,보통교과,초등영어(일65분*주5회*4.2주),24,20180314,20260315
강남구,교습소,개념탄탄수학논술교습소,서울특별시 강남구 선릉로 225,입시.검정 및 보습,보통교과,수학논술1-1,24,20180312,20250518
강남구,학원,대치와송학원,서울특별시 강남구 삼성로69길 17,입시.검정 및 보습,보통교과,보습?논술,260,20180212,20250824
은평구,교습소,수국어교습소,서울특별시 은평구 통일로 796,입시.검정 및 보습,보통교과,중등국어,6,20180309,20240128
은평구,교습소,위드잉글리쉬영어교습소,서울특별시 은평구 갈현로33길 24,입시.검정 및 보습,보통교과,,9,20180309,20231018
강남구,교습소,대치박기호입시컨설팅교습소,서울특별시 강남구 도곡로 413,입시.검정 및 보습,보통교과,상담1,4,20180306,20240128
양천구,교습소,테라과학교습소,서울특별시 양천구 목동동로 393,입시.검정 및 보습,보통교과,,18,20180314,20231018
양천구,교습소,제이200수학교습소,서울특별시 양천구 목동서로2길 22,입시.검정 및 보습,보통교과,,8,20180314,20231018
노원구,학원,스터디포스캠프중계학원,서울특별시 노원구 노원로22길 77,입시.검정 및 보습,보통교과,보습,12,20180319,20260426
중랑구,교습소,EL영어교습소,서울특별시 중랑구 신내로17길 83,국제화,외국어,초등영어A,25,20180319,20251214
강동구,학원,삼성영어스마트쎈선사교실학원,서울특별시 강동구 상암로3길 24,입시.검정 및 보습,보통교과,보습,158,20180315,20260315
구로구,학원,새솔뮤엠영어수학학원,서울특별시 구로구 공원로 35,입시.검정 및 보습,보통교과,"보습,",480,20180319,20231018
송파구,학원,종이보다큰그림미술학원,서울특별시 송파구 송이로36길 55-1,예능(대),예능(중),"미술,",100,20180319,20240707
은평구,교습소,홍쌤영어교습소,서울특별시 은평구 진관1로 21-9,입시.검정 및 보습,보통교과,초등 영어,18,20180312,20240707
송파구,학원,배우로갑니다연기학원,서울특별시 송파구 송파대로 415,기타(대),기타(중),,18,20180319,20231018
중랑구,교습소,성신공간미술교습소,서울특별시 중랑구 용마산로100길 35,예능(대),예능(중),미술(초중급)1,21,20180320,20250309
영등포구,학원,엠아이씨(MIC)영어학원,서울특별시 영등포구 여의대방로 207,입시.검정 및 보습,보통교과,"보습,",75,20180320,20231231
구로구,교습소,개봉플라톤아카데미독서토론논술교습소,서울특별시 구로구 경인로 382,입시.검정 및 보습,보통교과,M플라톤(중등)(일170분*주1회*4.2주),136,20180320,20260628
강동구,학원,눈높이러닝센터성안학원,서울특별시 강동구 성안로 61,입시.검정 및 보습,보통교과,보습,642,20180320,20260614
성북구,학원,마하스타초중고영수학원,서울특별시 성북구 월계로40길 7,입시.검정 및 보습,보통교과,보습?논술,248,20180319,20260329
성북구,학원,바른사고2관학원,서울특별시 성북구 동소문로 248,입시.검정 및 보습,보통교과,"보습?논술,",327,20180319,20260628
성북구,학원,과수원과학수학전문학원,서울특별시 성북구 화랑로 210-6,입시.검정 및 보습,보통교과,"보습,",267,20180321,20240714
관악구,교습소,창의사고력플레이팩토놀이수학교습소,서울특별시 관악구 쑥고개로 100,기타(대),기타(중),놀이수학1,18,20180321,20231018
광진구,학원,몽아뜰리에미술학원,서울특별시 광진구 광나루로54길 83,기예(대),예능(중),,225,20180314,20250622
송파구,학원,새봄국어학원,서울특별시 송파구 삼전로 92,입시.검정 및 보습,보통교과,보습,200,20180322,20240707
동작구,학원,팝아트실용음악학원,서울특별시 동작구 사당로 215,예능(대),예능(중),음악,245,20180322,20240428
동작구,학원,호크마차일드스터디학원,서울특별시 동작구 사당로23나길 34,입시.검정 및 보습,보통교과,보습?논술,220,20180322,20250629
광진구,교습소,아르떼미술교습소,서울특별시 광진구 군자로 86-1,예능(대),예능(중),,5,20180320,20250309
광진구,교습소,혜자영어교습소,서울특별시 광진구 자양번영로5길 37-2,입시.검정 및 보습,보통교과,,27,20180321,20231018
강서구,교습소,동화그리는아이미술교습소,서울특별시 강서구 강서로 348,예능(대),예능(중),미술1,6,20180321,20250831
광진구,교습소,키즈플레이아트미술교습소,서울특별시 광진구 자양번영로4길 42-22,예능(대),예능(중),미술1,12,20180321,20231018
강북구,교습소,리앤슨영어교습소,서울특별시 강북구 삼양로19길 102,입시.검정 및 보습,,초등(저),45,20180207,20240908
양천구,학원,거산학원,서울특별시 양천구 오목로 285,입시.검정 및 보습,보통교과,보습?논술,78,20180322,20260215
강북구,교습소,피카소아트미술교습소,서울특별시 강북구 도봉로38길 37,예능(대),예능(중),중급B,12,20180323,20241006
구로구,학원,바닐라영어학원,서울특별시 구로구 개봉로16길 39,입시.검정 및 보습,보통교과,보습,24,20180323,20250126
은평구,교습소,피아노샘음악교습소,서울특별시 은평구 은평로8길 35,예능(대),예능(중),초급 피아노,12,20180309,20250112
은평구,교습소,우리해법수학교습소,서울특별시 은평구 통일로 780,입시.검정 및 보습,보통교과,,27,20180222,20231018
강남구,교습소,은수학교습소,서울특별시 강남구 삼성로 225,입시.검정 및 보습,보통교과,고3수학,12,20180322,20260405
강남구,학원,로얄클래식음악학원,서울특별시 강남구 강남대로120길 38,예능(대),예능(중),음악,175,20180322,20250330
강남구,학원,연세제타학원,서울특별시 강남구 자곡로 108,입시.검정 및 보습,보통교과,"보습,",36,20180322,20231018
도봉구,교습소,홍익아트미술교습소,서울특별시 도봉구 해등로 190,예능(대),예능(중),미술1,45,20180326,20250824
강남구,학원,스터디브릭스학원,서울특별시 강남구 삼성로 317,입시.검정 및 보습,진학지도,진학상담지도,270,20180313,20260405
서대문구,교습소,더?(The#)피아노스토리음악교습소,서울특별시 서대문구 통일로 510,예능(대),예능(중),콩쿨반(고급),30,20180326,20231113
종로구,학원,발레웨스트학원,서울특별시 종로구 사직로 107,기예(대),기예(중),,48,20180326,20250928
구로구,교습소,뮤엠영어웨스턴시드니영어교습소,서울특별시 구로구 경인로19길 34,입시.검정 및 보습,보통교과,,36,20180326,20231018
동작구,교습소,나은수학교습소,서울특별시 동작구 여의대방로10길 13,입시.검정 및 보습,보통교과,초등수학A,16,20180326,20250601
동작구,교습소,채움영어교습소,서울특별시 동작구 여의대방로 30,입시.검정 및 보습,보통교과,영어A,40,20180326,20251123
동대문구,학원,예일Ⅱ어학원,서울특별시 동대문구 한천로 127,국제화,외국어,실용외국어(유아/초?중?고),101,20180327,20250309
양천구,학원,수학은곱하고과학은더하고학원,서울특별시 양천구 오목로7길 28,입시.검정 및 보습,보통교과,보습,110,20180327,20250803
마포구,교습소,리딩앤영어교습소,서울특별시 마포구 방울내로 40,국제화,외국어,단과영어,63,20180313,20250330
마포구,학원,에스디아모패션전문학원,서울특별시 마포구 와우산로29라길 8,직업기술,산업응용기술,디자인,27,20180313,20231018
마포구,학원,지와미미술학원,서울특별시 마포구 어울마당로 94-7,예능(대),예능(중),,232,20180314,20231018
송파구,학원,빅맨수학송파점학원,서울특별시 송파구 가락로 140,입시.검정 및 보습,보통교과,보습,150,20180329,20260621
강동구,교습소,랑이쌤컴퓨터교습소,서울특별시 강동구 고덕로 266,기타(대),기타(중),,20,20180328,20231018
송파구,교습소,피아노미애음악교습소,서울특별시 송파구 위례성대로16길 16,예능(대),예능(중),"실용음악A(4주)(주3회,회50분)",24,20180328,20250928
중랑구,교습소,수학잘가르치는곳수학교습소,서울특별시 중랑구 면목로23길 23,입시.검정 및 보습,보통교과,,15,20180329,20231018
서초구,학원,더큰생각수학학원,서울특별시 서초구 고무래로 6-3,입시.검정 및 보습,보통교과,"보습?논술,",36,20180321,20231018
동작구,학원,인잉글리쉬영어학원,서울특별시 동작구 상도로56길 4,입시.검정 및 보습,보통교과,보습,195,20180329,20240908
강남구,교습소,제이플러스수학교습소,서울특별시 강남구 삼성로61길 41,입시.검정 및 보습,보통교과,주2반A,5,20180329,20241215
송파구,학원,서울미란다경찰소방군무원학원,서울특별시 송파구 동남로 132,인문사회(대),인문사회(중),성인고시,370,20180330,20251109
성동구,학원,쇼팽앤음악학원,서울특별시 성동구 성수일로4길 2,예능(대),예능(중),,110,20180330,20231018
양천구,학원,목동바른미술학원,서울특별시 양천구 오목로 279,예능(대),예능(중),미술,100,20180330,20250112
송파구,교습소,마녀수학교습소,서울특별시 송파구 문정로 195,입시.검정 및 보습,보통교과,"초3,4(주4회,회150분)",24,20180330,20250727
강동구,교습소,이지펀수학교습소,서울특별시 강동구 고덕로 110,입시.검정 및 보습,보통교과,"초등수학A(4주)(주2회,회95분)",30,20180329,20260712
양천구,교습소,타이거매쓰수학교습소,서울특별시 양천구 목동서로2길 20,입시.검정 및 보습,보통교과,고등수학3,28,20180327,20231210
양천구,교습소,유캔수학교습소,서울특별시 양천구 목동동로 339,입시.검정 및 보습,보통교과,,20,20180329,20231113
양천구,교습소,시그마전문수학교습소,서울특별시 양천구 중앙로32길 67,입시.검정 및 보습,보통교과,수학(중등),9,20180329,20231018
강남구,학원,뮤엠영어폴리오국어논술대치캠퍼스학원,서울특별시 강남구 역삼로74길 25,입시.검정 및 보습,보통교과,"보습,",35,20180309,20250720
강남구,교습소,마리아트미술교습소,서울특별시 강남구 도산대로85길 30,예능(대),예능(중),아동미술(유아),10,20180329,20260628
서초구,교습소,두드림박스(dodream box)음악교습소,서울특별시 서초구 신반포로23길 41,예능(대),예능(중),,2,20180322,20231018
강동구,학원,더블랙에듀학원,서울특별시 강동구 양재대로 1327,입시.검정 및 보습,보통교과,보습,160,20180402,20260809
강서구,학원,다이나모영어학원,서울특별시 강서구 양천로 619,입시.검정 및 보습,보통교과,보습,120,20180402,20260607
양천구,학원,바른마테마티카학원,서울특별시 양천구 목동동로12길 19,입시.검정 및 보습,보통교과,,110,20180402,20231018
서초구,학원,엔닷어학원,서울특별시 서초구 고무래로 6-10,국제화,외국어,"실용외국어(유아/초?중?고),",16,20180402,20231018
성북구,교습소,솔리드수학교습소,서울특별시 성북구 오패산로 46,입시.검정 및 보습,보통교과,초등수학A,20,20180402,20260802
광진구,학원,비트믹스댄스학원,서울특별시 광진구 동일로 130,예능(대),예능(중),"무용,",74,20180330,20251116
강서구,교습소,도토리미술실미술교습소,서울특별시 강서구 양천로67길 99,예능(대),예능(중),미술1,3,20180402,20260621
강서구,교습소,큐스터디수학교습소,서울특별시 강서구 등촌로13다길 32-11,입시.검정 및 보습,보통교과,수학A(초등),95,20180402,20250126
강남구,학원,엘브라운제2캠퍼스학원,서울특별시 강남구 삼성로64길 46,입시.검정 및 보습,보통교과,보습?논술,230,20180323,20260329
서초구,학원,맥스러닝랩학원,서울특별시 서초구 서초대로53길 15,입시.검정 및 보습,보통교과,"보습?논술,",80,20180329,20241215
양천구,학원,뮤엠영어시드니캠퍼스2관학원,서울특별시 양천구 오목로5길 4,입시.검정 및 보습,보통교과,보습,48,20180403,20250330
송파구,학원,와이(Y)발레스튜디오학원,서울특별시 송파구 새말로 128,예능(대),예능(중),"무용,",90,20180403,20231018
마포구,학원,가디언어학원,서울특별시 마포구 월드컵북로 434,국제화,외국어,실용외국어(유아/초?중?고),48,20180313,20240428
서초구,학원,권쌤쇼호스트학원,서울특별시 서초구 방배로23길 19,기예(대),기예(중),,24,20180329,20231018
동대문구,교습소,꿈비서당한문교습소,서울특별시 동대문구 장한로14길 81,입시.검정 및 보습,보통교과,초등한문,30,20180404,20231018
노원구,학원,인스카이승무원학원,서울특별시 노원구 동일로 1426,기타(대),기타(중),항공승무원,74,20180405,20260607
강남구,교습소,김수용프로바둑교습소,서울특별시 강남구 삼성로 212,기타(대),기타(중),바둑1,36,20180329,20231018
동대문구,학원,박은주음악학원,서울특별시 동대문구 사가정로 65,예능(대),예능(중),음악,70,20180409,20260426
성북구,교습소,사려깊은수학교습소,서울특별시 성북구 성북로4길 52,입시.검정 및 보습,보통교과,고등수학,12,20180406,20240908
서초구,교습소,아트스튜디오(ART STUDIO)우주미술교습소,서울특별시 서초구 방배로 269,예능(대),예능(중),초급1,82,20180307,20260712
서초구,교습소,지니프라임영어교습소,서울특별시 서초구 사임당로 151,입시.검정 및 보습,보통교과,영어,65,20180307,20231018
동대문구,학원,YBM잉글루장안캠퍼스&더원영어학원,서울특별시 동대문구 사가정로 207,입시.검정 및 보습,보통교과,보습,25,20180410,20250112
노원구,학원,제이킴스잉글리쉬바른학원,서울특별시 노원구 공릉로34길 10-5,입시.검정 및 보습,보통교과,보습?논술,50,20180411,20260607
광진구,교습소,열방영어교습소,서울특별시 광진구 긴고랑로36길 71,입시.검정 및 보습,보통교과,초등영어,21,20180410,20231018
서초구,교습소,라온피아노음악교습소,서울특별시 서초구 동광로 4,예능(대),예능(중),피아노초급A,90,20180410,20260329
동대문구,학원,매쓰폴리아수학전문학원,서울특별시 동대문구 사가정로 147,입시.검정 및 보습,보통교과,보습,260,20180411,20250727
강서구,교습소,행복한그림이야기미술교습소,서울특별시 강서구 등촌로51길 11,예능(대),예능(중),,14,20180410,20231018
구로구,학원,이펜영수학원,서울특별시 구로구 천왕로 32,입시.검정 및 보습,보통교과,,120,20180411,20260208
금천구,학원,캣츠댄스학원,서울특별시 금천구 시흥대로 440,예능(대),예능(중),"무용,",95,20180411,20231018
강남구,학원,발레앤모델(BALLET&MODEL)어학원,서울특별시 강남구 강남대로 292,종합(대),,"무용,실용외국어(유아/초?중?고)",44,20180411,20260405
강남구,교습소,와이에스이에듀대치진로진학상담지도교습소,서울특별시 강남구 삼성로67길 8-6,입시.검정 및 보습,보통교과,진학상담지도,1,20180410,20231018
성북구,학원,서울동소문점작심독서실,서울특별시 성북구 동소문로13길 4,독서실,독서,"독서실(유아/초?중?고),",69,20180411,20250928
강서구,학원,엠베스트국풍2000국어학원,서울특별시 강서구 수명로 80,입시.검정 및 보습,보통교과,,75,20180411,20231018
강남구,학원,한국정보보호교육학원,서울특별시 강남구 남부순환로 2645,직업기술,컴퓨터,,344,20100714,20251005
용산구,학원,지니어스애비뉴파크어학원,서울특별시 용산구 한남대로20길 47-5,국제화,외국어,,0,20180411,20260215
서대문구,학원,JMC학원,서울특별시 서대문구 모래내로 279,기타(대),기타(중),기타(소),90,20180410,20260201
강남구,학원,입사미미술학원,서울특별시 강남구 선릉로 565,입시.검정 및 보습,진학지도,진학상담지도,249,20180409,20260426
서초구,학원,이투스ECI원격학원,서울특별시 서초구 남부순환로 2547,종합(대),,"보습?논술,",3,20180410,20250824
은평구,학원,사계절프리미엄독서실,서울특별시 은평구 서오릉로 82,독서실,독서,독서실(일반인),1024,20180410,20260201
관악구,학원,케이엔제이(KNJ)학원,서울특별시 관악구 남부순환로 1648,입시.검정 및 보습,보통교과,보습,810,20180411,20260329
마포구,학원,두이스트(DOOIST)학원,서울특별시 마포구 신촌로 232,입시.검정 및 보습,보통교과,"보습,",672,20180403,20260628
마포구,교습소,더매쓰수학전문수학교습소,서울특별시 마포구 토정로31길 77,입시.검정 및 보습,보통교과,초등수학1,36,20180406,20251116
마포구,학원,건택사단연기학원,서울특별시 마포구 독막로3길 39,기타(대),기타(중),,106,20180411,20231018
동작구,학원,강한수학과학학원,서울특별시 동작구 상도로 294,입시.검정 및 보습,보통교과,"보습?논술,",1480,20180416,20231018
광진구,학원,비트믹스온더탑학원,서울특별시 광진구 동일로 130,기예(대),기예(중),,125,20180413,20231018
강서구,학원,탑브레인학원,서울특별시 강서구 강서로 315,입시.검정 및 보습,보통교과,보습?논술,272,20180416,20250420
금천구,교습소,본다빈치미술교습소,서울특별시 금천구 벚꽃로 30,예능(대),예능(중),미술(일190분*주1회*4.2주),54,20180416,20260329
강남구,학원,패스트캠퍼스강남학원,서울특별시 강남구 강남대로 364,종합(대),,"경영,금융,부동산,컴퓨터(정보처리,통신기기,인터넷,소프트웨어)",33402,20180413,20260607
양천구,학원,플레이팩토목동수학학원,서울특별시 양천구 목동동로 339,입시.검정 및 보습,보통교과,"보습?논술,",71,20180416,20260607
송파구,학원,JF실용음악학원,서울특별시 송파구 오금로44가길 2,예능(대),예능(중),음악,384,20180416,20251116
동작구,교습소,황정희감성글쓰기논술교습소,서울특별시 동작구 서달로 150,입시.검정 및 보습,보통교과,초등논술,6,20180416,20231018
강동구,학원,고덕우주미술학원,서울특별시 강동구 아리수로50길 50,예능(대),예능(중),미술,60,20180416,20260809
양천구,학원,즐거운음악학원,서울특별시 양천구 목동중앙북로16길 58,예능(대),예능(중),음악,90,20180416,20240225
강서구,학원,에스이씨(SEC)영어학원,서울특별시 강서구 강서로 277,입시.검정 및 보습,보통교과,보습,98,20180417,20260712
송파구,학원,에코아틀리에게임스튜디오학원,서울특별시 송파구 올림픽로8길 13,직업기술,문화관광,"캐릭터,",10,20180417,20231018
강북구,학원,H?A수학학원,서울특별시 강북구 도봉로 164,입시.검정 및 보습,보통교과,보습?논술,668,20180306,20260315
강동구,학원,공부습관관리형스터디센터독서실,서울특별시 강동구 아리수로68길 44,독서실,독서,,260,20180418,20240714
영등포구,학원,아이캔댄스학원,서울특별시 영등포구 영등포로46길 4,기예(대),기예(중),,120,20180418,20231018
서대문구,학원,위드아트미술학원,서울특별시 서대문구 통일로 397,예능(대),예능(중),"미술,",41,20180419,20231018
송파구,학원,김남희포리카아카데미미용학원,서울특별시 송파구 송파대로 278,직업기술,산업기반기술,,180,20180419,20241215
금천구,교습소,이본느미술교습소,서울특별시 금천구 범안로 1136,예능(대),예능(중),,6,20180419,20231018
성북구,교습소,푸른하늘은하수미술교습소,서울특별시 성북구 장위로15길 7,예능(대),예능(중),중급미술A,18,20180419,20240908
강북구,교습소,뮤즈앤피아노음악교습소,서울특별시 강북구 인수봉로 55-1,예능(대),예능(중),,27,20180419,20231018
강동구,교습소,루시즈잉글리쉬영어교습소,서울특별시 강동구 아리수로68길 44,입시.검정 및 보습,보통교과,"초등영어특강A(4.2주)(주2회,회180분)",6,20180420,20260705
강남구,학원,이에프인터내셔널랭귀지캠퍼스코리아학원,서울특별시 강남구 언주로157길 11,국제화,외국어,"실용외국어(유아/초?중?고),",17,20180416,20231018
강남구,학원,잇올스파르타독학재수학원,서울특별시 강남구 강남대로78길 12,입시.검정 및 보습,보통교과,보습?논술,120,20180417,20260426
강남구,학원,잇올스파르타관리형프리미엄독서실,서울특별시 강남구 강남대로78길 12,독서실,독서,독서실(일반인),720,20180417,20260426
송파구,학원,애니포스만화학원,서울특별시 송파구 송파대로38길 5,기타(대),기타(중),만화,200,20180420,20260301
강서구,교습소,아띠랩미술교습소,서울특별시 강서구 공항대로41길 51,예능(대),예능(중),미술회화1,36,20180420,20231018
관악구,학원,티원수학학원,서울특별시 관악구 신림로 169,입시.검정 및 보습,보통교과,"보습,",50,20180423,20231018
성동구,교습소,그리도미술교습소,서울특별시 성동구 무수막길 72,예능(대),예능(중),정규미술1,35,20180423,20250126
동작구,교습소,토론하는아이들날개달기국어교습소,서울특별시 동작구 만양로 19,입시.검정 및 보습,보통교과,중등국어,12,20180424,20250727
관악구,교습소,소올미술교습소,서울특별시 관악구 은천로25길 63,예능(대),예능(중),고급,63,20180424,20260719
구로구,교습소,마이미(Mymi)무용교습소,서울특별시 구로구 오류로8길 20,예능(대),예능(중),,63,20260304,20260308
서대문구,학원,가재울이화음악학원,서울특별시 서대문구 가재울로 43,예능(대),예능(중),,240,20180423,20231018
은평구,교습소,오감미술교습소,서울특별시 은평구 서오릉로17길 18-5,예능(대),예능(중),미술 고급A-1,30,20180417,20231018
노원구,교습소,상상미술교습소,서울특별시 노원구 한글비석로 474,예능(대),예능(중),미술1,27,20180425,20250309
강남구,학원,그린섬프리어미술학원,서울특별시 강남구 선릉로 340,예능(대),예능(중),미술,320,20180424,20260329
은평구,교습소,영미수학교습소,서울특별시 은평구 갈현로1길 28-2,입시.검정 및 보습,보통교과,초등수학,10,20180411,20250601
은평구,학원,연세스마트학원,서울특별시 은평구 갈현로1길 21,입시.검정 및 보습,보통교과,보습,120,20180411,20260426
은평구,교습소,제이기타교습소,서울특별시 은평구 은평로 202,예능(대),예능(중),통기타초급,35,20180423,20250525
강동구,학원,세준수학과학학원,서울특별시 강동구 양재대로 1319,입시.검정 및 보습,보통교과,,50,20180425,20260308
광진구,교습소,켈리잉글리시영어교습소,서울특별시 광진구 뚝섬로64길 38,입시.검정 및 보습,보통교과,파닉스초등영어,75,20180425,20231018
양천구,학원,잇올스파르타목동1관리형프리미엄독서실,서울특별시 양천구 목동로 183,독서실,독서,독서실(유아/초?중?고),1212,20180425,20260426
노원구,교습소,참바른글씨펜글씨교습소,서울특별시 노원구 동일로218길 35,기타(대),기타(중),펜글씨 연습(고등),8,20180427,20260809
노원구,학원,미술공장아트토리학원,서울특별시 노원구 상계로 74,기예(대),기예(중),미술,90,20180427,20250720
양천구,학원,잇올스파르타목동1독학재수학원,서울특별시 양천구 목동로 183,입시.검정 및 보습,보통교과,보습?논술,288,20180425,20260426
양천구,학원,백선생영어학원,서울특별시 양천구 목동남로4길 6-23,입시.검정 및 보습,보통교과,"보습,",50,20180425,20231018
양천구,교습소,바른길과학교습소,서울특별시 양천구 목동동로 385,입시.검정 및 보습,보통교과,,18,20180425,20231018
성북구,교습소,더올수학교습소,서울특별시 성북구 보문로 147,입시.검정 및 보습,보통교과,초등수학,12,20180427,20260607
노원구,학원,한울학원,서울특별시 노원구 공릉로38길 23-6,입시.검정 및 보습,보통교과,보습?논술,172,20180430,20260809
강남구,학원,시대인재특목센터2학원,서울특별시 강남구 삼성로 329,입시.검정 및 보습,보통교과,보습?논술,1131,20180420,20260705
강남구,학원,윤도영본관3학원,서울특별시 강남구 삼성로61길 22,입시.검정 및 보습,보통교과,보습?논술,1080,20180420,20250518
서초구,학원,더매쓰Junior수학전문학원,서울특별시 서초구 양재대로2길 116-6,입시.검정 및 보습,보통교과,보습,52,20180420,20260208
송파구,교습소,잠실5단지점뮤엠영어교습소,서울특별시 송파구 올림픽로 203,입시.검정 및 보습,보통교과,"(초등)white(주5회,회60분)",64,20180430,20260614
동대문구,교습소,경희엔젤음악교습소,서울특별시 동대문구 회기로25길 55,예능(대),예능(중),,27,20180501,20231018
마포구,학원,강시내음악학원,서울특별시 마포구 만리재로 133,예능(대),예능(중),음악,60,20180426,20240707
마포구,교습소,하늘나무한자교습소,서울특별시 마포구 월드컵북로 230,입시.검정 및 보습,보통교과,초등한자,10,20180420,20231018
강남구,학원,사고력수학시매쓰학원,서울특별시 강남구 도곡로 408,입시.검정 및 보습,보통교과,보습?논술,56,20180501,20250413
노원구,교습소,그림그리다미술교습소,서울특별시 노원구 한글비석로52길 6,예능(대),예능(중),미술 F,25,20200408,20260607
구로구,교습소,문쌤수학교습소,서울특별시 구로구 구일로4길 30,입시.검정 및 보습,보통교과,초등수학(일60분*주5회*4.2주),16,20180502,20231018
광진구,교습소,라벨비음악교습소,서울특별시 광진구 용마산로3길 104,예능(대),예능(중),마에스트로(입시2),39,20180502,20241215
강동구,학원,원탑학원,서울특별시 강동구 상암로41길 9,입시.검정 및 보습,보통교과,보습,72,20180503,20250330
강남구,교습소,권수학교습소,서울특별시 강남구 선릉로6길 10,입시.검정 및 보습,보통교과,수학,4,20180502,20231018
강남구,교습소,스토리수학교습소,서울특별시 강남구 선릉로 225,입시.검정 및 보습,보통교과,"초등, 중등",15,20180502,20231018
용산구,교습소,삼성영어셀레나영어교습소,서울특별시 용산구 새창로 70,입시.검정 및 보습,보통교과,,48,20180502,20250907
양천구,교습소,그래비티뮤직스튜디오음악교습소,서울특별시 양천구 은행정로1길 10,예능(대),예능(중),입시기타,21,20180503,20241215
양천구,교습소,행복한수학교습소,서울특별시 양천구 목동서로 77,입시.검정 및 보습,보통교과,,12,20180503,20241215
용산구,교습소,토론하는아이들김소영국어교습소,서울특별시 용산구 새창로 70,입시.검정 및 보습,보통교과,초등논술1,48,20180502,20250112
종로구,교습소,생각나무미술교습소,서울특별시 종로구 송월길 155,예능(대),예능(중),,21,20180502,20250713
은평구,교습소,스터디타수학교습소,서울특별시 은평구 연서로 47,입시.검정 및 보습,보통교과,초등수학(초급),15,20180412,20231018
은평구,교습소,바움스터디수학교습소,서울특별시 은평구 통일로85길 10-3,입시.검정 및 보습,보통교과,,18,20180409,20231018
은평구,교습소,뉴뮤직트리음악교습소,서울특별시 은평구 은평로3길 26,예능(대),예능(중),,49,20180425,20231018
중랑구,교습소,그랜드음악교습소,서울특별시 중랑구 면목로33길 38,예능(대),예능(중),바이엘(초급),18,20180504,20241006
서초구,교습소,스튜디오6120미술교습소,서울특별시 서초구 방배로 28,예능(대),예능(중),,12,20180502,20231018
강동구,교습소,꿈그린미술교습소,서울특별시 강동구 아리수로94길 19,예능(대),예능(중),,9,20180504,20250727
서초구,교습소,라라랜드미술교습소,서울특별시 서초구 방배로42길 23-3,예능(대),예능(중),종합아트,7,20180505,20260315
서초구,학원,리드윈학원,서울특별시 서초구 서초대로78길 34,입시.검정 및 보습,보통교과,보습?논술,204,20180430,20260705
서초구,학원,사당기술사학원,서울특별시 서초구 방배천로8길 5,직업기술,산업기반기술,건축,246,20180424,20251102
강남구,학원,제이프랩스쿨어학원,서울특별시 강남구 역삼로 448,국제화,외국어,"실용외국어(유아/초?중?고),",18,20180503,20231018
송파구,학원,뛰어노는논술학원,서울특별시 송파구 백제고분로19길 27,입시.검정 및 보습,보통교과,보습,234,20180508,20250629
강서구,학원,더뉴웨스트영어학원,서울특별시 강서구 강서로 327,입시.검정 및 보습,보통교과,"보습?논술,",225,20180508,20231018
관악구,학원,집중소신림3하임집현당독서실,서울특별시 관악구 호암로24길 21,독서실,독서,독서실(일반인),0,20180509,20260628
양천구,교습소,아이탑영어교습소,서울특별시 양천구 오목로46길 1,입시.검정 및 보습,보통교과,초등영어A,91,20180509,20250112
구로구,학원,와이비엠(YBM)잉글루구로온수제1캠퍼스학원,서울특별시 구로구 부일로9길 87,입시.검정 및 보습,보통교과,보습,90,20180509,20260308
강남구,학원,이화엘음악학원,서울특별시 강남구 개포로22길 94,예능(대),예능(중),"음악,",32,20180509,20240908
서초구,학원,뉴턴지니어스센터학원,서울특별시 서초구 사임당로8길 38,입시.검정 및 보습,보통교과,보습,135,20180510,20251005
용산구,교습소,맥스터디과학교습소,서울특별시 용산구 이촌로 276,입시.검정 및 보습,보통교과,,20,20180510,20250309
광진구,학원,제이투(JTWO)영어학원,서울특별시 광진구 용마산로 95,입시.검정 및 보습,보통교과,,60,20180510,20231018
노원구,학원,엠(M)수학학원,서울특별시 노원구 동일로 1393,입시.검정 및 보습,보통교과,보습,100,20180514,20241006
양천구,학원,입시동행라엘원격학원,서울특별시 양천구 목동로 173,입시.검정 및 보습,진학지도,"진학상담지도,",12002,20180514,20260201
성북구,교습소,오름과학교습소,서울특별시 성북구 성북로4길 52,입시.검정 및 보습,보통교과,,12,20180511,20240519
관악구,교습소,매쓰스터디수학교습소,서울특별시 관악구 구암길 27,입시.검정 및 보습,보통교과,중등수학1,108,20180514,20231018
강남구,학원,조민규영어학원,서울특별시 강남구 삼성로72길 64,입시.검정 및 보습,보통교과,"보습,보습?논술",56,20180514,20260607
강남구,교습소,대치하이수학교습소,서울특별시 강남구 삼성로 212,입시.검정 및 보습,보통교과,중고등수학c,8,20180514,20260607
강동구,학원,클라인수학보습학원,서울특별시 강동구 올림픽로 765,입시.검정 및 보습,보통교과,보습,190,20180514,20250112
서대문구,교습소,이탑(E.Top)영어교습소,서울특별시 서대문구 독립문공원길 13,입시.검정 및 보습,보통교과,,4,20180425,20260607
강남구,교습소,훈민정필바른글씨국어교습소,서울특별시 강남구 선릉로64길 15-12,입시.검정 및 보습,보통교과,,21,20180515,20231018
구로구,교습소,책깨비글깨비독서논술교습소,서울특별시 구로구 구로중앙로27가길 30,입시.검정 및 보습,보통교과,,8,20180515,20231018
양천구,학원,씨에스아카데미(CS Academy)2관학원,서울특별시 양천구 목동서로 61,입시.검정 및 보습,보통교과,보습?논술,30,20180515,20251123
마포구,학원,서강탑학원,서울특별시 마포구 서강로1길 6,입시.검정 및 보습,보통교과,"보습,",156,20180501,20231018
동대문구,교습소,서강엘프라임영어교습소,서울특별시 동대문구 사가정로 65,입시.검정 및 보습,보통교과,중등영어A,42,20180515,20231018
중랑구,학원,와튼잉글리쉬학원,서울특별시 중랑구 용마산로 669,입시.검정 및 보습,보통교과,보습,30,20180516,20260201
마포구,학원,미디런아카데미학원,서울특별시 서대문구 신촌로 57-1,직업기술,,"컴퓨터(정보처리,통신기기,인터넷,소프트웨어),",195,20180510,20250629
강남구,학원,인생뮤직학원,서울특별시 강남구 논현로167길 19,종합(대),,실용음악(성악),380,20180514,20250824
강남구,교습소,나를바꾸는영어영어교습소,서울특별시 강남구 논현로163길 13-5,국제화,외국어,초등 Inter,21,20180516,20231018
동작구,교습소,날자수학교습소,서울특별시 동작구 만양로 19,입시.검정 및 보습,보통교과,중등수학 1,21,20180517,20250727
강동구,학원,혜성수학학원,서울특별시 강동구 동남로81길 94,입시.검정 및 보습,보통교과,보습,150,20180517,20260426
강동구,교습소,미래엔영어강동초점영어교습소,서울특별시 강동구 상암로12길 20,입시.검정 및 보습,보통교과,"초등3회(주3회,회60분)",36,20180517,20240623
강남구,학원,잉크(ink)미술학원,서울특별시 강남구 역삼로 423,예능(대),예능(중),미술,255,20180514,20260301
서초구,교습소,이즈(EASE)발레교습소,서울특별시 서초구 서래로8길 1,예능(대),예능(중),발레,8,20180517,20231018
노원구,교습소,미래엔수학중계교실수학교습소,서울특별시 노원구 노원로22길 77,입시.검정 및 보습,보통교과,초등수학 1,50,20180518,20250518
서대문구,학원,민정수학전문학원,서울특별시 서대문구 거북골로14길 32,입시.검정 및 보습,보통교과,보습,261,20180509,20260329
은평구,학원,에이치투국어전문학원,서울특별시 은평구 연서로 142,입시.검정 및 보습,보통교과,보습,160,20180511,20241215
도봉구,학원,정수학에듀학원,서울특별시 도봉구 노해로69길 26,입시.검정 및 보습,보통교과,보습?논술,60,20180521,20260426
관악구,학원,뮤엠영어당곡드림학원,서울특별시 관악구 보라매로2길 8,입시.검정 및 보습,보통교과,"보습,",30,20180517,20231018
강남구,학원,지필드(G-FIELD)영재교육학원,서울특별시 강남구 역삼로 460-2,입시.검정 및 보습,보통교과,"보습?논술,",100,20180518,20231018
강남구,학원,수학의미래학원,서울특별시 강남구 역삼로78길 18,입시.검정 및 보습,보통교과,"보습,보습?논술",704,20180516,20250223
서초구,학원,배우앤배움키즈센터학원,서울특별시 서초구 사평대로57길 135,기타(대),기타(중),기타(소),18,20190115,20250914
광진구,학원,엠스트학원,서울특별시 광진구 자양로 249,입시.검정 및 보습,보통교과,보습,140,20180518,20240128
영등포구,학원,예설라영등포여의도학원,서울특별시 영등포구 국제금융로 78,입시.검정 및 보습,보통교과,보습,80,20180521,20260201
은평구,학원,두드림황소수학학원,서울특별시 은평구 백련산로 38,입시.검정 및 보습,보통교과,보습,29,20180514,20260301
은평구,학원,더높임학원,서울특별시 은평구 서오릉로 15,입시.검정 및 보습,보통교과,보습,225,20180504,20250420
은평구,학원,혜윰국어논술학원,서울특별시 은평구 연서로 130,입시.검정 및 보습,보통교과,보습?논술,300,20180511,20251005
강서구,학원,아르매쓰수학학원,서울특별시 강서구 강서로47길 40,입시.검정 및 보습,보통교과,보습?논술,79,20180518,20251123
강남구,학원,휘실용음악학원,서울특별시 강남구 언주로168길 7,기예(대),기예(중),실용음악(성악),33,20110405,20251005
중랑구,학원,라라음악학원,서울특별시 중랑구 겸재로 193,예능(대),예능(중),"음악,",213,20180523,20231018
동대문구,학원,해바라기화실미술학원,서울특별시 동대문구 답십리로72길 92,예능(대),예능(중),미술,285,20180523,20260329
동대문구,학원,그레이스댄스아카데미학원,서울특별시 동대문구 고미술로 12,기예(대),기예(중),,120,20180523,20231018
성동구,교습소,굿쌤수학교습소,서울특별시 성동구 무학로 33,입시.검정 및 보습,보통교과,수학,30,20180523,20250209
강남구,학원,시리우스감마학원,서울특별시 강남구 역삼로 505,입시.검정 및 보습,보통교과,"보습?논술,",320,20180523,20231018
양천구,학원,몰입관리형독서실,서울특별시 양천구 목동동로 65,독서실,독서,,93,20180524,20231018
강남구,학원,맘끄취미미술학원,서울특별시 강남구 삼성로86길 14,기예(대),기예(중),"미술,",405,20180525,20231018
강남구,교습소,만하임바이올린음악교습소,서울특별시 강남구 선릉로 305,예능(대),예능(중),바이올린초급,63,20180524,20250420
은평구,교습소,폴라리스영어교습소,서울특별시 은평구 백련산로 84,입시.검정 및 보습,보통교과,,21,20180525,20231018
강남구,학원,수학이랑노는토끼(BPM)학원,서울특별시 강남구 삼성로 150,입시.검정 및 보습,보통교과,보습,24,20180528,20260201
송파구,학원,현시선학원,서울특별시 송파구 마천로 27,입시.검정 및 보습,보통교과,보습,10,20180528,20260201
강남구,학원,리진교육학원,서울특별시 강남구 도곡로 458,입시.검정 및 보습,보통교과,보습?논술,300,20031027,20251005
강남구,교습소,채선생국어교습소,서울특별시 강남구 압구정로 224,입시.검정 및 보습,보통교과,,2,20180528,20231018
서초구,학원,하우솔교육센터학원,서울특별시 서초구 남부순환로350길 8,직업기술,컴퓨터,"컴퓨터(정보처리,통신기기,인터넷,소프트웨어)",72,20220406,20250601
양천구,학원,완벽한수학학원,서울특별시 양천구 목동서로 65,입시.검정 및 보습,보통교과,보습?논술,134,20180528,20260816
성동구,교습소,창의코딩랩컴퓨터교습소,서울특별시 성동구 행당로 108,기타(대),기타(중),프로그래밍A,8,20180529,20250112
송파구,학원,올댓뮤직성인음악학원,서울특별시 송파구 올림픽로 118,기예(대),기예(중),실용음악(성악),40,20180529,20260426
은평구,교습소,아트앤하트갈현미술교습소,서울특별시 은평구 연서로27길 29,예능(대),예능(중),미술1(고급),63,20180511,20231018
강남구,교습소,일리노이클라리넷교습소,서울특별시 강남구 선릉로 225,예능(대),예능(중),초급,3,20180529,20240623
송파구,학원,서연학원,서울특별시 송파구 동남로30길 8,입시.검정 및 보습,보통교과,보습,140,20180530,20231217
중랑구,교습소,아이앤이스터디영어교습소,서울특별시 중랑구 봉화산로30길 74,국제화,외국어,,20,20180528,20250309
영등포구,학원,아세아실용음악학원,서울특별시 영등포구 영등포로 192,예능(대),예능(중),"음악,",45,20180530,20231018
송파구,교습소,가락쌍용수학교실수학교습소,서울특별시 송파구 동남로 189,입시.검정 및 보습,보통교과,,5,20180530,20231018
양천구,학원,킴스수학학원,서울특별시 양천구 오목로 280,입시.검정 및 보습,보통교과,,120,20180531,20260607
서초구,학원,현문국어학원,서울특별시 서초구 서초중앙로31길 6-3,입시.검정 및 보습,보통교과,,20,20180531,20250518
강동구,교습소,리움영어교습소,서울특별시 강동구 상암로 11,입시.검정 및 보습,보통교과,"초등영어(주5회,회50분)",14,20180531,20260208
중랑구,교습소,김쌤영어교습소,서울특별시 중랑구 용마산로113길 18,입시.검정 및 보습,보통교과,초등영어(60분),30,20180531,20260301
강남구,교습소,압구정한길국어교습소,서울특별시 강남구 압구정로34길 11,입시.검정 및 보습,보통교과,,12,20180531,20231018
서초구,학원,비연성장반포황지원국어논술학원,서울특별시 서초구 사평대로2길 20,입시.검정 및 보습,보통교과,"보습?논술,",75,20180531,20231018
강동구,학원,대치퍼스트학원,서울특별시 강동구 구천면로 656,입시.검정 및 보습,보통교과,"보습,",100,20180601,20250112
성동구,학원,이스터디독서실,서울특별시 성동구 무학봉길 57,독서실,독서,,213,20180601,20231018
강동구,교습소,삼익바둑교습소,서울특별시 강동구 명일로 375,기타(대),기타(중),"바둑(주2회,회70분)",18,20180604,20250727
동대문구,교습소,채움영어교습소,서울특별시 동대문구 약령시로 13,입시.검정 및 보습,보통교과,,80,20180531,20231018
양천구,교습소,수특작수학교습소,서울특별시 양천구 목동서로 77,입시.검정 및 보습,보통교과,,12,20180604,20231018
노원구,교습소,이엘피아노음악교습소,서울특별시 노원구 동일로228길 35,예능(대),예능(중),기초1,40,20180605,20250518
은평구,학원,최강멘토영수전문학원,서울특별시 은평구 진관2로 15-46,입시.검정 및 보습,보통교과,,80,20180528,20231018
양천구,교습소,브레이닝수학교습소,서울특별시 양천구 중앙로32길 55,입시.검정 및 보습,보통교과,초등수학1,16,20180604,20231023
양천구,교습소,와우에이아이(AI)수학교습소,서울특별시 양천구 목동중앙남로 42,입시.검정 및 보습,보통교과,고등수학,7,20180604,20240616
서초구,학원,너나들이국어논술학원,서울특별시 서초구 명달로 51,입시.검정 및 보습,보통교과,"보습?논술,",248,20180531,20231018
성북구,학원,지원(G1)학원,서울특별시 성북구 삼양로4길 4,입시.검정 및 보습,보통교과,보습?논술,288,20180604,20250518
송파구,학원,대치메카수학학원,서울특별시 송파구 올림픽로35길 10,입시.검정 및 보습,보통교과,보습,160,20180605,20251214
은평구,학원,눈높이러닝센터응암학원,서울특별시 은평구 은평로8길 15-1,입시.검정 및 보습,보통교과,보습?논술,660,20180601,20260607
양천구,교습소,모모아트미술교습소,서울특별시 양천구 목동중앙북로 38,예능(대),예능(중),,12,20180605,20231018
양천구,학원,청암미술2관학원,서울특별시 양천구 등촌로 186,예능(대),예능(중),미술,50,20180604,20260201
강서구,교습소,리드인독서논술교습소,서울특별시 강서구 강서로45길 118,입시.검정 및 보습,보통교과,논술A,40,20180605,20260201
도봉구,교습소,메카건영수학교습소,서울특별시 도봉구 우이천로20길 7,입시.검정 및 보습,보통교과,수학(초등),18,20180607,20240908
송파구,교습소,지(G)프라임수학교습소,서울특별시 송파구 성내천로 85,입시.검정 및 보습,보통교과,,64,20180607,20250727
송파구,학원,위드스토리아동미술학원,서울특별시 송파구 송파대로37길 8,예능(대),예능(중),,32,20180607,20231018
영등포구,학원,연세나로학원,서울특별시 영등포구 국제금융로 78,입시.검정 및 보습,보통교과,보습,112,20180607,20250330
강동구,학원,씨앤씨(C&C)미술명일캠퍼스학원,서울특별시 강동구 양재대로 1655,예능(대),예능(중),미술,54,20180607,20260329
양천구,학원,포모나사탐학원,서울특별시 양천구 목동서로 61,입시.검정 및 보습,보통교과,보습,0,20180608,20260201
강서구,학원,채움스피치학원,서울특별시 강서구 마곡중앙1로 14,기타(대),기타(중),"화술,",21,20180608,20231018
동작구,교습소,클라쎄성악교습소,서울특별시 동작구 여의대방로 30,예능(대),예능(중),,6,20180608,20231018
성북구,교습소,빨간펜수학의달인서쌤수학교습소,서울특별시 성북구 서경로 2,입시.검정 및 보습,보통교과,초등수학,18,20180529,20231018
동작구,학원,더원영수학원,서울특별시 동작구 상도로26길 18,입시.검정 및 보습,보통교과,보습,994,20180607,20241215
노원구,학원,제이스(JAY'S)보습학원,서울특별시 노원구 광운로10길 3,입시.검정 및 보습,보통교과,"보습?논술,",0,20180611,20260426
관악구,학원,인투더하모니카학원,서울특별시 관악구 승방4길 27,기예(대),기예(중),"실용음악(성악),",15,20180608,20231018
강남구,학원,대찬바론학원,서울특별시 강남구 삼성로57길 28,입시.검정 및 보습,보통교과,보습?논술,12875,20180608,20260705
양천구,교습소,듀크(DUKE)목동13단지영어교습소,서울특별시 양천구 목동동로 100,입시.검정 및 보습,보통교과,초등,40,20180611,20260201
양천구,교습소,와이즈영어교습소,서울특별시 양천구 목동서로 77,입시.검정 및 보습,보통교과,영어중등1,8,20180611,20240526
양천구,교습소,온그림미술교습소,서울특별시 양천구 신목로5길 1,예능(대),예능(중),,24,20180611,20260201
송파구,교습소,이루다사고력논술교습소,서울특별시 송파구 올림픽로 119,입시.검정 및 보습,보통교과,"초등논술B(4주)(주2회, 회당135분)",5,20180612,20260201
송파구,교습소,매쓰토픽수학교습소,서울특별시 송파구 올림픽로 145,입시.검정 및 보습,보통교과,"초등수학A(주2회,회150분)",14,20180612,20260201
강남구,학원,아이비더탑학원,서울특별시 강남구 강남대로94길 34,국제화,외국어,"실용외국어(유아/초?중?고),",160,20190115,20231018
서초구,학원,서초예음음악학원,서울특별시 서초구 서초중앙로33길 14,기타(대),기타(중),기타(소),42,20180612,20250330
송파구,학원,고스에듀국어학원,서울특별시 송파구 양재대로71길 12,입시.검정 및 보습,보통교과,보습,300,20180614,20260607
양천구,교습소,온빛아트미술교습소,서울특별시 양천구 신정로 312,예능(대),예능(중),,18,20180614,20260201
강남구,학원,비상에듀써밋학원,서울특별시 강남구 선릉로 412,입시.검정 및 보습,보통교과,"보습?논술,",280,20180614,20240128
강남구,학원,그레이드원학원,서울특별시 강남구 도곡로 515,입시.검정 및 보습,보통교과,보습?논술,100,20180614,20260201
구로구,학원,재능스스로학습센터고척직영학원,서울특별시 구로구 고척로 207,입시.검정 및 보습,보통교과,보습,105,20180608,20250223
강북구,교습소,헤럴드영어교습소,서울특별시 강북구 도봉로34길 37,입시.검정 및 보습,보통교과,초등주2회,35,20180614,20240714
마포구,학원,에이비씨(ABC)항공승무원학원,서울특별시 마포구 연희로 7,기타(대),기타(중),기타(소),450,20180608,20260802
마포구,학원,수학의힘마포캠퍼스학원,서울특별시 마포구 독막로 257,입시.검정 및 보습,보통교과,보습,64,20180608,20240609
서대문구,학원,미래엔영어수학학원,서울특별시 서대문구 응암로 53,입시.검정 및 보습,보통교과,보습,450,20180615,20250706
도봉구,교습소,스마트해법수학창동더원점수학교습소,서울특별시 도봉구 마들로 555,입시.검정 및 보습,보통교과,중등B,12,20180618,20250330
관악구,학원,잉글리시아이뉴웨이수학학원,서울특별시 관악구 난우길 39,입시.검정 및 보습,보통교과,"보습,",910,20180614,20231018
중랑구,학원,큐엘아카데미학원,서울특별시 중랑구 신내로25가길 2,입시.검정 및 보습,보통교과,보습?논술,325,20180618,20250824
은평구,교습소,아트팩토리미술교습소,서울특별시 은평구 통일로 660,예능(대),예능(중),미술고급,9,20110609,20250525
송파구,교습소,로체미술교습소,서울특별시 송파구 충민로 181,예능(대),예능(중),"중등부미술(4주)(주3회,회130분)",27,20180619,20260607
광진구,학원,차오름미술학원,서울특별시 광진구 광나루로56길 34,예능(대),예능(중),미술,45,20180612,20250706
강남구,학원,미래탐구단우학원,서울특별시 강남구 도곡로 430,입시.검정 및 보습,보통교과,보습?논술,4760,20180619,20260329
광진구,교습소,JK영어교습소,서울특별시 광진구 자양번영로 32,입시.검정 및 보습,보통교과,,32,20180614,20231018
광진구,교습소,솔루니논술교습소,서울특별시 광진구 용마산로21길 27,입시.검정 및 보습,보통교과,중등논술,24,20180615,20260628
동대문구,학원,FTK잉글리쉬어학원,서울특별시 동대문구 전농로 58-1,국제화,외국어,실용외국어(유아/초?중?고),48,20180619,20250601
송파구,학원,모어댄스뮤직학원,서울특별시 송파구 동남로 127,종합(대),,"음악,무용,",400,20180620,20231018
중랑구,학원,정다움수학학원,서울특별시 중랑구 양원역로 25,입시.검정 및 보습,보통교과,,144,20180620,20231018
강서구,학원,뮤제드아트스쿨미술학원,서울특별시 강서구 방화대로 294,예능(대),예능(중),미술,42,20180619,20250727
구로구,학원,신나는모짜르트음악학원,서울특별시 구로구 서해안로24길 21-4,예능(대),예능(중),음악,60,20180620,20250928
강남구,학원,이노블스대치영어학원,서울특별시 강남구 남부순환로 2936,입시.검정 및 보습,보통교과,보습?논술,1606,20180618,20260426
강남구,학원,마크영어학원,서울특별시 강남구 도곡로 510,입시.검정 및 보습,보통교과,보습,170,20190115,20231018
관악구,교습소,나노주산암산교습소,서울특별시 관악구 은천로25길 63,기타(대),,주산암산1,35,20180621,20240908
강동구,학원,유니드수학학원,서울특별시 강동구 풍성로 156-1,입시.검정 및 보습,보통교과,"보습,",80,20180621,20231018
송파구,학원,리드101파크리오영어학원,서울특별시 송파구 올림픽로35길 10,입시.검정 및 보습,보통교과,보습,200,20180621,20260607
강남구,교습소,페이퍼오션영어교습소,서울특별시 강남구 논현로175길 25,국제화,외국어,Essay 레벨1(Book Report&jornal),15,20180618,20251019
강동구,학원,GMS전문가집단학원강일점학원,서울특별시 강동구 아리수로93길 9,입시.검정 및 보습,보통교과,보습,213,20180621,20250803
마포구,교습소,신고려음악교습소,서울특별시 마포구 월드컵로25길 85,예능(대),예능(중),피아노초급,28,20180615,20231018
도봉구,학원,플랜에이쌍문점독서실,서울특별시 도봉구 삼양로146길 10,독서실,독서,,52,20180622,20231018
구로구,교습소,포도나무젭스(JEBS)영어교습소,서울특별시 구로구 중앙로15길 107,국제화,외국어,"영어(초중고등,ESB,EF,EC)(일70분*주2회*4.2주)",15,20180622,20231018
강남구,학원,띵크앤리드대치영어학원,서울특별시 강남구 선릉로 317,입시.검정 및 보습,보통교과,"보습,",9890,20180622,20240128
강동구,학원,빛솔학원,서울특별시 강동구 고덕로 89,입시.검정 및 보습,보통교과,보습,118,20180625,20260607
송파구,학원,스타발레학원,서울특별시 송파구 충민로 181,예능(대),예능(중),"무용,",138,20180625,20231018
서대문구,학원,멘토수학전문학원,서울특별시 서대문구 통일로39가길 30,입시.검정 및 보습,보통교과,"보습,",36,20180625,20231018
도봉구,학원,윤선생우리집앞영어쌍문학원,서울특별시 도봉구 해등로26길 7,입시.검정 및 보습,보통교과,,0,20180626,20250615
양천구,교습소,목동에이블영어교습소,서울특별시 양천구 목동서로 340,입시.검정 및 보습,보통교과,,28,20180625,20231018
송파구,학원,올마이티학원,서울특별시 송파구 백제고분로19길 25,입시.검정 및 보습,보통교과,"보습,",72,20180625,20231018
송파구,학원,국풀국어전문중등관학원,서울특별시 송파구 위례성대로16길 5,입시.검정 및 보습,보통교과,보습,40,20180625,20250914
성북구,학원,원픽에듀학원,서울특별시 성북구 오패산로 84,입시.검정 및 보습,보통교과,"보습?논술,",150,20180621,20260802
강서구,학원,목동사과나무강서원학원,서울특별시 강서구 강서로 308,입시.검정 및 보습,보통교과,보습?논술,1280,20180626,20241215
강서구,교습소,방화뮤엠영어교습소,서울특별시 강서구 양천로14길 66,입시.검정 및 보습,보통교과,초등기초A,117,20180626,20231018
은평구,교습소,윤선생우리집앞영어교실대조영어교습소,서울특별시 은평구 연서로18길 16,입시.검정 및 보습,보통교과,초등영어A,70,20180625,20251102
서초구,학원,비욘드코딩학원,서울특별시 서초구 사평대로 112,기타(대),기타(중),"컴퓨터(소),",70,20180622,20231018
송파구,교습소,도리미술교육연구미술교습소,서울특별시 송파구 백제고분로 187,예능(대),예능(중),,12,20180628,20250727
노원구,교습소,영샘의영어교실영어교습소,서울특별시 노원구 월계로55길 3,입시.검정 및 보습,보통교과,,12,20180628,20231018
서초구,학원,류샘수학학원,서울특별시 서초구 서초대로19길 120,입시.검정 및 보습,보통교과,"보습,",30,20180628,20231018
강남구,학원,와이즈조인(WiseJoin)어학원,서울특별시 강남구 선릉로155길 25,국제화,외국어,,33,20190115,20231018
마포구,학원,뮤스토리미술학원,서울특별시 마포구 큰우물로 53,예능(대),예능(중),,120,20180622,20231018
강북구,교습소,정식&LES수학교습소,서울특별시 강북구 오패산로30길 9,입시.검정 및 보습,보통교과,,40,20180628,20260628
중랑구,학원,뉴웨이브댄스(New wave dance)학원,서울특별시 중랑구 동일로 806,기타(대),기타(중),기타(소),650,20180629,20250810
서초구,학원,리만학원,서울특별시 서초구 사임당로 151,입시.검정 및 보습,보통교과,보습?논술,222,20180628,20260215
강남구,학원,코스모가죽학원,서울특별시 강남구 선릉로119길 6,기예(대),기예(중),"공예(종이접기,꽃꽂이,꽃기예),",20,20180629,20231018
강남구,학원,틈아트미술학원,서울특별시 강남구 테헤란로4길 29,기예(대),기예(중),미술,200,20180629,20240317
용산구,학원,키스톤어학원,서울특별시 용산구 효창원로 30-1,국제화,외국어,실용외국어(유아/초?중?고),0,20180629,20250907
광진구,학원,드림영어학원,서울특별시 광진구 아차산로 459,입시.검정 및 보습,보통교과,보습,0,20180702,20251214
강남구,교습소,서울바움수학교습소,서울특별시 강남구 논현로 213,입시.검정 및 보습,보통교과,초등수학저학년,70,20180628,20231018
서초구,교습소,튼튼영어마스터클럽방배초영어교습소,서울특별시 서초구 도구로 120-1,입시.검정 및 보습,보통교과,영어1,40,20180703,20260215
마포구,학원,에이블영어학원,서울특별시 마포구 창전로 51,입시.검정 및 보습,보통교과,보습,188,20180629,20240908
마포구,교습소,제이엠영어교습소,서울특별시 마포구 월드컵북로 224,입시.검정 및 보습,보통교과,초등영어,20,20180629,20240908
성북구,학원,대치명인학원,서울특별시 성북구 동소문로 50,입시.검정 및 보습,보통교과,보습?논술,510,20180702,20260802
은평구,교습소,중앙그림숲미술교습소,서울특별시 은평구 백련산로 38,예능(대),예능(중),미술입시,27,20180703,20240616
은평구,학원,으뜸음음악학원,서울특별시 은평구 은평로21길 57,예능(대),예능(중),음악,30,20180703,20260426
강서구,교습소,인사이트영어교습소,서울특별시 강서구 방화대로7길 38,입시.검정 및 보습,보통교과,초등 영어,9,20180704,20250209
강서구,학원,현대중장비운전학원,서울특별시 강서구 남부순환로19길 48-37,직업기술,산업기반기술,,14,20180703,20241006
구로구,학원,바젤음악학원,서울특별시 구로구 새말로 79,예능(대),예능(중),,71,20180629,20231018
송파구,학원,아르떼발레무용학원,서울특별시 송파구 올림픽로35길 112,예능(대),예능(중),"무용,",28,20180710,20231018
강동구,교습소,꿈고래미술교습소,서울특별시 강동구 양재대로123길 56,예능(대),예능(중),,24,20180705,20250727
종로구,교습소,아뜰리에아이미술교습소,서울특별시 종로구 필운대로5가길 51,예능(대),예능(중),,20,20180706,20231018
송파구,교습소,이알씨(ERC)영어독서클럽영어교습소,서울특별시 송파구 동남로 189,국제화,외국어,,27,20180705,20250727
성북구,교습소,리얼영어교습소,서울특별시 성북구 숭인로2길 61,입시.검정 및 보습,보통교과,,18,20180709,20240331
강동구,학원,깊고바른수학학원,서울특별시 강동구 상일로 43,입시.검정 및 보습,보통교과,보습,140,20180709,20260816
노원구,학원,우나숨국어논술학원,서울특별시 노원구 노원로 526,입시.검정 및 보습,보통교과,"보습?논술,",58,20180711,20231018
동작구,교습소,뮤엠영어상도래미안3차점영어교습소,서울특별시 동작구 상도로53길 13,국제화,외국어,W,81,20180705,20231018
강남구,교습소,정인수학교습소,서울특별시 강남구 논현로79길 63,입시.검정 및 보습,보통교과,수학초,45,20180705,20231018
노원구,학원,투핸즈과학전문학원,서울특별시 노원구 중계로 219,입시.검정 및 보습,보통교과,보습,120,20180711,20260329
금천구,학원,뮤엠영어탑동학원,서울특별시 금천구 탑골로 25,입시.검정 및 보습,보통교과,보습,104,20180710,20250810
금천구,학원,잉글리쉬마스터즈학원,서울특별시 금천구 금하로 751,입시.검정 및 보습,보통교과,"보습,",160,20180710,20231018
노원구,교습소,이진수영어교습소,서울특별시 노원구 한글비석로 250,입시.검정 및 보습,보통교과,영어 (중고등),35,20180711,20240324
양천구,교습소,최고수학교습소,서울특별시 양천구 신정로 260,입시.검정 및 보습,보통교과,초등수학A,16,20180711,20250727
강남구,교습소,아티즌청담미술교습소,서울특별시 강남구 학동로63길 8,예능(대),예능(중),미술,8,20180711,20231018
영등포구,학원,과수원보습학원,서울특별시 영등포구 국제금융로 78,입시.검정 및 보습,보통교과,보습,120,20180710,20240623
용산구,교습소,브레인플레이팩토교구수학교습소,서울특별시 용산구 원효로 51,입시.검정 및 보습,보통교과,,24,20180711,20251102
강남구,교습소,청담논술교습소,서울특별시 강남구 학동로63길 8,입시.검정 및 보습,보통교과,,3,20180712,20231018
강남구,교습소,신진희영어교습소,서울특별시 강남구 남부순환로 2917,입시.검정 및 보습,보통교과,고등영어,12,20180711,20231018
은평구,교습소,헤리티지영어교습소,서울특별시 은평구 진관3로 70,입시.검정 및 보습,보통교과,EA(초등부),45,20180706,20250518
영등포구,학원,히로토조리학원,서울특별시 영등포구 영등포로 347,직업기술,산업응용기술,"식음료품(바리스타,소믈리에)",95,20180712,20250810
송파구,교습소,빡쎈수학교습소,서울특별시 송파구 석촌호수로 61,입시.검정 및 보습,보통교과,"초등B-1(주2회,회240분)",80,20180712,20231018
강남구,학원,하다수학학원,서울특별시 강남구 삼성로 327,입시.검정 및 보습,보통교과,"보습,",495,20180710,20231018
동대문구,학원,수학의힘동대문캠퍼스학원,서울특별시 동대문구 답십리로 140,입시.검정 및 보습,보통교과,보습?논술,259,20180711,20260201
강서구,학원,한국발레라피아카데미학원,서울특별시 강서구 양천로75길 7,기예(대),기예(중),"무용(전통무용,현대무용)",150,20180711,20260426
서대문구,교습소,아트유니베미술교습소,서울특별시 서대문구 연희맛로 38,예능(대),예능(중),고급1,36,20180625,20231018
동작구,교습소,조이스영어교습소,서울특별시 동작구 만양로 26,입시.검정 및 보습,보통교과,초등,15,20180712,20231018
노원구,교습소,수쌤수학교습소,서울특별시 노원구 월계로55길 3,입시.검정 및 보습,보통교과,,36,20180713,20231018
동작구,교습소,봄의그림미술교습소,서울특별시 동작구 만양로 26,예능(대),예능(중),미술B,5,20180713,20260201
양천구,교습소,목동와이피(YP)국어교습소,서울특별시 양천구 목동서로 57,입시.검정 및 보습,보통교과,,6,20180713,20231018
강서구,교습소,블라썸뮤엠영어교습소,서울특별시 강서구 양천로73길 58,입시.검정 및 보습,보통교과,Boot(초중등),36,20180716,20251214
강남구,교습소,민(MIN)영어교습소,서울특별시 강남구 남부순환로 2917,입시.검정 및 보습,보통교과,독해1,2,20180713,20260607
광진구,학원,광진구주이배고등관학원,서울특별시 광진구 광나루로 603,입시.검정 및 보습,보통교과,보습,603,20180712,20260802
은평구,교습소,원업수학교습소,서울특별시 은평구 진관3로 33,입시.검정 및 보습,보통교과,중등수학(3×2),18,20180716,20251214
강동구,교습소,폴인플루트(Faii in Flute)음악교습소,서울특별시 강동구 양재대로89길 53,예능(대),예능(중),"초급(주6회,회60분)",136,20180717,20251214
마포구,학원,잇올스파르타독학재수관리형독서실,서울특별시 마포구 성미산로 121,독서실,독서,"독서실(유아/초?중?고),",161,20180705,20260201
마포구,교습소,마포길잡이수학교습소,서울특별시 마포구 대흥로 84,입시.검정 및 보습,보통교과,중등수학,7,20180711,20250223
마포구,학원,홍대무브댄스학원,서울특별시 마포구 홍익로 3-30,예능(대),예능(중),,285,20180713,20231018
마포구,교습소,강한수학교습소,서울특별시 마포구 월드컵북로 224,입시.검정 및 보습,보통교과,초등수학,20,20180717,20250112
은평구,학원,영스타뮤지컬학원,서울특별시 은평구 증산로 387-1,기타(대),기타(중),,126,20180709,20260802
양천구,교습소,꿈그린홍익미술교습소,서울특별시 양천구 목동서로 213,예능(대),,초중등미술,18,20180718,20231018
양천구,교습소,지호기타음악교습소,서울특별시 양천구 중앙로32길 67,예능(대),예능(중),초중고기타,40,20180718,20231018
광진구,교습소,블루밍리프영어교습소,서울특별시 광진구 광나루로36길 28,입시.검정 및 보습,보통교과,수학 초등,16,20180718,20251102
양천구,교습소,다빈치창의수학교습소,서울특별시 양천구 목동서로 57,입시.검정 및 보습,보통교과,수학초등A,18,20180718,20231018
서대문구,학원,케이쌤학원,서울특별시 서대문구 세검정로1길 96,입시.검정 및 보습,보통교과,보습,210,20180717,20250223
강남구,학원,케이엔에스수능관학원,서울특별시 강남구 삼성로 227,입시.검정 및 보습,보통교과,,400,20180716,20250223
강남구,학원,콴다일로8관학원,서울특별시 강남구 삼성로 323,입시.검정 및 보습,보통교과,"보습?논술,",485,20180717,20251214
강동구,학원,와이즈리더영어독서학원,서울특별시 강동구 동남로81길 100,입시.검정 및 보습,보통교과,,90,20180720,20231018
동작구,교습소,그래머스쿨영어교습소,서울특별시 동작구 여의대방로 30,입시.검정 및 보습,보통교과,고등영어B,9,20180720,20250330
송파구,학원,넥스탑코딩정보보안학원,서울특별시 송파구 마천로 27,기타(대),기타(중),,680,20180720,20231018
양천구,학원,수리안플러스학원,서울특별시 양천구 목동서로 291,입시.검정 및 보습,보통교과,보습,192,20180720,20240317
강남구,학원,이미주수학학원,서울특별시 강남구 선릉로 317,입시.검정 및 보습,보통교과,,170,20180720,20231018
서대문구,교습소,유니팝미술교습소,서울특별시 서대문구 수색로6길 17-14,예능(대),예능(중),미술(초급1),27,20180709,20231018
관악구,학원,영어종결센터청림학원,서울특별시 관악구 청림6길 3,입시.검정 및 보습,보통교과,보습,432,20180720,20251102
양천구,교습소,라온논술교습소,서울특별시 양천구 신목로5길 9,입시.검정 및 보습,보통교과,초등초급,18,20180723,20231018
강동구,교습소,현수학교습소,서울특별시 강동구 구천면로 504,입시.검정 및 보습,보통교과,"고등수학(주3회,회180분)",8,20180723,20250727
금천구,학원,라엘에듀학원,서울특별시 금천구 시흥대로 150,입시.검정 및 보습,보통교과,보습?논술,80,20180716,20231018
금천구,학원,보이스테크닉컴퍼니보컬아카데미학원,서울특별시 금천구 금하로 760-1,예능(대),예능(중),,50,20180716,20231018
영등포구,교습소,조한석영어교습소,서울특별시 영등포구 국제금융로 78,입시.검정 및 보습,보통교과,고등영어(일220분*주2회*4.2주),12,20180718,20260329
강남구,학원,대치독한수능리더학원,서울특별시 강남구 도곡로70길 5,입시.검정 및 보습,보통교과,"보습?논술,",950,20180719,20231018
성동구,교습소,역지사지논술교습소,서울특별시 성동구 행당로 102-1,입시.검정 및 보습,보통교과,,6,20180723,20231018
송파구,학원,라일락더발레아카데미학원,서울특별시 송파구 오금로29길 12,예능(대),예능(중),무용,60,20180724,20251214
광진구,교습소,푸른꿈과당신의기타교습소,서울특별시 광진구 뚝섬로40길 15,예능(대),예능(중),,3,20180724,20231018
은평구,학원,퍼씰수학전문학원,서울특별시 은평구 은평로 210,입시.검정 및 보습,보통교과,보습,280,20180710,20260201
양천구,학원,중앙요리학원,서울특별시 양천구 등촌로 80,직업기술,산업응용기술,"식음료품(바리스타,소믈리에)",112,20180725,20241215
양천구,학원,매쓰트리수학학원,서울특별시 양천구 목동동로8길 23,입시.검정 및 보습,보통교과,,24,20180726,20240128
양천구,교습소,티움수학교습소,서울특별시 양천구 목동서로 77,입시.검정 및 보습,보통교과,수학(초6),12,20180726,20260329
광진구,학원,웨일즈영어학원,서울특별시 광진구 광나루로 621,입시.검정 및 보습,외국어,,0,20180726,20240331
관악구,교습소,늘음악교습소,서울특별시 관악구 관악로 139,예능(대),예능(중),베이스(실용),18,20180726,20260201
동작구,교습소,이프렙영어교습소,서울특별시 동작구 여의대방로 88,입시.검정 및 보습,보통교과,초등영어,20,20180726,20240707
영등포구,학원,유캠퍼스고시학원,서울특별시 영등포구 영신로17길 3,인문사회(대),인문사회(중),"성인고시,",2901,20180727,20231018
서대문구,교습소,최상위수학아이들수학교습소,서울특별시 서대문구 모래내로15길 40,입시.검정 및 보습,보통교과,초등수학A,48,20180727,20231018
마포구,학원,대치이강학원신촌캠퍼스학원,서울특별시 마포구 성미산로 121,입시.검정 및 보습,보통교과,"보습,",705,20180725,20231018
마포구,학원,대치비전과멘토학원,서울특별시 마포구 성미산로 121,입시.검정 및 보습,보통교과,"보습,",340,20180725,20260607
마포구,교습소,음악가의역사음악교습소,서울특별시 마포구 삼개로3길 6-1,예능(대),예능(중),바이올린(초급),54,20180719,20231018
마포구,교습소,김서하영어교습소,서울특별시 마포구 월드컵북로 224,입시.검정 및 보습,보통교과,중등영어1,30,20180727,20231018
노원구,교습소,탑플레이스비알(BR)영어교습소,서울특별시 노원구 중계로18길 9,입시.검정 및 보습,보통교과,,20,20180730,20231018
영등포구,교습소,놀작마이아트영등포미술교습소,서울특별시 영등포구 영신로9길 29,예능(대),예능(중),초급1(일185분*주1회*4.2주),21,20180720,20250223
영등포구,교습소,아크로음악교습소,서울특별시 영등포구 국회대로54길 10,예능(대),예능(중),,45,20180724,20231018
서초구,학원,부동산멘토학원,서울특별시 서초구 서초중앙로20길 15,직업기술,경영?사무관리,"부동산,",420,20180726,20250803
강남구,학원,게임캔버스학원,서울특별시 강남구 강남대로96길 17,직업기술,컴퓨터,"컴퓨터(정보처리,통신기기,인터넷,소프트웨어)",235,20180730,20251005
중랑구,교습소,바이올린포레스트음악교습소,서울특별시 중랑구 신내로 225,예능(대),예능(중),고급2,8,20180731,20250406
강남구,학원,스터디브릭스내신관학원,서울특별시 강남구 삼성로 317,입시.검정 및 보습,보통교과,"보습,보습?논술",450,20180727,20260329
서초구,학원,토다이어학원,서울특별시 서초구 서초대로78길 48,국제화,외국어,실용외국어(유아/초?중?고),230,20180726,20240128
노원구,교습소,비에스(BS)입시컨설팅진학상담지도교습소,서울특별시 노원구 한글비석로 269,입시.검정 및 보습,진학지도,진학상담지도1,28,20180801,20250223
노원구,교습소,시온수학교습소,서울특별시 노원구 동일로 1551,입시.검정 및 보습,보통교과,초등수학A,48,20180801,20260301
마포구,교습소,심지수학교습소,서울특별시 마포구 월드컵북로 502,입시.검정 및 보습,보통교과,초등수학1,65,20180724,20240428
마포구,학원,염리피기뱅크영어학원,서울특별시 마포구 큰우물로 39,입시.검정 및 보습,보통교과,보습,90,20180727,20241215
강남구,학원,콴다일로학원,서울특별시 강남구 도곡로 447,입시.검정 및 보습,보통교과,보습?논술,564,20180726,20260301
은평구,교습소,윤선생우리집앞영어교실증산영어교습소,서울특별시 은평구 증산서길 63-6,입시.검정 및 보습,보통교과,초등영어,12,20180730,20231231
양천구,교습소,세움수학교습소,서울특별시 양천구 목동서로 77,입시.검정 및 보습,보통교과,중등,60,20180802,20241006
중랑구,교습소,아트리미술교습소,서울특별시 중랑구 면목로31길 21,예능(대),예능(중),,15,20180802,20231018
송파구,학원,늘푸른수초등학원,서울특별시 송파구 위례성대로 92,입시.검정 및 보습,보통교과,보습,525,20180803,20260705
서초구,교습소,디자인블루문미술교습소,서울특별시 서초구 신반포로 177,예능(대),예능(중),입시미술,5,20180803,20231018
서초구,교습소,더첼로음악교습소,서울특별시 서초구 잠원로 148,예능(대),예능(중),초급,3,20180803,20260607
강서구,학원,웹툰앤툰만화학원,서울특별시 강서구 방화대로 294,기타(대),기타(중),,140,20180802,20250112
성북구,학원,상승곡선학원,서울특별시 성북구 삼양로4길 3,입시.검정 및 보습,보통교과,보습,324,20180731,20260816
강서구,교습소,윤홍은음악교습소,서울특별시 강서구 등촌로13길 86,예능(대),예능(중),타악기2,51,20180803,20260201
강남구,교습소,위너영어교습소,서울특별시 강남구 광평로10길 15,국제화,외국어,,10,20180727,20231018
마포구,학원,오미크론수학전문학원,서울특별시 마포구 백범로 117,입시.검정 및 보습,보통교과,"보습,",660,20180802,20231018
마포구,학원,뉴오미크론학원,서울특별시 마포구 백범로 117,입시.검정 및 보습,보통교과,"보습,",660,20180802,20231018
강남구,학원,CIM피아노학원,서울특별시 강남구 강남대로120길 61,예능(대),예능(중),,60,20180803,20231119
강동구,교습소,윈윈영어교습소,서울특별시 강동구 동남로67길 44,입시.검정 및 보습,보통교과,"초등영어(4.2주)(주3회,회105분)",9,20180806,20260816
은평구,교습소,에이플러스과학나라과학교습소,서울특별시 은평구 진관4로 37,입시.검정 및 보습,보통교과,,15,20180730,20231018
은평구,교습소,프루프수학교습소,서울특별시 은평구 진관2로 29-21,입시.검정 및 보습,보통교과,,30,20180730,20231018
은평구,교습소,한나영어교습소,서울특별시 은평구 연서로41길 13,입시.검정 및 보습,보통교과,,32,20180806,20231018
강북구,학원,짱수학학원,서울특별시 강북구 도봉로34길 37,입시.검정 및 보습,보통교과,보습?논술,342,20180727,20240128
서초구,학원,키즈아트미술학원,서울특별시 서초구 태봉로 62,예능(대),예능(중),미술,30,20180731,20240225
강북구,학원,컨트롤비트코리아댄스학원,서울특별시 강북구 도봉로 369,예능(대),예능(중),무용,184,20180730,20260607
양천구,학원,와이앤이클래식음악학원,서울특별시 양천구 목동동로12길 43,예능(대),예능(중),음악,45,20180806,20240908
강남구,교습소,박태연한국사교습소,서울특별시 강남구 삼성로57길 33,입시.검정 및 보습,보통교과,중등역사1,24,20180803,20231018
관악구,교습소,봉드럼교습소,서울특별시 관악구 은천로 95,예능(대),예능(중),드럼1,20,20180807,20231018
영등포구,교습소,한우리독서토론논술신길동논술교습소,서울특별시 영등포구 도신로60길 20-2,입시.검정 및 보습,보통교과,,20,20180803,20231018
강남구,학원,제우스(G.eus)학원,서울특별시 강남구 도산대로27길 16,예능(대),예능(중),,100,20180807,20231018
서초구,학원,해바라기미술학원,서울특별시 서초구 나루터로 43,예능(대),예능(중),,50,20180723,20231018
동작구,교습소,인트해법수학교습소,서울특별시 동작구 여의대방로 90,입시.검정 및 보습,보통교과,초등수학,21,20180808,20260719
노원구,학원,버팀수학학원,서울특별시 노원구 노원로22길 70,입시.검정 및 보습,보통교과,보습,85,20180809,20241215
마포구,교습소,공부짱수학교습소,서울특별시 마포구 효창원로97길 9,입시.검정 및 보습,보통교과,초등 수학,10,20090413,20260201
송파구,교습소,진아트미술교습소,서울특별시 송파구 올림픽로35길 10,예능(대),예능(중),"미술(주3회,회70분)(4주)",24,20180809,20250727
광진구,교습소,탑클래스잉글리쉬(Top Class English)영어교습소,서울특별시 광진구 용마산로3길 43,입시.검정 및 보습,보통교과,,12,20180809,20231018
강남구,학원,황수비수학학원,서울특별시 강남구 삼성로71길 25,입시.검정 및 보습,보통교과,보습?논술,177,20180809,20250223
강동구,학원,서울아카데미보습학원,서울특별시 강동구 동남로71길 20-10,입시.검정 및 보습,보통교과,보습,208,20180809,20260426
송파구,학원,그린램프라이브러리잠실3캠퍼스독서실,서울특별시 송파구 올림픽로35길 124,독서실,독서,"독서실(유아/초?중?고),",128,20180808,20260621
강서구,학원,꿈꾸는학원,서울특별시 강서구 방화대로34길 73,입시.검정 및 보습,보통교과,"보습?논술,",225,20180810,20231018
양천구,학원,목동2관정이조주니어영어학원,서울특별시 양천구 목동동로 411,국제화,외국어,실용외국어(유아/초?중?고),132,20180810,20260712
노원구,학원,전문가집단2관학원,서울특별시 노원구 한글비석로 270,입시.검정 및 보습,보통교과,보습,60,20180813,20250518
송파구,학원,이설국어학원,서울특별시 송파구 마천로 33,입시.검정 및 보습,보통교과,"보습,보습?논술",60,20180813,20231119
노원구,학원,아르떼발레학원,서울특별시 노원구 동일로 1365,예능(대),예능(중),,50,20180813,20231018
서초구,학원,네온댄스학원,서울특별시 서초구 강남대로 545-21,기타(대),기타(중),기타(소),1622,20180813,20260201
노원구,학원,엘에스씨(LSC)영어학원,서울특별시 노원구 한글비석로 270,입시.검정 및 보습,보통교과,보습,100,20180814,20260628
송파구,학원,탄탄중국어학원,서울특별시 송파구 송이로 29,입시.검정 및 보습,보통교과,보습,104,20180814,20260201
도봉구,학원,예대음악학원,서울특별시 도봉구 도봉로180나길 41,예능(대),예능(중),음악,70,20180814,20250601
성북구,교습소,도희수학교습소,서울특별시 성북구 삼양로 82,입시.검정 및 보습,보통교과,고등수학C,56,20180810,20240714
강남구,교습소,정피아노스튜디오피아노교습소,서울특별시 강남구 역삼로 310,예능(대),예능(중),파아노초급,6,20180803,20231018
강동구,학원,참수학뿌리국어학원,서울특별시 강동구 아리수로 421,입시.검정 및 보습,보통교과,"보습,",66,20180816,20250112
강남구,학원,리타스융합미술학원,서울특별시 강남구 논현로 838,예능(대),예능(중),"미술,",0,20180816,20250420
동대문구,교습소,청계이화피아노음악교습소,서울특별시 동대문구 천호대로55길 11,예능(대),예능(중),바이엘,40,20180816,20231018
용산구,교습소,디앤디(D&D)아크로음악교습소,서울특별시 용산구 백범로90길 26,예능(대),예능(중),,42,20180816,20250309
노원구,학원,이투스수학학원,서울특별시 노원구 중계로 217,입시.검정 및 보습,보통교과,보습,30,20180817,20260607
노원구,학원,이(e)해법셀파수학학원,서울특별시 노원구 수락산로 232,입시.검정 및 보습,보통교과,보습,0,20180817,20260802
관악구,교습소,파인아트미술교습소,서울특별시 관악구 성현로 80,예능(대),예능(중),미술1,20,20180817,20240602
관악구,교습소,파인스즈키음악교습소,서울특별시 관악구 성현로 80,예능(대),예능(중),피아노 바이엘,16,20180817,20240609
강동구,교습소,제이디씨(JDC)수학교습소,서울특별시 강동구 동남로49길 67-18,입시.검정 및 보습,보통교과,"초등수학A(주2회,회115분)",4,20180820,20250727
성북구,학원,프라임에듀학원,서울특별시 성북구 돌곶이로22길 45,입시.검정 및 보습,보통교과,보습,693,20180813,20260802
노원구,학원,악어연기학원,서울특별시 노원구 노해로83길 4,기타(대),기타(중),,0,20180821,20250615
광진구,학원,1등급학원,서울특별시 광진구 광나루로46길 3,입시.검정 및 보습,보통교과,보습,497,20180820,20241215
강남구,학원,예빛음악학원,서울특별시 강남구 남부순환로365길 26,예능(대),예능(중),,328,20180821,20231018
마포구,학원,발레스테이션학원,서울특별시 마포구 독막로 80,기예(대),기예(중),"무용(전통무용,현대무용),",60,20180814,20231018
은평구,교습소,씨앤에이논술교습소,서울특별시 은평구 진관2로 29-21,입시.검정 및 보습,보통교과,초등부논술A,30,20180813,20250824
양천구,교습소,오병이어수학교습소,서울특별시 양천구 지양로3길 10,입시.검정 및 보습,보통교과,수학(초등),108,20180821,20231018
구로구,교습소,그리미미술교습소,서울특별시 구로구 구일로4길 46,예능(대),예능(중),미술A(일120분*주2회*4.2주),18,20180807,20260705
은평구,학원,대교하이캠퍼스은평학원,서울특별시 은평구 갈현로 44,입시.검정 및 보습,보통교과,보습?논술,1635,20180810,20260607
은평구,교습소,하연과학교습소,서울특별시 은평구 은평로3길 20-1,입시.검정 및 보습,보통교과,초등과학A,9,20180803,20250518
강서구,교습소,위미(WEME)과학교습소,서울특별시 강서구 금낭화로23길 8,입시.검정 및 보습,보통교과,초등,9,20180822,20231018
양천구,학원,착한시간수학학원,서울특별시 양천구 목동서로 349,입시.검정 및 보습,보통교과,,40,20180823,20231018
노원구,학원,잇올스파르타노원중계1관재수학원,서울특별시 노원구 한글비석로 270,입시.검정 및 보습,보통교과,보습?논술,200,20180824,20260607
노원구,학원,잇올스파르타노원중계1관관리형독서실,서울특별시 노원구 한글비석로 270,독서실,독서,독서실(유아/초?중?고),264,20180824,20260607
구로구,교습소,윤선생우리집앞영어교실한마을영어교습소,서울특별시 구로구 경인로 382,입시.검정 및 보습,보통교과,,36,20180823,20231018
강서구,교습소,한우리독서토론논술서염창논술교습소,서울특별시 강서구 양천로67길 15,입시.검정 및 보습,보통교과,독서논술1(초등1),70,20180824,20260315
영등포구,학원,탑(TOP)댄스스포츠학원,서울특별시 영등포구 가마산로 360,기예(대),기예(중),,25,20180822,20231018
금천구,학원,리타임뷰티학원,서울특별시 금천구 가산디지털2로 98,직업기술,산업응용기술,"이?미용,",100,20180823,20231018
양천구,교습소,사루도예교습소,서울특별시 양천구 목동서로2길 22,예능(대),예능(중),도예(초.중.고),5,20180824,20231018
동대문구,교습소,솔다영어교습소,서울특별시 동대문구 답십리로 140,국제화,외국어,초중고 영어A,30,20180823,20240512
동대문구,교습소,피카소미술교습소,서울특별시 동대문구 답십리로69길 49,예능(대),예능(중),창의미술 A-1,54,20180823,20251214
서대문구,교습소,청구스즈키바이올린교습소,서울특별시 서대문구 통일로26길 28,예능(대),예능(중),,24,20180824,20231018
강서구,학원,염창작심독서실,서울특별시 강서구 양천로 628,독서실,독서,독서실(유아/초?중?고),112,20180827,20251116
노원구,학원,블러썸미술학원,서울특별시 노원구 동일로227길 26,예능(대),예능(중),미술,0,20180828,20260201
양천구,학원,나이스앤이지학원,서울특별시 양천구 신목로5길 12,입시.검정 및 보습,보통교과,보습,52,20180828,20240908
양천구,학원,박지원큰틀국어학원,서울특별시 양천구 목동서로 285,입시.검정 및 보습,보통교과,"보습?논술,",90,20180828,20231018
강동구,학원,전병훈수학학원,서울특별시 강동구 동남로71길 24,입시.검정 및 보습,보통교과,보습,340,20180828,20260201
노원구,학원,웅진씽크빅학습센터중계학원,서울특별시 노원구 덕릉로73길 18,입시.검정 및 보습,보통교과,보습?논술,390,20180829,20260607
영등포구,학원,킨더아트클럽미술학원,서울특별시 영등포구 신풍로 66,예능(대),예능(중),,30,20180824,20231018
중랑구,학원,노비스(nobis)학원,서울특별시 중랑구 신내로14길 9,입시.검정 및 보습,보통교과,보습,80,20180828,20250907
강남구,학원,파인영어학원,서울특별시 강남구 헌릉로 569,입시.검정 및 보습,보통교과,보습,26,20180829,20260215
노원구,학원,크레버스영재관중계제2지점학원,서울특별시 노원구 한글비석로 270,입시.검정 및 보습,보통교과,보습,534,20180830,20260621
동작구,교습소,그린아트스콜레동작사당미술교습소,서울특별시 동작구 사당로23길 112,예능(대),예능(중),초등미술1,72,20180830,20231018
양천구,학원,엠리젠앤리젠영어학원,서울특별시 양천구 오목로 300,입시.검정 및 보습,보통교과,보습,255,20180830,20240707
양천구,교습소,조안수학교습소,서울특별시 양천구 목동동로 228-2,입시.검정 및 보습,보통교과,,30,20180830,20231018
강남구,학원,아코르데음악학원,서울특별시 강남구 압구정로29길 72-1,예능(대),예능(중),음악,332,20180829,20250914
강남구,학원,쥬트도산공원아뜰리에학원,서울특별시 강남구 언주로152길 15-6,예능(대),예능(중),,132,20180831,20231018
송파구,학원,웨이브실용음악학원,서울특별시 송파구 오금로 172,예능(대),예능(중),음악,300,20180902,20260607
동작구,교습소,뮤즈피아노(MUSE PIANO)교습소,서울특별시 동작구 장승배기로10길 130,예능(대),예능(중),초급1,25,20180831,20231018
도봉구,교습소,최선생수학교습소,서울특별시 도봉구 방학로15길 40,입시.검정 및 보습,보통교과,초등수학,10,20180903,20231018
양천구,교습소,아르앤발레교습소,서울특별시 양천구 오목로3길 24,예능(대),예능(중),초등발레A,27,20180903,20241215
강동구,학원,캐슬더(The)오름수학학원,서울특별시 강동구 고덕로 133,입시.검정 및 보습,보통교과,보습,204,20180903,20260301
강동구,교습소,노리미술숲미술교습소,서울특별시 강동구 동남로81길 66,예능(대),예능(중),"초등미술(주1회,회126분)",45,20180904,20260607
도봉구,교습소,더스트링바이올린교습소,서울특별시 도봉구 도봉로180나길 41,예능(대),예능(중),바이올린 일반1,12,20180905,20260607
노원구,교습소,이룸영어교습소,서울특별시 노원구 덕릉로94가길 20,입시.검정 및 보습,보통교과,중등영어,10,20180905,20260329
양천구,학원,에이클래스수학학원,서울특별시 양천구 월정로 175,입시.검정 및 보습,보통교과,,30,20180904,20231018
양천구,학원,판테온프리미엄영어학원,서울특별시 양천구 오목로56길 2,입시.검정 및 보습,보통교과,,68,20180905,20231018
성북구,학원,발레홀릭학원,서울특별시 성북구 성북로 122,예능(대),예능(중),"무용,",165,20180831,20231018
마포구,교습소,아웃오브스퀘어미술교습소,서울특별시 마포구 양화로1길 83,예능(대),예능(중),미술(고급),6,20180827,20260315
성북구,학원,반디안미술학원,서울특별시 성북구 종암로24가길 53,예능(대),예능(중),미술,255,20180831,20250209
도봉구,교습소,달몽뮤직아카데미음악교습소,서울특별시 도봉구 해등로16길 52-36,예능(대),예능(중),,19,20180907,20251214
동대문구,교습소,그린아트스콜레미술교습소,서울특별시 동대문구 천호대로55길 11,예능(대),예능(중),"고급 미술(초,중,고)",24,20180831,20250928
중랑구,교습소,이젠영어교습소,서울특별시 중랑구 봉화산로 194,입시.검정 및 보습,보통교과,,10,20180905,20231018
송파구,교습소,디토음악교습소,서울특별시 송파구 마천로 186,예능(대),예능(중),,9,20180907,20250727
은평구,학원,프리마스학원,서울특별시 은평구 서오릉로 122,입시.검정 및 보습,보통교과,보습?논술,468,20180906,20240428
동대문구,학원,교원더퍼스트캠퍼스제기직영학원,서울특별시 동대문구 약령시로 18,입시.검정 및 보습,보통교과,"보습,",144,20180905,20241215
서초구,학원,에이엠비(AMB)수학학원,서울특별시 서초구 방배중앙로 210,입시.검정 및 보습,보통교과,"보습?논술,",549,20180903,20260201
강남구,학원,대새대치팀학원,서울특별시 강남구 선릉로64길 17,입시.검정 및 보습,보통교과,"보습?논술,",47,20180907,20250330
서초구,학원,처음과끝학원,서울특별시 서초구 고무래로 18-4,입시.검정 및 보습,보통교과,보습?논술,358,20180910,20250914
동작구,교습소,라온영어교습소,서울특별시 동작구 사당로 268,입시.검정 및 보습,보통교과,초등영어A,55,20180910,20260607
노원구,교습소,로직큐(Q)수학교습소,서울특별시 노원구 덕릉로71길 30,입시.검정 및 보습,보통교과,초등기본,40,20180911,20240317
성동구,교습소,채움아트미술교습소,서울특별시 성동구 금호로 40,예능(대),예능(중),,49,20180910,20241006
은평구,교습소,책임수학교습소,서울특별시 은평구 진관4로 78-7,입시.검정 및 보습,보통교과,,18,20180820,20231018
강남구,학원,고등관입시전문함영원학원,서울특별시 강남구 삼성로 151,입시.검정 및 보습,보통교과,보습?논술,147,20180831,20260621
은평구,학원,뮤라밸음악학원,서울특별시 은평구 가좌로 283,예능(대),예능(중),"음악,",100,20180907,20231018
노원구,학원,중계유투엠수학학원,서울특별시 노원구 한글비석로 270,입시.검정 및 보습,보통교과,보습,0,20180914,20260802
종로구,교습소,다올림수학교습소,서울특별시 종로구 통일로 246-10,입시.검정 및 보습,보통교과,초등기본수학,30,20180911,20231018
광진구,학원,깊은생각광진학원,서울특별시 광진구 광나루로 602,입시.검정 및 보습,보통교과,보습,75,20180912,20260329
양천구,교습소,목동하이매쓰수학교습소,서울특별시 양천구 목동서로 340,입시.검정 및 보습,보통교과,초등수학,12,20180912,20231018
관악구,학원,더올림학원,서울특별시 관악구 은천로25길 69,입시.검정 및 보습,보통교과,보습,32,20180914,20250518
관악구,학원,경독사스파르타독서실,서울특별시 관악구 호암로24길 64,독서실,독서,독서실(일반인),79,20180914,20250112
강남구,학원,이지코리안아카데미학원,서울특별시 강남구 압구정로2길 58,국제화,국제,"어학(성인),",73,20180912,20231119
강서구,학원,플랜에이독서실,서울특별시 강서구 강서로 279,독서실,독서,,1168,20180914,20231018
송파구,학원,파인애플잉글리쉬(PINEAPPLEENGLISH)학원,서울특별시 송파구 올림픽로 119,입시.검정 및 보습,보통교과,보습,107,20180917,20260301
노원구,학원,민지미술비끄아트노원학원,서울특별시 노원구 섬밭로 209,예능(대),예능(중),미술,50,20180918,20250713
송파구,교습소,한우리잠실리센츠독서논술교습소,서울특별시 송파구 올림픽로 145,입시.검정 및 보습,보통교과,"초등(주1회,회150분)",18,20180917,20250727
광진구,학원,라라음악학원,서울특별시 광진구 자양로7길 42,예능(대),예능(중),음악,95,20180918,20240707
영등포구,학원,일신국제어학원,서울특별시 영등포구 선유로 88,국제화,외국어,실용외국어(유아/초?중?고),157,20180911,20260621
송파구,교습소,로와아트숲미술교습소,서울특별시 송파구 백제고분로15길 18-1,예능(대),예능(중),,45,20180919,20250727
송파구,교습소,베리타스쎈수학교습소,서울특별시 송파구 위례광장로 188,입시.검정 및 보습,보통교과,"초등수학(주3회,회180분)",27,20180919,20251012
노원구,학원,전문가집단학원,서울특별시 노원구 한글비석로 270,입시.검정 및 보습,보통교과,보습,0,20180920,20260607
송파구,학원,이세돌바둑학원,서울특별시 송파구 위례광장로 188,기타(대),기타(중),바둑,511,20180919,20250824
강서구,학원,삼성영어프라임학원,서울특별시 강서구 까치산로 151,입시.검정 및 보습,보통교과,"보습,",180,20180919,20231018
서초구,학원,퍼스트학원,서울특별시 서초구 헌릉로8길 9-8,입시.검정 및 보습,보통교과,"보습?논술,",121,20180920,20231018
강남구,학원,서울학원,서울특별시 강남구 논현로10길 26,입시.검정 및 보습,보통교과,보습,90,20180920,20260329
동대문구,학원,가온국어논술학원,서울특별시 동대문구 장한로 140,입시.검정 및 보습,보통교과,보습?논술,84,20180919,20251019
종로구,학원,클랑음악학원,서울특별시 종로구 필운대로 116,예능(대),예능(중),음악,420,20180920,20240908
관악구,학원,미래지도자보습학원,서울특별시 관악구 낙성대로3길 23-3,입시.검정 및 보습,보통교과,보습?논술,89,20180921,20250727
강남구,학원,해성스터디뱅크독서실,서울특별시 강남구 헌릉로570길 30,독서실,독서,"독서실(유아/초?중?고),",284,20180921,20231018
강남구,학원,산논술학원,서울특별시 강남구 도곡로 405,입시.검정 및 보습,보통교과,보습?논술,1890,20180920,20250810
동작구,학원,유인애국어스마트해법수학학원,서울특별시 동작구 여의대방로36길 32,입시.검정 및 보습,보통교과,보습,1342,20180918,20260201
동작구,학원,미래탐구4관학원,서울특별시 동작구 상도로 59,입시.검정 및 보습,보통교과,보습,174,20181001,20251005
동작구,교습소,사당한우리독서토론논술교습소,서울특별시 동작구 동작대로29길 115,입시.검정 및 보습,보통교과,논술초등1,18,20180927,20260607
송파구,학원,대치동툼수학학원,서울특별시 송파구 가락로16길 2-26,입시.검정 및 보습,보통교과,보습,220,20180927,20240225
성북구,학원,생각하는시그마수학학원,서울특별시 성북구 월계로 46,입시.검정 및 보습,보통교과,,150,20180928,20240428
노원구,학원,러셀중계바른공부자습전용관독서실,서울특별시 노원구 한글비석로 242,독서실,독서,"독서실(유아/초?중?고),",350,20181001,20231018
영등포구,교습소,마티스미술교습소,서울특별시 영등포구 국회대로54길 10,예능(대),예능(중),미술원스텝1(일60분*주1회*4.2주),18,20180918,20231018
강남구,학원,진성수학학원,서울특별시 강남구 삼성로71길 16,입시.검정 및 보습,보통교과,"보습?논술,",140,20180927,20231018
서초구,교습소,하이팩토수학교습소,서울특별시 서초구 방배로42길 7,입시.검정 및 보습,보통교과,초등수학7,20,20180927,20260628
성동구,교습소,제이엘피아노음악교습소,서울특별시 성동구 금호로 127,예능(대),예능(중),입시초급1,16,20180927,20240225
동작구,교습소,아인음악교습소,서울특별시 동작구 성대로21길 50,예능(대),예능(중),피아노바이엘,108,20181001,20250608
동작구,교습소,에이블영어교습소,서울특별시 동작구 흑석로 120,입시.검정 및 보습,보통교과,중등영어,15,20181001,20240609
양천구,교습소,슬기바이올린음악교습소,서울특별시 양천구 신정로 293,예능(대),예능(중),피아노(기초),45,20180928,20231217
중랑구,학원,세빛학원,서울특별시 중랑구 용마산로 458,입시.검정 및 보습,보통교과,보습?논술,195,20181001,20260426
서대문구,교습소,자람아트키즈센터미술교습소,서울특별시 서대문구 증가로20길 64,예능(대),예능(중),고급 미술,18,20181001,20231018
강서구,학원,스텝브릿지(Step Bridge)학원,서울특별시 강서구 강서로48길 9,입시.검정 및 보습,보통교과,보습,100,20181002,20250824
강동구,학원,삼성영어성내교실학원,서울특별시 강동구 성내로5길 24,입시.검정 및 보습,보통교과,,114,20181004,20250112
은평구,교습소,조디영어교습소,서울특별시 은평구 연서로18길 28,입시.검정 및 보습,보통교과,영어파닉스1(초등),21,20180917,20250126
은평구,교습소,선샘리드인불광독서논술교습소,서울특별시 은평구 불광로 59,입시.검정 및 보습,보통교과,초등독서논술1,105,20180919,20250406
강남구,학원,에스엠원격교습학원,서울특별시 강남구 역삼로 153,국제화,외국어,,50,20181005,20231018
강남구,학원,에비뉴.엠(Avenue.M)뮤지컬학원,서울특별시 강남구 역삼로 310,기타(대),기타(중),,12,20181001,20231018
송파구,교습소,문정솔루니논술교습소,서울특별시 송파구 문정로5길 17-19,입시.검정 및 보습,보통교과,"초등논술A(주1회,회150분)",9,20181005,20250907
광진구,교습소,이음독서토론논술교습소,서울특별시 광진구 구의강변로 96,입시.검정 및 보습,보통교과,초등논술(저학년),21,20181004,20260607
성북구,학원,매드댄스학원,서울특별시 성북구 도봉로 11,예능(대),예능(중),무용,684,20181004,20260614
성북구,교습소,메타인지수학교습소,서울특별시 성북구 장월로8가길 42,입시.검정 및 보습,보통교과,초등수학A,24,20181005,20231018
송파구,학원,디스푸토보습학원,서울특별시 송파구 마천로 2,입시.검정 및 보습,보통교과,보습?논술,42,20181007,20250928
서초구,학원,책글더하다문해와수리서초본원학원,서울특별시 서초구 고무래로10길 27,입시.검정 및 보습,보통교과,"보습?논술,",24,20181007,20241006
서초구,학원,까사데이밤비니학원,서울특별시 서초구 동광로30길 5,기타(대),기타(중),기타(소),154,20181002,20250223
강서구,학원,웅진씽크빅학습센터방화학원,서울특별시 강서구 방화대로34길 92,입시.검정 및 보습,보통교과,보습,180,20181005,20250727
송파구,교습소,수학의이해수학교습소,서울특별시 송파구 토성로 30-1,입시.검정 및 보습,보통교과,"초등수학(주3회,회120분)",25,20181008,20250727
구로구,학원,이아이이(eie)영어학원,서울특별시 구로구 천왕로 32,입시.검정 및 보습,보통교과,보습,54,20181001,20231018
강남구,학원,압구정지니어스수학학원,서울특별시 강남구 논현로175길 93,입시.검정 및 보습,보통교과,보습?논술,80,20181005,20260308
강남구,교습소,초이스(CHOICE)영어교습소,서울특별시 강남구 압구정로 224,입시.검정 및 보습,보통교과,,10,20181005,20231018
중랑구,학원,줄리영어수학학원,서울특별시 중랑구 면목로 305,입시.검정 및 보습,보통교과,보습,186,20181008,20250601
은평구,교습소,매쓰킹수학교습소,서울특별시 은평구 은평터널로 145,입시.검정 및 보습,보통교과,초등 수학,16,20181005,20231018
중랑구,교습소,스마트존영어교습소,서울특별시 중랑구 봉우재로32길 30,국제화,외국어,초중고영어1,24,20181008,20240225
강서구,학원,오하운폴댄스학원,서울특별시 강서구 마곡동로 62,기예(대),기예(중),댄스,390,20181010,20250413
구로구,학원,웅진씽크빅학습센터고척학원,서울특별시 구로구 고척로 212,입시.검정 및 보습,보통교과,보습,540,20181002,20250629
도봉구,교습소,큐브레인방학센터수학교습소,서울특별시 도봉구 해등로 268,입시.검정 및 보습,보통교과,초등플레이팩토1,32,20181011,20260809
동작구,학원,마루아트미술학원,서울특별시 동작구 시흥대로 676,예능(대),예능(중),미술,90,20181005,20250810
송파구,학원,청어람수다빈치1관학원,서울특별시 송파구 위례성대로 114,입시.검정 및 보습,보통교과,보습,216,20181011,20260816
관악구,학원,플레이더어반댄스아카데미학원,서울특별시 관악구 난곡로 305,기예(대),기예(중),"댄스,",300,20181010,20231018
영등포구,학원,김완컨설팅원격학원,서울특별시 영등포구 양산로7길 3,입시.검정 및 보습,진학지도,"진학상담지도,",70,20181011,20231018
양천구,교습소,라라발레교습소,서울특별시 양천구 중앙로36길 15,예능(대),예능(중),발레B,9,20181010,20250309
송파구,교습소,유수학교습소,서울특별시 송파구 송이로10길 10,입시.검정 및 보습,보통교과,"초등1,2,3수학(주5회,회55분)",81,20181012,20231018
강남구,학원,잇올스파르타대치재수학원,서울특별시 강남구 역삼로 428,입시.검정 및 보습,보통교과,보습?논술,432,20181011,20260426
서초구,학원,아담리즈수학서초센터학원,서울특별시 서초구 서초중앙로31길 14-13,기타(대),기타(중),기타(소),16,20181011,20240908
강남구,학원,블룸스버리어학원,서울특별시 강남구 선릉로 754,종합(대),,"진학상담지도,실용외국어(유아/초?중?고),",368,20181001,20240317
도봉구,교습소,클로이영어교습소,서울특별시 도봉구 해등로26길 7,입시.검정 및 보습,보통교과,초등영어A,30,20181015,20260426
강남구,학원,모노스학원,서울특별시 강남구 삼성로 331,입시.검정 및 보습,보통교과,"보습?논술,",1960,20181011,20231018
송파구,학원,매쓰카운티수학학원,서울특별시 송파구 석촌호수로 140,입시.검정 및 보습,보통교과,보습,450,20181016,20240128
강동구,교습소,옳은수학교습소,서울특별시 강동구 아리수로97길 68,입시.검정 및 보습,보통교과,"초등수학(주5회,회50분)",392,20181016,20260614
양천구,교습소,스마트황소수학교습소,서울특별시 양천구 목동동로 339,입시.검정 및 보습,보통교과,초등수학2,16,20181016,20260426
종로구,학원,"대치깊은생각수학,아발론영어,다담국어학원",서울특별시 종로구 평창12길 3,종합(대),보통교과,"보습,실용외국어(유아/초?중?고)",60,20181016,20250907
노원구,학원,빵샘영어경영학원,서울특별시 노원구 노원로 236,입시.검정 및 보습,보통교과,보습,64,20181017,20250309
노원구,교습소,씽크톡창의수학교습소,서울특별시 노원구 동일로213길 77,입시.검정 및 보습,보통교과,초등수학,36,20181017,20231018
동대문구,학원,SJ스펀지학원,서울특별시 동대문구 천호대로91길 83,입시.검정 및 보습,보통교과,보습?논술,240,20181016,20250112
광진구,학원,필즈수학학원,서울특별시 광진구 용마산로 95,입시.검정 및 보습,보통교과,"보습,",58,20181017,20231018
서초구,교습소,벨칸토성악교습소,서울특별시 서초구 방배중앙로25길 15,예능(대),예능(중),,18,20181017,20231018
영등포구,학원,김완컨설팅학원,서울특별시 영등포구 양산로7길 3,입시.검정 및 보습,진학지도,"진학상담지도,",132,20181011,20231018
강동구,학원,구주이배수학대입관학원,서울특별시 강동구 동남로 889,입시.검정 및 보습,보통교과,보습,190,20181019,20250330
강북구,학원,태영댄스학원,서울특별시 강북구 노해로 107,예능(대),예능(중),무용,204,20181019,20260802
서초구,교습소,골목길피아노교습소,서울특별시 서초구 서초대로30길 45,예능(대),예능(중),,29,20181022,20231018
중랑구,학원,맥코칭학원,서울특별시 중랑구 겸재로3길 60,입시.검정 및 보습,보통교과,,435,20181017,20240908
서대문구,학원,서대문플라즈마학원,서울특별시 서대문구 수색로 56,입시.검정 및 보습,보통교과,보습,150,20181022,20250309
서대문구,학원,케이아트아이의감성공간미술학원,서울특별시 서대문구 모래내로 207,예능(대),예능(중),,180,20181022,20231018
마포구,학원,대치상상학원,서울특별시 마포구 신촌로 222-1,입시.검정 및 보습,보통교과,보습?논술,380,20181017,20260614
마포구,학원,유진영어수학학원,서울특별시 마포구 포은로 128,입시.검정 및 보습,보통교과,"보습,",105,20181011,20231018
마포구,교습소,10000레벨수학스터디수학교습소,서울특별시 마포구 상암산로1길 73,입시.검정 및 보습,보통교과,수학(초등),33,20181004,20231018
마포구,학원,이노블스상암영어학원,서울특별시 마포구 상암산로1길 77,입시.검정 및 보습,보통교과,보습,2520,20181019,20260426
양천구,교습소,절대(Absolute English)영어교습소,서울특별시 양천구 신정로11길 20,입시.검정 및 보습,보통교과,고등영어S,20,20181022,20260201
강서구,학원,이산수학특화학원,서울특별시 강서구 마곡중앙5로 81,입시.검정 및 보습,보통교과,보습,96,20181022,20250810
동작구,교습소,울림피아노음악교습소,서울특별시 동작구 사당로23길 112,예능(대),예능(중),고급피아노1,90,20181022,20260201
중구,학원,혜윰학원,서울특별시 중구 다산로 172,입시.검정 및 보습,보통교과,,100,20181023,20260329
중랑구,학원,오브댄스학원,서울특별시 중랑구 신내로10길 29,기타(대),기타(중),기타(소),50,20181018,20250928
강남구,교습소,공간미술교습소,서울특별시 강남구 학동로 513,예능(대),예능(중),아동미술,36,20181012,20231018
영등포구,학원,문주성수학전문학원,서울특별시 영등포구 여의대방로7길 9,입시.검정 및 보습,보통교과,보습,140,20181019,20240707
서초구,교습소,이샘아카데미영어교습소,서울특별시 서초구 고무래로 90-7,국제화,외국어,Basic Jr. TOEFL,20,20181004,20231018
동작구,학원,영독사본관학원,서울특별시 동작구 노량진로 114,인문사회(대),인문사회(중),"성인고시,",2550,20181016,20240609
동작구,학원,샤갈미술학원,서울특별시 동작구 사당로30길 68,예능(대),예능(중),미술,536,20181023,20240526
광진구,학원,이엠플러스(EM+)영수학원,서울특별시 광진구 아차산로 623,입시.검정 및 보습,보통교과,보습,43,20181018,20250720
동대문구,학원,라온수학학원,서울특별시 동대문구 사가정로 202,입시.검정 및 보습,보통교과,보습,0,20181022,20240616
강동구,교습소,기타가즐겁다기타교습소,서울특별시 강동구 성내로13길 47,예능(대),예능(중),"기타레슨고급반(주2회,회60분)",24,20181025,20240428
중랑구,학원,그릿뷰티아카데미학원,서울특별시 중랑구 사가정로 409,직업기술,산업응용기술,,680,20181024,20231206
강서구,학원,탑애견미용학원,서울특별시 강서구 곰달래로 107,직업기술,일반서비스,애견미용,25,20181025,20251214
송파구,교습소,리드앤톡영어교습소,서울특별시 송파구 양산로 14,입시.검정 및 보습,보통교과,"초등영어1(주5회,회55분)",45,20181025,20250727
서대문구,교습소,한우리독서토론논술교습소,서울특별시 서대문구 거북골로16길 5,입시.검정 및 보습,보통교과,초등논술(일반),8,20181025,20260329
중랑구,교습소,플라톤아카데미중랑독서논술교습소,서울특별시 중랑구 동일로101길 63,입시.검정 및 보습,보통교과,중등논술,112,20181026,20260201
송파구,교습소,꿈쟁이음악교습소,서울특별시 송파구 동남로9길 35,예능(대),예능(중),"작품1(입시)(4주)(주3회, 회60분)",16,20181028,20260607
양천구,학원,아이브코딩목동학원,서울특별시 양천구 목동동로 423,기타(대),기타(중),"컴퓨터(소),",506,20181029,20231018
강북구,학원,잉글리시아이영어학원,서울특별시 강북구 삼양로 231,입시.검정 및 보습,보통교과,보습,414,20181026,20251214
관악구,교습소,조이바이올린음악교습소,서울특별시 관악구 관악로40길 47,예능(대),예능(중),바이올린A,15,20181030,20250223
영등포구,교습소,한우리독서토론논술신길메트하임점논술교습소,서울특별시 영등포구 신풍로 93,입시.검정 및 보습,보통교과,초등논술(일148분*주1회*4주),24,20181025,20260201
서대문구,학원,이루다학원,서울특별시 서대문구 가좌로 142,입시.검정 및 보습,보통교과,보습,108,20181031,20251109
영등포구,교습소,소리사랑음악교습소,서울특별시 영등포구 신길로60다길 5-2,예능(대),예능(중),(일반2)피아노(일50분*주5회*4.2주),25,20181026,20250406
강남구,교습소,수경국어교습소,서울특별시 강남구 선릉로 328,입시.검정 및 보습,보통교과,국어,10,20181031,20231018
영등포구,학원,스카이댄스스포츠학원,서울특별시 영등포구 영중로 159,기예(대),기예(중),,100,20181027,20231018
양천구,교습소,강민경국어교습소,서울특별시 양천구 목동서로 377,입시.검정 및 보습,보통교과,국어고등,7,20181101,20231018
동작구,교습소,문성컴퓨터교습소,서울특별시 동작구 상도로11길 8,기타(대),기타(중),OA 각 과목,18,20181101,20231018
양천구,교습소,수학의정성수학교습소,서울특별시 양천구 목동동로 10,입시.검정 및 보습,보통교과,,54,20181101,20231018
양천구,교습소,리메쓰수학교습소,서울특별시 양천구 목동서로 77,입시.검정 및 보습,보통교과,중등수학1,47,20181101,20231018
노원구,교습소,에스(S)수학교습소,서울특별시 노원구 공릉로 143,입시.검정 및 보습,보통교과,,42,20181102,20240317
서대문구,교습소,책과그림숲동화창작교습소,서울특별시 서대문구 가재울로 59,기타(대),기타(중),,9,20181102,20231018
서대문구,교습소,케이엠피아노음악교습소,서울특별시 서대문구 세검정로 99,예능(대),예능(중),피아노(초급),36,20181102,20231018
서초구,교습소,두드림(DoDream)피아노교습소,서울특별시 서초구 방배중앙로25길 15,예능(대),예능(중),,15,20181019,20250928
서초구,학원,수학대장학원,서울특별시 서초구 방배로 244,입시.검정 및 보습,보통교과,,45,20181022,20231018
서초구,학원,깊은생각서초학원,서울특별시 서초구 서초중앙로33길 9,입시.검정 및 보습,보통교과,보습?논술,118,20181029,20260201
성북구,학원,리턴수학학원,서울특별시 성북구 아리랑로 68,입시.검정 및 보습,보통교과,"보습?논술,",303,20181102,20231018
강남구,학원,생각하는황소압구정학원,서울특별시 강남구 압구정로32길 24,입시.검정 및 보습,보통교과,"보습,보습?논술",36,20181030,20250223
강동구,학원,강동고스(GOS)에듀국어수학학원,서울특별시 강동구 동남로71길 23,입시.검정 및 보습,보통교과,보습,1504,20181105,20260719
강동구,학원,파로스수학학원,서울특별시 강동구 구천면로 424,입시.검정 및 보습,보통교과,,450,20181105,20250112
관악구,교습소,쁘띠팔레트미술교습소,서울특별시 관악구 은천로 95,예능(대),예능(중),미술1,24,20181106,20260607
송파구,학원,생각하는황소수학송파학원,서울특별시 송파구 삼학사로 88,입시.검정 및 보습,보통교과,보습,30,20181106,20240526
송파구,학원,산꼭대기권뜰정성수미술학원,서울특별시 송파구 동남로 98,예능(대),예능(중),미술,424,20181106,20260621
송파구,교습소,유엠수학교습소,서울특별시 송파구 송이로 29-1,입시.검정 및 보습,보통교과,"고등수학C(4주)(주1회, 회당240분)",36,20181106,20250727
서초구,학원,새로운학원,서울특별시 서초구 헌릉로 176,입시.검정 및 보습,보통교과,보습?논술,64,20181102,20251019
강서구,학원,에스엘에이영어수학학원,서울특별시 강서구 초록마을로 31,입시.검정 및 보습,보통교과,,90,20181106,20231018
강동구,교습소,피아노잭(PianoJack)음악교습소,서울특별시 강동구 양재대로98길 23,예능(대),예능(중),,18,20181106,20231018
서초구,교습소,특별한힘을파는가게논술교습소,서울특별시 서초구 방배로42길 24,입시.검정 및 보습,보통교과,논술,8,20181102,20240225
송파구,학원,위례지존수학학원,서울특별시 송파구 위례광장로 200,입시.검정 및 보습,보통교과,보습,58,20181106,20240428
영등포구,교습소,당산삼성영어교습소,서울특별시 영등포구 당산로44길 3,입시.검정 및 보습,보통교과,,28,20181031,20231018
영등포구,교습소,당산한우리독서논술교습소,서울특별시 영등포구 당산로44길 3,입시.검정 및 보습,보통교과,,19,20181030,20231018
동대문구,교습소,예원수학교습소,서울특별시 동대문구 신이문로 23,입시.검정 및 보습,보통교과,초등수학A,30,20181030,20260215
마포구,교습소,코치클래스영어교습소,서울특별시 마포구 마포대로24길 4,입시.검정 및 보습,보통교과,초등영어A,72,20181022,20231018
마포구,학원,두잉글어학원,서울특별시 마포구 양화로12길 16-9,국제화,외국어,"실용외국어(유아/초?중?고),",18981,20181107,20260719
도봉구,학원,라온도봉캠퍼스학원,서울특별시 도봉구 도봉로 524,입시.검정 및 보습,보통교과,보습,246,20181108,20260628
광진구,학원,광진에이닷영어학원,서울특별시 광진구 광나루로 590,입시.검정 및 보습,보통교과,보습,1040,20181107,20260215
강서구,교습소,쿠메수학교습소,서울특별시 강서구 강서로 348,입시.검정 및 보습,보통교과,초등수학A,66,20181107,20251214
도봉구,교습소,전혜영국어교습소,서울특별시 도봉구 노해로65길 7-18,입시.검정 및 보습,보통교과,고등국어,12,20181109,20260712
강서구,교습소,제이뮤직아카데미음악교습소,서울특별시 강서구 공항대로41길 75,예능(대),예능(중),바이올린1(초등입시),36,20181108,20231018
종로구,학원,예찬하음악학원,서울특별시 종로구 삼일대로 393,기예(대),기예(중),,90,20181109,20231018
강남구,학원,아이돌전문양성소학원,서울특별시 강남구 강남대로132길 50,기예(대),기예(중),,16,20181105,20231018
강남구,학원,아이돌전문양성소댄스학원,서울특별시 강남구 강남대로132길 50,기타(대),기타(중),,16,20181105,20231018
관악구,교습소,이화음악교습소,서울특별시 관악구 청림3길 10,예능(대),예능(중),실용 클래식 피아노1,49,20181109,20260215
성동구,학원,가야학원,서울특별시 성동구 성수일로 1,입시.검정 및 보습,보통교과,,102,20181107,20231018
성동구,교습소,옥스포드잉글리시영어교습소,서울특별시 성동구 마장로35길 76,입시.검정 및 보습,보통교과,,48,20181107,20231018
은평구,교습소,와이비엠잉글루은빛영어교습소,서울특별시 은평구 진관3로 15-35,입시.검정 및 보습,보통교과,초등영어,21,20181105,20260329
은평구,학원,서진학원,서울특별시 은평구 갈현로1길 6,입시.검정 및 보습,보통교과,보습,134,20181101,20260329
은평구,교습소,프라임온영어교습소,서울특별시 은평구 갈현로 249,입시.검정 및 보습,보통교과,중등영어,18,20181023,20250720
은평구,교습소,심수학교습소,서울특별시 은평구 응암로 255,입시.검정 및 보습,보통교과,,10,20181023,20231018
강남구,학원,논술보다학원,서울특별시 강남구 선릉로72길 10-16,입시.검정 및 보습,보통교과,"보습?논술,",31,20181108,20250518
성북구,교습소,2관위너스영어교습소,서울특별시 성북구 삼양로13길 45,입시.검정 및 보습,보통교과,초등영어A,35,20181109,20231018
은평구,교습소,베리타스수학교습소,서울특별시 은평구 진관4로 77,입시.검정 및 보습,보통교과,,18,20181108,20231018
강남구,교습소,수학이좋은아이수학교습소,서울특별시 강남구 역삼로73길 6,입시.검정 및 보습,보통교과,,27,20181108,20260329
관악구,학원,매스매티카수학학원,서울특별시 관악구 양녕로 74,입시.검정 및 보습,보통교과,"보습,",146,20181109,20231018
성북구,학원,성북상상학원,서울특별시 성북구 아리랑로 18,입시.검정 및 보습,보통교과,"보습,",180,20181105,20260315
강남구,학원,이룸미술학원,서울특별시 강남구 선릉로86길 15,예능(대),예능(중),미술,190,20181109,20260301
동작구,교습소,제시영어교습소,서울특별시 동작구 동작대로35길 25,입시.검정 및 보습,보통교과,중등영어,8,20181112,20231018
동대문구,교습소,수학의달인청계힐스테이트점수학교습소,서울특별시 동대문구 천호대로55길 11,입시.검정 및 보습,보통교과,,18,20181114,20231018
금천구,교습소,수민수학교습소,서울특별시 금천구 시흥대로104길 30,입시.검정 및 보습,보통교과,초등 수학(일60분*주4회*4.2주),9,20181110,20250803
구로구,교습소,놀작한마을미술교습소,서울특별시 구로구 경인로 382,예능(대),예능(중),미술(일145분*주2회*4.3주),15,20181101,20260301
구로구,교습소,한우리구로독서논술교습소,서울특별시 구로구 중앙로1길 51,입시.검정 및 보습,보통교과,특강(일100분*주1회*4.2주),21,20181107,20250615
영등포구,교습소,한우리독서토론논술신길대영논술교습소,서울특별시 영등포구 가마산로 442,입시.검정 및 보습,보통교과,초등논술(일148분*주1회*4주),24,20181108,20251109
성북구,학원,위즈덤플러스학원,서울특별시 성북구 동소문로 248,입시.검정 및 보습,보통교과,보습?논술,232,20181114,20260607
중랑구,학원,디자인일공공미술학원,서울특별시 중랑구 망우로 353,예능(대),예능(중),미술,215,20181115,20250406
강남구,학원,시대인재학원,서울특별시 강남구 도곡로 460,입시.검정 및 보습,보통교과,보습?논술,12445,20181114,20260705
강남구,학원,씨엠에스(CMS)대치영재3관학원,서울특별시 강남구 삼성로 345,입시.검정 및 보습,보통교과,보습?논술,515,20181114,20260802
서초구,교습소,비케이(BK)21수학교습소,서울특별시 서초구 서초중앙로31길 14-9,입시.검정 및 보습,보통교과,수학초등,77,20181109,20240317
강남구,학원,이유학원,서울특별시 강남구 삼성로 341,입시.검정 및 보습,보통교과,"보습,",104,20181109,20231018
서초구,학원,발레보발레학원,서울특별시 서초구 서초대로 335,기예(대),예능(중),,156,20181113,20260329
서초구,교습소,핸썸클래스영어교습소,서울특별시 서초구 서초대로65길 13-10,입시.검정 및 보습,보통교과,초등고,60,20181114,20240602
강남구,학원,씨엠에스(CMS)대치영재1관학원,서울특별시 강남구 삼성로 345,입시.검정 및 보습,보통교과,보습?논술,515,20181114,20260802
마포구,학원,종로학원,서울특별시 마포구 신촌로 118,종합(대),,"보습,입시?논술,진학상담지도",2523,19650416,20251214
관악구,교습소,지니어스논술교습소,서울특별시 관악구 호암로 417,입시.검정 및 보습,보통교과,과학에세이,44,20181119,20231018
중랑구,학원,김앤리수학원,서울특별시 중랑구 신내로 225,입시.검정 및 보습,보통교과,보습?논술,148,20181119,20241006
양천구,교습소,다좋은국어교습소,서울특별시 양천구 목동서로 57,입시.검정 및 보습,보통교과,초등국어,12,20181119,20260215
마포구,교습소,자이라라피아노음악교습소,서울특별시 마포구 숭문길 98,예능(대),예능(중),피아노 초급1,30,20181106,20260201
마포구,학원,원스보컬학원,서울특별시 마포구 와우산로23길 20-30,예능(대),예능(중),,120,20181105,20231018
마포구,학원,이고아트미술학원,서울특별시 마포구 월드컵북로 52-4,기예(대),기예(중),,100,20181108,20231018
마포구,학원,오찬세국어학원,서울특별시 마포구 백범로 67,입시.검정 및 보습,보통교과,"보습,",200,20181112,20231018
마포구,교습소,꼬마아트미술교습소,서울특별시 마포구 신수로3길 15,예능(대),예능(중),고급 파인아트 K,9,20181108,20260201
마포구,학원,삐아트미술학원,서울특별시 마포구 와우산로 107-1,예능(대),예능(중),미술,3000,20181114,20231018
마포구,학원,오하운폴댄스학원,서울특별시 마포구 마포대로 12,기예(대),기예(중),댄스,390,20181116,20250330
양천구,교습소,포키잉글리쉬영어교습소,서울특별시 양천구 목동서로 287,입시.검정 및 보습,보통교과,영어(고등),8,20181119,20231018
양천구,교습소,기린미술교습소,서울특별시 양천구 화곡로 95,예능(대),예능(중),미술2,2,20181120,20250420
성동구,교습소,겨자씨리드인국어교습소,서울특별시 성동구 무학로 33,입시.검정 및 보습,보통교과,독해훈련3,135,20181121,20241215
노원구,학원,두림과학학원,서울특별시 노원구 한글비석로 227,입시.검정 및 보습,보통교과,,1080,20181121,20231018
강서구,학원,쓰리원전과목일대일학원,서울특별시 강서구 강서로 304,입시.검정 및 보습,보통교과,보습,29,20181121,20251109
동작구,교습소,더채움영어교습소,서울특별시 동작구 상도로30길 40,입시.검정 및 보습,보통교과,고등영어4,26,20181121,20260329
강남구,학원,브레인밸리학원,서울특별시 강남구 삼성로 350-7,입시.검정 및 보습,보통교과,보습?논술,70,20181120,20240623
강남구,학원,강남씨앤씨미술학원,서울특별시 강남구 선릉로 311,예능(대),예능(중),미술,435,20181120,20260607
동대문구,교습소,아이스토리미술교습소,서울특별시 동대문구 이문로16길 18,예능(대),예능(중),,12,20181121,20231018
서대문구,교습소,윤선생우리집앞영어교실북가좌초영어교습소,서울특별시 서대문구 거북골로20길 6,입시.검정 및 보습,보통교과,초등영어,32,20181121,20260405
강남구,교습소,봄날수학교습소,서울특별시 강남구 압구정로 201,입시.검정 및 보습,보통교과,,12,20181119,20251214
동작구,학원,서울음악임용실기학원,서울특별시 동작구 노량진로14길 15,기예(대),기예(중),"실용음악(성악),",32,20181121,20231018
송파구,학원,피아이에프영어잠실2관학원,서울특별시 송파구 석촌호수로 112,입시.검정 및 보습,보통교과,"보습,",300,20181122,20251102
양천구,교습소,페이지원(PAGEONE)영어교습소,서울특별시 양천구 목동서로 77,입시.검정 및 보습,보통교과,,18,20181122,20231018
강남구,학원,대치피엘은마관학원,서울특별시 강남구 삼성로 212,입시.검정 및 보습,보통교과,"보습?논술,",70,20181122,20250518
동작구,학원,스마트해법수학흑석1호점학원,서울특별시 동작구 서달로14가길 1,입시.검정 및 보습,보통교과,보습,380,20181121,20260315
노원구,학원,크레버스씨큐브코딩중계제1지점학원,서울특별시 노원구 중계로 225,종합(대),,"진학상담지도,컴퓨터(소)",612,20181123,20260712
노원구,교습소,코치클래스영어교습소,서울특별시 노원구 노원로 58,입시.검정 및 보습,보통교과,초등영어,20,20181123,20231217
강동구,교습소,뉴태풍수학교습소,서울특별시 강동구 고덕로 133,입시.검정 및 보습,보통교과,"초등수학(주4회,회60분)",12,20181123,20260614
강동구,교습소,태풍수학교습소,서울특별시 강동구 고덕로 133,입시.검정 및 보습,보통교과,"초등수학(주4회,회70분)",56,20181123,20251214
양천구,학원,위너학원,서울특별시 양천구 신월로 214,입시.검정 및 보습,보통교과,"보습,",70,20181123,20231018
양천구,학원,에스제이음악학원,서울특별시 양천구 목동동로 339,예능(대),예능(중),음악,25,20181119,20260426
강남구,학원,대치720입시학원,서울특별시 강남구 선릉로62길 15,입시.검정 및 보습,보통교과,보습?논술,0,20181114,20260614
강남구,학원,아트스테이지1992뷰티아카데미학원,서울특별시 강남구 언주로106길 21,직업기술,산업응용기술,이?미용,128,20181114,20251019
강남구,학원,강남그린섬본원학원,서울특별시 강남구 선릉로 340,예능(대),예능(중),미술,320,20181114,20260607
서초구,학원,레슨포케이아트학원,서울특별시 서초구 강남대로95길 48-58,국제화,국제,"번역(성인),",12,20181114,20241006
양천구,학원,엠아이목동어학원,서울특별시 양천구 목동동로 339,국제화,외국어,실용외국어(유아/초?중?고),25,20181122,20250223
양천구,학원,목동씨엠에스교과센트럴관학원,서울특별시 양천구 목동서로 349,입시.검정 및 보습,보통교과,보습,0,20181123,20260628
강남구,학원,대치훈련도감국어학원,서울특별시 강남구 선릉로64길 11-2,입시.검정 및 보습,보통교과,보습?논술,84,20181122,20260405
양천구,교습소,바른영어교습소,서울특별시 양천구 목동중앙본로18길 5,입시.검정 및 보습,보통교과,중등영어2,32,20181122,20241215
구로구,교습소,글짓는아이들논술교습소,서울특별시 구로구 개봉로16가길 10-5,입시.검정 및 보습,보통교과,개인논술(일120분*주1회*4.2주),13,20181116,20231018
강남구,학원,토토로하우스어학원,서울특별시 강남구 강남대로 354,국제화,외국어,실용외국어(유아/초?중?고),185,20181120,20250518
성동구,학원,스타댄스왕십리학원,서울특별시 성동구 고산자로 255,기예(대),기예(중),댄스,80,20181126,20240519
서초구,교습소,원명하연과학교습소,서울특별시 서초구 서초대로65길 13-10,입시.검정 및 보습,보통교과,과학실험A,84,20181127,20231018
노원구,학원,우리해법수학논술학원,서울특별시 노원구 동일로 1549,입시.검정 및 보습,보통교과,보습?논술,198,20181128,20260802
강북구,교습소,정수학교습소,서울특별시 강북구 삼양로27길 43,입시.검정 및 보습,보통교과,초등수학A,27,20181128,20260315
성북구,학원,바흐의숲음악학원,서울특별시 성북구 정릉로36길 68,예능(대),예능(중),음악,371,20181116,20240908
양천구,학원,김종길국어논술학원,서울특별시 양천구 오목로 281,입시.검정 및 보습,보통교과,보습?논술,0,20181129,20250831
종로구,학원,웅진씽크빅학습센터무악학원,서울특별시 종로구 통일로 246-10,입시.검정 및 보습,보통교과,,80,20181130,20251102
강북구,학원,하이클래스학원,서울특별시 강북구 한천로 1122,입시.검정 및 보습,보통교과,보습?논술,492,20181115,20260201
중랑구,교습소,워니미술교습소,서울특별시 중랑구 신내로7길 16,예능(대),예능(중),,18,20181130,20231018
은평구,교습소,북앤아트미술교습소,서울특별시 은평구 갈현로4길 25-6,예능(대),예능(중),,24,20181115,20231018
은평구,학원,대교하이캠퍼스진관학원,서울특별시 은평구 진관3로 37,입시.검정 및 보습,보통교과,보습?논술,784,20181129,20260607
은평구,교습소,코우도일본어교습소,서울특별시 은평구 불광로2길 7,국제화,외국어,기초일본어1,20,20181123,20260208
강남구,학원,네이쳐사이언스실험탐구학원,서울특별시 강남구 삼성로 212,입시.검정 및 보습,보통교과,,18,20181128,20231018
노원구,교습소,청구홍익미술교습소,서울특별시 노원구 한글비석로 89,예능(대),예능(중),"중급,고급",4,20181203,20240714
구로구,학원,퍼스트커피베이킹학원,서울특별시 구로구 디지털로 306,직업기술,산업응용기술,"식음료품(바리스타,소믈리에)",574,20181203,20250622
성북구,학원,수오름학원,서울특별시 성북구 동소문로17길 40,입시.검정 및 보습,보통교과,,160,20181126,20231018
성북구,학원,성북에이닷영어학원,서울특별시 성북구 동소문로 75,입시.검정 및 보습,보통교과,"보습,",324,20181126,20260712
노원구,학원,더쎈수학올림학원,서울특별시 노원구 노원로1나길 3,입시.검정 및 보습,보통교과,보습,0,20181204,20241215
송파구,학원,올바른영어학원,서울특별시 송파구 위례광장로 188,입시.검정 및 보습,보통교과,보습,220,20181203,20260607
서대문구,교습소,소통수학매쓰컴수학교습소,서울특별시 서대문구 거북골로16길 4-3,입시.검정 및 보습,보통교과,중등수학A,24,20181203,20231018
서대문구,교습소,소통수학교습소,서울특별시 서대문구 거북골로16길 4-3,입시.검정 및 보습,보통교과,초등A,30,20181203,20231018
중구,학원,수학원정대보습학원,서울특별시 중구 다산로 150,입시.검정 및 보습,보통교과,"보습,",86,20181203,20231018
강동구,학원,정답학원,서울특별시 강동구 진황도로 180,입시.검정 및 보습,보통교과,,80,20181204,20231018
강서구,학원,목동사과나무강서쓰리학원,서울특별시 강서구 우장산로2길 21,입시.검정 및 보습,보통교과,보습?논술,1280,20181203,20241215
강남구,교습소,시스템클리닉영어교습소,서울특별시 강남구 삼성로57길 33,입시.검정 및 보습,,영어(초중고),3,20181129,20231018
성북구,학원,뼈대수학학원,서울특별시 성북구 동소문로13가길 66,입시.검정 및 보습,보통교과,"보습?논술,",192,20181205,20231018
성북구,학원,랭크하이성북학원,서울특별시 성북구 정릉로38길 4,입시.검정 및 보습,보통교과,보습?논술,192,20181205,20240714
강남구,학원,야호인사이트랩미술학원,서울특별시 강남구 선릉로132길 39,예능(대),예능(중),미술,216,20181205,20260426
동작구,교습소,대림영어교습소,서울특별시 동작구 상도로 37,입시.검정 및 보습,보통교과,초등영어1,20,20181206,20251123
동작구,교습소,대림2영어교습소,서울특별시 동작구 상도로 37,입시.검정 및 보습,보통교과,초등영어1,20,20181206,20251123
중랑구,학원,민쌤영어학원,서울특별시 중랑구 신내로7길 16,입시.검정 및 보습,보통교과,"보습,",165,20181207,20260719
동작구,학원,로드맵플러스학원,서울특별시 동작구 상도로 213,종합(대),,"보습,보습?논술",370,20181205,20231206
강남구,학원,대치코어에듀학원,서울특별시 강남구 역삼로 464-2,입시.검정 및 보습,보통교과,,24,20181205,20250824
강남구,교습소,멘토플러스영어교습소,서울특별시 강남구 도산대로92길 6,입시.검정 및 보습,보통교과,,15,20181207,20231018
마포구,학원,뮤엔음악학원,서울특별시 마포구 토정로18길 11,예능(대),예능(중),"음악,",90,20181205,20250713
마포구,학원,더맺음(MathZm)수학학원,서울특별시 마포구 백범로 67,입시.검정 및 보습,보통교과,보습?논술,180,20181130,20260719
마포구,학원,이앤에스학원,서울특별시 마포구 마포대로 173-14,입시.검정 및 보습,보통교과,"보습,",152,20181130,20231018
서초구,교습소,연세킬만수학교습소,서울특별시 서초구 신반포로15길 29,입시.검정 및 보습,보통교과,,12,20181203,20231018
강남구,학원,수학의자신감수학학원,서울특별시 강남구 선릉로64길 14,입시.검정 및 보습,보통교과,,16,20181206,20231018
금천구,학원,최강스카이(SKY)학원,서울특별시 금천구 벚꽃로 30,입시.검정 및 보습,보통교과,보습?논술,50,20181206,20240908
구로구,교습소,유진영어교습소,서울특별시 구로구 오류로 57,입시.검정 및 보습,보통교과,초등영어(일90분*주3회*4.2주),21,20181206,20231018
강서구,학원,오늘학원,서울특별시 강서구 등촌로13길 31,입시.검정 및 보습,보통교과,보습,430,20181210,20260308
강남구,학원,수학쎈과학학원,서울특별시 강남구 영동대로112길 5,입시.검정 및 보습,보통교과,,66,20181206,20231018
양천구,교습소,안단테음악교습소,서울특별시 양천구 중앙로32길 67,예능(대),예능(중),,18,20181210,20231018
양천구,교습소,봄바이올린교습소,서울특별시 양천구 오목로50길 25,예능(대),예능(중),바이올린1(초등),18,20181210,20231018
양천구,교습소,비상목동영어교습소,서울특별시 양천구 목동중앙남로2길 23,입시.검정 및 보습,보통교과,Hello Phonics,40,20181210,20240908
양천구,학원,이노블스목동중앙영어학원,서울특별시 양천구 목동동로 385,입시.검정 및 보습,보통교과,보습,595,20181211,20260607
마포구,학원,마포뮤즈미술학원,서울특별시 마포구 만리재옛길 62,예능(대),예능(중),미술,130,20181205,20250223
마포구,교습소,윤선생우리집앞영어교실상암하늘초센터영어교습소,서울특별시 마포구 월드컵북로 502,입시.검정 및 보습,보통교과,초등파닉스 영어,30,20181210,20251012
중랑구,학원,입시전문가우디미술학원,서울특별시 중랑구 망우로 282-1,예능(대),예능(중),미술,95,20181212,20240714
서초구,교습소,더윈영어교습소,서울특별시 서초구 서운로 207,입시.검정 및 보습,보통교과,영어,8,20181203,20231018
강남구,교습소,다봄국어교습소,서울특별시 강남구 도곡로 405,입시.검정 및 보습,보통교과,국어,48,20181128,20250601
서초구,학원,아카이브401아트&디자인미술학원,서울특별시 서초구 바우뫼로7길 3,예능(대),예능(중),미술,250,20181123,20240225
서초구,학원,로보티즈코드스튜디오학원,서울특별시 서초구 서초중앙로33길 7,기타(대),기타(중),로봇,60,20181205,20250223
서초구,학원,강남정일학원,서울특별시 서초구 사임당로17길 68,입시.검정 및 보습,보통교과,보습?논술,160,20181205,20260329
서초구,학원,문단비책영어학원,서울특별시 서초구 방배로13길 19,입시.검정 및 보습,,"보습?논술,",15,20181210,20231018
강서구,교습소,박규선전문과학교습소,서울특별시 강서구 강서로 327,입시.검정 및 보습,보통교과,과학1,70,20181212,20231018
강남구,학원,사관등용문진학학원,서울특별시 강남구 삼성로58길 29,입시.검정 및 보습,보통교과,,270,20181211,20260809
동작구,학원,블랙(BLACK)보습학원,서울특별시 동작구 여의대방로 210,입시.검정 및 보습,보통교과,보습,86,20181211,20260426
동작구,학원,지스쿨도화학원,서울특별시 동작구 노량진로 192,종합(대),,성인고시,46500,20181211,20260712
금천구,학원,리드앤톡독산1센터점영어학원,서울특별시 금천구 벚꽃로 30,입시.검정 및 보습,,"보습,",70,20181212,20241006
영등포구,교습소,한우리독서토론논술문래한신논술교습소,서울특별시 영등포구 선유서로 35,입시.검정 및 보습,보통교과,초등논술(일148분*주1회*4주),16,20181212,20231018
중랑구,교습소,SPE영어교습소,서울특별시 중랑구 신내로17길 13,국제화,외국어,,14,20181214,20231018
송파구,학원,청어람수다빈치2관보습학원,서울특별시 송파구 양재대로71길 4-12,입시.검정 및 보습,보통교과,보습,200,20181213,20260308
동작구,학원,지스쿨예음학원,서울특별시 동작구 노량진로 192,종합(대),,성인고시,256,20181214,20260712
강남구,학원,필랜드헤이스쿨스학원,서울특별시 강남구 논현로146길 17,기타(대),기타(중),"기타(소),",110,20181211,20231018
서초구,학원,퍼스트바리스타학원,서울특별시 서초구 서초대로77길 15,직업기술,산업응용기술,,198,20181213,20231018
노원구,학원,스카이(SKY)미래연수학학원,서울특별시 노원구 한글비석로 232,입시.검정 및 보습,보통교과,보습,0,20181217,20250720
강남구,학원,미공플랜학원,서울특별시 강남구 삼성로119길 25,입시.검정 및 보습,보통교과,,20,20181212,20231018
서초구,학원,프랜시스파커서초어학원,서울특별시 서초구 효령로 49,국제화,외국어,실용외국어(유아/초?중?고),49,20181214,20260614
서초구,교습소,포레피아노교습소,서울특별시 서초구 서초중앙로29길 28,예능(대),예능(중),,16,20181217,20231018
관악구,교습소,제니잉글리쉬영어교습소,서울특별시 관악구 은천로 95,국제화,외국어,파닉스?말하기?듣기?독해?단어?문법?영작 초중급,30,20181218,20260201
송파구,학원,송파이지어학원,서울특별시 송파구 백제고분로 365,국제화,국제,,300,20181218,20231018
강남구,학원,달리뮤직실용음악학원,서울특별시 강남구 언주로 408,기타(대),기타(중),기타(소),672,20181214,20250309
양천구,교습소,스캐폴딩수학교습소,서울특별시 양천구 목동서로 349,입시.검정 및 보습,보통교과,중등수학,18,20181217,20260329
강남구,학원,리틀팍스청담어학원,서울특별시 강남구 학동로63길 11,국제화,외국어,실용외국어(유아/초?중?고),1540,20181217,20250518
도봉구,교습소,삼성영어셀레나누원영어교습소,서울특별시 도봉구 도봉로180나길 41,입시.검정 및 보습,보통교과,중등/Prep,40,20181219,20251102
강동구,학원,강동폴리어학원,서울특별시 강동구 양재대로 1553,국제화,외국어,실용외국어(유아/초?중?고),132,20181218,20260628
도봉구,학원,황쌤영어학원,서울특별시 도봉구 노해로69길 26,입시.검정 및 보습,보통교과,보습,0,20181220,20260426
강동구,교습소,뮤엠영어대명스텔라영어교습소,서울특별시 강동구 동남로67길 43,입시.검정 및 보습,보통교과,"초등영어A(화이트)(주5회, 회70분)",42,20181220,20260315
동작구,교습소,삼성영어동작교실영어교습소,서울특별시 동작구 신대방1가길 38,입시.검정 및 보습,보통교과,초등영어A,27,20181220,20260607
노원구,교습소,아리엘음악교습소,서울특별시 노원구 섬밭로 232,예능(대),예능(중),피아노 바이엘,28,20181221,20260607
마포구,학원,마포에이닷영어학원,서울특별시 마포구 대흥로 51,입시.검정 및 보습,보통교과,"보습,",1040,20181212,20260208
마포구,교습소,지혜나무미술교습소,서울특별시 마포구 대흥로20길 10,예능(대),예능(중),고급미술1,42,20181219,20231018
강서구,학원,마곡로드맵학원,서울특별시 강서구 마곡중앙5로 81,입시.검정 및 보습,보통교과,보습,46,20181220,20231206
구로구,학원,하이이이학원,서울특별시 구로구 천왕로 36,입시.검정 및 보습,보통교과,보습,324,20181219,20260201
강동구,학원,강동수학전문가153학원,서울특별시 강동구 동남로71길 20-9,입시.검정 및 보습,보통교과,보습,252,20181218,20250518
송파구,학원,동행위드(with)찰스영어서우수학학원,서울특별시 송파구 오금로31길 3,입시.검정 및 보습,보통교과,,1080,20181218,20231018
송파구,학원,리드101올림픽영어학원,서울특별시 송파구 양재대로 1222,입시.검정 및 보습,보통교과,보습,1000,20181220,20260607
송파구,학원,오르투스(ORTUS)수학본관학원,서울특별시 송파구 위례성대로 134,입시.검정 및 보습,보통교과,보습,87,20181219,20250413
송파구,교습소,송파개롱국어교습소,서울특별시 송파구 성내천로14길 4,입시.검정 및 보습,보통교과,"초등국어(주1회,회당145분)",14,20181224,20250727
동작구,학원,희소아이비학원,서울특별시 동작구 장승배기로 171,인문사회(대),인문사회(중),성인고시,5500,20181221,20260809
동작구,학원,희소이데아11학원,서울특별시 동작구 노량진로 146,인문사회(대),인문사회(중),성인고시,5500,20181221,20260809
강남구,교습소,헤일리잉글리쉬영어교습소,서울특별시 강남구 선릉로 225,입시.검정 및 보습,보통교과,초등영어,14,20181221,20231018
강남구,학원,예친에듀학원,서울특별시 강남구 삼성로 212,입시.검정 및 보습,보통교과,보습?논술,108,20181217,20240616
강남구,학원,터치스톤프렙(TOUCHSTONE PREP)학원,서울특별시 강남구 압구정로18길 19,입시.검정 및 보습,보통교과,,50,20181218,20250518
서초구,학원,해커스경영아카데미학원,서울특별시 서초구 서초대로73길 12,인문사회(대),인문사회(중),성인고시,5500,20181218,20260816
도봉구,학원,모멘텀과학학원,서울특별시 도봉구 노해로69길 26,입시.검정 및 보습,보통교과,,24,20181226,20231018
동작구,교습소,흑석쎈수학교습소,서울특별시 동작구 서달로 150,입시.검정 및 보습,보통교과,초등수학A,36,20181226,20260607
관악구,교습소,희원영어교습소,서울특별시 관악구 호암로 534,입시.검정 및 보습,보통교과,초등영어,27,20181226,20231018
광진구,학원,수학의달인해법영어학원,서울특별시 광진구 뚝섬로37길 11,입시.검정 및 보습,보통교과,보습,86,20181226,20260607
성동구,학원,마르멜로아트스튜디오미술학원,서울특별시 성동구 행당로 87,예능(대),예능(중),미술,160,20181227,20260426
강동구,학원,수학의발견학원,서울특별시 강동구 구천면로 506,입시.검정 및 보습,보통교과,"보습,",210,20181228,20231018
양천구,교습소,1318영어교습소,서울특별시 양천구 목동동로 385,입시.검정 및 보습,보통교과,중등영어,6,20181228,20231018
양천구,학원,허은서영어학원,서울특별시 양천구 목동동로 339,입시.검정 및 보습,보통교과,보습,0,20181228,20251214
강남구,교습소,베가스잉글리쉬영어교습소,서울특별시 강남구 헌릉로570길 30,국제화,외국어,영어초등,6,20181228,20231018
강남구,학원,새움3관학원,서울특별시 강남구 도곡로 511,입시.검정 및 보습,보통교과,보습?논술,180,20181228,20260426
강남구,학원,리더스법률인사총무학원,서울특별시 강남구 강남대로96길 19,인문사회(대),인문사회(중),행정,327,20181220,20250518
노원구,학원,미래수학국어학원,서울특별시 노원구 공릉로34길 10-2,입시.검정 및 보습,보통교과,보습,80,20181231,20260607
강남구,학원,에스원아카데미2호점학원,서울특별시 강남구 역삼로3길 20,직업기술,컴퓨터,"게임,",50,20181217,20231018
송파구,학원,MH종로보습학원,서울특별시 송파구 가락로 54,입시.검정 및 보습,보통교과,"보습,",60,20181231,20241215
노원구,교습소,플랜원수학교습소,서울특별시 노원구 중계로 225,입시.검정 및 보습,보통교과,초등수학A,6,20181231,20250309
동대문구,교습소,탑스터디수학교습소,서울특별시 동대문구 망우로16길 31-7,입시.검정 및 보습,보통교과,,3,20181231,20231018
동대문구,학원,킴앤쵸이영어전문학원,서울특별시 동대문구 천호대로13길 53,입시.검정 및 보습,보통교과,,40,20181226,20231018
중랑구,학원,스터디스퀘어독서실,서울특별시 중랑구 봉우재로14길 23,독서실,독서,,378,20181227,20231018
은평구,교습소,뮤즈피아노교습소,서울특별시 은평구 응암로9길 16,예능(대),예능(중),,3,20181206,20240908
은평구,학원,잇올스파르타독학재수학원,서울특별시 은평구 서오릉로 151,입시.검정 및 보습,보통교과,보습?논술,237,20181220,20250907
은평구,학원,잇올스파르타관리형프리미엄독서실,서울특별시 은평구 서오릉로 151,독서실,독서,독서실(일반인),518,20181220,20260607
서초구,학원,코리아바리스타제과제빵학원,서울특별시 서초구 서초대로78길 28,직업기술,산업응용기술,"식음료품(바리스타,소믈리에)",103,20181227,20250810
강남구,학원,가치인독서논술&디베이트학원,서울특별시 강남구 선릉로 42,입시.검정 및 보습,보통교과,보습?논술,87,20181231,20260426
중구,학원,신진학원,서울특별시 중구 동호로34길 33,종합(대),,"건축,도배,미장,청소,",296,20181231,20240428
송파구,교습소,엘레나클라인(ElenaKlineEnglish)영어교습소,서울특별시 송파구 오금로 251,입시.검정 및 보습,보통교과,"중등영어1(주2회,회190분)",36,20190102,20231018
종로구,학원,퀸즈영어수학학원,서울특별시 종로구 자하문로9길 11,입시.검정 및 보습,보통교과,,288,20190102,20251214
구로구,학원,엠베스트구로점학원,서울특별시 구로구 구로중앙로28길 59,입시.검정 및 보습,보통교과,"보습,",47,20181227,20231018
영등포구,교습소,아트앤하트서울당산삼성타운미술교습소,서울특별시 영등포구 당산로44길 3,예능(대),예능(중),,45,20181228,20231018
은평구,교습소,정선생국어교습소,서울특별시 은평구 진관1로 21-10,입시.검정 및 보습,보통교과,,12,20190102,20231018
은평구,학원,탁틴국영수학원,서울특별시 은평구 통일로 796,입시.검정 및 보습,보통교과,"보습,",132,20181231,20231018
은평구,교습소,뮤엠영어어울초캠퍼스영어교습소,서울특별시 은평구 통일로 660,국제화,외국어,초등영어회화1,42,20181224,20251005
마포구,학원,대치명인스카이수학학원,서울특별시 마포구 서강대길 3,입시.검정 및 보습,보통교과,보습?논술,465,20181228,20240331
마포구,학원,마포상암소마학원,서울특별시 마포구 월드컵북로 204,입시.검정 및 보습,보통교과,"보습,",20,20181228,20231018
은평구,교습소,박선생영어교습소,서울특별시 은평구 통일로 649,입시.검정 및 보습,보통교과,,21,20181212,20231018
마포구,학원,대치명인학원,서울특별시 마포구 서강대길 3,입시.검정 및 보습,보통교과,보습?논술,570,20181214,20260809
은평구,학원,에이스애견미용학원,서울특별시 은평구 연서로 187-1,직업기술,일반서비스,,90,20181210,20231018
동대문구,교습소,장안독서논술교습소,서울특별시 동대문구 장한로32길 17,입시.검정 및 보습,보통교과,중등논술,80,20190102,20260201
동대문구,교습소,카이노스수학교습소,서울특별시 동대문구 이문로 38,입시.검정 및 보습,보통교과,수학 고등부1,42,20190102,20260802
성북구,교습소,엘와이제이(LYJ)수학교습소,서울특별시 성북구 종암로 132,입시.검정 및 보습,보통교과,,12,20181218,20240707
성북구,교습소,행복한그림정원미술교습소,서울특별시 성북구 숭인로2길 61,예능(대),예능(중),초중급미술1,28,20181226,20240428
성북구,교습소,피엘씨영어교습소,서울특별시 성북구 성북로4길 52,입시.검정 및 보습,보통교과,초등영어A,72,20181227,20231018
성북구,교습소,삼선논술교습소,서울특별시 성북구 보문로29다길 7,입시.검정 및 보습,보통교과,논술A,12,20181228,20260705
강남구,학원,강남하이퍼의대관학원,서울특별시 강남구 강남대로92길 33,종합(대),,"보습?논술,진학상담지도,진학지도",571,20181231,20260426
노원구,교습소,책나무중계본동독서논술교습소,서울특별시 노원구 중계로 170,입시.검정 및 보습,보통교과,초등 독서논술2,54,20190104,20260607
중구,학원,신한국제학원,서울특별시 중구 퇴계로 141-7,국제화,국제,어학(성인),426,20190102,20241215
양천구,학원,로뎀에듀학원,서울특별시 양천구 목동서로 349,입시.검정 및 보습,보통교과,보습,140,20190104,20251214
광진구,학원,뮤엠영어해법수학학원,서울특별시 광진구 자양번영로 46,입시.검정 및 보습,보통교과,보습,51,20190104,20260614
송파구,학원,이엔엠수직상승학원,서울특별시 송파구 동남로 238,입시.검정 및 보습,보통교과,"보습,",80,20190104,20231018
중구,교습소,삼성수학교습소,서울특별시 중구 중림로 10,입시.검정 및 보습,보통교과,초등수학,40,20190104,20231018
강남구,학원,씨엠에스(CMS)대치중등2관학원,서울특별시 강남구 삼성로 345,입시.검정 및 보습,보통교과,"보습,보습?논술",235,20190102,20260426
강서구,학원,강서캠퍼스현재어학원,서울특별시 강서구 강서로 287,국제화,외국어,,60,20190104,20260816
서초구,교습소,윤선생잠원영어교습소,서울특별시 서초구 신반포로23길 41,입시.검정 및 보습,보통교과,,8,20190103,20231018
송파구,학원,서울영재음악학원,서울특별시 송파구 송파대로37길 40,예능(대),예능(중),음악,122,20190107,20260301
송파구,학원,아트바이잉글리쉬미술학원,서울특별시 송파구 오금로31길 15,예능(대),예능(중),"미술,",180,20190107,20250928
서초구,교습소,제이엔케이(JNK)영어교습소,서울특별시 서초구 방배로 269,국제화,외국어,,12,20190104,20231018
강남구,교습소,강남아첼바이올린음악교습소,서울특별시 강남구 선릉로 227,예능(대),예능(중),바이올린초급,27,20190104,20231105
강서구,학원,단디수학학원,서울특별시 강서구 강서로 348,입시.검정 및 보습,보통교과,보습,75,20190107,20260719
강남구,학원,프로퍼수학학원,서울특별시 강남구 삼성로 155,입시.검정 및 보습,보통교과,보습?논술,218,20200407,20260201
성북구,학원,대치명인3관학원,서울특별시 성북구 동소문로 50,입시.검정 및 보습,보통교과,보습?논술,210,20190107,20260802
강서구,교습소,애슐리쌤영어교습소,서울특별시 강서구 등촌로39길 35,국제화,보통교과,,20,20190108,20260215
강동구,교습소,한우리독서토론대명독서논술교습소,서울특별시 강동구 동남로67길 41,입시.검정 및 보습,보통교과,"초등논술(주1회,회120분)",14,20190108,20231018
강남구,학원,카이로스논술학원,서울특별시 강남구 도곡로 423,종합(대),보통교과,"보습?논술,진학상담지도",885,20190107,20260802
강동구,학원,비오에스(BOS)아카데미학원,서울특별시 강동구 올림픽로 744,직업기술,산업응용기술,"이?미용,",280,20190108,20231126
양천구,교습소,목동스카이(SKY)영어교습소,서울특별시 양천구 목동서로 57,입시.검정 및 보습,보통교과,중등부S,12,20190108,20231018
강북구,학원,웅진씽크빅학습센터수유학원,서울특별시 강북구 삼양로 292,입시.검정 및 보습,보통교과,보습,324,20190108,20260712
성북구,교습소,투두(TODO)수학교습소,서울특별시 성북구 성북로4길 52,입시.검정 및 보습,보통교과,초등수학,36,20190109,20231018
강남구,학원,맹모지교학원,서울특별시 강남구 삼성로 350-7,입시.검정 및 보습,보통교과,보습?논술,480,20190109,20240623
노원구,학원,311잉글리쉬(English)학원,서울특별시 노원구 중계로 218,입시.검정 및 보습,보통교과,,85,20190117,20231018
구로구,교습소,생각이자라나는가베랑교구수학교습소,서울특별시 구로구 구일로4길 33,입시.검정 및 보습,보통교과,프뢰벨창의가베(일125분*주1회*4주),8,20190109,20241215
강남구,교습소,해든국어교습소,서울특별시 강남구 역삼로64길 26,입시.검정 및 보습,보통교과,,6,20190110,20231018
강남구,학원,액터빌리지학원,서울특별시 강남구 영동대로106길 33,기타(대),기타(중),"연극,",7,20190108,20231018
강남구,학원,원(元)수학3관학원,서울특별시 강남구 도곡로 448,입시.검정 및 보습,보통교과,보습?논술,225,20190110,20240225
서초구,교습소,알록달록공작소미술교습소,서울특별시 서초구 서초대로64길 50,예능(대),예능(중),,20,20190110,20260426
강남구,학원,대치파인만의대관학원,서울특별시 강남구 영동대로 211,입시.검정 및 보습,보통교과,보습?논술,155,20190108,20260712
강남구,학원,에이투지학원,서울특별시 강남구 개포로 512,입시.검정 및 보습,보통교과,,90,20190111,20240714
종로구,교습소,스마트리딩넘버원영어교습소,서울특별시 종로구 송월길 155,입시.검정 및 보습,보통교과,영어(SM-1),20,20190109,20260405
마포구,학원,제이준영어학원,서울특별시 마포구 토정로37길 46,입시.검정 및 보습,보통교과,보습,414,20190103,20260329
마포구,교습소,와이즈잉글리시영어교습소,서울특별시 마포구 마포대로11길 41,입시.검정 및 보습,보통교과,초등영어,24,20190108,20231023
마포구,학원,크리스마스미술학원,서울특별시 마포구 와우산로 107-1,예능(대),예능(중),"미술,",120,20190110,20231018
양천구,학원,일타수학학원,서울특별시 양천구 목동동로 385,입시.검정 및 보습,보통교과,"보습,",81,20190114,20250112
관악구,학원,파라투스학원,서울특별시 관악구 신림로 126,입시.검정 및 보습,보통교과,"보습?논술,",118,20190115,20231018
양천구,교습소,연아트창작미술교습소,서울특별시 양천구 목동서로2길 22,예능(대),예능(중),미술A,30,20190115,20231018
양천구,교습소,디베이트프렌즈논술교습소,서울특별시 양천구 목동서로 57,입시.검정 및 보습,보통교과,논술(초중등),15,20190115,20250928
양천구,교습소,정선과학교습소,서울특별시 양천구 목동서로 246,입시.검정 및 보습,보통교과,중등부2,18,20190114,20231018
양천구,교습소,빅(Vic)쌤몰입영어교습소,서울특별시 양천구 목동서로 57,입시.검정 및 보습,보통교과,중고등문법특강,9,20190114,20260426
구로구,교습소,구로천왕한우리독서토론논술교습소,서울특별시 구로구 천왕로 10,입시.검정 및 보습,보통교과,초등개인논술(일90분*주2회*4.2주),66,20190111,20231018
강남구,학원,시리우스영재학원,서울특별시 강남구 삼성로 352,종합(대),보통교과,"보습?논술,진학상담지도",340,20190111,20251109
광진구,교습소,리드인자양센터독서논술교습소,서울특별시 광진구 자양번영로 47-3,입시.검정 및 보습,보통교과,,16,20190116,20250622
은평구,학원,은평씨앤씨미술학원,서울특별시 은평구 통일로 842,예능(대),예능(중),"미술,",205,20190108,20231018
강남구,학원,탁월한수학학원,서울특별시 강남구 도곡로 515,입시.검정 및 보습,,"보습?논술,",171,20190116,20231018
은평구,학원,이화본발레학원,서울특별시 은평구 진관2로 15-46,예능(대),예능(중),,84,20190102,20231018
동대문구,교습소,꿈터영어교습소,서울특별시 동대문구 휘경로2가길 21,입시.검정 및 보습,보통교과,,21,20190116,20231018
금천구,교습소,라하잉글리쉬영어교습소,서울특별시 금천구 시흥대로 291,입시.검정 및 보습,보통교과,초등영어1(일60분*주5회*4.2주),35,20190116,20260712
서초구,학원,써밋잉글리시아카데미(Summit English Academy)학원,서울특별시 서초구 서초중앙로33길 20,입시.검정 및 보습,보통교과,보습?논술,290,20190115,20240602
동대문구,교습소,아띠미술공방미술교습소,서울특별시 동대문구 한천로11길 45,예능(대),예능(중),초등(저학년)1,24,20190118,20231018
중랑구,학원,달리미술학원,서울특별시 중랑구 면목로 431,예능(대),예능(중),"미술,",200,20190117,20231018
서초구,학원,잎새음악학원,서울특별시 서초구 서초대로64길 50,예능(대),예능(중),음악,21,20190117,20251116
강남구,학원,에스로봇학원,서울특별시 서초구 강남대로2길 3,기타(대),기타(중),,100,20190117,20260607
노원구,학원,코드원독서실,서울특별시 노원구 한글비석로 227,독서실,독서,"독서실(유아/초?중?고),",198,20190123,20231018
송파구,학원,샌디아영어학원,서울특별시 송파구 동남로 217,입시.검정 및 보습,보통교과,보습,180,20190121,20260201
강서구,학원,더옥션경매학원,서울특별시 강서구 양천로 349,직업기술,경영?사무관리,,103,20190122,20231018
구로구,학원,나눔디지털디자인학원,서울특별시 구로구 디지털로26길 5,종합(대),,"디자인,컴퓨터,컴퓨터(정보처리,통신기기,인터넷,소프트웨어)",400,20190122,20250629
은평구,학원,소마사고력수학학원,서울특별시 은평구 진관2로 29-21,입시.검정 및 보습,보통교과,보습,70,20190121,20260621
송파구,학원,두림학원,서울특별시 송파구 석촌호수로 140,입시.검정 및 보습,보통교과,보습,130,20190123,20250330
강남구,학원,아트러브유(Art Love You)미술학원,서울특별시 강남구 학동로56길 33,예능(대),예능(중),"미술,",56,20190123,20231018
강북구,학원,김영덕색소폰실용음악학원,서울특별시 강북구 한천로 1084,기예(대),기예(중),,135,20190122,20231018
동작구,교습소,최상위동작영어교습소,서울특별시 동작구 현충로 111,입시.검정 및 보습,보통교과,초등영어A,63,20190125,20260607
양천구,교습소,하연과학목운과학교습소,서울특별시 양천구 목동서로 213,입시.검정 및 보습,보통교과,초등과학1,8,20190125,20240428
성동구,학원,아이프롬영어학원,서울특별시 성동구 무수막길 76,입시.검정 및 보습,보통교과,"보습,",120,20190125,20250615
마포구,학원,씨앤엠영어전문학원,서울특별시 마포구 백범로 134-1,입시.검정 및 보습,보통교과,보습,243,20190124,20241215
강남구,학원,힘멜에듀센터미술학원,서울특별시 강남구 논현로145길 40,예능(대),예능(중),,60,20190124,20231018
송파구,학원,최성우코칭수학학원,서울특별시 송파구 오금로31길 15,입시.검정 및 보습,보통교과,보습,60,20190125,20250824
송파구,학원,보스턴리딩스쿨영어학원,서울특별시 송파구 송파대로37길 78,입시.검정 및 보습,보통교과,보습,60,20190127,20260621
강남구,교습소,별하늘국어교습소,서울특별시 강남구 도곡로78길 7,입시.검정 및 보습,보통교과,,3,20190125,20231018
강남구,학원,서원학원,서울특별시 강남구 선릉로62길 27-3,입시.검정 및 보습,보통교과,"보습?논술,",560,20190121,20250518
강서구,교습소,온더스피치교습소,서울특별시 강서구 등촌로39바길 6,기타(대),기타(중),,7,20190128,20231018
송파구,학원,송파서강학원,서울특별시 송파구 거마로 51,입시.검정 및 보습,보통교과,보습,66,20190128,20250914
강남구,교습소,쇼팽음악교습소,서울특별시 강남구 광평로10길 6,예능(대),예능(중),피아노초급,47,20190124,20231018
구로구,교습소,능률잉글리시영어교습소,서울특별시 구로구 개봉로3길 33,입시.검정 및 보습,보통교과,,36,20190125,20231018
성동구,학원,백그라운드가죽학원,서울특별시 성동구 둘레7길 9,기예(대),기예(중),,691,20190128,20231018
강서구,교습소,오베르미술교습소,서울특별시 강서구 금낭화로 93,예능(대),예능(중),미술1,54,20190129,20231018
강남구,학원,아마로즈음악학원,서울특별시 강남구 학동로81길 5,기예(대),기예(중),실용음악(성악),54,20190128,20251005
관악구,학원,서울대입구역이지어학원,서울특별시 관악구 관악로 165,국제화,국제,"어학(성인),",349,20190207,20231018
송파구,교습소,정쌤생각하는수학교습소,서울특별시 송파구 동남로 189,입시.검정 및 보습,보통교과,"초중등수학(주3회,회120분)",12,20190129,20231018
송파구,학원,일대일플랜수학학원,서울특별시 송파구 오금로 247,입시.검정 및 보습,보통교과,보습,140,20190130,20260308
강남구,학원,아이엘이학원,서울특별시 강남구 삼성로 238,입시.검정 및 보습,보통교과,,248,20190128,20260712
구로구,학원,블레싱아카데미2관학원,서울특별시 구로구 오류로 70,입시.검정 및 보습,보통교과,,44,20190129,20231018
동대문구,교습소,리딩스쿨(Reading School)영어교습소,서울특별시 동대문구 전농로11길 79,국제화,외국어,파닉스,60,20190129,20231018
송파구,학원,헬로알고(HELLOALGO)학원,서울특별시 송파구 석촌호수로 118,기타(대),기타(중),컴퓨터(소),330,20190130,20241215
강서구,학원,더(THE)오르다수학?영어학원,서울특별시 강서구 강서로 310,입시.검정 및 보습,보통교과,보습,150,20190131,20251123
용산구,교습소,이지잉글리쉬영어교습소,서울특별시 용산구 회나무로13길 20-4,국제화,외국어,English Traveler,45,20190131,20241215
서초구,학원,슈필렌음악학원,서울특별시 서초구 반포대로 304,예능(대),예능(중),"음악,",100,20190130,20231018
동작구,교습소,불독수학교습소,서울특별시 동작구 상도로 346-1,입시.검정 및 보습,보통교과,초등1~2학년수학,18,20190201,20231018
양천구,학원,잇올스파르타독학관리학원,서울특별시 양천구 목동동로 339,입시.검정 및 보습,보통교과,보습,173,20190201,20260426
광진구,교습소,책이랑글이랑논술교습소,서울특별시 광진구 군자로 84,입시.검정 및 보습,보통교과,초등논술,21,20190201,20231217
강남구,학원,아트에듀전원주니어미술학원,서울특별시 강남구 남부순환로 2927,예능(대),예능(중),미술,200,20190128,20260329
강남구,학원,대치청연학원,서울특별시 강남구 삼성로64길 35,입시.검정 및 보습,보통교과,보습,196,20190130,20231018
