연도,GRID_CD,STAT_CODE,POP
2024,다라0007,to_in_001,152
2024,다라0017,to_in_001,0
2024,다라0018,to_in_001,28
2024,다라0019,to_in_001,8
2024,다라0020,to_in_001,243
2024,다라0021,to_in_001,38
2024,다라0022,to_in_001,0
2024,다라0023,to_in_001,8
2024,다라0030,to_in_001,13
2024,다라0031,to_in_001,88
2024,다라0032,to_in_001,23
2024,다라0039,to_in_001,48
2024,다라0040,to_in_001,123
2024,다라0041,to_in_001,51
2024,다라0042,to_in_001,8
2024,다라0044,to_in_001,73
2024,다라0045,to_in_001,6924
2024,다라0046,to_in_001,5466
2024,다라0047,to_in_001,4734
2024,다라0048,to_in_001,1770
2024,다라0049,to_in_001,670
2024,다라0050,to_in_001,133
2024,다라0051,to_in_001,219
2024,다라0052,to_in_001,83
2024,다라0053,to_in_001,183
2024,다라0054,to_in_001,18
2024,다라0056,to_in_001,28
2024,다라0057,to_in_001,53
2024,다라0058,to_in_001,83
2024,다라0059,to_in_001,18
2024,다라0060,to_in_001,68
2024,다라0061,to_in_001,93
2024,다라0062,to_in_001,134
2024,다라0063,to_in_001,13
2024,다라0067,to_in_001,48
2024,다라0068,to_in_001,74
2024,다라0069,to_in_001,123
2024,다라0070,to_in_001,238
2024,다라0074,to_in_001,18
2024,다라0082,to_in_001,5
2024,다라0083,to_in_001,98
2024,다라0084,to_in_001,58
2024,다라0085,to_in_001,73
2024,다라0086,to_in_001,63
2024,다라0087,to_in_001,13
2024,다라0088,to_in_001,5
2024,다라0089,to_in_001,53
2024,다라0090,to_in_001,0
2024,다라0092,to_in_001,113
2024,다라0093,to_in_001,33
2024,다라0095,to_in_001,133
2024,다라0096,to_in_001,108
2024,다라0098,to_in_001,28
2024,다라0099,to_in_001,113
2024,다라0105,to_in_001,5
2024,다라0119,to_in_001,38
2024,다라0120,to_in_001,178
2024,다라0121,to_in_001,68
2024,다라0122,to_in_001,28
2024,다라0128,to_in_001,128
2024,다라0129,to_in_001,63
2024,다라0130,to_in_001,163
2024,다라0131,to_in_001,103
2024,다라0132,to_in_001,68
2024,다라0139,to_in_001,68
2024,다라0140,to_in_001,99
2024,다라0141,to_in_001,214
2024,다라0142,to_in_001,63
2024,다라0144,to_in_001,116
2024,다라0145,to_in_001,12819
2024,다라0146,to_in_001,14244
2024,다라0147,to_in_001,16885
2024,다라0148,to_in_001,5057
2024,다라0149,to_in_001,1630
2024,다라0150,to_in_001,153
2024,다라0151,to_in_001,118
2024,다라0152,to_in_001,129
2024,다라0153,to_in_001,183
2024,다라0154,to_in_001,128
2024,다라0155,to_in_001,78
2024,다라0156,to_in_001,60
2024,다라0157,to_in_001,718
2024,다라0158,to_in_001,227
2024,다라0159,to_in_001,118
2024,다라0160,to_in_001,33
2024,다라0161,to_in_001,73
2024,다라0162,to_in_001,76
2024,다라0163,to_in_001,118
2024,다라0164,to_in_001,8
2024,다라0166,to_in_001,58
2024,다라0167,to_in_001,48
2024,다라0168,to_in_001,68
2024,다라0169,to_in_001,208
2024,다라0170,to_in_001,128
2024,다라0171,to_in_001,5
2024,다라0172,to_in_001,28
2024,다라0179,to_in_001,0
2024,다라0180,to_in_001,8
2024,다라0181,to_in_001,103
2024,다라0182,to_in_001,13
2024,다라0183,to_in_001,128
2024,다라0184,to_in_001,48
2024,다라0185,to_in_001,23
2024,다라0186,to_in_001,23
2024,다라0191,to_in_001,5
2024,다라0192,to_in_001,5
2024,다라0193,to_in_001,13
2024,다라0194,to_in_001,23
2024,다라0195,to_in_001,158
2024,다라0196,to_in_001,23
2024,다라0197,to_in_001,5
2024,다라0198,to_in_001,118
2024,다라0199,to_in_001,108
2024,다라0204,to_in_001,108
2024,다라0205,to_in_001,55
2024,다라0216,to_in_001,23
2024,다라0217,to_in_001,43
2024,다라0218,to_in_001,43
2024,다라0219,to_in_001,98
2024,다라0220,to_in_001,394
2024,다라0221,to_in_001,123
2024,다라0222,to_in_001,5
2024,다라0226,to_in_001,63
2024,다라0227,to_in_001,28
2024,다라0228,to_in_001,52
2024,다라0229,to_in_001,18
2024,다라0230,to_in_001,5
2024,다라0231,to_in_001,0
2024,다라0232,to_in_001,63
2024,다라0233,to_in_001,33
2024,다라0239,to_in_001,157
2024,다라0240,to_in_001,359
2024,다라0241,to_in_001,106
2024,다라0242,to_in_001,55
2024,다라0244,to_in_001,214
2024,다라0245,to_in_001,7128
2024,다라0246,to_in_001,8756
2024,다라0247,to_in_001,189
2024,다라0248,to_in_001,198
2024,다라0249,to_in_001,1128
2024,다라0250,to_in_001,359
2024,다라0251,to_in_001,197
2024,다라0252,to_in_001,43
2024,다라0253,to_in_001,73
2024,다라0254,to_in_001,73
2024,다라0255,to_in_001,188
2024,다라0256,to_in_001,23
2024,다라0257,to_in_001,1403
2024,다라0258,to_in_001,712
2024,다라0259,to_in_001,146
2024,다라0260,to_in_001,113
2024,다라0261,to_in_001,151
2024,다라0262,to_in_001,93
2024,다라0263,to_in_001,63
2024,다라0264,to_in_001,13
2024,다라0265,to_in_001,18
2024,다라0266,to_in_001,88
2024,다라0267,to_in_001,18
2024,다라0268,to_in_001,113
2024,다라0269,to_in_001,28
2024,다라0270,to_in_001,123
2024,다라0271,to_in_001,58
2024,다라0272,to_in_001,83
2024,다라0273,to_in_001,23
2024,다라0279,to_in_001,58
2024,다라0280,to_in_001,93
2024,다라0281,to_in_001,178
2024,다라0282,to_in_001,88
2024,다라0283,to_in_001,246
2024,다라0284,to_in_001,28
2024,다라0285,to_in_001,28
2024,다라0286,to_in_001,18
2024,다라0287,to_in_001,5
2024,다라0288,to_in_001,5
2024,다라0289,to_in_001,43
2024,다라0290,to_in_001,8
2024,다라0291,to_in_001,98
2024,다라0292,to_in_001,13
2024,다라0293,to_in_001,68
2024,다라0294,to_in_001,68
2024,다라0295,to_in_001,43
2024,다라0296,to_in_001,8
2024,다라0297,to_in_001,28
2024,다라0298,to_in_001,188
2024,다라0299,to_in_001,58
2024,다라0315,to_in_001,18
2024,다라0316,to_in_001,5
2024,다라0317,to_in_001,133
2024,다라0318,to_in_001,58
2024,다라0319,to_in_001,38
2024,다라0320,to_in_001,63
2024,다라0321,to_in_001,103
2024,다라0322,to_in_001,8
2024,다라0325,to_in_001,5
2024,다라0326,to_in_001,5
2024,다라0327,to_in_001,98
2024,다라0328,to_in_001,278
2024,다라0329,to_in_001,63
2024,다라0333,to_in_001,98
2024,다라0338,to_in_001,13
2024,다라0339,to_in_001,153
2024,다라0340,to_in_001,227
2024,다라0341,to_in_001,60
2024,다라0342,to_in_001,69
2024,다라0343,to_in_001,8
2024,다라0345,to_in_001,1142
2024,다라0346,to_in_001,7354
2024,다라0347,to_in_001,640
2024,다라0348,to_in_001,373
2024,다라0349,to_in_001,58
2024,다라0350,to_in_001,138
2024,다라0351,to_in_001,485
2024,다라0352,to_in_001,5
2024,다라0353,to_in_001,33
2024,다라0354,to_in_001,58
2024,다라0355,to_in_001,33
2024,다라0356,to_in_001,8
2024,다라0357,to_in_001,1189
2024,다라0358,to_in_001,196
2024,다라0359,to_in_001,13
2024,다라0360,to_in_001,23
2024,다라0361,to_in_001,73
2024,다라0362,to_in_001,143
2024,다라0363,to_in_001,88
2024,다라0364,to_in_001,48
2024,다라0365,to_in_001,38
2024,다라0366,to_in_001,73
2024,다라0367,to_in_001,58
2024,다라0368,to_in_001,28
2024,다라0369,to_in_001,78
2024,다라0370,to_in_001,8
2024,다라0371,to_in_001,43
2024,다라0372,to_in_001,182
2024,다라0373,to_in_001,13
2024,다라0374,to_in_001,5
2024,다라0376,to_in_001,23
2024,다라0377,to_in_001,38
2024,다라0379,to_in_001,108
2024,다라0380,to_in_001,13
2024,다라0381,to_in_001,18
2024,다라0382,to_in_001,58
2024,다라0383,to_in_001,78
2024,다라0384,to_in_001,48
2024,다라0385,to_in_001,23
2024,다라0386,to_in_001,43
2024,다라0389,to_in_001,43
2024,다라0390,to_in_001,18
2024,다라0391,to_in_001,28
2024,다라0392,to_in_001,33
2024,다라0393,to_in_001,138
2024,다라0394,to_in_001,73
2024,다라0395,to_in_001,8
2024,다라0396,to_in_001,88
2024,다라0397,to_in_001,168
2024,다라0398,to_in_001,68
2024,다라0399,to_in_001,23
2024,다라0406,to_in_001,18
2024,다라0407,to_in_001,8
2024,다라0409,to_in_001,0
2024,다라0412,to_in_001,5
2024,다라0414,to_in_001,63
2024,다라0415,to_in_001,113
2024,다라0416,to_in_001,18
2024,다라0417,to_in_001,48
2024,다라0418,to_in_001,13
2024,다라0419,to_in_001,33
2024,다라0420,to_in_001,98
2024,다라0421,to_in_001,63
2024,다라0422,to_in_001,28
2024,다라0424,to_in_001,5
2024,다라0425,to_in_001,53
2024,다라0426,to_in_001,83
2024,다라0427,to_in_001,18
2024,다라0428,to_in_001,8
2024,다라0438,to_in_001,164
2024,다라0439,to_in_001,53
2024,다라0440,to_in_001,10144
2024,다라0441,to_in_001,54
2024,다라0442,to_in_001,116
2024,다라0443,to_in_001,8
2024,다라0445,to_in_001,523
2024,다라0446,to_in_001,14774
2024,다라0447,to_in_001,2677
2024,다라0448,to_in_001,263
2024,다라0449,to_in_001,68
2024,다라0450,to_in_001,8
2024,다라0453,to_in_001,0
2024,다라0454,to_in_001,105
2024,다라0455,to_in_001,133
2024,다라0456,to_in_001,118
2024,다라0457,to_in_001,5
2024,다라0458,to_in_001,5
2024,다라0461,to_in_001,13
2024,다라0462,to_in_001,68
2024,다라0463,to_in_001,98
2024,다라0464,to_in_001,113
2024,다라0465,to_in_001,34
2024,다라0466,to_in_001,93
2024,다라0467,to_in_001,18
2024,다라0468,to_in_001,43
2024,다라0469,to_in_001,118
2024,다라0470,to_in_001,59
2024,다라0471,to_in_001,23
2024,다라0472,to_in_001,28
2024,다라0473,to_in_001,28
2024,다라0474,to_in_001,73
2024,다라0475,to_in_001,23
2024,다라0476,to_in_001,118
2024,다라0477,to_in_001,58
2024,다라0479,to_in_001,78
2024,다라0480,to_in_001,5
2024,다라0481,to_in_001,13
2024,다라0482,to_in_001,28
2024,다라0483,to_in_001,8
2024,다라0486,to_in_001,5
2024,다라0487,to_in_001,23
2024,다라0488,to_in_001,8
2024,다라0491,to_in_001,48
2024,다라0492,to_in_001,83
2024,다라0493,to_in_001,83
2024,다라0494,to_in_001,281
2024,다라0495,to_in_001,83
2024,다라0496,to_in_001,63
2024,다라0497,to_in_001,28
2024,다라0498,to_in_001,103
2024,다라0499,to_in_001,168
2024,다라0504,to_in_001,18
2024,다라0505,to_in_001,18
2024,다라0506,to_in_001,93
2024,다라0507,to_in_001,43
2024,다라0508,to_in_001,8
2024,다라0509,to_in_001,68
2024,다라0510,to_in_001,48
2024,다라0511,to_in_001,28
2024,다라0512,to_in_001,33
2024,다라0516,to_in_001,18
2024,다라0519,to_in_001,18
2024,다라0520,to_in_001,18
2024,다라0521,to_in_001,13
2024,다라0522,to_in_001,28
2024,다라0523,to_in_001,5
2024,다라0524,to_in_001,8
2024,다라0525,to_in_001,48
2024,다라0526,to_in_001,38
2024,다라0527,to_in_001,88
2024,다라0528,to_in_001,5
2024,다라0538,to_in_001,43
2024,다라0539,to_in_001,3544
2024,다라0540,to_in_001,261
2024,다라0541,to_in_001,198
2024,다라0542,to_in_001,73
2024,다라0543,to_in_001,8
2024,다라0544,to_in_001,5
2024,다라0545,to_in_001,2145
2024,다라0546,to_in_001,8690
2024,다라0547,to_in_001,3891
2024,다라0548,to_in_001,108
2024,다라0549,to_in_001,153
2024,다라0550,to_in_001,123
2024,다라0551,to_in_001,18
2024,다라0552,to_in_001,28
2024,다라0553,to_in_001,188
2024,다라0554,to_in_001,89
2024,다라0555,to_in_001,28
2024,다라0556,to_in_001,28
2024,다라0557,to_in_001,38
2024,다라0559,to_in_001,13
2024,다라0561,to_in_001,8
2024,다라0562,to_in_001,0
2024,다라0563,to_in_001,33
2024,다라0564,to_in_001,174
2024,다라0565,to_in_001,236
2024,다라0566,to_in_001,727
2024,다라0567,to_in_001,63
2024,다라0568,to_in_001,163
2024,다라0569,to_in_001,53
2024,다라0570,to_in_001,43
2024,다라0573,to_in_001,13
2024,다라0574,to_in_001,93
2024,다라0575,to_in_001,63
2024,다라0576,to_in_001,68
2024,다라0577,to_in_001,163
2024,다라0578,to_in_001,148
2024,다라0579,to_in_001,28
2024,다라0580,to_in_001,93
2024,다라0581,to_in_001,38
2024,다라0582,to_in_001,8
2024,다라0583,to_in_001,58
2024,다라0584,to_in_001,33
2024,다라0585,to_in_001,8
2024,다라0586,to_in_001,48
2024,다라0587,to_in_001,5
2024,다라0588,to_in_001,58
2024,다라0589,to_in_001,18
2024,다라0592,to_in_001,0
2024,다라0593,to_in_001,48
2024,다라0594,to_in_001,53
2024,다라0595,to_in_001,48
2024,다라0596,to_in_001,78
2024,다라0597,to_in_001,152
2024,다라0598,to_in_001,68
2024,다라0599,to_in_001,143
2024,다라0604,to_in_001,63
2024,다라0605,to_in_001,48
2024,다라0606,to_in_001,153
2024,다라0607,to_in_001,93
2024,다라0608,to_in_001,13
2024,다라0609,to_in_001,88
2024,다라0610,to_in_001,13
2024,다라0611,to_in_001,43
2024,다라0612,to_in_001,73
2024,다라0613,to_in_001,18
2024,다라0619,to_in_001,5
2024,다라0620,to_in_001,38
2024,다라0621,to_in_001,5
2024,다라0622,to_in_001,28
2024,다라0623,to_in_001,103
2024,다라0624,to_in_001,8
2024,다라0625,to_in_001,23
2024,다라0626,to_in_001,58
2024,다라0627,to_in_001,48
2024,다라0638,to_in_001,28
2024,다라0639,to_in_001,2627
2024,다라0640,to_in_001,239
2024,다라0641,to_in_001,118
2024,다라0645,to_in_001,2759
2024,다라0646,to_in_001,8484
2024,다라0647,to_in_001,2524
2024,다라0648,to_in_001,158
2024,다라0649,to_in_001,328
2024,다라0650,to_in_001,173
2024,다라0651,to_in_001,93
2024,다라0652,to_in_001,93
2024,다라0653,to_in_001,83
2024,다라0654,to_in_001,23
2024,다라0655,to_in_001,98
2024,다라0656,to_in_001,8
2024,다라0659,to_in_001,18
2024,다라0660,to_in_001,5
2024,다라0661,to_in_001,43
2024,다라0662,to_in_001,13
2024,다라0664,to_in_001,23
2024,다라0665,to_in_001,2203
2024,다라0666,to_in_001,6378
2024,다라0667,to_in_001,88
2024,다라0668,to_in_001,28
2024,다라0669,to_in_001,43
2024,다라0670,to_in_001,8
2024,다라0671,to_in_001,103
2024,다라0672,to_in_001,53
2024,다라0673,to_in_001,58
2024,다라0674,to_in_001,33
2024,다라0675,to_in_001,58
2024,다라0676,to_in_001,108
2024,다라0677,to_in_001,23
2024,다라0678,to_in_001,173
2024,다라0679,to_in_001,68
2024,다라0680,to_in_001,58
2024,다라0681,to_in_001,43
2024,다라0682,to_in_001,23
2024,다라0683,to_in_001,83
2024,다라0684,to_in_001,33
2024,다라0685,to_in_001,18
2024,다라0686,to_in_001,78
2024,다라0688,to_in_001,13
2024,다라0690,to_in_001,5
2024,다라0691,to_in_001,0
2024,다라0692,to_in_001,0
2024,다라0693,to_in_001,98
2024,다라0694,to_in_001,63
2024,다라0695,to_in_001,48
2024,다라0696,to_in_001,148
2024,다라0697,to_in_001,78
2024,다라0698,to_in_001,93
2024,다라0699,to_in_001,88
2024,다라0701,to_in_001,168
2024,다라0704,to_in_001,8
2024,다라0705,to_in_001,53
2024,다라0706,to_in_001,53
2024,다라0707,to_in_001,8
2024,다라0708,to_in_001,18
2024,다라0709,to_in_001,18
2024,다라0710,to_in_001,58
2024,다라0711,to_in_001,43
2024,다라0712,to_in_001,13
2024,다라0713,to_in_001,83
2024,다라0714,to_in_001,13
2024,다라0719,to_in_001,75
2024,다라0720,to_in_001,53
2024,다라0721,to_in_001,73
2024,다라0722,to_in_001,43
2024,다라0723,to_in_001,18
2024,다라0724,to_in_001,5
2024,다라0725,to_in_001,83
2024,다라0726,to_in_001,38
2024,다라0727,to_in_001,38
2024,다라0728,to_in_001,5
2024,다라0738,to_in_001,23
2024,다라0739,to_in_001,203
2024,다라0740,to_in_001,579
2024,다라0743,to_in_001,0
2024,다라0744,to_in_001,43
2024,다라0745,to_in_001,3711
2024,다라0746,to_in_001,6494
2024,다라0747,to_in_001,28
2024,다라0748,to_in_001,43
2024,다라0750,to_in_001,585
2024,다라0751,to_in_001,492
2024,다라0752,to_in_001,58
2024,다라0753,to_in_001,43
2024,다라0754,to_in_001,13
2024,다라0755,to_in_001,68
2024,다라0756,to_in_001,5
2024,다라0757,to_in_001,78
2024,다라0758,to_in_001,33
2024,다라0759,to_in_001,128
2024,다라0761,to_in_001,88
2024,다라0762,to_in_001,68
2024,다라0765,to_in_001,33
2024,다라0766,to_in_001,707
2024,다라0767,to_in_001,113
2024,다라0768,to_in_001,18
2024,다라0769,to_in_001,103
2024,다라0770,to_in_001,18
2024,다라0771,to_in_001,18
2024,다라0772,to_in_001,118
2024,다라0773,to_in_001,68
2024,다라0774,to_in_001,63
2024,다라0775,to_in_001,28
2024,다라0776,to_in_001,128
2024,다라0777,to_in_001,5
2024,다라0778,to_in_001,118
2024,다라0779,to_in_001,98
2024,다라0780,to_in_001,93
2024,다라0781,to_in_001,104
2024,다라0782,to_in_001,38
2024,다라0783,to_in_001,8
2024,다라0784,to_in_001,73
2024,다라0785,to_in_001,48
2024,다라0786,to_in_001,13
2024,다라0787,to_in_001,38
2024,다라0788,to_in_001,58
2024,다라0789,to_in_001,5
2024,다라0790,to_in_001,43
2024,다라0791,to_in_001,38
2024,다라0792,to_in_001,113
2024,다라0793,to_in_001,38
2024,다라0794,to_in_001,28
2024,다라0795,to_in_001,13
2024,다라0796,to_in_001,203
2024,다라0797,to_in_001,33
2024,다라0798,to_in_001,78
2024,다라0799,to_in_001,93
2024,다라0800,to_in_001,5
2024,다라0801,to_in_001,63
2024,다라0805,to_in_001,53
2024,다라0806,to_in_001,58
2024,다라0807,to_in_001,8
2024,다라0808,to_in_001,53
2024,다라0809,to_in_001,53
2024,다라0810,to_in_001,118
2024,다라0811,to_in_001,63
2024,다라0812,to_in_001,13
2024,다라0813,to_in_001,18
2024,다라0814,to_in_001,133
2024,다라0816,to_in_001,5
2024,다라0818,to_in_001,5
2024,다라0819,to_in_001,13
2024,다라0821,to_in_001,8
2024,다라0822,to_in_001,63
2024,다라0823,to_in_001,23
2024,다라0824,to_in_001,23
2024,다라0825,to_in_001,93
2024,다라0826,to_in_001,83
2024,다라0838,to_in_001,113
2024,다라0839,to_in_001,53
2024,다라0840,to_in_001,5
2024,다라0841,to_in_001,5
2024,다라0843,to_in_001,48
2024,다라0844,to_in_001,63
2024,다라0845,to_in_001,33
2024,다라0846,to_in_001,23
2024,다라0847,to_in_001,53
2024,다라0848,to_in_001,153
2024,다라0849,to_in_001,18
2024,다라0850,to_in_001,671
2024,다라0851,to_in_001,518
2024,다라0852,to_in_001,133
2024,다라0853,to_in_001,63
2024,다라0854,to_in_001,79
2024,다라0855,to_in_001,100
2024,다라0856,to_in_001,38
2024,다라0857,to_in_001,28
2024,다라0858,to_in_001,28
2024,다라0859,to_in_001,108
2024,다라0860,to_in_001,93
2024,다라0861,to_in_001,43
2024,다라0862,to_in_001,58
2024,다라0864,to_in_001,28
2024,다라0865,to_in_001,83
2024,다라0866,to_in_001,8
2024,다라0867,to_in_001,48
2024,다라0868,to_in_001,98
2024,다라0869,to_in_001,13
2024,다라0870,to_in_001,123
2024,다라0871,to_in_001,48
2024,다라0872,to_in_001,58
2024,다라0873,to_in_001,8
2024,다라0874,to_in_001,53
2024,다라0875,to_in_001,63
2024,다라0876,to_in_001,98
2024,다라0877,to_in_001,153
2024,다라0878,to_in_001,33
2024,다라0879,to_in_001,88
2024,다라0880,to_in_001,68
2024,다라0881,to_in_001,48
2024,다라0882,to_in_001,88
2024,다라0883,to_in_001,28
2024,다라0884,to_in_001,138
2024,다라0885,to_in_001,113
2024,다라0886,to_in_001,98
2024,다라0887,to_in_001,5
2024,다라0888,to_in_001,53
2024,다라0889,to_in_001,93
2024,다라0890,to_in_001,5
2024,다라0891,to_in_001,49
2024,다라0892,to_in_001,18
2024,다라0893,to_in_001,58
2024,다라0894,to_in_001,78
2024,다라0895,to_in_001,123
2024,다라0896,to_in_001,48
2024,다라0897,to_in_001,532
2024,다라0898,to_in_001,2296
2024,다라0899,to_in_001,1413
2024,다라0900,to_in_001,73
2024,다라0901,to_in_001,118
2024,다라0902,to_in_001,103
2024,다라0903,to_in_001,28
2024,다라0904,to_in_001,108
2024,다라0905,to_in_001,43
2024,다라0908,to_in_001,18
2024,다라0909,to_in_001,18
2024,다라0910,to_in_001,88
2024,다라0911,to_in_001,283
2024,다라0912,to_in_001,5
2024,다라0913,to_in_001,13
2024,다라0914,to_in_001,33
2024,다라0916,to_in_001,13
2024,다라0917,to_in_001,63
2024,다라0918,to_in_001,18
2024,다라0920,to_in_001,13
2024,다라0921,to_in_001,43
2024,다라0922,to_in_001,23
2024,다라0923,to_in_001,28
2024,다라0924,to_in_001,58
2024,다라0925,to_in_001,63
2024,다라0926,to_in_001,5
2024,다라0936,to_in_001,13
2024,다라0937,to_in_001,48
2024,다라0938,to_in_001,183
2024,다라0939,to_in_001,163
2024,다라0940,to_in_001,5
2024,다라0943,to_in_001,38
2024,다라0944,to_in_001,113
2024,다라0945,to_in_001,33
2024,다라0946,to_in_001,13
2024,다라0947,to_in_001,78
2024,다라0948,to_in_001,88
2024,다라0949,to_in_001,183
2024,다라0950,to_in_001,128
2024,다라0951,to_in_001,138
2024,다라0952,to_in_001,198
2024,다라0953,to_in_001,143
2024,다라0954,to_in_001,128
2024,다라0955,to_in_001,23
2024,다라0956,to_in_001,33
2024,다라0957,to_in_001,33
2024,다라0958,to_in_001,63
2024,다라0959,to_in_001,18
2024,다라0960,to_in_001,83
2024,다라0961,to_in_001,48
2024,다라0962,to_in_001,63
2024,다라0963,to_in_001,88
2024,다라0964,to_in_001,8
2024,다라0965,to_in_001,5
2024,다라0966,to_in_001,8
2024,다라0967,to_in_001,68
2024,다라0968,to_in_001,203
2024,다라0969,to_in_001,148
2024,다라0970,to_in_001,93
2024,다라0971,to_in_001,88
2024,다라0972,to_in_001,98
2024,다라0973,to_in_001,53
2024,다라0974,to_in_001,246
2024,다라0975,to_in_001,128
2024,다라0976,to_in_001,28
2024,다라0977,to_in_001,8
2024,다라0978,to_in_001,103
2024,다라0979,to_in_001,53
2024,다라0980,to_in_001,78
2024,다라0981,to_in_001,38
2024,다라0983,to_in_001,8
2024,다라0984,to_in_001,43
2024,다라0985,to_in_001,28
2024,다라0986,to_in_001,78
2024,다라0987,to_in_001,48
2024,다라0988,to_in_001,18
2024,다라0989,to_in_001,48
2024,다라0990,to_in_001,48
2024,다라0991,to_in_001,103
2024,다라0992,to_in_001,73
2024,다라0993,to_in_001,98
2024,다라0994,to_in_001,128
2024,다라0995,to_in_001,147
2024,다라0996,to_in_001,218
2024,다라0997,to_in_001,3378
2024,다라0998,to_in_001,4792
2024,다라0999,to_in_001,498
2024,다라1000,to_in_001,8
2024,다라1001,to_in_001,18
2024,다라1002,to_in_001,38
2024,다라1004,to_in_001,73
2024,다라1005,to_in_001,33
2024,다라1009,to_in_001,8
2024,다라1010,to_in_001,5
2024,다라1011,to_in_001,8
2024,다라1012,to_in_001,28
2024,다라1013,to_in_001,28
2024,다라1014,to_in_001,48
2024,다라1015,to_in_001,13
2024,다라1016,to_in_001,43
2024,다라1017,to_in_001,23
2024,다라1018,to_in_001,5
2024,다라1021,to_in_001,0
2024,다라1022,to_in_001,33
2024,다라1023,to_in_001,58
2024,다라1024,to_in_001,43
2024,다라1025,to_in_001,88
2024,다라1027,to_in_001,8
2024,다라1028,to_in_001,38
2024,다라1034,to_in_001,5
2024,다라1035,to_in_001,5
2024,다라1036,to_in_001,88
2024,다라1037,to_in_001,143
2024,다라1038,to_in_001,83
2024,다라1039,to_in_001,18
2024,다라1041,to_in_001,8
2024,다라1042,to_in_001,33
2024,다라1043,to_in_001,5
2024,다라1044,to_in_001,5
2024,다라1045,to_in_001,13
2024,다라1046,to_in_001,5
2024,다라1047,to_in_001,18
2024,다라1048,to_in_001,73
2024,다라1049,to_in_001,143
2024,다라1050,to_in_001,148
2024,다라1052,to_in_001,138
2024,다라1053,to_in_001,133
2024,다라1054,to_in_001,68
2024,다라1055,to_in_001,68
2024,다라1056,to_in_001,123
2024,다라1058,to_in_001,13
2024,다라1059,to_in_001,23
2024,다라1060,to_in_001,43
2024,다라1061,to_in_001,38
2024,다라1062,to_in_001,28
2024,다라1063,to_in_001,103
2024,다라1064,to_in_001,108
2024,다라1065,to_in_001,78
2024,다라1066,to_in_001,38
2024,다라1067,to_in_001,28
2024,다라1068,to_in_001,323
2024,다라1069,to_in_001,103
2024,다라1070,to_in_001,28
2024,다라1071,to_in_001,5
2024,다라1072,to_in_001,38
2024,다라1073,to_in_001,138
2024,다라1074,to_in_001,3982
2024,다라1075,to_in_001,278
2024,다라1076,to_in_001,83
2024,다라1077,to_in_001,148
2024,다라1078,to_in_001,23
2024,다라1079,to_in_001,108
2024,다라1080,to_in_001,8
2024,다라1083,to_in_001,5
2024,다라1084,to_in_001,5
2024,다라1085,to_in_001,13
2024,다라1086,to_in_001,33
2024,다라1087,to_in_001,38
2024,다라1090,to_in_001,68
2024,다라1091,to_in_001,8
2024,다라1093,to_in_001,13
2024,다라1094,to_in_001,18
2024,다라1095,to_in_001,28
2024,다라1096,to_in_001,221
2024,다라1097,to_in_001,3597
2024,다라1098,to_in_001,2791
2024,다라1099,to_in_001,68
2024,다라1100,to_in_001,8
2024,다라1101,to_in_001,108
2024,다라1102,to_in_001,113
2024,다라1104,to_in_001,18
2024,다라1105,to_in_001,128
2024,다라1106,to_in_001,23
2024,다라1107,to_in_001,23
2024,다라1108,to_in_001,38
2024,다라1110,to_in_001,8
2024,다라1111,to_in_001,0
2024,다라1113,to_in_001,48
2024,다라1114,to_in_001,93
2024,다라1115,to_in_001,8
2024,다라1116,to_in_001,13
2024,다라1117,to_in_001,8
2024,다라1118,to_in_001,0
2024,다라1119,to_in_001,12
2024,다라1121,to_in_001,38
2024,다라1122,to_in_001,53
2024,다라1123,to_in_001,28
2024,다라1124,to_in_001,53
2024,다라1125,to_in_001,23
2024,다라1126,to_in_001,38
2024,다라1127,to_in_001,8
2024,다라1132,to_in_001,23
2024,다라1133,to_in_001,5
2024,다라1134,to_in_001,38
2024,다라1135,to_in_001,128
2024,다라1136,to_in_001,68
2024,다라1137,to_in_001,168
2024,다라1138,to_in_001,8
2024,다라1139,to_in_001,18
2024,다라1140,to_in_001,88
2024,다라1141,to_in_001,63
2024,다라1142,to_in_001,13
2024,다라1143,to_in_001,33
2024,다라1144,to_in_001,38
2024,다라1146,to_in_001,5
2024,다라1147,to_in_001,5
2024,다라1149,to_in_001,8
2024,다라1150,to_in_001,5
2024,다라1151,to_in_001,58
2024,다라1152,to_in_001,143
2024,다라1153,to_in_001,58
2024,다라1154,to_in_001,58
2024,다라1155,to_in_001,5
2024,다라1156,to_in_001,18
2024,다라1157,to_in_001,33
2024,다라1158,to_in_001,53
2024,다라1159,to_in_001,28
2024,다라1160,to_in_001,5
2024,다라1162,to_in_001,8
2024,다라1163,to_in_001,23
2024,다라1164,to_in_001,43
2024,다라1165,to_in_001,73
2024,다라1166,to_in_001,53
2024,다라1167,to_in_001,38
2024,다라1168,to_in_001,63
2024,다라1169,to_in_001,53
2024,다라1170,to_in_001,440
2024,다라1171,to_in_001,53
2024,다라1172,to_in_001,33
2024,다라1173,to_in_001,78
2024,다라1174,to_in_001,428
2024,다라1175,to_in_001,433
2024,다라1176,to_in_001,5
2024,다라1177,to_in_001,28
2024,다라1179,to_in_001,8
2024,다라1180,to_in_001,18
2024,다라1182,to_in_001,13
2024,다라1183,to_in_001,23
2024,다라1185,to_in_001,5
2024,다라1186,to_in_001,5
2024,다라1187,to_in_001,18
2024,다라1188,to_in_001,8
2024,다라1189,to_in_001,13
2024,다라1190,to_in_001,68
2024,다라1191,to_in_001,93
2024,다라1192,to_in_001,18
2024,다라1193,to_in_001,43
2024,다라1194,to_in_001,63
2024,다라1195,to_in_001,23
2024,다라1196,to_in_001,8
2024,다라1198,to_in_001,13
2024,다라1199,to_in_001,48
2024,다라1201,to_in_001,33
2024,다라1202,to_in_001,33
2024,다라1203,to_in_001,153
2024,다라1204,to_in_001,28
2024,다라1205,to_in_001,8
2024,다라1206,to_in_001,80
2024,다라1207,to_in_001,58
2024,다라1208,to_in_001,5
2024,다라1209,to_in_001,13
2024,다라1210,to_in_001,53
2024,다라1211,to_in_001,8
2024,다라1212,to_in_001,0
2024,다라1213,to_in_001,53
2024,다라1214,to_in_001,53
2024,다라1215,to_in_001,83
2024,다라1216,to_in_001,33
2024,다라1217,to_in_001,38
2024,다라1218,to_in_001,88
2024,다라1219,to_in_001,28
2024,다라1220,to_in_001,13
2024,다라1221,to_in_001,23
2024,다라1222,to_in_001,48
2024,다라1223,to_in_001,98
2024,다라1224,to_in_001,48
2024,다라1225,to_in_001,28
2024,다라1226,to_in_001,83
2024,다라1227,to_in_001,78
2024,다라1228,to_in_001,28
2024,다라1232,to_in_001,149
2024,다라1233,to_in_001,68
2024,다라1234,to_in_001,123
2024,다라1235,to_in_001,18
2024,다라1236,to_in_001,8
2024,다라1237,to_in_001,73
2024,다라1238,to_in_001,5
2024,다라1239,to_in_001,5
2024,다라1240,to_in_001,23
2024,다라1241,to_in_001,0
2024,다라1242,to_in_001,23
2024,다라1243,to_in_001,5
2024,다라1245,to_in_001,8
2024,다라1251,to_in_001,13
2024,다라1256,to_in_001,73
2024,다라1257,to_in_001,43
2024,다라1258,to_in_001,17
2024,다라1259,to_in_001,8
2024,다라1260,to_in_001,68
2024,다라1261,to_in_001,38
2024,다라1262,to_in_001,108
2024,다라1263,to_in_001,8
2024,다라1264,to_in_001,13
2024,다라1265,to_in_001,5
2024,다라1267,to_in_001,82
2024,다라1268,to_in_001,104
2024,다라1269,to_in_001,474
2024,다라1270,to_in_001,197
2024,다라1271,to_in_001,143
2024,다라1272,to_in_001,320
2024,다라1273,to_in_001,316
2024,다라1274,to_in_001,98
2024,다라1275,to_in_001,243
2024,다라1276,to_in_001,78
2024,다라1280,to_in_001,33
2024,다라1281,to_in_001,8
2024,다라1283,to_in_001,18
2024,다라1284,to_in_001,28
2024,다라1285,to_in_001,5
2024,다라1286,to_in_001,53
2024,다라1287,to_in_001,28
2024,다라1288,to_in_001,5
2024,다라1289,to_in_001,5
2024,다라1290,to_in_001,73
2024,다라1291,to_in_001,43
2024,다라1293,to_in_001,78
2024,다라1294,to_in_001,13
2024,다라1295,to_in_001,63
2024,다라1296,to_in_001,73
2024,다라1297,to_in_001,53
2024,다라1298,to_in_001,48
2024,다라1299,to_in_001,133
2024,다라1300,to_in_001,53
2024,다라1302,to_in_001,5
2024,다라1303,to_in_001,8
2024,다라1304,to_in_001,88
2024,다라1305,to_in_001,8
2024,다라1306,to_in_001,23
2024,다라1307,to_in_001,168
2024,다라1308,to_in_001,138
2024,다라1310,to_in_001,18
2024,다라1311,to_in_001,5
2024,다라1314,to_in_001,53
2024,다라1315,to_in_001,33
2024,다라1316,to_in_001,63
2024,다라1317,to_in_001,58
2024,다라1320,to_in_001,123
2024,다라1321,to_in_001,133
2024,다라1322,to_in_001,143
2024,다라1323,to_in_001,23
2024,다라1325,to_in_001,8
2024,다라1326,to_in_001,18
2024,다라1327,to_in_001,5
2024,다라1332,to_in_001,28
2024,다라1333,to_in_001,38
2024,다라1334,to_in_001,0
2024,다라1335,to_in_001,43
2024,다라1336,to_in_001,83
2024,다라1337,to_in_001,68
2024,다라1338,to_in_001,183
2024,다라1340,to_in_001,5
2024,다라1344,to_in_001,8
2024,다라1345,to_in_001,93
2024,다라1346,to_in_001,5
2024,다라1355,to_in_001,8
2024,다라1356,to_in_001,98
2024,다라1357,to_in_001,53
2024,다라1358,to_in_001,38
2024,다라1359,to_in_001,23
2024,다라1360,to_in_001,63
2024,다라1361,to_in_001,8
2024,다라1362,to_in_001,8
2024,다라1363,to_in_001,103
2024,다라1364,to_in_001,78
2024,다라1365,to_in_001,58
2024,다라1366,to_in_001,13
2024,다라1368,to_in_001,8
2024,다라1369,to_in_001,43
2024,다라1370,to_in_001,73
2024,다라1371,to_in_001,175
2024,다라1372,to_in_001,123
2024,다라1373,to_in_001,88
2024,다라1374,to_in_001,96
2024,다라1375,to_in_001,13
2024,다라1376,to_in_001,78
2024,다라1377,to_in_001,88
2024,다라1378,to_in_001,33
2024,다라1380,to_in_001,5
2024,다라1381,to_in_001,23
2024,다라1383,to_in_001,5
2024,다라1384,to_in_001,18
2024,다라1385,to_in_001,53
2024,다라1386,to_in_001,23
2024,다라1387,to_in_001,13
2024,다라1388,to_in_001,5
2024,다라1389,to_in_001,18
2024,다라1391,to_in_001,38
2024,다라1392,to_in_001,78
2024,다라1393,to_in_001,5
2024,다라1394,to_in_001,18
2024,다라1395,to_in_001,5
2024,다라1396,to_in_001,138
2024,다라1397,to_in_001,73
2024,다라1398,to_in_001,43
2024,다라1399,to_in_001,53
2024,다라1400,to_in_001,43
2024,다라1401,to_in_001,13
2024,다라1402,to_in_001,48
2024,다라1403,to_in_001,8
2024,다라1404,to_in_001,43
2024,다라1405,to_in_001,5
2024,다라1407,to_in_001,28
2024,다라1408,to_in_001,18
2024,다라1409,to_in_001,33
2024,다라1410,to_in_001,13
2024,다라1411,to_in_001,8
2024,다라1413,to_in_001,8
2024,다라1414,to_in_001,158
2024,다라1415,to_in_001,68
2024,다라1416,to_in_001,88
2024,다라1417,to_in_001,63
2024,다라1418,to_in_001,128
2024,다라1419,to_in_001,23
2024,다라1420,to_in_001,0
2024,다라1421,to_in_001,28
2024,다라1424,to_in_001,13
2024,다라1425,to_in_001,294
2024,다라1426,to_in_001,63
2024,다라1429,to_in_001,53
2024,다라1430,to_in_001,8
2024,다라1432,to_in_001,73
2024,다라1433,to_in_001,123
2024,다라1434,to_in_001,113
2024,다라1435,to_in_001,5
2024,다라1436,to_in_001,183
2024,다라1437,to_in_001,747
2024,다라1438,to_in_001,8
2024,다라1442,to_in_001,5
2024,다라1443,to_in_001,23
2024,다라1444,to_in_001,24
2024,다라1446,to_in_001,103
2024,다라1448,to_in_001,8
2024,다라1451,to_in_001,8
2024,다라1452,to_in_001,5
2024,다라1456,to_in_001,18
2024,다라1457,to_in_001,188
2024,다라1458,to_in_001,103
2024,다라1459,to_in_001,68
2024,다라1460,to_in_001,198
2024,다라1461,to_in_001,123
2024,다라1462,to_in_001,38
2024,다라1463,to_in_001,23
2024,다라1464,to_in_001,18
2024,다라1465,to_in_001,33
2024,다라1467,to_in_001,5
2024,다라1468,to_in_001,28
2024,다라1469,to_in_001,58
2024,다라1470,to_in_001,5
2024,다라1471,to_in_001,109
2024,다라1472,to_in_001,72
2024,다라1473,to_in_001,5
2024,다라1474,to_in_001,43
2024,다라1475,to_in_001,73
2024,다라1476,to_in_001,43
2024,다라1477,to_in_001,133
2024,다라1478,to_in_001,43
2024,다라1479,to_in_001,5
2024,다라1484,to_in_001,5
2024,다라1485,to_in_001,8
2024,다라1486,to_in_001,5
2024,다라1487,to_in_001,60
2024,다라1489,to_in_001,0
2024,다라1490,to_in_001,8
2024,다라1491,to_in_001,53
2024,다라1492,to_in_001,103
2024,다라1493,to_in_001,8
2024,다라1494,to_in_001,8
2024,다라1496,to_in_001,118
2024,다라1497,to_in_001,98
2024,다라1498,to_in_001,43
2024,다라1499,to_in_001,103
2024,다라1500,to_in_001,13
2024,다라1501,to_in_001,48
2024,다라1502,to_in_001,133
2024,다라1503,to_in_001,53
2024,다라1504,to_in_001,168
2024,다라1505,to_in_001,38
2024,다라1507,to_in_001,5
2024,다라1509,to_in_001,18
2024,다라1510,to_in_001,0
2024,다라1511,to_in_001,68
2024,다라1512,to_in_001,8
2024,다라1513,to_in_001,5
2024,다라1514,to_in_001,133
2024,다라1515,to_in_001,43
2024,다라1516,to_in_001,23
2024,다라1517,to_in_001,108
2024,다라1518,to_in_001,131
2024,다라1519,to_in_001,138
2024,다라1520,to_in_001,58
2024,다라1521,to_in_001,198
2024,다라1522,to_in_001,5
2024,다라1524,to_in_001,98
2024,다라1525,to_in_001,23
2024,다라1526,to_in_001,88
2024,다라1529,to_in_001,23
2024,다라1530,to_in_001,23
2024,다라1532,to_in_001,5
2024,다라1533,to_in_001,68
2024,다라1534,to_in_001,13
2024,다라1535,to_in_001,58
2024,다라1536,to_in_001,98
2024,다라1537,to_in_001,254
2024,다라1538,to_in_001,8
2024,다라1539,to_in_001,18
2024,다라1540,to_in_001,144
2024,다라1541,to_in_001,63
2024,다라1542,to_in_001,73
2024,다라1543,to_in_001,118
2024,다라1544,to_in_001,68
2024,다라1545,to_in_001,148
2024,다라1546,to_in_001,5
2024,다라1548,to_in_001,13
2024,다라1549,to_in_001,98
2024,다라1550,to_in_001,43
2024,다라1551,to_in_001,98
2024,다라1552,to_in_001,43
2024,다라1553,to_in_001,5
2024,다라1555,to_in_001,5
2024,다라1558,to_in_001,38
2024,다라1559,to_in_001,153
2024,다라1560,to_in_001,63
2024,다라1561,to_in_001,28
2024,다라1562,to_in_001,88
2024,다라1563,to_in_001,63
2024,다라1564,to_in_001,23
2024,다라1565,to_in_001,53
2024,다라1566,to_in_001,88
2024,다라1567,to_in_001,103
2024,다라1568,to_in_001,83
2024,다라1571,to_in_001,18
2024,다라1572,to_in_001,5
2024,다라1573,to_in_001,38
2024,다라1574,to_in_001,8
2024,다라1576,to_in_001,63
2024,다라1577,to_in_001,23
2024,다라1578,to_in_001,139
2024,다라1579,to_in_001,33
2024,다라1580,to_in_001,5
2024,다라1581,to_in_001,8
2024,다라1584,to_in_001,8
2024,다라1586,to_in_001,50
2024,다라1587,to_in_001,13
2024,다라1588,to_in_001,33
2024,다라1589,to_in_001,5
2024,다라1590,to_in_001,53
2024,다라1591,to_in_001,0
2024,다라1592,to_in_001,48
2024,다라1593,to_in_001,33
2024,다라1594,to_in_001,23
2024,다라1596,to_in_001,5
2024,다라1597,to_in_001,53
2024,다라1598,to_in_001,28
2024,다라1599,to_in_001,18
2024,다라1600,to_in_001,5
2024,다라1602,to_in_001,139
2024,다라1603,to_in_001,78
2024,다라1604,to_in_001,23
2024,다라1605,to_in_001,33
2024,다라1606,to_in_001,23
2024,다라1609,to_in_001,38
2024,다라1610,to_in_001,5
2024,다라1611,to_in_001,23
2024,다라1614,to_in_001,23
2024,다라1615,to_in_001,83
2024,다라1616,to_in_001,63
2024,다라1617,to_in_001,53
2024,다라1618,to_in_001,151
2024,다라1619,to_in_001,904
2024,다라1620,to_in_001,4329
2024,다라1621,to_in_001,1882
2024,다라1624,to_in_001,23
2024,다라1625,to_in_001,13
2024,다라1626,to_in_001,14
2024,다라1628,to_in_001,38
2024,다라1629,to_in_001,18
2024,다라1633,to_in_001,18
2024,다라1634,to_in_001,53
2024,다라1635,to_in_001,23
2024,다라1636,to_in_001,63
2024,다라1637,to_in_001,68
2024,다라1638,to_in_001,43
2024,다라1639,to_in_001,58
2024,다라1640,to_in_001,168
2024,다라1641,to_in_001,8
2024,다라1642,to_in_001,63
2024,다라1643,to_in_001,33
2024,다라1645,to_in_001,13
2024,다라1647,to_in_001,5
2024,다라1648,to_in_001,103
2024,다라1649,to_in_001,28
2024,다라1650,to_in_001,53
2024,다라1651,to_in_001,13
2024,다라1652,to_in_001,53
2024,다라1653,to_in_001,83
2024,다라1654,to_in_001,58
2024,다라1655,to_in_001,53
2024,다라1656,to_in_001,148
2024,다라1657,to_in_001,28
2024,다라1658,to_in_001,8
2024,다라1659,to_in_001,38
2024,다라1660,to_in_001,78
2024,다라1661,to_in_001,53
2024,다라1662,to_in_001,48
2024,다라1663,to_in_001,63
2024,다라1664,to_in_001,143
2024,다라1665,to_in_001,5
2024,다라1666,to_in_001,8
2024,다라1668,to_in_001,88
2024,다라1669,to_in_001,18
2024,다라1670,to_in_001,13
2024,다라1671,to_in_001,23
2024,다라1672,to_in_001,33
2024,다라1673,to_in_001,53
2024,다라1674,to_in_001,53
2024,다라1675,to_in_001,23
2024,다라1676,to_in_001,48
2024,다라1677,to_in_001,8
2024,다라1678,to_in_001,48
2024,다라1679,to_in_001,33
2024,다라1680,to_in_001,48
2024,다라1681,to_in_001,8
2024,다라1684,to_in_001,13
2024,다라1685,to_in_001,38
2024,다라1686,to_in_001,68
2024,다라1687,to_in_001,83
2024,다라1688,to_in_001,8
2024,다라1689,to_in_001,18
2024,다라1695,to_in_001,18
2024,다라1697,to_in_001,53
2024,다라1698,to_in_001,18
2024,다라1699,to_in_001,180
2024,다라1700,to_in_001,58
2024,다라1701,to_in_001,20
2024,다라1703,to_in_001,8
2024,다라1704,to_in_001,123
2024,다라1705,to_in_001,28
2024,다라1708,to_in_001,5
2024,다라1709,to_in_001,8
2024,다라1713,to_in_001,128
2024,다라1714,to_in_001,83
2024,다라1715,to_in_001,43
2024,다라1716,to_in_001,58
2024,다라1717,to_in_001,83
2024,다라1718,to_in_001,28
2024,다라1719,to_in_001,3882
2024,다라1720,to_in_001,4021
2024,다라1721,to_in_001,63
2024,다라1722,to_in_001,5
2024,다라1723,to_in_001,8
2024,다라1725,to_in_001,5
2024,다라1726,to_in_001,8
2024,다라1727,to_in_001,48
2024,다라1728,to_in_001,93
2024,다라1729,to_in_001,128
2024,다라1733,to_in_001,5
2024,다라1734,to_in_001,93
2024,다라1735,to_in_001,78
2024,다라1736,to_in_001,83
2024,다라1737,to_in_001,43
2024,다라1738,to_in_001,83
2024,다라1739,to_in_001,73
2024,다라1740,to_in_001,28
2024,다라1741,to_in_001,28
2024,다라1742,to_in_001,5
2024,다라1743,to_in_001,5
2024,다라1744,to_in_001,33
2024,다라1748,to_in_001,138
2024,다라1749,to_in_001,28
2024,다라1750,to_in_001,23
2024,다라1751,to_in_001,28
2024,다라1752,to_in_001,53
2024,다라1753,to_in_001,43
2024,다라1754,to_in_001,63
2024,다라1755,to_in_001,58
2024,다라1756,to_in_001,18
2024,다라1757,to_in_001,63
2024,다라1758,to_in_001,53
2024,다라1760,to_in_001,88
2024,다라1761,to_in_001,93
2024,다라1762,to_in_001,73
2024,다라1763,to_in_001,23
2024,다라1764,to_in_001,23
2024,다라1765,to_in_001,78
2024,다라1766,to_in_001,13
2024,다라1767,to_in_001,28
2024,다라1768,to_in_001,33
2024,다라1769,to_in_001,33
2024,다라1770,to_in_001,23
2024,다라1771,to_in_001,48
2024,다라1773,to_in_001,78
2024,다라1774,to_in_001,73
2024,다라1775,to_in_001,18
2024,다라1776,to_in_001,48
2024,다라1777,to_in_001,53
2024,다라1778,to_in_001,48
2024,다라1779,to_in_001,39
2024,다라1780,to_in_001,98
2024,다라1781,to_in_001,93
2024,다라1782,to_in_001,58
2024,다라1783,to_in_001,73
2024,다라1784,to_in_001,63
2024,다라1785,to_in_001,168
2024,다라1786,to_in_001,53
2024,다라1787,to_in_001,53
2024,다라1788,to_in_001,171
2024,다라1789,to_in_001,78
2024,다라1790,to_in_001,93
2024,다라1791,to_in_001,18
2024,다라1792,to_in_001,63
2024,다라1797,to_in_001,5
2024,다라1798,to_in_001,28
2024,다라1799,to_in_001,13
2024,다라1800,to_in_001,168
2024,다라1801,to_in_001,13
2024,다라1802,to_in_001,8
2024,다라1803,to_in_001,5
2024,다라1804,to_in_001,8
2024,다라1805,to_in_001,8
2024,다라1809,to_in_001,38
2024,다라1810,to_in_001,5
2024,다라1811,to_in_001,23
2024,다라1812,to_in_001,143
2024,다라1813,to_in_001,118
2024,다라1814,to_in_001,178
2024,다라1815,to_in_001,128
2024,다라1816,to_in_001,113
2024,다라1817,to_in_001,43
2024,다라1818,to_in_001,68
2024,다라1819,to_in_001,3794
2024,다라1820,to_in_001,1699
2024,다라1824,to_in_001,5
2024,다라1826,to_in_001,43
2024,다라1827,to_in_001,5
2024,다라1828,to_in_001,8
2024,다라1829,to_in_001,23
2024,다라1830,to_in_001,0
2024,다라1833,to_in_001,5
2024,다라1834,to_in_001,103
2024,다라1835,to_in_001,153
2024,다라1836,to_in_001,43
2024,다라1837,to_in_001,38
2024,다라1838,to_in_001,123
2024,다라1839,to_in_001,68
2024,다라1840,to_in_001,38
2024,다라1841,to_in_001,43
2024,다라1842,to_in_001,218
2024,다라1843,to_in_001,118
2024,다라1844,to_in_001,8
2024,다라1848,to_in_001,58
2024,다라1849,to_in_001,133
2024,다라1850,to_in_001,93
2024,다라1851,to_in_001,84
2024,다라1852,to_in_001,388
2024,다라1853,to_in_001,119
2024,다라1854,to_in_001,133
2024,다라1855,to_in_001,13
2024,다라1856,to_in_001,23
2024,다라1857,to_in_001,68
2024,다라1858,to_in_001,73
2024,다라1860,to_in_001,148
2024,다라1861,to_in_001,278
2024,다라1862,to_in_001,58
2024,다라1863,to_in_001,23
2024,다라1864,to_in_001,43
2024,다라1865,to_in_001,0
2024,다라1866,to_in_001,98
2024,다라1867,to_in_001,8
2024,다라1869,to_in_001,53
2024,다라1870,to_in_001,128
2024,다라1871,to_in_001,143
2024,다라1872,to_in_001,78
2024,다라1873,to_in_001,173
2024,다라1874,to_in_001,118
2024,다라1875,to_in_001,13
2024,다라1877,to_in_001,8
2024,다라1878,to_in_001,98
2024,다라1879,to_in_001,78
2024,다라1880,to_in_001,283
2024,다라1881,to_in_001,133
2024,다라1882,to_in_001,98
2024,다라1883,to_in_001,68
2024,다라1884,to_in_001,118
2024,다라1885,to_in_001,178
2024,다라1886,to_in_001,189
2024,다라1887,to_in_001,770
2024,다라1888,to_in_001,163
2024,다라1889,to_in_001,113
2024,다라1890,to_in_001,108
2024,다라1891,to_in_001,53
2024,다라1892,to_in_001,103
2024,다라1893,to_in_001,23
2024,다라1894,to_in_001,13
2024,다라1898,to_in_001,0
2024,다라1900,to_in_001,38
2024,다라1901,to_in_001,338
2024,다라1902,to_in_001,188
2024,다라1903,to_in_001,5
2024,다라1911,to_in_001,48
2024,다라1912,to_in_001,103
2024,다라1913,to_in_001,103
2024,다라1914,to_in_001,93
2024,다라1915,to_in_001,28
2024,다라1916,to_in_001,123
2024,다라1917,to_in_001,68
2024,다라1918,to_in_001,33
2024,다라1919,to_in_001,98
2024,다라1924,to_in_001,93
2024,다라1925,to_in_001,118
2024,다라1926,to_in_001,59
2024,다라1927,to_in_001,63
2024,다라1928,to_in_001,114
2024,다라1929,to_in_001,53
2024,다라1930,to_in_001,13
2024,다라1933,to_in_001,8
2024,다라1934,to_in_001,83
2024,다라1935,to_in_001,63
2024,다라1936,to_in_001,38
2024,다라1937,to_in_001,5
2024,다라1938,to_in_001,203
2024,다라1939,to_in_001,48
2024,다라1940,to_in_001,123
2024,다라1941,to_in_001,203
2024,다라1942,to_in_001,5
2024,다라1944,to_in_001,123
2024,다라1949,to_in_001,149
2024,다라1950,to_in_001,78
2024,다라1951,to_in_001,98
2024,다라1952,to_in_001,43
2024,다라1953,to_in_001,113
2024,다라1954,to_in_001,43
2024,다라1955,to_in_001,23
2024,다라1956,to_in_001,93
2024,다라1957,to_in_001,93
2024,다라1959,to_in_001,43
2024,다라1960,to_in_001,43
2024,다라1961,to_in_001,38
2024,다라1962,to_in_001,33
2024,다라1963,to_in_001,18
2024,다라1964,to_in_001,8
2024,다라1965,to_in_001,103
2024,다라1966,to_in_001,68
2024,다라1967,to_in_001,38
2024,다라1968,to_in_001,23
2024,다라1969,to_in_001,68
2024,다라1970,to_in_001,53
2024,다라1971,to_in_001,58
2024,다라1972,to_in_001,58
2024,다라1973,to_in_001,38
2024,다라1974,to_in_001,58
2024,다라1975,to_in_001,18
2024,다라1978,to_in_001,43
2024,다라1979,to_in_001,43
2024,다라1980,to_in_001,103
2024,다라1981,to_in_001,5
2024,다라1982,to_in_001,38
2024,다라1983,to_in_001,118
2024,다라1984,to_in_001,128
2024,다라1985,to_in_001,33
2024,다라1986,to_in_001,8
2024,다라1987,to_in_001,163
2024,다라1988,to_in_001,13
2024,다라1989,to_in_001,173
2024,다라1990,to_in_001,78
2024,다라1991,to_in_001,63
2024,다라1992,to_in_001,78
2024,다라1993,to_in_001,73
2024,다라1994,to_in_001,13
2024,다라1995,to_in_001,5
2024,다라2000,to_in_001,98
2024,다라2001,to_in_001,13
2024,다라2002,to_in_001,73
2024,다라2003,to_in_001,83
2024,다라2004,to_in_001,8
2024,다라2005,to_in_001,108
2024,다라2012,to_in_001,8
2024,다라2013,to_in_001,5
2024,다라2014,to_in_001,0
2024,다라2015,to_in_001,28
2024,다라2016,to_in_001,8
2024,다라2022,to_in_001,8
2024,다라2023,to_in_001,68
2024,다라2024,to_in_001,48
2024,다라2025,to_in_001,23
2024,다라2026,to_in_001,88
2024,다라2027,to_in_001,33
2024,다라2028,to_in_001,108
2024,다라2029,to_in_001,53
2024,다라2034,to_in_001,53
2024,다라2035,to_in_001,38
2024,다라2036,to_in_001,63
2024,다라2037,to_in_001,8
2024,다라2038,to_in_001,5
2024,다라2039,to_in_001,5
2024,다라2040,to_in_001,20
2024,다라2041,to_in_001,488
2024,다라2042,to_in_001,93
2024,다라2043,to_in_001,118
2024,다라2044,to_in_001,8
2024,다라2045,to_in_001,8
2024,다라2046,to_in_001,78
2024,다라2049,to_in_001,163
2024,다라2050,to_in_001,123
2024,다라2051,to_in_001,23
2024,다라2052,to_in_001,8
2024,다라2053,to_in_001,13
2024,다라2054,to_in_001,33
2024,다라2055,to_in_001,58
2024,다라2056,to_in_001,13
2024,다라2057,to_in_001,148
2024,다라2058,to_in_001,5
2024,다라2059,to_in_001,123
2024,다라2060,to_in_001,23
2024,다라2061,to_in_001,13
2024,다라2062,to_in_001,23
2024,다라2063,to_in_001,38
2024,다라2065,to_in_001,38
2024,다라2066,to_in_001,153
2024,다라2067,to_in_001,173
2024,다라2068,to_in_001,123
2024,다라2069,to_in_001,78
2024,다라2070,to_in_001,161
2024,다라2071,to_in_001,83
2024,다라2072,to_in_001,18
2024,다라2074,to_in_001,13
2024,다라2075,to_in_001,38
2024,다라2076,to_in_001,8
2024,다라2077,to_in_001,13
2024,다라2079,to_in_001,33
2024,다라2080,to_in_001,63
2024,다라2081,to_in_001,68
2024,다라2082,to_in_001,23
2024,다라2083,to_in_001,53
2024,다라2084,to_in_001,53
2024,다라2085,to_in_001,163
2024,다라2086,to_in_001,33
2024,다라2087,to_in_001,656
2024,다라2088,to_in_001,190
2024,다라2090,to_in_001,63
2024,다라2091,to_in_001,148
2024,다라2092,to_in_001,63
2024,다라2093,to_in_001,98
2024,다라2094,to_in_001,83
2024,다라2095,to_in_001,399
2024,다라2097,to_in_001,5
2024,다라2098,to_in_001,8
2024,다라2100,to_in_001,153
2024,다라2102,to_in_001,118
2024,다라2103,to_in_001,8
2024,다라2104,to_in_001,98
2024,다라2105,to_in_001,38
2024,다라2111,to_in_001,8
2024,다라2112,to_in_001,5
2024,다라2113,to_in_001,33
2024,다라2115,to_in_001,43
2024,다라2116,to_in_001,28
2024,다라2117,to_in_001,38
2024,다라2118,to_in_001,53
2024,다라2119,to_in_001,393
2024,다라2120,to_in_001,33
2024,다라2121,to_in_001,265
2024,다라2122,to_in_001,63
2024,다라2123,to_in_001,18
2024,다라2124,to_in_001,78
2024,다라2125,to_in_001,28
2024,다라2126,to_in_001,5
2024,다라2127,to_in_001,8
2024,다라2128,to_in_001,38
2024,다라2134,to_in_001,5
2024,다라2141,to_in_001,235
2024,다라2142,to_in_001,78
2024,다라2143,to_in_001,93
2024,다라2144,to_in_001,23
2024,다라2145,to_in_001,68
2024,다라2146,to_in_001,112
2024,다라2148,to_in_001,133
2024,다라2149,to_in_001,78
2024,다라2150,to_in_001,78
2024,다라2151,to_in_001,133
2024,다라2152,to_in_001,38
2024,다라2153,to_in_001,88
2024,다라2154,to_in_001,68
2024,다라2155,to_in_001,33
2024,다라2156,to_in_001,48
2024,다라2157,to_in_001,48
2024,다라2158,to_in_001,8
2024,다라2159,to_in_001,48
2024,다라2160,to_in_001,8
2024,다라2161,to_in_001,23
2024,다라2162,to_in_001,133
2024,다라2163,to_in_001,28
2024,다라2164,to_in_001,38
2024,다라2165,to_in_001,8
2024,다라2166,to_in_001,23
2024,다라2167,to_in_001,53
2024,다라2168,to_in_001,53
2024,다라2169,to_in_001,619
2024,다라2170,to_in_001,63
2024,다라2171,to_in_001,63
2024,다라2173,to_in_001,18
2024,다라2174,to_in_001,38
2024,다라2176,to_in_001,13
2024,다라2177,to_in_001,38
2024,다라2178,to_in_001,13
2024,다라2179,to_in_001,0
2024,다라2180,to_in_001,8
2024,다라2181,to_in_001,28
2024,다라2182,to_in_001,63
2024,다라2183,to_in_001,73
2024,다라2184,to_in_001,8
2024,다라2185,to_in_001,168
2024,다라2186,to_in_001,63
2024,다라2187,to_in_001,208
2024,다라2188,to_in_001,153
2024,다라2189,to_in_001,128
2024,다라2190,to_in_001,68
2024,다라2191,to_in_001,68
2024,다라2192,to_in_001,58
2024,다라2193,to_in_001,48
2024,다라2194,to_in_001,78
2024,다라2195,to_in_001,38
2024,다라2196,to_in_001,43
2024,다라2197,to_in_001,48
2024,다라2198,to_in_001,83
2024,다라2199,to_in_001,53
2024,다라2200,to_in_001,43
2024,다라2203,to_in_001,113
2024,다라2204,to_in_001,73
2024,다라2205,to_in_001,33
2024,다라2206,to_in_001,5
2024,다라2207,to_in_001,5
2024,다라2208,to_in_001,38
2024,다라2209,to_in_001,8
2024,다라2212,to_in_001,18
2024,다라2213,to_in_001,33
2024,다라2214,to_in_001,0
2024,다라2215,to_in_001,5
2024,다라2216,to_in_001,43
2024,다라2217,to_in_001,143
2024,다라2218,to_in_001,63
2024,다라2219,to_in_001,143
2024,다라2220,to_in_001,158
2024,다라2221,to_in_001,53
2024,다라2222,to_in_001,53
2024,다라2223,to_in_001,48
2024,다라2224,to_in_001,89
2024,다라2225,to_in_001,48
2024,다라2226,to_in_001,8
2024,다라2227,to_in_001,23
2024,다라2228,to_in_001,138
2024,다라2229,to_in_001,0
2024,다라2230,to_in_001,0
2024,다라2232,to_in_001,8
2024,다라2234,to_in_001,33
2024,다라2240,to_in_001,5
2024,다라2241,to_in_001,8
2024,다라2242,to_in_001,175
2024,다라2243,to_in_001,58
2024,다라2244,to_in_001,48
2024,다라2245,to_in_001,48
2024,다라2246,to_in_001,58
2024,다라2247,to_in_001,43
2024,다라2248,to_in_001,98
2024,다라2249,to_in_001,8
2024,다라2250,to_in_001,53
2024,다라2251,to_in_001,43
2024,다라2252,to_in_001,78
2024,다라2253,to_in_001,53
2024,다라2254,to_in_001,23
2024,다라2255,to_in_001,48
2024,다라2256,to_in_001,158
2024,다라2257,to_in_001,168
2024,다라2258,to_in_001,48
2024,다라2259,to_in_001,53
2024,다라2260,to_in_001,83
2024,다라2261,to_in_001,66
2024,다라2262,to_in_001,53
2024,다라2263,to_in_001,138
2024,다라2264,to_in_001,28
2024,다라2267,to_in_001,138
2024,다라2268,to_in_001,482
2024,다라2269,to_in_001,88
2024,다라2270,to_in_001,73
2024,다라2272,to_in_001,5
2024,다라2274,to_in_001,48
2024,다라2275,to_in_001,48
2024,다라2276,to_in_001,13
2024,다라2277,to_in_001,28
2024,다라2278,to_in_001,28
2024,다라2279,to_in_001,8
2024,다라2280,to_in_001,18
2024,다라2281,to_in_001,5
2024,다라2282,to_in_001,13
2024,다라2283,to_in_001,33
2024,다라2284,to_in_001,23
2024,다라2285,to_in_001,38
2024,다라2286,to_in_001,18
2024,다라2287,to_in_001,48
2024,다라2288,to_in_001,38
2024,다라2289,to_in_001,5
2024,다라2290,to_in_001,103
2024,다라2291,to_in_001,43
2024,다라2292,to_in_001,123
2024,다라2293,to_in_001,178
2024,다라2294,to_in_001,38
2024,다라2295,to_in_001,38
2024,다라2296,to_in_001,38
2024,다라2297,to_in_001,68
2024,다라2298,to_in_001,28
2024,다라2299,to_in_001,43
2024,다라2300,to_in_001,156
2024,다라2303,to_in_001,43
2024,다라2304,to_in_001,73
2024,다라2305,to_in_001,18
2024,다라2306,to_in_001,43
2024,다라2307,to_in_001,38
2024,다라2308,to_in_001,218
2024,다라2309,to_in_001,13
2024,다라2310,to_in_001,18
2024,다라2313,to_in_001,33
2024,다라2314,to_in_001,8
2024,다라2315,to_in_001,5
2024,다라2316,to_in_001,0
2024,다라2317,to_in_001,43
2024,다라2318,to_in_001,18
2024,다라2319,to_in_001,38
2024,다라2320,to_in_001,5
2024,다라2321,to_in_001,68
2024,다라2322,to_in_001,43
2024,다라2323,to_in_001,5
2024,다라2325,to_in_001,13
2024,다라2326,to_in_001,8
2024,다라2327,to_in_001,8
2024,다라2328,to_in_001,23
2024,다라2329,to_in_001,28
2024,다라2330,to_in_001,8
2024,다라2331,to_in_001,63
2024,다라2332,to_in_001,68
2024,다라2334,to_in_001,28
2024,다라2335,to_in_001,28
2024,다라2339,to_in_001,0
2024,다라2340,to_in_001,5
2024,다라2342,to_in_001,5
2024,다라2343,to_in_001,78
2024,다라2344,to_in_001,108
2024,다라2345,to_in_001,5
2024,다라2346,to_in_001,98
2024,다라2348,to_in_001,43
2024,다라2349,to_in_001,43
2024,다라2350,to_in_001,48
2024,다라2351,to_in_001,0
2024,다라2352,to_in_001,63
2024,다라2353,to_in_001,43
2024,다라2354,to_in_001,63
2024,다라2355,to_in_001,58
2024,다라2356,to_in_001,58
2024,다라2357,to_in_001,88
2024,다라2358,to_in_001,88
2024,다라2359,to_in_001,5
2024,다라2360,to_in_001,78
2024,다라2361,to_in_001,33
2024,다라2362,to_in_001,73
2024,다라2363,to_in_001,188
2024,다라2364,to_in_001,148
2024,다라2365,to_in_001,118
2024,다라2366,to_in_001,53
2024,다라2367,to_in_001,63
2024,다라2368,to_in_001,23
2024,다라2369,to_in_001,48
2024,다라2370,to_in_001,5
2024,다라2372,to_in_001,54
2024,다라2374,to_in_001,5
2024,다라2375,to_in_001,13
2024,다라2376,to_in_001,13
2024,다라2377,to_in_001,0
2024,다라2378,to_in_001,5
2024,다라2379,to_in_001,0
2024,다라2381,to_in_001,33
2024,다라2382,to_in_001,28
2024,다라2383,to_in_001,58
2024,다라2384,to_in_001,38
2024,다라2385,to_in_001,43
2024,다라2386,to_in_001,43
2024,다라2387,to_in_001,118
2024,다라2388,to_in_001,33
2024,다라2389,to_in_001,48
2024,다라2390,to_in_001,23
2024,다라2391,to_in_001,78
2024,다라2392,to_in_001,68
2024,다라2393,to_in_001,33
2024,다라2394,to_in_001,103
2024,다라2395,to_in_001,83
2024,다라2396,to_in_001,403
2024,다라2397,to_in_001,53
2024,다라2398,to_in_001,63
2024,다라2399,to_in_001,18
2024,다라2400,to_in_001,48
2024,다라2401,to_in_001,8
2024,다라2403,to_in_001,8
2024,다라2404,to_in_001,53
2024,다라2405,to_in_001,8
2024,다라2406,to_in_001,8
2024,다라2407,to_in_001,108
2024,다라2408,to_in_001,163
2024,다라2409,to_in_001,23
2024,다라2410,to_in_001,98
2024,다라2411,to_in_001,8
2024,다라2416,to_in_001,18
2024,다라2417,to_in_001,63
2024,다라2418,to_in_001,63
2024,다라2419,to_in_001,53
2024,다라2420,to_in_001,78
2024,다라2421,to_in_001,45
2024,다라2422,to_in_001,48
2024,다라2423,to_in_001,73
2024,다라2424,to_in_001,13
2024,다라2425,to_in_001,18
2024,다라2428,to_in_001,33
2024,다라2429,to_in_001,63
2024,다라2430,to_in_001,18
2024,다라2431,to_in_001,73
2024,다라2432,to_in_001,8
2024,다라2434,to_in_001,5
2024,다라2443,to_in_001,8
2024,다라2444,to_in_001,113
2024,다라2445,to_in_001,113
2024,다라2446,to_in_001,88
2024,다라2447,to_in_001,8
2024,다라2448,to_in_001,58
2024,다라2449,to_in_001,88
2024,다라2450,to_in_001,48
2024,다라2451,to_in_001,48
2024,다라2452,to_in_001,5
2024,다라2453,to_in_001,33
2024,다라2454,to_in_001,38
2024,다라2455,to_in_001,33
2024,다라2456,to_in_001,63
2024,다라2457,to_in_001,68
2024,다라2458,to_in_001,5
2024,다라2459,to_in_001,43
2024,다라2460,to_in_001,98
2024,다라2461,to_in_001,13
2024,다라2462,to_in_001,88
2024,다라2463,to_in_001,88
2024,다라2464,to_in_001,148
2024,다라2465,to_in_001,76
2024,다라2466,to_in_001,53
2024,다라2467,to_in_001,23
2024,다라2468,to_in_001,38
2024,다라2469,to_in_001,38
2024,다라2470,to_in_001,18
2024,다라2471,to_in_001,43
2024,다라2472,to_in_001,103
2024,다라2474,to_in_001,8
2024,다라2475,to_in_001,8
2024,다라2478,to_in_001,68
2024,다라2479,to_in_001,48
2024,다라2480,to_in_001,38
2024,다라2481,to_in_001,23
2024,다라2482,to_in_001,53
2024,다라2483,to_in_001,18
2024,다라2484,to_in_001,337
2024,다라2485,to_in_001,349
2024,다라2486,to_in_001,18
2024,다라2487,to_in_001,36
2024,다라2488,to_in_001,58
2024,다라2489,to_in_001,100
2024,다라2490,to_in_001,78
2024,다라2491,to_in_001,58
2024,다라2492,to_in_001,63
2024,다라2493,to_in_001,48
2024,다라2494,to_in_001,33
2024,다라2495,to_in_001,317
2024,다라2496,to_in_001,2394
2024,다라2497,to_in_001,5
2024,다라2498,to_in_001,0
2024,다라2499,to_in_001,5
2024,다라2500,to_in_001,88
2024,다라2501,to_in_001,18
2024,다라2503,to_in_001,18
2024,다라2504,to_in_001,43
2024,다라2506,to_in_001,113
2024,다라2507,to_in_001,88
2024,다라2509,to_in_001,63
2024,다라2510,to_in_001,123
2024,다라2511,to_in_001,23
2024,다라2516,to_in_001,8
2024,다라2517,to_in_001,18
2024,다라2518,to_in_001,63
2024,다라2519,to_in_001,43
2024,다라2520,to_in_001,28
2024,다라2521,to_in_001,38
2024,다라2522,to_in_001,23
2024,다라2523,to_in_001,28
2024,다라2524,to_in_001,48
2024,다라2529,to_in_001,5
2024,다라2531,to_in_001,83
2024,다라2532,to_in_001,58
2024,다라2533,to_in_001,58
2024,다라2534,to_in_001,18
2024,다라2536,to_in_001,5
2024,다라2537,to_in_001,8
2024,다라2538,to_in_001,33
2024,다라2544,to_in_001,277
2024,다라2545,to_in_001,104
2024,다라2546,to_in_001,158
2024,다라2547,to_in_001,138
2024,다라2548,to_in_001,33
2024,다라2549,to_in_001,18
2024,다라2550,to_in_001,73
2024,다라2551,to_in_001,18
2024,다라2552,to_in_001,89
2024,다라2553,to_in_001,18
2024,다라2554,to_in_001,133
2024,다라2555,to_in_001,198
2024,다라2556,to_in_001,83
2024,다라2557,to_in_001,33
2024,다라2558,to_in_001,108
2024,다라2559,to_in_001,43
2024,다라2560,to_in_001,68
2024,다라2561,to_in_001,78
2024,다라2562,to_in_001,43
2024,다라2563,to_in_001,68
2024,다라2564,to_in_001,179
2024,다라2565,to_in_001,169
2024,다라2566,to_in_001,109
2024,다라2567,to_in_001,48
2024,다라2568,to_in_001,83
2024,다라2569,to_in_001,23
2024,다라2570,to_in_001,28
2024,다라2571,to_in_001,5
2024,다라2572,to_in_001,0
2024,다라2573,to_in_001,5
2024,다라2575,to_in_001,13
2024,다라2576,to_in_001,155
2024,다라2577,to_in_001,83
2024,다라2578,to_in_001,48
2024,다라2579,to_in_001,63
2024,다라2580,to_in_001,93
2024,다라2581,to_in_001,58
2024,다라2582,to_in_001,8
2024,다라2583,to_in_001,18
2024,다라2584,to_in_001,13
2024,다라2585,to_in_001,53
2024,다라2586,to_in_001,69
2024,다라2587,to_in_001,43
2024,다라2588,to_in_001,48
2024,다라2589,to_in_001,127
2024,다라2590,to_in_001,33
2024,다라2591,to_in_001,58
2024,다라2592,to_in_001,53
2024,다라2593,to_in_001,53
2024,다라2594,to_in_001,88
2024,다라2595,to_in_001,43
2024,다라2596,to_in_001,72
2024,다라2597,to_in_001,93
2024,다라2598,to_in_001,28
2024,다라2599,to_in_001,8
2024,다라2600,to_in_001,247
2024,다라2605,to_in_001,13
2024,다라2606,to_in_001,58
2024,다라2607,to_in_001,78
2024,다라2608,to_in_001,28
2024,다라2609,to_in_001,63
2024,다라2610,to_in_001,0
2024,다라2611,to_in_001,18
2024,다라2612,to_in_001,5
2024,다라2613,to_in_001,8
2024,다라2614,to_in_001,18
2024,다라2615,to_in_001,18
2024,다라2617,to_in_001,5
2024,다라2618,to_in_001,13
2024,다라2619,to_in_001,35
2024,다라2620,to_in_001,33
2024,다라2621,to_in_001,13
2024,다라2622,to_in_001,5
2024,다라2623,to_in_001,33
2024,다라2624,to_in_001,5
2024,다라2631,to_in_001,5
2024,다라2632,to_in_001,58
2024,다라2633,to_in_001,73
2024,다라2634,to_in_001,78
2024,다라2635,to_in_001,38
2024,다라2636,to_in_001,28
2024,다라2637,to_in_001,23
2024,다라2638,to_in_001,108
2024,다라2644,to_in_001,1495
2024,다라2645,to_in_001,2380
2024,다라2646,to_in_001,326
2024,다라2647,to_in_001,340
2024,다라2648,to_in_001,28
2024,다라2649,to_in_001,68
2024,다라2650,to_in_001,13
2024,다라2651,to_in_001,48
2024,다라2652,to_in_001,63
2024,다라2653,to_in_001,73
2024,다라2654,to_in_001,290
2024,다라2655,to_in_001,745
2024,다라2656,to_in_001,63
2024,다라2657,to_in_001,33
2024,다라2658,to_in_001,48
2024,다라2659,to_in_001,23
2024,다라2660,to_in_001,13
2024,다라2661,to_in_001,33
2024,다라2662,to_in_001,68
2024,다라2663,to_in_001,94
2024,다라2664,to_in_001,80
2024,다라2665,to_in_001,48
2024,다라2666,to_in_001,58
2024,다라2667,to_in_001,103
2024,다라2668,to_in_001,193
2024,다라2669,to_in_001,43
2024,다라2670,to_in_001,121
2024,다라2671,to_in_001,18
2024,다라2672,to_in_001,5
2024,다라2674,to_in_001,13
2024,다라2675,to_in_001,193
2024,다라2676,to_in_001,48
2024,다라2677,to_in_001,426
2024,다라2678,to_in_001,43
2024,다라2679,to_in_001,153
2024,다라2680,to_in_001,66
2024,다라2681,to_in_001,48
2024,다라2683,to_in_001,28
2024,다라2684,to_in_001,38
2024,다라2685,to_in_001,108
2024,다라2686,to_in_001,73
2024,다라2687,to_in_001,23
2024,다라2689,to_in_001,5
2024,다라2690,to_in_001,53
2024,다라2691,to_in_001,78
2024,다라2692,to_in_001,33
2024,다라2693,to_in_001,108
2024,다라2695,to_in_001,83
2024,다라2696,to_in_001,33
2024,다라2697,to_in_001,63
2024,다라2698,to_in_001,138
2024,다라2700,to_in_001,63
2024,다라2702,to_in_001,58
2024,다라2705,to_in_001,123
2024,다라2706,to_in_001,163
2024,다라2709,to_in_001,8
2024,다라2710,to_in_001,48
2024,다라2711,to_in_001,73
2024,다라2712,to_in_001,13
2024,다라2713,to_in_001,68
2024,다라2714,to_in_001,93
2024,다라2715,to_in_001,8
2024,다라2716,to_in_001,0
2024,다라2719,to_in_001,18
2024,다라2720,to_in_001,43
2024,다라2721,to_in_001,33
2024,다라2722,to_in_001,0
2024,다라2728,to_in_001,78
2024,다라2730,to_in_001,13
2024,다라2731,to_in_001,78
2024,다라2732,to_in_001,123
2024,다라2733,to_in_001,406
2024,다라2734,to_in_001,13
2024,다라2735,to_in_001,28
2024,다라2736,to_in_001,93
2024,다라2737,to_in_001,13
2024,다라2738,to_in_001,48
2024,다라2739,to_in_001,13
2024,다라2743,to_in_001,28
2024,다라2744,to_in_001,343
2024,다라2745,to_in_001,830
2024,다라2746,to_in_001,98
2024,다라2747,to_in_001,108
2024,다라2748,to_in_001,88
2024,다라2749,to_in_001,43
2024,다라2750,to_in_001,5
2024,다라2751,to_in_001,8
2024,다라2753,to_in_001,8
2024,다라2754,to_in_001,33
2024,다라2755,to_in_001,168
2024,다라2756,to_in_001,18
2024,다라2757,to_in_001,48
2024,다라2758,to_in_001,48
2024,다라2759,to_in_001,78
2024,다라2760,to_in_001,93
2024,다라2761,to_in_001,68
2024,다라2762,to_in_001,138
2024,다라2763,to_in_001,133
2024,다라2764,to_in_001,133
2024,다라2765,to_in_001,182
2024,다라2766,to_in_001,781
2024,다라2767,to_in_001,2593
2024,다라2768,to_in_001,304
2024,다라2769,to_in_001,8
2024,다라2770,to_in_001,48
2024,다라2771,to_in_001,199
2024,다라2772,to_in_001,13
2024,다라2773,to_in_001,8
2024,다라2774,to_in_001,53
2024,다라2775,to_in_001,218
2024,다라2776,to_in_001,78
2024,다라2777,to_in_001,53
2024,다라2778,to_in_001,113
2024,다라2779,to_in_001,63
2024,다라2780,to_in_001,48
2024,다라2781,to_in_001,28
2024,다라2785,to_in_001,192
2024,다라2786,to_in_001,78
2024,다라2787,to_in_001,28
2024,다라2789,to_in_001,5
2024,다라2791,to_in_001,63
2024,다라2792,to_in_001,33
2024,다라2793,to_in_001,33
2024,다라2794,to_in_001,8
2024,다라2795,to_in_001,88
2024,다라2796,to_in_001,78
2024,다라2797,to_in_001,191
2024,다라2798,to_in_001,48
2024,다라2801,to_in_001,5
2024,다라2802,to_in_001,18
2024,다라2805,to_in_001,8
2024,다라2806,to_in_001,28
2024,다라2809,to_in_001,23
2024,다라2810,to_in_001,8
2024,다라2811,to_in_001,8
2024,다라2812,to_in_001,38
2024,다라2813,to_in_001,213
2024,다라2814,to_in_001,43
2024,다라2815,to_in_001,88
2024,다라2816,to_in_001,38
2024,다라2817,to_in_001,68
2024,다라2818,to_in_001,43
2024,다라2819,to_in_001,13
2024,다라2820,to_in_001,23
2024,다라2821,to_in_001,23
2024,다라2822,to_in_001,43
2024,다라2823,to_in_001,53
2024,다라2824,to_in_001,78
2024,다라2826,to_in_001,33
2024,다라2827,to_in_001,43
2024,다라2828,to_in_001,43
2024,다라2829,to_in_001,28
2024,다라2830,to_in_001,23
2024,다라2831,to_in_001,73
2024,다라2832,to_in_001,68
2024,다라2833,to_in_001,8
2024,다라2834,to_in_001,128
2024,다라2836,to_in_001,8
2024,다라2837,to_in_001,8
2024,다라2838,to_in_001,154
2024,다라2839,to_in_001,13
2024,다라2842,to_in_001,48
2024,다라2843,to_in_001,58
2024,다라2844,to_in_001,46
2024,다라2845,to_in_001,38
2024,다라2846,to_in_001,169
2024,다라2847,to_in_001,53
2024,다라2848,to_in_001,43
2024,다라2849,to_in_001,93
2024,다라2852,to_in_001,38
2024,다라2853,to_in_001,48
2024,다라2854,to_in_001,43
2024,다라2856,to_in_001,13
2024,다라2857,to_in_001,48
2024,다라2858,to_in_001,38
2024,다라2859,to_in_001,83
2024,다라2860,to_in_001,173
2024,다라2861,to_in_001,53
2024,다라2862,to_in_001,88
2024,다라2863,to_in_001,33
2024,다라2864,to_in_001,83
2024,다라2865,to_in_001,118
2024,다라2866,to_in_001,2091
2024,다라2867,to_in_001,1055
2024,다라2868,to_in_001,661
2024,다라2869,to_in_001,3569
2024,다라2870,to_in_001,5806
2024,다라2871,to_in_001,3583
2024,다라2872,to_in_001,4902
2024,다라2873,to_in_001,1344
2024,다라2874,to_in_001,93
2024,다라2875,to_in_001,118
2024,다라2876,to_in_001,206
2024,다라2877,to_in_001,58
2024,다라2878,to_in_001,58
2024,다라2879,to_in_001,33
2024,다라2880,to_in_001,48
2024,다라2881,to_in_001,53
2024,다라2882,to_in_001,103
2024,다라2883,to_in_001,5
2024,다라2884,to_in_001,83
2024,다라2885,to_in_001,208
2024,다라2887,to_in_001,138
2024,다라2888,to_in_001,18
2024,다라2889,to_in_001,8
2024,다라2890,to_in_001,8
2024,다라2892,to_in_001,33
2024,다라2893,to_in_001,68
2024,다라2894,to_in_001,8
2024,다라2895,to_in_001,5
2024,다라2896,to_in_001,48
2024,다라2897,to_in_001,18
2024,다라2898,to_in_001,58
2024,다라2899,to_in_001,48
2024,다라2900,to_in_001,8
2024,다라2901,to_in_001,5
2024,다라2908,to_in_001,68
2024,다라2909,to_in_001,170
2024,다라2910,to_in_001,73
2024,다라2911,to_in_001,28
2024,다라2912,to_in_001,53
2024,다라2913,to_in_001,18
2024,다라2915,to_in_001,58
2024,다라2916,to_in_001,148
2024,다라2917,to_in_001,148
2024,다라2918,to_in_001,33
2024,다라2919,to_in_001,5
2024,다라2921,to_in_001,8
2024,다라2922,to_in_001,38
2024,다라2923,to_in_001,68
2024,다라2924,to_in_001,28
2024,다라2925,to_in_001,8
2024,다라2926,to_in_001,84
2024,다라2927,to_in_001,93
2024,다라2928,to_in_001,28
2024,다라2929,to_in_001,18
2024,다라2930,to_in_001,98
2024,다라2931,to_in_001,13
2024,다라2932,to_in_001,43
2024,다라2933,to_in_001,73
2024,다라2939,to_in_001,13
2024,다라2940,to_in_001,8
2024,다라2941,to_in_001,0
2024,다라2942,to_in_001,53
2024,다라2943,to_in_001,68
2024,다라2944,to_in_001,113
2024,다라2945,to_in_001,88
2024,다라2946,to_in_001,113
2024,다라2947,to_in_001,33
2024,다라2948,to_in_001,158
2024,다라2949,to_in_001,13
2024,다라2954,to_in_001,5
2024,다라2955,to_in_001,5
2024,다라2956,to_in_001,28
2024,다라2957,to_in_001,38
2024,다라2958,to_in_001,128
2024,다라2959,to_in_001,28
2024,다라2960,to_in_001,23
2024,다라2961,to_in_001,18
2024,다라2962,to_in_001,98
2024,다라2963,to_in_001,103
2024,다라2964,to_in_001,95
2024,다라2965,to_in_001,68
2024,다라2966,to_in_001,309
2024,다라2968,to_in_001,13
2024,다라2969,to_in_001,304
2024,다라2970,to_in_001,585
2024,다라2971,to_in_001,815
2024,다라2972,to_in_001,219
2024,다라2973,to_in_001,803
2024,다라2974,to_in_001,252
2024,다라2975,to_in_001,93
2024,다라2976,to_in_001,139
2024,다라2977,to_in_001,133
2024,다라2978,to_in_001,78
2024,다라2979,to_in_001,5
2024,다라2980,to_in_001,123
2024,다라2981,to_in_001,163
2024,다라2982,to_in_001,68
2024,다라2983,to_in_001,5
2024,다라2984,to_in_001,103
2024,다라2985,to_in_001,13
2024,다라2986,to_in_001,133
2024,다라2987,to_in_001,186
2024,다라2988,to_in_001,68
2024,다라2989,to_in_001,8
2024,다라2991,to_in_001,88
2024,다라2992,to_in_001,58
2024,다라2993,to_in_001,63
2024,다라2994,to_in_001,168
2024,다라2995,to_in_001,68
2024,다라2996,to_in_001,58
2024,다라2997,to_in_001,130
2024,다라2998,to_in_001,81
2024,다라2999,to_in_001,78
2024,다라3000,to_in_001,53
2024,다라3008,to_in_001,18
2024,다라3009,to_in_001,23
2024,다라3010,to_in_001,5
2024,다라3011,to_in_001,118
2024,다라3012,to_in_001,43
2024,다라3014,to_in_001,13
2024,다라3015,to_in_001,53
2024,다라3016,to_in_001,48
2024,다라3017,to_in_001,18
2024,다라3018,to_in_001,23
2024,다라3019,to_in_001,23
2024,다라3020,to_in_001,48
2024,다라3021,to_in_001,8
2024,다라3022,to_in_001,5
2024,다라3023,to_in_001,33
2024,다라3024,to_in_001,63
2024,다라3025,to_in_001,43
2024,다라3026,to_in_001,68
2024,다라3027,to_in_001,118
2024,다라3028,to_in_001,48
2024,다라3029,to_in_001,78
2024,다라3030,to_in_001,5
2024,다라3031,to_in_001,143
2024,다라3032,to_in_001,8
2024,다라3033,to_in_001,133
2024,다라3035,to_in_001,38
2024,다라3036,to_in_001,28
2024,다라3037,to_in_001,23
2024,다라3038,to_in_001,13
2024,다라3039,to_in_001,8
2024,다라3040,to_in_001,13
2024,다라3041,to_in_001,5
2024,다라3042,to_in_001,48
2024,다라3043,to_in_001,8
2024,다라3044,to_in_001,18
2024,다라3045,to_in_001,58
2024,다라3046,to_in_001,43
2024,다라3047,to_in_001,23
2024,다라3048,to_in_001,28
2024,다라3050,to_in_001,58
2024,다라3051,to_in_001,53
2024,다라3052,to_in_001,53
2024,다라3053,to_in_001,28
2024,다라3054,to_in_001,93
2024,다라3055,to_in_001,48
2024,다라3056,to_in_001,48
2024,다라3057,to_in_001,63
2024,다라3058,to_in_001,78
2024,다라3059,to_in_001,68
2024,다라3060,to_in_001,58
2024,다라3061,to_in_001,173
2024,다라3062,to_in_001,173
2024,다라3063,to_in_001,43
2024,다라3064,to_in_001,110
2024,다라3065,to_in_001,18
2024,다라3066,to_in_001,28
2024,다라3068,to_in_001,0
2024,다라3070,to_in_001,13
2024,다라3071,to_in_001,33
2024,다라3072,to_in_001,43
2024,다라3073,to_in_001,243
2024,다라3074,to_in_001,68
2024,다라3075,to_in_001,264
2024,다라3076,to_in_001,28
2024,다라3077,to_in_001,50
2024,다라3078,to_in_001,58
2024,다라3079,to_in_001,63
2024,다라3080,to_in_001,43
2024,다라3081,to_in_001,68
2024,다라3082,to_in_001,38
2024,다라3084,to_in_001,38
2024,다라3085,to_in_001,23
2024,다라3086,to_in_001,74
2024,다라3087,to_in_001,73
2024,다라3088,to_in_001,143
2024,다라3089,to_in_001,18
2024,다라3091,to_in_001,73
2024,다라3092,to_in_001,78
2024,다라3093,to_in_001,68
2024,다라3094,to_in_001,43
2024,다라3095,to_in_001,43
2024,다라3096,to_in_001,98
2024,다라3097,to_in_001,133
2024,다라3098,to_in_001,204
2024,다라3099,to_in_001,173
2024,다라3108,to_in_001,8
2024,다라3111,to_in_001,5
2024,다라3112,to_in_001,5
2024,다라3114,to_in_001,13
2024,다라3115,to_in_001,93
2024,다라3116,to_in_001,118
2024,다라3117,to_in_001,18
2024,다라3118,to_in_001,38
2024,다라3119,to_in_001,18
2024,다라3120,to_in_001,83
2024,다라3121,to_in_001,76
2024,다라3122,to_in_001,13
2024,다라3123,to_in_001,48
2024,다라3124,to_in_001,183
2024,다라3125,to_in_001,341
2024,다라3126,to_in_001,78
2024,다라3127,to_in_001,134
2024,다라3128,to_in_001,84
2024,다라3129,to_in_001,48
2024,다라3130,to_in_001,52
2024,다라3131,to_in_001,33
2024,다라3132,to_in_001,73
2024,다라3133,to_in_001,43
2024,다라3134,to_in_001,38
2024,다라3135,to_in_001,73
2024,다라3136,to_in_001,43
2024,다라3139,to_in_001,18
2024,다라3142,to_in_001,8
2024,다라3143,to_in_001,8
2024,다라3144,to_in_001,13
2024,다라3148,to_in_001,23
2024,다라3149,to_in_001,18
2024,다라3150,to_in_001,48
2024,다라3151,to_in_001,118
2024,다라3152,to_in_001,218
2024,다라3153,to_in_001,113
2024,다라3154,to_in_001,68
2024,다라3155,to_in_001,128
2024,다라3156,to_in_001,38
2024,다라3157,to_in_001,18
2024,다라3158,to_in_001,330
2024,다라3159,to_in_001,48
2024,다라3160,to_in_001,43
2024,다라3161,to_in_001,123
2024,다라3162,to_in_001,53
2024,다라3163,to_in_001,128
2024,다라3164,to_in_001,93
2024,다라3165,to_in_001,73
2024,다라3166,to_in_001,188
2024,다라3167,to_in_001,28
2024,다라3169,to_in_001,13
2024,다라3170,to_in_001,357
2024,다라3171,to_in_001,484
2024,다라3172,to_in_001,148
2024,다라3173,to_in_001,8
2024,다라3174,to_in_001,473
2024,다라3175,to_in_001,58
2024,다라3176,to_in_001,28
2024,다라3177,to_in_001,18
2024,다라3178,to_in_001,53
2024,다라3179,to_in_001,19
2024,다라3180,to_in_001,103
2024,다라3181,to_in_001,283
2024,다라3182,to_in_001,1173
2024,다라3183,to_in_001,13
2024,다라3184,to_in_001,58
2024,다라3186,to_in_001,118
2024,다라3187,to_in_001,43
2024,다라3188,to_in_001,83
2024,다라3189,to_in_001,68
2024,다라3190,to_in_001,69
2024,다라3191,to_in_001,272
2024,다라3192,to_in_001,73
2024,다라3193,to_in_001,28
2024,다라3194,to_in_001,13
2024,다라3195,to_in_001,78
2024,다라3196,to_in_001,73
2024,다라3197,to_in_001,63
2024,다라3198,to_in_001,298
2024,다라3199,to_in_001,202
2024,다라3200,to_in_001,93
2024,다라3201,to_in_001,63
2024,다라3202,to_in_001,18
2024,다라3211,to_in_001,5
2024,다라3215,to_in_001,83
2024,다라3216,to_in_001,5
2024,다라3217,to_in_001,13
2024,다라3218,to_in_001,38
2024,다라3220,to_in_001,5
2024,다라3221,to_in_001,13
2024,다라3222,to_in_001,118
2024,다라3223,to_in_001,23
2024,다라3224,to_in_001,8
2024,다라3225,to_in_001,183
2024,다라3226,to_in_001,403
2024,다라3227,to_in_001,4941
2024,다라3228,to_in_001,28
2024,다라3229,to_in_001,0
2024,다라3233,to_in_001,103
2024,다라3234,to_in_001,13
2024,다라3235,to_in_001,38
2024,다라3236,to_in_001,123
2024,다라3237,to_in_001,23
2024,다라3239,to_in_001,5
2024,다라3240,to_in_001,8
2024,다라3242,to_in_001,5
2024,다라3243,to_in_001,8
2024,다라3248,to_in_001,5
2024,다라3249,to_in_001,5
2024,다라3250,to_in_001,8
2024,다라3251,to_in_001,93
2024,다라3252,to_in_001,23
2024,다라3253,to_in_001,5
2024,다라3254,to_in_001,23
2024,다라3255,to_in_001,38
2024,다라3257,to_in_001,5
2024,다라3258,to_in_001,53
2024,다라3259,to_in_001,98
2024,다라3260,to_in_001,83
2024,다라3261,to_in_001,63
2024,다라3262,to_in_001,53
2024,다라3263,to_in_001,48
2024,다라3264,to_in_001,18
2024,다라3265,to_in_001,38
2024,다라3266,to_in_001,18
2024,다라3267,to_in_001,188
2024,다라3268,to_in_001,133
2024,다라3269,to_in_001,333
2024,다라3270,to_in_001,118
2024,다라3271,to_in_001,345
2024,다라3272,to_in_001,253
2024,다라3273,to_in_001,18
2024,다라3274,to_in_001,5
2024,다라3275,to_in_001,133
2024,다라3276,to_in_001,174
2024,다라3277,to_in_001,48
2024,다라3278,to_in_001,88
2024,다라3279,to_in_001,110
2024,다라3280,to_in_001,218
2024,다라3281,to_in_001,1649
2024,다라3282,to_in_001,454
2024,다라3283,to_in_001,93
2024,다라3284,to_in_001,974
2024,다라3287,to_in_001,28
2024,다라3288,to_in_001,103
2024,다라3289,to_in_001,43
2024,다라3290,to_in_001,138
2024,다라3291,to_in_001,78
2024,다라3292,to_in_001,48
2024,다라3293,to_in_001,5
2024,다라3294,to_in_001,8
2024,다라3296,to_in_001,53
2024,다라3297,to_in_001,98
2024,다라3298,to_in_001,43
2024,다라3299,to_in_001,108
2024,다라3300,to_in_001,48
2024,다라3301,to_in_001,18
2024,다라3302,to_in_001,43
2024,다라3303,to_in_001,73
2024,다라3314,to_in_001,8
2024,다라3315,to_in_001,38
2024,다라3316,to_in_001,5
2024,다라3321,to_in_001,5
2024,다라3322,to_in_001,5
2024,다라3324,to_in_001,5
2024,다라3325,to_in_001,77
2024,다라3326,to_in_001,1147
2024,다라3327,to_in_001,2541
2024,다라3328,to_in_001,812
2024,다라3329,to_in_001,38
2024,다라3330,to_in_001,5
2024,다라3332,to_in_001,23
2024,다라3333,to_in_001,23
2024,다라3334,to_in_001,263
2024,다라3335,to_in_001,8
2024,다라3336,to_in_001,123
2024,다라3337,to_in_001,0
2024,다라3338,to_in_001,0
2024,다라3339,to_in_001,53
2024,다라3340,to_in_001,63
2024,다라3341,to_in_001,28
2024,다라3343,to_in_001,13
2024,다라3348,to_in_001,8
2024,다라3349,to_in_001,13
2024,다라3350,to_in_001,113
2024,다라3351,to_in_001,43
2024,다라3352,to_in_001,8
2024,다라3354,to_in_001,48
2024,다라3355,to_in_001,8
2024,다라3356,to_in_001,63
2024,다라3357,to_in_001,5
2024,다라3358,to_in_001,33
2024,다라3359,to_in_001,0
2024,다라3360,to_in_001,78
2024,다라3361,to_in_001,93
2024,다라3362,to_in_001,84
2024,다라3363,to_in_001,33
2024,다라3364,to_in_001,68
2024,다라3365,to_in_001,38
2024,다라3366,to_in_001,68
2024,다라3367,to_in_001,103
2024,다라3368,to_in_001,168
2024,다라3369,to_in_001,306
2024,다라3370,to_in_001,1740
2024,다라3371,to_in_001,1714
2024,다라3372,to_in_001,103
2024,다라3373,to_in_001,58
2024,다라3374,to_in_001,5
2024,다라3375,to_in_001,410
2024,다라3376,to_in_001,13
2024,다라3377,to_in_001,93
2024,다라3378,to_in_001,259
2024,다라3379,to_in_001,76
2024,다라3380,to_in_001,147
2024,다라3381,to_in_001,288
2024,다라3382,to_in_001,248
2024,다라3383,to_in_001,2230
2024,다라3384,to_in_001,3213
2024,다라3387,to_in_001,8
2024,다라3388,to_in_001,8
2024,다라3389,to_in_001,78
2024,다라3390,to_in_001,108
2024,다라3391,to_in_001,48
2024,다라3392,to_in_001,23
2024,다라3393,to_in_001,8
2024,다라3394,to_in_001,93
2024,다라3395,to_in_001,173
2024,다라3397,to_in_001,18
2024,다라3398,to_in_001,112
2024,다라3399,to_in_001,1090
2024,다라3400,to_in_001,33
2024,다라3401,to_in_001,13
2024,다라3403,to_in_001,18
2024,다라3404,to_in_001,8
2024,다라3409,to_in_001,8
2024,다라3411,to_in_001,13
2024,다라3412,to_in_001,5
2024,다라3413,to_in_001,13
2024,다라3414,to_in_001,53
2024,다라3415,to_in_001,5
2024,다라3416,to_in_001,5
2024,다라3418,to_in_001,43
2024,다라3420,to_in_001,5
2024,다라3421,to_in_001,38
2024,다라3422,to_in_001,123
2024,다라3423,to_in_001,5
2024,다라3424,to_in_001,138
2024,다라3426,to_in_001,108
2024,다라3427,to_in_001,1324
2024,다라3428,to_in_001,601
2024,다라3429,to_in_001,108
2024,다라3430,to_in_001,0
2024,다라3432,to_in_001,8
2024,다라3433,to_in_001,143
2024,다라3434,to_in_001,13
2024,다라3435,to_in_001,0
2024,다라3436,to_in_001,108
2024,다라3437,to_in_001,43
2024,다라3438,to_in_001,8
2024,다라3439,to_in_001,28
2024,다라3440,to_in_001,5
2024,다라3441,to_in_001,28
2024,다라3444,to_in_001,8
2024,다라3445,to_in_001,23
2024,다라3446,to_in_001,0
2024,다라3447,to_in_001,8
2024,다라3448,to_in_001,18
2024,다라3449,to_in_001,13
2024,다라3450,to_in_001,33
2024,다라3451,to_in_001,8
2024,다라3452,to_in_001,8
2024,다라3453,to_in_001,5
2024,다라3455,to_in_001,23
2024,다라3456,to_in_001,13
2024,다라3457,to_in_001,18
2024,다라3459,to_in_001,43
2024,다라3460,to_in_001,53
2024,다라3461,to_in_001,13
2024,다라3462,to_in_001,268
2024,다라3463,to_in_001,58
2024,다라3464,to_in_001,88
2024,다라3465,to_in_001,38
2024,다라3466,to_in_001,148
2024,다라3467,to_in_001,113
2024,다라3468,to_in_001,8226
2024,다라3469,to_in_001,6424
2024,다라3470,to_in_001,7377
2024,다라3471,to_in_001,1650
2024,다라3472,to_in_001,178
2024,다라3473,to_in_001,379
2024,다라3474,to_in_001,8
2024,다라3476,to_in_001,78
2024,다라3477,to_in_001,168
2024,다라3478,to_in_001,73
2024,다라3479,to_in_001,103
2024,다라3480,to_in_001,825
2024,다라3481,to_in_001,1709
2024,다라3482,to_in_001,1701
2024,다라3483,to_in_001,4296
2024,다라3484,to_in_001,4937
2024,다라3485,to_in_001,33
2024,다라3486,to_in_001,13
2024,다라3487,to_in_001,103
2024,다라3488,to_in_001,33
2024,다라3489,to_in_001,66
2024,다라3490,to_in_001,401
2024,다라3491,to_in_001,39
2024,다라3492,to_in_001,103
2024,다라3493,to_in_001,98
2024,다라3494,to_in_001,138
2024,다라3495,to_in_001,153
2024,다라3496,to_in_001,38
2024,다라3498,to_in_001,38
2024,다라3499,to_in_001,704
2024,다라3500,to_in_001,517
2024,다라3501,to_in_001,58
2024,다라3502,to_in_001,58
2024,다라3503,to_in_001,48
2024,다라3504,to_in_001,18
2024,다라3508,to_in_001,38
2024,다라3509,to_in_001,103
2024,다라3510,to_in_001,73
2024,다라3511,to_in_001,188
2024,다라3512,to_in_001,78
2024,다라3513,to_in_001,18
2024,다라3514,to_in_001,18
2024,다라3515,to_in_001,18
2024,다라3516,to_in_001,93
2024,다라3517,to_in_001,8
2024,다라3518,to_in_001,168
2024,다라3519,to_in_001,123
2024,다라3520,to_in_001,208
2024,다라3521,to_in_001,63
2024,다라3522,to_in_001,73
2024,다라3523,to_in_001,38
2024,다라3524,to_in_001,0
2024,다라3525,to_in_001,158
2024,다라3526,to_in_001,33
2024,다라3527,to_in_001,78
2024,다라3528,to_in_001,83
2024,다라3529,to_in_001,103
2024,다라3533,to_in_001,58
2024,다라3534,to_in_001,23
2024,다라3535,to_in_001,63
2024,다라3536,to_in_001,73
2024,다라3537,to_in_001,58
2024,다라3538,to_in_001,8
2024,다라3539,to_in_001,93
2024,다라3540,to_in_001,13
2024,다라3541,to_in_001,8
2024,다라3545,to_in_001,33
2024,다라3546,to_in_001,13
2024,다라3547,to_in_001,23
2024,다라3548,to_in_001,8
2024,다라3550,to_in_001,18
2024,다라3551,to_in_001,8
2024,다라3553,to_in_001,5
2024,다라3554,to_in_001,8
2024,다라3555,to_in_001,13
2024,다라3558,to_in_001,5
2024,다라3559,to_in_001,23
2024,다라3560,to_in_001,73
2024,다라3561,to_in_001,34
2024,다라3562,to_in_001,88
2024,다라3563,to_in_001,168
2024,다라3564,to_in_001,93
2024,다라3565,to_in_001,128
2024,다라3566,to_in_001,103
2024,다라3567,to_in_001,33
2024,다라3568,to_in_001,3763
2024,다라3569,to_in_001,3455
2024,다라3570,to_in_001,5262
2024,다라3571,to_in_001,73
2024,다라3572,to_in_001,128
2024,다라3573,to_in_001,228
2024,다라3574,to_in_001,148
2024,다라3575,to_in_001,34
2024,다라3576,to_in_001,5
2024,다라3578,to_in_001,284
2024,다라3579,to_in_001,93
2024,다라3581,to_in_001,8907
2024,다라3582,to_in_001,7669
2024,다라3583,to_in_001,5009
2024,다라3584,to_in_001,8802
2024,다라3585,to_in_001,3102
2024,다라3586,to_in_001,1384
2024,다라3587,to_in_001,3031
2024,다라3588,to_in_001,43
2024,다라3589,to_in_001,668
2024,다라3590,to_in_001,159
2024,다라3591,to_in_001,43
2024,다라3592,to_in_001,13
2024,다라3593,to_in_001,118
2024,다라3594,to_in_001,63
2024,다라3595,to_in_001,103
2024,다라3596,to_in_001,138
2024,다라3597,to_in_001,8
2024,다라3598,to_in_001,58
2024,다라3599,to_in_001,5
2024,다라3600,to_in_001,158
2024,다라3601,to_in_001,118
2024,다라3602,to_in_001,88
2024,다라3603,to_in_001,5
2024,다라3604,to_in_001,5
2024,다라3606,to_in_001,74
2024,다라3607,to_in_001,173
2024,다라3608,to_in_001,38
2024,다라3609,to_in_001,8
2024,다라3610,to_in_001,5
2024,다라3611,to_in_001,18
2024,다라3612,to_in_001,28
2024,다라3613,to_in_001,38
2024,다라3617,to_in_001,123
2024,다라3618,to_in_001,33
2024,다라3619,to_in_001,83
2024,다라3620,to_in_001,93
2024,다라3622,to_in_001,18
2024,다라3624,to_in_001,18
2024,다라3625,to_in_001,148
2024,다라3626,to_in_001,138
2024,다라3627,to_in_001,58
2024,다라3628,to_in_001,88
2024,다라3629,to_in_001,48
2024,다라3631,to_in_001,13
2024,다라3632,to_in_001,0
2024,다라3633,to_in_001,8
2024,다라3634,to_in_001,63
2024,다라3635,to_in_001,5
2024,다라3636,to_in_001,73
2024,다라3637,to_in_001,63
2024,다라3638,to_in_001,8
2024,다라3639,to_in_001,18
2024,다라3640,to_in_001,58
2024,다라3641,to_in_001,13
2024,다라3644,to_in_001,8
2024,다라3645,to_in_001,58
2024,다라3647,to_in_001,33
2024,다라3651,to_in_001,5
2024,다라3652,to_in_001,23
2024,다라3653,to_in_001,5
2024,다라3654,to_in_001,13
2024,다라3655,to_in_001,28
2024,다라3657,to_in_001,13
2024,다라3658,to_in_001,18
2024,다라3660,to_in_001,13
2024,다라3661,to_in_001,193
2024,다라3662,to_in_001,88
2024,다라3663,to_in_001,63
2024,다라3664,to_in_001,63
2024,다라3665,to_in_001,38
2024,다라3666,to_in_001,48
2024,다라3667,to_in_001,185
2024,다라3668,to_in_001,160
2024,다라3669,to_in_001,2930
2024,다라3670,to_in_001,173
2024,다라3671,to_in_001,503
2024,다라3672,to_in_001,8
2024,다라3673,to_in_001,218
2024,다라3674,to_in_001,98
2024,다라3675,to_in_001,288
2024,다라3676,to_in_001,88
2024,다라3677,to_in_001,48
2024,다라3678,to_in_001,5
2024,다라3681,to_in_001,186
2024,다라3682,to_in_001,8754
2024,다라3683,to_in_001,5691
2024,다라3684,to_in_001,5731
2024,다라3685,to_in_001,15165
2024,다라3686,to_in_001,24080
2024,다라3687,to_in_001,6751
2024,다라3688,to_in_001,1383
2024,다라3689,to_in_001,165
2024,다라3690,to_in_001,258
2024,다라3691,to_in_001,303
2024,다라3692,to_in_001,88
2024,다라3693,to_in_001,228
2024,다라3694,to_in_001,130
2024,다라3695,to_in_001,58
2024,다라3696,to_in_001,98
2024,다라3697,to_in_001,143
2024,다라3698,to_in_001,8
2024,다라3699,to_in_001,43
2024,다라3700,to_in_001,68
2024,다라3701,to_in_001,28
2024,다라3702,to_in_001,8
2024,다라3703,to_in_001,33
2024,다라3704,to_in_001,302
2024,다라3706,to_in_001,664
2024,다라3707,to_in_001,118
2024,다라3708,to_in_001,48
2024,다라3709,to_in_001,5
2024,다라3710,to_in_001,33
2024,다라3712,to_in_001,63
2024,다라3713,to_in_001,23
2024,다라3714,to_in_001,23
2024,다라3715,to_in_001,5
2024,다라3717,to_in_001,13
2024,다라3718,to_in_001,23
2024,다라3719,to_in_001,8
2024,다라3720,to_in_001,68
2024,다라3721,to_in_001,0
2024,다라3724,to_in_001,5
2024,다라3725,to_in_001,8
2024,다라3726,to_in_001,48
2024,다라3727,to_in_001,93
2024,다라3728,to_in_001,87
2024,다라3729,to_in_001,28
2024,다라3731,to_in_001,0
2024,다라3732,to_in_001,38
2024,다라3733,to_in_001,63
2024,다라3734,to_in_001,13
2024,다라3735,to_in_001,398
2024,다라3736,to_in_001,358
2024,다라3737,to_in_001,48
2024,다라3738,to_in_001,23
2024,다라3740,to_in_001,63
2024,다라3744,to_in_001,18
2024,다라3745,to_in_001,43
2024,다라3749,to_in_001,5
2024,다라3750,to_in_001,8
2024,다라3751,to_in_001,0
2024,다라3752,to_in_001,18
2024,다라3755,to_in_001,5
2024,다라3759,to_in_001,69
2024,다라3762,to_in_001,8
2024,다라3763,to_in_001,28
2024,다라3764,to_in_001,58
2024,다라3765,to_in_001,23
2024,다라3766,to_in_001,53
2024,다라3767,to_in_001,53
2024,다라3768,to_in_001,28
2024,다라3769,to_in_001,203
2024,다라3771,to_in_001,243
2024,다라3772,to_in_001,183
2024,다라3773,to_in_001,474
2024,다라3775,to_in_001,113
2024,다라3776,to_in_001,43
2024,다라3777,to_in_001,287
2024,다라3778,to_in_001,63
2024,다라3779,to_in_001,13
2024,다라3780,to_in_001,63
2024,다라3781,to_in_001,5
2024,다라3783,to_in_001,931
2024,다라3784,to_in_001,7583
2024,다라3785,to_in_001,15706
2024,다라3786,to_in_001,14241
2024,다라3787,to_in_001,21937
2024,다라3788,to_in_001,10259
2024,다라3789,to_in_001,17908
2024,다라3790,to_in_001,408
2024,다라3791,to_in_001,1683
2024,다라3792,to_in_001,195
2024,다라3793,to_in_001,78
2024,다라3794,to_in_001,173
2024,다라3795,to_in_001,168
2024,다라3796,to_in_001,123
2024,다라3797,to_in_001,108
2024,다라3800,to_in_001,5
2024,다라3801,to_in_001,23
2024,다라3802,to_in_001,18
2024,다라3803,to_in_001,38
2024,다라3804,to_in_001,143
2024,다라3805,to_in_001,13
2024,다라3806,to_in_001,78
2024,다라3807,to_in_001,58
2024,다라3808,to_in_001,88
2024,다라3809,to_in_001,0
2024,다라3810,to_in_001,38
2024,다라3811,to_in_001,5
2024,다라3814,to_in_001,5
2024,다라3815,to_in_001,23
2024,다라3817,to_in_001,53
2024,다라3818,to_in_001,33
2024,다라3819,to_in_001,53
2024,다라3820,to_in_001,18
2024,다라3821,to_in_001,5
2024,다라3822,to_in_001,5
2024,다라3826,to_in_001,68
2024,다라3827,to_in_001,8
2024,다라3828,to_in_001,186
2024,다라3829,to_in_001,93
2024,다라3830,to_in_001,28
2024,다라3833,to_in_001,23
2024,다라3834,to_in_001,28
2024,다라3835,to_in_001,0
2024,다라3836,to_in_001,53
2024,다라3837,to_in_001,8
2024,다라3839,to_in_001,8
2024,다라3840,to_in_001,5
2024,다라3841,to_in_001,5
2024,다라3845,to_in_001,23
2024,다라3846,to_in_001,28
2024,다라3848,to_in_001,18
2024,다라3850,to_in_001,18
2024,다라3851,to_in_001,8
2024,다라3852,to_in_001,13
2024,다라3853,to_in_001,18
2024,다라3854,to_in_001,5
2024,다라3855,to_in_001,33
2024,다라3856,to_in_001,8
2024,다라3857,to_in_001,5
2024,다라3858,to_in_001,5
2024,다라3859,to_in_001,43
2024,다라3860,to_in_001,18
2024,다라3861,to_in_001,138
2024,다라3862,to_in_001,63
2024,다라3863,to_in_001,5
2024,다라3864,to_in_001,53
2024,다라3865,to_in_001,242
2024,다라3866,to_in_001,50
2024,다라3867,to_in_001,128
2024,다라3868,to_in_001,68
2024,다라3869,to_in_001,103
2024,다라3870,to_in_001,8
2024,다라3871,to_in_001,23
2024,다라3872,to_in_001,148
2024,다라3873,to_in_001,78
2024,다라3874,to_in_001,28
2024,다라3875,to_in_001,98
2024,다라3876,to_in_001,1175
2024,다라3877,to_in_001,1497
2024,다라3878,to_in_001,58
2024,다라3879,to_in_001,460
2024,다라3880,to_in_001,53
2024,다라3881,to_in_001,5
2024,다라3882,to_in_001,8
2024,다라3883,to_in_001,23
2024,다라3884,to_in_001,43
2024,다라3885,to_in_001,8
2024,다라3886,to_in_001,8783
2024,다라3887,to_in_001,18397
2024,다라3888,to_in_001,10035
2024,다라3889,to_in_001,11904
2024,다라3890,to_in_001,854
2024,다라3891,to_in_001,2599
2024,다라3892,to_in_001,2623
2024,다라3893,to_in_001,68
2024,다라3894,to_in_001,178
2024,다라3895,to_in_001,118
2024,다라3896,to_in_001,158
2024,다라3897,to_in_001,542
2024,다라3898,to_in_001,53
2024,다라3899,to_in_001,18
2024,다라3900,to_in_001,153
2024,다라3901,to_in_001,83
2024,다라3903,to_in_001,34
2024,다라3904,to_in_001,55
2024,다라3906,to_in_001,13
2024,다라3907,to_in_001,53
2024,다라3908,to_in_001,13
2024,다라3910,to_in_001,5
2024,다라3912,to_in_001,5
2024,다라3915,to_in_001,8
2024,다라3918,to_in_001,108
2024,다라3919,to_in_001,63
2024,다라3920,to_in_001,78
2024,다라3927,to_in_001,33
2024,다라3928,to_in_001,88
2024,다라3929,to_in_001,5
2024,다라3930,to_in_001,18
2024,다라3932,to_in_001,13
2024,다라3933,to_in_001,18
2024,다라3934,to_in_001,43
2024,다라3940,to_in_001,13
2024,다라3941,to_in_001,8
2024,다라3945,to_in_001,133
2024,다라3946,to_in_001,48
2024,다라3947,to_in_001,5
2024,다라3948,to_in_001,5
2024,다라3949,to_in_001,0
2024,다라3950,to_in_001,5
2024,다라3951,to_in_001,13
2024,다라3953,to_in_001,5
2024,다라3954,to_in_001,28
2024,다라3956,to_in_001,28
2024,다라3957,to_in_001,8
2024,다라3958,to_in_001,8
2024,다라3959,to_in_001,8
2024,다라3960,to_in_001,8
2024,다라3961,to_in_001,8
2024,다라3962,to_in_001,13
2024,다라3963,to_in_001,28
2024,다라3964,to_in_001,35
2024,다라3965,to_in_001,48
2024,다라3966,to_in_001,38
2024,다라3970,to_in_001,969
2024,다라3971,to_in_001,108
2024,다라3972,to_in_001,607
2024,다라3973,to_in_001,308
2024,다라3974,to_in_001,43
2024,다라3975,to_in_001,320
2024,다라3976,to_in_001,1075
2024,다라3977,to_in_001,925
2024,다라3978,to_in_001,28
2024,다라3979,to_in_001,83
2024,다라3980,to_in_001,322
2024,다라3981,to_in_001,204
2024,다라3982,to_in_001,298
2024,다라3983,to_in_001,1124
2024,다라3984,to_in_001,38
2024,다라3985,to_in_001,338
2024,다라3986,to_in_001,123
2024,다라3987,to_in_001,11073
2024,다라3988,to_in_001,23967
2024,다라3989,to_in_001,12242
2024,다라3990,to_in_001,6124
2024,다라3991,to_in_001,21264
2024,다라3992,to_in_001,5298
2024,다라3993,to_in_001,572
2024,다라3994,to_in_001,73
2024,다라3995,to_in_001,68
2024,다라3996,to_in_001,173
2024,다라3997,to_in_001,297
2024,다라3998,to_in_001,78
2024,다라4000,to_in_001,153
2024,다라4001,to_in_001,38
2024,다라4002,to_in_001,38
2024,다라4003,to_in_001,18
2024,다라4005,to_in_001,13
2024,다라4006,to_in_001,13
2024,다라4007,to_in_001,113
2024,다라4008,to_in_001,23
2024,다라4009,to_in_001,28
2024,다라4010,to_in_001,53
2024,다라4011,to_in_001,8
2024,다라4012,to_in_001,5
2024,다라4017,to_in_001,5
2024,다라4018,to_in_001,33
2024,다라4019,to_in_001,13
2024,다라4026,to_in_001,43
2024,다라4027,to_in_001,45
2024,다라4028,to_in_001,128
2024,다라4029,to_in_001,113
2024,다라4030,to_in_001,8
2024,다라4031,to_in_001,8
2024,다라4033,to_in_001,5
2024,다라4039,to_in_001,5
2024,다라4045,to_in_001,18
2024,다라4046,to_in_001,8
2024,다라4047,to_in_001,28
2024,다라4048,to_in_001,13
2024,다라4049,to_in_001,18
2024,다라4051,to_in_001,8
2024,다라4053,to_in_001,5
2024,다라4054,to_in_001,13
2024,다라4055,to_in_001,18
2024,다라4056,to_in_001,5
2024,다라4057,to_in_001,99
2024,다라4058,to_in_001,5
2024,다라4062,to_in_001,8
2024,다라4063,to_in_001,13
2024,다라4065,to_in_001,8
2024,다라4066,to_in_001,33
2024,다라4068,to_in_001,5
2024,다라4069,to_in_001,84
2024,다라4070,to_in_001,83
2024,다라4071,to_in_001,1803
2024,다라4072,to_in_001,3400
2024,다라4073,to_in_001,233
2024,다라4074,to_in_001,8
2024,다라4075,to_in_001,113
2024,다라4076,to_in_001,8
2024,다라4077,to_in_001,143
2024,다라4078,to_in_001,28
2024,다라4079,to_in_001,189
2024,다라4080,to_in_001,383
2024,다라4081,to_in_001,5605
2024,다라4082,to_in_001,770
2024,다라4083,to_in_001,11451
2024,다라4084,to_in_001,18182
2024,다라4085,to_in_001,1506
2024,다라4086,to_in_001,54
2024,다라4087,to_in_001,48
2024,다라4088,to_in_001,5652
2024,다라4089,to_in_001,2101
2024,다라4090,to_in_001,18032
2024,다라4091,to_in_001,14975
2024,다라4092,to_in_001,1735
2024,다라4093,to_in_001,18
2024,다라4094,to_in_001,88
2024,다라4095,to_in_001,103
2024,다라4096,to_in_001,33
2024,다라4097,to_in_001,228
2024,다라4098,to_in_001,43
2024,다라4100,to_in_001,118
2024,다라4101,to_in_001,38
2024,다라4104,to_in_001,5
2024,다라4105,to_in_001,78
2024,다라4106,to_in_001,78
2024,다라4107,to_in_001,153
2024,다라4108,to_in_001,5
2024,다라4112,to_in_001,53
2024,다라4113,to_in_001,0
2024,다라4117,to_in_001,28
2024,다라4118,to_in_001,28
2024,다라4119,to_in_001,5
2024,다라4121,to_in_001,0
2024,다라4126,to_in_001,5
2024,다라4127,to_in_001,68
2024,다라4128,to_in_001,18
2024,다라4129,to_in_001,5
2024,다라4131,to_in_001,13
2024,다라4132,to_in_001,23
2024,다라4133,to_in_001,28
2024,다라4134,to_in_001,33
2024,다라4135,to_in_001,5
2024,다라4136,to_in_001,8
2024,다라4147,to_in_001,5
2024,다라4148,to_in_001,8
2024,다라4149,to_in_001,83
2024,다라4150,to_in_001,5
2024,다라4151,to_in_001,5
2024,다라4154,to_in_001,5
2024,다라4155,to_in_001,38
2024,다라4157,to_in_001,83
2024,다라4158,to_in_001,5
2024,다라4159,to_in_001,5
2024,다라4163,to_in_001,13
2024,다라4164,to_in_001,38
2024,다라4165,to_in_001,0
2024,다라4166,to_in_001,23
2024,다라4167,to_in_001,108
2024,다라4168,to_in_001,38
2024,다라4169,to_in_001,98
2024,다라4170,to_in_001,103
2024,다라4171,to_in_001,2265
2024,다라4172,to_in_001,68
2024,다라4173,to_in_001,118
2024,다라4174,to_in_001,8
2024,다라4175,to_in_001,5
2024,다라4176,to_in_001,8
2024,다라4177,to_in_001,263
2024,다라4178,to_in_001,93
2024,다라4179,to_in_001,207
2024,다라4180,to_in_001,1215
2024,다라4181,to_in_001,15629
2024,다라4182,to_in_001,20275
2024,다라4183,to_in_001,10506
2024,다라4184,to_in_001,8096
2024,다라4185,to_in_001,14998
2024,다라4186,to_in_001,6813
2024,다라4187,to_in_001,6254
2024,다라4188,to_in_001,332
2024,다라4189,to_in_001,53
2024,다라4190,to_in_001,9010
2024,다라4191,to_in_001,7537
2024,다라4192,to_in_001,113
2024,다라4193,to_in_001,70
2024,다라4194,to_in_001,263
2024,다라4195,to_in_001,53
2024,다라4196,to_in_001,73
2024,다라4197,to_in_001,169
2024,다라4198,to_in_001,48
2024,다라4200,to_in_001,103
2024,다라4201,to_in_001,33
2024,다라4203,to_in_001,5
2024,다라4206,to_in_001,5
2024,다라4207,to_in_001,5
2024,다라4208,to_in_001,18
2024,다라4209,to_in_001,38
2024,다라4210,to_in_001,13
2024,다라4211,to_in_001,43
2024,다라4212,to_in_001,33
2024,다라4213,to_in_001,58
2024,다라4220,to_in_001,5
2024,다라4227,to_in_001,63
2024,다라4228,to_in_001,18
2024,다라4229,to_in_001,43
2024,다라4230,to_in_001,13
2024,다라4231,to_in_001,106
2024,다라4232,to_in_001,8
2024,다라4236,to_in_001,5
2024,다라4238,to_in_001,5
2024,다라4243,to_in_001,8
2024,다라4247,to_in_001,13
2024,다라4248,to_in_001,13
2024,다라4249,to_in_001,23
2024,다라4250,to_in_001,13
2024,다라4251,to_in_001,0
2024,다라4254,to_in_001,5
2024,다라4255,to_in_001,18
2024,다라4256,to_in_001,5
2024,다라4257,to_in_001,63
2024,다라4259,to_in_001,8
2024,다라4260,to_in_001,28
2024,다라4263,to_in_001,33
2024,다라4264,to_in_001,73
2024,다라4265,to_in_001,5
2024,다라4266,to_in_001,13
2024,다라4267,to_in_001,83
2024,다라4268,to_in_001,5
2024,다라4269,to_in_001,106
2024,다라4270,to_in_001,13
2024,다라4271,to_in_001,54
2024,다라4272,to_in_001,58
2024,다라4273,to_in_001,135
2024,다라4274,to_in_001,53
2024,다라4275,to_in_001,38
2024,다라4276,to_in_001,58
2024,다라4277,to_in_001,198
2024,다라4278,to_in_001,7056
2024,다라4279,to_in_001,1761
2024,다라4280,to_in_001,6472
2024,다라4281,to_in_001,3770
2024,다라4282,to_in_001,10208
2024,다라4283,to_in_001,14429
2024,다라4284,to_in_001,17440
2024,다라4285,to_in_001,4570
2024,다라4286,to_in_001,14310
2024,다라4287,to_in_001,14839
2024,다라4288,to_in_001,12901
2024,다라4289,to_in_001,11078
2024,다라4290,to_in_001,16349
2024,다라4291,to_in_001,14490
2024,다라4292,to_in_001,28
2024,다라4293,to_in_001,53
2024,다라4294,to_in_001,168
2024,다라4295,to_in_001,183
2024,다라4296,to_in_001,153
2024,다라4297,to_in_001,33
2024,다라4298,to_in_001,28
2024,다라4299,to_in_001,5
2024,다라4300,to_in_001,78
2024,다라4301,to_in_001,13
2024,다라4304,to_in_001,108
2024,다라4305,to_in_001,33
2024,다라4307,to_in_001,113
2024,다라4308,to_in_001,63
2024,다라4309,to_in_001,53
2024,다라4310,to_in_001,263
2024,다라4311,to_in_001,567
2024,다라4312,to_in_001,138
2024,다라4313,to_in_001,53
2024,다라4314,to_in_001,13
2024,다라4315,to_in_001,13
2024,다라4318,to_in_001,48
2024,다라4319,to_in_001,53
2024,다라4320,to_in_001,38
2024,다라4323,to_in_001,8
2024,다라4325,to_in_001,5
2024,다라4327,to_in_001,8
2024,다라4328,to_in_001,143
2024,다라4329,to_in_001,58
2024,다라4330,to_in_001,73
2024,다라4331,to_in_001,93
2024,다라4332,to_in_001,5
2024,다라4333,to_in_001,48
2024,다라4334,to_in_001,108
2024,다라4335,to_in_001,8
2024,다라4340,to_in_001,5
2024,다라4343,to_in_001,5
2024,다라4344,to_in_001,8
2024,다라4345,to_in_001,23
2024,다라4346,to_in_001,13
2024,다라4347,to_in_001,13
2024,다라4348,to_in_001,8
2024,다라4349,to_in_001,8
2024,다라4350,to_in_001,5
2024,다라4351,to_in_001,5
2024,다라4352,to_in_001,8
2024,다라4356,to_in_001,53
2024,다라4357,to_in_001,93
2024,다라4358,to_in_001,8
2024,다라4359,to_in_001,5
2024,다라4360,to_in_001,13
2024,다라4362,to_in_001,8
2024,다라4363,to_in_001,8
2024,다라4364,to_in_001,123
2024,다라4365,to_in_001,79
2024,다라4366,to_in_001,78
2024,다라4367,to_in_001,98
2024,다라4368,to_in_001,48
2024,다라4370,to_in_001,13
2024,다라4371,to_in_001,13
2024,다라4372,to_in_001,5
2024,다라4373,to_in_001,8
2024,다라4374,to_in_001,5
2024,다라4375,to_in_001,0
2024,다라4376,to_in_001,28
2024,다라4377,to_in_001,5
2024,다라4378,to_in_001,8064
2024,다라4379,to_in_001,1423
2024,다라4380,to_in_001,10080
2024,다라4381,to_in_001,14197
2024,다라4382,to_in_001,10350
2024,다라4383,to_in_001,18407
2024,다라4384,to_in_001,11500
2024,다라4385,to_in_001,6108
2024,다라4386,to_in_001,11242
2024,다라4387,to_in_001,8572
2024,다라4388,to_in_001,1198
2024,다라4389,to_in_001,1959
2024,다라4390,to_in_001,12982
2024,다라4391,to_in_001,13348
2024,다라4392,to_in_001,90
2024,다라4393,to_in_001,98
2024,다라4394,to_in_001,63
2024,다라4395,to_in_001,118
2024,다라4396,to_in_001,273
2024,다라4397,to_in_001,63
2024,다라4398,to_in_001,337
2024,다라4399,to_in_001,83
2024,다라4400,to_in_001,173
2024,다라4409,to_in_001,5
2024,다라4410,to_in_001,38
2024,다라4411,to_in_001,153
2024,다라4412,to_in_001,138
2024,다라4413,to_in_001,5
2024,다라4414,to_in_001,5
2024,다라4417,to_in_001,8
2024,다라4418,to_in_001,33
2024,다라4419,to_in_001,5
2024,다라4420,to_in_001,53
2024,다라4421,to_in_001,13
2024,다라4422,to_in_001,5
2024,다라4423,to_in_001,83
2024,다라4424,to_in_001,33
2024,다라4425,to_in_001,5
2024,다라4426,to_in_001,5
2024,다라4427,to_in_001,5
2024,다라4428,to_in_001,38
2024,다라4429,to_in_001,48
2024,다라4430,to_in_001,168
2024,다라4431,to_in_001,445
2024,다라4432,to_in_001,73
2024,다라4433,to_in_001,83
2024,다라4434,to_in_001,63
2024,다라4435,to_in_001,103
2024,다라4436,to_in_001,68
2024,다라4437,to_in_001,48
2024,다라4438,to_in_001,5
2024,다라4439,to_in_001,28
2024,다라4440,to_in_001,18
2024,다라4446,to_in_001,23
2024,다라4447,to_in_001,38
2024,다라4448,to_in_001,13
2024,다라4451,to_in_001,18
2024,다라4452,to_in_001,5
2024,다라4454,to_in_001,0
2024,다라4455,to_in_001,5
2024,다라4456,to_in_001,8
2024,다라4458,to_in_001,23
2024,다라4459,to_in_001,38
2024,다라4460,to_in_001,78
2024,다라4461,to_in_001,103
2024,다라4462,to_in_001,33
2024,다라4463,to_in_001,93
2024,다라4464,to_in_001,13
2024,다라4465,to_in_001,93
2024,다라4466,to_in_001,68
2024,다라4467,to_in_001,63
2024,다라4468,to_in_001,43
2024,다라4469,to_in_001,13
2024,다라4473,to_in_001,13
2024,다라4474,to_in_001,23
2024,다라4477,to_in_001,5
2024,다라4478,to_in_001,6777
2024,다라4479,to_in_001,3171
2024,다라4480,to_in_001,6439
2024,다라4481,to_in_001,9795
2024,다라4482,to_in_001,9219
2024,다라4483,to_in_001,14320
2024,다라4484,to_in_001,11965
2024,다라4485,to_in_001,8310
2024,다라4486,to_in_001,11639
2024,다라4487,to_in_001,15404
2024,다라4488,to_in_001,15482
2024,다라4489,to_in_001,1407
2024,다라4490,to_in_001,6722
2024,다라4491,to_in_001,796
2024,다라4492,to_in_001,255
2024,다라4493,to_in_001,128
2024,다라4494,to_in_001,43
2024,다라4495,to_in_001,43
2024,다라4496,to_in_001,83
2024,다라4497,to_in_001,256
2024,다라4498,to_in_001,813
2024,다라4499,to_in_001,108
2024,다라4500,to_in_001,113
2024,다라4507,to_in_001,5
2024,다라4508,to_in_001,23
2024,다라4509,to_in_001,123
2024,다라4510,to_in_001,23
2024,다라4511,to_in_001,13
2024,다라4512,to_in_001,98
2024,다라4513,to_in_001,5
2024,다라4517,to_in_001,0
2024,다라4518,to_in_001,13
2024,다라4519,to_in_001,63
2024,다라4520,to_in_001,108
2024,다라4523,to_in_001,5
2024,다라4524,to_in_001,88
2024,다라4525,to_in_001,138
2024,다라4526,to_in_001,8
2024,다라4529,to_in_001,0
2024,다라4530,to_in_001,298
2024,다라4531,to_in_001,2890
2024,다라4532,to_in_001,3434
2024,다라4533,to_in_001,128
2024,다라4534,to_in_001,18
2024,다라4535,to_in_001,18
2024,다라4536,to_in_001,168
2024,다라4537,to_in_001,18
2024,다라4538,to_in_001,8
2024,다라4539,to_in_001,123
2024,다라4540,to_in_001,5
2024,다라4541,to_in_001,0
2024,다라4543,to_in_001,5
2024,다라4548,to_in_001,8
2024,다라4549,to_in_001,28
2024,다라4553,to_in_001,13
2024,다라4554,to_in_001,8
2024,다라4555,to_in_001,13
2024,다라4557,to_in_001,73
2024,다라4558,to_in_001,8
2024,다라4559,to_in_001,58
2024,다라4560,to_in_001,88
2024,다라4561,to_in_001,38
2024,다라4562,to_in_001,38
2024,다라4565,to_in_001,23
2024,다라4566,to_in_001,113
2024,다라4567,to_in_001,93
2024,다라4568,to_in_001,178
2024,다라4569,to_in_001,53
2024,다라4570,to_in_001,53
2024,다라4571,to_in_001,48
2024,다라4572,to_in_001,83
2024,다라4573,to_in_001,5
2024,다라4574,to_in_001,18
2024,다라4575,to_in_001,0
2024,다라4576,to_in_001,5
2024,다라4577,to_in_001,93
2024,다라4578,to_in_001,2082
2024,다라4579,to_in_001,9349
2024,다라4580,to_in_001,14820
2024,다라4581,to_in_001,13817
2024,다라4582,to_in_001,17758
2024,다라4583,to_in_001,9690
2024,다라4584,to_in_001,13164
2024,다라4585,to_in_001,9478
2024,다라4586,to_in_001,8621
2024,다라4587,to_in_001,16925
2024,다라4588,to_in_001,14043
2024,다라4589,to_in_001,10033
2024,다라4590,to_in_001,17154
2024,다라4591,to_in_001,2491
2024,다라4592,to_in_001,97
2024,다라4593,to_in_001,353
2024,다라4594,to_in_001,194
2024,다라4595,to_in_001,88
2024,다라4596,to_in_001,403
2024,다라4597,to_in_001,263
2024,다라4598,to_in_001,183
2024,다라4599,to_in_001,88
2024,다라4600,to_in_001,0
2024,다라4608,to_in_001,118
2024,다라4609,to_in_001,8
2024,다라4610,to_in_001,8
2024,다라4611,to_in_001,5
2024,다라4612,to_in_001,208
2024,다라4618,to_in_001,38
2024,다라4619,to_in_001,43
2024,다라4620,to_in_001,38
2024,다라4621,to_in_001,18
2024,다라4622,to_in_001,18
2024,다라4623,to_in_001,118
2024,다라4624,to_in_001,198
2024,다라4625,to_in_001,63
2024,다라4626,to_in_001,8
2024,다라4628,to_in_001,13
2024,다라4629,to_in_001,43
2024,다라4630,to_in_001,128
2024,다라4631,to_in_001,1293
2024,다라4632,to_in_001,2917
2024,다라4633,to_in_001,98
2024,다라4634,to_in_001,126
2024,다라4635,to_in_001,33
2024,다라4636,to_in_001,53
2024,다라4637,to_in_001,63
2024,다라4638,to_in_001,108
2024,다라4644,to_in_001,13
2024,다라4646,to_in_001,43
2024,다라4647,to_in_001,5
2024,다라4648,to_in_001,33
2024,다라4649,to_in_001,18
2024,다라4650,to_in_001,5
2024,다라4655,to_in_001,5
2024,다라4656,to_in_001,0
2024,다라4658,to_in_001,63
2024,다라4659,to_in_001,23
2024,다라4660,to_in_001,23
2024,다라4662,to_in_001,5
2024,다라4665,to_in_001,123
2024,다라4666,to_in_001,218
2024,다라4667,to_in_001,104
2024,다라4668,to_in_001,227
2024,다라4669,to_in_001,273
2024,다라4670,to_in_001,58
2024,다라4671,to_in_001,13
2024,다라4672,to_in_001,8
2024,다라4673,to_in_001,286
2024,다라4674,to_in_001,8
2024,다라4675,to_in_001,83
2024,다라4678,to_in_001,316
2024,다라4679,to_in_001,1437
2024,다라4680,to_in_001,11008
2024,다라4681,to_in_001,25172
2024,다라4682,to_in_001,12839
2024,다라4683,to_in_001,7581
2024,다라4684,to_in_001,10730
2024,다라4685,to_in_001,7981
2024,다라4686,to_in_001,16568
2024,다라4687,to_in_001,10098
2024,다라4688,to_in_001,6871
2024,다라4689,to_in_001,58
2024,다라4690,to_in_001,78
2024,다라4693,to_in_001,13
2024,다라4694,to_in_001,173
2024,다라4695,to_in_001,5
2024,다라4697,to_in_001,58
2024,다라4698,to_in_001,113
2024,다라4699,to_in_001,544
2024,다라4706,to_in_001,218
2024,다라4707,to_in_001,68
2024,다라4708,to_in_001,63
2024,다라4709,to_in_001,5
2024,다라4710,to_in_001,103
2024,다라4711,to_in_001,43
2024,다라4712,to_in_001,63
2024,다라4717,to_in_001,38
2024,다라4718,to_in_001,58
2024,다라4719,to_in_001,108
2024,다라4720,to_in_001,13
2024,다라4721,to_in_001,5
2024,다라4723,to_in_001,28
2024,다라4724,to_in_001,68
2024,다라4725,to_in_001,43
2024,다라4726,to_in_001,53
2024,다라4728,to_in_001,13
2024,다라4730,to_in_001,251
2024,다라4731,to_in_001,99
2024,다라4732,to_in_001,228
2024,다라4733,to_in_001,79
2024,다라4734,to_in_001,28
2024,다라4735,to_in_001,5
2024,다라4736,to_in_001,5
2024,다라4737,to_in_001,73
2024,다라4738,to_in_001,63
2024,다라4739,to_in_001,23
2024,다라4743,to_in_001,13
2024,다라4744,to_in_001,18
2024,다라4745,to_in_001,58
2024,다라4746,to_in_001,113
2024,다라4750,to_in_001,8
2024,다라4754,to_in_001,5
2024,다라4758,to_in_001,5
2024,다라4759,to_in_001,158
2024,다라4760,to_in_001,48
2024,다라4761,to_in_001,23
2024,다라4762,to_in_001,5
2024,다라4763,to_in_001,5
2024,다라4764,to_in_001,8
2024,다라4765,to_in_001,8
2024,다라4766,to_in_001,129
2024,다라4767,to_in_001,66
2024,다라4768,to_in_001,108
2024,다라4769,to_in_001,88
2024,다라4770,to_in_001,8
2024,다라4772,to_in_001,13
2024,다라4773,to_in_001,5
2024,다라4776,to_in_001,5
2024,다라4777,to_in_001,38
2024,다라4778,to_in_001,8
2024,다라4779,to_in_001,48
2024,다라4780,to_in_001,5227
2024,다라4781,to_in_001,7366
2024,다라4782,to_in_001,10080
2024,다라4783,to_in_001,4934
2024,다라4784,to_in_001,13559
2024,다라4785,to_in_001,13173
2024,다라4786,to_in_001,14171
2024,다라4787,to_in_001,22416
2024,다라4788,to_in_001,10995
2024,다라4790,to_in_001,8
2024,다라4791,to_in_001,58
2024,다라4794,to_in_001,271
2024,다라4795,to_in_001,178
2024,다라4796,to_in_001,143
2024,다라4797,to_in_001,103
2024,다라4798,to_in_001,88
2024,다라4799,to_in_001,308
2024,다라4800,to_in_001,5
2024,다라4801,to_in_001,73
2024,다라4806,to_in_001,13
2024,다라4807,to_in_001,73
2024,다라4808,to_in_001,28
2024,다라4809,to_in_001,361
2024,다라4810,to_in_001,253
2024,다라4811,to_in_001,5
2024,다라4812,to_in_001,8
2024,다라4813,to_in_001,188
2024,다라4814,to_in_001,5
2024,다라4816,to_in_001,8
2024,다라4817,to_in_001,68
2024,다라4818,to_in_001,855
2024,다라4819,to_in_001,123
2024,다라4820,to_in_001,28
2024,다라4821,to_in_001,28
2024,다라4822,to_in_001,5
2024,다라4823,to_in_001,68
2024,다라4824,to_in_001,5
2024,다라4825,to_in_001,58
2024,다라4826,to_in_001,33
2024,다라4827,to_in_001,58
2024,다라4831,to_in_001,23
2024,다라4832,to_in_001,168
2024,다라4833,to_in_001,18
2024,다라4834,to_in_001,33
2024,다라4835,to_in_001,8
2024,다라4836,to_in_001,43
2024,다라4837,to_in_001,18
2024,다라4838,to_in_001,33
2024,다라4839,to_in_001,8
2024,다라4840,to_in_001,8
2024,다라4843,to_in_001,5
2024,다라4844,to_in_001,43
2024,다라4845,to_in_001,68
2024,다라4846,to_in_001,8
2024,다라4847,to_in_001,5
2024,다라4848,to_in_001,5
2024,다라4849,to_in_001,5
2024,다라4850,to_in_001,5
2024,다라4851,to_in_001,33
2024,다라4852,to_in_001,8
2024,다라4853,to_in_001,33
2024,다라4854,to_in_001,18
2024,다라4857,to_in_001,13
2024,다라4858,to_in_001,113
2024,다라4859,to_in_001,48
2024,다라4860,to_in_001,13
2024,다라4861,to_in_001,63
2024,다라4862,to_in_001,38
2024,다라4863,to_in_001,8
2024,다라4866,to_in_001,68
2024,다라4867,to_in_001,143
2024,다라4868,to_in_001,83
2024,다라4869,to_in_001,118
2024,다라4870,to_in_001,88
2024,다라4871,to_in_001,138
2024,다라4873,to_in_001,113
2024,다라4876,to_in_001,8
2024,다라4877,to_in_001,763
2024,다라4878,to_in_001,3063
2024,다라4879,to_in_001,253
2024,다라4880,to_in_001,3497
2024,다라4881,to_in_001,11644
2024,다라4882,to_in_001,5326
2024,다라4883,to_in_001,5695
2024,다라4884,to_in_001,11968
2024,다라4885,to_in_001,17432
2024,다라4886,to_in_001,16240
2024,다라4887,to_in_001,17027
2024,다라4888,to_in_001,3416
2024,다라4889,to_in_001,13
2024,다라4890,to_in_001,5
2024,다라4891,to_in_001,245
2024,다라4894,to_in_001,5
2024,다라4895,to_in_001,464
2024,다라4896,to_in_001,53
2024,다라4897,to_in_001,153
2024,다라4898,to_in_001,8
2024,다라4899,to_in_001,198
2024,다라4901,to_in_001,63
2024,다라4902,to_in_001,23
2024,다라4907,to_in_001,38
2024,다라4909,to_in_001,53
2024,다라4910,to_in_001,163
2024,다라4913,to_in_001,13
2024,다라4914,to_in_001,153
2024,다라4915,to_in_001,128
2024,다라4916,to_in_001,78
2024,다라4917,to_in_001,78
2024,다라4918,to_in_001,28
2024,다라4919,to_in_001,58
2024,다라4920,to_in_001,5
2024,다라4922,to_in_001,5
2024,다라4923,to_in_001,88
2024,다라4924,to_in_001,38
2024,다라4925,to_in_001,28
2024,다라4926,to_in_001,113
2024,다라4927,to_in_001,63
2024,다라4928,to_in_001,5
2024,다라4930,to_in_001,43
2024,다라4931,to_in_001,158
2024,다라4932,to_in_001,13
2024,다라4933,to_in_001,8
2024,다라4934,to_in_001,28
2024,다라4936,to_in_001,5
2024,다라4937,to_in_001,43
2024,다라4938,to_in_001,28
2024,다라4939,to_in_001,13
2024,다라4940,to_in_001,18
2024,다라4941,to_in_001,8
2024,다라4942,to_in_001,8
2024,다라4943,to_in_001,8
2024,다라4944,to_in_001,58
2024,다라4945,to_in_001,108
2024,다라4946,to_in_001,8
2024,다라4950,to_in_001,8
2024,다라4951,to_in_001,18
2024,다라4952,to_in_001,5
2024,다라4954,to_in_001,43
2024,다라4958,to_in_001,8
2024,다라4959,to_in_001,73
2024,다라4960,to_in_001,5
2024,다라4961,to_in_001,23
2024,다라4962,to_in_001,68
2024,다라4963,to_in_001,13
2024,다라4964,to_in_001,5
2024,다라4965,to_in_001,48
2024,다라4966,to_in_001,5
2024,다라4967,to_in_001,65
2024,다라4968,to_in_001,48
2024,다라4969,to_in_001,5
2024,다라4970,to_in_001,73
2024,다라4971,to_in_001,93
2024,다라4972,to_in_001,48
2024,다라4973,to_in_001,38
2024,다라4974,to_in_001,23
2024,다라4975,to_in_001,5
2024,다라4977,to_in_001,2168
2024,다라4978,to_in_001,73
2024,다라4980,to_in_001,13
2024,다라4981,to_in_001,687
2024,다라4982,to_in_001,3588
2024,다라4983,to_in_001,183
2024,다라4984,to_in_001,73
2024,다라4985,to_in_001,332
2024,다라4986,to_in_001,13
2024,다라4987,to_in_001,559
2024,다라4989,to_in_001,13
2024,다라4990,to_in_001,223
2024,다라4991,to_in_001,79
2024,다라4992,to_in_001,273
2024,다라4993,to_in_001,48
2024,다라4994,to_in_001,13
2024,다라4995,to_in_001,88
2024,다라4996,to_in_001,5
2024,다라4997,to_in_001,28
2024,다라4998,to_in_001,183
2024,다라4999,to_in_001,78
2024,다라5006,to_in_001,8
2024,다라5007,to_in_001,63
2024,다라5008,to_in_001,33
2024,다라5009,to_in_001,58
2024,다라5010,to_in_001,124
2024,다라5011,to_in_001,8
2024,다라5012,to_in_001,5
2024,다라5013,to_in_001,13
2024,다라5014,to_in_001,303
2024,다라5015,to_in_001,33
2024,다라5016,to_in_001,88
2024,다라5017,to_in_001,48
2024,다라5018,to_in_001,28
2024,다라5019,to_in_001,23
2024,다라5020,to_in_001,88
2024,다라5023,to_in_001,8
2024,다라5025,to_in_001,33
2024,다라5026,to_in_001,98
2024,다라5027,to_in_001,93
2024,다라5028,to_in_001,18
2024,다라5029,to_in_001,133
2024,다라5030,to_in_001,103
2024,다라5031,to_in_001,173
2024,다라5033,to_in_001,18
2024,다라5034,to_in_001,23
2024,다라5035,to_in_001,53
2024,다라5036,to_in_001,8
2024,다라5037,to_in_001,43
2024,다라5038,to_in_001,73
2024,다라5040,to_in_001,8
2024,다라5041,to_in_001,18
2024,다라5042,to_in_001,5
2024,다라5043,to_in_001,88
2024,다라5044,to_in_001,33
2024,다라5045,to_in_001,53
2024,다라5046,to_in_001,28
2024,다라5048,to_in_001,13
2024,다라5049,to_in_001,18
2024,다라5051,to_in_001,8
2024,다라5053,to_in_001,5
2024,다라5054,to_in_001,53
2024,다라5055,to_in_001,8
2024,다라5056,to_in_001,8
2024,다라5058,to_in_001,0
2024,다라5059,to_in_001,13
2024,다라5060,to_in_001,78
2024,다라5061,to_in_001,259
2024,다라5062,to_in_001,128
2024,다라5063,to_in_001,73
2024,다라5065,to_in_001,890
2024,다라5066,to_in_001,922
2024,다라5067,to_in_001,38
2024,다라5068,to_in_001,292
2024,다라5069,to_in_001,113
2024,다라5070,to_in_001,169
2024,다라5071,to_in_001,23
2024,다라5072,to_in_001,155
2024,다라5073,to_in_001,2072
2024,다라5074,to_in_001,5
2024,다라5075,to_in_001,0
2024,다라5077,to_in_001,2129
2024,다라5079,to_in_001,5
2024,다라5080,to_in_001,13
2024,다라5081,to_in_001,18
2024,다라5082,to_in_001,296
2024,다라5083,to_in_001,5
2024,다라5086,to_in_001,98
2024,다라5088,to_in_001,40
2024,다라5089,to_in_001,233
2024,다라5090,to_in_001,113
2024,다라5091,to_in_001,70
2024,다라5092,to_in_001,5
2024,다라5093,to_in_001,244
2024,다라5094,to_in_001,188
2024,다라5095,to_in_001,148
2024,다라5096,to_in_001,118
2024,다라5097,to_in_001,158
2024,다라5098,to_in_001,214
2024,다라5099,to_in_001,108
2024,다라5107,to_in_001,63
2024,다라5108,to_in_001,13
2024,다라5109,to_in_001,158
2024,다라5110,to_in_001,258
2024,다라5112,to_in_001,23
2024,다라5113,to_in_001,194
2024,다라5114,to_in_001,13
2024,다라5116,to_in_001,23
2024,다라5117,to_in_001,113
2024,다라5118,to_in_001,38
2024,다라5119,to_in_001,68
2024,다라5120,to_in_001,23
2024,다라5121,to_in_001,58
2024,다라5122,to_in_001,18
2024,다라5124,to_in_001,28
2024,다라5125,to_in_001,18
2024,다라5126,to_in_001,63
2024,다라5127,to_in_001,58
2024,다라5128,to_in_001,118
2024,다라5129,to_in_001,88
2024,다라5130,to_in_001,28
2024,다라5131,to_in_001,18
2024,다라5136,to_in_001,18
2024,다라5137,to_in_001,5
2024,다라5138,to_in_001,5
2024,다라5140,to_in_001,18
2024,다라5141,to_in_001,58
2024,다라5142,to_in_001,278
2024,다라5143,to_in_001,23
2024,다라5144,to_in_001,28
2024,다라5145,to_in_001,23
2024,다라5146,to_in_001,5
2024,다라5147,to_in_001,8
2024,다라5149,to_in_001,18
2024,다라5152,to_in_001,5
2024,다라5153,to_in_001,228
2024,다라5155,to_in_001,63
2024,다라5156,to_in_001,73
2024,다라5157,to_in_001,13
2024,다라5158,to_in_001,0
2024,다라5160,to_in_001,23
2024,다라5161,to_in_001,79
2024,다라5162,to_in_001,48
2024,다라5163,to_in_001,28
2024,다라5164,to_in_001,58
2024,다라5165,to_in_001,118
2024,다라5166,to_in_001,5
2024,다라5167,to_in_001,63
2024,다라5168,to_in_001,123
2024,다라5170,to_in_001,78
2024,다라5171,to_in_001,312
2024,다라5172,to_in_001,93
2024,다라5173,to_in_001,1350
2024,다라5175,to_in_001,83
2024,다라5176,to_in_001,63
2024,다라5177,to_in_001,93
2024,다라5178,to_in_001,24
2024,다라5180,to_in_001,0
2024,다라5181,to_in_001,14
2024,다라5184,to_in_001,63
2024,다라5186,to_in_001,188
2024,다라5188,to_in_001,43
2024,다라5189,to_in_001,0
2024,다라5190,to_in_001,8
2024,다라5191,to_in_001,178
2024,다라5192,to_in_001,139
2024,다라5193,to_in_001,38
2024,다라5194,to_in_001,98
2024,다라5195,to_in_001,75
2024,다라5196,to_in_001,93
2024,다라5197,to_in_001,178
2024,다라5198,to_in_001,138
2024,다라5199,to_in_001,249
2024,다라5216,to_in_001,63
2024,다라5217,to_in_001,63
2024,다라5218,to_in_001,18
2024,다라5219,to_in_001,63
2024,다라5220,to_in_001,83
2024,다라5221,to_in_001,48
2024,다라5222,to_in_001,8
2024,다라5223,to_in_001,5
2024,다라5224,to_in_001,18
2024,다라5225,to_in_001,23
2024,다라5226,to_in_001,53
2024,다라5227,to_in_001,102
2024,다라5228,to_in_001,48
2024,다라5229,to_in_001,48
2024,다라5230,to_in_001,18
2024,다라5236,to_in_001,5
2024,다라5238,to_in_001,8
2024,다라5240,to_in_001,18
2024,다라5241,to_in_001,13
2024,다라5242,to_in_001,88
2024,다라5243,to_in_001,33
2024,다라5244,to_in_001,43
2024,다라5245,to_in_001,0
2024,다라5246,to_in_001,38
2024,다라5247,to_in_001,8
2024,다라5248,to_in_001,33
2024,다라5249,to_in_001,5
2024,다라5250,to_in_001,5
2024,다라5252,to_in_001,13
2024,다라5253,to_in_001,13
2024,다라5254,to_in_001,43
2024,다라5255,to_in_001,13
2024,다라5256,to_in_001,53
2024,다라5257,to_in_001,53
2024,다라5259,to_in_001,78
2024,다라5260,to_in_001,13
2024,다라5261,to_in_001,114
2024,다라5262,to_in_001,83
2024,다라5264,to_in_001,83
2024,다라5265,to_in_001,23
2024,다라5266,to_in_001,13
2024,다라5268,to_in_001,5
2024,다라5269,to_in_001,0
2024,다라5270,to_in_001,23
2024,다라5271,to_in_001,268
2024,다라5272,to_in_001,13
2024,다라5273,to_in_001,9630
2024,다라5274,to_in_001,2990
2024,다라5275,to_in_001,33
2024,다라5276,to_in_001,0
2024,다라5283,to_in_001,5
2024,다라5285,to_in_001,63
2024,다라5288,to_in_001,13
2024,다라5289,to_in_001,63
2024,다라5290,to_in_001,248
2024,다라5291,to_in_001,143
2024,다라5292,to_in_001,398
2024,다라5293,to_in_001,88
2024,다라5294,to_in_001,203
2024,다라5295,to_in_001,8
2024,다라5296,to_in_001,0
2024,다라5297,to_in_001,63
2024,다라5298,to_in_001,23
2024,다라5299,to_in_001,93
2024,다라5316,to_in_001,8
2024,다라5317,to_in_001,5
2024,다라5318,to_in_001,5
2024,다라5319,to_in_001,53
2024,다라5320,to_in_001,8
2024,다라5321,to_in_001,13
2024,다라5322,to_in_001,38
2024,다라5323,to_in_001,78
2024,다라5324,to_in_001,5
2024,다라5325,to_in_001,13
2024,다라5326,to_in_001,43
2024,다라5327,to_in_001,43
2024,다라5330,to_in_001,5
2024,다라5331,to_in_001,5
2024,다라5334,to_in_001,13
2024,다라5337,to_in_001,8
2024,다라5338,to_in_001,58
2024,다라5339,to_in_001,133
2024,다라5340,to_in_001,58
2024,다라5341,to_in_001,68
2024,다라5342,to_in_001,23
2024,다라5343,to_in_001,43
2024,다라5344,to_in_001,5
2024,다라5345,to_in_001,83
2024,다라5346,to_in_001,33
2024,다라5350,to_in_001,23
2024,다라5351,to_in_001,13
2024,다라5352,to_in_001,5
2024,다라5353,to_in_001,8
2024,다라5354,to_in_001,133
2024,다라5355,to_in_001,123
2024,다라5356,to_in_001,243
2024,다라5357,to_in_001,68
2024,다라5358,to_in_001,58
2024,다라5359,to_in_001,63
2024,다라5360,to_in_001,13
2024,다라5361,to_in_001,38
2024,다라5363,to_in_001,13
2024,다라5364,to_in_001,53
2024,다라5365,to_in_001,5
2024,다라5366,to_in_001,8
2024,다라5367,to_in_001,89
2024,다라5368,to_in_001,5
2024,다라5370,to_in_001,8
2024,다라5371,to_in_001,18
2024,다라5372,to_in_001,252
2024,다라5373,to_in_001,6606
2024,다라5374,to_in_001,11150
2024,다라5375,to_in_001,283
2024,다라5376,to_in_001,63
2024,다라5378,to_in_001,18
2024,다라5379,to_in_001,5
2024,다라5383,to_in_001,28
2024,다라5387,to_in_001,18
2024,다라5388,to_in_001,8
2024,다라5389,to_in_001,18
2024,다라5390,to_in_001,143
2024,다라5391,to_in_001,98
2024,다라5392,to_in_001,188
2024,다라5393,to_in_001,158
2024,다라5394,to_in_001,158
2024,다라5395,to_in_001,68
2024,다라5396,to_in_001,33
2024,다라5397,to_in_001,118
2024,다라5398,to_in_001,83
2024,다라5399,to_in_001,238
2024,다라5418,to_in_001,13
2024,다라5419,to_in_001,88
2024,다라5423,to_in_001,43
2024,다라5425,to_in_001,18
2024,다라5426,to_in_001,23
2024,다라5427,to_in_001,5
2024,다라5428,to_in_001,83
2024,다라5433,to_in_001,43
2024,다라5434,to_in_001,78
2024,다라5435,to_in_001,28
2024,다라5436,to_in_001,8
2024,다라5437,to_in_001,5
2024,다라5438,to_in_001,48
2024,다라5439,to_in_001,33
2024,다라5440,to_in_001,53
2024,다라5442,to_in_001,38
2024,다라5443,to_in_001,13
2024,다라5444,to_in_001,13
2024,다라5445,to_in_001,18
2024,다라5446,to_in_001,13
2024,다라5447,to_in_001,28
2024,다라5448,to_in_001,8
2024,다라5450,to_in_001,28
2024,다라5451,to_in_001,23
2024,다라5452,to_in_001,38
2024,다라5453,to_in_001,33
2024,다라5454,to_in_001,13
2024,다라5456,to_in_001,33
2024,다라5458,to_in_001,63
2024,다라5459,to_in_001,28
2024,다라5461,to_in_001,5
2024,다라5462,to_in_001,0
2024,다라5463,to_in_001,13
2024,다라5464,to_in_001,123
2024,다라5465,to_in_001,88
2024,다라5466,to_in_001,33
2024,다라5467,to_in_001,8
2024,다라5469,to_in_001,8
2024,다라5470,to_in_001,8
2024,다라5471,to_in_001,88
2024,다라5472,to_in_001,156
2024,다라5473,to_in_001,125
2024,다라5474,to_in_001,1284
2024,다라5475,to_in_001,123
2024,다라5476,to_in_001,5
2024,다라5477,to_in_001,28
2024,다라5478,to_in_001,53
2024,다라5486,to_in_001,133
2024,다라5487,to_in_001,123
2024,다라5488,to_in_001,18
2024,다라5489,to_in_001,5
2024,다라5490,to_in_001,143
2024,다라5491,to_in_001,48
2024,다라5492,to_in_001,178
2024,다라5493,to_in_001,118
2024,다라5494,to_in_001,163
2024,다라5495,to_in_001,268
2024,다라5496,to_in_001,8
2024,다라5497,to_in_001,8
2024,다라5498,to_in_001,33
2024,다라5499,to_in_001,128
2024,다라5524,to_in_001,8
2024,다라5525,to_in_001,118
2024,다라5526,to_in_001,138
2024,다라5527,to_in_001,28
2024,다라5528,to_in_001,28
2024,다라5529,to_in_001,5
2024,다라5533,to_in_001,8
2024,다라5534,to_in_001,83
2024,다라5535,to_in_001,73
2024,다라5536,to_in_001,58
2024,다라5537,to_in_001,8
2024,다라5538,to_in_001,5
2024,다라5539,to_in_001,18
2024,다라5540,to_in_001,13
2024,다라5541,to_in_001,53
2024,다라5542,to_in_001,5
2024,다라5543,to_in_001,13
2024,다라5544,to_in_001,5
2024,다라5545,to_in_001,18
2024,다라5546,to_in_001,33
2024,다라5547,to_in_001,8
2024,다라5548,to_in_001,23
2024,다라5550,to_in_001,0
2024,다라5551,to_in_001,8
2024,다라5552,to_in_001,33
2024,다라5554,to_in_001,8
2024,다라5558,to_in_001,5
2024,다라5559,to_in_001,13
2024,다라5560,to_in_001,18
2024,다라5561,to_in_001,5
2024,다라5564,to_in_001,43
2024,다라5565,to_in_001,5
2024,다라5566,to_in_001,5
2024,다라5567,to_in_001,38
2024,다라5568,to_in_001,43
2024,다라5569,to_in_001,88
2024,다라5570,to_in_001,0
2024,다라5571,to_in_001,138
2024,다라5572,to_in_001,33
2024,다라5573,to_in_001,28
2024,다라5577,to_in_001,68
2024,다라5583,to_in_001,5
2024,다라5586,to_in_001,68
2024,다라5587,to_in_001,78
2024,다라5588,to_in_001,53
2024,다라5590,to_in_001,8
2024,다라5591,to_in_001,38
2024,다라5592,to_in_001,63
2024,다라5593,to_in_001,663
2024,다라5594,to_in_001,113
2024,다라5595,to_in_001,38
2024,다라5598,to_in_001,58
2024,다라5599,to_in_001,93
2024,다라5606,to_in_001,13
2024,다라5626,to_in_001,173
2024,다라5627,to_in_001,83
2024,다라5628,to_in_001,53
2024,다라5633,to_in_001,13
2024,다라5634,to_in_001,33
2024,다라5635,to_in_001,128
2024,다라5636,to_in_001,13
2024,다라5637,to_in_001,73
2024,다라5638,to_in_001,108
2024,다라5639,to_in_001,48
2024,다라5640,to_in_001,18
2024,다라5641,to_in_001,8
2024,다라5643,to_in_001,28
2024,다라5644,to_in_001,73
2024,다라5645,to_in_001,53
2024,다라5646,to_in_001,43
2024,다라5647,to_in_001,0
2024,다라5649,to_in_001,18
2024,다라5651,to_in_001,28
2024,다라5652,to_in_001,132
2024,다라5654,to_in_001,8
2024,다라5659,to_in_001,13
2024,다라5665,to_in_001,8
2024,다라5666,to_in_001,8
2024,다라5667,to_in_001,48
2024,다라5668,to_in_001,63
2024,다라5669,to_in_001,114
2024,다라5670,to_in_001,88
2024,다라5671,to_in_001,168
2024,다라5672,to_in_001,83
2024,다라5673,to_in_001,28
2024,다라5674,to_in_001,0
2024,다라5675,to_in_001,18
2024,다라5676,to_in_001,5
2024,다라5677,to_in_001,8
2024,다라5684,to_in_001,5
2024,다라5685,to_in_001,8
2024,다라5686,to_in_001,73
2024,다라5687,to_in_001,48
2024,다라5690,to_in_001,13
2024,다라5691,to_in_001,173
2024,다라5692,to_in_001,138
2024,다라5693,to_in_001,403
2024,다라5694,to_in_001,283
2024,다라5695,to_in_001,103
2024,다라5696,to_in_001,43
2024,다라5698,to_in_001,18
2024,다라5699,to_in_001,113
2024,다라5703,to_in_001,33
2024,다라5705,to_in_001,0
2024,다라5706,to_in_001,143
2024,다라5726,to_in_001,78
2024,다라5727,to_in_001,138
2024,다라5728,to_in_001,23
2024,다라5730,to_in_001,8
2024,다라5733,to_in_001,13
2024,다라5734,to_in_001,0
2024,다라5735,to_in_001,48
2024,다라5736,to_in_001,58
2024,다라5737,to_in_001,23
2024,다라5738,to_in_001,58
2024,다라5739,to_in_001,43
2024,다라5740,to_in_001,33
2024,다라5741,to_in_001,8
2024,다라5742,to_in_001,13
2024,다라5743,to_in_001,5
2024,다라5744,to_in_001,48
2024,다라5745,to_in_001,8
2024,다라5746,to_in_001,8
2024,다라5747,to_in_001,5
2024,다라5750,to_in_001,5
2024,다라5751,to_in_001,13
2024,다라5752,to_in_001,5
2024,다라5753,to_in_001,43
2024,다라5756,to_in_001,33
2024,다라5757,to_in_001,8
2024,다라5758,to_in_001,8
2024,다라5759,to_in_001,23
2024,다라5763,to_in_001,8
2024,다라5764,to_in_001,53
2024,다라5765,to_in_001,5
2024,다라5768,to_in_001,53
2024,다라5769,to_in_001,118
2024,다라5770,to_in_001,259
2024,다라5771,to_in_001,5
2024,다라5772,to_in_001,8
2024,다라5773,to_in_001,53
2024,다라5774,to_in_001,13
2024,다라5775,to_in_001,28
2024,다라5778,to_in_001,8
2024,다라5779,to_in_001,38
2024,다라5780,to_in_001,28
2024,다라5781,to_in_001,13
2024,다라5783,to_in_001,5
2024,다라5784,to_in_001,23
2024,다라5785,to_in_001,103
2024,다라5786,to_in_001,28
2024,다라5787,to_in_001,68
2024,다라5789,to_in_001,8
2024,다라5790,to_in_001,33
2024,다라5792,to_in_001,83
2024,다라5793,to_in_001,223
2024,다라5794,to_in_001,38
2024,다라5795,to_in_001,98
2024,다라5796,to_in_001,23
2024,다라5797,to_in_001,83
2024,다라5798,to_in_001,8
2024,다라5799,to_in_001,153
2024,다라5802,to_in_001,5
2024,다라5803,to_in_001,43
2024,다라5804,to_in_001,63
2024,다라5805,to_in_001,8
2024,다라5827,to_in_001,43
2024,다라5828,to_in_001,0
2024,다라5830,to_in_001,88
2024,다라5831,to_in_001,53
2024,다라5832,to_in_001,5
2024,다라5833,to_in_001,18
2024,다라5834,to_in_001,98
2024,다라5835,to_in_001,0
2024,다라5836,to_in_001,18
2024,다라5837,to_in_001,13
2024,다라5838,to_in_001,28
2024,다라5839,to_in_001,28
2024,다라5840,to_in_001,18
2024,다라5841,to_in_001,8
2024,다라5842,to_in_001,53
2024,다라5843,to_in_001,33
2024,다라5844,to_in_001,8
2024,다라5845,to_in_001,8
2024,다라5846,to_in_001,48
2024,다라5847,to_in_001,88
2024,다라5848,to_in_001,5
2024,다라5850,to_in_001,5
2024,다라5851,to_in_001,28
2024,다라5853,to_in_001,48
2024,다라5856,to_in_001,5
2024,다라5857,to_in_001,23
2024,다라5858,to_in_001,8
2024,다라5862,to_in_001,28
2024,다라5868,to_in_001,8
2024,다라5870,to_in_001,273
2024,다라5871,to_in_001,23
2024,다라5872,to_in_001,5
2024,다라5873,to_in_001,8
2024,다라5876,to_in_001,23
2024,다라5877,to_in_001,18
2024,다라5878,to_in_001,33
2024,다라5879,to_in_001,88
2024,다라5880,to_in_001,229
2024,다라5881,to_in_001,58
2024,다라5882,to_in_001,58
2024,다라5884,to_in_001,5
2024,다라5885,to_in_001,43
2024,다라5889,to_in_001,5
2024,다라5890,to_in_001,5
2024,다라5891,to_in_001,8
2024,다라5892,to_in_001,0
2024,다라5893,to_in_001,58
2024,다라5894,to_in_001,108
2024,다라5895,to_in_001,38
2024,다라5896,to_in_001,48
2024,다라5897,to_in_001,53
2024,다라5898,to_in_001,96
2024,다라5899,to_in_001,73
2024,다라5904,to_in_001,73
2024,다라5905,to_in_001,78
2024,다라5928,to_in_001,113
2024,다라5929,to_in_001,13
2024,다라5930,to_in_001,233
2024,다라5931,to_in_001,73
2024,다라5932,to_in_001,58
2024,다라5933,to_in_001,5
2024,다라5934,to_in_001,13
2024,다라5938,to_in_001,28
2024,다라5939,to_in_001,28
2024,다라5940,to_in_001,43
2024,다라5941,to_in_001,13
2024,다라5942,to_in_001,5
2024,다라5943,to_in_001,5
2024,다라5944,to_in_001,23
2024,다라5946,to_in_001,13
2024,다라5947,to_in_001,38
2024,다라5948,to_in_001,8
2024,다라5949,to_in_001,23
2024,다라5952,to_in_001,13
2024,다라5953,to_in_001,13
2024,다라5954,to_in_001,13
2024,다라5956,to_in_001,13
2024,다라5957,to_in_001,5
2024,다라5958,to_in_001,8
2024,다라5962,to_in_001,13
2024,다라5963,to_in_001,58
2024,다라5964,to_in_001,5
2024,다라5965,to_in_001,5
2024,다라5970,to_in_001,123
2024,다라5971,to_in_001,108
2024,다라5972,to_in_001,8
2024,다라5973,to_in_001,63
2024,다라5975,to_in_001,103
2024,다라5976,to_in_001,18
2024,다라5979,to_in_001,28
2024,다라5980,to_in_001,23
2024,다라5981,to_in_001,28
2024,다라5982,to_in_001,0
2024,다라5983,to_in_001,5
2024,다라5984,to_in_001,23
2024,다라5985,to_in_001,43
2024,다라5986,to_in_001,28
2024,다라5987,to_in_001,43
2024,다라5988,to_in_001,8
2024,다라5989,to_in_001,8
2024,다라5990,to_in_001,73
2024,다라5991,to_in_001,13
2024,다라5992,to_in_001,43
2024,다라5993,to_in_001,63
2024,다라5994,to_in_001,5
2024,다라5995,to_in_001,145
2024,다라5996,to_in_001,63
2024,다라5998,to_in_001,38
2024,다라5999,to_in_001,68
2024,다라6002,to_in_001,28
2024,다라6003,to_in_001,144
2024,다라6004,to_in_001,251
2024,다라6029,to_in_001,5
2024,다라6030,to_in_001,118
2024,다라6031,to_in_001,43
2024,다라6032,to_in_001,48
2024,다라6033,to_in_001,8
2024,다라6034,to_in_001,0
2024,다라6037,to_in_001,8
2024,다라6038,to_in_001,108
2024,다라6039,to_in_001,68
2024,다라6040,to_in_001,198
2024,다라6041,to_in_001,178
2024,다라6042,to_in_001,43
2024,다라6044,to_in_001,43
2024,다라6045,to_in_001,28
2024,다라6046,to_in_001,18
2024,다라6048,to_in_001,28
2024,다라6049,to_in_001,5
2024,다라6050,to_in_001,18
2024,다라6053,to_in_001,5
2024,다라6054,to_in_001,18
2024,다라6056,to_in_001,8
2024,다라6057,to_in_001,18
2024,다라6062,to_in_001,5
2024,다라6063,to_in_001,83
2024,다라6064,to_in_001,43
2024,다라6065,to_in_001,23
2024,다라6067,to_in_001,13
2024,다라6070,to_in_001,8
2024,다라6071,to_in_001,33
2024,다라6072,to_in_001,11
2024,다라6073,to_in_001,23
2024,다라6074,to_in_001,94
2024,다라6075,to_in_001,13
2024,다라6078,to_in_001,8
2024,다라6079,to_in_001,38
2024,다라6080,to_in_001,13
2024,다라6081,to_in_001,18
2024,다라6082,to_in_001,53
2024,다라6083,to_in_001,33
2024,다라6084,to_in_001,53
2024,다라6086,to_in_001,5
2024,다라6087,to_in_001,5
2024,다라6088,to_in_001,5
2024,다라6090,to_in_001,8
2024,다라6093,to_in_001,5
2024,다라6094,to_in_001,13
2024,다라6095,to_in_001,33
2024,다라6096,to_in_001,33
2024,다라6098,to_in_001,88
2024,다라6099,to_in_001,38
2024,다라6102,to_in_001,28
2024,다라6103,to_in_001,23
2024,다라6130,to_in_001,153
2024,다라6131,to_in_001,58
2024,다라6132,to_in_001,28
2024,다라6133,to_in_001,38
2024,다라6134,to_in_001,23
2024,다라6135,to_in_001,8
2024,다라6136,to_in_001,8
2024,다라6137,to_in_001,5
2024,다라6138,to_in_001,5
2024,다라6139,to_in_001,118
2024,다라6140,to_in_001,258
2024,다라6141,to_in_001,2604
2024,다라6142,to_in_001,1107
2024,다라6143,to_in_001,13
2024,다라6144,to_in_001,78
2024,다라6145,to_in_001,13
2024,다라6146,to_in_001,5
2024,다라6147,to_in_001,88
2024,다라6148,to_in_001,18
2024,다라6149,to_in_001,53
2024,다라6156,to_in_001,8
2024,다라6161,to_in_001,5
2024,다라6164,to_in_001,68
2024,다라6165,to_in_001,53
2024,다라6166,to_in_001,103
2024,다라6167,to_in_001,18
2024,다라6168,to_in_001,33
2024,다라6169,to_in_001,43
2024,다라6170,to_in_001,88
2024,다라6171,to_in_001,98
2024,다라6172,to_in_001,23
2024,다라6173,to_in_001,108
2024,다라6174,to_in_001,18
2024,다라6177,to_in_001,5
2024,다라6178,to_in_001,5
2024,다라6179,to_in_001,159
2024,다라6180,to_in_001,13
2024,다라6181,to_in_001,123
2024,다라6182,to_in_001,13
2024,다라6185,to_in_001,63
2024,다라6186,to_in_001,5
2024,다라6187,to_in_001,8
2024,다라6188,to_in_001,18
2024,다라6189,to_in_001,13
2024,다라6190,to_in_001,0
2024,다라6191,to_in_001,13
2024,다라6192,to_in_001,13
2024,다라6193,to_in_001,28
2024,다라6194,to_in_001,8
2024,다라6195,to_in_001,8
2024,다라6196,to_in_001,8
2024,다라6197,to_in_001,128
2024,다라6198,to_in_001,23
2024,다라6199,to_in_001,18
2024,다라6207,to_in_001,78
2024,다라6208,to_in_001,38
2024,다라6223,to_in_001,23
2024,다라6230,to_in_001,170
2024,다라6231,to_in_001,338
2024,다라6232,to_in_001,88
2024,다라6233,to_in_001,5
2024,다라6234,to_in_001,28
2024,다라6235,to_in_001,13
2024,다라6236,to_in_001,38
2024,다라6237,to_in_001,48
2024,다라6238,to_in_001,33
2024,다라6239,to_in_001,5
2024,다라6240,to_in_001,18
2024,다라6241,to_in_001,2022
2024,다라6242,to_in_001,191
2024,다라6243,to_in_001,53
2024,다라6244,to_in_001,93
2024,다라6245,to_in_001,158
2024,다라6246,to_in_001,18
2024,다라6247,to_in_001,18
2024,다라6248,to_in_001,28
2024,다라6249,to_in_001,5
2024,다라6250,to_in_001,8
2024,다라6256,to_in_001,0
2024,다라6262,to_in_001,13
2024,다라6263,to_in_001,5
2024,다라6264,to_in_001,8
2024,다라6265,to_in_001,73
2024,다라6266,to_in_001,48
2024,다라6267,to_in_001,28
2024,다라6268,to_in_001,243
2024,다라6269,to_in_001,38
2024,다라6271,to_in_001,18
2024,다라6272,to_in_001,8
2024,다라6273,to_in_001,43
2024,다라6274,to_in_001,28
2024,다라6275,to_in_001,5
2024,다라6276,to_in_001,13
2024,다라6277,to_in_001,0
2024,다라6278,to_in_001,5
2024,다라6279,to_in_001,5
2024,다라6280,to_in_001,5
2024,다라6281,to_in_001,48
2024,다라6282,to_in_001,5
2024,다라6283,to_in_001,5
2024,다라6284,to_in_001,33
2024,다라6285,to_in_001,18
2024,다라6286,to_in_001,68
2024,다라6287,to_in_001,83
2024,다라6288,to_in_001,8
2024,다라6289,to_in_001,28
2024,다라6291,to_in_001,43
2024,다라6292,to_in_001,8
2024,다라6296,to_in_001,73
2024,다라6297,to_in_001,33
2024,다라6298,to_in_001,18
2024,다라6299,to_in_001,23
2024,다라6305,to_in_001,33
2024,다라6306,to_in_001,98
2024,다라6307,to_in_001,83
2024,다라6308,to_in_001,43
2024,다라6322,to_in_001,8
2024,다라6323,to_in_001,28
2024,다라6330,to_in_001,8
2024,다라6331,to_in_001,58
2024,다라6332,to_in_001,73
2024,다라6333,to_in_001,8
2024,다라6334,to_in_001,43
2024,다라6335,to_in_001,5
2024,다라6337,to_in_001,43
2024,다라6338,to_in_001,23
2024,다라6339,to_in_001,68
2024,다라6340,to_in_001,53
2024,다라6341,to_in_001,98
2024,다라6342,to_in_001,83
2024,다라6343,to_in_001,133
2024,다라6344,to_in_001,13
2024,다라6345,to_in_001,88
2024,다라6346,to_in_001,13
2024,다라6347,to_in_001,63
2024,다라6348,to_in_001,18
2024,다라6349,to_in_001,38
2024,다라6350,to_in_001,60
2024,다라6351,to_in_001,8
2024,다라6352,to_in_001,8
2024,다라6355,to_in_001,5
2024,다라6356,to_in_001,23
2024,다라6357,to_in_001,48
2024,다라6365,to_in_001,48
2024,다라6366,to_in_001,28
2024,다라6367,to_in_001,188
2024,다라6368,to_in_001,68
2024,다라6369,to_in_001,33
2024,다라6370,to_in_001,23
2024,다라6371,to_in_001,5
2024,다라6381,to_in_001,13
2024,다라6382,to_in_001,73
2024,다라6383,to_in_001,5
2024,다라6384,to_in_001,5
2024,다라6386,to_in_001,38
2024,다라6387,to_in_001,8
2024,다라6388,to_in_001,78
2024,다라6389,to_in_001,13
2024,다라6390,to_in_001,5
2024,다라6391,to_in_001,0
2024,다라6392,to_in_001,0
2024,다라6393,to_in_001,18
2024,다라6394,to_in_001,28
2024,다라6395,to_in_001,5
2024,다라6396,to_in_001,48
2024,다라6397,to_in_001,5
2024,다라6398,to_in_001,13
2024,다라6399,to_in_001,33
2024,다라6402,to_in_001,13
2024,다라6405,to_in_001,13
2024,다라6406,to_in_001,118
2024,다라6407,to_in_001,88
2024,다라6408,to_in_001,188
2024,다라6409,to_in_001,8
2024,다라6410,to_in_001,28
2024,다라6412,to_in_001,8
2024,다라6413,to_in_001,112
2024,다라6416,to_in_001,53
2024,다라6417,to_in_001,43
2024,다라6418,to_in_001,23
2024,다라6431,to_in_001,28
2024,다라6432,to_in_001,98
2024,다라6433,to_in_001,63
2024,다라6434,to_in_001,43
2024,다라6435,to_in_001,58
2024,다라6436,to_in_001,38
2024,다라6437,to_in_001,0
2024,다라6439,to_in_001,5
2024,다라6441,to_in_001,23
2024,다라6442,to_in_001,83
2024,다라6443,to_in_001,38
2024,다라6444,to_in_001,43
2024,다라6445,to_in_001,43
2024,다라6446,to_in_001,83
2024,다라6448,to_in_001,48
2024,다라6450,to_in_001,8
2024,다라6451,to_in_001,68
2024,다라6453,to_in_001,73
2024,다라6455,to_in_001,18
2024,다라6456,to_in_001,96
2024,다라6457,to_in_001,0
2024,다라6460,to_in_001,13
2024,다라6464,to_in_001,13
2024,다라6465,to_in_001,13
2024,다라6467,to_in_001,5
2024,다라6468,to_in_001,78
2024,다라6469,to_in_001,118
2024,다라6470,to_in_001,18
2024,다라6471,to_in_001,0
2024,다라6472,to_in_001,23
2024,다라6473,to_in_001,28
2024,다라6474,to_in_001,18
2024,다라6475,to_in_001,13
2024,다라6481,to_in_001,5
2024,다라6482,to_in_001,8
2024,다라6483,to_in_001,8
2024,다라6484,to_in_001,0
2024,다라6488,to_in_001,8
2024,다라6491,to_in_001,5
2024,다라6492,to_in_001,48
2024,다라6494,to_in_001,68
2024,다라6495,to_in_001,188
2024,다라6496,to_in_001,73
2024,다라6497,to_in_001,48
2024,다라6498,to_in_001,5
2024,다라6499,to_in_001,58
2024,다라6504,to_in_001,98
2024,다라6505,to_in_001,18
2024,다라6506,to_in_001,193
2024,다라6507,to_in_001,419
2024,다라6508,to_in_001,13
2024,다라6509,to_in_001,108
2024,다라6510,to_in_001,158
2024,다라6512,to_in_001,23
2024,다라6513,to_in_001,178
2024,다라6515,to_in_001,78
2024,다라6516,to_in_001,18
2024,다라6517,to_in_001,5
2024,다라6518,to_in_001,58
2024,다라6519,to_in_001,13
2024,다라6534,to_in_001,43
2024,다라6535,to_in_001,90
2024,다라6536,to_in_001,23
2024,다라6537,to_in_001,28
2024,다라6538,to_in_001,33
2024,다라6539,to_in_001,8
2024,다라6541,to_in_001,23
2024,다라6542,to_in_001,28
2024,다라6545,to_in_001,8
2024,다라6546,to_in_001,68
2024,다라6547,to_in_001,48
2024,다라6548,to_in_001,5
2024,다라6550,to_in_001,18
2024,다라6551,to_in_001,38
2024,다라6553,to_in_001,38
2024,다라6554,to_in_001,33
2024,다라6555,to_in_001,63
2024,다라6556,to_in_001,83
2024,다라6558,to_in_001,5
2024,다라6559,to_in_001,18
2024,다라6560,to_in_001,5
2024,다라6562,to_in_001,5
2024,다라6564,to_in_001,5
2024,다라6567,to_in_001,23
2024,다라6568,to_in_001,78
2024,다라6569,to_in_001,43
2024,다라6570,to_in_001,18
2024,다라6571,to_in_001,48
2024,다라6572,to_in_001,63
2024,다라6574,to_in_001,5
2024,다라6575,to_in_001,265
2024,다라6576,to_in_001,5
2024,다라6582,to_in_001,8
2024,다라6583,to_in_001,0
2024,다라6584,to_in_001,68
2024,다라6585,to_in_001,68
2024,다라6586,to_in_001,8
2024,다라6587,to_in_001,8
2024,다라6588,to_in_001,68
2024,다라6590,to_in_001,63
2024,다라6591,to_in_001,28
2024,다라6592,to_in_001,13
2024,다라6593,to_in_001,168
2024,다라6594,to_in_001,68
2024,다라6595,to_in_001,59
2024,다라6596,to_in_001,88
2024,다라6597,to_in_001,73
2024,다라6598,to_in_001,8
2024,다라6599,to_in_001,8
2024,다라6603,to_in_001,8
2024,다라6604,to_in_001,0
2024,다라6606,to_in_001,8
2024,다라6607,to_in_001,118
2024,다라6608,to_in_001,63
2024,다라6613,to_in_001,48
2024,다라6614,to_in_001,1615
2024,다라6615,to_in_001,2713
2024,다라6616,to_in_001,153
2024,다라6617,to_in_001,38
2024,다라6619,to_in_001,98
2024,다라6620,to_in_001,73
2024,다라6633,to_in_001,18
2024,다라6634,to_in_001,183
2024,다라6635,to_in_001,48
2024,다라6636,to_in_001,43
2024,다라6638,to_in_001,8
2024,다라6639,to_in_001,53
2024,다라6640,to_in_001,43
2024,다라6642,to_in_001,28
2024,다라6643,to_in_001,58
2024,다라6644,to_in_001,8
2024,다라6645,to_in_001,43
2024,다라6646,to_in_001,8
2024,다라6648,to_in_001,48
2024,다라6650,to_in_001,43
2024,다라6651,to_in_001,8
2024,다라6652,to_in_001,13
2024,다라6653,to_in_001,23
2024,다라6654,to_in_001,83
2024,다라6655,to_in_001,163
2024,다라6656,to_in_001,108
2024,다라6658,to_in_001,33
2024,다라6659,to_in_001,5
2024,다라6660,to_in_001,8
2024,다라6662,to_in_001,23
2024,다라6664,to_in_001,13
2024,다라6665,to_in_001,0
2024,다라6666,to_in_001,18
2024,다라6667,to_in_001,23
2024,다라6668,to_in_001,8
2024,다라6669,to_in_001,28
2024,다라6670,to_in_001,13
2024,다라6671,to_in_001,58
2024,다라6672,to_in_001,53
2024,다라6673,to_in_001,158
2024,다라6674,to_in_001,100
2024,다라6675,to_in_001,163
2024,다라6676,to_in_001,33
2024,다라6677,to_in_001,78
2024,다라6678,to_in_001,18
2024,다라6681,to_in_001,43
2024,다라6683,to_in_001,5
2024,다라6685,to_in_001,63
2024,다라6686,to_in_001,48
2024,다라6687,to_in_001,8
2024,다라6688,to_in_001,123
2024,다라6689,to_in_001,53
2024,다라6690,to_in_001,58
2024,다라6691,to_in_001,103
2024,다라6692,to_in_001,8
2024,다라6693,to_in_001,18
2024,다라6694,to_in_001,13
2024,다라6695,to_in_001,13
2024,다라6696,to_in_001,18
2024,다라6697,to_in_001,1389
2024,다라6698,to_in_001,598
2024,다라6699,to_in_001,63
2024,다라6703,to_in_001,23
2024,다라6704,to_in_001,83
2024,다라6705,to_in_001,28
2024,다라6707,to_in_001,5
2024,다라6708,to_in_001,83
2024,다라6709,to_in_001,38
2024,다라6711,to_in_001,33
2024,다라6712,to_in_001,33
2024,다라6714,to_in_001,1749
2024,다라6715,to_in_001,1013
2024,다라6716,to_in_001,260
2024,다라6717,to_in_001,218
2024,다라6718,to_in_001,169
2024,다라6719,to_in_001,128
2024,다라6720,to_in_001,8
2024,다라6721,to_in_001,53
2024,다라6722,to_in_001,8
2024,다라6733,to_in_001,13
2024,다라6734,to_in_001,73
2024,다라6737,to_in_001,0
2024,다라6738,to_in_001,18
2024,다라6739,to_in_001,48
2024,다라6740,to_in_001,48
2024,다라6741,to_in_001,5
2024,다라6742,to_in_001,38
2024,다라6744,to_in_001,8
2024,다라6745,to_in_001,68
2024,다라6746,to_in_001,18
2024,다라6747,to_in_001,58
2024,다라6748,to_in_001,28
2024,다라6749,to_in_001,58
2024,다라6750,to_in_001,5
2024,다라6751,to_in_001,33
2024,다라6752,to_in_001,38
2024,다라6753,to_in_001,5
2024,다라6754,to_in_001,33
2024,다라6755,to_in_001,23
2024,다라6756,to_in_001,113
2024,다라6757,to_in_001,5
2024,다라6758,to_in_001,18
2024,다라6761,to_in_001,5
2024,다라6762,to_in_001,5
2024,다라6764,to_in_001,8
2024,다라6765,to_in_001,28
2024,다라6766,to_in_001,23
2024,다라6770,to_in_001,13
2024,다라6771,to_in_001,18
2024,다라6773,to_in_001,23
2024,다라6774,to_in_001,5
2024,다라6775,to_in_001,33
2024,다라6776,to_in_001,5
2024,다라6777,to_in_001,23
2024,다라6778,to_in_001,38
2024,다라6779,to_in_001,18
2024,다라6780,to_in_001,5
2024,다라6781,to_in_001,13
2024,다라6782,to_in_001,5
2024,다라6783,to_in_001,8
2024,다라6784,to_in_001,18
2024,다라6785,to_in_001,53
2024,다라6786,to_in_001,0
2024,다라6788,to_in_001,8
2024,다라6789,to_in_001,5
2024,다라6791,to_in_001,8
2024,다라6792,to_in_001,18
2024,다라6793,to_in_001,8
2024,다라6794,to_in_001,123
2024,다라6795,to_in_001,5
2024,다라6796,to_in_001,138
2024,다라6797,to_in_001,699
2024,다라6798,to_in_001,266
2024,다라6799,to_in_001,214
2024,다라6804,to_in_001,8
2024,다라6805,to_in_001,18
2024,다라6806,to_in_001,13
2024,다라6808,to_in_001,98
2024,다라6809,to_in_001,38
2024,다라6814,to_in_001,8
2024,다라6815,to_in_001,218
2024,다라6817,to_in_001,43
2024,다라6818,to_in_001,68
2024,다라6819,to_in_001,23
2024,다라6820,to_in_001,13
2024,다라6821,to_in_001,0
2024,다라6822,to_in_001,8
2024,다라6833,to_in_001,5
2024,다라6834,to_in_001,5
2024,다라6836,to_in_001,0
2024,다라6837,to_in_001,5
2024,다라6838,to_in_001,63
2024,다라6839,to_in_001,38
2024,다라6840,to_in_001,83
2024,다라6841,to_in_001,8
2024,다라6842,to_in_001,108
2024,다라6843,to_in_001,28
2024,다라6844,to_in_001,5
2024,다라6845,to_in_001,38
2024,다라6846,to_in_001,83
2024,다라6847,to_in_001,5
2024,다라6848,to_in_001,88
2024,다라6849,to_in_001,18
2024,다라6850,to_in_001,28
2024,다라6851,to_in_001,38
2024,다라6852,to_in_001,18
2024,다라6853,to_in_001,23
2024,다라6854,to_in_001,5
2024,다라6855,to_in_001,68
2024,다라6856,to_in_001,8
2024,다라6857,to_in_001,13
2024,다라6858,to_in_001,18
2024,다라6859,to_in_001,5
2024,다라6860,to_in_001,8
2024,다라6861,to_in_001,13
2024,다라6862,to_in_001,8
2024,다라6863,to_in_001,8
2024,다라6864,to_in_001,5
2024,다라6866,to_in_001,43
2024,다라6872,to_in_001,8
2024,다라6873,to_in_001,0
2024,다라6875,to_in_001,0
2024,다라6877,to_in_001,8
2024,다라6878,to_in_001,43
2024,다라6879,to_in_001,13
2024,다라6880,to_in_001,13
2024,다라6881,to_in_001,18
2024,다라6882,to_in_001,103
2024,다라6883,to_in_001,8
2024,다라6885,to_in_001,5
2024,다라6888,to_in_001,38
2024,다라6890,to_in_001,18
2024,다라6892,to_in_001,0
2024,다라6895,to_in_001,23
2024,다라6896,to_in_001,133
2024,다라6897,to_in_001,8
2024,다라6898,to_in_001,328
2024,다라6899,to_in_001,53
2024,다라6904,to_in_001,33
2024,다라6905,to_in_001,13
2024,다라6908,to_in_001,8
2024,다라6909,to_in_001,53
2024,다라6910,to_in_001,5
2024,다라6914,to_in_001,128
2024,다라6915,to_in_001,233
2024,다라6917,to_in_001,13
2024,다라6918,to_in_001,173
2024,다라6919,to_in_001,73
2024,다라6920,to_in_001,48
2024,다라6921,to_in_001,173
2024,다라6922,to_in_001,8
2024,다라6923,to_in_001,8
2024,다라6933,to_in_001,63
2024,다라6938,to_in_001,23
2024,다라6940,to_in_001,138
2024,다라6941,to_in_001,68
2024,다라6942,to_in_001,163
2024,다라6943,to_in_001,18
2024,다라6944,to_in_001,8
2024,다라6945,to_in_001,33
2024,다라6946,to_in_001,48
2024,다라6947,to_in_001,13
2024,다라6948,to_in_001,5
2024,다라6949,to_in_001,0
2024,다라6950,to_in_001,33
2024,다라6951,to_in_001,38
2024,다라6952,to_in_001,53
2024,다라6953,to_in_001,5
2024,다라6954,to_in_001,18
2024,다라6955,to_in_001,43
2024,다라6956,to_in_001,13
2024,다라6957,to_in_001,8
2024,다라6958,to_in_001,8
2024,다라6959,to_in_001,23
2024,다라6963,to_in_001,18
2024,다라6964,to_in_001,8
2024,다라6966,to_in_001,8
2024,다라6967,to_in_001,18
2024,다라6968,to_in_001,8
2024,다라6969,to_in_001,5
2024,다라6973,to_in_001,8
2024,다라6974,to_in_001,8
2024,다라6976,to_in_001,8
2024,다라6978,to_in_001,5
2024,다라6983,to_in_001,8
2024,다라6987,to_in_001,13
2024,다라6988,to_in_001,18
2024,다라6990,to_in_001,5
2024,다라6991,to_in_001,8
2024,다라6993,to_in_001,5
2024,다라6994,to_in_001,5
2024,다라6995,to_in_001,128
2024,다라6996,to_in_001,48
2024,다라6997,to_in_001,18
2024,다라6998,to_in_001,18
2024,다라6999,to_in_001,53
2024,다라7009,to_in_001,103
2024,다라7010,to_in_001,93
2024,다라7015,to_in_001,5
2024,다라7017,to_in_001,98
2024,다라7018,to_in_001,118
2024,다라7019,to_in_001,358
2024,다라7020,to_in_001,8
2024,다라7021,to_in_001,23
2024,다라7022,to_in_001,88
2024,다라7023,to_in_001,178
2024,다라7024,to_in_001,63
2024,다라7025,to_in_001,8
2024,다라7026,to_in_001,28
2024,다라7033,to_in_001,28
2024,다라7035,to_in_001,0
2024,다라7039,to_in_001,13
2024,다라7040,to_in_001,118
2024,다라7041,to_in_001,23
2024,다라7042,to_in_001,58
2024,다라7043,to_in_001,18
2024,다라7044,to_in_001,5
2024,다라7045,to_in_001,5
2024,다라7046,to_in_001,43
2024,다라7050,to_in_001,58
2024,다라7051,to_in_001,0
2024,다라7052,to_in_001,58
2024,다라7054,to_in_001,0
2024,다라7055,to_in_001,8
2024,다라7056,to_in_001,8
2024,다라7057,to_in_001,8
2024,다라7058,to_in_001,8
2024,다라7059,to_in_001,143
2024,다라7060,to_in_001,5
2024,다라7061,to_in_001,8
2024,다라7063,to_in_001,0
2024,다라7064,to_in_001,13
2024,다라7065,to_in_001,8
2024,다라7067,to_in_001,0
2024,다라7068,to_in_001,23
2024,다라7069,to_in_001,8
2024,다라7072,to_in_001,5
2024,다라7073,to_in_001,13
2024,다라7074,to_in_001,68
2024,다라7075,to_in_001,5
2024,다라7076,to_in_001,23
2024,다라7079,to_in_001,28
2024,다라7080,to_in_001,8
2024,다라7081,to_in_001,0
2024,다라7083,to_in_001,33
2024,다라7086,to_in_001,0
2024,다라7087,to_in_001,18
2024,다라7088,to_in_001,23
2024,다라7089,to_in_001,18
2024,다라7090,to_in_001,8
2024,다라7092,to_in_001,28
2024,다라7093,to_in_001,143
2024,다라7094,to_in_001,98
2024,다라7095,to_in_001,88
2024,다라7096,to_in_001,5
2024,다라7097,to_in_001,8
2024,다라7098,to_in_001,103
2024,다라7099,to_in_001,128
2024,다라7104,to_in_001,5
2024,다라7107,to_in_001,8
2024,다라7110,to_in_001,13
2024,다라7116,to_in_001,33
2024,다라7117,to_in_001,168
2024,다라7118,to_in_001,8
2024,다라7119,to_in_001,53
2024,다라7120,to_in_001,108
2024,다라7122,to_in_001,51
2024,다라7123,to_in_001,93
2024,다라7124,to_in_001,5
2024,다라7125,to_in_001,63
2024,다라7126,to_in_001,168
2024,다라7127,to_in_001,8
2024,다라7133,to_in_001,113
2024,다라7134,to_in_001,8
2024,다라7135,to_in_001,18
2024,다라7138,to_in_001,28
2024,다라7139,to_in_001,123
2024,다라7140,to_in_001,68
2024,다라7141,to_in_001,98
2024,다라7142,to_in_001,208
2024,다라7143,to_in_001,38
2024,다라7146,to_in_001,18
2024,다라7150,to_in_001,23
2024,다라7152,to_in_001,83
2024,다라7153,to_in_001,28
2024,다라7154,to_in_001,23
2024,다라7156,to_in_001,73
2024,다라7157,to_in_001,128
2024,다라7158,to_in_001,13
2024,다라7160,to_in_001,13
2024,다라7161,to_in_001,8
2024,다라7162,to_in_001,5
2024,다라7163,to_in_001,5
2024,다라7166,to_in_001,5
2024,다라7167,to_in_001,5
2024,다라7180,to_in_001,5
2024,다라7181,to_in_001,18
2024,다라7182,to_in_001,8
2024,다라7183,to_in_001,5
2024,다라7186,to_in_001,5
2024,다라7187,to_in_001,5
2024,다라7193,to_in_001,48
2024,다라7194,to_in_001,28
2024,다라7195,to_in_001,105
2024,다라7196,to_in_001,28
2024,다라7197,to_in_001,23
2024,다라7198,to_in_001,48
2024,다라7199,to_in_001,18
2024,다라7204,to_in_001,83
2024,다라7207,to_in_001,43
2024,다라7208,to_in_001,13
2024,다라7209,to_in_001,13
2024,다라7210,to_in_001,99
2024,다라7214,to_in_001,53
2024,다라7215,to_in_001,128
2024,다라7216,to_in_001,43
2024,다라7217,to_in_001,5
2024,다라7218,to_in_001,5
2024,다라7219,to_in_001,23
2024,다라7220,to_in_001,33
2024,다라7225,to_in_001,5
2024,다라7226,to_in_001,63
2024,다라7227,to_in_001,18
2024,다라7234,to_in_001,5
2024,다라7235,to_in_001,68
2024,다라7236,to_in_001,131
2024,다라7237,to_in_001,8
2024,다라7238,to_in_001,23
2024,다라7239,to_in_001,113
2024,다라7241,to_in_001,188
2024,다라7242,to_in_001,604
2024,다라7243,to_in_001,263
2024,다라7244,to_in_001,5
2024,다라7247,to_in_001,5
2024,다라7250,to_in_001,23
2024,다라7252,to_in_001,48
2024,다라7253,to_in_001,48
2024,다라7254,to_in_001,53
2024,다라7255,to_in_001,5
2024,다라7257,to_in_001,38
2024,다라7258,to_in_001,5
2024,다라7260,to_in_001,13
2024,다라7261,to_in_001,28
2024,다라7262,to_in_001,43
2024,다라7263,to_in_001,23
2024,다라7264,to_in_001,13
2024,다라7265,to_in_001,0
2024,다라7268,to_in_001,8
2024,다라7269,to_in_001,5
2024,다라7273,to_in_001,5
2024,다라7275,to_in_001,5
2024,다라7276,to_in_001,13
2024,다라7277,to_in_001,93
2024,다라7279,to_in_001,5
2024,다라7280,to_in_001,5
2024,다라7291,to_in_001,5
2024,다라7292,to_in_001,33
2024,다라7293,to_in_001,132
2024,다라7294,to_in_001,68
2024,다라7295,to_in_001,88
2024,다라7296,to_in_001,18
2024,다라7297,to_in_001,18
2024,다라7298,to_in_001,8
2024,다라7299,to_in_001,33
2024,다라7304,to_in_001,430
2024,다라7305,to_in_001,8
2024,다라7307,to_in_001,5
2024,다라7308,to_in_001,23
2024,다라7309,to_in_001,8
2024,다라7314,to_in_001,23
2024,다라7315,to_in_001,5
2024,다라7316,to_in_001,23
2024,다라7318,to_in_001,8
2024,다라7319,to_in_001,268
2024,다라7320,to_in_001,143
2024,다라7321,to_in_001,33
2024,다라7323,to_in_001,5
2024,다라7336,to_in_001,13
2024,다라7337,to_in_001,68
2024,다라7338,to_in_001,133
2024,다라7339,to_in_001,5
2024,다라7340,to_in_001,78
2024,다라7342,to_in_001,163
2024,다라7343,to_in_001,149
2024,다라7344,to_in_001,153
2024,다라7347,to_in_001,5
2024,다라7350,to_in_001,33
2024,다라7352,to_in_001,33
2024,다라7353,to_in_001,53
2024,다라7354,to_in_001,18
2024,다라7355,to_in_001,23
2024,다라7356,to_in_001,5
2024,다라7357,to_in_001,53
2024,다라7359,to_in_001,5
2024,다라7360,to_in_001,8
2024,다라7361,to_in_001,18
2024,다라7362,to_in_001,5
2024,다라7363,to_in_001,0
2024,다라7368,to_in_001,73
2024,다라7369,to_in_001,8
2024,다라7370,to_in_001,8
2024,다라7371,to_in_001,18
2024,다라7373,to_in_001,5
2024,다라7375,to_in_001,28
2024,다라7376,to_in_001,43
2024,다라7380,to_in_001,38
2024,다라7383,to_in_001,23
2024,다라7384,to_in_001,8
2024,다라7385,to_in_001,5
2024,다라7386,to_in_001,5
2024,다라7387,to_in_001,8
2024,다라7388,to_in_001,5
2024,다라7389,to_in_001,18
2024,다라7391,to_in_001,0
2024,다라7392,to_in_001,48
2024,다라7393,to_in_001,279
2024,다라7394,to_in_001,8
2024,다라7396,to_in_001,28
2024,다라7398,to_in_001,18
2024,다라7399,to_in_001,108
2024,다라7405,to_in_001,5
2024,다라7406,to_in_001,73
2024,다라7407,to_in_001,23
2024,다라7408,to_in_001,123
2024,다라7415,to_in_001,13
2024,다라7416,to_in_001,43
2024,다라7417,to_in_001,18
2024,다라7418,to_in_001,48
2024,다라7419,to_in_001,103
2024,다라7420,to_in_001,83
2024,다라7421,to_in_001,38
2024,다라7429,to_in_001,5
2024,다라7440,to_in_001,5
2024,다라7441,to_in_001,8
2024,다라7443,to_in_001,199
2024,다라7444,to_in_001,173
2024,다라7445,to_in_001,5
2024,다라7446,to_in_001,5
2024,다라7447,to_in_001,8
2024,다라7448,to_in_001,0
2024,다라7449,to_in_001,0
2024,다라7453,to_in_001,78
2024,다라7454,to_in_001,98
2024,다라7456,to_in_001,18
2024,다라7457,to_in_001,8
2024,다라7458,to_in_001,8
2024,다라7459,to_in_001,5
2024,다라7463,to_in_001,13
2024,다라7464,to_in_001,8
2024,다라7469,to_in_001,38
2024,다라7470,to_in_001,0
2024,다라7473,to_in_001,5
2024,다라7476,to_in_001,8
2024,다라7477,to_in_001,38
2024,다라7478,to_in_001,63
2024,다라7479,to_in_001,8
2024,다라7483,to_in_001,63
2024,다라7484,to_in_001,33
2024,다라7486,to_in_001,8
2024,다라7487,to_in_001,8
2024,다라7488,to_in_001,8
2024,다라7489,to_in_001,68
2024,다라7491,to_in_001,33
2024,다라7492,to_in_001,128
2024,다라7493,to_in_001,23
2024,다라7494,to_in_001,5
2024,다라7496,to_in_001,5
2024,다라7497,to_in_001,33
2024,다라7498,to_in_001,103
2024,다라7499,to_in_001,48
2024,다라7508,to_in_001,83
2024,다라7513,to_in_001,5
2024,다라7514,to_in_001,5
2024,다라7515,to_in_001,63
2024,다라7516,to_in_001,8
2024,다라7517,to_in_001,28
2024,다라7518,to_in_001,33
2024,다라7519,to_in_001,38
2024,다라7520,to_in_001,139
2024,다라7521,to_in_001,88
2024,다라7522,to_in_001,18
2024,다라7523,to_in_001,8
2024,다라7524,to_in_001,5
2024,다라7528,to_in_001,0
2024,다라7529,to_in_001,88
2024,다라7530,to_in_001,68
2024,다라7531,to_in_001,18
2024,다라7543,to_in_001,158
2024,다라7544,to_in_001,114
2024,다라7545,to_in_001,128
2024,다라7546,to_in_001,83
2024,다라7547,to_in_001,83
2024,다라7549,to_in_001,0
2024,다라7552,to_in_001,5
2024,다라7553,to_in_001,38
2024,다라7554,to_in_001,18
2024,다라7556,to_in_001,8
2024,다라7562,to_in_001,5
2024,다라7563,to_in_001,8
2024,다라7564,to_in_001,5
2024,다라7565,to_in_001,8
2024,다라7566,to_in_001,5
2024,다라7574,to_in_001,5
2024,다라7575,to_in_001,298
2024,다라7576,to_in_001,103
2024,다라7577,to_in_001,68
2024,다라7578,to_in_001,43
2024,다라7579,to_in_001,28
2024,다라7580,to_in_001,53
2024,다라7581,to_in_001,23
2024,다라7583,to_in_001,32
2024,다라7584,to_in_001,13
2024,다라7586,to_in_001,5
2024,다라7587,to_in_001,18
2024,다라7588,to_in_001,123
2024,다라7589,to_in_001,8
2024,다라7590,to_in_001,28
2024,다라7591,to_in_001,33
2024,다라7592,to_in_001,158
2024,다라7593,to_in_001,58
2024,다라7597,to_in_001,0
2024,다라7598,to_in_001,5
2024,다라7613,to_in_001,143
2024,다라7614,to_in_001,288
2024,다라7615,to_in_001,8
2024,다라7616,to_in_001,5
2024,다라7618,to_in_001,5
2024,다라7619,to_in_001,83
2024,다라7620,to_in_001,218
2024,다라7621,to_in_001,53
2024,다라7622,to_in_001,123
2024,다라7623,to_in_001,58
2024,다라7624,to_in_001,63
2024,다라7626,to_in_001,0
2024,다라7627,to_in_001,0
2024,다라7628,to_in_001,23
2024,다라7629,to_in_001,38
2024,다라7630,to_in_001,8
2024,다라7631,to_in_001,53
2024,다라7632,to_in_001,58
2024,다라7633,to_in_001,18
2024,다라7634,to_in_001,13
2024,다라7640,to_in_001,129
2024,다라7643,to_in_001,58
2024,다라7644,to_in_001,123
2024,다라7645,to_in_001,440
2024,다라7646,to_in_001,163
2024,다라7647,to_in_001,103
2024,다라7648,to_in_001,5
2024,다라7649,to_in_001,13
2024,다라7653,to_in_001,8
2024,다라7654,to_in_001,18
2024,다라7655,to_in_001,38
2024,다라7656,to_in_001,5
2024,다라7657,to_in_001,8
2024,다라7664,to_in_001,28
2024,다라7665,to_in_001,33
2024,다라7667,to_in_001,73
2024,다라7674,to_in_001,0
2024,다라7675,to_in_001,173
2024,다라7676,to_in_001,88
2024,다라7677,to_in_001,18
2024,다라7678,to_in_001,23
2024,다라7679,to_in_001,93
2024,다라7680,to_in_001,5
2024,다라7681,to_in_001,63
2024,다라7682,to_in_001,158
2024,다라7683,to_in_001,23
2024,다라7684,to_in_001,8
2024,다라7685,to_in_001,63
2024,다라7686,to_in_001,5
2024,다라7687,to_in_001,5
2024,다라7688,to_in_001,84
2024,다라7689,to_in_001,18
2024,다라7690,to_in_001,98
2024,다라7691,to_in_001,123
2024,다라7692,to_in_001,13
2024,다라7700,to_in_001,227
2024,다라7714,to_in_001,98
2024,다라7715,to_in_001,188
2024,다라7716,to_in_001,13
2024,다라7718,to_in_001,58
2024,다라7719,to_in_001,194
2024,다라7720,to_in_001,18
2024,다라7721,to_in_001,83
2024,다라7722,to_in_001,13
2024,다라7723,to_in_001,5
2024,다라7724,to_in_001,159
2024,다라7725,to_in_001,88
2024,다라7726,to_in_001,13
2024,다라7727,to_in_001,58
2024,다라7728,to_in_001,33
2024,다라7729,to_in_001,43
2024,다라7730,to_in_001,38
2024,다라7731,to_in_001,98
2024,다라7732,to_in_001,33
2024,다라7733,to_in_001,28
2024,다라7734,to_in_001,38
2024,다라7735,to_in_001,8
2024,다라7738,to_in_001,5
2024,다라7739,to_in_001,18
2024,다라7740,to_in_001,33
2024,다라7741,to_in_001,48
2024,다라7742,to_in_001,83
2024,다라7743,to_in_001,38
2024,다라7744,to_in_001,38
2024,다라7745,to_in_001,118
2024,다라7746,to_in_001,88
2024,다라7747,to_in_001,103
2024,다라7749,to_in_001,13
2024,다라7753,to_in_001,23
2024,다라7754,to_in_001,0
2024,다라7755,to_in_001,8
2024,다라7756,to_in_001,5
2024,다라7757,to_in_001,58
2024,다라7758,to_in_001,23
2024,다라7759,to_in_001,0
2024,다라7760,to_in_001,23
2024,다라7761,to_in_001,43
2024,다라7762,to_in_001,5
2024,다라7763,to_in_001,8
2024,다라7764,to_in_001,28
2024,다라7765,to_in_001,8
2024,다라7767,to_in_001,0
2024,다라7768,to_in_001,0
2024,다라7773,to_in_001,5
2024,다라7774,to_in_001,78
2024,다라7775,to_in_001,33
2024,다라7776,to_in_001,144
2024,다라7777,to_in_001,48
2024,다라7778,to_in_001,58
2024,다라7779,to_in_001,33
2024,다라7780,to_in_001,13
2024,다라7781,to_in_001,591
2024,다라7782,to_in_001,315
2024,다라7784,to_in_001,55
2024,다라7785,to_in_001,68
2024,다라7786,to_in_001,58
2024,다라7787,to_in_001,8
2024,다라7788,to_in_001,23
2024,다라7789,to_in_001,18
2024,다라7790,to_in_001,23
2024,다라7791,to_in_001,33
2024,다라7793,to_in_001,8
2024,다라7794,to_in_001,83
2024,다라7796,to_in_001,5
2024,다라7800,to_in_001,8
2024,다라7809,to_in_001,5
2024,다라7810,to_in_001,38
2024,다라7813,to_in_001,103
2024,다라7814,to_in_001,0
2024,다라7816,to_in_001,5
2024,다라7818,to_in_001,0
2024,다라7819,to_in_001,8
2024,다라7820,to_in_001,18
2024,다라7821,to_in_001,38
2024,다라7822,to_in_001,23
2024,다라7823,to_in_001,118
2024,다라7824,to_in_001,8
2024,다라7825,to_in_001,89
2024,다라7826,to_in_001,5
2024,다라7827,to_in_001,48
2024,다라7828,to_in_001,33
2024,다라7829,to_in_001,0
2024,다라7830,to_in_001,93
2024,다라7831,to_in_001,193
2024,다라7832,to_in_001,58
2024,다라7833,to_in_001,43
2024,다라7834,to_in_001,78
2024,다라7835,to_in_001,68
2024,다라7837,to_in_001,13
2024,다라7838,to_in_001,103
2024,다라7839,to_in_001,63
2024,다라7840,to_in_001,0
2024,다라7841,to_in_001,38
2024,다라7842,to_in_001,103
2024,다라7843,to_in_001,38
2024,다라7844,to_in_001,28
2024,다라7845,to_in_001,123
2024,다라7846,to_in_001,68
2024,다라7847,to_in_001,78
2024,다라7848,to_in_001,48
2024,다라7849,to_in_001,63
2024,다라7852,to_in_001,0
2024,다라7854,to_in_001,8
2024,다라7855,to_in_001,13
2024,다라7857,to_in_001,18
2024,다라7858,to_in_001,28
2024,다라7860,to_in_001,33
2024,다라7861,to_in_001,43
2024,다라7862,to_in_001,5
2024,다라7863,to_in_001,53
2024,다라7864,to_in_001,208
2024,다라7865,to_in_001,63
2024,다라7867,to_in_001,38
2024,다라7868,to_in_001,5
2024,다라7869,to_in_001,33
2024,다라7871,to_in_001,28
2024,다라7872,to_in_001,23
2024,다라7873,to_in_001,68
2024,다라7874,to_in_001,43
2024,다라7875,to_in_001,28
2024,다라7876,to_in_001,88
2024,다라7877,to_in_001,5
2024,다라7878,to_in_001,13
2024,다라7879,to_in_001,103
2024,다라7880,to_in_001,13
2024,다라7881,to_in_001,78
2024,다라7882,to_in_001,83
2024,다라7883,to_in_001,92
2024,다라7884,to_in_001,18
2024,다라7885,to_in_001,83
2024,다라7886,to_in_001,88
2024,다라7887,to_in_001,5
2024,다라7888,to_in_001,5
2024,다라7892,to_in_001,8
2024,다라7894,to_in_001,8
2024,다라7895,to_in_001,158
2024,다라7896,to_in_001,43
2024,다라7909,to_in_001,28
2024,다라7910,to_in_001,18
2024,다라7911,to_in_001,5
2024,다라7912,to_in_001,228
2024,다라7913,to_in_001,0
2024,다라7918,to_in_001,0
2024,다라7920,to_in_001,43
2024,다라7921,to_in_001,103
2024,다라7922,to_in_001,571
2024,다라7923,to_in_001,2999
2024,다라7924,to_in_001,918
2024,다라7925,to_in_001,28
2024,다라7926,to_in_001,18
2024,다라7927,to_in_001,43
2024,다라7928,to_in_001,88
2024,다라7929,to_in_001,58
2024,다라7930,to_in_001,33
2024,다라7931,to_in_001,13
2024,다라7932,to_in_001,8
2024,다라7933,to_in_001,43
2024,다라7934,to_in_001,53
2024,다라7935,to_in_001,43
2024,다라7937,to_in_001,5
2024,다라7938,to_in_001,68
2024,다라7939,to_in_001,88
2024,다라7940,to_in_001,33
2024,다라7941,to_in_001,88
2024,다라7942,to_in_001,73
2024,다라7943,to_in_001,0
2024,다라7945,to_in_001,38
2024,다라7946,to_in_001,18
2024,다라7947,to_in_001,23
2024,다라7948,to_in_001,83
2024,다라7949,to_in_001,78
2024,다라7950,to_in_001,23
2024,다라7951,to_in_001,23
2024,다라7952,to_in_001,5
2024,다라7954,to_in_001,13
2024,다라7955,to_in_001,13
2024,다라7957,to_in_001,103
2024,다라7958,to_in_001,43
2024,다라7960,to_in_001,73
2024,다라7962,to_in_001,78
2024,다라7963,to_in_001,5
2024,다라7964,to_in_001,43
2024,다라7965,to_in_001,0
2024,다라7967,to_in_001,102
2024,다라7968,to_in_001,5
2024,다라7969,to_in_001,8
2024,다라7972,to_in_001,88
2024,다라7973,to_in_001,213
2024,다라7974,to_in_001,88
2024,다라7975,to_in_001,0
2024,다라7976,to_in_001,13
2024,다라7977,to_in_001,5
2024,다라7979,to_in_001,0
2024,다라7980,to_in_001,38
2024,다라7981,to_in_001,78
2024,다라7982,to_in_001,28
2024,다라7987,to_in_001,5
2024,다라7992,to_in_001,23
2024,다라7993,to_in_001,48
2024,다라7994,to_in_001,13
2024,다라7995,to_in_001,28
2024,다라7996,to_in_001,173
2024,다라7997,to_in_001,5
2024,다라7998,to_in_001,5
2024,다라8008,to_in_001,18
2024,다라8009,to_in_001,18
2024,다라8010,to_in_001,28
2024,다라8011,to_in_001,28
2024,다라8012,to_in_001,128
2024,다라8014,to_in_001,5
2024,다라8016,to_in_001,8
2024,다라8018,to_in_001,5
2024,다라8021,to_in_001,5
2024,다라8022,to_in_001,18
2024,다라8023,to_in_001,3340
2024,다라8024,to_in_001,2353
2024,다라8025,to_in_001,5
2024,다라8026,to_in_001,8
2024,다라8027,to_in_001,88
2024,다라8028,to_in_001,63
2024,다라8029,to_in_001,38
2024,다라8030,to_in_001,8
2024,다라8033,to_in_001,68
2024,다라8037,to_in_001,33
2024,다라8038,to_in_001,123
2024,다라8039,to_in_001,13
2024,다라8040,to_in_001,8
2024,다라8041,to_in_001,183
2024,다라8042,to_in_001,115
2024,다라8043,to_in_001,38
2024,다라8044,to_in_001,13
2024,다라8045,to_in_001,28
2024,다라8046,to_in_001,13
2024,다라8048,to_in_001,5
2024,다라8049,to_in_001,98
2024,다라8051,to_in_001,38
2024,다라8052,to_in_001,48
2024,다라8053,to_in_001,58
2024,다라8054,to_in_001,8
2024,다라8055,to_in_001,5
2024,다라8056,to_in_001,38
2024,다라8057,to_in_001,13
2024,다라8058,to_in_001,8
2024,다라8059,to_in_001,48
2024,다라8060,to_in_001,23
2024,다라8061,to_in_001,5
2024,다라8062,to_in_001,8
2024,다라8063,to_in_001,108
2024,다라8072,to_in_001,53
2024,다라8073,to_in_001,118
2024,다라8074,to_in_001,58
2024,다라8075,to_in_001,88
2024,다라8076,to_in_001,5
2024,다라8077,to_in_001,48
2024,다라8078,to_in_001,5
2024,다라8080,to_in_001,48
2024,다라8081,to_in_001,28
2024,다라8082,to_in_001,93
2024,다라8083,to_in_001,18
2024,다라8087,to_in_001,5
2024,다라8088,to_in_001,48
2024,다라8089,to_in_001,5
2024,다라8092,to_in_001,13
2024,다라8093,to_in_001,53
2024,다라8094,to_in_001,23
2024,다라8095,to_in_001,8
2024,다라8096,to_in_001,139
2024,다라8097,to_in_001,123
2024,다라8098,to_in_001,2335
2024,다라8099,to_in_001,460
2024,다라8105,to_in_001,69
2024,다라8106,to_in_001,8
2024,다라8107,to_in_001,5
2024,다라8108,to_in_001,53
2024,다라8109,to_in_001,98
2024,다라8110,to_in_001,0
2024,다라8111,to_in_001,8
2024,다라8112,to_in_001,78
2024,다라8116,to_in_001,8
2024,다라8117,to_in_001,13
2024,다라8118,to_in_001,5
2024,다라8119,to_in_001,23
2024,다라8122,to_in_001,43
2024,다라8123,to_in_001,239
2024,다라8124,to_in_001,73
2024,다라8125,to_in_001,431
2024,다라8126,to_in_001,38
2024,다라8127,to_in_001,13
2024,다라8128,to_in_001,38
2024,다라8129,to_in_001,8
2024,다라8130,to_in_001,8
2024,다라8137,to_in_001,5
2024,다라8138,to_in_001,13
2024,다라8139,to_in_001,48
2024,다라8140,to_in_001,83
2024,다라8141,to_in_001,103
2024,다라8142,to_in_001,13
2024,다라8143,to_in_001,133
2024,다라8145,to_in_001,8
2024,다라8146,to_in_001,5
2024,다라8147,to_in_001,88
2024,다라8148,to_in_001,5
2024,다라8149,to_in_001,123
2024,다라8152,to_in_001,5
2024,다라8153,to_in_001,133
2024,다라8154,to_in_001,5
2024,다라8157,to_in_001,38
2024,다라8158,to_in_001,43
2024,다라8160,to_in_001,5
2024,다라8162,to_in_001,5
2024,다라8163,to_in_001,8
2024,다라8164,to_in_001,18
2024,다라8171,to_in_001,5
2024,다라8172,to_in_001,58
2024,다라8173,to_in_001,33
2024,다라8174,to_in_001,43
2024,다라8175,to_in_001,5
2024,다라8176,to_in_001,13
2024,다라8177,to_in_001,28
2024,다라8178,to_in_001,83
2024,다라8179,to_in_001,78
2024,다라8180,to_in_001,148
2024,다라8181,to_in_001,98
2024,다라8182,to_in_001,8
2024,다라8185,to_in_001,5
2024,다라8186,to_in_001,8
2024,다라8187,to_in_001,13
2024,다라8188,to_in_001,38
2024,다라8195,to_in_001,18
2024,다라8196,to_in_001,38
2024,다라8197,to_in_001,188
2024,다라8198,to_in_001,2463
2024,다라8199,to_in_001,58
2024,다라8204,to_in_001,0
2024,다라8205,to_in_001,228
2024,다라8207,to_in_001,8
2024,다라8209,to_in_001,103
2024,다라8210,to_in_001,0
2024,다라8211,to_in_001,13
2024,다라8212,to_in_001,63
2024,다라8213,to_in_001,8
2024,다라8214,to_in_001,0
2024,다라8215,to_in_001,193
2024,다라8216,to_in_001,5
2024,다라8217,to_in_001,48
2024,다라8218,to_in_001,28
2024,다라8219,to_in_001,58
2024,다라8221,to_in_001,5
2024,다라8222,to_in_001,73
2024,다라8223,to_in_001,8
2024,다라8225,to_in_001,5
2024,다라8226,to_in_001,68
2024,다라8227,to_in_001,48
2024,다라8228,to_in_001,53
2024,다라8229,to_in_001,148
2024,다라8236,to_in_001,58
2024,다라8239,to_in_001,5
2024,다라8240,to_in_001,68
2024,다라8241,to_in_001,88
2024,다라8242,to_in_001,48
2024,다라8243,to_in_001,73
2024,다라8244,to_in_001,5
2024,다라8247,to_in_001,68
2024,다라8248,to_in_001,18
2024,다라8249,to_in_001,118
2024,다라8250,to_in_001,5
2024,다라8251,to_in_001,28
2024,다라8252,to_in_001,93
2024,다라8253,to_in_001,218
2024,다라8254,to_in_001,68
2024,다라8257,to_in_001,8
2024,다라8260,to_in_001,5
2024,다라8265,to_in_001,5
2024,다라8269,to_in_001,5
2024,다라8270,to_in_001,38
2024,다라8272,to_in_001,48
2024,다라8276,to_in_001,5
2024,다라8277,to_in_001,23
2024,다라8278,to_in_001,113
2024,다라8279,to_in_001,13
2024,다라8280,to_in_001,0
2024,다라8281,to_in_001,43
2024,다라8282,to_in_001,18
2024,다라8283,to_in_001,48
2024,다라8285,to_in_001,58
2024,다라8286,to_in_001,18
2024,다라8287,to_in_001,168
2024,다라8288,to_in_001,0
2024,다라8292,to_in_001,0
2024,다라8293,to_in_001,33
2024,다라8294,to_in_001,63
2024,다라8295,to_in_001,8
2024,다라8296,to_in_001,73
2024,다라8297,to_in_001,163
2024,다라8298,to_in_001,48
2024,다라8299,to_in_001,88
2024,다라8305,to_in_001,58
2024,다라8306,to_in_001,5
2024,다라8308,to_in_001,8
2024,다라8309,to_in_001,5
2024,다라8310,to_in_001,58
2024,다라8311,to_in_001,53
2024,다라8312,to_in_001,452
2024,다라8313,to_in_001,205
2024,다라8314,to_in_001,118
2024,다라8315,to_in_001,88
2024,다라8316,to_in_001,43
2024,다라8317,to_in_001,5
2024,다라8318,to_in_001,23
2024,다라8319,to_in_001,98
2024,다라8320,to_in_001,13
2024,다라8321,to_in_001,23
2024,다라8323,to_in_001,28
2024,다라8324,to_in_001,0
2024,다라8325,to_in_001,8
2024,다라8326,to_in_001,13
2024,다라8328,to_in_001,98
2024,다라8329,to_in_001,58
2024,다라8330,to_in_001,8
2024,다라8331,to_in_001,203
2024,다라8332,to_in_001,5
2024,다라8336,to_in_001,18
2024,다라8340,to_in_001,5
2024,다라8341,to_in_001,23
2024,다라8342,to_in_001,43
2024,다라8343,to_in_001,128
2024,다라8344,to_in_001,8
2024,다라8345,to_in_001,5
2024,다라8348,to_in_001,83
2024,다라8349,to_in_001,133
2024,다라8350,to_in_001,88
2024,다라8351,to_in_001,68
2024,다라8352,to_in_001,38
2024,다라8353,to_in_001,73
2024,다라8354,to_in_001,173
2024,다라8355,to_in_001,58
2024,다라8356,to_in_001,43
2024,다라8357,to_in_001,5
2024,다라8359,to_in_001,13
2024,다라8360,to_in_001,28
2024,다라8363,to_in_001,8
2024,다라8364,to_in_001,8
2024,다라8370,to_in_001,8
2024,다라8371,to_in_001,5
2024,다라8372,to_in_001,8
2024,다라8376,to_in_001,38
2024,다라8378,to_in_001,13
2024,다라8380,to_in_001,5
2024,다라8381,to_in_001,93
2024,다라8382,to_in_001,13
2024,다라8383,to_in_001,83
2024,다라8384,to_in_001,158
2024,다라8385,to_in_001,23
2024,다라8386,to_in_001,5
2024,다라8387,to_in_001,8
2024,다라8396,to_in_001,73
2024,다라8397,to_in_001,388
2024,다라8399,to_in_001,393
2024,다라8405,to_in_001,78
2024,다라8406,to_in_001,23
2024,다라8408,to_in_001,63
2024,다라8409,to_in_001,28
2024,다라8410,to_in_001,38
2024,다라8411,to_in_001,98
2024,다라8412,to_in_001,93
2024,다라8413,to_in_001,8
2024,다라8414,to_in_001,38
2024,다라8415,to_in_001,53
2024,다라8416,to_in_001,28
2024,다라8419,to_in_001,113
2024,다라8420,to_in_001,48
2024,다라8421,to_in_001,103
2024,다라8422,to_in_001,123
2024,다라8423,to_in_001,18
2024,다라8425,to_in_001,0
2024,다라8426,to_in_001,5
2024,다라8427,to_in_001,5
2024,다라8428,to_in_001,33
2024,다라8429,to_in_001,58
2024,다라8430,to_in_001,13
2024,다라8431,to_in_001,28
2024,다라8432,to_in_001,78
2024,다라8433,to_in_001,5
2024,다라8437,to_in_001,98
2024,다라8438,to_in_001,48
2024,다라8439,to_in_001,28
2024,다라8440,to_in_001,33
2024,다라8441,to_in_001,83
2024,다라8442,to_in_001,299
2024,다라8443,to_in_001,228
2024,다라8444,to_in_001,143
2024,다라8445,to_in_001,53
2024,다라8447,to_in_001,28
2024,다라8448,to_in_001,93
2024,다라8449,to_in_001,119
2024,다라8450,to_in_001,93
2024,다라8451,to_in_001,138
2024,다라8452,to_in_001,5
2024,다라8453,to_in_001,63
2024,다라8454,to_in_001,188
2024,다라8455,to_in_001,143
2024,다라8456,to_in_001,33
2024,다라8457,to_in_001,198
2024,다라8458,to_in_001,38
2024,다라8459,to_in_001,13
2024,다라8460,to_in_001,53
2024,다라8461,to_in_001,33
2024,다라8463,to_in_001,43
2024,다라8464,to_in_001,8
2024,다라8466,to_in_001,28
2024,다라8470,to_in_001,23
2024,다라8471,to_in_001,28
2024,다라8472,to_in_001,13
2024,다라8473,to_in_001,8
2024,다라8474,to_in_001,8
2024,다라8475,to_in_001,5
2024,다라8480,to_in_001,5
2024,다라8481,to_in_001,5
2024,다라8483,to_in_001,5
2024,다라8484,to_in_001,8
2024,다라8491,to_in_001,8
2024,다라8494,to_in_001,5
2024,다라8496,to_in_001,14
2024,다라8497,to_in_001,78
2024,다라8498,to_in_001,5
2024,다라8499,to_in_001,18
2024,다라8509,to_in_001,13
2024,다라8510,to_in_001,297
2024,다라8511,to_in_001,8
2024,다라8512,to_in_001,48
2024,다라8514,to_in_001,13
2024,다라8515,to_in_001,28
2024,다라8516,to_in_001,63
2024,다라8517,to_in_001,43
2024,다라8518,to_in_001,23
2024,다라8519,to_in_001,832
2024,다라8520,to_in_001,38
2024,다라8521,to_in_001,63
2024,다라8522,to_in_001,28
2024,다라8524,to_in_001,5
2024,다라8527,to_in_001,5
2024,다라8528,to_in_001,68
2024,다라8529,to_in_001,183
2024,다라8531,to_in_001,33
2024,다라8532,to_in_001,13
2024,다라8533,to_in_001,18
2024,다라8534,to_in_001,128
2024,다라8536,to_in_001,5
2024,다라8537,to_in_001,183
2024,다라8538,to_in_001,28
2024,다라8539,to_in_001,48
2024,다라8540,to_in_001,93
2024,다라8541,to_in_001,48
2024,다라8542,to_in_001,158
2024,다라8543,to_in_001,119
2024,다라8544,to_in_001,138
2024,다라8545,to_in_001,121
2024,다라8546,to_in_001,18
2024,다라8547,to_in_001,143
2024,다라8548,to_in_001,172
2024,다라8549,to_in_001,1245
2024,다라8550,to_in_001,1276
2024,다라8551,to_in_001,88
2024,다라8552,to_in_001,183
2024,다라8553,to_in_001,98
2024,다라8554,to_in_001,8
2024,다라8555,to_in_001,13
2024,다라8556,to_in_001,468
2024,다라8557,to_in_001,278
2024,다라8558,to_in_001,8
2024,다라8560,to_in_001,8
2024,다라8562,to_in_001,13
2024,다라8563,to_in_001,18
2024,다라8564,to_in_001,18
2024,다라8566,to_in_001,28
2024,다라8568,to_in_001,5
2024,다라8569,to_in_001,93
2024,다라8570,to_in_001,13
2024,다라8571,to_in_001,13
2024,다라8572,to_in_001,18
2024,다라8573,to_in_001,5
2024,다라8577,to_in_001,0
2024,다라8583,to_in_001,18
2024,다라8584,to_in_001,23
2024,다라8585,to_in_001,33
2024,다라8587,to_in_001,8
2024,다라8588,to_in_001,5
2024,다라8590,to_in_001,38
2024,다라8591,to_in_001,5
2024,다라8595,to_in_001,5
2024,다라8596,to_in_001,53
2024,다라8597,to_in_001,18
2024,다라8598,to_in_001,5
2024,다라8599,to_in_001,133
2024,다라8610,to_in_001,23
2024,다라8611,to_in_001,28
2024,다라8612,to_in_001,28
2024,다라8613,to_in_001,13
2024,다라8614,to_in_001,18
2024,다라8615,to_in_001,108
2024,다라8616,to_in_001,46
2024,다라8617,to_in_001,33
2024,다라8618,to_in_001,98
2024,다라8619,to_in_001,53
2024,다라8620,to_in_001,28
2024,다라8622,to_in_001,83
2024,다라8623,to_in_001,8
2024,다라8624,to_in_001,33
2024,다라8628,to_in_001,48
2024,다라8629,to_in_001,93
2024,다라8630,to_in_001,28
2024,다라8631,to_in_001,118
2024,다라8632,to_in_001,128
2024,다라8633,to_in_001,93
2024,다라8634,to_in_001,38
2024,다라8635,to_in_001,43
2024,다라8636,to_in_001,78
2024,다라8637,to_in_001,113
2024,다라8638,to_in_001,33
2024,다라8639,to_in_001,5
2024,다라8640,to_in_001,93
2024,다라8641,to_in_001,23
2024,다라8643,to_in_001,58
2024,다라8644,to_in_001,78
2024,다라8645,to_in_001,63
2024,다라8646,to_in_001,33
2024,다라8647,to_in_001,73
2024,다라8648,to_in_001,123
2024,다라8649,to_in_001,113
2024,다라8650,to_in_001,2541
2024,다라8651,to_in_001,23
2024,다라8652,to_in_001,129
2024,다라8653,to_in_001,163
2024,다라8654,to_in_001,78
2024,다라8655,to_in_001,118
2024,다라8656,to_in_001,138
2024,다라8657,to_in_001,5
2024,다라8658,to_in_001,0
2024,다라8660,to_in_001,68
2024,다라8661,to_in_001,63
2024,다라8662,to_in_001,5
2024,다라8663,to_in_001,8
2024,다라8664,to_in_001,23
2024,다라8665,to_in_001,18
2024,다라8666,to_in_001,88
2024,다라8667,to_in_001,5
2024,다라8669,to_in_001,23
2024,다라8670,to_in_001,28
2024,다라8671,to_in_001,73
2024,다라8672,to_in_001,18
2024,다라8673,to_in_001,23
2024,다라8674,to_in_001,5
2024,다라8675,to_in_001,8
2024,다라8676,to_in_001,28
2024,다라8677,to_in_001,5
2024,다라8678,to_in_001,5
2024,다라8685,to_in_001,43
2024,다라8686,to_in_001,48
2024,다라8689,to_in_001,8
2024,다라8690,to_in_001,8
2024,다라8694,to_in_001,8
2024,다라8696,to_in_001,5
2024,다라8697,to_in_001,5
2024,다라8698,to_in_001,13
2024,다라8699,to_in_001,23
2024,다라8710,to_in_001,0
2024,다라8711,to_in_001,78
2024,다라8712,to_in_001,103
2024,다라8714,to_in_001,48
2024,다라8715,to_in_001,8
2024,다라8716,to_in_001,108
2024,다라8722,to_in_001,189
2024,다라8723,to_in_001,273
2024,다라8724,to_in_001,8
2024,다라8729,to_in_001,48
2024,다라8730,to_in_001,13
2024,다라8731,to_in_001,788
2024,다라8732,to_in_001,63
2024,다라8733,to_in_001,13
2024,다라8734,to_in_001,58
2024,다라8735,to_in_001,43
2024,다라8736,to_in_001,68
2024,다라8737,to_in_001,33
2024,다라8738,to_in_001,5
2024,다라8739,to_in_001,38
2024,다라8740,to_in_001,133
2024,다라8741,to_in_001,5
2024,다라8742,to_in_001,23
2024,다라8743,to_in_001,53
2024,다라8744,to_in_001,23
2024,다라8745,to_in_001,18
2024,다라8746,to_in_001,58
2024,다라8747,to_in_001,68
2024,다라8748,to_in_001,8
2024,다라8749,to_in_001,8
2024,다라8750,to_in_001,273
2024,다라8754,to_in_001,108
2024,다라8755,to_in_001,124
2024,다라8757,to_in_001,8
2024,다라8759,to_in_001,5
2024,다라8760,to_in_001,8
2024,다라8761,to_in_001,53
2024,다라8762,to_in_001,5
2024,다라8763,to_in_001,5
2024,다라8764,to_in_001,8
2024,다라8765,to_in_001,8
2024,다라8766,to_in_001,88
2024,다라8767,to_in_001,13
2024,다라8769,to_in_001,118
2024,다라8771,to_in_001,13
2024,다라8772,to_in_001,43
2024,다라8773,to_in_001,23
2024,다라8774,to_in_001,43
2024,다라8776,to_in_001,143
2024,다라8777,to_in_001,63
2024,다라8778,to_in_001,8
2024,다라8779,to_in_001,13
2024,다라8780,to_in_001,8
2024,다라8781,to_in_001,28
2024,다라8782,to_in_001,23
2024,다라8783,to_in_001,38
2024,다라8784,to_in_001,88
2024,다라8785,to_in_001,38
2024,다라8786,to_in_001,8
2024,다라8787,to_in_001,58
2024,다라8790,to_in_001,13
2024,다라8791,to_in_001,23
2024,다라8792,to_in_001,5
2024,다라8793,to_in_001,28
2024,다라8794,to_in_001,18
2024,다라8795,to_in_001,8
2024,다라8797,to_in_001,13
2024,다라8799,to_in_001,5
2024,다라8812,to_in_001,28
2024,다라8815,to_in_001,18
2024,다라8816,to_in_001,5
2024,다라8817,to_in_001,38
2024,다라8824,to_in_001,73
2024,다라8825,to_in_001,38
2024,다라8826,to_in_001,118
2024,다라8828,to_in_001,53
2024,다라8829,to_in_001,108
2024,다라8830,to_in_001,63
2024,다라8831,to_in_001,103
2024,다라8832,to_in_001,138
2024,다라8833,to_in_001,28
2024,다라8834,to_in_001,23
2024,다라8835,to_in_001,38
2024,다라8836,to_in_001,5
2024,다라8837,to_in_001,73
2024,다라8838,to_in_001,28
2024,다라8839,to_in_001,38
2024,다라8840,to_in_001,48
2024,다라8841,to_in_001,18
2024,다라8842,to_in_001,5
2024,다라8843,to_in_001,13
2024,다라8844,to_in_001,33
2024,다라8845,to_in_001,58
2024,다라8846,to_in_001,93
2024,다라8847,to_in_001,18
2024,다라8848,to_in_001,0
2024,다라8849,to_in_001,23
2024,다라8850,to_in_001,108
2024,다라8851,to_in_001,8
2024,다라8852,to_in_001,8
2024,다라8854,to_in_001,8
2024,다라8855,to_in_001,5
2024,다라8857,to_in_001,13
2024,다라8858,to_in_001,23
2024,다라8859,to_in_001,8
2024,다라8862,to_in_001,23
2024,다라8865,to_in_001,8
2024,다라8866,to_in_001,13
2024,다라8867,to_in_001,38
2024,다라8868,to_in_001,5
2024,다라8869,to_in_001,233
2024,다라8870,to_in_001,38
2024,다라8871,to_in_001,88
2024,다라8872,to_in_001,8
2024,다라8873,to_in_001,13
2024,다라8876,to_in_001,123
2024,다라8877,to_in_001,113
2024,다라8878,to_in_001,5
2024,다라8879,to_in_001,58
2024,다라8880,to_in_001,18
2024,다라8881,to_in_001,5
2024,다라8884,to_in_001,8
2024,다라8885,to_in_001,5
2024,다라8887,to_in_001,13
2024,다라8888,to_in_001,78
2024,다라8889,to_in_001,103
2024,다라8890,to_in_001,53
2024,다라8891,to_in_001,33
2024,다라8892,to_in_001,48
2024,다라8893,to_in_001,23
2024,다라8894,to_in_001,18
2024,다라8910,to_in_001,8
2024,다라8912,to_in_001,13
2024,다라8913,to_in_001,0
2024,다라8916,to_in_001,0
2024,다라8917,to_in_001,38
2024,다라8918,to_in_001,5
2024,다라8923,to_in_001,23
2024,다라8924,to_in_001,8
2024,다라8925,to_in_001,163
2024,다라8926,to_in_001,5
2024,다라8927,to_in_001,5
2024,다라8928,to_in_001,188
2024,다라8929,to_in_001,28
2024,다라8930,to_in_001,83
2024,다라8931,to_in_001,5
2024,다라8932,to_in_001,53
2024,다라8933,to_in_001,23
2024,다라8934,to_in_001,38
2024,다라8935,to_in_001,5
2024,다라8936,to_in_001,18
2024,다라8939,to_in_001,148
2024,다라8940,to_in_001,28
2024,다라8941,to_in_001,8
2024,다라8942,to_in_001,13
2024,다라8943,to_in_001,158
2024,다라8944,to_in_001,38
2024,다라8945,to_in_001,142
2024,다라8946,to_in_001,8
2024,다라8947,to_in_001,28
2024,다라8948,to_in_001,78
2024,다라8949,to_in_001,48
2024,다라8950,to_in_001,43
2024,다라8951,to_in_001,33
2024,다라8953,to_in_001,13
2024,다라8954,to_in_001,8
2024,다라8955,to_in_001,33
2024,다라8957,to_in_001,5
2024,다라8958,to_in_001,68
2024,다라8959,to_in_001,5
2024,다라8964,to_in_001,18
2024,다라8965,to_in_001,5
2024,다라8967,to_in_001,5
2024,다라8968,to_in_001,291
2024,다라8969,to_in_001,28
2024,다라8970,to_in_001,53
2024,다라8971,to_in_001,13
2024,다라8975,to_in_001,13
2024,다라8976,to_in_001,148
2024,다라8977,to_in_001,83
2024,다라8978,to_in_001,18
2024,다라8979,to_in_001,5
2024,다라8981,to_in_001,8
2024,다라8988,to_in_001,28
2024,다라8990,to_in_001,13
2024,다라8992,to_in_001,38
2024,다라8993,to_in_001,5
2024,다라8994,to_in_001,23
2024,다라8995,to_in_001,5
2024,다라9009,to_in_001,5
2024,다라9012,to_in_001,58
2024,다라9013,to_in_001,18
2024,다라9014,to_in_001,13
2024,다라9016,to_in_001,8
2024,다라9017,to_in_001,68
2024,다라9018,to_in_001,103
2024,다라9019,to_in_001,48
2024,다라9020,to_in_001,5
2024,다라9022,to_in_001,5
2024,다라9023,to_in_001,98
2024,다라9027,to_in_001,8
2024,다라9028,to_in_001,5
2024,다라9029,to_in_001,8
2024,다라9030,to_in_001,5
2024,다라9031,to_in_001,53
2024,다라9032,to_in_001,33
2024,다라9033,to_in_001,18
2024,다라9034,to_in_001,174
2024,다라9040,to_in_001,33
2024,다라9041,to_in_001,98
2024,다라9042,to_in_001,28
2024,다라9044,to_in_001,105
2024,다라9045,to_in_001,53
2024,다라9046,to_in_001,8
2024,다라9048,to_in_001,88
2024,다라9049,to_in_001,23
2024,다라9050,to_in_001,63
2024,다라9051,to_in_001,23
2024,다라9053,to_in_001,8
2024,다라9054,to_in_001,144
2024,다라9055,to_in_001,5
2024,다라9056,to_in_001,8
2024,다라9057,to_in_001,33
2024,다라9058,to_in_001,23
2024,다라9059,to_in_001,23
2024,다라9060,to_in_001,38
2024,다라9064,to_in_001,33
2024,다라9065,to_in_001,5
2024,다라9068,to_in_001,78
2024,다라9069,to_in_001,8
2024,다라9070,to_in_001,0
2024,다라9072,to_in_001,8
2024,다라9073,to_in_001,23
2024,다라9074,to_in_001,13
2024,다라9075,to_in_001,53
2024,다라9076,to_in_001,33
2024,다라9077,to_in_001,13
2024,다라9078,to_in_001,58
2024,다라9079,to_in_001,18
2024,다라9083,to_in_001,5
2024,다라9084,to_in_001,5
2024,다라9085,to_in_001,43
2024,다라9086,to_in_001,8
2024,다라9087,to_in_001,33
2024,다라9088,to_in_001,28
2024,다라9093,to_in_001,5
2024,다라9098,to_in_001,28
2024,다라9099,to_in_001,18
2024,다라9109,to_in_001,18
2024,다라9113,to_in_001,5
2024,다라9114,to_in_001,364
2024,다라9116,to_in_001,5
2024,다라9117,to_in_001,5
2024,다라9118,to_in_001,178
2024,다라9119,to_in_001,68
2024,다라9120,to_in_001,5
2024,다라9121,to_in_001,5
2024,다라9122,to_in_001,5
2024,다라9123,to_in_001,5
2024,다라9124,to_in_001,0
2024,다라9125,to_in_001,5
2024,다라9126,to_in_001,58
2024,다라9127,to_in_001,63
2024,다라9128,to_in_001,5
2024,다라9129,to_in_001,8
2024,다라9130,to_in_001,23
2024,다라9132,to_in_001,23
2024,다라9133,to_in_001,48
2024,다라9134,to_in_001,74
2024,다라9145,to_in_001,93
2024,다라9146,to_in_001,123
2024,다라9148,to_in_001,33
2024,다라9149,to_in_001,123
2024,다라9150,to_in_001,103
2024,다라9151,to_in_001,78
2024,다라9152,to_in_001,5
2024,다라9153,to_in_001,8
2024,다라9154,to_in_001,8
2024,다라9156,to_in_001,18
2024,다라9157,to_in_001,38
2024,다라9158,to_in_001,33
2024,다라9159,to_in_001,23
2024,다라9160,to_in_001,5
2024,다라9163,to_in_001,0
2024,다라9164,to_in_001,13
2024,다라9165,to_in_001,8
2024,다라9168,to_in_001,48
2024,다라9169,to_in_001,118
2024,다라9170,to_in_001,98
2024,다라9172,to_in_001,5
2024,다라9173,to_in_001,23
2024,다라9174,to_in_001,98
2024,다라9176,to_in_001,98
2024,다라9177,to_in_001,23
2024,다라9178,to_in_001,113
2024,다라9179,to_in_001,23
2024,다라9187,to_in_001,5
2024,다라9188,to_in_001,73
2024,다라9189,to_in_001,38
2024,다라9190,to_in_001,38
2024,다라9196,to_in_001,93
2024,다라9197,to_in_001,54
2024,다라9198,to_in_001,33
2024,다라9199,to_in_001,28
2024,다라9213,to_in_001,5
2024,다라9214,to_in_001,5
2024,다라9215,to_in_001,5
2024,다라9216,to_in_001,88
2024,다라9217,to_in_001,5
2024,다라9219,to_in_001,5
2024,다라9220,to_in_001,5
2024,다라9221,to_in_001,394
2024,다라9222,to_in_001,43
2024,다라9225,to_in_001,5
2024,다라9226,to_in_001,5
2024,다라9227,to_in_001,13
2024,다라9228,to_in_001,13
2024,다라9229,to_in_001,58
2024,다라9230,to_in_001,28
2024,다라9231,to_in_001,38
2024,다라9233,to_in_001,5
2024,다라9234,to_in_001,5
2024,다라9235,to_in_001,0
2024,다라9243,to_in_001,8
2024,다라9246,to_in_001,38
2024,다라9248,to_in_001,13
2024,다라9249,to_in_001,123
2024,다라9250,to_in_001,88
2024,다라9251,to_in_001,83
2024,다라9252,to_in_001,5
2024,다라9253,to_in_001,5
2024,다라9256,to_in_001,18
2024,다라9257,to_in_001,0
2024,다라9258,to_in_001,18
2024,다라9259,to_in_001,209
2024,다라9260,to_in_001,18
2024,다라9262,to_in_001,33
2024,다라9263,to_in_001,0
2024,다라9265,to_in_001,23
2024,다라9268,to_in_001,5
2024,다라9269,to_in_001,13
2024,다라9270,to_in_001,8
2024,다라9271,to_in_001,43
2024,다라9272,to_in_001,13
2024,다라9273,to_in_001,8
2024,다라9274,to_in_001,5
2024,다라9275,to_in_001,38
2024,다라9276,to_in_001,0
2024,다라9277,to_in_001,18
2024,다라9278,to_in_001,23
2024,다라9279,to_in_001,38
2024,다라9280,to_in_001,5
2024,다라9285,to_in_001,18
2024,다라9287,to_in_001,53
2024,다라9288,to_in_001,98
2024,다라9289,to_in_001,0
2024,다라9293,to_in_001,0
2024,다라9294,to_in_001,8
2024,다라9295,to_in_001,73
2024,다라9296,to_in_001,63
2024,다라9297,to_in_001,43
2024,다라9298,to_in_001,108
2024,다라9299,to_in_001,53
2024,다라9316,to_in_001,5
2024,다라9317,to_in_001,23
2024,다라9327,to_in_001,5
2024,다라9328,to_in_001,8
2024,다라9329,to_in_001,63
2024,다라9330,to_in_001,8
2024,다라9331,to_in_001,5
2024,다라9332,to_in_001,5
2024,다라9333,to_in_001,38
2024,다라9334,to_in_001,18
2024,다라9346,to_in_001,5
2024,다라9348,to_in_001,5
2024,다라9349,to_in_001,223
2024,다라9350,to_in_001,123
2024,다라9351,to_in_001,103
2024,다라9352,to_in_001,53
2024,다라9353,to_in_001,28
2024,다라9354,to_in_001,53
2024,다라9355,to_in_001,28
2024,다라9356,to_in_001,5
2024,다라9357,to_in_001,13
2024,다라9358,to_in_001,8
2024,다라9359,to_in_001,29
2024,다라9360,to_in_001,33
2024,다라9361,to_in_001,23
2024,다라9362,to_in_001,23
2024,다라9365,to_in_001,28
2024,다라9366,to_in_001,13
2024,다라9370,to_in_001,113
2024,다라9372,to_in_001,8
2024,다라9373,to_in_001,8
2024,다라9375,to_in_001,8
2024,다라9377,to_in_001,123
2024,다라9378,to_in_001,389
2024,다라9379,to_in_001,58
2024,다라9380,to_in_001,18
2024,다라9382,to_in_001,5
2024,다라9385,to_in_001,18
2024,다라9386,to_in_001,123
2024,다라9387,to_in_001,18
2024,다라9388,to_in_001,5
2024,다라9389,to_in_001,5
2024,다라9391,to_in_001,18
2024,다라9394,to_in_001,163
2024,다라9395,to_in_001,138
2024,다라9396,to_in_001,83
2024,다라9397,to_in_001,113
2024,다라9398,to_in_001,8
2024,다라9399,to_in_001,43
2024,다라9408,to_in_001,18
2024,다라9409,to_in_001,33
2024,다라9413,to_in_001,23
2024,다라9414,to_in_001,53
2024,다라9415,to_in_001,53
2024,다라9420,to_in_001,8
2024,다라9421,to_in_001,5
2024,다라9422,to_in_001,5
2024,다라9423,to_in_001,5
2024,다라9427,to_in_001,23
2024,다라9428,to_in_001,48
2024,다라9429,to_in_001,23
2024,다라9430,to_in_001,63
2024,다라9432,to_in_001,13
2024,다라9433,to_in_001,8
2024,다라9434,to_in_001,5
2024,다라9442,to_in_001,18
2024,다라9443,to_in_001,8
2024,다라9445,to_in_001,5
2024,다라9449,to_in_001,5
2024,다라9450,to_in_001,5
2024,다라9451,to_in_001,73
2024,다라9452,to_in_001,203
2024,다라9453,to_in_001,148
2024,다라9454,to_in_001,195
2024,다라9456,to_in_001,28
2024,다라9457,to_in_001,83
2024,다라9458,to_in_001,93
2024,다라9459,to_in_001,103
2024,다라9460,to_in_001,133
2024,다라9461,to_in_001,113
2024,다라9463,to_in_001,13
2024,다라9464,to_in_001,28
2024,다라9467,to_in_001,5
2024,다라9470,to_in_001,48
2024,다라9471,to_in_001,98
2024,다라9473,to_in_001,8
2024,다라9476,to_in_001,43
2024,다라9478,to_in_001,33
2024,다라9479,to_in_001,83
2024,다라9480,to_in_001,63
2024,다라9481,to_in_001,13
2024,다라9482,to_in_001,23
2024,다라9486,to_in_001,5
2024,다라9487,to_in_001,8
2024,다라9489,to_in_001,13
2024,다라9490,to_in_001,33
2024,다라9491,to_in_001,5
2024,다라9492,to_in_001,63
2024,다라9493,to_in_001,98
2024,다라9494,to_in_001,118
2024,다라9495,to_in_001,198
2024,다라9496,to_in_001,193
2024,다라9497,to_in_001,23
2024,다라9498,to_in_001,88
2024,다라9507,to_in_001,250
2024,다라9508,to_in_001,68
2024,다라9509,to_in_001,115
2024,다라9510,to_in_001,8
2024,다라9511,to_in_001,53
2024,다라9512,to_in_001,0
2024,다라9513,to_in_001,8
2024,다라9514,to_in_001,178
2024,다라9515,to_in_001,113
2024,다라9516,to_in_001,68
2024,다라9520,to_in_001,5
2024,다라9521,to_in_001,5
2024,다라9522,to_in_001,5
2024,다라9523,to_in_001,98
2024,다라9526,to_in_001,38
2024,다라9527,to_in_001,83
2024,다라9529,to_in_001,5
2024,다라9530,to_in_001,8
2024,다라9532,to_in_001,48
2024,다라9533,to_in_001,33
2024,다라9542,to_in_001,5
2024,다라9543,to_in_001,78
2024,다라9544,to_in_001,8
2024,다라9549,to_in_001,143
2024,다라9550,to_in_001,98
2024,다라9551,to_in_001,18
2024,다라9552,to_in_001,341
2024,다라9553,to_in_001,343
2024,다라9554,to_in_001,39
2024,다라9555,to_in_001,38
2024,다라9557,to_in_001,118
2024,다라9558,to_in_001,84
2024,다라9559,to_in_001,93
2024,다라9560,to_in_001,407
2024,다라9561,to_in_001,58
2024,다라9562,to_in_001,73
2024,다라9563,to_in_001,23
2024,다라9566,to_in_001,78
2024,다라9567,to_in_001,5
2024,다라9568,to_in_001,38
2024,다라9569,to_in_001,108
2024,다라9570,to_in_001,83
2024,다라9571,to_in_001,68
2024,다라9573,to_in_001,18
2024,다라9576,to_in_001,5
2024,다라9578,to_in_001,38
2024,다라9579,to_in_001,23
2024,다라9580,to_in_001,28
2024,다라9581,to_in_001,73
2024,다라9582,to_in_001,48
2024,다라9583,to_in_001,5
2024,다라9584,to_in_001,88
2024,다라9585,to_in_001,275
2024,다라9586,to_in_001,93
2024,다라9587,to_in_001,5
2024,다라9588,to_in_001,48
2024,다라9589,to_in_001,153
2024,다라9590,to_in_001,53
2024,다라9591,to_in_001,53
2024,다라9592,to_in_001,108
2024,다라9593,to_in_001,28
2024,다라9594,to_in_001,198
2024,다라9595,to_in_001,23
2024,다라9596,to_in_001,178
2024,다라9597,to_in_001,138
2024,다라9598,to_in_001,98
2024,다라9606,to_in_001,28
2024,다라9607,to_in_001,415
2024,다라9608,to_in_001,198
2024,다라9609,to_in_001,78
2024,다라9610,to_in_001,13
2024,다라9611,to_in_001,38
2024,다라9612,to_in_001,58
2024,다라9613,to_in_001,18
2024,다라9614,to_in_001,13
2024,다라9615,to_in_001,5
2024,다라9616,to_in_001,5
2024,다라9621,to_in_001,43
2024,다라9622,to_in_001,8
2024,다라9623,to_in_001,13
2024,다라9625,to_in_001,5
2024,다라9626,to_in_001,23
2024,다라9628,to_in_001,33
2024,다라9629,to_in_001,8
2024,다라9644,to_in_001,78
2024,다라9649,to_in_001,88
2024,다라9650,to_in_001,128
2024,다라9651,to_in_001,53
2024,다라9652,to_in_001,78
2024,다라9653,to_in_001,148
2024,다라9654,to_in_001,53
2024,다라9655,to_in_001,504
2024,다라9656,to_in_001,38
2024,다라9657,to_in_001,93
2024,다라9658,to_in_001,197
2024,다라9659,to_in_001,355
2024,다라9660,to_in_001,113
2024,다라9661,to_in_001,103
2024,다라9662,to_in_001,96
2024,다라9663,to_in_001,8
2024,다라9664,to_in_001,28
2024,다라9665,to_in_001,68
2024,다라9666,to_in_001,78
2024,다라9668,to_in_001,43
2024,다라9669,to_in_001,93
2024,다라9673,to_in_001,8
2024,다라9674,to_in_001,5
2024,다라9675,to_in_001,63
2024,다라9676,to_in_001,23
2024,다라9677,to_in_001,5
2024,다라9678,to_in_001,8
2024,다라9679,to_in_001,18
2024,다라9680,to_in_001,53
2024,다라9681,to_in_001,8
2024,다라9682,to_in_001,73
2024,다라9683,to_in_001,63
2024,다라9684,to_in_001,38
2024,다라9685,to_in_001,233
2024,다라9686,to_in_001,48
2024,다라9687,to_in_001,88
2024,다라9688,to_in_001,168
2024,다라9689,to_in_001,882
2024,다라9690,to_in_001,3514
2024,다라9691,to_in_001,1833
2024,다라9692,to_in_001,68
2024,다라9693,to_in_001,293
2024,다라9694,to_in_001,53
2024,다라9695,to_in_001,118
2024,다라9696,to_in_001,153
2024,다라9704,to_in_001,18
2024,다라9705,to_in_001,23
2024,다라9706,to_in_001,48
2024,다라9707,to_in_001,33
2024,다라9708,to_in_001,13
2024,다라9710,to_in_001,138
2024,다라9711,to_in_001,68
2024,다라9712,to_in_001,143
2024,다라9713,to_in_001,8
2024,다라9714,to_in_001,5
2024,다라9715,to_in_001,5
2024,다라9720,to_in_001,58
2024,다라9721,to_in_001,0
2024,다라9723,to_in_001,5
2024,다라9725,to_in_001,33
2024,다라9726,to_in_001,8
2024,다라9729,to_in_001,148
2024,다라9730,to_in_001,38
2024,다라9750,to_in_001,33
2024,다라9751,to_in_001,48
2024,다라9752,to_in_001,83
2024,다라9753,to_in_001,73
2024,다라9754,to_in_001,178
2024,다라9755,to_in_001,108
2024,다라9756,to_in_001,68
2024,다라9757,to_in_001,43
2024,다라9758,to_in_001,83
2024,다라9759,to_in_001,18
2024,다라9760,to_in_001,8
2024,다라9761,to_in_001,934
2024,다라9762,to_in_001,272
2024,다라9763,to_in_001,5
2024,다라9764,to_in_001,2563
2024,다라9765,to_in_001,5
2024,다라9767,to_in_001,93
2024,다라9768,to_in_001,88
2024,다라9769,to_in_001,83
2024,다라9770,to_in_001,73
2024,다라9771,to_in_001,13
2024,다라9772,to_in_001,0
2024,다라9774,to_in_001,13
2024,다라9776,to_in_001,18
2024,다라9778,to_in_001,5
2024,다라9779,to_in_001,18
2024,다라9780,to_in_001,53
2024,다라9781,to_in_001,58
2024,다라9782,to_in_001,38
2024,다라9783,to_in_001,0
2024,다라9784,to_in_001,5
2024,다라9785,to_in_001,33
2024,다라9786,to_in_001,18
2024,다라9787,to_in_001,68
2024,다라9788,to_in_001,153
2024,다라9789,to_in_001,392
2024,다라9790,to_in_001,1650
2024,다라9791,to_in_001,43
2024,다라9792,to_in_001,68
2024,다라9793,to_in_001,33
2024,다라9794,to_in_001,58
2024,다라9795,to_in_001,93
2024,다라9796,to_in_001,51
2024,다라9797,to_in_001,5
2024,다라9804,to_in_001,13
2024,다라9805,to_in_001,83
2024,다라9806,to_in_001,13
2024,다라9807,to_in_001,18
2024,다라9810,to_in_001,8
2024,다라9811,to_in_001,43
2024,다라9812,to_in_001,8
2024,다라9820,to_in_001,168
2024,다라9821,to_in_001,23
2024,다라9823,to_in_001,8
2024,다라9824,to_in_001,43
2024,다라9826,to_in_001,28
2024,다라9849,to_in_001,93
2024,다라9850,to_in_001,8
2024,다라9851,to_in_001,38
2024,다라9852,to_in_001,113
2024,다라9853,to_in_001,5
2024,다라9854,to_in_001,83
2024,다라9855,to_in_001,451
2024,다라9856,to_in_001,69
2024,다라9857,to_in_001,153
2024,다라9858,to_in_001,339
2024,다라9859,to_in_001,2925
2024,다라9860,to_in_001,2500
2024,다라9861,to_in_001,5039
2024,다라9862,to_in_001,4760
2024,다라9863,to_in_001,8458
2024,다라9864,to_in_001,6471
2024,다라9865,to_in_001,4664
2024,다라9866,to_in_001,273
2024,다라9867,to_in_001,81
2024,다라9868,to_in_001,168
2024,다라9869,to_in_001,63
2024,다라9871,to_in_001,5
2024,다라9875,to_in_001,5
2024,다라9876,to_in_001,33
2024,다라9877,to_in_001,33
2024,다라9878,to_in_001,43
2024,다라9879,to_in_001,28
2024,다라9880,to_in_001,8
2024,다라9884,to_in_001,5
2024,다라9886,to_in_001,0
2024,다라9887,to_in_001,5
2024,다라9888,to_in_001,328
2024,다라9889,to_in_001,68
2024,다라9890,to_in_001,213
2024,다라9891,to_in_001,634
2024,다라9892,to_in_001,218
2024,다라9893,to_in_001,228
2024,다라9894,to_in_001,58
2024,다라9897,to_in_001,5
2024,다라9902,to_in_001,33
2024,다라9903,to_in_001,103
2024,다라9904,to_in_001,5
2024,다라9905,to_in_001,53
2024,다라9906,to_in_001,38
2024,다라9907,to_in_001,5
2024,다라9910,to_in_001,88
2024,다라9911,to_in_001,123
2024,다라9922,to_in_001,5
2024,다라9924,to_in_001,33
2024,다라9925,to_in_001,8
2024,다라9926,to_in_001,78
2024,다라9940,to_in_001,13
2024,다라9941,to_in_001,83
2024,다라9950,to_in_001,58
2024,다라9954,to_in_001,93
2024,다라9955,to_in_001,183
2024,다라9956,to_in_001,108
2024,다라9957,to_in_001,143
2024,다라9958,to_in_001,514
2024,다라9959,to_in_001,5849
2024,다라9960,to_in_001,8874
2024,다라9961,to_in_001,3143
2024,다라9962,to_in_001,4680
2024,다라9963,to_in_001,3556
2024,다라9964,to_in_001,8706
2024,다라9965,to_in_001,5267
2024,다라9966,to_in_001,3814
2024,다라9967,to_in_001,133
2024,다라9969,to_in_001,8
2024,다라9970,to_in_001,43
2024,다라9971,to_in_001,23
2024,다라9972,to_in_001,23
2024,다라9973,to_in_001,23
2024,다라9974,to_in_001,5
2024,다라9978,to_in_001,0
2024,다라9979,to_in_001,83
2024,다라9980,to_in_001,8
2024,다라9982,to_in_001,5
2024,다라9984,to_in_001,8
2024,다라9985,to_in_001,18
2024,다라9986,to_in_001,0
2024,다라9987,to_in_001,8
2024,다라9988,to_in_001,88
2024,다라9989,to_in_001,23
2024,다라9990,to_in_001,153
2024,다라9991,to_in_001,183
2024,다라9992,to_in_001,23
2024,다라9993,to_in_001,88
2024,다라9994,to_in_001,8
2024,다라9995,to_in_001,60
2024,다라9996,to_in_001,5
