2010,다다0000,in_age_001,461
2010,다다0000,in_age_002,395
2010,다다0000,in_age_003,362
2010,다다0000,in_age_004,259
2010,다다0000,in_age_005,164
2010,다다0000,in_age_006,283
2010,다다0000,in_age_007,479
2010,다다0000,in_age_008,573
2010,다다0000,in_age_009,413
2010,다다0000,in_age_010,325
2010,다다0000,in_age_011,249
2010,다다0000,in_age_012,156
2010,다다0000,in_age_013,110
2010,다다0000,in_age_014,95
2010,다다0000,in_age_015,93
2010,다다0000,in_age_016,63
2010,다다0000,in_age_017,38
2010,다다0000,in_age_018,13
2010,다다0000,in_age_019,5
2010,다다0000,in_age_020,0
2010,다다0000,in_age_031,239
2010,다다0000,in_age_032,224
2010,다다0000,in_age_033,191
2010,다다0000,in_age_034,131
2010,다다0000,in_age_035,89
2010,다다0000,in_age_036,110
2010,다다0000,in_age_037,218
2010,다다0000,in_age_038,304
2010,다다0000,in_age_039,219
2010,다다0000,in_age_040,168
2010,다다0000,in_age_041,135
2010,다다0000,in_age_042,73
2010,다다0000,in_age_043,64
2010,다다0000,in_age_044,43
2010,다다0000,in_age_045,33
2010,다다0000,in_age_046,18
2010,다다0000,in_age_047,8
2010,다다0000,in_age_048,5
2010,다다0000,in_age_061,220
2010,다다0000,in_age_062,169
2010,다다0000,in_age_063,174
2010,다다0000,in_age_064,126
2010,다다0000,in_age_065,78
2010,다다0000,in_age_066,171
2010,다다0000,in_age_067,259
2010,다다0000,in_age_068,272
2010,다다0000,in_age_069,192
2010,다다0000,in_age_070,160
2010,다다0000,in_age_071,112
2010,다다0000,in_age_072,81
2010,다다0000,in_age_073,49
2010,다다0000,in_age_074,55
2010,다다0000,in_age_075,58
2010,다다0000,in_age_076,43
2010,다다0000,in_age_077,28
2010,다다0000,in_age_078,13
2010,다다0000,in_age_079,5
2010,다다0000,in_age_080,0
2010,다다0000,to_in_001,4530
2010,다다0000,to_in_007,2264
2010,다다0000,to_in_008,2264
2010,다다0082,in_age_013,0
2010,다다0082,in_age_043,0
2010,다다0082,to_in_001,0
2010,다다0082,to_in_007,0
2010,다다0082,to_in_008,0
2010,다다0100,in_age_001,53
2010,다다0100,in_age_002,92
2010,다다0100,in_age_003,153
2010,다다0100,in_age_004,109
2010,다다0100,in_age_005,53
2010,다다0100,in_age_006,68
2010,다다0100,in_age_007,68
2010,다다0100,in_age_008,117
2010,다다0100,in_age_009,125
2010,다다0100,in_age_010,99
2010,다다0100,in_age_011,73
2010,다다0100,in_age_012,59
2010,다다0100,in_age_013,53
2010,다다0100,in_age_014,38
2010,다다0100,in_age_015,63
2010,다다0100,in_age_016,43
2010,다다0100,in_age_017,23
2010,다다0100,in_age_018,13
2010,다다0100,in_age_019,8
2010,다다0100,in_age_020,5
2010,다다0100,in_age_031,28
2010,다다0100,in_age_032,52
2010,다다0100,in_age_033,90
2010,다다0100,in_age_034,57
2010,다다0100,in_age_035,28
2010,다다0100,in_age_036,38
2010,다다0100,in_age_037,38
2010,다다0100,in_age_038,55
2010,다다0100,in_age_039,80
2010,다다0100,in_age_040,54
2010,다다0100,in_age_041,38
2010,다다0100,in_age_042,29
2010,다다0100,in_age_043,28
2010,다다0100,in_age_044,18
2010,다다0100,in_age_045,23
2010,다다0100,in_age_046,13
2010,다다0100,in_age_047,8
2010,다다0100,in_age_061,23
2010,다다0100,in_age_062,38
2010,다다0100,in_age_063,61
2010,다다0100,in_age_064,50
2010,다다0100,in_age_065,28
2010,다다0100,in_age_066,28
2010,다다0100,in_age_067,33
2010,다다0100,in_age_068,65
2010,다다0100,in_age_069,48
2010,다다0100,in_age_070,43
2010,다다0100,in_age_071,38
2010,다다0100,in_age_072,28
2010,다다0100,in_age_073,28
2010,다다0100,in_age_074,23
2010,다다0100,in_age_075,43
2010,다다0100,in_age_076,33
2010,다다0100,in_age_077,18
2010,다다0100,in_age_078,13
2010,다다0100,in_age_079,8
2010,다다0100,in_age_080,5
2010,다다0100,to_in_001,1316
2010,다다0100,to_in_007,674
2010,다다0100,to_in_008,645
2010,다다0101,in_age_012,0
2010,다다0101,in_age_042,0
2010,다다0101,to_in_001,0
2010,다다0101,to_in_007,0
2010,다다0101,to_in_008,0
2010,다다0200,in_age_001,18
2010,다다0200,in_age_002,18
2010,다다0200,in_age_003,23
2010,다다0200,in_age_004,28
2010,다다0200,in_age_005,18
2010,다다0200,in_age_006,28
2010,다다0200,in_age_007,28
2010,다다0200,in_age_008,33
2010,다다0200,in_age_009,28
2010,다다0200,in_age_010,38
2010,다다0200,in_age_011,28
2010,다다0200,in_age_012,33
2010,다다0200,in_age_013,18
2010,다다0200,in_age_014,13
2010,다다0200,in_age_015,13
2010,다다0200,in_age_016,18
2010,다다0200,in_age_017,8
2010,다다0200,in_age_018,8
2010,다다0200,in_age_019,5
2010,다다0200,in_age_031,8
2010,다다0200,in_age_032,8
2010,다다0200,in_age_033,13
2010,다다0200,in_age_034,13
2010,다다0200,in_age_035,8
2010,다다0200,in_age_036,13
2010,다다0200,in_age_037,18
2010,다다0200,in_age_038,18
2010,다다0200,in_age_039,18
2010,다다0200,in_age_040,23
2010,다다0200,in_age_041,13
2010,다다0200,in_age_042,18
2010,다다0200,in_age_043,8
2010,다다0200,in_age_044,8
2010,다다0200,in_age_045,5
2010,다다0200,in_age_046,8
2010,다다0200,in_age_047,0
2010,다다0200,in_age_061,8
2010,다다0200,in_age_062,13
2010,다다0200,in_age_063,13
2010,다다0200,in_age_064,13
2010,다다0200,in_age_065,8
2010,다다0200,in_age_066,18
2010,다다0200,in_age_067,13
2010,다다0200,in_age_068,13
2010,다다0200,in_age_069,13
2010,다다0200,in_age_070,18
2010,다다0200,in_age_071,13
2010,다다0200,in_age_072,13
2010,다다0200,in_age_073,8
2010,다다0200,in_age_074,8
2010,다다0200,in_age_075,8
2010,다다0200,in_age_076,13
2010,다다0200,in_age_077,5
2010,다다0200,in_age_078,8
2010,다다0200,in_age_079,5
2010,다다0200,to_in_001,403
2010,다다0200,to_in_007,198
2010,다다0200,to_in_008,203
2010,다다0201,in_age_001,8
2010,다다0201,in_age_002,18
2010,다다0201,in_age_003,28
2010,다다0201,in_age_004,13
2010,다다0201,in_age_005,8
2010,다다0201,in_age_006,13
2010,다다0201,in_age_007,13
2010,다다0201,in_age_008,23
2010,다다0201,in_age_009,18
2010,다다0201,in_age_010,24
2010,다다0201,in_age_011,23
2010,다다0201,in_age_012,13
2010,다다0201,in_age_013,8
2010,다다0201,in_age_014,8
2010,다다0201,in_age_015,18
2010,다다0201,in_age_016,8
2010,다다0201,in_age_017,8
2010,다다0201,in_age_018,5
2010,다다0201,in_age_019,5
2010,다다0201,in_age_020,5
2010,다다0201,in_age_031,8
2010,다다0201,in_age_032,13
2010,다다0201,in_age_033,13
2010,다다0201,in_age_034,8
2010,다다0201,in_age_035,0
2010,다다0201,in_age_036,5
2010,다다0201,in_age_037,13
2010,다다0201,in_age_038,8
2010,다다0201,in_age_039,13
2010,다다0201,in_age_040,14
2010,다다0201,in_age_041,8
2010,다다0201,in_age_042,8
2010,다다0201,in_age_043,5
2010,다다0201,in_age_044,5
2010,다다0201,in_age_045,5
2010,다다0201,in_age_046,5
2010,다다0201,in_age_047,5
2010,다다0201,in_age_061,5
2010,다다0201,in_age_062,5
2010,다다0201,in_age_063,13
2010,다다0201,in_age_064,8
2010,다다0201,in_age_065,8
2010,다다0201,in_age_066,8
2010,다다0201,in_age_067,8
2010,다다0201,in_age_068,13
2010,다다0201,in_age_069,8
2010,다다0201,in_age_070,13
2010,다다0201,in_age_071,13
2010,다다0201,in_age_072,5
2010,다다0201,in_age_073,8
2010,다다0201,in_age_074,5
2010,다다0201,in_age_075,13
2010,다다0201,in_age_076,5
2010,다다0201,in_age_077,8
2010,다다0201,in_age_078,5
2010,다다0201,in_age_079,5
2010,다다0201,in_age_080,5
2010,다다0201,to_in_001,264
2010,다다0201,to_in_007,129
2010,다다0201,to_in_008,138
2010,다다0300,in_age_001,142
2010,다다0300,in_age_002,168
2010,다다0300,in_age_003,195
2010,다다0300,in_age_004,184
2010,다다0300,in_age_005,108
2010,다다0300,in_age_006,181
2010,다다0300,in_age_007,166
2010,다다0300,in_age_008,230
2010,다다0300,in_age_009,202
2010,다다0300,in_age_010,224
2010,다다0300,in_age_011,215
2010,다다0300,in_age_012,125
2010,다다0300,in_age_013,104
2010,다다0300,in_age_014,97
2010,다다0300,in_age_015,73
2010,다다0300,in_age_016,43
2010,다다0300,in_age_017,13
2010,다다0300,in_age_018,13
2010,다다0300,in_age_019,5
2010,다다0300,in_age_020,5
2010,다다0300,in_age_031,79
2010,다다0300,in_age_032,93
2010,다다0300,in_age_033,110
2010,다다0300,in_age_034,89
2010,다다0300,in_age_035,52
2010,다다0300,in_age_036,87
2010,다다0300,in_age_037,86
2010,다다0300,in_age_038,125
2010,다다0300,in_age_039,104
2010,다다0300,in_age_040,109
2010,다다0300,in_age_041,110
2010,다다0300,in_age_042,66
2010,다다0300,in_age_043,47
2010,다다0300,in_age_044,51
2010,다다0300,in_age_045,33
2010,다다0300,in_age_046,13
2010,다다0300,in_age_047,5
2010,다다0300,in_age_048,0
2010,다다0300,in_age_061,61
2010,다다0300,in_age_062,73
2010,다다0300,in_age_063,83
2010,다다0300,in_age_064,98
2010,다다0300,in_age_065,59
2010,다다0300,in_age_066,92
2010,다다0300,in_age_067,78
2010,다다0300,in_age_068,108
2010,다다0300,in_age_069,96
2010,다다0300,in_age_070,118
2010,다다0300,in_age_071,103
2010,다다0300,in_age_072,57
2010,다다0300,in_age_073,55
2010,다다0300,in_age_074,44
2010,다다0300,in_age_075,38
2010,다다0300,in_age_076,28
2010,다다0300,in_age_077,13
2010,다다0300,in_age_078,13
2010,다다0300,in_age_079,5
2010,다다0300,in_age_080,5
2010,다다0300,to_in_001,2477
2010,다다0300,to_in_007,1259
2010,다다0300,to_in_008,1221
2010,다다0301,in_age_001,80
2010,다다0301,in_age_002,86
2010,다다0301,in_age_003,118
2010,다다0301,in_age_004,69
2010,다다0301,in_age_005,60
2010,다다0301,in_age_006,84
2010,다다0301,in_age_007,85
2010,다다0301,in_age_008,149
2010,다다0301,in_age_009,143
2010,다다0301,in_age_010,85
2010,다다0301,in_age_011,120
2010,다다0301,in_age_012,78
2010,다다0301,in_age_013,48
2010,다다0301,in_age_014,59
2010,다다0301,in_age_015,53
2010,다다0301,in_age_016,38
2010,다다0301,in_age_017,33
2010,다다0301,in_age_018,5
2010,다다0301,in_age_019,8
2010,다다0301,in_age_020,0
2010,다다0301,in_age_021,0
2010,다다0301,in_age_031,45
2010,다다0301,in_age_032,48
2010,다다0301,in_age_033,63
2010,다다0301,in_age_034,38
2010,다다0301,in_age_035,28
2010,다다0301,in_age_036,49
2010,다다0301,in_age_037,43
2010,다다0301,in_age_038,83
2010,다다0301,in_age_039,71
2010,다다0301,in_age_040,48
2010,다다0301,in_age_041,63
2010,다다0301,in_age_042,38
2010,다다0301,in_age_043,28
2010,다다0301,in_age_044,24
2010,다다0301,in_age_045,23
2010,다다0301,in_age_046,13
2010,다다0301,in_age_047,8
2010,다다0301,in_age_049,5
2010,다다0301,in_age_050,0
2010,다다0301,in_age_061,33
2010,다다0301,in_age_062,41
2010,다다0301,in_age_063,53
2010,다다0301,in_age_064,34
2010,다다0301,in_age_065,30
2010,다다0301,in_age_066,38
2010,다다0301,in_age_067,45
2010,다다0301,in_age_068,69
2010,다다0301,in_age_069,70
2010,다다0301,in_age_070,40
2010,다다0301,in_age_071,60
2010,다다0301,in_age_072,43
2010,다다0301,in_age_073,18
2010,다다0301,in_age_074,33
2010,다다0301,in_age_075,33
2010,다다0301,in_age_076,23
2010,다다0301,in_age_077,23
2010,다다0301,in_age_078,5
2010,다다0301,in_age_079,8
2010,다다0301,in_age_081,0
2010,다다0301,to_in_001,1410
2010,다다0301,to_in_007,720
2010,다다0301,to_in_008,693
2010,다다0302,in_age_001,5
2010,다다0302,in_age_002,5
2010,다다0302,in_age_004,5
2010,다다0302,in_age_005,8
2010,다다0302,in_age_006,5
2010,다다0302,in_age_007,5
2010,다다0302,in_age_008,8
2010,다다0302,in_age_009,8
2010,다다0302,in_age_010,5
2010,다다0302,in_age_011,5
2010,다다0302,in_age_012,5
2010,다다0302,in_age_013,0
2010,다다0302,in_age_014,8
2010,다다0302,in_age_032,0
2010,다다0302,in_age_034,0
2010,다다0302,in_age_035,5
2010,다다0302,in_age_036,5
2010,다다0302,in_age_038,8
2010,다다0302,in_age_039,5
2010,다다0302,in_age_040,5
2010,다다0302,in_age_041,5
2010,다다0302,in_age_042,0
2010,다다0302,in_age_043,0
2010,다다0302,in_age_044,5
2010,다다0302,in_age_061,5
2010,다다0302,in_age_062,0
2010,다다0302,in_age_064,5
2010,다다0302,in_age_065,5
2010,다다0302,in_age_066,5
2010,다다0302,in_age_067,5
2010,다다0302,in_age_069,5
2010,다다0302,in_age_070,0
2010,다다0302,in_age_071,0
2010,다다0302,in_age_072,0
2010,다다0302,in_age_074,5
2010,다다0302,to_in_001,43
2010,다다0302,to_in_007,23
2010,다다0302,to_in_008,18
2010,다다0400,in_age_001,614
2010,다다0400,in_age_002,850
2010,다다0400,in_age_003,903
2010,다다0400,in_age_004,658
2010,다다0400,in_age_005,371
2010,다다0400,in_age_006,495
2010,다다0400,in_age_007,629
2010,다다0400,in_age_008,1056
2010,다다0400,in_age_009,976
2010,다다0400,in_age_010,764
2010,다다0400,in_age_011,557
2010,다다0400,in_age_012,323
2010,다다0400,in_age_013,256
2010,다다0400,in_age_014,167
2010,다다0400,in_age_015,131
2010,다다0400,in_age_016,94
2010,다다0400,in_age_017,51
2010,다다0400,in_age_018,30
2010,다다0400,in_age_019,8
2010,다다0400,in_age_020,5
2010,다다0400,in_age_031,310
2010,다다0400,in_age_032,455
2010,다다0400,in_age_033,452
2010,다다0400,in_age_034,356
2010,다다0400,in_age_035,181
2010,다다0400,in_age_036,223
2010,다다0400,in_age_037,292
2010,다다0400,in_age_038,484
2010,다다0400,in_age_039,466
2010,다다0400,in_age_040,387
2010,다다0400,in_age_041,257
2010,다다0400,in_age_042,147
2010,다다0400,in_age_043,120
2010,다다0400,in_age_044,81
2010,다다0400,in_age_045,41
2010,다다0400,in_age_046,30
2010,다다0400,in_age_047,13
2010,다다0400,in_age_048,5
2010,다다0400,in_age_049,5
2010,다다0400,in_age_061,302
2010,다다0400,in_age_062,393
2010,다다0400,in_age_063,454
2010,다다0400,in_age_064,300
2010,다다0400,in_age_065,193
2010,다다0400,in_age_066,270
2010,다다0400,in_age_067,340
2010,다다0400,in_age_068,570
2010,다다0400,in_age_069,508
2010,다다0400,in_age_070,375
2010,다다0400,in_age_071,303
2010,다다0400,in_age_072,174
2010,다다0400,in_age_073,134
2010,다다0400,in_age_074,84
2010,다다0400,in_age_075,88
2010,다다0400,in_age_076,62
2010,다다0400,in_age_077,41
2010,다다0400,in_age_078,25
2010,다다0400,in_age_079,8
2010,다다0400,in_age_080,5
2010,다다0400,to_in_001,8939
2010,다다0400,to_in_007,4307
2010,다다0400,to_in_008,4630
2010,다다0401,in_age_001,28
2010,다다0401,in_age_002,33
2010,다다0401,in_age_003,44
2010,다다0401,in_age_004,54
2010,다다0401,in_age_005,28
2010,다다0401,in_age_006,43
2010,다다0401,in_age_007,49
2010,다다0401,in_age_008,58
2010,다다0401,in_age_009,69
2010,다다0401,in_age_010,67
2010,다다0401,in_age_011,49
2010,다다0401,in_age_012,43
2010,다다0401,in_age_013,30
2010,다다0401,in_age_014,28
2010,다다0401,in_age_015,33
2010,다다0401,in_age_016,38
2010,다다0401,in_age_017,28
2010,다다0401,in_age_018,8
2010,다다0401,in_age_019,5
2010,다다0401,in_age_020,0
2010,다다0401,in_age_031,13
2010,다다0401,in_age_032,18
2010,다다0401,in_age_033,29
2010,다다0401,in_age_034,34
2010,다다0401,in_age_035,18
2010,다다0401,in_age_036,23
2010,다다0401,in_age_037,34
2010,다다0401,in_age_038,28
2010,다다0401,in_age_039,34
2010,다다0401,in_age_040,40
2010,다다0401,in_age_041,29
2010,다다0401,in_age_042,28
2010,다다0401,in_age_043,15
2010,다다0401,in_age_044,8
2010,다다0401,in_age_045,18
2010,다다0401,in_age_046,18
2010,다다0401,in_age_047,8
2010,다다0401,in_age_049,0
2010,다다0401,in_age_061,18
2010,다다0401,in_age_062,18
2010,다다0401,in_age_063,13
2010,다다0401,in_age_064,18
2010,다다0401,in_age_065,13
2010,다다0401,in_age_066,18
2010,다다0401,in_age_067,18
2010,다다0401,in_age_068,28
2010,다다0401,in_age_069,33
2010,다다0401,in_age_070,30
2010,다다0401,in_age_071,18
2010,다다0401,in_age_072,18
2010,다다0401,in_age_073,18
2010,다다0401,in_age_074,18
2010,다다0401,in_age_075,18
2010,다다0401,in_age_076,23
2010,다다0401,in_age_077,18
2010,다다0401,in_age_078,8
2010,다다0401,in_age_079,0
2010,다다0401,in_age_080,0
2010,다다0401,to_in_001,739
2010,다다0401,to_in_007,392
2010,다다0401,to_in_008,345
2010,다다0402,in_age_001,5
2010,다다0402,in_age_002,18
2010,다다0402,in_age_003,18
2010,다다0402,in_age_004,8
2010,다다0402,in_age_005,8
2010,다다0402,in_age_006,13
2010,다다0402,in_age_007,13
2010,다다0402,in_age_008,13
2010,다다0402,in_age_009,23
2010,다다0402,in_age_010,18
2010,다다0402,in_age_011,13
2010,다다0402,in_age_012,13
2010,다다0402,in_age_013,8
2010,다다0402,in_age_014,8
2010,다다0402,in_age_015,5
2010,다다0402,in_age_016,8
2010,다다0402,in_age_017,5
2010,다다0402,in_age_018,5
2010,다다0402,in_age_019,0
2010,다다0402,in_age_032,8
2010,다다0402,in_age_033,13
2010,다다0402,in_age_034,5
2010,다다0402,in_age_035,5
2010,다다0402,in_age_036,13
2010,다다0402,in_age_037,8
2010,다다0402,in_age_038,8
2010,다다0402,in_age_039,13
2010,다다0402,in_age_040,8
2010,다다0402,in_age_041,8
2010,다다0402,in_age_042,5
2010,다다0402,in_age_043,5
2010,다다0402,in_age_044,8
2010,다다0402,in_age_045,5
2010,다다0402,in_age_046,0
2010,다다0402,in_age_047,5
2010,다다0402,in_age_049,0
2010,다다0402,in_age_061,5
2010,다다0402,in_age_062,8
2010,다다0402,in_age_063,5
2010,다다0402,in_age_064,8
2010,다다0402,in_age_065,5
2010,다다0402,in_age_066,5
2010,다다0402,in_age_067,8
2010,다다0402,in_age_068,8
2010,다다0402,in_age_069,8
2010,다다0402,in_age_070,8
2010,다다0402,in_age_071,5
2010,다다0402,in_age_072,8
2010,다다0402,in_age_073,5
2010,다다0402,in_age_074,8
2010,다다0402,in_age_075,5
2010,다다0402,in_age_076,8
2010,다다0402,in_age_078,5
2010,다다0402,to_in_001,188
2010,다다0402,to_in_007,103
2010,다다0402,to_in_008,88
2010,다다0500,in_age_001,933
2010,다다0500,in_age_002,1129
2010,다다0500,in_age_003,1429
2010,다다0500,in_age_004,1351
2010,다다0500,in_age_005,886
2010,다다0500,in_age_006,1115
2010,다다0500,in_age_007,1259
2010,다다0500,in_age_008,1557
2010,다다0500,in_age_009,1561
2010,다다0500,in_age_010,1463
2010,다다0500,in_age_011,1182
2010,다다0500,in_age_012,683
2010,다다0500,in_age_013,466
2010,다다0500,in_age_014,273
2010,다다0500,in_age_015,215
2010,다다0500,in_age_016,142
2010,다다0500,in_age_017,64
2010,다다0500,in_age_018,38
2010,다다0500,in_age_019,18
2010,다다0500,in_age_020,5
2010,다다0500,in_age_021,0
2010,다다0500,in_age_031,484
2010,다다0500,in_age_032,585
2010,다다0500,in_age_033,736
2010,다다0500,in_age_034,689
2010,다다0500,in_age_035,362
2010,다다0500,in_age_036,559
2010,다다0500,in_age_037,612
2010,다다0500,in_age_038,752
2010,다다0500,in_age_039,716
2010,다다0500,in_age_040,704
2010,다다0500,in_age_041,603
2010,다다0500,in_age_042,354
2010,다다0500,in_age_043,233
2010,다다0500,in_age_044,122
2010,다다0500,in_age_045,83
2010,다다0500,in_age_046,53
2010,다다0500,in_age_047,13
2010,다다0500,in_age_048,8
2010,다다0500,in_age_049,8
2010,다다0500,in_age_050,0
2010,다다0500,in_age_061,447
2010,다다0500,in_age_062,542
2010,다다0500,in_age_063,696
2010,다다0500,in_age_064,665
2010,다다0500,in_age_065,522
2010,다다0500,in_age_066,554
2010,다다0500,in_age_067,650
2010,다다0500,in_age_068,803
2010,다다0500,in_age_069,848
2010,다다0500,in_age_070,762
2010,다다0500,in_age_071,577
2010,다다0500,in_age_072,327
2010,다다0500,in_age_073,231
2010,다다0500,in_age_074,154
2010,다다0500,in_age_075,130
2010,다다0500,in_age_076,92
2010,다다0500,in_age_077,49
2010,다다0500,in_age_078,28
2010,다다0500,in_age_079,8
2010,다다0500,in_age_080,5
2010,다다0500,in_age_081,0
2010,다다0500,to_in_001,15770
2010,다다0500,to_in_007,7672
2010,다다0500,to_in_008,8096
2010,다다0501,in_age_002,5
2010,다다0501,in_age_003,8
2010,다다0501,in_age_004,0
2010,다다0501,in_age_005,8
2010,다다0501,in_age_007,0
2010,다다0501,in_age_008,5
2010,다다0501,in_age_009,5
2010,다다0501,in_age_010,5
2010,다다0501,in_age_011,0
2010,다다0501,in_age_012,0
2010,다다0501,in_age_015,0
2010,다다0501,in_age_016,5
2010,다다0501,in_age_032,0
2010,다다0501,in_age_033,5
2010,다다0501,in_age_034,0
2010,다다0501,in_age_035,5
2010,다다0501,in_age_037,0
2010,다다0501,in_age_038,5
2010,다다0501,in_age_039,5
2010,다다0501,in_age_040,5
2010,다다0501,in_age_042,0
2010,다다0501,in_age_046,5
2010,다다0501,in_age_062,5
2010,다다0501,in_age_063,8
2010,다다0501,in_age_065,5
2010,다다0501,in_age_068,5
2010,다다0501,in_age_069,0
2010,다다0501,in_age_070,0
2010,다다0501,in_age_071,0
2010,다다0501,in_age_075,0
2010,다다0501,to_in_001,33
2010,다다0501,to_in_007,18
2010,다다0501,to_in_008,13
2010,다다0502,in_age_001,0
2010,다다0502,in_age_002,5
2010,다다0502,in_age_003,5
2010,다다0502,in_age_004,8
2010,다다0502,in_age_005,5
2010,다다0502,in_age_006,5
2010,다다0502,in_age_007,5
2010,다다0502,in_age_008,8
2010,다다0502,in_age_009,5
2010,다다0502,in_age_010,5
2010,다다0502,in_age_011,5
2010,다다0502,in_age_012,5
2010,다다0502,in_age_013,5
2010,다다0502,in_age_014,5
2010,다다0502,in_age_015,5
2010,다다0502,in_age_016,5
2010,다다0502,in_age_018,0
2010,다다0502,in_age_032,5
2010,다다0502,in_age_033,5
2010,다다0502,in_age_034,5
2010,다다0502,in_age_035,5
2010,다다0502,in_age_036,0
2010,다다0502,in_age_037,5
2010,다다0502,in_age_038,8
2010,다다0502,in_age_039,5
2010,다다0502,in_age_040,5
2010,다다0502,in_age_041,0
2010,다다0502,in_age_042,0
2010,다다0502,in_age_043,0
2010,다다0502,in_age_044,5
2010,다다0502,in_age_045,0
2010,다다0502,in_age_061,0
2010,다다0502,in_age_062,0
2010,다다0502,in_age_064,5
2010,다다0502,in_age_065,5
2010,다다0502,in_age_066,0
2010,다다0502,in_age_067,0
2010,다다0502,in_age_068,5
2010,다다0502,in_age_070,5
2010,다다0502,in_age_071,5
2010,다다0502,in_age_072,0
2010,다다0502,in_age_073,0
2010,다다0502,in_age_074,5
2010,다다0502,in_age_075,0
2010,다다0502,in_age_076,5
2010,다다0502,in_age_078,0
2010,다다0502,to_in_001,53
2010,다다0502,to_in_007,33
2010,다다0502,to_in_008,18
2010,다다0588,in_age_006,5
2010,다다0588,in_age_007,0
2010,다다0588,in_age_009,5
2010,다다0588,in_age_010,8
2010,다다0588,in_age_011,5
2010,다다0588,in_age_012,5
2010,다다0588,in_age_015,5
2010,다다0588,in_age_016,0
2010,다다0588,in_age_036,5
2010,다다0588,in_age_037,0
2010,다다0588,in_age_039,0
2010,다다0588,in_age_040,5
2010,다다0588,in_age_041,5
2010,다다0588,in_age_042,5
2010,다다0588,in_age_046,0
2010,다다0588,in_age_069,0
2010,다다0588,in_age_070,5
2010,다다0588,in_age_071,5
2010,다다0588,in_age_072,0
2010,다다0588,in_age_075,5
2010,다다0588,to_in_001,28
2010,다다0588,to_in_007,18
2010,다다0588,to_in_008,8
2010,다다0593,in_age_004,0
2010,다다0593,in_age_010,5
2010,다다0593,in_age_034,0
2010,다다0593,in_age_040,0
2010,다다0593,in_age_070,5
2010,다다0593,to_in_001,5
2010,다다0593,to_in_007,5
2010,다다0593,to_in_008,5
2010,다다0594,in_age_001,0
2010,다다0594,in_age_002,5
2010,다다0594,in_age_003,8
2010,다다0594,in_age_004,5
2010,다다0594,in_age_005,0
2010,다다0594,in_age_006,8
2010,다다0594,in_age_007,8
2010,다다0594,in_age_008,5
2010,다다0594,in_age_009,5
2010,다다0594,in_age_010,13
2010,다다0594,in_age_011,24
2010,다다0594,in_age_012,18
2010,다다0594,in_age_013,18
2010,다다0594,in_age_014,23
2010,다다0594,in_age_015,13
2010,다다0594,in_age_016,8
2010,다다0594,in_age_017,5
2010,다다0594,in_age_018,0
2010,다다0594,in_age_019,5
2010,다다0594,in_age_020,0
2010,다다0594,in_age_031,0
2010,다다0594,in_age_032,5
2010,다다0594,in_age_033,8
2010,다다0594,in_age_034,0
2010,다다0594,in_age_035,0
2010,다다0594,in_age_036,8
2010,다다0594,in_age_037,8
2010,다다0594,in_age_038,5
2010,다다0594,in_age_040,5
2010,다다0594,in_age_041,13
2010,다다0594,in_age_042,8
2010,다다0594,in_age_043,13
2010,다다0594,in_age_044,13
2010,다다0594,in_age_045,8
2010,다다0594,in_age_046,5
2010,다다0594,in_age_047,0
2010,다다0594,in_age_062,0
2010,다다0594,in_age_063,5
2010,다다0594,in_age_064,0
2010,다다0594,in_age_066,0
2010,다다0594,in_age_067,5
2010,다다0594,in_age_069,5
2010,다다0594,in_age_070,13
2010,다다0594,in_age_071,14
2010,다다0594,in_age_072,8
2010,다다0594,in_age_073,5
2010,다다0594,in_age_074,8
2010,다다0594,in_age_075,8
2010,다다0594,in_age_076,5
2010,다다0594,in_age_077,5
2010,다다0594,in_age_078,0
2010,다다0594,in_age_079,5
2010,다다0594,in_age_080,0
2010,다다0594,to_in_001,159
2010,다다0594,to_in_007,88
2010,다다0594,to_in_008,74
2010,다다0595,in_age_001,18
2010,다다0595,in_age_002,8
2010,다다0595,in_age_003,40
2010,다다0595,in_age_004,28
2010,다다0595,in_age_005,8
2010,다다0595,in_age_006,13
2010,다다0595,in_age_007,18
2010,다다0595,in_age_008,23
2010,다다0595,in_age_009,44
2010,다다0595,in_age_010,58
2010,다다0595,in_age_011,50
2010,다다0595,in_age_012,53
2010,다다0595,in_age_013,40
2010,다다0595,in_age_014,33
2010,다다0595,in_age_015,28
2010,다다0595,in_age_016,18
2010,다다0595,in_age_017,8
2010,다다0595,in_age_018,5
2010,다다0595,in_age_019,0
2010,다다0595,in_age_031,8
2010,다다0595,in_age_032,5
2010,다다0595,in_age_033,18
2010,다다0595,in_age_034,8
2010,다다0595,in_age_035,5
2010,다다0595,in_age_036,8
2010,다다0595,in_age_037,13
2010,다다0595,in_age_038,8
2010,다다0595,in_age_039,19
2010,다다0595,in_age_040,33
2010,다다0595,in_age_041,25
2010,다다0595,in_age_042,23
2010,다다0595,in_age_043,30
2010,다다0595,in_age_044,13
2010,다다0595,in_age_045,13
2010,다다0595,in_age_046,5
2010,다다0595,in_age_047,0
2010,다다0595,in_age_048,5
2010,다다0595,in_age_061,13
2010,다다0595,in_age_062,5
2010,다다0595,in_age_063,25
2010,다다0595,in_age_064,18
2010,다다0595,in_age_065,5
2010,다다0595,in_age_066,5
2010,다다0595,in_age_067,8
2010,다다0595,in_age_068,13
2010,다다0595,in_age_069,23
2010,다다0595,in_age_070,28
2010,다다0595,in_age_071,23
2010,다다0595,in_age_072,33
2010,다다0595,in_age_073,13
2010,다다0595,in_age_074,18
2010,다다0595,in_age_075,18
2010,다다0595,in_age_076,13
2010,다다0595,in_age_077,8
2010,다다0595,in_age_078,5
2010,다다0595,in_age_079,0
2010,다다0595,to_in_001,500
2010,다다0595,to_in_007,233
2010,다다0595,to_in_008,265
2010,다다0596,in_age_002,0
2010,다다0596,in_age_003,0
2010,다다0596,in_age_004,0
2010,다다0596,in_age_006,5
2010,다다0596,in_age_007,5
2010,다다0596,in_age_008,5
2010,다다0596,in_age_010,5
2010,다다0596,in_age_011,5
2010,다다0596,in_age_012,0
2010,다다0596,in_age_013,0
2010,다다0596,in_age_014,0
2010,다다0596,in_age_032,0
2010,다다0596,in_age_033,0
2010,다다0596,in_age_034,0
2010,다다0596,in_age_036,0
2010,다다0596,in_age_037,0
2010,다다0596,in_age_038,5
2010,다다0596,in_age_040,5
2010,다다0596,in_age_041,5
2010,다다0596,in_age_043,0
2010,다다0596,in_age_044,0
2010,다다0596,in_age_066,0
2010,다다0596,in_age_067,0
2010,다다0596,in_age_070,0
2010,다다0596,in_age_072,0
2010,다다0596,to_in_001,18
2010,다다0596,to_in_007,13
2010,다다0596,to_in_008,5
2010,다다0599,in_age_008,0
2010,다다0599,in_age_009,5
2010,다다0599,in_age_010,0
2010,다다0599,in_age_038,0
2010,다다0599,in_age_039,0
2010,다다0599,in_age_040,0
2010,다다0599,in_age_069,0
2010,다다0599,to_in_001,5
2010,다다0599,to_in_007,5
2010,다다0599,to_in_008,0
2010,다다0600,in_age_001,483
2010,다다0600,in_age_002,458
2010,다다0600,in_age_003,568
2010,다다0600,in_age_004,651
2010,다다0600,in_age_005,561
2010,다다0600,in_age_006,907
2010,다다0600,in_age_007,886
2010,다다0600,in_age_008,877
2010,다다0600,in_age_009,814
2010,다다0600,in_age_010,747
2010,다다0600,in_age_011,684
2010,다다0600,in_age_012,456
2010,다다0600,in_age_013,348
2010,다다0600,in_age_014,239
2010,다다0600,in_age_015,172
2010,다다0600,in_age_016,129
2010,다다0600,in_age_017,80
2010,다다0600,in_age_018,59
2010,다다0600,in_age_019,23
2010,다다0600,in_age_020,5
2010,다다0600,in_age_031,230
2010,다다0600,in_age_032,247
2010,다다0600,in_age_033,295
2010,다다0600,in_age_034,328
2010,다다0600,in_age_035,245
2010,다다0600,in_age_036,417
2010,다다0600,in_age_037,422
2010,다다0600,in_age_038,401
2010,다다0600,in_age_039,373
2010,다다0600,in_age_040,341
2010,다다0600,in_age_041,319
2010,다다0600,in_age_042,228
2010,다다0600,in_age_043,170
2010,다다0600,in_age_044,112
2010,다다0600,in_age_045,80
2010,다다0600,in_age_046,45
2010,다다0600,in_age_047,18
2010,다다0600,in_age_048,8
2010,다다0600,in_age_049,5
2010,다다0600,in_age_050,0
2010,다다0600,in_age_061,256
2010,다다0600,in_age_062,209
2010,다다0600,in_age_063,276
2010,다다0600,in_age_064,321
2010,다다0600,in_age_065,314
2010,다다0600,in_age_066,488
2010,다다0600,in_age_067,462
2010,다다0600,in_age_068,474
2010,다다0600,in_age_069,444
2010,다다0600,in_age_070,409
2010,다다0600,in_age_071,368
2010,다다0600,in_age_072,231
2010,다다0600,in_age_073,181
2010,다다0600,in_age_074,130
2010,다다0600,in_age_075,90
2010,다다0600,in_age_076,82
2010,다다0600,in_age_077,60
2010,다다0600,in_age_078,54
2010,다다0600,in_age_079,18
2010,다다0600,in_age_080,5
2010,다다0600,to_in_001,9148
2010,다다0600,to_in_007,4278
2010,다다0600,to_in_008,4868
2010,다다0601,in_age_001,8
2010,다다0601,in_age_002,8
2010,다다0601,in_age_003,8
2010,다다0601,in_age_004,13
2010,다다0601,in_age_005,8
2010,다다0601,in_age_006,13
2010,다다0601,in_age_007,14
2010,다다0601,in_age_008,13
2010,다다0601,in_age_009,18
2010,다다0601,in_age_010,13
2010,다다0601,in_age_011,18
2010,다다0601,in_age_012,13
2010,다다0601,in_age_013,8
2010,다다0601,in_age_014,18
2010,다다0601,in_age_015,13
2010,다다0601,in_age_016,8
2010,다다0601,in_age_017,5
2010,다다0601,in_age_019,0
2010,다다0601,in_age_031,5
2010,다다0601,in_age_032,8
2010,다다0601,in_age_033,5
2010,다다0601,in_age_034,5
2010,다다0601,in_age_035,0
2010,다다0601,in_age_036,5
2010,다다0601,in_age_037,14
2010,다다0601,in_age_038,8
2010,다다0601,in_age_039,8
2010,다다0601,in_age_040,8
2010,다다0601,in_age_041,8
2010,다다0601,in_age_042,8
2010,다다0601,in_age_043,5
2010,다다0601,in_age_044,8
2010,다다0601,in_age_045,8
2010,다다0601,in_age_046,8
2010,다다0601,in_age_061,5
2010,다다0601,in_age_062,5
2010,다다0601,in_age_063,5
2010,다다0601,in_age_064,8
2010,다다0601,in_age_065,8
2010,다다0601,in_age_066,13
2010,다다0601,in_age_067,5
2010,다다0601,in_age_068,5
2010,다다0601,in_age_069,8
2010,다다0601,in_age_070,5
2010,다다0601,in_age_071,8
2010,다다0601,in_age_072,5
2010,다다0601,in_age_073,5
2010,다다0601,in_age_074,8
2010,다다0601,in_age_075,5
2010,다다0601,in_age_076,5
2010,다다0601,in_age_077,5
2010,다다0601,in_age_079,0
2010,다다0601,to_in_001,184
2010,다다0601,to_in_007,99
2010,다다0601,to_in_008,88
2010,다다0603,in_age_001,5
2010,다다0603,in_age_002,0
2010,다다0603,in_age_003,8
2010,다다0603,in_age_004,8
2010,다다0603,in_age_005,8
2010,다다0603,in_age_006,13
2010,다다0603,in_age_007,5
2010,다다0603,in_age_008,8
2010,다다0603,in_age_009,8
2010,다다0603,in_age_010,13
2010,다다0603,in_age_011,18
2010,다다0603,in_age_012,13
2010,다다0603,in_age_013,5
2010,다다0603,in_age_014,5
2010,다다0603,in_age_015,5
2010,다다0603,in_age_016,8
2010,다다0603,in_age_017,5
2010,다다0603,in_age_018,5
2010,다다0603,in_age_031,5
2010,다다0603,in_age_033,5
2010,다다0603,in_age_034,5
2010,다다0603,in_age_035,5
2010,다다0603,in_age_036,8
2010,다다0603,in_age_037,5
2010,다다0603,in_age_038,5
2010,다다0603,in_age_039,8
2010,다다0603,in_age_040,8
2010,다다0603,in_age_041,8
2010,다다0603,in_age_042,8
2010,다다0603,in_age_043,5
2010,다다0603,in_age_044,5
2010,다다0603,in_age_045,0
2010,다다0603,in_age_046,5
2010,다다0603,in_age_048,5
2010,다다0603,in_age_061,0
2010,다다0603,in_age_062,0
2010,다다0603,in_age_063,0
2010,다다0603,in_age_064,8
2010,다다0603,in_age_065,8
2010,다다0603,in_age_066,5
2010,다다0603,in_age_067,0
2010,다다0603,in_age_068,0
2010,다다0603,in_age_069,5
2010,다다0603,in_age_070,8
2010,다다0603,in_age_071,8
2010,다다0603,in_age_072,5
2010,다다0603,in_age_073,0
2010,다다0603,in_age_074,5
2010,다다0603,in_age_075,5
2010,다다0603,in_age_076,5
2010,다다0603,in_age_077,5
2010,다다0603,to_in_001,123
2010,다다0603,to_in_007,68
2010,다다0603,to_in_008,53
2010,다다0676,in_age_007,0
2010,다다0676,in_age_037,0
2010,다다0676,to_in_001,0
2010,다다0676,to_in_007,0
2010,다다0676,to_in_008,0
2010,다다0677,in_age_001,8
2010,다다0677,in_age_002,8
2010,다다0677,in_age_003,5
2010,다다0677,in_age_004,0
2010,다다0677,in_age_005,5
2010,다다0677,in_age_006,8
2010,다다0677,in_age_007,13
2010,다다0677,in_age_008,18
2010,다다0677,in_age_009,8
2010,다다0677,in_age_010,13
2010,다다0677,in_age_011,18
2010,다다0677,in_age_012,8
2010,다다0677,in_age_013,18
2010,다다0677,in_age_014,13
2010,다다0677,in_age_015,13
2010,다다0677,in_age_016,8
2010,다다0677,in_age_017,5
2010,다다0677,in_age_018,0
2010,다다0677,in_age_019,0
2010,다다0677,in_age_031,8
2010,다다0677,in_age_032,5
2010,다다0677,in_age_033,5
2010,다다0677,in_age_034,0
2010,다다0677,in_age_035,5
2010,다다0677,in_age_036,8
2010,다다0677,in_age_037,5
2010,다다0677,in_age_038,13
2010,다다0677,in_age_039,8
2010,다다0677,in_age_040,8
2010,다다0677,in_age_041,8
2010,다다0677,in_age_042,8
2010,다다0677,in_age_043,8
2010,다다0677,in_age_044,8
2010,다다0677,in_age_045,8
2010,다다0677,in_age_046,5
2010,다다0677,in_age_047,0
2010,다다0677,in_age_062,5
2010,다다0677,in_age_063,0
2010,다다0677,in_age_066,5
2010,다다0677,in_age_067,8
2010,다다0677,in_age_068,8
2010,다다0677,in_age_069,8
2010,다다0677,in_age_070,8
2010,다다0677,in_age_071,8
2010,다다0677,in_age_072,5
2010,다다0677,in_age_073,8
2010,다다0677,in_age_074,8
2010,다다0677,in_age_075,5
2010,다다0677,in_age_076,5
2010,다다0677,in_age_077,5
2010,다다0677,in_age_078,0
2010,다다0677,in_age_079,0
2010,다다0677,to_in_001,158
2010,다다0677,to_in_007,93
2010,다다0677,to_in_008,63
2010,다다0695,in_age_001,0
2010,다다0695,in_age_002,0
2010,다다0695,in_age_003,0
2010,다다0695,in_age_007,5
2010,다다0695,in_age_013,0
2010,다다0695,in_age_014,0
2010,다다0695,in_age_031,0
2010,다다0695,in_age_033,0
2010,다다0695,in_age_037,0
2010,다다0695,in_age_062,0
2010,다다0695,in_age_067,0
2010,다다0695,in_age_073,0
2010,다다0695,in_age_074,0
2010,다다0695,to_in_001,8
2010,다다0695,to_in_007,5
2010,다다0695,to_in_008,5
2010,다다0696,in_age_001,0
2010,다다0696,in_age_002,5
2010,다다0696,in_age_003,5
2010,다다0696,in_age_004,8
2010,다다0696,in_age_008,8
2010,다다0696,in_age_009,5
2010,다다0696,in_age_010,13
2010,다다0696,in_age_011,8
2010,다다0696,in_age_012,5
2010,다다0696,in_age_013,8
2010,다다0696,in_age_014,8
2010,다다0696,in_age_015,5
2010,다다0696,in_age_016,5
2010,다다0696,in_age_031,0
2010,다다0696,in_age_032,0
2010,다다0696,in_age_033,0
2010,다다0696,in_age_034,8
2010,다다0696,in_age_038,5
2010,다다0696,in_age_039,5
2010,다다0696,in_age_040,8
2010,다다0696,in_age_041,5
2010,다다0696,in_age_042,5
2010,다다0696,in_age_043,5
2010,다다0696,in_age_044,8
2010,다다0696,in_age_045,5
2010,다다0696,in_age_062,5
2010,다다0696,in_age_063,5
2010,다다0696,in_age_064,5
2010,다다0696,in_age_068,5
2010,다다0696,in_age_069,5
2010,다다0696,in_age_070,5
2010,다다0696,in_age_071,5
2010,다다0696,in_age_072,5
2010,다다0696,in_age_073,8
2010,다다0696,in_age_074,5
2010,다다0696,in_age_075,5
2010,다다0696,in_age_076,5
2010,다다0696,to_in_001,58
2010,다다0696,to_in_007,28
2010,다다0696,to_in_008,28
2010,다다0697,in_age_002,5
2010,다다0697,in_age_005,5
2010,다다0697,in_age_006,0
2010,다다0697,in_age_007,0
2010,다다0697,in_age_008,0
2010,다다0697,in_age_010,5
2010,다다0697,in_age_011,5
2010,다다0697,in_age_012,0
2010,다다0697,in_age_016,0
2010,다다0697,in_age_019,5
2010,다다0697,in_age_032,5
2010,다다0697,in_age_035,5
2010,다다0697,in_age_036,0
2010,다다0697,in_age_038,0
2010,다다0697,in_age_040,5
2010,다다0697,in_age_041,5
2010,다다0697,in_age_042,0
2010,다다0697,in_age_049,5
2010,다다0697,in_age_067,0
2010,다다0697,in_age_070,0
2010,다다0697,in_age_071,0
2010,다다0697,in_age_076,0
2010,다다0697,to_in_001,18
2010,다다0697,to_in_007,8
2010,다다0697,to_in_008,8
2010,다다0699,in_age_002,0
2010,다다0699,in_age_003,0
2010,다다0699,in_age_004,0
2010,다다0699,in_age_005,0
2010,다다0699,in_age_007,0
2010,다다0699,in_age_008,5
2010,다다0699,in_age_009,5
2010,다다0699,in_age_010,8
2010,다다0699,in_age_011,8
2010,다다0699,in_age_012,5
2010,다다0699,in_age_013,8
2010,다다0699,in_age_014,13
2010,다다0699,in_age_015,14
2010,다다0699,in_age_016,13
2010,다다0699,in_age_017,5
2010,다다0699,in_age_018,5
2010,다다0699,in_age_034,0
2010,다다0699,in_age_035,0
2010,다다0699,in_age_038,5
2010,다다0699,in_age_040,5
2010,다다0699,in_age_041,5
2010,다다0699,in_age_042,5
2010,다다0699,in_age_043,5
2010,다다0699,in_age_044,8
2010,다다0699,in_age_045,8
2010,다다0699,in_age_046,5
2010,다다0699,in_age_047,0
2010,다다0699,in_age_062,0
2010,다다0699,in_age_063,0
2010,다다0699,in_age_067,0
2010,다다0699,in_age_069,5
2010,다다0699,in_age_070,8
2010,다다0699,in_age_071,5
2010,다다0699,in_age_072,0
2010,다다0699,in_age_073,8
2010,다다0699,in_age_074,5
2010,다다0699,in_age_075,11
2010,다다0699,in_age_076,5
2010,다다0699,in_age_077,0
2010,다다0699,in_age_078,5
2010,다다0699,to_in_001,84
2010,다다0699,to_in_007,33
2010,다다0699,to_in_008,49
2010,다다0700,in_age_001,167
2010,다다0700,in_age_002,172
2010,다다0700,in_age_003,200
2010,다다0700,in_age_004,202
2010,다다0700,in_age_005,175
2010,다다0700,in_age_006,244
2010,다다0700,in_age_007,247
2010,다다0700,in_age_008,248
2010,다다0700,in_age_009,279
2010,다다0700,in_age_010,208
2010,다다0700,in_age_011,219
2010,다다0700,in_age_012,207
2010,다다0700,in_age_013,152
2010,다다0700,in_age_014,108
2010,다다0700,in_age_015,63
2010,다다0700,in_age_016,43
2010,다다0700,in_age_017,23
2010,다다0700,in_age_018,28
2010,다다0700,in_age_019,5
2010,다다0700,in_age_020,0
2010,다다0700,in_age_021,8
2010,다다0700,in_age_031,88
2010,다다0700,in_age_032,94
2010,다다0700,in_age_033,108
2010,다다0700,in_age_034,106
2010,다다0700,in_age_035,76
2010,다다0700,in_age_036,112
2010,다다0700,in_age_037,124
2010,다다0700,in_age_038,126
2010,다다0700,in_age_039,138
2010,다다0700,in_age_040,95
2010,다다0700,in_age_041,99
2010,다다0700,in_age_042,103
2010,다다0700,in_age_043,71
2010,다다0700,in_age_044,50
2010,다다0700,in_age_045,28
2010,다다0700,in_age_046,18
2010,다다0700,in_age_047,8
2010,다다0700,in_age_048,8
2010,다다0700,in_age_051,5
2010,다다0700,in_age_061,82
2010,다다0700,in_age_062,76
2010,다다0700,in_age_063,90
2010,다다0700,in_age_064,94
2010,다다0700,in_age_065,102
2010,다다0700,in_age_066,130
2010,다다0700,in_age_067,126
2010,다다0700,in_age_068,120
2010,다다0700,in_age_069,144
2010,다다0700,in_age_070,116
2010,다다0700,in_age_071,123
2010,다다0700,in_age_072,102
2010,다다0700,in_age_073,79
2010,다다0700,in_age_074,56
2010,다다0700,in_age_075,33
2010,다다0700,in_age_076,23
2010,다다0700,in_age_077,18
2010,다다0700,in_age_078,23
2010,다다0700,in_age_079,5
2010,다다0700,in_age_080,0
2010,다다0700,in_age_081,5
2010,다다0700,to_in_001,2984
2010,다다0700,to_in_007,1446
2010,다다0700,to_in_008,1541
2010,다다0701,in_age_001,188
2010,다다0701,in_age_002,153
2010,다다0701,in_age_003,161
2010,다다0701,in_age_004,160
2010,다다0701,in_age_005,147
2010,다다0701,in_age_006,199
2010,다다0701,in_age_007,237
2010,다다0701,in_age_008,264
2010,다다0701,in_age_009,224
2010,다다0701,in_age_010,189
2010,다다0701,in_age_011,201
2010,다다0701,in_age_012,171
2010,다다0701,in_age_013,159
2010,다다0701,in_age_014,175
2010,다다0701,in_age_015,131
2010,다다0701,in_age_016,93
2010,다다0701,in_age_017,48
2010,다다0701,in_age_018,38
2010,다다0701,in_age_019,8
2010,다다0701,in_age_020,5
2010,다다0701,in_age_031,97
2010,다다0701,in_age_032,83
2010,다다0701,in_age_033,90
2010,다다0701,in_age_034,64
2010,다다0701,in_age_035,75
2010,다다0701,in_age_036,99
2010,다다0701,in_age_037,118
2010,다다0701,in_age_038,159
2010,다다0701,in_age_039,125
2010,다다0701,in_age_040,91
2010,다다0701,in_age_041,89
2010,다다0701,in_age_042,86
2010,다다0701,in_age_043,79
2010,다다0701,in_age_044,86
2010,다다0701,in_age_045,59
2010,다다0701,in_age_046,38
2010,다다0701,in_age_047,8
2010,다다0701,in_age_048,8
2010,다다0701,in_age_049,0
2010,다다0701,in_age_050,0
2010,다다0701,in_age_061,89
2010,다다0701,in_age_062,68
2010,다다0701,in_age_063,74
2010,다다0701,in_age_064,99
2010,다다0701,in_age_065,75
2010,다다0701,in_age_066,103
2010,다다0701,in_age_067,117
2010,다다0701,in_age_068,108
2010,다다0701,in_age_069,102
2010,다다0701,in_age_070,96
2010,다다0701,in_age_071,110
2010,다다0701,in_age_072,83
2010,다다0701,in_age_073,78
2010,다다0701,in_age_074,87
2010,다다0701,in_age_075,70
2010,다다0701,in_age_076,58
2010,다다0701,in_age_077,43
2010,다다0701,in_age_078,28
2010,다다0701,in_age_079,8
2010,다다0701,in_age_080,5
2010,다다0701,to_in_001,2952
2010,다다0701,to_in_007,1458
2010,다다0701,to_in_008,1492
2010,다다0702,in_age_001,434
2010,다다0702,in_age_002,467
2010,다다0702,in_age_003,650
2010,다다0702,in_age_004,628
2010,다다0702,in_age_005,435
2010,다다0702,in_age_006,571
2010,다다0702,in_age_007,669
2010,다다0702,in_age_008,728
2010,다다0702,in_age_009,693
2010,다다0702,in_age_010,622
2010,다다0702,in_age_011,585
2010,다다0702,in_age_012,473
2010,다다0702,in_age_013,434
2010,다다0702,in_age_014,318
2010,다다0702,in_age_015,272
2010,다다0702,in_age_016,170
2010,다다0702,in_age_017,108
2010,다다0702,in_age_018,58
2010,다다0702,in_age_019,13
2010,다다0702,in_age_020,5
2010,다다0702,in_age_031,224
2010,다다0702,in_age_032,239
2010,다다0702,in_age_033,343
2010,다다0702,in_age_034,301
2010,다다0702,in_age_035,222
2010,다다0702,in_age_036,282
2010,다다0702,in_age_037,346
2010,다다0702,in_age_038,356
2010,다다0702,in_age_039,373
2010,다다0702,in_age_040,307
2010,다다0702,in_age_041,283
2010,다다0702,in_age_042,241
2010,다다0702,in_age_043,191
2010,다다0702,in_age_044,161
2010,다다0702,in_age_045,128
2010,다다0702,in_age_046,53
2010,다다0702,in_age_047,28
2010,다다0702,in_age_048,13
2010,다다0702,in_age_049,5
2010,다다0702,in_age_061,208
2010,다다0702,in_age_062,226
2010,다다0702,in_age_063,305
2010,다다0702,in_age_064,325
2010,다다0702,in_age_065,211
2010,다다0702,in_age_066,287
2010,다다0702,in_age_067,321
2010,다다0702,in_age_068,370
2010,다다0702,in_age_069,318
2010,다다0702,in_age_070,313
2010,다다0702,in_age_071,305
2010,다다0702,in_age_072,230
2010,다다0702,in_age_073,241
2010,다다0702,in_age_074,155
2010,다다0702,in_age_075,147
2010,다다0702,in_age_076,115
2010,다다0702,in_age_077,78
2010,다다0702,in_age_078,43
2010,다다0702,in_age_079,8
2010,다다0702,in_age_080,5
2010,다다0702,to_in_001,8324
2010,다다0702,to_in_007,4115
2010,다다0702,to_in_008,4212
2010,다다0703,in_age_001,66
2010,다다0703,in_age_002,57
2010,다다0703,in_age_003,66
2010,다다0703,in_age_004,99
2010,다다0703,in_age_005,55
2010,다다0703,in_age_006,67
2010,다다0703,in_age_007,109
2010,다다0703,in_age_008,66
2010,다다0703,in_age_009,90
2010,다다0703,in_age_010,87
2010,다다0703,in_age_011,135
2010,다다0703,in_age_012,67
2010,다다0703,in_age_013,48
2010,다다0703,in_age_014,26
2010,다다0703,in_age_015,23
2010,다다0703,in_age_016,18
2010,다다0703,in_age_017,5
2010,다다0703,in_age_018,8
2010,다다0703,in_age_019,0
2010,다다0703,in_age_031,36
2010,다다0703,in_age_032,30
2010,다다0703,in_age_033,33
2010,다다0703,in_age_034,55
2010,다다0703,in_age_035,26
2010,다다0703,in_age_036,37
2010,다다0703,in_age_037,51
2010,다다0703,in_age_038,33
2010,다다0703,in_age_039,48
2010,다다0703,in_age_040,33
2010,다다0703,in_age_041,71
2010,다다0703,in_age_042,29
2010,다다0703,in_age_043,23
2010,다다0703,in_age_044,16
2010,다다0703,in_age_045,13
2010,다다0703,in_age_046,8
2010,다다0703,in_age_048,5
2010,다다0703,in_age_061,28
2010,다다0703,in_age_062,25
2010,다다0703,in_age_063,31
2010,다다0703,in_age_064,42
2010,다다0703,in_age_065,32
2010,다다0703,in_age_066,33
2010,다다0703,in_age_067,61
2010,다다0703,in_age_068,36
2010,다다0703,in_age_069,40
2010,다다0703,in_age_070,52
2010,다다0703,in_age_071,67
2010,다다0703,in_age_072,36
2010,다다0703,in_age_073,23
2010,다다0703,in_age_074,13
2010,다다0703,in_age_075,13
2010,다다0703,in_age_076,13
2010,다다0703,in_age_077,5
2010,다다0703,in_age_078,5
2010,다다0703,in_age_079,0
2010,다다0703,to_in_001,1099
2010,다다0703,to_in_007,547
2010,다다0703,to_in_008,550
2010,다다0776,in_age_003,5
2010,다다0776,in_age_006,0
2010,다다0776,in_age_008,5
2010,다다0776,in_age_010,8
2010,다다0776,in_age_011,5
2010,다다0776,in_age_012,5
2010,다다0776,in_age_013,8
2010,다다0776,in_age_014,5
2010,다다0776,in_age_015,8
2010,다다0776,in_age_016,8
2010,다다0776,in_age_033,0
2010,다다0776,in_age_036,0
2010,다다0776,in_age_038,0
2010,다다0776,in_age_040,5
2010,다다0776,in_age_041,0
2010,다다0776,in_age_042,5
2010,다다0776,in_age_043,8
2010,다다0776,in_age_044,0
2010,다다0776,in_age_045,8
2010,다다0776,in_age_046,0
2010,다다0776,in_age_063,5
2010,다다0776,in_age_068,0
2010,다다0776,in_age_070,5
2010,다다0776,in_age_071,5
2010,다다0776,in_age_072,5
2010,다다0776,in_age_073,0
2010,다다0776,in_age_074,5
2010,다다0776,in_age_075,5
2010,다다0776,in_age_076,8
2010,다다0776,to_in_001,38
2010,다다0776,to_in_007,23
2010,다다0776,to_in_008,18
2010,다다0777,in_age_001,8
2010,다다0777,in_age_002,8
2010,다다0777,in_age_003,5
2010,다다0777,in_age_004,5
2010,다다0777,in_age_006,8
2010,다다0777,in_age_007,13
2010,다다0777,in_age_008,8
2010,다다0777,in_age_009,8
2010,다다0777,in_age_010,8
2010,다다0777,in_age_011,13
2010,다다0777,in_age_012,24
2010,다다0777,in_age_013,20
2010,다다0777,in_age_014,23
2010,다다0777,in_age_015,8
2010,다다0777,in_age_016,8
2010,다다0777,in_age_017,5
2010,다다0777,in_age_019,5
2010,다다0777,in_age_031,5
2010,다다0777,in_age_032,5
2010,다다0777,in_age_033,0
2010,다다0777,in_age_034,5
2010,다다0777,in_age_036,5
2010,다다0777,in_age_037,8
2010,다다0777,in_age_038,5
2010,다다0777,in_age_039,8
2010,다다0777,in_age_040,5
2010,다다0777,in_age_041,8
2010,다다0777,in_age_042,8
2010,다다0777,in_age_043,12
2010,다다0777,in_age_044,8
2010,다다0777,in_age_045,5
2010,다다0777,in_age_046,5
2010,다다0777,in_age_061,5
2010,다다0777,in_age_062,8
2010,다다0777,in_age_063,5
2010,다다0777,in_age_066,5
2010,다다0777,in_age_067,5
2010,다다0777,in_age_068,5
2010,다다0777,in_age_069,0
2010,다다0777,in_age_070,8
2010,다다0777,in_age_071,8
2010,다다0777,in_age_072,14
2010,다다0777,in_age_073,8
2010,다다0777,in_age_074,13
2010,다다0777,in_age_075,5
2010,다다0777,in_age_076,5
2010,다다0777,in_age_077,5
2010,다다0777,in_age_079,5
2010,다다0777,to_in_001,161
2010,다다0777,to_in_007,80
2010,다다0777,to_in_008,79
2010,다다0778,in_age_007,5
2010,다다0778,in_age_008,0
2010,다다0778,in_age_009,0
2010,다다0778,in_age_010,0
2010,다다0778,in_age_014,5
2010,다다0778,in_age_015,5
2010,다다0778,in_age_016,0
2010,다다0778,in_age_038,0
2010,다다0778,in_age_039,0
2010,다다0778,in_age_040,0
2010,다다0778,in_age_044,5
2010,다다0778,in_age_045,0
2010,다다0778,in_age_046,0
2010,다다0778,in_age_067,5
2010,다다0778,in_age_074,5
2010,다다0778,in_age_075,0
2010,다다0778,to_in_001,13
2010,다다0778,to_in_007,8
2010,다다0778,to_in_008,5
2010,다다0796,in_age_001,0
2010,다다0796,in_age_002,5
2010,다다0796,in_age_003,5
2010,다다0796,in_age_004,8
2010,다다0796,in_age_005,8
2010,다다0796,in_age_007,5
2010,다다0796,in_age_008,5
2010,다다0796,in_age_009,5
2010,다다0796,in_age_010,8
2010,다다0796,in_age_011,8
2010,다다0796,in_age_012,13
2010,다다0796,in_age_013,8
2010,다다0796,in_age_014,8
2010,다다0796,in_age_015,13
2010,다다0796,in_age_016,8
2010,다다0796,in_age_017,5
2010,다다0796,in_age_018,5
2010,다다0796,in_age_019,5
2010,다다0796,in_age_031,0
2010,다다0796,in_age_033,5
2010,다다0796,in_age_035,5
2010,다다0796,in_age_038,5
2010,다다0796,in_age_039,5
2010,다다0796,in_age_040,5
2010,다다0796,in_age_041,5
2010,다다0796,in_age_042,8
2010,다다0796,in_age_043,5
2010,다다0796,in_age_044,5
2010,다다0796,in_age_045,5
2010,다다0796,in_age_046,5
2010,다다0796,in_age_047,0
2010,다다0796,in_age_048,0
2010,다다0796,in_age_049,0
2010,다다0796,in_age_062,5
2010,다다0796,in_age_063,5
2010,다다0796,in_age_064,8
2010,다다0796,in_age_065,5
2010,다다0796,in_age_067,5
2010,다다0796,in_age_068,5
2010,다다0796,in_age_070,8
2010,다다0796,in_age_071,5
2010,다다0796,in_age_072,8
2010,다다0796,in_age_073,8
2010,다다0796,in_age_074,8
2010,다다0796,in_age_075,8
2010,다다0796,in_age_076,8
2010,다다0796,in_age_077,0
2010,다다0796,in_age_078,5
2010,다다0796,in_age_079,5
2010,다다0796,to_in_001,98
2010,다다0796,to_in_007,43
2010,다다0796,to_in_008,53
2010,다다0797,in_age_003,5
2010,다다0797,in_age_004,8
2010,다다0797,in_age_007,0
2010,다다0797,in_age_008,5
2010,다다0797,in_age_009,5
2010,다다0797,in_age_010,8
2010,다다0797,in_age_011,5
2010,다다0797,in_age_012,5
2010,다다0797,in_age_013,13
2010,다다0797,in_age_014,5
2010,다다0797,in_age_015,8
2010,다다0797,in_age_016,8
2010,다다0797,in_age_017,5
2010,다다0797,in_age_018,0
2010,다다0797,in_age_033,5
2010,다다0797,in_age_034,5
2010,다다0797,in_age_037,0
2010,다다0797,in_age_038,0
2010,다다0797,in_age_039,5
2010,다다0797,in_age_040,8
2010,다다0797,in_age_041,0
2010,다다0797,in_age_043,5
2010,다다0797,in_age_044,5
2010,다다0797,in_age_045,0
2010,다다0797,in_age_046,5
2010,다다0797,in_age_063,5
2010,다다0797,in_age_064,5
2010,다다0797,in_age_068,0
2010,다다0797,in_age_069,5
2010,다다0797,in_age_070,5
2010,다다0797,in_age_071,5
2010,다다0797,in_age_072,5
2010,다다0797,in_age_073,8
2010,다다0797,in_age_074,0
2010,다다0797,in_age_075,5
2010,다다0797,in_age_076,8
2010,다다0797,in_age_077,5
2010,다다0797,in_age_078,0
2010,다다0797,to_in_001,68
2010,다다0797,to_in_007,28
2010,다다0797,to_in_008,38
2010,다다0798,in_age_001,0
2010,다다0798,in_age_002,5
2010,다다0798,in_age_003,5
2010,다다0798,in_age_004,5
2010,다다0798,in_age_005,5
2010,다다0798,in_age_007,0
2010,다다0798,in_age_008,5
2010,다다0798,in_age_009,8
2010,다다0798,in_age_010,8
2010,다다0798,in_age_011,8
2010,다다0798,in_age_012,8
2010,다다0798,in_age_013,8
2010,다다0798,in_age_014,13
2010,다다0798,in_age_015,13
2010,다다0798,in_age_016,8
2010,다다0798,in_age_017,5
2010,다다0798,in_age_019,5
2010,다다0798,in_age_032,5
2010,다다0798,in_age_033,5
2010,다다0798,in_age_034,5
2010,다다0798,in_age_035,5
2010,다다0798,in_age_037,0
2010,다다0798,in_age_039,5
2010,다다0798,in_age_040,5
2010,다다0798,in_age_041,8
2010,다다0798,in_age_042,5
2010,다다0798,in_age_043,8
2010,다다0798,in_age_044,8
2010,다다0798,in_age_045,8
2010,다다0798,in_age_046,0
2010,다다0798,in_age_061,0
2010,다다0798,in_age_062,0
2010,다다0798,in_age_063,0
2010,다다0798,in_age_068,5
2010,다다0798,in_age_069,8
2010,다다0798,in_age_070,5
2010,다다0798,in_age_071,5
2010,다다0798,in_age_072,5
2010,다다0798,in_age_073,5
2010,다다0798,in_age_074,8
2010,다다0798,in_age_075,8
2010,다다0798,in_age_076,8
2010,다다0798,in_age_077,5
2010,다다0798,in_age_079,5
2010,다다0798,to_in_001,93
2010,다다0798,to_in_007,43
2010,다다0798,to_in_008,48
2010,다다0799,in_age_004,5
2010,다다0799,in_age_005,0
2010,다다0799,in_age_009,0
2010,다다0799,in_age_010,5
2010,다다0799,in_age_011,8
2010,다다0799,in_age_012,5
2010,다다0799,in_age_013,5
2010,다다0799,in_age_014,5
2010,다다0799,in_age_015,8
2010,다다0799,in_age_016,5
2010,다다0799,in_age_017,5
2010,다다0799,in_age_018,8
2010,다다0799,in_age_034,0
2010,다다0799,in_age_035,0
2010,다다0799,in_age_040,0
2010,다다0799,in_age_041,8
2010,다다0799,in_age_042,5
2010,다다0799,in_age_043,0
2010,다다0799,in_age_045,0
2010,다다0799,in_age_046,0
2010,다다0799,in_age_047,5
2010,다다0799,in_age_064,0
2010,다다0799,in_age_069,0
2010,다다0799,in_age_070,5
2010,다다0799,in_age_071,5
2010,다다0799,in_age_073,5
2010,다다0799,in_age_074,5
2010,다다0799,in_age_075,8
2010,다다0799,in_age_076,0
2010,다다0799,in_age_077,0
2010,다다0799,in_age_078,8
2010,다다0799,to_in_001,38
2010,다다0799,to_in_007,18
2010,다다0799,to_in_008,23
2010,다다0800,in_age_001,155
2010,다다0800,in_age_002,189
2010,다다0800,in_age_003,188
2010,다다0800,in_age_004,167
2010,다다0800,in_age_005,88
2010,다다0800,in_age_006,153
2010,다다0800,in_age_007,189
2010,다다0800,in_age_008,237
2010,다다0800,in_age_009,219
2010,다다0800,in_age_010,186
2010,다다0800,in_age_011,158
2010,다다0800,in_age_012,84
2010,다다0800,in_age_013,83
2010,다다0800,in_age_014,78
2010,다다0800,in_age_015,68
2010,다다0800,in_age_016,48
2010,다다0800,in_age_017,31
2010,다다0800,in_age_018,22
2010,다다0800,in_age_019,5
2010,다다0800,in_age_020,5
2010,다다0800,in_age_031,93
2010,다다0800,in_age_032,114
2010,다다0800,in_age_033,94
2010,다다0800,in_age_034,96
2010,다다0800,in_age_035,39
2010,다다0800,in_age_036,75
2010,다다0800,in_age_037,95
2010,다다0800,in_age_038,120
2010,다다0800,in_age_039,101
2010,다다0800,in_age_040,107
2010,다다0800,in_age_041,75
2010,다다0800,in_age_042,49
2010,다다0800,in_age_043,38
2010,다다0800,in_age_044,38
2010,다다0800,in_age_045,28
2010,다다0800,in_age_046,23
2010,다다0800,in_age_047,8
2010,다다0800,in_age_048,5
2010,다다0800,in_age_049,0
2010,다다0800,in_age_061,65
2010,다다0800,in_age_062,73
2010,다다0800,in_age_063,92
2010,다다0800,in_age_064,69
2010,다다0800,in_age_065,52
2010,다다0800,in_age_066,76
2010,다다0800,in_age_067,97
2010,다다0800,in_age_068,120
2010,다다0800,in_age_069,116
2010,다다0800,in_age_070,82
2010,다다0800,in_age_071,81
2010,다다0800,in_age_072,33
2010,다다0800,in_age_073,48
2010,다다0800,in_age_074,43
2010,다다0800,in_age_075,38
2010,다다0800,in_age_076,28
2010,다다0800,in_age_077,26
2010,다다0800,in_age_078,17
2010,다다0800,in_age_079,5
2010,다다0800,in_age_080,5
2010,다다0800,to_in_001,2357
2010,다다0800,to_in_007,1195
2010,다다0800,to_in_008,1160
2010,다다0801,in_age_001,644
2010,다다0801,in_age_002,628
2010,다다0801,in_age_003,865
2010,다다0801,in_age_004,743
2010,다다0801,in_age_005,514
2010,다다0801,in_age_006,798
2010,다다0801,in_age_007,888
2010,다다0801,in_age_008,995
2010,다다0801,in_age_009,926
2010,다다0801,in_age_010,801
2010,다다0801,in_age_011,731
2010,다다0801,in_age_012,556
2010,다다0801,in_age_013,576
2010,다다0801,in_age_014,496
2010,다다0801,in_age_015,322
2010,다다0801,in_age_016,196
2010,다다0801,in_age_017,83
2010,다다0801,in_age_018,63
2010,다다0801,in_age_019,23
2010,다다0801,in_age_020,5
2010,다다0801,in_age_021,8
2010,다다0801,in_age_031,323
2010,다다0801,in_age_032,320
2010,다다0801,in_age_033,449
2010,다다0801,in_age_034,386
2010,다다0801,in_age_035,226
2010,다다0801,in_age_036,402
2010,다다0801,in_age_037,459
2010,다다0801,in_age_038,514
2010,다다0801,in_age_039,472
2010,다다0801,in_age_040,403
2010,다다0801,in_age_041,351
2010,다다0801,in_age_042,245
2010,다다0801,in_age_043,258
2010,다다0801,in_age_044,261
2010,다다0801,in_age_045,150
2010,다다0801,in_age_046,83
2010,다다0801,in_age_047,13
2010,다다0801,in_age_048,13
2010,다다0801,in_age_049,8
2010,다다0801,in_age_061,324
2010,다다0801,in_age_062,311
2010,다다0801,in_age_063,414
2010,다다0801,in_age_064,355
2010,다다0801,in_age_065,291
2010,다다0801,in_age_066,399
2010,다다0801,in_age_067,427
2010,다다0801,in_age_068,484
2010,다다0801,in_age_069,452
2010,다다0801,in_age_070,396
2010,다다0801,in_age_071,383
2010,다다0801,in_age_072,309
2010,다다0801,in_age_073,321
2010,다다0801,in_age_074,238
2010,다다0801,in_age_075,170
2010,다다0801,in_age_076,116
2010,다다0801,in_age_077,68
2010,다다0801,in_age_078,53
2010,다다0801,in_age_079,18
2010,다다0801,in_age_080,5
2010,다다0801,in_age_081,8
2010,다다0801,to_in_001,10854
2010,다다0801,to_in_007,5327
2010,다다0801,to_in_008,5525
2010,다다0802,in_age_001,579
2010,다다0802,in_age_002,644
2010,다다0802,in_age_003,881
2010,다다0802,in_age_004,956
2010,다다0802,in_age_005,636
2010,다다0802,in_age_006,824
2010,다다0802,in_age_007,900
2010,다다0802,in_age_008,997
2010,다다0802,in_age_009,1075
2010,다다0802,in_age_010,944
2010,다다0802,in_age_011,938
2010,다다0802,in_age_012,717
2010,다다0802,in_age_013,594
2010,다다0802,in_age_014,503
2010,다다0802,in_age_015,444
2010,다다0802,in_age_016,343
2010,다다0802,in_age_017,162
2010,다다0802,in_age_018,98
2010,다다0802,in_age_019,23
2010,다다0802,in_age_020,8
2010,다다0802,in_age_021,5
2010,다다0802,in_age_031,320
2010,다다0802,in_age_032,345
2010,다다0802,in_age_033,461
2010,다다0802,in_age_034,518
2010,다다0802,in_age_035,275
2010,다다0802,in_age_036,438
2010,다다0802,in_age_037,482
2010,다다0802,in_age_038,495
2010,다다0802,in_age_039,548
2010,다다0802,in_age_040,470
2010,다다0802,in_age_041,468
2010,다다0802,in_age_042,350
2010,다다0802,in_age_043,282
2010,다다0802,in_age_044,228
2010,다다0802,in_age_045,195
2010,다다0802,in_age_046,130
2010,다다0802,in_age_047,38
2010,다다0802,in_age_048,18
2010,다다0802,in_age_049,5
2010,다다0802,in_age_050,5
2010,다다0802,in_age_061,257
2010,다다0802,in_age_062,297
2010,다다0802,in_age_063,423
2010,다다0802,in_age_064,441
2010,다다0802,in_age_065,359
2010,다다0802,in_age_066,384
2010,다다0802,in_age_067,416
2010,다다0802,in_age_068,500
2010,다다0802,in_age_069,530
2010,다다0802,in_age_070,477
2010,다다0802,in_age_071,468
2010,다다0802,in_age_072,365
2010,다다0802,in_age_073,310
2010,다다0802,in_age_074,273
2010,다다0802,in_age_075,252
2010,다다0802,in_age_076,216
2010,다다0802,in_age_077,122
2010,다다0802,in_age_078,78
2010,다다0802,in_age_079,18
2010,다다0802,in_age_080,8
2010,다다0802,in_age_081,5
2010,다다0802,to_in_001,12269
2010,다다0802,to_in_007,6070
2010,다다0802,to_in_008,6197
2010,다다0803,in_age_001,73
2010,다다0803,in_age_002,68
2010,다다0803,in_age_003,79
2010,다다0803,in_age_004,87
2010,다다0803,in_age_005,82
2010,다다0803,in_age_006,115
2010,다다0803,in_age_007,113
2010,다다0803,in_age_008,102
2010,다다0803,in_age_009,139
2010,다다0803,in_age_010,124
2010,다다0803,in_age_011,146
2010,다다0803,in_age_012,95
2010,다다0803,in_age_013,70
2010,다다0803,in_age_014,58
2010,다다0803,in_age_015,66
2010,다다0803,in_age_016,49
2010,다다0803,in_age_017,23
2010,다다0803,in_age_018,8
2010,다다0803,in_age_019,5
2010,다다0803,in_age_020,5
2010,다다0803,in_age_031,45
2010,다다0803,in_age_032,34
2010,다다0803,in_age_033,52
2010,다다0803,in_age_034,45
2010,다다0803,in_age_035,40
2010,다다0803,in_age_036,52
2010,다다0803,in_age_037,56
2010,다다0803,in_age_038,48
2010,다다0803,in_age_039,83
2010,다다0803,in_age_040,67
2010,다다0803,in_age_041,71
2010,다다0803,in_age_042,57
2010,다다0803,in_age_043,30
2010,다다0803,in_age_044,28
2010,다다0803,in_age_045,28
2010,다다0803,in_age_046,18
2010,다다0803,in_age_047,5
2010,다다0803,in_age_049,0
2010,다다0803,in_age_061,26
2010,다다0803,in_age_062,32
2010,다다0803,in_age_063,25
2010,다다0803,in_age_064,40
2010,다다0803,in_age_065,40
2010,다다0803,in_age_066,61
2010,다다0803,in_age_067,55
2010,다다0803,in_age_068,57
2010,다다0803,in_age_069,54
2010,다다0803,in_age_070,55
2010,다다0803,in_age_071,73
2010,다다0803,in_age_072,36
2010,다다0803,in_age_073,38
2010,다다0803,in_age_074,33
2010,다다0803,in_age_075,36
2010,다다0803,in_age_076,34
2010,다다0803,in_age_077,18
2010,다다0803,in_age_078,8
2010,다다0803,in_age_079,5
2010,다다0803,in_age_080,5
2010,다다0803,to_in_001,1501
2010,다다0803,to_in_007,764
2010,다다0803,to_in_008,740
2010,다다0872,in_age_001,5
2010,다다0872,in_age_002,5
2010,다다0872,in_age_004,0
2010,다다0872,in_age_005,5
2010,다다0872,in_age_007,8
2010,다다0872,in_age_008,0
2010,다다0872,in_age_009,0
2010,다다0872,in_age_010,5
2010,다다0872,in_age_011,5
2010,다다0872,in_age_012,5
2010,다다0872,in_age_014,5
2010,다다0872,in_age_015,5
2010,다다0872,in_age_016,5
2010,다다0872,in_age_017,5
2010,다다0872,in_age_018,0
2010,다다0872,in_age_031,5
2010,다다0872,in_age_032,5
2010,다다0872,in_age_038,0
2010,다다0872,in_age_039,0
2010,다다0872,in_age_040,0
2010,다다0872,in_age_041,0
2010,다다0872,in_age_042,5
2010,다다0872,in_age_045,0
2010,다다0872,in_age_046,0
2010,다다0872,in_age_047,5
2010,다다0872,in_age_062,5
2010,다다0872,in_age_064,0
2010,다다0872,in_age_065,5
2010,다다0872,in_age_067,8
2010,다다0872,in_age_070,0
2010,다다0872,in_age_071,5
2010,다다0872,in_age_074,5
2010,다다0872,in_age_075,5
2010,다다0872,in_age_076,5
2010,다다0872,in_age_078,0
2010,다다0872,to_in_001,33
2010,다다0872,to_in_007,13
2010,다다0872,to_in_008,18
2010,다다0873,in_age_001,13
2010,다다0873,in_age_002,13
2010,다다0873,in_age_003,13
2010,다다0873,in_age_004,8
2010,다다0873,in_age_005,8
2010,다다0873,in_age_006,8
2010,다다0873,in_age_007,13
2010,다다0873,in_age_008,13
2010,다다0873,in_age_009,28
2010,다다0873,in_age_010,18
2010,다다0873,in_age_011,13
2010,다다0873,in_age_012,18
2010,다다0873,in_age_013,18
2010,다다0873,in_age_014,23
2010,다다0873,in_age_015,23
2010,다다0873,in_age_016,8
2010,다다0873,in_age_017,5
2010,다다0873,in_age_018,5
2010,다다0873,in_age_031,8
2010,다다0873,in_age_032,8
2010,다다0873,in_age_033,8
2010,다다0873,in_age_034,5
2010,다다0873,in_age_035,5
2010,다다0873,in_age_036,8
2010,다다0873,in_age_037,8
2010,다다0873,in_age_038,8
2010,다다0873,in_age_039,18
2010,다다0873,in_age_040,8
2010,다다0873,in_age_041,8
2010,다다0873,in_age_042,13
2010,다다0873,in_age_043,13
2010,다다0873,in_age_044,13
2010,다다0873,in_age_045,8
2010,다다0873,in_age_046,8
2010,다다0873,in_age_048,0
2010,다다0873,in_age_061,8
2010,다다0873,in_age_062,8
2010,다다0873,in_age_063,8
2010,다다0873,in_age_064,8
2010,다다0873,in_age_065,5
2010,다다0873,in_age_066,5
2010,다다0873,in_age_067,8
2010,다다0873,in_age_068,8
2010,다다0873,in_age_069,8
2010,다다0873,in_age_070,13
2010,다다0873,in_age_071,13
2010,다다0873,in_age_072,8
2010,다다0873,in_age_073,8
2010,다다0873,in_age_074,13
2010,다다0873,in_age_075,18
2010,다다0873,in_age_076,8
2010,다다0873,in_age_077,5
2010,다다0873,in_age_078,0
2010,다다0873,to_in_001,253
2010,다다0873,to_in_007,118
2010,다다0873,to_in_008,133
2010,다다0877,in_age_001,0
2010,다다0877,in_age_003,5
2010,다다0877,in_age_004,0
2010,다다0877,in_age_005,5
2010,다다0877,in_age_006,5
2010,다다0877,in_age_007,5
2010,다다0877,in_age_008,5
2010,다다0877,in_age_009,5
2010,다다0877,in_age_010,8
2010,다다0877,in_age_011,13
2010,다다0877,in_age_012,5
2010,다다0877,in_age_013,5
2010,다다0877,in_age_014,0
2010,다다0877,in_age_016,0
2010,다다0877,in_age_018,5
2010,다다0877,in_age_031,0
2010,다다0877,in_age_033,5
2010,다다0877,in_age_036,5
2010,다다0877,in_age_037,5
2010,다다0877,in_age_038,5
2010,다다0877,in_age_039,5
2010,다다0877,in_age_040,5
2010,다다0877,in_age_041,8
2010,다다0877,in_age_042,0
2010,다다0877,in_age_043,5
2010,다다0877,in_age_044,0
2010,다다0877,in_age_063,5
2010,다다0877,in_age_064,0
2010,다다0877,in_age_065,5
2010,다다0877,in_age_066,0
2010,다다0877,in_age_068,0
2010,다다0877,in_age_069,5
2010,다다0877,in_age_070,5
2010,다다0877,in_age_071,5
2010,다다0877,in_age_072,5
2010,다다0877,in_age_073,0
2010,다다0877,in_age_076,0
2010,다다0877,in_age_078,5
2010,다다0877,to_in_001,53
2010,다다0877,to_in_007,28
2010,다다0877,to_in_008,23
2010,다다0878,in_age_001,13
2010,다다0878,in_age_002,8
2010,다다0878,in_age_003,8
2010,다다0878,in_age_004,5
2010,다다0878,in_age_005,5
2010,다다0878,in_age_006,8
2010,다다0878,in_age_007,18
2010,다다0878,in_age_008,13
2010,다다0878,in_age_009,8
2010,다다0878,in_age_010,18
2010,다다0878,in_age_011,23
2010,다다0878,in_age_012,23
2010,다다0878,in_age_013,33
2010,다다0878,in_age_014,18
2010,다다0878,in_age_015,23
2010,다다0878,in_age_016,8
2010,다다0878,in_age_017,0
2010,다다0878,in_age_031,8
2010,다다0878,in_age_032,5
2010,다다0878,in_age_033,8
2010,다다0878,in_age_034,0
2010,다다0878,in_age_036,5
2010,다다0878,in_age_037,13
2010,다다0878,in_age_038,8
2010,다다0878,in_age_039,5
2010,다다0878,in_age_040,8
2010,다다0878,in_age_041,8
2010,다다0878,in_age_042,8
2010,다다0878,in_age_043,18
2010,다다0878,in_age_044,8
2010,다다0878,in_age_045,8
2010,다다0878,in_age_046,5
2010,다다0878,in_age_061,8
2010,다다0878,in_age_062,5
2010,다다0878,in_age_063,8
2010,다다0878,in_age_064,5
2010,다다0878,in_age_065,5
2010,다다0878,in_age_066,5
2010,다다0878,in_age_067,8
2010,다다0878,in_age_068,5
2010,다다0878,in_age_069,5
2010,다다0878,in_age_070,8
2010,다다0878,in_age_071,13
2010,다다0878,in_age_072,13
2010,다다0878,in_age_073,18
2010,다다0878,in_age_074,13
2010,다다0878,in_age_075,13
2010,다다0878,in_age_076,8
2010,다다0878,in_age_077,0
2010,다다0878,to_in_001,223
2010,다다0878,to_in_007,108
2010,다다0878,to_in_008,118
2010,다다0897,in_age_002,0
2010,다다0897,in_age_003,5
2010,다다0897,in_age_004,5
2010,다다0897,in_age_005,5
2010,다다0897,in_age_008,0
2010,다다0897,in_age_009,5
2010,다다0897,in_age_010,13
2010,다다0897,in_age_011,13
2010,다다0897,in_age_012,5
2010,다다0897,in_age_013,5
2010,다다0897,in_age_014,5
2010,다다0897,in_age_015,8
2010,다다0897,in_age_016,5
2010,다다0897,in_age_017,5
2010,다다0897,in_age_018,0
2010,다다0897,in_age_032,0
2010,다다0897,in_age_033,5
2010,다다0897,in_age_034,5
2010,다다0897,in_age_035,0
2010,다다0897,in_age_039,0
2010,다다0897,in_age_040,5
2010,다다0897,in_age_041,8
2010,다다0897,in_age_042,5
2010,다다0897,in_age_043,0
2010,다다0897,in_age_044,0
2010,다다0897,in_age_045,5
2010,다다0897,in_age_046,0
2010,다다0897,in_age_063,0
2010,다다0897,in_age_065,5
2010,다다0897,in_age_068,0
2010,다다0897,in_age_069,5
2010,다다0897,in_age_070,8
2010,다다0897,in_age_071,5
2010,다다0897,in_age_072,0
2010,다다0897,in_age_073,5
2010,다다0897,in_age_074,0
2010,다다0897,in_age_075,5
2010,다다0897,in_age_076,5
2010,다다0897,in_age_077,5
2010,다다0897,in_age_078,0
2010,다다0897,to_in_001,63
2010,다다0897,to_in_007,28
2010,다다0897,to_in_008,33
2010,다다0898,in_age_001,0
2010,다다0898,in_age_002,0
2010,다다0898,in_age_003,5
2010,다다0898,in_age_004,0
2010,다다0898,in_age_005,0
2010,다다0898,in_age_007,5
2010,다다0898,in_age_009,8
2010,다다0898,in_age_010,13
2010,다다0898,in_age_011,8
2010,다다0898,in_age_012,8
2010,다다0898,in_age_013,13
2010,다다0898,in_age_014,13
2010,다다0898,in_age_015,18
2010,다다0898,in_age_016,5
2010,다다0898,in_age_017,5
2010,다다0898,in_age_018,0
2010,다다0898,in_age_031,0
2010,다다0898,in_age_032,0
2010,다다0898,in_age_033,5
2010,다다0898,in_age_039,5
2010,다다0898,in_age_040,5
2010,다다0898,in_age_041,8
2010,다다0898,in_age_042,0
2010,다다0898,in_age_043,13
2010,다다0898,in_age_044,5
2010,다다0898,in_age_045,8
2010,다다0898,in_age_046,5
2010,다다0898,in_age_048,0
2010,다다0898,in_age_063,0
2010,다다0898,in_age_064,0
2010,다다0898,in_age_065,0
2010,다다0898,in_age_067,5
2010,다다0898,in_age_069,5
2010,다다0898,in_age_070,8
2010,다다0898,in_age_071,0
2010,다다0898,in_age_072,8
2010,다다0898,in_age_073,8
2010,다다0898,in_age_074,8
2010,다다0898,in_age_075,8
2010,다다0898,in_age_076,5
2010,다다0898,in_age_077,5
2010,다다0898,to_in_001,93
2010,다다0898,to_in_007,43
2010,다다0898,to_in_008,53
2010,다다0899,in_age_003,0
2010,다다0899,in_age_004,5
2010,다다0899,in_age_005,0
2010,다다0899,in_age_006,5
2010,다다0899,in_age_007,0
2010,다다0899,in_age_010,5
2010,다다0899,in_age_011,8
2010,다다0899,in_age_012,8
2010,다다0899,in_age_013,5
2010,다다0899,in_age_014,8
2010,다다0899,in_age_015,8
2010,다다0899,in_age_016,8
2010,다다0899,in_age_017,0
2010,다다0899,in_age_018,5
2010,다다0899,in_age_019,5
2010,다다0899,in_age_033,0
2010,다다0899,in_age_034,0
2010,다다0899,in_age_041,8
2010,다다0899,in_age_042,5
2010,다다0899,in_age_043,0
2010,다다0899,in_age_044,5
2010,다다0899,in_age_045,0
2010,다다0899,in_age_046,5
2010,다다0899,in_age_047,0
2010,다다0899,in_age_048,0
2010,다다0899,in_age_064,0
2010,다다0899,in_age_065,0
2010,다다0899,in_age_066,5
2010,다다0899,in_age_067,0
2010,다다0899,in_age_070,5
2010,다다0899,in_age_072,5
2010,다다0899,in_age_073,0
2010,다다0899,in_age_074,8
2010,다다0899,in_age_075,8
2010,다다0899,in_age_076,5
2010,다다0899,in_age_078,5
2010,다다0899,in_age_079,5
2010,다다0899,to_in_001,53
2010,다다0899,to_in_007,18
2010,다다0899,to_in_008,38
2010,다다0900,in_age_001,861
2010,다다0900,in_age_002,1071
2010,다다0900,in_age_003,1270
2010,다다0900,in_age_004,1115
2010,다다0900,in_age_005,753
2010,다다0900,in_age_006,1047
2010,다다0900,in_age_007,1062
2010,다다0900,in_age_008,1266
2010,다다0900,in_age_009,1381
2010,다다0900,in_age_010,1156
2010,다다0900,in_age_011,1066
2010,다다0900,in_age_012,687
2010,다다0900,in_age_013,563
2010,다다0900,in_age_014,354
2010,다다0900,in_age_015,258
2010,다다0900,in_age_016,154
2010,다다0900,in_age_017,92
2010,다다0900,in_age_018,53
2010,다다0900,in_age_019,18
2010,다다0900,in_age_020,8
2010,다다0900,in_age_031,425
2010,다다0900,in_age_032,543
2010,다다0900,in_age_033,665
2010,다다0900,in_age_034,549
2010,다다0900,in_age_035,310
2010,다다0900,in_age_036,508
2010,다다0900,in_age_037,524
2010,다다0900,in_age_038,568
2010,다다0900,in_age_039,687
2010,다다0900,in_age_040,552
2010,다다0900,in_age_041,519
2010,다다0900,in_age_042,327
2010,다다0900,in_age_043,271
2010,다다0900,in_age_044,175
2010,다다0900,in_age_045,118
2010,다다0900,in_age_046,58
2010,다다0900,in_age_047,23
2010,다다0900,in_age_048,8
2010,다다0900,in_age_049,5
2010,다다0900,in_age_050,0
2010,다다0900,in_age_061,439
2010,다다0900,in_age_062,526
2010,다다0900,in_age_063,608
2010,다다0900,in_age_064,564
2010,다다0900,in_age_065,441
2010,다다0900,in_age_066,537
2010,다다0900,in_age_067,536
2010,다다0900,in_age_068,696
2010,다다0900,in_age_069,692
2010,다다0900,in_age_070,602
2010,다다0900,in_age_071,545
2010,다다0900,in_age_072,358
2010,다다0900,in_age_073,295
2010,다다0900,in_age_074,177
2010,다다0900,in_age_075,143
2010,다다0900,in_age_076,94
2010,다다0900,in_age_077,67
2010,다다0900,in_age_078,43
2010,다다0900,in_age_079,18
2010,다다0900,in_age_080,8
2010,다다0900,to_in_001,14223
2010,다다0900,to_in_007,6834
2010,다다0900,to_in_008,7392
2010,다다0901,in_age_001,713
2010,다다0901,in_age_002,861
2010,다다0901,in_age_003,1044
2010,다다0901,in_age_004,946
2010,다다0901,in_age_005,728
2010,다다0901,in_age_006,991
2010,다다0901,in_age_007,942
2010,다다0901,in_age_008,1123
2010,다다0901,in_age_009,1180
2010,다다0901,in_age_010,1047
2010,다다0901,in_age_011,987
2010,다다0901,in_age_012,675
2010,다다0901,in_age_013,649
2010,다다0901,in_age_014,572
2010,다다0901,in_age_015,467
2010,다다0901,in_age_016,321
2010,다다0901,in_age_017,171
2010,다다0901,in_age_018,68
2010,다다0901,in_age_019,23
2010,다다0901,in_age_020,8
2010,다다0901,in_age_031,369
2010,다다0901,in_age_032,458
2010,다다0901,in_age_033,540
2010,다다0901,in_age_034,471
2010,다다0901,in_age_035,297
2010,다다0901,in_age_036,462
2010,다다0901,in_age_037,458
2010,다다0901,in_age_038,537
2010,다다0901,in_age_039,578
2010,다다0901,in_age_040,491
2010,다다0901,in_age_041,463
2010,다다0901,in_age_042,307
2010,다다0901,in_age_043,302
2010,다다0901,in_age_044,271
2010,다다0901,in_age_045,224
2010,다다0901,in_age_046,138
2010,다다0901,in_age_047,48
2010,다다0901,in_age_048,13
2010,다다0901,in_age_049,0
2010,다다0901,in_age_061,342
2010,다다0901,in_age_062,401
2010,다다0901,in_age_063,507
2010,다다0901,in_age_064,478
2010,다다0901,in_age_065,434
2010,다다0901,in_age_066,527
2010,다다0901,in_age_067,487
2010,다다0901,in_age_068,589
2010,다다0901,in_age_069,605
2010,다다0901,in_age_070,554
2010,다다0901,in_age_071,522
2010,다다0901,in_age_072,366
2010,다다0901,in_age_073,350
2010,다다0901,in_age_074,304
2010,다다0901,in_age_075,246
2010,다다0901,in_age_076,181
2010,다다0901,in_age_077,121
2010,다다0901,in_age_078,53
2010,다다0901,in_age_079,18
2010,다다0901,in_age_080,8
2010,다다0901,to_in_001,13519
2010,다다0901,to_in_007,6431
2010,다다0901,to_in_008,7091
2010,다다0902,in_age_001,530
2010,다다0902,in_age_002,515
2010,다다0902,in_age_003,751
2010,다다0902,in_age_004,811
2010,다다0902,in_age_005,673
2010,다다0902,in_age_006,996
2010,다다0902,in_age_007,944
2010,다다0902,in_age_008,951
2010,다다0902,in_age_009,997
2010,다다0902,in_age_010,1070
2010,다다0902,in_age_011,1064
2010,다다0902,in_age_012,706
2010,다다0902,in_age_013,654
2010,다다0902,in_age_014,571
2010,다다0902,in_age_015,481
2010,다다0902,in_age_016,389
2010,다다0902,in_age_017,219
2010,다다0902,in_age_018,128
2010,다다0902,in_age_019,34
2010,다다0902,in_age_020,13
2010,다다0902,in_age_021,5
2010,다다0902,in_age_031,287
2010,다다0902,in_age_032,264
2010,다다0902,in_age_033,376
2010,다다0902,in_age_034,401
2010,다다0902,in_age_035,311
2010,다다0902,in_age_036,494
2010,다다0902,in_age_037,518
2010,다다0902,in_age_038,522
2010,다다0902,in_age_039,501
2010,다다0902,in_age_040,532
2010,다다0902,in_age_041,545
2010,다다0902,in_age_042,335
2010,다다0902,in_age_043,317
2010,다다0902,in_age_044,245
2010,다다0902,in_age_045,209
2010,다다0902,in_age_046,140
2010,다다0902,in_age_047,43
2010,다다0902,in_age_048,33
2010,다다0902,in_age_049,5
2010,다다0902,in_age_050,5
2010,다다0902,in_age_051,0
2010,다다0902,in_age_061,241
2010,다다0902,in_age_062,249
2010,다다0902,in_age_063,378
2010,다다0902,in_age_064,413
2010,다다0902,in_age_065,360
2010,다다0902,in_age_066,500
2010,다다0902,in_age_067,424
2010,다다0902,in_age_068,427
2010,다다0902,in_age_069,499
2010,다다0902,in_age_070,541
2010,다다0902,in_age_071,517
2010,다다0902,in_age_072,369
2010,다다0902,in_age_073,340
2010,다다0902,in_age_074,324
2010,다다0902,in_age_075,270
2010,다다0902,in_age_076,247
2010,다다0902,in_age_077,179
2010,다다0902,in_age_078,98
2010,다다0902,in_age_079,29
2010,다다0902,in_age_080,8
2010,다다0902,in_age_081,0
2010,다다0902,to_in_001,12505
2010,다다0902,to_in_007,6087
2010,다다0902,to_in_008,6416
2010,다다0903,in_age_001,116
2010,다다0903,in_age_002,93
2010,다다0903,in_age_003,96
2010,다다0903,in_age_004,135
2010,다다0903,in_age_005,154
2010,다다0903,in_age_006,219
2010,다다0903,in_age_007,237
2010,다다0903,in_age_008,186
2010,다다0903,in_age_009,186
2010,다다0903,in_age_010,208
2010,다다0903,in_age_011,221
2010,다다0903,in_age_012,177
2010,다다0903,in_age_013,153
2010,다다0903,in_age_014,117
2010,다다0903,in_age_015,89
2010,다다0903,in_age_016,75
2010,다다0903,in_age_017,44
2010,다다0903,in_age_018,32
2010,다다0903,in_age_019,5
2010,다다0903,in_age_020,5
2010,다다0903,in_age_031,60
2010,다다0903,in_age_032,51
2010,다다0903,in_age_033,51
2010,다다0903,in_age_034,71
2010,다다0903,in_age_035,55
2010,다다0903,in_age_036,101
2010,다다0903,in_age_037,149
2010,다다0903,in_age_038,97
2010,다다0903,in_age_039,101
2010,다다0903,in_age_040,115
2010,다다0903,in_age_041,120
2010,다다0903,in_age_042,95
2010,다다0903,in_age_043,79
2010,다다0903,in_age_044,54
2010,다다0903,in_age_045,39
2010,다다0903,in_age_046,23
2010,다다0903,in_age_047,13
2010,다다0903,in_age_048,8
2010,다다0903,in_age_050,5
2010,다다0903,in_age_061,54
2010,다다0903,in_age_062,45
2010,다다0903,in_age_063,43
2010,다다0903,in_age_064,62
2010,다다0903,in_age_065,97
2010,다다0903,in_age_066,116
2010,다다0903,in_age_067,91
2010,다다0903,in_age_068,92
2010,다다0903,in_age_069,83
2010,다다0903,in_age_070,91
2010,다다0903,in_age_071,104
2010,다다0903,in_age_072,85
2010,다다0903,in_age_073,72
2010,다다0903,in_age_074,61
2010,다다0903,in_age_075,48
2010,다다0903,in_age_076,50
2010,다다0903,in_age_077,29
2010,다다0903,in_age_078,22
2010,다다0903,in_age_079,5
2010,다다0903,in_age_080,5
2010,다다0903,to_in_001,2542
2010,다다0903,to_in_007,1296
2010,다다0903,to_in_008,1244
2010,다다0970,in_age_001,5
2010,다다0970,in_age_002,5
2010,다다0970,in_age_003,5
2010,다다0970,in_age_004,5
2010,다다0970,in_age_007,5
2010,다다0970,in_age_008,0
2010,다다0970,in_age_009,5
2010,다다0970,in_age_010,8
2010,다다0970,in_age_011,5
2010,다다0970,in_age_012,5
2010,다다0970,in_age_013,0
2010,다다0970,in_age_014,0
2010,다다0970,in_age_015,5
2010,다다0970,in_age_016,0
2010,다다0970,in_age_031,0
2010,다다0970,in_age_032,5
2010,다다0970,in_age_033,0
2010,다다0970,in_age_034,5
2010,다다0970,in_age_039,5
2010,다다0970,in_age_040,5
2010,다다0970,in_age_041,5
2010,다다0970,in_age_042,0
2010,다다0970,in_age_043,0
2010,다다0970,in_age_044,0
2010,다다0970,in_age_045,5
2010,다다0970,in_age_061,0
2010,다다0970,in_age_062,0
2010,다다0970,in_age_063,5
2010,다다0970,in_age_064,0
2010,다다0970,in_age_067,5
2010,다다0970,in_age_068,0
2010,다다0970,in_age_069,5
2010,다다0970,in_age_070,5
2010,다다0970,in_age_071,0
2010,다다0970,in_age_072,5
2010,다다0970,in_age_075,0
2010,다다0970,in_age_076,0
2010,다다0970,to_in_001,43
2010,다다0970,to_in_007,23
2010,다다0970,to_in_008,23
2010,다다0971,in_age_001,5
2010,다다0971,in_age_002,0
2010,다다0971,in_age_003,5
2010,다다0971,in_age_004,0
2010,다다0971,in_age_005,0
2010,다다0971,in_age_006,0
2010,다다0971,in_age_007,5
2010,다다0971,in_age_008,0
2010,다다0971,in_age_009,5
2010,다다0971,in_age_010,8
2010,다다0971,in_age_011,8
2010,다다0971,in_age_012,8
2010,다다0971,in_age_013,5
2010,다다0971,in_age_014,5
2010,다다0971,in_age_015,5
2010,다다0971,in_age_016,5
2010,다다0971,in_age_018,0
2010,다다0971,in_age_031,5
2010,다다0971,in_age_033,5
2010,다다0971,in_age_034,0
2010,다다0971,in_age_035,0
2010,다다0971,in_age_036,0
2010,다다0971,in_age_037,5
2010,다다0971,in_age_039,0
2010,다다0971,in_age_040,5
2010,다다0971,in_age_041,5
2010,다다0971,in_age_042,5
2010,다다0971,in_age_043,0
2010,다다0971,in_age_044,5
2010,다다0971,in_age_046,5
2010,다다0971,in_age_062,0
2010,다다0971,in_age_063,0
2010,다다0971,in_age_067,0
2010,다다0971,in_age_068,0
2010,다다0971,in_age_069,0
2010,다다0971,in_age_070,8
2010,다다0971,in_age_071,5
2010,다다0971,in_age_072,5
2010,다다0971,in_age_073,5
2010,다다0971,in_age_074,0
2010,다다0971,in_age_075,5
2010,다다0971,in_age_076,0
2010,다다0971,in_age_078,0
2010,다다0971,to_in_001,48
2010,다다0971,to_in_007,23
2010,다다0971,to_in_008,23
2010,다다0973,in_age_010,0
2010,다다0973,in_age_011,0
2010,다다0973,in_age_041,0
2010,다다0973,in_age_070,0
2010,다다0973,to_in_001,5
2010,다다0973,to_in_007,0
2010,다다0973,to_in_008,0
2010,다다0975,in_age_001,5
2010,다다0975,in_age_003,5
2010,다다0975,in_age_006,5
2010,다다0975,in_age_008,8
2010,다다0975,in_age_009,5
2010,다다0975,in_age_010,8
2010,다다0975,in_age_011,5
2010,다다0975,in_age_012,5
2010,다다0975,in_age_014,5
2010,다다0975,in_age_015,5
2010,다다0975,in_age_016,0
2010,다다0975,in_age_033,0
2010,다다0975,in_age_036,0
2010,다다0975,in_age_038,5
2010,다다0975,in_age_040,8
2010,다다0975,in_age_041,0
2010,다다0975,in_age_042,5
2010,다다0975,in_age_044,0
2010,다다0975,in_age_045,0
2010,다다0975,in_age_061,5
2010,다다0975,in_age_063,0
2010,다다0975,in_age_066,5
2010,다다0975,in_age_068,5
2010,다다0975,in_age_069,5
2010,다다0975,in_age_070,0
2010,다다0975,in_age_071,5
2010,다다0975,in_age_074,5
2010,다다0975,in_age_075,5
2010,다다0975,in_age_076,0
2010,다다0975,to_in_001,28
2010,다다0975,to_in_007,13
2010,다다0975,to_in_008,18
2010,다다0978,in_age_001,5
2010,다다0978,in_age_002,0
2010,다다0978,in_age_003,8
2010,다다0978,in_age_004,5
2010,다다0978,in_age_005,5
2010,다다0978,in_age_006,5
2010,다다0978,in_age_007,5
2010,다다0978,in_age_008,5
2010,다다0978,in_age_009,8
2010,다다0978,in_age_010,5
2010,다다0978,in_age_011,5
2010,다다0978,in_age_012,5
2010,다다0978,in_age_013,5
2010,다다0978,in_age_014,5
2010,다다0978,in_age_031,0
2010,다다0978,in_age_033,5
2010,다다0978,in_age_034,0
2010,다다0978,in_age_035,0
2010,다다0978,in_age_036,5
2010,다다0978,in_age_037,0
2010,다다0978,in_age_038,0
2010,다다0978,in_age_039,5
2010,다다0978,in_age_040,5
2010,다다0978,in_age_041,5
2010,다다0978,in_age_042,5
2010,다다0978,in_age_043,0
2010,다다0978,in_age_044,5
2010,다다0978,in_age_061,0
2010,다다0978,in_age_062,0
2010,다다0978,in_age_063,5
2010,다다0978,in_age_064,5
2010,다다0978,in_age_065,0
2010,다다0978,in_age_066,0
2010,다다0978,in_age_067,0
2010,다다0978,in_age_068,0
2010,다다0978,in_age_069,8
2010,다다0978,in_age_070,0
2010,다다0978,in_age_071,0
2010,다다0978,in_age_072,5
2010,다다0978,in_age_073,5
2010,다다0978,in_age_074,0
2010,다다0978,to_in_001,53
2010,다다0978,to_in_007,23
2010,다다0978,to_in_008,28
2010,다다0979,in_age_005,0
2010,다다0979,in_age_006,5
2010,다다0979,in_age_007,5
2010,다다0979,in_age_009,0
2010,다다0979,in_age_010,5
2010,다다0979,in_age_011,5
2010,다다0979,in_age_012,5
2010,다다0979,in_age_013,0
2010,다다0979,in_age_014,5
2010,다다0979,in_age_015,5
2010,다다0979,in_age_036,0
2010,다다0979,in_age_037,5
2010,다다0979,in_age_039,0
2010,다다0979,in_age_041,5
2010,다다0979,in_age_042,5
2010,다다0979,in_age_044,5
2010,다다0979,in_age_065,0
2010,다다0979,in_age_066,0
2010,다다0979,in_age_070,5
2010,다다0979,in_age_071,0
2010,다다0979,in_age_072,5
2010,다다0979,in_age_073,0
2010,다다0979,in_age_075,5
2010,다다0979,to_in_001,18
2010,다다0979,to_in_007,8
2010,다다0979,to_in_008,8
2010,다다0990,in_age_001,0
2010,다다0990,in_age_002,0
2010,다다0990,in_age_004,0
2010,다다0990,in_age_006,0
2010,다다0990,in_age_007,0
2010,다다0990,in_age_008,5
2010,다다0990,in_age_009,0
2010,다다0990,in_age_010,5
2010,다다0990,in_age_011,5
2010,다다0990,in_age_012,5
2010,다다0990,in_age_013,5
2010,다다0990,in_age_014,5
2010,다다0990,in_age_015,0
2010,다다0990,in_age_016,5
2010,다다0990,in_age_018,0
2010,다다0990,in_age_031,0
2010,다다0990,in_age_032,0
2010,다다0990,in_age_037,0
2010,다다0990,in_age_038,5
2010,다다0990,in_age_039,0
2010,다다0990,in_age_041,5
2010,다다0990,in_age_042,5
2010,다다0990,in_age_043,5
2010,다다0990,in_age_044,0
2010,다다0990,in_age_046,0
2010,다다0990,in_age_064,0
2010,다다0990,in_age_066,0
2010,다다0990,in_age_070,5
2010,다다0990,in_age_071,0
2010,다다0990,in_age_072,5
2010,다다0990,in_age_074,0
2010,다다0990,in_age_075,0
2010,다다0990,in_age_076,5
2010,다다0990,in_age_078,0
2010,다다0990,to_in_001,28
2010,다다0990,to_in_007,13
2010,다다0990,to_in_008,13
2010,다다0991,in_age_001,8
2010,다다0991,in_age_002,5
2010,다다0991,in_age_003,13
2010,다다0991,in_age_004,18
2010,다다0991,in_age_005,5
2010,다다0991,in_age_006,8
2010,다다0991,in_age_007,8
2010,다다0991,in_age_008,13
2010,다다0991,in_age_009,13
2010,다다0991,in_age_010,23
2010,다다0991,in_age_011,18
2010,다다0991,in_age_012,18
2010,다다0991,in_age_013,13
2010,다다0991,in_age_014,8
2010,다다0991,in_age_015,8
2010,다다0991,in_age_016,8
2010,다다0991,in_age_017,5
2010,다다0991,in_age_019,5
2010,다다0991,in_age_031,0
2010,다다0991,in_age_032,0
2010,다다0991,in_age_033,8
2010,다다0991,in_age_034,8
2010,다다0991,in_age_035,5
2010,다다0991,in_age_036,5
2010,다다0991,in_age_037,5
2010,다다0991,in_age_038,8
2010,다다0991,in_age_039,8
2010,다다0991,in_age_040,8
2010,다다0991,in_age_041,8
2010,다다0991,in_age_042,8
2010,다다0991,in_age_043,5
2010,다다0991,in_age_044,8
2010,다다0991,in_age_045,5
2010,다다0991,in_age_046,8
2010,다다0991,in_age_047,0
2010,다다0991,in_age_049,0
2010,다다0991,in_age_061,8
2010,다다0991,in_age_062,5
2010,다다0991,in_age_063,8
2010,다다0991,in_age_064,13
2010,다다0991,in_age_065,0
2010,다다0991,in_age_066,5
2010,다다0991,in_age_067,5
2010,다다0991,in_age_068,8
2010,다다0991,in_age_069,8
2010,다다0991,in_age_070,13
2010,다다0991,in_age_071,8
2010,다다0991,in_age_072,8
2010,다다0991,in_age_073,8
2010,다다0991,in_age_074,5
2010,다다0991,in_age_075,8
2010,다다0991,in_age_076,8
2010,다다0991,in_age_077,5
2010,다다0991,in_age_079,0
2010,다다0991,to_in_001,193
2010,다다0991,to_in_007,88
2010,다다0991,to_in_008,103
2010,다다0992,in_age_001,5
2010,다다0992,in_age_002,5
2010,다다0992,in_age_003,5
2010,다다0992,in_age_004,5
2010,다다0992,in_age_005,0
2010,다다0992,in_age_006,0
2010,다다0992,in_age_007,5
2010,다다0992,in_age_008,8
2010,다다0992,in_age_009,5
2010,다다0992,in_age_010,8
2010,다다0992,in_age_011,8
2010,다다0992,in_age_012,8
2010,다다0992,in_age_013,5
2010,다다0992,in_age_014,5
2010,다다0992,in_age_015,5
2010,다다0992,in_age_016,0
2010,다다0992,in_age_031,0
2010,다다0992,in_age_032,0
2010,다다0992,in_age_033,0
2010,다다0992,in_age_034,0
2010,다다0992,in_age_037,5
2010,다다0992,in_age_038,5
2010,다다0992,in_age_039,0
2010,다다0992,in_age_040,0
2010,다다0992,in_age_041,5
2010,다다0992,in_age_042,8
2010,다다0992,in_age_043,5
2010,다다0992,in_age_044,5
2010,다다0992,in_age_045,0
2010,다다0992,in_age_061,0
2010,다다0992,in_age_062,0
2010,다다0992,in_age_063,5
2010,다다0992,in_age_064,0
2010,다다0992,in_age_065,0
2010,다다0992,in_age_066,0
2010,다다0992,in_age_067,0
2010,다다0992,in_age_068,8
2010,다다0992,in_age_069,0
2010,다다0992,in_age_070,8
2010,다다0992,in_age_071,8
2010,다다0992,in_age_072,5
2010,다다0992,in_age_073,5
2010,다다0992,in_age_074,0
2010,다다0992,in_age_075,5
2010,다다0992,in_age_076,0
2010,다다0992,to_in_001,58
2010,다다0992,to_in_007,28
2010,다다0992,to_in_008,28
2010,다다0995,in_age_016,0
2010,다다0995,in_age_076,0
2010,다다0995,to_in_001,0
2010,다다0995,to_in_007,0
2010,다다0995,to_in_008,0
2010,다다0996,in_age_001,0
2010,다다0996,in_age_002,5
2010,다다0996,in_age_003,5
2010,다다0996,in_age_004,5
2010,다다0996,in_age_005,0
2010,다다0996,in_age_006,0
2010,다다0996,in_age_007,5
2010,다다0996,in_age_008,5
2010,다다0996,in_age_009,5
2010,다다0996,in_age_010,8
2010,다다0996,in_age_011,8
2010,다다0996,in_age_012,5
2010,다다0996,in_age_013,13
2010,다다0996,in_age_014,18
2010,다다0996,in_age_015,8
2010,다다0996,in_age_016,5
2010,다다0996,in_age_017,5
2010,다다0996,in_age_018,5
2010,다다0996,in_age_031,0
2010,다다0996,in_age_033,0
2010,다다0996,in_age_034,5
2010,다다0996,in_age_035,0
2010,다다0996,in_age_036,0
2010,다다0996,in_age_038,0
2010,다다0996,in_age_039,5
2010,다다0996,in_age_040,5
2010,다다0996,in_age_041,5
2010,다다0996,in_age_043,8
2010,다다0996,in_age_044,5
2010,다다0996,in_age_045,5
2010,다다0996,in_age_047,0
2010,다다0996,in_age_062,5
2010,다다0996,in_age_063,5
2010,다다0996,in_age_067,5
2010,다다0996,in_age_068,0
2010,다다0996,in_age_069,0
2010,다다0996,in_age_070,5
2010,다다0996,in_age_071,5
2010,다다0996,in_age_072,5
2010,다다0996,in_age_073,8
2010,다다0996,in_age_074,13
2010,다다0996,in_age_075,5
2010,다다0996,in_age_076,5
2010,다다0996,in_age_077,0
2010,다다0996,in_age_078,5
2010,다다0996,to_in_001,83
2010,다다0996,to_in_007,33
2010,다다0996,to_in_008,48
2010,다다0997,in_age_001,28
2010,다다0997,in_age_002,38
2010,다다0997,in_age_003,38
2010,다다0997,in_age_004,28
2010,다다0997,in_age_005,13
2010,다다0997,in_age_006,21
2010,다다0997,in_age_007,25
2010,다다0997,in_age_008,38
2010,다다0997,in_age_009,43
2010,다다0997,in_age_010,63
2010,다다0997,in_age_011,75
2010,다다0997,in_age_012,53
2010,다다0997,in_age_013,43
2010,다다0997,in_age_014,50
2010,다다0997,in_age_015,28
2010,다다0997,in_age_016,28
2010,다다0997,in_age_017,18
2010,다다0997,in_age_018,5
2010,다다0997,in_age_019,5
2010,다다0997,in_age_031,18
2010,다다0997,in_age_032,18
2010,다다0997,in_age_033,23
2010,다다0997,in_age_034,13
2010,다다0997,in_age_035,8
2010,다다0997,in_age_036,8
2010,다다0997,in_age_037,8
2010,다다0997,in_age_038,23
2010,다다0997,in_age_039,23
2010,다다0997,in_age_040,33
2010,다다0997,in_age_041,29
2010,다다0997,in_age_042,28
2010,다다0997,in_age_043,18
2010,다다0997,in_age_044,30
2010,다다0997,in_age_045,13
2010,다다0997,in_age_046,8
2010,다다0997,in_age_047,5
2010,다다0997,in_age_048,0
2010,다다0997,in_age_061,13
2010,다다0997,in_age_062,18
2010,다다0997,in_age_063,13
2010,다다0997,in_age_064,13
2010,다다0997,in_age_065,8
2010,다다0997,in_age_066,16
2010,다다0997,in_age_067,15
2010,다다0997,in_age_068,18
2010,다다0997,in_age_069,23
2010,다다0997,in_age_070,28
2010,다다0997,in_age_071,44
2010,다다0997,in_age_072,23
2010,다다0997,in_age_073,23
2010,다다0997,in_age_074,23
2010,다다0997,in_age_075,18
2010,다다0997,in_age_076,18
2010,다다0997,in_age_077,13
2010,다다0997,in_age_078,5
2010,다다0997,in_age_079,5
2010,다다0997,to_in_001,632
2010,다다0997,to_in_007,306
2010,다다0997,to_in_008,329
2010,다다0998,in_age_001,5
2010,다다0998,in_age_002,8
2010,다다0998,in_age_003,13
2010,다다0998,in_age_004,5
2010,다다0998,in_age_005,0
2010,다다0998,in_age_006,5
2010,다다0998,in_age_007,5
2010,다다0998,in_age_008,13
2010,다다0998,in_age_009,8
2010,다다0998,in_age_010,5
2010,다다0998,in_age_011,8
2010,다다0998,in_age_012,5
2010,다다0998,in_age_013,5
2010,다다0998,in_age_014,13
2010,다다0998,in_age_015,18
2010,다다0998,in_age_016,13
2010,다다0998,in_age_017,8
2010,다다0998,in_age_018,0
2010,다다0998,in_age_019,0
2010,다다0998,in_age_020,0
2010,다다0998,in_age_031,5
2010,다다0998,in_age_032,8
2010,다다0998,in_age_033,8
2010,다다0998,in_age_034,5
2010,다다0998,in_age_035,0
2010,다다0998,in_age_036,0
2010,다다0998,in_age_038,8
2010,다다0998,in_age_039,5
2010,다다0998,in_age_040,5
2010,다다0998,in_age_041,8
2010,다다0998,in_age_042,0
2010,다다0998,in_age_043,0
2010,다다0998,in_age_044,5
2010,다다0998,in_age_045,8
2010,다다0998,in_age_046,8
2010,다다0998,in_age_047,5
2010,다다0998,in_age_061,0
2010,다다0998,in_age_062,5
2010,다다0998,in_age_063,5
2010,다다0998,in_age_064,5
2010,다다0998,in_age_066,5
2010,다다0998,in_age_067,5
2010,다다0998,in_age_068,5
2010,다다0998,in_age_069,5
2010,다다0998,in_age_070,0
2010,다다0998,in_age_071,5
2010,다다0998,in_age_072,5
2010,다다0998,in_age_073,5
2010,다다0998,in_age_074,13
2010,다다0998,in_age_075,8
2010,다다0998,in_age_076,8
2010,다다0998,in_age_077,8
2010,다다0998,in_age_078,0
2010,다다0998,in_age_079,0
2010,다다0998,in_age_080,0
2010,다다0998,to_in_001,123
2010,다다0998,to_in_007,58
2010,다다0998,to_in_008,63
2010,다다0999,in_age_001,0
2010,다다0999,in_age_002,5
2010,다다0999,in_age_003,8
2010,다다0999,in_age_004,5
2010,다다0999,in_age_005,0
2010,다다0999,in_age_006,5
2010,다다0999,in_age_007,5
2010,다다0999,in_age_008,5
2010,다다0999,in_age_009,8
2010,다다0999,in_age_010,13
2010,다다0999,in_age_011,8
2010,다다0999,in_age_012,8
2010,다다0999,in_age_013,18
2010,다다0999,in_age_014,8
2010,다다0999,in_age_015,23
2010,다다0999,in_age_016,13
2010,다다0999,in_age_017,8
2010,다다0999,in_age_018,5
2010,다다0999,in_age_019,5
2010,다다0999,in_age_032,5
2010,다다0999,in_age_033,8
2010,다다0999,in_age_034,5
2010,다다0999,in_age_035,0
2010,다다0999,in_age_036,5
2010,다다0999,in_age_037,5
2010,다다0999,in_age_038,0
2010,다다0999,in_age_039,8
2010,다다0999,in_age_040,5
2010,다다0999,in_age_041,8
2010,다다0999,in_age_042,0
2010,다다0999,in_age_043,8
2010,다다0999,in_age_044,5
2010,다다0999,in_age_045,8
2010,다다0999,in_age_046,8
2010,다다0999,in_age_061,0
2010,다다0999,in_age_062,5
2010,다다0999,in_age_063,5
2010,다다0999,in_age_067,5
2010,다다0999,in_age_068,5
2010,다다0999,in_age_069,5
2010,다다0999,in_age_070,8
2010,다다0999,in_age_071,5
2010,다다0999,in_age_072,8
2010,다다0999,in_age_073,8
2010,다다0999,in_age_074,8
2010,다다0999,in_age_075,13
2010,다다0999,in_age_076,8
2010,다다0999,in_age_077,8
2010,다다0999,in_age_078,5
2010,다다0999,in_age_079,5
2010,다다0999,to_in_001,138
2010,다다0999,to_in_007,63
2010,다다0999,to_in_008,78
2010,다다1000,in_age_001,577
2010,다다1000,in_age_002,729
2010,다다1000,in_age_003,1039
2010,다다1000,in_age_004,1180
2010,다다1000,in_age_005,827
2010,다다1000,in_age_006,933
2010,다다1000,in_age_007,868
2010,다다1000,in_age_008,989
2010,다다1000,in_age_009,1099
2010,다다1000,in_age_010,1058
2010,다다1000,in_age_011,926
2010,다다1000,in_age_012,495
2010,다다1000,in_age_013,343
2010,다다1000,in_age_014,236
2010,다다1000,in_age_015,204
2010,다다1000,in_age_016,140
2010,다다1000,in_age_017,108
2010,다다1000,in_age_018,33
2010,다다1000,in_age_019,5
2010,다다1000,in_age_020,5
2010,다다1000,in_age_021,0
2010,다다1000,in_age_031,263
2010,다다1000,in_age_032,383
2010,다다1000,in_age_033,558
2010,다다1000,in_age_034,540
2010,다다1000,in_age_035,328
2010,다다1000,in_age_036,456
2010,다다1000,in_age_037,406
2010,다다1000,in_age_038,457
2010,다다1000,in_age_039,512
2010,다다1000,in_age_040,505
2010,다다1000,in_age_041,462
2010,다다1000,in_age_042,254
2010,다다1000,in_age_043,180
2010,다다1000,in_age_044,109
2010,다다1000,in_age_045,78
2010,다다1000,in_age_046,53
2010,다다1000,in_age_047,33
2010,다다1000,in_age_048,8
2010,다다1000,in_age_049,0
2010,다다1000,in_age_061,317
2010,다다1000,in_age_062,344
2010,다다1000,in_age_063,484
2010,다다1000,in_age_064,643
2010,다다1000,in_age_065,502
2010,다다1000,in_age_066,480
2010,다다1000,in_age_067,460
2010,다다1000,in_age_068,535
2010,다다1000,in_age_069,590
2010,다다1000,in_age_070,556
2010,다다1000,in_age_071,462
2010,다다1000,in_age_072,239
2010,다다1000,in_age_073,166
2010,다다1000,in_age_074,125
2010,다다1000,in_age_075,124
2010,다다1000,in_age_076,90
2010,다다1000,in_age_077,78
2010,다다1000,in_age_078,28
2010,다다1000,in_age_079,5
2010,다다1000,in_age_080,5
2010,다다1000,in_age_081,0
2010,다다1000,to_in_001,11798
2010,다다1000,to_in_007,5584
2010,다다1000,to_in_008,6212
2010,다다1001,in_age_001,776
2010,다다1001,in_age_002,808
2010,다다1001,in_age_003,1020
2010,다다1001,in_age_004,1087
2010,다다1001,in_age_005,796
2010,다다1001,in_age_006,1020
2010,다다1001,in_age_007,1024
2010,다다1001,in_age_008,1091
2010,다다1001,in_age_009,1115
2010,다다1001,in_age_010,1063
2010,다다1001,in_age_011,910
2010,다다1001,in_age_012,661
2010,다다1001,in_age_013,520
2010,다다1001,in_age_014,414
2010,다다1001,in_age_015,300
2010,다다1001,in_age_016,190
2010,다다1001,in_age_017,96
2010,다다1001,in_age_018,63
2010,다다1001,in_age_019,27
2010,다다1001,in_age_020,8
2010,다다1001,in_age_021,0
2010,다다1001,in_age_031,402
2010,다다1001,in_age_032,419
2010,다다1001,in_age_033,534
2010,다다1001,in_age_034,536
2010,다다1001,in_age_035,326
2010,다다1001,in_age_036,492
2010,다다1001,in_age_037,501
2010,다다1001,in_age_038,545
2010,다다1001,in_age_039,540
2010,다다1001,in_age_040,506
2010,다다1001,in_age_041,435
2010,다다1001,in_age_042,325
2010,다다1001,in_age_043,242
2010,다다1001,in_age_044,209
2010,다다1001,in_age_045,127
2010,다다1001,in_age_046,69
2010,다다1001,in_age_047,28
2010,다다1001,in_age_048,8
2010,다다1001,in_age_049,5
2010,다다1001,in_age_050,5
2010,다다1001,in_age_061,372
2010,다다1001,in_age_062,387
2010,다다1001,in_age_063,484
2010,다다1001,in_age_064,554
2010,다다1001,in_age_065,473
2010,다다1001,in_age_066,526
2010,다다1001,in_age_067,526
2010,다다1001,in_age_068,549
2010,다다1001,in_age_069,573
2010,다다1001,in_age_070,560
2010,다다1001,in_age_071,473
2010,다다1001,in_age_072,334
2010,다다1001,in_age_073,281
2010,다다1001,in_age_074,203
2010,다다1001,in_age_075,171
2010,다다1001,in_age_076,119
2010,다다1001,in_age_077,71
2010,다다1001,in_age_078,53
2010,다다1001,in_age_079,22
2010,다다1001,in_age_080,8
2010,다다1001,in_age_081,0
2010,다다1001,to_in_001,12987
2010,다다1001,to_in_007,6248
2010,다다1001,to_in_008,6742
2010,다다1002,in_age_001,921
2010,다다1002,in_age_002,998
2010,다다1002,in_age_003,1295
2010,다다1002,in_age_004,1247
2010,다다1002,in_age_005,860
2010,다다1002,in_age_006,1230
2010,다다1002,in_age_007,1312
2010,다다1002,in_age_008,1476
2010,다다1002,in_age_009,1477
2010,다다1002,in_age_010,1344
2010,다다1002,in_age_011,1233
2010,다다1002,in_age_012,930
2010,다다1002,in_age_013,832
2010,다다1002,in_age_014,755
2010,다다1002,in_age_015,564
2010,다다1002,in_age_016,364
2010,다다1002,in_age_017,184
2010,다다1002,in_age_018,93
2010,다다1002,in_age_019,38
2010,다다1002,in_age_020,13
2010,다다1002,in_age_031,473
2010,다다1002,in_age_032,542
2010,다다1002,in_age_033,662
2010,다다1002,in_age_034,601
2010,다다1002,in_age_035,380
2010,다다1002,in_age_036,615
2010,다다1002,in_age_037,665
2010,다다1002,in_age_038,765
2010,다다1002,in_age_039,756
2010,다다1002,in_age_040,641
2010,다다1002,in_age_041,582
2010,다다1002,in_age_042,425
2010,다다1002,in_age_043,398
2010,다다1002,in_age_044,364
2010,다다1002,in_age_045,257
2010,다다1002,in_age_046,138
2010,다다1002,in_age_047,48
2010,다다1002,in_age_048,18
2010,다다1002,in_age_049,13
2010,다다1002,in_age_061,446
2010,다다1002,in_age_062,454
2010,다다1002,in_age_063,631
2010,다다1002,in_age_064,649
2010,다다1002,in_age_065,483
2010,다다1002,in_age_066,613
2010,다다1002,in_age_067,645
2010,다다1002,in_age_068,709
2010,다다1002,in_age_069,724
2010,다다1002,in_age_070,701
2010,다다1002,in_age_071,649
2010,다다1002,in_age_072,508
2010,다다1002,in_age_073,432
2010,다다1002,in_age_074,394
2010,다다1002,in_age_075,305
2010,다다1002,in_age_076,224
2010,다다1002,in_age_077,134
2010,다다1002,in_age_078,78
2010,다다1002,in_age_079,28
2010,다다1002,in_age_080,13
2010,다다1002,to_in_001,17169
2010,다다1002,to_in_007,8349
2010,다다1002,to_in_008,8818
2010,다다1003,in_age_001,410
2010,다다1003,in_age_002,378
2010,다다1003,in_age_003,545
2010,다다1003,in_age_004,536
2010,다다1003,in_age_005,332
2010,다다1003,in_age_006,521
2010,다다1003,in_age_007,566
2010,다다1003,in_age_008,621
2010,다다1003,in_age_009,568
2010,다다1003,in_age_010,571
2010,다다1003,in_age_011,574
2010,다다1003,in_age_012,428
2010,다다1003,in_age_013,358
2010,다다1003,in_age_014,312
2010,다다1003,in_age_015,210
2010,다다1003,in_age_016,140
2010,다다1003,in_age_017,85
2010,다다1003,in_age_018,33
2010,다다1003,in_age_019,13
2010,다다1003,in_age_020,0
2010,다다1003,in_age_021,0
2010,다다1003,in_age_031,226
2010,다다1003,in_age_032,197
2010,다다1003,in_age_033,289
2010,다다1003,in_age_034,257
2010,다다1003,in_age_035,163
2010,다다1003,in_age_036,260
2010,다다1003,in_age_037,320
2010,다다1003,in_age_038,319
2010,다다1003,in_age_039,275
2010,다다1003,in_age_040,313
2010,다다1003,in_age_041,287
2010,다다1003,in_age_042,206
2010,다다1003,in_age_043,179
2010,다다1003,in_age_044,154
2010,다다1003,in_age_045,90
2010,다다1003,in_age_046,58
2010,다다1003,in_age_047,28
2010,다다1003,in_age_048,8
2010,다다1003,in_age_049,8
2010,다다1003,in_age_061,187
2010,다다1003,in_age_062,184
2010,다다1003,in_age_063,254
2010,다다1003,in_age_064,277
2010,다다1003,in_age_065,167
2010,다다1003,in_age_066,264
2010,다다1003,in_age_067,249
2010,다다1003,in_age_068,300
2010,다다1003,in_age_069,291
2010,다다1003,in_age_070,261
2010,다다1003,in_age_071,285
2010,다다1003,in_age_072,220
2010,다다1003,in_age_073,177
2010,다다1003,in_age_074,161
2010,다다1003,in_age_075,123
2010,다다1003,in_age_076,80
2010,다다1003,in_age_077,55
2010,다다1003,in_age_078,28
2010,다다1003,in_age_079,8
2010,다다1003,in_age_080,0
2010,다다1003,in_age_081,0
2010,다다1003,to_in_001,7202
2010,다다1003,to_in_007,3633
2010,다다1003,to_in_008,3572
2010,다다1075,in_age_001,8
2010,다다1075,in_age_002,8
2010,다다1075,in_age_003,8
2010,다다1075,in_age_004,5
2010,다다1075,in_age_005,8
2010,다다1075,in_age_006,13
2010,다다1075,in_age_007,8
2010,다다1075,in_age_008,8
2010,다다1075,in_age_009,8
2010,다다1075,in_age_010,18
2010,다다1075,in_age_011,18
2010,다다1075,in_age_012,23
2010,다다1075,in_age_013,18
2010,다다1075,in_age_014,13
2010,다다1075,in_age_015,13
2010,다다1075,in_age_016,13
2010,다다1075,in_age_017,5
2010,다다1075,in_age_018,5
2010,다다1075,in_age_019,8
2010,다다1075,in_age_020,0
2010,다다1075,in_age_021,0
2010,다다1075,in_age_031,8
2010,다다1075,in_age_032,8
2010,다다1075,in_age_033,8
2010,다다1075,in_age_034,5
2010,다다1075,in_age_035,5
2010,다다1075,in_age_036,8
2010,다다1075,in_age_037,8
2010,다다1075,in_age_038,8
2010,다다1075,in_age_039,5
2010,다다1075,in_age_040,8
2010,다다1075,in_age_041,8
2010,다다1075,in_age_042,8
2010,다다1075,in_age_043,8
2010,다다1075,in_age_044,8
2010,다다1075,in_age_045,5
2010,다다1075,in_age_046,5
2010,다다1075,in_age_047,5
2010,다다1075,in_age_061,5
2010,다다1075,in_age_062,5
2010,다다1075,in_age_063,0
2010,다다1075,in_age_064,5
2010,다다1075,in_age_065,5
2010,다다1075,in_age_066,5
2010,다다1075,in_age_067,5
2010,다다1075,in_age_068,5
2010,다다1075,in_age_069,5
2010,다다1075,in_age_070,13
2010,다다1075,in_age_071,8
2010,다다1075,in_age_072,13
2010,다다1075,in_age_073,8
2010,다다1075,in_age_074,8
2010,다다1075,in_age_075,8
2010,다다1075,in_age_076,13
2010,다다1075,in_age_077,5
2010,다다1075,in_age_078,5
2010,다다1075,in_age_079,8
2010,다다1075,in_age_080,0
2010,다다1075,in_age_081,0
2010,다다1075,to_in_001,198
2010,다다1075,to_in_007,93
2010,다다1075,to_in_008,103
2010,다다1076,in_age_001,5
2010,다다1076,in_age_002,5
2010,다다1076,in_age_003,5
2010,다다1076,in_age_004,8
2010,다다1076,in_age_005,5
2010,다다1076,in_age_006,8
2010,다다1076,in_age_007,8
2010,다다1076,in_age_008,5
2010,다다1076,in_age_009,5
2010,다다1076,in_age_010,8
2010,다다1076,in_age_011,8
2010,다다1076,in_age_012,8
2010,다다1076,in_age_013,8
2010,다다1076,in_age_014,8
2010,다다1076,in_age_015,8
2010,다다1076,in_age_016,5
2010,다다1076,in_age_031,5
2010,다다1076,in_age_033,5
2010,다다1076,in_age_034,5
2010,다다1076,in_age_035,5
2010,다다1076,in_age_036,8
2010,다다1076,in_age_037,5
2010,다다1076,in_age_038,5
2010,다다1076,in_age_039,5
2010,다다1076,in_age_040,5
2010,다다1076,in_age_041,5
2010,다다1076,in_age_042,8
2010,다다1076,in_age_043,5
2010,다다1076,in_age_044,5
2010,다다1076,in_age_045,8
2010,다다1076,in_age_046,0
2010,다다1076,in_age_061,0
2010,다다1076,in_age_062,5
2010,다다1076,in_age_064,5
2010,다다1076,in_age_065,0
2010,다다1076,in_age_066,0
2010,다다1076,in_age_067,8
2010,다다1076,in_age_068,0
2010,다다1076,in_age_069,0
2010,다다1076,in_age_070,8
2010,다다1076,in_age_071,5
2010,다다1076,in_age_072,0
2010,다다1076,in_age_073,5
2010,다다1076,in_age_074,5
2010,다다1076,in_age_075,5
2010,다다1076,in_age_076,5
2010,다다1076,to_in_001,88
2010,다다1076,to_in_007,48
2010,다다1076,to_in_008,38
2010,다다1089,in_age_001,13
2010,다다1089,in_age_002,8
2010,다다1089,in_age_003,13
2010,다다1089,in_age_004,8
2010,다다1089,in_age_005,5
2010,다다1089,in_age_006,5
2010,다다1089,in_age_007,18
2010,다다1089,in_age_008,13
2010,다다1089,in_age_009,13
2010,다다1089,in_age_010,18
2010,다다1089,in_age_011,13
2010,다다1089,in_age_012,13
2010,다다1089,in_age_013,8
2010,다다1089,in_age_014,8
2010,다다1089,in_age_015,8
2010,다다1089,in_age_016,5
2010,다다1089,in_age_017,0
2010,다다1089,in_age_019,0
2010,다다1089,in_age_031,5
2010,다다1089,in_age_032,5
2010,다다1089,in_age_033,8
2010,다다1089,in_age_034,5
2010,다다1089,in_age_035,5
2010,다다1089,in_age_036,0
2010,다다1089,in_age_037,8
2010,다다1089,in_age_038,8
2010,다다1089,in_age_039,5
2010,다다1089,in_age_040,8
2010,다다1089,in_age_041,8
2010,다다1089,in_age_042,5
2010,다다1089,in_age_043,8
2010,다다1089,in_age_044,5
2010,다다1089,in_age_045,5
2010,다다1089,in_age_049,0
2010,다다1089,in_age_061,8
2010,다다1089,in_age_062,5
2010,다다1089,in_age_063,8
2010,다다1089,in_age_064,5
2010,다다1089,in_age_065,5
2010,다다1089,in_age_066,5
2010,다다1089,in_age_067,8
2010,다다1089,in_age_068,8
2010,다다1089,in_age_069,8
2010,다다1089,in_age_070,8
2010,다다1089,in_age_071,8
2010,다다1089,in_age_072,13
2010,다다1089,in_age_073,5
2010,다다1089,in_age_074,8
2010,다다1089,in_age_075,8
2010,다다1089,in_age_076,5
2010,다다1089,in_age_077,0
2010,다다1089,to_in_001,158
2010,다다1089,to_in_007,73
2010,다다1089,to_in_008,88
2010,다다1090,in_age_001,5
2010,다다1090,in_age_006,0
2010,다다1090,in_age_007,0
2010,다다1090,in_age_008,5
2010,다다1090,in_age_010,0
2010,다다1090,in_age_011,8
2010,다다1090,in_age_013,5
2010,다다1090,in_age_014,0
2010,다다1090,in_age_015,0
2010,다다1090,in_age_031,0
2010,다다1090,in_age_037,0
2010,다다1090,in_age_038,0
2010,다다1090,in_age_040,0
2010,다다1090,in_age_041,5
2010,다다1090,in_age_043,5
2010,다다1090,in_age_045,0
2010,다다1090,in_age_061,0
2010,다다1090,in_age_066,0
2010,다다1090,in_age_068,0
2010,다다1090,in_age_071,8
2010,다다1090,in_age_073,5
2010,다다1090,in_age_074,0
2010,다다1090,to_in_001,23
2010,다다1090,to_in_007,13
2010,다다1090,to_in_008,13
2010,다다1091,in_age_001,0
2010,다다1091,in_age_002,8
2010,다다1091,in_age_003,13
2010,다다1091,in_age_004,8
2010,다다1091,in_age_006,0
2010,다다1091,in_age_007,5
2010,다다1091,in_age_008,5
2010,다다1091,in_age_009,8
2010,다다1091,in_age_010,8
2010,다다1091,in_age_011,13
2010,다다1091,in_age_012,8
2010,다다1091,in_age_013,8
2010,다다1091,in_age_014,8
2010,다다1091,in_age_015,13
2010,다다1091,in_age_016,8
2010,다다1091,in_age_017,5
2010,다다1091,in_age_018,0
2010,다다1091,in_age_019,0
2010,다다1091,in_age_032,8
2010,다다1091,in_age_033,5
2010,다다1091,in_age_034,8
2010,다다1091,in_age_036,0
2010,다다1091,in_age_037,0
2010,다다1091,in_age_038,5
2010,다다1091,in_age_039,8
2010,다다1091,in_age_040,5
2010,다다1091,in_age_041,8
2010,다다1091,in_age_042,5
2010,다다1091,in_age_043,5
2010,다다1091,in_age_044,8
2010,다다1091,in_age_045,5
2010,다다1091,in_age_046,5
2010,다다1091,in_age_061,0
2010,다다1091,in_age_062,0
2010,다다1091,in_age_063,8
2010,다다1091,in_age_064,0
2010,다다1091,in_age_067,5
2010,다다1091,in_age_068,5
2010,다다1091,in_age_069,5
2010,다다1091,in_age_070,8
2010,다다1091,in_age_071,8
2010,다다1091,in_age_072,5
2010,다다1091,in_age_073,5
2010,다다1091,in_age_074,5
2010,다다1091,in_age_075,8
2010,다다1091,in_age_076,8
2010,다다1091,in_age_077,5
2010,다다1091,in_age_078,0
2010,다다1091,in_age_079,0
2010,다다1091,to_in_001,108
2010,다다1091,to_in_007,53
2010,다다1091,to_in_008,58
2010,다다1092,in_age_003,5
2010,다다1092,in_age_004,5
2010,다다1092,in_age_005,5
2010,다다1092,in_age_007,0
2010,다다1092,in_age_008,0
2010,다다1092,in_age_009,5
2010,다다1092,in_age_010,5
2010,다다1092,in_age_011,5
2010,다다1092,in_age_012,5
2010,다다1092,in_age_013,5
2010,다다1092,in_age_014,5
2010,다다1092,in_age_016,5
2010,다다1092,in_age_017,0
2010,다다1092,in_age_019,0
2010,다다1092,in_age_033,0
2010,다다1092,in_age_035,5
2010,다다1092,in_age_037,0
2010,다다1092,in_age_039,5
2010,다다1092,in_age_040,5
2010,다다1092,in_age_041,5
2010,다다1092,in_age_042,0
2010,다다1092,in_age_043,5
2010,다다1092,in_age_044,5
2010,다다1092,in_age_063,5
2010,다다1092,in_age_064,5
2010,다다1092,in_age_068,0
2010,다다1092,in_age_069,5
2010,다다1092,in_age_070,5
2010,다다1092,in_age_071,5
2010,다다1092,in_age_072,0
2010,다다1092,in_age_073,0
2010,다다1092,in_age_074,5
2010,다다1092,in_age_076,5
2010,다다1092,in_age_077,0
2010,다다1092,in_age_079,0
2010,다다1092,to_in_001,38
2010,다다1092,to_in_007,18
2010,다다1092,to_in_008,23
2010,다다1093,in_age_001,5
2010,다다1093,in_age_003,8
2010,다다1093,in_age_004,8
2010,다다1093,in_age_005,5
2010,다다1093,in_age_007,5
2010,다다1093,in_age_008,0
2010,다다1093,in_age_009,8
2010,다다1093,in_age_010,8
2010,다다1093,in_age_011,5
2010,다다1093,in_age_012,8
2010,다다1093,in_age_013,8
2010,다다1093,in_age_014,8
2010,다다1093,in_age_015,23
2010,다다1093,in_age_016,13
2010,다다1093,in_age_017,5
2010,다다1093,in_age_018,0
2010,다다1093,in_age_019,5
2010,다다1093,in_age_033,5
2010,다다1093,in_age_034,8
2010,다다1093,in_age_035,0
2010,다다1093,in_age_037,0
2010,다다1093,in_age_038,0
2010,다다1093,in_age_039,0
2010,다다1093,in_age_040,8
2010,다다1093,in_age_041,5
2010,다다1093,in_age_042,5
2010,다다1093,in_age_043,5
2010,다다1093,in_age_044,8
2010,다다1093,in_age_045,8
2010,다다1093,in_age_046,5
2010,다다1093,in_age_047,5
2010,다다1093,in_age_049,0
2010,다다1093,in_age_061,5
2010,다다1093,in_age_063,5
2010,다다1093,in_age_064,5
2010,다다1093,in_age_065,0
2010,다다1093,in_age_067,0
2010,다다1093,in_age_069,5
2010,다다1093,in_age_070,5
2010,다다1093,in_age_071,0
2010,다다1093,in_age_072,5
2010,다다1093,in_age_073,8
2010,다다1093,in_age_074,5
2010,다다1093,in_age_075,13
2010,다다1093,in_age_076,8
2010,다다1093,in_age_077,5
2010,다다1093,in_age_078,0
2010,다다1093,in_age_079,0
2010,다다1093,to_in_001,113
2010,다다1093,to_in_007,53
2010,다다1093,to_in_008,63
2010,다다1094,in_age_001,5
2010,다다1094,in_age_002,5
2010,다다1094,in_age_003,5
2010,다다1094,in_age_007,8
2010,다다1094,in_age_008,5
2010,다다1094,in_age_009,5
2010,다다1094,in_age_010,5
2010,다다1094,in_age_011,5
2010,다다1094,in_age_012,13
2010,다다1094,in_age_013,8
2010,다다1094,in_age_014,13
2010,다다1094,in_age_015,18
2010,다다1094,in_age_016,5
2010,다다1094,in_age_017,8
2010,다다1094,in_age_018,5
2010,다다1094,in_age_031,5
2010,다다1094,in_age_032,5
2010,다다1094,in_age_033,5
2010,다다1094,in_age_037,5
2010,다다1094,in_age_038,5
2010,다다1094,in_age_039,5
2010,다다1094,in_age_040,5
2010,다다1094,in_age_041,5
2010,다다1094,in_age_042,5
2010,다다1094,in_age_043,8
2010,다다1094,in_age_044,0
2010,다다1094,in_age_045,8
2010,다다1094,in_age_046,0
2010,다다1094,in_age_047,5
2010,다다1094,in_age_061,5
2010,다다1094,in_age_062,5
2010,다다1094,in_age_067,5
2010,다다1094,in_age_068,5
2010,다다1094,in_age_069,0
2010,다다1094,in_age_070,5
2010,다다1094,in_age_071,0
2010,다다1094,in_age_072,8
2010,다다1094,in_age_073,5
2010,다다1094,in_age_074,8
2010,다다1094,in_age_075,8
2010,다다1094,in_age_076,5
2010,다다1094,in_age_077,5
2010,다다1094,in_age_078,5
2010,다다1094,to_in_001,88
2010,다다1094,to_in_007,38
2010,다다1094,to_in_008,48
2010,다다1095,in_age_002,0
2010,다다1095,in_age_003,0
2010,다다1095,in_age_008,5
2010,다다1095,in_age_011,5
2010,다다1095,in_age_012,5
2010,다다1095,in_age_013,5
2010,다다1095,in_age_014,0
2010,다다1095,in_age_015,5
2010,다다1095,in_age_016,0
2010,다다1095,in_age_017,0
2010,다다1095,in_age_032,0
2010,다다1095,in_age_038,0
2010,다다1095,in_age_042,5
2010,다다1095,in_age_043,5
2010,다다1095,in_age_046,0
2010,다다1095,in_age_063,0
2010,다다1095,in_age_068,0
2010,다다1095,in_age_071,5
2010,다다1095,in_age_072,0
2010,다다1095,in_age_074,0
2010,다다1095,in_age_075,5
2010,다다1095,in_age_077,0
2010,다다1095,to_in_001,13
2010,다다1095,to_in_007,8
2010,다다1095,to_in_008,8
2010,다다1096,in_age_001,0
2010,다다1096,in_age_003,5
2010,다다1096,in_age_004,0
2010,다다1096,in_age_009,5
2010,다다1096,in_age_010,5
2010,다다1096,in_age_011,5
2010,다다1096,in_age_015,0
2010,다다1096,in_age_016,0
2010,다다1096,in_age_031,0
2010,다다1096,in_age_033,5
2010,다다1096,in_age_034,0
2010,다다1096,in_age_039,0
2010,다다1096,in_age_040,5
2010,다다1096,in_age_041,0
2010,다다1096,in_age_045,0
2010,다다1096,in_age_063,0
2010,다다1096,in_age_069,5
2010,다다1096,in_age_070,5
2010,다다1096,in_age_071,0
2010,다다1096,in_age_076,0
2010,다다1096,to_in_001,13
2010,다다1096,to_in_007,8
2010,다다1096,to_in_008,8
2010,다다1097,in_age_001,0
2010,다다1097,in_age_002,5
2010,다다1097,in_age_003,8
2010,다다1097,in_age_004,5
2010,다다1097,in_age_005,5
2010,다다1097,in_age_006,5
2010,다다1097,in_age_007,0
2010,다다1097,in_age_008,8
2010,다다1097,in_age_009,8
2010,다다1097,in_age_010,19
2010,다다1097,in_age_011,28
2010,다다1097,in_age_012,23
2010,다다1097,in_age_013,23
2010,다다1097,in_age_014,33
2010,다다1097,in_age_015,23
2010,다다1097,in_age_016,18
2010,다다1097,in_age_017,8
2010,다다1097,in_age_018,5
2010,다다1097,in_age_020,0
2010,다다1097,in_age_032,5
2010,다다1097,in_age_033,5
2010,다다1097,in_age_034,5
2010,다다1097,in_age_035,5
2010,다다1097,in_age_036,5
2010,다다1097,in_age_038,5
2010,다다1097,in_age_039,5
2010,다다1097,in_age_040,8
2010,다다1097,in_age_041,13
2010,다다1097,in_age_042,13
2010,다다1097,in_age_043,13
2010,다다1097,in_age_044,13
2010,다다1097,in_age_045,13
2010,다다1097,in_age_046,5
2010,다다1097,in_age_047,5
2010,다다1097,in_age_048,5
2010,다다1097,in_age_061,0
2010,다다1097,in_age_063,5
2010,다다1097,in_age_064,0
2010,다다1097,in_age_065,0
2010,다다1097,in_age_066,0
2010,다다1097,in_age_067,0
2010,다다1097,in_age_068,5
2010,다다1097,in_age_069,5
2010,다다1097,in_age_070,11
2010,다다1097,in_age_071,13
2010,다다1097,in_age_072,13
2010,다다1097,in_age_073,13
2010,다다1097,in_age_074,18
2010,다다1097,in_age_075,8
2010,다다1097,in_age_076,13
2010,다다1097,in_age_077,8
2010,다다1097,in_age_078,5
2010,다다1097,in_age_080,0
2010,다다1097,to_in_001,214
2010,다다1097,to_in_007,98
2010,다다1097,to_in_008,119
2010,다다1098,in_age_001,5
2010,다다1098,in_age_002,8
2010,다다1098,in_age_003,8
2010,다다1098,in_age_004,8
2010,다다1098,in_age_005,5
2010,다다1098,in_age_006,5
2010,다다1098,in_age_007,5
2010,다다1098,in_age_008,8
2010,다다1098,in_age_009,8
2010,다다1098,in_age_010,13
2010,다다1098,in_age_011,8
2010,다다1098,in_age_012,8
2010,다다1098,in_age_013,13
2010,다다1098,in_age_014,8
2010,다다1098,in_age_015,29
2010,다다1098,in_age_016,8
2010,다다1098,in_age_017,8
2010,다다1098,in_age_018,8
2010,다다1098,in_age_031,0
2010,다다1098,in_age_032,5
2010,다다1098,in_age_033,8
2010,다다1098,in_age_034,5
2010,다다1098,in_age_035,5
2010,다다1098,in_age_036,5
2010,다다1098,in_age_037,0
2010,다다1098,in_age_038,5
2010,다다1098,in_age_039,5
2010,다다1098,in_age_040,8
2010,다다1098,in_age_041,8
2010,다다1098,in_age_042,5
2010,다다1098,in_age_043,8
2010,다다1098,in_age_044,5
2010,다다1098,in_age_045,13
2010,다다1098,in_age_046,5
2010,다다1098,in_age_047,5
2010,다다1098,in_age_048,5
2010,다다1098,in_age_061,5
2010,다다1098,in_age_062,5
2010,다다1098,in_age_063,5
2010,다다1098,in_age_064,5
2010,다다1098,in_age_066,5
2010,다다1098,in_age_067,5
2010,다다1098,in_age_068,8
2010,다다1098,in_age_069,8
2010,다다1098,in_age_070,8
2010,다다1098,in_age_071,5
2010,다다1098,in_age_072,8
2010,다다1098,in_age_073,5
2010,다다1098,in_age_074,5
2010,다다1098,in_age_075,19
2010,다다1098,in_age_076,5
2010,다다1098,in_age_077,8
2010,다다1098,in_age_078,5
2010,다다1098,to_in_001,149
2010,다다1098,to_in_007,68
2010,다다1098,to_in_008,79
2010,다다1099,in_age_004,0
2010,다다1099,in_age_010,5
2010,다다1099,in_age_012,5
2010,다다1099,in_age_013,5
2010,다다1099,in_age_014,5
2010,다다1099,in_age_015,8
2010,다다1099,in_age_017,5
2010,다다1099,in_age_042,0
2010,다다1099,in_age_043,5
2010,다다1099,in_age_044,5
2010,다다1099,in_age_045,5
2010,다다1099,in_age_064,0
2010,다다1099,in_age_070,5
2010,다다1099,in_age_072,5
2010,다다1099,in_age_073,5
2010,다다1099,in_age_074,0
2010,다다1099,in_age_075,5
2010,다다1099,in_age_077,5
2010,다다1099,to_in_001,18
2010,다다1099,to_in_007,8
2010,다다1099,to_in_008,13
2010,다다1100,in_age_001,72
2010,다다1100,in_age_002,99
2010,다다1100,in_age_003,132
2010,다다1100,in_age_004,159
2010,다다1100,in_age_005,86
2010,다다1100,in_age_006,130
2010,다다1100,in_age_007,99
2010,다다1100,in_age_008,138
2010,다다1100,in_age_009,126
2010,다다1100,in_age_010,157
2010,다다1100,in_age_011,154
2010,다다1100,in_age_012,99
2010,다다1100,in_age_013,58
2010,다다1100,in_age_014,69
2010,다다1100,in_age_015,57
2010,다다1100,in_age_016,34
2010,다다1100,in_age_017,23
2010,다다1100,in_age_018,5
2010,다다1100,in_age_019,0
2010,다다1100,in_age_020,5
2010,다다1100,in_age_031,35
2010,다다1100,in_age_032,54
2010,다다1100,in_age_033,66
2010,다다1100,in_age_034,77
2010,다다1100,in_age_035,36
2010,다다1100,in_age_036,60
2010,다다1100,in_age_037,58
2010,다다1100,in_age_038,70
2010,다다1100,in_age_039,62
2010,다다1100,in_age_040,76
2010,다다1100,in_age_041,84
2010,다다1100,in_age_042,49
2010,다다1100,in_age_043,28
2010,다다1100,in_age_044,34
2010,다다1100,in_age_045,13
2010,다다1100,in_age_046,13
2010,다다1100,in_age_047,8
2010,다다1100,in_age_049,0
2010,다다1100,in_age_061,40
2010,다다1100,in_age_062,43
2010,다다1100,in_age_063,69
2010,다다1100,in_age_064,80
2010,다다1100,in_age_065,53
2010,다다1100,in_age_066,73
2010,다다1100,in_age_067,39
2010,다다1100,in_age_068,66
2010,다다1100,in_age_069,67
2010,다다1100,in_age_070,84
2010,다다1100,in_age_071,73
2010,다다1100,in_age_072,53
2010,다다1100,in_age_073,33
2010,다다1100,in_age_074,33
2010,다다1100,in_age_075,42
2010,다다1100,in_age_076,24
2010,다다1100,in_age_077,18
2010,다다1100,in_age_078,5
2010,다다1100,in_age_080,5
2010,다다1100,to_in_001,1704
2010,다다1100,to_in_007,825
2010,다다1100,to_in_008,882
2010,다다1101,in_age_001,850
2010,다다1101,in_age_002,1150
2010,다다1101,in_age_003,1622
2010,다다1101,in_age_004,1525
2010,다다1101,in_age_005,794
2010,다다1101,in_age_006,899
2010,다다1101,in_age_007,935
2010,다다1101,in_age_008,1366
2010,다다1101,in_age_009,1498
2010,다다1101,in_age_010,1700
2010,다다1101,in_age_011,1543
2010,다다1101,in_age_012,791
2010,다다1101,in_age_013,491
2010,다다1101,in_age_014,258
2010,다다1101,in_age_015,205
2010,다다1101,in_age_016,137
2010,다다1101,in_age_017,83
2010,다다1101,in_age_018,33
2010,다다1101,in_age_019,13
2010,다다1101,in_age_020,8
2010,다다1101,in_age_031,459
2010,다다1101,in_age_032,591
2010,다다1101,in_age_033,845
2010,다다1101,in_age_034,785
2010,다다1101,in_age_035,361
2010,다다1101,in_age_036,436
2010,다다1101,in_age_037,433
2010,다다1101,in_age_038,632
2010,다다1101,in_age_039,683
2010,다다1101,in_age_040,789
2010,다다1101,in_age_041,801
2010,다다1101,in_age_042,442
2010,다다1101,in_age_043,257
2010,다다1101,in_age_044,128
2010,다다1101,in_age_045,98
2010,다다1101,in_age_046,43
2010,다다1101,in_age_047,23
2010,다다1101,in_age_048,8
2010,다다1101,in_age_049,0
2010,다다1101,in_age_050,0
2010,다다1101,in_age_061,394
2010,다다1101,in_age_062,562
2010,다다1101,in_age_063,775
2010,다다1101,in_age_064,738
2010,다다1101,in_age_065,431
2010,다다1101,in_age_066,466
2010,다다1101,in_age_067,505
2010,다다1101,in_age_068,737
2010,다다1101,in_age_069,813
2010,다다1101,in_age_070,914
2010,다다1101,in_age_071,745
2010,다다1101,in_age_072,347
2010,다다1101,in_age_073,237
2010,다다1101,in_age_074,133
2010,다다1101,in_age_075,110
2010,다다1101,in_age_076,92
2010,다다1101,in_age_077,58
2010,다다1101,in_age_078,23
2010,다다1101,in_age_079,8
2010,다다1101,in_age_080,8
2010,다다1101,to_in_001,15889
2010,다다1101,to_in_007,7803
2010,다다1101,to_in_008,8084
2010,다다1102,in_age_001,275
2010,다다1102,in_age_002,356
2010,다다1102,in_age_003,404
2010,다다1102,in_age_004,443
2010,다다1102,in_age_005,295
2010,다다1102,in_age_006,318
2010,다다1102,in_age_007,345
2010,다다1102,in_age_008,430
2010,다다1102,in_age_009,452
2010,다다1102,in_age_010,434
2010,다다1102,in_age_011,382
2010,다다1102,in_age_012,287
2010,다다1102,in_age_013,223
2010,다다1102,in_age_014,158
2010,다다1102,in_age_015,118
2010,다다1102,in_age_016,58
2010,다다1102,in_age_017,23
2010,다다1102,in_age_018,18
2010,다다1102,in_age_019,8
2010,다다1102,in_age_020,5
2010,다다1102,in_age_031,119
2010,다다1102,in_age_032,189
2010,다다1102,in_age_033,212
2010,다다1102,in_age_034,215
2010,다다1102,in_age_035,117
2010,다다1102,in_age_036,166
2010,다다1102,in_age_037,183
2010,다다1102,in_age_038,195
2010,다다1102,in_age_039,220
2010,다다1102,in_age_040,211
2010,다다1102,in_age_041,186
2010,다다1102,in_age_042,135
2010,다다1102,in_age_043,127
2010,다다1102,in_age_044,72
2010,다다1102,in_age_045,49
2010,다다1102,in_age_046,18
2010,다다1102,in_age_047,8
2010,다다1102,in_age_048,5
2010,다다1102,in_age_049,0
2010,다다1102,in_age_061,154
2010,다다1102,in_age_062,165
2010,다다1102,in_age_063,195
2010,다다1102,in_age_064,226
2010,다다1102,in_age_065,176
2010,다다1102,in_age_066,155
2010,다다1102,in_age_067,165
2010,다다1102,in_age_068,233
2010,다다1102,in_age_069,230
2010,다다1102,in_age_070,221
2010,다다1102,in_age_071,194
2010,다다1102,in_age_072,155
2010,다다1102,in_age_073,99
2010,다다1102,in_age_074,84
2010,다다1102,in_age_075,67
2010,다다1102,in_age_076,38
2010,다다1102,in_age_077,13
2010,다다1102,in_age_078,13
2010,다다1102,in_age_079,8
2010,다다1102,in_age_080,5
2010,다다1102,to_in_001,5023
2010,다다1102,to_in_007,2424
2010,다다1102,to_in_008,2597
2010,다다1103,in_age_001,0
2010,다다1103,in_age_002,5
2010,다다1103,in_age_003,0
2010,다다1103,in_age_004,37
2010,다다1103,in_age_005,57
2010,다다1103,in_age_006,8
2010,다다1103,in_age_007,5
2010,다다1103,in_age_008,8
2010,다다1103,in_age_009,8
2010,다다1103,in_age_010,0
2010,다다1103,in_age_011,5
2010,다다1103,in_age_012,5
2010,다다1103,in_age_013,8
2010,다다1103,in_age_015,5
2010,다다1103,in_age_016,0
2010,다다1103,in_age_017,0
2010,다다1103,in_age_018,5
2010,다다1103,in_age_032,0
2010,다다1103,in_age_033,0
2010,다다1103,in_age_034,5
2010,다다1103,in_age_035,10
2010,다다1103,in_age_036,0
2010,다다1103,in_age_038,8
2010,다다1103,in_age_039,5
2010,다다1103,in_age_040,0
2010,다다1103,in_age_041,5
2010,다다1103,in_age_042,0
2010,다다1103,in_age_043,5
2010,다다1103,in_age_045,0
2010,다다1103,in_age_061,0
2010,다다1103,in_age_062,0
2010,다다1103,in_age_064,34
2010,다다1103,in_age_065,47
2010,다다1103,in_age_066,8
2010,다다1103,in_age_067,5
2010,다다1103,in_age_069,5
2010,다다1103,in_age_071,0
2010,다다1103,in_age_072,5
2010,다다1103,in_age_073,5
2010,다다1103,in_age_075,5
2010,다다1103,in_age_076,0
2010,다다1103,in_age_077,0
2010,다다1103,in_age_078,5
2010,다다1103,to_in_001,134
2010,다다1103,to_in_007,33
2010,다다1103,to_in_008,99
2010,다다1172,in_age_002,0
2010,다다1172,in_age_006,0
2010,다다1172,in_age_010,0
2010,다다1172,in_age_013,5
2010,다다1172,in_age_016,0
2010,다다1172,in_age_032,0
2010,다다1172,in_age_040,0
2010,다다1172,in_age_046,0
2010,다다1172,in_age_066,0
2010,다다1172,in_age_073,5
2010,다다1172,to_in_001,5
2010,다다1172,to_in_007,5
2010,다다1172,to_in_008,5
2010,다다1173,in_age_001,0
2010,다다1173,in_age_002,0
2010,다다1173,in_age_005,0
2010,다다1173,in_age_006,0
2010,다다1173,in_age_007,0
2010,다다1173,in_age_008,0
2010,다다1173,in_age_009,5
2010,다다1173,in_age_010,0
2010,다다1173,in_age_011,5
2010,다다1173,in_age_012,5
2010,다다1173,in_age_013,5
2010,다다1173,in_age_014,8
2010,다다1173,in_age_015,8
2010,다다1173,in_age_016,5
2010,다다1173,in_age_017,0
2010,다다1173,in_age_018,5
2010,다다1173,in_age_035,0
2010,다다1173,in_age_039,0
2010,다다1173,in_age_041,5
2010,다다1173,in_age_042,5
2010,다다1173,in_age_043,5
2010,다다1173,in_age_044,5
2010,다다1173,in_age_045,5
2010,다다1173,in_age_046,0
2010,다다1173,in_age_061,0
2010,다다1173,in_age_062,0
2010,다다1173,in_age_066,0
2010,다다1173,in_age_067,0
2010,다다1173,in_age_068,0
2010,다다1173,in_age_069,0
2010,다다1173,in_age_070,0
2010,다다1173,in_age_071,5
2010,다다1173,in_age_072,5
2010,다다1173,in_age_073,5
2010,다다1173,in_age_074,5
2010,다다1173,in_age_075,8
2010,다다1173,in_age_076,5
2010,다다1173,in_age_077,0
2010,다다1173,in_age_078,5
2010,다다1173,to_in_001,43
2010,다다1173,to_in_007,13
2010,다다1173,to_in_008,33
2010,다다1176,in_age_001,8
2010,다다1176,in_age_002,0
2010,다다1176,in_age_003,5
2010,다다1176,in_age_004,5
2010,다다1176,in_age_005,5
2010,다다1176,in_age_006,8
2010,다다1176,in_age_007,5
2010,다다1176,in_age_008,5
2010,다다1176,in_age_009,8
2010,다다1176,in_age_010,8
2010,다다1176,in_age_011,13
2010,다다1176,in_age_012,8
2010,다다1176,in_age_013,5
2010,다다1176,in_age_014,13
2010,다다1176,in_age_015,13
2010,다다1176,in_age_016,8
2010,다다1176,in_age_017,8
2010,다다1176,in_age_018,5
2010,다다1176,in_age_019,0
2010,다다1176,in_age_031,8
2010,다다1176,in_age_033,5
2010,다다1176,in_age_034,5
2010,다다1176,in_age_036,5
2010,다다1176,in_age_037,5
2010,다다1176,in_age_038,0
2010,다다1176,in_age_039,5
2010,다다1176,in_age_040,5
2010,다다1176,in_age_041,8
2010,다다1176,in_age_042,5
2010,다다1176,in_age_043,5
2010,다다1176,in_age_044,8
2010,다다1176,in_age_045,5
2010,다다1176,in_age_046,5
2010,다다1176,in_age_047,5
2010,다다1176,in_age_061,5
2010,다다1176,in_age_062,0
2010,다다1176,in_age_065,5
2010,다다1176,in_age_066,5
2010,다다1176,in_age_067,5
2010,다다1176,in_age_068,5
2010,다다1176,in_age_069,5
2010,다다1176,in_age_070,5
2010,다다1176,in_age_071,8
2010,다다1176,in_age_072,0
2010,다다1176,in_age_073,5
2010,다다1176,in_age_074,8
2010,다다1176,in_age_075,8
2010,다다1176,in_age_076,5
2010,다다1176,in_age_077,5
2010,다다1176,in_age_078,5
2010,다다1176,in_age_079,0
2010,다다1176,to_in_001,103
2010,다다1176,to_in_007,53
2010,다다1176,to_in_008,53
2010,다다1179,in_age_002,5
2010,다다1179,in_age_007,5
2010,다다1179,in_age_009,5
2010,다다1179,in_age_010,5
2010,다다1179,in_age_011,5
2010,다다1179,in_age_012,5
2010,다다1179,in_age_013,5
2010,다다1179,in_age_014,0
2010,다다1179,in_age_015,5
2010,다다1179,in_age_016,5
2010,다다1179,in_age_018,5
2010,다다1179,in_age_019,0
2010,다다1179,in_age_032,0
2010,다다1179,in_age_037,0
2010,다다1179,in_age_039,5
2010,다다1179,in_age_040,0
2010,다다1179,in_age_041,0
2010,다다1179,in_age_043,5
2010,다다1179,in_age_044,0
2010,다다1179,in_age_045,5
2010,다다1179,in_age_046,0
2010,다다1179,in_age_048,5
2010,다다1179,in_age_062,0
2010,다다1179,in_age_067,0
2010,다다1179,in_age_070,0
2010,다다1179,in_age_071,0
2010,다다1179,in_age_072,5
2010,다다1179,in_age_073,0
2010,다다1179,in_age_075,0
2010,다다1179,in_age_076,5
2010,다다1179,in_age_079,0
2010,다다1179,to_in_001,23
2010,다다1179,to_in_007,13
2010,다다1179,to_in_008,8
2010,다다1192,in_age_011,0
2010,다다1192,in_age_041,0
2010,다다1192,to_in_001,0
2010,다다1192,to_in_007,0
2010,다다1192,to_in_008,0
2010,다다1193,in_age_003,0
2010,다다1193,in_age_004,5
2010,다다1193,in_age_009,0
2010,다다1193,in_age_010,0
2010,다다1193,in_age_014,0
2010,다다1193,in_age_015,0
2010,다다1193,in_age_033,0
2010,다다1193,in_age_040,0
2010,다다1193,in_age_064,5
2010,다다1193,in_age_069,0
2010,다다1193,in_age_074,0
2010,다다1193,in_age_075,0
2010,다다1193,to_in_001,8
2010,다다1193,to_in_007,5
2010,다다1193,to_in_008,5
2010,다다1194,in_age_003,5
2010,다다1194,in_age_004,5
2010,다다1194,in_age_007,5
2010,다다1194,in_age_009,5
2010,다다1194,in_age_010,5
2010,다다1194,in_age_012,0
2010,다다1194,in_age_014,0
2010,다다1194,in_age_033,5
2010,다다1194,in_age_034,5
2010,다다1194,in_age_039,0
2010,다다1194,in_age_040,5
2010,다다1194,in_age_067,5
2010,다다1194,in_age_069,5
2010,다다1194,in_age_070,0
2010,다다1194,in_age_072,0
2010,다다1194,in_age_074,0
2010,다다1194,to_in_001,13
2010,다다1194,to_in_007,8
2010,다다1194,to_in_008,8
2010,다다1196,in_age_002,5
2010,다다1196,in_age_003,0
2010,다다1196,in_age_004,5
2010,다다1196,in_age_005,0
2010,다다1196,in_age_006,5
2010,다다1196,in_age_007,5
2010,다다1196,in_age_008,5
2010,다다1196,in_age_009,5
2010,다다1196,in_age_010,8
2010,다다1196,in_age_011,5
2010,다다1196,in_age_012,8
2010,다다1196,in_age_013,8
2010,다다1196,in_age_014,8
2010,다다1196,in_age_015,23
2010,다다1196,in_age_016,8
2010,다다1196,in_age_017,8
2010,다다1196,in_age_018,8
2010,다다1196,in_age_032,0
2010,다다1196,in_age_033,0
2010,다다1196,in_age_034,5
2010,다다1196,in_age_035,0
2010,다다1196,in_age_036,5
2010,다다1196,in_age_037,5
2010,다다1196,in_age_038,5
2010,다다1196,in_age_039,5
2010,다다1196,in_age_040,8
2010,다다1196,in_age_041,5
2010,다다1196,in_age_042,5
2010,다다1196,in_age_043,8
2010,다다1196,in_age_044,5
2010,다다1196,in_age_045,8
2010,다다1196,in_age_046,8
2010,다다1196,in_age_047,0
2010,다다1196,in_age_048,5
2010,다다1196,in_age_062,0
2010,다다1196,in_age_067,0
2010,다다1196,in_age_068,0
2010,다다1196,in_age_069,0
2010,다다1196,in_age_070,5
2010,다다1196,in_age_071,0
2010,다다1196,in_age_072,8
2010,다다1196,in_age_073,8
2010,다다1196,in_age_074,8
2010,다다1196,in_age_075,13
2010,다다1196,in_age_076,5
2010,다다1196,in_age_077,8
2010,다다1196,in_age_078,8
2010,다다1196,to_in_001,103
2010,다다1196,to_in_007,48
2010,다다1196,to_in_008,53
2010,다다1197,in_age_001,0
2010,다다1197,in_age_003,5
2010,다다1197,in_age_004,5
2010,다다1197,in_age_008,5
2010,다다1197,in_age_009,5
2010,다다1197,in_age_010,8
2010,다다1197,in_age_011,5
2010,다다1197,in_age_012,8
2010,다다1197,in_age_013,8
2010,다다1197,in_age_014,13
2010,다다1197,in_age_015,8
2010,다다1197,in_age_016,13
2010,다다1197,in_age_017,8
2010,다다1197,in_age_018,5
2010,다다1197,in_age_033,5
2010,다다1197,in_age_034,5
2010,다다1197,in_age_038,0
2010,다다1197,in_age_040,8
2010,다다1197,in_age_041,5
2010,다다1197,in_age_042,5
2010,다다1197,in_age_043,5
2010,다다1197,in_age_044,5
2010,다다1197,in_age_045,5
2010,다다1197,in_age_046,5
2010,다다1197,in_age_047,5
2010,다다1197,in_age_061,0
2010,다다1197,in_age_064,0
2010,다다1197,in_age_068,0
2010,다다1197,in_age_069,5
2010,다다1197,in_age_070,5
2010,다다1197,in_age_071,5
2010,다다1197,in_age_072,8
2010,다다1197,in_age_073,8
2010,다다1197,in_age_074,8
2010,다다1197,in_age_075,8
2010,다다1197,in_age_076,8
2010,다다1197,in_age_077,8
2010,다다1197,in_age_078,5
2010,다다1197,to_in_001,78
2010,다다1197,to_in_007,33
2010,다다1197,to_in_008,48
2010,다다1198,in_age_003,0
2010,다다1198,in_age_010,5
2010,다다1198,in_age_011,5
2010,다다1198,in_age_012,5
2010,다다1198,in_age_013,5
2010,다다1198,in_age_014,5
2010,다다1198,in_age_015,5
2010,다다1198,in_age_016,5
2010,다다1198,in_age_017,5
2010,다다1198,in_age_019,5
2010,다다1198,in_age_033,0
2010,다다1198,in_age_040,0
2010,다다1198,in_age_041,0
2010,다다1198,in_age_042,0
2010,다다1198,in_age_043,0
2010,다다1198,in_age_044,0
2010,다다1198,in_age_045,0
2010,다다1198,in_age_046,0
2010,다다1198,in_age_047,5
2010,다다1198,in_age_070,0
2010,다다1198,in_age_071,0
2010,다다1198,in_age_072,5
2010,다다1198,in_age_073,0
2010,다다1198,in_age_074,0
2010,다다1198,in_age_075,5
2010,다다1198,in_age_076,0
2010,다다1198,in_age_079,5
2010,다다1198,to_in_001,18
2010,다다1198,to_in_007,8
2010,다다1198,to_in_008,8
2010,다다1199,in_age_002,0
2010,다다1199,in_age_004,5
2010,다다1199,in_age_008,0
2010,다다1199,in_age_009,5
2010,다다1199,in_age_010,0
2010,다다1199,in_age_011,5
2010,다다1199,in_age_015,5
2010,다다1199,in_age_016,8
2010,다다1199,in_age_017,5
2010,다다1199,in_age_032,0
2010,다다1199,in_age_034,0
2010,다다1199,in_age_039,5
2010,다다1199,in_age_041,5
2010,다다1199,in_age_045,0
2010,다다1199,in_age_046,5
2010,다다1199,in_age_047,0
2010,다다1199,in_age_064,0
2010,다다1199,in_age_068,0
2010,다다1199,in_age_069,5
2010,다다1199,in_age_070,0
2010,다다1199,in_age_075,5
2010,다다1199,in_age_076,5
2010,다다1199,in_age_077,0
2010,다다1199,to_in_001,23
2010,다다1199,to_in_007,8
2010,다다1199,to_in_008,13
2010,다다1200,in_age_001,8
2010,다다1200,in_age_002,8
2010,다다1200,in_age_003,13
2010,다다1200,in_age_004,13
2010,다다1200,in_age_005,19
2010,다다1200,in_age_006,15
2010,다다1200,in_age_007,25
2010,다다1200,in_age_008,23
2010,다다1200,in_age_009,18
2010,다다1200,in_age_010,18
2010,다다1200,in_age_011,13
2010,다다1200,in_age_012,13
2010,다다1200,in_age_013,13
2010,다다1200,in_age_014,8
2010,다다1200,in_age_015,8
2010,다다1200,in_age_016,13
2010,다다1200,in_age_017,8
2010,다다1200,in_age_018,8
2010,다다1200,in_age_019,5
2010,다다1200,in_age_021,0
2010,다다1200,in_age_031,5
2010,다다1200,in_age_032,5
2010,다다1200,in_age_033,13
2010,다다1200,in_age_034,5
2010,다다1200,in_age_035,14
2010,다다1200,in_age_036,12
2010,다다1200,in_age_037,15
2010,다다1200,in_age_038,18
2010,다다1200,in_age_039,8
2010,다다1200,in_age_040,8
2010,다다1200,in_age_041,8
2010,다다1200,in_age_042,8
2010,다다1200,in_age_043,8
2010,다다1200,in_age_044,5
2010,다다1200,in_age_045,5
2010,다다1200,in_age_046,5
2010,다다1200,in_age_047,0
2010,다다1200,in_age_048,5
2010,다다1200,in_age_061,5
2010,다다1200,in_age_062,5
2010,다다1200,in_age_063,0
2010,다다1200,in_age_064,8
2010,다다1200,in_age_065,8
2010,다다1200,in_age_066,8
2010,다다1200,in_age_067,8
2010,다다1200,in_age_068,5
2010,다다1200,in_age_069,8
2010,다다1200,in_age_070,8
2010,다다1200,in_age_071,8
2010,다다1200,in_age_072,8
2010,다다1200,in_age_073,8
2010,다다1200,in_age_074,5
2010,다다1200,in_age_075,5
2010,다다1200,in_age_076,8
2010,다다1200,in_age_077,8
2010,다다1200,in_age_078,8
2010,다다1200,in_age_079,5
2010,다다1200,in_age_081,0
2010,다다1200,to_in_001,248
2010,다다1200,to_in_007,138
2010,다다1200,to_in_008,113
2010,다다1201,in_age_001,5
2010,다다1201,in_age_002,5
2010,다다1201,in_age_003,13
2010,다다1201,in_age_004,15
2010,다다1201,in_age_005,5
2010,다다1201,in_age_006,0
2010,다다1201,in_age_007,0
2010,다다1201,in_age_008,5
2010,다다1201,in_age_009,18
2010,다다1201,in_age_010,22
2010,다다1201,in_age_011,13
2010,다다1201,in_age_012,8
2010,다다1201,in_age_013,5
2010,다다1201,in_age_014,5
2010,다다1201,in_age_015,5
2010,다다1201,in_age_016,5
2010,다다1201,in_age_019,5
2010,다다1201,in_age_031,5
2010,다다1201,in_age_032,0
2010,다다1201,in_age_033,5
2010,다다1201,in_age_034,8
2010,다다1201,in_age_035,0
2010,다다1201,in_age_036,0
2010,다다1201,in_age_038,0
2010,다다1201,in_age_039,8
2010,다다1201,in_age_040,13
2010,다다1201,in_age_041,8
2010,다다1201,in_age_042,5
2010,다다1201,in_age_043,5
2010,다다1201,in_age_044,5
2010,다다1201,in_age_045,0
2010,다다1201,in_age_049,0
2010,다다1201,in_age_062,5
2010,다다1201,in_age_063,8
2010,다다1201,in_age_064,12
2010,다다1201,in_age_065,0
2010,다다1201,in_age_067,0
2010,다다1201,in_age_068,5
2010,다다1201,in_age_069,8
2010,다다1201,in_age_070,6
2010,다다1201,in_age_071,5
2010,다다1201,in_age_072,8
2010,다다1201,in_age_073,0
2010,다다1201,in_age_074,0
2010,다다1201,in_age_075,5
2010,다다1201,in_age_076,5
2010,다다1201,in_age_079,0
2010,다다1201,to_in_001,114
2010,다다1201,to_in_007,56
2010,다다1201,to_in_008,56
2010,다다1202,in_age_001,109
2010,다다1202,in_age_002,140
2010,다다1202,in_age_003,163
2010,다다1202,in_age_004,153
2010,다다1202,in_age_005,91
2010,다다1202,in_age_006,128
2010,다다1202,in_age_007,119
2010,다다1202,in_age_008,184
2010,다다1202,in_age_009,202
2010,다다1202,in_age_010,162
2010,다다1202,in_age_011,142
2010,다다1202,in_age_012,88
2010,다다1202,in_age_013,78
2010,다다1202,in_age_014,78
2010,다다1202,in_age_015,59
2010,다다1202,in_age_016,43
2010,다다1202,in_age_017,18
2010,다다1202,in_age_018,8
2010,다다1202,in_age_019,8
2010,다다1202,in_age_020,5
2010,다다1202,in_age_031,63
2010,다다1202,in_age_032,81
2010,다다1202,in_age_033,80
2010,다다1202,in_age_034,82
2010,다다1202,in_age_035,44
2010,다다1202,in_age_036,65
2010,다다1202,in_age_037,74
2010,다다1202,in_age_038,78
2010,다다1202,in_age_039,104
2010,다다1202,in_age_040,79
2010,다다1202,in_age_041,76
2010,다다1202,in_age_042,38
2010,다다1202,in_age_043,38
2010,다다1202,in_age_044,33
2010,다다1202,in_age_045,33
2010,다다1202,in_age_046,18
2010,다다1202,in_age_047,5
2010,다다1202,in_age_048,0
2010,다다1202,in_age_050,0
2010,다다1202,in_age_061,44
2010,다다1202,in_age_062,62
2010,다다1202,in_age_063,86
2010,다다1202,in_age_064,74
2010,다다1202,in_age_065,45
2010,다다1202,in_age_066,61
2010,다다1202,in_age_067,48
2010,다다1202,in_age_068,104
2010,다다1202,in_age_069,96
2010,다다1202,in_age_070,81
2010,다다1202,in_age_071,64
2010,다다1202,in_age_072,48
2010,다다1202,in_age_073,43
2010,다다1202,in_age_074,48
2010,다다1202,in_age_075,24
2010,다다1202,in_age_076,28
2010,다다1202,in_age_077,13
2010,다다1202,in_age_078,8
2010,다다1202,in_age_079,8
2010,다다1202,in_age_080,0
2010,다다1202,to_in_001,1964
2010,다다1202,to_in_007,986
2010,다다1202,to_in_008,976
2010,다다1203,in_age_001,50
2010,다다1203,in_age_002,70
2010,다다1203,in_age_003,86
2010,다다1203,in_age_004,179
2010,다다1203,in_age_005,57
2010,다다1203,in_age_006,74
2010,다다1203,in_age_007,71
2010,다다1203,in_age_008,93
2010,다다1203,in_age_009,85
2010,다다1203,in_age_010,95
2010,다다1203,in_age_011,77
2010,다다1203,in_age_012,60
2010,다다1203,in_age_013,33
2010,다다1203,in_age_014,33
2010,다다1203,in_age_015,18
2010,다다1203,in_age_016,25
2010,다다1203,in_age_017,8
2010,다다1203,in_age_018,5
2010,다다1203,in_age_019,8
2010,다다1203,in_age_031,26
2010,다다1203,in_age_032,39
2010,다다1203,in_age_033,43
2010,다다1203,in_age_034,139
2010,다다1203,in_age_035,18
2010,다다1203,in_age_036,46
2010,다다1203,in_age_037,41
2010,다다1203,in_age_038,39
2010,다다1203,in_age_039,46
2010,다다1203,in_age_040,53
2010,다다1203,in_age_041,42
2010,다다1203,in_age_042,35
2010,다다1203,in_age_043,18
2010,다다1203,in_age_044,13
2010,다다1203,in_age_045,8
2010,다다1203,in_age_046,8
2010,다다1203,in_age_047,5
2010,다다1203,in_age_048,0
2010,다다1203,in_age_061,27
2010,다다1203,in_age_062,29
2010,다다1203,in_age_063,46
2010,다다1203,in_age_064,38
2010,다다1203,in_age_065,37
2010,다다1203,in_age_066,26
2010,다다1203,in_age_067,28
2010,다다1203,in_age_068,52
2010,다다1203,in_age_069,37
2010,다다1203,in_age_070,45
2010,다다1203,in_age_071,33
2010,다다1203,in_age_072,23
2010,다다1203,in_age_073,13
2010,다다1203,in_age_074,18
2010,다다1203,in_age_075,8
2010,다다1203,in_age_076,20
2010,다다1203,in_age_077,8
2010,다다1203,in_age_078,0
2010,다다1203,in_age_079,8
2010,다다1203,to_in_001,1131
2010,다다1203,to_in_007,624
2010,다다1203,to_in_008,505
2010,다다1204,in_age_001,5
2010,다다1204,in_age_002,8
2010,다다1204,in_age_003,8
2010,다다1204,in_age_004,8
2010,다다1204,in_age_005,5
2010,다다1204,in_age_006,5
2010,다다1204,in_age_007,5
2010,다다1204,in_age_008,11
2010,다다1204,in_age_009,5
2010,다다1204,in_age_010,8
2010,다다1204,in_age_011,8
2010,다다1204,in_age_012,8
2010,다다1204,in_age_013,13
2010,다다1204,in_age_014,15
2010,다다1204,in_age_015,5
2010,다다1204,in_age_016,8
2010,다다1204,in_age_018,5
2010,다다1204,in_age_019,5
2010,다다1204,in_age_031,5
2010,다다1204,in_age_032,5
2010,다다1204,in_age_033,5
2010,다다1204,in_age_034,5
2010,다다1204,in_age_035,0
2010,다다1204,in_age_036,5
2010,다다1204,in_age_037,5
2010,다다1204,in_age_038,6
2010,다다1204,in_age_039,0
2010,다다1204,in_age_040,5
2010,다다1204,in_age_041,8
2010,다다1204,in_age_042,5
2010,다다1204,in_age_043,0
2010,다다1204,in_age_044,7
2010,다다1204,in_age_045,5
2010,다다1204,in_age_046,5
2010,다다1204,in_age_062,5
2010,다다1204,in_age_063,0
2010,다다1204,in_age_064,0
2010,다다1204,in_age_065,0
2010,다다1204,in_age_066,0
2010,다다1204,in_age_067,0
2010,다다1204,in_age_068,5
2010,다다1204,in_age_069,0
2010,다다1204,in_age_070,5
2010,다다1204,in_age_071,5
2010,다다1204,in_age_072,5
2010,다다1204,in_age_073,13
2010,다다1204,in_age_074,8
2010,다다1204,in_age_075,5
2010,다다1204,in_age_076,5
2010,다다1204,in_age_078,5
2010,다다1204,in_age_079,5
2010,다다1204,to_in_001,109
2010,다다1204,to_in_007,56
2010,다다1204,to_in_008,51
2010,다다1273,in_age_002,0
2010,다다1273,in_age_003,5
2010,다다1273,in_age_004,5
2010,다다1273,in_age_005,0
2010,다다1273,in_age_008,5
2010,다다1273,in_age_010,5
2010,다다1273,in_age_011,5
2010,다다1273,in_age_012,5
2010,다다1273,in_age_013,5
2010,다다1273,in_age_014,5
2010,다다1273,in_age_015,5
2010,다다1273,in_age_016,8
2010,다다1273,in_age_018,5
2010,다다1273,in_age_033,5
2010,다다1273,in_age_034,5
2010,다다1273,in_age_038,0
2010,다다1273,in_age_041,0
2010,다다1273,in_age_042,0
2010,다다1273,in_age_043,0
2010,다다1273,in_age_044,5
2010,다다1273,in_age_045,5
2010,다다1273,in_age_046,0
2010,다다1273,in_age_062,0
2010,다다1273,in_age_065,0
2010,다다1273,in_age_068,5
2010,다다1273,in_age_070,5
2010,다다1273,in_age_071,5
2010,다다1273,in_age_072,0
2010,다다1273,in_age_073,5
2010,다다1273,in_age_074,5
2010,다다1273,in_age_075,5
2010,다다1273,in_age_076,8
2010,다다1273,in_age_078,5
2010,다다1273,to_in_001,33
2010,다다1273,to_in_007,13
2010,다다1273,to_in_008,18
2010,다다1274,in_age_001,8
2010,다다1274,in_age_002,8
2010,다다1274,in_age_003,0
2010,다다1274,in_age_005,5
2010,다다1274,in_age_006,5
2010,다다1274,in_age_007,5
2010,다다1274,in_age_008,8
2010,다다1274,in_age_009,8
2010,다다1274,in_age_010,8
2010,다다1274,in_age_011,5
2010,다다1274,in_age_012,8
2010,다다1274,in_age_013,8
2010,다다1274,in_age_014,5
2010,다다1274,in_age_015,8
2010,다다1274,in_age_016,5
2010,다다1274,in_age_018,0
2010,다다1274,in_age_031,5
2010,다다1274,in_age_032,5
2010,다다1274,in_age_035,5
2010,다다1274,in_age_036,5
2010,다다1274,in_age_037,0
2010,다다1274,in_age_038,5
2010,다다1274,in_age_039,5
2010,다다1274,in_age_040,5
2010,다다1274,in_age_041,0
2010,다다1274,in_age_042,5
2010,다다1274,in_age_043,5
2010,다다1274,in_age_044,0
2010,다다1274,in_age_045,0
2010,다다1274,in_age_046,5
2010,다다1274,in_age_061,5
2010,다다1274,in_age_062,5
2010,다다1274,in_age_063,0
2010,다다1274,in_age_065,0
2010,다다1274,in_age_067,5
2010,다다1274,in_age_068,5
2010,다다1274,in_age_069,5
2010,다다1274,in_age_070,5
2010,다다1274,in_age_071,0
2010,다다1274,in_age_072,5
2010,다다1274,in_age_073,8
2010,다다1274,in_age_074,5
2010,다다1274,in_age_075,5
2010,다다1274,in_age_076,0
2010,다다1274,in_age_078,0
2010,다다1274,to_in_001,73
2010,다다1274,to_in_007,38
2010,다다1274,to_in_008,38
2010,다다1275,in_age_001,0
2010,다다1275,in_age_002,5
2010,다다1275,in_age_003,5
2010,다다1275,in_age_004,5
2010,다다1275,in_age_006,5
2010,다다1275,in_age_008,5
2010,다다1275,in_age_009,8
2010,다다1275,in_age_010,8
2010,다다1275,in_age_011,8
2010,다다1275,in_age_012,5
2010,다다1275,in_age_013,5
2010,다다1275,in_age_014,5
2010,다다1275,in_age_015,8
2010,다다1275,in_age_016,8
2010,다다1275,in_age_019,0
2010,다다1275,in_age_031,0
2010,다다1275,in_age_032,0
2010,다다1275,in_age_033,5
2010,다다1275,in_age_034,5
2010,다다1275,in_age_036,5
2010,다다1275,in_age_039,5
2010,다다1275,in_age_040,5
2010,다다1275,in_age_041,8
2010,다다1275,in_age_042,0
2010,다다1275,in_age_043,0
2010,다다1275,in_age_044,0
2010,다다1275,in_age_045,5
2010,다다1275,in_age_046,5
2010,다다1275,in_age_062,0
2010,다다1275,in_age_063,5
2010,다다1275,in_age_064,0
2010,다다1275,in_age_068,5
2010,다다1275,in_age_069,8
2010,다다1275,in_age_070,5
2010,다다1275,in_age_071,0
2010,다다1275,in_age_072,5
2010,다다1275,in_age_073,5
2010,다다1275,in_age_074,5
2010,다다1275,in_age_075,5
2010,다다1275,in_age_076,8
2010,다다1275,in_age_079,0
2010,다다1275,to_in_001,63
2010,다다1275,to_in_007,33
2010,다다1275,to_in_008,28
2010,다다1276,in_age_005,0
2010,다다1276,in_age_007,5
2010,다다1276,in_age_011,8
2010,다다1276,in_age_012,0
2010,다다1276,in_age_014,8
2010,다다1276,in_age_015,5
2010,다다1276,in_age_037,5
2010,다다1276,in_age_041,8
2010,다다1276,in_age_042,0
2010,다다1276,in_age_044,0
2010,다다1276,in_age_045,5
2010,다다1276,in_age_065,0
2010,다다1276,in_age_067,0
2010,다다1276,in_age_071,5
2010,다다1276,in_age_074,8
2010,다다1276,in_age_075,5
2010,다다1276,to_in_001,18
2010,다다1276,to_in_007,8
2010,다다1276,to_in_008,8
2010,다다1278,in_age_001,0
2010,다다1278,in_age_002,5
2010,다다1278,in_age_004,5
2010,다다1278,in_age_005,0
2010,다다1278,in_age_006,5
2010,다다1278,in_age_007,5
2010,다다1278,in_age_008,0
2010,다다1278,in_age_009,8
2010,다다1278,in_age_010,8
2010,다다1278,in_age_011,5
2010,다다1278,in_age_012,5
2010,다다1278,in_age_013,5
2010,다다1278,in_age_014,5
2010,다다1278,in_age_015,5
2010,다다1278,in_age_016,5
2010,다다1278,in_age_017,0
2010,다다1278,in_age_034,0
2010,다다1278,in_age_035,0
2010,다다1278,in_age_036,5
2010,다다1278,in_age_037,5
2010,다다1278,in_age_039,5
2010,다다1278,in_age_040,5
2010,다다1278,in_age_041,5
2010,다다1278,in_age_042,0
2010,다다1278,in_age_043,0
2010,다다1278,in_age_044,5
2010,다다1278,in_age_061,0
2010,다다1278,in_age_062,5
2010,다다1278,in_age_064,5
2010,다다1278,in_age_067,0
2010,다다1278,in_age_068,0
2010,다다1278,in_age_069,5
2010,다다1278,in_age_070,5
2010,다다1278,in_age_072,0
2010,다다1278,in_age_073,0
2010,다다1278,in_age_074,5
2010,다다1278,in_age_075,5
2010,다다1278,in_age_076,5
2010,다다1278,in_age_077,0
2010,다다1278,to_in_001,43
2010,다다1278,to_in_007,18
2010,다다1278,to_in_008,23
2010,다다1279,in_age_008,0
2010,다다1279,in_age_009,5
2010,다다1279,in_age_013,0
2010,다다1279,in_age_014,5
2010,다다1279,in_age_015,5
2010,다다1279,in_age_038,0
2010,다다1279,in_age_044,5
2010,다다1279,in_age_045,0
2010,다다1279,in_age_069,5
2010,다다1279,in_age_073,0
2010,다다1279,in_age_074,0
2010,다다1279,in_age_075,0
2010,다다1279,to_in_001,8
2010,다다1279,to_in_007,5
2010,다다1279,to_in_008,5
2010,다다1291,in_age_002,5
2010,다다1291,in_age_003,5
2010,다다1291,in_age_006,5
2010,다다1291,in_age_007,0
2010,다다1291,in_age_008,5
2010,다다1291,in_age_009,8
2010,다다1291,in_age_010,5
2010,다다1291,in_age_011,5
2010,다다1291,in_age_012,5
2010,다다1291,in_age_013,0
2010,다다1291,in_age_014,0
2010,다다1291,in_age_015,5
2010,다다1291,in_age_016,5
2010,다다1291,in_age_017,0
2010,다다1291,in_age_032,0
2010,다다1291,in_age_033,0
2010,다다1291,in_age_036,0
2010,다다1291,in_age_037,0
2010,다다1291,in_age_038,5
2010,다다1291,in_age_039,5
2010,다다1291,in_age_040,5
2010,다다1291,in_age_041,5
2010,다다1291,in_age_042,5
2010,다다1291,in_age_043,0
2010,다다1291,in_age_046,0
2010,다다1291,in_age_062,0
2010,다다1291,in_age_063,0
2010,다다1291,in_age_066,5
2010,다다1291,in_age_068,0
2010,다다1291,in_age_069,5
2010,다다1291,in_age_070,0
2010,다다1291,in_age_072,5
2010,다다1291,in_age_074,0
2010,다다1291,in_age_075,5
2010,다다1291,in_age_076,5
2010,다다1291,in_age_077,0
2010,다다1291,to_in_001,33
2010,다다1291,to_in_007,18
2010,다다1291,to_in_008,18
2010,다다1292,in_age_003,0
2010,다다1292,in_age_004,0
2010,다다1292,in_age_008,0
2010,다다1292,in_age_010,8
2010,다다1292,in_age_011,5
2010,다다1292,in_age_012,5
2010,다다1292,in_age_013,0
2010,다다1292,in_age_014,5
2010,다다1292,in_age_015,5
2010,다다1292,in_age_016,5
2010,다다1292,in_age_017,0
2010,다다1292,in_age_018,0
2010,다다1292,in_age_034,0
2010,다다1292,in_age_038,0
2010,다다1292,in_age_040,5
2010,다다1292,in_age_041,0
2010,다다1292,in_age_042,5
2010,다다1292,in_age_044,5
2010,다다1292,in_age_046,5
2010,다다1292,in_age_063,0
2010,다다1292,in_age_070,5
2010,다다1292,in_age_071,5
2010,다다1292,in_age_072,0
2010,다다1292,in_age_073,0
2010,다다1292,in_age_075,5
2010,다다1292,in_age_076,0
2010,다다1292,in_age_077,0
2010,다다1292,in_age_078,0
2010,다다1292,to_in_001,23
2010,다다1292,to_in_007,8
2010,다다1292,to_in_008,13
2010,다다1294,in_age_006,5
2010,다다1294,in_age_009,0
2010,다다1294,in_age_013,0
2010,다다1294,in_age_015,5
2010,다다1294,in_age_016,0
2010,다다1294,in_age_039,0
2010,다다1294,in_age_045,5
2010,다다1294,in_age_066,5
2010,다다1294,in_age_073,0
2010,다다1294,in_age_076,0
2010,다다1294,to_in_001,8
2010,다다1294,to_in_007,5
2010,다다1294,to_in_008,5
2010,다다1295,in_age_004,5
2010,다다1295,in_age_005,5
2010,다다1295,in_age_009,5
2010,다다1295,in_age_010,5
2010,다다1295,in_age_011,8
2010,다다1295,in_age_012,5
2010,다다1295,in_age_013,0
2010,다다1295,in_age_014,5
2010,다다1295,in_age_015,5
2010,다다1295,in_age_016,5
2010,다다1295,in_age_017,5
2010,다다1295,in_age_034,5
2010,다다1295,in_age_035,0
2010,다다1295,in_age_041,5
2010,다다1295,in_age_042,5
2010,다다1295,in_age_044,5
2010,다다1295,in_age_045,0
2010,다다1295,in_age_047,5
2010,다다1295,in_age_065,0
2010,다다1295,in_age_069,5
2010,다다1295,in_age_070,5
2010,다다1295,in_age_071,0
2010,다다1295,in_age_073,0
2010,다다1295,in_age_075,0
2010,다다1295,in_age_076,5
2010,다다1295,in_age_077,5
2010,다다1295,to_in_001,28
2010,다다1295,to_in_007,13
2010,다다1295,to_in_008,13
2010,다다1296,in_age_002,0
2010,다다1296,in_age_008,5
2010,다다1296,in_age_009,5
2010,다다1296,in_age_010,5
2010,다다1296,in_age_011,5
2010,다다1296,in_age_012,8
2010,다다1296,in_age_013,13
2010,다다1296,in_age_014,18
2010,다다1296,in_age_015,8
2010,다다1296,in_age_016,13
2010,다다1296,in_age_017,5
2010,다다1296,in_age_018,5
2010,다다1296,in_age_019,0
2010,다다1296,in_age_038,0
2010,다다1296,in_age_039,5
2010,다다1296,in_age_040,5
2010,다다1296,in_age_041,5
2010,다다1296,in_age_043,5
2010,다다1296,in_age_044,13
2010,다다1296,in_age_045,5
2010,다다1296,in_age_046,5
2010,다다1296,in_age_047,0
2010,다다1296,in_age_062,0
2010,다다1296,in_age_068,5
2010,다다1296,in_age_070,0
2010,다다1296,in_age_071,5
2010,다다1296,in_age_072,8
2010,다다1296,in_age_073,8
2010,다다1296,in_age_074,8
2010,다다1296,in_age_075,5
2010,다다1296,in_age_076,8
2010,다다1296,in_age_077,0
2010,다다1296,in_age_078,5
2010,다다1296,in_age_079,0
2010,다다1296,to_in_001,73
2010,다다1296,to_in_007,28
2010,다다1296,to_in_008,43
2010,다다1297,in_age_001,0
2010,다다1297,in_age_002,5
2010,다다1297,in_age_003,5
2010,다다1297,in_age_004,0
2010,다다1297,in_age_005,5
2010,다다1297,in_age_007,0
2010,다다1297,in_age_008,5
2010,다다1297,in_age_009,0
2010,다다1297,in_age_010,5
2010,다다1297,in_age_011,5
2010,다다1297,in_age_012,0
2010,다다1297,in_age_013,5
2010,다다1297,in_age_014,13
2010,다다1297,in_age_015,5
2010,다다1297,in_age_016,5
2010,다다1297,in_age_017,5
2010,다다1297,in_age_018,5
2010,다다1297,in_age_019,0
2010,다다1297,in_age_031,0
2010,다다1297,in_age_033,0
2010,다다1297,in_age_038,5
2010,다다1297,in_age_040,5
2010,다다1297,in_age_041,5
2010,다다1297,in_age_043,0
2010,다다1297,in_age_044,8
2010,다다1297,in_age_045,0
2010,다다1297,in_age_046,0
2010,다다1297,in_age_047,0
2010,다다1297,in_age_062,5
2010,다다1297,in_age_063,0
2010,다다1297,in_age_064,0
2010,다다1297,in_age_065,5
2010,다다1297,in_age_067,0
2010,다다1297,in_age_069,0
2010,다다1297,in_age_070,5
2010,다다1297,in_age_071,5
2010,다다1297,in_age_072,0
2010,다다1297,in_age_073,5
2010,다다1297,in_age_074,5
2010,다다1297,in_age_075,5
2010,다다1297,in_age_076,5
2010,다다1297,in_age_077,5
2010,다다1297,in_age_078,5
2010,다다1297,in_age_079,0
2010,다다1297,to_in_001,53
2010,다다1297,to_in_007,23
2010,다다1297,to_in_008,33
2010,다다1298,in_age_002,5
2010,다다1298,in_age_003,5
2010,다다1298,in_age_004,5
2010,다다1298,in_age_007,0
2010,다다1298,in_age_008,5
2010,다다1298,in_age_009,5
2010,다다1298,in_age_010,0
2010,다다1298,in_age_011,8
2010,다다1298,in_age_012,0
2010,다다1298,in_age_013,5
2010,다다1298,in_age_014,13
2010,다다1298,in_age_015,13
2010,다다1298,in_age_016,13
2010,다다1298,in_age_017,5
2010,다다1298,in_age_018,0
2010,다다1298,in_age_032,0
2010,다다1298,in_age_033,0
2010,다다1298,in_age_034,5
2010,다다1298,in_age_038,0
2010,다다1298,in_age_039,5
2010,다다1298,in_age_041,5
2010,다다1298,in_age_043,0
2010,다다1298,in_age_044,8
2010,다다1298,in_age_045,5
2010,다다1298,in_age_046,8
2010,다다1298,in_age_047,0
2010,다다1298,in_age_062,0
2010,다다1298,in_age_063,5
2010,다다1298,in_age_067,0
2010,다다1298,in_age_068,0
2010,다다1298,in_age_069,5
2010,다다1298,in_age_070,0
2010,다다1298,in_age_071,5
2010,다다1298,in_age_072,0
2010,다다1298,in_age_073,5
2010,다다1298,in_age_074,8
2010,다다1298,in_age_075,8
2010,다다1298,in_age_076,8
2010,다다1298,in_age_077,0
2010,다다1298,in_age_078,0
2010,다다1298,to_in_001,63
2010,다다1298,to_in_007,28
2010,다다1298,to_in_008,38
2010,다다1299,in_age_002,5
2010,다다1299,in_age_003,0
2010,다다1299,in_age_004,0
2010,다다1299,in_age_005,0
2010,다다1299,in_age_008,5
2010,다다1299,in_age_009,0
2010,다다1299,in_age_010,5
2010,다다1299,in_age_011,8
2010,다다1299,in_age_012,8
2010,다다1299,in_age_013,5
2010,다다1299,in_age_014,5
2010,다다1299,in_age_015,8
2010,다다1299,in_age_016,8
2010,다다1299,in_age_018,5
2010,다다1299,in_age_032,5
2010,다다1299,in_age_034,0
2010,다다1299,in_age_035,0
2010,다다1299,in_age_038,5
2010,다다1299,in_age_039,0
2010,다다1299,in_age_040,5
2010,다다1299,in_age_041,8
2010,다다1299,in_age_042,5
2010,다다1299,in_age_043,0
2010,다다1299,in_age_044,5
2010,다다1299,in_age_045,5
2010,다다1299,in_age_046,5
2010,다다1299,in_age_062,5
2010,다다1299,in_age_063,0
2010,다다1299,in_age_068,5
2010,다다1299,in_age_070,0
2010,다다1299,in_age_071,5
2010,다다1299,in_age_072,5
2010,다다1299,in_age_073,5
2010,다다1299,in_age_074,5
2010,다다1299,in_age_075,5
2010,다다1299,in_age_076,5
2010,다다1299,in_age_078,5
2010,다다1299,to_in_001,53
2010,다다1299,to_in_007,28
2010,다다1299,to_in_008,28
2010,다다1300,in_age_001,5
2010,다다1300,in_age_002,5
2010,다다1300,in_age_003,13
2010,다다1300,in_age_004,5
2010,다다1300,in_age_005,5
2010,다다1300,in_age_006,5
2010,다다1300,in_age_007,5
2010,다다1300,in_age_008,5
2010,다다1300,in_age_009,5
2010,다다1300,in_age_010,8
2010,다다1300,in_age_011,5
2010,다다1300,in_age_012,5
2010,다다1300,in_age_013,5
2010,다다1300,in_age_014,8
2010,다다1300,in_age_015,8
2010,다다1300,in_age_016,0
2010,다다1300,in_age_017,5
2010,다다1300,in_age_018,5
2010,다다1300,in_age_031,0
2010,다다1300,in_age_032,0
2010,다다1300,in_age_033,8
2010,다다1300,in_age_034,0
2010,다다1300,in_age_035,5
2010,다다1300,in_age_036,0
2010,다다1300,in_age_037,0
2010,다다1300,in_age_038,5
2010,다다1300,in_age_039,5
2010,다다1300,in_age_040,0
2010,다다1300,in_age_042,0
2010,다다1300,in_age_043,5
2010,다다1300,in_age_044,8
2010,다다1300,in_age_045,8
2010,다다1300,in_age_047,0
2010,다다1300,in_age_048,5
2010,다다1300,in_age_061,0
2010,다다1300,in_age_062,0
2010,다다1300,in_age_063,8
2010,다다1300,in_age_064,0
2010,다다1300,in_age_066,5
2010,다다1300,in_age_067,0
2010,다다1300,in_age_068,5
2010,다다1300,in_age_069,5
2010,다다1300,in_age_070,5
2010,다다1300,in_age_071,5
2010,다다1300,in_age_072,5
2010,다다1300,in_age_073,5
2010,다다1300,in_age_074,8
2010,다다1300,in_age_075,0
2010,다다1300,in_age_076,0
2010,다다1300,in_age_077,0
2010,다다1300,to_in_001,73
2010,다다1300,to_in_007,38
2010,다다1300,to_in_008,38
2010,다다1301,in_age_001,8
2010,다다1301,in_age_002,5
2010,다다1301,in_age_003,5
2010,다다1301,in_age_004,5
2010,다다1301,in_age_005,5
2010,다다1301,in_age_006,13
2010,다다1301,in_age_007,13
2010,다다1301,in_age_008,5
2010,다다1301,in_age_009,13
2010,다다1301,in_age_010,8
2010,다다1301,in_age_011,8
2010,다다1301,in_age_012,5
2010,다다1301,in_age_013,8
2010,다다1301,in_age_014,5
2010,다다1301,in_age_015,8
2010,다다1301,in_age_016,5
2010,다다1301,in_age_017,5
2010,다다1301,in_age_018,0
2010,다다1301,in_age_031,8
2010,다다1301,in_age_033,0
2010,다다1301,in_age_034,0
2010,다다1301,in_age_035,5
2010,다다1301,in_age_036,8
2010,다다1301,in_age_037,8
2010,다다1301,in_age_038,5
2010,다다1301,in_age_039,8
2010,다다1301,in_age_040,5
2010,다다1301,in_age_041,5
2010,다다1301,in_age_042,5
2010,다다1301,in_age_043,5
2010,다다1301,in_age_044,5
2010,다다1301,in_age_045,5
2010,다다1301,in_age_046,0
2010,다다1301,in_age_047,0
2010,다다1301,in_age_062,5
2010,다다1301,in_age_063,5
2010,다다1301,in_age_064,5
2010,다다1301,in_age_065,5
2010,다다1301,in_age_066,8
2010,다다1301,in_age_067,8
2010,다다1301,in_age_068,0
2010,다다1301,in_age_069,5
2010,다다1301,in_age_070,8
2010,다다1301,in_age_071,8
2010,다다1301,in_age_072,5
2010,다다1301,in_age_073,5
2010,다다1301,in_age_074,5
2010,다다1301,in_age_075,8
2010,다다1301,in_age_076,5
2010,다다1301,in_age_077,0
2010,다다1301,in_age_078,0
2010,다다1301,to_in_001,93
2010,다다1301,to_in_007,48
2010,다다1301,to_in_008,48
2010,다다1302,in_age_001,23
2010,다다1302,in_age_002,18
2010,다다1302,in_age_003,18
2010,다다1302,in_age_004,18
2010,다다1302,in_age_005,13
2010,다다1302,in_age_006,8
2010,다다1302,in_age_007,23
2010,다다1302,in_age_008,23
2010,다다1302,in_age_009,13
2010,다다1302,in_age_010,23
2010,다다1302,in_age_011,18
2010,다다1302,in_age_012,8
2010,다다1302,in_age_013,8
2010,다다1302,in_age_014,8
2010,다다1302,in_age_015,5
2010,다다1302,in_age_016,0
2010,다다1302,in_age_017,0
2010,다다1302,in_age_018,5
2010,다다1302,in_age_020,5
2010,다다1302,in_age_031,13
2010,다다1302,in_age_032,8
2010,다다1302,in_age_033,8
2010,다다1302,in_age_034,13
2010,다다1302,in_age_035,5
2010,다다1302,in_age_036,8
2010,다다1302,in_age_037,13
2010,다다1302,in_age_038,13
2010,다다1302,in_age_039,8
2010,다다1302,in_age_040,13
2010,다다1302,in_age_041,13
2010,다다1302,in_age_042,5
2010,다다1302,in_age_043,5
2010,다다1302,in_age_044,5
2010,다다1302,in_age_045,5
2010,다다1302,in_age_048,5
2010,다다1302,in_age_061,8
2010,다다1302,in_age_062,8
2010,다다1302,in_age_063,8
2010,다다1302,in_age_064,8
2010,다다1302,in_age_065,8
2010,다다1302,in_age_066,0
2010,다다1302,in_age_067,8
2010,다다1302,in_age_068,8
2010,다다1302,in_age_069,8
2010,다다1302,in_age_070,13
2010,다다1302,in_age_071,8
2010,다다1302,in_age_072,8
2010,다다1302,in_age_073,5
2010,다다1302,in_age_074,5
2010,다다1302,in_age_075,0
2010,다다1302,in_age_076,0
2010,다다1302,in_age_077,0
2010,다다1302,in_age_080,5
2010,다다1302,to_in_001,228
2010,다다1302,to_in_007,128
2010,다다1302,to_in_008,103
2010,다다1303,in_age_001,452
2010,다다1303,in_age_002,546
2010,다다1303,in_age_003,691
2010,다다1303,in_age_004,694
2010,다다1303,in_age_005,365
2010,다다1303,in_age_006,576
2010,다다1303,in_age_007,561
2010,다다1303,in_age_008,695
2010,다다1303,in_age_009,752
2010,다다1303,in_age_010,723
2010,다다1303,in_age_011,543
2010,다다1303,in_age_012,407
2010,다다1303,in_age_013,294
2010,다다1303,in_age_014,256
2010,다다1303,in_age_015,194
2010,다다1303,in_age_016,132
2010,다다1303,in_age_017,63
2010,다다1303,in_age_018,33
2010,다다1303,in_age_019,8
2010,다다1303,in_age_020,8
2010,다다1303,in_age_031,226
2010,다다1303,in_age_032,276
2010,다다1303,in_age_033,366
2010,다다1303,in_age_034,365
2010,다다1303,in_age_035,168
2010,다다1303,in_age_036,293
2010,다다1303,in_age_037,299
2010,다다1303,in_age_038,324
2010,다다1303,in_age_039,374
2010,다다1303,in_age_040,370
2010,다다1303,in_age_041,289
2010,다다1303,in_age_042,195
2010,다다1303,in_age_043,152
2010,다다1303,in_age_044,123
2010,다다1303,in_age_045,83
2010,다다1303,in_age_046,58
2010,다다1303,in_age_047,13
2010,다다1303,in_age_048,5
2010,다다1303,in_age_050,0
2010,다다1303,in_age_061,224
2010,다다1303,in_age_062,273
2010,다다1303,in_age_063,323
2010,다다1303,in_age_064,327
2010,다다1303,in_age_065,195
2010,다다1303,in_age_066,281
2010,다다1303,in_age_067,265
2010,다다1303,in_age_068,369
2010,다다1303,in_age_069,381
2010,다다1303,in_age_070,351
2010,다다1303,in_age_071,257
2010,다다1303,in_age_072,210
2010,다다1303,in_age_073,145
2010,다다1303,in_age_074,131
2010,다다1303,in_age_075,114
2010,다다1303,in_age_076,77
2010,다다1303,in_age_077,53
2010,다다1303,in_age_078,28
2010,다다1303,in_age_079,8
2010,다다1303,in_age_080,8
2010,다다1303,to_in_001,7996
2010,다다1303,to_in_007,3986
2010,다다1303,to_in_008,4013
2010,다다1304,in_age_001,23
2010,다다1304,in_age_002,18
2010,다다1304,in_age_003,34
2010,다다1304,in_age_004,23
2010,다다1304,in_age_005,13
2010,다다1304,in_age_006,13
2010,다다1304,in_age_007,23
2010,다다1304,in_age_008,28
2010,다다1304,in_age_009,33
2010,다다1304,in_age_010,37
2010,다다1304,in_age_011,13
2010,다다1304,in_age_012,23
2010,다다1304,in_age_013,23
2010,다다1304,in_age_014,23
2010,다다1304,in_age_015,33
2010,다다1304,in_age_016,31
2010,다다1304,in_age_017,8
2010,다다1304,in_age_018,5
2010,다다1304,in_age_019,5
2010,다다1304,in_age_020,0
2010,다다1304,in_age_021,5
2010,다다1304,in_age_031,13
2010,다다1304,in_age_032,8
2010,다다1304,in_age_033,13
2010,다다1304,in_age_034,8
2010,다다1304,in_age_035,8
2010,다다1304,in_age_036,8
2010,다다1304,in_age_037,13
2010,다다1304,in_age_038,13
2010,다다1304,in_age_039,18
2010,다다1304,in_age_040,21
2010,다다1304,in_age_041,13
2010,다다1304,in_age_042,13
2010,다다1304,in_age_043,13
2010,다다1304,in_age_044,13
2010,다다1304,in_age_045,13
2010,다다1304,in_age_046,13
2010,다다1304,in_age_047,5
2010,다다1304,in_age_061,8
2010,다다1304,in_age_062,8
2010,다다1304,in_age_063,24
2010,다다1304,in_age_064,13
2010,다다1304,in_age_065,8
2010,다다1304,in_age_066,5
2010,다다1304,in_age_067,13
2010,다다1304,in_age_068,13
2010,다다1304,in_age_069,13
2010,다다1304,in_age_070,19
2010,다다1304,in_age_071,8
2010,다다1304,in_age_072,8
2010,다다1304,in_age_073,13
2010,다다1304,in_age_074,8
2010,다다1304,in_age_075,18
2010,다다1304,in_age_076,21
2010,다다1304,in_age_077,8
2010,다다1304,in_age_078,5
2010,다다1304,in_age_079,5
2010,다다1304,in_age_080,0
2010,다다1304,in_age_081,5
2010,다다1304,to_in_001,411
2010,다다1304,to_in_007,206
2010,다다1304,to_in_008,208
2010,다다1371,in_age_001,5
2010,다다1371,in_age_005,5
2010,다다1371,in_age_007,5
2010,다다1371,in_age_008,5
2010,다다1371,in_age_009,5
2010,다다1371,in_age_010,5
2010,다다1371,in_age_011,5
2010,다다1371,in_age_012,5
2010,다다1371,in_age_014,8
2010,다다1371,in_age_015,5
2010,다다1371,in_age_016,8
2010,다다1371,in_age_018,5
2010,다다1371,in_age_019,0
2010,다다1371,in_age_031,5
2010,다다1371,in_age_035,0
2010,다다1371,in_age_037,5
2010,다다1371,in_age_038,5
2010,다다1371,in_age_039,5
2010,다다1371,in_age_040,0
2010,다다1371,in_age_041,0
2010,다다1371,in_age_042,5
2010,다다1371,in_age_044,8
2010,다다1371,in_age_045,0
2010,다다1371,in_age_046,0
2010,다다1371,in_age_049,0
2010,다다1371,in_age_065,5
2010,다다1371,in_age_067,0
2010,다다1371,in_age_069,5
2010,다다1371,in_age_070,0
2010,다다1371,in_age_071,5
2010,다다1371,in_age_074,5
2010,다다1371,in_age_075,5
2010,다다1371,in_age_076,8
2010,다다1371,in_age_078,5
2010,다다1371,to_in_001,33
2010,다다1371,to_in_007,18
2010,다다1371,to_in_008,18
2010,다다1372,in_age_001,8
2010,다다1372,in_age_002,13
2010,다다1372,in_age_003,13
2010,다다1372,in_age_004,8
2010,다다1372,in_age_005,5
2010,다다1372,in_age_006,8
2010,다다1372,in_age_007,13
2010,다다1372,in_age_008,18
2010,다다1372,in_age_009,13
2010,다다1372,in_age_010,13
2010,다다1372,in_age_011,18
2010,다다1372,in_age_012,18
2010,다다1372,in_age_013,18
2010,다다1372,in_age_014,33
2010,다다1372,in_age_015,23
2010,다다1372,in_age_016,13
2010,다다1372,in_age_017,8
2010,다다1372,in_age_018,5
2010,다다1372,in_age_021,0
2010,다다1372,in_age_031,5
2010,다다1372,in_age_032,8
2010,다다1372,in_age_033,8
2010,다다1372,in_age_034,5
2010,다다1372,in_age_035,5
2010,다다1372,in_age_036,5
2010,다다1372,in_age_037,8
2010,다다1372,in_age_038,8
2010,다다1372,in_age_039,8
2010,다다1372,in_age_040,8
2010,다다1372,in_age_041,8
2010,다다1372,in_age_042,8
2010,다다1372,in_age_043,8
2010,다다1372,in_age_044,13
2010,다다1372,in_age_045,8
2010,다다1372,in_age_046,8
2010,다다1372,in_age_047,5
2010,다다1372,in_age_048,0
2010,다다1372,in_age_061,5
2010,다다1372,in_age_062,5
2010,다다1372,in_age_063,5
2010,다다1372,in_age_064,5
2010,다다1372,in_age_066,8
2010,다다1372,in_age_067,5
2010,다다1372,in_age_068,8
2010,다다1372,in_age_069,5
2010,다다1372,in_age_070,8
2010,다다1372,in_age_071,8
2010,다다1372,in_age_072,8
2010,다다1372,in_age_073,8
2010,다다1372,in_age_074,18
2010,다다1372,in_age_075,18
2010,다다1372,in_age_076,8
2010,다다1372,in_age_077,8
2010,다다1372,in_age_078,0
2010,다다1372,in_age_081,0
2010,다다1372,to_in_001,243
2010,다다1372,to_in_007,118
2010,다다1372,to_in_008,123
2010,다다1374,in_age_003,0
2010,다다1374,in_age_004,5
2010,다다1374,in_age_008,5
2010,다다1374,in_age_009,5
2010,다다1374,in_age_010,5
2010,다다1374,in_age_011,5
2010,다다1374,in_age_012,5
2010,다다1374,in_age_014,5
2010,다다1374,in_age_015,0
2010,다다1374,in_age_016,0
2010,다다1374,in_age_017,5
2010,다다1374,in_age_018,0
2010,다다1374,in_age_033,0
2010,다다1374,in_age_034,5
2010,다다1374,in_age_038,5
2010,다다1374,in_age_040,5
2010,다다1374,in_age_041,0
2010,다다1374,in_age_042,5
2010,다다1374,in_age_044,0
2010,다다1374,in_age_069,5
2010,다다1374,in_age_070,0
2010,다다1374,in_age_071,5
2010,다다1374,in_age_074,5
2010,다다1374,in_age_075,0
2010,다다1374,in_age_076,0
2010,다다1374,in_age_077,5
2010,다다1374,in_age_078,0
2010,다다1374,to_in_001,23
2010,다다1374,to_in_007,8
2010,다다1374,to_in_008,13
2010,다다1375,in_age_001,5
2010,다다1375,in_age_002,8
2010,다다1375,in_age_003,8
2010,다다1375,in_age_004,5
2010,다다1375,in_age_005,5
2010,다다1375,in_age_006,5
2010,다다1375,in_age_007,13
2010,다다1375,in_age_008,8
2010,다다1375,in_age_009,13
2010,다다1375,in_age_010,13
2010,다다1375,in_age_011,13
2010,다다1375,in_age_012,8
2010,다다1375,in_age_013,8
2010,다다1375,in_age_014,8
2010,다다1375,in_age_015,8
2010,다다1375,in_age_016,0
2010,다다1375,in_age_017,8
2010,다다1375,in_age_018,0
2010,다다1375,in_age_031,5
2010,다다1375,in_age_032,8
2010,다다1375,in_age_033,5
2010,다다1375,in_age_034,5
2010,다다1375,in_age_035,0
2010,다다1375,in_age_036,5
2010,다다1375,in_age_037,8
2010,다다1375,in_age_038,5
2010,다다1375,in_age_039,5
2010,다다1375,in_age_040,8
2010,다다1375,in_age_041,8
2010,다다1375,in_age_042,8
2010,다다1375,in_age_043,8
2010,다다1375,in_age_044,5
2010,다다1375,in_age_045,5
2010,다다1375,in_age_047,5
2010,다다1375,in_age_061,0
2010,다다1375,in_age_062,5
2010,다다1375,in_age_063,8
2010,다다1375,in_age_064,0
2010,다다1375,in_age_065,5
2010,다다1375,in_age_067,8
2010,다다1375,in_age_068,8
2010,다다1375,in_age_069,8
2010,다다1375,in_age_070,5
2010,다다1375,in_age_071,8
2010,다다1375,in_age_072,5
2010,다다1375,in_age_073,5
2010,다다1375,in_age_074,5
2010,다다1375,in_age_075,5
2010,다다1375,in_age_076,0
2010,다다1375,in_age_077,5
2010,다다1375,in_age_078,0
2010,다다1375,to_in_001,128
2010,다다1375,to_in_007,63
2010,다다1375,to_in_008,63
2010,다다1376,in_age_002,0
2010,다다1376,in_age_006,5
2010,다다1376,in_age_007,0
2010,다다1376,in_age_008,0
2010,다다1376,in_age_010,5
2010,다다1376,in_age_011,0
2010,다다1376,in_age_013,0
2010,다다1376,in_age_014,5
2010,다다1376,in_age_015,0
2010,다다1376,in_age_037,0
2010,다다1376,in_age_038,0
2010,다다1376,in_age_041,0
2010,다다1376,in_age_043,0
2010,다다1376,in_age_044,0
2010,다다1376,in_age_062,0
2010,다다1376,in_age_066,5
2010,다다1376,in_age_070,5
2010,다다1376,in_age_074,0
2010,다다1376,in_age_075,0
2010,다다1376,to_in_001,13
2010,다다1376,to_in_007,5
2010,다다1376,to_in_008,8
2010,다다1377,in_age_001,28
2010,다다1377,in_age_002,18
2010,다다1377,in_age_003,13
2010,다다1377,in_age_004,8
2010,다다1377,in_age_005,5
2010,다다1377,in_age_006,18
2010,다다1377,in_age_007,18
2010,다다1377,in_age_008,18
2010,다다1377,in_age_009,13
2010,다다1377,in_age_010,23
2010,다다1377,in_age_011,18
2010,다다1377,in_age_012,18
2010,다다1377,in_age_013,13
2010,다다1377,in_age_014,18
2010,다다1377,in_age_015,28
2010,다다1377,in_age_016,18
2010,다다1377,in_age_017,5
2010,다다1377,in_age_018,5
2010,다다1377,in_age_019,0
2010,다다1377,in_age_031,13
2010,다다1377,in_age_032,13
2010,다다1377,in_age_033,8
2010,다다1377,in_age_034,5
2010,다다1377,in_age_035,5
2010,다다1377,in_age_036,13
2010,다다1377,in_age_037,13
2010,다다1377,in_age_038,13
2010,다다1377,in_age_039,5
2010,다다1377,in_age_040,13
2010,다다1377,in_age_041,8
2010,다다1377,in_age_042,8
2010,다다1377,in_age_043,8
2010,다다1377,in_age_044,8
2010,다다1377,in_age_045,13
2010,다다1377,in_age_046,8
2010,다다1377,in_age_048,5
2010,다다1377,in_age_061,13
2010,다다1377,in_age_062,8
2010,다다1377,in_age_063,8
2010,다다1377,in_age_064,5
2010,다다1377,in_age_066,8
2010,다다1377,in_age_067,8
2010,다다1377,in_age_068,8
2010,다다1377,in_age_069,8
2010,다다1377,in_age_070,13
2010,다다1377,in_age_071,8
2010,다다1377,in_age_072,8
2010,다다1377,in_age_073,8
2010,다다1377,in_age_074,13
2010,다다1377,in_age_075,13
2010,다다1377,in_age_076,8
2010,다다1377,in_age_077,5
2010,다다1377,in_age_078,0
2010,다다1377,in_age_079,0
2010,다다1377,to_in_001,283
2010,다다1377,to_in_007,148
2010,다다1377,to_in_008,138
2010,다다1378,in_age_001,8
2010,다다1378,in_age_002,18
2010,다다1378,in_age_003,13
2010,다다1378,in_age_004,8
2010,다다1378,in_age_005,5
2010,다다1378,in_age_006,8
2010,다다1378,in_age_007,13
2010,다다1378,in_age_008,13
2010,다다1378,in_age_009,13
2010,다다1378,in_age_010,28
2010,다다1378,in_age_011,23
2010,다다1378,in_age_012,8
2010,다다1378,in_age_013,8
2010,다다1378,in_age_014,8
2010,다다1378,in_age_015,18
2010,다다1378,in_age_016,18
2010,다다1378,in_age_017,5
2010,다다1378,in_age_018,5
2010,다다1378,in_age_020,5
2010,다다1378,in_age_031,5
2010,다다1378,in_age_032,8
2010,다다1378,in_age_033,8
2010,다다1378,in_age_034,8
2010,다다1378,in_age_035,5
2010,다다1378,in_age_036,8
2010,다다1378,in_age_037,8
2010,다다1378,in_age_038,8
2010,다다1378,in_age_039,5
2010,다다1378,in_age_040,18
2010,다다1378,in_age_041,13
2010,다다1378,in_age_042,5
2010,다다1378,in_age_043,5
2010,다다1378,in_age_044,5
2010,다다1378,in_age_045,8
2010,다다1378,in_age_046,8
2010,다다1378,in_age_047,0
2010,다다1378,in_age_048,5
2010,다다1378,in_age_061,5
2010,다다1378,in_age_062,8
2010,다다1378,in_age_063,8
2010,다다1378,in_age_064,5
2010,다다1378,in_age_065,0
2010,다다1378,in_age_066,5
2010,다다1378,in_age_067,8
2010,다다1378,in_age_068,8
2010,다다1378,in_age_069,8
2010,다다1378,in_age_070,8
2010,다다1378,in_age_071,13
2010,다다1378,in_age_072,5
2010,다다1378,in_age_073,5
2010,다다1378,in_age_074,8
2010,다다1378,in_age_075,13
2010,다다1378,in_age_076,13
2010,다다1378,in_age_077,5
2010,다다1378,in_age_078,0
2010,다다1378,in_age_080,5
2010,다다1378,to_in_001,223
2010,다다1378,to_in_007,118
2010,다다1378,to_in_008,103
2010,다다1379,in_age_001,5
2010,다다1379,in_age_002,8
2010,다다1379,in_age_003,5
2010,다다1379,in_age_004,0
2010,다다1379,in_age_005,0
2010,다다1379,in_age_006,5
2010,다다1379,in_age_007,13
2010,다다1379,in_age_008,8
2010,다다1379,in_age_009,5
2010,다다1379,in_age_010,5
2010,다다1379,in_age_011,8
2010,다다1379,in_age_012,5
2010,다다1379,in_age_013,8
2010,다다1379,in_age_014,8
2010,다다1379,in_age_015,8
2010,다다1379,in_age_016,8
2010,다다1379,in_age_017,5
2010,다다1379,in_age_031,5
2010,다다1379,in_age_032,5
2010,다다1379,in_age_033,0
2010,다다1379,in_age_036,5
2010,다다1379,in_age_037,8
2010,다다1379,in_age_038,5
2010,다다1379,in_age_039,5
2010,다다1379,in_age_040,0
2010,다다1379,in_age_041,5
2010,다다1379,in_age_042,5
2010,다다1379,in_age_043,5
2010,다다1379,in_age_044,5
2010,다다1379,in_age_045,8
2010,다다1379,in_age_046,5
2010,다다1379,in_age_061,5
2010,다다1379,in_age_062,5
2010,다다1379,in_age_063,0
2010,다다1379,in_age_064,0
2010,다다1379,in_age_065,0
2010,다다1379,in_age_066,0
2010,다다1379,in_age_067,8
2010,다다1379,in_age_068,5
2010,다다1379,in_age_070,5
2010,다다1379,in_age_071,8
2010,다다1379,in_age_072,5
2010,다다1379,in_age_073,5
2010,다다1379,in_age_074,8
2010,다다1379,in_age_075,8
2010,다다1379,in_age_076,8
2010,다다1379,in_age_077,5
2010,다다1379,to_in_001,83
2010,다다1379,to_in_007,38
2010,다다1379,to_in_008,48
2010,다다1380,in_age_001,35
2010,다다1380,in_age_002,13
2010,다다1380,in_age_003,23
2010,다다1380,in_age_004,5
2010,다다1380,in_age_005,8
2010,다다1380,in_age_006,38
2010,다다1380,in_age_007,23
2010,다다1380,in_age_008,13
2010,다다1380,in_age_009,18
2010,다다1380,in_age_010,28
2010,다다1380,in_age_011,23
2010,다다1380,in_age_012,23
2010,다다1380,in_age_013,13
2010,다다1380,in_age_014,18
2010,다다1380,in_age_015,18
2010,다다1380,in_age_016,23
2010,다다1380,in_age_017,5
2010,다다1380,in_age_018,5
2010,다다1380,in_age_019,5
2010,다다1380,in_age_031,13
2010,다다1380,in_age_032,8
2010,다다1380,in_age_033,13
2010,다다1380,in_age_034,0
2010,다다1380,in_age_035,8
2010,다다1380,in_age_036,23
2010,다다1380,in_age_037,13
2010,다다1380,in_age_038,8
2010,다다1380,in_age_039,13
2010,다다1380,in_age_040,8
2010,다다1380,in_age_041,18
2010,다다1380,in_age_042,13
2010,다다1380,in_age_043,8
2010,다다1380,in_age_044,8
2010,다다1380,in_age_045,8
2010,다다1380,in_age_046,8
2010,다다1380,in_age_047,0
2010,다다1380,in_age_048,5
2010,다다1380,in_age_049,5
2010,다다1380,in_age_061,20
2010,다다1380,in_age_062,5
2010,다다1380,in_age_063,13
2010,다다1380,in_age_064,5
2010,다다1380,in_age_065,5
2010,다다1380,in_age_066,18
2010,다다1380,in_age_067,8
2010,다다1380,in_age_068,8
2010,다다1380,in_age_069,8
2010,다다1380,in_age_070,18
2010,다다1380,in_age_071,8
2010,다다1380,in_age_072,8
2010,다다1380,in_age_073,5
2010,다다1380,in_age_074,8
2010,다다1380,in_age_075,8
2010,다다1380,in_age_076,13
2010,다다1380,in_age_077,5
2010,다다1380,in_age_078,5
2010,다다1380,to_in_001,325
2010,다다1380,to_in_007,158
2010,다다1380,to_in_008,165
2010,다다1381,in_age_001,8
2010,다다1381,in_age_002,5
2010,다다1381,in_age_003,0
2010,다다1381,in_age_005,5
2010,다다1381,in_age_006,5
2010,다다1381,in_age_007,5
2010,다다1381,in_age_008,5
2010,다다1381,in_age_009,5
2010,다다1381,in_age_010,5
2010,다다1381,in_age_011,8
2010,다다1381,in_age_012,5
2010,다다1381,in_age_013,8
2010,다다1381,in_age_014,8
2010,다다1381,in_age_015,8
2010,다다1381,in_age_016,8
2010,다다1381,in_age_017,5
2010,다다1381,in_age_031,5
2010,다다1381,in_age_032,5
2010,다다1381,in_age_033,0
2010,다다1381,in_age_035,5
2010,다다1381,in_age_036,5
2010,다다1381,in_age_037,5
2010,다다1381,in_age_038,5
2010,다다1381,in_age_039,5
2010,다다1381,in_age_040,0
2010,다다1381,in_age_041,5
2010,다다1381,in_age_042,5
2010,다다1381,in_age_043,0
2010,다다1381,in_age_044,8
2010,다다1381,in_age_045,5
2010,다다1381,in_age_046,5
2010,다다1381,in_age_047,0
2010,다다1381,in_age_061,5
2010,다다1381,in_age_066,5
2010,다다1381,in_age_067,0
2010,다다1381,in_age_068,0
2010,다다1381,in_age_070,5
2010,다다1381,in_age_071,8
2010,다다1381,in_age_072,5
2010,다다1381,in_age_073,5
2010,다다1381,in_age_075,5
2010,다다1381,in_age_076,8
2010,다다1381,in_age_077,0
2010,다다1381,to_in_001,73
2010,다다1381,to_in_007,48
2010,다다1381,to_in_008,28
2010,다다1382,in_age_001,5
2010,다다1382,in_age_002,0
2010,다다1382,in_age_005,5
2010,다다1382,in_age_006,8
2010,다다1382,in_age_007,5
2010,다다1382,in_age_008,5
2010,다다1382,in_age_009,5
2010,다다1382,in_age_010,5
2010,다다1382,in_age_011,8
2010,다다1382,in_age_012,8
2010,다다1382,in_age_013,13
2010,다다1382,in_age_014,5
2010,다다1382,in_age_015,8
2010,다다1382,in_age_016,5
2010,다다1382,in_age_017,5
2010,다다1382,in_age_018,0
2010,다다1382,in_age_031,5
2010,다다1382,in_age_032,0
2010,다다1382,in_age_035,5
2010,다다1382,in_age_036,5
2010,다다1382,in_age_037,5
2010,다다1382,in_age_038,5
2010,다다1382,in_age_039,5
2010,다다1382,in_age_040,0
2010,다다1382,in_age_041,5
2010,다다1382,in_age_042,5
2010,다다1382,in_age_043,5
2010,다다1382,in_age_044,5
2010,다다1382,in_age_045,5
2010,다다1382,in_age_046,5
2010,다다1382,in_age_048,0
2010,다다1382,in_age_065,0
2010,다다1382,in_age_066,5
2010,다다1382,in_age_068,5
2010,다다1382,in_age_069,0
2010,다다1382,in_age_070,5
2010,다다1382,in_age_071,8
2010,다다1382,in_age_072,5
2010,다다1382,in_age_073,8
2010,다다1382,in_age_074,0
2010,다다1382,in_age_075,5
2010,다다1382,in_age_076,0
2010,다다1382,in_age_077,5
2010,다다1382,to_in_001,73
2010,다다1382,to_in_007,43
2010,다다1382,to_in_008,28
2010,다다1387,in_age_001,0
2010,다다1387,in_age_009,0
2010,다다1387,in_age_010,0
2010,다다1387,in_age_011,5
2010,다다1387,in_age_012,8
2010,다다1387,in_age_013,5
2010,다다1387,in_age_014,8
2010,다다1387,in_age_015,5
2010,다다1387,in_age_016,5
2010,다다1387,in_age_017,0
2010,다다1387,in_age_031,0
2010,다다1387,in_age_040,0
2010,다다1387,in_age_041,0
2010,다다1387,in_age_042,5
2010,다다1387,in_age_043,5
2010,다다1387,in_age_045,5
2010,다다1387,in_age_046,0
2010,다다1387,in_age_069,0
2010,다다1387,in_age_071,5
2010,다다1387,in_age_072,5
2010,다다1387,in_age_073,5
2010,다다1387,in_age_074,8
2010,다다1387,in_age_075,0
2010,다다1387,in_age_076,5
2010,다다1387,in_age_077,0
2010,다다1387,to_in_001,28
2010,다다1387,to_in_007,13
2010,다다1387,to_in_008,13
2010,다다1388,in_age_006,0
2010,다다1388,in_age_010,5
2010,다다1388,in_age_011,5
2010,다다1388,in_age_012,8
2010,다다1388,in_age_013,0
2010,다다1388,in_age_014,5
2010,다다1388,in_age_015,0
2010,다다1388,in_age_018,5
2010,다다1388,in_age_036,0
2010,다다1388,in_age_041,5
2010,다다1388,in_age_042,5
2010,다다1388,in_age_043,0
2010,다다1388,in_age_044,0
2010,다다1388,in_age_070,5
2010,다다1388,in_age_071,0
2010,다다1388,in_age_072,5
2010,다다1388,in_age_074,5
2010,다다1388,in_age_075,0
2010,다다1388,in_age_078,5
2010,다다1388,to_in_001,18
2010,다다1388,to_in_007,8
2010,다다1388,to_in_008,13
2010,다다1392,in_age_002,5
2010,다다1392,in_age_003,5
2010,다다1392,in_age_006,0
2010,다다1392,in_age_008,5
2010,다다1392,in_age_009,5
2010,다다1392,in_age_010,0
2010,다다1392,in_age_011,8
2010,다다1392,in_age_012,5
2010,다다1392,in_age_013,8
2010,다다1392,in_age_014,13
2010,다다1392,in_age_015,13
2010,다다1392,in_age_016,5
2010,다다1392,in_age_017,5
2010,다다1392,in_age_018,0
2010,다다1392,in_age_032,5
2010,다다1392,in_age_033,5
2010,다다1392,in_age_036,0
2010,다다1392,in_age_038,5
2010,다다1392,in_age_039,5
2010,다다1392,in_age_041,5
2010,다다1392,in_age_042,0
2010,다다1392,in_age_043,5
2010,다다1392,in_age_044,5
2010,다다1392,in_age_045,5
2010,다다1392,in_age_046,0
2010,다다1392,in_age_047,5
2010,다다1392,in_age_048,0
2010,다다1392,in_age_062,0
2010,다다1392,in_age_063,5
2010,다다1392,in_age_068,5
2010,다다1392,in_age_069,0
2010,다다1392,in_age_070,0
2010,다다1392,in_age_071,8
2010,다다1392,in_age_072,5
2010,다다1392,in_age_073,5
2010,다다1392,in_age_074,8
2010,다다1392,in_age_075,8
2010,다다1392,in_age_076,5
2010,다다1392,in_age_077,0
2010,다다1392,to_in_001,68
2010,다다1392,to_in_007,28
2010,다다1392,to_in_008,38
2010,다다1393,in_age_003,5
2010,다다1393,in_age_004,5
2010,다다1393,in_age_006,0
2010,다다1393,in_age_007,0
2010,다다1393,in_age_009,5
2010,다다1393,in_age_010,5
2010,다다1393,in_age_011,8
2010,다다1393,in_age_012,5
2010,다다1393,in_age_013,5
2010,다다1393,in_age_014,8
2010,다다1393,in_age_015,13
2010,다다1393,in_age_016,8
2010,다다1393,in_age_017,8
2010,다다1393,in_age_019,5
2010,다다1393,in_age_033,0
2010,다다1393,in_age_034,0
2010,다다1393,in_age_036,0
2010,다다1393,in_age_039,5
2010,다다1393,in_age_040,5
2010,다다1393,in_age_041,0
2010,다다1393,in_age_042,5
2010,다다1393,in_age_043,5
2010,다다1393,in_age_044,5
2010,다다1393,in_age_045,5
2010,다다1393,in_age_046,5
2010,다다1393,in_age_047,5
2010,다다1393,in_age_049,0
2010,다다1393,in_age_063,0
2010,다다1393,in_age_064,0
2010,다다1393,in_age_067,0
2010,다다1393,in_age_070,0
2010,다다1393,in_age_071,8
2010,다다1393,in_age_072,5
2010,다다1393,in_age_073,0
2010,다다1393,in_age_074,5
2010,다다1393,in_age_075,8
2010,다다1393,in_age_076,8
2010,다다1393,in_age_077,8
2010,다다1393,in_age_079,0
2010,다다1393,to_in_001,63
2010,다다1393,to_in_007,28
2010,다다1393,to_in_008,33
2010,다다1395,in_age_009,0
2010,다다1395,in_age_012,5
2010,다다1395,in_age_014,5
2010,다다1395,in_age_039,0
2010,다다1395,in_age_042,5
2010,다다1395,in_age_044,5
2010,다다1395,to_in_001,8
2010,다다1395,to_in_007,8
2010,다다1395,to_in_008,0
2010,다다1398,in_age_003,0
2010,다다1398,in_age_006,5
2010,다다1398,in_age_007,5
2010,다다1398,in_age_009,0
2010,다다1398,in_age_010,0
2010,다다1398,in_age_011,8
2010,다다1398,in_age_012,5
2010,다다1398,in_age_013,5
2010,다다1398,in_age_014,5
2010,다다1398,in_age_015,5
2010,다다1398,in_age_016,5
2010,다다1398,in_age_017,5
2010,다다1398,in_age_036,0
2010,다다1398,in_age_037,5
2010,다다1398,in_age_039,0
2010,다다1398,in_age_041,5
2010,다다1398,in_age_042,5
2010,다다1398,in_age_043,0
2010,다다1398,in_age_044,5
2010,다다1398,in_age_047,0
2010,다다1398,in_age_063,0
2010,다다1398,in_age_066,5
2010,다다1398,in_age_067,0
2010,다다1398,in_age_070,0
2010,다다1398,in_age_071,5
2010,다다1398,in_age_072,5
2010,다다1398,in_age_073,0
2010,다다1398,in_age_075,5
2010,다다1398,in_age_076,5
2010,다다1398,in_age_077,5
2010,다다1398,to_in_001,28
2010,다다1398,to_in_007,13
2010,다다1398,to_in_008,18
2010,다다1399,in_age_001,5
2010,다다1399,in_age_002,5
2010,다다1399,in_age_003,5
2010,다다1399,in_age_006,5
2010,다다1399,in_age_007,5
2010,다다1399,in_age_008,5
2010,다다1399,in_age_009,5
2010,다다1399,in_age_010,5
2010,다다1399,in_age_011,8
2010,다다1399,in_age_012,8
2010,다다1399,in_age_013,13
2010,다다1399,in_age_014,13
2010,다다1399,in_age_015,13
2010,다다1399,in_age_016,13
2010,다다1399,in_age_017,0
2010,다다1399,in_age_018,5
2010,다다1399,in_age_019,0
2010,다다1399,in_age_032,5
2010,다다1399,in_age_033,5
2010,다다1399,in_age_036,0
2010,다다1399,in_age_037,0
2010,다다1399,in_age_038,5
2010,다다1399,in_age_039,5
2010,다다1399,in_age_040,5
2010,다다1399,in_age_041,5
2010,다다1399,in_age_042,5
2010,다다1399,in_age_043,5
2010,다다1399,in_age_044,8
2010,다다1399,in_age_045,8
2010,다다1399,in_age_046,8
2010,다다1399,in_age_048,0
2010,다다1399,in_age_049,0
2010,다다1399,in_age_061,5
2010,다다1399,in_age_062,5
2010,다다1399,in_age_063,5
2010,다다1399,in_age_066,0
2010,다다1399,in_age_067,5
2010,다다1399,in_age_068,5
2010,다다1399,in_age_069,5
2010,다다1399,in_age_070,5
2010,다다1399,in_age_071,5
2010,다다1399,in_age_072,5
2010,다다1399,in_age_073,8
2010,다다1399,in_age_074,8
2010,다다1399,in_age_075,13
2010,다다1399,in_age_076,8
2010,다다1399,in_age_077,0
2010,다다1399,in_age_078,5
2010,다다1399,to_in_001,98
2010,다다1399,to_in_007,38
2010,다다1399,to_in_008,58
2010,다다1400,in_age_001,5
2010,다다1400,in_age_002,0
2010,다다1400,in_age_003,5
2010,다다1400,in_age_004,5
2010,다다1400,in_age_005,5
2010,다다1400,in_age_006,0
2010,다다1400,in_age_007,8
2010,다다1400,in_age_008,8
2010,다다1400,in_age_009,5
2010,다다1400,in_age_010,5
2010,다다1400,in_age_011,5
2010,다다1400,in_age_012,8
2010,다다1400,in_age_013,5
2010,다다1400,in_age_014,5
2010,다다1400,in_age_015,0
2010,다다1400,in_age_019,0
2010,다다1400,in_age_031,5
2010,다다1400,in_age_032,0
2010,다다1400,in_age_034,0
2010,다다1400,in_age_035,0
2010,다다1400,in_age_036,0
2010,다다1400,in_age_037,5
2010,다다1400,in_age_038,5
2010,다다1400,in_age_039,5
2010,다다1400,in_age_040,5
2010,다다1400,in_age_041,0
2010,다다1400,in_age_042,5
2010,다다1400,in_age_043,5
2010,다다1400,in_age_044,0
2010,다다1400,in_age_045,0
2010,다다1400,in_age_063,5
2010,다다1400,in_age_064,5
2010,다다1400,in_age_065,0
2010,다다1400,in_age_067,5
2010,다다1400,in_age_068,5
2010,다다1400,in_age_069,0
2010,다다1400,in_age_070,0
2010,다다1400,in_age_071,5
2010,다다1400,in_age_072,5
2010,다다1400,in_age_074,5
2010,다다1400,in_age_079,0
2010,다다1400,to_in_001,48
2010,다다1400,to_in_007,28
2010,다다1400,to_in_008,23
2010,다다1401,in_age_015,0
2010,다다1401,in_age_045,0
2010,다다1401,to_in_001,0
2010,다다1401,to_in_007,0
2010,다다1401,to_in_008,0
2010,다다1402,in_age_001,18
2010,다다1402,in_age_002,18
2010,다다1402,in_age_003,23
2010,다다1402,in_age_004,18
2010,다다1402,in_age_005,8
2010,다다1402,in_age_006,8
2010,다다1402,in_age_007,18
2010,다다1402,in_age_008,28
2010,다다1402,in_age_009,23
2010,다다1402,in_age_010,23
2010,다다1402,in_age_011,13
2010,다다1402,in_age_012,8
2010,다다1402,in_age_013,13
2010,다다1402,in_age_014,18
2010,다다1402,in_age_015,13
2010,다다1402,in_age_016,13
2010,다다1402,in_age_017,8
2010,다다1402,in_age_018,5
2010,다다1402,in_age_019,0
2010,다다1402,in_age_031,13
2010,다다1402,in_age_032,13
2010,다다1402,in_age_033,8
2010,다다1402,in_age_034,8
2010,다다1402,in_age_035,5
2010,다다1402,in_age_036,8
2010,다다1402,in_age_037,8
2010,다다1402,in_age_038,13
2010,다다1402,in_age_039,18
2010,다다1402,in_age_040,13
2010,다다1402,in_age_041,8
2010,다다1402,in_age_042,5
2010,다다1402,in_age_043,8
2010,다다1402,in_age_044,8
2010,다다1402,in_age_045,8
2010,다다1402,in_age_046,5
2010,다다1402,in_age_047,0
2010,다다1402,in_age_048,0
2010,다다1402,in_age_061,8
2010,다다1402,in_age_062,8
2010,다다1402,in_age_063,13
2010,다다1402,in_age_064,8
2010,다다1402,in_age_065,0
2010,다다1402,in_age_066,5
2010,다다1402,in_age_067,8
2010,다다1402,in_age_068,13
2010,다다1402,in_age_069,8
2010,다다1402,in_age_070,13
2010,다다1402,in_age_071,8
2010,다다1402,in_age_072,8
2010,다다1402,in_age_073,8
2010,다다1402,in_age_074,13
2010,다다1402,in_age_075,8
2010,다다1402,in_age_076,8
2010,다다1402,in_age_077,5
2010,다다1402,in_age_078,5
2010,다다1402,in_age_079,0
2010,다다1402,to_in_001,273
2010,다다1402,to_in_007,138
2010,다다1402,to_in_008,133
2010,다다1403,in_age_001,596
2010,다다1403,in_age_002,781
2010,다다1403,in_age_003,1146
2010,다다1403,in_age_004,929
2010,다다1403,in_age_005,364
2010,다다1403,in_age_006,404
2010,다다1403,in_age_007,607
2010,다다1403,in_age_008,995
2010,다다1403,in_age_009,1108
2010,다다1403,in_age_010,1033
2010,다다1403,in_age_011,543
2010,다다1403,in_age_012,326
2010,다다1403,in_age_013,229
2010,다다1403,in_age_014,205
2010,다다1403,in_age_015,168
2010,다다1403,in_age_016,133
2010,다다1403,in_age_017,54
2010,다다1403,in_age_018,38
2010,다다1403,in_age_019,8
2010,다다1403,in_age_020,0
2010,다다1403,in_age_031,309
2010,다다1403,in_age_032,425
2010,다다1403,in_age_033,596
2010,다다1403,in_age_034,473
2010,다다1403,in_age_035,154
2010,다다1403,in_age_036,170
2010,다다1403,in_age_037,279
2010,다다1403,in_age_038,445
2010,다다1403,in_age_039,537
2010,다다1403,in_age_040,545
2010,다다1403,in_age_041,299
2010,다다1403,in_age_042,170
2010,다다1403,in_age_043,121
2010,다다1403,in_age_044,83
2010,다다1403,in_age_045,64
2010,다다1403,in_age_046,49
2010,다다1403,in_age_047,8
2010,다다1403,in_age_048,8
2010,다다1403,in_age_049,5
2010,다다1403,in_age_061,285
2010,다다1403,in_age_062,359
2010,다다1403,in_age_063,553
2010,다다1403,in_age_064,459
2010,다다1403,in_age_065,208
2010,다다1403,in_age_066,232
2010,다다1403,in_age_067,326
2010,다다1403,in_age_068,548
2010,다다1403,in_age_069,569
2010,다다1403,in_age_070,491
2010,다다1403,in_age_071,247
2010,다다1403,in_age_072,154
2010,다다1403,in_age_073,111
2010,다다1403,in_age_074,120
2010,다다1403,in_age_075,107
2010,다다1403,in_age_076,87
2010,다다1403,in_age_077,49
2010,다다1403,in_age_078,28
2010,다다1403,in_age_079,8
2010,다다1403,in_age_080,0
2010,다다1403,to_in_001,9678
2010,다다1403,to_in_007,4739
2010,다다1403,to_in_008,4937
2010,다다1404,in_age_001,18
2010,다다1404,in_age_002,33
2010,다다1404,in_age_003,33
2010,다다1404,in_age_004,39
2010,다다1404,in_age_005,18
2010,다다1404,in_age_006,33
2010,다다1404,in_age_007,28
2010,다다1404,in_age_008,23
2010,다다1404,in_age_009,38
2010,다다1404,in_age_010,53
2010,다다1404,in_age_011,33
2010,다다1404,in_age_012,33
2010,다다1404,in_age_013,33
2010,다다1404,in_age_014,23
2010,다다1404,in_age_015,33
2010,다다1404,in_age_016,18
2010,다다1404,in_age_017,8
2010,다다1404,in_age_018,5
2010,다다1404,in_age_019,5
2010,다다1404,in_age_031,13
2010,다다1404,in_age_032,18
2010,다다1404,in_age_033,18
2010,다다1404,in_age_034,24
2010,다다1404,in_age_035,8
2010,다다1404,in_age_036,18
2010,다다1404,in_age_037,18
2010,다다1404,in_age_038,18
2010,다다1404,in_age_039,18
2010,다다1404,in_age_040,33
2010,다다1404,in_age_041,23
2010,다다1404,in_age_042,18
2010,다다1404,in_age_043,18
2010,다다1404,in_age_044,8
2010,다다1404,in_age_045,18
2010,다다1404,in_age_046,8
2010,다다1404,in_age_047,5
2010,다다1404,in_age_061,8
2010,다다1404,in_age_062,13
2010,다다1404,in_age_063,18
2010,다다1404,in_age_064,18
2010,다다1404,in_age_065,8
2010,다다1404,in_age_066,18
2010,다다1404,in_age_067,13
2010,다다1404,in_age_068,8
2010,다다1404,in_age_069,18
2010,다다1404,in_age_070,18
2010,다다1404,in_age_071,13
2010,다다1404,in_age_072,13
2010,다다1404,in_age_073,18
2010,다다1404,in_age_074,13
2010,다다1404,in_age_075,18
2010,다다1404,in_age_076,13
2010,다다1404,in_age_077,8
2010,다다1404,in_age_078,5
2010,다다1404,in_age_079,5
2010,다다1404,to_in_001,509
2010,다다1404,to_in_007,279
2010,다다1404,to_in_008,233
2010,다다1471,in_age_001,0
2010,다다1471,in_age_002,5
2010,다다1471,in_age_003,5
2010,다다1471,in_age_006,5
2010,다다1471,in_age_007,8
2010,다다1471,in_age_009,5
2010,다다1471,in_age_010,5
2010,다다1471,in_age_011,5
2010,다다1471,in_age_012,8
2010,다다1471,in_age_013,0
2010,다다1471,in_age_014,5
2010,다다1471,in_age_016,8
2010,다다1471,in_age_031,0
2010,다다1471,in_age_032,5
2010,다다1471,in_age_033,5
2010,다다1471,in_age_036,5
2010,다다1471,in_age_037,5
2010,다다1471,in_age_039,0
2010,다다1471,in_age_040,0
2010,다다1471,in_age_041,5
2010,다다1471,in_age_042,5
2010,다다1471,in_age_044,0
2010,다다1471,in_age_046,5
2010,다다1471,in_age_062,0
2010,다다1471,in_age_063,5
2010,다다1471,in_age_066,0
2010,다다1471,in_age_067,5
2010,다다1471,in_age_069,0
2010,다다1471,in_age_070,0
2010,다다1471,in_age_071,0
2010,다다1471,in_age_072,5
2010,다다1471,in_age_073,0
2010,다다1471,in_age_074,5
2010,다다1471,in_age_076,5
2010,다다1471,to_in_001,38
2010,다다1471,to_in_007,23
2010,다다1471,to_in_008,18
2010,다다1474,in_age_001,5
2010,다다1474,in_age_002,8
2010,다다1474,in_age_003,8
2010,다다1474,in_age_004,0
2010,다다1474,in_age_005,5
2010,다다1474,in_age_006,5
2010,다다1474,in_age_007,0
2010,다다1474,in_age_008,8
2010,다다1474,in_age_009,5
2010,다다1474,in_age_010,8
2010,다다1474,in_age_011,8
2010,다다1474,in_age_012,13
2010,다다1474,in_age_013,8
2010,다다1474,in_age_014,13
2010,다다1474,in_age_015,13
2010,다다1474,in_age_016,8
2010,다다1474,in_age_017,0
2010,다다1474,in_age_019,0
2010,다다1474,in_age_031,0
2010,다다1474,in_age_032,5
2010,다다1474,in_age_033,0
2010,다다1474,in_age_035,0
2010,다다1474,in_age_036,5
2010,다다1474,in_age_038,5
2010,다다1474,in_age_039,5
2010,다다1474,in_age_040,0
2010,다다1474,in_age_041,5
2010,다다1474,in_age_042,8
2010,다다1474,in_age_043,5
2010,다다1474,in_age_044,5
2010,다다1474,in_age_045,8
2010,다다1474,in_age_046,5
2010,다다1474,in_age_061,5
2010,다다1474,in_age_062,5
2010,다다1474,in_age_063,8
2010,다다1474,in_age_064,0
2010,다다1474,in_age_065,0
2010,다다1474,in_age_067,0
2010,다다1474,in_age_068,5
2010,다다1474,in_age_069,5
2010,다다1474,in_age_070,5
2010,다다1474,in_age_071,8
2010,다다1474,in_age_072,8
2010,다다1474,in_age_073,5
2010,다다1474,in_age_074,8
2010,다다1474,in_age_075,8
2010,다다1474,in_age_076,8
2010,다다1474,in_age_077,0
2010,다다1474,in_age_079,0
2010,다다1474,to_in_001,108
2010,다다1474,to_in_007,43
2010,다다1474,to_in_008,63
2010,다다1475,in_age_001,0
2010,다다1475,in_age_003,5
2010,다다1475,in_age_004,5
2010,다다1475,in_age_005,0
2010,다다1475,in_age_006,5
2010,다다1475,in_age_007,5
2010,다다1475,in_age_008,5
2010,다다1475,in_age_010,8
2010,다다1475,in_age_011,8
2010,다다1475,in_age_012,8
2010,다다1475,in_age_013,8
2010,다다1475,in_age_014,5
2010,다다1475,in_age_015,5
2010,다다1475,in_age_016,5
2010,다다1475,in_age_017,5
2010,다다1475,in_age_031,0
2010,다다1475,in_age_033,0
2010,다다1475,in_age_034,0
2010,다다1475,in_age_035,0
2010,다다1475,in_age_036,0
2010,다다1475,in_age_040,5
2010,다다1475,in_age_041,5
2010,다다1475,in_age_042,5
2010,다다1475,in_age_043,5
2010,다다1475,in_age_044,0
2010,다다1475,in_age_045,0
2010,다다1475,in_age_047,0
2010,다다1475,in_age_063,0
2010,다다1475,in_age_064,5
2010,다다1475,in_age_066,5
2010,다다1475,in_age_067,5
2010,다다1475,in_age_068,5
2010,다다1475,in_age_070,8
2010,다다1475,in_age_071,5
2010,다다1475,in_age_072,5
2010,다다1475,in_age_073,5
2010,다다1475,in_age_074,5
2010,다다1475,in_age_075,0
2010,다다1475,in_age_076,5
2010,다다1475,in_age_077,0
2010,다다1475,to_in_001,48
2010,다다1475,to_in_007,23
2010,다다1475,to_in_008,28
2010,다다1476,in_age_001,49
2010,다다1476,in_age_002,58
2010,다다1476,in_age_003,93
2010,다다1476,in_age_004,43
2010,다다1476,in_age_005,18
2010,다다1476,in_age_006,48
2010,다다1476,in_age_007,59
2010,다다1476,in_age_008,74
2010,다다1476,in_age_009,68
2010,다다1476,in_age_010,106
2010,다다1476,in_age_011,109
2010,다다1476,in_age_012,86
2010,다다1476,in_age_013,86
2010,다다1476,in_age_014,74
2010,다다1476,in_age_015,43
2010,다다1476,in_age_016,23
2010,다다1476,in_age_017,18
2010,다다1476,in_age_018,13
2010,다다1476,in_age_019,5
2010,다다1476,in_age_020,0
2010,다다1476,in_age_031,18
2010,다다1476,in_age_032,33
2010,다다1476,in_age_033,50
2010,다다1476,in_age_034,23
2010,다다1476,in_age_035,5
2010,다다1476,in_age_036,28
2010,다다1476,in_age_037,34
2010,다다1476,in_age_038,33
2010,다다1476,in_age_039,33
2010,다다1476,in_age_040,53
2010,다다1476,in_age_041,61
2010,다다1476,in_age_042,44
2010,다다1476,in_age_043,41
2010,다다1476,in_age_044,41
2010,다다1476,in_age_045,23
2010,다다1476,in_age_046,8
2010,다다1476,in_age_047,8
2010,다다1476,in_age_048,5
2010,다다1476,in_age_061,29
2010,다다1476,in_age_062,23
2010,다다1476,in_age_063,41
2010,다다1476,in_age_064,18
2010,다다1476,in_age_065,13
2010,다다1476,in_age_066,18
2010,다다1476,in_age_067,28
2010,다다1476,in_age_068,39
2010,다다1476,in_age_069,33
2010,다다1476,in_age_070,56
2010,다다1476,in_age_071,51
2010,다다1476,in_age_072,45
2010,다다1476,in_age_073,48
2010,다다1476,in_age_074,36
2010,다다1476,in_age_075,23
2010,다다1476,in_age_076,18
2010,다다1476,in_age_077,13
2010,다다1476,in_age_078,8
2010,다다1476,in_age_079,5
2010,다다1476,in_age_080,0
2010,다다1476,to_in_001,1077
2010,다다1476,to_in_007,536
2010,다다1476,to_in_008,539
2010,다다1477,in_age_001,8
2010,다다1477,in_age_002,13
2010,다다1477,in_age_003,8
2010,다다1477,in_age_004,8
2010,다다1477,in_age_005,5
2010,다다1477,in_age_006,8
2010,다다1477,in_age_007,8
2010,다다1477,in_age_008,13
2010,다다1477,in_age_009,23
2010,다다1477,in_age_010,13
2010,다다1477,in_age_011,18
2010,다다1477,in_age_012,13
2010,다다1477,in_age_013,13
2010,다다1477,in_age_014,23
2010,다다1477,in_age_015,33
2010,다다1477,in_age_016,18
2010,다다1477,in_age_017,8
2010,다다1477,in_age_018,5
2010,다다1477,in_age_031,5
2010,다다1477,in_age_032,5
2010,다다1477,in_age_033,5
2010,다다1477,in_age_034,5
2010,다다1477,in_age_035,5
2010,다다1477,in_age_036,5
2010,다다1477,in_age_037,8
2010,다다1477,in_age_038,8
2010,다다1477,in_age_039,13
2010,다다1477,in_age_040,8
2010,다다1477,in_age_041,8
2010,다다1477,in_age_042,8
2010,다다1477,in_age_043,5
2010,다다1477,in_age_044,8
2010,다다1477,in_age_045,18
2010,다다1477,in_age_046,8
2010,다다1477,in_age_047,5
2010,다다1477,in_age_048,0
2010,다다1477,in_age_061,8
2010,다다1477,in_age_062,8
2010,다다1477,in_age_063,5
2010,다다1477,in_age_064,0
2010,다다1477,in_age_066,8
2010,다다1477,in_age_067,5
2010,다다1477,in_age_068,8
2010,다다1477,in_age_069,8
2010,다다1477,in_age_070,8
2010,다다1477,in_age_071,8
2010,다다1477,in_age_072,8
2010,다다1477,in_age_073,8
2010,다다1477,in_age_074,13
2010,다다1477,in_age_075,18
2010,다다1477,in_age_076,13
2010,다다1477,in_age_077,8
2010,다다1477,in_age_078,0
2010,다다1477,to_in_001,238
2010,다다1477,to_in_007,113
2010,다다1477,to_in_008,123
2010,다다1478,in_age_001,8
2010,다다1478,in_age_002,5
2010,다다1478,in_age_003,8
2010,다다1478,in_age_004,5
2010,다다1478,in_age_005,5
2010,다다1478,in_age_006,8
2010,다다1478,in_age_007,5
2010,다다1478,in_age_008,5
2010,다다1478,in_age_009,8
2010,다다1478,in_age_010,8
2010,다다1478,in_age_011,18
2010,다다1478,in_age_012,18
2010,다다1478,in_age_013,18
2010,다다1478,in_age_014,28
2010,다다1478,in_age_015,28
2010,다다1478,in_age_016,33
2010,다다1478,in_age_017,8
2010,다다1478,in_age_018,5
2010,다다1478,in_age_019,0
2010,다다1478,in_age_020,5
2010,다다1478,in_age_031,5
2010,다다1478,in_age_032,5
2010,다다1478,in_age_033,8
2010,다다1478,in_age_034,5
2010,다다1478,in_age_035,5
2010,다다1478,in_age_036,8
2010,다다1478,in_age_037,5
2010,다다1478,in_age_038,5
2010,다다1478,in_age_039,5
2010,다다1478,in_age_040,8
2010,다다1478,in_age_041,5
2010,다다1478,in_age_042,8
2010,다다1478,in_age_043,8
2010,다다1478,in_age_044,13
2010,다다1478,in_age_045,8
2010,다다1478,in_age_046,18
2010,다다1478,in_age_047,0
2010,다다1478,in_age_061,8
2010,다다1478,in_age_062,5
2010,다다1478,in_age_063,5
2010,다다1478,in_age_066,5
2010,다다1478,in_age_067,5
2010,다다1478,in_age_068,5
2010,다다1478,in_age_069,5
2010,다다1478,in_age_070,5
2010,다다1478,in_age_071,13
2010,다다1478,in_age_072,8
2010,다다1478,in_age_073,13
2010,다다1478,in_age_074,13
2010,다다1478,in_age_075,18
2010,다다1478,in_age_076,18
2010,다다1478,in_age_077,8
2010,다다1478,in_age_078,5
2010,다다1478,in_age_079,0
2010,다다1478,in_age_080,5
2010,다다1478,to_in_001,213
2010,다다1478,to_in_007,93
2010,다다1478,to_in_008,123
2010,다다1479,in_age_001,0
2010,다다1479,in_age_007,5
2010,다다1479,in_age_009,0
2010,다다1479,in_age_010,5
2010,다다1479,in_age_011,0
2010,다다1479,in_age_012,0
2010,다다1479,in_age_013,8
2010,다다1479,in_age_014,8
2010,다다1479,in_age_015,8
2010,다다1479,in_age_016,8
2010,다다1479,in_age_017,8
2010,다다1479,in_age_018,5
2010,다다1479,in_age_039,0
2010,다다1479,in_age_040,5
2010,다다1479,in_age_042,0
2010,다다1479,in_age_043,0
2010,다다1479,in_age_044,5
2010,다다1479,in_age_045,5
2010,다다1479,in_age_047,5
2010,다다1479,in_age_061,0
2010,다다1479,in_age_067,5
2010,다다1479,in_age_070,5
2010,다다1479,in_age_071,0
2010,다다1479,in_age_073,8
2010,다다1479,in_age_074,5
2010,다다1479,in_age_075,5
2010,다다1479,in_age_076,8
2010,다다1479,in_age_077,8
2010,다다1479,in_age_078,5
2010,다다1479,to_in_001,33
2010,다다1479,to_in_007,13
2010,다다1479,to_in_008,23
2010,다다1480,in_age_001,5
2010,다다1480,in_age_002,8
2010,다다1480,in_age_003,13
2010,다다1480,in_age_004,8
2010,다다1480,in_age_006,5
2010,다다1480,in_age_007,5
2010,다다1480,in_age_008,8
2010,다다1480,in_age_009,13
2010,다다1480,in_age_010,8
2010,다다1480,in_age_011,8
2010,다다1480,in_age_012,8
2010,다다1480,in_age_013,8
2010,다다1480,in_age_014,8
2010,다다1480,in_age_015,13
2010,다다1480,in_age_016,13
2010,다다1480,in_age_017,8
2010,다다1480,in_age_018,5
2010,다다1480,in_age_031,5
2010,다다1480,in_age_032,5
2010,다다1480,in_age_033,8
2010,다다1480,in_age_034,0
2010,다다1480,in_age_036,5
2010,다다1480,in_age_037,5
2010,다다1480,in_age_038,5
2010,다다1480,in_age_039,8
2010,다다1480,in_age_040,5
2010,다다1480,in_age_041,5
2010,다다1480,in_age_042,5
2010,다다1480,in_age_043,5
2010,다다1480,in_age_044,8
2010,다다1480,in_age_045,5
2010,다다1480,in_age_046,5
2010,다다1480,in_age_047,5
2010,다다1480,in_age_061,0
2010,다다1480,in_age_062,5
2010,다다1480,in_age_063,5
2010,다다1480,in_age_064,5
2010,다다1480,in_age_067,5
2010,다다1480,in_age_068,5
2010,다다1480,in_age_069,8
2010,다다1480,in_age_070,5
2010,다다1480,in_age_071,5
2010,다다1480,in_age_072,5
2010,다다1480,in_age_073,5
2010,다다1480,in_age_074,8
2010,다다1480,in_age_075,8
2010,다다1480,in_age_076,8
2010,다다1480,in_age_077,8
2010,다다1480,in_age_078,5
2010,다다1480,to_in_001,138
2010,다다1480,to_in_007,68
2010,다다1480,to_in_008,68
2010,다다1481,in_age_001,5
2010,다다1481,in_age_002,8
2010,다다1481,in_age_003,13
2010,다다1481,in_age_004,8
2010,다다1481,in_age_005,5
2010,다다1481,in_age_006,5
2010,다다1481,in_age_007,0
2010,다다1481,in_age_008,8
2010,다다1481,in_age_009,8
2010,다다1481,in_age_010,18
2010,다다1481,in_age_011,8
2010,다다1481,in_age_012,8
2010,다다1481,in_age_013,13
2010,다다1481,in_age_014,13
2010,다다1481,in_age_015,18
2010,다다1481,in_age_016,13
2010,다다1481,in_age_017,5
2010,다다1481,in_age_018,8
2010,다다1481,in_age_031,5
2010,다다1481,in_age_032,8
2010,다다1481,in_age_033,5
2010,다다1481,in_age_034,8
2010,다다1481,in_age_035,5
2010,다다1481,in_age_036,5
2010,다다1481,in_age_037,0
2010,다다1481,in_age_038,5
2010,다다1481,in_age_039,8
2010,다다1481,in_age_040,8
2010,다다1481,in_age_041,5
2010,다다1481,in_age_042,5
2010,다다1481,in_age_043,8
2010,다다1481,in_age_044,8
2010,다다1481,in_age_045,8
2010,다다1481,in_age_046,8
2010,다다1481,in_age_047,5
2010,다다1481,in_age_048,0
2010,다다1481,in_age_062,5
2010,다다1481,in_age_063,8
2010,다다1481,in_age_064,5
2010,다다1481,in_age_065,0
2010,다다1481,in_age_068,5
2010,다다1481,in_age_069,5
2010,다다1481,in_age_070,13
2010,다다1481,in_age_071,5
2010,다다1481,in_age_072,8
2010,다다1481,in_age_073,8
2010,다다1481,in_age_074,8
2010,다다1481,in_age_075,8
2010,다다1481,in_age_076,8
2010,다다1481,in_age_077,5
2010,다다1481,in_age_078,5
2010,다다1481,to_in_001,148
2010,다다1481,to_in_007,73
2010,다다1481,to_in_008,78
2010,다다1483,in_age_008,5
2010,다다1483,in_age_014,5
2010,다다1483,in_age_015,5
2010,다다1483,in_age_016,5
2010,다다1483,in_age_038,5
2010,다다1483,in_age_044,5
2010,다다1483,in_age_045,0
2010,다다1483,in_age_046,5
2010,다다1483,in_age_074,0
2010,다다1483,in_age_075,0
2010,다다1483,in_age_076,0
2010,다다1483,to_in_001,8
2010,다다1483,to_in_007,8
2010,다다1483,to_in_008,5
2010,다다1492,in_age_001,5
2010,다다1492,in_age_002,5
2010,다다1492,in_age_003,5
2010,다다1492,in_age_004,5
2010,다다1492,in_age_005,5
2010,다다1492,in_age_007,5
2010,다다1492,in_age_008,8
2010,다다1492,in_age_009,5
2010,다다1492,in_age_010,8
2010,다다1492,in_age_011,8
2010,다다1492,in_age_013,5
2010,다다1492,in_age_014,8
2010,다다1492,in_age_015,8
2010,다다1492,in_age_016,5
2010,다다1492,in_age_018,0
2010,다다1492,in_age_031,0
2010,다다1492,in_age_032,5
2010,다다1492,in_age_033,0
2010,다다1492,in_age_034,0
2010,다다1492,in_age_037,0
2010,다다1492,in_age_038,5
2010,다다1492,in_age_039,5
2010,다다1492,in_age_040,5
2010,다다1492,in_age_041,5
2010,다다1492,in_age_043,0
2010,다다1492,in_age_044,5
2010,다다1492,in_age_045,5
2010,다다1492,in_age_046,0
2010,다다1492,in_age_061,5
2010,다다1492,in_age_063,5
2010,다다1492,in_age_064,0
2010,다다1492,in_age_065,5
2010,다다1492,in_age_067,0
2010,다다1492,in_age_068,5
2010,다다1492,in_age_070,5
2010,다다1492,in_age_071,5
2010,다다1492,in_age_073,5
2010,다다1492,in_age_074,5
2010,다다1492,in_age_075,5
2010,다다1492,in_age_076,5
2010,다다1492,in_age_078,0
2010,다다1492,to_in_001,53
2010,다다1492,to_in_007,28
2010,다다1492,to_in_008,28
2010,다다1497,in_age_003,0
2010,다다1497,in_age_004,0
2010,다다1497,in_age_009,5
2010,다다1497,in_age_033,0
2010,다다1497,in_age_034,0
2010,다다1497,in_age_039,0
2010,다다1497,in_age_069,0
2010,다다1497,to_in_001,5
2010,다다1497,to_in_007,5
2010,다다1497,to_in_008,0
2010,다다1499,in_age_003,0
2010,다다1499,in_age_008,0
2010,다다1499,in_age_009,5
2010,다다1499,in_age_013,0
2010,다다1499,in_age_014,0
2010,다다1499,in_age_038,0
2010,다다1499,in_age_039,5
2010,다다1499,in_age_044,0
2010,다다1499,in_age_063,0
2010,다다1499,in_age_069,0
2010,다다1499,in_age_073,0
2010,다다1499,to_in_001,8
2010,다다1499,to_in_007,5
2010,다다1499,to_in_008,5
2010,다다1500,in_age_001,51
2010,다다1500,in_age_002,58
2010,다다1500,in_age_003,104
2010,다다1500,in_age_004,97
2010,다다1500,in_age_005,33
2010,다다1500,in_age_006,41
2010,다다1500,in_age_007,58
2010,다다1500,in_age_008,102
2010,다다1500,in_age_009,111
2010,다다1500,in_age_010,92
2010,다다1500,in_age_011,48
2010,다다1500,in_age_012,38
2010,다다1500,in_age_013,28
2010,다다1500,in_age_014,48
2010,다다1500,in_age_015,58
2010,다다1500,in_age_016,33
2010,다다1500,in_age_017,13
2010,다다1500,in_age_018,8
2010,다다1500,in_age_019,8
2010,다다1500,in_age_020,0
2010,다다1500,in_age_031,26
2010,다다1500,in_age_032,32
2010,다다1500,in_age_033,56
2010,다다1500,in_age_034,66
2010,다다1500,in_age_035,13
2010,다다1500,in_age_036,18
2010,다다1500,in_age_037,33
2010,다다1500,in_age_038,47
2010,다다1500,in_age_039,68
2010,다다1500,in_age_040,58
2010,다다1500,in_age_041,25
2010,다다1500,in_age_042,18
2010,다다1500,in_age_043,18
2010,다다1500,in_age_044,23
2010,다다1500,in_age_045,18
2010,다다1500,in_age_046,13
2010,다다1500,in_age_047,5
2010,다다1500,in_age_048,5
2010,다다1500,in_age_049,5
2010,다다1500,in_age_061,23
2010,다다1500,in_age_062,29
2010,다다1500,in_age_063,51
2010,다다1500,in_age_064,34
2010,다다1500,in_age_065,18
2010,다다1500,in_age_066,26
2010,다다1500,in_age_067,28
2010,다다1500,in_age_068,53
2010,다다1500,in_age_069,46
2010,다다1500,in_age_070,32
2010,다다1500,in_age_071,26
2010,다다1500,in_age_072,18
2010,다다1500,in_age_073,13
2010,다다1500,in_age_074,23
2010,다다1500,in_age_075,38
2010,다다1500,in_age_076,18
2010,다다1500,in_age_077,8
2010,다다1500,in_age_078,8
2010,다다1500,in_age_079,5
2010,다다1500,in_age_080,0
2010,다다1500,to_in_001,1030
2010,다다1500,to_in_007,532
2010,다다1500,to_in_008,496
2010,다다1501,in_age_001,28
2010,다다1501,in_age_002,24
2010,다다1501,in_age_003,19
2010,다다1501,in_age_004,15
2010,다다1501,in_age_005,8
2010,다다1501,in_age_006,13
2010,다다1501,in_age_007,21
2010,다다1501,in_age_008,35
2010,다다1501,in_age_009,28
2010,다다1501,in_age_010,16
2010,다다1501,in_age_011,13
2010,다다1501,in_age_012,8
2010,다다1501,in_age_013,13
2010,다다1501,in_age_014,8
2010,다다1501,in_age_015,5
2010,다다1501,in_age_016,5
2010,다다1501,in_age_017,5
2010,다다1501,in_age_031,15
2010,다다1501,in_age_032,9
2010,다다1501,in_age_033,13
2010,다다1501,in_age_034,8
2010,다다1501,in_age_035,5
2010,다다1501,in_age_036,8
2010,다다1501,in_age_037,5
2010,다다1501,in_age_038,20
2010,다다1501,in_age_039,17
2010,다다1501,in_age_040,13
2010,다다1501,in_age_041,8
2010,다다1501,in_age_042,5
2010,다다1501,in_age_043,8
2010,다다1501,in_age_044,0
2010,다다1501,in_age_045,5
2010,다다1501,in_age_046,5
2010,다다1501,in_age_061,15
2010,다다1501,in_age_062,10
2010,다다1501,in_age_063,11
2010,다다1501,in_age_064,12
2010,다다1501,in_age_065,5
2010,다다1501,in_age_066,8
2010,다다1501,in_age_067,18
2010,다다1501,in_age_068,17
2010,다다1501,in_age_069,16
2010,다다1501,in_age_070,8
2010,다다1501,in_age_071,5
2010,다다1501,in_age_072,5
2010,다다1501,in_age_073,8
2010,다다1501,in_age_074,8
2010,다다1501,in_age_076,0
2010,다다1501,in_age_077,5
2010,다다1501,to_in_001,254
2010,다다1501,to_in_007,120
2010,다다1501,to_in_008,132
2010,다다1502,in_age_001,236
2010,다다1502,in_age_002,200
2010,다다1502,in_age_003,176
2010,다다1502,in_age_004,163
2010,다다1502,in_age_005,86
2010,다다1502,in_age_006,191
2010,다다1502,in_age_007,250
2010,다다1502,in_age_008,279
2010,다다1502,in_age_009,222
2010,다다1502,in_age_010,160
2010,다다1502,in_age_011,161
2010,다다1502,in_age_012,109
2010,다다1502,in_age_013,97
2010,다다1502,in_age_014,95
2010,다다1502,in_age_015,90
2010,다다1502,in_age_016,38
2010,다다1502,in_age_017,23
2010,다다1502,in_age_018,18
2010,다다1502,in_age_019,8
2010,다다1502,in_age_020,0
2010,다다1502,in_age_031,132
2010,다다1502,in_age_032,103
2010,다다1502,in_age_033,92
2010,다다1502,in_age_034,85
2010,다다1502,in_age_035,40
2010,다다1502,in_age_036,88
2010,다다1502,in_age_037,130
2010,다다1502,in_age_038,137
2010,다다1502,in_age_039,112
2010,다다1502,in_age_040,93
2010,다다1502,in_age_041,84
2010,다다1502,in_age_042,54
2010,다다1502,in_age_043,44
2010,다다1502,in_age_044,47
2010,다다1502,in_age_045,33
2010,다다1502,in_age_046,13
2010,다다1502,in_age_047,5
2010,다다1502,in_age_048,5
2010,다다1502,in_age_061,107
2010,다다1502,in_age_062,95
2010,다다1502,in_age_063,82
2010,다다1502,in_age_064,81
2010,다다1502,in_age_065,49
2010,다다1502,in_age_066,101
2010,다다1502,in_age_067,123
2010,다다1502,in_age_068,140
2010,다다1502,in_age_069,113
2010,다다1502,in_age_070,65
2010,다다1502,in_age_071,75
2010,다다1502,in_age_072,58
2010,다다1502,in_age_073,56
2010,다다1502,in_age_074,46
2010,다다1502,in_age_075,60
2010,다다1502,in_age_076,28
2010,다다1502,in_age_077,18
2010,다다1502,in_age_078,18
2010,다다1502,in_age_079,8
2010,다다1502,in_age_080,0
2010,다다1502,to_in_001,2603
2010,다다1502,to_in_007,1282
2010,다다1502,to_in_008,1324
2010,다다1503,in_age_001,130
2010,다다1503,in_age_002,114
2010,다다1503,in_age_003,165
2010,다다1503,in_age_004,129
2010,다다1503,in_age_005,54
2010,다다1503,in_age_006,91
2010,다다1503,in_age_007,86
2010,다다1503,in_age_008,123
2010,다다1503,in_age_009,150
2010,다다1503,in_age_010,87
2010,다다1503,in_age_011,81
2010,다다1503,in_age_012,44
2010,다다1503,in_age_013,59
2010,다다1503,in_age_014,33
2010,다다1503,in_age_015,33
2010,다다1503,in_age_016,23
2010,다다1503,in_age_017,13
2010,다다1503,in_age_018,8
2010,다다1503,in_age_019,5
2010,다다1503,in_age_021,0
2010,다다1503,in_age_031,78
2010,다다1503,in_age_032,62
2010,다다1503,in_age_033,90
2010,다다1503,in_age_034,76
2010,다다1503,in_age_035,28
2010,다다1503,in_age_036,41
2010,다다1503,in_age_037,50
2010,다다1503,in_age_038,53
2010,다다1503,in_age_039,83
2010,다다1503,in_age_040,44
2010,다다1503,in_age_041,41
2010,다다1503,in_age_042,23
2010,다다1503,in_age_043,29
2010,다다1503,in_age_044,18
2010,다다1503,in_age_045,18
2010,다다1503,in_age_046,8
2010,다다1503,in_age_047,8
2010,다다1503,in_age_048,0
2010,다다1503,in_age_049,0
2010,다다1503,in_age_061,55
2010,다다1503,in_age_062,50
2010,다다1503,in_age_063,78
2010,다다1503,in_age_064,51
2010,다다1503,in_age_065,24
2010,다다1503,in_age_066,48
2010,다다1503,in_age_067,39
2010,다다1503,in_age_068,68
2010,다다1503,in_age_069,65
2010,다다1503,in_age_070,46
2010,다다1503,in_age_071,43
2010,다다1503,in_age_072,24
2010,다다1503,in_age_073,28
2010,다다1503,in_age_074,18
2010,다다1503,in_age_075,13
2010,다다1503,in_age_076,13
2010,다다1503,in_age_077,8
2010,다다1503,in_age_078,8
2010,다다1503,in_age_079,5
2010,다다1503,in_age_081,0
2010,다다1503,to_in_001,1422
2010,다다1503,to_in_007,747
2010,다다1503,to_in_008,678
2010,다다1504,in_age_001,164
2010,다다1504,in_age_002,176
2010,다다1504,in_age_003,200
2010,다다1504,in_age_004,182
2010,다다1504,in_age_005,101
2010,다다1504,in_age_006,148
2010,다다1504,in_age_007,203
2010,다다1504,in_age_008,245
2010,다다1504,in_age_009,214
2010,다다1504,in_age_010,203
2010,다다1504,in_age_011,161
2010,다다1504,in_age_012,130
2010,다다1504,in_age_013,75
2010,다다1504,in_age_014,86
2010,다다1504,in_age_015,88
2010,다다1504,in_age_016,53
2010,다다1504,in_age_017,43
2010,다다1504,in_age_018,28
2010,다다1504,in_age_019,5
2010,다다1504,in_age_020,5
2010,다다1504,in_age_021,0
2010,다다1504,in_age_031,82
2010,다다1504,in_age_032,89
2010,다다1504,in_age_033,98
2010,다다1504,in_age_034,97
2010,다다1504,in_age_035,47
2010,다다1504,in_age_036,70
2010,다다1504,in_age_037,107
2010,다다1504,in_age_038,129
2010,다다1504,in_age_039,122
2010,다다1504,in_age_040,106
2010,다다1504,in_age_041,95
2010,다다1504,in_age_042,63
2010,다다1504,in_age_043,33
2010,다다1504,in_age_044,34
2010,다다1504,in_age_045,33
2010,다다1504,in_age_046,13
2010,다다1504,in_age_047,8
2010,다다1504,in_age_048,8
2010,다다1504,in_age_061,80
2010,다다1504,in_age_062,85
2010,다다1504,in_age_063,105
2010,다다1504,in_age_064,83
2010,다다1504,in_age_065,57
2010,다다1504,in_age_066,76
2010,다다1504,in_age_067,94
2010,다다1504,in_age_068,114
2010,다다1504,in_age_069,90
2010,다다1504,in_age_070,95
2010,다다1504,in_age_071,64
2010,다다1504,in_age_072,65
2010,다다1504,in_age_073,40
2010,다다1504,in_age_074,50
2010,다다1504,in_age_075,53
2010,다다1504,in_age_076,38
2010,다다1504,in_age_077,33
2010,다다1504,in_age_078,23
2010,다다1504,in_age_079,5
2010,다다1504,in_age_080,5
2010,다다1504,in_age_081,0
2010,다다1504,to_in_001,2494
2010,다다1504,to_in_007,1238
2010,다다1504,to_in_008,1259
2010,다다1574,in_age_001,8
2010,다다1574,in_age_002,13
2010,다다1574,in_age_003,13
2010,다다1574,in_age_004,5
2010,다다1574,in_age_005,8
2010,다다1574,in_age_006,5
2010,다다1574,in_age_007,8
2010,다다1574,in_age_008,13
2010,다다1574,in_age_009,8
2010,다다1574,in_age_010,18
2010,다다1574,in_age_011,23
2010,다다1574,in_age_012,18
2010,다다1574,in_age_013,8
2010,다다1574,in_age_014,13
2010,다다1574,in_age_015,23
2010,다다1574,in_age_016,18
2010,다다1574,in_age_017,13
2010,다다1574,in_age_018,5
2010,다다1574,in_age_019,5
2010,다다1574,in_age_031,5
2010,다다1574,in_age_032,8
2010,다다1574,in_age_033,8
2010,다다1574,in_age_035,5
2010,다다1574,in_age_036,5
2010,다다1574,in_age_037,5
2010,다다1574,in_age_038,8
2010,다다1574,in_age_039,5
2010,다다1574,in_age_040,8
2010,다다1574,in_age_041,8
2010,다다1574,in_age_042,8
2010,다다1574,in_age_043,8
2010,다다1574,in_age_044,8
2010,다다1574,in_age_045,8
2010,다다1574,in_age_046,8
2010,다다1574,in_age_047,5
2010,다다1574,in_age_049,5
2010,다다1574,in_age_061,8
2010,다다1574,in_age_062,8
2010,다다1574,in_age_063,5
2010,다다1574,in_age_064,5
2010,다다1574,in_age_065,5
2010,다다1574,in_age_067,8
2010,다다1574,in_age_068,8
2010,다다1574,in_age_069,0
2010,다다1574,in_age_070,8
2010,다다1574,in_age_071,13
2010,다다1574,in_age_072,8
2010,다다1574,in_age_073,5
2010,다다1574,in_age_074,5
2010,다다1574,in_age_075,13
2010,다다1574,in_age_076,8
2010,다다1574,in_age_077,8
2010,다다1574,in_age_078,5
2010,다다1574,in_age_079,0
2010,다다1574,to_in_001,203
2010,다다1574,to_in_007,103
2010,다다1574,to_in_008,103
2010,다다1575,in_age_001,5
2010,다다1575,in_age_002,5
2010,다다1575,in_age_003,5
2010,다다1575,in_age_004,0
2010,다다1575,in_age_005,5
2010,다다1575,in_age_006,5
2010,다다1575,in_age_007,5
2010,다다1575,in_age_008,5
2010,다다1575,in_age_009,5
2010,다다1575,in_age_010,8
2010,다다1575,in_age_011,8
2010,다다1575,in_age_012,5
2010,다다1575,in_age_013,5
2010,다다1575,in_age_014,5
2010,다다1575,in_age_015,5
2010,다다1575,in_age_016,0
2010,다다1575,in_age_018,5
2010,다다1575,in_age_031,5
2010,다다1575,in_age_032,0
2010,다다1575,in_age_033,5
2010,다다1575,in_age_035,0
2010,다다1575,in_age_036,5
2010,다다1575,in_age_037,5
2010,다다1575,in_age_038,5
2010,다다1575,in_age_039,5
2010,다다1575,in_age_040,5
2010,다다1575,in_age_041,8
2010,다다1575,in_age_042,5
2010,다다1575,in_age_043,5
2010,다다1575,in_age_044,5
2010,다다1575,in_age_045,5
2010,다다1575,in_age_061,0
2010,다다1575,in_age_062,5
2010,다다1575,in_age_063,0
2010,다다1575,in_age_064,0
2010,다다1575,in_age_065,0
2010,다다1575,in_age_066,0
2010,다다1575,in_age_067,5
2010,다다1575,in_age_070,5
2010,다다1575,in_age_071,5
2010,다다1575,in_age_072,0
2010,다다1575,in_age_073,5
2010,다다1575,in_age_074,0
2010,다다1575,in_age_075,0
2010,다다1575,in_age_076,0
2010,다다1575,in_age_078,5
2010,다다1575,to_in_001,58
2010,다다1575,to_in_007,28
2010,다다1575,to_in_008,28
2010,다다1576,in_age_007,0
2010,다다1576,in_age_008,0
2010,다다1576,in_age_009,0
2010,다다1576,in_age_010,0
2010,다다1576,in_age_037,0
2010,다다1576,in_age_038,0
2010,다다1576,in_age_039,0
2010,다다1576,in_age_040,0
2010,다다1576,to_in_001,5
2010,다다1576,to_in_007,5
2010,다다1576,to_in_008,0
2010,다다1577,in_age_003,0
2010,다다1577,in_age_004,0
2010,다다1577,in_age_008,0
2010,다다1577,in_age_010,5
2010,다다1577,in_age_011,5
2010,다다1577,in_age_012,5
2010,다다1577,in_age_016,0
2010,다다1577,in_age_033,0
2010,다다1577,in_age_040,5
2010,다다1577,in_age_041,0
2010,다다1577,in_age_042,0
2010,다다1577,in_age_064,0
2010,다다1577,in_age_068,0
2010,다다1577,in_age_071,0
2010,다다1577,in_age_072,0
2010,다다1577,in_age_076,0
2010,다다1577,to_in_001,8
2010,다다1577,to_in_007,5
2010,다다1577,to_in_008,5
2010,다다1579,in_age_006,5
2010,다다1579,in_age_011,5
2010,다다1579,in_age_012,0
2010,다다1579,in_age_013,0
2010,다다1579,in_age_014,5
2010,다다1579,in_age_016,5
2010,다다1579,in_age_036,5
2010,다다1579,in_age_042,0
2010,다다1579,in_age_044,0
2010,다다1579,in_age_046,5
2010,다다1579,in_age_071,5
2010,다다1579,in_age_073,0
2010,다다1579,in_age_074,5
2010,다다1579,in_age_076,0
2010,다다1579,to_in_001,13
2010,다다1579,to_in_007,5
2010,다다1579,to_in_008,8
2010,다다1580,in_age_001,13
2010,다다1580,in_age_002,8
2010,다다1580,in_age_003,13
2010,다다1580,in_age_004,13
2010,다다1580,in_age_005,5
2010,다다1580,in_age_006,8
2010,다다1580,in_age_007,8
2010,다다1580,in_age_008,8
2010,다다1580,in_age_009,23
2010,다다1580,in_age_010,18
2010,다다1580,in_age_011,23
2010,다다1580,in_age_012,18
2010,다다1580,in_age_013,23
2010,다다1580,in_age_014,23
2010,다다1580,in_age_015,38
2010,다다1580,in_age_016,18
2010,다다1580,in_age_017,8
2010,다다1580,in_age_018,5
2010,다다1580,in_age_031,8
2010,다다1580,in_age_032,5
2010,다다1580,in_age_033,8
2010,다다1580,in_age_034,8
2010,다다1580,in_age_035,5
2010,다다1580,in_age_036,5
2010,다다1580,in_age_037,5
2010,다다1580,in_age_038,5
2010,다다1580,in_age_039,13
2010,다다1580,in_age_040,8
2010,다다1580,in_age_041,8
2010,다다1580,in_age_042,8
2010,다다1580,in_age_043,13
2010,다다1580,in_age_044,13
2010,다다1580,in_age_045,18
2010,다다1580,in_age_046,8
2010,다다1580,in_age_061,8
2010,다다1580,in_age_062,5
2010,다다1580,in_age_063,8
2010,다다1580,in_age_064,8
2010,다다1580,in_age_065,0
2010,다다1580,in_age_066,5
2010,다다1580,in_age_067,5
2010,다다1580,in_age_068,5
2010,다다1580,in_age_069,8
2010,다다1580,in_age_070,8
2010,다다1580,in_age_071,13
2010,다다1580,in_age_072,8
2010,다다1580,in_age_073,13
2010,다다1580,in_age_074,13
2010,다다1580,in_age_075,18
2010,다다1580,in_age_076,13
2010,다다1580,in_age_077,8
2010,다다1580,in_age_078,5
2010,다다1580,to_in_001,263
2010,다다1580,to_in_007,123
2010,다다1580,to_in_008,138
2010,다다1581,in_age_003,0
2010,다다1581,in_age_004,5
2010,다다1581,in_age_005,0
2010,다다1581,in_age_006,0
2010,다다1581,in_age_009,5
2010,다다1581,in_age_010,0
2010,다다1581,in_age_011,5
2010,다다1581,in_age_012,0
2010,다다1581,in_age_014,0
2010,다다1581,in_age_036,0
2010,다다1581,in_age_039,0
2010,다다1581,in_age_041,0
2010,다다1581,in_age_042,0
2010,다다1581,in_age_044,0
2010,다다1581,in_age_063,0
2010,다다1581,in_age_064,5
2010,다다1581,in_age_065,0
2010,다다1581,in_age_069,0
2010,다다1581,in_age_070,0
2010,다다1581,in_age_071,5
2010,다다1581,to_in_001,13
2010,다다1581,to_in_007,5
2010,다다1581,to_in_008,8
2010,다다1589,in_age_002,5
2010,다다1589,in_age_007,5
2010,다다1589,in_age_009,5
2010,다다1589,in_age_010,5
2010,다다1589,in_age_011,5
2010,다다1589,in_age_012,5
2010,다다1589,in_age_013,5
2010,다다1589,in_age_014,5
2010,다다1589,in_age_015,8
2010,다다1589,in_age_016,5
2010,다다1589,in_age_017,5
2010,다다1589,in_age_032,5
2010,다다1589,in_age_037,5
2010,다다1589,in_age_039,5
2010,다다1589,in_age_040,5
2010,다다1589,in_age_041,0
2010,다다1589,in_age_042,5
2010,다다1589,in_age_043,5
2010,다다1589,in_age_044,0
2010,다다1589,in_age_045,5
2010,다다1589,in_age_046,5
2010,다다1589,in_age_047,5
2010,다다1589,in_age_067,0
2010,다다1589,in_age_069,5
2010,다다1589,in_age_071,5
2010,다다1589,in_age_072,5
2010,다다1589,in_age_073,5
2010,다다1589,in_age_074,0
2010,다다1589,in_age_075,5
2010,다다1589,in_age_076,5
2010,다다1589,in_age_077,0
2010,다다1589,to_in_001,38
2010,다다1589,to_in_007,23
2010,다다1589,to_in_008,18
2010,다다1592,in_age_001,5
2010,다다1592,in_age_002,8
2010,다다1592,in_age_003,8
2010,다다1592,in_age_004,5
2010,다다1592,in_age_005,5
2010,다다1592,in_age_007,8
2010,다다1592,in_age_008,8
2010,다다1592,in_age_009,5
2010,다다1592,in_age_010,8
2010,다다1592,in_age_011,5
2010,다다1592,in_age_012,8
2010,다다1592,in_age_013,8
2010,다다1592,in_age_014,8
2010,다다1592,in_age_015,13
2010,다다1592,in_age_016,8
2010,다다1592,in_age_017,5
2010,다다1592,in_age_018,5
2010,다다1592,in_age_031,5
2010,다다1592,in_age_032,8
2010,다다1592,in_age_033,5
2010,다다1592,in_age_034,0
2010,다다1592,in_age_037,8
2010,다다1592,in_age_038,5
2010,다다1592,in_age_039,5
2010,다다1592,in_age_040,8
2010,다다1592,in_age_041,5
2010,다다1592,in_age_042,5
2010,다다1592,in_age_043,8
2010,다다1592,in_age_044,5
2010,다다1592,in_age_045,8
2010,다다1592,in_age_046,5
2010,다다1592,in_age_047,5
2010,다다1592,in_age_048,0
2010,다다1592,in_age_061,5
2010,다다1592,in_age_062,5
2010,다다1592,in_age_063,5
2010,다다1592,in_age_064,5
2010,다다1592,in_age_065,5
2010,다다1592,in_age_067,5
2010,다다1592,in_age_068,5
2010,다다1592,in_age_069,5
2010,다다1592,in_age_070,0
2010,다다1592,in_age_071,0
2010,다다1592,in_age_072,8
2010,다다1592,in_age_073,8
2010,다다1592,in_age_074,8
2010,다다1592,in_age_075,5
2010,다다1592,in_age_076,5
2010,다다1592,in_age_078,5
2010,다다1592,to_in_001,98
2010,다다1592,to_in_007,53
2010,다다1592,to_in_008,43
2010,다다1594,in_age_001,5
2010,다다1594,in_age_008,0
2010,다다1594,in_age_011,0
2010,다다1594,in_age_012,5
2010,다다1594,in_age_013,5
2010,다다1594,in_age_014,5
2010,다다1594,in_age_015,5
2010,다다1594,in_age_016,0
2010,다다1594,in_age_017,5
2010,다다1594,in_age_018,0
2010,다다1594,in_age_020,0
2010,다다1594,in_age_031,5
2010,다다1594,in_age_038,0
2010,다다1594,in_age_042,0
2010,다다1594,in_age_043,5
2010,다다1594,in_age_045,5
2010,다다1594,in_age_047,5
2010,다다1594,in_age_061,0
2010,다다1594,in_age_071,0
2010,다다1594,in_age_072,0
2010,다다1594,in_age_073,5
2010,다다1594,in_age_074,5
2010,다다1594,in_age_076,0
2010,다다1594,in_age_077,0
2010,다다1594,in_age_078,0
2010,다다1594,in_age_080,0
2010,다다1594,to_in_001,18
2010,다다1594,to_in_007,8
2010,다다1594,to_in_008,13
2010,다다1596,in_age_006,5
2010,다다1596,in_age_010,0
2010,다다1596,in_age_011,5
2010,다다1596,in_age_013,5
2010,다다1596,in_age_014,5
2010,다다1596,in_age_015,5
2010,다다1596,in_age_016,8
2010,다다1596,in_age_017,8
2010,다다1596,in_age_018,5
2010,다다1596,in_age_036,5
2010,다다1596,in_age_041,5
2010,다다1596,in_age_043,0
2010,다다1596,in_age_044,0
2010,다다1596,in_age_045,5
2010,다다1596,in_age_046,8
2010,다다1596,in_age_047,5
2010,다다1596,in_age_048,0
2010,다다1596,in_age_070,0
2010,다다1596,in_age_071,0
2010,다다1596,in_age_073,0
2010,다다1596,in_age_074,5
2010,다다1596,in_age_075,5
2010,다다1596,in_age_076,5
2010,다다1596,in_age_077,5
2010,다다1596,in_age_078,0
2010,다다1596,to_in_001,23
2010,다다1596,to_in_007,13
2010,다다1596,to_in_008,13
2010,다다1599,in_age_008,0
2010,다다1599,in_age_009,5
2010,다다1599,in_age_011,0
2010,다다1599,in_age_039,0
2010,다다1599,in_age_041,0
2010,다다1599,in_age_068,0
2010,다다1599,in_age_069,5
2010,다다1599,to_in_001,5
2010,다다1599,to_in_007,5
2010,다다1599,to_in_008,5
2010,다다1600,in_age_001,20
2010,다다1600,in_age_002,23
2010,다다1600,in_age_003,28
2010,다다1600,in_age_004,18
2010,다다1600,in_age_005,13
2010,다다1600,in_age_006,18
2010,다다1600,in_age_007,37
2010,다다1600,in_age_008,34
2010,다다1600,in_age_009,25
2010,다다1600,in_age_010,28
2010,다다1600,in_age_011,18
2010,다다1600,in_age_012,23
2010,다다1600,in_age_013,13
2010,다다1600,in_age_014,8
2010,다다1600,in_age_015,13
2010,다다1600,in_age_016,8
2010,다다1600,in_age_017,5
2010,다다1600,in_age_018,5
2010,다다1600,in_age_019,5
2010,다다1600,in_age_020,5
2010,다다1600,in_age_031,15
2010,다다1600,in_age_032,13
2010,다다1600,in_age_033,13
2010,다다1600,in_age_034,13
2010,다다1600,in_age_035,8
2010,다다1600,in_age_036,8
2010,다다1600,in_age_037,19
2010,다다1600,in_age_038,19
2010,다다1600,in_age_039,13
2010,다다1600,in_age_040,18
2010,다다1600,in_age_041,13
2010,다다1600,in_age_042,8
2010,다다1600,in_age_043,8
2010,다다1600,in_age_044,5
2010,다다1600,in_age_045,8
2010,다다1600,in_age_046,5
2010,다다1600,in_age_049,0
2010,다다1600,in_age_061,8
2010,다다1600,in_age_062,8
2010,다다1600,in_age_063,18
2010,다다1600,in_age_064,8
2010,다다1600,in_age_065,8
2010,다다1600,in_age_066,8
2010,다다1600,in_age_067,16
2010,다다1600,in_age_068,13
2010,다다1600,in_age_069,15
2010,다다1600,in_age_070,13
2010,다다1600,in_age_071,8
2010,다다1600,in_age_072,13
2010,다다1600,in_age_073,5
2010,다다1600,in_age_074,5
2010,다다1600,in_age_075,5
2010,다다1600,in_age_076,8
2010,다다1600,in_age_077,5
2010,다다1600,in_age_078,5
2010,다다1600,in_age_079,5
2010,다다1600,in_age_080,5
2010,다다1600,to_in_001,337
2010,다다1600,to_in_007,177
2010,다다1600,to_in_008,158
2010,다다1601,in_age_001,0
2010,다다1601,in_age_002,5
2010,다다1601,in_age_003,5
2010,다다1601,in_age_004,5
2010,다다1601,in_age_005,5
2010,다다1601,in_age_006,5
2010,다다1601,in_age_007,8
2010,다다1601,in_age_008,5
2010,다다1601,in_age_009,5
2010,다다1601,in_age_010,5
2010,다다1601,in_age_011,5
2010,다다1601,in_age_012,8
2010,다다1601,in_age_013,8
2010,다다1601,in_age_015,5
2010,다다1601,in_age_016,0
2010,다다1601,in_age_017,5
2010,다다1601,in_age_032,5
2010,다다1601,in_age_033,5
2010,다다1601,in_age_034,5
2010,다다1601,in_age_035,0
2010,다다1601,in_age_036,5
2010,다다1601,in_age_037,5
2010,다다1601,in_age_038,0
2010,다다1601,in_age_039,5
2010,다다1601,in_age_040,5
2010,다다1601,in_age_041,5
2010,다다1601,in_age_042,0
2010,다다1601,in_age_043,8
2010,다다1601,in_age_045,0
2010,다다1601,in_age_046,0
2010,다다1601,in_age_047,0
2010,다다1601,in_age_061,0
2010,다다1601,in_age_065,0
2010,다다1601,in_age_066,0
2010,다다1601,in_age_067,5
2010,다다1601,in_age_068,5
2010,다다1601,in_age_070,5
2010,다다1601,in_age_071,0
2010,다다1601,in_age_072,5
2010,다다1601,in_age_073,5
2010,다다1601,in_age_075,5
2010,다다1601,in_age_077,5
2010,다다1601,to_in_001,53
2010,다다1601,to_in_007,33
2010,다다1601,to_in_008,18
2010,다다1603,in_age_001,5
2010,다다1603,in_age_002,5
2010,다다1603,in_age_003,8
2010,다다1603,in_age_004,5
2010,다다1603,in_age_005,0
2010,다다1603,in_age_006,5
2010,다다1603,in_age_007,5
2010,다다1603,in_age_009,5
2010,다다1603,in_age_010,8
2010,다다1603,in_age_011,5
2010,다다1603,in_age_013,5
2010,다다1603,in_age_014,0
2010,다다1603,in_age_015,0
2010,다다1603,in_age_018,5
2010,다다1603,in_age_031,0
2010,다다1603,in_age_032,5
2010,다다1603,in_age_033,8
2010,다다1603,in_age_034,5
2010,다다1603,in_age_036,5
2010,다다1603,in_age_037,5
2010,다다1603,in_age_039,5
2010,다다1603,in_age_040,5
2010,다다1603,in_age_041,5
2010,다다1603,in_age_043,0
2010,다다1603,in_age_045,0
2010,다다1603,in_age_048,5
2010,다다1603,in_age_061,0
2010,다다1603,in_age_063,5
2010,다다1603,in_age_064,5
2010,다다1603,in_age_065,0
2010,다다1603,in_age_067,0
2010,다다1603,in_age_069,5
2010,다다1603,in_age_070,5
2010,다다1603,in_age_073,0
2010,다다1603,in_age_074,0
2010,다다1603,in_age_078,0
2010,다다1603,to_in_001,38
2010,다다1603,to_in_007,23
2010,다다1603,to_in_008,18
2010,다다1604,in_age_003,0
2010,다다1604,in_age_004,0
2010,다다1604,in_age_005,5
2010,다다1604,in_age_009,0
2010,다다1604,in_age_010,5
2010,다다1604,in_age_011,5
2010,다다1604,in_age_012,5
2010,다다1604,in_age_013,0
2010,다다1604,in_age_014,0
2010,다다1604,in_age_015,0
2010,다다1604,in_age_016,0
2010,다다1604,in_age_042,0
2010,다다1604,in_age_044,0
2010,다다1604,in_age_063,0
2010,다다1604,in_age_064,0
2010,다다1604,in_age_065,5
2010,다다1604,in_age_069,0
2010,다다1604,in_age_070,5
2010,다다1604,in_age_071,5
2010,다다1604,in_age_072,0
2010,다다1604,in_age_073,0
2010,다다1604,in_age_075,0
2010,다다1604,in_age_076,0
2010,다다1604,to_in_001,18
2010,다다1604,to_in_007,5
2010,다다1604,to_in_008,13
2010,다다1668,in_age_003,0
2010,다다1668,in_age_009,0
2010,다다1668,in_age_010,5
2010,다다1668,in_age_011,5
2010,다다1668,in_age_013,5
2010,다다1668,in_age_014,8
2010,다다1668,in_age_015,5
2010,다다1668,in_age_016,13
2010,다다1668,in_age_017,5
2010,다다1668,in_age_018,5
2010,다다1668,in_age_033,0
2010,다다1668,in_age_039,0
2010,다다1668,in_age_040,5
2010,다다1668,in_age_041,5
2010,다다1668,in_age_043,5
2010,다다1668,in_age_044,5
2010,다다1668,in_age_045,0
2010,다다1668,in_age_046,8
2010,다다1668,in_age_048,0
2010,다다1668,in_age_070,5
2010,다다1668,in_age_073,5
2010,다다1668,in_age_074,5
2010,다다1668,in_age_075,5
2010,다다1668,in_age_076,8
2010,다다1668,in_age_077,5
2010,다다1668,in_age_078,5
2010,다다1668,to_in_001,38
2010,다다1668,to_in_007,23
2010,다다1668,to_in_008,18
2010,다다1674,in_age_001,13
2010,다다1674,in_age_002,8
2010,다다1674,in_age_003,8
2010,다다1674,in_age_004,5
2010,다다1674,in_age_005,5
2010,다다1674,in_age_006,8
2010,다다1674,in_age_007,23
2010,다다1674,in_age_008,13
2010,다다1674,in_age_009,18
2010,다다1674,in_age_010,23
2010,다다1674,in_age_011,28
2010,다다1674,in_age_012,18
2010,다다1674,in_age_013,23
2010,다다1674,in_age_014,23
2010,다다1674,in_age_015,23
2010,다다1674,in_age_016,18
2010,다다1674,in_age_017,8
2010,다다1674,in_age_018,5
2010,다다1674,in_age_031,8
2010,다다1674,in_age_032,5
2010,다다1674,in_age_033,5
2010,다다1674,in_age_034,5
2010,다다1674,in_age_036,8
2010,다다1674,in_age_037,18
2010,다다1674,in_age_038,8
2010,다다1674,in_age_039,8
2010,다다1674,in_age_040,13
2010,다다1674,in_age_041,18
2010,다다1674,in_age_042,13
2010,다다1674,in_age_043,13
2010,다다1674,in_age_044,13
2010,다다1674,in_age_045,8
2010,다다1674,in_age_046,8
2010,다다1674,in_age_047,5
2010,다다1674,in_age_048,5
2010,다다1674,in_age_061,8
2010,다다1674,in_age_062,8
2010,다다1674,in_age_063,5
2010,다다1674,in_age_065,5
2010,다다1674,in_age_066,5
2010,다다1674,in_age_067,5
2010,다다1674,in_age_068,5
2010,다다1674,in_age_069,8
2010,다다1674,in_age_070,8
2010,다다1674,in_age_071,13
2010,다다1674,in_age_072,8
2010,다다1674,in_age_073,13
2010,다다1674,in_age_074,13
2010,다다1674,in_age_075,18
2010,다다1674,in_age_076,13
2010,다다1674,in_age_077,5
2010,다다1674,in_age_078,5
2010,다다1674,to_in_001,268
2010,다다1674,to_in_007,143
2010,다다1674,to_in_008,128
2010,다다1675,in_age_001,8
2010,다다1675,in_age_002,8
2010,다다1675,in_age_003,5
2010,다다1675,in_age_004,8
2010,다다1675,in_age_005,5
2010,다다1675,in_age_006,8
2010,다다1675,in_age_007,8
2010,다다1675,in_age_008,5
2010,다다1675,in_age_009,8
2010,다다1675,in_age_010,13
2010,다다1675,in_age_011,8
2010,다다1675,in_age_012,8
2010,다다1675,in_age_013,5
2010,다다1675,in_age_014,13
2010,다다1675,in_age_015,18
2010,다다1675,in_age_016,13
2010,다다1675,in_age_017,5
2010,다다1675,in_age_018,0
2010,다다1675,in_age_019,5
2010,다다1675,in_age_031,8
2010,다다1675,in_age_032,5
2010,다다1675,in_age_033,0
2010,다다1675,in_age_034,5
2010,다다1675,in_age_035,5
2010,다다1675,in_age_036,8
2010,다다1675,in_age_037,5
2010,다다1675,in_age_038,0
2010,다다1675,in_age_039,5
2010,다다1675,in_age_040,8
2010,다다1675,in_age_041,5
2010,다다1675,in_age_042,8
2010,다다1675,in_age_043,0
2010,다다1675,in_age_044,8
2010,다다1675,in_age_045,8
2010,다다1675,in_age_046,5
2010,다다1675,in_age_047,5
2010,다다1675,in_age_061,8
2010,다다1675,in_age_062,8
2010,다다1675,in_age_063,5
2010,다다1675,in_age_064,5
2010,다다1675,in_age_065,5
2010,다다1675,in_age_066,5
2010,다다1675,in_age_067,5
2010,다다1675,in_age_068,0
2010,다다1675,in_age_069,5
2010,다다1675,in_age_070,5
2010,다다1675,in_age_071,5
2010,다다1675,in_age_072,5
2010,다다1675,in_age_073,5
2010,다다1675,in_age_074,8
2010,다다1675,in_age_075,8
2010,다다1675,in_age_076,8
2010,다다1675,in_age_078,0
2010,다다1675,in_age_079,5
2010,다다1675,to_in_001,133
2010,다다1675,to_in_007,63
2010,다다1675,to_in_008,68
2010,다다1676,in_age_008,0
2010,다다1676,in_age_010,0
2010,다다1676,in_age_015,0
2010,다다1676,in_age_016,0
2010,다다1676,in_age_040,0
2010,다다1676,in_age_046,0
2010,다다1676,in_age_068,0
2010,다다1676,in_age_075,0
2010,다다1676,to_in_001,5
2010,다다1676,to_in_007,5
2010,다다1676,to_in_008,5
2010,다다1677,in_age_009,0
2010,다다1677,in_age_010,0
2010,다다1677,in_age_011,5
2010,다다1677,in_age_013,0
2010,다다1677,in_age_014,5
2010,다다1677,in_age_016,5
2010,다다1677,in_age_041,5
2010,다다1677,in_age_044,5
2010,다다1677,in_age_046,0
2010,다다1677,in_age_069,0
2010,다다1677,in_age_070,0
2010,다다1677,in_age_073,0
2010,다다1677,in_age_074,5
2010,다다1677,in_age_076,5
2010,다다1677,to_in_001,8
2010,다다1677,to_in_007,8
2010,다다1677,to_in_008,8
2010,다다1678,in_age_001,0
2010,다다1678,in_age_002,5
2010,다다1678,in_age_003,5
2010,다다1678,in_age_006,0
2010,다다1678,in_age_007,5
2010,다다1678,in_age_009,0
2010,다다1678,in_age_012,5
2010,다다1678,in_age_014,8
2010,다다1678,in_age_015,8
2010,다다1678,in_age_016,8
2010,다다1678,in_age_017,5
2010,다다1678,in_age_031,0
2010,다다1678,in_age_032,5
2010,다다1678,in_age_037,5
2010,다다1678,in_age_039,0
2010,다다1678,in_age_042,0
2010,다다1678,in_age_044,5
2010,다다1678,in_age_045,5
2010,다다1678,in_age_046,5
2010,다다1678,in_age_047,0
2010,다다1678,in_age_063,5
2010,다다1678,in_age_066,0
2010,다다1678,in_age_072,5
2010,다다1678,in_age_074,8
2010,다다1678,in_age_075,5
2010,다다1678,in_age_076,5
2010,다다1678,in_age_077,5
2010,다다1678,to_in_001,33
2010,다다1678,to_in_007,18
2010,다다1678,to_in_008,18
2010,다다1679,in_age_001,0
2010,다다1679,in_age_003,5
2010,다다1679,in_age_004,5
2010,다다1679,in_age_005,5
2010,다다1679,in_age_006,5
2010,다다1679,in_age_009,5
2010,다다1679,in_age_010,8
2010,다다1679,in_age_011,13
2010,다다1679,in_age_012,5
2010,다다1679,in_age_013,8
2010,다다1679,in_age_014,18
2010,다다1679,in_age_015,24
2010,다다1679,in_age_016,18
2010,다다1679,in_age_017,5
2010,다다1679,in_age_018,5
2010,다다1679,in_age_019,5
2010,다다1679,in_age_031,0
2010,다다1679,in_age_033,5
2010,다다1679,in_age_034,5
2010,다다1679,in_age_035,5
2010,다다1679,in_age_039,0
2010,다다1679,in_age_040,5
2010,다다1679,in_age_041,8
2010,다다1679,in_age_042,5
2010,다다1679,in_age_043,5
2010,다다1679,in_age_044,8
2010,다다1679,in_age_045,8
2010,다다1679,in_age_046,8
2010,다다1679,in_age_047,0
2010,다다1679,in_age_048,0
2010,다다1679,in_age_063,5
2010,다다1679,in_age_064,5
2010,다다1679,in_age_066,5
2010,다다1679,in_age_069,5
2010,다다1679,in_age_070,8
2010,다다1679,in_age_071,8
2010,다다1679,in_age_072,5
2010,다다1679,in_age_073,5
2010,다다1679,in_age_074,8
2010,다다1679,in_age_075,14
2010,다다1679,in_age_076,13
2010,다다1679,in_age_077,0
2010,다다1679,in_age_078,5
2010,다다1679,in_age_079,5
2010,다다1679,to_in_001,119
2010,다다1679,to_in_007,53
2010,다다1679,to_in_008,69
2010,다다1680,in_age_001,5
2010,다다1680,in_age_003,5
2010,다다1680,in_age_004,8
2010,다다1680,in_age_005,0
2010,다다1680,in_age_006,0
2010,다다1680,in_age_008,8
2010,다다1680,in_age_009,5
2010,다다1680,in_age_010,5
2010,다다1680,in_age_011,8
2010,다다1680,in_age_012,5
2010,다다1680,in_age_013,8
2010,다다1680,in_age_014,13
2010,다다1680,in_age_015,23
2010,다다1680,in_age_016,13
2010,다다1680,in_age_017,13
2010,다다1680,in_age_018,5
2010,다다1680,in_age_019,0
2010,다다1680,in_age_031,5
2010,다다1680,in_age_033,5
2010,다다1680,in_age_034,5
2010,다다1680,in_age_035,0
2010,다다1680,in_age_036,0
2010,다다1680,in_age_038,8
2010,다다1680,in_age_039,5
2010,다다1680,in_age_041,8
2010,다다1680,in_age_042,0
2010,다다1680,in_age_043,5
2010,다다1680,in_age_044,5
2010,다다1680,in_age_045,13
2010,다다1680,in_age_046,5
2010,다다1680,in_age_047,8
2010,다다1680,in_age_048,0
2010,다다1680,in_age_063,5
2010,다다1680,in_age_064,5
2010,다다1680,in_age_068,5
2010,다다1680,in_age_069,0
2010,다다1680,in_age_070,5
2010,다다1680,in_age_071,5
2010,다다1680,in_age_072,0
2010,다다1680,in_age_073,8
2010,다다1680,in_age_074,8
2010,다다1680,in_age_075,13
2010,다다1680,in_age_076,13
2010,다다1680,in_age_077,8
2010,다다1680,in_age_078,5
2010,다다1680,in_age_079,0
2010,다다1680,to_in_001,113
2010,다다1680,to_in_007,43
2010,다다1680,to_in_008,68
2010,다다1683,in_age_001,5
2010,다다1683,in_age_002,0
2010,다다1683,in_age_007,0
2010,다다1683,in_age_009,0
2010,다다1683,in_age_011,5
2010,다다1683,in_age_015,0
2010,다다1683,in_age_031,5
2010,다다1683,in_age_032,0
2010,다다1683,in_age_039,0
2010,다다1683,in_age_041,5
2010,다다1683,in_age_067,0
2010,다다1683,in_age_075,0
2010,다다1683,to_in_001,8
2010,다다1683,to_in_007,8
2010,다다1683,to_in_008,5
2010,다다1689,in_age_001,5
2010,다다1689,in_age_005,5
2010,다다1689,in_age_006,0
2010,다다1689,in_age_007,0
2010,다다1689,in_age_009,5
2010,다다1689,in_age_010,8
2010,다다1689,in_age_011,13
2010,다다1689,in_age_012,8
2010,다다1689,in_age_013,8
2010,다다1689,in_age_014,13
2010,다다1689,in_age_015,8
2010,다다1689,in_age_016,5
2010,다다1689,in_age_017,5
2010,다다1689,in_age_018,0
2010,다다1689,in_age_035,5
2010,다다1689,in_age_037,0
2010,다다1689,in_age_039,5
2010,다다1689,in_age_040,5
2010,다다1689,in_age_041,8
2010,다다1689,in_age_042,5
2010,다다1689,in_age_043,8
2010,다다1689,in_age_044,5
2010,다다1689,in_age_045,5
2010,다다1689,in_age_046,5
2010,다다1689,in_age_047,0
2010,다다1689,in_age_061,5
2010,다다1689,in_age_066,0
2010,다다1689,in_age_070,5
2010,다다1689,in_age_071,5
2010,다다1689,in_age_072,8
2010,다다1689,in_age_073,5
2010,다다1689,in_age_074,8
2010,다다1689,in_age_075,5
2010,다다1689,in_age_076,5
2010,다다1689,in_age_077,0
2010,다다1689,in_age_078,0
2010,다다1689,to_in_001,63
2010,다다1689,to_in_007,28
2010,다다1689,to_in_008,33
2010,다다1691,in_age_013,0
2010,다다1691,in_age_015,0
2010,다다1691,in_age_045,0
2010,다다1691,in_age_073,0
2010,다다1691,to_in_001,5
2010,다다1691,to_in_007,0
2010,다다1691,to_in_008,0
2010,다다1692,in_age_006,0
2010,다다1692,in_age_011,0
2010,다다1692,in_age_066,0
2010,다다1692,in_age_071,0
2010,다다1692,to_in_001,5
2010,다다1692,to_in_007,0
2010,다다1692,to_in_008,5
2010,다다1693,in_age_003,5
2010,다다1693,in_age_007,5
2010,다다1693,in_age_009,0
2010,다다1693,in_age_033,0
2010,다다1693,in_age_039,0
2010,다다1693,in_age_063,0
2010,다다1693,in_age_067,5
2010,다다1693,to_in_001,5
2010,다다1693,to_in_007,5
2010,다다1693,to_in_008,5
2010,다다1694,in_age_001,8
2010,다다1694,in_age_002,8
2010,다다1694,in_age_003,5
2010,다다1694,in_age_004,5
2010,다다1694,in_age_005,0
2010,다다1694,in_age_006,5
2010,다다1694,in_age_007,5
2010,다다1694,in_age_008,8
2010,다다1694,in_age_009,8
2010,다다1694,in_age_010,8
2010,다다1694,in_age_011,18
2010,다다1694,in_age_012,8
2010,다다1694,in_age_013,18
2010,다다1694,in_age_014,18
2010,다다1694,in_age_015,28
2010,다다1694,in_age_016,13
2010,다다1694,in_age_017,13
2010,다다1694,in_age_018,8
2010,다다1694,in_age_019,5
2010,다다1694,in_age_031,5
2010,다다1694,in_age_032,0
2010,다다1694,in_age_033,0
2010,다다1694,in_age_034,0
2010,다다1694,in_age_035,0
2010,다다1694,in_age_036,5
2010,다다1694,in_age_037,5
2010,다다1694,in_age_038,8
2010,다다1694,in_age_039,5
2010,다다1694,in_age_040,5
2010,다다1694,in_age_041,8
2010,다다1694,in_age_042,8
2010,다다1694,in_age_043,8
2010,다다1694,in_age_044,8
2010,다다1694,in_age_045,8
2010,다다1694,in_age_046,8
2010,다다1694,in_age_047,8
2010,다다1694,in_age_048,5
2010,다다1694,in_age_061,5
2010,다다1694,in_age_062,5
2010,다다1694,in_age_063,0
2010,다다1694,in_age_064,5
2010,다다1694,in_age_067,5
2010,다다1694,in_age_068,5
2010,다다1694,in_age_069,5
2010,다다1694,in_age_070,8
2010,다다1694,in_age_071,8
2010,다다1694,in_age_072,5
2010,다다1694,in_age_073,8
2010,다다1694,in_age_074,13
2010,다다1694,in_age_075,18
2010,다다1694,in_age_076,8
2010,다다1694,in_age_077,8
2010,다다1694,in_age_078,5
2010,다다1694,in_age_079,5
2010,다다1694,to_in_001,163
2010,다다1694,to_in_007,68
2010,다다1694,to_in_008,98
2010,다다1695,in_age_003,5
2010,다다1695,in_age_004,0
2010,다다1695,in_age_006,0
2010,다다1695,in_age_009,5
2010,다다1695,in_age_011,5
2010,다다1695,in_age_012,0
2010,다다1695,in_age_013,5
2010,다다1695,in_age_014,5
2010,다다1695,in_age_015,0
2010,다다1695,in_age_017,0
2010,다다1695,in_age_018,0
2010,다다1695,in_age_033,0
2010,다다1695,in_age_036,0
2010,다다1695,in_age_039,5
2010,다다1695,in_age_041,0
2010,다다1695,in_age_043,5
2010,다다1695,in_age_044,5
2010,다다1695,in_age_045,0
2010,다다1695,in_age_063,0
2010,다다1695,in_age_064,0
2010,다다1695,in_age_069,0
2010,다다1695,in_age_071,0
2010,다다1695,in_age_072,0
2010,다다1695,in_age_073,5
2010,다다1695,in_age_074,0
2010,다다1695,in_age_077,0
2010,다다1695,in_age_078,0
2010,다다1695,to_in_001,18
2010,다다1695,to_in_007,8
2010,다다1695,to_in_008,8
2010,다다1696,in_age_001,0
2010,다다1696,in_age_003,8
2010,다다1696,in_age_004,0
2010,다다1696,in_age_005,5
2010,다다1696,in_age_006,0
2010,다다1696,in_age_007,0
2010,다다1696,in_age_009,5
2010,다다1696,in_age_010,5
2010,다다1696,in_age_011,8
2010,다다1696,in_age_012,8
2010,다다1696,in_age_013,8
2010,다다1696,in_age_014,8
2010,다다1696,in_age_015,13
2010,다다1696,in_age_016,13
2010,다다1696,in_age_017,8
2010,다다1696,in_age_018,0
2010,다다1696,in_age_019,0
2010,다다1696,in_age_031,0
2010,다다1696,in_age_033,5
2010,다다1696,in_age_034,0
2010,다다1696,in_age_035,5
2010,다다1696,in_age_036,0
2010,다다1696,in_age_037,0
2010,다다1696,in_age_039,5
2010,다다1696,in_age_040,5
2010,다다1696,in_age_041,5
2010,다다1696,in_age_042,8
2010,다다1696,in_age_043,5
2010,다다1696,in_age_044,5
2010,다다1696,in_age_045,8
2010,다다1696,in_age_046,5
2010,다다1696,in_age_047,5
2010,다다1696,in_age_048,0
2010,다다1696,in_age_049,0
2010,다다1696,in_age_063,5
2010,다다1696,in_age_069,5
2010,다다1696,in_age_070,5
2010,다다1696,in_age_071,8
2010,다다1696,in_age_072,5
2010,다다1696,in_age_073,0
2010,다다1696,in_age_074,8
2010,다다1696,in_age_075,13
2010,다다1696,in_age_076,13
2010,다다1696,in_age_077,5
2010,다다1696,to_in_001,88
2010,다다1696,to_in_007,38
2010,다다1696,to_in_008,48
2010,다다1698,in_age_009,5
2010,다다1698,in_age_010,5
2010,다다1698,in_age_011,0
2010,다다1698,in_age_040,5
2010,다다1698,in_age_041,0
2010,다다1698,in_age_069,5
2010,다다1698,in_age_070,0
2010,다다1698,to_in_001,8
2010,다다1698,to_in_007,5
2010,다다1698,to_in_008,5
2010,다다1700,in_age_001,5
2010,다다1700,in_age_002,8
2010,다다1700,in_age_003,5
2010,다다1700,in_age_004,5
2010,다다1700,in_age_005,8
2010,다다1700,in_age_006,8
2010,다다1700,in_age_007,8
2010,다다1700,in_age_008,8
2010,다다1700,in_age_009,5
2010,다다1700,in_age_010,5
2010,다다1700,in_age_011,5
2010,다다1700,in_age_012,13
2010,다다1700,in_age_013,5
2010,다다1700,in_age_014,8
2010,다다1700,in_age_015,8
2010,다다1700,in_age_016,8
2010,다다1700,in_age_017,5
2010,다다1700,in_age_031,0
2010,다다1700,in_age_032,8
2010,다다1700,in_age_033,0
2010,다다1700,in_age_034,5
2010,다다1700,in_age_035,5
2010,다다1700,in_age_036,0
2010,다다1700,in_age_037,5
2010,다다1700,in_age_038,5
2010,다다1700,in_age_039,5
2010,다다1700,in_age_040,5
2010,다다1700,in_age_041,0
2010,다다1700,in_age_042,8
2010,다다1700,in_age_043,5
2010,다다1700,in_age_044,5
2010,다다1700,in_age_045,5
2010,다다1700,in_age_046,5
2010,다다1700,in_age_061,0
2010,다다1700,in_age_062,0
2010,다다1700,in_age_063,0
2010,다다1700,in_age_065,5
2010,다다1700,in_age_066,5
2010,다다1700,in_age_067,0
2010,다다1700,in_age_068,0
2010,다다1700,in_age_069,0
2010,다다1700,in_age_070,5
2010,다다1700,in_age_071,5
2010,다다1700,in_age_072,8
2010,다다1700,in_age_073,5
2010,다다1700,in_age_074,5
2010,다다1700,in_age_075,5
2010,다다1700,in_age_076,5
2010,다다1700,in_age_077,5
2010,다다1700,to_in_001,83
2010,다다1700,to_in_007,43
2010,다다1700,to_in_008,43
2010,다다1701,in_age_001,13
2010,다다1701,in_age_002,8
2010,다다1701,in_age_003,19
2010,다다1701,in_age_004,13
2010,다다1701,in_age_005,8
2010,다다1701,in_age_006,8
2010,다다1701,in_age_007,23
2010,다다1701,in_age_008,28
2010,다다1701,in_age_009,19
2010,다다1701,in_age_010,18
2010,다다1701,in_age_011,13
2010,다다1701,in_age_012,13
2010,다다1701,in_age_013,18
2010,다다1701,in_age_014,23
2010,다다1701,in_age_015,13
2010,다다1701,in_age_016,8
2010,다다1701,in_age_017,8
2010,다다1701,in_age_018,8
2010,다다1701,in_age_019,0
2010,다다1701,in_age_020,0
2010,다다1701,in_age_021,0
2010,다다1701,in_age_031,8
2010,다다1701,in_age_032,8
2010,다다1701,in_age_033,14
2010,다다1701,in_age_034,8
2010,다다1701,in_age_035,8
2010,다다1701,in_age_036,5
2010,다다1701,in_age_037,18
2010,다다1701,in_age_038,23
2010,다다1701,in_age_039,11
2010,다다1701,in_age_040,8
2010,다다1701,in_age_041,8
2010,다다1701,in_age_042,8
2010,다다1701,in_age_043,5
2010,다다1701,in_age_044,13
2010,다다1701,in_age_045,5
2010,다다1701,in_age_046,5
2010,다다1701,in_age_047,5
2010,다다1701,in_age_048,5
2010,다다1701,in_age_050,0
2010,다다1701,in_age_061,8
2010,다다1701,in_age_062,5
2010,다다1701,in_age_063,8
2010,다다1701,in_age_064,8
2010,다다1701,in_age_065,8
2010,다다1701,in_age_066,8
2010,다다1701,in_age_067,8
2010,다다1701,in_age_068,8
2010,다다1701,in_age_069,8
2010,다다1701,in_age_070,8
2010,다다1701,in_age_071,8
2010,다다1701,in_age_072,5
2010,다다1701,in_age_073,13
2010,다다1701,in_age_074,8
2010,다다1701,in_age_075,8
2010,다다1701,in_age_076,8
2010,다다1701,in_age_077,8
2010,다다1701,in_age_078,5
2010,다다1701,in_age_079,0
2010,다다1701,in_age_081,0
2010,다다1701,to_in_001,275
2010,다다1701,to_in_007,145
2010,다다1701,to_in_008,128
2010,다다1702,in_age_010,5
2010,다다1702,in_age_011,5
2010,다다1702,in_age_012,0
2010,다다1702,in_age_013,0
2010,다다1702,in_age_014,0
2010,다다1702,in_age_017,5
2010,다다1702,in_age_040,5
2010,다다1702,in_age_041,5
2010,다다1702,in_age_042,0
2010,다다1702,in_age_044,0
2010,다다1702,in_age_071,0
2010,다다1702,in_age_073,0
2010,다다1702,in_age_077,5
2010,다다1702,to_in_001,8
2010,다다1702,to_in_007,8
2010,다다1702,to_in_008,5
2010,다다1703,in_age_004,5
2010,다다1703,in_age_006,0
2010,다다1703,in_age_008,0
2010,다다1703,in_age_009,0
2010,다다1703,in_age_010,5
2010,다다1703,in_age_011,5
2010,다다1703,in_age_013,8
2010,다다1703,in_age_015,5
2010,다다1703,in_age_018,0
2010,다다1703,in_age_034,5
2010,다다1703,in_age_036,0
2010,다다1703,in_age_039,0
2010,다다1703,in_age_040,0
2010,다다1703,in_age_041,5
2010,다다1703,in_age_043,5
2010,다다1703,in_age_045,0
2010,다다1703,in_age_064,0
2010,다다1703,in_age_068,0
2010,다다1703,in_age_070,5
2010,다다1703,in_age_073,5
2010,다다1703,in_age_075,0
2010,다다1703,in_age_078,0
2010,다다1703,to_in_001,18
2010,다다1703,to_in_007,8
2010,다다1703,to_in_008,8
2010,다다1704,in_age_001,5
2010,다다1704,in_age_002,5
2010,다다1704,in_age_003,8
2010,다다1704,in_age_004,5
2010,다다1704,in_age_006,8
2010,다다1704,in_age_007,8
2010,다다1704,in_age_008,5
2010,다다1704,in_age_009,5
2010,다다1704,in_age_010,5
2010,다다1704,in_age_011,5
2010,다다1704,in_age_012,5
2010,다다1704,in_age_013,5
2010,다다1704,in_age_031,5
2010,다다1704,in_age_032,5
2010,다다1704,in_age_033,8
2010,다다1704,in_age_034,5
2010,다다1704,in_age_036,5
2010,다다1704,in_age_037,8
2010,다다1704,in_age_038,0
2010,다다1704,in_age_039,5
2010,다다1704,in_age_040,5
2010,다다1704,in_age_041,0
2010,다다1704,in_age_042,5
2010,다다1704,in_age_043,5
2010,다다1704,in_age_061,5
2010,다다1704,in_age_062,5
2010,다다1704,in_age_063,5
2010,다다1704,in_age_064,0
2010,다다1704,in_age_066,5
2010,다다1704,in_age_067,5
2010,다다1704,in_age_068,5
2010,다다1704,in_age_069,0
2010,다다1704,in_age_070,5
2010,다다1704,in_age_071,5
2010,다다1704,in_age_072,5
2010,다다1704,to_in_001,48
2010,다다1704,to_in_007,28
2010,다다1704,to_in_008,18
2010,다다1705,in_age_001,13
2010,다다1705,in_age_002,23
2010,다다1705,in_age_003,29
2010,다다1705,in_age_004,18
2010,다다1705,in_age_005,13
2010,다다1705,in_age_006,23
2010,다다1705,in_age_007,18
2010,다다1705,in_age_008,29
2010,다다1705,in_age_009,29
2010,다다1705,in_age_010,38
2010,다다1705,in_age_011,23
2010,다다1705,in_age_012,18
2010,다다1705,in_age_013,23
2010,다다1705,in_age_014,23
2010,다다1705,in_age_015,23
2010,다다1705,in_age_016,13
2010,다다1705,in_age_017,13
2010,다다1705,in_age_018,5
2010,다다1705,in_age_019,8
2010,다다1705,in_age_020,0
2010,다다1705,in_age_031,8
2010,다다1705,in_age_032,13
2010,다다1705,in_age_033,19
2010,다다1705,in_age_034,8
2010,다다1705,in_age_035,8
2010,다다1705,in_age_036,13
2010,다다1705,in_age_037,8
2010,다다1705,in_age_038,14
2010,다다1705,in_age_039,14
2010,다다1705,in_age_040,28
2010,다다1705,in_age_041,13
2010,다다1705,in_age_042,8
2010,다다1705,in_age_043,8
2010,다다1705,in_age_044,8
2010,다다1705,in_age_045,8
2010,다다1705,in_age_046,8
2010,다다1705,in_age_047,5
2010,다다1705,in_age_061,8
2010,다다1705,in_age_062,8
2010,다다1705,in_age_063,13
2010,다다1705,in_age_064,8
2010,다다1705,in_age_065,8
2010,다다1705,in_age_066,8
2010,다다1705,in_age_067,8
2010,다다1705,in_age_068,13
2010,다다1705,in_age_069,13
2010,다다1705,in_age_070,13
2010,다다1705,in_age_071,8
2010,다다1705,in_age_072,8
2010,다다1705,in_age_073,13
2010,다다1705,in_age_074,13
2010,다다1705,in_age_075,13
2010,다다1705,in_age_076,8
2010,다다1705,in_age_077,8
2010,다다1705,in_age_078,5
2010,다다1705,in_age_079,8
2010,다다1705,in_age_080,0
2010,다다1705,to_in_001,376
2010,다다1705,to_in_007,196
2010,다다1705,to_in_008,178
2010,다다1774,in_age_001,8
2010,다다1774,in_age_002,8
2010,다다1774,in_age_003,8
2010,다다1774,in_age_004,5
2010,다다1774,in_age_005,5
2010,다다1774,in_age_006,8
2010,다다1774,in_age_007,13
2010,다다1774,in_age_008,8
2010,다다1774,in_age_009,8
2010,다다1774,in_age_010,13
2010,다다1774,in_age_011,18
2010,다다1774,in_age_012,13
2010,다다1774,in_age_013,13
2010,다다1774,in_age_014,18
2010,다다1774,in_age_015,18
2010,다다1774,in_age_016,13
2010,다다1774,in_age_017,5
2010,다다1774,in_age_018,5
2010,다다1774,in_age_031,0
2010,다다1774,in_age_032,5
2010,다다1774,in_age_033,5
2010,다다1774,in_age_034,5
2010,다다1774,in_age_035,5
2010,다다1774,in_age_036,5
2010,다다1774,in_age_037,8
2010,다다1774,in_age_038,8
2010,다다1774,in_age_039,8
2010,다다1774,in_age_040,8
2010,다다1774,in_age_041,8
2010,다다1774,in_age_042,8
2010,다다1774,in_age_043,8
2010,다다1774,in_age_044,8
2010,다다1774,in_age_045,8
2010,다다1774,in_age_046,5
2010,다다1774,in_age_047,5
2010,다다1774,in_age_061,5
2010,다다1774,in_age_062,5
2010,다다1774,in_age_063,5
2010,다다1774,in_age_064,0
2010,다다1774,in_age_066,0
2010,다다1774,in_age_067,5
2010,다다1774,in_age_068,5
2010,다다1774,in_age_069,5
2010,다다1774,in_age_070,13
2010,다다1774,in_age_071,8
2010,다다1774,in_age_072,5
2010,다다1774,in_age_073,8
2010,다다1774,in_age_074,8
2010,다다1774,in_age_075,8
2010,다다1774,in_age_076,13
2010,다다1774,in_age_077,5
2010,다다1774,in_age_078,5
2010,다다1774,to_in_001,173
2010,다다1774,to_in_007,88
2010,다다1774,to_in_008,83
2010,다다1776,in_age_002,0
2010,다다1776,in_age_004,0
2010,다다1776,in_age_006,0
2010,다다1776,in_age_007,5
2010,다다1776,in_age_008,5
2010,다다1776,in_age_010,0
2010,다다1776,in_age_011,5
2010,다다1776,in_age_012,0
2010,다다1776,in_age_034,0
2010,다다1776,in_age_036,0
2010,다다1776,in_age_038,5
2010,다다1776,in_age_041,0
2010,다다1776,in_age_042,0
2010,다다1776,in_age_062,0
2010,다다1776,in_age_067,5
2010,다다1776,in_age_070,0
2010,다다1776,in_age_071,0
2010,다다1776,to_in_001,13
2010,다다1776,to_in_007,8
2010,다다1776,to_in_008,8
2010,다다1777,in_age_001,0
2010,다다1777,in_age_003,5
2010,다다1777,in_age_004,5
2010,다다1777,in_age_005,5
2010,다다1777,in_age_006,0
2010,다다1777,in_age_007,5
2010,다다1777,in_age_008,5
2010,다다1777,in_age_009,5
2010,다다1777,in_age_010,8
2010,다다1777,in_age_011,8
2010,다다1777,in_age_012,8
2010,다다1777,in_age_013,8
2010,다다1777,in_age_014,13
2010,다다1777,in_age_015,18
2010,다다1777,in_age_016,23
2010,다다1777,in_age_017,8
2010,다다1777,in_age_019,0
2010,다다1777,in_age_031,0
2010,다다1777,in_age_033,5
2010,다다1777,in_age_034,5
2010,다다1777,in_age_035,5
2010,다다1777,in_age_036,0
2010,다다1777,in_age_037,5
2010,다다1777,in_age_038,5
2010,다다1777,in_age_039,5
2010,다다1777,in_age_040,5
2010,다다1777,in_age_041,5
2010,다다1777,in_age_042,5
2010,다다1777,in_age_043,0
2010,다다1777,in_age_044,8
2010,다다1777,in_age_045,8
2010,다다1777,in_age_046,8
2010,다다1777,in_age_047,5
2010,다다1777,in_age_063,5
2010,다다1777,in_age_064,5
2010,다다1777,in_age_069,5
2010,다다1777,in_age_070,0
2010,다다1777,in_age_071,8
2010,다다1777,in_age_072,5
2010,다다1777,in_age_073,8
2010,다다1777,in_age_074,8
2010,다다1777,in_age_075,13
2010,다다1777,in_age_076,13
2010,다다1777,in_age_077,8
2010,다다1777,in_age_079,0
2010,다다1777,to_in_001,123
2010,다다1777,to_in_007,58
2010,다다1777,to_in_008,68
2010,다다1778,in_age_001,5
2010,다다1778,in_age_002,8
2010,다다1778,in_age_003,0
2010,다다1778,in_age_005,5
2010,다다1778,in_age_006,0
2010,다다1778,in_age_007,8
2010,다다1778,in_age_008,5
2010,다다1778,in_age_009,5
2010,다다1778,in_age_010,5
2010,다다1778,in_age_011,5
2010,다다1778,in_age_012,5
2010,다다1778,in_age_013,8
2010,다다1778,in_age_014,13
2010,다다1778,in_age_015,13
2010,다다1778,in_age_016,8
2010,다다1778,in_age_017,8
2010,다다1778,in_age_031,0
2010,다다1778,in_age_032,5
2010,다다1778,in_age_035,0
2010,다다1778,in_age_036,0
2010,다다1778,in_age_037,5
2010,다다1778,in_age_038,5
2010,다다1778,in_age_039,5
2010,다다1778,in_age_040,0
2010,다다1778,in_age_041,0
2010,다다1778,in_age_042,5
2010,다다1778,in_age_043,8
2010,다다1778,in_age_044,8
2010,다다1778,in_age_045,5
2010,다다1778,in_age_046,5
2010,다다1778,in_age_047,5
2010,다다1778,in_age_061,5
2010,다다1778,in_age_062,5
2010,다다1778,in_age_063,0
2010,다다1778,in_age_065,5
2010,다다1778,in_age_067,5
2010,다다1778,in_age_068,0
2010,다다1778,in_age_070,0
2010,다다1778,in_age_071,5
2010,다다1778,in_age_072,5
2010,다다1778,in_age_073,8
2010,다다1778,in_age_074,8
2010,다다1778,in_age_075,8
2010,다다1778,in_age_076,8
2010,다다1778,in_age_077,5
2010,다다1778,to_in_001,93
2010,다다1778,to_in_007,38
2010,다다1778,to_in_008,53
2010,다다1779,in_age_003,0
2010,다다1779,in_age_004,5
2010,다다1779,in_age_005,0
2010,다다1779,in_age_006,0
2010,다다1779,in_age_007,5
2010,다다1779,in_age_008,0
2010,다다1779,in_age_009,5
2010,다다1779,in_age_010,0
2010,다다1779,in_age_012,5
2010,다다1779,in_age_013,5
2010,다다1779,in_age_014,5
2010,다다1779,in_age_015,0
2010,다다1779,in_age_016,0
2010,다다1779,in_age_017,0
2010,다다1779,in_age_035,0
2010,다다1779,in_age_036,0
2010,다다1779,in_age_037,0
2010,다다1779,in_age_040,0
2010,다다1779,in_age_043,5
2010,다다1779,in_age_044,0
2010,다다1779,in_age_046,0
2010,다다1779,in_age_063,0
2010,다다1779,in_age_064,5
2010,다다1779,in_age_067,0
2010,다다1779,in_age_068,0
2010,다다1779,in_age_069,5
2010,다다1779,in_age_072,5
2010,다다1779,in_age_073,0
2010,다다1779,in_age_074,0
2010,다다1779,in_age_075,0
2010,다다1779,in_age_077,0
2010,다다1779,to_in_001,18
2010,다다1779,to_in_007,8
2010,다다1779,to_in_008,13
2010,다다1780,in_age_001,5
2010,다다1780,in_age_002,8
2010,다다1780,in_age_003,5
2010,다다1780,in_age_004,5
2010,다다1780,in_age_005,0
2010,다다1780,in_age_006,0
2010,다다1780,in_age_007,5
2010,다다1780,in_age_008,13
2010,다다1780,in_age_009,13
2010,다다1780,in_age_010,13
2010,다다1780,in_age_011,5
2010,다다1780,in_age_012,8
2010,다다1780,in_age_013,13
2010,다다1780,in_age_014,28
2010,다다1780,in_age_015,55
2010,다다1780,in_age_016,35
2010,다다1780,in_age_017,13
2010,다다1780,in_age_018,5
2010,다다1780,in_age_019,0
2010,다다1780,in_age_031,5
2010,다다1780,in_age_032,5
2010,다다1780,in_age_033,5
2010,다다1780,in_age_034,5
2010,다다1780,in_age_035,0
2010,다다1780,in_age_036,0
2010,다다1780,in_age_037,5
2010,다다1780,in_age_038,8
2010,다다1780,in_age_039,8
2010,다다1780,in_age_040,8
2010,다다1780,in_age_041,0
2010,다다1780,in_age_042,5
2010,다다1780,in_age_043,8
2010,다다1780,in_age_044,13
2010,다다1780,in_age_045,25
2010,다다1780,in_age_046,8
2010,다다1780,in_age_047,8
2010,다다1780,in_age_061,0
2010,다다1780,in_age_062,5
2010,다다1780,in_age_063,0
2010,다다1780,in_age_067,0
2010,다다1780,in_age_068,5
2010,다다1780,in_age_069,5
2010,다다1780,in_age_070,8
2010,다다1780,in_age_071,5
2010,다다1780,in_age_072,8
2010,다다1780,in_age_073,8
2010,다다1780,in_age_074,13
2010,다다1780,in_age_075,28
2010,다다1780,in_age_076,25
2010,다다1780,in_age_077,8
2010,다다1780,in_age_078,5
2010,다다1780,in_age_079,0
2010,다다1780,to_in_001,217
2010,다다1780,to_in_007,105
2010,다다1780,to_in_008,110
2010,다다1781,in_age_006,5
2010,다다1781,in_age_010,0
2010,다다1781,in_age_011,5
2010,다다1781,in_age_012,0
2010,다다1781,in_age_036,5
2010,다다1781,in_age_041,5
2010,다다1781,in_age_042,0
2010,다다1781,in_age_066,0
2010,다다1781,in_age_070,0
2010,다다1781,in_age_071,5
2010,다다1781,to_in_001,8
2010,다다1781,to_in_007,8
2010,다다1781,to_in_008,5
2010,다다1783,in_age_015,0
2010,다다1783,in_age_075,0
2010,다다1783,to_in_001,0
2010,다다1783,to_in_007,0
2010,다다1783,to_in_008,0
2010,다다1791,in_age_004,0
2010,다다1791,in_age_006,0
2010,다다1791,in_age_007,0
2010,다다1791,in_age_008,5
2010,다다1791,in_age_009,5
2010,다다1791,in_age_010,5
2010,다다1791,in_age_011,8
2010,다다1791,in_age_012,8
2010,다다1791,in_age_013,8
2010,다다1791,in_age_014,5
2010,다다1791,in_age_016,5
2010,다다1791,in_age_017,5
2010,다다1791,in_age_034,0
2010,다다1791,in_age_037,0
2010,다다1791,in_age_038,5
2010,다다1791,in_age_040,5
2010,다다1791,in_age_041,5
2010,다다1791,in_age_042,5
2010,다다1791,in_age_043,5
2010,다다1791,in_age_044,0
2010,다다1791,in_age_047,0
2010,다다1791,in_age_066,0
2010,다다1791,in_age_069,5
2010,다다1791,in_age_070,0
2010,다다1791,in_age_071,8
2010,다다1791,in_age_072,5
2010,다다1791,in_age_073,5
2010,다다1791,in_age_074,0
2010,다다1791,in_age_076,5
2010,다다1791,in_age_077,0
2010,다다1791,to_in_001,33
2010,다다1791,to_in_007,18
2010,다다1791,to_in_008,18
2010,다다1792,in_age_006,0
2010,다다1792,in_age_010,5
2010,다다1792,in_age_011,5
2010,다다1792,in_age_012,5
2010,다다1792,in_age_013,5
2010,다다1792,in_age_014,5
2010,다다1792,in_age_017,5
2010,다다1792,in_age_018,0
2010,다다1792,in_age_036,0
2010,다다1792,in_age_041,0
2010,다다1792,in_age_042,0
2010,다다1792,in_age_043,5
2010,다다1792,in_age_070,5
2010,다다1792,in_age_071,0
2010,다다1792,in_age_072,0
2010,다다1792,in_age_074,5
2010,다다1792,in_age_077,5
2010,다다1792,in_age_078,0
2010,다다1792,to_in_001,13
2010,다다1792,to_in_007,5
2010,다다1792,to_in_008,8
2010,다다1793,in_age_002,5
2010,다다1793,in_age_005,5
2010,다다1793,in_age_006,5
2010,다다1793,in_age_008,5
2010,다다1793,in_age_011,5
2010,다다1793,in_age_012,5
2010,다다1793,in_age_013,5
2010,다다1793,in_age_014,8
2010,다다1793,in_age_015,5
2010,다다1793,in_age_016,8
2010,다다1793,in_age_017,0
2010,다다1793,in_age_035,0
2010,다다1793,in_age_038,5
2010,다다1793,in_age_042,0
2010,다다1793,in_age_043,5
2010,다다1793,in_age_044,8
2010,다다1793,in_age_045,0
2010,다다1793,in_age_046,0
2010,다다1793,in_age_062,5
2010,다다1793,in_age_065,0
2010,다다1793,in_age_066,5
2010,다다1793,in_age_071,5
2010,다다1793,in_age_072,0
2010,다다1793,in_age_074,5
2010,다다1793,in_age_075,5
2010,다다1793,in_age_076,8
2010,다다1793,in_age_077,0
2010,다다1793,to_in_001,23
2010,다다1793,to_in_007,8
2010,다다1793,to_in_008,13
2010,다다1794,in_age_001,0
2010,다다1794,in_age_002,8
2010,다다1794,in_age_003,8
2010,다다1794,in_age_004,5
2010,다다1794,in_age_005,5
2010,다다1794,in_age_006,5
2010,다다1794,in_age_007,5
2010,다다1794,in_age_008,8
2010,다다1794,in_age_009,8
2010,다다1794,in_age_010,13
2010,다다1794,in_age_011,23
2010,다다1794,in_age_012,13
2010,다다1794,in_age_013,23
2010,다다1794,in_age_014,33
2010,다다1794,in_age_015,23
2010,다다1794,in_age_016,18
2010,다다1794,in_age_017,8
2010,다다1794,in_age_018,5
2010,다다1794,in_age_031,0
2010,다다1794,in_age_032,5
2010,다다1794,in_age_033,8
2010,다다1794,in_age_034,5
2010,다다1794,in_age_035,5
2010,다다1794,in_age_037,5
2010,다다1794,in_age_038,8
2010,다다1794,in_age_039,5
2010,다다1794,in_age_040,5
2010,다다1794,in_age_041,13
2010,다다1794,in_age_042,8
2010,다다1794,in_age_043,8
2010,다다1794,in_age_044,18
2010,다다1794,in_age_045,8
2010,다다1794,in_age_046,8
2010,다다1794,in_age_047,5
2010,다다1794,in_age_048,5
2010,다다1794,in_age_062,5
2010,다다1794,in_age_063,5
2010,다다1794,in_age_064,5
2010,다다1794,in_age_066,5
2010,다다1794,in_age_067,0
2010,다다1794,in_age_068,5
2010,다다1794,in_age_069,8
2010,다다1794,in_age_070,8
2010,다다1794,in_age_071,8
2010,다다1794,in_age_072,8
2010,다다1794,in_age_073,13
2010,다다1794,in_age_074,18
2010,다다1794,in_age_075,13
2010,다다1794,in_age_076,13
2010,다다1794,in_age_077,8
2010,다다1794,in_age_078,5
2010,다다1794,to_in_001,198
2010,다다1794,to_in_007,93
2010,다다1794,to_in_008,103
2010,다다1795,in_age_014,0
2010,다다1795,in_age_015,5
2010,다다1795,in_age_017,0
2010,다다1795,in_age_044,0
2010,다다1795,in_age_045,0
2010,다다1795,in_age_047,0
2010,다다1795,in_age_075,5
2010,다다1795,to_in_001,8
2010,다다1795,to_in_007,5
2010,다다1795,to_in_008,5
2010,다다1796,in_age_008,0
2010,다다1796,in_age_009,5
2010,다다1796,in_age_011,5
2010,다다1796,in_age_012,0
2010,다다1796,in_age_013,5
2010,다다1796,in_age_014,0
2010,다다1796,in_age_015,5
2010,다다1796,in_age_016,8
2010,다다1796,in_age_018,5
2010,다다1796,in_age_039,5
2010,다다1796,in_age_043,0
2010,다다1796,in_age_046,5
2010,다다1796,in_age_048,0
2010,다다1796,in_age_068,0
2010,다다1796,in_age_071,5
2010,다다1796,in_age_072,0
2010,다다1796,in_age_073,0
2010,다다1796,in_age_074,0
2010,다다1796,in_age_075,5
2010,다다1796,in_age_076,5
2010,다다1796,in_age_078,5
2010,다다1796,to_in_001,18
2010,다다1796,to_in_007,8
2010,다다1796,to_in_008,13
2010,다다1798,in_age_002,8
2010,다다1798,in_age_003,5
2010,다다1798,in_age_007,5
2010,다다1798,in_age_008,5
2010,다다1798,in_age_009,5
2010,다다1798,in_age_012,5
2010,다다1798,in_age_013,8
2010,다다1798,in_age_014,8
2010,다다1798,in_age_015,8
2010,다다1798,in_age_016,5
2010,다다1798,in_age_017,5
2010,다다1798,in_age_032,5
2010,다다1798,in_age_033,0
2010,다다1798,in_age_037,0
2010,다다1798,in_age_038,0
2010,다다1798,in_age_039,5
2010,다다1798,in_age_042,0
2010,다다1798,in_age_043,5
2010,다다1798,in_age_044,5
2010,다다1798,in_age_045,5
2010,다다1798,in_age_046,0
2010,다다1798,in_age_047,5
2010,다다1798,in_age_062,5
2010,다다1798,in_age_063,5
2010,다다1798,in_age_067,0
2010,다다1798,in_age_068,0
2010,다다1798,in_age_069,5
2010,다다1798,in_age_072,5
2010,다다1798,in_age_073,5
2010,다다1798,in_age_074,5
2010,다다1798,in_age_075,5
2010,다다1798,in_age_076,5
2010,다다1798,in_age_077,0
2010,다다1798,to_in_001,48
2010,다다1798,to_in_007,23
2010,다다1798,to_in_008,23
2010,다다1799,in_age_001,0
2010,다다1799,in_age_002,0
2010,다다1799,in_age_007,5
2010,다다1799,in_age_032,0
2010,다다1799,in_age_037,5
2010,다다1799,in_age_061,0
2010,다다1799,in_age_067,0
2010,다다1799,to_in_001,5
2010,다다1799,to_in_007,5
2010,다다1799,to_in_008,5
2010,다다1800,in_age_003,0
2010,다다1800,in_age_009,0
2010,다다1800,in_age_014,5
2010,다다1800,in_age_016,0
2010,다다1800,in_age_033,0
2010,다다1800,in_age_039,0
2010,다다1800,in_age_046,0
2010,다다1800,in_age_074,5
2010,다다1800,to_in_001,5
2010,다다1800,to_in_007,5
2010,다다1800,to_in_008,5
2010,다다1801,in_age_001,5
2010,다다1801,in_age_002,5
2010,다다1801,in_age_005,0
2010,다다1801,in_age_006,0
2010,다다1801,in_age_007,5
2010,다다1801,in_age_008,5
2010,다다1801,in_age_009,5
2010,다다1801,in_age_010,5
2010,다다1801,in_age_011,0
2010,다다1801,in_age_014,5
2010,다다1801,in_age_016,5
2010,다다1801,in_age_031,0
2010,다다1801,in_age_032,5
2010,다다1801,in_age_035,0
2010,다다1801,in_age_037,5
2010,다다1801,in_age_038,5
2010,다다1801,in_age_039,5
2010,다다1801,in_age_040,5
2010,다다1801,in_age_041,0
2010,다다1801,in_age_044,0
2010,다다1801,in_age_046,0
2010,다다1801,in_age_061,0
2010,다다1801,in_age_066,0
2010,다다1801,in_age_067,5
2010,다다1801,in_age_068,0
2010,다다1801,in_age_069,0
2010,다다1801,in_age_070,5
2010,다다1801,in_age_074,5
2010,다다1801,in_age_076,5
2010,다다1801,to_in_001,28
2010,다다1801,to_in_007,18
2010,다다1801,to_in_008,13
2010,다다1802,in_age_017,0
2010,다다1802,in_age_077,0
2010,다다1802,to_in_001,0
2010,다다1802,to_in_007,0
2010,다다1802,to_in_008,0
2010,다다1803,in_age_001,8
2010,다다1803,in_age_002,18
2010,다다1803,in_age_003,23
2010,다다1803,in_age_004,23
2010,다다1803,in_age_005,13
2010,다다1803,in_age_006,13
2010,다다1803,in_age_007,13
2010,다다1803,in_age_008,18
2010,다다1803,in_age_009,18
2010,다다1803,in_age_010,23
2010,다다1803,in_age_011,33
2010,다다1803,in_age_012,18
2010,다다1803,in_age_013,8
2010,다다1803,in_age_014,8
2010,다다1803,in_age_015,8
2010,다다1803,in_age_016,8
2010,다다1803,in_age_017,5
2010,다다1803,in_age_018,5
2010,다다1803,in_age_019,0
2010,다다1803,in_age_031,5
2010,다다1803,in_age_032,8
2010,다다1803,in_age_033,18
2010,다다1803,in_age_034,13
2010,다다1803,in_age_035,5
2010,다다1803,in_age_036,8
2010,다다1803,in_age_037,8
2010,다다1803,in_age_038,8
2010,다다1803,in_age_039,8
2010,다다1803,in_age_040,13
2010,다다1803,in_age_041,13
2010,다다1803,in_age_042,13
2010,다다1803,in_age_043,8
2010,다다1803,in_age_044,5
2010,다다1803,in_age_045,5
2010,다다1803,in_age_046,5
2010,다다1803,in_age_047,5
2010,다다1803,in_age_061,5
2010,다다1803,in_age_062,8
2010,다다1803,in_age_063,8
2010,다다1803,in_age_064,8
2010,다다1803,in_age_065,8
2010,다다1803,in_age_066,5
2010,다다1803,in_age_067,8
2010,다다1803,in_age_068,8
2010,다다1803,in_age_069,8
2010,다다1803,in_age_070,8
2010,다다1803,in_age_071,18
2010,다다1803,in_age_072,8
2010,다다1803,in_age_073,8
2010,다다1803,in_age_074,8
2010,다다1803,in_age_075,5
2010,다다1803,in_age_076,5
2010,다다1803,in_age_077,5
2010,다다1803,in_age_078,5
2010,다다1803,in_age_079,0
2010,다다1803,to_in_001,248
2010,다다1803,to_in_007,128
2010,다다1803,to_in_008,118
2010,다다1804,in_age_001,28
2010,다다1804,in_age_002,43
2010,다다1804,in_age_003,28
2010,다다1804,in_age_004,45
2010,다다1804,in_age_005,23
2010,다다1804,in_age_006,23
2010,다다1804,in_age_007,23
2010,다다1804,in_age_008,43
2010,다다1804,in_age_009,43
2010,다다1804,in_age_010,48
2010,다다1804,in_age_011,43
2010,다다1804,in_age_012,28
2010,다다1804,in_age_013,28
2010,다다1804,in_age_014,23
2010,다다1804,in_age_015,13
2010,다다1804,in_age_016,5
2010,다다1804,in_age_017,8
2010,다다1804,in_age_019,0
2010,다다1804,in_age_020,0
2010,다다1804,in_age_031,8
2010,다다1804,in_age_032,23
2010,다다1804,in_age_033,13
2010,다다1804,in_age_034,24
2010,다다1804,in_age_035,13
2010,다다1804,in_age_036,18
2010,다다1804,in_age_037,13
2010,다다1804,in_age_038,18
2010,다다1804,in_age_039,18
2010,다다1804,in_age_040,23
2010,다다1804,in_age_041,28
2010,다다1804,in_age_042,13
2010,다다1804,in_age_043,13
2010,다다1804,in_age_044,13
2010,다다1804,in_age_045,5
2010,다다1804,in_age_047,0
2010,다다1804,in_age_061,23
2010,다다1804,in_age_062,18
2010,다다1804,in_age_063,13
2010,다다1804,in_age_064,19
2010,다다1804,in_age_065,13
2010,다다1804,in_age_066,8
2010,다다1804,in_age_067,13
2010,다다1804,in_age_068,28
2010,다다1804,in_age_069,23
2010,다다1804,in_age_070,23
2010,다다1804,in_age_071,13
2010,다다1804,in_age_072,18
2010,다다1804,in_age_073,13
2010,다다1804,in_age_074,8
2010,다다1804,in_age_075,8
2010,다다1804,in_age_076,5
2010,다다1804,in_age_077,8
2010,다다1804,in_age_079,0
2010,다다1804,in_age_080,0
2010,다다1804,to_in_001,495
2010,다다1804,to_in_007,254
2010,다다1804,to_in_008,244
2010,다다1805,in_age_001,72
2010,다다1805,in_age_002,138
2010,다다1805,in_age_003,173
2010,다다1805,in_age_004,153
2010,다다1805,in_age_005,110
2010,다다1805,in_age_006,115
2010,다다1805,in_age_007,115
2010,다다1805,in_age_008,170
2010,다다1805,in_age_009,189
2010,다다1805,in_age_010,175
2010,다다1805,in_age_011,134
2010,다다1805,in_age_012,132
2010,다다1805,in_age_013,108
2010,다다1805,in_age_014,103
2010,다다1805,in_age_015,118
2010,다다1805,in_age_016,85
2010,다다1805,in_age_017,38
2010,다다1805,in_age_018,23
2010,다다1805,in_age_019,13
2010,다다1805,in_age_020,5
2010,다다1805,in_age_021,5
2010,다다1805,in_age_031,28
2010,다다1805,in_age_032,77
2010,다다1805,in_age_033,105
2010,다다1805,in_age_034,82
2010,다다1805,in_age_035,55
2010,다다1805,in_age_036,65
2010,다다1805,in_age_037,61
2010,다다1805,in_age_038,83
2010,다다1805,in_age_039,108
2010,다다1805,in_age_040,93
2010,다다1805,in_age_041,69
2010,다다1805,in_age_042,70
2010,다다1805,in_age_043,48
2010,다다1805,in_age_044,48
2010,다다1805,in_age_045,48
2010,다다1805,in_age_046,28
2010,다다1805,in_age_047,13
2010,다다1805,in_age_048,8
2010,다다1805,in_age_049,0
2010,다다1805,in_age_061,42
2010,다다1805,in_age_062,59
2010,다다1805,in_age_063,71
2010,다다1805,in_age_064,74
2010,다다1805,in_age_065,53
2010,다다1805,in_age_066,48
2010,다다1805,in_age_067,52
2010,다다1805,in_age_068,90
2010,다다1805,in_age_069,79
2010,다다1805,in_age_070,80
2010,다다1805,in_age_071,63
2010,다다1805,in_age_072,65
2010,다다1805,in_age_073,63
2010,다다1805,in_age_074,58
2010,다다1805,in_age_075,68
2010,다다1805,in_age_076,55
2010,다다1805,in_age_077,28
2010,다다1805,in_age_078,23
2010,다다1805,in_age_079,13
2010,다다1805,in_age_080,5
2010,다다1805,in_age_081,5
2010,다다1805,to_in_001,2180
2010,다다1805,to_in_007,1088
2010,다다1805,to_in_008,1095
2010,다다1874,in_age_012,5
2010,다다1874,in_age_015,0
2010,다다1874,in_age_016,0
2010,다다1874,in_age_017,0
2010,다다1874,in_age_018,0
2010,다다1874,in_age_042,5
2010,다다1874,in_age_072,0
2010,다다1874,in_age_075,0
2010,다다1874,in_age_076,0
2010,다다1874,in_age_077,0
2010,다다1874,in_age_078,0
2010,다다1874,to_in_001,8
2010,다다1874,to_in_007,5
2010,다다1874,to_in_008,8
2010,다다1876,in_age_006,0
2010,다다1876,in_age_013,0
2010,다다1876,in_age_014,0
2010,다다1876,in_age_036,0
2010,다다1876,in_age_044,0
2010,다다1876,in_age_073,0
2010,다다1876,to_in_001,5
2010,다다1876,to_in_007,5
2010,다다1876,to_in_008,0
2010,다다1877,in_age_009,5
2010,다다1877,in_age_010,5
2010,다다1877,in_age_012,0
2010,다다1877,in_age_017,5
2010,다다1877,in_age_039,5
2010,다다1877,in_age_040,5
2010,다다1877,in_age_042,0
2010,다다1877,in_age_069,0
2010,다다1877,in_age_077,5
2010,다다1877,to_in_001,8
2010,다다1877,to_in_007,8
2010,다다1877,to_in_008,5
2010,다다1878,in_age_003,0
2010,다다1878,in_age_004,0
2010,다다1878,in_age_005,0
2010,다다1878,in_age_006,0
2010,다다1878,in_age_008,0
2010,다다1878,in_age_009,5
2010,다다1878,in_age_010,5
2010,다다1878,in_age_011,13
2010,다다1878,in_age_012,5
2010,다다1878,in_age_013,8
2010,다다1878,in_age_014,13
2010,다다1878,in_age_015,13
2010,다다1878,in_age_016,13
2010,다다1878,in_age_017,8
2010,다다1878,in_age_018,5
2010,다다1878,in_age_033,0
2010,다다1878,in_age_034,0
2010,다다1878,in_age_035,0
2010,다다1878,in_age_038,0
2010,다다1878,in_age_039,0
2010,다다1878,in_age_040,0
2010,다다1878,in_age_041,8
2010,다다1878,in_age_042,5
2010,다다1878,in_age_043,5
2010,다다1878,in_age_044,8
2010,다다1878,in_age_045,8
2010,다다1878,in_age_046,5
2010,다다1878,in_age_047,0
2010,다다1878,in_age_048,0
2010,다다1878,in_age_066,0
2010,다다1878,in_age_069,5
2010,다다1878,in_age_070,5
2010,다다1878,in_age_071,8
2010,다다1878,in_age_073,5
2010,다다1878,in_age_074,8
2010,다다1878,in_age_075,5
2010,다다1878,in_age_076,8
2010,다다1878,in_age_077,5
2010,다다1878,in_age_078,0
2010,다다1878,to_in_001,73
2010,다다1878,to_in_007,33
2010,다다1878,to_in_008,43
2010,다다1879,in_age_003,0
2010,다다1879,in_age_005,5
2010,다다1879,in_age_007,5
2010,다다1879,in_age_009,0
2010,다다1879,in_age_010,5
2010,다다1879,in_age_011,5
2010,다다1879,in_age_012,5
2010,다다1879,in_age_013,5
2010,다다1879,in_age_014,5
2010,다다1879,in_age_015,5
2010,다다1879,in_age_016,5
2010,다다1879,in_age_017,5
2010,다다1879,in_age_018,5
2010,다다1879,in_age_033,0
2010,다다1879,in_age_035,5
2010,다다1879,in_age_037,5
2010,다다1879,in_age_040,0
2010,다다1879,in_age_041,5
2010,다다1879,in_age_042,0
2010,다다1879,in_age_043,0
2010,다다1879,in_age_046,0
2010,다다1879,in_age_048,5
2010,다다1879,in_age_069,0
2010,다다1879,in_age_070,0
2010,다다1879,in_age_071,0
2010,다다1879,in_age_072,0
2010,다다1879,in_age_073,0
2010,다다1879,in_age_074,5
2010,다다1879,in_age_075,5
2010,다다1879,in_age_076,5
2010,다다1879,in_age_077,5
2010,다다1879,to_in_001,28
2010,다다1879,to_in_007,13
2010,다다1879,to_in_008,18
2010,다다1880,in_age_001,5
2010,다다1880,in_age_002,5
2010,다다1880,in_age_003,5
2010,다다1880,in_age_004,0
2010,다다1880,in_age_005,0
2010,다다1880,in_age_006,5
2010,다다1880,in_age_008,5
2010,다다1880,in_age_009,5
2010,다다1880,in_age_010,5
2010,다다1880,in_age_011,5
2010,다다1880,in_age_012,5
2010,다다1880,in_age_014,0
2010,다다1880,in_age_015,0
2010,다다1880,in_age_016,0
2010,다다1880,in_age_032,0
2010,다다1880,in_age_033,0
2010,다다1880,in_age_034,0
2010,다다1880,in_age_035,0
2010,다다1880,in_age_036,5
2010,다다1880,in_age_038,0
2010,다다1880,in_age_039,0
2010,다다1880,in_age_040,0
2010,다다1880,in_age_041,0
2010,다다1880,in_age_042,5
2010,다다1880,in_age_045,0
2010,다다1880,in_age_046,0
2010,다다1880,in_age_061,5
2010,다다1880,in_age_062,0
2010,다다1880,in_age_063,5
2010,다다1880,in_age_068,0
2010,다다1880,in_age_069,5
2010,다다1880,in_age_070,0
2010,다다1880,in_age_071,0
2010,다다1880,in_age_072,5
2010,다다1880,in_age_074,0
2010,다다1880,to_in_001,28
2010,다다1880,to_in_007,13
2010,다다1880,to_in_008,13
2010,다다1882,in_age_005,0
2010,다다1882,in_age_010,5
2010,다다1882,in_age_011,5
2010,다다1882,in_age_012,5
2010,다다1882,in_age_016,0
2010,다다1882,in_age_018,0
2010,다다1882,in_age_035,0
2010,다다1882,in_age_040,5
2010,다다1882,in_age_041,5
2010,다다1882,in_age_070,0
2010,다다1882,in_age_072,5
2010,다다1882,in_age_076,0
2010,다다1882,in_age_078,0
2010,다다1882,to_in_001,8
2010,다다1882,to_in_007,8
2010,다다1882,to_in_008,5
2010,다다1883,in_age_006,0
2010,다다1883,in_age_008,5
2010,다다1883,in_age_009,5
2010,다다1883,in_age_010,5
2010,다다1883,in_age_011,8
2010,다다1883,in_age_012,8
2010,다다1883,in_age_013,18
2010,다다1883,in_age_014,23
2010,다다1883,in_age_015,19
2010,다다1883,in_age_016,13
2010,다다1883,in_age_017,8
2010,다다1883,in_age_018,0
2010,다다1883,in_age_019,0
2010,다다1883,in_age_036,0
2010,다다1883,in_age_038,5
2010,다다1883,in_age_039,5
2010,다다1883,in_age_040,0
2010,다다1883,in_age_041,5
2010,다다1883,in_age_042,0
2010,다다1883,in_age_043,8
2010,다다1883,in_age_044,8
2010,다다1883,in_age_045,8
2010,다다1883,in_age_046,5
2010,다다1883,in_age_047,0
2010,다다1883,in_age_048,0
2010,다다1883,in_age_069,0
2010,다다1883,in_age_070,5
2010,다다1883,in_age_071,0
2010,다다1883,in_age_072,8
2010,다다1883,in_age_073,8
2010,다다1883,in_age_074,18
2010,다다1883,in_age_075,6
2010,다다1883,in_age_076,8
2010,다다1883,in_age_077,8
2010,다다1883,in_age_079,0
2010,다다1883,to_in_001,104
2010,다다1883,to_in_007,38
2010,다다1883,to_in_008,64
2010,다다1888,in_age_010,0
2010,다다1888,in_age_011,0
2010,다다1888,in_age_012,0
2010,다다1888,in_age_013,5
2010,다다1888,in_age_014,0
2010,다다1888,in_age_016,0
2010,다다1888,in_age_019,5
2010,다다1888,in_age_042,0
2010,다다1888,in_age_043,0
2010,다다1888,in_age_044,0
2010,다다1888,in_age_070,0
2010,다다1888,in_age_071,0
2010,다다1888,in_age_073,5
2010,다다1888,in_age_076,0
2010,다다1888,in_age_079,5
2010,다다1888,to_in_001,8
2010,다다1888,to_in_007,5
2010,다다1888,to_in_008,8
2010,다다1896,in_age_002,0
2010,다다1896,in_age_003,5
2010,다다1896,in_age_004,0
2010,다다1896,in_age_005,0
2010,다다1896,in_age_006,0
2010,다다1896,in_age_009,0
2010,다다1896,in_age_010,5
2010,다다1896,in_age_011,5
2010,다다1896,in_age_012,8
2010,다다1896,in_age_013,8
2010,다다1896,in_age_014,8
2010,다다1896,in_age_015,13
2010,다다1896,in_age_016,8
2010,다다1896,in_age_017,5
2010,다다1896,in_age_018,5
2010,다다1896,in_age_034,0
2010,다다1896,in_age_040,5
2010,다다1896,in_age_041,0
2010,다다1896,in_age_042,5
2010,다다1896,in_age_043,8
2010,다다1896,in_age_044,8
2010,다다1896,in_age_045,5
2010,다다1896,in_age_046,0
2010,다다1896,in_age_047,0
2010,다다1896,in_age_048,5
2010,다다1896,in_age_062,0
2010,다다1896,in_age_063,5
2010,다다1896,in_age_065,0
2010,다다1896,in_age_066,0
2010,다다1896,in_age_069,0
2010,다다1896,in_age_070,5
2010,다다1896,in_age_071,5
2010,다다1896,in_age_072,5
2010,다다1896,in_age_073,8
2010,다다1896,in_age_074,5
2010,다다1896,in_age_075,5
2010,다다1896,in_age_076,5
2010,다다1896,in_age_077,5
2010,다다1896,in_age_078,0
2010,다다1896,to_in_001,68
2010,다다1896,to_in_007,28
2010,다다1896,to_in_008,38
2010,다다1897,in_age_001,5
2010,다다1897,in_age_002,8
2010,다다1897,in_age_004,5
2010,다다1897,in_age_007,8
2010,다다1897,in_age_009,5
2010,다다1897,in_age_010,5
2010,다다1897,in_age_011,8
2010,다다1897,in_age_012,5
2010,다다1897,in_age_013,5
2010,다다1897,in_age_014,13
2010,다다1897,in_age_015,8
2010,다다1897,in_age_016,8
2010,다다1897,in_age_017,5
2010,다다1897,in_age_018,0
2010,다다1897,in_age_031,0
2010,다다1897,in_age_032,0
2010,다다1897,in_age_034,0
2010,다다1897,in_age_037,5
2010,다다1897,in_age_039,5
2010,다다1897,in_age_041,8
2010,다다1897,in_age_042,5
2010,다다1897,in_age_043,5
2010,다다1897,in_age_044,8
2010,다다1897,in_age_045,5
2010,다다1897,in_age_046,0
2010,다다1897,in_age_047,5
2010,다다1897,in_age_061,5
2010,다다1897,in_age_062,5
2010,다다1897,in_age_064,0
2010,다다1897,in_age_067,5
2010,다다1897,in_age_069,0
2010,다다1897,in_age_070,5
2010,다다1897,in_age_071,5
2010,다다1897,in_age_072,5
2010,다다1897,in_age_073,5
2010,다다1897,in_age_074,8
2010,다다1897,in_age_075,5
2010,다다1897,in_age_076,8
2010,다다1897,in_age_077,0
2010,다다1897,in_age_078,0
2010,다다1897,to_in_001,73
2010,다다1897,to_in_007,33
2010,다다1897,to_in_008,43
2010,다다1898,in_age_001,0
2010,다다1898,in_age_004,5
2010,다다1898,in_age_005,5
2010,다다1898,in_age_006,5
2010,다다1898,in_age_007,5
2010,다다1898,in_age_008,0
2010,다다1898,in_age_009,5
2010,다다1898,in_age_010,13
2010,다다1898,in_age_011,18
2010,다다1898,in_age_012,23
2010,다다1898,in_age_013,18
2010,다다1898,in_age_014,18
2010,다다1898,in_age_015,18
2010,다다1898,in_age_016,28
2010,다다1898,in_age_017,13
2010,다다1898,in_age_018,0
2010,다다1898,in_age_019,0
2010,다다1898,in_age_035,5
2010,다다1898,in_age_036,5
2010,다다1898,in_age_037,5
2010,다다1898,in_age_039,5
2010,다다1898,in_age_040,5
2010,다다1898,in_age_041,8
2010,다다1898,in_age_042,13
2010,다다1898,in_age_043,13
2010,다다1898,in_age_044,5
2010,다다1898,in_age_045,8
2010,다다1898,in_age_046,8
2010,다다1898,in_age_047,8
2010,다다1898,in_age_061,0
2010,다다1898,in_age_064,5
2010,다다1898,in_age_066,5
2010,다다1898,in_age_067,5
2010,다다1898,in_age_068,0
2010,다다1898,in_age_070,8
2010,다다1898,in_age_071,13
2010,다다1898,in_age_072,13
2010,다다1898,in_age_073,5
2010,다다1898,in_age_074,13
2010,다다1898,in_age_075,8
2010,다다1898,in_age_076,23
2010,다다1898,in_age_077,8
2010,다다1898,in_age_078,0
2010,다다1898,in_age_079,0
2010,다다1898,to_in_001,168
2010,다다1898,to_in_007,73
2010,다다1898,to_in_008,93
2010,다다1900,in_age_001,5
2010,다다1900,in_age_002,5
2010,다다1900,in_age_003,8
2010,다다1900,in_age_004,8
2010,다다1900,in_age_005,5
2010,다다1900,in_age_007,8
2010,다다1900,in_age_008,8
2010,다다1900,in_age_009,8
2010,다다1900,in_age_010,13
2010,다다1900,in_age_011,13
2010,다다1900,in_age_012,8
2010,다다1900,in_age_013,5
2010,다다1900,in_age_014,8
2010,다다1900,in_age_015,8
2010,다다1900,in_age_016,5
2010,다다1900,in_age_018,0
2010,다다1900,in_age_032,5
2010,다다1900,in_age_033,5
2010,다다1900,in_age_034,5
2010,다다1900,in_age_037,5
2010,다다1900,in_age_038,0
2010,다다1900,in_age_039,8
2010,다다1900,in_age_040,8
2010,다다1900,in_age_041,8
2010,다다1900,in_age_042,5
2010,다다1900,in_age_043,5
2010,다다1900,in_age_044,8
2010,다다1900,in_age_046,5
2010,다다1900,in_age_061,5
2010,다다1900,in_age_062,5
2010,다다1900,in_age_063,5
2010,다다1900,in_age_064,8
2010,다다1900,in_age_065,5
2010,다다1900,in_age_067,5
2010,다다1900,in_age_068,8
2010,다다1900,in_age_069,5
2010,다다1900,in_age_070,5
2010,다다1900,in_age_071,8
2010,다다1900,in_age_072,5
2010,다다1900,in_age_073,5
2010,다다1900,in_age_074,0
2010,다다1900,in_age_075,8
2010,다다1900,in_age_076,5
2010,다다1900,in_age_078,0
2010,다다1900,to_in_001,93
2010,다다1900,to_in_007,43
2010,다다1900,to_in_008,48
2010,다다1901,in_age_001,18
2010,다다1901,in_age_002,18
2010,다다1901,in_age_003,18
2010,다다1901,in_age_004,13
2010,다다1901,in_age_005,5
2010,다다1901,in_age_006,13
2010,다다1901,in_age_007,13
2010,다다1901,in_age_008,18
2010,다다1901,in_age_009,18
2010,다다1901,in_age_010,23
2010,다다1901,in_age_011,13
2010,다다1901,in_age_012,13
2010,다다1901,in_age_013,18
2010,다다1901,in_age_014,18
2010,다다1901,in_age_015,18
2010,다다1901,in_age_016,18
2010,다다1901,in_age_017,8
2010,다다1901,in_age_018,5
2010,다다1901,in_age_020,0
2010,다다1901,in_age_031,13
2010,다다1901,in_age_032,5
2010,다다1901,in_age_033,8
2010,다다1901,in_age_034,8
2010,다다1901,in_age_036,5
2010,다다1901,in_age_037,8
2010,다다1901,in_age_038,8
2010,다다1901,in_age_039,13
2010,다다1901,in_age_040,13
2010,다다1901,in_age_041,8
2010,다다1901,in_age_042,8
2010,다다1901,in_age_043,8
2010,다다1901,in_age_044,8
2010,다다1901,in_age_045,13
2010,다다1901,in_age_046,8
2010,다다1901,in_age_047,5
2010,다다1901,in_age_048,5
2010,다다1901,in_age_061,8
2010,다다1901,in_age_062,13
2010,다다1901,in_age_063,13
2010,다다1901,in_age_064,8
2010,다다1901,in_age_065,5
2010,다다1901,in_age_066,8
2010,다다1901,in_age_067,8
2010,다다1901,in_age_068,8
2010,다다1901,in_age_069,8
2010,다다1901,in_age_070,8
2010,다다1901,in_age_071,8
2010,다다1901,in_age_072,8
2010,다다1901,in_age_073,13
2010,다다1901,in_age_074,8
2010,다다1901,in_age_075,8
2010,다다1901,in_age_076,8
2010,다다1901,in_age_077,8
2010,다다1901,in_age_078,5
2010,다다1901,in_age_080,0
2010,다다1901,to_in_001,268
2010,다다1901,to_in_007,128
2010,다다1901,to_in_008,143
2010,다다1902,in_age_001,8
2010,다다1902,in_age_002,8
2010,다다1902,in_age_003,5
2010,다다1902,in_age_004,0
2010,다다1902,in_age_005,5
2010,다다1902,in_age_006,8
2010,다다1902,in_age_007,13
2010,다다1902,in_age_008,8
2010,다다1902,in_age_009,8
2010,다다1902,in_age_010,5
2010,다다1902,in_age_011,8
2010,다다1902,in_age_012,8
2010,다다1902,in_age_013,8
2010,다다1902,in_age_014,0
2010,다다1902,in_age_015,5
2010,다다1902,in_age_031,8
2010,다다1902,in_age_032,5
2010,다다1902,in_age_033,5
2010,다다1902,in_age_034,0
2010,다다1902,in_age_035,5
2010,다다1902,in_age_036,5
2010,다다1902,in_age_037,8
2010,다다1902,in_age_038,5
2010,다다1902,in_age_039,5
2010,다다1902,in_age_040,5
2010,다다1902,in_age_041,5
2010,다다1902,in_age_042,5
2010,다다1902,in_age_043,8
2010,다다1902,in_age_044,0
2010,다다1902,in_age_045,0
2010,다다1902,in_age_061,5
2010,다다1902,in_age_062,5
2010,다다1902,in_age_063,0
2010,다다1902,in_age_066,8
2010,다다1902,in_age_067,5
2010,다다1902,in_age_068,5
2010,다다1902,in_age_069,5
2010,다다1902,in_age_071,8
2010,다다1902,in_age_072,5
2010,다다1902,in_age_073,0
2010,다다1902,in_age_075,0
2010,다다1902,to_in_001,83
2010,다다1902,to_in_007,53
2010,다다1902,to_in_008,33
2010,다다1903,in_age_001,13
2010,다다1903,in_age_002,8
2010,다다1903,in_age_003,13
2010,다다1903,in_age_004,5
2010,다다1903,in_age_005,8
2010,다다1903,in_age_006,8
2010,다다1903,in_age_007,8
2010,다다1903,in_age_008,13
2010,다다1903,in_age_009,13
2010,다다1903,in_age_010,8
2010,다다1903,in_age_011,13
2010,다다1903,in_age_012,8
2010,다다1903,in_age_013,8
2010,다다1903,in_age_014,13
2010,다다1903,in_age_015,8
2010,다다1903,in_age_016,8
2010,다다1903,in_age_017,5
2010,다다1903,in_age_018,5
2010,다다1903,in_age_031,5
2010,다다1903,in_age_032,5
2010,다다1903,in_age_033,8
2010,다다1903,in_age_034,5
2010,다다1903,in_age_035,5
2010,다다1903,in_age_036,8
2010,다다1903,in_age_037,8
2010,다다1903,in_age_038,5
2010,다다1903,in_age_039,8
2010,다다1903,in_age_040,8
2010,다다1903,in_age_041,8
2010,다다1903,in_age_042,5
2010,다다1903,in_age_043,5
2010,다다1903,in_age_044,8
2010,다다1903,in_age_045,5
2010,다다1903,in_age_046,5
2010,다다1903,in_age_061,8
2010,다다1903,in_age_062,5
2010,다다1903,in_age_063,5
2010,다다1903,in_age_064,5
2010,다다1903,in_age_065,5
2010,다다1903,in_age_066,8
2010,다다1903,in_age_067,5
2010,다다1903,in_age_068,8
2010,다다1903,in_age_069,5
2010,다다1903,in_age_070,5
2010,다다1903,in_age_071,8
2010,다다1903,in_age_072,8
2010,다다1903,in_age_073,5
2010,다다1903,in_age_074,8
2010,다다1903,in_age_075,8
2010,다다1903,in_age_076,8
2010,다다1903,in_age_077,5
2010,다다1903,in_age_078,5
2010,다다1903,to_in_001,168
2010,다다1903,to_in_007,83
2010,다다1903,to_in_008,83
2010,다다1904,in_age_001,8
2010,다다1904,in_age_002,13
2010,다다1904,in_age_003,23
2010,다다1904,in_age_004,19
2010,다다1904,in_age_005,13
2010,다다1904,in_age_006,18
2010,다다1904,in_age_007,13
2010,다다1904,in_age_008,13
2010,다다1904,in_age_009,25
2010,다다1904,in_age_010,26
2010,다다1904,in_age_011,18
2010,다다1904,in_age_012,18
2010,다다1904,in_age_013,8
2010,다다1904,in_age_014,8
2010,다다1904,in_age_015,5
2010,다다1904,in_age_016,5
2010,다다1904,in_age_017,5
2010,다다1904,in_age_018,5
2010,다다1904,in_age_019,5
2010,다다1904,in_age_031,5
2010,다다1904,in_age_032,5
2010,다다1904,in_age_033,13
2010,다다1904,in_age_034,11
2010,다다1904,in_age_035,8
2010,다다1904,in_age_036,8
2010,다다1904,in_age_037,5
2010,다다1904,in_age_038,5
2010,다다1904,in_age_039,13
2010,다다1904,in_age_040,16
2010,다다1904,in_age_041,8
2010,다다1904,in_age_042,8
2010,다다1904,in_age_043,5
2010,다다1904,in_age_044,8
2010,다다1904,in_age_045,5
2010,다다1904,in_age_046,5
2010,다다1904,in_age_047,0
2010,다다1904,in_age_061,8
2010,다다1904,in_age_062,8
2010,다다1904,in_age_063,8
2010,다다1904,in_age_064,13
2010,다다1904,in_age_065,8
2010,다다1904,in_age_066,8
2010,다다1904,in_age_067,8
2010,다다1904,in_age_068,8
2010,다다1904,in_age_069,12
2010,다다1904,in_age_070,13
2010,다다1904,in_age_071,13
2010,다다1904,in_age_072,8
2010,다다1904,in_age_073,8
2010,다다1904,in_age_074,5
2010,다다1904,in_age_076,0
2010,다다1904,in_age_077,5
2010,다다1904,in_age_078,5
2010,다다1904,in_age_079,5
2010,다다1904,to_in_001,239
2010,다다1904,to_in_007,117
2010,다다1904,to_in_008,120
2010,다다1905,in_age_001,78
2010,다다1905,in_age_002,103
2010,다다1905,in_age_003,137
2010,다다1905,in_age_004,124
2010,다다1905,in_age_005,83
2010,다다1905,in_age_006,98
2010,다다1905,in_age_007,137
2010,다다1905,in_age_008,130
2010,다다1905,in_age_009,124
2010,다다1905,in_age_010,143
2010,다다1905,in_age_011,138
2010,다다1905,in_age_012,124
2010,다다1905,in_age_013,145
2010,다다1905,in_age_014,108
2010,다다1905,in_age_015,108
2010,다다1905,in_age_016,93
2010,다다1905,in_age_017,38
2010,다다1905,in_age_018,28
2010,다다1905,in_age_019,8
2010,다다1905,in_age_020,5
2010,다다1905,in_age_021,5
2010,다다1905,in_age_031,38
2010,다다1905,in_age_032,43
2010,다다1905,in_age_033,78
2010,다다1905,in_age_034,58
2010,다다1905,in_age_035,38
2010,다다1905,in_age_036,48
2010,다다1905,in_age_037,77
2010,다다1905,in_age_038,70
2010,다다1905,in_age_039,58
2010,다다1905,in_age_040,78
2010,다다1905,in_age_041,73
2010,다다1905,in_age_042,59
2010,다다1905,in_age_043,63
2010,다다1905,in_age_044,53
2010,다다1905,in_age_045,38
2010,다다1905,in_age_046,33
2010,다다1905,in_age_047,8
2010,다다1905,in_age_048,0
2010,다다1905,in_age_050,0
2010,다다1905,in_age_061,38
2010,다다1905,in_age_062,63
2010,다다1905,in_age_063,62
2010,다다1905,in_age_064,69
2010,다다1905,in_age_065,43
2010,다다1905,in_age_066,53
2010,다다1905,in_age_067,63
2010,다다1905,in_age_068,63
2010,다다1905,in_age_069,64
2010,다다1905,in_age_070,63
2010,다다1905,in_age_071,63
2010,다다1905,in_age_072,63
2010,다다1905,in_age_073,80
2010,다다1905,in_age_074,58
2010,다다1905,in_age_075,68
2010,다다1905,in_age_076,58
2010,다다1905,in_age_077,33
2010,다다1905,in_age_078,28
2010,다다1905,in_age_079,8
2010,다다1905,in_age_080,5
2010,다다1905,in_age_081,5
2010,다다1905,to_in_001,1948
2010,다다1905,to_in_007,915
2010,다다1905,to_in_008,1036
2010,다다1906,in_age_003,0
2010,다다1906,in_age_004,5
2010,다다1906,in_age_005,0
2010,다다1906,in_age_007,5
2010,다다1906,in_age_008,0
2010,다다1906,in_age_010,0
2010,다다1906,in_age_011,5
2010,다다1906,in_age_014,0
2010,다다1906,in_age_017,5
2010,다다1906,in_age_033,0
2010,다다1906,in_age_038,0
2010,다다1906,in_age_040,0
2010,다다1906,in_age_041,5
2010,다다1906,in_age_064,5
2010,다다1906,in_age_065,0
2010,다다1906,in_age_067,5
2010,다다1906,in_age_071,0
2010,다다1906,in_age_074,0
2010,다다1906,in_age_077,5
2010,다다1906,to_in_001,13
2010,다다1906,to_in_007,5
2010,다다1906,to_in_008,8
2010,다다2000,in_age_007,0
2010,다다2000,in_age_010,5
2010,다다2000,in_age_011,5
2010,다다2000,in_age_013,5
2010,다다2000,in_age_014,5
2010,다다2000,in_age_037,0
2010,다다2000,in_age_040,5
2010,다다2000,in_age_041,5
2010,다다2000,in_age_043,5
2010,다다2000,in_age_044,0
2010,다다2000,in_age_074,0
2010,다다2000,to_in_001,13
2010,다다2000,to_in_007,8
2010,다다2000,to_in_008,0
2010,다다2001,in_age_006,0
2010,다다2001,in_age_013,0
2010,다다2001,in_age_036,0
2010,다다2001,in_age_043,0
2010,다다2001,to_in_001,5
2010,다다2001,to_in_007,5
2010,다다2001,to_in_008,0
2010,다다2002,in_age_002,5
2010,다다2002,in_age_003,5
2010,다다2002,in_age_004,5
2010,다다2002,in_age_005,0
2010,다다2002,in_age_006,0
2010,다다2002,in_age_008,5
2010,다다2002,in_age_009,5
2010,다다2002,in_age_010,0
2010,다다2002,in_age_011,5
2010,다다2002,in_age_015,0
2010,다다2002,in_age_018,0
2010,다다2002,in_age_019,0
2010,다다2002,in_age_032,0
2010,다다2002,in_age_035,0
2010,다다2002,in_age_036,0
2010,다다2002,in_age_038,5
2010,다다2002,in_age_039,0
2010,다다2002,in_age_040,0
2010,다다2002,in_age_041,5
2010,다다2002,in_age_049,0
2010,다다2002,in_age_062,0
2010,다다2002,in_age_063,5
2010,다다2002,in_age_064,5
2010,다다2002,in_age_068,0
2010,다다2002,in_age_069,0
2010,다다2002,in_age_075,0
2010,다다2002,in_age_078,0
2010,다다2002,to_in_001,18
2010,다다2002,to_in_007,8
2010,다다2002,to_in_008,8
2010,다다2003,in_age_001,8
2010,다다2003,in_age_002,13
2010,다다2003,in_age_003,5
2010,다다2003,in_age_004,5
2010,다다2003,in_age_005,8
2010,다다2003,in_age_006,5
2010,다다2003,in_age_007,5
2010,다다2003,in_age_008,13
2010,다다2003,in_age_009,8
2010,다다2003,in_age_010,8
2010,다다2003,in_age_011,5
2010,다다2003,in_age_012,8
2010,다다2003,in_age_013,5
2010,다다2003,in_age_014,8
2010,다다2003,in_age_015,8
2010,다다2003,in_age_016,5
2010,다다2003,in_age_017,5
2010,다다2003,in_age_018,0
2010,다다2003,in_age_020,0
2010,다다2003,in_age_031,8
2010,다다2003,in_age_032,5
2010,다다2003,in_age_033,5
2010,다다2003,in_age_034,5
2010,다다2003,in_age_035,8
2010,다다2003,in_age_036,5
2010,다다2003,in_age_037,5
2010,다다2003,in_age_038,8
2010,다다2003,in_age_039,8
2010,다다2003,in_age_040,5
2010,다다2003,in_age_042,8
2010,다다2003,in_age_043,0
2010,다다2003,in_age_044,5
2010,다다2003,in_age_045,5
2010,다다2003,in_age_046,5
2010,다다2003,in_age_047,0
2010,다다2003,in_age_050,0
2010,다다2003,in_age_061,5
2010,다다2003,in_age_062,8
2010,다다2003,in_age_063,0
2010,다다2003,in_age_064,5
2010,다다2003,in_age_066,5
2010,다다2003,in_age_067,5
2010,다다2003,in_age_068,8
2010,다다2003,in_age_069,5
2010,다다2003,in_age_070,0
2010,다다2003,in_age_071,5
2010,다다2003,in_age_072,8
2010,다다2003,in_age_073,5
2010,다다2003,in_age_074,5
2010,다다2003,in_age_075,5
2010,다다2003,in_age_076,5
2010,다다2003,in_age_077,5
2010,다다2003,in_age_078,0
2010,다다2003,to_in_001,108
2010,다다2003,to_in_007,58
2010,다다2003,to_in_008,53
2010,다다2004,in_age_001,13
2010,다다2004,in_age_002,26
2010,다다2004,in_age_003,33
2010,다다2004,in_age_004,18
2010,다다2004,in_age_005,8
2010,다다2004,in_age_006,18
2010,다다2004,in_age_007,21
2010,다다2004,in_age_008,32
2010,다다2004,in_age_009,28
2010,다다2004,in_age_010,23
2010,다다2004,in_age_011,23
2010,다다2004,in_age_012,13
2010,다다2004,in_age_013,13
2010,다다2004,in_age_014,8
2010,다다2004,in_age_015,8
2010,다다2004,in_age_016,5
2010,다다2004,in_age_017,0
2010,다다2004,in_age_031,8
2010,다다2004,in_age_032,9
2010,다다2004,in_age_033,23
2010,다다2004,in_age_034,8
2010,다다2004,in_age_035,8
2010,다다2004,in_age_036,8
2010,다다2004,in_age_037,13
2010,다다2004,in_age_038,17
2010,다다2004,in_age_039,16
2010,다다2004,in_age_040,13
2010,다다2004,in_age_041,8
2010,다다2004,in_age_042,8
2010,다다2004,in_age_043,8
2010,다다2004,in_age_044,5
2010,다다2004,in_age_045,5
2010,다다2004,in_age_061,8
2010,다다2004,in_age_062,14
2010,다다2004,in_age_063,8
2010,다다2004,in_age_064,8
2010,다다2004,in_age_065,5
2010,다다2004,in_age_066,13
2010,다다2004,in_age_067,13
2010,다다2004,in_age_068,15
2010,다다2004,in_age_069,15
2010,다다2004,in_age_070,13
2010,다다2004,in_age_071,13
2010,다다2004,in_age_072,5
2010,다다2004,in_age_073,5
2010,다다2004,in_age_074,5
2010,다다2004,in_age_075,8
2010,다다2004,in_age_076,5
2010,다다2004,in_age_077,0
2010,다다2004,to_in_001,288
2010,다다2004,to_in_007,149
2010,다다2004,to_in_008,137
2010,다다2005,in_age_001,110
2010,다다2005,in_age_002,112
2010,다다2005,in_age_003,132
2010,다다2005,in_age_004,78
2010,다다2005,in_age_005,59
2010,다다2005,in_age_006,76
2010,다다2005,in_age_007,107
2010,다다2005,in_age_008,161
2010,다다2005,in_age_009,152
2010,다다2005,in_age_010,107
2010,다다2005,in_age_011,101
2010,다다2005,in_age_012,73
2010,다다2005,in_age_013,69
2010,다다2005,in_age_014,69
2010,다다2005,in_age_015,43
2010,다다2005,in_age_016,38
2010,다다2005,in_age_017,18
2010,다다2005,in_age_018,13
2010,다다2005,in_age_019,5
2010,다다2005,in_age_020,5
2010,다다2005,in_age_021,0
2010,다다2005,in_age_031,49
2010,다다2005,in_age_032,69
2010,다다2005,in_age_033,57
2010,다다2005,in_age_034,40
2010,다다2005,in_age_035,24
2010,다다2005,in_age_036,36
2010,다다2005,in_age_037,54
2010,다다2005,in_age_038,84
2010,다다2005,in_age_039,75
2010,다다2005,in_age_040,48
2010,다다2005,in_age_041,53
2010,다다2005,in_age_042,33
2010,다다2005,in_age_043,35
2010,다다2005,in_age_044,34
2010,다다2005,in_age_045,23
2010,다다2005,in_age_046,13
2010,다다2005,in_age_047,5
2010,다다2005,in_age_048,5
2010,다다2005,in_age_049,0
2010,다다2005,in_age_050,5
2010,다다2005,in_age_061,59
2010,다다2005,in_age_062,41
2010,다다2005,in_age_063,78
2010,다다2005,in_age_064,41
2010,다다2005,in_age_065,38
2010,다다2005,in_age_066,38
2010,다다2005,in_age_067,51
2010,다다2005,in_age_068,75
2010,다다2005,in_age_069,75
2010,다다2005,in_age_070,62
2010,다다2005,in_age_071,46
2010,다다2005,in_age_072,38
2010,다다2005,in_age_073,32
2010,다다2005,in_age_074,38
2010,다다2005,in_age_075,23
2010,다다2005,in_age_076,23
2010,다다2005,in_age_077,18
2010,다다2005,in_age_078,8
2010,다다2005,in_age_079,5
2010,다다2005,in_age_080,0
2010,다다2005,in_age_081,0
2010,다다2005,to_in_001,1527
2010,다다2005,to_in_007,737
2010,다다2005,to_in_008,788
2010,다다2006,in_age_002,0
2010,다다2006,in_age_003,8
2010,다다2006,in_age_004,8
2010,다다2006,in_age_005,5
2010,다다2006,in_age_006,8
2010,다다2006,in_age_007,5
2010,다다2006,in_age_008,5
2010,다다2006,in_age_009,5
2010,다다2006,in_age_010,5
2010,다다2006,in_age_011,8
2010,다다2006,in_age_012,5
2010,다다2006,in_age_014,0
2010,다다2006,in_age_015,5
2010,다다2006,in_age_016,8
2010,다다2006,in_age_017,0
2010,다다2006,in_age_018,5
2010,다다2006,in_age_019,0
2010,다다2006,in_age_020,0
2010,다다2006,in_age_032,0
2010,다다2006,in_age_033,5
2010,다다2006,in_age_034,8
2010,다다2006,in_age_035,5
2010,다다2006,in_age_036,5
2010,다다2006,in_age_037,5
2010,다다2006,in_age_038,5
2010,다다2006,in_age_039,5
2010,다다2006,in_age_040,5
2010,다다2006,in_age_041,8
2010,다다2006,in_age_042,5
2010,다다2006,in_age_045,0
2010,다다2006,in_age_046,5
2010,다다2006,in_age_050,0
2010,다다2006,in_age_063,5
2010,다다2006,in_age_064,5
2010,다다2006,in_age_065,5
2010,다다2006,in_age_066,8
2010,다다2006,in_age_068,0
2010,다다2006,in_age_069,0
2010,다다2006,in_age_070,5
2010,다다2006,in_age_071,5
2010,다다2006,in_age_072,5
2010,다다2006,in_age_074,0
2010,다다2006,in_age_075,5
2010,다다2006,in_age_076,8
2010,다다2006,in_age_077,0
2010,다다2006,in_age_078,5
2010,다다2006,in_age_079,0
2010,다다2006,to_in_001,68
2010,다다2006,to_in_007,33
2010,다다2006,to_in_008,33
2010,다다2007,in_age_008,5
2010,다다2007,in_age_038,5
2010,다다2007,to_in_001,5
2010,다다2007,to_in_007,5
2010,다다2007,to_in_008,0
2010,다다2071,in_age_001,5
2010,다다2071,in_age_002,5
2010,다다2071,in_age_003,5
2010,다다2071,in_age_005,5
2010,다다2071,in_age_007,5
2010,다다2071,in_age_008,5
2010,다다2071,in_age_009,5
2010,다다2071,in_age_010,8
2010,다다2071,in_age_011,5
2010,다다2071,in_age_013,8
2010,다다2071,in_age_014,8
2010,다다2071,in_age_015,5
2010,다다2071,in_age_016,5
2010,다다2071,in_age_017,5
2010,다다2071,in_age_018,5
2010,다다2071,in_age_019,5
2010,다다2071,in_age_031,5
2010,다다2071,in_age_032,5
2010,다다2071,in_age_033,0
2010,다다2071,in_age_035,5
2010,다다2071,in_age_037,5
2010,다다2071,in_age_038,5
2010,다다2071,in_age_039,5
2010,다다2071,in_age_040,0
2010,다다2071,in_age_041,5
2010,다다2071,in_age_043,0
2010,다다2071,in_age_044,8
2010,다다2071,in_age_045,5
2010,다다2071,in_age_046,5
2010,다다2071,in_age_047,5
2010,다다2071,in_age_062,0
2010,다다2071,in_age_063,5
2010,다다2071,in_age_065,0
2010,다다2071,in_age_067,5
2010,다다2071,in_age_069,5
2010,다다2071,in_age_070,8
2010,다다2071,in_age_071,5
2010,다다2071,in_age_073,8
2010,다다2071,in_age_074,5
2010,다다2071,in_age_075,0
2010,다다2071,in_age_076,5
2010,다다2071,in_age_077,5
2010,다다2071,in_age_078,5
2010,다다2071,in_age_079,5
2010,다다2071,to_in_001,63
2010,다다2071,to_in_007,28
2010,다다2071,to_in_008,33
2010,다다2072,in_age_001,0
2010,다다2072,in_age_002,0
2010,다다2072,in_age_003,0
2010,다다2072,in_age_004,0
2010,다다2072,in_age_005,0
2010,다다2072,in_age_008,5
2010,다다2072,in_age_009,5
2010,다다2072,in_age_012,0
2010,다다2072,in_age_013,5
2010,다다2072,in_age_014,8
2010,다다2072,in_age_015,8
2010,다다2072,in_age_016,8
2010,다다2072,in_age_017,0
2010,다다2072,in_age_018,5
2010,다다2072,in_age_019,0
2010,다다2072,in_age_031,0
2010,다다2072,in_age_033,0
2010,다다2072,in_age_034,0
2010,다다2072,in_age_038,5
2010,다다2072,in_age_039,5
2010,다다2072,in_age_043,0
2010,다다2072,in_age_044,0
2010,다다2072,in_age_045,5
2010,다다2072,in_age_046,5
2010,다다2072,in_age_062,0
2010,다다2072,in_age_065,0
2010,다다2072,in_age_068,0
2010,다다2072,in_age_069,0
2010,다다2072,in_age_072,0
2010,다다2072,in_age_073,0
2010,다다2072,in_age_074,5
2010,다다2072,in_age_075,8
2010,다다2072,in_age_076,5
2010,다다2072,in_age_077,0
2010,다다2072,in_age_078,5
2010,다다2072,in_age_079,0
2010,다다2072,to_in_001,38
2010,다다2072,to_in_007,18
2010,다다2072,to_in_008,23
2010,다다2073,in_age_001,5
2010,다다2073,in_age_002,0
2010,다다2073,in_age_003,5
2010,다다2073,in_age_005,5
2010,다다2073,in_age_006,8
2010,다다2073,in_age_007,5
2010,다다2073,in_age_008,8
2010,다다2073,in_age_009,0
2010,다다2073,in_age_010,8
2010,다다2073,in_age_011,13
2010,다다2073,in_age_012,13
2010,다다2073,in_age_013,18
2010,다다2073,in_age_014,13
2010,다다2073,in_age_015,8
2010,다다2073,in_age_016,13
2010,다다2073,in_age_017,8
2010,다다2073,in_age_018,8
2010,다다2073,in_age_020,0
2010,다다2073,in_age_031,0
2010,다다2073,in_age_033,5
2010,다다2073,in_age_035,5
2010,다다2073,in_age_036,5
2010,다다2073,in_age_037,0
2010,다다2073,in_age_038,8
2010,다다2073,in_age_039,0
2010,다다2073,in_age_040,5
2010,다다2073,in_age_041,8
2010,다다2073,in_age_042,8
2010,다다2073,in_age_043,8
2010,다다2073,in_age_044,5
2010,다다2073,in_age_045,5
2010,다다2073,in_age_046,5
2010,다다2073,in_age_047,0
2010,다다2073,in_age_048,5
2010,다다2073,in_age_061,5
2010,다다2073,in_age_062,0
2010,다다2073,in_age_066,0
2010,다다2073,in_age_067,0
2010,다다2073,in_age_068,5
2010,다다2073,in_age_070,5
2010,다다2073,in_age_071,8
2010,다다2073,in_age_072,5
2010,다다2073,in_age_073,8
2010,다다2073,in_age_074,8
2010,다다2073,in_age_075,8
2010,다다2073,in_age_076,8
2010,다다2073,in_age_077,5
2010,다다2073,in_age_078,5
2010,다다2073,in_age_080,0
2010,다다2073,to_in_001,118
2010,다다2073,to_in_007,58
2010,다다2073,to_in_008,63
2010,다다2076,in_age_003,0
2010,다다2076,in_age_004,0
2010,다다2076,in_age_006,0
2010,다다2076,in_age_008,5
2010,다다2076,in_age_009,5
2010,다다2076,in_age_010,5
2010,다다2076,in_age_011,5
2010,다다2076,in_age_013,0
2010,다다2076,in_age_033,0
2010,다다2076,in_age_036,0
2010,다다2076,in_age_038,5
2010,다다2076,in_age_039,5
2010,다다2076,in_age_041,0
2010,다다2076,in_age_043,0
2010,다다2076,in_age_064,0
2010,다다2076,in_age_069,0
2010,다다2076,in_age_070,5
2010,다다2076,in_age_071,0
2010,다다2076,to_in_001,13
2010,다다2076,to_in_007,8
2010,다다2076,to_in_008,5
2010,다다2077,in_age_004,0
2010,다다2077,in_age_005,0
2010,다다2077,in_age_009,5
2010,다다2077,in_age_010,5
2010,다다2077,in_age_011,5
2010,다다2077,in_age_034,0
2010,다다2077,in_age_035,0
2010,다다2077,in_age_039,0
2010,다다2077,in_age_040,5
2010,다다2077,in_age_041,5
2010,다다2077,in_age_069,5
2010,다다2077,in_age_070,0
2010,다다2077,in_age_071,0
2010,다다2077,to_in_001,8
2010,다다2077,to_in_007,8
2010,다다2077,to_in_008,5
2010,다다2079,in_age_001,8
2010,다다2079,in_age_002,5
2010,다다2079,in_age_003,5
2010,다다2079,in_age_005,5
2010,다다2079,in_age_006,5
2010,다다2079,in_age_007,5
2010,다다2079,in_age_008,8
2010,다다2079,in_age_009,8
2010,다다2079,in_age_010,8
2010,다다2079,in_age_012,5
2010,다다2079,in_age_013,0
2010,다다2079,in_age_014,8
2010,다다2079,in_age_015,8
2010,다다2079,in_age_016,8
2010,다다2079,in_age_017,0
2010,다다2079,in_age_031,8
2010,다다2079,in_age_032,5
2010,다다2079,in_age_033,5
2010,다다2079,in_age_035,5
2010,다다2079,in_age_036,5
2010,다다2079,in_age_037,5
2010,다다2079,in_age_038,5
2010,다다2079,in_age_039,5
2010,다다2079,in_age_040,8
2010,다다2079,in_age_042,5
2010,다다2079,in_age_044,8
2010,다다2079,in_age_045,5
2010,다다2079,in_age_046,5
2010,다다2079,in_age_047,0
2010,다다2079,in_age_061,5
2010,다다2079,in_age_063,0
2010,다다2079,in_age_066,0
2010,다다2079,in_age_068,5
2010,다다2079,in_age_069,5
2010,다다2079,in_age_072,0
2010,다다2079,in_age_073,0
2010,다다2079,in_age_074,5
2010,다다2079,in_age_075,8
2010,다다2079,in_age_076,8
2010,다다2079,to_in_001,78
2010,다다2079,to_in_007,43
2010,다다2079,to_in_008,33
2010,다다2098,in_age_014,5
2010,다다2098,in_age_074,5
2010,다다2098,to_in_001,5
2010,다다2098,to_in_007,0
2010,다다2098,to_in_008,5
2010,다다2100,in_age_001,5
2010,다다2100,in_age_002,0
2010,다다2100,in_age_003,0
2010,다다2100,in_age_004,5
2010,다다2100,in_age_005,5
2010,다다2100,in_age_006,5
2010,다다2100,in_age_007,5
2010,다다2100,in_age_008,0
2010,다다2100,in_age_009,8
2010,다다2100,in_age_010,5
2010,다다2100,in_age_011,8
2010,다다2100,in_age_012,5
2010,다다2100,in_age_013,5
2010,다다2100,in_age_014,5
2010,다다2100,in_age_015,5
2010,다다2100,in_age_016,0
2010,다다2100,in_age_017,5
2010,다다2100,in_age_031,0
2010,다다2100,in_age_032,0
2010,다다2100,in_age_034,0
2010,다다2100,in_age_035,5
2010,다다2100,in_age_036,5
2010,다다2100,in_age_037,0
2010,다다2100,in_age_038,0
2010,다다2100,in_age_039,5
2010,다다2100,in_age_040,5
2010,다다2100,in_age_041,5
2010,다다2100,in_age_042,5
2010,다다2100,in_age_043,5
2010,다다2100,in_age_044,5
2010,다다2100,in_age_045,0
2010,다다2100,in_age_061,0
2010,다다2100,in_age_063,0
2010,다다2100,in_age_064,0
2010,다다2100,in_age_065,0
2010,다다2100,in_age_067,0
2010,다다2100,in_age_069,5
2010,다다2100,in_age_070,0
2010,다다2100,in_age_071,5
2010,다다2100,in_age_072,5
2010,다다2100,in_age_074,5
2010,다다2100,in_age_075,5
2010,다다2100,in_age_076,0
2010,다다2100,in_age_077,5
2010,다다2100,to_in_001,48
2010,다다2100,to_in_007,28
2010,다다2100,to_in_008,23
2010,다다2101,in_age_001,5
2010,다다2101,in_age_002,5
2010,다다2101,in_age_003,5
2010,다다2101,in_age_004,0
2010,다다2101,in_age_005,5
2010,다다2101,in_age_006,8
2010,다다2101,in_age_007,5
2010,다다2101,in_age_008,8
2010,다다2101,in_age_009,8
2010,다다2101,in_age_010,5
2010,다다2101,in_age_011,8
2010,다다2101,in_age_012,8
2010,다다2101,in_age_013,8
2010,다다2101,in_age_014,5
2010,다다2101,in_age_015,5
2010,다다2101,in_age_016,5
2010,다다2101,in_age_017,5
2010,다다2101,in_age_018,5
2010,다다2101,in_age_019,0
2010,다다2101,in_age_020,0
2010,다다2101,in_age_031,5
2010,다다2101,in_age_032,5
2010,다다2101,in_age_035,0
2010,다다2101,in_age_036,5
2010,다다2101,in_age_037,0
2010,다다2101,in_age_038,5
2010,다다2101,in_age_039,5
2010,다다2101,in_age_040,5
2010,다다2101,in_age_041,8
2010,다다2101,in_age_042,8
2010,다다2101,in_age_043,5
2010,다다2101,in_age_044,5
2010,다다2101,in_age_046,0
2010,다다2101,in_age_061,0
2010,다다2101,in_age_063,5
2010,다다2101,in_age_064,0
2010,다다2101,in_age_065,5
2010,다다2101,in_age_066,5
2010,다다2101,in_age_067,5
2010,다다2101,in_age_068,5
2010,다다2101,in_age_069,5
2010,다다2101,in_age_070,5
2010,다다2101,in_age_071,5
2010,다다2101,in_age_072,5
2010,다다2101,in_age_073,5
2010,다다2101,in_age_074,0
2010,다다2101,in_age_075,5
2010,다다2101,in_age_076,5
2010,다다2101,in_age_077,5
2010,다다2101,in_age_078,5
2010,다다2101,in_age_079,0
2010,다다2101,in_age_080,0
2010,다다2101,to_in_001,83
2010,다다2101,to_in_007,38
2010,다다2101,to_in_008,43
2010,다다2102,in_age_003,5
2010,다다2102,in_age_007,5
2010,다다2102,in_age_008,5
2010,다다2102,in_age_009,5
2010,다다2102,in_age_010,5
2010,다다2102,in_age_011,5
2010,다다2102,in_age_012,0
2010,다다2102,in_age_014,0
2010,다다2102,in_age_015,0
2010,다다2102,in_age_016,5
2010,다다2102,in_age_017,0
2010,다다2102,in_age_018,5
2010,다다2102,in_age_033,0
2010,다다2102,in_age_037,5
2010,다다2102,in_age_039,5
2010,다다2102,in_age_040,5
2010,다다2102,in_age_041,0
2010,다다2102,in_age_042,0
2010,다다2102,in_age_044,0
2010,다다2102,in_age_045,0
2010,다다2102,in_age_047,0
2010,다다2102,in_age_063,0
2010,다다2102,in_age_068,5
2010,다다2102,in_age_069,0
2010,다다2102,in_age_071,5
2010,다다2102,in_age_076,5
2010,다다2102,in_age_078,5
2010,다다2102,to_in_001,18
2010,다다2102,to_in_007,8
2010,다다2102,to_in_008,8
2010,다다2103,in_age_001,5
2010,다다2103,in_age_002,0
2010,다다2103,in_age_003,0
2010,다다2103,in_age_005,0
2010,다다2103,in_age_006,0
2010,다다2103,in_age_007,5
2010,다다2103,in_age_008,5
2010,다다2103,in_age_010,5
2010,다다2103,in_age_011,5
2010,다다2103,in_age_012,5
2010,다다2103,in_age_013,5
2010,다다2103,in_age_014,5
2010,다다2103,in_age_015,0
2010,다다2103,in_age_017,0
2010,다다2103,in_age_032,0
2010,다다2103,in_age_035,0
2010,다다2103,in_age_036,0
2010,다다2103,in_age_037,0
2010,다다2103,in_age_038,5
2010,다다2103,in_age_040,0
2010,다다2103,in_age_041,0
2010,다다2103,in_age_042,5
2010,다다2103,in_age_043,5
2010,다다2103,in_age_061,5
2010,다다2103,in_age_063,0
2010,다다2103,in_age_067,5
2010,다다2103,in_age_070,0
2010,다다2103,in_age_071,5
2010,다다2103,in_age_072,0
2010,다다2103,in_age_073,0
2010,다다2103,in_age_074,5
2010,다다2103,in_age_075,0
2010,다다2103,in_age_077,0
2010,다다2103,to_in_001,28
2010,다다2103,to_in_007,13
2010,다다2103,to_in_008,18
2010,다다2104,in_age_007,0
2010,다다2104,in_age_008,0
2010,다다2104,in_age_014,8
2010,다다2104,in_age_037,0
2010,다다2104,in_age_038,0
2010,다다2104,in_age_044,5
2010,다다2104,in_age_074,5
2010,다다2104,to_in_001,8
2010,다다2104,to_in_007,5
2010,다다2104,to_in_008,5
2010,다다2105,in_age_001,8
2010,다다2105,in_age_002,5
2010,다다2105,in_age_003,8
2010,다다2105,in_age_004,8
2010,다다2105,in_age_005,8
2010,다다2105,in_age_006,13
2010,다다2105,in_age_007,8
2010,다다2105,in_age_008,8
2010,다다2105,in_age_009,13
2010,다다2105,in_age_010,13
2010,다다2105,in_age_011,13
2010,다다2105,in_age_012,18
2010,다다2105,in_age_013,5
2010,다다2105,in_age_014,8
2010,다다2105,in_age_015,5
2010,다다2105,in_age_016,0
2010,다다2105,in_age_017,5
2010,다다2105,in_age_018,5
2010,다다2105,in_age_019,5
2010,다다2105,in_age_031,5
2010,다다2105,in_age_032,0
2010,다다2105,in_age_033,5
2010,다다2105,in_age_034,5
2010,다다2105,in_age_035,5
2010,다다2105,in_age_036,8
2010,다다2105,in_age_037,5
2010,다다2105,in_age_038,5
2010,다다2105,in_age_039,5
2010,다다2105,in_age_040,5
2010,다다2105,in_age_041,5
2010,다다2105,in_age_042,8
2010,다다2105,in_age_043,5
2010,다다2105,in_age_044,8
2010,다다2105,in_age_045,0
2010,다다2105,in_age_046,0
2010,다다2105,in_age_047,0
2010,다다2105,in_age_061,5
2010,다다2105,in_age_062,5
2010,다다2105,in_age_063,5
2010,다다2105,in_age_064,5
2010,다다2105,in_age_065,5
2010,다다2105,in_age_066,5
2010,다다2105,in_age_067,5
2010,다다2105,in_age_068,5
2010,다다2105,in_age_069,8
2010,다다2105,in_age_070,8
2010,다다2105,in_age_071,8
2010,다다2105,in_age_072,8
2010,다다2105,in_age_073,5
2010,다다2105,in_age_074,5
2010,다다2105,in_age_075,0
2010,다다2105,in_age_077,0
2010,다다2105,in_age_078,5
2010,다다2105,in_age_079,5
2010,다다2105,to_in_001,133
2010,다다2105,to_in_007,68
2010,다다2105,to_in_008,68
2010,다다2106,in_age_001,18
2010,다다2106,in_age_002,13
2010,다다2106,in_age_003,18
2010,다다2106,in_age_004,48
2010,다다2106,in_age_005,28
2010,다다2106,in_age_006,38
2010,다다2106,in_age_007,28
2010,다다2106,in_age_008,28
2010,다다2106,in_age_009,23
2010,다다2106,in_age_010,43
2010,다다2106,in_age_011,53
2010,다다2106,in_age_012,33
2010,다다2106,in_age_013,33
2010,다다2106,in_age_014,38
2010,다다2106,in_age_015,49
2010,다다2106,in_age_016,33
2010,다다2106,in_age_017,13
2010,다다2106,in_age_018,13
2010,다다2106,in_age_019,8
2010,다다2106,in_age_020,0
2010,다다2106,in_age_031,13
2010,다다2106,in_age_032,8
2010,다다2106,in_age_033,8
2010,다다2106,in_age_034,23
2010,다다2106,in_age_035,13
2010,다다2106,in_age_036,18
2010,다다2106,in_age_037,18
2010,다다2106,in_age_038,18
2010,다다2106,in_age_039,18
2010,다다2106,in_age_040,18
2010,다다2106,in_age_041,23
2010,다다2106,in_age_042,18
2010,다다2106,in_age_043,18
2010,다다2106,in_age_044,13
2010,다다2106,in_age_045,23
2010,다다2106,in_age_046,13
2010,다다2106,in_age_047,5
2010,다다2106,in_age_048,0
2010,다다2106,in_age_049,5
2010,다다2106,in_age_061,8
2010,다다2106,in_age_062,5
2010,다다2106,in_age_063,8
2010,다다2106,in_age_064,23
2010,다다2106,in_age_065,18
2010,다다2106,in_age_066,18
2010,다다2106,in_age_067,8
2010,다다2106,in_age_068,13
2010,다다2106,in_age_069,8
2010,다다2106,in_age_070,23
2010,다다2106,in_age_071,28
2010,다다2106,in_age_072,13
2010,다다2106,in_age_073,18
2010,다다2106,in_age_074,23
2010,다다2106,in_age_075,29
2010,다다2106,in_age_076,18
2010,다다2106,in_age_077,13
2010,다다2106,in_age_078,13
2010,다다2106,in_age_079,8
2010,다다2106,in_age_080,0
2010,다다2106,to_in_001,564
2010,다다2106,to_in_007,278
2010,다다2106,to_in_008,289
2010,다다2169,in_age_001,5
2010,다다2169,in_age_002,0
2010,다다2169,in_age_003,5
2010,다다2169,in_age_006,5
2010,다다2169,in_age_007,5
2010,다다2169,in_age_008,5
2010,다다2169,in_age_009,0
2010,다다2169,in_age_010,0
2010,다다2169,in_age_011,5
2010,다다2169,in_age_012,5
2010,다다2169,in_age_013,8
2010,다다2169,in_age_014,5
2010,다다2169,in_age_015,5
2010,다다2169,in_age_016,5
2010,다다2169,in_age_017,5
2010,다다2169,in_age_019,5
2010,다다2169,in_age_031,5
2010,다다2169,in_age_033,5
2010,다다2169,in_age_037,0
2010,다다2169,in_age_038,0
2010,다다2169,in_age_039,0
2010,다다2169,in_age_041,0
2010,다다2169,in_age_042,5
2010,다다2169,in_age_043,8
2010,다다2169,in_age_044,0
2010,다다2169,in_age_045,5
2010,다다2169,in_age_046,5
2010,다다2169,in_age_047,5
2010,다다2169,in_age_061,0
2010,다다2169,in_age_062,0
2010,다다2169,in_age_066,5
2010,다다2169,in_age_067,0
2010,다다2169,in_age_068,0
2010,다다2169,in_age_070,0
2010,다다2169,in_age_071,5
2010,다다2169,in_age_072,0
2010,다다2169,in_age_073,5
2010,다다2169,in_age_074,0
2010,다다2169,in_age_075,5
2010,다다2169,in_age_076,5
2010,다다2169,in_age_077,5
2010,다다2169,in_age_079,5
2010,다다2169,to_in_001,38
2010,다다2169,to_in_007,18
2010,다다2169,to_in_008,23
2010,다다2170,in_age_005,5
2010,다다2170,in_age_007,0
2010,다다2170,in_age_008,0
2010,다다2170,in_age_010,0
2010,다다2170,in_age_011,5
2010,다다2170,in_age_012,8
2010,다다2170,in_age_013,0
2010,다다2170,in_age_014,5
2010,다다2170,in_age_015,0
2010,다다2170,in_age_016,5
2010,다다2170,in_age_018,0
2010,다다2170,in_age_035,5
2010,다다2170,in_age_037,0
2010,다다2170,in_age_038,0
2010,다다2170,in_age_041,5
2010,다다2170,in_age_042,5
2010,다다2170,in_age_044,5
2010,다다2170,in_age_045,0
2010,다다2170,in_age_046,0
2010,다다2170,in_age_048,0
2010,다다2170,in_age_070,0
2010,다다2170,in_age_071,0
2010,다다2170,in_age_072,5
2010,다다2170,in_age_073,0
2010,다다2170,in_age_074,5
2010,다다2170,in_age_076,5
2010,다다2170,to_in_001,18
2010,다다2170,to_in_007,13
2010,다다2170,to_in_008,8
2010,다다2171,in_age_001,8
2010,다다2171,in_age_002,8
2010,다다2171,in_age_003,5
2010,다다2171,in_age_004,5
2010,다다2171,in_age_005,0
2010,다다2171,in_age_006,8
2010,다다2171,in_age_007,5
2010,다다2171,in_age_008,5
2010,다다2171,in_age_009,8
2010,다다2171,in_age_010,18
2010,다다2171,in_age_011,13
2010,다다2171,in_age_012,8
2010,다다2171,in_age_013,8
2010,다다2171,in_age_014,23
2010,다다2171,in_age_015,28
2010,다다2171,in_age_016,23
2010,다다2171,in_age_017,18
2010,다다2171,in_age_018,8
2010,다다2171,in_age_019,5
2010,다다2171,in_age_031,5
2010,다다2171,in_age_032,5
2010,다다2171,in_age_033,0
2010,다다2171,in_age_034,5
2010,다다2171,in_age_035,0
2010,다다2171,in_age_036,5
2010,다다2171,in_age_037,5
2010,다다2171,in_age_038,0
2010,다다2171,in_age_039,5
2010,다다2171,in_age_040,8
2010,다다2171,in_age_041,8
2010,다다2171,in_age_042,8
2010,다다2171,in_age_043,5
2010,다다2171,in_age_044,8
2010,다다2171,in_age_045,8
2010,다다2171,in_age_046,8
2010,다다2171,in_age_047,5
2010,다다2171,in_age_048,5
2010,다다2171,in_age_061,5
2010,다다2171,in_age_062,5
2010,다다2171,in_age_063,5
2010,다다2171,in_age_066,8
2010,다다2171,in_age_067,5
2010,다다2171,in_age_068,0
2010,다다2171,in_age_069,5
2010,다다2171,in_age_070,8
2010,다다2171,in_age_071,8
2010,다다2171,in_age_072,5
2010,다다2171,in_age_073,8
2010,다다2171,in_age_074,13
2010,다다2171,in_age_075,18
2010,다다2171,in_age_076,13
2010,다다2171,in_age_077,18
2010,다다2171,in_age_078,5
2010,다다2171,in_age_079,5
2010,다다2171,to_in_001,178
2010,다다2171,to_in_007,73
2010,다다2171,to_in_008,108
2010,다다2174,in_age_001,5
2010,다다2174,in_age_002,0
2010,다다2174,in_age_003,8
2010,다다2174,in_age_004,5
2010,다다2174,in_age_006,5
2010,다다2174,in_age_007,5
2010,다다2174,in_age_008,8
2010,다다2174,in_age_009,8
2010,다다2174,in_age_010,5
2010,다다2174,in_age_011,8
2010,다다2174,in_age_012,8
2010,다다2174,in_age_013,8
2010,다다2174,in_age_014,13
2010,다다2174,in_age_015,8
2010,다다2174,in_age_016,8
2010,다다2174,in_age_017,8
2010,다다2174,in_age_020,0
2010,다다2174,in_age_031,5
2010,다다2174,in_age_032,0
2010,다다2174,in_age_033,8
2010,다다2174,in_age_034,5
2010,다다2174,in_age_036,0
2010,다다2174,in_age_038,8
2010,다다2174,in_age_039,5
2010,다다2174,in_age_040,0
2010,다다2174,in_age_041,0
2010,다다2174,in_age_042,8
2010,다다2174,in_age_043,5
2010,다다2174,in_age_044,8
2010,다다2174,in_age_045,5
2010,다다2174,in_age_046,5
2010,다다2174,in_age_047,5
2010,다다2174,in_age_061,0
2010,다다2174,in_age_063,5
2010,다다2174,in_age_066,0
2010,다다2174,in_age_067,5
2010,다다2174,in_age_068,5
2010,다다2174,in_age_069,5
2010,다다2174,in_age_070,0
2010,다다2174,in_age_071,8
2010,다다2174,in_age_072,8
2010,다다2174,in_age_073,5
2010,다다2174,in_age_074,5
2010,다다2174,in_age_075,5
2010,다다2174,in_age_076,5
2010,다다2174,in_age_077,5
2010,다다2174,in_age_080,0
2010,다다2174,to_in_001,93
2010,다다2174,to_in_007,48
2010,다다2174,to_in_008,43
2010,다다2175,in_age_001,8
2010,다다2175,in_age_002,18
2010,다다2175,in_age_003,18
2010,다다2175,in_age_004,13
2010,다다2175,in_age_005,8
2010,다다2175,in_age_006,8
2010,다다2175,in_age_007,13
2010,다다2175,in_age_008,23
2010,다다2175,in_age_009,28
2010,다다2175,in_age_010,33
2010,다다2175,in_age_011,48
2010,다다2175,in_age_012,38
2010,다다2175,in_age_013,33
2010,다다2175,in_age_014,53
2010,다다2175,in_age_015,38
2010,다다2175,in_age_016,28
2010,다다2175,in_age_017,13
2010,다다2175,in_age_018,13
2010,다다2175,in_age_019,5
2010,다다2175,in_age_031,5
2010,다다2175,in_age_032,8
2010,다다2175,in_age_033,13
2010,다다2175,in_age_034,5
2010,다다2175,in_age_035,5
2010,다다2175,in_age_036,8
2010,다다2175,in_age_037,8
2010,다다2175,in_age_038,13
2010,다다2175,in_age_039,13
2010,다다2175,in_age_040,13
2010,다다2175,in_age_041,28
2010,다다2175,in_age_042,18
2010,다다2175,in_age_043,13
2010,다다2175,in_age_044,28
2010,다다2175,in_age_045,13
2010,다다2175,in_age_046,8
2010,다다2175,in_age_047,5
2010,다다2175,in_age_048,0
2010,다다2175,in_age_061,8
2010,다다2175,in_age_062,8
2010,다다2175,in_age_063,8
2010,다다2175,in_age_064,8
2010,다다2175,in_age_065,5
2010,다다2175,in_age_066,8
2010,다다2175,in_age_067,5
2010,다다2175,in_age_068,13
2010,다다2175,in_age_069,13
2010,다다2175,in_age_070,18
2010,다다2175,in_age_071,18
2010,다다2175,in_age_072,23
2010,다다2175,in_age_073,23
2010,다다2175,in_age_074,23
2010,다다2175,in_age_075,23
2010,다다2175,in_age_076,23
2010,다다2175,in_age_077,8
2010,다다2175,in_age_078,8
2010,다다2175,in_age_079,5
2010,다다2175,to_in_001,433
2010,다다2175,to_in_007,193
2010,다다2175,to_in_008,238
2010,다다2176,in_age_003,5
2010,다다2176,in_age_004,25
2010,다다2176,in_age_005,0
2010,다다2176,in_age_006,8
2010,다다2176,in_age_007,0
2010,다다2176,in_age_008,8
2010,다다2176,in_age_009,5
2010,다다2176,in_age_010,5
2010,다다2176,in_age_011,8
2010,다다2176,in_age_012,8
2010,다다2176,in_age_013,8
2010,다다2176,in_age_014,8
2010,다다2176,in_age_015,13
2010,다다2176,in_age_016,8
2010,다다2176,in_age_017,5
2010,다다2176,in_age_018,5
2010,다다2176,in_age_033,5
2010,다다2176,in_age_034,11
2010,다다2176,in_age_036,5
2010,다다2176,in_age_037,0
2010,다다2176,in_age_038,5
2010,다다2176,in_age_039,5
2010,다다2176,in_age_040,5
2010,다다2176,in_age_041,5
2010,다다2176,in_age_042,5
2010,다다2176,in_age_043,5
2010,다다2176,in_age_044,5
2010,다다2176,in_age_045,8
2010,다다2176,in_age_046,5
2010,다다2176,in_age_048,5
2010,다다2176,in_age_064,14
2010,다다2176,in_age_065,0
2010,다다2176,in_age_066,5
2010,다다2176,in_age_068,0
2010,다다2176,in_age_069,0
2010,다다2176,in_age_070,5
2010,다다2176,in_age_071,5
2010,다다2176,in_age_072,5
2010,다다2176,in_age_073,5
2010,다다2176,in_age_074,5
2010,다다2176,in_age_075,8
2010,다다2176,in_age_076,5
2010,다다2176,in_age_077,5
2010,다다2176,in_age_078,0
2010,다다2176,to_in_001,103
2010,다다2176,to_in_007,54
2010,다다2176,to_in_008,52
2010,다다2177,in_age_001,5
2010,다다2177,in_age_002,5
2010,다다2177,in_age_003,8
2010,다다2177,in_age_004,5
2010,다다2177,in_age_005,8
2010,다다2177,in_age_006,5
2010,다다2177,in_age_007,8
2010,다다2177,in_age_008,8
2010,다다2177,in_age_009,13
2010,다다2177,in_age_010,5
2010,다다2177,in_age_011,18
2010,다다2177,in_age_012,13
2010,다다2177,in_age_013,28
2010,다다2177,in_age_014,33
2010,다다2177,in_age_015,33
2010,다다2177,in_age_016,23
2010,다다2177,in_age_017,13
2010,다다2177,in_age_018,8
2010,다다2177,in_age_019,0
2010,다다2177,in_age_031,0
2010,다다2177,in_age_033,5
2010,다다2177,in_age_034,0
2010,다다2177,in_age_035,5
2010,다다2177,in_age_036,0
2010,다다2177,in_age_037,8
2010,다다2177,in_age_038,5
2010,다다2177,in_age_039,5
2010,다다2177,in_age_040,5
2010,다다2177,in_age_041,8
2010,다다2177,in_age_042,8
2010,다다2177,in_age_043,8
2010,다다2177,in_age_044,18
2010,다다2177,in_age_045,18
2010,다다2177,in_age_046,8
2010,다다2177,in_age_047,5
2010,다다2177,in_age_048,5
2010,다다2177,in_age_061,0
2010,다다2177,in_age_062,5
2010,다다2177,in_age_063,5
2010,다다2177,in_age_064,5
2010,다다2177,in_age_065,5
2010,다다2177,in_age_066,5
2010,다다2177,in_age_067,0
2010,다다2177,in_age_068,0
2010,다다2177,in_age_069,8
2010,다다2177,in_age_070,5
2010,다다2177,in_age_071,8
2010,다다2177,in_age_072,8
2010,다다2177,in_age_073,18
2010,다다2177,in_age_074,13
2010,다다2177,in_age_075,18
2010,다다2177,in_age_076,13
2010,다다2177,in_age_077,13
2010,다다2177,in_age_078,8
2010,다다2177,in_age_079,0
2010,다다2177,to_in_001,228
2010,다다2177,to_in_007,103
2010,다다2177,to_in_008,128
2010,다다2178,in_age_001,0
2010,다다2178,in_age_002,0
2010,다다2178,in_age_007,5
2010,다다2178,in_age_009,0
2010,다다2178,in_age_010,0
2010,다다2178,in_age_011,5
2010,다다2178,in_age_012,5
2010,다다2178,in_age_013,5
2010,다다2178,in_age_014,5
2010,다다2178,in_age_015,8
2010,다다2178,in_age_016,8
2010,다다2178,in_age_018,0
2010,다다2178,in_age_032,0
2010,다다2178,in_age_037,0
2010,다다2178,in_age_039,0
2010,다다2178,in_age_040,0
2010,다다2178,in_age_042,0
2010,다다2178,in_age_043,5
2010,다다2178,in_age_044,5
2010,다다2178,in_age_045,0
2010,다다2178,in_age_046,5
2010,다다2178,in_age_061,0
2010,다다2178,in_age_067,0
2010,다다2178,in_age_071,5
2010,다다2178,in_age_072,5
2010,다다2178,in_age_073,5
2010,다다2178,in_age_074,5
2010,다다2178,in_age_075,8
2010,다다2178,in_age_076,5
2010,다다2178,in_age_078,0
2010,다다2178,to_in_001,33
2010,다다2178,to_in_007,18
2010,다다2178,to_in_008,18
2010,다다2193,in_age_001,5
2010,다다2193,in_age_002,0
2010,다다2193,in_age_003,5
2010,다다2193,in_age_004,8
2010,다다2193,in_age_005,5
2010,다다2193,in_age_006,5
2010,다다2193,in_age_007,5
2010,다다2193,in_age_008,0
2010,다다2193,in_age_009,8
2010,다다2193,in_age_010,13
2010,다다2193,in_age_011,13
2010,다다2193,in_age_012,8
2010,다다2193,in_age_013,18
2010,다다2193,in_age_014,18
2010,다다2193,in_age_015,14
2010,다다2193,in_age_016,5
2010,다다2193,in_age_017,5
2010,다다2193,in_age_018,5
2010,다다2193,in_age_031,0
2010,다다2193,in_age_034,5
2010,다다2193,in_age_035,0
2010,다다2193,in_age_036,0
2010,다다2193,in_age_037,0
2010,다다2193,in_age_038,0
2010,다다2193,in_age_039,0
2010,다다2193,in_age_040,8
2010,다다2193,in_age_041,8
2010,다다2193,in_age_042,5
2010,다다2193,in_age_043,8
2010,다다2193,in_age_044,8
2010,다다2193,in_age_045,5
2010,다다2193,in_age_046,0
2010,다다2193,in_age_047,5
2010,다다2193,in_age_061,5
2010,다다2193,in_age_062,0
2010,다다2193,in_age_063,5
2010,다다2193,in_age_064,5
2010,다다2193,in_age_065,5
2010,다다2193,in_age_066,0
2010,다다2193,in_age_067,0
2010,다다2193,in_age_069,5
2010,다다2193,in_age_070,8
2010,다다2193,in_age_071,8
2010,다다2193,in_age_072,8
2010,다다2193,in_age_073,8
2010,다다2193,in_age_074,8
2010,다다2193,in_age_075,11
2010,다다2193,in_age_076,5
2010,다다2193,in_age_078,5
2010,다다2193,to_in_001,119
2010,다다2193,to_in_007,53
2010,다다2193,to_in_008,64
2010,다다2194,in_age_005,5
2010,다다2194,in_age_009,0
2010,다다2194,in_age_010,5
2010,다다2194,in_age_012,5
2010,다다2194,in_age_013,0
2010,다다2194,in_age_014,5
2010,다다2194,in_age_015,5
2010,다다2194,in_age_016,5
2010,다다2194,in_age_035,0
2010,다다2194,in_age_040,0
2010,다다2194,in_age_042,5
2010,다다2194,in_age_043,0
2010,다다2194,in_age_045,5
2010,다다2194,in_age_065,0
2010,다다2194,in_age_069,0
2010,다다2194,in_age_070,0
2010,다다2194,in_age_072,0
2010,다다2194,in_age_074,5
2010,다다2194,in_age_075,0
2010,다다2194,in_age_076,5
2010,다다2194,to_in_001,13
2010,다다2194,to_in_007,8
2010,다다2194,to_in_008,8
2010,다다2195,in_age_002,5
2010,다다2195,in_age_003,5
2010,다다2195,in_age_004,5
2010,다다2195,in_age_006,5
2010,다다2195,in_age_007,5
2010,다다2195,in_age_008,0
2010,다다2195,in_age_009,5
2010,다다2195,in_age_010,8
2010,다다2195,in_age_011,13
2010,다다2195,in_age_012,8
2010,다다2195,in_age_013,18
2010,다다2195,in_age_014,18
2010,다다2195,in_age_015,18
2010,다다2195,in_age_016,8
2010,다다2195,in_age_017,8
2010,다다2195,in_age_018,5
2010,다다2195,in_age_032,5
2010,다다2195,in_age_034,0
2010,다다2195,in_age_036,5
2010,다다2195,in_age_037,0
2010,다다2195,in_age_039,0
2010,다다2195,in_age_040,5
2010,다다2195,in_age_041,8
2010,다다2195,in_age_042,0
2010,다다2195,in_age_043,13
2010,다다2195,in_age_044,8
2010,다다2195,in_age_045,8
2010,다다2195,in_age_046,5
2010,다다2195,in_age_047,5
2010,다다2195,in_age_063,5
2010,다다2195,in_age_064,0
2010,다다2195,in_age_066,0
2010,다다2195,in_age_067,0
2010,다다2195,in_age_068,0
2010,다다2195,in_age_069,5
2010,다다2195,in_age_070,8
2010,다다2195,in_age_071,5
2010,다다2195,in_age_072,8
2010,다다2195,in_age_073,8
2010,다다2195,in_age_074,8
2010,다다2195,in_age_075,13
2010,다다2195,in_age_076,5
2010,다다2195,in_age_077,5
2010,다다2195,in_age_078,5
2010,다다2195,to_in_001,113
2010,다다2195,to_in_007,48
2010,다다2195,to_in_008,63
2010,다다2196,in_age_001,5
2010,다다2196,in_age_002,0
2010,다다2196,in_age_007,0
2010,다다2196,in_age_008,5
2010,다다2196,in_age_013,5
2010,다다2196,in_age_014,5
2010,다다2196,in_age_015,8
2010,다다2196,in_age_016,5
2010,다다2196,in_age_017,5
2010,다다2196,in_age_031,0
2010,다다2196,in_age_032,0
2010,다다2196,in_age_038,5
2010,다다2196,in_age_043,5
2010,다다2196,in_age_044,0
2010,다다2196,in_age_045,5
2010,다다2196,in_age_046,5
2010,다다2196,in_age_047,0
2010,다다2196,in_age_061,0
2010,다다2196,in_age_067,0
2010,다다2196,in_age_068,5
2010,다다2196,in_age_073,5
2010,다다2196,in_age_074,5
2010,다다2196,in_age_075,5
2010,다다2196,in_age_076,5
2010,다다2196,in_age_077,0
2010,다다2196,to_in_001,33
2010,다다2196,to_in_007,18
2010,다다2196,to_in_008,18
2010,다다2197,in_age_001,0
2010,다다2197,in_age_002,5
2010,다다2197,in_age_003,8
2010,다다2197,in_age_004,5
2010,다다2197,in_age_005,0
2010,다다2197,in_age_006,5
2010,다다2197,in_age_007,5
2010,다다2197,in_age_008,5
2010,다다2197,in_age_009,5
2010,다다2197,in_age_010,8
2010,다다2197,in_age_011,8
2010,다다2197,in_age_012,5
2010,다다2197,in_age_013,18
2010,다다2197,in_age_014,13
2010,다다2197,in_age_015,28
2010,다다2197,in_age_016,13
2010,다다2197,in_age_017,8
2010,다다2197,in_age_018,8
2010,다다2197,in_age_019,5
2010,다다2197,in_age_031,0
2010,다다2197,in_age_032,5
2010,다다2197,in_age_033,8
2010,다다2197,in_age_034,5
2010,다다2197,in_age_035,0
2010,다다2197,in_age_036,5
2010,다다2197,in_age_037,5
2010,다다2197,in_age_038,5
2010,다다2197,in_age_039,5
2010,다다2197,in_age_040,5
2010,다다2197,in_age_041,5
2010,다다2197,in_age_042,0
2010,다다2197,in_age_043,5
2010,다다2197,in_age_044,5
2010,다다2197,in_age_045,13
2010,다다2197,in_age_046,5
2010,다다2197,in_age_047,5
2010,다다2197,in_age_048,5
2010,다다2197,in_age_049,5
2010,다다2197,in_age_062,0
2010,다다2197,in_age_063,5
2010,다다2197,in_age_064,5
2010,다다2197,in_age_066,0
2010,다다2197,in_age_069,5
2010,다다2197,in_age_070,5
2010,다다2197,in_age_071,5
2010,다다2197,in_age_072,5
2010,다다2197,in_age_073,13
2010,다다2197,in_age_074,8
2010,다다2197,in_age_075,13
2010,다다2197,in_age_076,8
2010,다다2197,in_age_077,5
2010,다다2197,in_age_078,8
2010,다다2197,to_in_001,123
2010,다다2197,to_in_007,53
2010,다다2197,to_in_008,68
2010,다다2198,in_age_001,8
2010,다다2198,in_age_002,13
2010,다다2198,in_age_003,8
2010,다다2198,in_age_004,5
2010,다다2198,in_age_005,5
2010,다다2198,in_age_006,5
2010,다다2198,in_age_007,8
2010,다다2198,in_age_008,8
2010,다다2198,in_age_009,13
2010,다다2198,in_age_010,13
2010,다다2198,in_age_011,23
2010,다다2198,in_age_012,13
2010,다다2198,in_age_013,28
2010,다다2198,in_age_014,43
2010,다다2198,in_age_015,46
2010,다다2198,in_age_016,38
2010,다다2198,in_age_017,18
2010,다다2198,in_age_018,8
2010,다다2198,in_age_031,5
2010,다다2198,in_age_032,8
2010,다다2198,in_age_033,8
2010,다다2198,in_age_034,0
2010,다다2198,in_age_035,5
2010,다다2198,in_age_036,5
2010,다다2198,in_age_037,5
2010,다다2198,in_age_038,0
2010,다다2198,in_age_039,8
2010,다다2198,in_age_040,13
2010,다다2198,in_age_041,13
2010,다다2198,in_age_042,8
2010,다다2198,in_age_043,13
2010,다다2198,in_age_044,18
2010,다다2198,in_age_045,18
2010,다다2198,in_age_046,18
2010,다다2198,in_age_047,8
2010,다다2198,in_age_061,5
2010,다다2198,in_age_062,5
2010,다다2198,in_age_063,5
2010,다다2198,in_age_064,5
2010,다다2198,in_age_066,5
2010,다다2198,in_age_067,8
2010,다다2198,in_age_068,8
2010,다다2198,in_age_069,5
2010,다다2198,in_age_070,5
2010,다다2198,in_age_071,13
2010,다다2198,in_age_072,8
2010,다다2198,in_age_073,13
2010,다다2198,in_age_074,23
2010,다다2198,in_age_075,31
2010,다다2198,in_age_076,18
2010,다다2198,in_age_077,13
2010,다다2198,in_age_078,8
2010,다다2198,to_in_001,296
2010,다다2198,to_in_007,133
2010,다다2198,to_in_008,166
2010,다다2199,in_age_001,8
2010,다다2199,in_age_002,8
2010,다다2199,in_age_003,18
2010,다다2199,in_age_004,13
2010,다다2199,in_age_005,8
2010,다다2199,in_age_006,8
2010,다다2199,in_age_007,13
2010,다다2199,in_age_008,23
2010,다다2199,in_age_009,13
2010,다다2199,in_age_010,18
2010,다다2199,in_age_011,28
2010,다다2199,in_age_012,23
2010,다다2199,in_age_013,23
2010,다다2199,in_age_014,13
2010,다다2199,in_age_015,23
2010,다다2199,in_age_016,13
2010,다다2199,in_age_017,13
2010,다다2199,in_age_018,5
2010,다다2199,in_age_019,0
2010,다다2199,in_age_031,5
2010,다다2199,in_age_032,5
2010,다다2199,in_age_033,5
2010,다다2199,in_age_034,8
2010,다다2199,in_age_035,5
2010,다다2199,in_age_036,5
2010,다다2199,in_age_037,8
2010,다다2199,in_age_038,13
2010,다다2199,in_age_039,8
2010,다다2199,in_age_040,13
2010,다다2199,in_age_041,8
2010,다다2199,in_age_042,13
2010,다다2199,in_age_043,8
2010,다다2199,in_age_044,5
2010,다다2199,in_age_045,8
2010,다다2199,in_age_046,8
2010,다다2199,in_age_047,5
2010,다다2199,in_age_061,5
2010,다다2199,in_age_062,5
2010,다다2199,in_age_063,13
2010,다다2199,in_age_064,5
2010,다다2199,in_age_065,5
2010,다다2199,in_age_066,5
2010,다다2199,in_age_067,5
2010,다다2199,in_age_068,8
2010,다다2199,in_age_069,8
2010,다다2199,in_age_070,8
2010,다다2199,in_age_071,18
2010,다다2199,in_age_072,8
2010,다다2199,in_age_073,13
2010,다다2199,in_age_074,8
2010,다다2199,in_age_075,13
2010,다다2199,in_age_076,5
2010,다다2199,in_age_077,8
2010,다다2199,in_age_078,5
2010,다다2199,in_age_079,0
2010,다다2199,to_in_001,268
2010,다다2199,to_in_007,128
2010,다다2199,to_in_008,138
2010,다다2200,in_age_001,5
2010,다다2200,in_age_002,8
2010,다다2200,in_age_003,8
2010,다다2200,in_age_004,8
2010,다다2200,in_age_006,5
2010,다다2200,in_age_007,5
2010,다다2200,in_age_008,5
2010,다다2200,in_age_009,13
2010,다다2200,in_age_010,5
2010,다다2200,in_age_011,5
2010,다다2200,in_age_012,8
2010,다다2200,in_age_013,5
2010,다다2200,in_age_014,5
2010,다다2200,in_age_015,0
2010,다다2200,in_age_016,0
2010,다다2200,in_age_017,5
2010,다다2200,in_age_018,5
2010,다다2200,in_age_019,0
2010,다다2200,in_age_031,0
2010,다다2200,in_age_032,5
2010,다다2200,in_age_033,5
2010,다다2200,in_age_034,5
2010,다다2200,in_age_036,0
2010,다다2200,in_age_037,5
2010,다다2200,in_age_038,0
2010,다다2200,in_age_039,8
2010,다다2200,in_age_040,5
2010,다다2200,in_age_041,5
2010,다다2200,in_age_042,5
2010,다다2200,in_age_043,5
2010,다다2200,in_age_044,5
2010,다다2200,in_age_045,0
2010,다다2200,in_age_048,0
2010,다다2200,in_age_061,5
2010,다다2200,in_age_062,5
2010,다다2200,in_age_063,5
2010,다다2200,in_age_064,8
2010,다다2200,in_age_066,5
2010,다다2200,in_age_067,0
2010,다다2200,in_age_068,5
2010,다다2200,in_age_069,8
2010,다다2200,in_age_070,0
2010,다다2200,in_age_071,0
2010,다다2200,in_age_072,5
2010,다다2200,in_age_074,5
2010,다다2200,in_age_076,0
2010,다다2200,in_age_077,5
2010,다다2200,in_age_078,0
2010,다다2200,in_age_079,0
2010,다다2200,to_in_001,78
2010,다다2200,to_in_007,38
2010,다다2200,to_in_008,38
2010,다다2201,in_age_001,0
2010,다다2201,in_age_002,0
2010,다다2201,in_age_005,5
2010,다다2201,in_age_006,0
2010,다다2201,in_age_007,0
2010,다다2201,in_age_009,5
2010,다다2201,in_age_010,5
2010,다다2201,in_age_011,5
2010,다다2201,in_age_015,0
2010,다다2201,in_age_016,0
2010,다다2201,in_age_031,0
2010,다다2201,in_age_035,5
2010,다다2201,in_age_036,0
2010,다다2201,in_age_037,0
2010,다다2201,in_age_040,5
2010,다다2201,in_age_045,0
2010,다다2201,in_age_062,0
2010,다다2201,in_age_069,5
2010,다다2201,in_age_071,5
2010,다다2201,in_age_076,0
2010,다다2201,to_in_001,13
2010,다다2201,to_in_007,8
2010,다다2201,to_in_008,8
2010,다다2202,in_age_001,8
2010,다다2202,in_age_002,8
2010,다다2202,in_age_003,5
2010,다다2202,in_age_004,5
2010,다다2202,in_age_005,5
2010,다다2202,in_age_006,8
2010,다다2202,in_age_007,5
2010,다다2202,in_age_008,8
2010,다다2202,in_age_009,8
2010,다다2202,in_age_010,8
2010,다다2202,in_age_011,8
2010,다다2202,in_age_012,0
2010,다다2202,in_age_013,5
2010,다다2202,in_age_014,5
2010,다다2202,in_age_015,8
2010,다다2202,in_age_016,5
2010,다다2202,in_age_017,0
2010,다다2202,in_age_018,5
2010,다다2202,in_age_031,5
2010,다다2202,in_age_032,5
2010,다다2202,in_age_033,0
2010,다다2202,in_age_034,5
2010,다다2202,in_age_036,5
2010,다다2202,in_age_037,0
2010,다다2202,in_age_038,5
2010,다다2202,in_age_039,5
2010,다다2202,in_age_040,5
2010,다다2202,in_age_041,5
2010,다다2202,in_age_042,0
2010,다다2202,in_age_043,5
2010,다다2202,in_age_044,0
2010,다다2202,in_age_045,5
2010,다다2202,in_age_046,5
2010,다다2202,in_age_061,5
2010,다다2202,in_age_062,5
2010,다다2202,in_age_063,5
2010,다다2202,in_age_064,0
2010,다다2202,in_age_065,5
2010,다다2202,in_age_066,5
2010,다다2202,in_age_067,5
2010,다다2202,in_age_068,5
2010,다다2202,in_age_069,5
2010,다다2202,in_age_070,8
2010,다다2202,in_age_071,5
2010,다다2202,in_age_074,5
2010,다다2202,in_age_075,5
2010,다다2202,in_age_076,0
2010,다다2202,in_age_077,0
2010,다다2202,in_age_078,5
2010,다다2202,to_in_001,73
2010,다다2202,to_in_007,33
2010,다다2202,to_in_008,38
2010,다다2203,in_age_005,5
2010,다다2203,in_age_015,5
2010,다다2203,in_age_045,5
2010,다다2203,in_age_065,5
2010,다다2203,in_age_075,0
2010,다다2203,to_in_001,8
2010,다다2203,to_in_007,5
2010,다다2203,to_in_008,5
2010,다다2204,in_age_002,8
2010,다다2204,in_age_003,0
2010,다다2204,in_age_007,5
2010,다다2204,in_age_009,8
2010,다다2204,in_age_010,5
2010,다다2204,in_age_011,5
2010,다다2204,in_age_015,0
2010,다다2204,in_age_016,0
2010,다다2204,in_age_032,5
2010,다다2204,in_age_039,8
2010,다다2204,in_age_040,5
2010,다다2204,in_age_041,0
2010,다다2204,in_age_062,5
2010,다다2204,in_age_063,0
2010,다다2204,in_age_067,5
2010,다다2204,in_age_069,5
2010,다다2204,in_age_071,5
2010,다다2204,in_age_075,0
2010,다다2204,in_age_076,0
2010,다다2204,to_in_001,18
2010,다다2204,to_in_007,8
2010,다다2204,to_in_008,13
2010,다다2205,in_age_001,102
2010,다다2205,in_age_002,123
2010,다다2205,in_age_003,188
2010,다다2205,in_age_004,196
2010,다다2205,in_age_005,117
2010,다다2205,in_age_006,150
2010,다다2205,in_age_007,146
2010,다다2205,in_age_008,145
2010,다다2205,in_age_009,220
2010,다다2205,in_age_010,186
2010,다다2205,in_age_011,187
2010,다다2205,in_age_012,139
2010,다다2205,in_age_013,130
2010,다다2205,in_age_014,145
2010,다다2205,in_age_015,160
2010,다다2205,in_age_016,123
2010,다다2205,in_age_017,53
2010,다다2205,in_age_018,43
2010,다다2205,in_age_019,18
2010,다다2205,in_age_020,8
2010,다다2205,in_age_031,48
2010,다다2205,in_age_032,70
2010,다다2205,in_age_033,99
2010,다다2205,in_age_034,111
2010,다다2205,in_age_035,54
2010,다다2205,in_age_036,75
2010,다다2205,in_age_037,83
2010,다다2205,in_age_038,80
2010,다다2205,in_age_039,111
2010,다다2205,in_age_040,103
2010,다다2205,in_age_041,101
2010,다다2205,in_age_042,73
2010,다다2205,in_age_043,58
2010,다다2205,in_age_044,58
2010,다다2205,in_age_045,68
2010,다다2205,in_age_046,43
2010,다다2205,in_age_047,13
2010,다다2205,in_age_048,8
2010,다다2205,in_age_049,5
2010,다다2205,in_age_061,57
2010,다다2205,in_age_062,51
2010,다다2205,in_age_063,87
2010,다다2205,in_age_064,88
2010,다다2205,in_age_065,66
2010,다다2205,in_age_066,73
2010,다다2205,in_age_067,66
2010,다다2205,in_age_068,63
2010,다다2205,in_age_069,107
2010,다다2205,in_age_070,81
2010,다다2205,in_age_071,84
2010,다다2205,in_age_072,64
2010,다다2205,in_age_073,70
2010,다다2205,in_age_074,85
2010,다다2205,in_age_075,95
2010,다다2205,in_age_076,78
2010,다다2205,in_age_077,43
2010,다다2205,in_age_078,38
2010,다다2205,in_age_079,13
2010,다다2205,in_age_080,8
2010,다다2205,to_in_001,2572
2010,다다2205,to_in_007,1250
2010,다다2205,to_in_008,1325
2010,다다2206,in_age_001,13
2010,다다2206,in_age_002,18
2010,다다2206,in_age_003,28
2010,다다2206,in_age_004,23
2010,다다2206,in_age_005,18
2010,다다2206,in_age_006,28
2010,다다2206,in_age_007,18
2010,다다2206,in_age_008,24
2010,다다2206,in_age_009,28
2010,다다2206,in_age_010,34
2010,다다2206,in_age_011,28
2010,다다2206,in_age_012,18
2010,다다2206,in_age_013,13
2010,다다2206,in_age_014,25
2010,다다2206,in_age_015,28
2010,다다2206,in_age_016,23
2010,다다2206,in_age_017,13
2010,다다2206,in_age_018,8
2010,다다2206,in_age_019,8
2010,다다2206,in_age_031,8
2010,다다2206,in_age_032,8
2010,다다2206,in_age_033,13
2010,다다2206,in_age_034,13
2010,다다2206,in_age_035,8
2010,다다2206,in_age_036,13
2010,다다2206,in_age_037,13
2010,다다2206,in_age_038,8
2010,다다2206,in_age_039,18
2010,다다2206,in_age_040,19
2010,다다2206,in_age_041,18
2010,다다2206,in_age_042,8
2010,다다2206,in_age_043,8
2010,다다2206,in_age_044,8
2010,다다2206,in_age_045,13
2010,다다2206,in_age_046,8
2010,다다2206,in_age_047,5
2010,다다2206,in_age_048,5
2010,다다2206,in_age_049,5
2010,다다2206,in_age_061,8
2010,다다2206,in_age_062,13
2010,다다2206,in_age_063,13
2010,다다2206,in_age_064,13
2010,다다2206,in_age_065,8
2010,다다2206,in_age_066,13
2010,다다2206,in_age_067,8
2010,다다2206,in_age_068,14
2010,다다2206,in_age_069,13
2010,다다2206,in_age_070,18
2010,다다2206,in_age_071,13
2010,다다2206,in_age_072,13
2010,다다2206,in_age_073,8
2010,다다2206,in_age_074,15
2010,다다2206,in_age_075,18
2010,다다2206,in_age_076,13
2010,다다2206,in_age_077,8
2010,다다2206,in_age_078,5
2010,다다2206,in_age_079,5
2010,다다2206,to_in_001,397
2010,다다2206,to_in_007,189
2010,다다2206,to_in_008,206
2010,다다2269,in_age_001,5
2010,다다2269,in_age_007,5
2010,다다2269,in_age_011,5
2010,다다2269,in_age_012,5
2010,다다2269,in_age_013,5
2010,다다2269,in_age_016,0
2010,다다2269,in_age_017,0
2010,다다2269,in_age_031,0
2010,다다2269,in_age_037,0
2010,다다2269,in_age_041,0
2010,다다2269,in_age_043,0
2010,다다2269,in_age_061,0
2010,다다2269,in_age_067,0
2010,다다2269,in_age_071,0
2010,다다2269,in_age_072,5
2010,다다2269,in_age_073,0
2010,다다2269,in_age_076,0
2010,다다2269,in_age_077,0
2010,다다2269,to_in_001,13
2010,다다2269,to_in_007,5
2010,다다2269,to_in_008,8
2010,다다2270,in_age_001,0
2010,다다2270,in_age_002,5
2010,다다2270,in_age_003,5
2010,다다2270,in_age_005,0
2010,다다2270,in_age_006,0
2010,다다2270,in_age_007,5
2010,다다2270,in_age_010,8
2010,다다2270,in_age_011,8
2010,다다2270,in_age_012,8
2010,다다2270,in_age_013,8
2010,다다2270,in_age_014,8
2010,다다2270,in_age_015,13
2010,다다2270,in_age_016,5
2010,다다2270,in_age_017,8
2010,다다2270,in_age_019,5
2010,다다2270,in_age_031,0
2010,다다2270,in_age_032,5
2010,다다2270,in_age_033,5
2010,다다2270,in_age_035,0
2010,다다2270,in_age_036,0
2010,다다2270,in_age_037,0
2010,다다2270,in_age_040,5
2010,다다2270,in_age_041,5
2010,다다2270,in_age_042,5
2010,다다2270,in_age_043,5
2010,다다2270,in_age_044,5
2010,다다2270,in_age_045,8
2010,다다2270,in_age_046,5
2010,다다2270,in_age_047,0
2010,다다2270,in_age_067,5
2010,다다2270,in_age_070,5
2010,다다2270,in_age_071,8
2010,다다2270,in_age_072,5
2010,다다2270,in_age_073,5
2010,다다2270,in_age_074,8
2010,다다2270,in_age_075,5
2010,다다2270,in_age_076,5
2010,다다2270,in_age_077,8
2010,다다2270,in_age_079,5
2010,다다2270,to_in_001,73
2010,다다2270,to_in_007,38
2010,다다2270,to_in_008,38
2010,다다2271,in_age_001,5
2010,다다2271,in_age_002,0
2010,다다2271,in_age_004,0
2010,다다2271,in_age_005,5
2010,다다2271,in_age_007,5
2010,다다2271,in_age_008,0
2010,다다2271,in_age_009,5
2010,다다2271,in_age_010,5
2010,다다2271,in_age_011,5
2010,다다2271,in_age_012,8
2010,다다2271,in_age_013,8
2010,다다2271,in_age_014,8
2010,다다2271,in_age_015,8
2010,다다2271,in_age_016,5
2010,다다2271,in_age_017,5
2010,다다2271,in_age_018,5
2010,다다2271,in_age_034,0
2010,다다2271,in_age_035,5
2010,다다2271,in_age_037,5
2010,다다2271,in_age_038,0
2010,다다2271,in_age_039,0
2010,다다2271,in_age_040,5
2010,다다2271,in_age_041,5
2010,다다2271,in_age_042,5
2010,다다2271,in_age_043,5
2010,다다2271,in_age_044,5
2010,다다2271,in_age_045,5
2010,다다2271,in_age_046,5
2010,다다2271,in_age_047,5
2010,다다2271,in_age_061,5
2010,다다2271,in_age_062,0
2010,다다2271,in_age_067,0
2010,다다2271,in_age_069,5
2010,다다2271,in_age_070,5
2010,다다2271,in_age_071,5
2010,다다2271,in_age_072,5
2010,다다2271,in_age_073,5
2010,다다2271,in_age_074,5
2010,다다2271,in_age_075,8
2010,다다2271,in_age_076,5
2010,다다2271,in_age_077,5
2010,다다2271,in_age_078,5
2010,다다2271,to_in_001,63
2010,다다2271,to_in_007,28
2010,다다2271,to_in_008,38
2010,다다2272,in_age_006,0
2010,다다2272,in_age_009,0
2010,다다2272,in_age_011,5
2010,다다2272,in_age_012,0
2010,다다2272,in_age_013,5
2010,다다2272,in_age_014,0
2010,다다2272,in_age_015,0
2010,다다2272,in_age_016,5
2010,다다2272,in_age_017,0
2010,다다2272,in_age_018,5
2010,다다2272,in_age_036,0
2010,다다2272,in_age_041,0
2010,다다2272,in_age_042,0
2010,다다2272,in_age_043,5
2010,다다2272,in_age_044,0
2010,다다2272,in_age_048,5
2010,다다2272,in_age_069,0
2010,다다2272,in_age_071,5
2010,다다2272,in_age_073,5
2010,다다2272,in_age_075,0
2010,다다2272,in_age_076,5
2010,다다2272,in_age_077,0
2010,다다2272,to_in_001,18
2010,다다2272,to_in_007,8
2010,다다2272,to_in_008,13
2010,다다2274,in_age_001,0
2010,다다2274,in_age_003,5
2010,다다2274,in_age_004,5
2010,다다2274,in_age_005,5
2010,다다2274,in_age_007,5
2010,다다2274,in_age_008,5
2010,다다2274,in_age_009,5
2010,다다2274,in_age_011,5
2010,다다2274,in_age_012,5
2010,다다2274,in_age_013,5
2010,다다2274,in_age_014,5
2010,다다2274,in_age_015,0
2010,다다2274,in_age_016,8
2010,다다2274,in_age_031,0
2010,다다2274,in_age_033,0
2010,다다2274,in_age_034,5
2010,다다2274,in_age_035,5
2010,다다2274,in_age_037,5
2010,다다2274,in_age_038,0
2010,다다2274,in_age_039,5
2010,다다2274,in_age_041,5
2010,다다2274,in_age_042,5
2010,다다2274,in_age_043,0
2010,다다2274,in_age_044,5
2010,다다2274,in_age_046,0
2010,다다2274,in_age_063,5
2010,다다2274,in_age_067,0
2010,다다2274,in_age_068,0
2010,다다2274,in_age_071,5
2010,다다2274,in_age_072,5
2010,다다2274,in_age_073,5
2010,다다2274,in_age_074,0
2010,다다2274,in_age_075,0
2010,다다2274,in_age_076,5
2010,다다2274,to_in_001,38
2010,다다2274,to_in_007,18
2010,다다2274,to_in_008,18
2010,다다2275,in_age_001,5
2010,다다2275,in_age_002,5
2010,다다2275,in_age_003,8
2010,다다2275,in_age_004,8
2010,다다2275,in_age_005,5
2010,다다2275,in_age_006,8
2010,다다2275,in_age_007,5
2010,다다2275,in_age_008,5
2010,다다2275,in_age_009,13
2010,다다2275,in_age_010,23
2010,다다2275,in_age_011,13
2010,다다2275,in_age_012,8
2010,다다2275,in_age_013,18
2010,다다2275,in_age_014,18
2010,다다2275,in_age_015,18
2010,다다2275,in_age_016,13
2010,다다2275,in_age_017,5
2010,다다2275,in_age_018,8
2010,다다2275,in_age_031,5
2010,다다2275,in_age_033,5
2010,다다2275,in_age_034,8
2010,다다2275,in_age_035,0
2010,다다2275,in_age_036,5
2010,다다2275,in_age_037,0
2010,다다2275,in_age_038,0
2010,다다2275,in_age_039,5
2010,다다2275,in_age_040,13
2010,다다2275,in_age_041,8
2010,다다2275,in_age_042,0
2010,다다2275,in_age_043,13
2010,다다2275,in_age_044,8
2010,다다2275,in_age_045,8
2010,다다2275,in_age_046,8
2010,다다2275,in_age_047,5
2010,다다2275,in_age_048,5
2010,다다2275,in_age_062,5
2010,다다2275,in_age_063,5
2010,다다2275,in_age_064,5
2010,다다2275,in_age_065,5
2010,다다2275,in_age_066,8
2010,다다2275,in_age_067,5
2010,다다2275,in_age_068,5
2010,다다2275,in_age_069,8
2010,다다2275,in_age_070,8
2010,다다2275,in_age_071,8
2010,다다2275,in_age_072,8
2010,다다2275,in_age_073,8
2010,다다2275,in_age_074,8
2010,다다2275,in_age_075,8
2010,다다2275,in_age_076,8
2010,다다2275,in_age_077,5
2010,다다2275,in_age_078,5
2010,다다2275,to_in_001,173
2010,다다2275,to_in_007,73
2010,다다2275,to_in_008,98
2010,다다2276,in_age_002,5
2010,다다2276,in_age_003,0
2010,다다2276,in_age_004,0
2010,다다2276,in_age_006,5
2010,다다2276,in_age_007,0
2010,다다2276,in_age_008,0
2010,다다2276,in_age_009,5
2010,다다2276,in_age_010,8
2010,다다2276,in_age_011,8
2010,다다2276,in_age_012,8
2010,다다2276,in_age_013,8
2010,다다2276,in_age_014,13
2010,다다2276,in_age_015,13
2010,다다2276,in_age_016,13
2010,다다2276,in_age_017,8
2010,다다2276,in_age_018,0
2010,다다2276,in_age_032,5
2010,다다2276,in_age_036,0
2010,다다2276,in_age_037,0
2010,다다2276,in_age_038,0
2010,다다2276,in_age_039,5
2010,다다2276,in_age_040,5
2010,다다2276,in_age_041,5
2010,다다2276,in_age_042,8
2010,다다2276,in_age_043,5
2010,다다2276,in_age_044,5
2010,다다2276,in_age_045,8
2010,다다2276,in_age_046,5
2010,다다2276,in_age_047,5
2010,다다2276,in_age_063,0
2010,다다2276,in_age_064,0
2010,다다2276,in_age_066,0
2010,다다2276,in_age_069,0
2010,다다2276,in_age_070,5
2010,다다2276,in_age_071,8
2010,다다2276,in_age_072,5
2010,다다2276,in_age_073,5
2010,다다2276,in_age_074,8
2010,다다2276,in_age_075,8
2010,다다2276,in_age_076,8
2010,다다2276,in_age_077,5
2010,다다2276,in_age_078,0
2010,다다2276,to_in_001,98
2010,다다2276,to_in_007,43
2010,다다2276,to_in_008,53
2010,다다2278,in_age_006,5
2010,다다2278,in_age_011,5
2010,다다2278,in_age_013,0
2010,다다2278,in_age_014,5
2010,다다2278,in_age_036,5
2010,다다2278,in_age_041,0
2010,다다2278,in_age_044,5
2010,다다2278,in_age_071,5
2010,다다2278,in_age_073,0
2010,다다2278,to_in_001,8
2010,다다2278,to_in_007,5
2010,다다2278,to_in_008,5
2010,다다2293,in_age_001,0
2010,다다2293,in_age_002,5
2010,다다2293,in_age_004,5
2010,다다2293,in_age_006,5
2010,다다2293,in_age_007,5
2010,다다2293,in_age_008,5
2010,다다2293,in_age_009,5
2010,다다2293,in_age_010,8
2010,다다2293,in_age_011,18
2010,다다2293,in_age_012,18
2010,다다2293,in_age_013,18
2010,다다2293,in_age_014,8
2010,다다2293,in_age_015,8
2010,다다2293,in_age_016,8
2010,다다2293,in_age_017,5
2010,다다2293,in_age_018,5
2010,다다2293,in_age_031,0
2010,다다2293,in_age_032,5
2010,다다2293,in_age_034,5
2010,다다2293,in_age_036,5
2010,다다2293,in_age_037,5
2010,다다2293,in_age_038,5
2010,다다2293,in_age_039,5
2010,다다2293,in_age_040,5
2010,다다2293,in_age_041,8
2010,다다2293,in_age_042,8
2010,다다2293,in_age_043,8
2010,다다2293,in_age_044,5
2010,다다2293,in_age_045,8
2010,다다2293,in_age_046,5
2010,다다2293,in_age_066,5
2010,다다2293,in_age_067,0
2010,다다2293,in_age_069,0
2010,다다2293,in_age_070,8
2010,다다2293,in_age_071,8
2010,다다2293,in_age_072,8
2010,다다2293,in_age_073,8
2010,다다2293,in_age_074,5
2010,다다2293,in_age_075,8
2010,다다2293,in_age_076,8
2010,다다2293,in_age_077,5
2010,다다2293,in_age_078,5
2010,다다2293,to_in_001,103
2010,다다2293,to_in_007,43
2010,다다2293,to_in_008,63
2010,다다2294,in_age_011,5
2010,다다2294,in_age_012,0
2010,다다2294,in_age_013,5
2010,다다2294,in_age_014,0
2010,다다2294,in_age_015,5
2010,다다2294,in_age_016,5
2010,다다2294,in_age_017,0
2010,다다2294,in_age_042,0
2010,다다2294,in_age_043,5
2010,다다2294,in_age_045,5
2010,다다2294,in_age_046,5
2010,다다2294,in_age_071,5
2010,다다2294,in_age_073,0
2010,다다2294,in_age_074,0
2010,다다2294,in_age_076,5
2010,다다2294,in_age_077,0
2010,다다2294,to_in_001,18
2010,다다2294,to_in_007,8
2010,다다2294,to_in_008,8
2010,다다2295,in_age_001,0
2010,다다2295,in_age_002,5
2010,다다2295,in_age_003,5
2010,다다2295,in_age_004,5
2010,다다2295,in_age_005,5
2010,다다2295,in_age_006,5
2010,다다2295,in_age_007,5
2010,다다2295,in_age_010,5
2010,다다2295,in_age_011,8
2010,다다2295,in_age_012,13
2010,다다2295,in_age_013,13
2010,다다2295,in_age_014,8
2010,다다2295,in_age_015,13
2010,다다2295,in_age_016,13
2010,다다2295,in_age_017,0
2010,다다2295,in_age_018,5
2010,다다2295,in_age_019,0
2010,다다2295,in_age_032,5
2010,다다2295,in_age_033,5
2010,다다2295,in_age_034,5
2010,다다2295,in_age_035,5
2010,다다2295,in_age_036,0
2010,다다2295,in_age_037,0
2010,다다2295,in_age_040,5
2010,다다2295,in_age_041,5
2010,다다2295,in_age_042,8
2010,다다2295,in_age_043,5
2010,다다2295,in_age_044,8
2010,다다2295,in_age_045,5
2010,다다2295,in_age_046,0
2010,다다2295,in_age_048,0
2010,다다2295,in_age_061,0
2010,다다2295,in_age_064,0
2010,다다2295,in_age_066,0
2010,다다2295,in_age_067,5
2010,다다2295,in_age_070,5
2010,다다2295,in_age_071,8
2010,다다2295,in_age_072,8
2010,다다2295,in_age_073,8
2010,다다2295,in_age_074,5
2010,다다2295,in_age_075,8
2010,다다2295,in_age_076,8
2010,다다2295,in_age_077,0
2010,다다2295,in_age_078,0
2010,다다2295,in_age_079,0
2010,다다2295,to_in_001,93
2010,다다2295,to_in_007,43
2010,다다2295,to_in_008,53
2010,다다2296,in_age_012,0
2010,다다2296,in_age_013,0
2010,다다2296,in_age_043,0
2010,다다2296,in_age_072,0
2010,다다2296,to_in_001,5
2010,다다2296,to_in_007,0
2010,다다2296,to_in_008,0
2010,다다2297,in_age_003,5
2010,다다2297,in_age_008,5
2010,다다2297,in_age_009,5
2010,다다2297,in_age_010,0
2010,다다2297,in_age_015,0
2010,다다2297,in_age_016,5
2010,다다2297,in_age_017,0
2010,다다2297,in_age_018,5
2010,다다2297,in_age_019,0
2010,다다2297,in_age_033,0
2010,다다2297,in_age_038,0
2010,다다2297,in_age_039,5
2010,다다2297,in_age_040,0
2010,다다2297,in_age_045,0
2010,다다2297,in_age_046,0
2010,다다2297,in_age_048,5
2010,다다2297,in_age_063,0
2010,다다2297,in_age_068,5
2010,다다2297,in_age_069,0
2010,다다2297,in_age_076,0
2010,다다2297,in_age_077,0
2010,다다2297,in_age_079,0
2010,다다2297,to_in_001,13
2010,다다2297,to_in_007,8
2010,다다2297,to_in_008,8
2010,다다2298,in_age_001,0
2010,다다2298,in_age_002,5
2010,다다2298,in_age_003,5
2010,다다2298,in_age_007,5
2010,다다2298,in_age_008,5
2010,다다2298,in_age_009,5
2010,다다2298,in_age_010,5
2010,다다2298,in_age_011,8
2010,다다2298,in_age_012,5
2010,다다2298,in_age_013,5
2010,다다2298,in_age_014,13
2010,다다2298,in_age_015,18
2010,다다2298,in_age_016,13
2010,다다2298,in_age_017,8
2010,다다2298,in_age_018,8
2010,다다2298,in_age_019,5
2010,다다2298,in_age_032,5
2010,다다2298,in_age_038,5
2010,다다2298,in_age_039,5
2010,다다2298,in_age_040,0
2010,다다2298,in_age_041,5
2010,다다2298,in_age_043,5
2010,다다2298,in_age_044,5
2010,다다2298,in_age_045,8
2010,다다2298,in_age_046,5
2010,다다2298,in_age_047,5
2010,다다2298,in_age_048,0
2010,다다2298,in_age_061,0
2010,다다2298,in_age_062,0
2010,다다2298,in_age_063,5
2010,다다2298,in_age_067,5
2010,다다2298,in_age_070,0
2010,다다2298,in_age_071,5
2010,다다2298,in_age_072,5
2010,다다2298,in_age_073,5
2010,다다2298,in_age_074,8
2010,다다2298,in_age_075,8
2010,다다2298,in_age_076,8
2010,다다2298,in_age_077,5
2010,다다2298,in_age_078,8
2010,다다2298,in_age_079,5
2010,다다2298,to_in_001,83
2010,다다2298,to_in_007,33
2010,다다2298,to_in_008,53
2010,다다2299,in_age_008,5
2010,다다2299,in_age_011,5
2010,다다2299,in_age_012,0
2010,다다2299,in_age_013,5
2010,다다2299,in_age_014,5
2010,다다2299,in_age_015,0
2010,다다2299,in_age_038,0
2010,다다2299,in_age_042,0
2010,다다2299,in_age_043,0
2010,다다2299,in_age_044,5
2010,다다2299,in_age_068,0
2010,다다2299,in_age_071,5
2010,다다2299,in_age_073,0
2010,다다2299,in_age_074,0
2010,다다2299,in_age_075,0
2010,다다2299,to_in_001,8
2010,다다2299,to_in_007,5
2010,다다2299,to_in_008,5
2010,다다2300,in_age_001,8
2010,다다2300,in_age_002,5
2010,다다2300,in_age_003,8
2010,다다2300,in_age_004,8
2010,다다2300,in_age_005,8
2010,다다2300,in_age_006,5
2010,다다2300,in_age_007,5
2010,다다2300,in_age_008,13
2010,다다2300,in_age_009,8
2010,다다2300,in_age_010,8
2010,다다2300,in_age_011,8
2010,다다2300,in_age_012,13
2010,다다2300,in_age_013,8
2010,다다2300,in_age_014,5
2010,다다2300,in_age_015,8
2010,다다2300,in_age_016,8
2010,다다2300,in_age_017,8
2010,다다2300,in_age_018,0
2010,다다2300,in_age_031,8
2010,다다2300,in_age_032,0
2010,다다2300,in_age_033,5
2010,다다2300,in_age_034,5
2010,다다2300,in_age_035,5
2010,다다2300,in_age_036,0
2010,다다2300,in_age_037,5
2010,다다2300,in_age_038,8
2010,다다2300,in_age_039,5
2010,다다2300,in_age_040,5
2010,다다2300,in_age_041,5
2010,다다2300,in_age_042,5
2010,다다2300,in_age_043,8
2010,다다2300,in_age_044,0
2010,다다2300,in_age_045,5
2010,다다2300,in_age_046,5
2010,다다2300,in_age_047,5
2010,다다2300,in_age_061,5
2010,다다2300,in_age_062,5
2010,다다2300,in_age_063,5
2010,다다2300,in_age_064,5
2010,다다2300,in_age_065,5
2010,다다2300,in_age_066,5
2010,다다2300,in_age_067,5
2010,다다2300,in_age_068,8
2010,다다2300,in_age_069,5
2010,다다2300,in_age_070,5
2010,다다2300,in_age_071,5
2010,다다2300,in_age_072,8
2010,다다2300,in_age_073,5
2010,다다2300,in_age_074,5
2010,다다2300,in_age_075,0
2010,다다2300,in_age_076,8
2010,다다2300,in_age_077,8
2010,다다2300,in_age_078,0
2010,다다2300,to_in_001,113
2010,다다2300,to_in_007,58
2010,다다2300,to_in_008,58
2010,다다2301,in_age_002,0
2010,다다2301,in_age_004,5
2010,다다2301,in_age_009,5
2010,다다2301,in_age_010,5
2010,다다2301,in_age_015,0
2010,다다2301,in_age_040,5
2010,다다2301,in_age_045,0
2010,다다2301,in_age_062,0
2010,다다2301,in_age_064,5
2010,다다2301,in_age_069,5
2010,다다2301,to_in_001,8
2010,다다2301,to_in_007,5
2010,다다2301,to_in_008,5
2010,다다2302,in_age_001,0
2010,다다2302,in_age_002,13
2010,다다2302,in_age_003,8
2010,다다2302,in_age_004,8
2010,다다2302,in_age_005,8
2010,다다2302,in_age_006,13
2010,다다2302,in_age_007,8
2010,다다2302,in_age_008,8
2010,다다2302,in_age_009,13
2010,다다2302,in_age_010,8
2010,다다2302,in_age_011,18
2010,다다2302,in_age_012,18
2010,다다2302,in_age_013,8
2010,다다2302,in_age_014,13
2010,다다2302,in_age_015,13
2010,다다2302,in_age_016,5
2010,다다2302,in_age_017,5
2010,다다2302,in_age_018,5
2010,다다2302,in_age_019,5
2010,다다2302,in_age_031,0
2010,다다2302,in_age_032,8
2010,다다2302,in_age_033,5
2010,다다2302,in_age_034,5
2010,다다2302,in_age_035,8
2010,다다2302,in_age_036,8
2010,다다2302,in_age_037,8
2010,다다2302,in_age_038,5
2010,다다2302,in_age_039,8
2010,다다2302,in_age_040,8
2010,다다2302,in_age_041,8
2010,다다2302,in_age_042,8
2010,다다2302,in_age_043,8
2010,다다2302,in_age_044,8
2010,다다2302,in_age_045,8
2010,다다2302,in_age_046,5
2010,다다2302,in_age_047,5
2010,다다2302,in_age_048,5
2010,다다2302,in_age_062,0
2010,다다2302,in_age_063,8
2010,다다2302,in_age_064,8
2010,다다2302,in_age_065,5
2010,다다2302,in_age_066,8
2010,다다2302,in_age_067,8
2010,다다2302,in_age_068,8
2010,다다2302,in_age_069,8
2010,다다2302,in_age_070,8
2010,다다2302,in_age_071,13
2010,다다2302,in_age_072,8
2010,다다2302,in_age_073,8
2010,다다2302,in_age_074,5
2010,다다2302,in_age_075,8
2010,다다2302,in_age_076,5
2010,다다2302,in_age_077,0
2010,다다2302,in_age_078,5
2010,다다2302,in_age_079,5
2010,다다2302,to_in_001,168
2010,다다2302,to_in_007,78
2010,다다2302,to_in_008,88
2010,다다2303,in_age_001,0
2010,다다2303,in_age_002,0
2010,다다2303,in_age_003,14
2010,다다2303,in_age_004,8
2010,다다2303,in_age_005,16
2010,다다2303,in_age_006,5
2010,다다2303,in_age_007,5
2010,다다2303,in_age_008,5
2010,다다2303,in_age_009,5
2010,다다2303,in_age_011,0
2010,다다2303,in_age_013,5
2010,다다2303,in_age_019,0
2010,다다2303,in_age_031,0
2010,다다2303,in_age_032,0
2010,다다2303,in_age_033,9
2010,다다2303,in_age_034,5
2010,다다2303,in_age_035,6
2010,다다2303,in_age_036,5
2010,다다2303,in_age_038,5
2010,다다2303,in_age_039,5
2010,다다2303,in_age_043,0
2010,다다2303,in_age_063,5
2010,다다2303,in_age_064,5
2010,다다2303,in_age_065,10
2010,다다2303,in_age_066,0
2010,다다2303,in_age_067,5
2010,다다2303,in_age_068,5
2010,다다2303,in_age_071,0
2010,다다2303,in_age_073,5
2010,다다2303,in_age_079,0
2010,다다2303,to_in_001,53
2010,다다2303,to_in_007,28
2010,다다2303,to_in_008,23
2010,다다2304,in_age_001,62
2010,다다2304,in_age_002,83
2010,다다2304,in_age_003,96
2010,다다2304,in_age_004,61
2010,다다2304,in_age_005,18
2010,다다2304,in_age_006,46
2010,다다2304,in_age_007,66
2010,다다2304,in_age_008,94
2010,다다2304,in_age_009,97
2010,다다2304,in_age_010,54
2010,다다2304,in_age_011,49
2010,다다2304,in_age_012,23
2010,다다2304,in_age_013,23
2010,다다2304,in_age_014,18
2010,다다2304,in_age_015,8
2010,다다2304,in_age_016,13
2010,다다2304,in_age_017,8
2010,다다2304,in_age_018,0
2010,다다2304,in_age_031,33
2010,다다2304,in_age_032,50
2010,다다2304,in_age_033,42
2010,다다2304,in_age_034,29
2010,다다2304,in_age_035,8
2010,다다2304,in_age_036,23
2010,다다2304,in_age_037,29
2010,다다2304,in_age_038,40
2010,다다2304,in_age_039,50
2010,다다2304,in_age_040,30
2010,다다2304,in_age_041,24
2010,다다2304,in_age_042,13
2010,다다2304,in_age_043,8
2010,다다2304,in_age_044,8
2010,다다2304,in_age_045,5
2010,다다2304,in_age_046,8
2010,다다2304,in_age_047,5
2010,다다2304,in_age_048,0
2010,다다2304,in_age_061,27
2010,다다2304,in_age_062,35
2010,다다2304,in_age_063,56
2010,다다2304,in_age_064,35
2010,다다2304,in_age_065,8
2010,다다2304,in_age_066,21
2010,다다2304,in_age_067,37
2010,다다2304,in_age_068,49
2010,다다2304,in_age_069,52
2010,다다2304,in_age_070,21
2010,다다2304,in_age_071,25
2010,다다2304,in_age_072,13
2010,다다2304,in_age_073,13
2010,다다2304,in_age_074,8
2010,다다2304,in_age_075,5
2010,다다2304,in_age_076,13
2010,다다2304,in_age_077,0
2010,다다2304,to_in_001,824
2010,다다2304,to_in_007,408
2010,다다2304,to_in_008,419
2010,다다2305,in_age_001,84
2010,다다2305,in_age_002,76
2010,다다2305,in_age_003,130
2010,다다2305,in_age_004,85
2010,다다2305,in_age_005,56
2010,다다2305,in_age_006,47
2010,다다2305,in_age_007,95
2010,다다2305,in_age_008,111
2010,다다2305,in_age_009,130
2010,다다2305,in_age_010,86
2010,다다2305,in_age_011,80
2010,다다2305,in_age_012,58
2010,다다2305,in_age_013,48
2010,다다2305,in_age_014,38
2010,다다2305,in_age_015,38
2010,다다2305,in_age_016,38
2010,다다2305,in_age_017,13
2010,다다2305,in_age_018,8
2010,다다2305,in_age_019,5
2010,다다2305,in_age_031,43
2010,다다2305,in_age_032,45
2010,다다2305,in_age_033,76
2010,다다2305,in_age_034,45
2010,다다2305,in_age_035,31
2010,다다2305,in_age_036,18
2010,다다2305,in_age_037,48
2010,다다2305,in_age_038,51
2010,다다2305,in_age_039,65
2010,다다2305,in_age_040,46
2010,다다2305,in_age_041,45
2010,다다2305,in_age_042,28
2010,다다2305,in_age_043,23
2010,다다2305,in_age_044,18
2010,다다2305,in_age_045,13
2010,다다2305,in_age_046,13
2010,다다2305,in_age_047,5
2010,다다2305,in_age_048,5
2010,다다2305,in_age_061,39
2010,다다2305,in_age_062,34
2010,다다2305,in_age_063,52
2010,다다2305,in_age_064,43
2010,다다2305,in_age_065,23
2010,다다2305,in_age_066,27
2010,다다2305,in_age_067,50
2010,다다2305,in_age_068,58
2010,다다2305,in_age_069,63
2010,다다2305,in_age_070,38
2010,다다2305,in_age_071,38
2010,다다2305,in_age_072,28
2010,다다2305,in_age_073,23
2010,다다2305,in_age_074,18
2010,다다2305,in_age_075,23
2010,다다2305,in_age_076,28
2010,다다2305,in_age_077,8
2010,다다2305,in_age_078,8
2010,다다2305,in_age_079,5
2010,다다2305,to_in_001,1210
2010,다다2305,to_in_007,618
2010,다다2305,to_in_008,595
2010,다다2306,in_age_001,5
2010,다다2306,in_age_002,8
2010,다다2306,in_age_003,8
2010,다다2306,in_age_004,8
2010,다다2306,in_age_005,5
2010,다다2306,in_age_007,5
2010,다다2306,in_age_008,8
2010,다다2306,in_age_009,13
2010,다다2306,in_age_010,5
2010,다다2306,in_age_011,5
2010,다다2306,in_age_012,5
2010,다다2306,in_age_013,5
2010,다다2306,in_age_014,8
2010,다다2306,in_age_015,5
2010,다다2306,in_age_016,8
2010,다다2306,in_age_017,5
2010,다다2306,in_age_018,5
2010,다다2306,in_age_019,5
2010,다다2306,in_age_031,0
2010,다다2306,in_age_032,5
2010,다다2306,in_age_033,5
2010,다다2306,in_age_034,0
2010,다다2306,in_age_035,0
2010,다다2306,in_age_037,5
2010,다다2306,in_age_038,5
2010,다다2306,in_age_039,5
2010,다다2306,in_age_040,5
2010,다다2306,in_age_041,5
2010,다다2306,in_age_042,5
2010,다다2306,in_age_043,0
2010,다다2306,in_age_044,5
2010,다다2306,in_age_045,5
2010,다다2306,in_age_046,5
2010,다다2306,in_age_047,5
2010,다다2306,in_age_061,0
2010,다다2306,in_age_062,5
2010,다다2306,in_age_063,5
2010,다다2306,in_age_064,5
2010,다다2306,in_age_065,5
2010,다다2306,in_age_067,5
2010,다다2306,in_age_068,8
2010,다다2306,in_age_069,5
2010,다다2306,in_age_070,0
2010,다다2306,in_age_071,0
2010,다다2306,in_age_073,5
2010,다다2306,in_age_074,5
2010,다다2306,in_age_075,5
2010,다다2306,in_age_076,5
2010,다다2306,in_age_077,0
2010,다다2306,in_age_078,5
2010,다다2306,in_age_079,5
2010,다다2306,to_in_001,93
2010,다다2306,to_in_007,48
2010,다다2306,to_in_008,43
2010,다다2370,in_age_003,5
2010,다다2370,in_age_009,5
2010,다다2370,in_age_011,5
2010,다다2370,in_age_012,0
2010,다다2370,in_age_013,0
2010,다다2370,in_age_015,5
2010,다다2370,in_age_016,0
2010,다다2370,in_age_017,0
2010,다다2370,in_age_039,0
2010,다다2370,in_age_041,5
2010,다다2370,in_age_045,5
2010,다다2370,in_age_063,5
2010,다다2370,in_age_069,0
2010,다다2370,in_age_072,0
2010,다다2370,in_age_073,0
2010,다다2370,in_age_076,0
2010,다다2370,in_age_077,0
2010,다다2370,to_in_001,8
2010,다다2370,to_in_007,8
2010,다다2370,to_in_008,8
2010,다다2371,in_age_011,5
2010,다다2371,in_age_016,0
2010,다다2371,in_age_041,0
2010,다다2371,in_age_071,0
2010,다다2371,in_age_076,0
2010,다다2371,to_in_001,5
2010,다다2371,to_in_007,0
2010,다다2371,to_in_008,5
2010,다다2372,in_age_001,8
2010,다다2372,in_age_002,13
2010,다다2372,in_age_003,13
2010,다다2372,in_age_004,5
2010,다다2372,in_age_005,0
2010,다다2372,in_age_006,5
2010,다다2372,in_age_007,5
2010,다다2372,in_age_008,13
2010,다다2372,in_age_009,13
2010,다다2372,in_age_010,8
2010,다다2372,in_age_011,23
2010,다다2372,in_age_012,8
2010,다다2372,in_age_013,28
2010,다다2372,in_age_014,23
2010,다다2372,in_age_015,28
2010,다다2372,in_age_016,23
2010,다다2372,in_age_017,8
2010,다다2372,in_age_018,8
2010,다다2372,in_age_019,0
2010,다다2372,in_age_031,5
2010,다다2372,in_age_032,5
2010,다다2372,in_age_033,8
2010,다다2372,in_age_034,0
2010,다다2372,in_age_035,0
2010,다다2372,in_age_036,0
2010,다다2372,in_age_037,5
2010,다다2372,in_age_038,8
2010,다다2372,in_age_039,8
2010,다다2372,in_age_040,8
2010,다다2372,in_age_041,13
2010,다다2372,in_age_042,8
2010,다다2372,in_age_043,8
2010,다다2372,in_age_044,13
2010,다다2372,in_age_045,13
2010,다다2372,in_age_046,8
2010,다다2372,in_age_047,5
2010,다다2372,in_age_048,0
2010,다다2372,in_age_061,5
2010,다다2372,in_age_062,8
2010,다다2372,in_age_063,5
2010,다다2372,in_age_064,5
2010,다다2372,in_age_066,5
2010,다다2372,in_age_067,0
2010,다다2372,in_age_068,8
2010,다다2372,in_age_069,8
2010,다다2372,in_age_070,5
2010,다다2372,in_age_071,8
2010,다다2372,in_age_072,5
2010,다다2372,in_age_073,18
2010,다다2372,in_age_074,13
2010,다다2372,in_age_075,13
2010,다다2372,in_age_076,13
2010,다다2372,in_age_077,5
2010,다다2372,in_age_078,5
2010,다다2372,in_age_079,0
2010,다다2372,to_in_001,223
2010,다다2372,to_in_007,108
2010,다다2372,to_in_008,118
2010,다다2373,in_age_001,5
2010,다다2373,in_age_002,5
2010,다다2373,in_age_003,5
2010,다다2373,in_age_004,5
2010,다다2373,in_age_005,0
2010,다다2373,in_age_007,0
2010,다다2373,in_age_008,8
2010,다다2373,in_age_009,5
2010,다다2373,in_age_010,5
2010,다다2373,in_age_011,13
2010,다다2373,in_age_012,5
2010,다다2373,in_age_013,8
2010,다다2373,in_age_014,8
2010,다다2373,in_age_015,8
2010,다다2373,in_age_016,8
2010,다다2373,in_age_017,8
2010,다다2373,in_age_018,5
2010,다다2373,in_age_020,0
2010,다다2373,in_age_031,5
2010,다다2373,in_age_032,0
2010,다다2373,in_age_033,0
2010,다다2373,in_age_034,5
2010,다다2373,in_age_038,5
2010,다다2373,in_age_039,5
2010,다다2373,in_age_040,0
2010,다다2373,in_age_041,5
2010,다다2373,in_age_042,5
2010,다다2373,in_age_043,5
2010,다다2373,in_age_044,5
2010,다다2373,in_age_045,8
2010,다다2373,in_age_046,5
2010,다다2373,in_age_047,5
2010,다다2373,in_age_061,0
2010,다다2373,in_age_062,5
2010,다다2373,in_age_063,0
2010,다다2373,in_age_064,5
2010,다다2373,in_age_065,0
2010,다다2373,in_age_067,0
2010,다다2373,in_age_068,5
2010,다다2373,in_age_069,5
2010,다다2373,in_age_070,5
2010,다다2373,in_age_071,8
2010,다다2373,in_age_072,0
2010,다다2373,in_age_073,5
2010,다다2373,in_age_074,5
2010,다다2373,in_age_075,5
2010,다다2373,in_age_076,5
2010,다다2373,in_age_077,5
2010,다다2373,in_age_078,5
2010,다다2373,in_age_080,0
2010,다다2373,to_in_001,88
2010,다다2373,to_in_007,38
2010,다다2373,to_in_008,48
2010,다다2377,in_age_002,5
2010,다다2377,in_age_003,5
2010,다다2377,in_age_004,5
2010,다다2377,in_age_005,0
2010,다다2377,in_age_006,5
2010,다다2377,in_age_007,5
2010,다다2377,in_age_008,0
2010,다다2377,in_age_009,5
2010,다다2377,in_age_010,8
2010,다다2377,in_age_011,8
2010,다다2377,in_age_012,8
2010,다다2377,in_age_013,8
2010,다다2377,in_age_014,8
2010,다다2377,in_age_015,5
2010,다다2377,in_age_016,5
2010,다다2377,in_age_017,5
2010,다다2377,in_age_018,0
2010,다다2377,in_age_032,0
2010,다다2377,in_age_033,0
2010,다다2377,in_age_035,0
2010,다다2377,in_age_036,0
2010,다다2377,in_age_037,5
2010,다다2377,in_age_039,0
2010,다다2377,in_age_040,5
2010,다다2377,in_age_041,5
2010,다다2377,in_age_042,5
2010,다다2377,in_age_043,5
2010,다다2377,in_age_044,5
2010,다다2377,in_age_045,0
2010,다다2377,in_age_047,0
2010,다다2377,in_age_062,0
2010,다다2377,in_age_063,5
2010,다다2377,in_age_064,5
2010,다다2377,in_age_066,0
2010,다다2377,in_age_067,0
2010,다다2377,in_age_068,0
2010,다다2377,in_age_069,0
2010,다다2377,in_age_070,5
2010,다다2377,in_age_071,8
2010,다다2377,in_age_072,5
2010,다다2377,in_age_073,5
2010,다다2377,in_age_074,5
2010,다다2377,in_age_075,5
2010,다다2377,in_age_076,5
2010,다다2377,in_age_077,5
2010,다다2377,in_age_078,0
2010,다다2377,to_in_001,68
2010,다다2377,to_in_007,28
2010,다다2377,to_in_008,38
2010,다다2392,in_age_011,0
2010,다다2392,in_age_012,0
2010,다다2392,in_age_013,8
2010,다다2392,in_age_014,5
2010,다다2392,in_age_015,5
2010,다다2392,in_age_016,8
2010,다다2392,in_age_017,5
2010,다다2392,in_age_018,0
2010,다다2392,in_age_019,5
2010,다다2392,in_age_043,5
2010,다다2392,in_age_044,0
2010,다다2392,in_age_045,5
2010,다다2392,in_age_048,0
2010,다다2392,in_age_071,0
2010,다다2392,in_age_072,0
2010,다다2392,in_age_073,8
2010,다다2392,in_age_074,5
2010,다다2392,in_age_075,5
2010,다다2392,in_age_076,8
2010,다다2392,in_age_077,5
2010,다다2392,in_age_079,5
2010,다다2392,to_in_001,23
2010,다다2392,to_in_007,8
2010,다다2392,to_in_008,18
2010,다다2398,in_age_003,0
2010,다다2398,in_age_007,5
2010,다다2398,in_age_008,0
2010,다다2398,in_age_009,5
2010,다다2398,in_age_011,0
2010,다다2398,in_age_012,5
2010,다다2398,in_age_013,5
2010,다다2398,in_age_014,5
2010,다다2398,in_age_015,5
2010,다다2398,in_age_016,5
2010,다다2398,in_age_021,0
2010,다다2398,in_age_033,0
2010,다다2398,in_age_037,5
2010,다다2398,in_age_038,0
2010,다다2398,in_age_039,0
2010,다다2398,in_age_042,0
2010,다다2398,in_age_044,0
2010,다다2398,in_age_045,0
2010,다다2398,in_age_046,5
2010,다다2398,in_age_069,0
2010,다다2398,in_age_071,0
2010,다다2398,in_age_072,0
2010,다다2398,in_age_073,5
2010,다다2398,in_age_074,0
2010,다다2398,in_age_075,5
2010,다다2398,in_age_076,0
2010,다다2398,in_age_081,0
2010,다다2398,to_in_001,23
2010,다다2398,to_in_007,8
2010,다다2398,to_in_008,13
2010,다다2399,in_age_013,0
2010,다다2399,in_age_014,5
2010,다다2399,in_age_015,0
2010,다다2399,in_age_017,5
2010,다다2399,in_age_045,0
2010,다다2399,in_age_047,0
2010,다다2399,in_age_073,0
2010,다다2399,in_age_074,5
2010,다다2399,in_age_077,5
2010,다다2399,to_in_001,8
2010,다다2399,to_in_007,5
2010,다다2399,to_in_008,8
2010,다다2400,in_age_001,0
2010,다다2400,in_age_002,5
2010,다다2400,in_age_003,8
2010,다다2400,in_age_004,8
2010,다다2400,in_age_005,0
2010,다다2400,in_age_006,5
2010,다다2400,in_age_007,5
2010,다다2400,in_age_008,8
2010,다다2400,in_age_009,8
2010,다다2400,in_age_010,5
2010,다다2400,in_age_011,8
2010,다다2400,in_age_012,5
2010,다다2400,in_age_013,5
2010,다다2400,in_age_014,13
2010,다다2400,in_age_015,8
2010,다다2400,in_age_016,5
2010,다다2400,in_age_017,5
2010,다다2400,in_age_018,5
2010,다다2400,in_age_019,0
2010,다다2400,in_age_032,0
2010,다다2400,in_age_033,8
2010,다다2400,in_age_034,5
2010,다다2400,in_age_035,0
2010,다다2400,in_age_037,0
2010,다다2400,in_age_038,8
2010,다다2400,in_age_039,5
2010,다다2400,in_age_040,5
2010,다다2400,in_age_041,0
2010,다다2400,in_age_042,0
2010,다다2400,in_age_043,0
2010,다다2400,in_age_044,5
2010,다다2400,in_age_045,5
2010,다다2400,in_age_046,0
2010,다다2400,in_age_048,0
2010,다다2400,in_age_061,0
2010,다다2400,in_age_062,0
2010,다다2400,in_age_063,5
2010,다다2400,in_age_064,5
2010,다다2400,in_age_066,5
2010,다다2400,in_age_067,0
2010,다다2400,in_age_068,5
2010,다다2400,in_age_069,5
2010,다다2400,in_age_070,0
2010,다다2400,in_age_071,5
2010,다다2400,in_age_072,5
2010,다다2400,in_age_073,5
2010,다다2400,in_age_074,8
2010,다다2400,in_age_075,5
2010,다다2400,in_age_076,5
2010,다다2400,in_age_077,5
2010,다다2400,in_age_078,5
2010,다다2400,in_age_079,0
2010,다다2400,to_in_001,83
2010,다다2400,to_in_007,38
2010,다다2400,to_in_008,43
2010,다다2401,in_age_012,0
2010,다다2401,in_age_014,5
2010,다다2401,in_age_044,5
2010,다다2401,in_age_072,0
2010,다다2401,to_in_001,5
2010,다다2401,to_in_007,5
2010,다다2401,to_in_008,0
2010,다다2402,in_age_001,5
2010,다다2402,in_age_002,5
2010,다다2402,in_age_003,0
2010,다다2402,in_age_004,5
2010,다다2402,in_age_006,0
2010,다다2402,in_age_008,5
2010,다다2402,in_age_009,5
2010,다다2402,in_age_010,5
2010,다다2402,in_age_012,0
2010,다다2402,in_age_013,5
2010,다다2402,in_age_014,5
2010,다다2402,in_age_015,5
2010,다다2402,in_age_016,5
2010,다다2402,in_age_031,0
2010,다다2402,in_age_032,0
2010,다다2402,in_age_033,0
2010,다다2402,in_age_034,0
2010,다다2402,in_age_038,0
2010,다다2402,in_age_039,0
2010,다다2402,in_age_040,5
2010,다다2402,in_age_043,0
2010,다다2402,in_age_044,0
2010,다다2402,in_age_045,5
2010,다다2402,in_age_046,5
2010,다다2402,in_age_061,0
2010,다다2402,in_age_062,0
2010,다다2402,in_age_064,0
2010,다다2402,in_age_066,0
2010,다다2402,in_age_068,0
2010,다다2402,in_age_069,5
2010,다다2402,in_age_072,0
2010,다다2402,in_age_073,5
2010,다다2402,in_age_074,5
2010,다다2402,in_age_075,0
2010,다다2402,to_in_001,28
2010,다다2402,to_in_007,13
2010,다다2402,to_in_008,13
2010,다다2404,in_age_001,5
2010,다다2404,in_age_003,0
2010,다다2404,in_age_004,0
2010,다다2404,in_age_005,5
2010,다다2404,in_age_007,5
2010,다다2404,in_age_010,5
2010,다다2404,in_age_011,5
2010,다다2404,in_age_012,0
2010,다다2404,in_age_013,5
2010,다다2404,in_age_014,5
2010,다다2404,in_age_031,5
2010,다다2404,in_age_033,0
2010,다다2404,in_age_034,0
2010,다다2404,in_age_037,0
2010,다다2404,in_age_040,5
2010,다다2404,in_age_041,0
2010,다다2404,in_age_043,0
2010,다다2404,in_age_044,0
2010,다다2404,in_age_065,5
2010,다다2404,in_age_067,0
2010,다다2404,in_age_070,5
2010,다다2404,in_age_071,5
2010,다다2404,in_age_072,0
2010,다다2404,in_age_073,0
2010,다다2404,in_age_074,0
2010,다다2404,to_in_001,18
2010,다다2404,to_in_007,8
2010,다다2404,to_in_008,8
2010,다다2405,in_age_012,5
2010,다다2405,in_age_013,0
2010,다다2405,in_age_016,0
2010,다다2405,in_age_043,0
2010,다다2405,in_age_046,0
2010,다다2405,in_age_072,5
2010,다다2405,to_in_001,5
2010,다다2405,to_in_007,5
2010,다다2405,to_in_008,5
2010,다다2406,in_age_001,0
2010,다다2406,in_age_002,8
2010,다다2406,in_age_003,8
2010,다다2406,in_age_004,18
2010,다다2406,in_age_005,5
2010,다다2406,in_age_006,13
2010,다다2406,in_age_007,5
2010,다다2406,in_age_008,8
2010,다다2406,in_age_009,18
2010,다다2406,in_age_010,18
2010,다다2406,in_age_011,13
2010,다다2406,in_age_012,8
2010,다다2406,in_age_013,13
2010,다다2406,in_age_014,18
2010,다다2406,in_age_015,18
2010,다다2406,in_age_016,8
2010,다다2406,in_age_017,8
2010,다다2406,in_age_018,5
2010,다다2406,in_age_031,0
2010,다다2406,in_age_032,5
2010,다다2406,in_age_033,8
2010,다다2406,in_age_034,8
2010,다다2406,in_age_035,5
2010,다다2406,in_age_036,8
2010,다다2406,in_age_037,5
2010,다다2406,in_age_038,8
2010,다다2406,in_age_039,8
2010,다다2406,in_age_040,13
2010,다다2406,in_age_041,8
2010,다다2406,in_age_042,5
2010,다다2406,in_age_043,8
2010,다다2406,in_age_044,13
2010,다다2406,in_age_045,8
2010,다다2406,in_age_048,0
2010,다다2406,in_age_062,5
2010,다다2406,in_age_063,5
2010,다다2406,in_age_064,8
2010,다다2406,in_age_065,0
2010,다다2406,in_age_066,8
2010,다다2406,in_age_067,5
2010,다다2406,in_age_068,5
2010,다다2406,in_age_069,8
2010,다다2406,in_age_070,8
2010,다다2406,in_age_071,5
2010,다다2406,in_age_072,5
2010,다다2406,in_age_073,8
2010,다다2406,in_age_074,8
2010,다다2406,in_age_075,13
2010,다다2406,in_age_076,8
2010,다다2406,in_age_077,8
2010,다다2406,in_age_078,5
2010,다다2406,to_in_001,183
2010,다다2406,to_in_007,98
2010,다다2406,to_in_008,88
2010,다다2472,in_age_012,5
2010,다다2472,in_age_013,0
2010,다다2472,in_age_043,0
2010,다다2472,in_age_072,5
2010,다다2472,to_in_001,5
2010,다다2472,to_in_007,0
2010,다다2472,to_in_008,5
2010,다다2490,in_age_005,0
2010,다다2490,in_age_007,0
2010,다다2490,in_age_011,5
2010,다다2490,in_age_013,0
2010,다다2490,in_age_037,0
2010,다다2490,in_age_041,0
2010,다다2490,in_age_043,0
2010,다다2490,in_age_065,0
2010,다다2490,in_age_071,0
2010,다다2490,to_in_001,5
2010,다다2490,to_in_007,5
2010,다다2490,to_in_008,5
2010,다다2492,in_age_001,5
2010,다다2492,in_age_002,8
2010,다다2492,in_age_003,8
2010,다다2492,in_age_004,8
2010,다다2492,in_age_005,5
2010,다다2492,in_age_006,5
2010,다다2492,in_age_007,8
2010,다다2492,in_age_008,8
2010,다다2492,in_age_009,8
2010,다다2492,in_age_010,13
2010,다다2492,in_age_011,13
2010,다다2492,in_age_012,13
2010,다다2492,in_age_013,18
2010,다다2492,in_age_014,23
2010,다다2492,in_age_015,29
2010,다다2492,in_age_016,18
2010,다다2492,in_age_017,13
2010,다다2492,in_age_018,8
2010,다다2492,in_age_019,0
2010,다다2492,in_age_032,5
2010,다다2492,in_age_033,5
2010,다다2492,in_age_034,5
2010,다다2492,in_age_035,5
2010,다다2492,in_age_036,5
2010,다다2492,in_age_037,5
2010,다다2492,in_age_038,8
2010,다다2492,in_age_039,8
2010,다다2492,in_age_040,8
2010,다다2492,in_age_041,8
2010,다다2492,in_age_042,8
2010,다다2492,in_age_043,8
2010,다다2492,in_age_044,13
2010,다다2492,in_age_045,8
2010,다다2492,in_age_046,5
2010,다다2492,in_age_047,5
2010,다다2492,in_age_061,5
2010,다다2492,in_age_062,5
2010,다다2492,in_age_063,5
2010,다다2492,in_age_064,8
2010,다다2492,in_age_065,5
2010,다다2492,in_age_066,0
2010,다다2492,in_age_067,8
2010,다다2492,in_age_069,5
2010,다다2492,in_age_070,8
2010,다다2492,in_age_071,8
2010,다다2492,in_age_072,8
2010,다다2492,in_age_073,8
2010,다다2492,in_age_074,8
2010,다다2492,in_age_075,19
2010,다다2492,in_age_076,13
2010,다다2492,in_age_077,8
2010,다다2492,in_age_078,8
2010,다다2492,in_age_079,0
2010,다다2492,to_in_001,204
2010,다다2492,to_in_007,83
2010,다다2492,to_in_008,119
2010,다다2493,in_age_011,5
2010,다다2493,in_age_014,5
2010,다다2493,in_age_015,0
2010,다다2493,in_age_017,0
2010,다다2493,in_age_041,0
2010,다다2493,in_age_045,0
2010,다다2493,in_age_047,0
2010,다다2493,in_age_071,0
2010,다다2493,in_age_074,5
2010,다다2493,to_in_001,5
2010,다다2493,to_in_007,5
2010,다다2493,to_in_008,5
2010,다다2494,in_age_010,0
2010,다다2494,in_age_040,0
2010,다다2494,to_in_001,0
2010,다다2494,to_in_007,0
2010,다다2494,to_in_008,0
2010,다다2499,in_age_001,5
2010,다다2499,in_age_002,5
2010,다다2499,in_age_003,8
2010,다다2499,in_age_005,5
2010,다다2499,in_age_006,5
2010,다다2499,in_age_007,8
2010,다다2499,in_age_008,5
2010,다다2499,in_age_009,5
2010,다다2499,in_age_010,5
2010,다다2499,in_age_011,5
2010,다다2499,in_age_012,8
2010,다다2499,in_age_013,8
2010,다다2499,in_age_014,5
2010,다다2499,in_age_015,5
2010,다다2499,in_age_016,5
2010,다다2499,in_age_017,5
2010,다다2499,in_age_018,0
2010,다다2499,in_age_019,0
2010,다다2499,in_age_031,0
2010,다다2499,in_age_032,5
2010,다다2499,in_age_033,5
2010,다다2499,in_age_035,0
2010,다다2499,in_age_036,0
2010,다다2499,in_age_038,5
2010,다다2499,in_age_040,5
2010,다다2499,in_age_041,5
2010,다다2499,in_age_042,5
2010,다다2499,in_age_043,5
2010,다다2499,in_age_044,0
2010,다다2499,in_age_045,5
2010,다다2499,in_age_047,5
2010,다다2499,in_age_049,0
2010,다다2499,in_age_061,5
2010,다다2499,in_age_062,0
2010,다다2499,in_age_063,8
2010,다다2499,in_age_065,0
2010,다다2499,in_age_066,5
2010,다다2499,in_age_067,8
2010,다다2499,in_age_068,0
2010,다다2499,in_age_069,5
2010,다다2499,in_age_071,5
2010,다다2499,in_age_072,5
2010,다다2499,in_age_073,5
2010,다다2499,in_age_074,0
2010,다다2499,in_age_075,5
2010,다다2499,in_age_076,5
2010,다다2499,in_age_077,5
2010,다다2499,in_age_078,0
2010,다다2499,to_in_001,63
2010,다다2499,to_in_007,28
2010,다다2499,to_in_008,38
2010,다다2501,in_age_003,0
2010,다다2501,in_age_010,5
2010,다다2501,in_age_012,0
2010,다다2501,in_age_040,0
2010,다다2501,in_age_063,0
2010,다다2501,in_age_070,0
2010,다다2501,in_age_072,0
2010,다다2501,to_in_001,5
2010,다다2501,to_in_007,0
2010,다다2501,to_in_008,5
2010,다다2502,in_age_001,5
2010,다다2502,in_age_002,8
2010,다다2502,in_age_003,0
2010,다다2502,in_age_004,5
2010,다다2502,in_age_005,8
2010,다다2502,in_age_006,8
2010,다다2502,in_age_007,8
2010,다다2502,in_age_008,5
2010,다다2502,in_age_009,5
2010,다다2502,in_age_010,0
2010,다다2502,in_age_011,13
2010,다다2502,in_age_012,8
2010,다다2502,in_age_013,13
2010,다다2502,in_age_014,8
2010,다다2502,in_age_015,13
2010,다다2502,in_age_016,5
2010,다다2502,in_age_017,5
2010,다다2502,in_age_018,8
2010,다다2502,in_age_019,5
2010,다다2502,in_age_020,5
2010,다다2502,in_age_031,5
2010,다다2502,in_age_032,5
2010,다다2502,in_age_034,5
2010,다다2502,in_age_035,5
2010,다다2502,in_age_036,5
2010,다다2502,in_age_037,5
2010,다다2502,in_age_038,5
2010,다다2502,in_age_039,5
2010,다다2502,in_age_041,8
2010,다다2502,in_age_042,5
2010,다다2502,in_age_043,5
2010,다다2502,in_age_044,5
2010,다다2502,in_age_045,5
2010,다다2502,in_age_046,5
2010,다다2502,in_age_048,5
2010,다다2502,in_age_050,0
2010,다다2502,in_age_061,0
2010,다다2502,in_age_062,5
2010,다다2502,in_age_063,0
2010,다다2502,in_age_065,5
2010,다다2502,in_age_066,5
2010,다다2502,in_age_067,5
2010,다다2502,in_age_068,5
2010,다다2502,in_age_069,0
2010,다다2502,in_age_070,0
2010,다다2502,in_age_071,8
2010,다다2502,in_age_072,5
2010,다다2502,in_age_073,8
2010,다다2502,in_age_074,5
2010,다다2502,in_age_075,8
2010,다다2502,in_age_076,5
2010,다다2502,in_age_077,5
2010,다다2502,in_age_078,8
2010,다다2502,in_age_079,5
2010,다다2502,in_age_080,0
2010,다다2502,to_in_001,103
2010,다다2502,to_in_007,53
2010,다다2502,to_in_008,53
2010,다다2505,in_age_001,13
2010,다다2505,in_age_002,8
2010,다다2505,in_age_003,8
2010,다다2505,in_age_004,8
2010,다다2505,in_age_005,28
2010,다다2505,in_age_006,62
2010,다다2505,in_age_007,44
2010,다다2505,in_age_008,47
2010,다다2505,in_age_009,29
2010,다다2505,in_age_010,14
2010,다다2505,in_age_011,8
2010,다다2505,in_age_012,8
2010,다다2505,in_age_013,8
2010,다다2505,in_age_015,5
2010,다다2505,in_age_016,5
2010,다다2505,in_age_031,5
2010,다다2505,in_age_032,5
2010,다다2505,in_age_033,8
2010,다다2505,in_age_034,5
2010,다다2505,in_age_035,9
2010,다다2505,in_age_036,27
2010,다다2505,in_age_037,16
2010,다다2505,in_age_038,18
2010,다다2505,in_age_039,13
2010,다다2505,in_age_040,11
2010,다다2505,in_age_041,5
2010,다다2505,in_age_042,8
2010,다다2505,in_age_043,5
2010,다다2505,in_age_045,0
2010,다다2505,in_age_046,0
2010,다다2505,in_age_061,8
2010,다다2505,in_age_062,5
2010,다다2505,in_age_063,5
2010,다다2505,in_age_064,5
2010,다다2505,in_age_065,19
2010,다다2505,in_age_066,35
2010,다다2505,in_age_067,33
2010,다다2505,in_age_068,31
2010,다다2505,in_age_069,18
2010,다다2505,in_age_070,5
2010,다다2505,in_age_071,5
2010,다다2505,in_age_072,5
2010,다다2505,in_age_073,5
2010,다다2505,in_age_075,5
2010,다다2505,in_age_076,0
2010,다다2505,to_in_001,275
2010,다다2505,to_in_007,112
2010,다다2505,to_in_008,166
2010,다다2506,in_age_001,23
2010,다다2506,in_age_002,43
2010,다다2506,in_age_003,63
2010,다다2506,in_age_004,58
2010,다다2506,in_age_005,38
2010,다다2506,in_age_006,53
2010,다다2506,in_age_007,44
2010,다다2506,in_age_008,55
2010,다다2506,in_age_009,69
2010,다다2506,in_age_010,81
2010,다다2506,in_age_011,58
2010,다다2506,in_age_012,38
2010,다다2506,in_age_013,43
2010,다다2506,in_age_014,59
2010,다다2506,in_age_015,59
2010,다다2506,in_age_016,48
2010,다다2506,in_age_017,18
2010,다다2506,in_age_018,8
2010,다다2506,in_age_019,5
2010,다다2506,in_age_021,5
2010,다다2506,in_age_031,13
2010,다다2506,in_age_032,18
2010,다다2506,in_age_033,38
2010,다다2506,in_age_034,28
2010,다다2506,in_age_035,23
2010,다다2506,in_age_036,28
2010,다다2506,in_age_037,24
2010,다다2506,in_age_038,34
2010,다다2506,in_age_039,38
2010,다다2506,in_age_040,40
2010,다다2506,in_age_041,38
2010,다다2506,in_age_042,18
2010,다다2506,in_age_043,18
2010,다다2506,in_age_044,24
2010,다다2506,in_age_045,23
2010,다다2506,in_age_046,23
2010,다다2506,in_age_047,5
2010,다다2506,in_age_048,0
2010,다다2506,in_age_051,5
2010,다다2506,in_age_061,13
2010,다다2506,in_age_062,28
2010,다다2506,in_age_063,23
2010,다다2506,in_age_064,28
2010,다다2506,in_age_065,13
2010,다다2506,in_age_066,28
2010,다다2506,in_age_067,23
2010,다다2506,in_age_068,24
2010,다다2506,in_age_069,29
2010,다다2506,in_age_070,39
2010,다다2506,in_age_071,18
2010,다다2506,in_age_072,23
2010,다다2506,in_age_073,23
2010,다다2506,in_age_074,33
2010,다다2506,in_age_075,39
2010,다다2506,in_age_076,28
2010,다다2506,in_age_077,13
2010,다다2506,in_age_078,8
2010,다다2506,in_age_079,5
2010,다다2506,to_in_001,862
2010,다다2506,to_in_007,428
2010,다다2506,to_in_008,432
2010,다다2507,in_age_007,5
2010,다다2507,in_age_008,0
2010,다다2507,in_age_009,5
2010,다다2507,in_age_037,5
2010,다다2507,in_age_038,0
2010,다다2507,in_age_039,0
2010,다다2507,in_age_069,0
2010,다다2507,to_in_001,5
2010,다다2507,to_in_007,5
2010,다다2507,to_in_008,0
2010,다다2590,in_age_010,0
2010,다다2590,in_age_040,0
2010,다다2590,to_in_001,0
2010,다다2590,to_in_007,0
2010,다다2590,to_in_008,0
2010,다다2592,in_age_001,8
2010,다다2592,in_age_002,5
2010,다다2592,in_age_003,5
2010,다다2592,in_age_004,8
2010,다다2592,in_age_005,0
2010,다다2592,in_age_006,5
2010,다다2592,in_age_007,8
2010,다다2592,in_age_008,5
2010,다다2592,in_age_009,8
2010,다다2592,in_age_010,8
2010,다다2592,in_age_011,5
2010,다다2592,in_age_012,8
2010,다다2592,in_age_013,13
2010,다다2592,in_age_014,8
2010,다다2592,in_age_015,8
2010,다다2592,in_age_016,5
2010,다다2592,in_age_017,8
2010,다다2592,in_age_018,17
2010,다다2592,in_age_019,5
2010,다다2592,in_age_020,0
2010,다다2592,in_age_021,5
2010,다다2592,in_age_031,5
2010,다다2592,in_age_032,5
2010,다다2592,in_age_033,5
2010,다다2592,in_age_034,5
2010,다다2592,in_age_035,0
2010,다다2592,in_age_036,5
2010,다다2592,in_age_037,5
2010,다다2592,in_age_038,5
2010,다다2592,in_age_039,5
2010,다다2592,in_age_040,5
2010,다다2592,in_age_041,5
2010,다다2592,in_age_042,0
2010,다다2592,in_age_043,5
2010,다다2592,in_age_044,5
2010,다다2592,in_age_045,5
2010,다다2592,in_age_046,5
2010,다다2592,in_age_047,5
2010,다다2592,in_age_048,5
2010,다다2592,in_age_061,5
2010,다다2592,in_age_063,0
2010,다다2592,in_age_064,5
2010,다다2592,in_age_067,8
2010,다다2592,in_age_068,0
2010,다다2592,in_age_069,5
2010,다다2592,in_age_070,5
2010,다다2592,in_age_071,5
2010,다다2592,in_age_072,8
2010,다다2592,in_age_073,8
2010,다다2592,in_age_074,8
2010,다다2592,in_age_075,5
2010,다다2592,in_age_076,5
2010,다다2592,in_age_077,8
2010,다다2592,in_age_078,14
2010,다다2592,in_age_079,5
2010,다다2592,in_age_080,0
2010,다다2592,in_age_081,5
2010,다다2592,to_in_001,112
2010,다다2592,to_in_007,48
2010,다다2592,to_in_008,62
2010,다다2593,in_age_002,5
2010,다다2593,in_age_003,5
2010,다다2593,in_age_004,5
2010,다다2593,in_age_007,5
2010,다다2593,in_age_008,0
2010,다다2593,in_age_009,0
2010,다다2593,in_age_010,8
2010,다다2593,in_age_011,5
2010,다다2593,in_age_012,0
2010,다다2593,in_age_013,5
2010,다다2593,in_age_016,0
2010,다다2593,in_age_018,8
2010,다다2593,in_age_032,0
2010,다다2593,in_age_033,5
2010,다다2593,in_age_034,5
2010,다다2593,in_age_037,0
2010,다다2593,in_age_038,0
2010,다다2593,in_age_040,5
2010,다다2593,in_age_041,5
2010,다다2593,in_age_043,0
2010,다다2593,in_age_062,0
2010,다다2593,in_age_067,0
2010,다다2593,in_age_069,0
2010,다다2593,in_age_070,5
2010,다다2593,in_age_071,0
2010,다다2593,in_age_072,0
2010,다다2593,in_age_073,0
2010,다다2593,in_age_076,0
2010,다다2593,in_age_078,8
2010,다다2593,to_in_001,28
2010,다다2593,to_in_007,13
2010,다다2593,to_in_008,13
2010,다다2599,in_age_007,0
2010,다다2599,in_age_011,5
2010,다다2599,in_age_013,5
2010,다다2599,in_age_014,5
2010,다다2599,in_age_016,0
2010,다다2599,in_age_041,5
2010,다다2599,in_age_043,0
2010,다다2599,in_age_044,0
2010,다다2599,in_age_046,0
2010,다다2599,in_age_067,0
2010,다다2599,in_age_071,0
2010,다다2599,in_age_073,0
2010,다다2599,in_age_074,5
2010,다다2599,to_in_001,8
2010,다다2599,to_in_007,5
2010,다다2599,to_in_008,5
2010,다다2601,in_age_007,5
2010,다다2601,in_age_013,5
2010,다다2601,in_age_015,0
2010,다다2601,in_age_037,5
2010,다다2601,in_age_043,0
2010,다다2601,in_age_045,0
2010,다다2601,in_age_073,5
2010,다다2601,to_in_001,8
2010,다다2601,to_in_007,5
2010,다다2601,to_in_008,5
2010,다다2602,in_age_001,8
2010,다다2602,in_age_002,13
2010,다다2602,in_age_003,13
2010,다다2602,in_age_004,8
2010,다다2602,in_age_005,8
2010,다다2602,in_age_006,8
2010,다다2602,in_age_007,13
2010,다다2602,in_age_008,8
2010,다다2602,in_age_009,8
2010,다다2602,in_age_010,13
2010,다다2602,in_age_011,23
2010,다다2602,in_age_012,18
2010,다다2602,in_age_013,28
2010,다다2602,in_age_014,28
2010,다다2602,in_age_015,33
2010,다다2602,in_age_016,18
2010,다다2602,in_age_017,13
2010,다다2602,in_age_018,8
2010,다다2602,in_age_019,5
2010,다다2602,in_age_031,8
2010,다다2602,in_age_032,8
2010,다다2602,in_age_033,8
2010,다다2602,in_age_034,5
2010,다다2602,in_age_035,5
2010,다다2602,in_age_036,5
2010,다다2602,in_age_037,8
2010,다다2602,in_age_038,5
2010,다다2602,in_age_039,5
2010,다다2602,in_age_040,8
2010,다다2602,in_age_041,13
2010,다다2602,in_age_042,8
2010,다다2602,in_age_043,13
2010,다다2602,in_age_044,13
2010,다다2602,in_age_045,18
2010,다다2602,in_age_046,5
2010,다다2602,in_age_047,5
2010,다다2602,in_age_048,0
2010,다다2602,in_age_049,0
2010,다다2602,in_age_061,8
2010,다다2602,in_age_062,5
2010,다다2602,in_age_063,8
2010,다다2602,in_age_064,5
2010,다다2602,in_age_065,5
2010,다다2602,in_age_066,5
2010,다다2602,in_age_067,5
2010,다다2602,in_age_068,8
2010,다다2602,in_age_069,8
2010,다다2602,in_age_070,8
2010,다다2602,in_age_071,13
2010,다다2602,in_age_072,13
2010,다다2602,in_age_073,13
2010,다다2602,in_age_074,13
2010,다다2602,in_age_075,13
2010,다다2602,in_age_076,13
2010,다다2602,in_age_077,8
2010,다다2602,in_age_078,8
2010,다다2602,in_age_079,0
2010,다다2602,to_in_001,273
2010,다다2602,to_in_007,128
2010,다다2602,to_in_008,143
2010,다다2603,in_age_006,5
2010,다다2603,in_age_011,5
2010,다다2603,in_age_015,0
2010,다다2603,in_age_036,5
2010,다다2603,in_age_041,0
2010,다다2603,in_age_066,0
2010,다다2603,in_age_071,5
2010,다다2603,in_age_075,0
2010,다다2603,to_in_001,8
2010,다다2603,to_in_007,5
2010,다다2603,to_in_008,5
2010,다다2606,in_age_001,0
2010,다다2606,in_age_002,5
2010,다다2606,in_age_003,5
2010,다다2606,in_age_004,13
2010,다다2606,in_age_005,5
2010,다다2606,in_age_006,8
2010,다다2606,in_age_007,5
2010,다다2606,in_age_008,8
2010,다다2606,in_age_009,8
2010,다다2606,in_age_010,8
2010,다다2606,in_age_011,13
2010,다다2606,in_age_012,8
2010,다다2606,in_age_013,8
2010,다다2606,in_age_014,8
2010,다다2606,in_age_015,8
2010,다다2606,in_age_016,5
2010,다다2606,in_age_017,5
2010,다다2606,in_age_018,5
2010,다다2606,in_age_019,5
2010,다다2606,in_age_032,5
2010,다다2606,in_age_033,5
2010,다다2606,in_age_034,5
2010,다다2606,in_age_036,5
2010,다다2606,in_age_037,0
2010,다다2606,in_age_038,5
2010,다다2606,in_age_039,5
2010,다다2606,in_age_040,5
2010,다다2606,in_age_041,8
2010,다다2606,in_age_042,5
2010,다다2606,in_age_043,5
2010,다다2606,in_age_044,5
2010,다다2606,in_age_045,5
2010,다다2606,in_age_046,5
2010,다다2606,in_age_047,5
2010,다다2606,in_age_061,0
2010,다다2606,in_age_063,5
2010,다다2606,in_age_064,8
2010,다다2606,in_age_065,5
2010,다다2606,in_age_066,5
2010,다다2606,in_age_067,5
2010,다다2606,in_age_068,5
2010,다다2606,in_age_069,5
2010,다다2606,in_age_070,8
2010,다다2606,in_age_071,5
2010,다다2606,in_age_072,5
2010,다다2606,in_age_073,5
2010,다다2606,in_age_074,5
2010,다다2606,in_age_075,8
2010,다다2606,in_age_076,0
2010,다다2606,in_age_077,0
2010,다다2606,in_age_078,5
2010,다다2606,in_age_079,5
2010,다다2606,to_in_001,98
2010,다다2606,to_in_007,43
2010,다다2606,to_in_008,53
2010,다다2607,in_age_001,8
2010,다다2607,in_age_002,13
2010,다다2607,in_age_003,23
2010,다다2607,in_age_004,13
2010,다다2607,in_age_005,8
2010,다다2607,in_age_006,13
2010,다다2607,in_age_007,13
2010,다다2607,in_age_008,18
2010,다다2607,in_age_009,18
2010,다다2607,in_age_010,13
2010,다다2607,in_age_011,18
2010,다다2607,in_age_012,8
2010,다다2607,in_age_013,18
2010,다다2607,in_age_014,33
2010,다다2607,in_age_015,24
2010,다다2607,in_age_016,13
2010,다다2607,in_age_017,8
2010,다다2607,in_age_018,8
2010,다다2607,in_age_020,0
2010,다다2607,in_age_031,5
2010,다다2607,in_age_032,8
2010,다다2607,in_age_033,13
2010,다다2607,in_age_034,8
2010,다다2607,in_age_035,0
2010,다다2607,in_age_036,8
2010,다다2607,in_age_037,8
2010,다다2607,in_age_038,13
2010,다다2607,in_age_039,8
2010,다다2607,in_age_040,8
2010,다다2607,in_age_041,13
2010,다다2607,in_age_042,5
2010,다다2607,in_age_043,8
2010,다다2607,in_age_044,8
2010,다다2607,in_age_045,13
2010,다다2607,in_age_046,8
2010,다다2607,in_age_047,0
2010,다다2607,in_age_048,5
2010,다다2607,in_age_061,5
2010,다다2607,in_age_062,8
2010,다다2607,in_age_063,13
2010,다다2607,in_age_064,5
2010,다다2607,in_age_065,5
2010,다다2607,in_age_066,5
2010,다다2607,in_age_067,5
2010,다다2607,in_age_068,8
2010,다다2607,in_age_069,8
2010,다다2607,in_age_070,5
2010,다다2607,in_age_071,8
2010,다다2607,in_age_072,8
2010,다다2607,in_age_073,13
2010,다다2607,in_age_074,23
2010,다다2607,in_age_075,14
2010,다다2607,in_age_076,8
2010,다다2607,in_age_077,8
2010,다다2607,in_age_078,8
2010,다다2607,in_age_080,0
2010,다다2607,to_in_001,264
2010,다다2607,to_in_007,123
2010,다다2607,to_in_008,139
2010,다다2689,in_age_002,0
2010,다다2689,in_age_003,0
2010,다다2689,in_age_007,5
2010,다다2689,in_age_008,0
2010,다다2689,in_age_009,5
2010,다다2689,in_age_010,5
2010,다다2689,in_age_011,5
2010,다다2689,in_age_012,5
2010,다다2689,in_age_013,5
2010,다다2689,in_age_014,8
2010,다다2689,in_age_015,8
2010,다다2689,in_age_016,5
2010,다다2689,in_age_018,0
2010,다다2689,in_age_032,0
2010,다다2689,in_age_037,5
2010,다다2689,in_age_038,0
2010,다다2689,in_age_039,5
2010,다다2689,in_age_040,0
2010,다다2689,in_age_041,5
2010,다다2689,in_age_042,0
2010,다다2689,in_age_043,5
2010,다다2689,in_age_044,5
2010,다다2689,in_age_045,5
2010,다다2689,in_age_063,0
2010,다다2689,in_age_067,0
2010,다다2689,in_age_070,5
2010,다다2689,in_age_071,0
2010,다다2689,in_age_072,5
2010,다다2689,in_age_073,5
2010,다다2689,in_age_074,5
2010,다다2689,in_age_075,5
2010,다다2689,in_age_076,5
2010,다다2689,in_age_078,0
2010,다다2689,to_in_001,38
2010,다다2689,to_in_007,18
2010,다다2689,to_in_008,18
2010,다다2690,in_age_001,5
2010,다다2690,in_age_002,5
2010,다다2690,in_age_003,8
2010,다다2690,in_age_004,5
2010,다다2690,in_age_005,5
2010,다다2690,in_age_006,5
2010,다다2690,in_age_008,5
2010,다다2690,in_age_009,8
2010,다다2690,in_age_010,13
2010,다다2690,in_age_011,13
2010,다다2690,in_age_012,13
2010,다다2690,in_age_013,18
2010,다다2690,in_age_014,13
2010,다다2690,in_age_015,35
2010,다다2690,in_age_016,28
2010,다다2690,in_age_017,13
2010,다다2690,in_age_018,8
2010,다다2690,in_age_019,5
2010,다다2690,in_age_031,0
2010,다다2690,in_age_032,0
2010,다다2690,in_age_033,8
2010,다다2690,in_age_035,5
2010,다다2690,in_age_036,5
2010,다다2690,in_age_038,5
2010,다다2690,in_age_039,5
2010,다다2690,in_age_040,5
2010,다다2690,in_age_041,8
2010,다다2690,in_age_042,5
2010,다다2690,in_age_043,8
2010,다다2690,in_age_044,8
2010,다다2690,in_age_045,13
2010,다다2690,in_age_046,13
2010,다다2690,in_age_047,5
2010,다다2690,in_age_048,0
2010,다다2690,in_age_061,5
2010,다다2690,in_age_062,5
2010,다다2690,in_age_063,5
2010,다다2690,in_age_064,5
2010,다다2690,in_age_065,0
2010,다다2690,in_age_068,5
2010,다다2690,in_age_069,5
2010,다다2690,in_age_070,8
2010,다다2690,in_age_071,5
2010,다다2690,in_age_072,8
2010,다다2690,in_age_073,8
2010,다다2690,in_age_074,8
2010,다다2690,in_age_075,25
2010,다다2690,in_age_076,18
2010,다다2690,in_age_077,13
2010,다다2690,in_age_078,8
2010,다다2690,in_age_079,5
2010,다다2690,to_in_001,190
2010,다다2690,to_in_007,78
2010,다다2690,to_in_008,115
2010,다다2692,in_age_001,13
2010,다다2692,in_age_002,13
2010,다다2692,in_age_003,13
2010,다다2692,in_age_004,8
2010,다다2692,in_age_005,5
2010,다다2692,in_age_006,8
2010,다다2692,in_age_007,8
2010,다다2692,in_age_008,8
2010,다다2692,in_age_009,18
2010,다다2692,in_age_010,23
2010,다다2692,in_age_011,33
2010,다다2692,in_age_012,23
2010,다다2692,in_age_013,23
2010,다다2692,in_age_014,28
2010,다다2692,in_age_015,43
2010,다다2692,in_age_016,38
2010,다다2692,in_age_017,18
2010,다다2692,in_age_018,8
2010,다다2692,in_age_019,5
2010,다다2692,in_age_031,8
2010,다다2692,in_age_032,8
2010,다다2692,in_age_033,8
2010,다다2692,in_age_034,5
2010,다다2692,in_age_035,0
2010,다다2692,in_age_036,5
2010,다다2692,in_age_037,5
2010,다다2692,in_age_038,8
2010,다다2692,in_age_039,8
2010,다다2692,in_age_040,13
2010,다다2692,in_age_041,18
2010,다다2692,in_age_042,8
2010,다다2692,in_age_043,13
2010,다다2692,in_age_044,13
2010,다다2692,in_age_045,18
2010,다다2692,in_age_046,8
2010,다다2692,in_age_047,8
2010,다다2692,in_age_048,5
2010,다다2692,in_age_061,8
2010,다다2692,in_age_062,8
2010,다다2692,in_age_063,8
2010,다다2692,in_age_064,5
2010,다다2692,in_age_065,5
2010,다다2692,in_age_066,8
2010,다다2692,in_age_067,5
2010,다다2692,in_age_068,8
2010,다다2692,in_age_069,8
2010,다다2692,in_age_070,8
2010,다다2692,in_age_071,13
2010,다다2692,in_age_072,13
2010,다다2692,in_age_073,8
2010,다다2692,in_age_074,18
2010,다다2692,in_age_075,23
2010,다다2692,in_age_076,28
2010,다다2692,in_age_077,13
2010,다다2692,in_age_078,5
2010,다다2692,in_age_079,5
2010,다다2692,to_in_001,333
2010,다다2692,to_in_007,153
2010,다다2692,to_in_008,183
2010,다다2693,in_age_002,5
2010,다다2693,in_age_003,0
2010,다다2693,in_age_004,8
2010,다다2693,in_age_005,0
2010,다다2693,in_age_006,5
2010,다다2693,in_age_008,8
2010,다다2693,in_age_009,5
2010,다다2693,in_age_010,8
2010,다다2693,in_age_011,8
2010,다다2693,in_age_012,5
2010,다다2693,in_age_013,8
2010,다다2693,in_age_014,5
2010,다다2693,in_age_015,8
2010,다다2693,in_age_016,8
2010,다다2693,in_age_018,0
2010,다다2693,in_age_019,0
2010,다다2693,in_age_032,0
2010,다다2693,in_age_034,5
2010,다다2693,in_age_035,0
2010,다다2693,in_age_036,5
2010,다다2693,in_age_038,5
2010,다다2693,in_age_039,5
2010,다다2693,in_age_040,5
2010,다다2693,in_age_041,5
2010,다다2693,in_age_043,5
2010,다다2693,in_age_044,5
2010,다다2693,in_age_045,5
2010,다다2693,in_age_046,5
2010,다다2693,in_age_049,0
2010,다다2693,in_age_062,5
2010,다다2693,in_age_063,0
2010,다다2693,in_age_064,5
2010,다다2693,in_age_068,8
2010,다다2693,in_age_069,0
2010,다다2693,in_age_070,5
2010,다다2693,in_age_071,5
2010,다다2693,in_age_072,5
2010,다다2693,in_age_073,5
2010,다다2693,in_age_074,5
2010,다다2693,in_age_075,5
2010,다다2693,in_age_076,5
2010,다다2693,in_age_078,0
2010,다다2693,to_in_001,58
2010,다다2693,to_in_007,33
2010,다다2693,to_in_008,28
2010,다다2699,in_age_003,5
2010,다다2699,in_age_007,0
2010,다다2699,in_age_008,5
2010,다다2699,in_age_010,0
2010,다다2699,in_age_012,5
2010,다다2699,in_age_013,5
2010,다다2699,in_age_014,5
2010,다다2699,in_age_015,5
2010,다다2699,in_age_016,0
2010,다다2699,in_age_017,0
2010,다다2699,in_age_033,0
2010,다다2699,in_age_037,0
2010,다다2699,in_age_038,0
2010,다다2699,in_age_042,5
2010,다다2699,in_age_043,5
2010,다다2699,in_age_045,0
2010,다다2699,in_age_046,0
2010,다다2699,in_age_063,0
2010,다다2699,in_age_068,0
2010,다다2699,in_age_070,0
2010,다다2699,in_age_072,0
2010,다다2699,in_age_073,5
2010,다다2699,in_age_074,5
2010,다다2699,in_age_075,5
2010,다다2699,in_age_077,0
2010,다다2699,to_in_001,23
2010,다다2699,to_in_007,8
2010,다다2699,to_in_008,13
2010,다다2700,in_age_009,0
2010,다다2700,in_age_011,5
2010,다다2700,in_age_013,0
2010,다다2700,in_age_014,5
2010,다다2700,in_age_015,5
2010,다다2700,in_age_016,5
2010,다다2700,in_age_039,0
2010,다다2700,in_age_041,5
2010,다다2700,in_age_045,5
2010,다다2700,in_age_046,5
2010,다다2700,in_age_073,0
2010,다다2700,in_age_074,5
2010,다다2700,in_age_075,5
2010,다다2700,to_in_001,8
2010,다다2700,to_in_007,8
2010,다다2700,to_in_008,5
2010,다다2701,in_age_011,0
2010,다다2701,in_age_014,0
2010,다다2701,in_age_044,0
2010,다다2701,in_age_071,0
2010,다다2701,to_in_001,5
2010,다다2701,to_in_007,0
2010,다다2701,to_in_008,0
2010,다다2705,in_age_012,0
2010,다다2705,in_age_014,5
2010,다다2705,in_age_044,5
2010,다다2705,in_age_072,0
2010,다다2705,to_in_001,5
2010,다다2705,to_in_007,5
2010,다다2705,to_in_008,0
2010,다다2706,in_age_002,5
2010,다다2706,in_age_003,5
2010,다다2706,in_age_007,5
2010,다다2706,in_age_008,0
2010,다다2706,in_age_009,0
2010,다다2706,in_age_010,0
2010,다다2706,in_age_011,5
2010,다다2706,in_age_012,0
2010,다다2706,in_age_013,0
2010,다다2706,in_age_015,0
2010,다다2706,in_age_033,0
2010,다다2706,in_age_037,0
2010,다다2706,in_age_038,0
2010,다다2706,in_age_040,0
2010,다다2706,in_age_041,5
2010,다다2706,in_age_045,0
2010,다다2706,in_age_062,5
2010,다다2706,in_age_063,0
2010,다다2706,in_age_067,0
2010,다다2706,in_age_069,0
2010,다다2706,in_age_072,0
2010,다다2706,in_age_073,0
2010,다다2706,to_in_001,13
2010,다다2706,to_in_007,8
2010,다다2706,to_in_008,8
2010,다다2707,in_age_001,5
2010,다다2707,in_age_002,5
2010,다다2707,in_age_003,8
2010,다다2707,in_age_004,8
2010,다다2707,in_age_006,5
2010,다다2707,in_age_007,5
2010,다다2707,in_age_008,8
2010,다다2707,in_age_009,8
2010,다다2707,in_age_010,5
2010,다다2707,in_age_011,5
2010,다다2707,in_age_012,5
2010,다다2707,in_age_013,5
2010,다다2707,in_age_014,8
2010,다다2707,in_age_015,5
2010,다다2707,in_age_016,8
2010,다다2707,in_age_017,5
2010,다다2707,in_age_019,0
2010,다다2707,in_age_031,5
2010,다다2707,in_age_032,0
2010,다다2707,in_age_033,5
2010,다다2707,in_age_034,8
2010,다다2707,in_age_036,0
2010,다다2707,in_age_037,0
2010,다다2707,in_age_038,5
2010,다다2707,in_age_039,5
2010,다다2707,in_age_040,5
2010,다다2707,in_age_041,5
2010,다다2707,in_age_042,0
2010,다다2707,in_age_043,5
2010,다다2707,in_age_044,0
2010,다다2707,in_age_045,5
2010,다다2707,in_age_046,0
2010,다다2707,in_age_047,5
2010,다다2707,in_age_061,5
2010,다다2707,in_age_062,0
2010,다다2707,in_age_063,5
2010,다다2707,in_age_064,5
2010,다다2707,in_age_066,0
2010,다다2707,in_age_067,5
2010,다다2707,in_age_068,5
2010,다다2707,in_age_069,5
2010,다다2707,in_age_071,5
2010,다다2707,in_age_072,5
2010,다다2707,in_age_074,8
2010,다다2707,in_age_075,0
2010,다다2707,in_age_076,5
2010,다다2707,in_age_077,0
2010,다다2707,in_age_079,0
2010,다다2707,to_in_001,83
2010,다다2707,to_in_007,38
2010,다다2707,to_in_008,43
2010,다다2789,in_age_001,5
2010,다다2789,in_age_002,5
2010,다다2789,in_age_005,5
2010,다다2789,in_age_006,5
2010,다다2789,in_age_007,0
2010,다다2789,in_age_008,5
2010,다다2789,in_age_009,0
2010,다다2789,in_age_010,5
2010,다다2789,in_age_011,8
2010,다다2789,in_age_012,8
2010,다다2789,in_age_013,5
2010,다다2789,in_age_014,13
2010,다다2789,in_age_015,8
2010,다다2789,in_age_016,5
2010,다다2789,in_age_017,5
2010,다다2789,in_age_018,5
2010,다다2789,in_age_031,5
2010,다다2789,in_age_032,0
2010,다다2789,in_age_035,5
2010,다다2789,in_age_036,0
2010,다다2789,in_age_038,5
2010,다다2789,in_age_039,0
2010,다다2789,in_age_040,5
2010,다다2789,in_age_041,5
2010,다다2789,in_age_042,8
2010,다다2789,in_age_043,5
2010,다다2789,in_age_044,5
2010,다다2789,in_age_045,5
2010,다다2789,in_age_046,5
2010,다다2789,in_age_047,0
2010,다다2789,in_age_061,0
2010,다다2789,in_age_062,0
2010,다다2789,in_age_066,5
2010,다다2789,in_age_067,0
2010,다다2789,in_age_068,0
2010,다다2789,in_age_070,5
2010,다다2789,in_age_071,5
2010,다다2789,in_age_072,5
2010,다다2789,in_age_073,5
2010,다다2789,in_age_074,8
2010,다다2789,in_age_075,5
2010,다다2789,in_age_076,0
2010,다다2789,in_age_077,0
2010,다다2789,in_age_078,5
2010,다다2789,to_in_001,68
2010,다다2789,to_in_007,33
2010,다다2789,to_in_008,33
2010,다다2790,in_age_001,5
2010,다다2790,in_age_002,5
2010,다다2790,in_age_004,8
2010,다다2790,in_age_005,0
2010,다다2790,in_age_006,5
2010,다다2790,in_age_007,5
2010,다다2790,in_age_008,5
2010,다다2790,in_age_009,5
2010,다다2790,in_age_010,8
2010,다다2790,in_age_011,8
2010,다다2790,in_age_012,8
2010,다다2790,in_age_013,8
2010,다다2790,in_age_014,18
2010,다다2790,in_age_015,18
2010,다다2790,in_age_016,8
2010,다다2790,in_age_017,5
2010,다다2790,in_age_031,0
2010,다다2790,in_age_032,5
2010,다다2790,in_age_034,5
2010,다다2790,in_age_036,5
2010,다다2790,in_age_037,5
2010,다다2790,in_age_038,5
2010,다다2790,in_age_039,0
2010,다다2790,in_age_040,5
2010,다다2790,in_age_041,5
2010,다다2790,in_age_042,5
2010,다다2790,in_age_043,5
2010,다다2790,in_age_044,8
2010,다다2790,in_age_045,8
2010,다다2790,in_age_046,5
2010,다다2790,in_age_061,0
2010,다다2790,in_age_062,0
2010,다다2790,in_age_064,5
2010,다다2790,in_age_065,0
2010,다다2790,in_age_066,5
2010,다다2790,in_age_068,5
2010,다다2790,in_age_069,0
2010,다다2790,in_age_070,5
2010,다다2790,in_age_071,5
2010,다다2790,in_age_072,5
2010,다다2790,in_age_073,5
2010,다다2790,in_age_074,8
2010,다다2790,in_age_075,8
2010,다다2790,in_age_076,5
2010,다다2790,in_age_077,5
2010,다다2790,to_in_001,108
2010,다다2790,to_in_007,53
2010,다다2790,to_in_008,53
2010,다다2791,in_age_001,5
2010,다다2791,in_age_002,5
2010,다다2791,in_age_003,5
2010,다다2791,in_age_004,5
2010,다다2791,in_age_005,5
2010,다다2791,in_age_006,0
2010,다다2791,in_age_007,5
2010,다다2791,in_age_008,0
2010,다다2791,in_age_009,5
2010,다다2791,in_age_010,5
2010,다다2791,in_age_011,5
2010,다다2791,in_age_012,5
2010,다다2791,in_age_013,8
2010,다다2791,in_age_014,8
2010,다다2791,in_age_015,13
2010,다다2791,in_age_016,8
2010,다다2791,in_age_017,8
2010,다다2791,in_age_018,0
2010,다다2791,in_age_031,0
2010,다다2791,in_age_032,5
2010,다다2791,in_age_033,5
2010,다다2791,in_age_034,5
2010,다다2791,in_age_035,0
2010,다다2791,in_age_037,5
2010,다다2791,in_age_038,0
2010,다다2791,in_age_039,5
2010,다다2791,in_age_040,5
2010,다다2791,in_age_041,0
2010,다다2791,in_age_042,5
2010,다다2791,in_age_044,8
2010,다다2791,in_age_045,5
2010,다다2791,in_age_046,5
2010,다다2791,in_age_047,8
2010,다다2791,in_age_061,5
2010,다다2791,in_age_063,0
2010,다다2791,in_age_064,0
2010,다다2791,in_age_065,0
2010,다다2791,in_age_066,0
2010,다다2791,in_age_069,0
2010,다다2791,in_age_070,5
2010,다다2791,in_age_071,0
2010,다다2791,in_age_073,8
2010,다다2791,in_age_074,5
2010,다다2791,in_age_075,8
2010,다다2791,in_age_076,5
2010,다다2791,in_age_077,8
2010,다다2791,in_age_078,0
2010,다다2791,to_in_001,73
2010,다다2791,to_in_007,33
2010,다다2791,to_in_008,38
2010,다다2792,in_age_002,0
2010,다다2792,in_age_003,5
2010,다다2792,in_age_004,0
2010,다다2792,in_age_008,5
2010,다다2792,in_age_009,0
2010,다다2792,in_age_010,0
2010,다다2792,in_age_011,5
2010,다다2792,in_age_017,0
2010,다다2792,in_age_018,0
2010,다다2792,in_age_032,0
2010,다다2792,in_age_034,0
2010,다다2792,in_age_039,0
2010,다다2792,in_age_041,5
2010,다다2792,in_age_047,0
2010,다다2792,in_age_063,5
2010,다다2792,in_age_068,5
2010,다다2792,in_age_070,0
2010,다다2792,in_age_078,0
2010,다다2792,to_in_001,8
2010,다다2792,to_in_007,5
2010,다다2792,to_in_008,8
2010,다다2797,in_age_003,0
2010,다다2797,in_age_004,0
2010,다다2797,in_age_009,0
2010,다다2797,in_age_010,5
2010,다다2797,in_age_012,0
2010,다다2797,in_age_013,8
2010,다다2797,in_age_014,0
2010,다다2797,in_age_033,0
2010,다다2797,in_age_034,0
2010,다다2797,in_age_040,5
2010,다다2797,in_age_043,5
2010,다다2797,in_age_044,0
2010,다다2797,in_age_069,0
2010,다다2797,in_age_072,0
2010,다다2797,in_age_073,5
2010,다다2797,to_in_001,8
2010,다다2797,to_in_007,8
2010,다다2797,to_in_008,5
2010,다다2798,in_age_004,0
2010,다다2798,in_age_006,5
2010,다다2798,in_age_007,5
2010,다다2798,in_age_008,5
2010,다다2798,in_age_009,5
2010,다다2798,in_age_010,5
2010,다다2798,in_age_011,5
2010,다다2798,in_age_012,5
2010,다다2798,in_age_013,5
2010,다다2798,in_age_015,0
2010,다다2798,in_age_016,0
2010,다다2798,in_age_034,0
2010,다다2798,in_age_036,0
2010,다다2798,in_age_037,0
2010,다다2798,in_age_039,5
2010,다다2798,in_age_040,0
2010,다다2798,in_age_041,5
2010,다다2798,in_age_042,5
2010,다다2798,in_age_043,0
2010,다다2798,in_age_045,0
2010,다다2798,in_age_046,0
2010,다다2798,in_age_066,0
2010,다다2798,in_age_067,0
2010,다다2798,in_age_068,5
2010,다다2798,in_age_069,0
2010,다다2798,in_age_070,5
2010,다다2798,in_age_071,0
2010,다다2798,in_age_073,5
2010,다다2798,to_in_001,23
2010,다다2798,to_in_007,13
2010,다다2798,to_in_008,13
2010,다다2799,in_age_002,5
2010,다다2799,in_age_005,5
2010,다다2799,in_age_007,5
2010,다다2799,in_age_008,5
2010,다다2799,in_age_009,5
2010,다다2799,in_age_010,5
2010,다다2799,in_age_011,8
2010,다다2799,in_age_012,13
2010,다다2799,in_age_013,8
2010,다다2799,in_age_014,13
2010,다다2799,in_age_015,13
2010,다다2799,in_age_016,5
2010,다다2799,in_age_017,5
2010,다다2799,in_age_018,5
2010,다다2799,in_age_032,0
2010,다다2799,in_age_037,5
2010,다다2799,in_age_038,5
2010,다다2799,in_age_039,5
2010,다다2799,in_age_040,0
2010,다다2799,in_age_041,8
2010,다다2799,in_age_042,5
2010,다다2799,in_age_043,8
2010,다다2799,in_age_044,8
2010,다다2799,in_age_045,5
2010,다다2799,in_age_046,5
2010,다다2799,in_age_047,0
2010,다다2799,in_age_048,0
2010,다다2799,in_age_062,5
2010,다다2799,in_age_065,5
2010,다다2799,in_age_068,0
2010,다다2799,in_age_070,5
2010,다다2799,in_age_071,8
2010,다다2799,in_age_072,8
2010,다다2799,in_age_073,5
2010,다다2799,in_age_074,8
2010,다다2799,in_age_075,8
2010,다다2799,in_age_076,0
2010,다다2799,in_age_077,5
2010,다다2799,in_age_078,5
2010,다다2799,to_in_001,83
2010,다다2799,to_in_007,38
2010,다다2799,to_in_008,43
2010,다다2806,in_age_001,0
2010,다다2806,in_age_008,0
2010,다다2806,in_age_010,0
2010,다다2806,in_age_014,5
2010,다다2806,in_age_015,0
2010,다다2806,in_age_038,0
2010,다다2806,in_age_044,0
2010,다다2806,in_age_061,0
2010,다다2806,in_age_070,0
2010,다다2806,in_age_074,0
2010,다다2806,in_age_075,0
2010,다다2806,to_in_001,8
2010,다다2806,to_in_007,5
2010,다다2806,to_in_008,5
2010,다다2807,in_age_009,5
2010,다다2807,in_age_011,0
2010,다다2807,in_age_013,0
2010,다다2807,in_age_014,5
2010,다다2807,in_age_015,8
2010,다다2807,in_age_016,7
2010,다다2807,in_age_017,22
2010,다다2807,in_age_018,20
2010,다다2807,in_age_019,7
2010,다다2807,in_age_020,5
2010,다다2807,in_age_021,0
2010,다다2807,in_age_039,0
2010,다다2807,in_age_041,0
2010,다다2807,in_age_044,5
2010,다다2807,in_age_045,5
2010,다다2807,in_age_047,0
2010,다다2807,in_age_048,5
2010,다다2807,in_age_069,0
2010,다다2807,in_age_073,0
2010,다다2807,in_age_075,5
2010,다다2807,in_age_076,7
2010,다다2807,in_age_077,22
2010,다다2807,in_age_078,15
2010,다다2807,in_age_079,7
2010,다다2807,in_age_080,5
2010,다다2807,in_age_081,0
2010,다다2807,to_in_001,74
2010,다다2807,to_in_007,13
2010,다다2807,to_in_008,64
2010,다다2890,in_age_002,8
2010,다다2890,in_age_003,8
2010,다다2890,in_age_004,0
2010,다다2890,in_age_007,5
2010,다다2890,in_age_008,5
2010,다다2890,in_age_009,8
2010,다다2890,in_age_010,8
2010,다다2890,in_age_011,8
2010,다다2890,in_age_012,8
2010,다다2890,in_age_013,8
2010,다다2890,in_age_014,13
2010,다다2890,in_age_015,13
2010,다다2890,in_age_016,8
2010,다다2890,in_age_017,8
2010,다다2890,in_age_018,8
2010,다다2890,in_age_019,0
2010,다다2890,in_age_032,5
2010,다다2890,in_age_033,5
2010,다다2890,in_age_034,0
2010,다다2890,in_age_037,5
2010,다다2890,in_age_038,5
2010,다다2890,in_age_039,5
2010,다다2890,in_age_040,5
2010,다다2890,in_age_041,5
2010,다다2890,in_age_042,5
2010,다다2890,in_age_043,5
2010,다다2890,in_age_044,5
2010,다다2890,in_age_045,8
2010,다다2890,in_age_046,5
2010,다다2890,in_age_047,5
2010,다다2890,in_age_048,5
2010,다다2890,in_age_049,0
2010,다다2890,in_age_062,5
2010,다다2890,in_age_063,5
2010,다다2890,in_age_067,0
2010,다다2890,in_age_068,0
2010,다다2890,in_age_069,5
2010,다다2890,in_age_070,5
2010,다다2890,in_age_071,8
2010,다다2890,in_age_072,5
2010,다다2890,in_age_073,8
2010,다다2890,in_age_074,8
2010,다다2890,in_age_075,8
2010,다다2890,in_age_076,8
2010,다다2890,in_age_077,8
2010,다다2890,in_age_078,5
2010,다다2890,to_in_001,103
2010,다다2890,to_in_007,48
2010,다다2890,to_in_008,58
2010,다다2891,in_age_001,0
2010,다다2891,in_age_002,5
2010,다다2891,in_age_003,8
2010,다다2891,in_age_004,5
2010,다다2891,in_age_006,0
2010,다다2891,in_age_007,0
2010,다다2891,in_age_008,5
2010,다다2891,in_age_009,5
2010,다다2891,in_age_010,5
2010,다다2891,in_age_011,5
2010,다다2891,in_age_012,5
2010,다다2891,in_age_013,5
2010,다다2891,in_age_014,8
2010,다다2891,in_age_015,8
2010,다다2891,in_age_016,8
2010,다다2891,in_age_017,5
2010,다다2891,in_age_020,0
2010,다다2891,in_age_031,0
2010,다다2891,in_age_032,0
2010,다다2891,in_age_037,0
2010,다다2891,in_age_038,0
2010,다다2891,in_age_039,5
2010,다다2891,in_age_040,5
2010,다다2891,in_age_041,5
2010,다다2891,in_age_042,5
2010,다다2891,in_age_043,0
2010,다다2891,in_age_044,8
2010,다다2891,in_age_045,5
2010,다다2891,in_age_046,5
2010,다다2891,in_age_047,0
2010,다다2891,in_age_062,5
2010,다다2891,in_age_063,8
2010,다다2891,in_age_064,5
2010,다다2891,in_age_066,0
2010,다다2891,in_age_068,5
2010,다다2891,in_age_070,0
2010,다다2891,in_age_072,0
2010,다다2891,in_age_073,5
2010,다다2891,in_age_074,5
2010,다다2891,in_age_075,5
2010,다다2891,in_age_076,5
2010,다다2891,in_age_077,0
2010,다다2891,in_age_080,0
2010,다다2891,to_in_001,43
2010,다다2891,to_in_007,18
2010,다다2891,to_in_008,28
2010,다다2892,in_age_001,5
2010,다다2892,in_age_002,5
2010,다다2892,in_age_003,5
2010,다다2892,in_age_004,5
2010,다다2892,in_age_006,5
2010,다다2892,in_age_008,8
2010,다다2892,in_age_009,5
2010,다다2892,in_age_010,5
2010,다다2892,in_age_011,5
2010,다다2892,in_age_012,0
2010,다다2892,in_age_013,5
2010,다다2892,in_age_014,8
2010,다다2892,in_age_015,5
2010,다다2892,in_age_016,5
2010,다다2892,in_age_017,0
2010,다다2892,in_age_018,0
2010,다다2892,in_age_031,5
2010,다다2892,in_age_032,5
2010,다다2892,in_age_034,5
2010,다다2892,in_age_036,0
2010,다다2892,in_age_038,5
2010,다다2892,in_age_039,5
2010,다다2892,in_age_040,5
2010,다다2892,in_age_041,5
2010,다다2892,in_age_043,0
2010,다다2892,in_age_044,5
2010,다다2892,in_age_045,5
2010,다다2892,in_age_046,5
2010,다다2892,in_age_061,0
2010,다다2892,in_age_062,0
2010,다다2892,in_age_063,5
2010,다다2892,in_age_064,0
2010,다다2892,in_age_066,5
2010,다다2892,in_age_068,0
2010,다다2892,in_age_069,5
2010,다다2892,in_age_070,5
2010,다다2892,in_age_071,5
2010,다다2892,in_age_072,0
2010,다다2892,in_age_073,0
2010,다다2892,in_age_074,5
2010,다다2892,in_age_075,5
2010,다다2892,in_age_077,0
2010,다다2892,in_age_078,0
2010,다다2892,to_in_001,53
2010,다다2892,to_in_007,28
2010,다다2892,to_in_008,28
2010,다다2893,in_age_001,0
2010,다다2893,in_age_002,0
2010,다다2893,in_age_003,5
2010,다다2893,in_age_005,5
2010,다다2893,in_age_006,0
2010,다다2893,in_age_007,5
2010,다다2893,in_age_008,5
2010,다다2893,in_age_009,5
2010,다다2893,in_age_010,5
2010,다다2893,in_age_011,0
2010,다다2893,in_age_012,5
2010,다다2893,in_age_013,8
2010,다다2893,in_age_014,5
2010,다다2893,in_age_015,5
2010,다다2893,in_age_016,5
2010,다다2893,in_age_017,5
2010,다다2893,in_age_031,0
2010,다다2893,in_age_033,0
2010,다다2893,in_age_035,0
2010,다다2893,in_age_038,5
2010,다다2893,in_age_039,5
2010,다다2893,in_age_040,0
2010,다다2893,in_age_041,0
2010,다다2893,in_age_043,5
2010,다다2893,in_age_044,5
2010,다다2893,in_age_045,0
2010,다다2893,in_age_046,0
2010,다다2893,in_age_062,0
2010,다다2893,in_age_063,0
2010,다다2893,in_age_065,0
2010,다다2893,in_age_066,0
2010,다다2893,in_age_067,5
2010,다다2893,in_age_068,5
2010,다다2893,in_age_070,5
2010,다다2893,in_age_072,5
2010,다다2893,in_age_073,5
2010,다다2893,in_age_074,0
2010,다다2893,in_age_075,5
2010,다다2893,in_age_076,5
2010,다다2893,in_age_077,5
2010,다다2893,to_in_001,43
2010,다다2893,to_in_007,18
2010,다다2893,to_in_008,23
2010,다다2894,in_age_001,8
2010,다다2894,in_age_002,5
2010,다다2894,in_age_003,5
2010,다다2894,in_age_004,5
2010,다다2894,in_age_006,8
2010,다다2894,in_age_007,5
2010,다다2894,in_age_008,5
2010,다다2894,in_age_009,8
2010,다다2894,in_age_010,5
2010,다다2894,in_age_011,8
2010,다다2894,in_age_012,8
2010,다다2894,in_age_013,18
2010,다다2894,in_age_014,13
2010,다다2894,in_age_015,23
2010,다다2894,in_age_016,8
2010,다다2894,in_age_017,8
2010,다다2894,in_age_018,5
2010,다다2894,in_age_031,5
2010,다다2894,in_age_032,5
2010,다다2894,in_age_033,5
2010,다다2894,in_age_034,5
2010,다다2894,in_age_036,5
2010,다다2894,in_age_037,0
2010,다다2894,in_age_038,5
2010,다다2894,in_age_039,5
2010,다다2894,in_age_040,0
2010,다다2894,in_age_041,5
2010,다다2894,in_age_042,5
2010,다다2894,in_age_043,8
2010,다다2894,in_age_044,8
2010,다다2894,in_age_045,8
2010,다다2894,in_age_046,5
2010,다다2894,in_age_061,5
2010,다다2894,in_age_062,0
2010,다다2894,in_age_063,5
2010,다다2894,in_age_066,5
2010,다다2894,in_age_067,5
2010,다다2894,in_age_068,5
2010,다다2894,in_age_069,5
2010,다다2894,in_age_070,5
2010,다다2894,in_age_071,5
2010,다다2894,in_age_072,8
2010,다다2894,in_age_073,8
2010,다다2894,in_age_074,8
2010,다다2894,in_age_075,13
2010,다다2894,in_age_076,8
2010,다다2894,in_age_077,8
2010,다다2894,in_age_078,5
2010,다다2894,to_in_001,123
2010,다다2894,to_in_007,53
2010,다다2894,to_in_008,68
2010,다다2895,in_age_009,5
2010,다다2895,in_age_011,0
2010,다다2895,in_age_014,0
2010,다다2895,in_age_015,5
2010,다다2895,in_age_016,0
2010,다다2895,in_age_017,0
2010,다다2895,in_age_039,5
2010,다다2895,in_age_041,0
2010,다다2895,in_age_045,5
2010,다다2895,in_age_074,0
2010,다다2895,in_age_076,0
2010,다다2895,in_age_077,0
2010,다다2895,to_in_001,8
2010,다다2895,to_in_007,8
2010,다다2895,to_in_008,5
2010,다다2896,in_age_001,5
2010,다다2896,in_age_002,5
2010,다다2896,in_age_003,8
2010,다다2896,in_age_004,0
2010,다다2896,in_age_005,5
2010,다다2896,in_age_006,0
2010,다다2896,in_age_007,0
2010,다다2896,in_age_008,5
2010,다다2896,in_age_009,5
2010,다다2896,in_age_010,0
2010,다다2896,in_age_011,0
2010,다다2896,in_age_012,8
2010,다다2896,in_age_013,5
2010,다다2896,in_age_014,8
2010,다다2896,in_age_015,5
2010,다다2896,in_age_016,5
2010,다다2896,in_age_017,8
2010,다다2896,in_age_032,0
2010,다다2896,in_age_033,5
2010,다다2896,in_age_038,0
2010,다다2896,in_age_039,5
2010,다다2896,in_age_040,0
2010,다다2896,in_age_042,5
2010,다다2896,in_age_043,5
2010,다다2896,in_age_044,5
2010,다다2896,in_age_045,5
2010,다다2896,in_age_046,0
2010,다다2896,in_age_047,5
2010,다다2896,in_age_061,5
2010,다다2896,in_age_062,5
2010,다다2896,in_age_063,5
2010,다다2896,in_age_064,0
2010,다다2896,in_age_065,5
2010,다다2896,in_age_066,0
2010,다다2896,in_age_067,0
2010,다다2896,in_age_068,5
2010,다다2896,in_age_069,0
2010,다다2896,in_age_071,0
2010,다다2896,in_age_072,5
2010,다다2896,in_age_073,0
2010,다다2896,in_age_074,5
2010,다다2896,in_age_075,0
2010,다다2896,in_age_076,5
2010,다다2896,in_age_077,8
2010,다다2896,to_in_001,53
2010,다다2896,to_in_007,23
2010,다다2896,to_in_008,28
2010,다다2897,in_age_001,5
2010,다다2897,in_age_002,8
2010,다다2897,in_age_003,8
2010,다다2897,in_age_004,13
2010,다다2897,in_age_005,5
2010,다다2897,in_age_006,8
2010,다다2897,in_age_007,5
2010,다다2897,in_age_008,13
2010,다다2897,in_age_009,13
2010,다다2897,in_age_010,13
2010,다다2897,in_age_011,13
2010,다다2897,in_age_012,28
2010,다다2897,in_age_013,18
2010,다다2897,in_age_014,28
2010,다다2897,in_age_015,23
2010,다다2897,in_age_016,18
2010,다다2897,in_age_017,18
2010,다다2897,in_age_018,5
2010,다다2897,in_age_019,5
2010,다다2897,in_age_031,5
2010,다다2897,in_age_032,8
2010,다다2897,in_age_033,5
2010,다다2897,in_age_034,8
2010,다다2897,in_age_035,5
2010,다다2897,in_age_036,5
2010,다다2897,in_age_037,0
2010,다다2897,in_age_038,8
2010,다다2897,in_age_039,8
2010,다다2897,in_age_040,8
2010,다다2897,in_age_041,5
2010,다다2897,in_age_042,13
2010,다다2897,in_age_043,13
2010,다다2897,in_age_044,8
2010,다다2897,in_age_045,8
2010,다다2897,in_age_046,5
2010,다다2897,in_age_047,8
2010,다다2897,in_age_048,5
2010,다다2897,in_age_049,5
2010,다다2897,in_age_061,5
2010,다다2897,in_age_062,0
2010,다다2897,in_age_063,5
2010,다다2897,in_age_064,8
2010,다다2897,in_age_066,8
2010,다다2897,in_age_067,5
2010,다다2897,in_age_068,8
2010,다다2897,in_age_069,8
2010,다다2897,in_age_070,8
2010,다다2897,in_age_071,13
2010,다다2897,in_age_072,13
2010,다다2897,in_age_073,8
2010,다다2897,in_age_074,18
2010,다다2897,in_age_075,13
2010,다다2897,in_age_076,13
2010,다다2897,in_age_077,13
2010,다다2897,in_age_078,5
2010,다다2897,in_age_079,0
2010,다다2897,to_in_001,243
2010,다다2897,to_in_007,108
2010,다다2897,to_in_008,133
2010,다다2898,in_age_001,0
2010,다다2898,in_age_002,8
2010,다다2898,in_age_003,5
2010,다다2898,in_age_004,5
2010,다다2898,in_age_006,5
2010,다다2898,in_age_007,5
2010,다다2898,in_age_008,5
2010,다다2898,in_age_009,8
2010,다다2898,in_age_010,8
2010,다다2898,in_age_011,13
2010,다다2898,in_age_012,8
2010,다다2898,in_age_013,8
2010,다다2898,in_age_014,18
2010,다다2898,in_age_015,8
2010,다다2898,in_age_016,8
2010,다다2898,in_age_017,8
2010,다다2898,in_age_018,8
2010,다다2898,in_age_031,0
2010,다다2898,in_age_032,5
2010,다다2898,in_age_033,5
2010,다다2898,in_age_034,0
2010,다다2898,in_age_036,5
2010,다다2898,in_age_037,5
2010,다다2898,in_age_039,5
2010,다다2898,in_age_040,8
2010,다다2898,in_age_041,8
2010,다다2898,in_age_042,8
2010,다다2898,in_age_043,5
2010,다다2898,in_age_044,8
2010,다다2898,in_age_045,5
2010,다다2898,in_age_046,5
2010,다다2898,in_age_047,5
2010,다다2898,in_age_048,5
2010,다다2898,in_age_062,5
2010,다다2898,in_age_063,5
2010,다다2898,in_age_064,5
2010,다다2898,in_age_066,0
2010,다다2898,in_age_067,5
2010,다다2898,in_age_068,5
2010,다다2898,in_age_069,5
2010,다다2898,in_age_070,5
2010,다다2898,in_age_071,8
2010,다다2898,in_age_072,5
2010,다다2898,in_age_073,5
2010,다다2898,in_age_074,8
2010,다다2898,in_age_075,5
2010,다다2898,in_age_076,8
2010,다다2898,in_age_077,5
2010,다다2898,in_age_078,5
2010,다다2898,to_in_001,108
2010,다다2898,to_in_007,53
2010,다다2898,to_in_008,58
2010,다다2899,in_age_009,0
2010,다다2899,in_age_010,5
2010,다다2899,in_age_011,8
2010,다다2899,in_age_012,5
2010,다다2899,in_age_013,5
2010,다다2899,in_age_014,5
2010,다다2899,in_age_015,8
2010,다다2899,in_age_016,5
2010,다다2899,in_age_017,5
2010,다다2899,in_age_018,0
2010,다다2899,in_age_039,0
2010,다다2899,in_age_040,0
2010,다다2899,in_age_041,5
2010,다다2899,in_age_042,5
2010,다다2899,in_age_043,5
2010,다다2899,in_age_044,5
2010,다다2899,in_age_045,5
2010,다다2899,in_age_047,5
2010,다다2899,in_age_070,0
2010,다다2899,in_age_071,5
2010,다다2899,in_age_072,0
2010,다다2899,in_age_073,0
2010,다다2899,in_age_074,5
2010,다다2899,in_age_075,8
2010,다다2899,in_age_076,5
2010,다다2899,in_age_078,0
2010,다다2899,to_in_001,33
2010,다다2899,to_in_007,13
2010,다다2899,to_in_008,18
2010,다다2905,in_age_001,0
2010,다다2905,in_age_008,0
2010,다다2905,in_age_009,5
2010,다다2905,in_age_016,0
2010,다다2905,in_age_031,0
2010,다다2905,in_age_039,5
2010,다다2905,in_age_068,0
2010,다다2905,in_age_076,0
2010,다다2905,to_in_001,5
2010,다다2905,to_in_007,5
2010,다다2905,to_in_008,5
2010,다다2906,in_age_003,0
2010,다다2906,in_age_004,0
2010,다다2906,in_age_007,0
2010,다다2906,in_age_008,0
2010,다다2906,in_age_009,0
2010,다다2906,in_age_010,5
2010,다다2906,in_age_011,5
2010,다다2906,in_age_012,5
2010,다다2906,in_age_016,0
2010,다다2906,in_age_017,5
2010,다다2906,in_age_033,0
2010,다다2906,in_age_038,0
2010,다다2906,in_age_040,5
2010,다다2906,in_age_041,5
2010,다다2906,in_age_042,5
2010,다다2906,in_age_046,0
2010,다다2906,in_age_047,0
2010,다다2906,in_age_064,0
2010,다다2906,in_age_067,0
2010,다다2906,in_age_069,0
2010,다다2906,in_age_071,5
2010,다다2906,in_age_077,5
2010,다다2906,to_in_001,18
2010,다다2906,to_in_007,8
2010,다다2906,to_in_008,8
2010,다다2907,in_age_001,8
2010,다다2907,in_age_002,8
2010,다다2907,in_age_003,18
2010,다다2907,in_age_004,18
2010,다다2907,in_age_005,13
2010,다다2907,in_age_006,18
2010,다다2907,in_age_007,19
2010,다다2907,in_age_008,23
2010,다다2907,in_age_009,18
2010,다다2907,in_age_010,18
2010,다다2907,in_age_011,18
2010,다다2907,in_age_012,23
2010,다다2907,in_age_013,23
2010,다다2907,in_age_014,25
2010,다다2907,in_age_015,28
2010,다다2907,in_age_016,18
2010,다다2907,in_age_017,13
2010,다다2907,in_age_018,8
2010,다다2907,in_age_019,8
2010,다다2907,in_age_020,5
2010,다다2907,in_age_031,5
2010,다다2907,in_age_032,8
2010,다다2907,in_age_033,8
2010,다다2907,in_age_034,8
2010,다다2907,in_age_035,8
2010,다다2907,in_age_036,8
2010,다다2907,in_age_037,14
2010,다다2907,in_age_038,13
2010,다다2907,in_age_039,13
2010,다다2907,in_age_040,13
2010,다다2907,in_age_041,8
2010,다다2907,in_age_042,13
2010,다다2907,in_age_043,13
2010,다다2907,in_age_044,8
2010,다다2907,in_age_045,13
2010,다다2907,in_age_046,8
2010,다다2907,in_age_047,5
2010,다다2907,in_age_048,5
2010,다다2907,in_age_049,0
2010,다다2907,in_age_061,5
2010,다다2907,in_age_062,5
2010,다다2907,in_age_063,8
2010,다다2907,in_age_064,8
2010,다다2907,in_age_065,5
2010,다다2907,in_age_066,8
2010,다다2907,in_age_067,8
2010,다다2907,in_age_068,8
2010,다다2907,in_age_069,5
2010,다다2907,in_age_070,8
2010,다다2907,in_age_071,13
2010,다다2907,in_age_072,13
2010,다다2907,in_age_073,13
2010,다다2907,in_age_074,15
2010,다다2907,in_age_075,18
2010,다다2907,in_age_076,8
2010,다다2907,in_age_077,8
2010,다다2907,in_age_078,8
2010,다다2907,in_age_079,5
2010,다다2907,in_age_080,5
2010,다다2907,to_in_001,321
2010,다다2907,to_in_007,159
2010,다다2907,to_in_008,160
2010,다다2989,in_age_006,0
2010,다다2989,in_age_008,0
2010,다다2989,in_age_010,5
2010,다다2989,in_age_011,0
2010,다다2989,in_age_012,5
2010,다다2989,in_age_013,5
2010,다다2989,in_age_036,0
2010,다다2989,in_age_038,0
2010,다다2989,in_age_040,0
2010,다다2989,in_age_041,0
2010,다다2989,in_age_043,5
2010,다다2989,in_age_070,5
2010,다다2989,in_age_072,5
2010,다다2989,to_in_001,8
2010,다다2989,to_in_007,5
2010,다다2989,to_in_008,5
2010,다다2990,in_age_001,5
2010,다다2990,in_age_002,5
2010,다다2990,in_age_003,5
2010,다다2990,in_age_004,5
2010,다다2990,in_age_005,8
2010,다다2990,in_age_006,5
2010,다다2990,in_age_007,0
2010,다다2990,in_age_008,8
2010,다다2990,in_age_009,8
2010,다다2990,in_age_010,8
2010,다다2990,in_age_011,18
2010,다다2990,in_age_012,8
2010,다다2990,in_age_013,13
2010,다다2990,in_age_014,13
2010,다다2990,in_age_015,13
2010,다다2990,in_age_016,8
2010,다다2990,in_age_017,5
2010,다다2990,in_age_018,0
2010,다다2990,in_age_019,0
2010,다다2990,in_age_031,0
2010,다다2990,in_age_032,0
2010,다다2990,in_age_033,0
2010,다다2990,in_age_034,5
2010,다다2990,in_age_035,8
2010,다다2990,in_age_036,5
2010,다다2990,in_age_037,0
2010,다다2990,in_age_038,5
2010,다다2990,in_age_039,5
2010,다다2990,in_age_040,5
2010,다다2990,in_age_041,8
2010,다다2990,in_age_042,5
2010,다다2990,in_age_043,8
2010,다다2990,in_age_044,5
2010,다다2990,in_age_045,5
2010,다다2990,in_age_046,8
2010,다다2990,in_age_047,0
2010,다다2990,in_age_061,0
2010,다다2990,in_age_062,0
2010,다다2990,in_age_063,5
2010,다다2990,in_age_064,0
2010,다다2990,in_age_065,5
2010,다다2990,in_age_068,5
2010,다다2990,in_age_069,8
2010,다다2990,in_age_070,5
2010,다다2990,in_age_071,8
2010,다다2990,in_age_072,5
2010,다다2990,in_age_073,8
2010,다다2990,in_age_074,8
2010,다다2990,in_age_075,8
2010,다다2990,in_age_076,5
2010,다다2990,in_age_077,0
2010,다다2990,in_age_078,0
2010,다다2990,in_age_079,0
2010,다다2990,to_in_001,123
2010,다다2990,to_in_007,58
2010,다다2990,to_in_008,63
2010,다다2991,in_age_001,152
2010,다다2991,in_age_002,148
2010,다다2991,in_age_003,165
2010,다다2991,in_age_004,67
2010,다다2991,in_age_005,23
2010,다다2991,in_age_006,81
2010,다다2991,in_age_007,148
2010,다다2991,in_age_008,199
2010,다다2991,in_age_009,157
2010,다다2991,in_age_010,97
2010,다다2991,in_age_011,95
2010,다다2991,in_age_012,49
2010,다다2991,in_age_013,39
2010,다다2991,in_age_014,28
2010,다다2991,in_age_015,23
2010,다다2991,in_age_016,13
2010,다다2991,in_age_017,8
2010,다다2991,in_age_018,8
2010,다다2991,in_age_019,5
2010,다다2991,in_age_020,5
2010,다다2991,in_age_031,78
2010,다다2991,in_age_032,74
2010,다다2991,in_age_033,85
2010,다다2991,in_age_034,39
2010,다다2991,in_age_035,8
2010,다다2991,in_age_036,30
2010,다다2991,in_age_037,68
2010,다다2991,in_age_038,94
2010,다다2991,in_age_039,93
2010,다다2991,in_age_040,51
2010,다다2991,in_age_041,63
2010,다다2991,in_age_042,24
2010,다다2991,in_age_043,18
2010,다다2991,in_age_044,13
2010,다다2991,in_age_045,8
2010,다다2991,in_age_046,8
2010,다다2991,in_age_047,5
2010,다다2991,in_age_048,5
2010,다다2991,in_age_061,74
2010,다다2991,in_age_062,76
2010,다다2991,in_age_063,80
2010,다다2991,in_age_064,33
2010,다다2991,in_age_065,13
2010,다다2991,in_age_066,51
2010,다다2991,in_age_067,80
2010,다다2991,in_age_068,105
2010,다다2991,in_age_069,67
2010,다다2991,in_age_070,49
2010,다다2991,in_age_071,32
2010,다다2991,in_age_072,23
2010,다다2991,in_age_073,19
2010,다다2991,in_age_074,18
2010,다다2991,in_age_075,13
2010,다다2991,in_age_076,8
2010,다다2991,in_age_077,5
2010,다다2991,in_age_078,5
2010,다다2991,in_age_079,5
2010,다다2991,in_age_080,5
2010,다다2991,to_in_001,1498
2010,다다2991,to_in_007,759
2010,다다2991,to_in_008,737
2010,다다2992,in_age_001,5
2010,다다2992,in_age_002,8
2010,다다2992,in_age_003,8
2010,다다2992,in_age_004,43
2010,다다2992,in_age_005,5
2010,다다2992,in_age_006,15
2010,다다2992,in_age_007,8
2010,다다2992,in_age_008,8
2010,다다2992,in_age_009,13
2010,다다2992,in_age_010,13
2010,다다2992,in_age_011,13
2010,다다2992,in_age_012,8
2010,다다2992,in_age_013,8
2010,다다2992,in_age_014,13
2010,다다2992,in_age_015,8
2010,다다2992,in_age_016,8
2010,다다2992,in_age_017,0
2010,다다2992,in_age_018,5
2010,다다2992,in_age_019,0
2010,다다2992,in_age_020,0
2010,다다2992,in_age_031,5
2010,다다2992,in_age_032,0
2010,다다2992,in_age_033,5
2010,다다2992,in_age_034,36
2010,다다2992,in_age_035,0
2010,다다2992,in_age_036,8
2010,다다2992,in_age_037,8
2010,다다2992,in_age_038,5
2010,다다2992,in_age_039,8
2010,다다2992,in_age_040,8
2010,다다2992,in_age_041,8
2010,다다2992,in_age_042,5
2010,다다2992,in_age_043,5
2010,다다2992,in_age_044,8
2010,다다2992,in_age_046,5
2010,다다2992,in_age_048,0
2010,다다2992,in_age_061,0
2010,다다2992,in_age_062,5
2010,다다2992,in_age_063,5
2010,다다2992,in_age_064,12
2010,다다2992,in_age_065,0
2010,다다2992,in_age_066,7
2010,다다2992,in_age_067,8
2010,다다2992,in_age_068,5
2010,다다2992,in_age_069,8
2010,다다2992,in_age_070,8
2010,다다2992,in_age_071,5
2010,다다2992,in_age_072,5
2010,다다2992,in_age_073,5
2010,다다2992,in_age_074,8
2010,다다2992,in_age_075,8
2010,다다2992,in_age_076,5
2010,다다2992,in_age_077,0
2010,다다2992,in_age_078,0
2010,다다2992,in_age_079,0
2010,다다2992,in_age_080,0
2010,다다2992,to_in_001,195
2010,다다2992,to_in_007,106
2010,다다2992,to_in_008,87
2010,다다2993,in_age_001,5
2010,다다2993,in_age_002,8
2010,다다2993,in_age_003,8
2010,다다2993,in_age_004,8
2010,다다2993,in_age_005,8
2010,다다2993,in_age_006,5
2010,다다2993,in_age_007,8
2010,다다2993,in_age_008,8
2010,다다2993,in_age_009,8
2010,다다2993,in_age_010,13
2010,다다2993,in_age_011,8
2010,다다2993,in_age_012,13
2010,다다2993,in_age_013,8
2010,다다2993,in_age_014,13
2010,다다2993,in_age_015,18
2010,다다2993,in_age_016,8
2010,다다2993,in_age_017,8
2010,다다2993,in_age_018,5
2010,다다2993,in_age_019,5
2010,다다2993,in_age_031,5
2010,다다2993,in_age_032,5
2010,다다2993,in_age_033,5
2010,다다2993,in_age_034,5
2010,다다2993,in_age_035,5
2010,다다2993,in_age_037,8
2010,다다2993,in_age_038,5
2010,다다2993,in_age_039,8
2010,다다2993,in_age_040,8
2010,다다2993,in_age_041,5
2010,다다2993,in_age_042,8
2010,다다2993,in_age_043,5
2010,다다2993,in_age_044,5
2010,다다2993,in_age_045,8
2010,다다2993,in_age_046,8
2010,다다2993,in_age_047,5
2010,다다2993,in_age_061,5
2010,다다2993,in_age_062,5
2010,다다2993,in_age_063,5
2010,다다2993,in_age_064,5
2010,다다2993,in_age_065,8
2010,다다2993,in_age_066,5
2010,다다2993,in_age_067,5
2010,다다2993,in_age_068,5
2010,다다2993,in_age_069,5
2010,다다2993,in_age_070,5
2010,다다2993,in_age_071,5
2010,다다2993,in_age_072,5
2010,다다2993,in_age_073,5
2010,다다2993,in_age_074,8
2010,다다2993,in_age_075,13
2010,다다2993,in_age_076,5
2010,다다2993,in_age_077,8
2010,다다2993,in_age_078,5
2010,다다2993,in_age_079,5
2010,다다2993,to_in_001,143
2010,다다2993,to_in_007,63
2010,다다2993,to_in_008,78
2010,다다2994,in_age_001,8
2010,다다2994,in_age_002,13
2010,다다2994,in_age_003,23
2010,다다2994,in_age_004,13
2010,다다2994,in_age_005,8
2010,다다2994,in_age_006,13
2010,다다2994,in_age_007,8
2010,다다2994,in_age_008,8
2010,다다2994,in_age_009,23
2010,다다2994,in_age_010,23
2010,다다2994,in_age_011,33
2010,다다2994,in_age_012,23
2010,다다2994,in_age_013,18
2010,다다2994,in_age_014,23
2010,다다2994,in_age_015,18
2010,다다2994,in_age_016,18
2010,다다2994,in_age_017,8
2010,다다2994,in_age_018,5
2010,다다2994,in_age_031,5
2010,다다2994,in_age_032,5
2010,다다2994,in_age_033,8
2010,다다2994,in_age_034,8
2010,다다2994,in_age_035,8
2010,다다2994,in_age_036,13
2010,다다2994,in_age_037,5
2010,다다2994,in_age_038,5
2010,다다2994,in_age_039,13
2010,다다2994,in_age_040,13
2010,다다2994,in_age_041,13
2010,다다2994,in_age_042,13
2010,다다2994,in_age_043,13
2010,다다2994,in_age_044,8
2010,다다2994,in_age_045,8
2010,다다2994,in_age_046,8
2010,다다2994,in_age_047,5
2010,다다2994,in_age_048,0
2010,다다2994,in_age_061,5
2010,다다2994,in_age_062,8
2010,다다2994,in_age_063,18
2010,다다2994,in_age_064,8
2010,다다2994,in_age_065,5
2010,다다2994,in_age_066,5
2010,다다2994,in_age_067,5
2010,다다2994,in_age_068,5
2010,다다2994,in_age_069,8
2010,다다2994,in_age_070,13
2010,다다2994,in_age_071,18
2010,다다2994,in_age_072,13
2010,다다2994,in_age_073,8
2010,다다2994,in_age_074,18
2010,다다2994,in_age_075,8
2010,다다2994,in_age_076,13
2010,다다2994,in_age_077,5
2010,다다2994,in_age_078,5
2010,다다2994,to_in_001,283
2010,다다2994,to_in_007,133
2010,다다2994,to_in_008,153
2010,다다2995,in_age_003,5
2010,다다2995,in_age_004,0
2010,다다2995,in_age_008,5
2010,다다2995,in_age_009,0
2010,다다2995,in_age_010,5
2010,다다2995,in_age_011,0
2010,다다2995,in_age_012,5
2010,다다2995,in_age_013,8
2010,다다2995,in_age_014,5
2010,다다2995,in_age_015,5
2010,다다2995,in_age_017,0
2010,다다2995,in_age_033,0
2010,다다2995,in_age_034,0
2010,다다2995,in_age_038,5
2010,다다2995,in_age_040,0
2010,다다2995,in_age_041,0
2010,다다2995,in_age_042,5
2010,다다2995,in_age_043,5
2010,다다2995,in_age_044,5
2010,다다2995,in_age_045,5
2010,다다2995,in_age_063,5
2010,다다2995,in_age_069,0
2010,다다2995,in_age_070,5
2010,다다2995,in_age_072,0
2010,다다2995,in_age_073,5
2010,다다2995,in_age_074,5
2010,다다2995,in_age_075,0
2010,다다2995,in_age_077,0
2010,다다2995,to_in_001,28
2010,다다2995,to_in_007,13
2010,다다2995,to_in_008,13
2010,다다2996,in_age_001,5
2010,다다2996,in_age_002,8
2010,다다2996,in_age_003,13
2010,다다2996,in_age_004,13
2010,다다2996,in_age_005,5
2010,다다2996,in_age_006,5
2010,다다2996,in_age_007,5
2010,다다2996,in_age_008,5
2010,다다2996,in_age_009,8
2010,다다2996,in_age_010,18
2010,다다2996,in_age_011,28
2010,다다2996,in_age_012,28
2010,다다2996,in_age_013,23
2010,다다2996,in_age_014,23
2010,다다2996,in_age_015,49
2010,다다2996,in_age_016,18
2010,다다2996,in_age_017,13
2010,다다2996,in_age_018,5
2010,다다2996,in_age_019,0
2010,다다2996,in_age_031,5
2010,다다2996,in_age_032,5
2010,다다2996,in_age_033,5
2010,다다2996,in_age_034,8
2010,다다2996,in_age_035,5
2010,다다2996,in_age_036,5
2010,다다2996,in_age_037,5
2010,다다2996,in_age_038,0
2010,다다2996,in_age_039,5
2010,다다2996,in_age_040,8
2010,다다2996,in_age_041,13
2010,다다2996,in_age_042,8
2010,다다2996,in_age_043,13
2010,다다2996,in_age_044,8
2010,다다2996,in_age_045,19
2010,다다2996,in_age_046,8
2010,다다2996,in_age_047,5
2010,다다2996,in_age_048,5
2010,다다2996,in_age_062,5
2010,다다2996,in_age_063,8
2010,다다2996,in_age_064,8
2010,다다2996,in_age_065,0
2010,다다2996,in_age_066,0
2010,다다2996,in_age_067,0
2010,다다2996,in_age_068,5
2010,다다2996,in_age_069,5
2010,다다2996,in_age_070,13
2010,다다2996,in_age_071,13
2010,다다2996,in_age_072,18
2010,다다2996,in_age_073,13
2010,다다2996,in_age_074,13
2010,다다2996,in_age_075,28
2010,다다2996,in_age_076,8
2010,다다2996,in_age_077,13
2010,다다2996,in_age_078,5
2010,다다2996,in_age_079,0
2010,다다2996,to_in_001,264
2010,다다2996,to_in_007,114
2010,다다2996,to_in_008,148
2010,다다2997,in_age_001,5
2010,다다2997,in_age_002,5
2010,다다2997,in_age_003,5
2010,다다2997,in_age_004,5
2010,다다2997,in_age_006,5
2010,다다2997,in_age_007,5
2010,다다2997,in_age_008,8
2010,다다2997,in_age_009,5
2010,다다2997,in_age_010,8
2010,다다2997,in_age_011,8
2010,다다2997,in_age_012,8
2010,다다2997,in_age_013,8
2010,다다2997,in_age_014,8
2010,다다2997,in_age_015,14
2010,다다2997,in_age_018,5
2010,다다2997,in_age_031,5
2010,다다2997,in_age_032,5
2010,다다2997,in_age_033,5
2010,다다2997,in_age_034,0
2010,다다2997,in_age_036,0
2010,다다2997,in_age_037,5
2010,다다2997,in_age_038,8
2010,다다2997,in_age_039,5
2010,다다2997,in_age_040,5
2010,다다2997,in_age_041,8
2010,다다2997,in_age_042,0
2010,다다2997,in_age_043,5
2010,다다2997,in_age_044,8
2010,다다2997,in_age_045,5
2010,다다2997,in_age_048,0
2010,다다2997,in_age_062,0
2010,다다2997,in_age_063,5
2010,다다2997,in_age_064,0
2010,다다2997,in_age_066,0
2010,다다2997,in_age_067,5
2010,다다2997,in_age_068,0
2010,다다2997,in_age_069,0
2010,다다2997,in_age_070,8
2010,다다2997,in_age_071,5
2010,다다2997,in_age_072,8
2010,다다2997,in_age_073,8
2010,다다2997,in_age_074,5
2010,다다2997,in_age_075,11
2010,다다2997,in_age_078,0
2010,다다2997,to_in_001,84
2010,다다2997,to_in_007,43
2010,다다2997,to_in_008,39
2010,다다2998,in_age_003,0
2010,다다2998,in_age_004,5
2010,다다2998,in_age_010,8
2010,다다2998,in_age_011,0
2010,다다2998,in_age_012,5
2010,다다2998,in_age_013,5
2010,다다2998,in_age_014,5
2010,다다2998,in_age_015,5
2010,다다2998,in_age_016,5
2010,다다2998,in_age_033,0
2010,다다2998,in_age_034,0
2010,다다2998,in_age_040,5
2010,다다2998,in_age_041,0
2010,다다2998,in_age_042,5
2010,다다2998,in_age_043,0
2010,다다2998,in_age_044,5
2010,다다2998,in_age_045,5
2010,다다2998,in_age_046,0
2010,다다2998,in_age_064,0
2010,다다2998,in_age_070,8
2010,다다2998,in_age_073,5
2010,다다2998,in_age_074,5
2010,다다2998,in_age_075,5
2010,다다2998,in_age_076,0
2010,다다2998,to_in_001,23
2010,다다2998,to_in_007,13
2010,다다2998,to_in_008,13
2010,다다3000,in_age_007,5
2010,다다3000,in_age_012,5
2010,다다3000,in_age_037,5
2010,다다3000,in_age_042,5
2010,다다3000,to_in_001,8
2010,다다3000,to_in_007,8
2010,다다3000,to_in_008,0
2010,다다3001,in_age_013,0
2010,다다3001,in_age_014,0
2010,다다3001,in_age_044,0
2010,다다3001,in_age_073,0
2010,다다3001,to_in_001,5
2010,다다3001,to_in_007,0
2010,다다3001,to_in_008,0
2010,다다3006,in_age_001,5
2010,다다3006,in_age_002,5
2010,다다3006,in_age_003,8
2010,다다3006,in_age_004,5
2010,다다3006,in_age_005,0
2010,다다3006,in_age_006,5
2010,다다3006,in_age_007,8
2010,다다3006,in_age_008,5
2010,다다3006,in_age_009,8
2010,다다3006,in_age_010,8
2010,다다3006,in_age_011,5
2010,다다3006,in_age_012,5
2010,다다3006,in_age_013,8
2010,다다3006,in_age_014,5
2010,다다3006,in_age_015,5
2010,다다3006,in_age_016,8
2010,다다3006,in_age_017,5
2010,다다3006,in_age_018,0
2010,다다3006,in_age_019,5
2010,다다3006,in_age_031,0
2010,다다3006,in_age_032,0
2010,다다3006,in_age_033,5
2010,다다3006,in_age_034,0
2010,다다3006,in_age_036,0
2010,다다3006,in_age_037,8
2010,다다3006,in_age_038,0
2010,다다3006,in_age_039,8
2010,다다3006,in_age_040,5
2010,다다3006,in_age_041,0
2010,다다3006,in_age_042,5
2010,다다3006,in_age_043,5
2010,다다3006,in_age_044,0
2010,다다3006,in_age_045,5
2010,다다3006,in_age_046,0
2010,다다3006,in_age_047,0
2010,다다3006,in_age_061,0
2010,다다3006,in_age_062,0
2010,다다3006,in_age_063,5
2010,다다3006,in_age_064,0
2010,다다3006,in_age_065,0
2010,다다3006,in_age_066,0
2010,다다3006,in_age_067,5
2010,다다3006,in_age_068,0
2010,다다3006,in_age_069,5
2010,다다3006,in_age_070,5
2010,다다3006,in_age_071,5
2010,다다3006,in_age_072,0
2010,다다3006,in_age_073,5
2010,다다3006,in_age_074,0
2010,다다3006,in_age_075,0
2010,다다3006,in_age_076,5
2010,다다3006,in_age_077,5
2010,다다3006,in_age_078,0
2010,다다3006,in_age_079,5
2010,다다3006,to_in_001,58
2010,다다3006,to_in_007,28
2010,다다3006,to_in_008,33
2010,다다3007,in_age_001,60
2010,다다3007,in_age_002,73
2010,다다3007,in_age_003,93
2010,다다3007,in_age_004,116
2010,다다3007,in_age_005,73
2010,다다3007,in_age_006,83
2010,다다3007,in_age_007,83
2010,다다3007,in_age_008,93
2010,다다3007,in_age_009,124
2010,다다3007,in_age_010,114
2010,다다3007,in_age_011,130
2010,다다3007,in_age_012,118
2010,다다3007,in_age_013,113
2010,다다3007,in_age_014,103
2010,다다3007,in_age_015,113
2010,다다3007,in_age_016,105
2010,다다3007,in_age_017,58
2010,다다3007,in_age_018,33
2010,다다3007,in_age_019,8
2010,다다3007,in_age_020,8
2010,다다3007,in_age_031,30
2010,다다3007,in_age_032,48
2010,다다3007,in_age_033,53
2010,다다3007,in_age_034,63
2010,다다3007,in_age_035,28
2010,다다3007,in_age_036,38
2010,다다3007,in_age_037,43
2010,다다3007,in_age_038,48
2010,다다3007,in_age_039,64
2010,다다3007,in_age_040,64
2010,다다3007,in_age_041,75
2010,다다3007,in_age_042,48
2010,다다3007,in_age_043,48
2010,다다3007,in_age_044,48
2010,다다3007,in_age_045,43
2010,다다3007,in_age_046,28
2010,다다3007,in_age_047,18
2010,다다3007,in_age_048,8
2010,다다3007,in_age_061,33
2010,다다3007,in_age_062,23
2010,다다3007,in_age_063,43
2010,다다3007,in_age_064,56
2010,다다3007,in_age_065,43
2010,다다3007,in_age_066,43
2010,다다3007,in_age_067,38
2010,다다3007,in_age_068,43
2010,다다3007,in_age_069,58
2010,다다3007,in_age_070,53
2010,다다3007,in_age_071,58
2010,다다3007,in_age_072,68
2010,다다3007,in_age_073,68
2010,다다3007,in_age_074,53
2010,다다3007,in_age_075,68
2010,다다3007,in_age_076,75
2010,다다3007,in_age_077,43
2010,다다3007,in_age_078,28
2010,다다3007,in_age_079,8
2010,다다3007,in_age_080,8
2010,다다3007,to_in_001,1704
2010,다다3007,to_in_007,794
2010,다다3007,to_in_008,913
2010,다다3089,in_age_002,0
2010,다다3089,in_age_004,5
2010,다다3089,in_age_006,0
2010,다다3089,in_age_008,5
2010,다다3089,in_age_009,5
2010,다다3089,in_age_010,0
2010,다다3089,in_age_011,5
2010,다다3089,in_age_012,0
2010,다다3089,in_age_013,5
2010,다다3089,in_age_014,0
2010,다다3089,in_age_032,0
2010,다다3089,in_age_034,5
2010,다다3089,in_age_038,5
2010,다다3089,in_age_039,5
2010,다다3089,in_age_040,0
2010,다다3089,in_age_041,0
2010,다다3089,in_age_043,0
2010,다다3089,in_age_044,0
2010,다다3089,in_age_066,0
2010,다다3089,in_age_069,0
2010,다다3089,in_age_071,0
2010,다다3089,in_age_072,0
2010,다다3089,in_age_073,0
2010,다다3089,to_in_001,13
2010,다다3089,to_in_007,8
2010,다다3089,to_in_008,5
2010,다다3090,in_age_001,5
2010,다다3090,in_age_002,5
2010,다다3090,in_age_003,5
2010,다다3090,in_age_004,5
2010,다다3090,in_age_005,5
2010,다다3090,in_age_006,8
2010,다다3090,in_age_007,8
2010,다다3090,in_age_008,8
2010,다다3090,in_age_009,8
2010,다다3090,in_age_010,8
2010,다다3090,in_age_011,13
2010,다다3090,in_age_012,13
2010,다다3090,in_age_013,13
2010,다다3090,in_age_014,8
2010,다다3090,in_age_015,13
2010,다다3090,in_age_016,8
2010,다다3090,in_age_017,14
2010,다다3090,in_age_018,5
2010,다다3090,in_age_031,0
2010,다다3090,in_age_033,5
2010,다다3090,in_age_034,0
2010,다다3090,in_age_035,5
2010,다다3090,in_age_036,8
2010,다다3090,in_age_037,5
2010,다다3090,in_age_038,8
2010,다다3090,in_age_039,5
2010,다다3090,in_age_040,5
2010,다다3090,in_age_041,8
2010,다다3090,in_age_042,8
2010,다다3090,in_age_043,8
2010,다다3090,in_age_044,5
2010,다다3090,in_age_045,8
2010,다다3090,in_age_046,0
2010,다다3090,in_age_047,5
2010,다다3090,in_age_048,0
2010,다다3090,in_age_061,0
2010,다다3090,in_age_062,5
2010,다다3090,in_age_063,5
2010,다다3090,in_age_064,0
2010,다다3090,in_age_065,0
2010,다다3090,in_age_066,5
2010,다다3090,in_age_067,5
2010,다다3090,in_age_068,5
2010,다다3090,in_age_069,5
2010,다다3090,in_age_070,8
2010,다다3090,in_age_071,8
2010,다다3090,in_age_072,5
2010,다다3090,in_age_073,8
2010,다다3090,in_age_074,5
2010,다다3090,in_age_075,8
2010,다다3090,in_age_076,8
2010,다다3090,in_age_077,11
2010,다다3090,in_age_078,0
2010,다다3090,to_in_001,139
2010,다다3090,to_in_007,73
2010,다다3090,to_in_008,69
2010,다다3091,in_age_001,122
2010,다다3091,in_age_002,168
2010,다다3091,in_age_003,250
2010,다다3091,in_age_004,194
2010,다다3091,in_age_005,74
2010,다다3091,in_age_006,163
2010,다다3091,in_age_007,177
2010,다다3091,in_age_008,233
2010,다다3091,in_age_009,290
2010,다다3091,in_age_010,264
2010,다다3091,in_age_011,298
2010,다다3091,in_age_012,232
2010,다다3091,in_age_013,196
2010,다다3091,in_age_014,130
2010,다다3091,in_age_015,126
2010,다다3091,in_age_016,53
2010,다다3091,in_age_017,38
2010,다다3091,in_age_018,8
2010,다다3091,in_age_019,0
2010,다다3091,in_age_031,76
2010,다다3091,in_age_032,84
2010,다다3091,in_age_033,120
2010,다다3091,in_age_034,108
2010,다다3091,in_age_035,39
2010,다다3091,in_age_036,72
2010,다다3091,in_age_037,91
2010,다다3091,in_age_038,120
2010,다다3091,in_age_039,130
2010,다다3091,in_age_040,123
2010,다다3091,in_age_041,145
2010,다다3091,in_age_042,110
2010,다다3091,in_age_043,100
2010,다다3091,in_age_044,61
2010,다다3091,in_age_045,69
2010,다다3091,in_age_046,23
2010,다다3091,in_age_047,8
2010,다다3091,in_age_048,5
2010,다다3091,in_age_061,49
2010,다다3091,in_age_062,87
2010,다다3091,in_age_063,128
2010,다다3091,in_age_064,89
2010,다다3091,in_age_065,33
2010,다다3091,in_age_066,94
2010,다다3091,in_age_067,89
2010,다다3091,in_age_068,116
2010,다다3091,in_age_069,158
2010,다다3091,in_age_070,139
2010,다다3091,in_age_071,151
2010,다다3091,in_age_072,120
2010,다다3091,in_age_073,94
2010,다다3091,in_age_074,72
2010,다다3091,in_age_075,60
2010,다다3091,in_age_076,33
2010,다다3091,in_age_077,28
2010,다다3091,in_age_078,8
2010,다다3091,in_age_079,0
2010,다다3091,to_in_001,3020
2010,다다3091,to_in_007,1476
2010,다다3091,to_in_008,1547
2010,다다3092,in_age_001,242
2010,다다3092,in_age_002,301
2010,다다3092,in_age_003,398
2010,다다3092,in_age_004,368
2010,다다3092,in_age_005,73
2010,다다3092,in_age_006,178
2010,다다3092,in_age_007,270
2010,다다3092,in_age_008,380
2010,다다3092,in_age_009,370
2010,다다3092,in_age_010,375
2010,다다3092,in_age_011,336
2010,다다3092,in_age_012,222
2010,다다3092,in_age_013,146
2010,다다3092,in_age_014,111
2010,다다3092,in_age_015,69
2010,다다3092,in_age_016,58
2010,다다3092,in_age_017,28
2010,다다3092,in_age_018,13
2010,다다3092,in_age_019,5
2010,다다3092,in_age_020,0
2010,다다3092,in_age_031,132
2010,다다3092,in_age_032,141
2010,다다3092,in_age_033,203
2010,다다3092,in_age_034,195
2010,다다3092,in_age_035,38
2010,다다3092,in_age_036,78
2010,다다3092,in_age_037,123
2010,다다3092,in_age_038,171
2010,다다3092,in_age_039,202
2010,다다3092,in_age_040,183
2010,다다3092,in_age_041,174
2010,다다3092,in_age_042,108
2010,다다3092,in_age_043,85
2010,다다3092,in_age_044,50
2010,다다3092,in_age_045,32
2010,다다3092,in_age_046,23
2010,다다3092,in_age_047,5
2010,다다3092,in_age_048,5
2010,다다3092,in_age_049,5
2010,다다3092,in_age_061,108
2010,다다3092,in_age_062,158
2010,다다3092,in_age_063,193
2010,다다3092,in_age_064,176
2010,다다3092,in_age_065,38
2010,다다3092,in_age_066,98
2010,다다3092,in_age_067,150
2010,다다3092,in_age_068,212
2010,다다3092,in_age_069,166
2010,다다3092,in_age_070,190
2010,다다3092,in_age_071,160
2010,다다3092,in_age_072,112
2010,다다3092,in_age_073,59
2010,다다3092,in_age_074,59
2010,다다3092,in_age_075,40
2010,다다3092,in_age_076,33
2010,다다3092,in_age_077,23
2010,다다3092,in_age_078,8
2010,다다3092,in_age_079,0
2010,다다3092,in_age_080,0
2010,다다3092,to_in_001,3942
2010,다다3092,to_in_007,1953
2010,다다3092,to_in_008,1987
2010,다다3093,in_age_001,5
2010,다다3093,in_age_002,0
2010,다다3093,in_age_004,5
2010,다다3093,in_age_005,0
2010,다다3093,in_age_007,8
2010,다다3093,in_age_008,0
2010,다다3093,in_age_009,8
2010,다다3093,in_age_010,8
2010,다다3093,in_age_011,18
2010,다다3093,in_age_012,8
2010,다다3093,in_age_013,13
2010,다다3093,in_age_014,8
2010,다다3093,in_age_015,8
2010,다다3093,in_age_016,5
2010,다다3093,in_age_018,5
2010,다다3093,in_age_031,0
2010,다다3093,in_age_032,0
2010,다다3093,in_age_034,5
2010,다다3093,in_age_035,0
2010,다다3093,in_age_037,5
2010,다다3093,in_age_038,0
2010,다다3093,in_age_039,5
2010,다다3093,in_age_040,5
2010,다다3093,in_age_041,8
2010,다다3093,in_age_042,5
2010,다다3093,in_age_043,5
2010,다다3093,in_age_044,8
2010,다다3093,in_age_045,5
2010,다다3093,in_age_046,5
2010,다다3093,in_age_061,0
2010,다다3093,in_age_064,0
2010,다다3093,in_age_067,5
2010,다다3093,in_age_069,5
2010,다다3093,in_age_070,5
2010,다다3093,in_age_071,8
2010,다다3093,in_age_072,8
2010,다다3093,in_age_073,8
2010,다다3093,in_age_074,5
2010,다다3093,in_age_075,5
2010,다다3093,in_age_076,5
2010,다다3093,in_age_078,5
2010,다다3093,to_in_001,83
2010,다다3093,to_in_007,43
2010,다다3093,to_in_008,38
2010,다다3101,in_age_003,0
2010,다다3101,in_age_004,0
2010,다다3101,in_age_009,0
2010,다다3101,in_age_010,5
2010,다다3101,in_age_033,0
2010,다다3101,in_age_034,0
2010,다다3101,in_age_040,5
2010,다다3101,in_age_069,0
2010,다다3101,to_in_001,5
2010,다다3101,to_in_007,5
2010,다다3101,to_in_008,0
2010,다다3102,in_age_010,5
2010,다다3102,in_age_040,5
2010,다다3102,to_in_001,5
2010,다다3102,to_in_007,5
2010,다다3102,to_in_008,0
2010,다다3105,in_age_011,0
2010,다다3105,in_age_041,0
2010,다다3105,to_in_001,0
2010,다다3105,to_in_007,0
2010,다다3105,to_in_008,0
2010,다다3107,in_age_002,5
2010,다다3107,in_age_003,0
2010,다다3107,in_age_004,0
2010,다다3107,in_age_009,5
2010,다다3107,in_age_010,0
2010,다다3107,in_age_032,5
2010,다다3107,in_age_040,0
2010,다다3107,in_age_063,0
2010,다다3107,in_age_064,0
2010,다다3107,in_age_069,5
2010,다다3107,to_in_001,8
2010,다다3107,to_in_007,5
2010,다다3107,to_in_008,5
2010,다다3178,in_age_008,0
2010,다다3178,in_age_011,8
2010,다다3178,in_age_012,5
2010,다다3178,in_age_013,8
2010,다다3178,in_age_014,8
2010,다다3178,in_age_015,8
2010,다다3178,in_age_016,8
2010,다다3178,in_age_017,8
2010,다다3178,in_age_018,0
2010,다다3178,in_age_038,0
2010,다다3178,in_age_041,5
2010,다다3178,in_age_043,8
2010,다다3178,in_age_044,5
2010,다다3178,in_age_045,5
2010,다다3178,in_age_046,0
2010,다다3178,in_age_047,5
2010,다다3178,in_age_071,5
2010,다다3178,in_age_072,5
2010,다다3178,in_age_073,5
2010,다다3178,in_age_074,5
2010,다다3178,in_age_075,5
2010,다다3178,in_age_076,8
2010,다다3178,in_age_077,5
2010,다다3178,in_age_078,0
2010,다다3178,to_in_001,48
2010,다다3178,to_in_007,18
2010,다다3178,to_in_008,28
2010,다다3179,in_age_002,5
2010,다다3179,in_age_003,0
2010,다다3179,in_age_008,5
2010,다다3179,in_age_009,5
2010,다다3179,in_age_010,0
2010,다다3179,in_age_011,5
2010,다다3179,in_age_012,5
2010,다다3179,in_age_013,8
2010,다다3179,in_age_014,5
2010,다다3179,in_age_015,8
2010,다다3179,in_age_016,8
2010,다다3179,in_age_017,5
2010,다다3179,in_age_018,0
2010,다다3179,in_age_032,5
2010,다다3179,in_age_038,5
2010,다다3179,in_age_039,0
2010,다다3179,in_age_041,5
2010,다다3179,in_age_042,5
2010,다다3179,in_age_043,0
2010,다다3179,in_age_044,5
2010,다다3179,in_age_045,5
2010,다다3179,in_age_046,5
2010,다다3179,in_age_047,5
2010,다다3179,in_age_063,0
2010,다다3179,in_age_069,5
2010,다다3179,in_age_070,0
2010,다다3179,in_age_071,0
2010,다다3179,in_age_072,5
2010,다다3179,in_age_073,8
2010,다다3179,in_age_074,5
2010,다다3179,in_age_075,5
2010,다다3179,in_age_076,8
2010,다다3179,in_age_078,0
2010,다다3179,to_in_001,48
2010,다다3179,to_in_007,23
2010,다다3179,to_in_008,23
2010,다다3188,in_age_002,0
2010,다다3188,in_age_009,5
2010,다다3188,in_age_032,0
2010,다다3188,in_age_039,0
2010,다다3188,in_age_069,0
2010,다다3188,to_in_001,5
2010,다다3188,to_in_007,5
2010,다다3188,to_in_008,0
2010,다다3189,in_age_001,0
2010,다다3189,in_age_003,0
2010,다다3189,in_age_004,5
2010,다다3189,in_age_006,0
2010,다다3189,in_age_009,5
2010,다다3189,in_age_011,5
2010,다다3189,in_age_012,5
2010,다다3189,in_age_013,5
2010,다다3189,in_age_014,5
2010,다다3189,in_age_031,0
2010,다다3189,in_age_036,0
2010,다다3189,in_age_039,0
2010,다다3189,in_age_041,5
2010,다다3189,in_age_042,5
2010,다다3189,in_age_043,5
2010,다다3189,in_age_044,5
2010,다다3189,in_age_063,0
2010,다다3189,in_age_064,5
2010,다다3189,in_age_069,0
2010,다다3189,in_age_071,0
2010,다다3189,in_age_072,5
2010,다다3189,to_in_001,18
2010,다다3189,to_in_007,8
2010,다다3189,to_in_008,8
2010,다다3190,in_age_001,28
2010,다다3190,in_age_002,44
2010,다다3190,in_age_003,74
2010,다다3190,in_age_004,53
2010,다다3190,in_age_005,18
2010,다다3190,in_age_006,48
2010,다다3190,in_age_007,43
2010,다다3190,in_age_008,62
2010,다다3190,in_age_009,70
2010,다다3190,in_age_010,70
2010,다다3190,in_age_011,79
2010,다다3190,in_age_012,65
2010,다다3190,in_age_013,48
2010,다다3190,in_age_014,48
2010,다다3190,in_age_015,74
2010,다다3190,in_age_016,48
2010,다다3190,in_age_017,23
2010,다다3190,in_age_018,13
2010,다다3190,in_age_019,5
2010,다다3190,in_age_020,0
2010,다다3190,in_age_031,13
2010,다다3190,in_age_032,24
2010,다다3190,in_age_033,39
2010,다다3190,in_age_034,28
2010,다다3190,in_age_035,8
2010,다다3190,in_age_036,23
2010,다다3190,in_age_037,23
2010,다다3190,in_age_038,30
2010,다다3190,in_age_039,45
2010,다다3190,in_age_040,33
2010,다다3190,in_age_041,43
2010,다다3190,in_age_042,33
2010,다다3190,in_age_043,23
2010,다다3190,in_age_044,18
2010,다다3190,in_age_045,33
2010,다다3190,in_age_046,18
2010,다다3190,in_age_047,8
2010,다다3190,in_age_048,5
2010,다다3190,in_age_061,18
2010,다다3190,in_age_062,23
2010,다다3190,in_age_063,38
2010,다다3190,in_age_064,23
2010,다다3190,in_age_065,13
2010,다다3190,in_age_066,23
2010,다다3190,in_age_067,23
2010,다다3190,in_age_068,30
2010,다다3190,in_age_069,28
2010,다다3190,in_age_070,35
2010,다다3190,in_age_071,39
2010,다다3190,in_age_072,30
2010,다다3190,in_age_073,23
2010,다다3190,in_age_074,33
2010,다다3190,in_age_075,39
2010,다다3190,in_age_076,28
2010,다다3190,in_age_077,18
2010,다다3190,in_age_078,8
2010,다다3190,in_age_079,5
2010,다다3190,in_age_080,0
2010,다다3190,to_in_001,912
2010,다다3190,to_in_007,434
2010,다다3190,to_in_008,476
2010,다다3191,in_age_001,133
2010,다다3191,in_age_002,154
2010,다다3191,in_age_003,234
2010,다다3191,in_age_004,140
2010,다다3191,in_age_005,68
2010,다다3191,in_age_006,156
2010,다다3191,in_age_007,211
2010,다다3191,in_age_008,198
2010,다다3191,in_age_009,223
2010,다다3191,in_age_010,254
2010,다다3191,in_age_011,337
2010,다다3191,in_age_012,274
2010,다다3191,in_age_013,293
2010,다다3191,in_age_014,202
2010,다다3191,in_age_015,193
2010,다다3191,in_age_016,119
2010,다다3191,in_age_017,63
2010,다다3191,in_age_018,48
2010,다다3191,in_age_019,13
2010,다다3191,in_age_020,5
2010,다다3191,in_age_031,70
2010,다다3191,in_age_032,79
2010,다다3191,in_age_033,131
2010,다다3191,in_age_034,73
2010,다다3191,in_age_035,33
2010,다다3191,in_age_036,81
2010,다다3191,in_age_037,104
2010,다다3191,in_age_038,111
2010,다다3191,in_age_039,124
2010,다다3191,in_age_040,115
2010,다다3191,in_age_041,156
2010,다다3191,in_age_042,136
2010,다다3191,in_age_043,144
2010,다다3191,in_age_044,100
2010,다다3191,in_age_045,85
2010,다다3191,in_age_046,43
2010,다다3191,in_age_047,18
2010,다다3191,in_age_048,8
2010,다다3191,in_age_049,5
2010,다다3191,in_age_061,66
2010,다다3191,in_age_062,78
2010,다다3191,in_age_063,101
2010,다다3191,in_age_064,65
2010,다다3191,in_age_065,33
2010,다다3191,in_age_066,73
2010,다다3191,in_age_067,110
2010,다다3191,in_age_068,85
2010,다다3191,in_age_069,102
2010,다다3191,in_age_070,142
2010,다다3191,in_age_071,184
2010,다다3191,in_age_072,136
2010,다다3191,in_age_073,147
2010,다다3191,in_age_074,100
2010,다다3191,in_age_075,111
2010,다다3191,in_age_076,74
2010,다다3191,in_age_077,43
2010,다다3191,in_age_078,38
2010,다다3191,in_age_079,13
2010,다다3191,in_age_080,5
2010,다다3191,to_in_001,3319
2010,다다3191,to_in_007,1610
2010,다다3191,to_in_008,1707
2010,다다3193,in_age_001,5
2010,다다3193,in_age_002,8
2010,다다3193,in_age_003,5
2010,다다3193,in_age_005,5
2010,다다3193,in_age_006,5
2010,다다3193,in_age_007,5
2010,다다3193,in_age_008,5
2010,다다3193,in_age_009,8
2010,다다3193,in_age_010,8
2010,다다3193,in_age_011,8
2010,다다3193,in_age_012,5
2010,다다3193,in_age_013,8
2010,다다3193,in_age_014,13
2010,다다3193,in_age_015,8
2010,다다3193,in_age_016,5
2010,다다3193,in_age_017,8
2010,다다3193,in_age_018,0
2010,다다3193,in_age_032,8
2010,다다3193,in_age_033,0
2010,다다3193,in_age_035,5
2010,다다3193,in_age_036,5
2010,다다3193,in_age_037,5
2010,다다3193,in_age_038,0
2010,다다3193,in_age_039,5
2010,다다3193,in_age_040,8
2010,다다3193,in_age_041,5
2010,다다3193,in_age_042,5
2010,다다3193,in_age_043,0
2010,다다3193,in_age_044,8
2010,다다3193,in_age_045,8
2010,다다3193,in_age_061,5
2010,다다3193,in_age_062,5
2010,다다3193,in_age_063,0
2010,다다3193,in_age_066,0
2010,다다3193,in_age_068,5
2010,다다3193,in_age_069,5
2010,다다3193,in_age_070,0
2010,다다3193,in_age_071,5
2010,다다3193,in_age_072,5
2010,다다3193,in_age_073,5
2010,다다3193,in_age_074,5
2010,다다3193,in_age_075,5
2010,다다3193,in_age_076,5
2010,다다3193,in_age_077,8
2010,다다3193,in_age_078,0
2010,다다3193,to_in_001,88
2010,다다3193,to_in_007,38
2010,다다3193,to_in_008,48
2010,다다3198,in_age_001,0
2010,다다3198,in_age_005,0
2010,다다3198,in_age_007,5
2010,다다3198,in_age_008,0
2010,다다3198,in_age_009,5
2010,다다3198,in_age_010,0
2010,다다3198,in_age_011,5
2010,다다3198,in_age_012,5
2010,다다3198,in_age_013,8
2010,다다3198,in_age_014,0
2010,다다3198,in_age_016,0
2010,다다3198,in_age_031,0
2010,다다3198,in_age_037,0
2010,다다3198,in_age_038,0
2010,다다3198,in_age_039,5
2010,다다3198,in_age_040,0
2010,다다3198,in_age_041,0
2010,다다3198,in_age_042,5
2010,다다3198,in_age_043,5
2010,다다3198,in_age_044,0
2010,다다3198,in_age_065,0
2010,다다3198,in_age_067,0
2010,다다3198,in_age_071,0
2010,다다3198,in_age_072,0
2010,다다3198,in_age_073,8
2010,다다3198,in_age_076,0
2010,다다3198,to_in_001,23
2010,다다3198,to_in_007,13
2010,다다3198,to_in_008,8
2010,다다3199,in_age_001,5
2010,다다3199,in_age_002,8
2010,다다3199,in_age_003,18
2010,다다3199,in_age_005,0
2010,다다3199,in_age_006,0
2010,다다3199,in_age_007,5
2010,다다3199,in_age_008,5
2010,다다3199,in_age_009,8
2010,다다3199,in_age_010,8
2010,다다3199,in_age_011,8
2010,다다3199,in_age_012,5
2010,다다3199,in_age_013,8
2010,다다3199,in_age_014,18
2010,다다3199,in_age_015,8
2010,다다3199,in_age_016,8
2010,다다3199,in_age_017,5
2010,다다3199,in_age_031,5
2010,다다3199,in_age_032,5
2010,다다3199,in_age_033,8
2010,다다3199,in_age_036,0
2010,다다3199,in_age_038,5
2010,다다3199,in_age_039,8
2010,다다3199,in_age_040,8
2010,다다3199,in_age_041,5
2010,다다3199,in_age_042,5
2010,다다3199,in_age_043,8
2010,다다3199,in_age_044,8
2010,다다3199,in_age_045,8
2010,다다3199,in_age_046,5
2010,다다3199,in_age_061,0
2010,다다3199,in_age_062,5
2010,다다3199,in_age_063,8
2010,다다3199,in_age_065,0
2010,다다3199,in_age_067,5
2010,다다3199,in_age_068,0
2010,다다3199,in_age_069,5
2010,다다3199,in_age_070,5
2010,다다3199,in_age_071,5
2010,다다3199,in_age_072,5
2010,다다3199,in_age_073,8
2010,다다3199,in_age_074,8
2010,다다3199,in_age_075,5
2010,다다3199,in_age_076,5
2010,다다3199,in_age_077,5
2010,다다3199,to_in_001,108
2010,다다3199,to_in_007,58
2010,다다3199,to_in_008,53
2010,다다3201,in_age_001,5
2010,다다3201,in_age_002,13
2010,다다3201,in_age_003,13
2010,다다3201,in_age_004,5
2010,다다3201,in_age_005,0
2010,다다3201,in_age_007,8
2010,다다3201,in_age_008,5
2010,다다3201,in_age_009,8
2010,다다3201,in_age_010,13
2010,다다3201,in_age_011,8
2010,다다3201,in_age_012,8
2010,다다3201,in_age_013,8
2010,다다3201,in_age_014,8
2010,다다3201,in_age_015,18
2010,다다3201,in_age_016,5
2010,다다3201,in_age_017,5
2010,다다3201,in_age_018,5
2010,다다3201,in_age_019,0
2010,다다3201,in_age_031,5
2010,다다3201,in_age_032,5
2010,다다3201,in_age_033,5
2010,다다3201,in_age_034,0
2010,다다3201,in_age_037,8
2010,다다3201,in_age_038,5
2010,다다3201,in_age_039,5
2010,다다3201,in_age_040,8
2010,다다3201,in_age_041,5
2010,다다3201,in_age_042,8
2010,다다3201,in_age_043,5
2010,다다3201,in_age_044,5
2010,다다3201,in_age_045,8
2010,다다3201,in_age_046,5
2010,다다3201,in_age_048,5
2010,다다3201,in_age_061,0
2010,다다3201,in_age_062,8
2010,다다3201,in_age_063,8
2010,다다3201,in_age_064,0
2010,다다3201,in_age_065,0
2010,다다3201,in_age_067,5
2010,다다3201,in_age_068,5
2010,다다3201,in_age_069,5
2010,다다3201,in_age_070,5
2010,다다3201,in_age_071,5
2010,다다3201,in_age_072,5
2010,다다3201,in_age_073,5
2010,다다3201,in_age_074,5
2010,다다3201,in_age_075,13
2010,다다3201,in_age_076,5
2010,다다3201,in_age_077,5
2010,다다3201,in_age_078,0
2010,다다3201,in_age_079,0
2010,다다3201,to_in_001,123
2010,다다3201,to_in_007,53
2010,다다3201,to_in_008,68
2010,다다3202,in_age_011,0
2010,다다3202,in_age_071,0
2010,다다3202,to_in_001,0
2010,다다3202,to_in_007,0
2010,다다3202,to_in_008,0
2010,다다3206,in_age_014,0
2010,다다3206,in_age_044,0
2010,다다3206,to_in_001,0
2010,다다3206,to_in_007,0
2010,다다3206,to_in_008,0
2010,다다3278,in_age_009,0
2010,다다3278,in_age_010,5
2010,다다3278,in_age_011,0
2010,다다3278,in_age_012,8
2010,다다3278,in_age_013,5
2010,다다3278,in_age_014,8
2010,다다3278,in_age_015,13
2010,다다3278,in_age_016,8
2010,다다3278,in_age_017,8
2010,다다3278,in_age_018,0
2010,다다3278,in_age_019,5
2010,다다3278,in_age_039,0
2010,다다3278,in_age_040,5
2010,다다3278,in_age_042,5
2010,다다3278,in_age_043,0
2010,다다3278,in_age_044,5
2010,다다3278,in_age_045,8
2010,다다3278,in_age_046,5
2010,다다3278,in_age_047,0
2010,다다3278,in_age_049,0
2010,다다3278,in_age_070,0
2010,다다3278,in_age_071,0
2010,다다3278,in_age_072,8
2010,다다3278,in_age_073,0
2010,다다3278,in_age_074,8
2010,다다3278,in_age_075,8
2010,다다3278,in_age_076,8
2010,다다3278,in_age_077,8
2010,다다3278,in_age_078,0
2010,다다3278,in_age_079,5
2010,다다3278,to_in_001,58
2010,다다3278,to_in_007,23
2010,다다3278,to_in_008,38
2010,다다3281,in_age_007,0
2010,다다3281,in_age_008,0
2010,다다3281,in_age_009,0
2010,다다3281,in_age_010,0
2010,다다3281,in_age_011,5
2010,다다3281,in_age_012,5
2010,다다3281,in_age_014,5
2010,다다3281,in_age_015,8
2010,다다3281,in_age_016,8
2010,다다3281,in_age_017,5
2010,다다3281,in_age_018,5
2010,다다3281,in_age_037,0
2010,다다3281,in_age_038,0
2010,다다3281,in_age_039,0
2010,다다3281,in_age_040,0
2010,다다3281,in_age_042,5
2010,다다3281,in_age_045,5
2010,다다3281,in_age_046,5
2010,다다3281,in_age_048,5
2010,다다3281,in_age_071,5
2010,다다3281,in_age_074,5
2010,다다3281,in_age_075,5
2010,다다3281,in_age_076,5
2010,다다3281,in_age_077,5
2010,다다3281,to_in_001,23
2010,다다3281,to_in_007,13
2010,다다3281,to_in_008,8
2010,다다3289,in_age_001,5
2010,다다3289,in_age_002,8
2010,다다3289,in_age_003,5
2010,다다3289,in_age_004,5
2010,다다3289,in_age_005,8
2010,다다3289,in_age_006,8
2010,다다3289,in_age_007,8
2010,다다3289,in_age_008,5
2010,다다3289,in_age_009,8
2010,다다3289,in_age_010,13
2010,다다3289,in_age_011,18
2010,다다3289,in_age_012,13
2010,다다3289,in_age_013,13
2010,다다3289,in_age_014,13
2010,다다3289,in_age_015,8
2010,다다3289,in_age_016,5
2010,다다3289,in_age_017,5
2010,다다3289,in_age_018,0
2010,다다3289,in_age_031,5
2010,다다3289,in_age_032,0
2010,다다3289,in_age_033,5
2010,다다3289,in_age_034,5
2010,다다3289,in_age_035,0
2010,다다3289,in_age_036,8
2010,다다3289,in_age_037,8
2010,다다3289,in_age_038,5
2010,다다3289,in_age_039,8
2010,다다3289,in_age_040,5
2010,다다3289,in_age_041,8
2010,다다3289,in_age_042,8
2010,다다3289,in_age_043,8
2010,다다3289,in_age_044,5
2010,다다3289,in_age_045,5
2010,다다3289,in_age_046,5
2010,다다3289,in_age_047,5
2010,다다3289,in_age_061,0
2010,다다3289,in_age_062,8
2010,다다3289,in_age_064,5
2010,다다3289,in_age_065,8
2010,다다3289,in_age_066,5
2010,다다3289,in_age_068,5
2010,다다3289,in_age_069,5
2010,다다3289,in_age_070,8
2010,다다3289,in_age_071,13
2010,다다3289,in_age_072,5
2010,다다3289,in_age_073,8
2010,다다3289,in_age_074,8
2010,다다3289,in_age_075,5
2010,다다3289,in_age_076,5
2010,다다3289,in_age_077,5
2010,다다3289,in_age_078,0
2010,다다3289,to_in_001,133
2010,다다3289,to_in_007,68
2010,다다3289,to_in_008,63
2010,다다3290,in_age_001,5
2010,다다3290,in_age_002,8
2010,다다3290,in_age_003,5
2010,다다3290,in_age_004,0
2010,다다3290,in_age_006,0
2010,다다3290,in_age_007,5
2010,다다3290,in_age_008,5
2010,다다3290,in_age_009,5
2010,다다3290,in_age_011,5
2010,다다3290,in_age_012,5
2010,다다3290,in_age_013,0
2010,다다3290,in_age_014,5
2010,다다3290,in_age_015,5
2010,다다3290,in_age_016,5
2010,다다3290,in_age_031,0
2010,다다3290,in_age_032,8
2010,다다3290,in_age_033,0
2010,다다3290,in_age_034,0
2010,다다3290,in_age_037,0
2010,다다3290,in_age_038,0
2010,다다3290,in_age_039,5
2010,다다3290,in_age_041,0
2010,다다3290,in_age_042,0
2010,다다3290,in_age_043,0
2010,다다3290,in_age_044,5
2010,다다3290,in_age_045,5
2010,다다3290,in_age_046,5
2010,다다3290,in_age_061,0
2010,다다3290,in_age_062,5
2010,다다3290,in_age_063,0
2010,다다3290,in_age_066,0
2010,다다3290,in_age_067,0
2010,다다3290,in_age_068,0
2010,다다3290,in_age_069,0
2010,다다3290,in_age_071,0
2010,다다3290,in_age_072,5
2010,다다3290,in_age_074,0
2010,다다3290,in_age_075,5
2010,다다3290,to_in_001,38
2010,다다3290,to_in_007,23
2010,다다3290,to_in_008,18
2010,다다3291,in_age_001,12
2010,다다3291,in_age_002,8
2010,다다3291,in_age_003,23
2010,다다3291,in_age_004,30
2010,다다3291,in_age_005,8
2010,다다3291,in_age_006,23
2010,다다3291,in_age_007,21
2010,다다3291,in_age_008,24
2010,다다3291,in_age_009,18
2010,다다3291,in_age_010,23
2010,다다3291,in_age_011,23
2010,다다3291,in_age_012,24
2010,다다3291,in_age_013,23
2010,다다3291,in_age_014,18
2010,다다3291,in_age_015,8
2010,다다3291,in_age_016,13
2010,다다3291,in_age_017,5
2010,다다3291,in_age_018,5
2010,다다3291,in_age_019,5
2010,다다3291,in_age_031,7
2010,다다3291,in_age_032,5
2010,다다3291,in_age_033,13
2010,다다3291,in_age_034,15
2010,다다3291,in_age_035,8
2010,다다3291,in_age_036,12
2010,다다3291,in_age_037,12
2010,다다3291,in_age_038,14
2010,다다3291,in_age_039,8
2010,다다3291,in_age_040,13
2010,다다3291,in_age_041,8
2010,다다3291,in_age_042,13
2010,다다3291,in_age_043,13
2010,다다3291,in_age_044,8
2010,다다3291,in_age_045,8
2010,다다3291,in_age_046,5
2010,다다3291,in_age_047,0
2010,다다3291,in_age_048,0
2010,다다3291,in_age_049,0
2010,다다3291,in_age_061,5
2010,다다3291,in_age_062,8
2010,다다3291,in_age_063,8
2010,다다3291,in_age_064,18
2010,다다3291,in_age_065,5
2010,다다3291,in_age_066,16
2010,다다3291,in_age_067,11
2010,다다3291,in_age_068,8
2010,다다3291,in_age_069,13
2010,다다3291,in_age_070,13
2010,다다3291,in_age_071,13
2010,다다3291,in_age_072,14
2010,다다3291,in_age_073,13
2010,다다3291,in_age_074,8
2010,다다3291,in_age_075,0
2010,다다3291,in_age_076,13
2010,다다3291,in_age_077,5
2010,다다3291,in_age_078,5
2010,다다3291,in_age_079,5
2010,다다3291,to_in_001,305
2010,다다3291,to_in_007,147
2010,다다3291,to_in_008,161
2010,다다3293,in_age_001,5
2010,다다3293,in_age_003,0
2010,다다3293,in_age_005,0
2010,다다3293,in_age_006,5
2010,다다3293,in_age_008,5
2010,다다3293,in_age_009,5
2010,다다3293,in_age_010,5
2010,다다3293,in_age_011,5
2010,다다3293,in_age_013,5
2010,다다3293,in_age_014,0
2010,다다3293,in_age_015,0
2010,다다3293,in_age_016,0
2010,다다3293,in_age_018,0
2010,다다3293,in_age_031,0
2010,다다3293,in_age_036,5
2010,다다3293,in_age_039,5
2010,다다3293,in_age_040,5
2010,다다3293,in_age_041,5
2010,다다3293,in_age_043,0
2010,다다3293,in_age_044,0
2010,다다3293,in_age_045,0
2010,다다3293,in_age_048,0
2010,다다3293,in_age_061,0
2010,다다3293,in_age_063,0
2010,다다3293,in_age_065,0
2010,다다3293,in_age_068,5
2010,다다3293,in_age_070,0
2010,다다3293,in_age_073,5
2010,다다3293,in_age_076,0
2010,다다3293,to_in_001,18
2010,다다3293,to_in_007,13
2010,다다3293,to_in_008,8
2010,다다3296,in_age_004,0
2010,다다3296,in_age_005,0
2010,다다3296,in_age_007,0
2010,다다3296,in_age_009,0
2010,다다3296,in_age_010,0
2010,다다3296,in_age_015,5
2010,다다3296,in_age_039,0
2010,다다3296,in_age_064,0
2010,다다3296,in_age_065,0
2010,다다3296,in_age_067,0
2010,다다3296,in_age_070,0
2010,다다3296,in_age_075,5
2010,다다3296,to_in_001,8
2010,다다3296,to_in_007,0
2010,다다3296,to_in_008,8
2010,다다3298,in_age_013,0
2010,다다3298,in_age_015,5
2010,다다3298,in_age_045,5
2010,다다3298,in_age_073,0
2010,다다3298,to_in_001,5
2010,다다3298,to_in_007,5
2010,다다3298,to_in_008,0
2010,다다3299,in_age_011,0
2010,다다3299,in_age_014,5
2010,다다3299,in_age_015,5
2010,다다3299,in_age_016,5
2010,다다3299,in_age_017,0
2010,다다3299,in_age_041,0
2010,다다3299,in_age_044,0
2010,다다3299,in_age_046,5
2010,다다3299,in_age_074,0
2010,다다3299,in_age_075,5
2010,다다3299,in_age_076,0
2010,다다3299,in_age_077,0
2010,다다3299,to_in_001,8
2010,다다3299,to_in_007,5
2010,다다3299,to_in_008,5
2010,다다3301,in_age_001,0
2010,다다3301,in_age_003,0
2010,다다3301,in_age_009,5
2010,다다3301,in_age_033,0
2010,다다3301,in_age_039,0
2010,다다3301,in_age_061,0
2010,다다3301,in_age_069,0
2010,다다3301,to_in_001,5
2010,다다3301,to_in_007,5
2010,다다3301,to_in_008,5
2010,다다3304,in_age_011,5
2010,다다3304,in_age_041,0
2010,다다3304,in_age_071,0
2010,다다3304,to_in_001,5
2010,다다3304,to_in_007,0
2010,다다3304,to_in_008,0
2010,다다3306,in_age_001,0
2010,다다3306,in_age_003,5
2010,다다3306,in_age_006,5
2010,다다3306,in_age_007,0
2010,다다3306,in_age_008,0
2010,다다3306,in_age_009,5
2010,다다3306,in_age_010,0
2010,다다3306,in_age_011,5
2010,다다3306,in_age_012,5
2010,다다3306,in_age_014,5
2010,다다3306,in_age_031,0
2010,다다3306,in_age_033,5
2010,다다3306,in_age_036,0
2010,다다3306,in_age_038,0
2010,다다3306,in_age_039,0
2010,다다3306,in_age_041,5
2010,다다3306,in_age_044,0
2010,다다3306,in_age_066,0
2010,다다3306,in_age_067,0
2010,다다3306,in_age_069,5
2010,다다3306,in_age_070,0
2010,다다3306,in_age_071,0
2010,다다3306,in_age_072,5
2010,다다3306,in_age_074,0
2010,다다3306,to_in_001,18
2010,다다3306,to_in_007,8
2010,다다3306,to_in_008,8
2010,다다3307,in_age_002,5
2010,다다3307,in_age_003,0
2010,다다3307,in_age_007,0
2010,다다3307,in_age_009,0
2010,다다3307,in_age_039,0
2010,다다3307,in_age_062,5
2010,다다3307,in_age_063,0
2010,다다3307,in_age_067,0
2010,다다3307,to_in_001,5
2010,다다3307,to_in_007,0
2010,다다3307,to_in_008,5
2010,다다3381,in_age_007,0
2010,다다3381,in_age_011,0
2010,다다3381,in_age_013,5
2010,다다3381,in_age_014,5
2010,다다3381,in_age_015,0
2010,다다3381,in_age_016,5
2010,다다3381,in_age_017,0
2010,다다3381,in_age_037,0
2010,다다3381,in_age_041,0
2010,다다3381,in_age_043,5
2010,다다3381,in_age_044,0
2010,다다3381,in_age_046,0
2010,다다3381,in_age_047,0
2010,다다3381,in_age_073,0
2010,다다3381,in_age_074,5
2010,다다3381,in_age_075,0
2010,다다3381,in_age_076,5
2010,다다3381,to_in_001,13
2010,다다3381,to_in_007,8
2010,다다3381,to_in_008,8
2010,다다3393,in_age_001,0
2010,다다3393,in_age_002,0
2010,다다3393,in_age_003,8
2010,다다3393,in_age_004,0
2010,다다3393,in_age_006,0
2010,다다3393,in_age_007,0
2010,다다3393,in_age_008,0
2010,다다3393,in_age_009,5
2010,다다3393,in_age_010,5
2010,다다3393,in_age_011,5
2010,다다3393,in_age_012,5
2010,다다3393,in_age_013,8
2010,다다3393,in_age_014,5
2010,다다3393,in_age_015,0
2010,다다3393,in_age_017,5
2010,다다3393,in_age_018,5
2010,다다3393,in_age_019,5
2010,다다3393,in_age_033,5
2010,다다3393,in_age_037,0
2010,다다3393,in_age_038,0
2010,다다3393,in_age_039,0
2010,다다3393,in_age_040,0
2010,다다3393,in_age_041,0
2010,다다3393,in_age_042,0
2010,다다3393,in_age_043,8
2010,다다3393,in_age_044,5
2010,다다3393,in_age_045,0
2010,다다3393,in_age_049,5
2010,다다3393,in_age_061,0
2010,다다3393,in_age_062,0
2010,다다3393,in_age_063,5
2010,다다3393,in_age_064,0
2010,다다3393,in_age_066,0
2010,다다3393,in_age_069,5
2010,다다3393,in_age_070,5
2010,다다3393,in_age_071,5
2010,다다3393,in_age_072,5
2010,다다3393,in_age_073,5
2010,다다3393,in_age_074,0
2010,다다3393,in_age_077,5
2010,다다3393,in_age_078,5
2010,다다3393,to_in_001,43
2010,다다3393,to_in_007,18
2010,다다3393,to_in_008,23
2010,다다3394,in_age_010,0
2010,다다3394,in_age_012,5
2010,다다3394,in_age_042,5
2010,다다3394,in_age_070,0
2010,다다3394,to_in_001,5
2010,다다3394,to_in_007,5
2010,다다3394,to_in_008,0
2010,다다3395,in_age_001,5
2010,다다3395,in_age_002,5
2010,다다3395,in_age_007,5
2010,다다3395,in_age_008,5
2010,다다3395,in_age_010,0
2010,다다3395,in_age_011,5
2010,다다3395,in_age_012,5
2010,다다3395,in_age_013,5
2010,다다3395,in_age_037,5
2010,다다3395,in_age_038,5
2010,다다3395,in_age_041,0
2010,다다3395,in_age_042,5
2010,다다3395,in_age_043,5
2010,다다3395,in_age_061,5
2010,다다3395,in_age_062,5
2010,다다3395,in_age_067,5
2010,다다3395,in_age_070,0
2010,다다3395,in_age_071,0
2010,다다3395,in_age_072,5
2010,다다3395,in_age_073,5
2010,다다3395,to_in_001,23
2010,다다3395,to_in_007,8
2010,다다3395,to_in_008,13
2010,다다3396,in_age_003,5
2010,다다3396,in_age_007,0
2010,다다3396,in_age_009,8
2010,다다3396,in_age_010,5
2010,다다3396,in_age_013,0
2010,다다3396,in_age_033,0
2010,다다3396,in_age_037,0
2010,다다3396,in_age_039,5
2010,다다3396,in_age_040,5
2010,다다3396,in_age_043,0
2010,다다3396,in_age_063,0
2010,다다3396,in_age_069,0
2010,다다3396,in_age_070,0
2010,다다3396,to_in_001,13
2010,다다3396,to_in_007,13
2010,다다3396,to_in_008,5
2010,다다3397,in_age_001,5
2010,다다3397,in_age_002,5
2010,다다3397,in_age_003,5
2010,다다3397,in_age_004,5
2010,다다3397,in_age_005,5
2010,다다3397,in_age_006,5
2010,다다3397,in_age_008,8
2010,다다3397,in_age_009,5
2010,다다3397,in_age_010,5
2010,다다3397,in_age_011,18
2010,다다3397,in_age_012,18
2010,다다3397,in_age_013,23
2010,다다3397,in_age_014,38
2010,다다3397,in_age_015,48
2010,다다3397,in_age_016,38
2010,다다3397,in_age_017,18
2010,다다3397,in_age_018,8
2010,다다3397,in_age_019,5
2010,다다3397,in_age_031,5
2010,다다3397,in_age_032,5
2010,다다3397,in_age_033,0
2010,다다3397,in_age_034,5
2010,다다3397,in_age_035,5
2010,다다3397,in_age_036,5
2010,다다3397,in_age_038,8
2010,다다3397,in_age_039,5
2010,다다3397,in_age_040,5
2010,다다3397,in_age_041,8
2010,다다3397,in_age_042,5
2010,다다3397,in_age_043,13
2010,다다3397,in_age_044,18
2010,다다3397,in_age_045,23
2010,다다3397,in_age_046,13
2010,다다3397,in_age_047,8
2010,다다3397,in_age_048,5
2010,다다3397,in_age_049,0
2010,다다3397,in_age_061,0
2010,다다3397,in_age_062,0
2010,다다3397,in_age_063,5
2010,다다3397,in_age_064,5
2010,다다3397,in_age_066,0
2010,다다3397,in_age_068,5
2010,다다3397,in_age_069,5
2010,다다3397,in_age_070,5
2010,다다3397,in_age_071,8
2010,다다3397,in_age_072,13
2010,다다3397,in_age_073,13
2010,다다3397,in_age_074,23
2010,다다3397,in_age_075,23
2010,다다3397,in_age_076,23
2010,다다3397,in_age_077,13
2010,다다3397,in_age_078,5
2010,다다3397,in_age_079,5
2010,다다3397,to_in_001,248
2010,다다3397,to_in_007,103
2010,다다3397,to_in_008,143
2010,다다3398,in_age_001,0
2010,다다3398,in_age_002,5
2010,다다3398,in_age_003,0
2010,다다3398,in_age_004,5
2010,다다3398,in_age_006,5
2010,다다3398,in_age_008,0
2010,다다3398,in_age_010,5
2010,다다3398,in_age_011,5
2010,다다3398,in_age_012,5
2010,다다3398,in_age_013,5
2010,다다3398,in_age_014,8
2010,다다3398,in_age_015,8
2010,다다3398,in_age_016,8
2010,다다3398,in_age_017,8
2010,다다3398,in_age_018,5
2010,다다3398,in_age_032,5
2010,다다3398,in_age_034,0
2010,다다3398,in_age_036,5
2010,다다3398,in_age_040,0
2010,다다3398,in_age_042,5
2010,다다3398,in_age_043,0
2010,다다3398,in_age_044,0
2010,다다3398,in_age_045,5
2010,다다3398,in_age_046,5
2010,다다3398,in_age_047,8
2010,다다3398,in_age_048,0
2010,다다3398,in_age_061,0
2010,다다3398,in_age_063,0
2010,다다3398,in_age_064,0
2010,다다3398,in_age_066,5
2010,다다3398,in_age_068,0
2010,다다3398,in_age_070,0
2010,다다3398,in_age_071,5
2010,다다3398,in_age_072,0
2010,다다3398,in_age_073,0
2010,다다3398,in_age_074,8
2010,다다3398,in_age_075,8
2010,다다3398,in_age_076,5
2010,다다3398,in_age_077,5
2010,다다3398,in_age_078,5
2010,다다3398,to_in_001,58
2010,다다3398,to_in_007,23
2010,다다3398,to_in_008,33
2010,다다3399,in_age_001,0
2010,다다3399,in_age_002,8
2010,다다3399,in_age_003,0
2010,다다3399,in_age_004,5
2010,다다3399,in_age_005,0
2010,다다3399,in_age_006,0
2010,다다3399,in_age_007,5
2010,다다3399,in_age_008,5
2010,다다3399,in_age_009,5
2010,다다3399,in_age_010,5
2010,다다3399,in_age_011,8
2010,다다3399,in_age_012,8
2010,다다3399,in_age_013,13
2010,다다3399,in_age_014,13
2010,다다3399,in_age_015,18
2010,다다3399,in_age_016,8
2010,다다3399,in_age_017,8
2010,다다3399,in_age_018,0
2010,다다3399,in_age_032,0
2010,다다3399,in_age_033,0
2010,다다3399,in_age_034,0
2010,다다3399,in_age_035,0
2010,다다3399,in_age_036,0
2010,다다3399,in_age_037,5
2010,다다3399,in_age_038,5
2010,다다3399,in_age_039,0
2010,다다3399,in_age_040,0
2010,다다3399,in_age_041,5
2010,다다3399,in_age_042,8
2010,다다3399,in_age_043,8
2010,다다3399,in_age_044,8
2010,다다3399,in_age_045,8
2010,다다3399,in_age_046,5
2010,다다3399,in_age_047,5
2010,다다3399,in_age_048,0
2010,다다3399,in_age_061,0
2010,다다3399,in_age_062,5
2010,다다3399,in_age_064,5
2010,다다3399,in_age_067,5
2010,다다3399,in_age_069,0
2010,다다3399,in_age_070,5
2010,다다3399,in_age_071,8
2010,다다3399,in_age_072,5
2010,다다3399,in_age_073,8
2010,다다3399,in_age_074,5
2010,다다3399,in_age_075,13
2010,다다3399,in_age_076,5
2010,다다3399,in_age_077,8
2010,다다3399,to_in_001,98
2010,다다3399,to_in_007,48
2010,다다3399,to_in_008,53
2010,다다3404,in_age_003,5
2010,다다3404,in_age_007,5
2010,다다3404,in_age_008,0
2010,다다3404,in_age_009,0
2010,다다3404,in_age_010,0
2010,다다3404,in_age_011,8
2010,다다3404,in_age_012,8
2010,다다3404,in_age_013,11
2010,다다3404,in_age_014,0
2010,다다3404,in_age_033,5
2010,다다3404,in_age_037,5
2010,다다3404,in_age_039,0
2010,다다3404,in_age_041,5
2010,다다3404,in_age_042,5
2010,다다3404,in_age_043,6
2010,다다3404,in_age_044,0
2010,다다3404,in_age_063,0
2010,다다3404,in_age_068,0
2010,다다3404,in_age_070,0
2010,다다3404,in_age_071,8
2010,다다3404,in_age_072,5
2010,다다3404,in_age_073,0
2010,다다3404,to_in_001,34
2010,다다3404,to_in_007,19
2010,다다3404,to_in_008,13
2010,다다3406,in_age_002,5
2010,다다3406,in_age_003,5
2010,다다3406,in_age_004,5
2010,다다3406,in_age_006,0
2010,다다3406,in_age_007,0
2010,다다3406,in_age_008,5
2010,다다3406,in_age_009,5
2010,다다3406,in_age_010,0
2010,다다3406,in_age_011,5
2010,다다3406,in_age_013,8
2010,다다3406,in_age_014,0
2010,다다3406,in_age_016,5
2010,다다3406,in_age_020,0
2010,다다3406,in_age_032,0
2010,다다3406,in_age_033,5
2010,다다3406,in_age_034,0
2010,다다3406,in_age_036,0
2010,다다3406,in_age_037,0
2010,다다3406,in_age_039,0
2010,다다3406,in_age_040,0
2010,다다3406,in_age_041,5
2010,다다3406,in_age_043,5
2010,다다3406,in_age_044,0
2010,다다3406,in_age_046,5
2010,다다3406,in_age_062,0
2010,다다3406,in_age_063,5
2010,다다3406,in_age_064,5
2010,다다3406,in_age_068,5
2010,다다3406,in_age_069,0
2010,다다3406,in_age_071,0
2010,다다3406,in_age_073,5
2010,다다3406,in_age_076,5
2010,다다3406,in_age_080,0
2010,다다3406,to_in_001,33
2010,다다3406,to_in_007,18
2010,다다3406,to_in_008,18
2010,다다3407,in_age_001,23
2010,다다3407,in_age_002,8
2010,다다3407,in_age_003,18
2010,다다3407,in_age_004,28
2010,다다3407,in_age_005,8
2010,다다3407,in_age_006,18
2010,다다3407,in_age_007,23
2010,다다3407,in_age_008,18
2010,다다3407,in_age_009,28
2010,다다3407,in_age_010,28
2010,다다3407,in_age_011,33
2010,다다3407,in_age_012,33
2010,다다3407,in_age_013,43
2010,다다3407,in_age_014,38
2010,다다3407,in_age_015,48
2010,다다3407,in_age_016,28
2010,다다3407,in_age_017,18
2010,다다3407,in_age_018,8
2010,다다3407,in_age_019,8
2010,다다3407,in_age_020,0
2010,다다3407,in_age_031,13
2010,다다3407,in_age_032,5
2010,다다3407,in_age_033,8
2010,다다3407,in_age_034,18
2010,다다3407,in_age_035,5
2010,다다3407,in_age_036,13
2010,다다3407,in_age_037,13
2010,다다3407,in_age_038,13
2010,다다3407,in_age_039,13
2010,다다3407,in_age_040,18
2010,다다3407,in_age_041,13
2010,다다3407,in_age_042,13
2010,다다3407,in_age_043,18
2010,다다3407,in_age_044,18
2010,다다3407,in_age_045,18
2010,다다3407,in_age_046,8
2010,다다3407,in_age_047,0
2010,다다3407,in_age_048,0
2010,다다3407,in_age_049,0
2010,다다3407,in_age_061,13
2010,다다3407,in_age_062,5
2010,다다3407,in_age_063,8
2010,다다3407,in_age_064,8
2010,다다3407,in_age_065,8
2010,다다3407,in_age_066,8
2010,다다3407,in_age_067,8
2010,다다3407,in_age_068,5
2010,다다3407,in_age_069,18
2010,다다3407,in_age_070,8
2010,다다3407,in_age_071,18
2010,다다3407,in_age_072,18
2010,다다3407,in_age_073,23
2010,다다3407,in_age_074,23
2010,다다3407,in_age_075,28
2010,다다3407,in_age_076,18
2010,다다3407,in_age_077,18
2010,다다3407,in_age_078,5
2010,다다3407,in_age_079,8
2010,다다3407,in_age_080,0
2010,다다3407,to_in_001,443
2010,다다3407,to_in_007,208
2010,다다3407,to_in_008,238
2010,다다3494,in_age_001,8
2010,다다3494,in_age_002,8
2010,다다3494,in_age_003,13
2010,다다3494,in_age_004,8
2010,다다3494,in_age_005,8
2010,다다3494,in_age_006,8
2010,다다3494,in_age_007,8
2010,다다3494,in_age_008,8
2010,다다3494,in_age_009,13
2010,다다3494,in_age_010,23
2010,다다3494,in_age_011,23
2010,다다3494,in_age_012,18
2010,다다3494,in_age_013,33
2010,다다3494,in_age_014,41
2010,다다3494,in_age_015,33
2010,다다3494,in_age_016,18
2010,다다3494,in_age_017,18
2010,다다3494,in_age_018,13
2010,다다3494,in_age_031,5
2010,다다3494,in_age_032,8
2010,다다3494,in_age_033,8
2010,다다3494,in_age_034,5
2010,다다3494,in_age_035,5
2010,다다3494,in_age_036,8
2010,다다3494,in_age_037,5
2010,다다3494,in_age_038,5
2010,다다3494,in_age_039,8
2010,다다3494,in_age_040,13
2010,다다3494,in_age_041,13
2010,다다3494,in_age_042,13
2010,다다3494,in_age_043,13
2010,다다3494,in_age_044,21
2010,다다3494,in_age_045,8
2010,다다3494,in_age_046,8
2010,다다3494,in_age_047,5
2010,다다3494,in_age_048,5
2010,다다3494,in_age_061,5
2010,다다3494,in_age_063,8
2010,다다3494,in_age_064,8
2010,다다3494,in_age_065,5
2010,다다3494,in_age_066,5
2010,다다3494,in_age_067,5
2010,다다3494,in_age_068,8
2010,다다3494,in_age_069,8
2010,다다3494,in_age_070,13
2010,다다3494,in_age_071,13
2010,다다3494,in_age_072,8
2010,다다3494,in_age_073,23
2010,다다3494,in_age_074,18
2010,다다3494,in_age_075,23
2010,다다3494,in_age_076,8
2010,다다3494,in_age_077,13
2010,다다3494,in_age_078,8
2010,다다3494,to_in_001,296
2010,다다3494,to_in_007,136
2010,다다3494,to_in_008,158
2010,다다3497,in_age_006,0
2010,다다3497,in_age_011,5
2010,다다3497,in_age_015,5
2010,다다3497,in_age_016,0
2010,다다3497,in_age_017,0
2010,다다3497,in_age_018,0
2010,다다3497,in_age_036,0
2010,다다3497,in_age_041,0
2010,다다3497,in_age_045,5
2010,다다3497,in_age_071,5
2010,다다3497,in_age_075,5
2010,다다3497,in_age_076,0
2010,다다3497,in_age_077,0
2010,다다3497,in_age_078,0
2010,다다3497,to_in_001,13
2010,다다3497,to_in_007,5
2010,다다3497,to_in_008,8
2010,다다3498,in_age_002,0
2010,다다3498,in_age_003,5
2010,다다3498,in_age_004,0
2010,다다3498,in_age_005,5
2010,다다3498,in_age_006,8
2010,다다3498,in_age_007,5
2010,다다3498,in_age_008,8
2010,다다3498,in_age_009,5
2010,다다3498,in_age_010,8
2010,다다3498,in_age_011,8
2010,다다3498,in_age_012,13
2010,다다3498,in_age_013,13
2010,다다3498,in_age_014,13
2010,다다3498,in_age_015,8
2010,다다3498,in_age_016,13
2010,다다3498,in_age_017,13
2010,다다3498,in_age_018,5
2010,다다3498,in_age_019,0
2010,다다3498,in_age_020,0
2010,다다3498,in_age_032,0
2010,다다3498,in_age_033,5
2010,다다3498,in_age_034,0
2010,다다3498,in_age_035,5
2010,다다3498,in_age_036,8
2010,다다3498,in_age_037,5
2010,다다3498,in_age_038,5
2010,다다3498,in_age_039,5
2010,다다3498,in_age_040,8
2010,다다3498,in_age_041,0
2010,다다3498,in_age_042,8
2010,다다3498,in_age_043,8
2010,다다3498,in_age_044,8
2010,다다3498,in_age_045,5
2010,다다3498,in_age_046,8
2010,다다3498,in_age_047,5
2010,다다3498,in_age_048,0
2010,다다3498,in_age_063,0
2010,다다3498,in_age_066,5
2010,다다3498,in_age_068,5
2010,다다3498,in_age_069,5
2010,다다3498,in_age_070,5
2010,다다3498,in_age_071,5
2010,다다3498,in_age_072,8
2010,다다3498,in_age_073,8
2010,다다3498,in_age_074,5
2010,다다3498,in_age_075,5
2010,다다3498,in_age_076,5
2010,다다3498,in_age_077,8
2010,다다3498,in_age_078,0
2010,다다3498,in_age_079,0
2010,다다3498,in_age_080,0
2010,다다3498,to_in_001,108
2010,다다3498,to_in_007,58
2010,다다3498,to_in_008,53
2010,다다3499,in_age_001,5
2010,다다3499,in_age_002,5
2010,다다3499,in_age_003,8
2010,다다3499,in_age_004,5
2010,다다3499,in_age_005,5
2010,다다3499,in_age_007,5
2010,다다3499,in_age_008,5
2010,다다3499,in_age_009,5
2010,다다3499,in_age_010,8
2010,다다3499,in_age_011,5
2010,다다3499,in_age_012,5
2010,다다3499,in_age_013,8
2010,다다3499,in_age_014,8
2010,다다3499,in_age_015,13
2010,다다3499,in_age_016,8
2010,다다3499,in_age_017,8
2010,다다3499,in_age_018,5
2010,다다3499,in_age_019,5
2010,다다3499,in_age_031,5
2010,다다3499,in_age_032,5
2010,다다3499,in_age_033,5
2010,다다3499,in_age_034,5
2010,다다3499,in_age_035,5
2010,다다3499,in_age_038,5
2010,다다3499,in_age_039,5
2010,다다3499,in_age_040,5
2010,다다3499,in_age_041,5
2010,다다3499,in_age_042,0
2010,다다3499,in_age_043,5
2010,다다3499,in_age_044,5
2010,다다3499,in_age_045,5
2010,다다3499,in_age_046,8
2010,다다3499,in_age_047,5
2010,다다3499,in_age_048,0
2010,다다3499,in_age_049,5
2010,다다3499,in_age_063,5
2010,다다3499,in_age_067,5
2010,다다3499,in_age_069,5
2010,다다3499,in_age_070,5
2010,다다3499,in_age_072,5
2010,다다3499,in_age_073,5
2010,다다3499,in_age_074,5
2010,다다3499,in_age_075,8
2010,다다3499,in_age_076,5
2010,다다3499,in_age_077,8
2010,다다3499,in_age_078,5
2010,다다3499,in_age_079,0
2010,다다3499,to_in_001,78
2010,다다3499,to_in_007,43
2010,다다3499,to_in_008,33
2010,다다3504,in_age_002,5
2010,다다3504,in_age_003,5
2010,다다3504,in_age_008,0
2010,다다3504,in_age_009,5
2010,다다3504,in_age_033,0
2010,다다3504,in_age_039,5
2010,다다3504,in_age_062,5
2010,다다3504,in_age_063,5
2010,다다3504,in_age_068,0
2010,다다3504,to_in_001,8
2010,다다3504,to_in_007,5
2010,다다3504,to_in_008,8
2010,다다3506,in_age_001,8
2010,다다3506,in_age_002,8
2010,다다3506,in_age_003,18
2010,다다3506,in_age_004,8
2010,다다3506,in_age_005,8
2010,다다3506,in_age_006,5
2010,다다3506,in_age_007,5
2010,다다3506,in_age_008,13
2010,다다3506,in_age_009,13
2010,다다3506,in_age_010,13
2010,다다3506,in_age_011,13
2010,다다3506,in_age_012,8
2010,다다3506,in_age_013,8
2010,다다3506,in_age_014,13
2010,다다3506,in_age_015,18
2010,다다3506,in_age_016,18
2010,다다3506,in_age_017,8
2010,다다3506,in_age_018,0
2010,다다3506,in_age_031,5
2010,다다3506,in_age_032,8
2010,다다3506,in_age_033,8
2010,다다3506,in_age_034,5
2010,다다3506,in_age_035,5
2010,다다3506,in_age_036,0
2010,다다3506,in_age_037,0
2010,다다3506,in_age_038,8
2010,다다3506,in_age_039,8
2010,다다3506,in_age_040,8
2010,다다3506,in_age_041,5
2010,다다3506,in_age_042,5
2010,다다3506,in_age_043,5
2010,다다3506,in_age_044,8
2010,다다3506,in_age_045,8
2010,다다3506,in_age_046,5
2010,다다3506,in_age_047,5
2010,다다3506,in_age_061,5
2010,다다3506,in_age_062,5
2010,다다3506,in_age_063,8
2010,다다3506,in_age_064,5
2010,다다3506,in_age_065,5
2010,다다3506,in_age_066,5
2010,다다3506,in_age_067,5
2010,다다3506,in_age_068,8
2010,다다3506,in_age_069,8
2010,다다3506,in_age_070,5
2010,다다3506,in_age_071,8
2010,다다3506,in_age_072,5
2010,다다3506,in_age_073,5
2010,다다3506,in_age_074,8
2010,다다3506,in_age_075,8
2010,다다3506,in_age_076,13
2010,다다3506,in_age_077,8
2010,다다3506,in_age_078,0
2010,다다3506,to_in_001,163
2010,다다3506,to_in_007,73
2010,다다3506,to_in_008,88
2010,다다3507,in_age_001,13
2010,다다3507,in_age_002,18
2010,다다3507,in_age_003,23
2010,다다3507,in_age_004,18
2010,다다3507,in_age_005,8
2010,다다3507,in_age_006,13
2010,다다3507,in_age_007,8
2010,다다3507,in_age_008,23
2010,다다3507,in_age_009,18
2010,다다3507,in_age_010,28
2010,다다3507,in_age_011,13
2010,다다3507,in_age_012,18
2010,다다3507,in_age_013,38
2010,다다3507,in_age_014,23
2010,다다3507,in_age_015,48
2010,다다3507,in_age_016,48
2010,다다3507,in_age_017,23
2010,다다3507,in_age_018,8
2010,다다3507,in_age_019,5
2010,다다3507,in_age_020,5
2010,다다3507,in_age_031,8
2010,다다3507,in_age_032,8
2010,다다3507,in_age_033,13
2010,다다3507,in_age_034,13
2010,다다3507,in_age_035,5
2010,다다3507,in_age_036,8
2010,다다3507,in_age_037,5
2010,다다3507,in_age_038,13
2010,다다3507,in_age_039,8
2010,다다3507,in_age_040,18
2010,다다3507,in_age_041,8
2010,다다3507,in_age_042,8
2010,다다3507,in_age_043,18
2010,다다3507,in_age_044,13
2010,다다3507,in_age_045,13
2010,다다3507,in_age_046,13
2010,다다3507,in_age_047,5
2010,다다3507,in_age_061,8
2010,다다3507,in_age_062,8
2010,다다3507,in_age_063,8
2010,다다3507,in_age_064,8
2010,다다3507,in_age_065,8
2010,다다3507,in_age_066,8
2010,다다3507,in_age_067,8
2010,다다3507,in_age_068,8
2010,다다3507,in_age_069,8
2010,다다3507,in_age_070,8
2010,다다3507,in_age_071,8
2010,다다3507,in_age_072,8
2010,다다3507,in_age_073,18
2010,다다3507,in_age_074,13
2010,다다3507,in_age_075,33
2010,다다3507,in_age_076,33
2010,다다3507,in_age_077,18
2010,다다3507,in_age_078,8
2010,다다3507,in_age_079,5
2010,다다3507,in_age_080,5
2010,다다3507,to_in_001,393
2010,다다3507,to_in_007,178
2010,다다3507,to_in_008,218
2010,다다3592,in_age_001,0
2010,다다3592,in_age_003,0
2010,다다3592,in_age_004,5
2010,다다3592,in_age_006,5
2010,다다3592,in_age_009,0
2010,다다3592,in_age_010,5
2010,다다3592,in_age_011,5
2010,다다3592,in_age_012,5
2010,다다3592,in_age_013,5
2010,다다3592,in_age_014,0
2010,다다3592,in_age_015,5
2010,다다3592,in_age_033,0
2010,다다3592,in_age_034,0
2010,다다3592,in_age_036,0
2010,다다3592,in_age_039,0
2010,다다3592,in_age_040,0
2010,다다3592,in_age_041,5
2010,다다3592,in_age_042,0
2010,다다3592,in_age_043,5
2010,다다3592,in_age_044,0
2010,다다3592,in_age_045,0
2010,다다3592,in_age_061,0
2010,다다3592,in_age_064,0
2010,다다3592,in_age_066,0
2010,다다3592,in_age_070,0
2010,다다3592,in_age_071,0
2010,다다3592,in_age_072,5
2010,다다3592,in_age_073,0
2010,다다3592,in_age_075,0
2010,다다3592,to_in_001,23
2010,다다3592,to_in_007,13
2010,다다3592,to_in_008,8
2010,다다3598,in_age_005,0
2010,다다3598,in_age_006,0
2010,다다3598,in_age_011,0
2010,다다3598,in_age_012,0
2010,다다3598,in_age_035,0
2010,다다3598,in_age_036,0
2010,다다3598,in_age_042,0
2010,다다3598,in_age_071,0
2010,다다3598,to_in_001,5
2010,다다3598,to_in_007,5
2010,다다3598,to_in_008,0
2010,다다3599,in_age_007,0
2010,다다3599,in_age_012,5
2010,다다3599,in_age_013,0
2010,다다3599,in_age_014,5
2010,다다3599,in_age_015,5
2010,다다3599,in_age_016,5
2010,다다3599,in_age_017,5
2010,다다3599,in_age_018,0
2010,다다3599,in_age_037,0
2010,다다3599,in_age_044,5
2010,다다3599,in_age_045,0
2010,다다3599,in_age_047,0
2010,다다3599,in_age_048,0
2010,다다3599,in_age_072,5
2010,다다3599,in_age_073,0
2010,다다3599,in_age_074,5
2010,다다3599,in_age_075,0
2010,다다3599,in_age_076,5
2010,다다3599,in_age_077,0
2010,다다3599,to_in_001,18
2010,다다3599,to_in_007,8
2010,다다3599,to_in_008,8
2010,다다3601,in_age_003,0
2010,다다3601,in_age_011,5
2010,다다3601,in_age_012,5
2010,다다3601,in_age_041,0
2010,다다3601,in_age_042,5
2010,다다3601,in_age_063,0
2010,다다3601,in_age_071,5
2010,다다3601,to_in_001,5
2010,다다3601,to_in_007,5
2010,다다3601,to_in_008,5
2010,다다3604,in_age_001,5
2010,다다3604,in_age_002,5
2010,다다3604,in_age_003,5
2010,다다3604,in_age_004,8
2010,다다3604,in_age_005,5
2010,다다3604,in_age_007,0
2010,다다3604,in_age_008,5
2010,다다3604,in_age_009,8
2010,다다3604,in_age_010,8
2010,다다3604,in_age_011,5
2010,다다3604,in_age_012,13
2010,다다3604,in_age_013,13
2010,다다3604,in_age_014,13
2010,다다3604,in_age_015,13
2010,다다3604,in_age_016,8
2010,다다3604,in_age_017,5
2010,다다3604,in_age_018,0
2010,다다3604,in_age_032,5
2010,다다3604,in_age_033,0
2010,다다3604,in_age_034,5
2010,다다3604,in_age_035,0
2010,다다3604,in_age_037,0
2010,다다3604,in_age_038,0
2010,다다3604,in_age_039,8
2010,다다3604,in_age_040,8
2010,다다3604,in_age_041,5
2010,다다3604,in_age_042,5
2010,다다3604,in_age_043,8
2010,다다3604,in_age_044,0
2010,다다3604,in_age_045,8
2010,다다3604,in_age_046,5
2010,다다3604,in_age_047,0
2010,다다3604,in_age_061,5
2010,다다3604,in_age_062,0
2010,다다3604,in_age_063,5
2010,다다3604,in_age_064,5
2010,다다3604,in_age_065,5
2010,다다3604,in_age_068,0
2010,다다3604,in_age_069,5
2010,다다3604,in_age_070,0
2010,다다3604,in_age_071,5
2010,다다3604,in_age_072,8
2010,다다3604,in_age_073,5
2010,다다3604,in_age_074,8
2010,다다3604,in_age_075,5
2010,다다3604,in_age_076,8
2010,다다3604,in_age_077,5
2010,다다3604,in_age_078,0
2010,다다3604,to_in_001,108
2010,다다3604,to_in_007,48
2010,다다3604,to_in_008,58
2010,다다3605,in_age_001,0
2010,다다3605,in_age_004,0
2010,다다3605,in_age_009,5
2010,다다3605,in_age_010,5
2010,다다3605,in_age_011,0
2010,다다3605,in_age_016,0
2010,다다3605,in_age_017,5
2010,다다3605,in_age_031,0
2010,다다3605,in_age_039,0
2010,다다3605,in_age_040,5
2010,다다3605,in_age_041,0
2010,다다3605,in_age_064,0
2010,다다3605,in_age_069,0
2010,다다3605,in_age_076,0
2010,다다3605,in_age_077,5
2010,다다3605,to_in_001,8
2010,다다3605,to_in_007,5
2010,다다3605,to_in_008,5
2010,다다3606,in_age_002,5
2010,다다3606,in_age_003,0
2010,다다3606,in_age_009,5
2010,다다3606,in_age_012,5
2010,다다3606,in_age_032,0
2010,다다3606,in_age_039,0
2010,다다3606,in_age_062,0
2010,다다3606,in_age_063,0
2010,다다3606,in_age_069,0
2010,다다3606,in_age_072,5
2010,다다3606,to_in_001,8
2010,다다3606,to_in_007,5
2010,다다3606,to_in_008,5
2010,다다3607,in_age_001,5
2010,다다3607,in_age_002,5
2010,다다3607,in_age_003,5
2010,다다3607,in_age_004,5
2010,다다3607,in_age_005,5
2010,다다3607,in_age_006,5
2010,다다3607,in_age_007,5
2010,다다3607,in_age_008,8
2010,다다3607,in_age_009,8
2010,다다3607,in_age_010,8
2010,다다3607,in_age_011,5
2010,다다3607,in_age_012,8
2010,다다3607,in_age_013,0
2010,다다3607,in_age_015,0
2010,다다3607,in_age_016,5
2010,다다3607,in_age_031,5
2010,다다3607,in_age_032,5
2010,다다3607,in_age_033,0
2010,다다3607,in_age_034,5
2010,다다3607,in_age_035,5
2010,다다3607,in_age_036,5
2010,다다3607,in_age_037,5
2010,다다3607,in_age_038,8
2010,다다3607,in_age_039,8
2010,다다3607,in_age_040,8
2010,다다3607,in_age_041,5
2010,다다3607,in_age_042,5
2010,다다3607,in_age_043,0
2010,다다3607,in_age_046,0
2010,다다3607,in_age_062,5
2010,다다3607,in_age_063,5
2010,다다3607,in_age_064,0
2010,다다3607,in_age_067,5
2010,다다3607,in_age_068,5
2010,다다3607,in_age_069,0
2010,다다3607,in_age_070,5
2010,다다3607,in_age_071,0
2010,다다3607,in_age_072,5
2010,다다3607,in_age_075,0
2010,다다3607,in_age_076,5
2010,다다3607,to_in_001,63
2010,다다3607,to_in_007,38
2010,다다3607,to_in_008,23
2010,다다3692,in_age_002,5
2010,다다3692,in_age_004,5
2010,다다3692,in_age_006,5
2010,다다3692,in_age_007,0
2010,다다3692,in_age_008,0
2010,다다3692,in_age_009,5
2010,다다3692,in_age_010,5
2010,다다3692,in_age_011,8
2010,다다3692,in_age_012,5
2010,다다3692,in_age_013,8
2010,다다3692,in_age_014,5
2010,다다3692,in_age_015,8
2010,다다3692,in_age_016,5
2010,다다3692,in_age_017,0
2010,다다3692,in_age_032,5
2010,다다3692,in_age_034,0
2010,다다3692,in_age_036,0
2010,다다3692,in_age_037,0
2010,다다3692,in_age_039,5
2010,다다3692,in_age_040,0
2010,다다3692,in_age_041,5
2010,다다3692,in_age_042,0
2010,다다3692,in_age_043,8
2010,다다3692,in_age_045,5
2010,다다3692,in_age_046,5
2010,다다3692,in_age_047,0
2010,다다3692,in_age_064,0
2010,다다3692,in_age_066,5
2010,다다3692,in_age_068,0
2010,다다3692,in_age_069,5
2010,다다3692,in_age_070,5
2010,다다3692,in_age_071,5
2010,다다3692,in_age_072,0
2010,다다3692,in_age_073,5
2010,다다3692,in_age_074,5
2010,다다3692,in_age_075,5
2010,다다3692,in_age_076,0
2010,다다3692,to_in_001,48
2010,다다3692,to_in_007,23
2010,다다3692,to_in_008,23
2010,다다3693,in_age_001,5
2010,다다3693,in_age_002,8
2010,다다3693,in_age_003,5
2010,다다3693,in_age_004,5
2010,다다3693,in_age_005,5
2010,다다3693,in_age_006,5
2010,다다3693,in_age_007,5
2010,다다3693,in_age_008,8
2010,다다3693,in_age_009,5
2010,다다3693,in_age_010,13
2010,다다3693,in_age_011,18
2010,다다3693,in_age_012,8
2010,다다3693,in_age_013,18
2010,다다3693,in_age_014,13
2010,다다3693,in_age_015,23
2010,다다3693,in_age_016,13
2010,다다3693,in_age_017,13
2010,다다3693,in_age_018,5
2010,다다3693,in_age_019,5
2010,다다3693,in_age_031,5
2010,다다3693,in_age_032,5
2010,다다3693,in_age_033,5
2010,다다3693,in_age_034,5
2010,다다3693,in_age_035,5
2010,다다3693,in_age_036,0
2010,다다3693,in_age_037,5
2010,다다3693,in_age_038,5
2010,다다3693,in_age_039,5
2010,다다3693,in_age_040,5
2010,다다3693,in_age_041,8
2010,다다3693,in_age_042,8
2010,다다3693,in_age_043,8
2010,다다3693,in_age_044,5
2010,다다3693,in_age_045,13
2010,다다3693,in_age_046,5
2010,다다3693,in_age_047,5
2010,다다3693,in_age_048,5
2010,다다3693,in_age_049,0
2010,다다3693,in_age_061,5
2010,다다3693,in_age_062,5
2010,다다3693,in_age_065,0
2010,다다3693,in_age_066,0
2010,다다3693,in_age_068,5
2010,다다3693,in_age_069,0
2010,다다3693,in_age_070,8
2010,다다3693,in_age_071,13
2010,다다3693,in_age_072,5
2010,다다3693,in_age_073,8
2010,다다3693,in_age_074,8
2010,다다3693,in_age_075,13
2010,다다3693,in_age_076,8
2010,다다3693,in_age_077,8
2010,다다3693,in_age_078,5
2010,다다3693,in_age_079,5
2010,다다3693,to_in_001,173
2010,다다3693,to_in_007,78
2010,다다3693,to_in_008,93
2010,다다3699,in_age_001,8
2010,다다3699,in_age_002,5
2010,다다3699,in_age_003,5
2010,다다3699,in_age_006,5
2010,다다3699,in_age_007,5
2010,다다3699,in_age_008,8
2010,다다3699,in_age_009,5
2010,다다3699,in_age_010,0
2010,다다3699,in_age_011,5
2010,다다3699,in_age_012,5
2010,다다3699,in_age_013,13
2010,다다3699,in_age_014,28
2010,다다3699,in_age_015,18
2010,다다3699,in_age_016,18
2010,다다3699,in_age_017,13
2010,다다3699,in_age_018,5
2010,다다3699,in_age_019,5
2010,다다3699,in_age_031,5
2010,다다3699,in_age_032,5
2010,다다3699,in_age_033,0
2010,다다3699,in_age_036,5
2010,다다3699,in_age_038,8
2010,다다3699,in_age_039,5
2010,다다3699,in_age_041,0
2010,다다3699,in_age_042,0
2010,다다3699,in_age_043,5
2010,다다3699,in_age_044,13
2010,다다3699,in_age_045,13
2010,다다3699,in_age_046,5
2010,다다3699,in_age_047,5
2010,다다3699,in_age_048,0
2010,다다3699,in_age_061,5
2010,다다3699,in_age_062,0
2010,다다3699,in_age_063,0
2010,다다3699,in_age_066,0
2010,다다3699,in_age_067,5
2010,다다3699,in_age_068,5
2010,다다3699,in_age_070,0
2010,다다3699,in_age_071,0
2010,다다3699,in_age_072,5
2010,다다3699,in_age_073,8
2010,다다3699,in_age_074,18
2010,다다3699,in_age_075,8
2010,다다3699,in_age_076,13
2010,다다3699,in_age_077,8
2010,다다3699,in_age_078,0
2010,다다3699,in_age_079,5
2010,다다3699,to_in_001,133
2010,다다3699,to_in_007,58
2010,다다3699,to_in_008,78
2010,다다3704,in_age_001,0
2010,다다3704,in_age_002,5
2010,다다3704,in_age_003,5
2010,다다3704,in_age_004,5
2010,다다3704,in_age_005,8
2010,다다3704,in_age_006,5
2010,다다3704,in_age_007,5
2010,다다3704,in_age_008,5
2010,다다3704,in_age_009,8
2010,다다3704,in_age_010,8
2010,다다3704,in_age_011,13
2010,다다3704,in_age_012,13
2010,다다3704,in_age_013,13
2010,다다3704,in_age_014,8
2010,다다3704,in_age_015,13
2010,다다3704,in_age_016,8
2010,다다3704,in_age_017,8
2010,다다3704,in_age_018,0
2010,다다3704,in_age_019,0
2010,다다3704,in_age_031,0
2010,다다3704,in_age_032,0
2010,다다3704,in_age_033,0
2010,다다3704,in_age_034,5
2010,다다3704,in_age_035,5
2010,다다3704,in_age_036,5
2010,다다3704,in_age_037,0
2010,다다3704,in_age_038,0
2010,다다3704,in_age_039,5
2010,다다3704,in_age_040,5
2010,다다3704,in_age_041,8
2010,다다3704,in_age_042,8
2010,다다3704,in_age_043,8
2010,다다3704,in_age_044,5
2010,다다3704,in_age_045,5
2010,다다3704,in_age_046,5
2010,다다3704,in_age_047,8
2010,다다3704,in_age_062,0
2010,다다3704,in_age_063,0
2010,다다3704,in_age_064,0
2010,다다3704,in_age_065,5
2010,다다3704,in_age_066,0
2010,다다3704,in_age_067,0
2010,다다3704,in_age_068,0
2010,다다3704,in_age_069,5
2010,다다3704,in_age_070,8
2010,다다3704,in_age_071,8
2010,다다3704,in_age_072,8
2010,다다3704,in_age_073,5
2010,다다3704,in_age_074,5
2010,다다3704,in_age_075,8
2010,다다3704,in_age_076,5
2010,다다3704,in_age_077,5
2010,다다3704,in_age_078,0
2010,다다3704,in_age_079,0
2010,다다3704,to_in_001,108
2010,다다3704,to_in_007,58
2010,다다3704,to_in_008,53
2010,다다3705,in_age_001,18
2010,다다3705,in_age_002,18
2010,다다3705,in_age_003,28
2010,다다3705,in_age_004,23
2010,다다3705,in_age_005,18
2010,다다3705,in_age_006,13
2010,다다3705,in_age_007,18
2010,다다3705,in_age_008,23
2010,다다3705,in_age_009,43
2010,다다3705,in_age_010,23
2010,다다3705,in_age_011,23
2010,다다3705,in_age_012,28
2010,다다3705,in_age_013,28
2010,다다3705,in_age_014,44
2010,다다3705,in_age_015,33
2010,다다3705,in_age_016,48
2010,다다3705,in_age_017,28
2010,다다3705,in_age_018,13
2010,다다3705,in_age_019,5
2010,다다3705,in_age_021,0
2010,다다3705,in_age_031,8
2010,다다3705,in_age_032,13
2010,다다3705,in_age_033,8
2010,다다3705,in_age_034,13
2010,다다3705,in_age_035,8
2010,다다3705,in_age_036,8
2010,다다3705,in_age_037,8
2010,다다3705,in_age_038,13
2010,다다3705,in_age_039,23
2010,다다3705,in_age_040,18
2010,다다3705,in_age_041,13
2010,다다3705,in_age_042,13
2010,다다3705,in_age_043,13
2010,다다3705,in_age_044,18
2010,다다3705,in_age_045,13
2010,다다3705,in_age_046,18
2010,다다3705,in_age_047,5
2010,다다3705,in_age_048,5
2010,다다3705,in_age_061,8
2010,다다3705,in_age_062,8
2010,다다3705,in_age_063,18
2010,다다3705,in_age_064,13
2010,다다3705,in_age_065,8
2010,다다3705,in_age_066,8
2010,다다3705,in_age_067,8
2010,다다3705,in_age_068,8
2010,다다3705,in_age_069,18
2010,다다3705,in_age_070,8
2010,다다3705,in_age_071,8
2010,다다3705,in_age_072,13
2010,다다3705,in_age_073,13
2010,다다3705,in_age_074,24
2010,다다3705,in_age_075,23
2010,다다3705,in_age_076,28
2010,다다3705,in_age_077,23
2010,다다3705,in_age_078,13
2010,다다3705,in_age_079,5
2010,다다3705,in_age_081,0
2010,다다3705,to_in_001,469
2010,다다3705,to_in_007,218
2010,다다3705,to_in_008,249
2010,다다3706,in_age_002,0
2010,다다3706,in_age_003,5
2010,다다3706,in_age_004,0
2010,다다3706,in_age_006,0
2010,다다3706,in_age_007,0
2010,다다3706,in_age_008,8
2010,다다3706,in_age_009,8
2010,다다3706,in_age_010,5
2010,다다3706,in_age_011,8
2010,다다3706,in_age_013,5
2010,다다3706,in_age_014,5
2010,다다3706,in_age_036,0
2010,다다3706,in_age_037,0
2010,다다3706,in_age_038,8
2010,다다3706,in_age_039,8
2010,다다3706,in_age_040,0
2010,다다3706,in_age_041,5
2010,다다3706,in_age_043,0
2010,다다3706,in_age_044,0
2010,다다3706,in_age_062,0
2010,다다3706,in_age_063,5
2010,다다3706,in_age_064,0
2010,다다3706,in_age_070,5
2010,다다3706,in_age_071,5
2010,다다3706,in_age_073,5
2010,다다3706,in_age_074,0
2010,다다3706,to_in_001,33
2010,다다3706,to_in_007,23
2010,다다3706,to_in_008,8
2010,다다3707,in_age_010,0
2010,다다3707,in_age_011,0
2010,다다3707,in_age_040,0
2010,다다3707,in_age_041,0
2010,다다3707,to_in_001,5
2010,다다3707,to_in_007,5
2010,다다3707,to_in_008,0
2010,다다3793,in_age_001,5
2010,다다3793,in_age_002,8
2010,다다3793,in_age_003,8
2010,다다3793,in_age_004,8
2010,다다3793,in_age_005,5
2010,다다3793,in_age_006,8
2010,다다3793,in_age_007,5
2010,다다3793,in_age_008,8
2010,다다3793,in_age_009,18
2010,다다3793,in_age_010,18
2010,다다3793,in_age_011,28
2010,다다3793,in_age_012,23
2010,다다3793,in_age_013,33
2010,다다3793,in_age_014,23
2010,다다3793,in_age_015,38
2010,다다3793,in_age_016,38
2010,다다3793,in_age_017,13
2010,다다3793,in_age_018,8
2010,다다3793,in_age_019,5
2010,다다3793,in_age_031,5
2010,다다3793,in_age_032,5
2010,다다3793,in_age_033,8
2010,다다3793,in_age_034,8
2010,다다3793,in_age_035,5
2010,다다3793,in_age_036,5
2010,다다3793,in_age_037,0
2010,다다3793,in_age_038,5
2010,다다3793,in_age_039,8
2010,다다3793,in_age_040,13
2010,다다3793,in_age_041,8
2010,다다3793,in_age_042,13
2010,다다3793,in_age_043,13
2010,다다3793,in_age_044,13
2010,다다3793,in_age_045,18
2010,다다3793,in_age_046,18
2010,다다3793,in_age_047,5
2010,다다3793,in_age_061,0
2010,다다3793,in_age_062,8
2010,다다3793,in_age_063,0
2010,다다3793,in_age_064,5
2010,다다3793,in_age_065,5
2010,다다3793,in_age_066,5
2010,다다3793,in_age_067,5
2010,다다3793,in_age_068,5
2010,다다3793,in_age_069,8
2010,다다3793,in_age_070,8
2010,다다3793,in_age_071,18
2010,다다3793,in_age_072,8
2010,다다3793,in_age_073,18
2010,다다3793,in_age_074,13
2010,다다3793,in_age_075,18
2010,다다3793,in_age_076,23
2010,다다3793,in_age_077,8
2010,다다3793,in_age_078,8
2010,다다3793,in_age_079,5
2010,다다3793,to_in_001,288
2010,다다3793,to_in_007,133
2010,다다3793,to_in_008,158
2010,다다3794,in_age_001,5
2010,다다3794,in_age_002,0
2010,다다3794,in_age_003,5
2010,다다3794,in_age_004,0
2010,다다3794,in_age_006,5
2010,다다3794,in_age_007,0
2010,다다3794,in_age_008,5
2010,다다3794,in_age_009,5
2010,다다3794,in_age_010,5
2010,다다3794,in_age_011,5
2010,다다3794,in_age_012,8
2010,다다3794,in_age_013,5
2010,다다3794,in_age_014,13
2010,다다3794,in_age_015,23
2010,다다3794,in_age_016,18
2010,다다3794,in_age_017,0
2010,다다3794,in_age_018,0
2010,다다3794,in_age_031,0
2010,다다3794,in_age_032,0
2010,다다3794,in_age_033,5
2010,다다3794,in_age_034,0
2010,다다3794,in_age_037,0
2010,다다3794,in_age_038,5
2010,다다3794,in_age_041,0
2010,다다3794,in_age_042,8
2010,다다3794,in_age_043,5
2010,다다3794,in_age_044,5
2010,다다3794,in_age_045,8
2010,다다3794,in_age_046,13
2010,다다3794,in_age_061,5
2010,다다3794,in_age_063,5
2010,다다3794,in_age_066,5
2010,다다3794,in_age_068,5
2010,다다3794,in_age_069,5
2010,다다3794,in_age_070,5
2010,다다3794,in_age_071,5
2010,다다3794,in_age_072,0
2010,다다3794,in_age_073,5
2010,다다3794,in_age_074,8
2010,다다3794,in_age_075,13
2010,다다3794,in_age_076,8
2010,다다3794,in_age_077,0
2010,다다3794,in_age_078,0
2010,다다3794,to_in_001,83
2010,다다3794,to_in_007,38
2010,다다3794,to_in_008,48
2010,다다3795,in_age_002,5
2010,다다3795,in_age_007,0
2010,다다3795,in_age_008,5
2010,다다3795,in_age_009,5
2010,다다3795,in_age_010,5
2010,다다3795,in_age_011,5
2010,다다3795,in_age_012,5
2010,다다3795,in_age_014,5
2010,다다3795,in_age_015,8
2010,다다3795,in_age_016,5
2010,다다3795,in_age_018,0
2010,다다3795,in_age_032,5
2010,다다3795,in_age_037,0
2010,다다3795,in_age_038,5
2010,다다3795,in_age_039,0
2010,다다3795,in_age_040,0
2010,다다3795,in_age_041,5
2010,다다3795,in_age_042,5
2010,다다3795,in_age_044,5
2010,다다3795,in_age_045,5
2010,다다3795,in_age_046,5
2010,다다3795,in_age_069,0
2010,다다3795,in_age_070,5
2010,다다3795,in_age_074,5
2010,다다3795,in_age_075,5
2010,다다3795,in_age_076,0
2010,다다3795,in_age_078,0
2010,다다3795,to_in_001,28
2010,다다3795,to_in_007,18
2010,다다3795,to_in_008,13
2010,다다3799,in_age_001,0
2010,다다3799,in_age_002,0
2010,다다3799,in_age_006,0
2010,다다3799,in_age_007,0
2010,다다3799,in_age_008,5
2010,다다3799,in_age_010,0
2010,다다3799,in_age_011,5
2010,다다3799,in_age_012,8
2010,다다3799,in_age_013,13
2010,다다3799,in_age_014,13
2010,다다3799,in_age_015,8
2010,다다3799,in_age_016,8
2010,다다3799,in_age_017,0
2010,다다3799,in_age_018,5
2010,다다3799,in_age_031,0
2010,다다3799,in_age_038,5
2010,다다3799,in_age_041,0
2010,다다3799,in_age_042,5
2010,다다3799,in_age_043,8
2010,다다3799,in_age_044,8
2010,다다3799,in_age_045,8
2010,다다3799,in_age_046,5
2010,다다3799,in_age_062,0
2010,다다3799,in_age_066,0
2010,다다3799,in_age_067,0
2010,다다3799,in_age_070,0
2010,다다3799,in_age_071,5
2010,다다3799,in_age_072,8
2010,다다3799,in_age_073,8
2010,다다3799,in_age_074,8
2010,다다3799,in_age_075,5
2010,다다3799,in_age_076,5
2010,다다3799,in_age_077,0
2010,다다3799,in_age_078,5
2010,다다3799,to_in_001,68
2010,다다3799,to_in_007,33
2010,다다3799,to_in_008,33
2010,다다3801,in_age_009,0
2010,다다3801,in_age_011,5
2010,다다3801,in_age_039,0
2010,다다3801,in_age_041,5
2010,다다3801,to_in_001,5
2010,다다3801,to_in_007,5
2010,다다3801,to_in_008,0
2010,다다3803,in_age_016,0
2010,다다3803,in_age_076,0
2010,다다3803,to_in_001,0
2010,다다3803,to_in_007,0
2010,다다3803,to_in_008,0
2010,다다3804,in_age_001,5
2010,다다3804,in_age_002,23
2010,다다3804,in_age_003,23
2010,다다3804,in_age_004,28
2010,다다3804,in_age_005,8
2010,다다3804,in_age_006,13
2010,다다3804,in_age_007,8
2010,다다3804,in_age_008,23
2010,다다3804,in_age_009,23
2010,다다3804,in_age_010,28
2010,다다3804,in_age_011,23
2010,다다3804,in_age_012,38
2010,다다3804,in_age_013,28
2010,다다3804,in_age_014,23
2010,다다3804,in_age_015,43
2010,다다3804,in_age_016,28
2010,다다3804,in_age_017,18
2010,다다3804,in_age_018,13
2010,다다3804,in_age_019,5
2010,다다3804,in_age_020,0
2010,다다3804,in_age_031,5
2010,다다3804,in_age_032,13
2010,다다3804,in_age_033,13
2010,다다3804,in_age_034,18
2010,다다3804,in_age_035,5
2010,다다3804,in_age_036,8
2010,다다3804,in_age_037,8
2010,다다3804,in_age_038,13
2010,다다3804,in_age_039,13
2010,다다3804,in_age_040,13
2010,다다3804,in_age_041,13
2010,다다3804,in_age_042,13
2010,다다3804,in_age_043,13
2010,다다3804,in_age_044,8
2010,다다3804,in_age_045,18
2010,다다3804,in_age_046,13
2010,다다3804,in_age_047,5
2010,다다3804,in_age_049,0
2010,다다3804,in_age_061,5
2010,다다3804,in_age_062,8
2010,다다3804,in_age_063,13
2010,다다3804,in_age_064,13
2010,다다3804,in_age_065,5
2010,다다3804,in_age_066,8
2010,다다3804,in_age_067,5
2010,다다3804,in_age_068,13
2010,다다3804,in_age_069,8
2010,다다3804,in_age_070,13
2010,다다3804,in_age_071,13
2010,다다3804,in_age_072,23
2010,다다3804,in_age_073,13
2010,다다3804,in_age_074,13
2010,다다3804,in_age_075,23
2010,다다3804,in_age_076,18
2010,다다3804,in_age_077,13
2010,다다3804,in_age_078,13
2010,다다3804,in_age_079,5
2010,다다3804,in_age_080,0
2010,다다3804,to_in_001,393
2010,다다3804,to_in_007,183
2010,다다3804,to_in_008,208
2010,다다3805,in_age_001,13
2010,다다3805,in_age_002,13
2010,다다3805,in_age_003,8
2010,다다3805,in_age_004,5
2010,다다3805,in_age_005,5
2010,다다3805,in_age_006,18
2010,다다3805,in_age_007,8
2010,다다3805,in_age_008,13
2010,다다3805,in_age_009,13
2010,다다3805,in_age_010,18
2010,다다3805,in_age_011,18
2010,다다3805,in_age_012,28
2010,다다3805,in_age_013,28
2010,다다3805,in_age_014,18
2010,다다3805,in_age_015,33
2010,다다3805,in_age_016,23
2010,다다3805,in_age_017,23
2010,다다3805,in_age_018,8
2010,다다3805,in_age_019,5
2010,다다3805,in_age_031,5
2010,다다3805,in_age_032,8
2010,다다3805,in_age_033,8
2010,다다3805,in_age_034,0
2010,다다3805,in_age_035,5
2010,다다3805,in_age_036,8
2010,다다3805,in_age_037,8
2010,다다3805,in_age_038,8
2010,다다3805,in_age_039,13
2010,다다3805,in_age_040,8
2010,다다3805,in_age_041,13
2010,다다3805,in_age_042,13
2010,다다3805,in_age_043,13
2010,다다3805,in_age_044,8
2010,다다3805,in_age_045,18
2010,다다3805,in_age_046,8
2010,다다3805,in_age_047,8
2010,다다3805,in_age_048,5
2010,다다3805,in_age_061,8
2010,다다3805,in_age_062,8
2010,다다3805,in_age_063,5
2010,다다3805,in_age_064,5
2010,다다3805,in_age_065,5
2010,다다3805,in_age_066,8
2010,다다3805,in_age_067,5
2010,다다3805,in_age_068,8
2010,다다3805,in_age_069,5
2010,다다3805,in_age_070,8
2010,다다3805,in_age_071,5
2010,다다3805,in_age_072,18
2010,다다3805,in_age_073,13
2010,다다3805,in_age_074,8
2010,다다3805,in_age_075,18
2010,다다3805,in_age_076,13
2010,다다3805,in_age_077,13
2010,다다3805,in_age_078,8
2010,다다3805,in_age_079,5
2010,다다3805,to_in_001,293
2010,다다3805,to_in_007,138
2010,다다3805,to_in_008,153
2010,다다3892,in_age_001,5
2010,다다3892,in_age_002,5
2010,다다3892,in_age_003,0
2010,다다3892,in_age_005,0
2010,다다3892,in_age_006,5
2010,다다3892,in_age_007,8
2010,다다3892,in_age_008,8
2010,다다3892,in_age_009,0
2010,다다3892,in_age_010,5
2010,다다3892,in_age_011,5
2010,다다3892,in_age_012,5
2010,다다3892,in_age_013,13
2010,다다3892,in_age_014,8
2010,다다3892,in_age_015,8
2010,다다3892,in_age_016,5
2010,다다3892,in_age_017,5
2010,다다3892,in_age_018,0
2010,다다3892,in_age_019,0
2010,다다3892,in_age_032,0
2010,다다3892,in_age_033,0
2010,다다3892,in_age_035,0
2010,다다3892,in_age_036,5
2010,다다3892,in_age_037,5
2010,다다3892,in_age_038,5
2010,다다3892,in_age_040,5
2010,다다3892,in_age_041,5
2010,다다3892,in_age_042,0
2010,다다3892,in_age_043,5
2010,다다3892,in_age_044,5
2010,다다3892,in_age_045,5
2010,다다3892,in_age_047,5
2010,다다3892,in_age_061,5
2010,다다3892,in_age_062,5
2010,다다3892,in_age_067,5
2010,다다3892,in_age_068,0
2010,다다3892,in_age_069,0
2010,다다3892,in_age_071,5
2010,다다3892,in_age_072,0
2010,다다3892,in_age_073,8
2010,다다3892,in_age_074,5
2010,다다3892,in_age_075,5
2010,다다3892,in_age_076,5
2010,다다3892,in_age_078,0
2010,다다3892,in_age_079,0
2010,다다3892,to_in_001,68
2010,다다3892,to_in_007,33
2010,다다3892,to_in_008,33
2010,다다3893,in_age_001,13
2010,다다3893,in_age_002,18
2010,다다3893,in_age_003,28
2010,다다3893,in_age_004,13
2010,다다3893,in_age_005,8
2010,다다3893,in_age_006,13
2010,다다3893,in_age_007,13
2010,다다3893,in_age_008,18
2010,다다3893,in_age_009,18
2010,다다3893,in_age_010,28
2010,다다3893,in_age_011,49
2010,다다3893,in_age_012,33
2010,다다3893,in_age_013,33
2010,다다3893,in_age_014,43
2010,다다3893,in_age_015,33
2010,다다3893,in_age_016,23
2010,다다3893,in_age_017,5
2010,다다3893,in_age_018,8
2010,다다3893,in_age_019,5
2010,다다3893,in_age_031,8
2010,다다3893,in_age_032,8
2010,다다3893,in_age_033,13
2010,다다3893,in_age_034,8
2010,다다3893,in_age_035,0
2010,다다3893,in_age_036,5
2010,다다3893,in_age_037,8
2010,다다3893,in_age_038,8
2010,다다3893,in_age_039,8
2010,다다3893,in_age_040,13
2010,다다3893,in_age_041,23
2010,다다3893,in_age_042,13
2010,다다3893,in_age_043,18
2010,다다3893,in_age_044,18
2010,다다3893,in_age_045,13
2010,다다3893,in_age_046,13
2010,다다3893,in_age_048,5
2010,다다3893,in_age_049,5
2010,다다3893,in_age_061,8
2010,다다3893,in_age_062,8
2010,다다3893,in_age_063,13
2010,다다3893,in_age_064,5
2010,다다3893,in_age_065,8
2010,다다3893,in_age_066,8
2010,다다3893,in_age_067,8
2010,다다3893,in_age_068,8
2010,다다3893,in_age_069,8
2010,다다3893,in_age_070,13
2010,다다3893,in_age_071,29
2010,다다3893,in_age_072,18
2010,다다3893,in_age_073,13
2010,다다3893,in_age_074,23
2010,다다3893,in_age_075,23
2010,다다3893,in_age_076,8
2010,다다3893,in_age_077,5
2010,다다3893,in_age_078,8
2010,다다3893,to_in_001,394
2010,다다3893,to_in_007,183
2010,다다3893,to_in_008,209
2010,다다3894,in_age_001,8
2010,다다3894,in_age_002,5
2010,다다3894,in_age_003,0
2010,다다3894,in_age_005,5
2010,다다3894,in_age_006,5
2010,다다3894,in_age_007,5
2010,다다3894,in_age_008,8
2010,다다3894,in_age_009,5
2010,다다3894,in_age_010,5
2010,다다3894,in_age_011,5
2010,다다3894,in_age_012,8
2010,다다3894,in_age_013,23
2010,다다3894,in_age_014,23
2010,다다3894,in_age_015,23
2010,다다3894,in_age_016,13
2010,다다3894,in_age_017,8
2010,다다3894,in_age_018,8
2010,다다3894,in_age_019,5
2010,다다3894,in_age_031,5
2010,다다3894,in_age_032,5
2010,다다3894,in_age_033,0
2010,다다3894,in_age_036,0
2010,다다3894,in_age_037,5
2010,다다3894,in_age_038,5
2010,다다3894,in_age_039,5
2010,다다3894,in_age_040,5
2010,다다3894,in_age_041,5
2010,다다3894,in_age_042,5
2010,다다3894,in_age_043,8
2010,다다3894,in_age_044,8
2010,다다3894,in_age_045,8
2010,다다3894,in_age_046,8
2010,다다3894,in_age_047,5
2010,다다3894,in_age_048,5
2010,다다3894,in_age_049,0
2010,다다3894,in_age_061,5
2010,다다3894,in_age_062,5
2010,다다3894,in_age_065,5
2010,다다3894,in_age_066,5
2010,다다3894,in_age_067,0
2010,다다3894,in_age_068,5
2010,다다3894,in_age_069,0
2010,다다3894,in_age_070,5
2010,다다3894,in_age_071,5
2010,다다3894,in_age_072,5
2010,다다3894,in_age_073,13
2010,다다3894,in_age_074,13
2010,다다3894,in_age_075,13
2010,다다3894,in_age_076,8
2010,다다3894,in_age_077,5
2010,다다3894,in_age_078,8
2010,다다3894,in_age_079,5
2010,다다3894,to_in_001,153
2010,다다3894,to_in_007,63
2010,다다3894,to_in_008,88
2010,다다3895,in_age_007,0
2010,다다3895,in_age_008,0
2010,다다3895,in_age_010,0
2010,다다3895,in_age_037,0
2010,다다3895,in_age_038,0
2010,다다3895,in_age_040,0
2010,다다3895,to_in_001,5
2010,다다3895,to_in_007,5
2010,다다3895,to_in_008,0
2010,다다3896,in_age_003,5
2010,다다3896,in_age_006,0
2010,다다3896,in_age_008,0
2010,다다3896,in_age_009,5
2010,다다3896,in_age_010,5
2010,다다3896,in_age_033,5
2010,다다3896,in_age_036,0
2010,다다3896,in_age_038,0
2010,다다3896,in_age_039,0
2010,다다3896,in_age_040,5
2010,다다3896,in_age_069,0
2010,다다3896,to_in_001,8
2010,다다3896,to_in_007,8
2010,다다3896,to_in_008,0
2010,다다3898,in_age_001,5
2010,다다3898,in_age_007,0
2010,다다3898,in_age_008,0
2010,다다3898,in_age_009,5
2010,다다3898,in_age_013,5
2010,다다3898,in_age_014,5
2010,다다3898,in_age_015,8
2010,다다3898,in_age_016,5
2010,다다3898,in_age_017,5
2010,다다3898,in_age_037,0
2010,다다3898,in_age_038,0
2010,다다3898,in_age_039,5
2010,다다3898,in_age_043,5
2010,다다3898,in_age_044,5
2010,다다3898,in_age_045,5
2010,다다3898,in_age_046,5
2010,다다3898,in_age_047,0
2010,다다3898,in_age_061,5
2010,다다3898,in_age_069,0
2010,다다3898,in_age_073,5
2010,다다3898,in_age_074,5
2010,다다3898,in_age_075,5
2010,다다3898,in_age_076,5
2010,다다3898,in_age_077,0
2010,다다3898,to_in_001,28
2010,다다3898,to_in_007,13
2010,다다3898,to_in_008,13
2010,다다3899,in_age_002,5
2010,다다3899,in_age_003,8
2010,다다3899,in_age_006,0
2010,다다3899,in_age_010,5
2010,다다3899,in_age_011,8
2010,다다3899,in_age_012,8
2010,다다3899,in_age_013,13
2010,다다3899,in_age_014,13
2010,다다3899,in_age_015,13
2010,다다3899,in_age_016,13
2010,다다3899,in_age_017,8
2010,다다3899,in_age_018,8
2010,다다3899,in_age_019,5
2010,다다3899,in_age_032,5
2010,다다3899,in_age_033,8
2010,다다3899,in_age_036,0
2010,다다3899,in_age_040,0
2010,다다3899,in_age_041,0
2010,다다3899,in_age_042,5
2010,다다3899,in_age_043,8
2010,다다3899,in_age_044,5
2010,다다3899,in_age_045,8
2010,다다3899,in_age_046,5
2010,다다3899,in_age_047,5
2010,다다3899,in_age_048,0
2010,다다3899,in_age_049,0
2010,다다3899,in_age_070,5
2010,다다3899,in_age_071,8
2010,다다3899,in_age_072,5
2010,다다3899,in_age_073,8
2010,다다3899,in_age_074,8
2010,다다3899,in_age_075,5
2010,다다3899,in_age_076,8
2010,다다3899,in_age_077,8
2010,다다3899,in_age_078,8
2010,다다3899,in_age_079,5
2010,다다3899,to_in_001,93
2010,다다3899,to_in_007,38
2010,다다3899,to_in_008,53
2010,다다3900,in_age_012,5
2010,다다3900,in_age_072,5
2010,다다3900,to_in_001,5
2010,다다3900,to_in_007,0
2010,다다3900,to_in_008,5
2010,다다3901,in_age_007,0
2010,다다3901,in_age_014,5
2010,다다3901,in_age_037,0
2010,다다3901,in_age_044,5
2010,다다3901,to_in_001,5
2010,다다3901,to_in_007,5
2010,다다3901,to_in_008,0
2010,다다3902,in_age_002,0
2010,다다3902,in_age_003,5
2010,다다3902,in_age_006,0
2010,다다3902,in_age_007,0
2010,다다3902,in_age_008,0
2010,다다3902,in_age_009,0
2010,다다3902,in_age_010,8
2010,다다3902,in_age_011,0
2010,다다3902,in_age_013,5
2010,다다3902,in_age_014,0
2010,다다3902,in_age_033,5
2010,다다3902,in_age_039,0
2010,다다3902,in_age_040,5
2010,다다3902,in_age_043,0
2010,다다3902,in_age_044,0
2010,다다3902,in_age_062,0
2010,다다3902,in_age_066,0
2010,다다3902,in_age_067,0
2010,다다3902,in_age_068,0
2010,다다3902,in_age_070,5
2010,다다3902,in_age_071,0
2010,다다3902,in_age_073,0
2010,다다3902,to_in_001,13
2010,다다3902,to_in_007,8
2010,다다3902,to_in_008,8
2010,다다3903,in_age_001,13
2010,다다3903,in_age_002,8
2010,다다3903,in_age_003,13
2010,다다3903,in_age_004,8
2010,다다3903,in_age_005,5
2010,다다3903,in_age_006,13
2010,다다3903,in_age_007,8
2010,다다3903,in_age_008,13
2010,다다3903,in_age_009,13
2010,다다3903,in_age_010,23
2010,다다3903,in_age_011,13
2010,다다3903,in_age_012,18
2010,다다3903,in_age_013,33
2010,다다3903,in_age_014,23
2010,다다3903,in_age_015,36
2010,다다3903,in_age_016,41
2010,다다3903,in_age_017,34
2010,다다3903,in_age_018,30
2010,다다3903,in_age_019,5
2010,다다3903,in_age_020,8
2010,다다3903,in_age_021,5
2010,다다3903,in_age_031,5
2010,다다3903,in_age_032,5
2010,다다3903,in_age_033,5
2010,다다3903,in_age_034,5
2010,다다3903,in_age_035,5
2010,다다3903,in_age_036,5
2010,다다3903,in_age_037,5
2010,다다3903,in_age_038,8
2010,다다3903,in_age_039,8
2010,다다3903,in_age_040,13
2010,다다3903,in_age_041,8
2010,다다3903,in_age_042,8
2010,다다3903,in_age_043,13
2010,다다3903,in_age_044,13
2010,다다3903,in_age_045,13
2010,다다3903,in_age_046,13
2010,다다3903,in_age_047,8
2010,다다3903,in_age_048,5
2010,다다3903,in_age_061,8
2010,다다3903,in_age_062,8
2010,다다3903,in_age_063,8
2010,다다3903,in_age_064,8
2010,다다3903,in_age_066,8
2010,다다3903,in_age_067,8
2010,다다3903,in_age_068,8
2010,다다3903,in_age_069,8
2010,다다3903,in_age_070,8
2010,다다3903,in_age_071,5
2010,다다3903,in_age_072,13
2010,다다3903,in_age_073,18
2010,다다3903,in_age_074,8
2010,다다3903,in_age_075,26
2010,다다3903,in_age_076,26
2010,다다3903,in_age_077,24
2010,다다3903,in_age_078,25
2010,다다3903,in_age_079,5
2010,다다3903,in_age_080,8
2010,다다3903,in_age_081,5
2010,다다3903,to_in_001,360
2010,다다3903,to_in_007,133
2010,다다3903,to_in_008,225
2010,다다3904,in_age_001,13
2010,다다3904,in_age_002,8
2010,다다3904,in_age_003,13
2010,다다3904,in_age_004,8
2010,다다3904,in_age_005,8
2010,다다3904,in_age_006,8
2010,다다3904,in_age_007,8
2010,다다3904,in_age_008,8
2010,다다3904,in_age_009,18
2010,다다3904,in_age_010,23
2010,다다3904,in_age_011,18
2010,다다3904,in_age_012,13
2010,다다3904,in_age_013,18
2010,다다3904,in_age_014,13
2010,다다3904,in_age_015,18
2010,다다3904,in_age_016,13
2010,다다3904,in_age_017,13
2010,다다3904,in_age_018,13
2010,다다3904,in_age_020,0
2010,다다3904,in_age_031,8
2010,다다3904,in_age_032,5
2010,다다3904,in_age_033,8
2010,다다3904,in_age_034,5
2010,다다3904,in_age_035,8
2010,다다3904,in_age_036,8
2010,다다3904,in_age_037,0
2010,다다3904,in_age_038,8
2010,다다3904,in_age_039,8
2010,다다3904,in_age_040,13
2010,다다3904,in_age_041,8
2010,다다3904,in_age_042,5
2010,다다3904,in_age_043,8
2010,다다3904,in_age_044,8
2010,다다3904,in_age_045,8
2010,다다3904,in_age_046,8
2010,다다3904,in_age_047,8
2010,다다3904,in_age_048,5
2010,다다3904,in_age_061,8
2010,다다3904,in_age_062,5
2010,다다3904,in_age_063,8
2010,다다3904,in_age_064,5
2010,다다3904,in_age_066,5
2010,다다3904,in_age_067,8
2010,다다3904,in_age_068,5
2010,다다3904,in_age_069,8
2010,다다3904,in_age_070,8
2010,다다3904,in_age_071,8
2010,다다3904,in_age_072,8
2010,다다3904,in_age_073,8
2010,다다3904,in_age_074,8
2010,다다3904,in_age_075,13
2010,다다3904,in_age_076,8
2010,다다3904,in_age_077,8
2010,다다3904,in_age_078,8
2010,다다3904,in_age_080,0
2010,다다3904,to_in_001,228
2010,다다3904,to_in_007,113
2010,다다3904,to_in_008,118
2010,다다3979,in_age_007,0
2010,다다3979,in_age_008,0
2010,다다3979,in_age_009,0
2010,다다3979,in_age_012,0
2010,다다3979,in_age_013,5
2010,다다3979,in_age_014,5
2010,다다3979,in_age_017,5
2010,다다3979,in_age_018,5
2010,다다3979,in_age_037,0
2010,다다3979,in_age_039,0
2010,다다3979,in_age_043,5
2010,다다3979,in_age_044,5
2010,다다3979,in_age_068,0
2010,다다3979,in_age_072,0
2010,다다3979,in_age_073,0
2010,다다3979,in_age_074,5
2010,다다3979,in_age_077,5
2010,다다3979,in_age_078,5
2010,다다3979,to_in_001,13
2010,다다3979,to_in_007,8
2010,다다3979,to_in_008,8
2010,다다3990,in_age_001,0
2010,다다3990,in_age_002,5
2010,다다3990,in_age_003,8
2010,다다3990,in_age_004,0
2010,다다3990,in_age_007,5
2010,다다3990,in_age_008,0
2010,다다3990,in_age_009,5
2010,다다3990,in_age_010,8
2010,다다3990,in_age_011,5
2010,다다3990,in_age_012,8
2010,다다3990,in_age_013,8
2010,다다3990,in_age_014,13
2010,다다3990,in_age_015,13
2010,다다3990,in_age_016,8
2010,다다3990,in_age_017,5
2010,다다3990,in_age_018,5
2010,다다3990,in_age_031,0
2010,다다3990,in_age_032,5
2010,다다3990,in_age_033,8
2010,다다3990,in_age_037,5
2010,다다3990,in_age_039,5
2010,다다3990,in_age_040,8
2010,다다3990,in_age_041,5
2010,다다3990,in_age_042,0
2010,다다3990,in_age_043,8
2010,다다3990,in_age_044,8
2010,다다3990,in_age_045,8
2010,다다3990,in_age_046,5
2010,다다3990,in_age_047,5
2010,다다3990,in_age_048,5
2010,다다3990,in_age_063,5
2010,다다3990,in_age_064,0
2010,다다3990,in_age_068,0
2010,다다3990,in_age_069,5
2010,다다3990,in_age_070,0
2010,다다3990,in_age_072,5
2010,다다3990,in_age_073,5
2010,다다3990,in_age_074,5
2010,다다3990,in_age_075,8
2010,다다3990,in_age_076,8
2010,다다3990,in_age_077,0
2010,다다3990,in_age_078,0
2010,다다3990,to_in_001,78
2010,다다3990,to_in_007,38
2010,다다3990,to_in_008,38
2010,다다3991,in_age_001,5
2010,다다3991,in_age_002,13
2010,다다3991,in_age_003,5
2010,다다3991,in_age_004,0
2010,다다3991,in_age_005,0
2010,다다3991,in_age_007,8
2010,다다3991,in_age_008,8
2010,다다3991,in_age_009,8
2010,다다3991,in_age_010,0
2010,다다3991,in_age_011,13
2010,다다3991,in_age_012,8
2010,다다3991,in_age_013,13
2010,다다3991,in_age_014,13
2010,다다3991,in_age_015,18
2010,다다3991,in_age_016,5
2010,다다3991,in_age_018,0
2010,다다3991,in_age_031,0
2010,다다3991,in_age_032,8
2010,다다3991,in_age_033,5
2010,다다3991,in_age_037,5
2010,다다3991,in_age_038,5
2010,다다3991,in_age_039,8
2010,다다3991,in_age_040,0
2010,다다3991,in_age_041,8
2010,다다3991,in_age_042,5
2010,다다3991,in_age_043,5
2010,다다3991,in_age_044,0
2010,다다3991,in_age_045,8
2010,다다3991,in_age_046,0
2010,다다3991,in_age_061,0
2010,다다3991,in_age_062,8
2010,다다3991,in_age_064,0
2010,다다3991,in_age_065,0
2010,다다3991,in_age_067,5
2010,다다3991,in_age_068,0
2010,다다3991,in_age_069,8
2010,다다3991,in_age_071,8
2010,다다3991,in_age_072,5
2010,다다3991,in_age_073,8
2010,다다3991,in_age_074,8
2010,다다3991,in_age_075,8
2010,다다3991,in_age_076,5
2010,다다3991,in_age_078,0
2010,다다3991,to_in_001,103
2010,다다3991,to_in_007,43
2010,다다3991,to_in_008,58
2010,다다3992,in_age_008,5
2010,다다3992,in_age_014,5
2010,다다3992,in_age_015,0
2010,다다3992,in_age_038,5
2010,다다3992,in_age_044,0
2010,다다3992,in_age_074,5
2010,다다3992,in_age_075,0
2010,다다3992,to_in_001,8
2010,다다3992,to_in_007,5
2010,다다3992,to_in_008,5
2010,다다3993,in_age_003,8
2010,다다3993,in_age_009,5
2010,다다3993,in_age_010,5
2010,다다3993,in_age_033,5
2010,다다3993,in_age_039,0
2010,다다3993,in_age_040,0
2010,다다3993,in_age_063,5
2010,다다3993,in_age_069,0
2010,다다3993,in_age_070,0
2010,다다3993,to_in_001,8
2010,다다3993,to_in_007,5
2010,다다3993,to_in_008,5
2010,다다3994,in_age_011,0
2010,다다3994,in_age_016,0
2010,다다3994,in_age_018,5
2010,다다3994,in_age_041,0
2010,다다3994,in_age_048,0
2010,다다3994,in_age_076,0
2010,다다3994,in_age_078,0
2010,다다3994,to_in_001,5
2010,다다3994,to_in_007,5
2010,다다3994,to_in_008,5
2010,다다3995,in_age_006,0
2010,다다3995,in_age_007,0
2010,다다3995,in_age_008,0
2010,다다3995,in_age_009,5
2010,다다3995,in_age_010,0
2010,다다3995,in_age_011,5
2010,다다3995,in_age_012,5
2010,다다3995,in_age_037,0
2010,다다3995,in_age_038,0
2010,다다3995,in_age_039,5
2010,다다3995,in_age_041,5
2010,다다3995,in_age_042,5
2010,다다3995,in_age_066,0
2010,다다3995,in_age_070,0
2010,다다3995,in_age_072,0
2010,다다3995,to_in_001,13
2010,다다3995,to_in_007,8
2010,다다3995,to_in_008,5
2010,다다4001,in_age_009,5
2010,다다4001,in_age_011,0
2010,다다4001,in_age_013,0
2010,다다4001,in_age_039,5
2010,다다4001,in_age_041,0
2010,다다4001,in_age_073,0
2010,다다4001,to_in_001,5
2010,다다4001,to_in_007,5
2010,다다4001,to_in_008,0
2010,다다4002,in_age_001,5
2010,다다4002,in_age_002,8
2010,다다4002,in_age_003,5
2010,다다4002,in_age_004,65
2010,다다4002,in_age_005,5
2010,다다4002,in_age_006,5
2010,다다4002,in_age_007,5
2010,다다4002,in_age_008,5
2010,다다4002,in_age_009,8
2010,다다4002,in_age_010,8
2010,다다4002,in_age_011,13
2010,다다4002,in_age_012,8
2010,다다4002,in_age_013,5
2010,다다4002,in_age_014,13
2010,다다4002,in_age_015,8
2010,다다4002,in_age_016,5
2010,다다4002,in_age_017,5
2010,다다4002,in_age_018,8
2010,다다4002,in_age_019,5
2010,다다4002,in_age_020,5
2010,다다4002,in_age_031,5
2010,다다4002,in_age_032,5
2010,다다4002,in_age_033,5
2010,다다4002,in_age_034,36
2010,다다4002,in_age_036,0
2010,다다4002,in_age_037,5
2010,다다4002,in_age_038,5
2010,다다4002,in_age_039,5
2010,다다4002,in_age_040,5
2010,다다4002,in_age_041,8
2010,다다4002,in_age_042,5
2010,다다4002,in_age_043,5
2010,다다4002,in_age_044,5
2010,다다4002,in_age_045,5
2010,다다4002,in_age_046,0
2010,다다4002,in_age_047,0
2010,다다4002,in_age_048,5
2010,다다4002,in_age_050,5
2010,다다4002,in_age_061,5
2010,다다4002,in_age_062,5
2010,다다4002,in_age_064,29
2010,다다4002,in_age_065,5
2010,다다4002,in_age_066,5
2010,다다4002,in_age_067,0
2010,다다4002,in_age_068,0
2010,다다4002,in_age_069,5
2010,다다4002,in_age_070,5
2010,다다4002,in_age_071,8
2010,다다4002,in_age_072,5
2010,다다4002,in_age_073,5
2010,다다4002,in_age_074,8
2010,다다4002,in_age_075,8
2010,다다4002,in_age_076,5
2010,다다4002,in_age_077,5
2010,다다4002,in_age_078,8
2010,다다4002,in_age_079,5
2010,다다4002,to_in_001,168
2010,다다4002,to_in_007,79
2010,다다4002,to_in_008,87
2010,다다4003,in_age_001,43
2010,다다4003,in_age_002,64
2010,다다4003,in_age_003,80
2010,다다4003,in_age_004,78
2010,다다4003,in_age_005,28
2010,다다4003,in_age_006,38
2010,다다4003,in_age_007,44
2010,다다4003,in_age_008,89
2010,다다4003,in_age_009,91
2010,다다4003,in_age_010,106
2010,다다4003,in_age_011,120
2010,다다4003,in_age_012,88
2010,다다4003,in_age_013,78
2010,다다4003,in_age_014,53
2010,다다4003,in_age_015,85
2010,다다4003,in_age_016,78
2010,다다4003,in_age_017,33
2010,다다4003,in_age_018,18
2010,다다4003,in_age_019,5
2010,다다4003,in_age_021,5
2010,다다4003,in_age_031,23
2010,다다4003,in_age_032,34
2010,다다4003,in_age_033,38
2010,다다4003,in_age_034,38
2010,다다4003,in_age_035,13
2010,다다4003,in_age_036,18
2010,다다4003,in_age_037,18
2010,다다4003,in_age_038,48
2010,다다4003,in_age_039,48
2010,다다4003,in_age_040,49
2010,다다4003,in_age_041,53
2010,다다4003,in_age_042,43
2010,다다4003,in_age_043,38
2010,다다4003,in_age_044,23
2010,다다4003,in_age_045,28
2010,다다4003,in_age_046,28
2010,다다4003,in_age_047,8
2010,다다4003,in_age_048,5
2010,다다4003,in_age_061,18
2010,다다4003,in_age_062,28
2010,다다4003,in_age_063,40
2010,다다4003,in_age_064,38
2010,다다4003,in_age_065,13
2010,다다4003,in_age_066,18
2010,다다4003,in_age_067,29
2010,다다4003,in_age_068,39
2010,다다4003,in_age_069,41
2010,다다4003,in_age_070,55
2010,다다4003,in_age_071,65
2010,다다4003,in_age_072,43
2010,다다4003,in_age_073,38
2010,다다4003,in_age_074,28
2010,다다4003,in_age_075,60
2010,다다4003,in_age_076,48
2010,다다4003,in_age_077,28
2010,다다4003,in_age_078,13
2010,다다4003,in_age_079,5
2010,다다4003,in_age_081,5
2010,다다4003,to_in_001,1208
2010,다다4003,to_in_007,565
2010,다다4003,to_in_008,646
2010,다다4004,in_age_001,5
2010,다다4004,in_age_002,5
2010,다다4004,in_age_003,8
2010,다다4004,in_age_004,8
2010,다다4004,in_age_005,5
2010,다다4004,in_age_006,5
2010,다다4004,in_age_007,5
2010,다다4004,in_age_008,8
2010,다다4004,in_age_009,8
2010,다다4004,in_age_010,8
2010,다다4004,in_age_011,13
2010,다다4004,in_age_012,8
2010,다다4004,in_age_013,5
2010,다다4004,in_age_014,5
2010,다다4004,in_age_015,8
2010,다다4004,in_age_016,5
2010,다다4004,in_age_017,5
2010,다다4004,in_age_031,5
2010,다다4004,in_age_032,5
2010,다다4004,in_age_033,8
2010,다다4004,in_age_034,5
2010,다다4004,in_age_035,0
2010,다다4004,in_age_036,0
2010,다다4004,in_age_037,5
2010,다다4004,in_age_038,5
2010,다다4004,in_age_039,5
2010,다다4004,in_age_040,5
2010,다다4004,in_age_041,8
2010,다다4004,in_age_042,5
2010,다다4004,in_age_043,5
2010,다다4004,in_age_045,8
2010,다다4004,in_age_046,5
2010,다다4004,in_age_047,5
2010,다다4004,in_age_061,0
2010,다다4004,in_age_062,5
2010,다다4004,in_age_063,8
2010,다다4004,in_age_064,5
2010,다다4004,in_age_065,5
2010,다다4004,in_age_066,0
2010,다다4004,in_age_067,5
2010,다다4004,in_age_068,5
2010,다다4004,in_age_069,5
2010,다다4004,in_age_070,5
2010,다다4004,in_age_071,8
2010,다다4004,in_age_072,5
2010,다다4004,in_age_073,5
2010,다다4004,in_age_074,5
2010,다다4004,in_age_075,0
2010,다다4004,in_age_076,0
2010,다다4004,to_in_001,88
2010,다다4004,to_in_007,43
2010,다다4004,to_in_008,43
2010,다다4075,in_age_001,5
2010,다다4075,in_age_002,5
2010,다다4075,in_age_003,5
2010,다다4075,in_age_004,5
2010,다다4075,in_age_005,5
2010,다다4075,in_age_006,5
2010,다다4075,in_age_007,8
2010,다다4075,in_age_008,5
2010,다다4075,in_age_009,5
2010,다다4075,in_age_010,8
2010,다다4075,in_age_011,18
2010,다다4075,in_age_012,8
2010,다다4075,in_age_013,13
2010,다다4075,in_age_014,13
2010,다다4075,in_age_015,13
2010,다다4075,in_age_016,13
2010,다다4075,in_age_017,8
2010,다다4075,in_age_018,5
2010,다다4075,in_age_019,0
2010,다다4075,in_age_031,0
2010,다다4075,in_age_033,5
2010,다다4075,in_age_034,5
2010,다다4075,in_age_035,5
2010,다다4075,in_age_036,0
2010,다다4075,in_age_037,5
2010,다다4075,in_age_038,5
2010,다다4075,in_age_039,0
2010,다다4075,in_age_040,5
2010,다다4075,in_age_041,8
2010,다다4075,in_age_042,5
2010,다다4075,in_age_043,5
2010,다다4075,in_age_044,5
2010,다다4075,in_age_045,5
2010,다다4075,in_age_046,5
2010,다다4075,in_age_047,8
2010,다다4075,in_age_048,5
2010,다다4075,in_age_049,0
2010,다다4075,in_age_061,0
2010,다다4075,in_age_062,5
2010,다다4075,in_age_066,0
2010,다다4075,in_age_067,5
2010,다다4075,in_age_068,0
2010,다다4075,in_age_069,5
2010,다다4075,in_age_070,5
2010,다다4075,in_age_071,8
2010,다다4075,in_age_072,5
2010,다다4075,in_age_073,8
2010,다다4075,in_age_074,8
2010,다다4075,in_age_075,8
2010,다다4075,in_age_076,8
2010,다다4075,in_age_077,8
2010,다다4075,in_age_078,0
2010,다다4075,to_in_001,123
2010,다다4075,to_in_007,58
2010,다다4075,to_in_008,68
2010,다다4076,in_age_001,8
2010,다다4076,in_age_002,28
2010,다다4076,in_age_003,33
2010,다다4076,in_age_004,13
2010,다다4076,in_age_005,13
2010,다다4076,in_age_006,23
2010,다다4076,in_age_007,18
2010,다다4076,in_age_008,13
2010,다다4076,in_age_009,38
2010,다다4076,in_age_010,38
2010,다다4076,in_age_011,59
2010,다다4076,in_age_012,61
2010,다다4076,in_age_013,46
2010,다다4076,in_age_014,43
2010,다다4076,in_age_015,44
2010,다다4076,in_age_016,23
2010,다다4076,in_age_017,18
2010,다다4076,in_age_018,13
2010,다다4076,in_age_019,5
2010,다다4076,in_age_020,0
2010,다다4076,in_age_031,5
2010,다다4076,in_age_032,13
2010,다다4076,in_age_033,18
2010,다다4076,in_age_034,8
2010,다다4076,in_age_035,8
2010,다다4076,in_age_036,18
2010,다다4076,in_age_037,5
2010,다다4076,in_age_038,8
2010,다다4076,in_age_039,23
2010,다다4076,in_age_040,18
2010,다다4076,in_age_041,28
2010,다다4076,in_age_042,34
2010,다다4076,in_age_043,26
2010,다다4076,in_age_044,18
2010,다다4076,in_age_045,18
2010,다다4076,in_age_046,8
2010,다다4076,in_age_047,5
2010,다다4076,in_age_048,8
2010,다다4076,in_age_049,5
2010,다다4076,in_age_061,8
2010,다다4076,in_age_062,18
2010,다다4076,in_age_063,18
2010,다다4076,in_age_064,5
2010,다다4076,in_age_065,5
2010,다다4076,in_age_066,8
2010,다다4076,in_age_067,13
2010,다다4076,in_age_068,5
2010,다다4076,in_age_069,18
2010,다다4076,in_age_070,23
2010,다다4076,in_age_071,29
2010,다다4076,in_age_072,30
2010,다다4076,in_age_073,23
2010,다다4076,in_age_074,23
2010,다다4076,in_age_075,29
2010,다다4076,in_age_076,18
2010,다다4076,in_age_077,13
2010,다다4076,in_age_078,8
2010,다다4076,in_age_080,0
2010,다다4076,to_in_001,541
2010,다다4076,to_in_007,257
2010,다다4076,to_in_008,282
2010,다다4079,in_age_007,0
2010,다다4079,in_age_012,5
2010,다다4079,in_age_037,0
2010,다다4079,in_age_042,0
2010,다다4079,in_age_072,0
2010,다다4079,to_in_001,5
2010,다다4079,to_in_007,5
2010,다다4079,to_in_008,0
2010,다다4090,in_age_001,5
2010,다다4090,in_age_002,5
2010,다다4090,in_age_003,8
2010,다다4090,in_age_004,5
2010,다다4090,in_age_005,5
2010,다다4090,in_age_006,5
2010,다다4090,in_age_007,8
2010,다다4090,in_age_008,0
2010,다다4090,in_age_009,8
2010,다다4090,in_age_010,13
2010,다다4090,in_age_011,8
2010,다다4090,in_age_012,13
2010,다다4090,in_age_013,8
2010,다다4090,in_age_014,5
2010,다다4090,in_age_015,5
2010,다다4090,in_age_016,5
2010,다다4090,in_age_017,5
2010,다다4090,in_age_019,0
2010,다다4090,in_age_031,5
2010,다다4090,in_age_032,5
2010,다다4090,in_age_033,5
2010,다다4090,in_age_034,5
2010,다다4090,in_age_035,5
2010,다다4090,in_age_036,5
2010,다다4090,in_age_037,0
2010,다다4090,in_age_039,8
2010,다다4090,in_age_040,8
2010,다다4090,in_age_041,5
2010,다다4090,in_age_042,5
2010,다다4090,in_age_043,8
2010,다다4090,in_age_044,5
2010,다다4090,in_age_046,0
2010,다다4090,in_age_047,5
2010,다다4090,in_age_062,5
2010,다다4090,in_age_063,5
2010,다다4090,in_age_064,0
2010,다다4090,in_age_065,0
2010,다다4090,in_age_066,0
2010,다다4090,in_age_067,8
2010,다다4090,in_age_068,0
2010,다다4090,in_age_069,5
2010,다다4090,in_age_070,8
2010,다다4090,in_age_071,5
2010,다다4090,in_age_072,8
2010,다다4090,in_age_073,5
2010,다다4090,in_age_074,0
2010,다다4090,in_age_075,5
2010,다다4090,in_age_076,0
2010,다다4090,in_age_079,0
2010,다다4090,to_in_001,88
2010,다다4090,to_in_007,48
2010,다다4090,to_in_008,38
2010,다다4091,in_age_001,5
2010,다다4091,in_age_002,5
2010,다다4091,in_age_003,8
2010,다다4091,in_age_004,5
2010,다다4091,in_age_005,0
2010,다다4091,in_age_006,5
2010,다다4091,in_age_007,5
2010,다다4091,in_age_008,8
2010,다다4091,in_age_009,8
2010,다다4091,in_age_010,5
2010,다다4091,in_age_011,8
2010,다다4091,in_age_012,8
2010,다다4091,in_age_013,18
2010,다다4091,in_age_014,23
2010,다다4091,in_age_015,18
2010,다다4091,in_age_016,8
2010,다다4091,in_age_017,8
2010,다다4091,in_age_018,5
2010,다다4091,in_age_031,0
2010,다다4091,in_age_032,0
2010,다다4091,in_age_033,5
2010,다다4091,in_age_034,0
2010,다다4091,in_age_036,0
2010,다다4091,in_age_037,0
2010,다다4091,in_age_038,0
2010,다다4091,in_age_039,8
2010,다다4091,in_age_040,0
2010,다다4091,in_age_041,5
2010,다다4091,in_age_042,5
2010,다다4091,in_age_043,8
2010,다다4091,in_age_044,13
2010,다다4091,in_age_045,5
2010,다다4091,in_age_047,8
2010,다다4091,in_age_061,5
2010,다다4091,in_age_062,5
2010,다다4091,in_age_063,5
2010,다다4091,in_age_064,0
2010,다다4091,in_age_065,0
2010,다다4091,in_age_066,5
2010,다다4091,in_age_067,5
2010,다다4091,in_age_068,8
2010,다다4091,in_age_069,5
2010,다다4091,in_age_070,5
2010,다다4091,in_age_071,8
2010,다다4091,in_age_072,5
2010,다다4091,in_age_073,13
2010,다다4091,in_age_074,8
2010,다다4091,in_age_075,13
2010,다다4091,in_age_076,8
2010,다다4091,in_age_077,0
2010,다다4091,in_age_078,5
2010,다다4091,to_in_001,138
2010,다다4091,to_in_007,53
2010,다다4091,to_in_008,83
2010,다다4092,in_age_001,5
2010,다다4092,in_age_002,8
2010,다다4092,in_age_003,13
2010,다다4092,in_age_004,5
2010,다다4092,in_age_006,8
2010,다다4092,in_age_007,8
2010,다다4092,in_age_008,13
2010,다다4092,in_age_009,8
2010,다다4092,in_age_010,8
2010,다다4092,in_age_011,8
2010,다다4092,in_age_012,8
2010,다다4092,in_age_013,13
2010,다다4092,in_age_014,19
2010,다다4092,in_age_015,28
2010,다다4092,in_age_016,8
2010,다다4092,in_age_017,8
2010,다다4092,in_age_018,5
2010,다다4092,in_age_019,0
2010,다다4092,in_age_020,5
2010,다다4092,in_age_031,5
2010,다다4092,in_age_032,5
2010,다다4092,in_age_033,8
2010,다다4092,in_age_034,5
2010,다다4092,in_age_036,0
2010,다다4092,in_age_037,5
2010,다다4092,in_age_038,5
2010,다다4092,in_age_039,8
2010,다다4092,in_age_040,5
2010,다다4092,in_age_041,8
2010,다다4092,in_age_042,5
2010,다다4092,in_age_043,8
2010,다다4092,in_age_044,8
2010,다다4092,in_age_045,13
2010,다다4092,in_age_046,5
2010,다다4092,in_age_047,5
2010,다다4092,in_age_048,0
2010,다다4092,in_age_061,5
2010,다다4092,in_age_062,8
2010,다다4092,in_age_063,8
2010,다다4092,in_age_064,0
2010,다다4092,in_age_066,8
2010,다다4092,in_age_067,5
2010,다다4092,in_age_068,8
2010,다다4092,in_age_069,5
2010,다다4092,in_age_070,8
2010,다다4092,in_age_071,5
2010,다다4092,in_age_072,5
2010,다다4092,in_age_073,8
2010,다다4092,in_age_074,14
2010,다다4092,in_age_075,18
2010,다다4092,in_age_076,8
2010,다다4092,in_age_077,5
2010,다다4092,in_age_078,5
2010,다다4092,in_age_079,0
2010,다다4092,in_age_080,5
2010,다다4092,to_in_001,164
2010,다다4092,to_in_007,68
2010,다다4092,to_in_008,94
2010,다다4093,in_age_001,0
2010,다다4093,in_age_002,5
2010,다다4093,in_age_003,8
2010,다다4093,in_age_004,8
2010,다다4093,in_age_005,8
2010,다다4093,in_age_006,5
2010,다다4093,in_age_007,5
2010,다다4093,in_age_008,0
2010,다다4093,in_age_009,5
2010,다다4093,in_age_010,13
2010,다다4093,in_age_011,8
2010,다다4093,in_age_012,8
2010,다다4093,in_age_013,8
2010,다다4093,in_age_014,13
2010,다다4093,in_age_015,24
2010,다다4093,in_age_016,18
2010,다다4093,in_age_017,8
2010,다다4093,in_age_018,5
2010,다다4093,in_age_032,5
2010,다다4093,in_age_033,8
2010,다다4093,in_age_034,5
2010,다다4093,in_age_035,5
2010,다다4093,in_age_036,5
2010,다다4093,in_age_038,0
2010,다다4093,in_age_039,5
2010,다다4093,in_age_040,8
2010,다다4093,in_age_041,8
2010,다다4093,in_age_042,8
2010,다다4093,in_age_043,8
2010,다다4093,in_age_044,5
2010,다다4093,in_age_045,13
2010,다다4093,in_age_046,8
2010,다다4093,in_age_047,5
2010,다다4093,in_age_048,0
2010,다다4093,in_age_061,0
2010,다다4093,in_age_063,5
2010,다다4093,in_age_064,8
2010,다다4093,in_age_065,0
2010,다다4093,in_age_067,5
2010,다다4093,in_age_069,5
2010,다다4093,in_age_070,8
2010,다다4093,in_age_071,5
2010,다다4093,in_age_072,5
2010,다다4093,in_age_073,8
2010,다다4093,in_age_074,8
2010,다다4093,in_age_075,14
2010,다다4093,in_age_076,8
2010,다다4093,in_age_077,5
2010,다다4093,in_age_078,5
2010,다다4093,to_in_001,149
2010,다다4093,to_in_007,73
2010,다다4093,to_in_008,74
2010,다다4094,in_age_001,0
2010,다다4094,in_age_002,5
2010,다다4094,in_age_003,0
2010,다다4094,in_age_005,5
2010,다다4094,in_age_007,5
2010,다다4094,in_age_009,0
2010,다다4094,in_age_010,5
2010,다다4094,in_age_011,8
2010,다다4094,in_age_012,8
2010,다다4094,in_age_013,8
2010,다다4094,in_age_014,8
2010,다다4094,in_age_015,8
2010,다다4094,in_age_016,5
2010,다다4094,in_age_017,5
2010,다다4094,in_age_018,0
2010,다다4094,in_age_019,5
2010,다다4094,in_age_020,5
2010,다다4094,in_age_032,5
2010,다다4094,in_age_039,0
2010,다다4094,in_age_040,5
2010,다다4094,in_age_041,8
2010,다다4094,in_age_042,5
2010,다다4094,in_age_043,0
2010,다다4094,in_age_044,8
2010,다다4094,in_age_045,5
2010,다다4094,in_age_046,5
2010,다다4094,in_age_047,5
2010,다다4094,in_age_061,0
2010,다다4094,in_age_063,0
2010,다다4094,in_age_065,5
2010,다다4094,in_age_067,5
2010,다다4094,in_age_070,0
2010,다다4094,in_age_071,5
2010,다다4094,in_age_072,5
2010,다다4094,in_age_073,8
2010,다다4094,in_age_074,5
2010,다다4094,in_age_075,5
2010,다다4094,in_age_076,5
2010,다다4094,in_age_077,0
2010,다다4094,in_age_078,0
2010,다다4094,in_age_079,5
2010,다다4094,in_age_080,5
2010,다다4094,to_in_001,58
2010,다다4094,to_in_007,28
2010,다다4094,to_in_008,33
2010,다다4095,in_age_003,0
2010,다다4095,in_age_004,5
2010,다다4095,in_age_005,0
2010,다다4095,in_age_007,0
2010,다다4095,in_age_008,8
2010,다다4095,in_age_009,5
2010,다다4095,in_age_010,5
2010,다다4095,in_age_011,5
2010,다다4095,in_age_012,0
2010,다다4095,in_age_015,0
2010,다다4095,in_age_016,5
2010,다다4095,in_age_033,0
2010,다다4095,in_age_034,0
2010,다다4095,in_age_037,0
2010,다다4095,in_age_038,8
2010,다다4095,in_age_039,5
2010,다다4095,in_age_041,5
2010,다다4095,in_age_046,5
2010,다다4095,in_age_064,0
2010,다다4095,in_age_065,0
2010,다다4095,in_age_068,0
2010,다다4095,in_age_069,5
2010,다다4095,in_age_070,5
2010,다다4095,in_age_072,0
2010,다다4095,in_age_075,0
2010,다다4095,to_in_001,23
2010,다다4095,to_in_007,13
2010,다다4095,to_in_008,8
2010,다다4099,in_age_011,0
2010,다다4099,in_age_013,5
2010,다다4099,in_age_014,5
2010,다다4099,in_age_016,5
2010,다다4099,in_age_017,5
2010,다다4099,in_age_041,0
2010,다다4099,in_age_043,5
2010,다다4099,in_age_044,0
2010,다다4099,in_age_046,0
2010,다다4099,in_age_047,0
2010,다다4099,in_age_073,0
2010,다다4099,in_age_074,0
2010,다다4099,in_age_076,0
2010,다다4099,in_age_077,0
2010,다다4099,to_in_001,8
2010,다다4099,to_in_007,5
2010,다다4099,to_in_008,5
2010,다다4100,in_age_008,8
2010,다다4100,in_age_038,5
2010,다다4100,in_age_068,5
2010,다다4100,to_in_001,8
2010,다다4100,to_in_007,5
2010,다다4100,to_in_008,5
2010,다다4101,in_age_002,5
2010,다다4101,in_age_003,0
2010,다다4101,in_age_004,5
2010,다다4101,in_age_009,5
2010,다다4101,in_age_010,0
2010,다다4101,in_age_015,5
2010,다다4101,in_age_032,5
2010,다다4101,in_age_039,5
2010,다다4101,in_age_040,0
2010,다다4101,in_age_063,0
2010,다다4101,in_age_064,5
2010,다다4101,in_age_069,0
2010,다다4101,in_age_075,5
2010,다다4101,to_in_001,8
2010,다다4101,to_in_007,8
2010,다다4101,to_in_008,8
2010,다다4102,in_age_001,5
2010,다다4102,in_age_002,8
2010,다다4102,in_age_003,13
2010,다다4102,in_age_004,5
2010,다다4102,in_age_005,5
2010,다다4102,in_age_006,8
2010,다다4102,in_age_007,8
2010,다다4102,in_age_008,8
2010,다다4102,in_age_009,8
2010,다다4102,in_age_010,8
2010,다다4102,in_age_011,8
2010,다다4102,in_age_012,13
2010,다다4102,in_age_013,18
2010,다다4102,in_age_014,8
2010,다다4102,in_age_015,8
2010,다다4102,in_age_016,8
2010,다다4102,in_age_017,5
2010,다다4102,in_age_018,8
2010,다다4102,in_age_019,5
2010,다다4102,in_age_031,0
2010,다다4102,in_age_032,5
2010,다다4102,in_age_033,5
2010,다다4102,in_age_034,0
2010,다다4102,in_age_035,5
2010,다다4102,in_age_037,5
2010,다다4102,in_age_038,8
2010,다다4102,in_age_039,8
2010,다다4102,in_age_040,8
2010,다다4102,in_age_041,5
2010,다다4102,in_age_042,8
2010,다다4102,in_age_043,8
2010,다다4102,in_age_044,5
2010,다다4102,in_age_045,8
2010,다다4102,in_age_046,5
2010,다다4102,in_age_047,0
2010,다다4102,in_age_048,5
2010,다다4102,in_age_049,5
2010,다다4102,in_age_061,5
2010,다다4102,in_age_062,8
2010,다다4102,in_age_063,8
2010,다다4102,in_age_064,5
2010,다다4102,in_age_065,5
2010,다다4102,in_age_066,8
2010,다다4102,in_age_067,5
2010,다다4102,in_age_068,0
2010,다다4102,in_age_069,5
2010,다다4102,in_age_070,5
2010,다다4102,in_age_071,8
2010,다다4102,in_age_072,8
2010,다다4102,in_age_073,8
2010,다다4102,in_age_074,8
2010,다다4102,in_age_075,5
2010,다다4102,in_age_076,8
2010,다다4102,in_age_077,5
2010,다다4102,in_age_078,8
2010,다다4102,in_age_079,0
2010,다다4102,to_in_001,148
2010,다다4102,to_in_007,68
2010,다다4102,to_in_008,83
2010,다다4103,in_age_001,35
2010,다다4103,in_age_002,34
2010,다다4103,in_age_003,35
2010,다다4103,in_age_004,28
2010,다다4103,in_age_005,8
2010,다다4103,in_age_006,13
2010,다다4103,in_age_007,23
2010,다다4103,in_age_008,52
2010,다다4103,in_age_009,39
2010,다다4103,in_age_010,48
2010,다다4103,in_age_011,33
2010,다다4103,in_age_012,18
2010,다다4103,in_age_013,23
2010,다다4103,in_age_014,23
2010,다다4103,in_age_015,38
2010,다다4103,in_age_016,13
2010,다다4103,in_age_017,13
2010,다다4103,in_age_018,8
2010,다다4103,in_age_019,5
2010,다다4103,in_age_031,15
2010,다다4103,in_age_032,14
2010,다다4103,in_age_033,19
2010,다다4103,in_age_034,13
2010,다다4103,in_age_035,5
2010,다다4103,in_age_036,8
2010,다다4103,in_age_037,13
2010,다다4103,in_age_038,27
2010,다다4103,in_age_039,21
2010,다다4103,in_age_040,28
2010,다다4103,in_age_041,13
2010,다다4103,in_age_042,8
2010,다다4103,in_age_043,13
2010,다다4103,in_age_044,13
2010,다다4103,in_age_045,8
2010,다다4103,in_age_046,5
2010,다다4103,in_age_047,5
2010,다다4103,in_age_048,0
2010,다다4103,in_age_061,23
2010,다다4103,in_age_062,18
2010,다다4103,in_age_063,19
2010,다다4103,in_age_064,13
2010,다다4103,in_age_065,8
2010,다다4103,in_age_066,8
2010,다다4103,in_age_067,13
2010,다다4103,in_age_068,28
2010,다다4103,in_age_069,21
2010,다다4103,in_age_070,23
2010,다다4103,in_age_071,18
2010,다다4103,in_age_072,8
2010,다다4103,in_age_073,8
2010,다다4103,in_age_074,8
2010,다다4103,in_age_075,28
2010,다다4103,in_age_076,8
2010,다다4103,in_age_077,8
2010,다다4103,in_age_078,8
2010,다다4103,in_age_079,5
2010,다다4103,to_in_001,478
2010,다다4103,to_in_007,219
2010,다다4103,to_in_008,262
2010,다다4104,in_age_007,0
2010,다다4104,in_age_011,5
2010,다다4104,in_age_013,5
2010,다다4104,in_age_014,0
2010,다다4104,in_age_015,0
2010,다다4104,in_age_041,0
2010,다다4104,in_age_043,0
2010,다다4104,in_age_045,0
2010,다다4104,in_age_067,0
2010,다다4104,in_age_071,5
2010,다다4104,in_age_073,5
2010,다다4104,in_age_074,0
2010,다다4104,to_in_001,8
2010,다다4104,to_in_007,5
2010,다다4104,to_in_008,8
2010,다다4175,in_age_001,0
2010,다다4175,in_age_002,0
2010,다다4175,in_age_003,5
2010,다다4175,in_age_004,0
2010,다다4175,in_age_005,5
2010,다다4175,in_age_006,5
2010,다다4175,in_age_007,5
2010,다다4175,in_age_008,5
2010,다다4175,in_age_009,8
2010,다다4175,in_age_010,5
2010,다다4175,in_age_011,8
2010,다다4175,in_age_012,13
2010,다다4175,in_age_013,8
2010,다다4175,in_age_014,18
2010,다다4175,in_age_015,23
2010,다다4175,in_age_016,28
2010,다다4175,in_age_017,18
2010,다다4175,in_age_018,0
2010,다다4175,in_age_019,0
2010,다다4175,in_age_031,0
2010,다다4175,in_age_032,0
2010,다다4175,in_age_033,5
2010,다다4175,in_age_034,0
2010,다다4175,in_age_035,0
2010,다다4175,in_age_036,5
2010,다다4175,in_age_037,5
2010,다다4175,in_age_038,5
2010,다다4175,in_age_039,5
2010,다다4175,in_age_040,5
2010,다다4175,in_age_042,5
2010,다다4175,in_age_043,5
2010,다다4175,in_age_044,8
2010,다다4175,in_age_045,8
2010,다다4175,in_age_046,8
2010,다다4175,in_age_047,8
2010,다다4175,in_age_048,0
2010,다다4175,in_age_063,0
2010,다다4175,in_age_065,5
2010,다다4175,in_age_067,0
2010,다다4175,in_age_069,5
2010,다다4175,in_age_070,0
2010,다다4175,in_age_071,8
2010,다다4175,in_age_072,8
2010,다다4175,in_age_073,8
2010,다다4175,in_age_074,8
2010,다다4175,in_age_075,13
2010,다다4175,in_age_076,18
2010,다다4175,in_age_077,8
2010,다다4175,in_age_079,0
2010,다다4175,to_in_001,128
2010,다다4175,to_in_007,58
2010,다다4175,to_in_008,73
2010,다다4176,in_age_001,0
2010,다다4176,in_age_002,5
2010,다다4176,in_age_003,5
2010,다다4176,in_age_005,5
2010,다다4176,in_age_006,14
2010,다다4176,in_age_007,8
2010,다다4176,in_age_008,5
2010,다다4176,in_age_009,13
2010,다다4176,in_age_010,8
2010,다다4176,in_age_011,13
2010,다다4176,in_age_012,13
2010,다다4176,in_age_013,8
2010,다다4176,in_age_014,23
2010,다다4176,in_age_015,23
2010,다다4176,in_age_016,29
2010,다다4176,in_age_017,18
2010,다다4176,in_age_018,8
2010,다다4176,in_age_019,0
2010,다다4176,in_age_032,5
2010,다다4176,in_age_033,0
2010,다다4176,in_age_035,0
2010,다다4176,in_age_036,8
2010,다다4176,in_age_037,5
2010,다다4176,in_age_038,5
2010,다다4176,in_age_039,13
2010,다다4176,in_age_040,8
2010,다다4176,in_age_041,8
2010,다다4176,in_age_042,8
2010,다다4176,in_age_043,5
2010,다다4176,in_age_044,8
2010,다다4176,in_age_045,13
2010,다다4176,in_age_046,13
2010,다다4176,in_age_047,8
2010,다다4176,in_age_048,5
2010,다다4176,in_age_061,0
2010,다다4176,in_age_062,0
2010,다다4176,in_age_063,5
2010,다다4176,in_age_065,5
2010,다다4176,in_age_066,6
2010,다다4176,in_age_067,5
2010,다다4176,in_age_068,0
2010,다다4176,in_age_069,5
2010,다다4176,in_age_070,5
2010,다다4176,in_age_071,5
2010,다다4176,in_age_072,8
2010,다다4176,in_age_073,8
2010,다다4176,in_age_074,13
2010,다다4176,in_age_075,8
2010,다다4176,in_age_076,19
2010,다다4176,in_age_077,8
2010,다다4176,in_age_078,5
2010,다다4176,in_age_079,0
2010,다다4176,to_in_001,180
2010,다다4176,to_in_007,88
2010,다다4176,to_in_008,90
2010,다다4177,in_age_003,5
2010,다다4177,in_age_010,0
2010,다다4177,in_age_011,0
2010,다다4177,in_age_033,0
2010,다다4177,in_age_041,0
2010,다다4177,in_age_063,0
2010,다다4177,in_age_070,0
2010,다다4177,to_in_001,5
2010,다다4177,to_in_007,5
2010,다다4177,to_in_008,5
2010,다다4178,in_age_001,8
2010,다다4178,in_age_002,5
2010,다다4178,in_age_003,5
2010,다다4178,in_age_004,0
2010,다다4178,in_age_005,5
2010,다다4178,in_age_006,5
2010,다다4178,in_age_007,0
2010,다다4178,in_age_008,8
2010,다다4178,in_age_009,5
2010,다다4178,in_age_010,8
2010,다다4178,in_age_011,8
2010,다다4178,in_age_012,8
2010,다다4178,in_age_013,23
2010,다다4178,in_age_014,23
2010,다다4178,in_age_015,39
2010,다다4178,in_age_016,18
2010,다다4178,in_age_017,8
2010,다다4178,in_age_018,5
2010,다다4178,in_age_019,8
2010,다다4178,in_age_031,5
2010,다다4178,in_age_032,0
2010,다다4178,in_age_033,5
2010,다다4178,in_age_034,0
2010,다다4178,in_age_035,5
2010,다다4178,in_age_036,0
2010,다다4178,in_age_038,8
2010,다다4178,in_age_039,5
2010,다다4178,in_age_040,8
2010,다다4178,in_age_041,5
2010,다다4178,in_age_042,5
2010,다다4178,in_age_043,8
2010,다다4178,in_age_044,13
2010,다다4178,in_age_045,18
2010,다다4178,in_age_046,8
2010,다다4178,in_age_047,5
2010,다다4178,in_age_048,0
2010,다다4178,in_age_061,5
2010,다다4178,in_age_062,5
2010,다다4178,in_age_063,0
2010,다다4178,in_age_066,0
2010,다다4178,in_age_067,0
2010,다다4178,in_age_068,5
2010,다다4178,in_age_069,5
2010,다다4178,in_age_070,5
2010,다다4178,in_age_071,5
2010,다다4178,in_age_072,5
2010,다다4178,in_age_073,13
2010,다다4178,in_age_074,13
2010,다다4178,in_age_075,24
2010,다다4178,in_age_076,8
2010,다다4178,in_age_077,8
2010,다다4178,in_age_078,0
2010,다다4178,in_age_079,8
2010,다다4178,to_in_001,179
2010,다다4178,to_in_007,83
2010,다다4178,to_in_008,94
2010,다다4191,in_age_001,5
2010,다다4191,in_age_002,5
2010,다다4191,in_age_003,0
2010,다다4191,in_age_006,0
2010,다다4191,in_age_007,5
2010,다다4191,in_age_010,8
2010,다다4191,in_age_011,8
2010,다다4191,in_age_012,8
2010,다다4191,in_age_013,8
2010,다다4191,in_age_014,8
2010,다다4191,in_age_015,5
2010,다다4191,in_age_016,8
2010,다다4191,in_age_017,0
2010,다다4191,in_age_018,5
2010,다다4191,in_age_031,5
2010,다다4191,in_age_032,0
2010,다다4191,in_age_033,0
2010,다다4191,in_age_037,0
2010,다다4191,in_age_040,0
2010,다다4191,in_age_041,5
2010,다다4191,in_age_042,0
2010,다다4191,in_age_043,5
2010,다다4191,in_age_044,5
2010,다다4191,in_age_045,5
2010,다다4191,in_age_046,0
2010,다다4191,in_age_047,0
2010,다다4191,in_age_062,0
2010,다다4191,in_age_066,0
2010,다다4191,in_age_067,5
2010,다다4191,in_age_070,8
2010,다다4191,in_age_071,5
2010,다다4191,in_age_072,8
2010,다다4191,in_age_073,5
2010,다다4191,in_age_074,5
2010,다다4191,in_age_075,5
2010,다다4191,in_age_076,8
2010,다다4191,in_age_078,5
2010,다다4191,to_in_001,48
2010,다다4191,to_in_007,23
2010,다다4191,to_in_008,23
2010,다다4192,in_age_002,5
2010,다다4192,in_age_003,0
2010,다다4192,in_age_006,5
2010,다다4192,in_age_007,0
2010,다다4192,in_age_008,0
2010,다다4192,in_age_009,5
2010,다다4192,in_age_010,5
2010,다다4192,in_age_011,8
2010,다다4192,in_age_012,8
2010,다다4192,in_age_013,13
2010,다다4192,in_age_014,18
2010,다다4192,in_age_015,18
2010,다다4192,in_age_016,8
2010,다다4192,in_age_017,8
2010,다다4192,in_age_018,5
2010,다다4192,in_age_019,0
2010,다다4192,in_age_020,5
2010,다다4192,in_age_032,0
2010,다다4192,in_age_033,0
2010,다다4192,in_age_038,0
2010,다다4192,in_age_039,5
2010,다다4192,in_age_041,5
2010,다다4192,in_age_042,5
2010,다다4192,in_age_043,8
2010,다다4192,in_age_044,8
2010,다다4192,in_age_045,13
2010,다다4192,in_age_046,8
2010,다다4192,in_age_048,0
2010,다다4192,in_age_062,5
2010,다다4192,in_age_066,5
2010,다다4192,in_age_067,0
2010,다다4192,in_age_070,5
2010,다다4192,in_age_071,5
2010,다다4192,in_age_072,5
2010,다다4192,in_age_073,8
2010,다다4192,in_age_074,8
2010,다다4192,in_age_075,8
2010,다다4192,in_age_076,5
2010,다다4192,in_age_077,8
2010,다다4192,in_age_078,0
2010,다다4192,in_age_079,0
2010,다다4192,in_age_080,5
2010,다다4192,to_in_001,93
2010,다다4192,to_in_007,43
2010,다다4192,to_in_008,48
2010,다다4194,in_age_007,5
2010,다다4194,in_age_008,5
2010,다다4194,in_age_009,0
2010,다다4194,in_age_010,0
2010,다다4194,in_age_011,0
2010,다다4194,in_age_012,5
2010,다다4194,in_age_013,0
2010,다다4194,in_age_014,5
2010,다다4194,in_age_037,5
2010,다다4194,in_age_038,5
2010,다다4194,in_age_040,0
2010,다다4194,in_age_041,0
2010,다다4194,in_age_044,5
2010,다다4194,in_age_069,0
2010,다다4194,in_age_072,5
2010,다다4194,in_age_073,0
2010,다다4194,in_age_074,0
2010,다다4194,to_in_001,13
2010,다다4194,to_in_007,8
2010,다다4194,to_in_008,5
2010,다다4195,in_age_002,5
2010,다다4195,in_age_004,0
2010,다다4195,in_age_009,5
2010,다다4195,in_age_010,0
2010,다다4195,in_age_034,0
2010,다다4195,in_age_039,0
2010,다다4195,in_age_040,0
2010,다다4195,in_age_062,5
2010,다다4195,in_age_069,0
2010,다다4195,to_in_001,5
2010,다다4195,to_in_007,5
2010,다다4195,to_in_008,5
2010,다다4198,in_age_001,0
2010,다다4198,in_age_003,5
2010,다다4198,in_age_004,5
2010,다다4198,in_age_009,5
2010,다다4198,in_age_011,5
2010,다다4198,in_age_012,8
2010,다다4198,in_age_013,8
2010,다다4198,in_age_014,5
2010,다다4198,in_age_015,8
2010,다다4198,in_age_016,8
2010,다다4198,in_age_017,8
2010,다다4198,in_age_018,5
2010,다다4198,in_age_019,0
2010,다다4198,in_age_034,0
2010,다다4198,in_age_039,0
2010,다다4198,in_age_041,5
2010,다다4198,in_age_042,5
2010,다다4198,in_age_043,5
2010,다다4198,in_age_044,5
2010,다다4198,in_age_045,5
2010,다다4198,in_age_046,5
2010,다다4198,in_age_047,5
2010,다다4198,in_age_048,5
2010,다다4198,in_age_061,0
2010,다다4198,in_age_063,5
2010,다다4198,in_age_064,0
2010,다다4198,in_age_069,0
2010,다다4198,in_age_071,5
2010,다다4198,in_age_072,5
2010,다다4198,in_age_073,5
2010,다다4198,in_age_074,5
2010,다다4198,in_age_075,5
2010,다다4198,in_age_076,5
2010,다다4198,in_age_077,5
2010,다다4198,in_age_078,5
2010,다다4198,in_age_079,0
2010,다다4198,to_in_001,48
2010,다다4198,to_in_007,23
2010,다다4198,to_in_008,28
2010,다다4199,in_age_001,0
2010,다다4199,in_age_002,5
2010,다다4199,in_age_003,5
2010,다다4199,in_age_004,5
2010,다다4199,in_age_006,5
2010,다다4199,in_age_007,5
2010,다다4199,in_age_008,5
2010,다다4199,in_age_009,5
2010,다다4199,in_age_010,5
2010,다다4199,in_age_011,0
2010,다다4199,in_age_012,8
2010,다다4199,in_age_013,8
2010,다다4199,in_age_014,13
2010,다다4199,in_age_015,13
2010,다다4199,in_age_016,8
2010,다다4199,in_age_017,8
2010,다다4199,in_age_018,8
2010,다다4199,in_age_019,0
2010,다다4199,in_age_031,0
2010,다다4199,in_age_032,5
2010,다다4199,in_age_033,5
2010,다다4199,in_age_034,5
2010,다다4199,in_age_036,0
2010,다다4199,in_age_037,0
2010,다다4199,in_age_039,5
2010,다다4199,in_age_040,5
2010,다다4199,in_age_042,5
2010,다다4199,in_age_043,5
2010,다다4199,in_age_044,5
2010,다다4199,in_age_045,8
2010,다다4199,in_age_046,5
2010,다다4199,in_age_047,5
2010,다다4199,in_age_048,5
2010,다다4199,in_age_049,0
2010,다다4199,in_age_063,0
2010,다다4199,in_age_064,5
2010,다다4199,in_age_066,0
2010,다다4199,in_age_067,0
2010,다다4199,in_age_068,5
2010,다다4199,in_age_069,5
2010,다다4199,in_age_070,5
2010,다다4199,in_age_071,0
2010,다다4199,in_age_072,5
2010,다다4199,in_age_073,5
2010,다다4199,in_age_074,8
2010,다다4199,in_age_075,5
2010,다다4199,in_age_076,5
2010,다다4199,in_age_077,8
2010,다다4199,in_age_078,5
2010,다다4199,to_in_001,88
2010,다다4199,to_in_007,43
2010,다다4199,to_in_008,48
2010,다다4202,in_age_001,5
2010,다다4202,in_age_002,8
2010,다다4202,in_age_003,5
2010,다다4202,in_age_004,8
2010,다다4202,in_age_006,0
2010,다다4202,in_age_007,0
2010,다다4202,in_age_008,5
2010,다다4202,in_age_009,8
2010,다다4202,in_age_010,5
2010,다다4202,in_age_011,5
2010,다다4202,in_age_012,5
2010,다다4202,in_age_013,8
2010,다다4202,in_age_014,8
2010,다다4202,in_age_015,8
2010,다다4202,in_age_016,5
2010,다다4202,in_age_017,0
2010,다다4202,in_age_019,5
2010,다다4202,in_age_031,0
2010,다다4202,in_age_032,0
2010,다다4202,in_age_033,5
2010,다다4202,in_age_034,5
2010,다다4202,in_age_036,0
2010,다다4202,in_age_037,0
2010,다다4202,in_age_038,0
2010,다다4202,in_age_039,5
2010,다다4202,in_age_040,5
2010,다다4202,in_age_041,0
2010,다다4202,in_age_042,5
2010,다다4202,in_age_043,0
2010,다다4202,in_age_044,5
2010,다다4202,in_age_045,5
2010,다다4202,in_age_046,5
2010,다다4202,in_age_061,0
2010,다다4202,in_age_062,5
2010,다다4202,in_age_063,0
2010,다다4202,in_age_064,5
2010,다다4202,in_age_068,0
2010,다다4202,in_age_069,5
2010,다다4202,in_age_071,5
2010,다다4202,in_age_072,0
2010,다다4202,in_age_073,8
2010,다다4202,in_age_074,5
2010,다다4202,in_age_075,5
2010,다다4202,in_age_077,0
2010,다다4202,in_age_079,5
2010,다다4202,to_in_001,58
2010,다다4202,to_in_007,23
2010,다다4202,to_in_008,33
2010,다다4203,in_age_001,8
2010,다다4203,in_age_002,13
2010,다다4203,in_age_003,23
2010,다다4203,in_age_004,23
2010,다다4203,in_age_005,8
2010,다다4203,in_age_006,13
2010,다다4203,in_age_007,8
2010,다다4203,in_age_008,18
2010,다다4203,in_age_009,28
2010,다다4203,in_age_010,38
2010,다다4203,in_age_011,38
2010,다다4203,in_age_012,53
2010,다다4203,in_age_013,38
2010,다다4203,in_age_014,43
2010,다다4203,in_age_015,38
2010,다다4203,in_age_016,43
2010,다다4203,in_age_017,28
2010,다다4203,in_age_018,8
2010,다다4203,in_age_019,5
2010,다다4203,in_age_020,5
2010,다다4203,in_age_031,5
2010,다다4203,in_age_032,8
2010,다다4203,in_age_033,18
2010,다다4203,in_age_034,13
2010,다다4203,in_age_035,5
2010,다다4203,in_age_036,13
2010,다다4203,in_age_037,5
2010,다다4203,in_age_038,13
2010,다다4203,in_age_039,18
2010,다다4203,in_age_040,23
2010,다다4203,in_age_041,23
2010,다다4203,in_age_042,23
2010,다다4203,in_age_043,18
2010,다다4203,in_age_044,23
2010,다다4203,in_age_045,8
2010,다다4203,in_age_046,13
2010,다다4203,in_age_047,8
2010,다다4203,in_age_061,5
2010,다다4203,in_age_062,8
2010,다다4203,in_age_063,8
2010,다다4203,in_age_064,8
2010,다다4203,in_age_065,5
2010,다다4203,in_age_066,5
2010,다다4203,in_age_067,8
2010,다다4203,in_age_068,8
2010,다다4203,in_age_069,13
2010,다다4203,in_age_070,13
2010,다다4203,in_age_071,18
2010,다다4203,in_age_072,33
2010,다다4203,in_age_073,18
2010,다다4203,in_age_074,18
2010,다다4203,in_age_075,28
2010,다다4203,in_age_076,33
2010,다다4203,in_age_077,23
2010,다다4203,in_age_078,8
2010,다다4203,in_age_079,5
2010,다다4203,in_age_080,5
2010,다다4203,to_in_001,483
2010,다다4203,to_in_007,228
2010,다다4203,to_in_008,253
2010,다다4204,in_age_001,5
2010,다다4204,in_age_002,5
2010,다다4204,in_age_003,8
2010,다다4204,in_age_004,5
2010,다다4204,in_age_005,0
2010,다다4204,in_age_006,0
2010,다다4204,in_age_007,5
2010,다다4204,in_age_008,8
2010,다다4204,in_age_009,5
2010,다다4204,in_age_010,5
2010,다다4204,in_age_011,8
2010,다다4204,in_age_012,8
2010,다다4204,in_age_013,8
2010,다다4204,in_age_014,8
2010,다다4204,in_age_015,8
2010,다다4204,in_age_016,8
2010,다다4204,in_age_017,8
2010,다다4204,in_age_031,0
2010,다다4204,in_age_033,5
2010,다다4204,in_age_034,5
2010,다다4204,in_age_035,0
2010,다다4204,in_age_037,5
2010,다다4204,in_age_038,8
2010,다다4204,in_age_039,5
2010,다다4204,in_age_040,5
2010,다다4204,in_age_041,5
2010,다다4204,in_age_042,8
2010,다다4204,in_age_043,5
2010,다다4204,in_age_044,5
2010,다다4204,in_age_045,8
2010,다다4204,in_age_046,5
2010,다다4204,in_age_047,5
2010,다다4204,in_age_061,0
2010,다다4204,in_age_062,5
2010,다다4204,in_age_063,5
2010,다다4204,in_age_064,0
2010,다다4204,in_age_066,0
2010,다다4204,in_age_067,5
2010,다다4204,in_age_068,0
2010,다다4204,in_age_069,5
2010,다다4204,in_age_070,0
2010,다다4204,in_age_071,5
2010,다다4204,in_age_072,0
2010,다다4204,in_age_073,8
2010,다다4204,in_age_074,5
2010,다다4204,in_age_075,5
2010,다다4204,in_age_076,5
2010,다다4204,in_age_077,5
2010,다다4204,to_in_001,88
2010,다다4204,to_in_007,48
2010,다다4204,to_in_008,43
2010,다다4274,in_age_003,0
2010,다다4274,in_age_004,0
2010,다다4274,in_age_005,0
2010,다다4274,in_age_009,5
2010,다다4274,in_age_010,5
2010,다다4274,in_age_012,5
2010,다다4274,in_age_013,8
2010,다다4274,in_age_014,13
2010,다다4274,in_age_015,8
2010,다다4274,in_age_016,5
2010,다다4274,in_age_017,0
2010,다다4274,in_age_018,0
2010,다다4274,in_age_033,0
2010,다다4274,in_age_039,0
2010,다다4274,in_age_040,5
2010,다다4274,in_age_042,5
2010,다다4274,in_age_043,5
2010,다다4274,in_age_044,5
2010,다다4274,in_age_045,5
2010,다다4274,in_age_046,0
2010,다다4274,in_age_048,0
2010,다다4274,in_age_064,0
2010,다다4274,in_age_065,0
2010,다다4274,in_age_069,0
2010,다다4274,in_age_070,0
2010,다다4274,in_age_072,5
2010,다다4274,in_age_073,5
2010,다다4274,in_age_074,8
2010,다다4274,in_age_075,5
2010,다다4274,in_age_076,5
2010,다다4274,in_age_077,0
2010,다다4274,to_in_001,43
2010,다다4274,to_in_007,18
2010,다다4274,to_in_008,23
2010,다다4275,in_age_003,0
2010,다다4275,in_age_005,0
2010,다다4275,in_age_010,5
2010,다다4275,in_age_012,5
2010,다다4275,in_age_014,0
2010,다다4275,in_age_015,5
2010,다다4275,in_age_017,0
2010,다다4275,in_age_018,5
2010,다다4275,in_age_033,0
2010,다다4275,in_age_040,0
2010,다다4275,in_age_042,5
2010,다다4275,in_age_045,0
2010,다다4275,in_age_047,0
2010,다다4275,in_age_048,0
2010,다다4275,in_age_065,0
2010,다다4275,in_age_070,0
2010,다다4275,in_age_074,0
2010,다다4275,in_age_075,5
2010,다다4275,in_age_078,0
2010,다다4275,to_in_001,13
2010,다다4275,to_in_007,8
2010,다다4275,to_in_008,8
2010,다다4276,in_age_001,0
2010,다다4276,in_age_005,0
2010,다다4276,in_age_008,0
2010,다다4276,in_age_009,0
2010,다다4276,in_age_011,5
2010,다다4276,in_age_013,5
2010,다다4276,in_age_014,5
2010,다다4276,in_age_015,8
2010,다다4276,in_age_016,5
2010,다다4276,in_age_017,5
2010,다다4276,in_age_018,0
2010,다다4276,in_age_035,0
2010,다다4276,in_age_038,0
2010,다다4276,in_age_041,5
2010,다다4276,in_age_043,0
2010,다다4276,in_age_044,0
2010,다다4276,in_age_045,5
2010,다다4276,in_age_046,5
2010,다다4276,in_age_048,0
2010,다다4276,in_age_061,0
2010,다다4276,in_age_069,0
2010,다다4276,in_age_071,0
2010,다다4276,in_age_073,5
2010,다다4276,in_age_074,5
2010,다다4276,in_age_075,5
2010,다다4276,in_age_076,5
2010,다다4276,in_age_077,5
2010,다다4276,to_in_001,33
2010,다다4276,to_in_007,18
2010,다다4276,to_in_008,18
2010,다다4279,in_age_001,0
2010,다다4279,in_age_003,0
2010,다다4279,in_age_004,5
2010,다다4279,in_age_006,5
2010,다다4279,in_age_009,0
2010,다다4279,in_age_010,5
2010,다다4279,in_age_011,5
2010,다다4279,in_age_012,5
2010,다다4279,in_age_015,5
2010,다다4279,in_age_016,5
2010,다다4279,in_age_031,0
2010,다다4279,in_age_033,0
2010,다다4279,in_age_034,5
2010,다다4279,in_age_036,5
2010,다다4279,in_age_040,5
2010,다다4279,in_age_041,5
2010,다다4279,in_age_042,0
2010,다다4279,in_age_045,5
2010,다다4279,in_age_064,0
2010,다다4279,in_age_066,0
2010,다다4279,in_age_069,0
2010,다다4279,in_age_070,5
2010,다다4279,in_age_071,5
2010,다다4279,in_age_072,5
2010,다다4279,in_age_076,5
2010,다다4279,to_in_001,28
2010,다다4279,to_in_007,18
2010,다다4279,to_in_008,13
2010,다다4291,in_age_005,0
2010,다다4291,in_age_011,0
2010,다다4291,in_age_012,0
2010,다다4291,in_age_014,5
2010,다다4291,in_age_035,0
2010,다다4291,in_age_042,0
2010,다다4291,in_age_044,5
2010,다다4291,in_age_071,0
2010,다다4291,to_in_001,5
2010,다다4291,to_in_007,5
2010,다다4291,to_in_008,0
2010,다다4292,in_age_001,5
2010,다다4292,in_age_002,0
2010,다다4292,in_age_003,5
2010,다다4292,in_age_005,0
2010,다다4292,in_age_006,5
2010,다다4292,in_age_007,5
2010,다다4292,in_age_008,5
2010,다다4292,in_age_010,5
2010,다다4292,in_age_011,8
2010,다다4292,in_age_012,0
2010,다다4292,in_age_013,8
2010,다다4292,in_age_015,0
2010,다다4292,in_age_016,5
2010,다다4292,in_age_031,0
2010,다다4292,in_age_032,0
2010,다다4292,in_age_033,5
2010,다다4292,in_age_035,0
2010,다다4292,in_age_036,0
2010,다다4292,in_age_037,5
2010,다다4292,in_age_038,5
2010,다다4292,in_age_041,5
2010,다다4292,in_age_042,0
2010,다다4292,in_age_043,8
2010,다다4292,in_age_061,5
2010,다다4292,in_age_066,5
2010,다다4292,in_age_067,5
2010,다다4292,in_age_070,5
2010,다다4292,in_age_071,5
2010,다다4292,in_age_075,0
2010,다다4292,in_age_076,5
2010,다다4292,to_in_001,33
2010,다다4292,to_in_007,18
2010,다다4292,to_in_008,13
2010,다다4293,in_age_001,8
2010,다다4293,in_age_002,13
2010,다다4293,in_age_003,8
2010,다다4293,in_age_004,5
2010,다다4293,in_age_005,8
2010,다다4293,in_age_006,0
2010,다다4293,in_age_007,5
2010,다다4293,in_age_008,8
2010,다다4293,in_age_009,8
2010,다다4293,in_age_010,23
2010,다다4293,in_age_011,8
2010,다다4293,in_age_012,13
2010,다다4293,in_age_013,23
2010,다다4293,in_age_014,18
2010,다다4293,in_age_015,18
2010,다다4293,in_age_016,28
2010,다다4293,in_age_017,23
2010,다다4293,in_age_018,8
2010,다다4293,in_age_019,5
2010,다다4293,in_age_031,5
2010,다다4293,in_age_032,5
2010,다다4293,in_age_033,8
2010,다다4293,in_age_034,5
2010,다다4293,in_age_035,5
2010,다다4293,in_age_037,5
2010,다다4293,in_age_038,5
2010,다다4293,in_age_039,5
2010,다다4293,in_age_040,13
2010,다다4293,in_age_041,8
2010,다다4293,in_age_042,5
2010,다다4293,in_age_043,8
2010,다다4293,in_age_044,13
2010,다다4293,in_age_045,8
2010,다다4293,in_age_046,8
2010,다다4293,in_age_047,13
2010,다다4293,in_age_048,0
2010,다다4293,in_age_061,5
2010,다다4293,in_age_062,8
2010,다다4293,in_age_063,5
2010,다다4293,in_age_065,5
2010,다다4293,in_age_066,0
2010,다다4293,in_age_067,0
2010,다다4293,in_age_068,5
2010,다다4293,in_age_069,5
2010,다다4293,in_age_070,8
2010,다다4293,in_age_071,5
2010,다다4293,in_age_072,8
2010,다다4293,in_age_073,13
2010,다다4293,in_age_074,8
2010,다다4293,in_age_075,13
2010,다다4293,in_age_076,18
2010,다다4293,in_age_077,8
2010,다다4293,in_age_078,8
2010,다다4293,in_age_079,5
2010,다다4293,to_in_001,213
2010,다다4293,to_in_007,98
2010,다다4293,to_in_008,113
2010,다다4294,in_age_003,0
2010,다다4294,in_age_005,0
2010,다다4294,in_age_006,5
2010,다다4294,in_age_007,0
2010,다다4294,in_age_008,5
2010,다다4294,in_age_009,8
2010,다다4294,in_age_010,0
2010,다다4294,in_age_011,5
2010,다다4294,in_age_012,0
2010,다다4294,in_age_033,0
2010,다다4294,in_age_035,0
2010,다다4294,in_age_037,0
2010,다다4294,in_age_038,0
2010,다다4294,in_age_039,8
2010,다다4294,in_age_041,5
2010,다다4294,in_age_042,0
2010,다다4294,in_age_066,5
2010,다다4294,in_age_068,0
2010,다다4294,in_age_070,0
2010,다다4294,in_age_071,0
2010,다다4294,to_in_001,13
2010,다다4294,to_in_007,8
2010,다다4294,to_in_008,5
2010,다다4299,in_age_002,0
2010,다다4299,in_age_004,5
2010,다다4299,in_age_006,0
2010,다다4299,in_age_007,0
2010,다다4299,in_age_009,0
2010,다다4299,in_age_010,8
2010,다다4299,in_age_011,5
2010,다다4299,in_age_012,5
2010,다다4299,in_age_013,8
2010,다다4299,in_age_014,5
2010,다다4299,in_age_015,8
2010,다다4299,in_age_016,8
2010,다다4299,in_age_017,5
2010,다다4299,in_age_018,0
2010,다다4299,in_age_034,0
2010,다다4299,in_age_036,0
2010,다다4299,in_age_037,0
2010,다다4299,in_age_039,0
2010,다다4299,in_age_040,5
2010,다다4299,in_age_041,0
2010,다다4299,in_age_042,0
2010,다다4299,in_age_043,5
2010,다다4299,in_age_044,5
2010,다다4299,in_age_045,0
2010,다다4299,in_age_046,5
2010,다다4299,in_age_047,5
2010,다다4299,in_age_048,0
2010,다다4299,in_age_062,0
2010,다다4299,in_age_064,0
2010,다다4299,in_age_070,5
2010,다다4299,in_age_071,0
2010,다다4299,in_age_072,5
2010,다다4299,in_age_073,8
2010,다다4299,in_age_074,5
2010,다다4299,in_age_075,5
2010,다다4299,in_age_076,5
2010,다다4299,in_age_077,5
2010,다다4299,to_in_001,48
2010,다다4299,to_in_007,18
2010,다다4299,to_in_008,28
2010,다다4300,in_age_001,5
2010,다다4300,in_age_002,8
2010,다다4300,in_age_003,5
2010,다다4300,in_age_004,5
2010,다다4300,in_age_005,0
2010,다다4300,in_age_006,8
2010,다다4300,in_age_007,5
2010,다다4300,in_age_008,5
2010,다다4300,in_age_009,8
2010,다다4300,in_age_010,5
2010,다다4300,in_age_011,8
2010,다다4300,in_age_012,8
2010,다다4300,in_age_013,5
2010,다다4300,in_age_014,8
2010,다다4300,in_age_015,8
2010,다다4300,in_age_016,5
2010,다다4300,in_age_017,5
2010,다다4300,in_age_018,5
2010,다다4300,in_age_031,5
2010,다다4300,in_age_032,5
2010,다다4300,in_age_033,0
2010,다다4300,in_age_034,5
2010,다다4300,in_age_036,8
2010,다다4300,in_age_037,0
2010,다다4300,in_age_038,5
2010,다다4300,in_age_039,8
2010,다다4300,in_age_040,5
2010,다다4300,in_age_041,5
2010,다다4300,in_age_042,5
2010,다다4300,in_age_043,5
2010,다다4300,in_age_044,5
2010,다다4300,in_age_045,5
2010,다다4300,in_age_047,0
2010,다다4300,in_age_048,5
2010,다다4300,in_age_061,5
2010,다다4300,in_age_062,8
2010,다다4300,in_age_063,5
2010,다다4300,in_age_064,5
2010,다다4300,in_age_065,0
2010,다다4300,in_age_066,8
2010,다다4300,in_age_067,5
2010,다다4300,in_age_068,0
2010,다다4300,in_age_069,5
2010,다다4300,in_age_070,5
2010,다다4300,in_age_071,5
2010,다다4300,in_age_072,5
2010,다다4300,in_age_073,0
2010,다다4300,in_age_074,5
2010,다다4300,in_age_075,8
2010,다다4300,in_age_076,5
2010,다다4300,in_age_077,0
2010,다다4300,to_in_001,93
2010,다다4300,to_in_007,48
2010,다다4300,to_in_008,48
2010,다다4301,in_age_007,5
2010,다다4301,in_age_011,5
2010,다다4301,in_age_012,5
2010,다다4301,in_age_014,8
2010,다다4301,in_age_015,0
2010,다다4301,in_age_016,0
2010,다다4301,in_age_037,5
2010,다다4301,in_age_042,5
2010,다다4301,in_age_044,5
2010,다다4301,in_age_045,0
2010,다다4301,in_age_071,5
2010,다다4301,in_age_074,5
2010,다다4301,in_age_076,0
2010,다다4301,to_in_001,8
2010,다다4301,to_in_007,8
2010,다다4301,to_in_008,5
2010,다다4302,in_age_001,8
2010,다다4302,in_age_002,5
2010,다다4302,in_age_003,5
2010,다다4302,in_age_004,8
2010,다다4302,in_age_005,5
2010,다다4302,in_age_006,8
2010,다다4302,in_age_007,8
2010,다다4302,in_age_008,8
2010,다다4302,in_age_009,5
2010,다다4302,in_age_010,8
2010,다다4302,in_age_011,8
2010,다다4302,in_age_012,13
2010,다다4302,in_age_013,23
2010,다다4302,in_age_014,23
2010,다다4302,in_age_015,28
2010,다다4302,in_age_016,18
2010,다다4302,in_age_017,13
2010,다다4302,in_age_018,8
2010,다다4302,in_age_031,0
2010,다다4302,in_age_032,0
2010,다다4302,in_age_033,5
2010,다다4302,in_age_034,5
2010,다다4302,in_age_035,0
2010,다다4302,in_age_036,8
2010,다다4302,in_age_037,5
2010,다다4302,in_age_038,5
2010,다다4302,in_age_039,5
2010,다다4302,in_age_040,5
2010,다다4302,in_age_041,8
2010,다다4302,in_age_042,8
2010,다다4302,in_age_043,8
2010,다다4302,in_age_044,13
2010,다다4302,in_age_045,13
2010,다다4302,in_age_046,5
2010,다다4302,in_age_047,8
2010,다다4302,in_age_048,0
2010,다다4302,in_age_061,8
2010,다다4302,in_age_062,5
2010,다다4302,in_age_063,0
2010,다다4302,in_age_064,5
2010,다다4302,in_age_065,0
2010,다다4302,in_age_066,0
2010,다다4302,in_age_067,5
2010,다다4302,in_age_068,5
2010,다다4302,in_age_069,0
2010,다다4302,in_age_070,5
2010,다다4302,in_age_071,5
2010,다다4302,in_age_072,8
2010,다다4302,in_age_073,13
2010,다다4302,in_age_074,8
2010,다다4302,in_age_075,18
2010,다다4302,in_age_076,13
2010,다다4302,in_age_077,8
2010,다다4302,in_age_078,5
2010,다다4302,to_in_001,188
2010,다다4302,to_in_007,93
2010,다다4302,to_in_008,98
2010,다다4303,in_age_002,0
2010,다다4303,in_age_003,5
2010,다다4303,in_age_004,5
2010,다다4303,in_age_005,5
2010,다다4303,in_age_006,8
2010,다다4303,in_age_007,5
2010,다다4303,in_age_008,5
2010,다다4303,in_age_009,8
2010,다다4303,in_age_010,8
2010,다다4303,in_age_011,8
2010,다다4303,in_age_012,5
2010,다다4303,in_age_013,8
2010,다다4303,in_age_014,8
2010,다다4303,in_age_015,18
2010,다다4303,in_age_016,8
2010,다다4303,in_age_017,5
2010,다다4303,in_age_018,8
2010,다다4303,in_age_019,5
2010,다다4303,in_age_032,0
2010,다다4303,in_age_033,5
2010,다다4303,in_age_034,5
2010,다다4303,in_age_035,5
2010,다다4303,in_age_036,8
2010,다다4303,in_age_038,0
2010,다다4303,in_age_039,5
2010,다다4303,in_age_040,8
2010,다다4303,in_age_041,8
2010,다다4303,in_age_042,5
2010,다다4303,in_age_043,8
2010,다다4303,in_age_044,5
2010,다다4303,in_age_045,8
2010,다다4303,in_age_046,5
2010,다다4303,in_age_047,0
2010,다다4303,in_age_063,5
2010,다다4303,in_age_065,5
2010,다다4303,in_age_067,5
2010,다다4303,in_age_068,0
2010,다다4303,in_age_069,5
2010,다다4303,in_age_070,5
2010,다다4303,in_age_071,5
2010,다다4303,in_age_072,0
2010,다다4303,in_age_073,5
2010,다다4303,in_age_074,5
2010,다다4303,in_age_075,8
2010,다다4303,in_age_076,8
2010,다다4303,in_age_077,5
2010,다다4303,in_age_078,8
2010,다다4303,in_age_079,5
2010,다다4303,to_in_001,108
2010,다다4303,to_in_007,58
2010,다다4303,to_in_008,53
2010,다다4373,in_age_003,5
2010,다다4373,in_age_007,5
2010,다다4373,in_age_009,5
2010,다다4373,in_age_010,5
2010,다다4373,in_age_011,5
2010,다다4373,in_age_012,5
2010,다다4373,in_age_013,5
2010,다다4373,in_age_014,8
2010,다다4373,in_age_015,5
2010,다다4373,in_age_016,8
2010,다다4373,in_age_017,0
2010,다다4373,in_age_019,5
2010,다다4373,in_age_033,5
2010,다다4373,in_age_037,0
2010,다다4373,in_age_039,5
2010,다다4373,in_age_040,5
2010,다다4373,in_age_043,5
2010,다다4373,in_age_044,5
2010,다다4373,in_age_045,5
2010,다다4373,in_age_046,5
2010,다다4373,in_age_067,0
2010,다다4373,in_age_071,5
2010,다다4373,in_age_072,5
2010,다다4373,in_age_073,5
2010,다다4373,in_age_074,5
2010,다다4373,in_age_075,0
2010,다다4373,in_age_076,5
2010,다다4373,in_age_077,0
2010,다다4373,in_age_079,5
2010,다다4373,to_in_001,33
2010,다다4373,to_in_007,13
2010,다다4373,to_in_008,18
2010,다다4375,in_age_001,0
2010,다다4375,in_age_003,5
2010,다다4375,in_age_007,5
2010,다다4375,in_age_008,5
2010,다다4375,in_age_010,0
2010,다다4375,in_age_011,5
2010,다다4375,in_age_012,5
2010,다다4375,in_age_013,5
2010,다다4375,in_age_014,0
2010,다다4375,in_age_015,8
2010,다다4375,in_age_018,8
2010,다다4375,in_age_033,0
2010,다다4375,in_age_037,0
2010,다다4375,in_age_038,5
2010,다다4375,in_age_041,5
2010,다다4375,in_age_042,5
2010,다다4375,in_age_043,0
2010,다다4375,in_age_044,0
2010,다다4375,in_age_045,0
2010,다다4375,in_age_048,5
2010,다다4375,in_age_061,0
2010,다다4375,in_age_063,0
2010,다다4375,in_age_067,5
2010,다다4375,in_age_068,0
2010,다다4375,in_age_070,0
2010,다다4375,in_age_072,0
2010,다다4375,in_age_073,0
2010,다다4375,in_age_075,8
2010,다다4375,in_age_078,5
2010,다다4375,to_in_001,28
2010,다다4375,to_in_007,13
2010,다다4375,to_in_008,13
2010,다다4376,in_age_001,5
2010,다다4376,in_age_002,0
2010,다다4376,in_age_003,0
2010,다다4376,in_age_006,0
2010,다다4376,in_age_007,5
2010,다다4376,in_age_008,5
2010,다다4376,in_age_009,5
2010,다다4376,in_age_010,0
2010,다다4376,in_age_011,5
2010,다다4376,in_age_012,8
2010,다다4376,in_age_013,5
2010,다다4376,in_age_014,18
2010,다다4376,in_age_015,13
2010,다다4376,in_age_016,13
2010,다다4376,in_age_017,8
2010,다다4376,in_age_018,5
2010,다다4376,in_age_019,5
2010,다다4376,in_age_031,5
2010,다다4376,in_age_032,0
2010,다다4376,in_age_033,0
2010,다다4376,in_age_038,5
2010,다다4376,in_age_039,5
2010,다다4376,in_age_041,0
2010,다다4376,in_age_042,5
2010,다다4376,in_age_043,5
2010,다다4376,in_age_044,8
2010,다다4376,in_age_045,8
2010,다다4376,in_age_046,8
2010,다다4376,in_age_047,5
2010,다다4376,in_age_048,5
2010,다다4376,in_age_049,0
2010,다다4376,in_age_066,0
2010,다다4376,in_age_067,5
2010,다다4376,in_age_070,0
2010,다다4376,in_age_071,0
2010,다다4376,in_age_072,5
2010,다다4376,in_age_073,5
2010,다다4376,in_age_074,13
2010,다다4376,in_age_075,8
2010,다다4376,in_age_076,5
2010,다다4376,in_age_077,8
2010,다다4376,in_age_078,5
2010,다다4376,in_age_079,5
2010,다다4376,to_in_001,83
2010,다다4376,to_in_007,43
2010,다다4376,to_in_008,43
2010,다다4377,in_age_011,0
2010,다다4377,in_age_012,0
2010,다다4377,in_age_071,0
2010,다다4377,in_age_072,0
2010,다다4377,to_in_001,5
2010,다다4377,to_in_007,0
2010,다다4377,to_in_008,5
2010,다다4379,in_age_001,0
2010,다다4379,in_age_002,0
2010,다다4379,in_age_007,0
2010,다다4379,in_age_008,0
2010,다다4379,in_age_010,5
2010,다다4379,in_age_011,0
2010,다다4379,in_age_012,0
2010,다다4379,in_age_015,5
2010,다다4379,in_age_016,5
2010,다다4379,in_age_017,0
2010,다다4379,in_age_018,0
2010,다다4379,in_age_038,0
2010,다다4379,in_age_040,0
2010,다다4379,in_age_042,0
2010,다다4379,in_age_045,0
2010,다다4379,in_age_046,0
2010,다다4379,in_age_061,0
2010,다다4379,in_age_062,0
2010,다다4379,in_age_067,0
2010,다다4379,in_age_070,0
2010,다다4379,in_age_071,0
2010,다다4379,in_age_075,0
2010,다다4379,in_age_076,5
2010,다다4379,in_age_077,0
2010,다다4379,in_age_078,0
2010,다다4379,to_in_001,18
2010,다다4379,to_in_007,5
2010,다다4379,to_in_008,13
2010,다다4380,in_age_001,5
2010,다다4380,in_age_002,5
2010,다다4380,in_age_003,8
2010,다다4380,in_age_004,8
2010,다다4380,in_age_006,0
2010,다다4380,in_age_007,5
2010,다다4380,in_age_008,5
2010,다다4380,in_age_009,5
2010,다다4380,in_age_010,5
2010,다다4380,in_age_011,0
2010,다다4380,in_age_013,0
2010,다다4380,in_age_014,5
2010,다다4380,in_age_015,5
2010,다다4380,in_age_016,5
2010,다다4380,in_age_017,5
2010,다다4380,in_age_032,5
2010,다다4380,in_age_033,0
2010,다다4380,in_age_034,5
2010,다다4380,in_age_037,0
2010,다다4380,in_age_038,5
2010,다다4380,in_age_039,0
2010,다다4380,in_age_040,5
2010,다다4380,in_age_044,0
2010,다다4380,in_age_046,0
2010,다다4380,in_age_047,5
2010,다다4380,in_age_061,5
2010,다다4380,in_age_062,0
2010,다다4380,in_age_063,5
2010,다다4380,in_age_064,5
2010,다다4380,in_age_066,0
2010,다다4380,in_age_067,5
2010,다다4380,in_age_069,0
2010,다다4380,in_age_070,5
2010,다다4380,in_age_071,0
2010,다다4380,in_age_073,0
2010,다다4380,in_age_074,5
2010,다다4380,in_age_075,5
2010,다다4380,in_age_076,0
2010,다다4380,in_age_077,5
2010,다다4380,to_in_001,43
2010,다다4380,to_in_007,18
2010,다다4380,to_in_008,23
2010,다다4391,in_age_009,5
2010,다다4391,in_age_010,0
2010,다다4391,in_age_011,0
2010,다다4391,in_age_012,0
2010,다다4391,in_age_039,5
2010,다다4391,in_age_041,0
2010,다다4391,in_age_042,0
2010,다다4391,in_age_070,0
2010,다다4391,to_in_001,5
2010,다다4391,to_in_007,5
2010,다다4391,to_in_008,0
2010,다다4392,in_age_001,0
2010,다다4392,in_age_002,0
2010,다다4392,in_age_007,5
2010,다다4392,in_age_008,0
2010,다다4392,in_age_011,0
2010,다다4392,in_age_012,0
2010,다다4392,in_age_013,5
2010,다다4392,in_age_014,0
2010,다다4392,in_age_031,0
2010,다다4392,in_age_032,0
2010,다다4392,in_age_037,0
2010,다다4392,in_age_038,0
2010,다다4392,in_age_043,0
2010,다다4392,in_age_044,0
2010,다다4392,in_age_067,5
2010,다다4392,in_age_071,0
2010,다다4392,in_age_072,0
2010,다다4392,in_age_073,5
2010,다다4392,to_in_001,8
2010,다다4392,to_in_007,8
2010,다다4392,to_in_008,8
2010,다다4393,in_age_001,5
2010,다다4393,in_age_002,8
2010,다다4393,in_age_003,8
2010,다다4393,in_age_004,8
2010,다다4393,in_age_005,8
2010,다다4393,in_age_006,5
2010,다다4393,in_age_007,0
2010,다다4393,in_age_008,8
2010,다다4393,in_age_009,5
2010,다다4393,in_age_010,13
2010,다다4393,in_age_011,18
2010,다다4393,in_age_012,18
2010,다다4393,in_age_013,18
2010,다다4393,in_age_014,28
2010,다다4393,in_age_015,33
2010,다다4393,in_age_016,24
2010,다다4393,in_age_017,8
2010,다다4393,in_age_018,5
2010,다다4393,in_age_031,5
2010,다다4393,in_age_032,8
2010,다다4393,in_age_033,5
2010,다다4393,in_age_034,5
2010,다다4393,in_age_035,8
2010,다다4393,in_age_036,5
2010,다다4393,in_age_037,0
2010,다다4393,in_age_038,8
2010,다다4393,in_age_039,5
2010,다다4393,in_age_040,8
2010,다다4393,in_age_041,8
2010,다다4393,in_age_042,8
2010,다다4393,in_age_043,8
2010,다다4393,in_age_044,13
2010,다다4393,in_age_045,18
2010,다다4393,in_age_046,8
2010,다다4393,in_age_047,5
2010,다다4393,in_age_048,5
2010,다다4393,in_age_061,0
2010,다다4393,in_age_062,5
2010,다다4393,in_age_063,5
2010,다다4393,in_age_064,5
2010,다다4393,in_age_066,0
2010,다다4393,in_age_068,5
2010,다다4393,in_age_069,0
2010,다다4393,in_age_070,8
2010,다다4393,in_age_071,13
2010,다다4393,in_age_072,8
2010,다다4393,in_age_073,8
2010,다다4393,in_age_074,18
2010,다다4393,in_age_075,13
2010,다다4393,in_age_076,14
2010,다다4393,in_age_077,8
2010,다다4393,in_age_078,5
2010,다다4393,to_in_001,199
2010,다다4393,to_in_007,98
2010,다다4393,to_in_008,99
2010,다다4394,in_age_001,5
2010,다다4394,in_age_002,5
2010,다다4394,in_age_007,5
2010,다다4394,in_age_008,5
2010,다다4394,in_age_013,5
2010,다다4394,in_age_014,5
2010,다다4394,in_age_016,0
2010,다다4394,in_age_038,5
2010,다다4394,in_age_043,0
2010,다다4394,in_age_044,5
2010,다다4394,in_age_061,5
2010,다다4394,in_age_062,5
2010,다다4394,in_age_067,5
2010,다다4394,in_age_073,5
2010,다다4394,in_age_076,0
2010,다다4394,to_in_001,18
2010,다다4394,to_in_007,8
2010,다다4394,to_in_008,13
2010,다다4396,in_age_010,0
2010,다다4396,in_age_011,0
2010,다다4396,in_age_016,0
2010,다다4396,in_age_041,0
2010,다다4396,in_age_070,0
2010,다다4396,in_age_076,0
2010,다다4396,to_in_001,5
2010,다다4396,to_in_007,0
2010,다다4396,to_in_008,5
2010,다다4397,in_age_013,5
2010,다다4397,in_age_014,0
2010,다다4397,in_age_015,5
2010,다다4397,in_age_016,0
2010,다다4397,in_age_017,0
2010,다다4397,in_age_043,0
2010,다다4397,in_age_044,0
2010,다다4397,in_age_073,0
2010,다다4397,in_age_075,5
2010,다다4397,in_age_076,0
2010,다다4397,in_age_077,0
2010,다다4397,to_in_001,8
2010,다다4397,to_in_007,5
2010,다다4397,to_in_008,8
2010,다다4398,in_age_003,0
2010,다다4398,in_age_005,0
2010,다다4398,in_age_010,5
2010,다다4398,in_age_011,5
2010,다다4398,in_age_013,5
2010,다다4398,in_age_014,8
2010,다다4398,in_age_015,8
2010,다다4398,in_age_016,5
2010,다다4398,in_age_017,0
2010,다다4398,in_age_018,0
2010,다다4398,in_age_041,5
2010,다다4398,in_age_043,0
2010,다다4398,in_age_044,0
2010,다다4398,in_age_045,5
2010,다다4398,in_age_046,5
2010,다다4398,in_age_047,0
2010,다다4398,in_age_063,0
2010,다다4398,in_age_065,0
2010,다다4398,in_age_070,5
2010,다다4398,in_age_071,0
2010,다다4398,in_age_073,5
2010,다다4398,in_age_074,8
2010,다다4398,in_age_075,5
2010,다다4398,in_age_076,0
2010,다다4398,in_age_078,0
2010,다다4398,to_in_001,33
2010,다다4398,to_in_007,13
2010,다다4398,to_in_008,18
2010,다다4399,in_age_001,5
2010,다다4399,in_age_003,0
2010,다다4399,in_age_004,0
2010,다다4399,in_age_007,0
2010,다다4399,in_age_008,5
2010,다다4399,in_age_009,0
2010,다다4399,in_age_012,8
2010,다다4399,in_age_013,8
2010,다다4399,in_age_014,13
2010,다다4399,in_age_015,18
2010,다다4399,in_age_016,13
2010,다다4399,in_age_017,8
2010,다다4399,in_age_018,8
2010,다다4399,in_age_031,5
2010,다다4399,in_age_033,0
2010,다다4399,in_age_034,0
2010,다다4399,in_age_038,5
2010,다다4399,in_age_039,0
2010,다다4399,in_age_042,5
2010,다다4399,in_age_043,5
2010,다다4399,in_age_044,8
2010,다다4399,in_age_045,8
2010,다다4399,in_age_046,8
2010,다다4399,in_age_047,5
2010,다다4399,in_age_048,5
2010,다다4399,in_age_061,0
2010,다다4399,in_age_067,0
2010,다다4399,in_age_072,5
2010,다다4399,in_age_073,5
2010,다다4399,in_age_074,5
2010,다다4399,in_age_075,13
2010,다다4399,in_age_076,8
2010,다다4399,in_age_077,5
2010,다다4399,in_age_078,8
2010,다다4399,to_in_001,78
2010,다다4399,to_in_007,33
2010,다다4399,to_in_008,43
2010,다다4400,in_age_001,18
2010,다다4400,in_age_002,29
2010,다다4400,in_age_003,55
2010,다다4400,in_age_004,28
2010,다다4400,in_age_005,13
2010,다다4400,in_age_006,13
2010,다다4400,in_age_007,23
2010,다다4400,in_age_008,38
2010,다다4400,in_age_009,43
2010,다다4400,in_age_010,38
2010,다다4400,in_age_011,48
2010,다다4400,in_age_012,53
2010,다다4400,in_age_013,54
2010,다다4400,in_age_014,63
2010,다다4400,in_age_015,63
2010,다다4400,in_age_016,64
2010,다다4400,in_age_017,33
2010,다다4400,in_age_018,8
2010,다다4400,in_age_019,5
2010,다다4400,in_age_031,8
2010,다다4400,in_age_032,14
2010,다다4400,in_age_033,30
2010,다다4400,in_age_034,13
2010,다다4400,in_age_035,8
2010,다다4400,in_age_036,8
2010,다다4400,in_age_037,13
2010,다다4400,in_age_038,23
2010,다다4400,in_age_039,28
2010,다다4400,in_age_040,23
2010,다다4400,in_age_041,28
2010,다다4400,in_age_042,23
2010,다다4400,in_age_043,29
2010,다다4400,in_age_044,28
2010,다다4400,in_age_045,18
2010,다다4400,in_age_046,23
2010,다다4400,in_age_047,8
2010,다다4400,in_age_048,5
2010,다다4400,in_age_049,5
2010,다다4400,in_age_061,13
2010,다다4400,in_age_062,13
2010,다다4400,in_age_063,23
2010,다다4400,in_age_064,18
2010,다다4400,in_age_065,8
2010,다다4400,in_age_066,5
2010,다다4400,in_age_067,13
2010,다다4400,in_age_068,18
2010,다다4400,in_age_069,18
2010,다다4400,in_age_070,18
2010,다다4400,in_age_071,23
2010,다다4400,in_age_072,28
2010,다다4400,in_age_073,23
2010,다다4400,in_age_074,33
2010,다다4400,in_age_075,43
2010,다다4400,in_age_076,39
2010,다다4400,in_age_077,23
2010,다다4400,in_age_078,8
2010,다다4400,in_age_079,5
2010,다다4400,to_in_001,683
2010,다다4400,to_in_007,312
2010,다다4400,to_in_008,369
2010,다다4402,in_age_008,0
2010,다다4402,in_age_011,0
2010,다다4402,in_age_012,5
2010,다다4402,in_age_013,0
2010,다다4402,in_age_018,0
2010,다다4402,in_age_038,0
2010,다다4402,in_age_041,0
2010,다다4402,in_age_042,5
2010,다다4402,in_age_072,0
2010,다다4402,in_age_073,0
2010,다다4402,in_age_078,0
2010,다다4402,to_in_001,8
2010,다다4402,to_in_007,5
2010,다다4402,to_in_008,5
2010,다다4403,in_age_004,5
2010,다다4403,in_age_009,0
2010,다다4403,in_age_010,0
2010,다다4403,in_age_011,5
2010,다다4403,in_age_034,0
2010,다다4403,in_age_041,5
2010,다다4403,in_age_064,0
2010,다다4403,in_age_069,0
2010,다다4403,in_age_070,0
2010,다다4403,to_in_001,8
2010,다다4403,to_in_007,5
2010,다다4403,to_in_008,5
2010,다다4475,in_age_001,0
2010,다다4475,in_age_002,5
2010,다다4475,in_age_003,0
2010,다다4475,in_age_005,0
2010,다다4475,in_age_006,0
2010,다다4475,in_age_007,0
2010,다다4475,in_age_008,5
2010,다다4475,in_age_010,5
2010,다다4475,in_age_011,0
2010,다다4475,in_age_012,5
2010,다다4475,in_age_013,8
2010,다다4475,in_age_014,8
2010,다다4475,in_age_015,8
2010,다다4475,in_age_016,8
2010,다다4475,in_age_017,8
2010,다다4475,in_age_018,5
2010,다다4475,in_age_031,0
2010,다다4475,in_age_032,0
2010,다다4475,in_age_033,0
2010,다다4475,in_age_035,0
2010,다다4475,in_age_037,0
2010,다다4475,in_age_038,5
2010,다다4475,in_age_041,0
2010,다다4475,in_age_042,5
2010,다다4475,in_age_043,5
2010,다다4475,in_age_044,5
2010,다다4475,in_age_045,5
2010,다다4475,in_age_046,5
2010,다다4475,in_age_047,5
2010,다다4475,in_age_048,5
2010,다다4475,in_age_062,0
2010,다다4475,in_age_066,0
2010,다다4475,in_age_068,5
2010,다다4475,in_age_070,5
2010,다다4475,in_age_072,0
2010,다다4475,in_age_073,8
2010,다다4475,in_age_074,5
2010,다다4475,in_age_075,8
2010,다다4475,in_age_076,0
2010,다다4475,in_age_077,5
2010,다다4475,in_age_078,0
2010,다다4475,to_in_001,68
2010,다다4475,to_in_007,33
2010,다다4475,to_in_008,33
2010,다다4476,in_age_001,5
2010,다다4476,in_age_002,5
2010,다다4476,in_age_005,5
2010,다다4476,in_age_007,5
2010,다다4476,in_age_008,5
2010,다다4476,in_age_009,5
2010,다다4476,in_age_010,5
2010,다다4476,in_age_011,13
2010,다다4476,in_age_012,5
2010,다다4476,in_age_013,18
2010,다다4476,in_age_014,23
2010,다다4476,in_age_015,23
2010,다다4476,in_age_016,8
2010,다다4476,in_age_017,13
2010,다다4476,in_age_018,5
2010,다다4476,in_age_019,0
2010,다다4476,in_age_031,0
2010,다다4476,in_age_032,0
2010,다다4476,in_age_035,5
2010,다다4476,in_age_038,5
2010,다다4476,in_age_039,5
2010,다다4476,in_age_040,5
2010,다다4476,in_age_041,8
2010,다다4476,in_age_042,5
2010,다다4476,in_age_043,8
2010,다다4476,in_age_044,13
2010,다다4476,in_age_045,8
2010,다다4476,in_age_046,5
2010,다다4476,in_age_047,5
2010,다다4476,in_age_061,0
2010,다다4476,in_age_062,5
2010,다다4476,in_age_067,5
2010,다다4476,in_age_069,0
2010,다다4476,in_age_070,0
2010,다다4476,in_age_071,8
2010,다다4476,in_age_073,8
2010,다다4476,in_age_074,13
2010,다다4476,in_age_075,13
2010,다다4476,in_age_076,5
2010,다다4476,in_age_077,8
2010,다다4476,in_age_078,5
2010,다다4476,in_age_079,0
2010,다다4476,to_in_001,123
2010,다다4476,to_in_007,53
2010,다다4476,to_in_008,68
2010,다다4478,in_age_003,5
2010,다다4478,in_age_011,0
2010,다다4478,in_age_012,0
2010,다다4478,in_age_013,5
2010,다다4478,in_age_014,8
2010,다다4478,in_age_015,5
2010,다다4478,in_age_016,0
2010,다다4478,in_age_017,5
2010,다다4478,in_age_018,0
2010,다다4478,in_age_019,0
2010,다다4478,in_age_033,0
2010,다다4478,in_age_042,0
2010,다다4478,in_age_043,0
2010,다다4478,in_age_044,5
2010,다다4478,in_age_045,0
2010,다다4478,in_age_046,0
2010,다다4478,in_age_047,0
2010,다다4478,in_age_063,0
2010,다다4478,in_age_071,0
2010,다다4478,in_age_073,0
2010,다다4478,in_age_074,5
2010,다다4478,in_age_075,5
2010,다다4478,in_age_077,0
2010,다다4478,in_age_078,0
2010,다다4478,in_age_079,0
2010,다다4478,to_in_001,18
2010,다다4478,to_in_007,8
2010,다다4478,to_in_008,13
2010,다다4479,in_age_003,0
2010,다다4479,in_age_009,0
2010,다다4479,in_age_010,0
2010,다다4479,in_age_011,5
2010,다다4479,in_age_012,5
2010,다다4479,in_age_014,5
2010,다다4479,in_age_015,0
2010,다다4479,in_age_016,5
2010,다다4479,in_age_017,0
2010,다다4479,in_age_033,0
2010,다다4479,in_age_041,5
2010,다다4479,in_age_042,0
2010,다다4479,in_age_044,0
2010,다다4479,in_age_045,0
2010,다다4479,in_age_046,0
2010,다다4479,in_age_069,0
2010,다다4479,in_age_070,0
2010,다다4479,in_age_072,0
2010,다다4479,in_age_074,5
2010,다다4479,in_age_076,5
2010,다다4479,in_age_077,0
2010,다다4479,to_in_001,18
2010,다다4479,to_in_007,8
2010,다다4479,to_in_008,8
2010,다다4488,in_age_003,0
2010,다다4488,in_age_012,5
2010,다다4488,in_age_033,0
2010,다다4488,in_age_042,0
2010,다다4488,in_age_072,5
2010,다다4488,to_in_001,5
2010,다다4488,to_in_007,5
2010,다다4488,to_in_008,5
2010,다다4494,in_age_001,8
2010,다다4494,in_age_002,0
2010,다다4494,in_age_003,0
2010,다다4494,in_age_006,5
2010,다다4494,in_age_007,8
2010,다다4494,in_age_009,5
2010,다다4494,in_age_010,5
2010,다다4494,in_age_011,8
2010,다다4494,in_age_012,5
2010,다다4494,in_age_013,5
2010,다다4494,in_age_014,5
2010,다다4494,in_age_015,0
2010,다다4494,in_age_031,5
2010,다다4494,in_age_036,5
2010,다다4494,in_age_037,5
2010,다다4494,in_age_039,5
2010,다다4494,in_age_040,5
2010,다다4494,in_age_041,8
2010,다다4494,in_age_043,5
2010,다다4494,in_age_044,0
2010,다다4494,in_age_045,0
2010,다다4494,in_age_061,5
2010,다다4494,in_age_062,0
2010,다다4494,in_age_063,0
2010,다다4494,in_age_067,5
2010,다다4494,in_age_069,5
2010,다다4494,in_age_070,5
2010,다다4494,in_age_071,5
2010,다다4494,in_age_072,5
2010,다다4494,in_age_073,0
2010,다다4494,in_age_074,5
2010,다다4494,to_in_001,38
2010,다다4494,to_in_007,18
2010,다다4494,to_in_008,18
2010,다다4496,in_age_001,5
2010,다다4496,in_age_002,5
2010,다다4496,in_age_003,5
2010,다다4496,in_age_004,5
2010,다다4496,in_age_006,5
2010,다다4496,in_age_007,5
2010,다다4496,in_age_008,5
2010,다다4496,in_age_009,8
2010,다다4496,in_age_010,8
2010,다다4496,in_age_011,18
2010,다다4496,in_age_012,23
2010,다다4496,in_age_013,28
2010,다다4496,in_age_014,28
2010,다다4496,in_age_015,38
2010,다다4496,in_age_016,18
2010,다다4496,in_age_017,13
2010,다다4496,in_age_018,8
2010,다다4496,in_age_019,0
2010,다다4496,in_age_031,0
2010,다다4496,in_age_032,5
2010,다다4496,in_age_033,5
2010,다다4496,in_age_034,5
2010,다다4496,in_age_036,0
2010,다다4496,in_age_037,5
2010,다다4496,in_age_038,5
2010,다다4496,in_age_039,5
2010,다다4496,in_age_040,5
2010,다다4496,in_age_041,8
2010,다다4496,in_age_042,13
2010,다다4496,in_age_043,13
2010,다다4496,in_age_044,13
2010,다다4496,in_age_045,18
2010,다다4496,in_age_046,8
2010,다다4496,in_age_047,8
2010,다다4496,in_age_048,5
2010,다다4496,in_age_061,5
2010,다다4496,in_age_062,0
2010,다다4496,in_age_063,0
2010,다다4496,in_age_064,5
2010,다다4496,in_age_066,0
2010,다다4496,in_age_067,0
2010,다다4496,in_age_068,0
2010,다다4496,in_age_069,5
2010,다다4496,in_age_070,8
2010,다다4496,in_age_071,8
2010,다다4496,in_age_072,13
2010,다다4496,in_age_073,13
2010,다다4496,in_age_074,13
2010,다다4496,in_age_075,23
2010,다다4496,in_age_076,8
2010,다다4496,in_age_077,5
2010,다다4496,in_age_078,8
2010,다다4496,in_age_079,0
2010,다다4496,to_in_001,213
2010,다다4496,to_in_007,98
2010,다다4496,to_in_008,113
2010,다다4497,in_age_001,5
2010,다다4497,in_age_006,5
2010,다다4497,in_age_009,5
2010,다다4497,in_age_010,5
2010,다다4497,in_age_011,5
2010,다다4497,in_age_013,5
2010,다다4497,in_age_014,5
2010,다다4497,in_age_015,5
2010,다다4497,in_age_016,0
2010,다다4497,in_age_017,0
2010,다다4497,in_age_031,5
2010,다다4497,in_age_036,0
2010,다다4497,in_age_039,5
2010,다다4497,in_age_040,0
2010,다다4497,in_age_041,0
2010,다다4497,in_age_043,0
2010,다다4497,in_age_044,5
2010,다다4497,in_age_045,0
2010,다다4497,in_age_061,0
2010,다다4497,in_age_066,0
2010,다다4497,in_age_070,5
2010,다다4497,in_age_071,0
2010,다다4497,in_age_073,5
2010,다다4497,in_age_074,0
2010,다다4497,in_age_075,0
2010,다다4497,in_age_076,0
2010,다다4497,in_age_077,0
2010,다다4497,to_in_001,23
2010,다다4497,to_in_007,13
2010,다다4497,to_in_008,13
2010,다다4498,in_age_001,0
2010,다다4498,in_age_003,8
2010,다다4498,in_age_004,5
2010,다다4498,in_age_008,5
2010,다다4498,in_age_009,0
2010,다다4498,in_age_010,0
2010,다다4498,in_age_011,5
2010,다다4498,in_age_012,8
2010,다다4498,in_age_013,8
2010,다다4498,in_age_014,5
2010,다다4498,in_age_015,13
2010,다다4498,in_age_016,13
2010,다다4498,in_age_017,8
2010,다다4498,in_age_018,8
2010,다다4498,in_age_031,0
2010,다다4498,in_age_033,0
2010,다다4498,in_age_034,5
2010,다다4498,in_age_039,0
2010,다다4498,in_age_041,0
2010,다다4498,in_age_042,5
2010,다다4498,in_age_043,8
2010,다다4498,in_age_044,5
2010,다다4498,in_age_045,5
2010,다다4498,in_age_046,8
2010,다다4498,in_age_047,5
2010,다다4498,in_age_048,5
2010,다다4498,in_age_063,8
2010,다다4498,in_age_068,5
2010,다다4498,in_age_070,0
2010,다다4498,in_age_071,5
2010,다다4498,in_age_072,5
2010,다다4498,in_age_073,5
2010,다다4498,in_age_074,5
2010,다다4498,in_age_075,8
2010,다다4498,in_age_076,8
2010,다다4498,in_age_077,8
2010,다다4498,in_age_078,5
2010,다다4498,to_in_001,68
2010,다다4498,to_in_007,28
2010,다다4498,to_in_008,38
2010,다다4499,in_age_001,0
2010,다다4499,in_age_002,5
2010,다다4499,in_age_003,8
2010,다다4499,in_age_004,5
2010,다다4499,in_age_005,5
2010,다다4499,in_age_007,5
2010,다다4499,in_age_008,8
2010,다다4499,in_age_009,5
2010,다다4499,in_age_010,8
2010,다다4499,in_age_011,13
2010,다다4499,in_age_012,5
2010,다다4499,in_age_013,13
2010,다다4499,in_age_014,18
2010,다다4499,in_age_015,18
2010,다다4499,in_age_016,18
2010,다다4499,in_age_017,8
2010,다다4499,in_age_018,5
2010,다다4499,in_age_019,5
2010,다다4499,in_age_020,5
2010,다다4499,in_age_032,0
2010,다다4499,in_age_033,5
2010,다다4499,in_age_034,0
2010,다다4499,in_age_035,5
2010,다다4499,in_age_037,0
2010,다다4499,in_age_038,8
2010,다다4499,in_age_039,5
2010,다다4499,in_age_040,5
2010,다다4499,in_age_041,8
2010,다다4499,in_age_043,5
2010,다다4499,in_age_044,8
2010,다다4499,in_age_045,8
2010,다다4499,in_age_046,5
2010,다다4499,in_age_047,8
2010,다다4499,in_age_049,0
2010,다다4499,in_age_061,0
2010,다다4499,in_age_062,5
2010,다다4499,in_age_063,5
2010,다다4499,in_age_064,5
2010,다다4499,in_age_065,5
2010,다다4499,in_age_067,0
2010,다다4499,in_age_068,0
2010,다다4499,in_age_069,5
2010,다다4499,in_age_070,8
2010,다다4499,in_age_071,8
2010,다다4499,in_age_072,5
2010,다다4499,in_age_073,8
2010,다다4499,in_age_074,8
2010,다다4499,in_age_075,13
2010,다다4499,in_age_076,13
2010,다다4499,in_age_077,5
2010,다다4499,in_age_078,5
2010,다다4499,in_age_079,5
2010,다다4499,in_age_080,5
2010,다다4499,to_in_001,133
2010,다다4499,to_in_007,58
2010,다다4499,to_in_008,78
2010,다다4500,in_age_002,5
2010,다다4500,in_age_003,5
2010,다다4500,in_age_006,5
2010,다다4500,in_age_008,5
2010,다다4500,in_age_009,5
2010,다다4500,in_age_010,5
2010,다다4500,in_age_011,13
2010,다다4500,in_age_012,8
2010,다다4500,in_age_013,8
2010,다다4500,in_age_014,13
2010,다다4500,in_age_015,5
2010,다다4500,in_age_016,8
2010,다다4500,in_age_017,0
2010,다다4500,in_age_032,5
2010,다다4500,in_age_033,0
2010,다다4500,in_age_036,5
2010,다다4500,in_age_038,5
2010,다다4500,in_age_040,5
2010,다다4500,in_age_041,8
2010,다다4500,in_age_042,5
2010,다다4500,in_age_043,8
2010,다다4500,in_age_044,8
2010,다다4500,in_age_045,5
2010,다다4500,in_age_046,5
2010,다다4500,in_age_063,0
2010,다다4500,in_age_066,5
2010,다다4500,in_age_068,0
2010,다다4500,in_age_069,5
2010,다다4500,in_age_070,0
2010,다다4500,in_age_071,5
2010,다다4500,in_age_072,5
2010,다다4500,in_age_073,5
2010,다다4500,in_age_074,5
2010,다다4500,in_age_075,0
2010,다다4500,in_age_076,8
2010,다다4500,in_age_077,0
2010,다다4500,to_in_001,63
2010,다다4500,to_in_007,33
2010,다다4500,to_in_008,28
2010,다다4501,in_age_008,5
2010,다다4501,in_age_009,5
2010,다다4501,in_age_038,5
2010,다다4501,in_age_039,5
2010,다다4501,in_age_068,0
2010,다다4501,to_in_001,8
2010,다다4501,to_in_007,8
2010,다다4501,to_in_008,0
2010,다다4575,in_age_015,0
2010,다다4575,in_age_016,5
2010,다다4575,in_age_045,0
2010,다다4575,in_age_076,5
2010,다다4575,to_in_001,5
2010,다다4575,to_in_007,0
2010,다다4575,to_in_008,5
2010,다다4576,in_age_001,5
2010,다다4576,in_age_002,5
2010,다다4576,in_age_004,5
2010,다다4576,in_age_006,5
2010,다다4576,in_age_007,0
2010,다다4576,in_age_008,0
2010,다다4576,in_age_009,5
2010,다다4576,in_age_010,8
2010,다다4576,in_age_011,23
2010,다다4576,in_age_012,8
2010,다다4576,in_age_013,18
2010,다다4576,in_age_014,23
2010,다다4576,in_age_015,39
2010,다다4576,in_age_016,28
2010,다다4576,in_age_017,13
2010,다다4576,in_age_018,5
2010,다다4576,in_age_019,5
2010,다다4576,in_age_020,0
2010,다다4576,in_age_031,5
2010,다다4576,in_age_032,0
2010,다다4576,in_age_034,0
2010,다다4576,in_age_036,5
2010,다다4576,in_age_037,0
2010,다다4576,in_age_039,5
2010,다다4576,in_age_040,5
2010,다다4576,in_age_041,8
2010,다다4576,in_age_042,8
2010,다다4576,in_age_043,13
2010,다다4576,in_age_044,8
2010,다다4576,in_age_045,13
2010,다다4576,in_age_046,8
2010,다다4576,in_age_047,8
2010,다다4576,in_age_048,5
2010,다다4576,in_age_062,5
2010,다다4576,in_age_064,0
2010,다다4576,in_age_068,0
2010,다다4576,in_age_070,5
2010,다다4576,in_age_071,13
2010,다다4576,in_age_072,8
2010,다다4576,in_age_073,8
2010,다다4576,in_age_074,18
2010,다다4576,in_age_075,24
2010,다다4576,in_age_076,18
2010,다다4576,in_age_077,5
2010,다다4576,in_age_078,0
2010,다다4576,in_age_079,5
2010,다다4576,in_age_080,0
2010,다다4576,to_in_001,174
2010,다다4576,to_in_007,73
2010,다다4576,to_in_008,99
2010,다다4577,in_age_003,5
2010,다다4577,in_age_005,0
2010,다다4577,in_age_007,0
2010,다다4577,in_age_008,5
2010,다다4577,in_age_011,5
2010,다다4577,in_age_012,5
2010,다다4577,in_age_013,5
2010,다다4577,in_age_014,5
2010,다다4577,in_age_015,5
2010,다다4577,in_age_016,8
2010,다다4577,in_age_017,5
2010,다다4577,in_age_020,5
2010,다다4577,in_age_033,5
2010,다다4577,in_age_035,0
2010,다다4577,in_age_037,0
2010,다다4577,in_age_038,0
2010,다다4577,in_age_041,0
2010,다다4577,in_age_042,5
2010,다다4577,in_age_043,0
2010,다다4577,in_age_044,0
2010,다다4577,in_age_045,0
2010,다다4577,in_age_046,5
2010,다다4577,in_age_068,0
2010,다다4577,in_age_071,5
2010,다다4577,in_age_072,0
2010,다다4577,in_age_073,0
2010,다다4577,in_age_074,5
2010,다다4577,in_age_075,5
2010,다다4577,in_age_076,5
2010,다다4577,in_age_077,5
2010,다다4577,in_age_080,5
2010,다다4577,to_in_001,33
2010,다다4577,to_in_007,13
2010,다다4577,to_in_008,18
2010,다다4578,in_age_001,0
2010,다다4578,in_age_002,5
2010,다다4578,in_age_003,0
2010,다다4578,in_age_006,5
2010,다다4578,in_age_010,0
2010,다다4578,in_age_032,0
2010,다다4578,in_age_033,0
2010,다다4578,in_age_040,0
2010,다다4578,in_age_061,0
2010,다다4578,in_age_062,0
2010,다다4578,in_age_066,5
2010,다다4578,to_in_001,8
2010,다다4578,to_in_007,5
2010,다다4578,to_in_008,5
2010,다다4579,in_age_002,0
2010,다다4579,in_age_009,5
2010,다다4579,in_age_010,5
2010,다다4579,in_age_015,8
2010,다다4579,in_age_016,8
2010,다다4579,in_age_017,5
2010,다다4579,in_age_032,0
2010,다다4579,in_age_039,0
2010,다다4579,in_age_040,5
2010,다다4579,in_age_045,5
2010,다다4579,in_age_046,8
2010,다다4579,in_age_047,0
2010,다다4579,in_age_069,0
2010,다다4579,in_age_070,0
2010,다다4579,in_age_075,5
2010,다다4579,in_age_076,5
2010,다다4579,in_age_077,5
2010,다다4579,to_in_001,18
2010,다다4579,to_in_007,8
2010,다다4579,to_in_008,13
2010,다다4596,in_age_002,8
2010,다다4596,in_age_003,0
2010,다다4596,in_age_008,5
2010,다다4596,in_age_009,5
2010,다다4596,in_age_010,5
2010,다다4596,in_age_011,5
2010,다다4596,in_age_012,0
2010,다다4596,in_age_013,0
2010,다다4596,in_age_014,8
2010,다다4596,in_age_015,8
2010,다다4596,in_age_016,5
2010,다다4596,in_age_017,5
2010,다다4596,in_age_032,5
2010,다다4596,in_age_033,0
2010,다다4596,in_age_038,0
2010,다다4596,in_age_039,0
2010,다다4596,in_age_040,5
2010,다다4596,in_age_041,0
2010,다다4596,in_age_042,0
2010,다다4596,in_age_043,0
2010,다다4596,in_age_044,5
2010,다다4596,in_age_045,5
2010,다다4596,in_age_046,5
2010,다다4596,in_age_062,5
2010,다다4596,in_age_068,0
2010,다다4596,in_age_069,5
2010,다다4596,in_age_071,0
2010,다다4596,in_age_074,8
2010,다다4596,in_age_075,5
2010,다다4596,in_age_076,0
2010,다다4596,in_age_077,5
2010,다다4596,to_in_001,33
2010,다다4596,to_in_007,18
2010,다다4596,to_in_008,18
2010,다다4597,in_age_008,5
2010,다다4597,in_age_012,8
2010,다다4597,in_age_013,8
2010,다다4597,in_age_014,5
2010,다다4597,in_age_015,5
2010,다다4597,in_age_016,8
2010,다다4597,in_age_018,5
2010,다다4597,in_age_038,5
2010,다다4597,in_age_042,5
2010,다다4597,in_age_043,0
2010,다다4597,in_age_044,5
2010,다다4597,in_age_045,0
2010,다다4597,in_age_046,5
2010,다다4597,in_age_048,5
2010,다다4597,in_age_072,8
2010,다다4597,in_age_073,5
2010,다다4597,in_age_074,5
2010,다다4597,in_age_075,0
2010,다다4597,in_age_076,5
2010,다다4597,to_in_001,23
2010,다다4597,to_in_007,13
2010,다다4597,to_in_008,13
2010,다다4599,in_age_001,5
2010,다다4599,in_age_002,5
2010,다다4599,in_age_003,8
2010,다다4599,in_age_005,0
2010,다다4599,in_age_006,5
2010,다다4599,in_age_007,5
2010,다다4599,in_age_008,0
2010,다다4599,in_age_009,5
2010,다다4599,in_age_010,8
2010,다다4599,in_age_011,8
2010,다다4599,in_age_012,8
2010,다다4599,in_age_013,8
2010,다다4599,in_age_014,8
2010,다다4599,in_age_015,8
2010,다다4599,in_age_016,8
2010,다다4599,in_age_017,5
2010,다다4599,in_age_018,5
2010,다다4599,in_age_031,0
2010,다다4599,in_age_032,5
2010,다다4599,in_age_033,5
2010,다다4599,in_age_035,0
2010,다다4599,in_age_036,0
2010,다다4599,in_age_037,5
2010,다다4599,in_age_038,0
2010,다다4599,in_age_039,5
2010,다다4599,in_age_040,5
2010,다다4599,in_age_041,8
2010,다다4599,in_age_042,8
2010,다다4599,in_age_043,5
2010,다다4599,in_age_044,5
2010,다다4599,in_age_045,5
2010,다다4599,in_age_046,5
2010,다다4599,in_age_061,5
2010,다다4599,in_age_062,5
2010,다다4599,in_age_063,5
2010,다다4599,in_age_066,0
2010,다다4599,in_age_069,0
2010,다다4599,in_age_070,5
2010,다다4599,in_age_071,8
2010,다다4599,in_age_072,5
2010,다다4599,in_age_073,5
2010,다다4599,in_age_074,8
2010,다다4599,in_age_075,5
2010,다다4599,in_age_076,5
2010,다다4599,in_age_077,5
2010,다다4599,in_age_078,5
2010,다다4599,to_in_001,73
2010,다다4599,to_in_007,38
2010,다다4599,to_in_008,38
2010,다다4653,in_age_003,5
2010,다다4653,in_age_004,0
2010,다다4653,in_age_006,5
2010,다다4653,in_age_011,0
2010,다다4653,in_age_012,0
2010,다다4653,in_age_013,0
2010,다다4653,in_age_014,0
2010,다다4653,in_age_015,5
2010,다다4653,in_age_016,5
2010,다다4653,in_age_017,0
2010,다다4653,in_age_033,5
2010,다다4653,in_age_034,0
2010,다다4653,in_age_036,5
2010,다다4653,in_age_043,0
2010,다다4653,in_age_047,0
2010,다다4653,in_age_071,0
2010,다다4653,in_age_072,0
2010,다다4653,in_age_074,0
2010,다다4653,in_age_075,5
2010,다다4653,in_age_076,5
2010,다다4653,to_in_001,18
2010,다다4653,to_in_007,8
2010,다다4653,to_in_008,8
2010,다다4654,in_age_004,0
2010,다다4654,in_age_008,0
2010,다다4654,in_age_009,5
2010,다다4654,in_age_010,8
2010,다다4654,in_age_011,8
2010,다다4654,in_age_012,13
2010,다다4654,in_age_013,8
2010,다다4654,in_age_014,5
2010,다다4654,in_age_015,5
2010,다다4654,in_age_016,8
2010,다다4654,in_age_017,5
2010,다다4654,in_age_034,0
2010,다다4654,in_age_038,0
2010,다다4654,in_age_039,5
2010,다다4654,in_age_040,5
2010,다다4654,in_age_041,5
2010,다다4654,in_age_042,8
2010,다다4654,in_age_043,5
2010,다다4654,in_age_044,5
2010,다다4654,in_age_045,0
2010,다다4654,in_age_046,8
2010,다다4654,in_age_069,5
2010,다다4654,in_age_070,5
2010,다다4654,in_age_071,5
2010,다다4654,in_age_072,5
2010,다다4654,in_age_073,5
2010,다다4654,in_age_074,5
2010,다다4654,in_age_075,5
2010,다다4654,in_age_076,5
2010,다다4654,in_age_077,5
2010,다다4654,to_in_001,53
2010,다다4654,to_in_007,28
2010,다다4654,to_in_008,28
2010,다다4699,in_age_014,0
2010,다다4699,in_age_015,0
2010,다다4699,in_age_045,0
2010,다다4699,in_age_074,0
2010,다다4699,to_in_001,5
2010,다다4699,to_in_007,0
2010,다다4699,to_in_008,0
2010,다다4797,in_age_002,5
2010,다다4797,in_age_003,5
2010,다다4797,in_age_004,5
2010,다다4797,in_age_006,5
2010,다다4797,in_age_008,0
2010,다다4797,in_age_009,5
2010,다다4797,in_age_010,8
2010,다다4797,in_age_011,5
2010,다다4797,in_age_012,8
2010,다다4797,in_age_013,8
2010,다다4797,in_age_014,5
2010,다다4797,in_age_015,8
2010,다다4797,in_age_016,5
2010,다다4797,in_age_018,5
2010,다다4797,in_age_032,5
2010,다다4797,in_age_033,5
2010,다다4797,in_age_034,5
2010,다다4797,in_age_036,5
2010,다다4797,in_age_039,5
2010,다다4797,in_age_040,5
2010,다다4797,in_age_041,5
2010,다다4797,in_age_042,0
2010,다다4797,in_age_043,5
2010,다다4797,in_age_044,5
2010,다다4797,in_age_045,0
2010,다다4797,in_age_046,5
2010,다다4797,in_age_048,0
2010,다다4797,in_age_063,0
2010,다다4797,in_age_064,5
2010,다다4797,in_age_068,0
2010,다다4797,in_age_069,5
2010,다다4797,in_age_070,5
2010,다다4797,in_age_071,0
2010,다다4797,in_age_072,8
2010,다다4797,in_age_073,5
2010,다다4797,in_age_074,5
2010,다다4797,in_age_075,8
2010,다다4797,in_age_076,5
2010,다다4797,in_age_078,5
2010,다다4797,to_in_001,63
2010,다다4797,to_in_007,33
2010,다다4797,to_in_008,33
2010,다다4798,in_age_002,5
2010,다다4798,in_age_003,5
2010,다다4798,in_age_004,5
2010,다다4798,in_age_005,0
2010,다다4798,in_age_007,5
2010,다다4798,in_age_009,5
2010,다다4798,in_age_010,8
2010,다다4798,in_age_011,5
2010,다다4798,in_age_012,8
2010,다다4798,in_age_013,5
2010,다다4798,in_age_014,5
2010,다다4798,in_age_015,8
2010,다다4798,in_age_016,5
2010,다다4798,in_age_017,0
2010,다다4798,in_age_018,5
2010,다다4798,in_age_019,0
2010,다다4798,in_age_032,0
2010,다다4798,in_age_033,5
2010,다다4798,in_age_035,0
2010,다다4798,in_age_037,5
2010,다다4798,in_age_040,5
2010,다다4798,in_age_041,5
2010,다다4798,in_age_042,5
2010,다다4798,in_age_043,5
2010,다다4798,in_age_044,0
2010,다다4798,in_age_045,5
2010,다다4798,in_age_062,5
2010,다다4798,in_age_063,0
2010,다다4798,in_age_064,5
2010,다다4798,in_age_067,0
2010,다다4798,in_age_069,5
2010,다다4798,in_age_070,5
2010,다다4798,in_age_071,0
2010,다다4798,in_age_072,5
2010,다다4798,in_age_073,5
2010,다다4798,in_age_074,0
2010,다다4798,in_age_075,5
2010,다다4798,in_age_076,5
2010,다다4798,in_age_077,0
2010,다다4798,in_age_078,5
2010,다다4798,in_age_079,0
2010,다다4798,to_in_001,58
2010,다다4798,to_in_007,23
2010,다다4798,to_in_008,33
2010,다다4799,in_age_001,5
2010,다다4799,in_age_002,8
2010,다다4799,in_age_003,8
2010,다다4799,in_age_004,5
2010,다다4799,in_age_006,5
2010,다다4799,in_age_007,8
2010,다다4799,in_age_008,5
2010,다다4799,in_age_009,8
2010,다다4799,in_age_010,8
2010,다다4799,in_age_011,13
2010,다다4799,in_age_012,23
2010,다다4799,in_age_013,38
2010,다다4799,in_age_014,23
2010,다다4799,in_age_015,28
2010,다다4799,in_age_016,13
2010,다다4799,in_age_017,8
2010,다다4799,in_age_018,0
2010,다다4799,in_age_031,0
2010,다다4799,in_age_032,5
2010,다다4799,in_age_033,8
2010,다다4799,in_age_034,5
2010,다다4799,in_age_036,5
2010,다다4799,in_age_038,0
2010,다다4799,in_age_039,5
2010,다다4799,in_age_040,8
2010,다다4799,in_age_041,5
2010,다다4799,in_age_042,8
2010,다다4799,in_age_043,18
2010,다다4799,in_age_044,13
2010,다다4799,in_age_045,13
2010,다다4799,in_age_046,8
2010,다다4799,in_age_047,5
2010,다다4799,in_age_061,0
2010,다다4799,in_age_062,8
2010,다다4799,in_age_063,5
2010,다다4799,in_age_066,0
2010,다다4799,in_age_067,8
2010,다다4799,in_age_068,5
2010,다다4799,in_age_069,5
2010,다다4799,in_age_070,0
2010,다다4799,in_age_071,8
2010,다다4799,in_age_072,13
2010,다다4799,in_age_073,18
2010,다다4799,in_age_074,8
2010,다다4799,in_age_075,13
2010,다다4799,in_age_076,8
2010,다다4799,in_age_077,8
2010,다다4799,in_age_078,0
2010,다다4799,to_in_001,193
2010,다다4799,to_in_007,98
2010,다다4799,to_in_008,98
2010,다다4800,in_age_001,8
2010,다다4800,in_age_002,5
2010,다다4800,in_age_003,0
2010,다다4800,in_age_004,0
2010,다다4800,in_age_005,5
2010,다다4800,in_age_006,0
2010,다다4800,in_age_007,5
2010,다다4800,in_age_008,0
2010,다다4800,in_age_009,5
2010,다다4800,in_age_010,8
2010,다다4800,in_age_011,8
2010,다다4800,in_age_012,5
2010,다다4800,in_age_013,5
2010,다다4800,in_age_014,5
2010,다다4800,in_age_015,13
2010,다다4800,in_age_016,5
2010,다다4800,in_age_017,8
2010,다다4800,in_age_018,5
2010,다다4800,in_age_031,8
2010,다다4800,in_age_032,5
2010,다다4800,in_age_034,0
2010,다다4800,in_age_035,5
2010,다다4800,in_age_036,0
2010,다다4800,in_age_037,5
2010,다다4800,in_age_038,0
2010,다다4800,in_age_039,5
2010,다다4800,in_age_040,5
2010,다다4800,in_age_041,8
2010,다다4800,in_age_042,5
2010,다다4800,in_age_044,0
2010,다다4800,in_age_045,8
2010,다다4800,in_age_061,5
2010,다다4800,in_age_063,0
2010,다다4800,in_age_067,5
2010,다다4800,in_age_069,0
2010,다다4800,in_age_070,5
2010,다다4800,in_age_071,5
2010,다다4800,in_age_072,5
2010,다다4800,in_age_073,5
2010,다다4800,in_age_074,5
2010,다다4800,in_age_075,8
2010,다다4800,in_age_076,5
2010,다다4800,in_age_077,8
2010,다다4800,in_age_078,5
2010,다다4800,to_in_001,68
2010,다다4800,to_in_007,33
2010,다다4800,to_in_008,38
2010,다다4801,in_age_001,5
2010,다다4801,in_age_002,8
2010,다다4801,in_age_003,5
2010,다다4801,in_age_004,0
2010,다다4801,in_age_005,0
2010,다다4801,in_age_006,8
2010,다다4801,in_age_007,8
2010,다다4801,in_age_008,8
2010,다다4801,in_age_009,5
2010,다다4801,in_age_010,5
2010,다다4801,in_age_011,8
2010,다다4801,in_age_012,8
2010,다다4801,in_age_013,8
2010,다다4801,in_age_014,5
2010,다다4801,in_age_015,8
2010,다다4801,in_age_016,5
2010,다다4801,in_age_017,0
2010,다다4801,in_age_018,0
2010,다다4801,in_age_031,5
2010,다다4801,in_age_032,5
2010,다다4801,in_age_033,5
2010,다다4801,in_age_034,0
2010,다다4801,in_age_035,0
2010,다다4801,in_age_036,0
2010,다다4801,in_age_037,5
2010,다다4801,in_age_038,5
2010,다다4801,in_age_039,5
2010,다다4801,in_age_040,5
2010,다다4801,in_age_041,8
2010,다다4801,in_age_042,5
2010,다다4801,in_age_043,8
2010,다다4801,in_age_044,5
2010,다다4801,in_age_045,5
2010,다다4801,in_age_046,5
2010,다다4801,in_age_061,0
2010,다다4801,in_age_062,5
2010,다다4801,in_age_063,0
2010,다다4801,in_age_066,5
2010,다다4801,in_age_067,5
2010,다다4801,in_age_068,5
2010,다다4801,in_age_069,0
2010,다다4801,in_age_070,5
2010,다다4801,in_age_071,5
2010,다다4801,in_age_072,8
2010,다다4801,in_age_073,5
2010,다다4801,in_age_074,5
2010,다다4801,in_age_075,5
2010,다다4801,in_age_076,0
2010,다다4801,in_age_077,0
2010,다다4801,in_age_078,0
2010,다다4801,to_in_001,83
2010,다다4801,to_in_007,43
2010,다다4801,to_in_008,43
2010,다다4802,in_age_001,8
2010,다다4802,in_age_002,5
2010,다다4802,in_age_003,13
2010,다다4802,in_age_004,8
2010,다다4802,in_age_005,8
2010,다다4802,in_age_006,8
2010,다다4802,in_age_007,0
2010,다다4802,in_age_008,8
2010,다다4802,in_age_009,13
2010,다다4802,in_age_010,8
2010,다다4802,in_age_011,8
2010,다다4802,in_age_012,8
2010,다다4802,in_age_013,13
2010,다다4802,in_age_014,18
2010,다다4802,in_age_015,8
2010,다다4802,in_age_016,13
2010,다다4802,in_age_017,8
2010,다다4802,in_age_018,8
2010,다다4802,in_age_019,5
2010,다다4802,in_age_031,5
2010,다다4802,in_age_032,0
2010,다다4802,in_age_033,8
2010,다다4802,in_age_034,8
2010,다다4802,in_age_035,5
2010,다다4802,in_age_036,8
2010,다다4802,in_age_038,5
2010,다다4802,in_age_039,5
2010,다다4802,in_age_040,5
2010,다다4802,in_age_041,8
2010,다다4802,in_age_042,8
2010,다다4802,in_age_043,8
2010,다다4802,in_age_044,8
2010,다다4802,in_age_045,5
2010,다다4802,in_age_046,5
2010,다다4802,in_age_047,5
2010,다다4802,in_age_049,5
2010,다다4802,in_age_061,5
2010,다다4802,in_age_062,5
2010,다다4802,in_age_063,8
2010,다다4802,in_age_064,0
2010,다다4802,in_age_065,8
2010,다다4802,in_age_066,5
2010,다다4802,in_age_067,0
2010,다다4802,in_age_068,8
2010,다다4802,in_age_069,8
2010,다다4802,in_age_070,5
2010,다다4802,in_age_071,8
2010,다다4802,in_age_072,8
2010,다다4802,in_age_073,8
2010,다다4802,in_age_074,8
2010,다다4802,in_age_075,8
2010,다다4802,in_age_076,13
2010,다다4802,in_age_077,5
2010,다다4802,in_age_078,8
2010,다다4802,to_in_001,153
2010,다다4802,to_in_007,68
2010,다다4802,to_in_008,88
2010,다다4803,in_age_001,5
2010,다다4803,in_age_002,5
2010,다다4803,in_age_004,5
2010,다다4803,in_age_007,0
2010,다다4803,in_age_008,5
2010,다다4803,in_age_009,8
2010,다다4803,in_age_010,8
2010,다다4803,in_age_011,5
2010,다다4803,in_age_012,8
2010,다다4803,in_age_013,8
2010,다다4803,in_age_014,5
2010,다다4803,in_age_015,8
2010,다다4803,in_age_016,8
2010,다다4803,in_age_017,8
2010,다다4803,in_age_018,5
2010,다다4803,in_age_021,0
2010,다다4803,in_age_031,0
2010,다다4803,in_age_038,5
2010,다다4803,in_age_039,8
2010,다다4803,in_age_040,5
2010,다다4803,in_age_041,0
2010,다다4803,in_age_042,5
2010,다다4803,in_age_043,5
2010,다다4803,in_age_044,5
2010,다다4803,in_age_045,5
2010,다다4803,in_age_046,5
2010,다다4803,in_age_047,5
2010,다다4803,in_age_061,0
2010,다다4803,in_age_062,5
2010,다다4803,in_age_064,5
2010,다다4803,in_age_067,0
2010,다다4803,in_age_069,0
2010,다다4803,in_age_070,5
2010,다다4803,in_age_071,5
2010,다다4803,in_age_072,5
2010,다다4803,in_age_073,5
2010,다다4803,in_age_074,5
2010,다다4803,in_age_075,5
2010,다다4803,in_age_076,8
2010,다다4803,in_age_077,5
2010,다다4803,in_age_078,5
2010,다다4803,in_age_081,0
2010,다다4803,to_in_001,63
2010,다다4803,to_in_007,23
2010,다다4803,to_in_008,38
2010,다다4898,in_age_001,5
2010,다다4898,in_age_002,5
2010,다다4898,in_age_003,5
2010,다다4898,in_age_004,5
2010,다다4898,in_age_005,5
2010,다다4898,in_age_006,0
2010,다다4898,in_age_007,5
2010,다다4898,in_age_008,5
2010,다다4898,in_age_009,8
2010,다다4898,in_age_010,8
2010,다다4898,in_age_011,23
2010,다다4898,in_age_012,13
2010,다다4898,in_age_013,24
2010,다다4898,in_age_014,23
2010,다다4898,in_age_015,18
2010,다다4898,in_age_016,8
2010,다다4898,in_age_017,5
2010,다다4898,in_age_019,5
2010,다다4898,in_age_032,5
2010,다다4898,in_age_033,5
2010,다다4898,in_age_034,5
2010,다다4898,in_age_035,5
2010,다다4898,in_age_037,0
2010,다다4898,in_age_038,0
2010,다다4898,in_age_039,5
2010,다다4898,in_age_040,5
2010,다다4898,in_age_041,8
2010,다다4898,in_age_042,8
2010,다다4898,in_age_043,13
2010,다다4898,in_age_044,13
2010,다다4898,in_age_045,8
2010,다다4898,in_age_046,5
2010,다다4898,in_age_047,5
2010,다다4898,in_age_061,5
2010,다다4898,in_age_062,0
2010,다다4898,in_age_063,5
2010,다다4898,in_age_064,0
2010,다다4898,in_age_066,0
2010,다다4898,in_age_067,0
2010,다다4898,in_age_068,0
2010,다다4898,in_age_069,5
2010,다다4898,in_age_070,8
2010,다다4898,in_age_071,13
2010,다다4898,in_age_072,8
2010,다다4898,in_age_073,11
2010,다다4898,in_age_074,13
2010,다다4898,in_age_075,8
2010,다다4898,in_age_076,5
2010,다다4898,in_age_079,5
2010,다다4898,to_in_001,149
2010,다다4898,to_in_007,73
2010,다다4898,to_in_008,79
2010,다다4899,in_age_002,0
2010,다다4899,in_age_010,5
2010,다다4899,in_age_011,8
2010,다다4899,in_age_012,8
2010,다다4899,in_age_013,5
2010,다다4899,in_age_014,0
2010,다다4899,in_age_015,0
2010,다다4899,in_age_017,5
2010,다다4899,in_age_018,0
2010,다다4899,in_age_040,0
2010,다다4899,in_age_041,5
2010,다다4899,in_age_042,5
2010,다다4899,in_age_043,0
2010,다다4899,in_age_044,0
2010,다다4899,in_age_045,0
2010,다다4899,in_age_047,0
2010,다다4899,in_age_062,0
2010,다다4899,in_age_070,5
2010,다다4899,in_age_071,5
2010,다다4899,in_age_072,8
2010,다다4899,in_age_073,5
2010,다다4899,in_age_077,0
2010,다다4899,in_age_078,0
2010,다다4899,to_in_001,23
2010,다다4899,to_in_007,8
2010,다다4899,to_in_008,13
2010,다다4900,in_age_001,8
2010,다다4900,in_age_002,8
2010,다다4900,in_age_003,5
2010,다다4900,in_age_004,5
2010,다다4900,in_age_005,5
2010,다다4900,in_age_006,8
2010,다다4900,in_age_007,8
2010,다다4900,in_age_008,13
2010,다다4900,in_age_009,13
2010,다다4900,in_age_010,8
2010,다다4900,in_age_011,13
2010,다다4900,in_age_012,8
2010,다다4900,in_age_013,8
2010,다다4900,in_age_014,13
2010,다다4900,in_age_015,18
2010,다다4900,in_age_016,13
2010,다다4900,in_age_017,5
2010,다다4900,in_age_018,5
2010,다다4900,in_age_019,0
2010,다다4900,in_age_031,5
2010,다다4900,in_age_032,5
2010,다다4900,in_age_033,5
2010,다다4900,in_age_034,0
2010,다다4900,in_age_035,5
2010,다다4900,in_age_036,5
2010,다다4900,in_age_037,8
2010,다다4900,in_age_038,8
2010,다다4900,in_age_039,8
2010,다다4900,in_age_040,5
2010,다다4900,in_age_041,8
2010,다다4900,in_age_042,5
2010,다다4900,in_age_043,5
2010,다다4900,in_age_044,8
2010,다다4900,in_age_045,5
2010,다다4900,in_age_046,5
2010,다다4900,in_age_047,0
2010,다다4900,in_age_048,0
2010,다다4900,in_age_061,8
2010,다다4900,in_age_062,0
2010,다다4900,in_age_063,5
2010,다다4900,in_age_064,5
2010,다다4900,in_age_065,0
2010,다다4900,in_age_066,5
2010,다다4900,in_age_067,5
2010,다다4900,in_age_068,5
2010,다다4900,in_age_069,5
2010,다다4900,in_age_070,8
2010,다다4900,in_age_071,5
2010,다다4900,in_age_072,5
2010,다다4900,in_age_073,8
2010,다다4900,in_age_074,8
2010,다다4900,in_age_075,13
2010,다다4900,in_age_076,8
2010,다다4900,in_age_077,5
2010,다다4900,in_age_078,5
2010,다다4900,in_age_079,0
2010,다다4900,to_in_001,158
2010,다다4900,to_in_007,73
2010,다다4900,to_in_008,83
2010,다다4901,in_age_001,8
2010,다다4901,in_age_002,13
2010,다다4901,in_age_003,13
2010,다다4901,in_age_004,8
2010,다다4901,in_age_005,5
2010,다다4901,in_age_006,8
2010,다다4901,in_age_007,5
2010,다다4901,in_age_008,18
2010,다다4901,in_age_009,13
2010,다다4901,in_age_010,8
2010,다다4901,in_age_011,8
2010,다다4901,in_age_012,8
2010,다다4901,in_age_013,8
2010,다다4901,in_age_014,5
2010,다다4901,in_age_015,5
2010,다다4901,in_age_016,8
2010,다다4901,in_age_017,5
2010,다다4901,in_age_019,0
2010,다다4901,in_age_031,8
2010,다다4901,in_age_032,8
2010,다다4901,in_age_033,8
2010,다다4901,in_age_034,5
2010,다다4901,in_age_036,8
2010,다다4901,in_age_037,5
2010,다다4901,in_age_038,8
2010,다다4901,in_age_039,8
2010,다다4901,in_age_040,8
2010,다다4901,in_age_041,5
2010,다다4901,in_age_042,8
2010,다다4901,in_age_043,5
2010,다다4901,in_age_044,0
2010,다다4901,in_age_046,5
2010,다다4901,in_age_047,5
2010,다다4901,in_age_049,0
2010,다다4901,in_age_061,5
2010,다다4901,in_age_062,5
2010,다다4901,in_age_063,8
2010,다다4901,in_age_064,0
2010,다다4901,in_age_065,5
2010,다다4901,in_age_066,5
2010,다다4901,in_age_067,5
2010,다다4901,in_age_068,8
2010,다다4901,in_age_069,8
2010,다다4901,in_age_070,5
2010,다다4901,in_age_071,8
2010,다다4901,in_age_072,5
2010,다다4901,in_age_073,5
2010,다다4901,in_age_074,5
2010,다다4901,in_age_075,5
2010,다다4901,in_age_076,5
2010,다다4901,in_age_077,0
2010,다다4901,to_in_001,133
2010,다다4901,to_in_007,73
2010,다다4901,to_in_008,63
2010,다다4902,in_age_001,14
2010,다다4902,in_age_002,22
2010,다다4902,in_age_003,23
2010,다다4902,in_age_004,13
2010,다다4902,in_age_005,13
2010,다다4902,in_age_006,18
2010,다다4902,in_age_007,20
2010,다다4902,in_age_008,18
2010,다다4902,in_age_009,22
2010,다다4902,in_age_010,23
2010,다다4902,in_age_011,28
2010,다다4902,in_age_012,13
2010,다다4902,in_age_013,13
2010,다다4902,in_age_014,18
2010,다다4902,in_age_015,23
2010,다다4902,in_age_016,18
2010,다다4902,in_age_017,13
2010,다다4902,in_age_018,5
2010,다다4902,in_age_019,5
2010,다다4902,in_age_020,5
2010,다다4902,in_age_031,11
2010,다다4902,in_age_032,16
2010,다다4902,in_age_033,13
2010,다다4902,in_age_034,8
2010,다다4902,in_age_035,8
2010,다다4902,in_age_036,8
2010,다다4902,in_age_037,8
2010,다다4902,in_age_038,8
2010,다다4902,in_age_039,13
2010,다다4902,in_age_040,13
2010,다다4902,in_age_041,13
2010,다다4902,in_age_042,8
2010,다다4902,in_age_043,8
2010,다다4902,in_age_044,8
2010,다다4902,in_age_045,8
2010,다다4902,in_age_046,8
2010,다다4902,in_age_047,0
2010,다다4902,in_age_061,5
2010,다다4902,in_age_062,11
2010,다다4902,in_age_063,13
2010,다다4902,in_age_064,8
2010,다다4902,in_age_065,5
2010,다다4902,in_age_066,13
2010,다다4902,in_age_067,12
2010,다다4902,in_age_068,15
2010,다다4902,in_age_069,11
2010,다다4902,in_age_070,13
2010,다다4902,in_age_071,13
2010,다다4902,in_age_072,8
2010,다다4902,in_age_073,8
2010,다다4902,in_age_074,13
2010,다다4902,in_age_075,13
2010,다다4902,in_age_076,8
2010,다다4902,in_age_077,13
2010,다다4902,in_age_078,5
2010,다다4902,in_age_079,5
2010,다다4902,in_age_080,5
2010,다다4902,to_in_001,322
2010,다다4902,to_in_007,148
2010,다다4902,to_in_008,177
2010,다다4903,in_age_001,5
2010,다다4903,in_age_002,5
2010,다다4903,in_age_003,8
2010,다다4903,in_age_004,8
2010,다다4903,in_age_005,5
2010,다다4903,in_age_006,5
2010,다다4903,in_age_007,8
2010,다다4903,in_age_008,8
2010,다다4903,in_age_009,8
2010,다다4903,in_age_010,5
2010,다다4903,in_age_011,13
2010,다다4903,in_age_012,8
2010,다다4903,in_age_013,8
2010,다다4903,in_age_014,8
2010,다다4903,in_age_015,8
2010,다다4903,in_age_016,8
2010,다다4903,in_age_017,5
2010,다다4903,in_age_020,0
2010,다다4903,in_age_031,5
2010,다다4903,in_age_032,5
2010,다다4903,in_age_033,5
2010,다다4903,in_age_034,5
2010,다다4903,in_age_035,5
2010,다다4903,in_age_036,5
2010,다다4903,in_age_037,8
2010,다다4903,in_age_038,8
2010,다다4903,in_age_039,8
2010,다다4903,in_age_040,0
2010,다다4903,in_age_041,8
2010,다다4903,in_age_042,8
2010,다다4903,in_age_043,5
2010,다다4903,in_age_044,5
2010,다다4903,in_age_045,0
2010,다다4903,in_age_046,8
2010,다다4903,in_age_061,5
2010,다다4903,in_age_062,0
2010,다다4903,in_age_063,5
2010,다다4903,in_age_064,5
2010,다다4903,in_age_065,5
2010,다다4903,in_age_067,0
2010,다다4903,in_age_068,5
2010,다다4903,in_age_069,5
2010,다다4903,in_age_070,5
2010,다다4903,in_age_071,5
2010,다다4903,in_age_072,5
2010,다다4903,in_age_073,5
2010,다다4903,in_age_074,5
2010,다다4903,in_age_075,8
2010,다다4903,in_age_076,8
2010,다다4903,in_age_077,5
2010,다다4903,in_age_080,0
2010,다다4903,to_in_001,103
2010,다다4903,to_in_007,53
2010,다다4903,to_in_008,53
2010,다다4998,in_age_001,0
2010,다다4998,in_age_002,5
2010,다다4998,in_age_006,8
2010,다다4998,in_age_008,0
2010,다다4998,in_age_009,0
2010,다다4998,in_age_010,5
2010,다다4998,in_age_011,0
2010,다다4998,in_age_012,0
2010,다다4998,in_age_013,5
2010,다다4998,in_age_016,0
2010,다다4998,in_age_032,5
2010,다다4998,in_age_036,5
2010,다다4998,in_age_039,0
2010,다다4998,in_age_040,0
2010,다다4998,in_age_041,0
2010,다다4998,in_age_043,5
2010,다다4998,in_age_061,0
2010,다다4998,in_age_066,5
2010,다다4998,in_age_068,0
2010,다다4998,in_age_070,5
2010,다다4998,in_age_072,0
2010,다다4998,in_age_076,0
2010,다다4998,to_in_001,13
2010,다다4998,to_in_007,8
2010,다다4998,to_in_008,8
2010,다다5000,in_age_001,5
2010,다다5000,in_age_002,5
2010,다다5000,in_age_005,0
2010,다다5000,in_age_008,8
2010,다다5000,in_age_009,0
2010,다다5000,in_age_010,5
2010,다다5000,in_age_011,8
2010,다다5000,in_age_032,5
2010,다다5000,in_age_035,0
2010,다다5000,in_age_038,5
2010,다다5000,in_age_039,0
2010,다다5000,in_age_040,0
2010,다다5000,in_age_041,5
2010,다다5000,in_age_061,5
2010,다다5000,in_age_068,5
2010,다다5000,in_age_070,0
2010,다다5000,in_age_071,5
2010,다다5000,to_in_001,13
2010,다다5000,to_in_007,8
2010,다다5000,to_in_008,8
2010,다다5001,in_age_001,8
2010,다다5001,in_age_002,18
2010,다다5001,in_age_003,13
2010,다다5001,in_age_004,5
2010,다다5001,in_age_005,5
2010,다다5001,in_age_006,5
2010,다다5001,in_age_007,8
2010,다다5001,in_age_008,8
2010,다다5001,in_age_009,8
2010,다다5001,in_age_010,8
2010,다다5001,in_age_011,8
2010,다다5001,in_age_012,5
2010,다다5001,in_age_013,18
2010,다다5001,in_age_014,13
2010,다다5001,in_age_015,18
2010,다다5001,in_age_016,13
2010,다다5001,in_age_017,5
2010,다다5001,in_age_018,0
2010,다다5001,in_age_019,0
2010,다다5001,in_age_031,5
2010,다다5001,in_age_032,8
2010,다다5001,in_age_033,5
2010,다다5001,in_age_034,0
2010,다다5001,in_age_035,0
2010,다다5001,in_age_036,5
2010,다다5001,in_age_037,8
2010,다다5001,in_age_038,5
2010,다다5001,in_age_039,8
2010,다다5001,in_age_040,8
2010,다다5001,in_age_041,5
2010,다다5001,in_age_042,5
2010,다다5001,in_age_043,8
2010,다다5001,in_age_044,5
2010,다다5001,in_age_045,8
2010,다다5001,in_age_046,5
2010,다다5001,in_age_047,0
2010,다다5001,in_age_061,8
2010,다다5001,in_age_062,8
2010,다다5001,in_age_063,8
2010,다다5001,in_age_064,5
2010,다다5001,in_age_065,5
2010,다다5001,in_age_066,0
2010,다다5001,in_age_067,5
2010,다다5001,in_age_068,5
2010,다다5001,in_age_069,5
2010,다다5001,in_age_070,0
2010,다다5001,in_age_071,5
2010,다다5001,in_age_072,0
2010,다다5001,in_age_073,13
2010,다다5001,in_age_074,8
2010,다다5001,in_age_075,13
2010,다다5001,in_age_076,8
2010,다다5001,in_age_077,5
2010,다다5001,in_age_078,0
2010,다다5001,in_age_079,0
2010,다다5001,to_in_001,158
2010,다다5001,to_in_007,68
2010,다다5001,to_in_008,88
2010,다다5002,in_age_001,5
2010,다다5002,in_age_002,8
2010,다다5002,in_age_003,5
2010,다다5002,in_age_004,8
2010,다다5002,in_age_005,5
2010,다다5002,in_age_006,8
2010,다다5002,in_age_007,5
2010,다다5002,in_age_008,5
2010,다다5002,in_age_009,13
2010,다다5002,in_age_010,8
2010,다다5002,in_age_011,8
2010,다다5002,in_age_012,13
2010,다다5002,in_age_013,13
2010,다다5002,in_age_014,8
2010,다다5002,in_age_015,13
2010,다다5002,in_age_016,8
2010,다다5002,in_age_017,13
2010,다다5002,in_age_018,0
2010,다다5002,in_age_019,5
2010,다다5002,in_age_031,5
2010,다다5002,in_age_032,0
2010,다다5002,in_age_033,5
2010,다다5002,in_age_034,5
2010,다다5002,in_age_035,0
2010,다다5002,in_age_036,5
2010,다다5002,in_age_037,5
2010,다다5002,in_age_038,5
2010,다다5002,in_age_039,8
2010,다다5002,in_age_040,8
2010,다다5002,in_age_041,5
2010,다다5002,in_age_042,8
2010,다다5002,in_age_043,8
2010,다다5002,in_age_044,5
2010,다다5002,in_age_045,8
2010,다다5002,in_age_046,5
2010,다다5002,in_age_047,8
2010,다다5002,in_age_062,8
2010,다다5002,in_age_063,5
2010,다다5002,in_age_064,0
2010,다다5002,in_age_065,0
2010,다다5002,in_age_066,5
2010,다다5002,in_age_068,5
2010,다다5002,in_age_069,5
2010,다다5002,in_age_070,5
2010,다다5002,in_age_071,8
2010,다다5002,in_age_072,8
2010,다다5002,in_age_073,5
2010,다다5002,in_age_074,8
2010,다다5002,in_age_075,13
2010,다다5002,in_age_076,8
2010,다다5002,in_age_077,8
2010,다다5002,in_age_078,0
2010,다다5002,in_age_079,5
2010,다다5002,to_in_001,148
2010,다다5002,to_in_007,68
2010,다다5002,to_in_008,78
2010,다다5091,in_age_002,5
2010,다다5091,in_age_003,0
2010,다다5091,in_age_006,5
2010,다다5091,in_age_009,5
2010,다다5091,in_age_010,5
2010,다다5091,in_age_011,8
2010,다다5091,in_age_012,5
2010,다다5091,in_age_013,8
2010,다다5091,in_age_014,13
2010,다다5091,in_age_015,13
2010,다다5091,in_age_016,5
2010,다다5091,in_age_017,5
2010,다다5091,in_age_018,5
2010,다다5091,in_age_032,5
2010,다다5091,in_age_033,0
2010,다다5091,in_age_036,5
2010,다다5091,in_age_039,5
2010,다다5091,in_age_041,8
2010,다다5091,in_age_042,0
2010,다다5091,in_age_043,5
2010,다다5091,in_age_044,8
2010,다다5091,in_age_045,8
2010,다다5091,in_age_046,0
2010,다다5091,in_age_047,5
2010,다다5091,in_age_048,0
2010,다다5091,in_age_062,0
2010,다다5091,in_age_069,0
2010,다다5091,in_age_070,5
2010,다다5091,in_age_071,0
2010,다다5091,in_age_072,5
2010,다다5091,in_age_073,5
2010,다다5091,in_age_074,8
2010,다다5091,in_age_075,8
2010,다다5091,in_age_076,5
2010,다다5091,in_age_077,0
2010,다다5091,in_age_078,0
2010,다다5091,to_in_001,58
2010,다다5091,to_in_007,28
2010,다다5091,to_in_008,33
2010,다다5092,in_age_001,5
2010,다다5092,in_age_002,5
2010,다다5092,in_age_003,5
2010,다다5092,in_age_004,0
2010,다다5092,in_age_006,0
2010,다다5092,in_age_007,5
2010,다다5092,in_age_009,0
2010,다다5092,in_age_010,0
2010,다다5092,in_age_011,5
2010,다다5092,in_age_012,8
2010,다다5092,in_age_013,5
2010,다다5092,in_age_014,8
2010,다다5092,in_age_015,5
2010,다다5092,in_age_016,5
2010,다다5092,in_age_017,5
2010,다다5092,in_age_018,5
2010,다다5092,in_age_031,5
2010,다다5092,in_age_033,0
2010,다다5092,in_age_036,0
2010,다다5092,in_age_037,5
2010,다다5092,in_age_041,0
2010,다다5092,in_age_042,8
2010,다다5092,in_age_043,5
2010,다다5092,in_age_044,5
2010,다다5092,in_age_045,5
2010,다다5092,in_age_047,0
2010,다다5092,in_age_048,0
2010,다다5092,in_age_062,5
2010,다다5092,in_age_063,0
2010,다다5092,in_age_064,0
2010,다다5092,in_age_067,5
2010,다다5092,in_age_069,0
2010,다다5092,in_age_070,0
2010,다다5092,in_age_071,5
2010,다다5092,in_age_072,5
2010,다다5092,in_age_073,5
2010,다다5092,in_age_074,5
2010,다다5092,in_age_075,0
2010,다다5092,in_age_076,5
2010,다다5092,in_age_077,5
2010,다다5092,in_age_078,0
2010,다다5092,to_in_001,48
2010,다다5092,to_in_007,18
2010,다다5092,to_in_008,28
2010,다다5193,in_age_002,5
2010,다다5193,in_age_003,0
2010,다다5193,in_age_008,5
2010,다다5193,in_age_009,5
2010,다다5193,in_age_014,5
2010,다다5193,in_age_015,5
2010,다다5193,in_age_016,0
2010,다다5193,in_age_032,5
2010,다다5193,in_age_039,5
2010,다다5193,in_age_044,0
2010,다다5193,in_age_045,5
2010,다다5193,in_age_062,0
2010,다다5193,in_age_063,0
2010,다다5193,in_age_068,5
2010,다다5193,in_age_074,5
2010,다다5193,in_age_075,0
2010,다다5193,in_age_076,0
2010,다다5193,to_in_001,18
2010,다다5193,to_in_007,8
2010,다다5193,to_in_008,8
2010,다다5290,in_age_002,5
2010,다다5290,in_age_003,5
2010,다다5290,in_age_007,0
2010,다다5290,in_age_008,5
2010,다다5290,in_age_009,5
2010,다다5290,in_age_010,8
2010,다다5290,in_age_011,5
2010,다다5290,in_age_012,5
2010,다다5290,in_age_013,8
2010,다다5290,in_age_014,8
2010,다다5290,in_age_015,13
2010,다다5290,in_age_016,8
2010,다다5290,in_age_017,5
2010,다다5290,in_age_032,5
2010,다다5290,in_age_033,0
2010,다다5290,in_age_037,0
2010,다다5290,in_age_038,5
2010,다다5290,in_age_039,5
2010,다다5290,in_age_040,5
2010,다다5290,in_age_041,5
2010,다다5290,in_age_043,5
2010,다다5290,in_age_044,5
2010,다다5290,in_age_045,8
2010,다다5290,in_age_046,5
2010,다다5290,in_age_047,5
2010,다다5290,in_age_063,0
2010,다다5290,in_age_068,0
2010,다다5290,in_age_070,8
2010,다다5290,in_age_071,0
2010,다다5290,in_age_072,5
2010,다다5290,in_age_073,5
2010,다다5290,in_age_074,8
2010,다다5290,in_age_075,5
2010,다다5290,in_age_076,5
2010,다다5290,in_age_077,5
2010,다다5290,to_in_001,58
2010,다다5290,to_in_007,28
2010,다다5290,to_in_008,33
2010,다다5291,in_age_001,5
2010,다다5291,in_age_003,0
2010,다다5291,in_age_005,0
2010,다다5291,in_age_009,5
2010,다다5291,in_age_010,5
2010,다다5291,in_age_011,5
2010,다다5291,in_age_013,5
2010,다다5291,in_age_014,0
2010,다다5291,in_age_015,8
2010,다다5291,in_age_016,5
2010,다다5291,in_age_018,0
2010,다다5291,in_age_031,5
2010,다다5291,in_age_033,0
2010,다다5291,in_age_039,5
2010,다다5291,in_age_040,5
2010,다다5291,in_age_041,5
2010,다다5291,in_age_043,5
2010,다다5291,in_age_045,5
2010,다다5291,in_age_046,5
2010,다다5291,in_age_061,0
2010,다다5291,in_age_065,0
2010,다다5291,in_age_069,5
2010,다다5291,in_age_070,5
2010,다다5291,in_age_071,0
2010,다다5291,in_age_073,0
2010,다다5291,in_age_074,0
2010,다다5291,in_age_075,5
2010,다다5291,in_age_076,5
2010,다다5291,in_age_078,0
2010,다다5291,to_in_001,33
2010,다다5291,to_in_007,13
2010,다다5291,to_in_008,18
2010,다다5292,in_age_011,0
2010,다다5292,in_age_041,0
2010,다다5292,to_in_001,0
2010,다다5292,to_in_007,0
2010,다다5292,to_in_008,0
2010,다다5293,in_age_002,8
2010,다다5293,in_age_003,5
2010,다다5293,in_age_007,8
2010,다다5293,in_age_008,5
2010,다다5293,in_age_009,5
2010,다다5293,in_age_010,8
2010,다다5293,in_age_011,8
2010,다다5293,in_age_012,5
2010,다다5293,in_age_013,13
2010,다다5293,in_age_014,13
2010,다다5293,in_age_015,15
2010,다다5293,in_age_016,13
2010,다다5293,in_age_017,0
2010,다다5293,in_age_018,0
2010,다다5293,in_age_032,5
2010,다다5293,in_age_033,0
2010,다다5293,in_age_037,5
2010,다다5293,in_age_038,5
2010,다다5293,in_age_039,5
2010,다다5293,in_age_041,5
2010,다다5293,in_age_042,5
2010,다다5293,in_age_043,8
2010,다다5293,in_age_044,5
2010,다다5293,in_age_045,5
2010,다다5293,in_age_046,5
2010,다다5293,in_age_047,0
2010,다다5293,in_age_062,0
2010,다다5293,in_age_063,5
2010,다다5293,in_age_067,8
2010,다다5293,in_age_070,8
2010,다다5293,in_age_071,5
2010,다다5293,in_age_072,5
2010,다다5293,in_age_073,8
2010,다다5293,in_age_074,8
2010,다다5293,in_age_075,12
2010,다다5293,in_age_076,8
2010,다다5293,in_age_078,0
2010,다다5293,to_in_001,90
2010,다다5293,to_in_007,43
2010,다다5293,to_in_008,50
2010,다다5294,in_age_011,0
2010,다다5294,in_age_013,5
2010,다다5294,in_age_015,0
2010,다다5294,in_age_041,0
2010,다다5294,in_age_043,0
2010,다다5294,in_age_073,0
2010,다다5294,in_age_075,0
2010,다다5294,to_in_001,5
2010,다다5294,to_in_007,5
2010,다다5294,to_in_008,5
2010,다다5390,in_age_002,0
2010,다다5390,in_age_008,0
2010,다다5390,in_age_009,5
2010,다다5390,in_age_010,5
2010,다다5390,in_age_011,0
2010,다다5390,in_age_014,8
2010,다다5390,in_age_016,5
2010,다다5390,in_age_017,0
2010,다다5390,in_age_032,0
2010,다다5390,in_age_038,0
2010,다다5390,in_age_039,0
2010,다다5390,in_age_040,5
2010,다다5390,in_age_044,5
2010,다다5390,in_age_047,0
2010,다다5390,in_age_069,5
2010,다다5390,in_age_070,0
2010,다다5390,in_age_071,0
2010,다다5390,in_age_074,5
2010,다다5390,in_age_076,5
2010,다다5390,to_in_001,18
2010,다다5390,to_in_007,8
2010,다다5390,to_in_008,8
2010,다다5391,in_age_001,0
2010,다다5391,in_age_002,0
2010,다다5391,in_age_003,5
2010,다다5391,in_age_005,5
2010,다다5391,in_age_008,0
2010,다다5391,in_age_009,8
2010,다다5391,in_age_010,0
2010,다다5391,in_age_011,8
2010,다다5391,in_age_012,8
2010,다다5391,in_age_013,5
2010,다다5391,in_age_014,5
2010,다다5391,in_age_015,8
2010,다다5391,in_age_016,8
2010,다다5391,in_age_018,5
2010,다다5391,in_age_019,5
2010,다다5391,in_age_031,0
2010,다다5391,in_age_033,0
2010,다다5391,in_age_035,5
2010,다다5391,in_age_038,0
2010,다다5391,in_age_039,8
2010,다다5391,in_age_040,0
2010,다다5391,in_age_041,5
2010,다다5391,in_age_042,5
2010,다다5391,in_age_043,5
2010,다다5391,in_age_045,5
2010,다다5391,in_age_046,5
2010,다다5391,in_age_049,0
2010,다다5391,in_age_062,0
2010,다다5391,in_age_063,5
2010,다다5391,in_age_071,8
2010,다다5391,in_age_072,5
2010,다다5391,in_age_073,0
2010,다다5391,in_age_074,5
2010,다다5391,in_age_075,5
2010,다다5391,in_age_076,5
2010,다다5391,in_age_078,5
2010,다다5391,in_age_079,0
2010,다다5391,to_in_001,48
2010,다다5391,to_in_007,23
2010,다다5391,to_in_008,28
2010,다다5393,in_age_001,5
2010,다다5393,in_age_002,5
2010,다다5393,in_age_003,13
2010,다다5393,in_age_004,0
2010,다다5393,in_age_005,8
2010,다다5393,in_age_006,13
2010,다다5393,in_age_007,13
2010,다다5393,in_age_008,8
2010,다다5393,in_age_009,18
2010,다다5393,in_age_010,28
2010,다다5393,in_age_011,18
2010,다다5393,in_age_012,28
2010,다다5393,in_age_013,29
2010,다다5393,in_age_014,13
2010,다다5393,in_age_015,23
2010,다다5393,in_age_016,18
2010,다다5393,in_age_017,13
2010,다다5393,in_age_018,5
2010,다다5393,in_age_019,5
2010,다다5393,in_age_031,5
2010,다다5393,in_age_033,8
2010,다다5393,in_age_035,5
2010,다다5393,in_age_036,8
2010,다다5393,in_age_037,8
2010,다다5393,in_age_038,8
2010,다다5393,in_age_039,8
2010,다다5393,in_age_040,13
2010,다다5393,in_age_041,8
2010,다다5393,in_age_042,13
2010,다다5393,in_age_043,19
2010,다다5393,in_age_044,8
2010,다다5393,in_age_045,8
2010,다다5393,in_age_046,8
2010,다다5393,in_age_047,8
2010,다다5393,in_age_048,0
2010,다다5393,in_age_061,0
2010,다다5393,in_age_062,5
2010,다다5393,in_age_063,8
2010,다다5393,in_age_064,0
2010,다다5393,in_age_065,0
2010,다다5393,in_age_066,5
2010,다다5393,in_age_067,5
2010,다다5393,in_age_068,5
2010,다다5393,in_age_069,8
2010,다다5393,in_age_070,13
2010,다다5393,in_age_071,8
2010,다다5393,in_age_072,18
2010,다다5393,in_age_073,13
2010,다다5393,in_age_074,8
2010,다다5393,in_age_075,18
2010,다다5393,in_age_076,8
2010,다다5393,in_age_077,13
2010,다다5393,in_age_078,0
2010,다다5393,in_age_079,5
2010,다다5393,to_in_001,254
2010,다다5393,to_in_007,124
2010,다다5393,to_in_008,128
2010,다다5395,in_age_001,0
2010,다다5395,in_age_002,0
2010,다다5395,in_age_007,5
2010,다다5395,in_age_010,5
2010,다다5395,in_age_011,5
2010,다다5395,in_age_012,5
2010,다다5395,in_age_013,0
2010,다다5395,in_age_017,0
2010,다다5395,in_age_037,0
2010,다다5395,in_age_040,0
2010,다다5395,in_age_041,0
2010,다다5395,in_age_042,0
2010,다다5395,in_age_043,0
2010,다다5395,in_age_061,0
2010,다다5395,in_age_062,0
2010,다다5395,in_age_067,0
2010,다다5395,in_age_070,0
2010,다다5395,in_age_071,5
2010,다다5395,in_age_072,5
2010,다다5395,in_age_077,0
2010,다다5395,to_in_001,18
2010,다다5395,to_in_007,8
2010,다다5395,to_in_008,8
2010,다다5396,in_age_001,5
2010,다다5396,in_age_002,5
2010,다다5396,in_age_003,5
2010,다다5396,in_age_004,5
2010,다다5396,in_age_005,5
2010,다다5396,in_age_006,5
2010,다다5396,in_age_007,5
2010,다다5396,in_age_008,5
2010,다다5396,in_age_009,5
2010,다다5396,in_age_010,8
2010,다다5396,in_age_011,13
2010,다다5396,in_age_012,13
2010,다다5396,in_age_013,13
2010,다다5396,in_age_014,13
2010,다다5396,in_age_015,13
2010,다다5396,in_age_016,13
2010,다다5396,in_age_017,5
2010,다다5396,in_age_018,5
2010,다다5396,in_age_031,0
2010,다다5396,in_age_032,0
2010,다다5396,in_age_033,5
2010,다다5396,in_age_034,5
2010,다다5396,in_age_035,5
2010,다다5396,in_age_036,0
2010,다다5396,in_age_037,0
2010,다다5396,in_age_038,5
2010,다다5396,in_age_039,5
2010,다다5396,in_age_040,5
2010,다다5396,in_age_041,8
2010,다다5396,in_age_042,8
2010,다다5396,in_age_043,8
2010,다다5396,in_age_044,5
2010,다다5396,in_age_045,5
2010,다다5396,in_age_046,8
2010,다다5396,in_age_048,5
2010,다다5396,in_age_061,0
2010,다다5396,in_age_062,0
2010,다다5396,in_age_063,0
2010,다다5396,in_age_064,0
2010,다다5396,in_age_065,5
2010,다다5396,in_age_066,0
2010,다다5396,in_age_067,5
2010,다다5396,in_age_068,0
2010,다다5396,in_age_069,5
2010,다다5396,in_age_070,5
2010,다다5396,in_age_071,5
2010,다다5396,in_age_072,8
2010,다다5396,in_age_073,8
2010,다다5396,in_age_074,8
2010,다다5396,in_age_075,8
2010,다다5396,in_age_076,8
2010,다다5396,in_age_077,5
2010,다다5396,in_age_078,5
2010,다다5396,to_in_001,123
2010,다다5396,to_in_007,53
2010,다다5396,to_in_008,68
2010,다다5480,in_age_015,0
2010,다다5480,in_age_075,0
2010,다다5480,to_in_001,0
2010,다다5480,to_in_007,0
2010,다다5480,to_in_008,0
2010,다다5481,in_age_011,0
2010,다다5481,in_age_012,0
2010,다다5481,in_age_013,0
2010,다다5481,in_age_014,5
2010,다다5481,in_age_015,0
2010,다다5481,in_age_016,5
2010,다다5481,in_age_017,0
2010,다다5481,in_age_041,0
2010,다다5481,in_age_042,0
2010,다다5481,in_age_045,0
2010,다다5481,in_age_046,0
2010,다다5481,in_age_073,0
2010,다다5481,in_age_074,5
2010,다다5481,in_age_076,0
2010,다다5481,in_age_077,0
2010,다다5481,to_in_001,8
2010,다다5481,to_in_007,5
2010,다다5481,to_in_008,5
2010,다다5493,in_age_008,0
2010,다다5493,in_age_038,0
2010,다다5493,to_in_001,0
2010,다다5493,to_in_007,0
2010,다다5493,to_in_008,0
2010,다다5495,in_age_011,8
2010,다다5495,in_age_012,0
2010,다다5495,in_age_018,5
2010,다다5495,in_age_041,0
2010,다다5495,in_age_042,0
2010,다다5495,in_age_071,8
2010,다다5495,in_age_078,5
2010,다다5495,to_in_001,8
2010,다다5495,to_in_007,5
2010,다다5495,to_in_008,8
2010,다다5496,in_age_002,0
2010,다다5496,in_age_004,5
2010,다다5496,in_age_006,5
2010,다다5496,in_age_008,0
2010,다다5496,in_age_010,8
2010,다다5496,in_age_011,5
2010,다다5496,in_age_012,5
2010,다다5496,in_age_013,5
2010,다다5496,in_age_014,5
2010,다다5496,in_age_015,0
2010,다다5496,in_age_016,5
2010,다다5496,in_age_017,0
2010,다다5496,in_age_032,0
2010,다다5496,in_age_034,5
2010,다다5496,in_age_040,8
2010,다다5496,in_age_041,5
2010,다다5496,in_age_042,0
2010,다다5496,in_age_043,5
2010,다다5496,in_age_044,5
2010,다다5496,in_age_066,5
2010,다다5496,in_age_068,0
2010,다다5496,in_age_070,5
2010,다다5496,in_age_071,0
2010,다다5496,in_age_072,5
2010,다다5496,in_age_073,0
2010,다다5496,in_age_074,5
2010,다다5496,in_age_075,0
2010,다다5496,in_age_076,5
2010,다다5496,in_age_077,0
2010,다다5496,to_in_001,38
2010,다다5496,to_in_007,18
2010,다다5496,to_in_008,18
2010,다다5497,in_age_006,0
2010,다다5497,in_age_009,0
2010,다다5497,in_age_012,5
2010,다다5497,in_age_013,5
2010,다다5497,in_age_036,0
2010,다다5497,in_age_039,0
2010,다다5497,in_age_042,0
2010,다다5497,in_age_043,5
2010,다다5497,in_age_072,0
2010,다다5497,to_in_001,5
2010,다다5497,to_in_007,5
2010,다다5497,to_in_008,0
2010,다다5581,in_age_008,0
2010,다다5581,in_age_012,0
2010,다다5581,in_age_014,0
2010,다다5581,in_age_038,0
2010,다다5581,in_age_044,0
2010,다다5581,in_age_072,0
2010,다다5581,to_in_001,5
2010,다다5581,to_in_007,5
2010,다다5581,to_in_008,0
2010,다다5583,in_age_008,5
2010,다다5583,in_age_010,0
2010,다다5583,in_age_012,0
2010,다다5583,in_age_013,5
2010,다다5583,in_age_016,5
2010,다다5583,in_age_038,5
2010,다다5583,in_age_040,0
2010,다다5583,in_age_043,5
2010,다다5583,in_age_046,0
2010,다다5583,in_age_072,0
2010,다다5583,in_age_076,0
2010,다다5583,to_in_001,8
2010,다다5583,to_in_007,5
2010,다다5583,to_in_008,5
2010,다다5584,in_age_003,5
2010,다다5584,in_age_007,5
2010,다다5584,in_age_008,5
2010,다다5584,in_age_009,5
2010,다다5584,in_age_010,8
2010,다다5584,in_age_011,13
2010,다다5584,in_age_012,13
2010,다다5584,in_age_013,13
2010,다다5584,in_age_014,18
2010,다다5584,in_age_015,8
2010,다다5584,in_age_016,8
2010,다다5584,in_age_017,8
2010,다다5584,in_age_018,5
2010,다다5584,in_age_033,5
2010,다다5584,in_age_037,5
2010,다다5584,in_age_038,5
2010,다다5584,in_age_039,0
2010,다다5584,in_age_040,5
2010,다다5584,in_age_041,8
2010,다다5584,in_age_042,5
2010,다다5584,in_age_043,8
2010,다다5584,in_age_044,8
2010,다다5584,in_age_045,5
2010,다다5584,in_age_046,5
2010,다다5584,in_age_048,5
2010,다다5584,in_age_063,0
2010,다다5584,in_age_068,5
2010,다다5584,in_age_069,5
2010,다다5584,in_age_070,5
2010,다다5584,in_age_071,8
2010,다다5584,in_age_072,8
2010,다다5584,in_age_073,5
2010,다다5584,in_age_074,13
2010,다다5584,in_age_075,5
2010,다다5584,in_age_076,5
2010,다다5584,in_age_077,8
2010,다다5584,in_age_078,0
2010,다다5584,to_in_001,98
2010,다다5584,to_in_007,43
2010,다다5584,to_in_008,53
2010,다다5592,in_age_010,0
2010,다다5592,in_age_011,0
2010,다다5592,in_age_012,0
2010,다다5592,in_age_013,0
2010,다다5592,in_age_015,0
2010,다다5592,in_age_041,0
2010,다다5592,in_age_043,0
2010,다다5592,in_age_070,0
2010,다다5592,in_age_072,0
2010,다다5592,in_age_075,0
2010,다다5592,to_in_001,8
2010,다다5592,to_in_007,5
2010,다다5592,to_in_008,5
2010,다다5593,in_age_010,5
2010,다다5593,in_age_040,0
2010,다다5593,in_age_070,0
2010,다다5593,to_in_001,5
2010,다다5593,to_in_007,0
2010,다다5593,to_in_008,0
2010,다다5595,in_age_001,8
2010,다다5595,in_age_002,8
2010,다다5595,in_age_003,13
2010,다다5595,in_age_004,13
2010,다다5595,in_age_006,5
2010,다다5595,in_age_007,5
2010,다다5595,in_age_008,18
2010,다다5595,in_age_009,13
2010,다다5595,in_age_010,18
2010,다다5595,in_age_011,23
2010,다다5595,in_age_012,18
2010,다다5595,in_age_013,28
2010,다다5595,in_age_014,18
2010,다다5595,in_age_015,18
2010,다다5595,in_age_016,8
2010,다다5595,in_age_017,8
2010,다다5595,in_age_018,5
2010,다다5595,in_age_031,0
2010,다다5595,in_age_032,8
2010,다다5595,in_age_033,8
2010,다다5595,in_age_034,5
2010,다다5595,in_age_036,5
2010,다다5595,in_age_037,5
2010,다다5595,in_age_038,13
2010,다다5595,in_age_039,8
2010,다다5595,in_age_040,13
2010,다다5595,in_age_041,13
2010,다다5595,in_age_042,8
2010,다다5595,in_age_043,18
2010,다다5595,in_age_044,13
2010,다다5595,in_age_045,8
2010,다다5595,in_age_046,5
2010,다다5595,in_age_047,5
2010,다다5595,in_age_061,8
2010,다다5595,in_age_062,5
2010,다다5595,in_age_063,8
2010,다다5595,in_age_064,8
2010,다다5595,in_age_066,5
2010,다다5595,in_age_067,5
2010,다다5595,in_age_068,5
2010,다다5595,in_age_069,8
2010,다다5595,in_age_070,8
2010,다다5595,in_age_071,13
2010,다다5595,in_age_072,13
2010,다다5595,in_age_073,13
2010,다다5595,in_age_074,8
2010,다다5595,in_age_075,13
2010,다다5595,in_age_076,5
2010,다다5595,in_age_077,5
2010,다다5595,in_age_078,5
2010,다다5595,to_in_001,228
2010,다다5595,to_in_007,113
2010,다다5595,to_in_008,113
2010,다다5596,in_age_001,8
2010,다다5596,in_age_002,8
2010,다다5596,in_age_003,8
2010,다다5596,in_age_004,8
2010,다다5596,in_age_005,0
2010,다다5596,in_age_006,5
2010,다다5596,in_age_007,8
2010,다다5596,in_age_008,8
2010,다다5596,in_age_009,13
2010,다다5596,in_age_010,18
2010,다다5596,in_age_011,23
2010,다다5596,in_age_012,28
2010,다다5596,in_age_013,38
2010,다다5596,in_age_014,33
2010,다다5596,in_age_015,28
2010,다다5596,in_age_016,31
2010,다다5596,in_age_017,13
2010,다다5596,in_age_018,8
2010,다다5596,in_age_031,5
2010,다다5596,in_age_032,8
2010,다다5596,in_age_033,5
2010,다다5596,in_age_034,5
2010,다다5596,in_age_035,0
2010,다다5596,in_age_036,5
2010,다다5596,in_age_037,5
2010,다다5596,in_age_038,8
2010,다다5596,in_age_039,5
2010,다다5596,in_age_040,8
2010,다다5596,in_age_041,13
2010,다다5596,in_age_042,13
2010,다다5596,in_age_043,23
2010,다다5596,in_age_044,13
2010,다다5596,in_age_045,8
2010,다다5596,in_age_046,8
2010,다다5596,in_age_047,5
2010,다다5596,in_age_048,5
2010,다다5596,in_age_061,8
2010,다다5596,in_age_063,5
2010,다다5596,in_age_064,5
2010,다다5596,in_age_066,0
2010,다다5596,in_age_067,5
2010,다다5596,in_age_068,5
2010,다다5596,in_age_069,8
2010,다다5596,in_age_070,8
2010,다다5596,in_age_071,13
2010,다다5596,in_age_072,18
2010,다다5596,in_age_073,18
2010,다다5596,in_age_074,18
2010,다다5596,in_age_075,18
2010,다다5596,in_age_076,26
2010,다다5596,in_age_077,8
2010,다다5596,in_age_078,5
2010,다다5596,to_in_001,286
2010,다다5596,to_in_007,128
2010,다다5596,to_in_008,156
2010,다다5695,in_age_001,8
2010,다다5695,in_age_002,8
2010,다다5695,in_age_003,33
2010,다다5695,in_age_004,23
2010,다다5695,in_age_005,8
2010,다다5695,in_age_006,8
2010,다다5695,in_age_007,8
2010,다다5695,in_age_008,18
2010,다다5695,in_age_009,33
2010,다다5695,in_age_010,43
2010,다다5695,in_age_011,39
2010,다다5695,in_age_012,28
2010,다다5695,in_age_013,33
2010,다다5695,in_age_014,33
2010,다다5695,in_age_015,33
2010,다다5695,in_age_016,28
2010,다다5695,in_age_017,13
2010,다다5695,in_age_018,8
2010,다다5695,in_age_019,0
2010,다다5695,in_age_020,0
2010,다다5695,in_age_031,5
2010,다다5695,in_age_032,8
2010,다다5695,in_age_033,18
2010,다다5695,in_age_034,13
2010,다다5695,in_age_035,5
2010,다다5695,in_age_036,8
2010,다다5695,in_age_037,5
2010,다다5695,in_age_038,8
2010,다다5695,in_age_039,18
2010,다다5695,in_age_040,28
2010,다다5695,in_age_041,18
2010,다다5695,in_age_042,13
2010,다다5695,in_age_043,13
2010,다다5695,in_age_044,13
2010,다다5695,in_age_045,13
2010,다다5695,in_age_046,13
2010,다다5695,in_age_047,5
2010,다다5695,in_age_048,5
2010,다다5695,in_age_050,0
2010,다다5695,in_age_061,5
2010,다다5695,in_age_062,5
2010,다다5695,in_age_063,18
2010,다다5695,in_age_064,13
2010,다다5695,in_age_065,5
2010,다다5695,in_age_066,5
2010,다다5695,in_age_067,8
2010,다다5695,in_age_068,8
2010,다다5695,in_age_069,18
2010,다다5695,in_age_070,13
2010,다다5695,in_age_071,19
2010,다다5695,in_age_072,13
2010,다다5695,in_age_073,18
2010,다다5695,in_age_074,18
2010,다다5695,in_age_075,18
2010,다다5695,in_age_076,13
2010,다다5695,in_age_077,8
2010,다다5695,in_age_078,5
2010,다다5695,in_age_079,0
2010,다다5695,to_in_001,399
2010,다다5695,to_in_007,203
2010,다다5695,to_in_008,199
2010,다다5696,in_age_001,8
2010,다다5696,in_age_002,8
2010,다다5696,in_age_003,8
2010,다다5696,in_age_004,8
2010,다다5696,in_age_005,5
2010,다다5696,in_age_006,5
2010,다다5696,in_age_007,8
2010,다다5696,in_age_008,8
2010,다다5696,in_age_009,8
2010,다다5696,in_age_010,18
2010,다다5696,in_age_011,34
2010,다다5696,in_age_012,38
2010,다다5696,in_age_013,23
2010,다다5696,in_age_014,28
2010,다다5696,in_age_015,33
2010,다다5696,in_age_016,23
2010,다다5696,in_age_017,18
2010,다다5696,in_age_018,8
2010,다다5696,in_age_019,0
2010,다다5696,in_age_020,0
2010,다다5696,in_age_031,5
2010,다다5696,in_age_032,5
2010,다다5696,in_age_033,5
2010,다다5696,in_age_034,5
2010,다다5696,in_age_035,0
2010,다다5696,in_age_036,5
2010,다다5696,in_age_037,5
2010,다다5696,in_age_038,8
2010,다다5696,in_age_039,8
2010,다다5696,in_age_040,8
2010,다다5696,in_age_041,13
2010,다다5696,in_age_042,23
2010,다다5696,in_age_043,13
2010,다다5696,in_age_044,18
2010,다다5696,in_age_045,13
2010,다다5696,in_age_046,8
2010,다다5696,in_age_047,8
2010,다다5696,in_age_048,5
2010,다다5696,in_age_049,0
2010,다다5696,in_age_050,0
2010,다다5696,in_age_061,0
2010,다다5696,in_age_062,5
2010,다다5696,in_age_063,5
2010,다다5696,in_age_064,5
2010,다다5696,in_age_065,0
2010,다다5696,in_age_066,5
2010,다다5696,in_age_067,5
2010,다다5696,in_age_068,5
2010,다다5696,in_age_069,0
2010,다다5696,in_age_070,13
2010,다다5696,in_age_071,24
2010,다다5696,in_age_072,13
2010,다다5696,in_age_073,13
2010,다다5696,in_age_074,13
2010,다다5696,in_age_075,18
2010,다다5696,in_age_076,18
2010,다다5696,in_age_077,13
2010,다다5696,in_age_078,5
2010,다다5696,to_in_001,279
2010,다다5696,to_in_007,133
2010,다다5696,to_in_008,144
2010,다다5792,in_age_006,5
2010,다다5792,in_age_011,0
2010,다다5792,in_age_012,0
2010,다다5792,in_age_036,5
2010,다다5792,in_age_042,0
2010,다다5792,in_age_071,0
2010,다다5792,to_in_001,5
2010,다다5792,to_in_007,5
2010,다다5792,to_in_008,0
2010,다다5793,in_age_010,0
2010,다다5793,in_age_011,0
2010,다다5793,in_age_041,0
2010,다다5793,in_age_070,0
2010,다다5793,to_in_001,5
2010,다다5793,to_in_007,0
2010,다다5793,to_in_008,0
2010,다다5794,in_age_001,5
2010,다다5794,in_age_002,13
2010,다다5794,in_age_003,8
2010,다다5794,in_age_004,8
2010,다다5794,in_age_005,0
2010,다다5794,in_age_006,5
2010,다다5794,in_age_007,8
2010,다다5794,in_age_008,8
2010,다다5794,in_age_009,8
2010,다다5794,in_age_010,18
2010,다다5794,in_age_011,8
2010,다다5794,in_age_012,13
2010,다다5794,in_age_013,8
2010,다다5794,in_age_014,18
2010,다다5794,in_age_015,23
2010,다다5794,in_age_016,18
2010,다다5794,in_age_017,13
2010,다다5794,in_age_018,5
2010,다다5794,in_age_019,5
2010,다다5794,in_age_031,5
2010,다다5794,in_age_032,5
2010,다다5794,in_age_033,8
2010,다다5794,in_age_034,5
2010,다다5794,in_age_035,0
2010,다다5794,in_age_036,5
2010,다다5794,in_age_037,8
2010,다다5794,in_age_038,5
2010,다다5794,in_age_039,5
2010,다다5794,in_age_040,8
2010,다다5794,in_age_041,8
2010,다다5794,in_age_042,8
2010,다다5794,in_age_043,5
2010,다다5794,in_age_044,8
2010,다다5794,in_age_045,8
2010,다다5794,in_age_046,8
2010,다다5794,in_age_047,5
2010,다다5794,in_age_048,5
2010,다다5794,in_age_061,0
2010,다다5794,in_age_062,8
2010,다다5794,in_age_063,8
2010,다다5794,in_age_064,5
2010,다다5794,in_age_067,5
2010,다다5794,in_age_068,5
2010,다다5794,in_age_069,8
2010,다다5794,in_age_070,8
2010,다다5794,in_age_071,5
2010,다다5794,in_age_072,5
2010,다다5794,in_age_073,8
2010,다다5794,in_age_074,13
2010,다다5794,in_age_075,13
2010,다다5794,in_age_076,8
2010,다다5794,in_age_077,13
2010,다다5794,in_age_078,5
2010,다다5794,in_age_079,5
2010,다다5794,to_in_001,183
2010,다다5794,to_in_007,83
2010,다다5794,to_in_008,98
2010,다다5795,in_age_001,18
2010,다다5795,in_age_002,18
2010,다다5795,in_age_003,8
2010,다다5795,in_age_004,0
2010,다다5795,in_age_005,5
2010,다다5795,in_age_006,18
2010,다다5795,in_age_007,18
2010,다다5795,in_age_008,8
2010,다다5795,in_age_009,13
2010,다다5795,in_age_010,13
2010,다다5795,in_age_011,23
2010,다다5795,in_age_012,23
2010,다다5795,in_age_013,18
2010,다다5795,in_age_014,18
2010,다다5795,in_age_015,28
2010,다다5795,in_age_016,28
2010,다다5795,in_age_017,13
2010,다다5795,in_age_018,5
2010,다다5795,in_age_031,8
2010,다다5795,in_age_032,8
2010,다다5795,in_age_033,8
2010,다다5795,in_age_036,13
2010,다다5795,in_age_037,8
2010,다다5795,in_age_038,8
2010,다다5795,in_age_039,8
2010,다다5795,in_age_040,8
2010,다다5795,in_age_041,8
2010,다다5795,in_age_042,8
2010,다다5795,in_age_043,8
2010,다다5795,in_age_044,8
2010,다다5795,in_age_045,8
2010,다다5795,in_age_046,18
2010,다다5795,in_age_047,5
2010,다다5795,in_age_061,8
2010,다다5795,in_age_062,8
2010,다다5795,in_age_063,5
2010,다다5795,in_age_064,0
2010,다다5795,in_age_065,5
2010,다다5795,in_age_066,8
2010,다다5795,in_age_067,8
2010,다다5795,in_age_068,5
2010,다다5795,in_age_069,5
2010,다다5795,in_age_070,8
2010,다다5795,in_age_071,13
2010,다다5795,in_age_072,13
2010,다다5795,in_age_073,8
2010,다다5795,in_age_074,13
2010,다다5795,in_age_075,18
2010,다다5795,in_age_076,13
2010,다다5795,in_age_077,8
2010,다다5795,in_age_078,5
2010,다다5795,to_in_001,273
2010,다다5795,to_in_007,128
2010,다다5795,to_in_008,143
2010,다다5796,in_age_001,0
2010,다다5796,in_age_005,0
2010,다다5796,in_age_006,5
2010,다다5796,in_age_008,5
2010,다다5796,in_age_010,5
2010,다다5796,in_age_011,5
2010,다다5796,in_age_012,5
2010,다다5796,in_age_013,8
2010,다다5796,in_age_014,5
2010,다다5796,in_age_015,8
2010,다다5796,in_age_016,5
2010,다다5796,in_age_017,0
2010,다다5796,in_age_018,0
2010,다다5796,in_age_031,0
2010,다다5796,in_age_036,5
2010,다다5796,in_age_038,5
2010,다다5796,in_age_041,5
2010,다다5796,in_age_043,5
2010,다다5796,in_age_044,5
2010,다다5796,in_age_045,5
2010,다다5796,in_age_046,5
2010,다다5796,in_age_065,0
2010,다다5796,in_age_070,5
2010,다다5796,in_age_071,0
2010,다다5796,in_age_072,5
2010,다다5796,in_age_073,8
2010,다다5796,in_age_075,5
2010,다다5796,in_age_076,0
2010,다다5796,in_age_077,0
2010,다다5796,in_age_078,0
2010,다다5796,to_in_001,28
2010,다다5796,to_in_007,13
2010,다다5796,to_in_008,18
2010,다다5797,in_age_003,5
2010,다다5797,in_age_009,0
2010,다다5797,in_age_010,0
2010,다다5797,in_age_013,0
2010,다다5797,in_age_014,0
2010,다다5797,in_age_015,5
2010,다다5797,in_age_016,0
2010,다다5797,in_age_033,0
2010,다다5797,in_age_040,0
2010,다다5797,in_age_044,0
2010,다다5797,in_age_046,0
2010,다다5797,in_age_063,0
2010,다다5797,in_age_069,0
2010,다다5797,in_age_073,0
2010,다다5797,in_age_075,5
2010,다다5797,to_in_001,8
2010,다다5797,to_in_007,5
2010,다다5797,to_in_008,5
2010,다다5892,in_age_001,8
2010,다다5892,in_age_002,5
2010,다다5892,in_age_003,13
2010,다다5892,in_age_004,8
2010,다다5892,in_age_005,0
2010,다다5892,in_age_006,5
2010,다다5892,in_age_007,5
2010,다다5892,in_age_008,8
2010,다다5892,in_age_009,13
2010,다다5892,in_age_010,18
2010,다다5892,in_age_011,33
2010,다다5892,in_age_012,28
2010,다다5892,in_age_013,38
2010,다다5892,in_age_014,33
2010,다다5892,in_age_015,39
2010,다다5892,in_age_016,36
2010,다다5892,in_age_017,13
2010,다다5892,in_age_018,13
2010,다다5892,in_age_019,0
2010,다다5892,in_age_031,5
2010,다다5892,in_age_032,5
2010,다다5892,in_age_033,8
2010,다다5892,in_age_034,5
2010,다다5892,in_age_035,0
2010,다다5892,in_age_036,5
2010,다다5892,in_age_037,5
2010,다다5892,in_age_038,5
2010,다다5892,in_age_039,8
2010,다다5892,in_age_040,13
2010,다다5892,in_age_041,13
2010,다다5892,in_age_042,13
2010,다다5892,in_age_043,18
2010,다다5892,in_age_044,13
2010,다다5892,in_age_045,13
2010,다다5892,in_age_046,13
2010,다다5892,in_age_047,5
2010,다다5892,in_age_048,0
2010,다다5892,in_age_061,8
2010,다다5892,in_age_062,5
2010,다다5892,in_age_063,8
2010,다다5892,in_age_064,5
2010,다다5892,in_age_066,0
2010,다다5892,in_age_067,0
2010,다다5892,in_age_068,5
2010,다다5892,in_age_069,8
2010,다다5892,in_age_070,8
2010,다다5892,in_age_071,18
2010,다다5892,in_age_072,18
2010,다다5892,in_age_073,23
2010,다다5892,in_age_074,18
2010,다다5892,in_age_075,24
2010,다다5892,in_age_076,26
2010,다다5892,in_age_077,8
2010,다다5892,in_age_078,13
2010,다다5892,in_age_079,0
2010,다다5892,to_in_001,312
2010,다다5892,to_in_007,133
2010,다다5892,to_in_008,182
2010,다다5894,in_age_001,5
2010,다다5894,in_age_002,8
2010,다다5894,in_age_003,13
2010,다다5894,in_age_004,8
2010,다다5894,in_age_005,5
2010,다다5894,in_age_006,5
2010,다다5894,in_age_007,5
2010,다다5894,in_age_008,8
2010,다다5894,in_age_009,8
2010,다다5894,in_age_010,13
2010,다다5894,in_age_011,18
2010,다다5894,in_age_012,28
2010,다다5894,in_age_013,18
2010,다다5894,in_age_014,33
2010,다다5894,in_age_015,38
2010,다다5894,in_age_016,23
2010,다다5894,in_age_017,13
2010,다다5894,in_age_018,13
2010,다다5894,in_age_019,5
2010,다다5894,in_age_031,5
2010,다다5894,in_age_032,8
2010,다다5894,in_age_033,8
2010,다다5894,in_age_034,8
2010,다다5894,in_age_036,5
2010,다다5894,in_age_037,0
2010,다다5894,in_age_038,5
2010,다다5894,in_age_039,8
2010,다다5894,in_age_040,8
2010,다다5894,in_age_041,8
2010,다다5894,in_age_042,13
2010,다다5894,in_age_043,8
2010,다다5894,in_age_044,13
2010,다다5894,in_age_045,18
2010,다다5894,in_age_046,8
2010,다다5894,in_age_047,8
2010,다다5894,in_age_048,5
2010,다다5894,in_age_061,0
2010,다다5894,in_age_062,5
2010,다다5894,in_age_063,8
2010,다다5894,in_age_064,5
2010,다다5894,in_age_065,5
2010,다다5894,in_age_067,5
2010,다다5894,in_age_068,5
2010,다다5894,in_age_069,5
2010,다다5894,in_age_070,5
2010,다다5894,in_age_071,8
2010,다다5894,in_age_072,13
2010,다다5894,in_age_073,13
2010,다다5894,in_age_074,18
2010,다다5894,in_age_075,23
2010,다다5894,in_age_076,13
2010,다다5894,in_age_077,8
2010,다다5894,in_age_078,8
2010,다다5894,in_age_079,5
2010,다다5894,to_in_001,248
2010,다다5894,to_in_007,108
2010,다다5894,to_in_008,138
2010,다다5895,in_age_003,0
2010,다다5895,in_age_004,0
2010,다다5895,in_age_008,0
2010,다다5895,in_age_009,0
2010,다다5895,in_age_014,0
2010,다다5895,in_age_015,5
2010,다다5895,in_age_018,0
2010,다다5895,in_age_034,0
2010,다다5895,in_age_038,0
2010,다다5895,in_age_045,5
2010,다다5895,in_age_063,0
2010,다다5895,in_age_069,0
2010,다다5895,in_age_074,0
2010,다다5895,in_age_078,0
2010,다다5895,to_in_001,8
2010,다다5895,to_in_007,5
2010,다다5895,to_in_008,5
2010,다다5896,in_age_004,5
2010,다다5896,in_age_005,0
2010,다다5896,in_age_009,5
2010,다다5896,in_age_010,5
2010,다다5896,in_age_011,0
2010,다다5896,in_age_012,5
2010,다다5896,in_age_013,0
2010,다다5896,in_age_014,0
2010,다다5896,in_age_015,5
2010,다다5896,in_age_017,0
2010,다다5896,in_age_034,0
2010,다다5896,in_age_035,0
2010,다다5896,in_age_040,0
2010,다다5896,in_age_041,0
2010,다다5896,in_age_042,5
2010,다다5896,in_age_044,0
2010,다다5896,in_age_045,0
2010,다다5896,in_age_064,5
2010,다다5896,in_age_069,5
2010,다다5896,in_age_070,5
2010,다다5896,in_age_073,0
2010,다다5896,in_age_075,0
2010,다다5896,in_age_077,0
2010,다다5896,to_in_001,13
2010,다다5896,to_in_007,8
2010,다다5896,to_in_008,8
2010,다다5899,in_age_002,0
2010,다다5899,in_age_003,0
2010,다다5899,in_age_008,5
2010,다다5899,in_age_009,5
2010,다다5899,in_age_010,8
2010,다다5899,in_age_011,8
2010,다다5899,in_age_012,5
2010,다다5899,in_age_013,0
2010,다다5899,in_age_016,5
2010,다다5899,in_age_032,0
2010,다다5899,in_age_033,0
2010,다다5899,in_age_039,0
2010,다다5899,in_age_040,5
2010,다다5899,in_age_041,5
2010,다다5899,in_age_042,5
2010,다다5899,in_age_043,0
2010,다다5899,in_age_046,0
2010,다다5899,in_age_068,5
2010,다다5899,in_age_069,5
2010,다다5899,in_age_070,5
2010,다다5899,in_age_071,5
2010,다다5899,in_age_072,0
2010,다다5899,in_age_076,5
2010,다다5899,to_in_001,28
2010,다다5899,to_in_007,13
2010,다다5899,to_in_008,13
2010,다다5990,in_age_009,0
2010,다다5990,in_age_010,0
2010,다다5990,in_age_011,0
2010,다다5990,in_age_012,5
2010,다다5990,in_age_015,5
2010,다다5990,in_age_016,0
2010,다다5990,in_age_017,0
2010,다다5990,in_age_040,0
2010,다다5990,in_age_042,5
2010,다다5990,in_age_045,0
2010,다다5990,in_age_069,0
2010,다다5990,in_age_071,0
2010,다다5990,in_age_072,0
2010,다다5990,in_age_075,0
2010,다다5990,in_age_076,0
2010,다다5990,in_age_077,0
2010,다다5990,to_in_001,8
2010,다다5990,to_in_007,5
2010,다다5990,to_in_008,8
2010,다다5993,in_age_002,5
2010,다다5993,in_age_003,0
2010,다다5993,in_age_004,5
2010,다다5993,in_age_006,0
2010,다다5993,in_age_008,0
2010,다다5993,in_age_009,5
2010,다다5993,in_age_010,5
2010,다다5993,in_age_011,8
2010,다다5993,in_age_012,5
2010,다다5993,in_age_013,5
2010,다다5993,in_age_014,5
2010,다다5993,in_age_015,5
2010,다다5993,in_age_016,0
2010,다다5993,in_age_032,5
2010,다다5993,in_age_036,0
2010,다다5993,in_age_038,0
2010,다다5993,in_age_039,5
2010,다다5993,in_age_040,5
2010,다다5993,in_age_041,5
2010,다다5993,in_age_042,5
2010,다다5993,in_age_043,5
2010,다다5993,in_age_044,5
2010,다다5993,in_age_045,5
2010,다다5993,in_age_063,0
2010,다다5993,in_age_064,5
2010,다다5993,in_age_069,0
2010,다다5993,in_age_070,0
2010,다다5993,in_age_071,8
2010,다다5993,in_age_073,5
2010,다다5993,in_age_074,0
2010,다다5993,in_age_076,0
2010,다다5993,to_in_001,33
2010,다다5993,to_in_007,13
2010,다다5993,to_in_008,18
2010,다다5994,in_age_001,5
2010,다다5994,in_age_002,5
2010,다다5994,in_age_003,8
2010,다다5994,in_age_004,5
2010,다다5994,in_age_005,0
2010,다다5994,in_age_006,5
2010,다다5994,in_age_007,5
2010,다다5994,in_age_008,8
2010,다다5994,in_age_009,5
2010,다다5994,in_age_010,0
2010,다다5994,in_age_011,8
2010,다다5994,in_age_012,5
2010,다다5994,in_age_013,5
2010,다다5994,in_age_014,5
2010,다다5994,in_age_015,13
2010,다다5994,in_age_016,8
2010,다다5994,in_age_017,5
2010,다다5994,in_age_018,5
2010,다다5994,in_age_031,0
2010,다다5994,in_age_033,5
2010,다다5994,in_age_035,0
2010,다다5994,in_age_037,5
2010,다다5994,in_age_038,5
2010,다다5994,in_age_039,5
2010,다다5994,in_age_041,5
2010,다다5994,in_age_042,0
2010,다다5994,in_age_043,5
2010,다다5994,in_age_044,0
2010,다다5994,in_age_045,5
2010,다다5994,in_age_046,8
2010,다다5994,in_age_047,5
2010,다다5994,in_age_061,0
2010,다다5994,in_age_062,5
2010,다다5994,in_age_063,8
2010,다다5994,in_age_064,5
2010,다다5994,in_age_066,5
2010,다다5994,in_age_068,5
2010,다다5994,in_age_069,0
2010,다다5994,in_age_070,0
2010,다다5994,in_age_071,5
2010,다다5994,in_age_072,5
2010,다다5994,in_age_073,5
2010,다다5994,in_age_074,5
2010,다다5994,in_age_075,8
2010,다다5994,in_age_076,8
2010,다다5994,in_age_077,0
2010,다다5994,in_age_078,5
2010,다다5994,to_in_001,83
2010,다다5994,to_in_007,38
2010,다다5994,to_in_008,43
2010,다다5995,in_age_001,0
2010,다다5995,in_age_002,8
2010,다다5995,in_age_003,5
2010,다다5995,in_age_004,13
2010,다다5995,in_age_005,0
2010,다다5995,in_age_006,8
2010,다다5995,in_age_007,0
2010,다다5995,in_age_008,8
2010,다다5995,in_age_009,8
2010,다다5995,in_age_010,13
2010,다다5995,in_age_011,13
2010,다다5995,in_age_012,18
2010,다다5995,in_age_013,13
2010,다다5995,in_age_014,13
2010,다다5995,in_age_015,18
2010,다다5995,in_age_016,13
2010,다다5995,in_age_017,13
2010,다다5995,in_age_018,5
2010,다다5995,in_age_019,5
2010,다다5995,in_age_032,8
2010,다다5995,in_age_033,5
2010,다다5995,in_age_034,8
2010,다다5995,in_age_036,5
2010,다다5995,in_age_038,5
2010,다다5995,in_age_039,8
2010,다다5995,in_age_040,8
2010,다다5995,in_age_041,8
2010,다다5995,in_age_042,8
2010,다다5995,in_age_043,8
2010,다다5995,in_age_044,8
2010,다다5995,in_age_045,5
2010,다다5995,in_age_046,5
2010,다다5995,in_age_047,8
2010,다다5995,in_age_061,0
2010,다다5995,in_age_062,5
2010,다다5995,in_age_064,5
2010,다다5995,in_age_065,0
2010,다다5995,in_age_066,8
2010,다다5995,in_age_067,0
2010,다다5995,in_age_068,8
2010,다다5995,in_age_069,5
2010,다다5995,in_age_070,8
2010,다다5995,in_age_071,8
2010,다다5995,in_age_072,8
2010,다다5995,in_age_073,8
2010,다다5995,in_age_074,8
2010,다다5995,in_age_075,13
2010,다다5995,in_age_076,8
2010,다다5995,in_age_077,5
2010,다다5995,in_age_078,5
2010,다다5995,in_age_079,5
2010,다다5995,to_in_001,168
2010,다다5995,to_in_007,83
2010,다다5995,to_in_008,88
2010,다다5996,in_age_010,5
2010,다다5996,in_age_040,5
2010,다다5996,to_in_001,5
2010,다다5996,to_in_007,5
2010,다다5996,to_in_008,0
2010,다다6093,in_age_001,8
2010,다다6093,in_age_002,5
2010,다다6093,in_age_003,13
2010,다다6093,in_age_004,5
2010,다다6093,in_age_005,8
2010,다다6093,in_age_006,5
2010,다다6093,in_age_007,8
2010,다다6093,in_age_008,8
2010,다다6093,in_age_009,8
2010,다다6093,in_age_010,8
2010,다다6093,in_age_011,23
2010,다다6093,in_age_012,23
2010,다다6093,in_age_013,18
2010,다다6093,in_age_014,18
2010,다다6093,in_age_015,28
2010,다다6093,in_age_016,13
2010,다다6093,in_age_017,8
2010,다다6093,in_age_018,5
2010,다다6093,in_age_019,5
2010,다다6093,in_age_031,5
2010,다다6093,in_age_032,5
2010,다다6093,in_age_033,5
2010,다다6093,in_age_034,5
2010,다다6093,in_age_035,8
2010,다다6093,in_age_036,5
2010,다다6093,in_age_037,5
2010,다다6093,in_age_038,5
2010,다다6093,in_age_039,5
2010,다다6093,in_age_040,5
2010,다다6093,in_age_041,8
2010,다다6093,in_age_042,13
2010,다다6093,in_age_043,8
2010,다다6093,in_age_044,8
2010,다다6093,in_age_045,13
2010,다다6093,in_age_046,5
2010,다다6093,in_age_047,5
2010,다다6093,in_age_048,0
2010,다다6093,in_age_061,8
2010,다다6093,in_age_062,0
2010,다다6093,in_age_063,8
2010,다다6093,in_age_064,5
2010,다다6093,in_age_067,5
2010,다다6093,in_age_068,5
2010,다다6093,in_age_069,5
2010,다다6093,in_age_070,5
2010,다다6093,in_age_071,13
2010,다다6093,in_age_072,8
2010,다다6093,in_age_073,13
2010,다다6093,in_age_074,8
2010,다다6093,in_age_075,13
2010,다다6093,in_age_076,8
2010,다다6093,in_age_077,5
2010,다다6093,in_age_078,5
2010,다다6093,in_age_079,5
2010,다다6093,to_in_001,188
2010,다다6093,to_in_007,88
2010,다다6093,to_in_008,98
2010,다다6094,in_age_013,0
2010,다다6094,in_age_014,0
2010,다다6094,in_age_044,0
2010,다다6094,in_age_073,0
2010,다다6094,to_in_001,5
2010,다다6094,to_in_007,0
2010,다다6094,to_in_008,0
2010,다다6098,in_age_008,0
2010,다다6098,in_age_012,5
2010,다다6098,in_age_038,0
2010,다다6098,in_age_072,5
2010,다다6098,to_in_001,5
2010,다다6098,to_in_007,0
2010,다다6098,to_in_008,5
2010,다다6192,in_age_003,0
2010,다다6192,in_age_004,8
2010,다다6192,in_age_006,5
2010,다다6192,in_age_007,0
2010,다다6192,in_age_009,5
2010,다다6192,in_age_010,8
2010,다다6192,in_age_011,8
2010,다다6192,in_age_012,13
2010,다다6192,in_age_013,8
2010,다다6192,in_age_014,8
2010,다다6192,in_age_015,13
2010,다다6192,in_age_016,13
2010,다다6192,in_age_017,5
2010,다다6192,in_age_018,8
2010,다다6192,in_age_019,5
2010,다다6192,in_age_034,5
2010,다다6192,in_age_036,5
2010,다다6192,in_age_037,0
2010,다다6192,in_age_040,5
2010,다다6192,in_age_041,5
2010,다다6192,in_age_042,5
2010,다다6192,in_age_043,5
2010,다다6192,in_age_044,5
2010,다다6192,in_age_045,8
2010,다다6192,in_age_046,5
2010,다다6192,in_age_047,0
2010,다다6192,in_age_048,5
2010,다다6192,in_age_063,0
2010,다다6192,in_age_064,5
2010,다다6192,in_age_069,5
2010,다다6192,in_age_070,5
2010,다다6192,in_age_071,5
2010,다다6192,in_age_072,8
2010,다다6192,in_age_073,5
2010,다다6192,in_age_074,8
2010,다다6192,in_age_075,5
2010,다다6192,in_age_076,8
2010,다다6192,in_age_077,5
2010,다다6192,in_age_078,5
2010,다다6192,in_age_079,5
2010,다다6192,to_in_001,88
2010,다다6192,to_in_007,38
2010,다다6192,to_in_008,48
2010,다다6193,in_age_002,0
2010,다다6193,in_age_009,5
2010,다다6193,in_age_010,5
2010,다다6193,in_age_015,5
2010,다다6193,in_age_032,0
2010,다다6193,in_age_039,0
2010,다다6193,in_age_040,0
2010,다다6193,in_age_069,0
2010,다다6193,in_age_070,5
2010,다다6193,in_age_075,5
2010,다다6193,to_in_001,8
2010,다다6193,to_in_007,5
2010,다다6193,to_in_008,8
2010,다다6194,in_age_003,0
2010,다다6194,in_age_005,0
2010,다다6194,in_age_006,0
2010,다다6194,in_age_008,5
2010,다다6194,in_age_009,5
2010,다다6194,in_age_010,8
2010,다다6194,in_age_011,8
2010,다다6194,in_age_012,8
2010,다다6194,in_age_013,8
2010,다다6194,in_age_014,13
2010,다다6194,in_age_015,8
2010,다다6194,in_age_016,8
2010,다다6194,in_age_017,5
2010,다다6194,in_age_018,5
2010,다다6194,in_age_019,0
2010,다다6194,in_age_035,0
2010,다다6194,in_age_036,0
2010,다다6194,in_age_039,5
2010,다다6194,in_age_040,8
2010,다다6194,in_age_041,5
2010,다다6194,in_age_042,5
2010,다다6194,in_age_043,0
2010,다다6194,in_age_044,8
2010,다다6194,in_age_045,5
2010,다다6194,in_age_046,8
2010,다다6194,in_age_047,5
2010,다다6194,in_age_063,0
2010,다다6194,in_age_068,5
2010,다다6194,in_age_069,0
2010,다다6194,in_age_070,8
2010,다다6194,in_age_071,8
2010,다다6194,in_age_072,5
2010,다다6194,in_age_073,8
2010,다다6194,in_age_074,5
2010,다다6194,in_age_075,8
2010,다다6194,in_age_076,5
2010,다다6194,in_age_077,5
2010,다다6194,in_age_078,5
2010,다다6194,in_age_079,0
2010,다다6194,to_in_001,78
2010,다다6194,to_in_007,33
2010,다다6194,to_in_008,43
2010,다다6195,in_age_001,5
2010,다다6195,in_age_002,5
2010,다다6195,in_age_003,0
2010,다다6195,in_age_005,5
2010,다다6195,in_age_006,8
2010,다다6195,in_age_007,5
2010,다다6195,in_age_008,0
2010,다다6195,in_age_010,5
2010,다다6195,in_age_011,8
2010,다다6195,in_age_012,13
2010,다다6195,in_age_013,8
2010,다다6195,in_age_014,8
2010,다다6195,in_age_015,5
2010,다다6195,in_age_016,5
2010,다다6195,in_age_017,8
2010,다다6195,in_age_019,0
2010,다다6195,in_age_031,5
2010,다다6195,in_age_033,0
2010,다다6195,in_age_036,5
2010,다다6195,in_age_037,5
2010,다다6195,in_age_038,0
2010,다다6195,in_age_041,5
2010,다다6195,in_age_042,5
2010,다다6195,in_age_043,8
2010,다다6195,in_age_044,8
2010,다다6195,in_age_045,5
2010,다다6195,in_age_047,5
2010,다다6195,in_age_061,0
2010,다다6195,in_age_062,5
2010,다다6195,in_age_065,5
2010,다다6195,in_age_066,5
2010,다다6195,in_age_070,5
2010,다다6195,in_age_071,5
2010,다다6195,in_age_072,8
2010,다다6195,in_age_073,5
2010,다다6195,in_age_074,5
2010,다다6195,in_age_075,5
2010,다다6195,in_age_076,5
2010,다다6195,in_age_077,8
2010,다다6195,in_age_079,0
2010,다다6195,to_in_001,63
2010,다다6195,to_in_007,33
2010,다다6195,to_in_008,33
2010,다다6198,in_age_004,0
2010,다다6198,in_age_006,0
2010,다다6198,in_age_007,0
2010,다다6198,in_age_009,8
2010,다다6198,in_age_010,5
2010,다다6198,in_age_011,13
2010,다다6198,in_age_012,18
2010,다다6198,in_age_013,8
2010,다다6198,in_age_014,13
2010,다다6198,in_age_015,13
2010,다다6198,in_age_016,18
2010,다다6198,in_age_017,8
2010,다다6198,in_age_018,5
2010,다다6198,in_age_034,0
2010,다다6198,in_age_037,0
2010,다다6198,in_age_039,5
2010,다다6198,in_age_041,5
2010,다다6198,in_age_042,8
2010,다다6198,in_age_043,8
2010,다다6198,in_age_044,5
2010,다다6198,in_age_045,5
2010,다다6198,in_age_046,8
2010,다다6198,in_age_047,0
2010,다다6198,in_age_048,0
2010,다다6198,in_age_066,0
2010,다다6198,in_age_069,5
2010,다다6198,in_age_070,5
2010,다다6198,in_age_071,8
2010,다다6198,in_age_072,8
2010,다다6198,in_age_073,5
2010,다다6198,in_age_074,13
2010,다다6198,in_age_075,13
2010,다다6198,in_age_076,8
2010,다다6198,in_age_077,8
2010,다다6198,in_age_078,0
2010,다다6198,to_in_001,103
2010,다다6198,to_in_007,38
2010,다다6198,to_in_008,63
2010,다다6290,in_age_001,5
2010,다다6290,in_age_002,0
2010,다다6290,in_age_003,0
2010,다다6290,in_age_006,5
2010,다다6290,in_age_007,5
2010,다다6290,in_age_012,5
2010,다다6290,in_age_013,5
2010,다다6290,in_age_015,8
2010,다다6290,in_age_016,0
2010,다다6290,in_age_032,0
2010,다다6290,in_age_033,0
2010,다다6290,in_age_037,0
2010,다다6290,in_age_042,0
2010,다다6290,in_age_043,0
2010,다다6290,in_age_045,5
2010,다다6290,in_age_061,5
2010,다다6290,in_age_066,5
2010,다다6290,in_age_067,0
2010,다다6290,in_age_072,0
2010,다다6290,in_age_073,0
2010,다다6290,in_age_075,5
2010,다다6290,in_age_076,0
2010,다다6290,to_in_001,18
2010,다다6290,to_in_007,8
2010,다다6290,to_in_008,8
2010,다다6294,in_age_010,8
2010,다다6294,in_age_011,0
2010,다다6294,in_age_040,5
2010,다다6294,in_age_041,0
2010,다다6294,in_age_070,5
2010,다다6294,to_in_001,8
2010,다다6294,to_in_007,5
2010,다다6294,to_in_008,5
2010,다다6589,in_age_015,5
2010,다다6589,in_age_016,0
2010,다다6589,in_age_045,0
2010,다다6589,in_age_046,0
2010,다다6589,in_age_075,5
2010,다다6589,to_in_001,5
2010,다다6589,to_in_007,5
2010,다다6589,to_in_008,5
2010,다다6590,in_age_014,5
2010,다다6590,in_age_015,5
2010,다다6590,in_age_016,5
2010,다다6590,in_age_018,0
2010,다다6590,in_age_044,0
2010,다다6590,in_age_045,0
2010,다다6590,in_age_046,0
2010,다다6590,in_age_074,0
2010,다다6590,in_age_075,0
2010,다다6590,in_age_076,0
2010,다다6590,in_age_078,0
2010,다다6590,to_in_001,8
2010,다다6590,to_in_007,5
2010,다다6590,to_in_008,5
2010,다다6979,in_age_001,0
2010,다다6979,in_age_002,0
2010,다다6979,in_age_012,0
2010,다다6979,in_age_013,8
2010,다다6979,in_age_014,5
2010,다다6979,in_age_017,0
2010,다다6979,in_age_031,0
2010,다다6979,in_age_032,0
2010,다다6979,in_age_042,0
2010,다다6979,in_age_043,5
2010,다다6979,in_age_044,5
2010,다다6979,in_age_073,5
2010,다다6979,in_age_077,0
2010,다다6979,to_in_001,13
2010,다다6979,to_in_007,8
2010,다다6979,to_in_008,5
2010,다다7580,in_age_014,0
2010,다다7580,in_age_015,5
2010,다다7580,in_age_045,5
2010,다다7580,in_age_074,0
2010,다다7580,to_in_001,5
2010,다다7580,to_in_007,5
2010,다다7580,to_in_008,0
2010,다다7581,in_age_001,0
2010,다다7581,in_age_002,0
2010,다다7581,in_age_003,5
2010,다다7581,in_age_005,0
2010,다다7581,in_age_008,5
2010,다다7581,in_age_009,5
2010,다다7581,in_age_010,8
2010,다다7581,in_age_011,5
2010,다다7581,in_age_012,8
2010,다다7581,in_age_013,5
2010,다다7581,in_age_014,8
2010,다다7581,in_age_015,5
2010,다다7581,in_age_017,0
2010,다다7581,in_age_018,0
2010,다다7581,in_age_033,5
2010,다다7581,in_age_035,0
2010,다다7581,in_age_038,5
2010,다다7581,in_age_039,5
2010,다다7581,in_age_040,5
2010,다다7581,in_age_041,5
2010,다다7581,in_age_042,5
2010,다다7581,in_age_043,5
2010,다다7581,in_age_044,5
2010,다다7581,in_age_045,5
2010,다다7581,in_age_048,0
2010,다다7581,in_age_061,0
2010,다다7581,in_age_062,0
2010,다다7581,in_age_063,0
2010,다다7581,in_age_068,5
2010,다다7581,in_age_069,0
2010,다다7581,in_age_070,5
2010,다다7581,in_age_071,5
2010,다다7581,in_age_072,5
2010,다다7581,in_age_074,8
2010,다다7581,in_age_075,0
2010,다다7581,in_age_077,0
2010,다다7581,to_in_001,48
2010,다다7581,to_in_007,23
2010,다다7581,to_in_008,23
2010,다다7582,in_age_015,5
2010,다다7582,in_age_045,0
2010,다다7582,in_age_075,0
2010,다다7582,to_in_001,5
2010,다다7582,to_in_007,0
2010,다다7582,to_in_008,0
2010,다다7680,in_age_009,0
2010,다다7680,in_age_010,5
2010,다다7680,in_age_013,5
2010,다다7680,in_age_014,5
2010,다다7680,in_age_016,5
2010,다다7680,in_age_017,0
2010,다다7680,in_age_018,0
2010,다다7680,in_age_039,0
2010,다다7680,in_age_040,0
2010,다다7680,in_age_043,5
2010,다다7680,in_age_044,5
2010,다다7680,in_age_046,0
2010,다다7680,in_age_070,0
2010,다다7680,in_age_074,0
2010,다다7680,in_age_076,5
2010,다다7680,in_age_077,0
2010,다다7680,in_age_078,0
2010,다다7680,to_in_001,13
2010,다다7680,to_in_007,8
2010,다다7680,to_in_008,8
2010,다다7681,in_age_003,0
2010,다다7681,in_age_010,5
2010,다다7681,in_age_011,0
2010,다다7681,in_age_012,0
2010,다다7681,in_age_013,5
2010,다다7681,in_age_014,5
2010,다다7681,in_age_016,5
2010,다다7681,in_age_017,5
2010,다다7681,in_age_040,0
2010,다다7681,in_age_042,0
2010,다다7681,in_age_044,5
2010,다다7681,in_age_047,5
2010,다다7681,in_age_063,0
2010,다다7681,in_age_070,0
2010,다다7681,in_age_071,0
2010,다다7681,in_age_073,5
2010,다다7681,in_age_074,0
2010,다다7681,in_age_076,5
2010,다다7681,to_in_001,13
2010,다다7681,to_in_007,8
2010,다다7681,to_in_008,8
2010,다다7682,in_age_002,8
2010,다다7682,in_age_003,8
2010,다다7682,in_age_004,5
2010,다다7682,in_age_005,5
2010,다다7682,in_age_006,5
2010,다다7682,in_age_007,5
2010,다다7682,in_age_008,5
2010,다다7682,in_age_009,13
2010,다다7682,in_age_010,13
2010,다다7682,in_age_011,8
2010,다다7682,in_age_012,8
2010,다다7682,in_age_013,8
2010,다다7682,in_age_014,13
2010,다다7682,in_age_015,8
2010,다다7682,in_age_016,8
2010,다다7682,in_age_017,5
2010,다다7682,in_age_032,5
2010,다다7682,in_age_033,8
2010,다다7682,in_age_034,5
2010,다다7682,in_age_035,0
2010,다다7682,in_age_036,5
2010,다다7682,in_age_037,5
2010,다다7682,in_age_038,5
2010,다다7682,in_age_039,8
2010,다다7682,in_age_040,8
2010,다다7682,in_age_041,5
2010,다다7682,in_age_042,5
2010,다다7682,in_age_043,5
2010,다다7682,in_age_044,8
2010,다다7682,in_age_045,0
2010,다다7682,in_age_046,5
2010,다다7682,in_age_047,0
2010,다다7682,in_age_062,8
2010,다다7682,in_age_063,0
2010,다다7682,in_age_064,0
2010,다다7682,in_age_065,5
2010,다다7682,in_age_066,0
2010,다다7682,in_age_067,0
2010,다다7682,in_age_068,0
2010,다다7682,in_age_069,8
2010,다다7682,in_age_070,5
2010,다다7682,in_age_071,8
2010,다다7682,in_age_072,5
2010,다다7682,in_age_073,8
2010,다다7682,in_age_074,5
2010,다다7682,in_age_075,5
2010,다다7682,in_age_076,8
2010,다다7682,in_age_077,0
2010,다다7682,to_in_001,93
2010,다다7682,to_in_007,53
2010,다다7682,to_in_008,43
2010,다다7683,in_age_012,0
2010,다다7683,in_age_013,0
2010,다다7683,in_age_015,0
2010,다다7683,in_age_043,0
2010,다다7683,in_age_072,0
2010,다다7683,in_age_075,0
2010,다다7683,to_in_001,5
2010,다다7683,to_in_007,0
2010,다다7683,to_in_008,5
2010,다다7781,in_age_001,0
2010,다다7781,in_age_003,5
2010,다다7781,in_age_007,5
2010,다다7781,in_age_008,5
2010,다다7781,in_age_009,0
2010,다다7781,in_age_010,5
2010,다다7781,in_age_011,8
2010,다다7781,in_age_012,5
2010,다다7781,in_age_013,8
2010,다다7781,in_age_014,18
2010,다다7781,in_age_015,5
2010,다다7781,in_age_016,5
2010,다다7781,in_age_017,5
2010,다다7781,in_age_018,0
2010,다다7781,in_age_033,5
2010,다다7781,in_age_037,5
2010,다다7781,in_age_038,0
2010,다다7781,in_age_039,0
2010,다다7781,in_age_041,5
2010,다다7781,in_age_042,0
2010,다다7781,in_age_043,8
2010,다다7781,in_age_044,13
2010,다다7781,in_age_046,0
2010,다다7781,in_age_061,0
2010,다다7781,in_age_068,5
2010,다다7781,in_age_070,5
2010,다다7781,in_age_071,5
2010,다다7781,in_age_072,5
2010,다다7781,in_age_073,8
2010,다다7781,in_age_074,5
2010,다다7781,in_age_075,5
2010,다다7781,in_age_076,5
2010,다다7781,in_age_077,5
2010,다다7781,in_age_078,0
2010,다다7781,to_in_001,58
2010,다다7781,to_in_007,28
2010,다다7781,to_in_008,33
2010,다다7782,in_age_010,5
2010,다다7782,in_age_012,5
2010,다다7782,in_age_013,5
2010,다다7782,in_age_014,5
2010,다다7782,in_age_015,8
2010,다다7782,in_age_016,5
2010,다다7782,in_age_040,0
2010,다다7782,in_age_042,5
2010,다다7782,in_age_043,0
2010,다다7782,in_age_044,5
2010,다다7782,in_age_045,5
2010,다다7782,in_age_046,0
2010,다다7782,in_age_070,0
2010,다다7782,in_age_073,5
2010,다다7782,in_age_074,5
2010,다다7782,in_age_075,5
2010,다다7782,in_age_076,5
2010,다다7782,to_in_001,18
2010,다다7782,to_in_007,8
2010,다다7782,to_in_008,13
2010,다다7783,in_age_010,5
2010,다다7783,in_age_011,5
2010,다다7783,in_age_012,0
2010,다다7783,in_age_013,5
2010,다다7783,in_age_014,8
2010,다다7783,in_age_015,5
2010,다다7783,in_age_016,0
2010,다다7783,in_age_017,0
2010,다다7783,in_age_018,0
2010,다다7783,in_age_040,0
2010,다다7783,in_age_041,5
2010,다다7783,in_age_042,0
2010,다다7783,in_age_043,5
2010,다다7783,in_age_044,5
2010,다다7783,in_age_046,0
2010,다다7783,in_age_070,5
2010,다다7783,in_age_073,0
2010,다다7783,in_age_074,8
2010,다다7783,in_age_075,5
2010,다다7783,in_age_077,0
2010,다다7783,in_age_078,0
2010,다다7783,to_in_001,18
2010,다다7783,to_in_007,8
2010,다다7783,to_in_008,13
2010,다다7799,in_age_001,8
2010,다다7799,in_age_002,5
2010,다다7799,in_age_003,5
2010,다다7799,in_age_004,5
2010,다다7799,in_age_005,5
2010,다다7799,in_age_006,5
2010,다다7799,in_age_007,5
2010,다다7799,in_age_008,5
2010,다다7799,in_age_009,8
2010,다다7799,in_age_010,5
2010,다다7799,in_age_011,5
2010,다다7799,in_age_013,8
2010,다다7799,in_age_014,8
2010,다다7799,in_age_015,8
2010,다다7799,in_age_016,8
2010,다다7799,in_age_017,0
2010,다다7799,in_age_018,0
2010,다다7799,in_age_031,5
2010,다다7799,in_age_032,5
2010,다다7799,in_age_033,5
2010,다다7799,in_age_034,5
2010,다다7799,in_age_035,5
2010,다다7799,in_age_037,5
2010,다다7799,in_age_038,5
2010,다다7799,in_age_039,5
2010,다다7799,in_age_040,5
2010,다다7799,in_age_041,5
2010,다다7799,in_age_043,5
2010,다다7799,in_age_044,5
2010,다다7799,in_age_045,5
2010,다다7799,in_age_046,5
2010,다다7799,in_age_047,0
2010,다다7799,in_age_061,5
2010,다다7799,in_age_065,5
2010,다다7799,in_age_066,5
2010,다다7799,in_age_067,5
2010,다다7799,in_age_069,5
2010,다다7799,in_age_070,0
2010,다다7799,in_age_071,0
2010,다다7799,in_age_073,8
2010,다다7799,in_age_074,5
2010,다다7799,in_age_075,5
2010,다다7799,in_age_076,5
2010,다다7799,in_age_078,0
2010,다다7799,to_in_001,68
2010,다다7799,to_in_007,38
2010,다다7799,to_in_008,33
2010,다다7899,in_age_012,5
2010,다다7899,in_age_015,5
2010,다다7899,in_age_042,0
2010,다다7899,in_age_045,0
2010,다다7899,in_age_072,5
2010,다다7899,in_age_075,5
2010,다다7899,to_in_001,8
2010,다다7899,to_in_007,5
2010,다다7899,to_in_008,8
2010,다다8060,in_age_005,0
2010,다다8060,in_age_006,0
2010,다다8060,in_age_007,0
2010,다다8060,in_age_008,5
2010,다다8060,in_age_009,0
2010,다다8060,in_age_010,0
2010,다다8060,in_age_011,5
2010,다다8060,in_age_013,0
2010,다다8060,in_age_014,5
2010,다다8060,in_age_015,5
2010,다다8060,in_age_016,0
2010,다다8060,in_age_017,5
2010,다다8060,in_age_035,0
2010,다다8060,in_age_036,0
2010,다다8060,in_age_037,0
2010,다다8060,in_age_038,5
2010,다다8060,in_age_039,0
2010,다다8060,in_age_041,5
2010,다다8060,in_age_044,5
2010,다다8060,in_age_045,0
2010,다다8060,in_age_070,0
2010,다다8060,in_age_071,0
2010,다다8060,in_age_073,0
2010,다다8060,in_age_074,5
2010,다다8060,in_age_075,5
2010,다다8060,in_age_076,0
2010,다다8060,in_age_077,5
2010,다다8060,to_in_001,18
2010,다다8060,to_in_007,13
2010,다다8060,to_in_008,8
2010,다다8061,in_age_009,0
2010,다다8061,in_age_010,0
2010,다다8061,in_age_014,0
2010,다다8061,in_age_040,0
2010,다다8061,in_age_069,0
2010,다다8061,in_age_074,0
2010,다다8061,to_in_001,5
2010,다다8061,to_in_007,0
2010,다다8061,to_in_008,5
2010,다다8062,in_age_001,0
2010,다다8062,in_age_002,5
2010,다다8062,in_age_003,8
2010,다다8062,in_age_004,5
2010,다다8062,in_age_005,8
2010,다다8062,in_age_006,0
2010,다다8062,in_age_007,5
2010,다다8062,in_age_008,8
2010,다다8062,in_age_009,8
2010,다다8062,in_age_010,13
2010,다다8062,in_age_011,18
2010,다다8062,in_age_012,5
2010,다다8062,in_age_013,13
2010,다다8062,in_age_014,13
2010,다다8062,in_age_015,18
2010,다다8062,in_age_016,18
2010,다다8062,in_age_017,14
2010,다다8062,in_age_018,0
2010,다다8062,in_age_031,0
2010,다다8062,in_age_032,5
2010,다다8062,in_age_033,8
2010,다다8062,in_age_035,8
2010,다다8062,in_age_036,0
2010,다다8062,in_age_037,5
2010,다다8062,in_age_038,8
2010,다다8062,in_age_039,5
2010,다다8062,in_age_040,8
2010,다다8062,in_age_041,13
2010,다다8062,in_age_042,0
2010,다다8062,in_age_043,5
2010,다다8062,in_age_044,8
2010,다다8062,in_age_045,8
2010,다다8062,in_age_046,8
2010,다다8062,in_age_047,0
2010,다다8062,in_age_064,5
2010,다다8062,in_age_065,5
2010,다다8062,in_age_067,0
2010,다다8062,in_age_068,5
2010,다다8062,in_age_069,0
2010,다다8062,in_age_070,8
2010,다다8062,in_age_071,8
2010,다다8062,in_age_072,5
2010,다다8062,in_age_073,8
2010,다다8062,in_age_074,5
2010,다다8062,in_age_075,13
2010,다다8062,in_age_076,8
2010,다다8062,in_age_077,14
2010,다다8062,in_age_078,0
2010,다다8062,to_in_001,134
2010,다다8062,to_in_007,68
2010,다다8062,to_in_008,69
2010,다다8159,in_age_001,5
2010,다다8159,in_age_002,8
2010,다다8159,in_age_003,8
2010,다다8159,in_age_004,5
2010,다다8159,in_age_005,5
2010,다다8159,in_age_006,0
2010,다다8159,in_age_007,8
2010,다다8159,in_age_008,13
2010,다다8159,in_age_009,23
2010,다다8159,in_age_010,18
2010,다다8159,in_age_011,18
2010,다다8159,in_age_012,5
2010,다다8159,in_age_013,13
2010,다다8159,in_age_014,18
2010,다다8159,in_age_015,28
2010,다다8159,in_age_016,18
2010,다다8159,in_age_017,8
2010,다다8159,in_age_018,0
2010,다다8159,in_age_019,5
2010,다다8159,in_age_031,0
2010,다다8159,in_age_032,8
2010,다다8159,in_age_033,5
2010,다다8159,in_age_034,5
2010,다다8159,in_age_035,5
2010,다다8159,in_age_037,8
2010,다다8159,in_age_038,13
2010,다다8159,in_age_039,18
2010,다다8159,in_age_040,8
2010,다다8159,in_age_041,13
2010,다다8159,in_age_042,0
2010,다다8159,in_age_043,8
2010,다다8159,in_age_044,8
2010,다다8159,in_age_045,13
2010,다다8159,in_age_046,8
2010,다다8159,in_age_047,8
2010,다다8159,in_age_061,5
2010,다다8159,in_age_062,5
2010,다다8159,in_age_063,5
2010,다다8159,in_age_066,0
2010,다다8159,in_age_067,0
2010,다다8159,in_age_068,5
2010,다다8159,in_age_069,5
2010,다다8159,in_age_070,8
2010,다다8159,in_age_071,8
2010,다다8159,in_age_072,5
2010,다다8159,in_age_073,5
2010,다다8159,in_age_074,13
2010,다다8159,in_age_075,18
2010,다다8159,in_age_076,13
2010,다다8159,in_age_077,5
2010,다다8159,in_age_078,0
2010,다다8159,in_age_079,5
2010,다다8159,to_in_001,208
2010,다다8159,to_in_007,113
2010,다다8159,to_in_008,93
2010,다다8162,in_age_001,13
2010,다다8162,in_age_002,8
2010,다다8162,in_age_003,5
2010,다다8162,in_age_004,5
2010,다다8162,in_age_005,5
2010,다다8162,in_age_006,5
2010,다다8162,in_age_007,5
2010,다다8162,in_age_008,13
2010,다다8162,in_age_009,8
2010,다다8162,in_age_010,13
2010,다다8162,in_age_011,18
2010,다다8162,in_age_012,18
2010,다다8162,in_age_013,13
2010,다다8162,in_age_014,8
2010,다다8162,in_age_015,18
2010,다다8162,in_age_016,18
2010,다다8162,in_age_018,5
2010,다다8162,in_age_031,8
2010,다다8162,in_age_032,5
2010,다다8162,in_age_033,5
2010,다다8162,in_age_034,5
2010,다다8162,in_age_035,0
2010,다다8162,in_age_037,5
2010,다다8162,in_age_038,8
2010,다다8162,in_age_039,8
2010,다다8162,in_age_040,8
2010,다다8162,in_age_041,8
2010,다다8162,in_age_042,8
2010,다다8162,in_age_043,8
2010,다다8162,in_age_044,0
2010,다다8162,in_age_045,8
2010,다다8162,in_age_046,8
2010,다다8162,in_age_048,0
2010,다다8162,in_age_061,5
2010,다다8162,in_age_062,5
2010,다다8162,in_age_063,0
2010,다다8162,in_age_064,0
2010,다다8162,in_age_065,0
2010,다다8162,in_age_066,5
2010,다다8162,in_age_067,5
2010,다다8162,in_age_068,5
2010,다다8162,in_age_069,5
2010,다다8162,in_age_070,8
2010,다다8162,in_age_071,8
2010,다다8162,in_age_072,8
2010,다다8162,in_age_073,8
2010,다다8162,in_age_074,8
2010,다다8162,in_age_075,8
2010,다다8162,in_age_076,8
2010,다다8162,in_age_078,5
2010,다다8162,to_in_001,163
2010,다다8162,to_in_007,88
2010,다다8162,to_in_008,78
2010,다다8258,in_age_010,5
2010,다다8258,in_age_011,5
2010,다다8258,in_age_015,5
2010,다다8258,in_age_016,0
2010,다다8258,in_age_040,0
2010,다다8258,in_age_041,5
2010,다다8258,in_age_046,0
2010,다다8258,in_age_070,5
2010,다다8258,in_age_075,5
2010,다다8258,to_in_001,8
2010,다다8258,to_in_007,5
2010,다다8258,to_in_008,8
2010,다다8259,in_age_001,8
2010,다다8259,in_age_002,13
2010,다다8259,in_age_003,23
2010,다다8259,in_age_004,13
2010,다다8259,in_age_005,13
2010,다다8259,in_age_006,13
2010,다다8259,in_age_007,18
2010,다다8259,in_age_008,29
2010,다다8259,in_age_009,38
2010,다다8259,in_age_010,64
2010,다다8259,in_age_011,78
2010,다다8259,in_age_012,67
2010,다다8259,in_age_013,45
2010,다다8259,in_age_014,31
2010,다다8259,in_age_015,25
2010,다다8259,in_age_016,13
2010,다다8259,in_age_017,8
2010,다다8259,in_age_018,5
2010,다다8259,in_age_019,5
2010,다다8259,in_age_031,8
2010,다다8259,in_age_032,8
2010,다다8259,in_age_033,13
2010,다다8259,in_age_034,8
2010,다다8259,in_age_035,8
2010,다다8259,in_age_036,8
2010,다다8259,in_age_037,13
2010,다다8259,in_age_038,19
2010,다다8259,in_age_039,18
2010,다다8259,in_age_040,27
2010,다다8259,in_age_041,40
2010,다다8259,in_age_042,36
2010,다다8259,in_age_043,24
2010,다다8259,in_age_044,19
2010,다다8259,in_age_045,15
2010,다다8259,in_age_046,8
2010,다다8259,in_age_047,5
2010,다다8259,in_age_048,0
2010,다다8259,in_age_061,5
2010,다다8259,in_age_062,8
2010,다다8259,in_age_063,8
2010,다다8259,in_age_064,8
2010,다다8259,in_age_065,8
2010,다다8259,in_age_066,5
2010,다다8259,in_age_067,8
2010,다다8259,in_age_068,13
2010,다다8259,in_age_069,18
2010,다다8259,in_age_070,35
2010,다다8259,in_age_071,36
2010,다다8259,in_age_072,29
2010,다다8259,in_age_073,24
2010,다다8259,in_age_074,15
2010,다다8259,in_age_075,13
2010,다다8259,in_age_076,5
2010,다다8259,in_age_077,5
2010,다다8259,in_age_078,5
2010,다다8259,in_age_079,5
2010,다다8259,to_in_001,511
2010,다다8259,to_in_007,272
2010,다다8259,to_in_008,237
2010,다다8261,in_age_001,0
2010,다다8261,in_age_002,5
2010,다다8261,in_age_003,5
2010,다다8261,in_age_004,0
2010,다다8261,in_age_006,5
2010,다다8261,in_age_007,8
2010,다다8261,in_age_008,5
2010,다다8261,in_age_009,8
2010,다다8261,in_age_010,18
2010,다다8261,in_age_011,28
2010,다다8261,in_age_012,18
2010,다다8261,in_age_013,13
2010,다다8261,in_age_014,13
2010,다다8261,in_age_015,8
2010,다다8261,in_age_016,18
2010,다다8261,in_age_017,13
2010,다다8261,in_age_018,8
2010,다다8261,in_age_019,0
2010,다다8261,in_age_032,5
2010,다다8261,in_age_033,0
2010,다다8261,in_age_034,0
2010,다다8261,in_age_036,5
2010,다다8261,in_age_037,5
2010,다다8261,in_age_038,0
2010,다다8261,in_age_039,5
2010,다다8261,in_age_040,8
2010,다다8261,in_age_041,13
2010,다다8261,in_age_042,13
2010,다다8261,in_age_043,8
2010,다다8261,in_age_044,5
2010,다다8261,in_age_045,5
2010,다다8261,in_age_046,5
2010,다다8261,in_age_047,5
2010,다다8261,in_age_061,0
2010,다다8261,in_age_062,0
2010,다다8261,in_age_063,0
2010,다다8261,in_age_066,0
2010,다다8261,in_age_067,5
2010,다다8261,in_age_068,5
2010,다다8261,in_age_069,5
2010,다다8261,in_age_070,13
2010,다다8261,in_age_071,13
2010,다다8261,in_age_072,8
2010,다다8261,in_age_073,5
2010,다다8261,in_age_074,8
2010,다다8261,in_age_075,5
2010,다다8261,in_age_076,13
2010,다다8261,in_age_077,8
2010,다다8261,in_age_078,8
2010,다다8261,in_age_079,0
2010,다다8261,to_in_001,168
2010,다다8261,to_in_007,73
2010,다다8261,to_in_008,93
2010,다다8262,in_age_001,8
2010,다다8262,in_age_002,0
2010,다다8262,in_age_003,5
2010,다다8262,in_age_004,5
2010,다다8262,in_age_006,5
2010,다다8262,in_age_007,0
2010,다다8262,in_age_008,5
2010,다다8262,in_age_009,5
2010,다다8262,in_age_010,8
2010,다다8262,in_age_011,5
2010,다다8262,in_age_012,5
2010,다다8262,in_age_013,5
2010,다다8262,in_age_014,5
2010,다다8262,in_age_015,8
2010,다다8262,in_age_016,8
2010,다다8262,in_age_017,0
2010,다다8262,in_age_031,8
2010,다다8262,in_age_034,5
2010,다다8262,in_age_036,5
2010,다다8262,in_age_038,0
2010,다다8262,in_age_039,0
2010,다다8262,in_age_040,8
2010,다다8262,in_age_041,5
2010,다다8262,in_age_042,5
2010,다다8262,in_age_044,5
2010,다다8262,in_age_045,5
2010,다다8262,in_age_046,5
2010,다다8262,in_age_062,0
2010,다다8262,in_age_063,5
2010,다다8262,in_age_067,0
2010,다다8262,in_age_068,0
2010,다다8262,in_age_069,5
2010,다다8262,in_age_070,5
2010,다다8262,in_age_073,5
2010,다다8262,in_age_074,0
2010,다다8262,in_age_075,8
2010,다다8262,in_age_076,8
2010,다다8262,in_age_077,0
2010,다다8262,to_in_001,48
2010,다다8262,to_in_007,23
2010,다다8262,to_in_008,23
2010,다다8688,in_age_012,0
2010,다다8688,in_age_072,0
2010,다다8688,to_in_001,0
2010,다다8688,to_in_007,0
2010,다다8688,to_in_008,0
2010,다다8787,in_age_001,0
2010,다다8787,in_age_003,5
2010,다다8787,in_age_007,5
2010,다다8787,in_age_009,0
2010,다다8787,in_age_010,0
2010,다다8787,in_age_011,0
2010,다다8787,in_age_012,0
2010,다다8787,in_age_013,5
2010,다다8787,in_age_014,8
2010,다다8787,in_age_015,5
2010,다다8787,in_age_016,5
2010,다다8787,in_age_017,5
2010,다다8787,in_age_018,0
2010,다다8787,in_age_031,0
2010,다다8787,in_age_033,5
2010,다다8787,in_age_037,5
2010,다다8787,in_age_040,0
2010,다다8787,in_age_041,0
2010,다다8787,in_age_043,5
2010,다다8787,in_age_044,8
2010,다다8787,in_age_045,0
2010,다다8787,in_age_046,5
2010,다다8787,in_age_047,0
2010,다다8787,in_age_067,0
2010,다다8787,in_age_069,0
2010,다다8787,in_age_072,0
2010,다다8787,in_age_073,5
2010,다다8787,in_age_075,5
2010,다다8787,in_age_076,5
2010,다다8787,in_age_077,5
2010,다다8787,in_age_078,0
2010,다다8787,to_in_001,33
2010,다다8787,to_in_007,18
2010,다다8787,to_in_008,18
2010,다다8788,in_age_002,0
2010,다다8788,in_age_003,5
2010,다다8788,in_age_007,5
2010,다다8788,in_age_008,5
2010,다다8788,in_age_009,5
2010,다다8788,in_age_010,8
2010,다다8788,in_age_011,8
2010,다다8788,in_age_012,8
2010,다다8788,in_age_013,13
2010,다다8788,in_age_014,8
2010,다다8788,in_age_015,13
2010,다다8788,in_age_016,13
2010,다다8788,in_age_017,8
2010,다다8788,in_age_018,0
2010,다다8788,in_age_032,0
2010,다다8788,in_age_033,0
2010,다다8788,in_age_037,5
2010,다다8788,in_age_038,5
2010,다다8788,in_age_039,5
2010,다다8788,in_age_040,8
2010,다다8788,in_age_041,0
2010,다다8788,in_age_042,5
2010,다다8788,in_age_043,5
2010,다다8788,in_age_044,8
2010,다다8788,in_age_045,5
2010,다다8788,in_age_046,5
2010,다다8788,in_age_063,5
2010,다다8788,in_age_069,0
2010,다다8788,in_age_070,5
2010,다다8788,in_age_071,8
2010,다다8788,in_age_072,5
2010,다다8788,in_age_073,8
2010,다다8788,in_age_074,0
2010,다다8788,in_age_075,8
2010,다다8788,in_age_076,8
2010,다다8788,in_age_077,8
2010,다다8788,in_age_078,0
2010,다다8788,to_in_001,83
2010,다다8788,to_in_007,38
2010,다다8788,to_in_008,48
2010,다다8987,in_age_017,5
2010,다다8987,in_age_047,0
2010,다다8987,in_age_077,0
2010,다다8987,to_in_001,5
2010,다다8987,to_in_007,0
2010,다다8987,to_in_008,0
2010,다다8988,in_age_011,0
2010,다다8988,in_age_012,0
2010,다다8988,in_age_013,0
2010,다다8988,in_age_014,0
2010,다다8988,in_age_043,0
2010,다다8988,in_age_044,0
2010,다다8988,in_age_071,0
2010,다다8988,in_age_072,0
2010,다다8988,to_in_001,5
2010,다다8988,to_in_007,5
2010,다다8988,to_in_008,5
2010,다다9087,in_age_014,0
2010,다다9087,in_age_015,5
2010,다다9087,in_age_074,0
2010,다다9087,in_age_075,5
2010,다다9087,to_in_001,5
2010,다다9087,to_in_007,0
2010,다다9087,to_in_008,5
2010,다다9088,in_age_013,0
2010,다다9088,in_age_015,0
2010,다다9088,in_age_016,0
2010,다다9088,in_age_046,0
2010,다다9088,in_age_073,0
2010,다다9088,in_age_075,0
2010,다다9088,to_in_001,5
2010,다다9088,to_in_007,0
2010,다다9088,to_in_008,5
2010,다다9583,in_age_010,0
2010,다다9583,in_age_011,0
2010,다다9583,in_age_012,5
2010,다다9583,in_age_015,5
2010,다다9583,in_age_041,0
2010,다다9583,in_age_045,0
2010,다다9583,in_age_070,0
2010,다다9583,in_age_072,5
2010,다다9583,in_age_075,0
2010,다다9583,to_in_001,5
2010,다다9583,to_in_007,5
2010,다다9583,to_in_008,5
