field_1,field_2,field_3,field_4
"2024",마라0035,to_in_001,"48"
"2024",마라0036,to_in_001,"13"
"2024",마라0037,to_in_001,"78"
"2024",마라0041,to_in_001,"83"
"2024",마라0042,to_in_001,"58"
"2024",마라0043,to_in_001,"128"
"2024",마라0045,to_in_001,"28"
"2024",마라0046,to_in_001,"152"
"2024",마라0047,to_in_001,"48"
"2024",마라0048,to_in_001,"78"
"2024",마라0049,to_in_001,"223"
"2024",마라0050,to_in_001,"68"
"2024",마라0051,to_in_001,"205"
"2024",마라0052,to_in_001,"173"
"2024",마라0055,to_in_001,"4626"
"2024",마라0056,to_in_001,"697"
"2024",마라0059,to_in_001,"8"
"2024",마라0060,to_in_001,"382"
"2024",마라0061,to_in_001,"58"
"2024",마라0062,to_in_001,"183"
"2024",마라0063,to_in_001,"5"
"2024",마라0075,to_in_001,"168"
"2024",마라0076,to_in_001,"218"
"2024",마라0077,to_in_001,"8"
"2024",마라0078,to_in_001,"8"
"2024",마라0079,to_in_001,"13"
"2024",마라0080,to_in_001,"13"
"2024",마라0085,to_in_001,"33"
"2024",마라0086,to_in_001,"88"
"2024",마라0088,to_in_001,"257"
"2024",마라0089,to_in_001,"5"
"2024",마라0090,to_in_001,"0"
"2024",마라0091,to_in_001,"458"
"2024",마라0092,to_in_001,"204"
"2024",마라0094,to_in_001,"521"
"2024",마라0095,to_in_001,"5523"
"2024",마라0096,to_in_001,"3663"
"2024",마라0099,to_in_001,"73"
"2024",마라0137,to_in_001,"63"
"2024",마라0138,to_in_001,"127"
"2024",마라0139,to_in_001,"5"
"2024",마라0141,to_in_001,"63"
"2024",마라0142,to_in_001,"5"
"2024",마라0145,to_in_001,"13"
"2024",마라0146,to_in_001,"63"
"2024",마라0147,to_in_001,"68"
"2024",마라0148,to_in_001,"452"
"2024",마라0149,to_in_001,"103"
"2024",마라0150,to_in_001,"178"
"2024",마라0151,to_in_001,"8"
"2024",마라0154,to_in_001,"1318"
"2024",마라0155,to_in_001,"17147"
"2024",마라0156,to_in_001,"883"
"2024",마라0158,to_in_001,"5"
"2024",마라0159,to_in_001,"792"
"2024",마라0160,to_in_001,"493"
"2024",마라0162,to_in_001,"5"
"2024",마라0163,to_in_001,"118"
"2024",마라0174,to_in_001,"18"
"2024",마라0175,to_in_001,"69"
"2024",마라0176,to_in_001,"83"
"2024",마라0177,to_in_001,"28"
"2024",마라0178,to_in_001,"132"
"2024",마라0184,to_in_001,"13"
"2024",마라0185,to_in_001,"73"
"2024",마라0186,to_in_001,"163"
"2024",마라0189,to_in_001,"0"
"2024",마라0191,to_in_001,"935"
"2024",마라0194,to_in_001,"43"
"2024",마라0195,to_in_001,"8231"
"2024",마라0196,to_in_001,"17697"
"2024",마라0197,to_in_001,"3858"
"2024",마라0198,to_in_001,"48"
"2024",마라0199,to_in_001,"108"
"2024",마라0236,to_in_001,"8"
"2024",마라0237,to_in_001,"123"
"2024",마라0238,to_in_001,"8"
"2024",마라0245,to_in_001,"68"
"2024",마라0246,to_in_001,"5"
"2024",마라0247,to_in_001,"83"
"2024",마라0250,to_in_001,"0"
"2024",마라0253,to_in_001,"13"
"2024",마라0254,to_in_001,"6208"
"2024",마라0255,to_in_001,"8218"
"2024",마라0256,to_in_001,"4609"
"2024",마라0257,to_in_001,"884"
"2024",마라0258,to_in_001,"425"
"2024",마라0259,to_in_001,"203"
"2024",마라0262,to_in_001,"5"
"2024",마라0263,to_in_001,"133"
"2024",마라0265,to_in_001,"48"
"2024",마라0266,to_in_001,"115"
"2024",마라0267,to_in_001,"93"
"2024",마라0268,to_in_001,"44"
"2024",마라0275,to_in_001,"109"
"2024",마라0286,to_in_001,"0"
"2024",마라0288,to_in_001,"5"
"2024",마라0289,to_in_001,"2724"
"2024",마라0290,to_in_001,"3691"
"2024",마라0291,to_in_001,"50"
"2024",마라0294,to_in_001,"94"
"2024",마라0295,to_in_001,"4581"
"2024",마라0296,to_in_001,"18450"
"2024",마라0297,to_in_001,"9416"
"2024",마라0299,to_in_001,"8"
"2024",마라0336,to_in_001,"38"
"2024",마라0337,to_in_001,"18"
"2024",마라0338,to_in_001,"198"
"2024",마라0339,to_in_001,"13"
"2024",마라0342,to_in_001,"8"
"2024",마라0343,to_in_001,"5"
"2024",마라0344,to_in_001,"28"
"2024",마라0345,to_in_001,"28"
"2024",마라0346,to_in_001,"68"
"2024",마라0347,to_in_001,"48"
"2024",마라0350,to_in_001,"5"
"2024",마라0351,to_in_001,"8"
"2024",마라0352,to_in_001,"13310"
"2024",마라0353,to_in_001,"6905"
"2024",마라0354,to_in_001,"3164"
"2024",마라0355,to_in_001,"5478"
"2024",마라0356,to_in_001,"12401"
"2024",마라0357,to_in_001,"178"
"2024",마라0359,to_in_001,"13"
"2024",마라0361,to_in_001,"33"
"2024",마라0362,to_in_001,"158"
"2024",마라0363,to_in_001,"171"
"2024",마라0365,to_in_001,"118"
"2024",마라0366,to_in_001,"28"
"2024",마라0367,to_in_001,"88"
"2024",마라0368,to_in_001,"98"
"2024",마라0369,to_in_001,"8"
"2024",마라0374,to_in_001,"73"
"2024",마라0375,to_in_001,"58"
"2024",마라0388,to_in_001,"13"
"2024",마라0389,to_in_001,"5"
"2024",마라0390,to_in_001,"79"
"2024",마라0391,to_in_001,"75"
"2024",마라0392,to_in_001,"71"
"2024",마라0393,to_in_001,"2325"
"2024",마라0394,to_in_001,"2507"
"2024",마라0395,to_in_001,"7552"
"2024",마라0396,to_in_001,"16496"
"2024",마라0397,to_in_001,"1268"
"2024",마라0398,to_in_001,"48"
"2024",마라0438,to_in_001,"18"
"2024",마라0442,to_in_001,"233"
"2024",마라0443,to_in_001,"48"
"2024",마라0446,to_in_001,"8"
"2024",마라0447,to_in_001,"13"
"2024",마라0450,to_in_001,"83"
"2024",마라0451,to_in_001,"762"
"2024",마라0452,to_in_001,"9064"
"2024",마라0453,to_in_001,"3373"
"2024",마라0454,to_in_001,"53"
"2024",마라0455,to_in_001,"9697"
"2024",마라0456,to_in_001,"3845"
"2024",마라0457,to_in_001,"368"
"2024",마라0458,to_in_001,"445"
"2024",마라0459,to_in_001,"8"
"2024",마라0460,to_in_001,"88"
"2024",마라0462,to_in_001,"118"
"2024",마라0463,to_in_001,"63"
"2024",마라0464,to_in_001,"43"
"2024",마라0465,to_in_001,"118"
"2024",마라0466,to_in_001,"93"
"2024",마라0467,to_in_001,"43"
"2024",마라0468,to_in_001,"68"
"2024",마라0469,to_in_001,"48"
"2024",마라0484,to_in_001,"120"
"2024",마라0487,to_in_001,"13"
"2024",마라0488,to_in_001,"5"
"2024",마라0490,to_in_001,"77"
"2024",마라0491,to_in_001,"93"
"2024",마라0492,to_in_001,"621"
"2024",마라0493,to_in_001,"7479"
"2024",마라0494,to_in_001,"5616"
"2024",마라0495,to_in_001,"11507"
"2024",마라0496,to_in_001,"432"
"2024",마라0497,to_in_001,"5"
"2024",마라0498,to_in_001,"83"
"2024",마라0538,to_in_001,"8"
"2024",마라0539,to_in_001,"23"
"2024",마라0543,to_in_001,"88"
"2024",마라0548,to_in_001,"0"
"2024",마라0549,to_in_001,"28"
"2024",마라0550,to_in_001,"83"
"2024",마라0551,to_in_001,"33"
"2024",마라0552,to_in_001,"2204"
"2024",마라0553,to_in_001,"2278"
"2024",마라0554,to_in_001,"241"
"2024",마라0555,to_in_001,"359"
"2024",마라0556,to_in_001,"113"
"2024",마라0557,to_in_001,"113"
"2024",마라0558,to_in_001,"1959"
"2024",마라0559,to_in_001,"138"
"2024",마라0560,to_in_001,"153"
"2024",마라0561,to_in_001,"88"
"2024",마라0562,to_in_001,"710"
"2024",마라0563,to_in_001,"1084"
"2024",마라0564,to_in_001,"88"
"2024",마라0565,to_in_001,"78"
"2024",마라0568,to_in_001,"23"
"2024",마라0569,to_in_001,"8"
"2024",마라0583,to_in_001,"2171"
"2024",마라0584,to_in_001,"8688"
"2024",마라0585,to_in_001,"4970"
"2024",마라0586,to_in_001,"245"
"2024",마라0590,to_in_001,"84"
"2024",마라0591,to_in_001,"75"
"2024",마라0592,to_in_001,"4475"
"2024",마라0593,to_in_001,"2055"
"2024",마라0594,to_in_001,"8410"
"2024",마라0595,to_in_001,"6590"
"2024",마라0597,to_in_001,"8"
"2024",마라0598,to_in_001,"339"
"2024",마라0638,to_in_001,"5"
"2024",마라0639,to_in_001,"113"
"2024",마라0644,to_in_001,"28"
"2024",마라0645,to_in_001,"88"
"2024",마라0646,to_in_001,"58"
"2024",마라0647,to_in_001,"173"
"2024",마라0652,to_in_001,"8"
"2024",마라0654,to_in_001,"18"
"2024",마라0656,to_in_001,"43"
"2024",마라0657,to_in_001,"219"
"2024",마라0658,to_in_001,"183"
"2024",마라0659,to_in_001,"5"
"2024",마라0660,to_in_001,"28"
"2024",마라0661,to_in_001,"43"
"2024",마라0662,to_in_001,"28"
"2024",마라0663,to_in_001,"48"
"2024",마라0664,to_in_001,"5"
"2024",마라0665,to_in_001,"23"
"2024",마라0666,to_in_001,"38"
"2024",마라0667,to_in_001,"5"
"2024",마라0674,to_in_001,"13"
"2024",마라0682,to_in_001,"28"
"2024",마라0683,to_in_001,"2674"
"2024",마라0684,to_in_001,"3852"
"2024",마라0685,to_in_001,"1467"
"2024",마라0686,to_in_001,"5"
"2024",마라0689,to_in_001,"8"
"2024",마라0690,to_in_001,"905"
"2024",마라0691,to_in_001,"377"
"2024",마라0692,to_in_001,"5073"
"2024",마라0693,to_in_001,"13771"
"2024",마라0694,to_in_001,"16479"
"2024",마라0695,to_in_001,"10544"
"2024",마라0696,to_in_001,"1111"
"2024",마라0697,to_in_001,"128"
"2024",마라0698,to_in_001,"98"
"2024",마라0699,to_in_001,"21"
"2024",마라0738,to_in_001,"98"
"2024",마라0739,to_in_001,"5"
"2024",마라0747,to_in_001,"133"
"2024",마라0752,to_in_001,"110"
"2024",마라0753,to_in_001,"4929"
"2024",마라0754,to_in_001,"5"
"2024",마라0757,to_in_001,"89"
"2024",마라0758,to_in_001,"359"
"2024",마라0759,to_in_001,"38"
"2024",마라0760,to_in_001,"33"
"2024",마라0761,to_in_001,"5"
"2024",마라0762,to_in_001,"33"
"2024",마라0764,to_in_001,"8"
"2024",마라0765,to_in_001,"5"
"2024",마라0766,to_in_001,"643"
"2024",마라0767,to_in_001,"98"
"2024",마라0768,to_in_001,"48"
"2024",마라0769,to_in_001,"8"
"2024",마라0770,to_in_001,"43"
"2024",마라0771,to_in_001,"143"
"2024",마라0784,to_in_001,"1276"
"2024",마라0785,to_in_001,"9036"
"2024",마라0786,to_in_001,"28"
"2024",마라0787,to_in_001,"5"
"2024",마라0789,to_in_001,"145"
"2024",마라0790,to_in_001,"88"
"2024",마라0791,to_in_001,"7341"
"2024",마라0792,to_in_001,"10882"
"2024",마라0793,to_in_001,"9025"
"2024",마라0794,to_in_001,"10172"
"2024",마라0795,to_in_001,"7842"
"2024",마라0797,to_in_001,"5"
"2024",마라0798,to_in_001,"2127"
"2024",마라0799,to_in_001,"1153"
"2024",마라0846,to_in_001,"28"
"2024",마라0847,to_in_001,"0"
"2024",마라0849,to_in_001,"798"
"2024",마라0850,to_in_001,"33"
"2024",마라0852,to_in_001,"5026"
"2024",마라0853,to_in_001,"11490"
"2024",마라0854,to_in_001,"2696"
"2024",마라0855,to_in_001,"4818"
"2024",마라0856,to_in_001,"11036"
"2024",마라0857,to_in_001,"1990"
"2024",마라0858,to_in_001,"50"
"2024",마라0859,to_in_001,"28"
"2024",마라0862,to_in_001,"63"
"2024",마라0863,to_in_001,"18"
"2024",마라0864,to_in_001,"148"
"2024",마라0865,to_in_001,"138"
"2024",마라0866,to_in_001,"153"
"2024",마라0867,to_in_001,"68"
"2024",마라0868,to_in_001,"48"
"2024",마라0869,to_in_001,"38"
"2024",마라0871,to_in_001,"13"
"2024",마라0878,to_in_001,"8"
"2024",마라0884,to_in_001,"4039"
"2024",마라0885,to_in_001,"11188"
"2024",마라0887,to_in_001,"5"
"2024",마라0888,to_in_001,"8667"
"2024",마라0889,to_in_001,"167"
"2024",마라0890,to_in_001,"5839"
"2024",마라0891,to_in_001,"18008"
"2024",마라0892,to_in_001,"21673"
"2024",마라0893,to_in_001,"5840"
"2024",마라0894,to_in_001,"3019"
"2024",마라0895,to_in_001,"5"
"2024",마라0898,to_in_001,"1559"
"2024",마라0899,to_in_001,"1030"
"2024",마라0945,to_in_001,"5"
"2024",마라0946,to_in_001,"426"
"2024",마라0947,to_in_001,"0"
"2024",마라0948,to_in_001,"833"
"2024",마라0949,to_in_001,"1123"
"2024",마라0950,to_in_001,"1599"
"2024",마라0952,to_in_001,"1281"
"2024",마라0953,to_in_001,"537"
"2024",마라0954,to_in_001,"188"
"2024",마라0955,to_in_001,"2479"
"2024",마라0956,to_in_001,"9461"
"2024",마라0957,to_in_001,"991"
"2024",마라0958,to_in_001,"460"
"2024",마라0960,to_in_001,"0"
"2024",마라0961,to_in_001,"13"
"2024",마라0962,to_in_001,"0"
"2024",마라0963,to_in_001,"18"
"2024",마라0964,to_in_001,"173"
"2024",마라0965,to_in_001,"13"
"2024",마라0966,to_in_001,"68"
"2024",마라0967,to_in_001,"118"
"2024",마라0968,to_in_001,"108"
"2024",마라0969,to_in_001,"108"
"2024",마라0970,to_in_001,"5"
"2024",마라0971,to_in_001,"123"
"2024",마라0979,to_in_001,"103"
"2024",마라0980,to_in_001,"267"
"2024",마라0981,to_in_001,"469"
"2024",마라0982,to_in_001,"9682"
"2024",마라0983,to_in_001,"9806"
"2024",마라0984,to_in_001,"9733"
"2024",마라0985,to_in_001,"9798"
"2024",마라0986,to_in_001,"8"
"2024",마라0987,to_in_001,"5"
"2024",마라0988,to_in_001,"92"
"2024",마라0989,to_in_001,"614"
"2024",마라0990,to_in_001,"8534"
"2024",마라0991,to_in_001,"30518"
"2024",마라0992,to_in_001,"8838"
"2024",마라0993,to_in_001,"2901"
"2024",마라0994,to_in_001,"183"
"2024",마라0997,to_in_001,"0"
"2024",마라0998,to_in_001,"5489"
"2024",마라0999,to_in_001,"206"
"2024",마라1042,to_in_001,"0"
"2024",마라1046,to_in_001,"13"
"2024",마라1047,to_in_001,"183"
"2024",마라1048,to_in_001,"1405"
"2024",마라1049,to_in_001,"113"
"2024",마라1050,to_in_001,"18"
"2024",마라1051,to_in_001,"53"
"2024",마라1054,to_in_001,"1605"
"2024",마라1056,to_in_001,"114"
"2024",마라1057,to_in_001,"23"
"2024",마라1058,to_in_001,"404"
"2024",마라1059,to_in_001,"8"
"2024",마라1060,to_in_001,"159"
"2024",마라1061,to_in_001,"93"
"2024",마라1062,to_in_001,"33"
"2024",마라1063,to_in_001,"238"
"2024",마라1064,to_in_001,"18"
"2024",마라1068,to_in_001,"18"
"2024",마라1069,to_in_001,"13"
"2024",마라1070,to_in_001,"108"
"2024",마라1071,to_in_001,"5"
"2024",마라1078,to_in_001,"77"
"2024",마라1079,to_in_001,"68"
"2024",마라1081,to_in_001,"168"
"2024",마라1082,to_in_001,"5184"
"2024",마라1083,to_in_001,"6019"
"2024",마라1084,to_in_001,"8722"
"2024",마라1085,to_in_001,"5349"
"2024",마라1087,to_in_001,"8"
"2024",마라1088,to_in_001,"8"
"2024",마라1089,to_in_001,"4846"
"2024",마라1090,to_in_001,"12754"
"2024",마라1091,to_in_001,"5866"
"2024",마라1092,to_in_001,"1744"
"2024",마라1097,to_in_001,"63"
"2024",마라1098,to_in_001,"38"
"2024",마라1099,to_in_001,"408"
"2024",마라1144,to_in_001,"8"
"2024",마라1145,to_in_001,"93"
"2024",마라1146,to_in_001,"28"
"2024",마라1149,to_in_001,"73"
"2024",마라1150,to_in_001,"8"
"2024",마라1151,to_in_001,"229"
"2024",마라1152,to_in_001,"2859"
"2024",마라1153,to_in_001,"1055"
"2024",마라1154,to_in_001,"0"
"2024",마라1158,to_in_001,"133"
"2024",마라1159,to_in_001,"5"
"2024",마라1160,to_in_001,"143"
"2024",마라1161,to_in_001,"425"
"2024",마라1162,to_in_001,"23"
"2024",마라1164,to_in_001,"103"
"2024",마라1170,to_in_001,"73"
"2024",마라1177,to_in_001,"88"
"2024",마라1178,to_in_001,"231"
"2024",마라1179,to_in_001,"360"
"2024",마라1180,to_in_001,"63"
"2024",마라1181,to_in_001,"0"
"2024",마라1182,to_in_001,"13"
"2024",마라1184,to_in_001,"4555"
"2024",마라1185,to_in_001,"1545"
"2024",마라1188,to_in_001,"88"
"2024",마라1189,to_in_001,"418"
"2024",마라1192,to_in_001,"13"
"2024",마라1197,to_in_001,"5"
"2024",마라1198,to_in_001,"113"
"2024",마라1199,to_in_001,"111"
"2024",마라1245,to_in_001,"0"
"2024",마라1250,to_in_001,"0"
"2024",마라1251,to_in_001,"292"
"2024",마라1252,to_in_001,"224"
"2024",마라1253,to_in_001,"3998"
"2024",마라1254,to_in_001,"5432"
"2024",마라1255,to_in_001,"147"
"2024",마라1264,to_in_001,"18"
"2024",마라1278,to_in_001,"108"
"2024",마라1280,to_in_001,"103"
"2024",마라1281,to_in_001,"63"
"2024",마라1284,to_in_001,"0"
"2024",마라1288,to_in_001,"5"
"2024",마라1292,to_in_001,"58"
"2024",마라1293,to_in_001,"13"
"2024",마라1294,to_in_001,"28"
"2024",마라1295,to_in_001,"33"
"2024",마라1296,to_in_001,"268"
"2024",마라1297,to_in_001,"8"
"2024",마라1298,to_in_001,"33"
"2024",마라1299,to_in_001,"83"
"2024",마라1354,to_in_001,"353"
"2024",마라1355,to_in_001,"371"
"2024",마라1377,to_in_001,"178"
"2024",마라1378,to_in_001,"112"
"2024",마라1379,to_in_001,"290"
"2024",마라1380,to_in_001,"1139"
"2024",마라1381,to_in_001,"28"
"2024",마라1392,to_in_001,"5"
"2024",마라1393,to_in_001,"83"
"2024",마라1394,to_in_001,"308"
"2024",마라1395,to_in_001,"1151"
"2024",마라1396,to_in_001,"606"
"2024",마라1397,to_in_001,"324"
"2024",마라1398,to_in_001,"115"
"2024",마라1399,to_in_001,"133"
"2024",마라1447,to_in_001,"13"
"2024",마라1455,to_in_001,"0"
"2024",마라1479,to_in_001,"10735"
"2024",마라1480,to_in_001,"108"
"2024",마라1487,to_in_001,"8"
"2024",마라1488,to_in_001,"23"
"2024",마라1489,to_in_001,"0"
"2024",마라1492,to_in_001,"78"
"2024",마라1493,to_in_001,"89"
"2024",마라1494,to_in_001,"292"
"2024",마라1495,to_in_001,"1262"
"2024",마라1496,to_in_001,"88"
"2024",마라1497,to_in_001,"136"
"2024",마라1498,to_in_001,"198"
"2024",마라1499,to_in_001,"32"
"2024",마라1579,to_in_001,"97"
"2024",마라1580,to_in_001,"28"
"2024",마라1588,to_in_001,"48"
"2024",마라1592,to_in_001,"93"
"2024",마라1593,to_in_001,"298"
"2024",마라1594,to_in_001,"213"
"2024",마라1595,to_in_001,"277"
"2024",마라1596,to_in_001,"286"
"2024",마라1597,to_in_001,"270"
"2024",마라1598,to_in_001,"231"
"2024",마라1599,to_in_001,"1019"
"2024",마라1679,to_in_001,"5"
"2024",마라1680,to_in_001,"559"
"2024",마라1681,to_in_001,"2988"
"2024",마라1682,to_in_001,"1946"
"2024",마라1683,to_in_001,"118"
"2024",마라1687,to_in_001,"0"
"2024",마라1688,to_in_001,"58"
"2024",마라1692,to_in_001,"48"
"2024",마라1693,to_in_001,"8"
"2024",마라1694,to_in_001,"133"
"2024",마라1695,to_in_001,"406"
"2024",마라1696,to_in_001,"83"
"2024",마라1697,to_in_001,"488"
"2024",마라1698,to_in_001,"305"
"2024",마라1699,to_in_001,"73"
"2024",마라1777,to_in_001,"13"
"2024",마라1778,to_in_001,"43"
"2024",마라1779,to_in_001,"156"
"2024",마라1780,to_in_001,"324"
"2024",마라1781,to_in_001,"1783"
"2024",마라1782,to_in_001,"574"
"2024",마라1783,to_in_001,"5"
"2024",마라1787,to_in_001,"6998"
"2024",마라1788,to_in_001,"3122"
"2024",마라1789,to_in_001,"6292"
"2024",마라1790,to_in_001,"3228"
"2024",마라1791,to_in_001,"33"
"2024",마라1792,to_in_001,"48"
"2024",마라1793,to_in_001,"87"
"2024",마라1795,to_in_001,"58"
"2024",마라1797,to_in_001,"84"
"2024",마라1798,to_in_001,"5"
"2024",마라1799,to_in_001,"425"
"2024",마라1877,to_in_001,"4158"
"2024",마라1878,to_in_001,"1754"
"2024",마라1879,to_in_001,"6718"
"2024",마라1880,to_in_001,"179"
"2024",마라1881,to_in_001,"5"
"2024",마라1886,to_in_001,"134"
"2024",마라1887,to_in_001,"7871"
"2024",마라1888,to_in_001,"7818"
"2024",마라1889,to_in_001,"11998"
"2024",마라1890,to_in_001,"19655"
"2024",마라1891,to_in_001,"4377"
"2024",마라1892,to_in_001,"176"
"2024",마라1893,to_in_001,"110"
"2024",마라1894,to_in_001,"13"
"2024",마라1895,to_in_001,"5"
"2024",마라1897,to_in_001,"13"
"2024",마라1898,to_in_001,"13"
"2024",마라1899,to_in_001,"95"
"2024",마라1970,to_in_001,"28"
"2024",마라1971,to_in_001,"123"
"2024",마라1972,to_in_001,"158"
"2024",마라1974,to_in_001,"38"
"2024",마라1977,to_in_001,"8156"
"2024",마라1978,to_in_001,"2183"
"2024",마라1979,to_in_001,"15592"
"2024",마라1980,to_in_001,"5"
"2024",마라1981,to_in_001,"8"
"2024",마라1982,to_in_001,"0"
"2024",마라1983,to_in_001,"0"
"2024",마라1984,to_in_001,"228"
"2024",마라1985,to_in_001,"8"
"2024",마라1986,to_in_001,"5518"
"2024",마라1987,to_in_001,"17513"
"2024",마라1988,to_in_001,"13"
"2024",마라1989,to_in_001,"15050"
"2024",마라1990,to_in_001,"15878"
"2024",마라1991,to_in_001,"118"
"2024",마라1992,to_in_001,"240"
"2024",마라1993,to_in_001,"550"
"2024",마라1994,to_in_001,"359"
"2024",마라1996,to_in_001,"102"
"2024",마라1997,to_in_001,"53"
"2024",마라1998,to_in_001,"0"
"2024",마라1999,to_in_001,"98"
"2024",마라2068,to_in_001,"38"
"2024",마라2070,to_in_001,"74"
"2024",마라2071,to_in_001,"323"
"2024",마라2072,to_in_001,"13"
"2024",마라2074,to_in_001,"13"
"2024",마라2077,to_in_001,"623"
"2024",마라2078,to_in_001,"3571"
"2024",마라2079,to_in_001,"2296"
"2024",마라2083,to_in_001,"38"
"2024",마라2084,to_in_001,"118"
"2024",마라2085,to_in_001,"5"
"2024",마라2086,to_in_001,"18570"
"2024",마라2087,to_in_001,"10276"
"2024",마라2088,to_in_001,"13"
"2024",마라2089,to_in_001,"437"
"2024",마라2090,to_in_001,"5039"
"2024",마라2091,to_in_001,"1109"
"2024",마라2092,to_in_001,"540"
"2024",마라2093,to_in_001,"147"
"2024",마라2094,to_in_001,"229"
"2024",마라2095,to_in_001,"78"
"2024",마라2096,to_in_001,"213"
"2024",마라2097,to_in_001,"18"
"2024",마라2098,to_in_001,"125"
"2024",마라2099,to_in_001,"144"
"2024",마라2166,to_in_001,"0"
"2024",마라2169,to_in_001,"578"
"2024",마라2170,to_in_001,"0"
"2024",마라2172,to_in_001,"47"
"2024",마라2173,to_in_001,"656"
"2024",마라2174,to_in_001,"833"
"2024",마라2175,to_in_001,"191"
"2024",마라2176,to_in_001,"8"
"2024",마라2177,to_in_001,"102"
"2024",마라2178,to_in_001,"335"
"2024",마라2179,to_in_001,"83"
"2024",마라2180,to_in_001,"123"
"2024",마라2181,to_in_001,"168"
"2024",마라2182,to_in_001,"0"
"2024",마라2183,to_in_001,"13"
"2024",마라2184,to_in_001,"7187"
"2024",마라2185,to_in_001,"214"
"2024",마라2186,to_in_001,"4466"
"2024",마라2187,to_in_001,"78"
"2024",마라2189,to_in_001,"78"
"2024",마라2190,to_in_001,"193"
"2024",마라2191,to_in_001,"78"
"2024",마라2192,to_in_001,"308"
"2024",마라2193,to_in_001,"5196"
"2024",마라2194,to_in_001,"5558"
"2024",마라2195,to_in_001,"279"
"2024",마라2196,to_in_001,"92"
"2024",마라2198,to_in_001,"436"
"2024",마라2199,to_in_001,"193"
"2024",마라2273,to_in_001,"88"
"2024",마라2274,to_in_001,"93"
"2024",마라2275,to_in_001,"360"
"2024",마라2276,to_in_001,"158"
"2024",마라2277,to_in_001,"68"
"2024",마라2278,to_in_001,"524"
"2024",마라2279,to_in_001,"558"
"2024",마라2280,to_in_001,"63"
"2024",마라2281,to_in_001,"13"
"2024",마라2282,to_in_001,"54"
"2024",마라2283,to_in_001,"5"
"2024",마라2284,to_in_001,"3204"
"2024",마라2287,to_in_001,"133"
"2024",마라2288,to_in_001,"23"
"2024",마라2289,to_in_001,"323"
"2024",마라2290,to_in_001,"503"
"2024",마라2291,to_in_001,"377"
"2024",마라2292,to_in_001,"839"
"2024",마라2293,to_in_001,"12637"
"2024",마라2294,to_in_001,"2923"
"2024",마라2295,to_in_001,"43"
"2024",마라2296,to_in_001,"88"
"2024",마라2297,to_in_001,"8"
"2024",마라2298,to_in_001,"150"
"2024",마라2299,to_in_001,"53"
"2024",마라2372,to_in_001,"5"
"2024",마라2375,to_in_001,"88"
"2024",마라2377,to_in_001,"907"
"2024",마라2378,to_in_001,"500"
"2024",마라2379,to_in_001,"73"
"2024",마라2380,to_in_001,"48"
"2024",마라2381,to_in_001,"13"
"2024",마라2382,to_in_001,"222"
"2024",마라2383,to_in_001,"64"
"2024",마라2384,to_in_001,"148"
"2024",마라2385,to_in_001,"318"
"2024",마라2386,to_in_001,"5"
"2024",마라2387,to_in_001,"18"
"2024",마라2388,to_in_001,"73"
"2024",마라2389,to_in_001,"78"
"2024",마라2390,to_in_001,"78"
"2024",마라2391,to_in_001,"133"
"2024",마라2392,to_in_001,"2243"
"2024",마라2393,to_in_001,"10764"
"2024",마라2394,to_in_001,"12913"
"2024",마라2395,to_in_001,"1083"
"2024",마라2396,to_in_001,"582"
"2024",마라2397,to_in_001,"4032"
"2024",마라2398,to_in_001,"4311"
"2024",마라2477,to_in_001,"50"
"2024",마라2478,to_in_001,"198"
"2024",마라2479,to_in_001,"63"
"2024",마라2480,to_in_001,"162"
"2024",마라2482,to_in_001,"33"
"2024",마라2483,to_in_001,"86"
"2024",마라2484,to_in_001,"69"
"2024",마라2485,to_in_001,"33"
"2024",마라2487,to_in_001,"53"
"2024",마라2488,to_in_001,"98"
"2024",마라2489,to_in_001,"63"
"2024",마라2490,to_in_001,"113"
"2024",마라2491,to_in_001,"53"
"2024",마라2492,to_in_001,"2850"
"2024",마라2493,to_in_001,"15008"
"2024",마라2494,to_in_001,"16932"
"2024",마라2495,to_in_001,"13066"
"2024",마라2496,to_in_001,"19990"
"2024",마라2497,to_in_001,"22933"
"2024",마라2498,to_in_001,"11442"
"2024",마라2499,to_in_001,"23"
"2024",마라2576,to_in_001,"48"
"2024",마라2577,to_in_001,"16101"
"2024",마라2578,to_in_001,"73"
"2024",마라2579,to_in_001,"267"
"2024",마라2580,to_in_001,"1364"
"2024",마라2581,to_in_001,"13"
"2024",마라2582,to_in_001,"379"
"2024",마라2583,to_in_001,"146"
"2024",마라2584,to_in_001,"586"
"2024",마라2585,to_in_001,"38"
"2024",마라2586,to_in_001,"48"
"2024",마라2587,to_in_001,"8"
"2024",마라2588,to_in_001,"68"
"2024",마라2589,to_in_001,"23"
"2024",마라2590,to_in_001,"88"
"2024",마라2591,to_in_001,"28"
"2024",마라2592,to_in_001,"2172"
"2024",마라2593,to_in_001,"10503"
"2024",마라2594,to_in_001,"8609"
"2024",마라2595,to_in_001,"5491"
"2024",마라2596,to_in_001,"355"
"2024",마라2597,to_in_001,"831"
"2024",마라2599,to_in_001,"102"
"2024",마라2677,to_in_001,"8"
"2024",마라2678,to_in_001,"0"
"2024",마라2679,to_in_001,"131"
"2024",마라2680,to_in_001,"3265"
"2024",마라2681,to_in_001,"189"
"2024",마라2682,to_in_001,"13"
"2024",마라2683,to_in_001,"235"
"2024",마라2684,to_in_001,"284"
"2024",마라2685,to_in_001,"233"
"2024",마라2686,to_in_001,"83"
"2024",마라2687,to_in_001,"58"
"2024",마라2688,to_in_001,"78"
"2024",마라2689,to_in_001,"143"
"2024",마라2690,to_in_001,"165"
"2024",마라2691,to_in_001,"63"
"2024",마라2692,to_in_001,"38"
"2024",마라2693,to_in_001,"9233"
"2024",마라2694,to_in_001,"8440"
"2024",마라2695,to_in_001,"18"
"2024",마라2696,to_in_001,"18"
"2024",마라2697,to_in_001,"8"
"2024",마라2698,to_in_001,"220"
"2024",마라2699,to_in_001,"165"
"2024",마라2776,to_in_001,"218"
"2024",마라2777,to_in_001,"19840"
"2024",마라2778,to_in_001,"475"
"2024",마라2781,to_in_001,"157"
"2024",마라2782,to_in_001,"53"
"2024",마라2783,to_in_001,"13"
"2024",마라2784,to_in_001,"18"
"2024",마라2785,to_in_001,"63"
"2024",마라2786,to_in_001,"43"
"2024",마라2787,to_in_001,"113"
"2024",마라2788,to_in_001,"211"
"2024",마라2789,to_in_001,"364"
"2024",마라2790,to_in_001,"110"
"2024",마라2791,to_in_001,"8"
"2024",마라2792,to_in_001,"113"
"2024",마라2793,to_in_001,"9094"
"2024",마라2794,to_in_001,"14004"
"2024",마라2795,to_in_001,"14446"
"2024",마라2796,to_in_001,"2507"
"2024",마라2797,to_in_001,"73"
"2024",마라2799,to_in_001,"98"
"2024",마라2876,to_in_001,"199"
"2024",마라2877,to_in_001,"8705"
"2024",마라2878,to_in_001,"14056"
"2024",마라2879,to_in_001,"5382"
"2024",마라2882,to_in_001,"220"
"2024",마라2883,to_in_001,"2196"
"2024",마라2886,to_in_001,"234"
"2024",마라2887,to_in_001,"190"
"2024",마라2888,to_in_001,"63"
"2024",마라2889,to_in_001,"253"
"2024",마라2890,to_in_001,"193"
"2024",마라2891,to_in_001,"265"
"2024",마라2892,to_in_001,"248"
"2024",마라2893,to_in_001,"288"
"2024",마라2894,to_in_001,"12718"
"2024",마라2895,to_in_001,"13393"
"2024",마라2896,to_in_001,"3863"
"2024",마라2897,to_in_001,"8"
"2024",마라2899,to_in_001,"48"
"2024",마라2978,to_in_001,"9362"
"2024",마라2979,to_in_001,"16952"
"2024",마라2980,to_in_001,"5208"
"2024",마라2981,to_in_001,"48"
"2024",마라2982,to_in_001,"13"
"2024",마라2983,to_in_001,"644"
"2024",마라2986,to_in_001,"213"
"2024",마라2987,to_in_001,"188"
"2024",마라2988,to_in_001,"208"
"2024",마라2989,to_in_001,"208"
"2024",마라2990,to_in_001,"108"
"2024",마라2991,to_in_001,"267"
"2024",마라2992,to_in_001,"380"
"2024",마라2993,to_in_001,"4622"
"2024",마라2994,to_in_001,"1678"
"2024",마라2998,to_in_001,"5"
"2024",마라2999,to_in_001,"59"
"2024",마라3078,to_in_001,"0"
"2024",마라3079,to_in_001,"340"
"2024",마라3080,to_in_001,"1523"
"2024",마라3081,to_in_001,"73"
"2024",마라3082,to_in_001,"103"
"2024",마라3083,to_in_001,"98"
"2024",마라3084,to_in_001,"58"
"2024",마라3085,to_in_001,"98"
"2024",마라3086,to_in_001,"68"
"2024",마라3087,to_in_001,"93"
"2024",마라3089,to_in_001,"23"
"2024",마라3090,to_in_001,"188"
"2024",마라3091,to_in_001,"147"
"2024",마라3092,to_in_001,"863"
"2024",마라3093,to_in_001,"219"
"2024",마라3094,to_in_001,"8"
"2024",마라3095,to_in_001,"5"
"2024",마라3097,to_in_001,"5"
"2024",마라3098,to_in_001,"5"
"2024",마라3180,to_in_001,"0"
"2024",마라3181,to_in_001,"8"
"2024",마라3182,to_in_001,"163"
"2024",마라3183,to_in_001,"248"
"2024",마라3184,to_in_001,"368"
"2024",마라3185,to_in_001,"68"
"2024",마라3186,to_in_001,"33"
"2024",마라3188,to_in_001,"527"
"2024",마라3190,to_in_001,"250"
"2024",마라3191,to_in_001,"500"
"2024",마라3192,to_in_001,"909"
"2024",마라3193,to_in_001,"18"
"2024",마라3194,to_in_001,"445"
"2024",마라3195,to_in_001,"58"
"2024",마라3196,to_in_001,"5"
"2024",마라3274,to_in_001,"88"
"2024",마라3275,to_in_001,"104"
"2024",마라3276,to_in_001,"332"
"2024",마라3277,to_in_001,"47"
"2024",마라3278,to_in_001,"1107"
"2024",마라3279,to_in_001,"6498"
"2024",마라3280,to_in_001,"3990"
"2024",마라3284,to_in_001,"163"
"2024",마라3285,to_in_001,"88"
"2024",마라3286,to_in_001,"128"
"2024",마라3287,to_in_001,"1342"
"2024",마라3288,to_in_001,"1468"
"2024",마라3289,to_in_001,"88"
"2024",마라3290,to_in_001,"53"
"2024",마라3291,to_in_001,"124"
"2024",마라3292,to_in_001,"640"
"2024",마라3293,to_in_001,"108"
"2024",마라3294,to_in_001,"73"
"2024",마라3295,to_in_001,"199"
"2024",마라3296,to_in_001,"33"
"2024",마라3297,to_in_001,"28"
"2024",마라3373,to_in_001,"9169"
"2024",마라3374,to_in_001,"15187"
"2024",마라3375,to_in_001,"162"
"2024",마라3376,to_in_001,"5865"
"2024",마라3377,to_in_001,"5345"
"2024",마라3378,to_in_001,"11308"
"2024",마라3379,to_in_001,"17744"
"2024",마라3380,to_in_001,"18344"
"2024",마라3381,to_in_001,"5943"
"2024",마라3382,to_in_001,"2081"
"2024",마라3383,to_in_001,"54"
"2024",마라3384,to_in_001,"5"
"2024",마라3389,to_in_001,"178"
"2024",마라3390,to_in_001,"188"
"2024",마라3391,to_in_001,"43"
"2024",마라3392,to_in_001,"897"
"2024",마라3393,to_in_001,"213"
"2024",마라3394,to_in_001,"88"
"2024",마라3395,to_in_001,"256"
"2024",마라3396,to_in_001,"8"
"2024",마라3398,to_in_001,"8"
"2024",마라3399,to_in_001,"0"
"2024",마라3473,to_in_001,"2905"
"2024",마라3474,to_in_001,"9189"
"2024",마라3475,to_in_001,"11692"
"2024",마라3476,to_in_001,"11531"
"2024",마라3477,to_in_001,"8088"
"2024",마라3478,to_in_001,"15530"
"2024",마라3479,to_in_001,"17299"
"2024",마라3480,to_in_001,"6816"
"2024",마라3481,to_in_001,"2083"
"2024",마라3482,to_in_001,"15951"
"2024",마라3483,to_in_001,"11956"
"2024",마라3484,to_in_001,"176"
"2024",마라3485,to_in_001,"4162"
"2024",마라3486,to_in_001,"12352"
"2024",마라3487,to_in_001,"5901"
"2024",마라3488,to_in_001,"168"
"2024",마라3489,to_in_001,"18"
"2024",마라3490,to_in_001,"13"
"2024",마라3491,to_in_001,"921"
"2024",마라3492,to_in_001,"592"
"2024",마라3493,to_in_001,"183"
"2024",마라3494,to_in_001,"133"
"2024",마라3495,to_in_001,"168"
"2024",마라3496,to_in_001,"143"
"2024",마라3497,to_in_001,"153"
"2024",마라3498,to_in_001,"179"
"2024",마라3499,to_in_001,"193"
"2024",마라3574,to_in_001,"28"
"2024",마라3575,to_in_001,"14006"
"2024",마라3576,to_in_001,"4787"
"2024",마라3577,to_in_001,"9538"
"2024",마라3578,to_in_001,"7912"
"2024",마라3579,to_in_001,"18266"
"2024",마라3580,to_in_001,"3022"
"2024",마라3581,to_in_001,"83"
"2024",마라3583,to_in_001,"13265"
"2024",마라3584,to_in_001,"1734"
"2024",마라3585,to_in_001,"8666"
"2024",마라3586,to_in_001,"12660"
"2024",마라3587,to_in_001,"17880"
"2024",마라3588,to_in_001,"12162"
"2024",마라3589,to_in_001,"14395"
"2024",마라3590,to_in_001,"3213"
"2024",마라3591,to_in_001,"144"
"2024",마라3592,to_in_001,"672"
"2024",마라3593,to_in_001,"138"
"2024",마라3594,to_in_001,"609"
"2024",마라3595,to_in_001,"18"
"2024",마라3596,to_in_001,"18"
"2024",마라3597,to_in_001,"174"
"2024",마라3598,to_in_001,"73"
"2024",마라3599,to_in_001,"134"
"2024",마라3673,to_in_001,"24"
"2024",마라3674,to_in_001,"38"
"2024",마라3675,to_in_001,"8"
"2024",마라3676,to_in_001,"57"
"2024",마라3677,to_in_001,"1684"
"2024",마라3678,to_in_001,"12573"
"2024",마라3679,to_in_001,"17427"
"2024",마라3680,to_in_001,"2540"
"2024",마라3682,to_in_001,"295"
"2024",마라3683,to_in_001,"1901"
"2024",마라3684,to_in_001,"6582"
"2024",마라3685,to_in_001,"15673"
"2024",마라3687,to_in_001,"830"
"2024",마라3688,to_in_001,"8917"
"2024",마라3689,to_in_001,"8752"
"2024",마라3690,to_in_001,"15979"
"2024",마라3691,to_in_001,"8473"
"2024",마라3692,to_in_001,"13"
"2024",마라3694,to_in_001,"63"
"2024",마라3695,to_in_001,"73"
"2024",마라3696,to_in_001,"233"
"2024",마라3697,to_in_001,"154"
"2024",마라3698,to_in_001,"5"
"2024",마라3699,to_in_001,"123"
"2024",마라3774,to_in_001,"68"
"2024",마라3775,to_in_001,"76"
"2024",마라3776,to_in_001,"377"
"2024",마라3777,to_in_001,"5996"
"2024",마라3778,to_in_001,"6265"
"2024",마라3779,to_in_001,"8517"
"2024",마라3780,to_in_001,"12503"
"2024",마라3781,to_in_001,"7306"
"2024",마라3782,to_in_001,"643"
"2024",마라3784,to_in_001,"16203"
"2024",마라3785,to_in_001,"12965"
"2024",마라3788,to_in_001,"0"
"2024",마라3789,to_in_001,"6306"
"2024",마라3790,to_in_001,"13330"
"2024",마라3791,to_in_001,"19746"
"2024",마라3792,to_in_001,"14850"
"2024",마라3793,to_in_001,"30887"
"2024",마라3794,to_in_001,"17987"
"2024",마라3795,to_in_001,"15261"
"2024",마라3796,to_in_001,"9988"
"2024",마라3797,to_in_001,"3391"
"2024",마라3799,to_in_001,"123"
"2024",마라3875,to_in_001,"103"
"2024",마라3876,to_in_001,"8106"
"2024",마라3877,to_in_001,"13495"
"2024",마라3878,to_in_001,"10162"
"2024",마라3879,to_in_001,"22628"
"2024",마라3880,to_in_001,"25049"
"2024",마라3881,to_in_001,"7662"
"2024",마라3884,to_in_001,"19031"
"2024",마라3885,to_in_001,"23181"
"2024",마라3886,to_in_001,"8107"
"2024",마라3887,to_in_001,"1578"
"2024",마라3891,to_in_001,"16535"
"2024",마라3892,to_in_001,"5270"
"2024",마라3893,to_in_001,"457"
"2024",마라3894,to_in_001,"10455"
"2024",마라3895,to_in_001,"6946"
"2024",마라3897,to_in_001,"8500"
"2024",마라3898,to_in_001,"442"
"2024",마라3899,to_in_001,"33"
"2024",마라3977,to_in_001,"144"
"2024",마라3978,to_in_001,"1962"
"2024",마라3979,to_in_001,"10254"
"2024",마라3980,to_in_001,"17396"
"2024",마라3981,to_in_001,"7446"
"2024",마라3982,to_in_001,"1859"
"2024",마라3984,to_in_001,"12214"
"2024",마라3985,to_in_001,"16800"
"2024",마라3986,to_in_001,"21190"
"2024",마라3987,to_in_001,"19332"
"2024",마라3988,to_in_001,"5"
"2024",마라3990,to_in_001,"4593"
"2024",마라3991,to_in_001,"27429"
"2024",마라3992,to_in_001,"9284"
"2024",마라3995,to_in_001,"5"
"2024",마라3996,to_in_001,"0"
"2024",마라4076,to_in_001,"33"
"2024",마라4077,to_in_001,"10987"
"2024",마라4078,to_in_001,"17501"
"2024",마라4079,to_in_001,"1642"
"2024",마라4080,to_in_001,"4138"
"2024",마라4081,to_in_001,"14180"
"2024",마라4082,to_in_001,"18957"
"2024",마라4083,to_in_001,"6651"
"2024",마라4084,to_in_001,"1949"
"2024",마라4085,to_in_001,"20210"
"2024",마라4086,to_in_001,"15599"
"2024",마라4087,to_in_001,"13382"
"2024",마라4088,to_in_001,"3403"
"2024",마라4089,to_in_001,"756"
"2024",마라4090,to_in_001,"68"
"2024",마라4091,to_in_001,"6914"
"2024",마라4092,to_in_001,"2579"
"2024",마라4095,to_in_001,"5"
"2024",마라4096,to_in_001,"8"
"2024",마라4097,to_in_001,"0"
"2024",마라4176,to_in_001,"155"
"2024",마라4177,to_in_001,"1487"
"2024",마라4178,to_in_001,"10588"
"2024",마라4179,to_in_001,"1778"
"2024",마라4182,to_in_001,"6478"
"2024",마라4183,to_in_001,"17701"
"2024",마라4184,to_in_001,"18608"
"2024",마라4185,to_in_001,"18487"
"2024",마라4186,to_in_001,"17719"
"2024",마라4187,to_in_001,"22766"
"2024",마라4188,to_in_001,"10851"
"2024",마라4189,to_in_001,"1976"
"2024",마라4190,to_in_001,"22933"
"2024",마라4191,to_in_001,"3783"
"2024",마라4192,to_in_001,"0"
"2024",마라4194,to_in_001,"8"
"2024",마라4195,to_in_001,"173"
"2024",마라4196,to_in_001,"660"
"2024",마라4275,to_in_001,"160"
"2024",마라4276,to_in_001,"7348"
"2024",마라4277,to_in_001,"9924"
"2024",마라4278,to_in_001,"13280"
"2024",마라4279,to_in_001,"932"
"2024",마라4282,to_in_001,"3266"
"2024",마라4283,to_in_001,"15669"
"2024",마라4284,to_in_001,"16833"
"2024",마라4285,to_in_001,"20398"
"2024",마라4286,to_in_001,"24141"
"2024",마라4287,to_in_001,"21511"
"2024",마라4288,to_in_001,"12622"
"2024",마라4289,to_in_001,"25082"
"2024",마라4290,to_in_001,"27822"
"2024",마라4291,to_in_001,"26028"
"2024",마라4292,to_in_001,"932"
"2024",마라4293,to_in_001,"0"
"2024",마라4295,to_in_001,"8"
"2024",마라4298,to_in_001,"0"
"2024",마라4299,to_in_001,"97"
"2024",마라4375,to_in_001,"452"
"2024",마라4376,to_in_001,"13811"
"2024",마라4377,to_in_001,"9428"
"2024",마라4378,to_in_001,"198"
"2024",마라4380,to_in_001,"244"
"2024",마라4381,to_in_001,"103"
"2024",마라4382,to_in_001,"6581"
"2024",마라4383,to_in_001,"17866"
"2024",마라4384,to_in_001,"10346"
"2024",마라4385,to_in_001,"5967"
"2024",마라4386,to_in_001,"2713"
"2024",마라4387,to_in_001,"15779"
"2024",마라4388,to_in_001,"31259"
"2024",마라4389,to_in_001,"13677"
"2024",마라4390,to_in_001,"17959"
"2024",마라4391,to_in_001,"18951"
"2024",마라4392,to_in_001,"21598"
"2024",마라4393,to_in_001,"13889"
"2024",마라4394,to_in_001,"6208"
"2024",마라4395,to_in_001,"5"
"2024",마라4397,to_in_001,"1337"
"2024",마라4398,to_in_001,"8"
"2024",마라4399,to_in_001,"68"
"2024",마라4474,to_in_001,"8"
"2024",마라4475,to_in_001,"2594"
"2024",마라4476,to_in_001,"4440"
"2024",마라4480,to_in_001,"3699"
"2024",마라4481,to_in_001,"10116"
"2024",마라4482,to_in_001,"18538"
"2024",마라4483,to_in_001,"21647"
"2024",마라4484,to_in_001,"2987"
"2024",마라4485,to_in_001,"6816"
"2024",마라4486,to_in_001,"506"
"2024",마라4487,to_in_001,"19224"
"2024",마라4488,to_in_001,"18631"
"2024",마라4489,to_in_001,"27110"
"2024",마라4490,to_in_001,"19432"
"2024",마라4491,to_in_001,"13336"
"2024",마라4492,to_in_001,"24220"
"2024",마라4493,to_in_001,"23426"
"2024",마라4494,to_in_001,"24652"
"2024",마라4495,to_in_001,"24530"
"2024",마라4496,to_in_001,"24769"
"2024",마라4497,to_in_001,"18938"
"2024",마라4498,to_in_001,"18909"
"2024",마라4499,to_in_001,"3752"
"2024",마라4580,to_in_001,"385"
"2024",마라4581,to_in_001,"3963"
"2024",마라4582,to_in_001,"11145"
"2024",마라4583,to_in_001,"26151"
"2024",마라4584,to_in_001,"7928"
"2024",마라4585,to_in_001,"570"
"2024",마라4586,to_in_001,"5"
"2024",마라4587,to_in_001,"19917"
"2024",마라4588,to_in_001,"10713"
"2024",마라4589,to_in_001,"22944"
"2024",마라4590,to_in_001,"17832"
"2024",마라4591,to_in_001,"15415"
"2024",마라4592,to_in_001,"15737"
"2024",마라4593,to_in_001,"7459"
"2024",마라4594,to_in_001,"1578"
"2024",마라4595,to_in_001,"4568"
"2024",마라4596,to_in_001,"145"
"2024",마라4597,to_in_001,"268"
"2024",마라4598,to_in_001,"53"
"2024",마라4599,to_in_001,"5"
"2024",마라4680,to_in_001,"7001"
"2024",마라4681,to_in_001,"13754"
"2024",마라4682,to_in_001,"26353"
"2024",마라4683,to_in_001,"23597"
"2024",마라4684,to_in_001,"15812"
"2024",마라4685,to_in_001,"14883"
"2024",마라4686,to_in_001,"19945"
"2024",마라4687,to_in_001,"17460"
"2024",마라4688,to_in_001,"21745"
"2024",마라4689,to_in_001,"14654"
"2024",마라4690,to_in_001,"19649"
"2024",마라4691,to_in_001,"9673"
"2024",마라4692,to_in_001,"9797"
"2024",마라4693,to_in_001,"2746"
"2024",마라4695,to_in_001,"58"
"2024",마라4696,to_in_001,"33"
"2024",마라4697,to_in_001,"43"
"2024",마라4698,to_in_001,"83"
"2024",마라4699,to_in_001,"154"
"2024",마라4779,to_in_001,"7494"
"2024",마라4780,to_in_001,"4898"
"2024",마라4781,to_in_001,"8545"
"2024",마라4782,to_in_001,"4352"
"2024",마라4783,to_in_001,"2253"
"2024",마라4784,to_in_001,"6889"
"2024",마라4785,to_in_001,"14373"
"2024",마라4786,to_in_001,"23436"
"2024",마라4787,to_in_001,"12224"
"2024",마라4788,to_in_001,"20465"
"2024",마라4789,to_in_001,"20144"
"2024",마라4790,to_in_001,"27552"
"2024",마라4791,to_in_001,"14776"
"2024",마라4792,to_in_001,"1637"
"2024",마라4793,to_in_001,"1541"
"2024",마라4794,to_in_001,"8"
"2024",마라4795,to_in_001,"43"
"2024",마라4797,to_in_001,"5"
"2024",마라4798,to_in_001,"5"
"2024",마라4799,to_in_001,"5"
"2024",마라4885,to_in_001,"7996"
"2024",마라4886,to_in_001,"7528"
"2024",마라4887,to_in_001,"6893"
"2024",마라4888,to_in_001,"5215"
"2024",마라4889,to_in_001,"16184"
"2024",마라4890,to_in_001,"16904"
"2024",마라4891,to_in_001,"1965"
"2024",마라4892,to_in_001,"309"
"2024",마라4893,to_in_001,"53"
"2024",마라4894,to_in_001,"106"
"2024",마라4898,to_in_001,"5"
"2024",마라4899,to_in_001,"5"
"2024",마라4985,to_in_001,"13303"
"2024",마라4986,to_in_001,"16065"
"2024",마라4987,to_in_001,"12210"
"2024",마라4988,to_in_001,"33"
"2024",마라4992,to_in_001,"8"
"2024",마라4993,to_in_001,"2600"
"2024",마라4994,to_in_001,"639"
"2024",마라4997,to_in_001,"5"
"2024",마라4998,to_in_001,"133"
"2024",마라4999,to_in_001,"103"
"2024",마라5085,to_in_001,"2715"
"2024",마라5086,to_in_001,"12445"
"2024",마라5087,to_in_001,"4735"
"2024",마라5092,to_in_001,"1220"
"2024",마라5093,to_in_001,"10975"
"2024",마라5094,to_in_001,"8258"
"2024",마라5095,to_in_001,"5"
"2024",마라5096,to_in_001,"13"
"2024",마라5097,to_in_001,"43"
"2024",마라5098,to_in_001,"103"
"2024",마라5099,to_in_001,"203"
"2024",마라5186,to_in_001,"17119"
"2024",마라5187,to_in_001,"9193"
"2024",마라5188,to_in_001,"2983"
"2024",마라5189,to_in_001,"0"
"2024",마라5190,to_in_001,"0"
"2024",마라5191,to_in_001,"13"
"2024",마라5192,to_in_001,"5"
"2024",마라5193,to_in_001,"7130"
"2024",마라5194,to_in_001,"3315"
"2024",마라5195,to_in_001,"2756"
"2024",마라5196,to_in_001,"8"
"2024",마라5197,to_in_001,"103"
"2024",마라5198,to_in_001,"98"
"2024",마라5199,to_in_001,"88"
"2024",마라5285,to_in_001,"312"
"2024",마라5286,to_in_001,"20154"
"2024",마라5287,to_in_001,"26469"
"2024",마라5288,to_in_001,"22375"
"2024",마라5290,to_in_001,"5"
"2024",마라5292,to_in_001,"5"
"2024",마라5294,to_in_001,"764"
"2024",마라5295,to_in_001,"349"
"2024",마라5296,to_in_001,"23"
"2024",마라5297,to_in_001,"48"
"2024",마라5298,to_in_001,"23"
"2024",마라5299,to_in_001,"108"
"2024",마라5385,to_in_001,"58"
"2024",마라5386,to_in_001,"13935"
"2024",마라5387,to_in_001,"14220"
"2024",마라5388,to_in_001,"2822"
"2024",마라5390,to_in_001,"5"
"2024",마라5392,to_in_001,"5"
"2024",마라5394,to_in_001,"5"
"2024",마라5396,to_in_001,"43"
"2024",마라5397,to_in_001,"5"
"2024",마라5398,to_in_001,"8"
"2024",마라5486,to_in_001,"128"
"2024",마라5487,to_in_001,"28"
"2024",마라5488,to_in_001,"3558"
"2024",마라5489,to_in_001,"98"
"2024",마라5490,to_in_001,"43"
"2024",마라5491,to_in_001,"8"
"2024",마라5492,to_in_001,"73"
"2024",마라5494,to_in_001,"5"
"2024",마라5496,to_in_001,"23"
"2024",마라5497,to_in_001,"103"
"2024",마라5499,to_in_001,"53"
"2024",마라5588,to_in_001,"1465"
"2024",마라5589,to_in_001,"4172"
"2024",마라5590,to_in_001,"506"
"2024",마라5591,to_in_001,"3421"
"2024",마라5592,to_in_001,"13"
"2024",마라5593,to_in_001,"93"
"2024",마라5594,to_in_001,"3574"
"2024",마라5595,to_in_001,"8678"
"2024",마라5596,to_in_001,"4204"
"2024",마라5597,to_in_001,"63"
"2024",마라5598,to_in_001,"5"
"2024",마라5689,to_in_001,"93"
"2024",마라5690,to_in_001,"186"
"2024",마라5691,to_in_001,"5"
"2024",마라5692,to_in_001,"108"
"2024",마라5693,to_in_001,"63"
"2024",마라5694,to_in_001,"4738"
"2024",마라5695,to_in_001,"8519"
"2024",마라5696,to_in_001,"9854"
"2024",마라5697,to_in_001,"13260"
"2024",마라5698,to_in_001,"6168"
"2024",마라5699,to_in_001,"23"
"2024",마라5790,to_in_001,"93"
"2024",마라5791,to_in_001,"8"
"2024",마라5792,to_in_001,"313"
"2024",마라5793,to_in_001,"1426"
"2024",마라5795,to_in_001,"78"
"2024",마라5796,to_in_001,"761"
"2024",마라5797,to_in_001,"885"
"2024",마라5798,to_in_001,"6496"
"2024",마라5799,to_in_001,"160"
"2024",마라5893,to_in_001,"8"
"2024",마라5894,to_in_001,"38"
"2024",마라5895,to_in_001,"552"
"2024",마라5897,to_in_001,"396"
"2024",마라5898,to_in_001,"1061"
"2024",마라5899,to_in_001,"5"
"2024",마라5995,to_in_001,"53"
"2024",마라5997,to_in_001,"13"
"2024",마라5998,to_in_001,"28"
"2024",마라5999,to_in_001,"5"
"2024",마마0000,to_in_001,"63"
"2024",마마0001,to_in_001,"753"
"2024",마마0002,to_in_001,"761"
"2024",마마0003,to_in_001,"138"
"2024",마마0004,to_in_001,"163"
"2024",마마0005,to_in_001,"48"
"2024",마마0006,to_in_001,"2932"
"2024",마마0007,to_in_001,"78"
"2024",마마0008,to_in_001,"143"
"2024",마마0009,to_in_001,"18"
"2024",마마0010,to_in_001,"33"
"2024",마마0011,to_in_001,"48"
"2024",마마0012,to_in_001,"48"
"2024",마마0013,to_in_001,"138"
"2024",마마0014,to_in_001,"128"
"2024",마마0015,to_in_001,"113"
"2024",마마0016,to_in_001,"287"
"2024",마마0018,to_in_001,"5"
"2024",마마0019,to_in_001,"5"
"2024",마마0020,to_in_001,"33"
"2024",마마0021,to_in_001,"38"
"2024",마마0022,to_in_001,"58"
"2024",마마0023,to_in_001,"8"
"2024",마마0024,to_in_001,"8"
"2024",마마0026,to_in_001,"23"
"2024",마마0027,to_in_001,"13"
"2024",마마0028,to_in_001,"68"
"2024",마마0029,to_in_001,"78"
"2024",마마0030,to_in_001,"5"
"2024",마마0034,to_in_001,"0"
"2024",마마0035,to_in_001,"78"
"2024",마마0036,to_in_001,"98"
"2024",마마0037,to_in_001,"129"
"2024",마마0038,to_in_001,"345"
"2024",마마0039,to_in_001,"118"
"2024",마마0040,to_in_001,"113"
"2024",마마0041,to_in_001,"23"
"2024",마마0050,to_in_001,"5"
"2024",마마0051,to_in_001,"38"
"2024",마마0055,to_in_001,"18"
"2024",마마0056,to_in_001,"5"
"2024",마마0057,to_in_001,"487"
"2024",마마0058,to_in_001,"6468"
"2024",마마0059,to_in_001,"6246"
"2024",마마0060,to_in_001,"12776"
"2024",마마0061,to_in_001,"14975"
"2024",마마0062,to_in_001,"18593"
"2024",마마0063,to_in_001,"16402"
"2024",마마0064,to_in_001,"18722"
"2024",마마0065,to_in_001,"22523"
"2024",마마0066,to_in_001,"12731"
"2024",마마0067,to_in_001,"24100"
"2024",마마0068,to_in_001,"3605"
"2024",마마0069,to_in_001,"43"
"2024",마마0070,to_in_001,"18"
"2024",마마0071,to_in_001,"159"
"2024",마마0072,to_in_001,"7830"
"2024",마마0073,to_in_001,"526"
"2024",마마0074,to_in_001,"13"
"2024",마마0075,to_in_001,"13"
"2024",마마0076,to_in_001,"43"
"2024",마마0077,to_in_001,"103"
"2024",마마0078,to_in_001,"466"
"2024",마마0079,to_in_001,"28"
"2024",마마0080,to_in_001,"18"
"2024",마마0082,to_in_001,"18"
"2024",마마0083,to_in_001,"43"
"2024",마마0084,to_in_001,"48"
"2024",마마0085,to_in_001,"28"
"2024",마마0089,to_in_001,"13"
"2024",마마0090,to_in_001,"5"
"2024",마마0091,to_in_001,"48"
"2024",마마0092,to_in_001,"18"
"2024",마마0093,to_in_001,"73"
"2024",마마0094,to_in_001,"18"
"2024",마마0098,to_in_001,"18"
"2024",마마0099,to_in_001,"5"
"2024",마마0100,to_in_001,"23"
"2024",마마0101,to_in_001,"23"
"2024",마마0102,to_in_001,"73"
"2024",마마0103,to_in_001,"96"
"2024",마마0104,to_in_001,"8"
"2024",마마0105,to_in_001,"53"
"2024",마마0106,to_in_001,"13"
"2024",마마0107,to_in_001,"288"
"2024",마마0108,to_in_001,"18"
"2024",마마0109,to_in_001,"68"
"2024",마마0110,to_in_001,"93"
"2024",마마0111,to_in_001,"5"
"2024",마마0112,to_in_001,"38"
"2024",마마0113,to_in_001,"13"
"2024",마마0114,to_in_001,"13"
"2024",마마0115,to_in_001,"23"
"2024",마마0116,to_in_001,"33"
"2024",마마0118,to_in_001,"38"
"2024",마마0120,to_in_001,"133"
"2024",마마0121,to_in_001,"8"
"2024",마마0123,to_in_001,"13"
"2024",마마0124,to_in_001,"33"
"2024",마마0125,to_in_001,"78"
"2024",마마0126,to_in_001,"13"
"2024",마마0127,to_in_001,"88"
"2024",마마0128,to_in_001,"178"
"2024",마마0129,to_in_001,"133"
"2024",마마0130,to_in_001,"123"
"2024",마마0131,to_in_001,"23"
"2024",마마0132,to_in_001,"5"
"2024",마마0133,to_in_001,"5"
"2024",마마0134,to_in_001,"23"
"2024",마마0135,to_in_001,"38"
"2024",마마0136,to_in_001,"78"
"2024",마마0137,to_in_001,"68"
"2024",마마0138,to_in_001,"786"
"2024",마마0139,to_in_001,"259"
"2024",마마0140,to_in_001,"68"
"2024",마마0141,to_in_001,"8"
"2024",마마0142,to_in_001,"38"
"2024",마마0143,to_in_001,"18"
"2024",마마0146,to_in_001,"5"
"2024",마마0148,to_in_001,"73"
"2024",마마0149,to_in_001,"0"
"2024",마마0151,to_in_001,"18"
"2024",마마0152,to_in_001,"5"
"2024",마마0155,to_in_001,"13"
"2024",마마0156,to_in_001,"2547"
"2024",마마0157,to_in_001,"4731"
"2024",마마0158,to_in_001,"2219"
"2024",마마0159,to_in_001,"5086"
"2024",마마0160,to_in_001,"17301"
"2024",마마0161,to_in_001,"8448"
"2024",마마0162,to_in_001,"23539"
"2024",마마0163,to_in_001,"28133"
"2024",마마0164,to_in_001,"13532"
"2024",마마0165,to_in_001,"16777"
"2024",마마0166,to_in_001,"19383"
"2024",마마0167,to_in_001,"11073"
"2024",마마0168,to_in_001,"2886"
"2024",마마0169,to_in_001,"2885"
"2024",마마0170,to_in_001,"5"
"2024",마마0171,to_in_001,"5"
"2024",마마0172,to_in_001,"4030"
"2024",마마0174,to_in_001,"28"
"2024",마마0175,to_in_001,"18"
"2024",마마0176,to_in_001,"286"
"2024",마마0177,to_in_001,"214"
"2024",마마0178,to_in_001,"8"
"2024",마마0180,to_in_001,"5"
"2024",마마0182,to_in_001,"33"
"2024",마마0183,to_in_001,"8"
"2024",마마0185,to_in_001,"23"
"2024",마마0190,to_in_001,"68"
"2024",마마0191,to_in_001,"33"
"2024",마마0192,to_in_001,"5"
"2024",마마0193,to_in_001,"28"
"2024",마마0195,to_in_001,"5"
"2024",마마0197,to_in_001,"33"
"2024",마마0198,to_in_001,"68"
"2024",마마0199,to_in_001,"93"
"2024",마마0200,to_in_001,"73"
"2024",마마0201,to_in_001,"163"
"2024",마마0202,to_in_001,"5"
"2024",마마0203,to_in_001,"143"
"2024",마마0204,to_in_001,"5"
"2024",마마0205,to_in_001,"78"
"2024",마마0206,to_in_001,"73"
"2024",마마0207,to_in_001,"18"
"2024",마마0208,to_in_001,"108"
"2024",마마0209,to_in_001,"5"
"2024",마마0210,to_in_001,"13"
"2024",마마0211,to_in_001,"5"
"2024",마마0212,to_in_001,"0"
"2024",마마0213,to_in_001,"28"
"2024",마마0215,to_in_001,"178"
"2024",마마0216,to_in_001,"18"
"2024",마마0218,to_in_001,"43"
"2024",마마0219,to_in_001,"73"
"2024",마마0220,to_in_001,"68"
"2024",마마0221,to_in_001,"13"
"2024",마마0222,to_in_001,"13"
"2024",마마0223,to_in_001,"103"
"2024",마마0224,to_in_001,"43"
"2024",마마0227,to_in_001,"33"
"2024",마마0228,to_in_001,"157"
"2024",마마0229,to_in_001,"18"
"2024",마마0230,to_in_001,"8"
"2024",마마0232,to_in_001,"8"
"2024",마마0235,to_in_001,"33"
"2024",마마0236,to_in_001,"128"
"2024",마마0237,to_in_001,"28"
"2024",마마0238,to_in_001,"154"
"2024",마마0239,to_in_001,"188"
"2024",마마0240,to_in_001,"163"
"2024",마마0241,to_in_001,"5"
"2024",마마0242,to_in_001,"38"
"2024",마마0243,to_in_001,"13"
"2024",마마0244,to_in_001,"5"
"2024",마마0245,to_in_001,"5"
"2024",마마0247,to_in_001,"33"
"2024",마마0248,to_in_001,"63"
"2024",마마0251,to_in_001,"103"
"2024",마마0252,to_in_001,"98"
"2024",마마0253,to_in_001,"8"
"2024",마마0254,to_in_001,"23"
"2024",마마0255,to_in_001,"38"
"2024",마마0258,to_in_001,"10798"
"2024",마마0259,to_in_001,"15877"
"2024",마마0260,to_in_001,"7503"
"2024",마마0261,to_in_001,"12959"
"2024",마마0262,to_in_001,"14590"
"2024",마마0263,to_in_001,"7642"
"2024",마마0264,to_in_001,"18843"
"2024",마마0265,to_in_001,"15903"
"2024",마마0266,to_in_001,"10469"
"2024",마마0267,to_in_001,"7265"
"2024",마마0268,to_in_001,"1775"
"2024",마마0269,to_in_001,"1849"
"2024",마마0270,to_in_001,"8963"
"2024",마마0271,to_in_001,"1964"
"2024",마마0272,to_in_001,"6998"
"2024",마마0273,to_in_001,"8"
"2024",마마0274,to_in_001,"18"
"2024",마마0275,to_in_001,"8"
"2024",마마0276,to_in_001,"411"
"2024",마마0277,to_in_001,"425"
"2024",마마0278,to_in_001,"18"
"2024",마마0281,to_in_001,"18"
"2024",마마0282,to_in_001,"133"
"2024",마마0283,to_in_001,"108"
"2024",마마0284,to_in_001,"23"
"2024",마마0285,to_in_001,"8"
"2024",마마0287,to_in_001,"8"
"2024",마마0289,to_in_001,"53"
"2024",마마0290,to_in_001,"43"
"2024",마마0291,to_in_001,"73"
"2024",마마0292,to_in_001,"8"
"2024",마마0295,to_in_001,"5"
"2024",마마0296,to_in_001,"5"
"2024",마마0297,to_in_001,"108"
"2024",마마0298,to_in_001,"23"
"2024",마마0299,to_in_001,"13"
"2024",마마0300,to_in_001,"8"
"2024",마마0301,to_in_001,"18"
"2024",마마0302,to_in_001,"13"
"2024",마마0303,to_in_001,"98"
"2024",마마0304,to_in_001,"0"
"2024",마마0305,to_in_001,"13"
"2024",마마0306,to_in_001,"83"
"2024",마마0307,to_in_001,"63"
"2024",마마0308,to_in_001,"60"
"2024",마마0309,to_in_001,"28"
"2024",마마0310,to_in_001,"218"
"2024",마마0311,to_in_001,"108"
"2024",마마0312,to_in_001,"18"
"2024",마마0313,to_in_001,"93"
"2024",마마0314,to_in_001,"23"
"2024",마마0315,to_in_001,"137"
"2024",마마0316,to_in_001,"8"
"2024",마마0317,to_in_001,"23"
"2024",마마0318,to_in_001,"28"
"2024",마마0319,to_in_001,"78"
"2024",마마0320,to_in_001,"8"
"2024",마마0321,to_in_001,"0"
"2024",마마0322,to_in_001,"23"
"2024",마마0324,to_in_001,"13"
"2024",마마0325,to_in_001,"83"
"2024",마마0327,to_in_001,"78"
"2024",마마0328,to_in_001,"103"
"2024",마마0329,to_in_001,"33"
"2024",마마0330,to_in_001,"38"
"2024",마마0334,to_in_001,"5"
"2024",마마0335,to_in_001,"53"
"2024",마마0336,to_in_001,"58"
"2024",마마0337,to_in_001,"103"
"2024",마마0338,to_in_001,"103"
"2024",마마0339,to_in_001,"73"
"2024",마마0340,to_in_001,"8"
"2024",마마0341,to_in_001,"5"
"2024",마마0342,to_in_001,"78"
"2024",마마0343,to_in_001,"13"
"2024",마마0344,to_in_001,"58"
"2024",마마0345,to_in_001,"0"
"2024",마마0347,to_in_001,"168"
"2024",마마0348,to_in_001,"33"
"2024",마마0350,to_in_001,"8"
"2024",마마0351,to_in_001,"250"
"2024",마마0352,to_in_001,"68"
"2024",마마0353,to_in_001,"123"
"2024",마마0354,to_in_001,"273"
"2024",마마0355,to_in_001,"153"
"2024",마마0358,to_in_001,"17768"
"2024",마마0359,to_in_001,"6212"
"2024",마마0360,to_in_001,"1005"
"2024",마마0361,to_in_001,"3074"
"2024",마마0362,to_in_001,"10370"
"2024",마마0363,to_in_001,"10671"
"2024",마마0364,to_in_001,"8962"
"2024",마마0365,to_in_001,"8526"
"2024",마마0366,to_in_001,"10569"
"2024",마마0367,to_in_001,"1481"
"2024",마마0368,to_in_001,"2973"
"2024",마마0369,to_in_001,"1053"
"2024",마마0370,to_in_001,"4443"
"2024",마마0371,to_in_001,"312"
"2024",마마0372,to_in_001,"2996"
"2024",마마0373,to_in_001,"13"
"2024",마마0375,to_in_001,"8"
"2024",마마0376,to_in_001,"123"
"2024",마마0377,to_in_001,"43"
"2024",마마0382,to_in_001,"33"
"2024",마마0383,to_in_001,"88"
"2024",마마0384,to_in_001,"113"
"2024",마마0385,to_in_001,"183"
"2024",마마0386,to_in_001,"5"
"2024",마마0387,to_in_001,"43"
"2024",마마0389,to_in_001,"18"
"2024",마마0390,to_in_001,"68"
"2024",마마0391,to_in_001,"48"
"2024",마마0392,to_in_001,"28"
"2024",마마0395,to_in_001,"5"
"2024",마마0396,to_in_001,"13"
"2024",마마0397,to_in_001,"13"
"2024",마마0399,to_in_001,"63"
"2024",마마0400,to_in_001,"13"
"2024",마마0401,to_in_001,"143"
"2024",마마0402,to_in_001,"58"
"2024",마마0403,to_in_001,"5"
"2024",마마0404,to_in_001,"23"
"2024",마마0405,to_in_001,"118"
"2024",마마0406,to_in_001,"78"
"2024",마마0407,to_in_001,"194"
"2024",마마0408,to_in_001,"133"
"2024",마마0409,to_in_001,"38"
"2024",마마0410,to_in_001,"48"
"2024",마마0411,to_in_001,"8"
"2024",마마0412,to_in_001,"8"
"2024",마마0413,to_in_001,"73"
"2024",마마0414,to_in_001,"48"
"2024",마마0415,to_in_001,"119"
"2024",마마0416,to_in_001,"83"
"2024",마마0417,to_in_001,"23"
"2024",마마0418,to_in_001,"5"
"2024",마마0419,to_in_001,"725"
"2024",마마0420,to_in_001,"236"
"2024",마마0421,to_in_001,"163"
"2024",마마0422,to_in_001,"98"
"2024",마마0423,to_in_001,"184"
"2024",마마0424,to_in_001,"44"
"2024",마마0425,to_in_001,"93"
"2024",마마0426,to_in_001,"73"
"2024",마마0427,to_in_001,"48"
"2024",마마0428,to_in_001,"123"
"2024",마마0429,to_in_001,"58"
"2024",마마0430,to_in_001,"48"
"2024",마마0432,to_in_001,"38"
"2024",마마0435,to_in_001,"33"
"2024",마마0436,to_in_001,"103"
"2024",마마0438,to_in_001,"48"
"2024",마마0439,to_in_001,"191"
"2024",마마0440,to_in_001,"108"
"2024",마마0441,to_in_001,"173"
"2024",마마0442,to_in_001,"208"
"2024",마마0443,to_in_001,"18"
"2024",마마0444,to_in_001,"138"
"2024",마마0445,to_in_001,"5"
"2024",마마0447,to_in_001,"5"
"2024",마마0448,to_in_001,"208"
"2024",마마0449,to_in_001,"332"
"2024",마마0450,to_in_001,"103"
"2024",마마0451,to_in_001,"28"
"2024",마마0452,to_in_001,"183"
"2024",마마0453,to_in_001,"228"
"2024",마마0454,to_in_001,"223"
"2024",마마0455,to_in_001,"64"
"2024",마마0456,to_in_001,"5"
"2024",마마0457,to_in_001,"5"
"2024",마마0458,to_in_001,"8"
"2024",마마0459,to_in_001,"8"
"2024",마마0460,to_in_001,"108"
"2024",마마0461,to_in_001,"2257"
"2024",마마0462,to_in_001,"8950"
"2024",마마0463,to_in_001,"141"
"2024",마마0464,to_in_001,"1026"
"2024",마마0465,to_in_001,"7832"
"2024",마마0466,to_in_001,"4913"
"2024",마마0468,to_in_001,"63"
"2024",마마0469,to_in_001,"404"
"2024",마마0470,to_in_001,"13"
"2024",마마0472,to_in_001,"5"
"2024",마마0474,to_in_001,"48"
"2024",마마0475,to_in_001,"58"
"2024",마마0477,to_in_001,"5"
"2024",마마0478,to_in_001,"8"
"2024",마마0483,to_in_001,"18"
"2024",마마0484,to_in_001,"38"
"2024",마마0485,to_in_001,"153"
"2024",마마0486,to_in_001,"54"
"2024",마마0487,to_in_001,"13"
"2024",마마0488,to_in_001,"48"
"2024",마마0489,to_in_001,"143"
"2024",마마0490,to_in_001,"23"
"2024",마마0491,to_in_001,"5"
"2024",마마0492,to_in_001,"5"
"2024",마마0493,to_in_001,"8"
"2024",마마0494,to_in_001,"5"
"2024",마마0495,to_in_001,"33"
"2024",마마0497,to_in_001,"23"
"2024",마마0498,to_in_001,"18"
"2024",마마0499,to_in_001,"23"
"2024",마마0500,to_in_001,"88"
"2024",마마0501,to_in_001,"83"
"2024",마마0502,to_in_001,"267"
"2024",마마0503,to_in_001,"293"
"2024",마마0504,to_in_001,"48"
"2024",마마0505,to_in_001,"58"
"2024",마마0506,to_in_001,"108"
"2024",마마0507,to_in_001,"62"
"2024",마마0508,to_in_001,"73"
"2024",마마0509,to_in_001,"8"
"2024",마마0510,to_in_001,"53"
"2024",마마0511,to_in_001,"183"
"2024",마마0512,to_in_001,"64"
"2024",마마0513,to_in_001,"153"
"2024",마마0514,to_in_001,"88"
"2024",마마0516,to_in_001,"8"
"2024",마마0517,to_in_001,"78"
"2024",마마0518,to_in_001,"99"
"2024",마마0519,to_in_001,"78"
"2024",마마0520,to_in_001,"110"
"2024",마마0521,to_in_001,"80"
"2024",마마0522,to_in_001,"18"
"2024",마마0523,to_in_001,"58"
"2024",마마0524,to_in_001,"53"
"2024",마마0525,to_in_001,"5"
"2024",마마0526,to_in_001,"43"
"2024",마마0527,to_in_001,"123"
"2024",마마0528,to_in_001,"8"
"2024",마마0529,to_in_001,"63"
"2024",마마0530,to_in_001,"13"
"2024",마마0531,to_in_001,"48"
"2024",마마0532,to_in_001,"18"
"2024",마마0533,to_in_001,"5"
"2024",마마0535,to_in_001,"43"
"2024",마마0538,to_in_001,"118"
"2024",마마0539,to_in_001,"143"
"2024",마마0540,to_in_001,"83"
"2024",마마0541,to_in_001,"679"
"2024",마마0542,to_in_001,"118"
"2024",마마0543,to_in_001,"158"
"2024",마마0544,to_in_001,"98"
"2024",마마0545,to_in_001,"33"
"2024",마마0546,to_in_001,"23"
"2024",마마0548,to_in_001,"18"
"2024",마마0549,to_in_001,"133"
"2024",마마0550,to_in_001,"23"
"2024",마마0552,to_in_001,"118"
"2024",마마0553,to_in_001,"83"
"2024",마마0554,to_in_001,"168"
"2024",마마0555,to_in_001,"23"
"2024",마마0556,to_in_001,"33"
"2024",마마0558,to_in_001,"5"
"2024",마마0559,to_in_001,"93"
"2024",마마0560,to_in_001,"93"
"2024",마마0561,to_in_001,"444"
"2024",마마0562,to_in_001,"45"
"2024",마마0563,to_in_001,"43"
"2024",마마0564,to_in_001,"3024"
"2024",마마0565,to_in_001,"16018"
"2024",마마0566,to_in_001,"561"
"2024",마마0567,to_in_001,"1104"
"2024",마마0568,to_in_001,"540"
"2024",마마0569,to_in_001,"48"
"2024",마마0570,to_in_001,"8"
"2024",마마0571,to_in_001,"8"
"2024",마마0572,to_in_001,"0"
"2024",마마0573,to_in_001,"43"
"2024",마마0574,to_in_001,"198"
"2024",마마0575,to_in_001,"13"
"2024",마마0576,to_in_001,"18"
"2024",마마0577,to_in_001,"241"
"2024",마마0578,to_in_001,"33"
"2024",마마0582,to_in_001,"5"
"2024",마마0583,to_in_001,"18"
"2024",마마0584,to_in_001,"5"
"2024",마마0586,to_in_001,"5"
"2024",마마0587,to_in_001,"104"
"2024",마마0588,to_in_001,"48"
"2024",마마0589,to_in_001,"103"
"2024",마마0590,to_in_001,"8"
"2024",마마0591,to_in_001,"23"
"2024",마마0595,to_in_001,"0"
"2024",마마0596,to_in_001,"18"
"2024",마마0597,to_in_001,"48"
"2024",마마0598,to_in_001,"83"
"2024",마마0599,to_in_001,"53"
"2024",마마0600,to_in_001,"1054"
"2024",마마0601,to_in_001,"233"
"2024",마마0603,to_in_001,"33"
"2024",마마0604,to_in_001,"168"
"2024",마마0605,to_in_001,"118"
"2024",마마0606,to_in_001,"93"
"2024",마마0607,to_in_001,"198"
"2024",마마0608,to_in_001,"158"
"2024",마마0609,to_in_001,"0"
"2024",마마0610,to_in_001,"53"
"2024",마마0611,to_in_001,"8"
"2024",마마0612,to_in_001,"0"
"2024",마마0613,to_in_001,"114"
"2024",마마0614,to_in_001,"351"
"2024",마마0616,to_in_001,"5"
"2024",마마0618,to_in_001,"23"
"2024",마마0619,to_in_001,"8"
"2024",마마0620,to_in_001,"18"
"2024",마마0621,to_in_001,"13"
"2024",마마0622,to_in_001,"116"
"2024",마마0623,to_in_001,"38"
"2024",마마0624,to_in_001,"18"
"2024",마마0626,to_in_001,"5"
"2024",마마0627,to_in_001,"0"
"2024",마마0629,to_in_001,"5"
"2024",마마0631,to_in_001,"18"
"2024",마마0632,to_in_001,"5"
"2024",마마0635,to_in_001,"5"
"2024",마마0638,to_in_001,"178"
"2024",마마0639,to_in_001,"33"
"2024",마마0640,to_in_001,"193"
"2024",마마0641,to_in_001,"274"
"2024",마마0642,to_in_001,"128"
"2024",마마0643,to_in_001,"78"
"2024",마마0644,to_in_001,"73"
"2024",마마0645,to_in_001,"193"
"2024",마마0646,to_in_001,"63"
"2024",마마0647,to_in_001,"8"
"2024",마마0648,to_in_001,"65"
"2024",마마0649,to_in_001,"8"
"2024",마마0651,to_in_001,"8"
"2024",마마0652,to_in_001,"5"
"2024",마마0653,to_in_001,"13"
"2024",마마0654,to_in_001,"5"
"2024",마마0657,to_in_001,"8"
"2024",마마0659,to_in_001,"377"
"2024",마마0660,to_in_001,"153"
"2024",마마0661,to_in_001,"77"
"2024",마마0662,to_in_001,"73"
"2024",마마0663,to_in_001,"68"
"2024",마마0664,to_in_001,"4344"
"2024",마마0665,to_in_001,"3689"
"2024",마마0666,to_in_001,"293"
"2024",마마0667,to_in_001,"223"
"2024",마마0668,to_in_001,"23"
"2024",마마0670,to_in_001,"5"
"2024",마마0671,to_in_001,"5"
"2024",마마0672,to_in_001,"0"
"2024",마마0673,to_in_001,"113"
"2024",마마0674,to_in_001,"218"
"2024",마마0675,to_in_001,"48"
"2024",마마0676,to_in_001,"48"
"2024",마마0677,to_in_001,"8"
"2024",마마0678,to_in_001,"5"
"2024",마마0682,to_in_001,"8"
"2024",마마0686,to_in_001,"63"
"2024",마마0687,to_in_001,"8"
"2024",마마0688,to_in_001,"73"
"2024",마마0689,to_in_001,"38"
"2024",마마0691,to_in_001,"5"
"2024",마마0693,to_in_001,"33"
"2024",마마0694,to_in_001,"23"
"2024",마마0695,to_in_001,"184"
"2024",마마0696,to_in_001,"18"
"2024",마마0698,to_in_001,"23"
"2024",마마0699,to_in_001,"5"
"2024",마마0700,to_in_001,"1045"
"2024",마마0701,to_in_001,"63"
"2024",마마0702,to_in_001,"13"
"2024",마마0703,to_in_001,"5"
"2024",마마0704,to_in_001,"48"
"2024",마마0705,to_in_001,"5"
"2024",마마0706,to_in_001,"58"
"2024",마마0707,to_in_001,"113"
"2024",마마0708,to_in_001,"523"
"2024",마마0711,to_in_001,"173"
"2024",마마0712,to_in_001,"43"
"2024",마마0713,to_in_001,"83"
"2024",마마0714,to_in_001,"118"
"2024",마마0715,to_in_001,"68"
"2024",마마0716,to_in_001,"58"
"2024",마마0717,to_in_001,"43"
"2024",마마0718,to_in_001,"58"
"2024",마마0719,to_in_001,"53"
"2024",마마0720,to_in_001,"8"
"2024",마마0721,to_in_001,"23"
"2024",마마0722,to_in_001,"108"
"2024",마마0723,to_in_001,"103"
"2024",마마0724,to_in_001,"43"
"2024",마마0725,to_in_001,"5"
"2024",마마0726,to_in_001,"83"
"2024",마마0727,to_in_001,"78"
"2024",마마0728,to_in_001,"108"
"2024",마마0729,to_in_001,"8"
"2024",마마0730,to_in_001,"5"
"2024",마마0731,to_in_001,"8"
"2024",마마0735,to_in_001,"8"
"2024",마마0738,to_in_001,"198"
"2024",마마0739,to_in_001,"158"
"2024",마마0740,to_in_001,"53"
"2024",마마0741,to_in_001,"113"
"2024",마마0742,to_in_001,"193"
"2024",마마0743,to_in_001,"113"
"2024",마마0744,to_in_001,"163"
"2024",마마0745,to_in_001,"288"
"2024",마마0746,to_in_001,"58"
"2024",마마0747,to_in_001,"5"
"2024",마마0748,to_in_001,"5"
"2024",마마0757,to_in_001,"8"
"2024",마마0759,to_in_001,"43"
"2024",마마0760,to_in_001,"3089"
"2024",마마0761,to_in_001,"3891"
"2024",마마0762,to_in_001,"193"
"2024",마마0763,to_in_001,"9683"
"2024",마마0764,to_in_001,"9904"
"2024",마마0765,to_in_001,"565"
"2024",마마0766,to_in_001,"58"
"2024",마마0767,to_in_001,"120"
"2024",마마0768,to_in_001,"43"
"2024",마마0770,to_in_001,"68"
"2024",마마0771,to_in_001,"168"
"2024",마마0772,to_in_001,"5"
"2024",마마0773,to_in_001,"416"
"2024",마마0774,to_in_001,"98"
"2024",마마0775,to_in_001,"73"
"2024",마마0776,to_in_001,"5"
"2024",마마0777,to_in_001,"83"
"2024",마마0785,to_in_001,"18"
"2024",마마0786,to_in_001,"5"
"2024",마마0787,to_in_001,"0"
"2024",마마0788,to_in_001,"28"
"2024",마마0790,to_in_001,"18"
"2024",마마0791,to_in_001,"58"
"2024",마마0792,to_in_001,"188"
"2024",마마0793,to_in_001,"18"
"2024",마마0794,to_in_001,"128"
"2024",마마0795,to_in_001,"5"
"2024",마마0797,to_in_001,"118"
"2024",마마0798,to_in_001,"78"
"2024",마마0799,to_in_001,"53"
"2024",마마0800,to_in_001,"274"
"2024",마마0801,to_in_001,"58"
"2024",마마0802,to_in_001,"143"
"2024",마마0803,to_in_001,"188"
"2024",마마0804,to_in_001,"33"
"2024",마마0805,to_in_001,"242"
"2024",마마0806,to_in_001,"48"
"2024",마마0807,to_in_001,"28"
"2024",마마0808,to_in_001,"343"
"2024",마마0809,to_in_001,"5"
"2024",마마0810,to_in_001,"63"
"2024",마마0811,to_in_001,"138"
"2024",마마0812,to_in_001,"143"
"2024",마마0813,to_in_001,"183"
"2024",마마0814,to_in_001,"58"
"2024",마마0816,to_in_001,"108"
"2024",마마0817,to_in_001,"83"
"2024",마마0818,to_in_001,"128"
"2024",마마0819,to_in_001,"33"
"2024",마마0821,to_in_001,"5"
"2024",마마0822,to_in_001,"118"
"2024",마마0823,to_in_001,"53"
"2024",마마0824,to_in_001,"8"
"2024",마마0825,to_in_001,"8"
"2024",마마0826,to_in_001,"48"
"2024",마마0827,to_in_001,"123"
"2024",마마0828,to_in_001,"122"
"2024",마마0829,to_in_001,"88"
"2024",마마0830,to_in_001,"8"
"2024",마마0832,to_in_001,"5"
"2024",마마0835,to_in_001,"23"
"2024",마마0838,to_in_001,"143"
"2024",마마0839,to_in_001,"183"
"2024",마마0840,to_in_001,"127"
"2024",마마0841,to_in_001,"23"
"2024",마마0842,to_in_001,"88"
"2024",마마0843,to_in_001,"153"
"2024",마마0844,to_in_001,"103"
"2024",마마0845,to_in_001,"153"
"2024",마마0846,to_in_001,"63"
"2024",마마0847,to_in_001,"162"
"2024",마마0848,to_in_001,"118"
"2024",마마0853,to_in_001,"5"
"2024",마마0854,to_in_001,"0"
"2024",마마0857,to_in_001,"8"
"2024",마마0858,to_in_001,"8"
"2024",마마0859,to_in_001,"260"
"2024",마마0860,to_in_001,"19464"
"2024",마마0861,to_in_001,"16208"
"2024",마마0862,to_in_001,"18"
"2024",마마0863,to_in_001,"11032"
"2024",마마0864,to_in_001,"12070"
"2024",마마0865,to_in_001,"963"
"2024",마마0866,to_in_001,"53"
"2024",마마0867,to_in_001,"8"
"2024",마마0869,to_in_001,"0"
"2024",마마0870,to_in_001,"5"
"2024",마마0871,to_in_001,"8"
"2024",마마0872,to_in_001,"18"
"2024",마마0873,to_in_001,"68"
"2024",마마0874,to_in_001,"109"
"2024",마마0875,to_in_001,"258"
"2024",마마0876,to_in_001,"5"
"2024",마마0877,to_in_001,"8"
"2024",마마0878,to_in_001,"55"
"2024",마마0881,to_in_001,"0"
"2024",마마0883,to_in_001,"0"
"2024",마마0884,to_in_001,"5"
"2024",마마0885,to_in_001,"58"
"2024",마마0886,to_in_001,"5"
"2024",마마0887,to_in_001,"43"
"2024",마마0888,to_in_001,"83"
"2024",마마0889,to_in_001,"93"
"2024",마마0890,to_in_001,"78"
"2024",마마0891,to_in_001,"5"
"2024",마마0892,to_in_001,"73"
"2024",마마0893,to_in_001,"5"
"2024",마마0894,to_in_001,"33"
"2024",마마0896,to_in_001,"5"
"2024",마마0897,to_in_001,"83"
"2024",마마0898,to_in_001,"38"
"2024",마마0899,to_in_001,"78"
"2024",마마0900,to_in_001,"865"
"2024",마마0901,to_in_001,"251"
"2024",마마0902,to_in_001,"93"
"2024",마마0903,to_in_001,"184"
"2024",마마0904,to_in_001,"1575"
"2024",마마0905,to_in_001,"927"
"2024",마마0906,to_in_001,"58"
"2024",마마0907,to_in_001,"38"
"2024",마마0908,to_in_001,"63"
"2024",마마0909,to_in_001,"1754"
"2024",마마0910,to_in_001,"38"
"2024",마마0911,to_in_001,"78"
"2024",마마0912,to_in_001,"113"
"2024",마마0913,to_in_001,"50"
"2024",마마0914,to_in_001,"98"
"2024",마마0916,to_in_001,"13"
"2024",마마0917,to_in_001,"38"
"2024",마마0918,to_in_001,"48"
"2024",마마0921,to_in_001,"73"
"2024",마마0922,to_in_001,"13"
"2024",마마0923,to_in_001,"13"
"2024",마마0924,to_in_001,"193"
"2024",마마0925,to_in_001,"140"
"2024",마마0926,to_in_001,"218"
"2024",마마0927,to_in_001,"149"
"2024",마마0928,to_in_001,"93"
"2024",마마0929,to_in_001,"133"
"2024",마마0930,to_in_001,"53"
"2024",마마0931,to_in_001,"33"
"2024",마마0933,to_in_001,"5"
"2024",마마0937,to_in_001,"5"
"2024",마마0938,to_in_001,"28"
"2024",마마0939,to_in_001,"503"
"2024",마마0940,to_in_001,"426"
"2024",마마0941,to_in_001,"118"
"2024",마마0942,to_in_001,"133"
"2024",마마0943,to_in_001,"163"
"2024",마마0944,to_in_001,"13"
"2024",마마0945,to_in_001,"157"
"2024",마마0946,to_in_001,"68"
"2024",마마0948,to_in_001,"8"
"2024",마마0949,to_in_001,"8"
"2024",마마0952,to_in_001,"5"
"2024",마마0953,to_in_001,"23"
"2024",마마0954,to_in_001,"108"
"2024",마마0955,to_in_001,"163"
"2024",마마0957,to_in_001,"5"
"2024",마마0958,to_in_001,"0"
"2024",마마0959,to_in_001,"4857"
"2024",마마0960,to_in_001,"19895"
"2024",마마0961,to_in_001,"12356"
"2024",마마0962,to_in_001,"53"
"2024",마마0963,to_in_001,"108"
"2024",마마0964,to_in_001,"14456"
"2024",마마0965,to_in_001,"6290"
"2024",마마0966,to_in_001,"1969"
"2024",마마0967,to_in_001,"5"
"2024",마마0968,to_in_001,"128"
"2024",마마0969,to_in_001,"8"
"2024",마마0970,to_in_001,"5"
"2024",마마0971,to_in_001,"38"
"2024",마마0973,to_in_001,"103"
"2024",마마0974,to_in_001,"276"
"2024",마마0975,to_in_001,"8"
"2024",마마0976,to_in_001,"5"
"2024",마마0983,to_in_001,"38"
"2024",마마0984,to_in_001,"73"
"2024",마마0985,to_in_001,"118"
"2024",마마0986,to_in_001,"43"
"2024",마마0988,to_in_001,"33"
"2024",마마0989,to_in_001,"28"
"2024",마마0990,to_in_001,"28"
"2024",마마0991,to_in_001,"18"
"2024",마마0992,to_in_001,"28"
"2024",마마0993,to_in_001,"5"
"2024",마마0994,to_in_001,"58"
"2024",마마0995,to_in_001,"5"
"2024",마마0997,to_in_001,"53"
"2024",마마0998,to_in_001,"513"
"2024",마마0999,to_in_001,"5"
"2024",마마1000,to_in_001,"359"
"2024",마마1001,to_in_001,"6429"
"2024",마마1002,to_in_001,"1356"
"2024",마마1003,to_in_001,"178"
"2024",마마1004,to_in_001,"392"
"2024",마마1005,to_in_001,"199"
"2024",마마1006,to_in_001,"138"
"2024",마마1007,to_in_001,"333"
"2024",마마1008,to_in_001,"8"
"2024",마마1009,to_in_001,"1898"
"2024",마마1010,to_in_001,"35"
"2024",마마1011,to_in_001,"136"
"2024",마마1012,to_in_001,"136"
"2024",마마1013,to_in_001,"78"
"2024",마마1014,to_in_001,"8"
"2024",마마1015,to_in_001,"18"
"2024",마마1016,to_in_001,"5"
"2024",마마1017,to_in_001,"5"
"2024",마마1019,to_in_001,"5"
"2024",마마1020,to_in_001,"8"
"2024",마마1021,to_in_001,"43"
"2024",마마1022,to_in_001,"18"
"2024",마마1023,to_in_001,"108"
"2024",마마1024,to_in_001,"62"
"2024",마마1025,to_in_001,"103"
"2024",마마1026,to_in_001,"38"
"2024",마마1027,to_in_001,"38"
"2024",마마1028,to_in_001,"43"
"2024",마마1029,to_in_001,"103"
"2024",마마1030,to_in_001,"0"
"2024",마마1031,to_in_001,"5"
"2024",마마1033,to_in_001,"33"
"2024",마마1034,to_in_001,"118"
"2024",마마1039,to_in_001,"411"
"2024",마마1040,to_in_001,"185"
"2024",마마1041,to_in_001,"218"
"2024",마마1042,to_in_001,"83"
"2024",마마1043,to_in_001,"33"
"2024",마마1044,to_in_001,"188"
"2024",마마1045,to_in_001,"98"
"2024",마마1046,to_in_001,"193"
"2024",마마1047,to_in_001,"8"
"2024",마마1048,to_in_001,"5"
"2024",마마1050,to_in_001,"63"
"2024",마마1051,to_in_001,"93"
"2024",마마1052,to_in_001,"191"
"2024",마마1053,to_in_001,"273"
"2024",마마1054,to_in_001,"344"
"2024",마마1055,to_in_001,"103"
"2024",마마1058,to_in_001,"9663"
"2024",마마1059,to_in_001,"18097"
"2024",마마1060,to_in_001,"26397"
"2024",마마1061,to_in_001,"2844"
"2024",마마1062,to_in_001,"148"
"2024",마마1063,to_in_001,"4497"
"2024",마마1064,to_in_001,"14333"
"2024",마마1065,to_in_001,"877"
"2024",마마1066,to_in_001,"1249"
"2024",마마1069,to_in_001,"8"
"2024",마마1070,to_in_001,"5"
"2024",마마1071,to_in_001,"13"
"2024",마마1073,to_in_001,"33"
"2024",마마1074,to_in_001,"23"
"2024",마마1075,to_in_001,"53"
"2024",마마1085,to_in_001,"33"
"2024",마마1086,to_in_001,"8"
"2024",마마1087,to_in_001,"5"
"2024",마마1088,to_in_001,"58"
"2024",마마1089,to_in_001,"53"
"2024",마마1090,to_in_001,"5"
"2024",마마1092,to_in_001,"5"
"2024",마마1096,to_in_001,"103"
"2024",마마1097,to_in_001,"73"
"2024",마마1098,to_in_001,"5"
"2024",마마1099,to_in_001,"5"
"2024",마마1100,to_in_001,"8"
"2024",마마1101,to_in_001,"5056"
"2024",마마1102,to_in_001,"14994"
"2024",마마1103,to_in_001,"148"
"2024",마마1104,to_in_001,"88"
"2024",마마1105,to_in_001,"198"
"2024",마마1106,to_in_001,"128"
"2024",마마1108,to_in_001,"308"
"2024",마마1109,to_in_001,"53"
"2024",마마1110,to_in_001,"93"
"2024",마마1111,to_in_001,"304"
"2024",마마1112,to_in_001,"8"
"2024",마마1113,to_in_001,"93"
"2024",마마1114,to_in_001,"5"
"2024",마마1115,to_in_001,"58"
"2024",마마1116,to_in_001,"63"
"2024",마마1117,to_in_001,"5"
"2024",마마1119,to_in_001,"153"
"2024",마마1120,to_in_001,"550"
"2024",마마1121,to_in_001,"163"
"2024",마마1122,to_in_001,"8"
"2024",마마1123,to_in_001,"2205"
"2024",마마1124,to_in_001,"2069"
"2024",마마1125,to_in_001,"418"
"2024",마마1126,to_in_001,"207"
"2024",마마1127,to_in_001,"48"
"2024",마마1128,to_in_001,"108"
"2024",마마1129,to_in_001,"28"
"2024",마마1130,to_in_001,"18"
"2024",마마1131,to_in_001,"13"
"2024",마마1132,to_in_001,"13"
"2024",마마1133,to_in_001,"133"
"2024",마마1134,to_in_001,"5"
"2024",마마1136,to_in_001,"5"
"2024",마마1138,to_in_001,"18"
"2024",마마1139,to_in_001,"2946"
"2024",마마1140,to_in_001,"253"
"2024",마마1141,to_in_001,"108"
"2024",마마1142,to_in_001,"78"
"2024",마마1143,to_in_001,"33"
"2024",마마1146,to_in_001,"28"
"2024",마마1147,to_in_001,"13"
"2024",마마1149,to_in_001,"43"
"2024",마마1150,to_in_001,"18"
"2024",마마1151,to_in_001,"113"
"2024",마마1152,to_in_001,"93"
"2024",마마1153,to_in_001,"38"
"2024",마마1154,to_in_001,"23"
"2024",마마1155,to_in_001,"386"
"2024",마마1156,to_in_001,"1901"
"2024",마마1157,to_in_001,"12130"
"2024",마마1158,to_in_001,"9322"
"2024",마마1159,to_in_001,"10954"
"2024",마마1160,to_in_001,"9505"
"2024",마마1161,to_in_001,"2257"
"2024",마마1162,to_in_001,"43"
"2024",마마1163,to_in_001,"3969"
"2024",마마1164,to_in_001,"10204"
"2024",마마1165,to_in_001,"452"
"2024",마마1173,to_in_001,"0"
"2024",마마1174,to_in_001,"38"
"2024",마마1175,to_in_001,"43"
"2024",마마1176,to_in_001,"8"
"2024",마마1177,to_in_001,"5"
"2024",마마1185,to_in_001,"13"
"2024",마마1186,to_in_001,"93"
"2024",마마1187,to_in_001,"23"
"2024",마마1188,to_in_001,"8"
"2024",마마1193,to_in_001,"5"
"2024",마마1194,to_in_001,"48"
"2024",마마1195,to_in_001,"18"
"2024",마마1196,to_in_001,"28"
"2024",마마1197,to_in_001,"18"
"2024",마마1198,to_in_001,"98"
"2024",마마1200,to_in_001,"334"
"2024",마마1201,to_in_001,"8883"
"2024",마마1202,to_in_001,"11722"
"2024",마마1203,to_in_001,"119"
"2024",마마1204,to_in_001,"284"
"2024",마마1205,to_in_001,"28"
"2024",마마1206,to_in_001,"68"
"2024",마마1207,to_in_001,"53"
"2024",마마1208,to_in_001,"68"
"2024",마마1209,to_in_001,"8"
"2024",마마1210,to_in_001,"13"
"2024",마마1211,to_in_001,"228"
"2024",마마1212,to_in_001,"13"
"2024",마마1213,to_in_001,"58"
"2024",마마1214,to_in_001,"38"
"2024",마마1215,to_in_001,"33"
"2024",마마1216,to_in_001,"5"
"2024",마마1218,to_in_001,"28"
"2024",마마1219,to_in_001,"100"
"2024",마마1220,to_in_001,"561"
"2024",마마1221,to_in_001,"4159"
"2024",마마1222,to_in_001,"2839"
"2024",마마1223,to_in_001,"3299"
"2024",마마1224,to_in_001,"1410"
"2024",마마1225,to_in_001,"78"
"2024",마마1226,to_in_001,"5"
"2024",마마1230,to_in_001,"93"
"2024",마마1231,to_in_001,"5"
"2024",마마1232,to_in_001,"93"
"2024",마마1233,to_in_001,"78"
"2024",마마1234,to_in_001,"5"
"2024",마마1235,to_in_001,"8"
"2024",마마1236,to_in_001,"13"
"2024",마마1238,to_in_001,"836"
"2024",마마1239,to_in_001,"4585"
"2024",마마1240,to_in_001,"33"
"2024",마마1241,to_in_001,"103"
"2024",마마1242,to_in_001,"208"
"2024",마마1243,to_in_001,"33"
"2024",마마1244,to_in_001,"208"
"2024",마마1245,to_in_001,"5"
"2024",마마1247,to_in_001,"13"
"2024",마마1248,to_in_001,"83"
"2024",마마1249,to_in_001,"38"
"2024",마마1250,to_in_001,"5"
"2024",마마1251,to_in_001,"33"
"2024",마마1252,to_in_001,"148"
"2024",마마1253,to_in_001,"8"
"2024",마마1255,to_in_001,"8"
"2024",마마1256,to_in_001,"3705"
"2024",마마1257,to_in_001,"7178"
"2024",마마1258,to_in_001,"5617"
"2024",마마1259,to_in_001,"3362"
"2024",마마1260,to_in_001,"3327"
"2024",마마1261,to_in_001,"4467"
"2024",마마1262,to_in_001,"33"
"2024",마마1263,to_in_001,"46"
"2024",마마1264,to_in_001,"2894"
"2024",마마1265,to_in_001,"1925"
"2024",마마1266,to_in_001,"53"
"2024",마마1273,to_in_001,"5"
"2024",마마1274,to_in_001,"133"
"2024",마마1275,to_in_001,"28"
"2024",마마1277,to_in_001,"8"
"2024",마마1282,to_in_001,"5"
"2024",마마1284,to_in_001,"43"
"2024",마마1285,to_in_001,"33"
"2024",마마1286,to_in_001,"43"
"2024",마마1288,to_in_001,"8"
"2024",마마1289,to_in_001,"0"
"2024",마마1290,to_in_001,"18"
"2024",마마1291,to_in_001,"48"
"2024",마마1292,to_in_001,"8"
"2024",마마1293,to_in_001,"38"
"2024",마마1294,to_in_001,"48"
"2024",마마1295,to_in_001,"118"
"2024",마마1296,to_in_001,"150"
"2024",마마1297,to_in_001,"43"
"2024",마마1298,to_in_001,"63"
"2024",마마1300,to_in_001,"215"
"2024",마마1301,to_in_001,"3091"
"2024",마마1302,to_in_001,"648"
"2024",마마1303,to_in_001,"407"
"2024",마마1304,to_in_001,"38"
"2024",마마1305,to_in_001,"28"
"2024",마마1306,to_in_001,"139"
"2024",마마1307,to_in_001,"63"
"2024",마마1308,to_in_001,"308"
"2024",마마1309,to_in_001,"213"
"2024",마마1310,to_in_001,"5"
"2024",마마1311,to_in_001,"163"
"2024",마마1312,to_in_001,"78"
"2024",마마1313,to_in_001,"73"
"2024",마마1314,to_in_001,"23"
"2024",마마1315,to_in_001,"5"
"2024",마마1316,to_in_001,"239"
"2024",마마1317,to_in_001,"278"
"2024",마마1318,to_in_001,"738"
"2024",마마1319,to_in_001,"1727"
"2024",마마1320,to_in_001,"48"
"2024",마마1321,to_in_001,"10621"
"2024",마마1322,to_in_001,"3901"
"2024",마마1323,to_in_001,"6388"
"2024",마마1324,to_in_001,"3278"
"2024",마마1327,to_in_001,"194"
"2024",마마1328,to_in_001,"18"
"2024",마마1329,to_in_001,"28"
"2024",마마1330,to_in_001,"43"
"2024",마마1331,to_in_001,"43"
"2024",마마1332,to_in_001,"8"
"2024",마마1333,to_in_001,"48"
"2024",마마1334,to_in_001,"8"
"2024",마마1335,to_in_001,"48"
"2024",마마1337,to_in_001,"181"
"2024",마마1338,to_in_001,"747"
"2024",마마1339,to_in_001,"481"
"2024",마마1340,to_in_001,"93"
"2024",마마1341,to_in_001,"118"
"2024",마마1342,to_in_001,"173"
"2024",마마1343,to_in_001,"148"
"2024",마마1344,to_in_001,"93"
"2024",마마1349,to_in_001,"8"
"2024",마마1351,to_in_001,"33"
"2024",마마1352,to_in_001,"68"
"2024",마마1357,to_in_001,"9876"
"2024",마마1358,to_in_001,"12022"
"2024",마마1359,to_in_001,"4375"
"2024",마마1360,to_in_001,"2939"
"2024",마마1361,to_in_001,"13799"
"2024",마마1362,to_in_001,"158"
"2024",마마1363,to_in_001,"93"
"2024",마마1364,to_in_001,"1243"
"2024",마마1365,to_in_001,"1548"
"2024",마마1366,to_in_001,"78"
"2024",마마1370,to_in_001,"18"
"2024",마마1372,to_in_001,"5"
"2024",마마1373,to_in_001,"33"
"2024",마마1374,to_in_001,"213"
"2024",마마1376,to_in_001,"8"
"2024",마마1379,to_in_001,"5"
"2024",마마1380,to_in_001,"33"
"2024",마마1381,to_in_001,"5"
"2024",마마1382,to_in_001,"5"
"2024",마마1384,to_in_001,"8"
"2024",마마1385,to_in_001,"314"
"2024",마마1386,to_in_001,"68"
"2024",마마1387,to_in_001,"58"
"2024",마마1390,to_in_001,"5"
"2024",마마1392,to_in_001,"83"
"2024",마마1393,to_in_001,"5"
"2024",마마1397,to_in_001,"43"
"2024",마마1398,to_in_001,"33"
"2024",마마1400,to_in_001,"550"
"2024",마마1401,to_in_001,"330"
"2024",마마1402,to_in_001,"152"
"2024",마마1403,to_in_001,"228"
"2024",마마1404,to_in_001,"324"
"2024",마마1405,to_in_001,"194"
"2024",마마1406,to_in_001,"13"
"2024",마마1407,to_in_001,"179"
"2024",마마1409,to_in_001,"18"
"2024",마마1410,to_in_001,"13"
"2024",마마1411,to_in_001,"58"
"2024",마마1412,to_in_001,"73"
"2024",마마1413,to_in_001,"58"
"2024",마마1415,to_in_001,"374"
"2024",마마1416,to_in_001,"13"
"2024",마마1417,to_in_001,"5"
"2024",마마1418,to_in_001,"165"
"2024",마마1419,to_in_001,"1088"
"2024",마마1420,to_in_001,"3141"
"2024",마마1421,to_in_001,"4908"
"2024",마마1422,to_in_001,"143"
"2024",마마1423,to_in_001,"113"
"2024",마마1424,to_in_001,"208"
"2024",마마1425,to_in_001,"87"
"2024",마마1426,to_in_001,"163"
"2024",마마1427,to_in_001,"158"
"2024",마마1428,to_in_001,"194"
"2024",마마1429,to_in_001,"218"
"2024",마마1430,to_in_001,"78"
"2024",마마1431,to_in_001,"148"
"2024",마마1432,to_in_001,"5"
"2024",마마1433,to_in_001,"133"
"2024",마마1434,to_in_001,"103"
"2024",마마1435,to_in_001,"128"
"2024",마마1436,to_in_001,"28"
"2024",마마1437,to_in_001,"73"
"2024",마마1438,to_in_001,"43"
"2024",마마1439,to_in_001,"33"
"2024",마마1440,to_in_001,"153"
"2024",마마1441,to_in_001,"8"
"2024",마마1442,to_in_001,"5"
"2024",마마1443,to_in_001,"8"
"2024",마마1444,to_in_001,"8"
"2024",마마1449,to_in_001,"0"
"2024",마마1450,to_in_001,"5"
"2024",마마1451,to_in_001,"138"
"2024",마마1452,to_in_001,"18"
"2024",마마1453,to_in_001,"13"
"2024",마마1455,to_in_001,"18"
"2024",마마1456,to_in_001,"544"
"2024",마마1457,to_in_001,"1192"
"2024",마마1458,to_in_001,"2192"
"2024",마마1459,to_in_001,"168"
"2024",마마1460,to_in_001,"2944"
"2024",마마1461,to_in_001,"10037"
"2024",마마1462,to_in_001,"264"
"2024",마마1463,to_in_001,"213"
"2024",마마1464,to_in_001,"38"
"2024",마마1465,to_in_001,"143"
"2024",마마1466,to_in_001,"213"
"2024",마마1467,to_in_001,"5"
"2024",마마1468,to_in_001,"5"
"2024",마마1470,to_in_001,"58"
"2024",마마1471,to_in_001,"8"
"2024",마마1473,to_in_001,"18"
"2024",마마1474,to_in_001,"198"
"2024",마마1475,to_in_001,"5"
"2024",마마1476,to_in_001,"103"
"2024",마마1477,to_in_001,"0"
"2024",마마1478,to_in_001,"19"
"2024",마마1480,to_in_001,"83"
"2024",마마1481,to_in_001,"5"
"2024",마마1482,to_in_001,"28"
"2024",마마1483,to_in_001,"8"
"2024",마마1484,to_in_001,"23"
"2024",마마1485,to_in_001,"78"
"2024",마마1486,to_in_001,"33"
"2024",마마1488,to_in_001,"5"
"2024",마마1489,to_in_001,"33"
"2024",마마1490,to_in_001,"23"
"2024",마마1491,to_in_001,"18"
"2024",마마1492,to_in_001,"33"
"2024",마마1493,to_in_001,"58"
"2024",마마1497,to_in_001,"118"
"2024",마마1499,to_in_001,"8"
"2024",마마1500,to_in_001,"154"
"2024",마마1501,to_in_001,"68"
"2024",마마1502,to_in_001,"58"
"2024",마마1503,to_in_001,"68"
"2024",마마1504,to_in_001,"63"
"2024",마마1505,to_in_001,"8"
"2024",마마1506,to_in_001,"128"
"2024",마마1507,to_in_001,"58"
"2024",마마1508,to_in_001,"58"
"2024",마마1510,to_in_001,"28"
"2024",마마1511,to_in_001,"88"
"2024",마마1512,to_in_001,"243"
"2024",마마1513,to_in_001,"414"
"2024",마마1514,to_in_001,"71"
"2024",마마1515,to_in_001,"5"
"2024",마마1516,to_in_001,"8"
"2024",마마1517,to_in_001,"8"
"2024",마마1518,to_in_001,"83"
"2024",마마1519,to_in_001,"340"
"2024",마마1520,to_in_001,"3247"
"2024",마마1521,to_in_001,"33"
"2024",마마1522,to_in_001,"261"
"2024",마마1523,to_in_001,"28"
"2024",마마1524,to_in_001,"78"
"2024",마마1525,to_in_001,"83"
"2024",마마1526,to_in_001,"38"
"2024",마마1527,to_in_001,"78"
"2024",마마1528,to_in_001,"203"
"2024",마마1529,to_in_001,"108"
"2024",마마1530,to_in_001,"8"
"2024",마마1531,to_in_001,"306"
"2024",마마1532,to_in_001,"64"
"2024",마마1533,to_in_001,"5"
"2024",마마1534,to_in_001,"103"
"2024",마마1535,to_in_001,"13"
"2024",마마1536,to_in_001,"8"
"2024",마마1539,to_in_001,"8"
"2024",마마1540,to_in_001,"13"
"2024",마마1541,to_in_001,"168"
"2024",마마1542,to_in_001,"108"
"2024",마마1543,to_in_001,"68"
"2024",마마1544,to_in_001,"78"
"2024",마마1546,to_in_001,"13"
"2024",마마1551,to_in_001,"33"
"2024",마마1552,to_in_001,"73"
"2024",마마1553,to_in_001,"8"
"2024",마마1554,to_in_001,"5"
"2024",마마1555,to_in_001,"43"
"2024",마마1556,to_in_001,"1827"
"2024",마마1557,to_in_001,"283"
"2024",마마1558,to_in_001,"308"
"2024",마마1559,to_in_001,"155"
"2024",마마1560,to_in_001,"93"
"2024",마마1561,to_in_001,"349"
"2024",마마1562,to_in_001,"153"
"2024",마마1563,to_in_001,"5"
"2024",마마1564,to_in_001,"143"
"2024",마마1565,to_in_001,"188"
"2024",마마1566,to_in_001,"133"
"2024",마마1567,to_in_001,"78"
"2024",마마1569,to_in_001,"5"
"2024",마마1570,to_in_001,"83"
"2024",마마1571,to_in_001,"38"
"2024",마마1572,to_in_001,"5"
"2024",마마1573,to_in_001,"93"
"2024",마마1574,to_in_001,"58"
"2024",마마1575,to_in_001,"33"
"2024",마마1576,to_in_001,"5"
"2024",마마1579,to_in_001,"8"
"2024",마마1580,to_in_001,"13"
"2024",마마1581,to_in_001,"33"
"2024",마마1582,to_in_001,"18"
"2024",마마1583,to_in_001,"847"
"2024",마마1584,to_in_001,"68"
"2024",마마1585,to_in_001,"8"
"2024",마마1586,to_in_001,"5"
"2024",마마1590,to_in_001,"38"
"2024",마마1591,to_in_001,"23"
"2024",마마1592,to_in_001,"33"
"2024",마마1593,to_in_001,"8"
"2024",마마1596,to_in_001,"0"
"2024",마마1598,to_in_001,"5"
"2024",마마1599,to_in_001,"5"
"2024",마마1600,to_in_001,"179"
"2024",마마1601,to_in_001,"38"
"2024",마마1603,to_in_001,"100"
"2024",마마1604,to_in_001,"263"
"2024",마마1605,to_in_001,"409"
"2024",마마1607,to_in_001,"165"
"2024",마마1608,to_in_001,"48"
"2024",마마1609,to_in_001,"68"
"2024",마마1610,to_in_001,"183"
"2024",마마1611,to_in_001,"118"
"2024",마마1612,to_in_001,"38"
"2024",마마1613,to_in_001,"38"
"2024",마마1614,to_in_001,"23"
"2024",마마1615,to_in_001,"18"
"2024",마마1616,to_in_001,"38"
"2024",마마1617,to_in_001,"28"
"2024",마마1619,to_in_001,"83"
"2024",마마1620,to_in_001,"109"
"2024",마마1621,to_in_001,"53"
"2024",마마1622,to_in_001,"73"
"2024",마마1623,to_in_001,"28"
"2024",마마1624,to_in_001,"384"
"2024",마마1625,to_in_001,"18"
"2024",마마1626,to_in_001,"228"
"2024",마마1627,to_in_001,"103"
"2024",마마1629,to_in_001,"48"
"2024",마마1630,to_in_001,"98"
"2024",마마1631,to_in_001,"98"
"2024",마마1632,to_in_001,"23"
"2024",마마1637,to_in_001,"0"
"2024",마마1638,to_in_001,"0"
"2024",마마1640,to_in_001,"5"
"2024",마마1641,to_in_001,"88"
"2024",마마1642,to_in_001,"58"
"2024",마마1643,to_in_001,"5"
"2024",마마1645,to_in_001,"0"
"2024",마마1646,to_in_001,"48"
"2024",마마1647,to_in_001,"13"
"2024",마마1648,to_in_001,"18"
"2024",마마1651,to_in_001,"8"
"2024",마마1654,to_in_001,"53"
"2024",마마1655,to_in_001,"83"
"2024",마마1656,to_in_001,"33"
"2024",마마1657,to_in_001,"314"
"2024",마마1658,to_in_001,"248"
"2024",마마1659,to_in_001,"168"
"2024",마마1660,to_in_001,"198"
"2024",마마1661,to_in_001,"108"
"2024",마마1662,to_in_001,"128"
"2024",마마1663,to_in_001,"2123"
"2024",마마1664,to_in_001,"1112"
"2024",마마1665,to_in_001,"173"
"2024",마마1666,to_in_001,"98"
"2024",마마1667,to_in_001,"198"
"2024",마마1668,to_in_001,"8"
"2024",마마1669,to_in_001,"18"
"2024",마마1670,to_in_001,"5"
"2024",마마1671,to_in_001,"5"
"2024",마마1672,to_in_001,"5"
"2024",마마1673,to_in_001,"42"
"2024",마마1674,to_in_001,"254"
"2024",마마1675,to_in_001,"68"
"2024",마마1676,to_in_001,"63"
"2024",마마1677,to_in_001,"58"
"2024",마마1678,to_in_001,"52"
"2024",마마1679,to_in_001,"88"
"2024",마마1680,to_in_001,"33"
"2024",마마1681,to_in_001,"38"
"2024",마마1682,to_in_001,"63"
"2024",마마1683,to_in_001,"914"
"2024",마마1684,to_in_001,"88"
"2024",마마1685,to_in_001,"53"
"2024",마마1686,to_in_001,"8"
"2024",마마1690,to_in_001,"8"
"2024",마마1691,to_in_001,"5"
"2024",마마1692,to_in_001,"18"
"2024",마마1693,to_in_001,"5"
"2024",마마1695,to_in_001,"13"
"2024",마마1696,to_in_001,"5"
"2024",마마1697,to_in_001,"5"
"2024",마마1698,to_in_001,"8"
"2024",마마1700,to_in_001,"268"
"2024",마마1701,to_in_001,"281"
"2024",마마1702,to_in_001,"23"
"2024",마마1703,to_in_001,"58"
"2024",마마1704,to_in_001,"268"
"2024",마마1705,to_in_001,"53"
"2024",마마1706,to_in_001,"5"
"2024",마마1708,to_in_001,"68"
"2024",마마1709,to_in_001,"128"
"2024",마마1710,to_in_001,"5"
"2024",마마1712,to_in_001,"8"
"2024",마마1715,to_in_001,"48"
"2024",마마1716,to_in_001,"13"
"2024",마마1717,to_in_001,"18"
"2024",마마1718,to_in_001,"377"
"2024",마마1721,to_in_001,"0"
"2024",마마1723,to_in_001,"183"
"2024",마마1724,to_in_001,"161"
"2024",마마1725,to_in_001,"33"
"2024",마마1726,to_in_001,"153"
"2024",마마1727,to_in_001,"68"
"2024",마마1728,to_in_001,"5"
"2024",마마1729,to_in_001,"18"
"2024",마마1730,to_in_001,"143"
"2024",마마1731,to_in_001,"68"
"2024",마마1732,to_in_001,"108"
"2024",마마1733,to_in_001,"23"
"2024",마마1736,to_in_001,"48"
"2024",마마1742,to_in_001,"0"
"2024",마마1743,to_in_001,"8"
"2024",마마1744,to_in_001,"28"
"2024",마마1745,to_in_001,"38"
"2024",마마1746,to_in_001,"118"
"2024",마마1747,to_in_001,"63"
"2024",마마1748,to_in_001,"13"
"2024",마마1749,to_in_001,"13"
"2024",마마1750,to_in_001,"8"
"2024",마마1753,to_in_001,"0"
"2024",마마1754,to_in_001,"167"
"2024",마마1755,to_in_001,"198"
"2024",마마1756,to_in_001,"199"
"2024",마마1757,to_in_001,"248"
"2024",마마1758,to_in_001,"179"
"2024",마마1759,to_in_001,"173"
"2024",마마1760,to_in_001,"153"
"2024",마마1761,to_in_001,"8"
"2024",마마1762,to_in_001,"254"
"2024",마마1763,to_in_001,"209"
"2024",마마1764,to_in_001,"2044"
"2024",마마1765,to_in_001,"1545"
"2024",마마1766,to_in_001,"178"
"2024",마마1767,to_in_001,"418"
"2024",마마1768,to_in_001,"2861"
"2024",마마1769,to_in_001,"4670"
"2024",마마1770,to_in_001,"724"
"2024",마마1771,to_in_001,"8"
"2024",마마1772,to_in_001,"52"
"2024",마마1773,to_in_001,"8"
"2024",마마1774,to_in_001,"268"
"2024",마마1775,to_in_001,"151"
"2024",마마1776,to_in_001,"13"
"2024",마마1777,to_in_001,"72"
"2024",마마1778,to_in_001,"184"
"2024",마마1779,to_in_001,"78"
"2024",마마1780,to_in_001,"83"
"2024",마마1781,to_in_001,"143"
"2024",마마1782,to_in_001,"138"
"2024",마마1783,to_in_001,"103"
"2024",마마1784,to_in_001,"38"
"2024",마마1786,to_in_001,"8"
"2024",마마1790,to_in_001,"8"
"2024",마마1799,to_in_001,"0"
"2024",마마1800,to_in_001,"198"
"2024",마마1801,to_in_001,"270"
"2024",마마1802,to_in_001,"84"
"2024",마마1803,to_in_001,"1149"
"2024",마마1804,to_in_001,"209"
"2024",마마1805,to_in_001,"104"
"2024",마마1806,to_in_001,"113"
"2024",마마1807,to_in_001,"83"
"2024",마마1810,to_in_001,"5"
"2024",마마1811,to_in_001,"108"
"2024",마마1812,to_in_001,"28"
"2024",마마1813,to_in_001,"33"
"2024",마마1815,to_in_001,"8"
"2024",마마1816,to_in_001,"113"
"2024",마마1817,to_in_001,"192"
"2024",마마1818,to_in_001,"893"
"2024",마마1819,to_in_001,"13"
"2024",마마1821,to_in_001,"83"
"2024",마마1822,to_in_001,"89"
"2024",마마1823,to_in_001,"195"
"2024",마마1824,to_in_001,"88"
"2024",마마1826,to_in_001,"63"
"2024",마마1827,to_in_001,"128"
"2024",마마1828,to_in_001,"93"
"2024",마마1830,to_in_001,"48"
"2024",마마1831,to_in_001,"5"
"2024",마마1832,to_in_001,"98"
"2024",마마1833,to_in_001,"73"
"2024",마마1834,to_in_001,"13"
"2024",마마1835,to_in_001,"113"
"2024",마마1836,to_in_001,"8"
"2024",마마1844,to_in_001,"5"
"2024",마마1845,to_in_001,"63"
"2024",마마1846,to_in_001,"58"
"2024",마마1847,to_in_001,"113"
"2024",마마1848,to_in_001,"138"
"2024",마마1849,to_in_001,"28"
"2024",마마1853,to_in_001,"188"
"2024",마마1854,to_in_001,"43"
"2024",마마1855,to_in_001,"153"
"2024",마마1856,to_in_001,"143"
"2024",마마1857,to_in_001,"236"
"2024",마마1858,to_in_001,"98"
"2024",마마1859,to_in_001,"48"
"2024",마마1860,to_in_001,"293"
"2024",마마1861,to_in_001,"249"
"2024",마마1862,to_in_001,"173"
"2024",마마1863,to_in_001,"67"
"2024",마마1864,to_in_001,"2520"
"2024",마마1865,to_in_001,"3325"
"2024",마마1866,to_in_001,"200"
"2024",마마1867,to_in_001,"214"
"2024",마마1868,to_in_001,"3383"
"2024",마마1869,to_in_001,"9262"
"2024",마마1870,to_in_001,"1680"
"2024",마마1871,to_in_001,"99"
"2024",마마1872,to_in_001,"18"
"2024",마마1873,to_in_001,"118"
"2024",마마1874,to_in_001,"88"
"2024",마마1875,to_in_001,"59"
"2024",마마1876,to_in_001,"80"
"2024",마마1877,to_in_001,"23"
"2024",마마1878,to_in_001,"153"
"2024",마마1879,to_in_001,"93"
"2024",마마1880,to_in_001,"33"
"2024",마마1881,to_in_001,"78"
"2024",마마1882,to_in_001,"108"
"2024",마마1883,to_in_001,"0"
"2024",마마1884,to_in_001,"138"
"2024",마마1885,to_in_001,"28"
"2024",마마1891,to_in_001,"58"
"2024",마마1893,to_in_001,"5"
"2024",마마1895,to_in_001,"8"
"2024",마마1899,to_in_001,"5"
"2024",마마1900,to_in_001,"185"
"2024",마마1901,to_in_001,"514"
"2024",마마1902,to_in_001,"68"
"2024",마마1903,to_in_001,"88"
"2024",마마1904,to_in_001,"48"
"2024",마마1905,to_in_001,"78"
"2024",마마1906,to_in_001,"78"
"2024",마마1907,to_in_001,"73"
"2024",마마1908,to_in_001,"38"
"2024",마마1909,to_in_001,"18"
"2024",마마1910,to_in_001,"63"
"2024",마마1911,to_in_001,"18"
"2024",마마1912,to_in_001,"381"
"2024",마마1913,to_in_001,"214"
"2024",마마1914,to_in_001,"125"
"2024",마마1916,to_in_001,"5"
"2024",마마1917,to_in_001,"133"
"2024",마마1919,to_in_001,"8"
"2024",마마1922,to_in_001,"148"
"2024",마마1923,to_in_001,"213"
"2024",마마1924,to_in_001,"73"
"2024",마마1926,to_in_001,"13"
"2024",마마1928,to_in_001,"8"
"2024",마마1929,to_in_001,"8"
"2024",마마1930,to_in_001,"53"
"2024",마마1931,to_in_001,"13"
"2024",마마1932,to_in_001,"18"
"2024",마마1933,to_in_001,"148"
"2024",마마1934,to_in_001,"58"
"2024",마마1935,to_in_001,"73"
"2024",마마1936,to_in_001,"28"
"2024",마마1937,to_in_001,"63"
"2024",마마1938,to_in_001,"78"
"2024",마마1939,to_in_001,"8"
"2024",마마1940,to_in_001,"33"
"2024",마마1941,to_in_001,"5"
"2024",마마1942,to_in_001,"13"
"2024",마마1943,to_in_001,"0"
"2024",마마1945,to_in_001,"8"
"2024",마마1946,to_in_001,"103"
"2024",마마1947,to_in_001,"53"
"2024",마마1948,to_in_001,"5"
"2024",마마1951,to_in_001,"83"
"2024",마마1952,to_in_001,"43"
"2024",마마1953,to_in_001,"8"
"2024",마마1954,to_in_001,"152"
"2024",마마1955,to_in_001,"160"
"2024",마마1956,to_in_001,"88"
"2024",마마1957,to_in_001,"188"
"2024",마마1958,to_in_001,"1308"
"2024",마마1959,to_in_001,"1942"
"2024",마마1960,to_in_001,"1105"
"2024",마마1961,to_in_001,"5"
"2024",마마1962,to_in_001,"73"
"2024",마마1963,to_in_001,"2529"
"2024",마마1964,to_in_001,"1798"
"2024",마마1965,to_in_001,"3455"
"2024",마마1966,to_in_001,"5687"
"2024",마마1967,to_in_001,"788"
"2024",마마1968,to_in_001,"5040"
"2024",마마1969,to_in_001,"9980"
"2024",마마1970,to_in_001,"1544"
"2024",마마1971,to_in_001,"572"
"2024",마마1972,to_in_001,"73"
"2024",마마1973,to_in_001,"18"
"2024",마마1974,to_in_001,"118"
"2024",마마1975,to_in_001,"153"
"2024",마마1976,to_in_001,"178"
"2024",마마1977,to_in_001,"358"
"2024",마마1978,to_in_001,"315"
"2024",마마1979,to_in_001,"73"
"2024",마마1980,to_in_001,"143"
"2024",마마1981,to_in_001,"224"
"2024",마마1982,to_in_001,"63"
"2024",마마1983,to_in_001,"38"
"2024",마마1984,to_in_001,"18"
"2024",마마1987,to_in_001,"5"
"2024",마마1989,to_in_001,"8"
"2024",마마1992,to_in_001,"8"
"2024",마마1993,to_in_001,"5"
"2024",마마1994,to_in_001,"5"
"2024",마마1995,to_in_001,"8"
"2024",마마1996,to_in_001,"8"
"2024",마마1997,to_in_001,"108"
"2024",마마2000,to_in_001,"152"
"2024",마마2001,to_in_001,"218"
"2024",마마2002,to_in_001,"107"
"2024",마마2003,to_in_001,"76"
"2024",마마2004,to_in_001,"23"
"2024",마마2005,to_in_001,"63"
"2024",마마2006,to_in_001,"98"
"2024",마마2007,to_in_001,"5"
"2024",마마2008,to_in_001,"133"
"2024",마마2009,to_in_001,"228"
"2024",마마2010,to_in_001,"128"
"2024",마마2011,to_in_001,"43"
"2024",마마2012,to_in_001,"43"
"2024",마마2013,to_in_001,"5"
"2024",마마2014,to_in_001,"49"
"2024",마마2015,to_in_001,"86"
"2024",마마2016,to_in_001,"78"
"2024",마마2017,to_in_001,"23"
"2024",마마2018,to_in_001,"5"
"2024",마마2022,to_in_001,"103"
"2024",마마2023,to_in_001,"33"
"2024",마마2024,to_in_001,"301"
"2024",마마2025,to_in_001,"88"
"2024",마마2027,to_in_001,"8"
"2024",마마2029,to_in_001,"5"
"2024",마마2030,to_in_001,"48"
"2024",마마2031,to_in_001,"8"
"2024",마마2032,to_in_001,"38"
"2024",마마2033,to_in_001,"33"
"2024",마마2035,to_in_001,"23"
"2024",마마2036,to_in_001,"53"
"2024",마마2037,to_in_001,"28"
"2024",마마2038,to_in_001,"18"
"2024",마마2039,to_in_001,"133"
"2024",마마2040,to_in_001,"68"
"2024",마마2041,to_in_001,"8"
"2024",마마2042,to_in_001,"5"
"2024",마마2043,to_in_001,"18"
"2024",마마2044,to_in_001,"48"
"2024",마마2045,to_in_001,"83"
"2024",마마2046,to_in_001,"13"
"2024",마마2049,to_in_001,"0"
"2024",마마2051,to_in_001,"18"
"2024",마마2052,to_in_001,"208"
"2024",마마2053,to_in_001,"78"
"2024",마마2054,to_in_001,"123"
"2024",마마2055,to_in_001,"335"
"2024",마마2056,to_in_001,"284"
"2024",마마2057,to_in_001,"113"
"2024",마마2058,to_in_001,"149"
"2024",마마2059,to_in_001,"203"
"2024",마마2060,to_in_001,"28"
"2024",마마2061,to_in_001,"5"
"2024",마마2062,to_in_001,"103"
"2024",마마2063,to_in_001,"422"
"2024",마마2064,to_in_001,"150"
"2024",마마2065,to_in_001,"63"
"2024",마마2066,to_in_001,"788"
"2024",마마2067,to_in_001,"2143"
"2024",마마2068,to_in_001,"2179"
"2024",마마2069,to_in_001,"158"
"2024",마마2070,to_in_001,"53"
"2024",마마2071,to_in_001,"38"
"2024",마마2072,to_in_001,"1209"
"2024",마마2073,to_in_001,"208"
"2024",마마2074,to_in_001,"163"
"2024",마마2075,to_in_001,"48"
"2024",마마2076,to_in_001,"38"
"2024",마마2077,to_in_001,"5"
"2024",마마2078,to_in_001,"88"
"2024",마마2079,to_in_001,"8"
"2024",마마2080,to_in_001,"33"
"2024",마마2081,to_in_001,"142"
"2024",마마2082,to_in_001,"252"
"2024",마마2083,to_in_001,"23"
"2024",마마2084,to_in_001,"83"
"2024",마마2085,to_in_001,"63"
"2024",마마2086,to_in_001,"5"
"2024",마마2087,to_in_001,"33"
"2024",마마2088,to_in_001,"5"
"2024",마마2089,to_in_001,"13"
"2024",마마2093,to_in_001,"5"
"2024",마마2094,to_in_001,"5"
"2024",마마2095,to_in_001,"18"
"2024",마마2097,to_in_001,"8"
"2024",마마2098,to_in_001,"78"
"2024",마마2099,to_in_001,"33"
"2024",마마2100,to_in_001,"88"
"2024",마마2101,to_in_001,"279"
"2024",마마2102,to_in_001,"28"
"2024",마마2103,to_in_001,"53"
"2024",마마2104,to_in_001,"118"
"2024",마마2105,to_in_001,"5"
"2024",마마2107,to_in_001,"178"
"2024",마마2108,to_in_001,"28"
"2024",마마2109,to_in_001,"18"
"2024",마마2110,to_in_001,"63"
"2024",마마2111,to_in_001,"591"
"2024",마마2112,to_in_001,"713"
"2024",마마2113,to_in_001,"207"
"2024",마마2114,to_in_001,"88"
"2024",마마2115,to_in_001,"162"
"2024",마마2116,to_in_001,"23"
"2024",마마2117,to_in_001,"33"
"2024",마마2118,to_in_001,"13"
"2024",마마2119,to_in_001,"13"
"2024",마마2120,to_in_001,"93"
"2024",마마2121,to_in_001,"0"
"2024",마마2122,to_in_001,"103"
"2024",마마2123,to_in_001,"88"
"2024",마마2124,to_in_001,"149"
"2024",마마2125,to_in_001,"5"
"2024",마마2127,to_in_001,"68"
"2024",마마2128,to_in_001,"63"
"2024",마마2131,to_in_001,"8"
"2024",마마2132,to_in_001,"8"
"2024",마마2133,to_in_001,"5"
"2024",마마2134,to_in_001,"5"
"2024",마마2135,to_in_001,"53"
"2024",마마2136,to_in_001,"5"
"2024",마마2137,to_in_001,"5"
"2024",마마2138,to_in_001,"23"
"2024",마마2139,to_in_001,"178"
"2024",마마2140,to_in_001,"98"
"2024",마마2141,to_in_001,"0"
"2024",마마2142,to_in_001,"53"
"2024",마마2143,to_in_001,"13"
"2024",마마2148,to_in_001,"13"
"2024",마마2149,to_in_001,"28"
"2024",마마2151,to_in_001,"43"
"2024",마마2152,to_in_001,"73"
"2024",마마2153,to_in_001,"83"
"2024",마마2154,to_in_001,"223"
"2024",마마2155,to_in_001,"213"
"2024",마마2156,to_in_001,"198"
"2024",마마2157,to_in_001,"73"
"2024",마마2158,to_in_001,"83"
"2024",마마2159,to_in_001,"133"
"2024",마마2160,to_in_001,"13"
"2024",마마2161,to_in_001,"143"
"2024",마마2162,to_in_001,"53"
"2024",마마2163,to_in_001,"28"
"2024",마마2164,to_in_001,"98"
"2024",마마2165,to_in_001,"113"
"2024",마마2166,to_in_001,"5"
"2024",마마2167,to_in_001,"755"
"2024",마마2168,to_in_001,"3895"
"2024",마마2169,to_in_001,"245"
"2024",마마2170,to_in_001,"343"
"2024",마마2171,to_in_001,"417"
"2024",마마2172,to_in_001,"143"
"2024",마마2173,to_in_001,"128"
"2024",마마2174,to_in_001,"28"
"2024",마마2175,to_in_001,"8"
"2024",마마2176,to_in_001,"28"
"2024",마마2177,to_in_001,"53"
"2024",마마2178,to_in_001,"83"
"2024",마마2179,to_in_001,"38"
"2024",마마2180,to_in_001,"105"
"2024",마마2181,to_in_001,"203"
"2024",마마2182,to_in_001,"78"
"2024",마마2183,to_in_001,"38"
"2024",마마2184,to_in_001,"28"
"2024",마마2185,to_in_001,"8"
"2024",마마2186,to_in_001,"0"
"2024",마마2188,to_in_001,"23"
"2024",마마2190,to_in_001,"5"
"2024",마마2198,to_in_001,"133"
"2024",마마2200,to_in_001,"189"
"2024",마마2201,to_in_001,"153"
"2024",마마2202,to_in_001,"5"
"2024",마마2203,to_in_001,"192"
"2024",마마2204,to_in_001,"486"
"2024",마마2205,to_in_001,"209"
"2024",마마2206,to_in_001,"128"
"2024",마마2207,to_in_001,"300"
"2024",마마2208,to_in_001,"129"
"2024",마마2209,to_in_001,"178"
"2024",마마2210,to_in_001,"48"
"2024",마마2211,to_in_001,"33"
"2024",마마2212,to_in_001,"572"
"2024",마마2213,to_in_001,"38"
"2024",마마2214,to_in_001,"63"
"2024",마마2215,to_in_001,"23"
"2024",마마2216,to_in_001,"133"
"2024",마마2218,to_in_001,"0"
"2024",마마2219,to_in_001,"18"
"2024",마마2220,to_in_001,"88"
"2024",마마2221,to_in_001,"184"
"2024",마마2222,to_in_001,"143"
"2024",마마2223,to_in_001,"13"
"2024",마마2224,to_in_001,"238"
"2024",마마2225,to_in_001,"8"
"2024",마마2226,to_in_001,"8"
"2024",마마2227,to_in_001,"173"
"2024",마마2228,to_in_001,"43"
"2024",마마2229,to_in_001,"78"
"2024",마마2230,to_in_001,"13"
"2024",마마2231,to_in_001,"28"
"2024",마마2232,to_in_001,"8"
"2024",마마2233,to_in_001,"33"
"2024",마마2237,to_in_001,"53"
"2024",마마2238,to_in_001,"73"
"2024",마마2239,to_in_001,"13"
"2024",마마2240,to_in_001,"58"
"2024",마마2241,to_in_001,"38"
"2024",마마2242,to_in_001,"158"
"2024",마마2249,to_in_001,"98"
"2024",마마2250,to_in_001,"68"
"2024",마마2251,to_in_001,"43"
"2024",마마2253,to_in_001,"5"
"2024",마마2254,to_in_001,"13"
"2024",마마2255,to_in_001,"38"
"2024",마마2256,to_in_001,"98"
"2024",마마2257,to_in_001,"13"
"2024",마마2258,to_in_001,"5"
"2024",마마2260,to_in_001,"5"
"2024",마마2261,to_in_001,"53"
"2024",마마2262,to_in_001,"38"
"2024",마마2263,to_in_001,"13"
"2024",마마2264,to_in_001,"78"
"2024",마마2265,to_in_001,"139"
"2024",마마2266,to_in_001,"630"
"2024",마마2267,to_in_001,"1744"
"2024",마마2268,to_in_001,"5"
"2024",마마2269,to_in_001,"98"
"2024",마마2270,to_in_001,"113"
"2024",마마2271,to_in_001,"53"
"2024",마마2272,to_in_001,"73"
"2024",마마2273,to_in_001,"141"
"2024",마마2274,to_in_001,"8"
"2024",마마2275,to_in_001,"143"
"2024",마마2276,to_in_001,"68"
"2024",마마2277,to_in_001,"68"
"2024",마마2278,to_in_001,"33"
"2024",마마2279,to_in_001,"63"
"2024",마마2280,to_in_001,"68"
"2024",마마2281,to_in_001,"223"
"2024",마마2282,to_in_001,"23"
"2024",마마2283,to_in_001,"5"
"2024",마마2284,to_in_001,"18"
"2024",마마2285,to_in_001,"68"
"2024",마마2286,to_in_001,"8"
"2024",마마2288,to_in_001,"53"
"2024",마마2289,to_in_001,"5"
"2024",마마2290,to_in_001,"108"
"2024",마마2291,to_in_001,"13"
"2024",마마2292,to_in_001,"8"
"2024",마마2295,to_in_001,"5"
"2024",마마2298,to_in_001,"8"
"2024",마마2300,to_in_001,"0"
"2024",마마2303,to_in_001,"97"
"2024",마마2305,to_in_001,"46"
"2024",마마2306,to_in_001,"64"
"2024",마마2307,to_in_001,"48"
"2024",마마2308,to_in_001,"53"
"2024",마마2310,to_in_001,"53"
"2024",마마2311,to_in_001,"38"
"2024",마마2312,to_in_001,"5"
"2024",마마2313,to_in_001,"128"
"2024",마마2314,to_in_001,"13"
"2024",마마2316,to_in_001,"98"
"2024",마마2317,to_in_001,"23"
"2024",마마2318,to_in_001,"5"
"2024",마마2319,to_in_001,"0"
"2024",마마2320,to_in_001,"23"
"2024",마마2322,to_in_001,"5"
"2024",마마2323,to_in_001,"23"
"2024",마마2324,to_in_001,"53"
"2024",마마2325,to_in_001,"143"
"2024",마마2326,to_in_001,"5"
"2024",마마2327,to_in_001,"13"
"2024",마마2328,to_in_001,"33"
"2024",마마2329,to_in_001,"88"
"2024",마마2330,to_in_001,"93"
"2024",마마2331,to_in_001,"53"
"2024",마마2332,to_in_001,"68"
"2024",마마2333,to_in_001,"43"
"2024",마마2334,to_in_001,"8"
"2024",마마2338,to_in_001,"5"
"2024",마마2340,to_in_001,"8"
"2024",마마2341,to_in_001,"0"
"2024",마마2342,to_in_001,"43"
"2024",마마2343,to_in_001,"88"
"2024",마마2344,to_in_001,"18"
"2024",마마2349,to_in_001,"143"
"2024",마마2350,to_in_001,"48"
"2024",마마2351,to_in_001,"38"
"2024",마마2352,to_in_001,"43"
"2024",마마2353,to_in_001,"8"
"2024",마마2354,to_in_001,"78"
"2024",마마2355,to_in_001,"134"
"2024",마마2356,to_in_001,"208"
"2024",마마2357,to_in_001,"118"
"2024",마마2358,to_in_001,"33"
"2024",마마2362,to_in_001,"33"
"2024",마마2364,to_in_001,"113"
"2024",마마2365,to_in_001,"134"
"2024",마마2366,to_in_001,"28"
"2024",마마2367,to_in_001,"8"
"2024",마마2368,to_in_001,"68"
"2024",마마2369,to_in_001,"304"
"2024",마마2370,to_in_001,"253"
"2024",마마2371,to_in_001,"2531"
"2024",마마2372,to_in_001,"113"
"2024",마마2373,to_in_001,"28"
"2024",마마2374,to_in_001,"5"
"2024",마마2375,to_in_001,"123"
"2024",마마2376,to_in_001,"13"
"2024",마마2377,to_in_001,"113"
"2024",마마2378,to_in_001,"38"
"2024",마마2379,to_in_001,"43"
"2024",마마2380,to_in_001,"128"
"2024",마마2381,to_in_001,"78"
"2024",마마2382,to_in_001,"5"
"2024",마마2383,to_in_001,"28"
"2024",마마2384,to_in_001,"58"
"2024",마마2385,to_in_001,"23"
"2024",마마2386,to_in_001,"53"
"2024",마마2387,to_in_001,"5"
"2024",마마2388,to_in_001,"28"
"2024",마마2389,to_in_001,"8"
"2024",마마2390,to_in_001,"8"
"2024",마마2391,to_in_001,"0"
"2024",마마2393,to_in_001,"5"
"2024",마마2396,to_in_001,"13"
"2024",마마2397,to_in_001,"28"
"2024",마마2398,to_in_001,"43"
"2024",마마2400,to_in_001,"50"
"2024",마마2401,to_in_001,"133"
"2024",마마2402,to_in_001,"68"
"2024",마마2403,to_in_001,"351"
"2024",마마2406,to_in_001,"0"
"2024",마마2408,to_in_001,"5"
"2024",마마2410,to_in_001,"8"
"2024",마마2411,to_in_001,"5"
"2024",마마2412,to_in_001,"28"
"2024",마마2413,to_in_001,"168"
"2024",마마2414,to_in_001,"50"
"2024",마마2415,to_in_001,"5"
"2024",마마2416,to_in_001,"5"
"2024",마마2417,to_in_001,"43"
"2024",마마2418,to_in_001,"73"
"2024",마마2419,to_in_001,"58"
"2024",마마2420,to_in_001,"33"
"2024",마마2422,to_in_001,"13"
"2024",마마2423,to_in_001,"8"
"2024",마마2424,to_in_001,"133"
"2024",마마2425,to_in_001,"191"
"2024",마마2426,to_in_001,"33"
"2024",마마2427,to_in_001,"13"
"2024",마마2428,to_in_001,"5"
"2024",마마2429,to_in_001,"5"
"2024",마마2430,to_in_001,"28"
"2024",마마2431,to_in_001,"148"
"2024",마마2432,to_in_001,"93"
"2024",마마2433,to_in_001,"103"
"2024",마마2434,to_in_001,"68"
"2024",마마2439,to_in_001,"13"
"2024",마마2440,to_in_001,"58"
"2024",마마2441,to_in_001,"93"
"2024",마마2442,to_in_001,"33"
"2024",마마2443,to_in_001,"18"
"2024",마마2445,to_in_001,"13"
"2024",마마2447,to_in_001,"18"
"2024",마마2448,to_in_001,"38"
"2024",마마2449,to_in_001,"78"
"2024",마마2450,to_in_001,"8"
"2024",마마2451,to_in_001,"5"
"2024",마마2452,to_in_001,"33"
"2024",마마2453,to_in_001,"153"
"2024",마마2454,to_in_001,"63"
"2024",마마2455,to_in_001,"108"
"2024",마마2456,to_in_001,"373"
"2024",마마2457,to_in_001,"68"
"2024",마마2458,to_in_001,"63"
"2024",마마2459,to_in_001,"53"
"2024",마마2460,to_in_001,"0"
"2024",마마2462,to_in_001,"5"
"2024",마마2463,to_in_001,"23"
"2024",마마2464,to_in_001,"42"
"2024",마마2465,to_in_001,"161"
"2024",마마2466,to_in_001,"48"
"2024",마마2467,to_in_001,"88"
"2024",마마2468,to_in_001,"263"
"2024",마마2469,to_in_001,"68"
"2024",마마2470,to_in_001,"98"
"2024",마마2471,to_in_001,"1433"
"2024",마마2472,to_in_001,"33"
"2024",마마2473,to_in_001,"128"
"2024",마마2474,to_in_001,"93"
"2024",마마2475,to_in_001,"13"
"2024",마마2476,to_in_001,"58"
"2024",마마2477,to_in_001,"5"
"2024",마마2478,to_in_001,"88"
"2024",마마2479,to_in_001,"103"
"2024",마마2480,to_in_001,"70"
"2024",마마2481,to_in_001,"5"
"2024",마마2482,to_in_001,"43"
"2024",마마2483,to_in_001,"18"
"2024",마마2484,to_in_001,"88"
"2024",마마2485,to_in_001,"43"
"2024",마마2486,to_in_001,"38"
"2024",마마2488,to_in_001,"28"
"2024",마마2489,to_in_001,"18"
"2024",마마2490,to_in_001,"58"
"2024",마마2491,to_in_001,"13"
"2024",마마2492,to_in_001,"0"
"2024",마마2493,to_in_001,"38"
"2024",마마2494,to_in_001,"0"
"2024",마마2495,to_in_001,"8"
"2024",마마2496,to_in_001,"13"
"2024",마마2497,to_in_001,"13"
"2024",마마2500,to_in_001,"220"
"2024",마마2501,to_in_001,"119"
"2024",마마2502,to_in_001,"98"
"2024",마마2504,to_in_001,"19"
"2024",마마2509,to_in_001,"5"
"2024",마마2512,to_in_001,"5"
"2024",마마2513,to_in_001,"58"
"2024",마마2514,to_in_001,"8"
"2024",마마2515,to_in_001,"78"
"2024",마마2516,to_in_001,"73"
"2024",마마2517,to_in_001,"18"
"2024",마마2518,to_in_001,"48"
"2024",마마2519,to_in_001,"83"
"2024",마마2521,to_in_001,"8"
"2024",마마2522,to_in_001,"73"
"2024",마마2523,to_in_001,"153"
"2024",마마2524,to_in_001,"181"
"2024",마마2525,to_in_001,"198"
"2024",마마2526,to_in_001,"18"
"2024",마마2527,to_in_001,"13"
"2024",마마2530,to_in_001,"73"
"2024",마마2531,to_in_001,"38"
"2024",마마2532,to_in_001,"163"
"2024",마마2533,to_in_001,"213"
"2024",마마2534,to_in_001,"43"
"2024",마마2535,to_in_001,"33"
"2024",마마2538,to_in_001,"5"
"2024",마마2539,to_in_001,"18"
"2024",마마2540,to_in_001,"68"
"2024",마마2541,to_in_001,"18"
"2024",마마2542,to_in_001,"58"
"2024",마마2543,to_in_001,"48"
"2024",마마2544,to_in_001,"153"
"2024",마마2545,to_in_001,"138"
"2024",마마2546,to_in_001,"28"
"2024",마마2547,to_in_001,"68"
"2024",마마2548,to_in_001,"13"
"2024",마마2549,to_in_001,"28"
"2024",마마2550,to_in_001,"5"
"2024",마마2551,to_in_001,"23"
"2024",마마2552,to_in_001,"38"
"2024",마마2554,to_in_001,"43"
"2024",마마2555,to_in_001,"28"
"2024",마마2556,to_in_001,"93"
"2024",마마2557,to_in_001,"13"
"2024",마마2558,to_in_001,"23"
"2024",마마2559,to_in_001,"75"
"2024",마마2560,to_in_001,"5"
"2024",마마2562,to_in_001,"73"
"2024",마마2563,to_in_001,"48"
"2024",마마2564,to_in_001,"93"
"2024",마마2565,to_in_001,"335"
"2024",마마2566,to_in_001,"298"
"2024",마마2567,to_in_001,"98"
"2024",마마2568,to_in_001,"188"
"2024",마마2569,to_in_001,"179"
"2024",마마2570,to_in_001,"103"
"2024",마마2571,to_in_001,"286"
"2024",마마2572,to_in_001,"138"
"2024",마마2573,to_in_001,"133"
"2024",마마2574,to_in_001,"5"
"2024",마마2575,to_in_001,"5"
"2024",마마2576,to_in_001,"38"
"2024",마마2577,to_in_001,"23"
"2024",마마2578,to_in_001,"248"
"2024",마마2579,to_in_001,"33"
"2024",마마2580,to_in_001,"138"
"2024",마마2581,to_in_001,"8"
"2024",마마2582,to_in_001,"98"
"2024",마마2583,to_in_001,"43"
"2024",마마2584,to_in_001,"153"
"2024",마마2585,to_in_001,"198"
"2024",마마2586,to_in_001,"243"
"2024",마마2587,to_in_001,"28"
"2024",마마2588,to_in_001,"118"
"2024",마마2589,to_in_001,"13"
"2024",마마2590,to_in_001,"43"
"2024",마마2593,to_in_001,"5"
"2024",마마2594,to_in_001,"8"
"2024",마마2595,to_in_001,"33"
"2024",마마2596,to_in_001,"5"
"2024",마마2599,to_in_001,"8"
"2024",마마2600,to_in_001,"133"
"2024",마마2601,to_in_001,"220"
"2024",마마2602,to_in_001,"78"
"2024",마마2604,to_in_001,"8"
"2024",마마2605,to_in_001,"118"
"2024",마마2606,to_in_001,"258"
"2024",마마2607,to_in_001,"34"
"2024",마마2608,to_in_001,"5"
"2024",마마2609,to_in_001,"68"
"2024",마마2610,to_in_001,"43"
"2024",마마2611,to_in_001,"29"
"2024",마마2612,to_in_001,"5"
"2024",마마2615,to_in_001,"183"
"2024",마마2616,to_in_001,"5"
"2024",마마2617,to_in_001,"8"
"2024",마마2618,to_in_001,"5"
"2024",마마2619,to_in_001,"5"
"2024",마마2621,to_in_001,"28"
"2024",마마2622,to_in_001,"33"
"2024",마마2623,to_in_001,"33"
"2024",마마2624,to_in_001,"28"
"2024",마마2625,to_in_001,"63"
"2024",마마2626,to_in_001,"63"
"2024",마마2630,to_in_001,"8"
"2024",마마2631,to_in_001,"68"
"2024",마마2632,to_in_001,"33"
"2024",마마2633,to_in_001,"48"
"2024",마마2634,to_in_001,"134"
"2024",마마2635,to_in_001,"58"
"2024",마마2639,to_in_001,"53"
"2024",마마2640,to_in_001,"53"
"2024",마마2641,to_in_001,"88"
"2024",마마2642,to_in_001,"53"
"2024",마마2643,to_in_001,"178"
"2024",마마2644,to_in_001,"257"
"2024",마마2645,to_in_001,"5"
"2024",마마2646,to_in_001,"13"
"2024",마마2647,to_in_001,"8"
"2024",마마2648,to_in_001,"5"
"2024",마마2649,to_in_001,"89"
"2024",마마2650,to_in_001,"28"
"2024",마마2651,to_in_001,"63"
"2024",마마2652,to_in_001,"43"
"2024",마마2653,to_in_001,"33"
"2024",마마2654,to_in_001,"8"
"2024",마마2656,to_in_001,"226"
"2024",마마2657,to_in_001,"5"
"2024",마마2658,to_in_001,"68"
"2024",마마2659,to_in_001,"38"
"2024",마마2660,to_in_001,"13"
"2024",마마2662,to_in_001,"5"
"2024",마마2663,to_in_001,"53"
"2024",마마2664,to_in_001,"88"
"2024",마마2665,to_in_001,"238"
"2024",마마2666,to_in_001,"133"
"2024",마마2667,to_in_001,"38"
"2024",마마2668,to_in_001,"78"
"2024",마마2669,to_in_001,"73"
"2024",마마2670,to_in_001,"58"
"2024",마마2671,to_in_001,"248"
"2024",마마2672,to_in_001,"1645"
"2024",마마2673,to_in_001,"161"
"2024",마마2674,to_in_001,"63"
"2024",마마2675,to_in_001,"103"
"2024",마마2676,to_in_001,"58"
"2024",마마2677,to_in_001,"38"
"2024",마마2678,to_in_001,"18"
"2024",마마2680,to_in_001,"0"
"2024",마마2682,to_in_001,"8"
"2024",마마2683,to_in_001,"118"
"2024",마마2684,to_in_001,"93"
"2024",마마2686,to_in_001,"163"
"2024",마마2687,to_in_001,"88"
"2024",마마2688,to_in_001,"48"
"2024",마마2689,to_in_001,"8"
"2024",마마2690,to_in_001,"23"
"2024",마마2691,to_in_001,"18"
"2024",마마2692,to_in_001,"13"
"2024",마마2695,to_in_001,"63"
"2024",마마2696,to_in_001,"0"
"2024",마마2697,to_in_001,"13"
"2024",마마2698,to_in_001,"5"
"2024",마마2699,to_in_001,"23"
"2024",마마2700,to_in_001,"45"
"2024",마마2701,to_in_001,"163"
"2024",마마2702,to_in_001,"88"
"2024",마마2703,to_in_001,"53"
"2024",마마2704,to_in_001,"5"
"2024",마마2706,to_in_001,"5"
"2024",마마2707,to_in_001,"102"
"2024",마마2708,to_in_001,"23"
"2024",마마2709,to_in_001,"98"
"2024",마마2715,to_in_001,"158"
"2024",마마2716,to_in_001,"0"
"2024",마마2717,to_in_001,"5"
"2024",마마2718,to_in_001,"18"
"2024",마마2719,to_in_001,"5"
"2024",마마2720,to_in_001,"8"
"2024",마마2721,to_in_001,"53"
"2024",마마2722,to_in_001,"18"
"2024",마마2724,to_in_001,"5"
"2024",마마2725,to_in_001,"68"
"2024",마마2726,to_in_001,"138"
"2024",마마2732,to_in_001,"5"
"2024",마마2733,to_in_001,"8"
"2024",마마2734,to_in_001,"119"
"2024",마마2735,to_in_001,"108"
"2024",마마2740,to_in_001,"18"
"2024",마마2741,to_in_001,"58"
"2024",마마2742,to_in_001,"93"
"2024",마마2743,to_in_001,"18"
"2024",마마2744,to_in_001,"138"
"2024",마마2745,to_in_001,"23"
"2024",마마2746,to_in_001,"98"
"2024",마마2747,to_in_001,"488"
"2024",마마2748,to_in_001,"13"
"2024",마마2749,to_in_001,"23"
"2024",마마2750,to_in_001,"38"
"2024",마마2751,to_in_001,"63"
"2024",마마2752,to_in_001,"48"
"2024",마마2753,to_in_001,"43"
"2024",마마2754,to_in_001,"5"
"2024",마마2756,to_in_001,"23"
"2024",마마2757,to_in_001,"5"
"2024",마마2758,to_in_001,"8"
"2024",마마2759,to_in_001,"5"
"2024",마마2761,to_in_001,"28"
"2024",마마2762,to_in_001,"18"
"2024",마마2763,to_in_001,"58"
"2024",마마2764,to_in_001,"33"
"2024",마마2765,to_in_001,"8"
"2024",마마2766,to_in_001,"48"
"2024",마마2767,to_in_001,"173"
"2024",마마2768,to_in_001,"28"
"2024",마마2770,to_in_001,"173"
"2024",마마2771,to_in_001,"464"
"2024",마마2772,to_in_001,"28"
"2024",마마2773,to_in_001,"23"
"2024",마마2774,to_in_001,"612"
"2024",마마2775,to_in_001,"103"
"2024",마마2776,to_in_001,"134"
"2024",마마2777,to_in_001,"269"
"2024",마마2778,to_in_001,"88"
"2024",마마2779,to_in_001,"250"
"2024",마마2780,to_in_001,"93"
"2024",마마2781,to_in_001,"68"
"2024",마마2782,to_in_001,"23"
"2024",마마2783,to_in_001,"263"
"2024",마마2784,to_in_001,"23"
"2024",마마2785,to_in_001,"18"
"2024",마마2787,to_in_001,"78"
"2024",마마2788,to_in_001,"88"
"2024",마마2789,to_in_001,"33"
"2024",마마2790,to_in_001,"54"
"2024",마마2791,to_in_001,"304"
"2024",마마2792,to_in_001,"8"
"2024",마마2794,to_in_001,"0"
"2024",마마2795,to_in_001,"98"
"2024",마마2796,to_in_001,"53"
"2024",마마2797,to_in_001,"23"
"2024",마마2800,to_in_001,"184"
"2024",마마2801,to_in_001,"175"
"2024",마마2802,to_in_001,"78"
"2024",마마2806,to_in_001,"73"
"2024",마마2807,to_in_001,"43"
"2024",마마2808,to_in_001,"143"
"2024",마마2809,to_in_001,"63"
"2024",마마2810,to_in_001,"8"
"2024",마마2811,to_in_001,"0"
"2024",마마2814,to_in_001,"13"
"2024",마마2815,to_in_001,"18"
"2024",마마2816,to_in_001,"18"
"2024",마마2817,to_in_001,"8"
"2024",마마2820,to_in_001,"23"
"2024",마마2821,to_in_001,"5"
"2024",마마2822,to_in_001,"0"
"2024",마마2824,to_in_001,"5"
"2024",마마2825,to_in_001,"38"
"2024",마마2826,to_in_001,"148"
"2024",마마2827,to_in_001,"5"
"2024",마마2828,to_in_001,"23"
"2024",마마2830,to_in_001,"13"
"2024",마마2831,to_in_001,"43"
"2024",마마2834,to_in_001,"58"
"2024",마마2835,to_in_001,"68"
"2024",마마2840,to_in_001,"48"
"2024",마마2841,to_in_001,"38"
"2024",마마2842,to_in_001,"118"
"2024",마마2843,to_in_001,"13"
"2024",마마2845,to_in_001,"198"
"2024",마마2846,to_in_001,"48"
"2024",마마2847,to_in_001,"100"
"2024",마마2848,to_in_001,"5"
"2024",마마2851,to_in_001,"5"
"2024",마마2853,to_in_001,"58"
"2024",마마2854,to_in_001,"0"
"2024",마마2855,to_in_001,"28"
"2024",마마2859,to_in_001,"13"
"2024",마마2862,to_in_001,"98"
"2024",마마2863,to_in_001,"103"
"2024",마마2864,to_in_001,"83"
"2024",마마2866,to_in_001,"33"
"2024",마마2867,to_in_001,"133"
"2024",마마2868,to_in_001,"33"
"2024",마마2869,to_in_001,"28"
"2024",마마2870,to_in_001,"43"
"2024",마마2871,to_in_001,"169"
"2024",마마2872,to_in_001,"109"
"2024",마마2873,to_in_001,"23"
"2024",마마2874,to_in_001,"804"
"2024",마마2875,to_in_001,"3030"
"2024",마마2876,to_in_001,"589"
"2024",마마2877,to_in_001,"213"
"2024",마마2878,to_in_001,"108"
"2024",마마2879,to_in_001,"58"
"2024",마마2880,to_in_001,"83"
"2024",마마2881,to_in_001,"118"
"2024",마마2882,to_in_001,"48"
"2024",마마2883,to_in_001,"123"
"2024",마마2884,to_in_001,"5"
"2024",마마2885,to_in_001,"8"
"2024",마마2886,to_in_001,"18"
"2024",마마2887,to_in_001,"68"
"2024",마마2888,to_in_001,"83"
"2024",마마2889,to_in_001,"0"
"2024",마마2890,to_in_001,"13"
"2024",마마2891,to_in_001,"138"
"2024",마마2892,to_in_001,"48"
"2024",마마2893,to_in_001,"28"
"2024",마마2895,to_in_001,"28"
"2024",마마2896,to_in_001,"28"
"2024",마마2897,to_in_001,"5"
"2024",마마2898,to_in_001,"5"
"2024",마마2900,to_in_001,"114"
"2024",마마2901,to_in_001,"43"
"2024",마마2902,to_in_001,"209"
"2024",마마2903,to_in_001,"5"
"2024",마마2906,to_in_001,"128"
"2024",마마2907,to_in_001,"23"
"2024",마마2908,to_in_001,"33"
"2024",마마2909,to_in_001,"68"
"2024",마마2910,to_in_001,"98"
"2024",마마2911,to_in_001,"0"
"2024",마마2912,to_in_001,"48"
"2024",마마2913,to_in_001,"43"
"2024",마마2916,to_in_001,"63"
"2024",마마2917,to_in_001,"5"
"2024",마마2922,to_in_001,"118"
"2024",마마2923,to_in_001,"123"
"2024",마마2925,to_in_001,"23"
"2024",마마2926,to_in_001,"98"
"2024",마마2927,to_in_001,"18"
"2024",마마2928,to_in_001,"108"
"2024",마마2934,to_in_001,"33"
"2024",마마2935,to_in_001,"123"
"2024",마마2936,to_in_001,"5"
"2024",마마2941,to_in_001,"5"
"2024",마마2942,to_in_001,"5"
"2024",마마2944,to_in_001,"5"
"2024",마마2945,to_in_001,"5"
"2024",마마2948,to_in_001,"5"
"2024",마마2953,to_in_001,"18"
"2024",마마2954,to_in_001,"8"
"2024",마마2955,to_in_001,"33"
"2024",마마2958,to_in_001,"23"
"2024",마마2959,to_in_001,"13"
"2024",마마2961,to_in_001,"0"
"2024",마마2962,to_in_001,"103"
"2024",마마2963,to_in_001,"78"
"2024",마마2964,to_in_001,"78"
"2024",마마2965,to_in_001,"33"
"2024",마마2967,to_in_001,"43"
"2024",마마2968,to_in_001,"118"
"2024",마마2969,to_in_001,"123"
"2024",마마2970,to_in_001,"60"
"2024",마마2971,to_in_001,"183"
"2024",마마2972,to_in_001,"278"
"2024",마마2973,to_in_001,"113"
"2024",마마2974,to_in_001,"1825"
"2024",마마2975,to_in_001,"4409"
"2024",마마2976,to_in_001,"7128"
"2024",마마2977,to_in_001,"73"
"2024",마마2978,to_in_001,"5"
"2024",마마2979,to_in_001,"18"
"2024",마마2980,to_in_001,"58"
"2024",마마2981,to_in_001,"43"
"2024",마마2982,to_in_001,"68"
"2024",마마2983,to_in_001,"28"
"2024",마마2984,to_in_001,"58"
"2024",마마2985,to_in_001,"13"
"2024",마마2986,to_in_001,"0"
"2024",마마2987,to_in_001,"5"
"2024",마마2988,to_in_001,"43"
"2024",마마2989,to_in_001,"8"
"2024",마마2991,to_in_001,"8"
"2024",마마2992,to_in_001,"78"
"2024",마마2994,to_in_001,"8"
"2024",마마2995,to_in_001,"5"
"2024",마마2996,to_in_001,"28"
"2024",마마2997,to_in_001,"13"
"2024",마마2999,to_in_001,"5"
"2024",마마3000,to_in_001,"5"
"2024",마마3001,to_in_001,"53"
"2024",마마3002,to_in_001,"363"
"2024",마마3003,to_in_001,"28"
"2024",마마3004,to_in_001,"46"
"2024",마마3005,to_in_001,"64"
"2024",마마3006,to_in_001,"18"
"2024",마마3007,to_in_001,"23"
"2024",마마3011,to_in_001,"8"
"2024",마마3012,to_in_001,"23"
"2024",마마3013,to_in_001,"53"
"2024",마마3014,to_in_001,"43"
"2024",마마3015,to_in_001,"58"
"2024",마마3022,to_in_001,"5"
"2024",마마3023,to_in_001,"38"
"2024",마마3024,to_in_001,"43"
"2024",마마3026,to_in_001,"13"
"2024",마마3027,to_in_001,"98"
"2024",마마3029,to_in_001,"13"
"2024",마마3030,to_in_001,"8"
"2024",마마3031,to_in_001,"8"
"2024",마마3034,to_in_001,"23"
"2024",마마3045,to_in_001,"8"
"2024",마마3046,to_in_001,"8"
"2024",마마3048,to_in_001,"5"
"2024",마마3052,to_in_001,"5"
"2024",마마3059,to_in_001,"0"
"2024",마마3060,to_in_001,"0"
"2024",마마3061,to_in_001,"18"
"2024",마마3062,to_in_001,"23"
"2024",마마3063,to_in_001,"73"
"2024",마마3064,to_in_001,"88"
"2024",마마3065,to_in_001,"38"
"2024",마마3067,to_in_001,"0"
"2024",마마3068,to_in_001,"144"
"2024",마마3069,to_in_001,"147"
"2024",마마3070,to_in_001,"58"
"2024",마마3071,to_in_001,"1190"
"2024",마마3072,to_in_001,"181"
"2024",마마3073,to_in_001,"23"
"2024",마마3074,to_in_001,"3116"
"2024",마마3075,to_in_001,"5580"
"2024",마마3076,to_in_001,"9259"
"2024",마마3077,to_in_001,"5710"
"2024",마마3078,to_in_001,"5"
"2024",마마3079,to_in_001,"13"
"2024",마마3080,to_in_001,"8"
"2024",마마3083,to_in_001,"8"
"2024",마마3084,to_in_001,"93"
"2024",마마3085,to_in_001,"8"
"2024",마마3089,to_in_001,"63"
"2024",마마3090,to_in_001,"8"
"2024",마마3091,to_in_001,"93"
"2024",마마3093,to_in_001,"53"
"2024",마마3094,to_in_001,"8"
"2024",마마3097,to_in_001,"28"
"2024",마마3098,to_in_001,"5"
"2024",마마3099,to_in_001,"5"
"2024",마마3100,to_in_001,"38"
"2024",마마3101,to_in_001,"89"
"2024",마마3102,to_in_001,"18"
"2024",마마3103,to_in_001,"107"
"2024",마마3104,to_in_001,"43"
"2024",마마3105,to_in_001,"5"
"2024",마마3106,to_in_001,"43"
"2024",마마3107,to_in_001,"58"
"2024",마마3112,to_in_001,"5"
"2024",마마3114,to_in_001,"8"
"2024",마마3115,to_in_001,"38"
"2024",마마3116,to_in_001,"28"
"2024",마마3124,to_in_001,"8"
"2024",마마3127,to_in_001,"93"
"2024",마마3131,to_in_001,"23"
"2024",마마3132,to_in_001,"153"
"2024",마마3133,to_in_001,"148"
"2024",마마3134,to_in_001,"108"
"2024",마마3142,to_in_001,"38"
"2024",마마3143,to_in_001,"38"
"2024",마마3146,to_in_001,"18"
"2024",마마3151,to_in_001,"18"
"2024",마마3152,to_in_001,"23"
"2024",마마3153,to_in_001,"8"
"2024",마마3154,to_in_001,"8"
"2024",마마3157,to_in_001,"0"
"2024",마마3158,to_in_001,"8"
"2024",마마3160,to_in_001,"8"
"2024",마마3161,to_in_001,"8"
"2024",마마3163,to_in_001,"43"
"2024",마마3164,to_in_001,"58"
"2024",마마3165,to_in_001,"33"
"2024",마마3166,to_in_001,"13"
"2024",마마3167,to_in_001,"43"
"2024",마마3168,to_in_001,"220"
"2024",마마3169,to_in_001,"103"
"2024",마마3170,to_in_001,"157"
"2024",마마3172,to_in_001,"188"
"2024",마마3173,to_in_001,"8"
"2024",마마3174,to_in_001,"88"
"2024",마마3175,to_in_001,"141"
"2024",마마3176,to_in_001,"174"
"2024",마마3177,to_in_001,"5011"
"2024",마마3178,to_in_001,"1278"
"2024",마마3179,to_in_001,"68"
"2024",마마3180,to_in_001,"18"
"2024",마마3183,to_in_001,"5"
"2024",마마3184,to_in_001,"18"
"2024",마마3185,to_in_001,"18"
"2024",마마3186,to_in_001,"63"
"2024",마마3189,to_in_001,"8"
"2024",마마3192,to_in_001,"8"
"2024",마마3195,to_in_001,"33"
"2024",마마3198,to_in_001,"5"
"2024",마마3201,to_in_001,"33"
"2024",마마3202,to_in_001,"138"
"2024",마마3203,to_in_001,"107"
"2024",마마3204,to_in_001,"88"
"2024",마마3205,to_in_001,"73"
"2024",마마3206,to_in_001,"68"
"2024",마마3209,to_in_001,"0"
"2024",마마3211,to_in_001,"8"
"2024",마마3213,to_in_001,"23"
"2024",마마3216,to_in_001,"18"
"2024",마마3217,to_in_001,"0"
"2024",마마3218,to_in_001,"28"
"2024",마마3219,to_in_001,"5"
"2024",마마3223,to_in_001,"8"
"2024",마마3226,to_in_001,"5"
"2024",마마3227,to_in_001,"13"
"2024",마마3232,to_in_001,"133"
"2024",마마3233,to_in_001,"133"
"2024",마마3234,to_in_001,"98"
"2024",마마3241,to_in_001,"45"
"2024",마마3243,to_in_001,"33"
"2024",마마3244,to_in_001,"113"
"2024",마마3245,to_in_001,"8"
"2024",마마3246,to_in_001,"8"
"2024",마마3252,to_in_001,"8"
"2024",마마3253,to_in_001,"18"
"2024",마마3254,to_in_001,"48"
"2024",마마3255,to_in_001,"5"
"2024",마마3256,to_in_001,"18"
"2024",마마3257,to_in_001,"78"
"2024",마마3258,to_in_001,"98"
"2024",마마3259,to_in_001,"5"
"2024",마마3260,to_in_001,"28"
"2024",마마3261,to_in_001,"5"
"2024",마마3263,to_in_001,"8"
"2024",마마3264,to_in_001,"48"
"2024",마마3265,to_in_001,"23"
"2024",마마3267,to_in_001,"13"
"2024",마마3268,to_in_001,"18"
"2024",마마3269,to_in_001,"38"
"2024",마마3270,to_in_001,"8"
"2024",마마3271,to_in_001,"5"
"2024",마마3272,to_in_001,"58"
"2024",마마3273,to_in_001,"108"
"2024",마마3274,to_in_001,"5"
"2024",마마3275,to_in_001,"13"
"2024",마마3276,to_in_001,"118"
"2024",마마3277,to_in_001,"595"
"2024",마마3278,to_in_001,"163"
"2024",마마3279,to_in_001,"55"
"2024",마마3280,to_in_001,"228"
"2024",마마3281,to_in_001,"118"
"2024",마마3282,to_in_001,"118"
"2024",마마3283,to_in_001,"63"
"2024",마마3284,to_in_001,"53"
"2024",마마3287,to_in_001,"33"
"2024",마마3288,to_in_001,"5"
"2024",마마3292,to_in_001,"5"
"2024",마마3294,to_in_001,"5"
"2024",마마3295,to_in_001,"28"
"2024",마마3301,to_in_001,"5"
"2024",마마3302,to_in_001,"90"
"2024",마마3303,to_in_001,"78"
"2024",마마3304,to_in_001,"70"
"2024",마마3305,to_in_001,"13"
"2024",마마3306,to_in_001,"118"
"2024",마마3307,to_in_001,"13"
"2024",마마3308,to_in_001,"43"
"2024",마마3309,to_in_001,"5"
"2024",마마3311,to_in_001,"5"
"2024",마마3313,to_in_001,"38"
"2024",마마3317,to_in_001,"18"
"2024",마마3318,to_in_001,"5"
"2024",마마3319,to_in_001,"28"
"2024",마마3320,to_in_001,"58"
"2024",마마3322,to_in_001,"8"
"2024",마마3323,to_in_001,"28"
"2024",마마3332,to_in_001,"78"
"2024",마마3333,to_in_001,"33"
"2024",마마3334,to_in_001,"13"
"2024",마마3341,to_in_001,"5"
"2024",마마3343,to_in_001,"33"
"2024",마마3344,to_in_001,"13"
"2024",마마3345,to_in_001,"58"
"2024",마마3346,to_in_001,"8"
"2024",마마3347,to_in_001,"53"
"2024",마마3352,to_in_001,"5"
"2024",마마3353,to_in_001,"28"
"2024",마마3355,to_in_001,"8"
"2024",마마3356,to_in_001,"33"
"2024",마마3357,to_in_001,"8"
"2024",마마3359,to_in_001,"0"
"2024",마마3360,to_in_001,"8"
"2024",마마3361,to_in_001,"5"
"2024",마마3362,to_in_001,"18"
"2024",마마3363,to_in_001,"13"
"2024",마마3364,to_in_001,"48"
"2024",마마3365,to_in_001,"48"
"2024",마마3367,to_in_001,"5"
"2024",마마3368,to_in_001,"28"
"2024",마마3369,to_in_001,"28"
"2024",마마3370,to_in_001,"83"
"2024",마마3371,to_in_001,"103"
"2024",마마3372,to_in_001,"193"
"2024",마마3375,to_in_001,"58"
"2024",마마3376,to_in_001,"108"
"2024",마마3377,to_in_001,"359"
"2024",마마3378,to_in_001,"193"
"2024",마마3379,to_in_001,"58"
"2024",마마3380,to_in_001,"103"
"2024",마마3381,to_in_001,"198"
"2024",마마3382,to_in_001,"118"
"2024",마마3383,to_in_001,"298"
"2024",마마3384,to_in_001,"203"
"2024",마마3385,to_in_001,"48"
"2024",마마3386,to_in_001,"13"
"2024",마마3387,to_in_001,"5"
"2024",마마3392,to_in_001,"5"
"2024",마마3393,to_in_001,"48"
"2024",마마3394,to_in_001,"5"
"2024",마마3399,to_in_001,"13"
"2024",마마3400,to_in_001,"103"
"2024",마마3401,to_in_001,"28"
"2024",마마3402,to_in_001,"427"
"2024",마마3403,to_in_001,"5"
"2024",마마3404,to_in_001,"0"
"2024",마마3405,to_in_001,"8"
"2024",마마3406,to_in_001,"158"
"2024",마마3407,to_in_001,"143"
"2024",마마3408,to_in_001,"118"
"2024",마마3409,to_in_001,"33"
"2024",마마3415,to_in_001,"5"
"2024",마마3417,to_in_001,"0"
"2024",마마3419,to_in_001,"5"
"2024",마마3420,to_in_001,"28"
"2024",마마3421,to_in_001,"28"
"2024",마마3422,to_in_001,"93"
"2024",마마3432,to_in_001,"33"
"2024",마마3442,to_in_001,"8"
"2024",마마3443,to_in_001,"53"
"2024",마마3447,to_in_001,"13"
"2024",마마3450,to_in_001,"5"
"2024",마마3451,to_in_001,"8"
"2024",마마3452,to_in_001,"18"
"2024",마마3455,to_in_001,"13"
"2024",마마3456,to_in_001,"5"
"2024",마마3458,to_in_001,"58"
"2024",마마3459,to_in_001,"28"
"2024",마마3460,to_in_001,"5"
"2024",마마3462,to_in_001,"108"
"2024",마마3463,to_in_001,"123"
"2024",마마3464,to_in_001,"98"
"2024",마마3465,to_in_001,"78"
"2024",마마3469,to_in_001,"5"
"2024",마마3470,to_in_001,"13"
"2024",마마3471,to_in_001,"163"
"2024",마마3472,to_in_001,"63"
"2024",마마3474,to_in_001,"5"
"2024",마마3475,to_in_001,"73"
"2024",마마3477,to_in_001,"1124"
"2024",마마3478,to_in_001,"394"
"2024",마마3479,to_in_001,"58"
"2024",마마3480,to_in_001,"133"
"2024",마마3481,to_in_001,"113"
"2024",마마3482,to_in_001,"168"
"2024",마마3483,to_in_001,"28"
"2024",마마3484,to_in_001,"138"
"2024",마마3485,to_in_001,"143"
"2024",마마3486,to_in_001,"33"
"2024",마마3493,to_in_001,"68"
"2024",마마3494,to_in_001,"88"
"2024",마마3495,to_in_001,"43"
"2024",마마3496,to_in_001,"5"
"2024",마마3500,to_in_001,"23"
"2024",마마3501,to_in_001,"38"
"2024",마마3502,to_in_001,"14498"
"2024",마마3503,to_in_001,"14155"
"2024",마마3504,to_in_001,"4463"
"2024",마마3506,to_in_001,"28"
"2024",마마3507,to_in_001,"68"
"2024",마마3508,to_in_001,"68"
"2024",마마3511,to_in_001,"5"
"2024",마마3513,to_in_001,"8"
"2024",마마3522,to_in_001,"8"
"2024",마마3523,to_in_001,"53"
"2024",마마3524,to_in_001,"43"
"2024",마마3532,to_in_001,"5"
"2024",마마3534,to_in_001,"5"
"2024",마마3541,to_in_001,"8"
"2024",마마3542,to_in_001,"48"
"2024",마마3543,to_in_001,"0"
"2024",마마3548,to_in_001,"0"
"2024",마마3549,to_in_001,"8"
"2024",마마3550,to_in_001,"5"
"2024",마마3551,to_in_001,"28"
"2024",마마3552,to_in_001,"44"
"2024",마마3556,to_in_001,"5"
"2024",마마3557,to_in_001,"5"
"2024",마마3559,to_in_001,"0"
"2024",마마3560,to_in_001,"5"
"2024",마마3561,to_in_001,"18"
"2024",마마3562,to_in_001,"13"
"2024",마마3563,to_in_001,"43"
"2024",마마3564,to_in_001,"83"
"2024",마마3565,to_in_001,"108"
"2024",마마3566,to_in_001,"98"
"2024",마마3567,to_in_001,"93"
"2024",마마3568,to_in_001,"48"
"2024",마마3569,to_in_001,"63"
"2024",마마3570,to_in_001,"48"
"2024",마마3571,to_in_001,"124"
"2024",마마3574,to_in_001,"88"
"2024",마마3575,to_in_001,"8"
"2024",마마3576,to_in_001,"33"
"2024",마마3577,to_in_001,"103"
"2024",마마3578,to_in_001,"133"
"2024",마마3579,to_in_001,"5"
"2024",마마3580,to_in_001,"8"
"2024",마마3581,to_in_001,"18"
"2024",마마3582,to_in_001,"128"
"2024",마마3583,to_in_001,"38"
"2024",마마3584,to_in_001,"33"
"2024",마마3585,to_in_001,"83"
"2024",마마3588,to_in_001,"28"
"2024",마마3589,to_in_001,"33"
"2024",마마3591,to_in_001,"0"
"2024",마마3594,to_in_001,"63"
"2024",마마3598,to_in_001,"8"
"2024",마마3601,to_in_001,"379"
"2024",마마3602,to_in_001,"7921"
"2024",마마3603,to_in_001,"19051"
"2024",마마3604,to_in_001,"6345"
"2024",마마3605,to_in_001,"8581"
"2024",마마3609,to_in_001,"59"
"2024",마마3611,to_in_001,"5"
"2024",마마3612,to_in_001,"83"
"2024",마마3613,to_in_001,"0"
"2024",마마3617,to_in_001,"0"
"2024",마마3618,to_in_001,"8"
"2024",마마3624,to_in_001,"23"
"2024",마마3625,to_in_001,"53"
"2024",마마3626,to_in_001,"23"
"2024",마마3627,to_in_001,"88"
"2024",마마3631,to_in_001,"13"
"2024",마마3641,to_in_001,"13"
"2024",마마3642,to_in_001,"28"
"2024",마마3643,to_in_001,"8"
"2024",마마3646,to_in_001,"8"
"2024",마마3647,to_in_001,"53"
"2024",마마3648,to_in_001,"8"
"2024",마마3649,to_in_001,"58"
"2024",마마3650,to_in_001,"5"
"2024",마마3651,to_in_001,"78"
"2024",마마3652,to_in_001,"48"
"2024",마마3653,to_in_001,"53"
"2024",마마3655,to_in_001,"13"
"2024",마마3656,to_in_001,"0"
"2024",마마3657,to_in_001,"0"
"2024",마마3658,to_in_001,"43"
"2024",마마3659,to_in_001,"8"
"2024",마마3660,to_in_001,"8"
"2024",마마3662,to_in_001,"5"
"2024",마마3663,to_in_001,"5"
"2024",마마3664,to_in_001,"5"
"2024",마마3665,to_in_001,"23"
"2024",마마3666,to_in_001,"93"
"2024",마마3667,to_in_001,"227"
"2024",마마3668,to_in_001,"253"
"2024",마마3669,to_in_001,"368"
"2024",마마3670,to_in_001,"518"
"2024",마마3671,to_in_001,"92"
"2024",마마3672,to_in_001,"43"
"2024",마마3674,to_in_001,"8"
"2024",마마3675,to_in_001,"5"
"2024",마마3676,to_in_001,"5"
"2024",마마3677,to_in_001,"69"
"2024",마마3678,to_in_001,"43"
"2024",마마3679,to_in_001,"133"
"2024",마마3680,to_in_001,"5"
"2024",마마3682,to_in_001,"28"
"2024",마마3683,to_in_001,"118"
"2024",마마3684,to_in_001,"5"
"2024",마마3685,to_in_001,"43"
"2024",마마3687,to_in_001,"48"
"2024",마마3688,to_in_001,"5"
"2024",마마3693,to_in_001,"63"
"2024",마마3694,to_in_001,"43"
"2024",마마3697,to_in_001,"5"
"2024",마마3698,to_in_001,"28"
"2024",마마3701,to_in_001,"48"
"2024",마마3702,to_in_001,"2627"
"2024",마마3703,to_in_001,"4191"
"2024",마마3704,to_in_001,"10442"
"2024",마마3705,to_in_001,"15772"
"2024",마마3709,to_in_001,"5"
"2024",마마3710,to_in_001,"103"
"2024",마마3711,to_in_001,"89"
"2024",마마3712,to_in_001,"215"
"2024",마마3717,to_in_001,"5"
"2024",마마3718,to_in_001,"103"
"2024",마마3719,to_in_001,"13"
"2024",마마3726,to_in_001,"18"
"2024",마마3727,to_in_001,"8"
"2024",마마3728,to_in_001,"73"
"2024",마마3729,to_in_001,"8"
"2024",마마3730,to_in_001,"43"
"2024",마마3731,to_in_001,"43"
"2024",마마3740,to_in_001,"5"
"2024",마마3746,to_in_001,"0"
"2024",마마3748,to_in_001,"43"
"2024",마마3749,to_in_001,"8"
"2024",마마3750,to_in_001,"18"
"2024",마마3751,to_in_001,"43"
"2024",마마3752,to_in_001,"43"
"2024",마마3753,to_in_001,"5"
"2024",마마3754,to_in_001,"43"
"2024",마마3755,to_in_001,"33"
"2024",마마3756,to_in_001,"13"
"2024",마마3757,to_in_001,"13"
"2024",마마3760,to_in_001,"5"
"2024",마마3761,to_in_001,"38"
"2024",마마3762,to_in_001,"18"
"2024",마마3764,to_in_001,"8"
"2024",마마3765,to_in_001,"83"
"2024",마마3766,to_in_001,"23"
"2024",마마3767,to_in_001,"148"
"2024",마마3768,to_in_001,"5"
"2024",마마3769,to_in_001,"48"
"2024",마마3770,to_in_001,"5"
"2024",마마3771,to_in_001,"108"
"2024",마마3774,to_in_001,"48"
"2024",마마3775,to_in_001,"8"
"2024",마마3776,to_in_001,"83"
"2024",마마3777,to_in_001,"63"
"2024",마마3778,to_in_001,"8"
"2024",마마3779,to_in_001,"117"
"2024",마마3783,to_in_001,"48"
"2024",마마3784,to_in_001,"123"
"2024",마마3785,to_in_001,"0"
"2024",마마3787,to_in_001,"5"
"2024",마마3788,to_in_001,"13"
"2024",마마3793,to_in_001,"38"
"2024",마마3794,to_in_001,"93"
"2024",마마3795,to_in_001,"48"
"2024",마마3797,to_in_001,"28"
"2024",마마3798,to_in_001,"78"
"2024",마마3801,to_in_001,"2088"
"2024",마마3802,to_in_001,"3014"
"2024",마마3803,to_in_001,"15772"
"2024",마마3804,to_in_001,"9027"
"2024",마마3805,to_in_001,"10662"
"2024",마마3806,to_in_001,"5555"
"2024",마마3807,to_in_001,"44"
"2024",마마3808,to_in_001,"74"
"2024",마마3809,to_in_001,"159"
"2024",마마3810,to_in_001,"2882"
"2024",마마3811,to_in_001,"23"
"2024",마마3814,to_in_001,"0"
"2024",마마3817,to_in_001,"13"
"2024",마마3818,to_in_001,"68"
"2024",마마3819,to_in_001,"18"
"2024",마마3820,to_in_001,"5"
"2024",마마3826,to_in_001,"5"
"2024",마마3830,to_in_001,"8"
"2024",마마3831,to_in_001,"5"
"2024",마마3832,to_in_001,"8"
"2024",마마3834,to_in_001,"5"
"2024",마마3847,to_in_001,"8"
"2024",마마3848,to_in_001,"43"
"2024",마마3849,to_in_001,"8"
"2024",마마3850,to_in_001,"5"
"2024",마마3851,to_in_001,"33"
"2024",마마3852,to_in_001,"88"
"2024",마마3854,to_in_001,"13"
"2024",마마3855,to_in_001,"8"
"2024",마마3857,to_in_001,"28"
"2024",마마3858,to_in_001,"43"
"2024",마마3859,to_in_001,"8"
"2024",마마3860,to_in_001,"5"
"2024",마마3861,to_in_001,"23"
"2024",마마3863,to_in_001,"123"
"2024",마마3864,to_in_001,"38"
"2024",마마3865,to_in_001,"123"
"2024",마마3866,to_in_001,"53"
"2024",마마3867,to_in_001,"53"
"2024",마마3868,to_in_001,"80"
"2024",마마3869,to_in_001,"8"
"2024",마마3870,to_in_001,"23"
"2024",마마3871,to_in_001,"5"
"2024",마마3872,to_in_001,"5"
"2024",마마3873,to_in_001,"8"
"2024",마마3874,to_in_001,"38"
"2024",마마3877,to_in_001,"8"
"2024",마마3878,to_in_001,"8"
"2024",마마3879,to_in_001,"98"
"2024",마마3880,to_in_001,"183"
"2024",마마3881,to_in_001,"13"
"2024",마마3884,to_in_001,"33"
"2024",마마3885,to_in_001,"5"
"2024",마마3886,to_in_001,"8"
"2024",마마3888,to_in_001,"28"
"2024",마마3889,to_in_001,"63"
"2024",마마3890,to_in_001,"5"
"2024",마마3893,to_in_001,"28"
"2024",마마3894,to_in_001,"58"
"2024",마마3895,to_in_001,"13"
"2024",마마3896,to_in_001,"8"
"2024",마마3897,to_in_001,"33"
"2024",마마3898,to_in_001,"18"
"2024",마마3901,to_in_001,"8"
"2024",마마3902,to_in_001,"1538"
"2024",마마3903,to_in_001,"2977"
"2024",마마3904,to_in_001,"3426"
"2024",마마3905,to_in_001,"18425"
"2024",마마3906,to_in_001,"6973"
"2024",마마3907,to_in_001,"5604"
"2024",마마3908,to_in_001,"90"
"2024",마마3909,to_in_001,"13"
"2024",마마3910,to_in_001,"59"
"2024",마마3917,to_in_001,"227"
"2024",마마3918,to_in_001,"28"
"2024",마마3919,to_in_001,"0"
"2024",마마3920,to_in_001,"0"
"2024",마마3935,to_in_001,"18"
"2024",마마3936,to_in_001,"180"
"2024",마마3950,to_in_001,"18"
"2024",마마3951,to_in_001,"63"
"2024",마마3952,to_in_001,"198"
"2024",마마3953,to_in_001,"5"
"2024",마마3955,to_in_001,"8"
"2024",마마3956,to_in_001,"53"
"2024",마마3957,to_in_001,"13"
"2024",마마3958,to_in_001,"5"
"2024",마마3965,to_in_001,"8"
"2024",마마3966,to_in_001,"138"
"2024",마마3967,to_in_001,"703"
"2024",마마3968,to_in_001,"103"
"2024",마마3969,to_in_001,"8"
"2024",마마3970,to_in_001,"28"
"2024",마마3972,to_in_001,"48"
"2024",마마3975,to_in_001,"5"
"2024",마마3976,to_in_001,"53"
"2024",마마3977,to_in_001,"13"
"2024",마마3978,to_in_001,"78"
"2024",마마3979,to_in_001,"203"
"2024",마마3980,to_in_001,"8"
"2024",마마3981,to_in_001,"18"
"2024",마마3984,to_in_001,"128"
"2024",마마3985,to_in_001,"5"
"2024",마마3986,to_in_001,"8"
"2024",마마3987,to_in_001,"5"
"2024",마마3988,to_in_001,"5"
"2024",마마3989,to_in_001,"0"
"2024",마마3992,to_in_001,"5"
"2024",마마3993,to_in_001,"63"
"2024",마마3994,to_in_001,"58"
"2024",마마3998,to_in_001,"5"
"2024",마마4001,to_in_001,"5"
"2024",마마4004,to_in_001,"5"
"2024",마마4005,to_in_001,"297"
"2024",마마4006,to_in_001,"3303"
"2024",마마4007,to_in_001,"6455"
"2024",마마4008,to_in_001,"8604"
"2024",마마4009,to_in_001,"160"
"2024",마마4010,to_in_001,"411"
"2024",마마4011,to_in_001,"2402"
"2024",마마4012,to_in_001,"48"
"2024",마마4013,to_in_001,"68"
"2024",마마4014,to_in_001,"33"
"2024",마마4015,to_in_001,"28"
"2024",마마4016,to_in_001,"143"
"2024",마마4017,to_in_001,"223"
"2024",마마4018,to_in_001,"5"
"2024",마마4036,to_in_001,"113"
"2024",마마4037,to_in_001,"88"
"2024",마마4038,to_in_001,"213"
"2024",마마4039,to_in_001,"5"
"2024",마마4040,to_in_001,"8"
"2024",마마4041,to_in_001,"73"
"2024",마마4042,to_in_001,"118"
"2024",마마4043,to_in_001,"58"
"2024",마마4044,to_in_001,"59"
"2024",마마4045,to_in_001,"13"
"2024",마마4046,to_in_001,"23"
"2024",마마4047,to_in_001,"28"
"2024",마마4048,to_in_001,"18"
"2024",마마4049,to_in_001,"28"
"2024",마마4050,to_in_001,"5"
"2024",마마4051,to_in_001,"23"
"2024",마마4052,to_in_001,"43"
"2024",마마4053,to_in_001,"53"
"2024",마마4054,to_in_001,"33"
"2024",마마4055,to_in_001,"48"
"2024",마마4056,to_in_001,"58"
"2024",마마4057,to_in_001,"5"
"2024",마마4058,to_in_001,"18"
"2024",마마4059,to_in_001,"8"
"2024",마마4060,to_in_001,"0"
"2024",마마4063,to_in_001,"5"
"2024",마마4064,to_in_001,"23"
"2024",마마4065,to_in_001,"38"
"2024",마마4066,to_in_001,"93"
"2024",마마4067,to_in_001,"281"
"2024",마마4068,to_in_001,"159"
"2024",마마4069,to_in_001,"13"
"2024",마마4070,to_in_001,"18"
"2024",마마4073,to_in_001,"8"
"2024",마마4075,to_in_001,"0"
"2024",마마4076,to_in_001,"5"
"2024",마마4077,to_in_001,"38"
"2024",마마4078,to_in_001,"13"
"2024",마마4079,to_in_001,"133"
"2024",마마4080,to_in_001,"8"
"2024",마마4081,to_in_001,"0"
"2024",마마4083,to_in_001,"5"
"2024",마마4084,to_in_001,"53"
"2024",마마4086,to_in_001,"13"
"2024",마마4088,to_in_001,"18"
"2024",마마4091,to_in_001,"13"
"2024",마마4092,to_in_001,"38"
"2024",마마4097,to_in_001,"5"
"2024",마마4098,to_in_001,"8"
"2024",마마4099,to_in_001,"0"
"2024",마마4103,to_in_001,"23"
"2024",마마4104,to_in_001,"78"
"2024",마마4106,to_in_001,"167"
"2024",마마4108,to_in_001,"567"
"2024",마마4109,to_in_001,"135"
"2024",마마4110,to_in_001,"240"
"2024",마마4111,to_in_001,"890"
"2024",마마4112,to_in_001,"950"
"2024",마마4113,to_in_001,"730"
"2024",마마4114,to_in_001,"2965"
"2024",마마4115,to_in_001,"625"
"2024",마마4116,to_in_001,"168"
"2024",마마4117,to_in_001,"28"
"2024",마마4118,to_in_001,"8"
"2024",마마4123,to_in_001,"53"
"2024",마마4124,to_in_001,"0"
"2024",마마4130,to_in_001,"28"
"2024",마마4131,to_in_001,"5"
"2024",마마4133,to_in_001,"98"
"2024",마마4135,to_in_001,"23"
"2024",마마4136,to_in_001,"185"
"2024",마마4137,to_in_001,"43"
"2024",마마4138,to_in_001,"8"
"2024",마마4139,to_in_001,"13"
"2024",마마4140,to_in_001,"128"
"2024",마마4141,to_in_001,"123"
"2024",마마4142,to_in_001,"8"
"2024",마마4144,to_in_001,"18"
"2024",마마4145,to_in_001,"8"
"2024",마마4146,to_in_001,"18"
"2024",마마4147,to_in_001,"5"
"2024",마마4148,to_in_001,"13"
"2024",마마4149,to_in_001,"28"
"2024",마마4150,to_in_001,"48"
"2024",마마4151,to_in_001,"5"
"2024",마마4152,to_in_001,"13"
"2024",마마4153,to_in_001,"33"
"2024",마마4155,to_in_001,"23"
"2024",마마4157,to_in_001,"63"
"2024",마마4158,to_in_001,"13"
"2024",마마4159,to_in_001,"18"
"2024",마마4160,to_in_001,"5"
"2024",마마4162,to_in_001,"0"
"2024",마마4163,to_in_001,"33"
"2024",마마4164,to_in_001,"33"
"2024",마마4165,to_in_001,"78"
"2024",마마4166,to_in_001,"38"
"2024",마마4167,to_in_001,"104"
"2024",마마4168,to_in_001,"5"
"2024",마마4170,to_in_001,"58"
"2024",마마4171,to_in_001,"13"
"2024",마마4172,to_in_001,"5"
"2024",마마4173,to_in_001,"5"
"2024",마마4174,to_in_001,"8"
"2024",마마4175,to_in_001,"73"
"2024",마마4176,to_in_001,"8"
"2024",마마4177,to_in_001,"8"
"2024",마마4179,to_in_001,"118"
"2024",마마4180,to_in_001,"33"
"2024",마마4182,to_in_001,"5"
"2024",마마4183,to_in_001,"33"
"2024",마마4184,to_in_001,"8"
"2024",마마4186,to_in_001,"38"
"2024",마마4188,to_in_001,"28"
"2024",마마4190,to_in_001,"8"
"2024",마마4191,to_in_001,"28"
"2024",마마4194,to_in_001,"5"
"2024",마마4195,to_in_001,"8"
"2024",마마4196,to_in_001,"0"
"2024",마마4197,to_in_001,"23"
"2024",마마4199,to_in_001,"43"
"2024",마마4200,to_in_001,"5"
"2024",마마4201,to_in_001,"8"
"2024",마마4202,to_in_001,"3590"
"2024",마마4203,to_in_001,"4841"
"2024",마마4204,to_in_001,"4041"
"2024",마마4205,to_in_001,"5"
"2024",마마4206,to_in_001,"346"
"2024",마마4208,to_in_001,"57"
"2024",마마4209,to_in_001,"70"
"2024",마마4211,to_in_001,"203"
"2024",마마4212,to_in_001,"23"
"2024",마마4213,to_in_001,"79"
"2024",마마4214,to_in_001,"2300"
"2024",마마4215,to_in_001,"466"
"2024",마마4216,to_in_001,"235"
"2024",마마4217,to_in_001,"582"
"2024",마마4218,to_in_001,"233"
"2024",마마4219,to_in_001,"243"
"2024",마마4220,to_in_001,"68"
"2024",마마4222,to_in_001,"191"
"2024",마마4223,to_in_001,"353"
"2024",마마4224,to_in_001,"38"
"2024",마마4225,to_in_001,"23"
"2024",마마4226,to_in_001,"5"
"2024",마마4227,to_in_001,"8"
"2024",마마4229,to_in_001,"63"
"2024",마마4230,to_in_001,"113"
"2024",마마4232,to_in_001,"18"
"2024",마마4233,to_in_001,"143"
"2024",마마4234,to_in_001,"325"
"2024",마마4235,to_in_001,"133"
"2024",마마4236,to_in_001,"746"
"2024",마마4237,to_in_001,"451"
"2024",마마4238,to_in_001,"8"
"2024",마마4241,to_in_001,"8"
"2024",마마4242,to_in_001,"63"
"2024",마마4245,to_in_001,"83"
"2024",마마4246,to_in_001,"23"
"2024",마마4247,to_in_001,"94"
"2024",마마4250,to_in_001,"8"
"2024",마마4251,to_in_001,"18"
"2024",마마4252,to_in_001,"13"
"2024",마마4253,to_in_001,"5"
"2024",마마4257,to_in_001,"8"
"2024",마마4258,to_in_001,"23"
"2024",마마4259,to_in_001,"84"
"2024",마마4260,to_in_001,"68"
"2024",마마4261,to_in_001,"168"
"2024",마마4262,to_in_001,"73"
"2024",마마4263,to_in_001,"118"
"2024",마마4264,to_in_001,"78"
"2024",마마4265,to_in_001,"48"
"2024",마마4266,to_in_001,"184"
"2024",마마4267,to_in_001,"103"
"2024",마마4269,to_in_001,"28"
"2024",마마4270,to_in_001,"88"
"2024",마마4271,to_in_001,"53"
"2024",마마4273,to_in_001,"8"
"2024",마마4276,to_in_001,"13"
"2024",마마4277,to_in_001,"8"
"2024",마마4278,to_in_001,"33"
"2024",마마4279,to_in_001,"78"
"2024",마마4280,to_in_001,"8"
"2024",마마4282,to_in_001,"8"
"2024",마마4283,to_in_001,"18"
"2024",마마4284,to_in_001,"33"
"2024",마마4286,to_in_001,"23"
"2024",마마4287,to_in_001,"8"
"2024",마마4288,to_in_001,"23"
"2024",마마4291,to_in_001,"68"
"2024",마마4292,to_in_001,"63"
"2024",마마4293,to_in_001,"23"
"2024",마마4294,to_in_001,"63"
"2024",마마4295,to_in_001,"28"
"2024",마마4296,to_in_001,"5"
"2024",마마4297,to_in_001,"5"
"2024",마마4298,to_in_001,"8"
"2024",마마4299,to_in_001,"43"
"2024",마마4301,to_in_001,"13"
"2024",마마4302,to_in_001,"2395"
"2024",마마4303,to_in_001,"4610"
"2024",마마4304,to_in_001,"5"
"2024",마마4305,to_in_001,"5"
"2024",마마4306,to_in_001,"103"
"2024",마마4307,to_in_001,"8"
"2024",마마4309,to_in_001,"67"
"2024",마마4310,to_in_001,"5"
"2024",마마4311,to_in_001,"5"
"2024",마마4313,to_in_001,"13"
"2024",마마4317,to_in_001,"163"
"2024",마마4318,to_in_001,"103"
"2024",마마4319,to_in_001,"148"
"2024",마마4320,to_in_001,"364"
"2024",마마4321,to_in_001,"53"
"2024",마마4322,to_in_001,"1383"
"2024",마마4323,to_in_001,"1512"
"2024",마마4324,to_in_001,"1734"
"2024",마마4325,to_in_001,"148"
"2024",마마4326,to_in_001,"59"
"2024",마마4327,to_in_001,"33"
"2024",마마4329,to_in_001,"68"
"2024",마마4330,to_in_001,"179"
"2024",마마4331,to_in_001,"118"
"2024",마마4332,to_in_001,"243"
"2024",마마4333,to_in_001,"218"
"2024",마마4334,to_in_001,"318"
"2024",마마4335,to_in_001,"58"
"2024",마마4341,to_in_001,"33"
"2024",마마4342,to_in_001,"158"
"2024",마마4343,to_in_001,"58"
"2024",마마4344,to_in_001,"48"
"2024",마마4345,to_in_001,"93"
"2024",마마4349,to_in_001,"28"
"2024",마마4350,to_in_001,"8"
"2024",마마4351,to_in_001,"8"
"2024",마마4352,to_in_001,"8"
"2024",마마4354,to_in_001,"5"
"2024",마마4361,to_in_001,"298"
"2024",마마4362,to_in_001,"163"
"2024",마마4363,to_in_001,"58"
"2024",마마4364,to_in_001,"128"
"2024",마마4365,to_in_001,"82"
"2024",마마4366,to_in_001,"8"
"2024",마마4369,to_in_001,"18"
"2024",마마4370,to_in_001,"13"
"2024",마마4371,to_in_001,"53"
"2024",마마4372,to_in_001,"8"
"2024",마마4373,to_in_001,"43"
"2024",마마4377,to_in_001,"78"
"2024",마마4378,to_in_001,"83"
"2024",마마4379,to_in_001,"138"
"2024",마마4380,to_in_001,"0"
"2024",마마4383,to_in_001,"5"
"2024",마마4385,to_in_001,"33"
"2024",마마4387,to_in_001,"23"
"2024",마마4390,to_in_001,"13"
"2024",마마4391,to_in_001,"23"
"2024",마마4393,to_in_001,"5"
"2024",마마4394,to_in_001,"18"
"2024",마마4396,to_in_001,"13"
"2024",마마4397,to_in_001,"268"
"2024",마마4398,to_in_001,"23"
"2024",마마4399,to_in_001,"53"
"2024",마마4400,to_in_001,"158"
"2024",마마4401,to_in_001,"23"
"2024",마마4402,to_in_001,"88"
"2024",마마4403,to_in_001,"5"
"2024",마마4404,to_in_001,"28"
"2024",마마4405,to_in_001,"18"
"2024",마마4412,to_in_001,"0"
"2024",마마4417,to_in_001,"5"
"2024",마마4419,to_in_001,"68"
"2024",마마4420,to_in_001,"88"
"2024",마마4421,to_in_001,"201"
"2024",마마4422,to_in_001,"863"
"2024",마마4423,to_in_001,"648"
"2024",마마4424,to_in_001,"742"
"2024",마마4425,to_in_001,"545"
"2024",마마4426,to_in_001,"243"
"2024",마마4427,to_in_001,"118"
"2024",마마4428,to_in_001,"33"
"2024",마마4429,to_in_001,"13"
"2024",마마4430,to_in_001,"23"
"2024",마마4431,to_in_001,"78"
"2024",마마4432,to_in_001,"158"
"2024",마마4433,to_in_001,"273"
"2024",마마4434,to_in_001,"243"
"2024",마마4435,to_in_001,"93"
"2024",마마4441,to_in_001,"28"
"2024",마마4442,to_in_001,"33"
"2024",마마4446,to_in_001,"5"
"2024",마마4448,to_in_001,"5"
"2024",마마4449,to_in_001,"8"
"2024",마마4451,to_in_001,"8"
"2024",마마4452,to_in_001,"18"
"2024",마마4453,to_in_001,"0"
"2024",마마4458,to_in_001,"5"
"2024",마마4459,to_in_001,"73"
"2024",마마4460,to_in_001,"58"
"2024",마마4461,to_in_001,"310"
"2024",마마4462,to_in_001,"1847"
"2024",마마4463,to_in_001,"724"
"2024",마마4464,to_in_001,"54"
"2024",마마4465,to_in_001,"58"
"2024",마마4467,to_in_001,"5"
"2024",마마4471,to_in_001,"5"
"2024",마마4472,to_in_001,"13"
"2024",마마4473,to_in_001,"8"
"2024",마마4474,to_in_001,"13"
"2024",마마4475,to_in_001,"8"
"2024",마마4477,to_in_001,"93"
"2024",마마4478,to_in_001,"43"
"2024",마마4479,to_in_001,"8"
"2024",마마4480,to_in_001,"48"
"2024",마마4481,to_in_001,"8"
"2024",마마4482,to_in_001,"28"
"2024",마마4484,to_in_001,"5"
"2024",마마4485,to_in_001,"58"
"2024",마마4490,to_in_001,"13"
"2024",마마4493,to_in_001,"63"
"2024",마마4494,to_in_001,"28"
"2024",마마4497,to_in_001,"28"
"2024",마마4498,to_in_001,"43"
"2024",마마4500,to_in_001,"232"
"2024",마마4501,to_in_001,"58"
"2024",마마4502,to_in_001,"23"
"2024",마마4503,to_in_001,"5"
"2024",마마4505,to_in_001,"5"
"2024",마마4512,to_in_001,"0"
"2024",마마4515,to_in_001,"18"
"2024",마마4519,to_in_001,"0"
"2024",마마4520,to_in_001,"23"
"2024",마마4521,to_in_001,"33"
"2024",마마4523,to_in_001,"45"
"2024",마마4524,to_in_001,"63"
"2024",마마4525,to_in_001,"13"
"2024",마마4526,to_in_001,"233"
"2024",마마4527,to_in_001,"558"
"2024",마마4528,to_in_001,"3179"
"2024",마마4529,to_in_001,"18"
"2024",마마4531,to_in_001,"2025"
"2024",마마4532,to_in_001,"143"
"2024",마마4533,to_in_001,"78"
"2024",마마4534,to_in_001,"258"
"2024",마마4535,to_in_001,"8"
"2024",마마4536,to_in_001,"13"
"2024",마마4539,to_in_001,"13"
"2024",마마4545,to_in_001,"13"
"2024",마마4546,to_in_001,"202"
"2024",마마4547,to_in_001,"23"
"2024",마마4548,to_in_001,"63"
"2024",마마4549,to_in_001,"68"
"2024",마마4550,to_in_001,"8"
"2024",마마4551,to_in_001,"8"
"2024",마마4552,to_in_001,"18"
"2024",마마4553,to_in_001,"83"
"2024",마마4554,to_in_001,"5"
"2024",마마4558,to_in_001,"5"
"2024",마마4559,to_in_001,"188"
"2024",마마4560,to_in_001,"193"
"2024",마마4561,to_in_001,"153"
"2024",마마4562,to_in_001,"1468"
"2024",마마4563,to_in_001,"13"
"2024",마마4564,to_in_001,"82"
"2024",마마4565,to_in_001,"8"
"2024",마마4566,to_in_001,"0"
"2024",마마4570,to_in_001,"5"
"2024",마마4571,to_in_001,"23"
"2024",마마4572,to_in_001,"23"
"2024",마마4573,to_in_001,"8"
"2024",마마4574,to_in_001,"48"
"2024",마마4575,to_in_001,"23"
"2024",마마4576,to_in_001,"13"
"2024",마마4577,to_in_001,"5"
"2024",마마4578,to_in_001,"5"
"2024",마마4581,to_in_001,"5"
"2024",마마4582,to_in_001,"13"
"2024",마마4585,to_in_001,"63"
"2024",마마4586,to_in_001,"23"
"2024",마마4589,to_in_001,"8"
"2024",마마4590,to_in_001,"5"
"2024",마마4591,to_in_001,"5"
"2024",마마4592,to_in_001,"5"
"2024",마마4593,to_in_001,"8"
"2024",마마4594,to_in_001,"13"
"2024",마마4595,to_in_001,"28"
"2024",마마4597,to_in_001,"8"
"2024",마마4598,to_in_001,"8"
"2024",마마4599,to_in_001,"23"
"2024",마마4600,to_in_001,"490"
"2024",마마4601,to_in_001,"866"
"2024",마마4602,to_in_001,"497"
"2024",마마4603,to_in_001,"139"
"2024",마마4604,to_in_001,"0"
"2024",마마4606,to_in_001,"163"
"2024",마마4607,to_in_001,"8"
"2024",마마4620,to_in_001,"8"
"2024",마마4622,to_in_001,"18"
"2024",마마4623,to_in_001,"88"
"2024",마마4624,to_in_001,"8"
"2024",마마4626,to_in_001,"18"
"2024",마마4627,to_in_001,"238"
"2024",마마4628,to_in_001,"228"
"2024",마마4629,to_in_001,"2837"
"2024",마마4630,to_in_001,"5350"
"2024",마마4631,to_in_001,"8805"
"2024",마마4632,to_in_001,"1264"
"2024",마마4633,to_in_001,"1534"
"2024",마마4634,to_in_001,"38"
"2024",마마4635,to_in_001,"38"
"2024",마마4636,to_in_001,"158"
"2024",마마4637,to_in_001,"8"
"2024",마마4638,to_in_001,"8"
"2024",마마4639,to_in_001,"88"
"2024",마마4641,to_in_001,"13"
"2024",마마4642,to_in_001,"38"
"2024",마마4643,to_in_001,"8"
"2024",마마4644,to_in_001,"23"
"2024",마마4645,to_in_001,"68"
"2024",마마4646,to_in_001,"23"
"2024",마마4647,to_in_001,"43"
"2024",마마4650,to_in_001,"13"
"2024",마마4651,to_in_001,"13"
"2024",마마4652,to_in_001,"13"
"2024",마마4653,to_in_001,"68"
"2024",마마4654,to_in_001,"8"
"2024",마마4655,to_in_001,"38"
"2024",마마4657,to_in_001,"5"
"2024",마마4658,to_in_001,"8"
"2024",마마4659,to_in_001,"288"
"2024",마마4660,to_in_001,"158"
"2024",마마4661,to_in_001,"38"
"2024",마마4662,to_in_001,"143"
"2024",마마4663,to_in_001,"113"
"2024",마마4664,to_in_001,"98"
"2024",마마4665,to_in_001,"43"
"2024",마마4669,to_in_001,"18"
"2024",마마4670,to_in_001,"5"
"2024",마마4671,to_in_001,"13"
"2024",마마4672,to_in_001,"28"
"2024",마마4673,to_in_001,"8"
"2024",마마4677,to_in_001,"48"
"2024",마마4678,to_in_001,"13"
"2024",마마4680,to_in_001,"0"
"2024",마마4681,to_in_001,"48"
"2024",마마4682,to_in_001,"18"
"2024",마마4683,to_in_001,"5"
"2024",마마4684,to_in_001,"18"
"2024",마마4685,to_in_001,"58"
"2024",마마4686,to_in_001,"8"
"2024",마마4690,to_in_001,"48"
"2024",마마4691,to_in_001,"93"
"2024",마마4692,to_in_001,"5"
"2024",마마4693,to_in_001,"33"
"2024",마마4695,to_in_001,"23"
"2024",마마4697,to_in_001,"18"
"2024",마마4698,to_in_001,"8"
"2024",마마4699,to_in_001,"23"
"2024",마마4700,to_in_001,"5"
"2024",마마4702,to_in_001,"118"
"2024",마마4703,to_in_001,"298"
"2024",마마4704,to_in_001,"33"
"2024",마마4705,to_in_001,"133"
"2024",마마4706,to_in_001,"13"
"2024",마마4707,to_in_001,"113"
"2024",마마4709,to_in_001,"5"
"2024",마마4710,to_in_001,"5"
"2024",마마4720,to_in_001,"5"
"2024",마마4721,to_in_001,"8"
"2024",마마4722,to_in_001,"8"
"2024",마마4723,to_in_001,"78"
"2024",마마4724,to_in_001,"13"
"2024",마마4725,to_in_001,"28"
"2024",마마4726,to_in_001,"0"
"2024",마마4727,to_in_001,"32"
"2024",마마4728,to_in_001,"163"
"2024",마마4729,to_in_001,"645"
"2024",마마4730,to_in_001,"4013"
"2024",마마4731,to_in_001,"5965"
"2024",마마4732,to_in_001,"1391"
"2024",마마4733,to_in_001,"899"
"2024",마마4734,to_in_001,"58"
"2024",마마4735,to_in_001,"68"
"2024",마마4736,to_in_001,"183"
"2024",마마4737,to_in_001,"48"
"2024",마마4738,to_in_001,"113"
"2024",마마4739,to_in_001,"13"
"2024",마마4740,to_in_001,"33"
"2024",마마4741,to_in_001,"18"
"2024",마마4745,to_in_001,"5"
"2024",마마4746,to_in_001,"38"
"2024",마마4747,to_in_001,"13"
"2024",마마4748,to_in_001,"8"
"2024",마마4749,to_in_001,"8"
"2024",마마4750,to_in_001,"23"
"2024",마마4751,to_in_001,"83"
"2024",마마4753,to_in_001,"5"
"2024",마마4755,to_in_001,"63"
"2024",마마4756,to_in_001,"88"
"2024",마마4757,to_in_001,"584"
"2024",마마4759,to_in_001,"228"
"2024",마마4760,to_in_001,"103"
"2024",마마4761,to_in_001,"13"
"2024",마마4762,to_in_001,"8"
"2024",마마4768,to_in_001,"68"
"2024",마마4769,to_in_001,"63"
"2024",마마4773,to_in_001,"8"
"2024",마마4774,to_in_001,"23"
"2024",마마4775,to_in_001,"28"
"2024",마마4776,to_in_001,"58"
"2024",마마4777,to_in_001,"83"
"2024",마마4778,to_in_001,"58"
"2024",마마4779,to_in_001,"8"
"2024",마마4780,to_in_001,"18"
"2024",마마4781,to_in_001,"18"
"2024",마마4784,to_in_001,"5"
"2024",마마4785,to_in_001,"8"
"2024",마마4788,to_in_001,"5"
"2024",마마4789,to_in_001,"38"
"2024",마마4790,to_in_001,"68"
"2024",마마4791,to_in_001,"108"
"2024",마마4792,to_in_001,"8"
"2024",마마4796,to_in_001,"0"
"2024",마마4798,to_in_001,"5"
"2024",마마4799,to_in_001,"28"
"2024",마마4800,to_in_001,"0"
"2024",마마4804,to_in_001,"5"
"2024",마마4805,to_in_001,"5"
"2024",마마4807,to_in_001,"193"
"2024",마마4808,to_in_001,"263"
"2024",마마4809,to_in_001,"381"
"2024",마마4810,to_in_001,"274"
"2024",마마4811,to_in_001,"604"
"2024",마마4812,to_in_001,"8"
"2024",마마4813,to_in_001,"18"
"2024",마마4817,to_in_001,"5"
"2024",마마4820,to_in_001,"5"
"2024",마마4821,to_in_001,"28"
"2024",마마4822,to_in_001,"5"
"2024",마마4823,to_in_001,"63"
"2024",마마4824,to_in_001,"128"
"2024",마마4825,to_in_001,"33"
"2024",마마4826,to_in_001,"15"
"2024",마마4827,to_in_001,"5"
"2024",마마4828,to_in_001,"410"
"2024",마마4829,to_in_001,"1457"
"2024",마마4830,to_in_001,"2551"
"2024",마마4831,to_in_001,"8"
"2024",마마4832,to_in_001,"219"
"2024",마마4833,to_in_001,"108"
"2024",마마4834,to_in_001,"43"
"2024",마마4835,to_in_001,"153"
"2024",마마4836,to_in_001,"63"
"2024",마마4837,to_in_001,"178"
"2024",마마4838,to_in_001,"13"
"2024",마마4840,to_in_001,"28"
"2024",마마4846,to_in_001,"18"
"2024",마마4847,to_in_001,"0"
"2024",마마4849,to_in_001,"75"
"2024",마마4850,to_in_001,"28"
"2024",마마4851,to_in_001,"43"
"2024",마마4856,to_in_001,"63"
"2024",마마4857,to_in_001,"759"
"2024",마마4858,to_in_001,"143"
"2024",마마4859,to_in_001,"93"
"2024",마마4860,to_in_001,"158"
"2024",마마4861,to_in_001,"28"
"2024",마마4862,to_in_001,"8"
"2024",마마4864,to_in_001,"5"
"2024",마마4865,to_in_001,"0"
"2024",마마4867,to_in_001,"5"
"2024",마마4868,to_in_001,"38"
"2024",마마4869,to_in_001,"13"
"2024",마마4870,to_in_001,"78"
"2024",마마4871,to_in_001,"8"
"2024",마마4874,to_in_001,"8"
"2024",마마4875,to_in_001,"43"
"2024",마마4876,to_in_001,"8"
"2024",마마4877,to_in_001,"38"
"2024",마마4878,to_in_001,"18"
"2024",마마4882,to_in_001,"0"
"2024",마마4887,to_in_001,"0"
"2024",마마4888,to_in_001,"13"
"2024",마마4889,to_in_001,"163"
"2024",마마4890,to_in_001,"28"
"2024",마마4891,to_in_001,"8"
"2024",마마4892,to_in_001,"33"
"2024",마마4893,to_in_001,"38"
"2024",마마4898,to_in_001,"0"
"2024",마마4900,to_in_001,"8"
"2024",마마4904,to_in_001,"13"
"2024",마마4905,to_in_001,"8"
"2024",마마4906,to_in_001,"0"
"2024",마마4907,to_in_001,"33"
"2024",마마4908,to_in_001,"340"
"2024",마마4909,to_in_001,"6520"
"2024",마마4910,to_in_001,"8785"
"2024",마마4911,to_in_001,"14574"
"2024",마마4912,to_in_001,"161"
"2024",마마4913,to_in_001,"63"
"2024",마마4914,to_in_001,"2013"
"2024",마마4915,to_in_001,"779"
"2024",마마4916,to_in_001,"48"
"2024",마마4918,to_in_001,"0"
"2024",마마4922,to_in_001,"13"
"2024",마마4923,to_in_001,"5"
"2024",마마4924,to_in_001,"58"
"2024",마마4925,to_in_001,"13"
"2024",마마4926,to_in_001,"38"
"2024",마마4927,to_in_001,"5"
"2024",마마4928,to_in_001,"73"
"2024",마마4929,to_in_001,"83"
"2024",마마4930,to_in_001,"156"
"2024",마마4931,to_in_001,"102"
"2024",마마4934,to_in_001,"13"
"2024",마마4935,to_in_001,"123"
"2024",마마4936,to_in_001,"123"
"2024",마마4937,to_in_001,"38"
"2024",마마4938,to_in_001,"73"
"2024",마마4939,to_in_001,"173"
"2024",마마4940,to_in_001,"33"
"2024",마마4941,to_in_001,"8"
"2024",마마4942,to_in_001,"103"
"2024",마마4944,to_in_001,"8"
"2024",마마4946,to_in_001,"13"
"2024",마마4949,to_in_001,"8"
"2024",마마4950,to_in_001,"13"
"2024",마마4951,to_in_001,"123"
"2024",마마4952,to_in_001,"8"
"2024",마마4953,to_in_001,"8"
"2024",마마4954,to_in_001,"13"
"2024",마마4959,to_in_001,"163"
"2024",마마4960,to_in_001,"218"
"2024",마마4961,to_in_001,"5"
"2024",마마4962,to_in_001,"18"
"2024",마마4963,to_in_001,"88"
"2024",마마4964,to_in_001,"186"
"2024",마마4965,to_in_001,"128"
"2024",마마4966,to_in_001,"23"
"2024",마마4967,to_in_001,"43"
"2024",마마4968,to_in_001,"213"
"2024",마마4969,to_in_001,"5"
"2024",마마4970,to_in_001,"23"
"2024",마마4974,to_in_001,"18"
"2024",마마4975,to_in_001,"5"
"2024",마마4976,to_in_001,"5"
"2024",마마4977,to_in_001,"18"
"2024",마마4978,to_in_001,"148"
"2024",마마4979,to_in_001,"5"
"2024",마마4980,to_in_001,"108"
"2024",마마4981,to_in_001,"68"
"2024",마마4982,to_in_001,"5"
"2024",마마4984,to_in_001,"8"
"2024",마마4986,to_in_001,"5"
"2024",마마4987,to_in_001,"38"
"2024",마마4988,to_in_001,"83"
"2024",마마4989,to_in_001,"88"
"2024",마마4990,to_in_001,"28"
"2024",마마4991,to_in_001,"68"
"2024",마마4992,to_in_001,"133"
"2024",마마4993,to_in_001,"58"
"2024",마마4994,to_in_001,"73"
"2024",마마4995,to_in_001,"5"
"2024",마마4998,to_in_001,"5"
"2024",마마4999,to_in_001,"0"
"2024",마마5000,to_in_001,"48"
"2024",마마5002,to_in_001,"13"
"2024",마마5004,to_in_001,"13"
"2024",마마5005,to_in_001,"53"
"2024",마마5006,to_in_001,"339"
"2024",마마5007,to_in_001,"5"
"2024",마마5008,to_in_001,"8"
"2024",마마5009,to_in_001,"3092"
"2024",마마5010,to_in_001,"10394"
"2024",마마5011,to_in_001,"2821"
"2024",마마5012,to_in_001,"4400"
"2024",마마5013,to_in_001,"6217"
"2024",마마5014,to_in_001,"2772"
"2024",마마5015,to_in_001,"350"
"2024",마마5016,to_in_001,"110"
"2024",마마5017,to_in_001,"123"
"2024",마마5018,to_in_001,"161"
"2024",마마5019,to_in_001,"63"
"2024",마마5020,to_in_001,"168"
"2024",마마5022,to_in_001,"23"
"2024",마마5023,to_in_001,"13"
"2024",마마5024,to_in_001,"18"
"2024",마마5025,to_in_001,"155"
"2024",마마5026,to_in_001,"118"
"2024",마마5027,to_in_001,"38"
"2024",마마5028,to_in_001,"8"
"2024",마마5029,to_in_001,"43"
"2024",마마5030,to_in_001,"42"
"2024",마마5032,to_in_001,"13"
"2024",마마5033,to_in_001,"13"
"2024",마마5035,to_in_001,"8"
"2024",마마5036,to_in_001,"43"
"2024",마마5037,to_in_001,"58"
"2024",마마5038,to_in_001,"33"
"2024",마마5039,to_in_001,"303"
"2024",마마5040,to_in_001,"138"
"2024",마마5041,to_in_001,"108"
"2024",마마5042,to_in_001,"78"
"2024",마마5043,to_in_001,"18"
"2024",마마5044,to_in_001,"108"
"2024",마마5045,to_in_001,"5"
"2024",마마5046,to_in_001,"118"
"2024",마마5047,to_in_001,"0"
"2024",마마5048,to_in_001,"43"
"2024",마마5049,to_in_001,"83"
"2024",마마5050,to_in_001,"8"
"2024",마마5051,to_in_001,"53"
"2024",마마5052,to_in_001,"5"
"2024",마마5053,to_in_001,"53"
"2024",마마5054,to_in_001,"28"
"2024",마마5055,to_in_001,"38"
"2024",마마5056,to_in_001,"43"
"2024",마마5057,to_in_001,"5"
"2024",마마5058,to_in_001,"38"
"2024",마마5059,to_in_001,"38"
"2024",마마5060,to_in_001,"302"
"2024",마마5061,to_in_001,"113"
"2024",마마5062,to_in_001,"1547"
"2024",마마5063,to_in_001,"73"
"2024",마마5064,to_in_001,"43"
"2024",마마5065,to_in_001,"180"
"2024",마마5066,to_in_001,"133"
"2024",마마5067,to_in_001,"1670"
"2024",마마5068,to_in_001,"180"
"2024",마마5069,to_in_001,"113"
"2024",마마5070,to_in_001,"18"
"2024",마마5075,to_in_001,"13"
"2024",마마5076,to_in_001,"8"
"2024",마마5078,to_in_001,"168"
"2024",마마5079,to_in_001,"113"
"2024",마마5080,to_in_001,"93"
"2024",마마5083,to_in_001,"5"
"2024",마마5084,to_in_001,"18"
"2024",마마5086,to_in_001,"33"
"2024",마마5087,to_in_001,"118"
"2024",마마5088,to_in_001,"103"
"2024",마마5089,to_in_001,"173"
"2024",마마5090,to_in_001,"5"
"2024",마마5091,to_in_001,"13"
"2024",마마5092,to_in_001,"63"
"2024",마마5093,to_in_001,"163"
"2024",마마5094,to_in_001,"73"
"2024",마마5095,to_in_001,"93"
"2024",마마5100,to_in_001,"308"
"2024",마마5101,to_in_001,"13"
"2024",마마5102,to_in_001,"0"
"2024",마마5103,to_in_001,"252"
"2024",마마5104,to_in_001,"12560"
"2024",마마5105,to_in_001,"22935"
"2024",마마5106,to_in_001,"4186"
"2024",마마5108,to_in_001,"34"
"2024",마마5109,to_in_001,"1131"
"2024",마마5110,to_in_001,"633"
"2024",마마5111,to_in_001,"221"
"2024",마마5112,to_in_001,"2202"
"2024",마마5113,to_in_001,"9716"
"2024",마마5114,to_in_001,"6692"
"2024",마마5115,to_in_001,"48"
"2024",마마5116,to_in_001,"103"
"2024",마마5117,to_in_001,"249"
"2024",마마5118,to_in_001,"188"
"2024",마마5119,to_in_001,"157"
"2024",마마5120,to_in_001,"363"
"2024",마마5121,to_in_001,"13"
"2024",마마5122,to_in_001,"8"
"2024",마마5124,to_in_001,"58"
"2024",마마5125,to_in_001,"18"
"2024",마마5126,to_in_001,"8"
"2024",마마5127,to_in_001,"5"
"2024",마마5128,to_in_001,"18"
"2024",마마5129,to_in_001,"554"
"2024",마마5130,to_in_001,"43"
"2024",마마5136,to_in_001,"18"
"2024",마마5137,to_in_001,"223"
"2024",마마5141,to_in_001,"73"
"2024",마마5142,to_in_001,"73"
"2024",마마5143,to_in_001,"83"
"2024",마마5144,to_in_001,"13"
"2024",마마5146,to_in_001,"48"
"2024",마마5147,to_in_001,"5"
"2024",마마5148,to_in_001,"18"
"2024",마마5149,to_in_001,"5"
"2024",마마5150,to_in_001,"58"
"2024",마마5151,to_in_001,"158"
"2024",마마5152,to_in_001,"18"
"2024",마마5153,to_in_001,"5"
"2024",마마5154,to_in_001,"18"
"2024",마마5155,to_in_001,"58"
"2024",마마5156,to_in_001,"108"
"2024",마마5157,to_in_001,"63"
"2024",마마5158,to_in_001,"203"
"2024",마마5159,to_in_001,"83"
"2024",마마5160,to_in_001,"5"
"2024",마마5161,to_in_001,"164"
"2024",마마5162,to_in_001,"5548"
"2024",마마5163,to_in_001,"5"
"2024",마마5164,to_in_001,"13"
"2024",마마5165,to_in_001,"214"
"2024",마마5166,to_in_001,"439"
"2024",마마5167,to_in_001,"6289"
"2024",마마5168,to_in_001,"118"
"2024",마마5169,to_in_001,"8"
"2024",마마5170,to_in_001,"0"
"2024",마마5172,to_in_001,"5"
"2024",마마5178,to_in_001,"33"
"2024",마마5179,to_in_001,"1815"
"2024",마마5180,to_in_001,"5"
"2024",마마5186,to_in_001,"5"
"2024",마마5187,to_in_001,"103"
"2024",마마5188,to_in_001,"153"
"2024",마마5189,to_in_001,"18"
"2024",마마5193,to_in_001,"33"
"2024",마마5194,to_in_001,"18"
"2024",마마5195,to_in_001,"8"
"2024",마마5196,to_in_001,"68"
"2024",마마5197,to_in_001,"83"
"2024",마마5198,to_in_001,"38"
"2024",마마5200,to_in_001,"13"
"2024",마마5201,to_in_001,"5"
"2024",마마5202,to_in_001,"59"
"2024",마마5203,to_in_001,"5643"
"2024",마마5204,to_in_001,"10955"
"2024",마마5205,to_in_001,"2447"
"2024",마마5206,to_in_001,"18"
"2024",마마5208,to_in_001,"43"
"2024",마마5209,to_in_001,"170"
"2024",마마5210,to_in_001,"28"
"2024",마마5213,to_in_001,"3275"
"2024",마마5214,to_in_001,"7106"
"2024",마마5215,to_in_001,"248"
"2024",마마5216,to_in_001,"138"
"2024",마마5217,to_in_001,"174"
"2024",마마5218,to_in_001,"74"
"2024",마마5219,to_in_001,"354"
"2024",마마5220,to_in_001,"48"
"2024",마마5221,to_in_001,"89"
"2024",마마5222,to_in_001,"73"
"2024",마마5223,to_in_001,"23"
"2024",마마5224,to_in_001,"13"
"2024",마마5225,to_in_001,"118"
"2024",마마5226,to_in_001,"128"
"2024",마마5227,to_in_001,"8"
"2024",마마5228,to_in_001,"18"
"2024",마마5229,to_in_001,"284"
"2024",마마5230,to_in_001,"283"
"2024",마마5231,to_in_001,"80"
"2024",마마5236,to_in_001,"43"
"2024",마마5242,to_in_001,"38"
"2024",마마5244,to_in_001,"5"
"2024",마마5245,to_in_001,"8"
"2024",마마5246,to_in_001,"128"
"2024",마마5247,to_in_001,"18"
"2024",마마5249,to_in_001,"23"
"2024",마마5250,to_in_001,"23"
"2024",마마5251,to_in_001,"103"
"2024",마마5252,to_in_001,"68"
"2024",마마5253,to_in_001,"28"
"2024",마마5254,to_in_001,"13"
"2024",마마5255,to_in_001,"103"
"2024",마마5256,to_in_001,"33"
"2024",마마5257,to_in_001,"73"
"2024",마마5258,to_in_001,"203"
"2024",마마5259,to_in_001,"208"
"2024",마마5260,to_in_001,"353"
"2024",마마5261,to_in_001,"2978"
"2024",마마5262,to_in_001,"2256"
"2024",마마5263,to_in_001,"589"
"2024",마마5264,to_in_001,"4461"
"2024",마마5265,to_in_001,"348"
"2024",마마5266,to_in_001,"123"
"2024",마마5267,to_in_001,"128"
"2024",마마5269,to_in_001,"8"
"2024",마마5271,to_in_001,"18"
"2024",마마5273,to_in_001,"5"
"2024",마마5279,to_in_001,"3869"
"2024",마마5280,to_in_001,"281"
"2024",마마5281,to_in_001,"5"
"2024",마마5284,to_in_001,"23"
"2024",마마5285,to_in_001,"153"
"2024",마마5286,to_in_001,"183"
"2024",마마5287,to_in_001,"113"
"2024",마마5288,to_in_001,"73"
"2024",마마5289,to_in_001,"0"
"2024",마마5291,to_in_001,"13"
"2024",마마5292,to_in_001,"38"
"2024",마마5293,to_in_001,"5"
"2024",마마5294,to_in_001,"0"
"2024",마마5296,to_in_001,"13"
"2024",마마5298,to_in_001,"28"
"2024",마마5299,to_in_001,"73"
"2024",마마5303,to_in_001,"5677"
"2024",마마5304,to_in_001,"10060"
"2024",마마5305,to_in_001,"5"
"2024",마마5306,to_in_001,"18"
"2024",마마5307,to_in_001,"103"
"2024",마마5309,to_in_001,"5"
"2024",마마5310,to_in_001,"13"
"2024",마마5312,to_in_001,"5"
"2024",마마5314,to_in_001,"5"
"2024",마마5315,to_in_001,"198"
"2024",마마5316,to_in_001,"241"
"2024",마마5317,to_in_001,"143"
"2024",마마5318,to_in_001,"221"
"2024",마마5319,to_in_001,"1094"
"2024",마마5320,to_in_001,"13"
"2024",마마5322,to_in_001,"8"
"2024",마마5324,to_in_001,"58"
"2024",마마5325,to_in_001,"13"
"2024",마마5326,to_in_001,"8"
"2024",마마5327,to_in_001,"8"
"2024",마마5330,to_in_001,"1952"
"2024",마마5331,to_in_001,"237"
"2024",마마5332,to_in_001,"2411"
"2024",마마5335,to_in_001,"43"
"2024",마마5336,to_in_001,"5"
"2024",마마5340,to_in_001,"101"
"2024",마마5341,to_in_001,"88"
"2024",마마5342,to_in_001,"73"
"2024",마마5345,to_in_001,"28"
"2024",마마5346,to_in_001,"45"
"2024",마마5347,to_in_001,"218"
"2024",마마5348,to_in_001,"73"
"2024",마마5349,to_in_001,"68"
"2024",마마5350,to_in_001,"33"
"2024",마마5351,to_in_001,"487"
"2024",마마5352,to_in_001,"98"
"2024",마마5353,to_in_001,"118"
"2024",마마5354,to_in_001,"48"
"2024",마마5355,to_in_001,"43"
"2024",마마5356,to_in_001,"54"
"2024",마마5357,to_in_001,"238"
"2024",마마5358,to_in_001,"68"
"2024",마마5359,to_in_001,"13"
"2024",마마5360,to_in_001,"33"
"2024",마마5361,to_in_001,"1537"
"2024",마마5362,to_in_001,"4376"
"2024",마마5363,to_in_001,"3082"
"2024",마마5364,to_in_001,"2964"
"2024",마마5365,to_in_001,"4642"
"2024",마마5366,to_in_001,"158"
"2024",마마5369,to_in_001,"5"
"2024",마마5371,to_in_001,"63"
"2024",마마5372,to_in_001,"63"
"2024",마마5373,to_in_001,"23"
"2024",마마5375,to_in_001,"8"
"2024",마마5376,to_in_001,"78"
"2024",마마5377,to_in_001,"28"
"2024",마마5378,to_in_001,"1547"
"2024",마마5379,to_in_001,"1314"
"2024",마마5380,to_in_001,"128"
"2024",마마5381,to_in_001,"108"
"2024",마마5382,to_in_001,"8"
"2024",마마5384,to_in_001,"8"
"2024",마마5385,to_in_001,"158"
"2024",마마5386,to_in_001,"108"
"2024",마마5387,to_in_001,"783"
"2024",마마5388,to_in_001,"5"
"2024",마마5389,to_in_001,"8"
"2024",마마5390,to_in_001,"33"
"2024",마마5391,to_in_001,"13"
"2024",마마5392,to_in_001,"5"
"2024",마마5395,to_in_001,"8"
"2024",마마5396,to_in_001,"43"
"2024",마마5399,to_in_001,"8"
"2024",마마5400,to_in_001,"13"
"2024",마마5401,to_in_001,"53"
"2024",마마5403,to_in_001,"83"
"2024",마마5404,to_in_001,"1411"
"2024",마마5405,to_in_001,"5"
"2024",마마5406,to_in_001,"5"
"2024",마마5407,to_in_001,"8"
"2024",마마5414,to_in_001,"23"
"2024",마마5415,to_in_001,"18"
"2024",마마5416,to_in_001,"8"
"2024",마마5417,to_in_001,"120"
"2024",마마5418,to_in_001,"218"
"2024",마마5419,to_in_001,"375"
"2024",마마5420,to_in_001,"385"
"2024",마마5422,to_in_001,"8"
"2024",마마5423,to_in_001,"5"
"2024",마마5424,to_in_001,"18"
"2024",마마5426,to_in_001,"5"
"2024",마마5427,to_in_001,"5"
"2024",마마5428,to_in_001,"0"
"2024",마마5431,to_in_001,"13"
"2024",마마5432,to_in_001,"183"
"2024",마마5434,to_in_001,"13"
"2024",마마5435,to_in_001,"0"
"2024",마마5439,to_in_001,"83"
"2024",마마5440,to_in_001,"83"
"2024",마마5441,to_in_001,"118"
"2024",마마5442,to_in_001,"108"
"2024",마마5443,to_in_001,"13"
"2024",마마5444,to_in_001,"5"
"2024",마마5445,to_in_001,"83"
"2024",마마5446,to_in_001,"118"
"2024",마마5447,to_in_001,"281"
"2024",마마5448,to_in_001,"73"
"2024",마마5449,to_in_001,"53"
"2024",마마5450,to_in_001,"133"
"2024",마마5451,to_in_001,"168"
"2024",마마5452,to_in_001,"88"
"2024",마마5453,to_in_001,"5"
"2024",마마5454,to_in_001,"263"
"2024",마마5455,to_in_001,"43"
"2024",마마5456,to_in_001,"153"
"2024",마마5457,to_in_001,"53"
"2024",마마5458,to_in_001,"198"
"2024",마마5459,to_in_001,"143"
"2024",마마5460,to_in_001,"731"
"2024",마마5461,to_in_001,"2373"
"2024",마마5462,to_in_001,"8670"
"2024",마마5463,to_in_001,"6822"
"2024",마마5464,to_in_001,"8629"
"2024",마마5465,to_in_001,"8824"
"2024",마마5466,to_in_001,"203"
"2024",마마5467,to_in_001,"43"
"2024",마마5468,to_in_001,"168"
"2024",마마5471,to_in_001,"18"
"2024",마마5472,to_in_001,"123"
"2024",마마5473,to_in_001,"23"
"2024",마마5474,to_in_001,"33"
"2024",마마5475,to_in_001,"83"
"2024",마마5476,to_in_001,"23"
"2024",마마5477,to_in_001,"203"
"2024",마마5478,to_in_001,"4875"
"2024",마마5479,to_in_001,"188"
"2024",마마5480,to_in_001,"128"
"2024",마마5481,to_in_001,"238"
"2024",마마5482,to_in_001,"63"
"2024",마마5483,to_in_001,"8"
"2024",마마5484,to_in_001,"8"
"2024",마마5485,to_in_001,"181"
"2024",마마5486,to_in_001,"113"
"2024",마마5487,to_in_001,"183"
"2024",마마5488,to_in_001,"133"
"2024",마마5489,to_in_001,"108"
"2024",마마5490,to_in_001,"43"
"2024",마마5491,to_in_001,"28"
"2024",마마5492,to_in_001,"18"
"2024",마마5493,to_in_001,"13"
"2024",마마5500,to_in_001,"118"
"2024",마마5501,to_in_001,"33"
"2024",마마5502,to_in_001,"5"
"2024",마마5503,to_in_001,"5"
"2024",마마5504,to_in_001,"399"
"2024",마마5505,to_in_001,"33"
"2024",마마5506,to_in_001,"0"
"2024",마마5514,to_in_001,"8"
"2024",마마5515,to_in_001,"80"
"2024",마마5516,to_in_001,"123"
"2024",마마5517,to_in_001,"18"
"2024",마마5518,to_in_001,"5"
"2024",마마5519,to_in_001,"43"
"2024",마마5520,to_in_001,"238"
"2024",마마5521,to_in_001,"18"
"2024",마마5522,to_in_001,"729"
"2024",마마5523,to_in_001,"1972"
"2024",마마5527,to_in_001,"0"
"2024",마마5530,to_in_001,"108"
"2024",마마5531,to_in_001,"23"
"2024",마마5532,to_in_001,"98"
"2024",마마5533,to_in_001,"5"
"2024",마마5534,to_in_001,"28"
"2024",마마5537,to_in_001,"5"
"2024",마마5538,to_in_001,"188"
"2024",마마5539,to_in_001,"219"
"2024",마마5540,to_in_001,"153"
"2024",마마5541,to_in_001,"113"
"2024",마마5542,to_in_001,"103"
"2024",마마5543,to_in_001,"5"
"2024",마마5544,to_in_001,"23"
"2024",마마5545,to_in_001,"78"
"2024",마마5546,to_in_001,"43"
"2024",마마5547,to_in_001,"5"
"2024",마마5548,to_in_001,"68"
"2024",마마5550,to_in_001,"28"
"2024",마마5551,to_in_001,"8"
"2024",마마5553,to_in_001,"8"
"2024",마마5554,to_in_001,"5"
"2024",마마5558,to_in_001,"13"
"2024",마마5559,to_in_001,"128"
"2024",마마5560,to_in_001,"113"
"2024",마마5561,to_in_001,"960"
"2024",마마5562,to_in_001,"3774"
"2024",마마5563,to_in_001,"10331"
"2024",마마5564,to_in_001,"13930"
"2024",마마5565,to_in_001,"3658"
"2024",마마5566,to_in_001,"8059"
"2024",마마5567,to_in_001,"417"
"2024",마마5568,to_in_001,"621"
"2024",마마5569,to_in_001,"8"
"2024",마마5570,to_in_001,"93"
"2024",마마5572,to_in_001,"183"
"2024",마마5573,to_in_001,"38"
"2024",마마5575,to_in_001,"138"
"2024",마마5576,to_in_001,"118"
"2024",마마5577,to_in_001,"506"
"2024",마마5578,to_in_001,"3117"
"2024",마마5579,to_in_001,"328"
"2024",마마5580,to_in_001,"43"
"2024",마마5581,to_in_001,"143"
"2024",마마5582,to_in_001,"158"
"2024",마마5583,to_in_001,"128"
"2024",마마5584,to_in_001,"8"
"2024",마마5585,to_in_001,"38"
"2024",마마5586,to_in_001,"113"
"2024",마마5587,to_in_001,"118"
"2024",마마5588,to_in_001,"43"
"2024",마마5589,to_in_001,"5"
"2024",마마5592,to_in_001,"8"
"2024",마마5600,to_in_001,"93"
"2024",마마5602,to_in_001,"5"
"2024",마마5603,to_in_001,"13"
"2024",마마5604,to_in_001,"5"
"2024",마마5605,to_in_001,"103"
"2024",마마5606,to_in_001,"18"
"2024",마마5607,to_in_001,"28"
"2024",마마5610,to_in_001,"0"
"2024",마마5615,to_in_001,"5"
"2024",마마5616,to_in_001,"67"
"2024",마마5617,to_in_001,"112"
"2024",마마5620,to_in_001,"33"
"2024",마마5621,to_in_001,"158"
"2024",마마5622,to_in_001,"38"
"2024",마마5625,to_in_001,"38"
"2024",마마5626,to_in_001,"48"
"2024",마마5627,to_in_001,"43"
"2024",마마5630,to_in_001,"12673"
"2024",마마5631,to_in_001,"5271"
"2024",마마5632,to_in_001,"153"
"2024",마마5633,to_in_001,"178"
"2024",마마5634,to_in_001,"38"
"2024",마마5635,to_in_001,"5"
"2024",마마5636,to_in_001,"8"
"2024",마마5637,to_in_001,"143"
"2024",마마5638,to_in_001,"88"
"2024",마마5639,to_in_001,"198"
"2024",마마5640,to_in_001,"163"
"2024",마마5641,to_in_001,"238"
"2024",마마5642,to_in_001,"163"
"2024",마마5643,to_in_001,"58"
"2024",마마5644,to_in_001,"118"
"2024",마마5645,to_in_001,"8"
"2024",마마5646,to_in_001,"5"
"2024",마마5648,to_in_001,"58"
"2024",마마5649,to_in_001,"40"
"2024",마마5650,to_in_001,"53"
"2024",마마5651,to_in_001,"48"
"2024",마마5653,to_in_001,"5"
"2024",마마5654,to_in_001,"0"
"2024",마마5658,to_in_001,"13"
"2024",마마5659,to_in_001,"53"
"2024",마마5660,to_in_001,"168"
"2024",마마5661,to_in_001,"292"
"2024",마마5662,to_in_001,"8105"
"2024",마마5663,to_in_001,"1513"
"2024",마마5664,to_in_001,"68"
"2024",마마5665,to_in_001,"4003"
"2024",마마5666,to_in_001,"4992"
"2024",마마5667,to_in_001,"894"
"2024",마마5668,to_in_001,"43"
"2024",마마5669,to_in_001,"8"
"2024",마마5670,to_in_001,"113"
"2024",마마5671,to_in_001,"73"
"2024",마마5672,to_in_001,"73"
"2024",마마5673,to_in_001,"18"
"2024",마마5674,to_in_001,"48"
"2024",마마5675,to_in_001,"5"
"2024",마마5676,to_in_001,"5"
"2024",마마5678,to_in_001,"33"
"2024",마마5682,to_in_001,"8"
"2024",마마5683,to_in_001,"8"
"2024",마마5684,to_in_001,"68"
"2024",마마5685,to_in_001,"43"
"2024",마마5686,to_in_001,"113"
"2024",마마5687,to_in_001,"23"
"2024",마마5689,to_in_001,"68"
"2024",마마5690,to_in_001,"38"
"2024",마마5691,to_in_001,"38"
"2024",마마5692,to_in_001,"8"
"2024",마마5693,to_in_001,"128"
"2024",마마5694,to_in_001,"28"
"2024",마마5695,to_in_001,"5"
"2024",마마5698,to_in_001,"28"
"2024",마마5699,to_in_001,"23"
"2024",마마5700,to_in_001,"113"
"2024",마마5701,to_in_001,"63"
"2024",마마5702,to_in_001,"133"
"2024",마마5703,to_in_001,"73"
"2024",마마5704,to_in_001,"13"
"2024",마마5705,to_in_001,"73"
"2024",마마5706,to_in_001,"8"
"2024",마마5707,to_in_001,"8"
"2024",마마5709,to_in_001,"5"
"2024",마마5710,to_in_001,"8"
"2024",마마5715,to_in_001,"5"
"2024",마마5716,to_in_001,"28"
"2024",마마5717,to_in_001,"183"
"2024",마마5720,to_in_001,"252"
"2024",마마5721,to_in_001,"198"
"2024",마마5723,to_in_001,"4274"
"2024",마마5724,to_in_001,"78"
"2024",마마5725,to_in_001,"68"
"2024",마마5726,to_in_001,"797"
"2024",마마5727,to_in_001,"1086"
"2024",마마5729,to_in_001,"5"
"2024",마마5730,to_in_001,"429"
"2024",마마5731,to_in_001,"6952"
"2024",마마5732,to_in_001,"10955"
"2024",마마5733,to_in_001,"13"
"2024",마마5734,to_in_001,"23"
"2024",마마5735,to_in_001,"48"
"2024",마마5736,to_in_001,"5"
"2024",마마5739,to_in_001,"38"
"2024",마마5740,to_in_001,"133"
"2024",마마5741,to_in_001,"28"
"2024",마마5742,to_in_001,"28"
"2024",마마5747,to_in_001,"5"
"2024",마마5748,to_in_001,"33"
"2024",마마5749,to_in_001,"63"
"2024",마마5750,to_in_001,"23"
"2024",마마5751,to_in_001,"5"
"2024",마마5752,to_in_001,"0"
"2024",마마5755,to_in_001,"8"
"2024",마마5756,to_in_001,"263"
"2024",마마5757,to_in_001,"28"
"2024",마마5758,to_in_001,"63"
"2024",마마5759,to_in_001,"93"
"2024",마마5760,to_in_001,"78"
"2024",마마5761,to_in_001,"33"
"2024",마마5762,to_in_001,"320"
"2024",마마5767,to_in_001,"170"
"2024",마마5768,to_in_001,"218"
"2024",마마5769,to_in_001,"13"
"2024",마마5770,to_in_001,"396"
"2024",마마5771,to_in_001,"28"
"2024",마마5772,to_in_001,"18"
"2024",마마5773,to_in_001,"114"
"2024",마마5774,to_in_001,"113"
"2024",마마5775,to_in_001,"5"
"2024",마마5776,to_in_001,"173"
"2024",마마5777,to_in_001,"0"
"2024",마마5779,to_in_001,"58"
"2024",마마5780,to_in_001,"5"
"2024",마마5782,to_in_001,"43"
"2024",마마5783,to_in_001,"8"
"2024",마마5784,to_in_001,"223"
"2024",마마5785,to_in_001,"163"
"2024",마마5786,to_in_001,"113"
"2024",마마5787,to_in_001,"63"
"2024",마마5788,to_in_001,"5"
"2024",마마5789,to_in_001,"48"
"2024",마마5790,to_in_001,"8"
"2024",마마5791,to_in_001,"107"
"2024",마마5792,to_in_001,"33"
"2024",마마5793,to_in_001,"43"
"2024",마마5794,to_in_001,"148"
"2024",마마5795,to_in_001,"53"
"2024",마마5796,to_in_001,"8"
"2024",마마5799,to_in_001,"33"
"2024",마마5801,to_in_001,"8"
"2024",마마5802,to_in_001,"328"
"2024",마마5803,to_in_001,"1526"
"2024",마마5804,to_in_001,"115"
"2024",마마5805,to_in_001,"8"
"2024",마마5806,to_in_001,"143"
"2024",마마5807,to_in_001,"5"
"2024",마마5808,to_in_001,"88"
"2024",마마5809,to_in_001,"148"
"2024",마마5810,to_in_001,"33"
"2024",마마5811,to_in_001,"5"
"2024",마마5812,to_in_001,"78"
"2024",마마5813,to_in_001,"5"
"2024",마마5816,to_in_001,"53"
"2024",마마5817,to_in_001,"93"
"2024",마마5819,to_in_001,"5"
"2024",마마5820,to_in_001,"18"
"2024",마마5824,to_in_001,"28"
"2024",마마5825,to_in_001,"23"
"2024",마마5826,to_in_001,"935"
"2024",마마5827,to_in_001,"438"
"2024",마마5828,to_in_001,"2695"
"2024",마마5829,to_in_001,"8358"
"2024",마마5830,to_in_001,"2973"
"2024",마마5831,to_in_001,"7054"
"2024",마마5832,to_in_001,"3820"
"2024",마마5833,to_in_001,"8"
"2024",마마5834,to_in_001,"23"
"2024",마마5835,to_in_001,"8"
"2024",마마5837,to_in_001,"13"
"2024",마마5838,to_in_001,"8"
"2024",마마5839,to_in_001,"13"
"2024",마마5841,to_in_001,"5"
"2024",마마5847,to_in_001,"42"
"2024",마마5848,to_in_001,"28"
"2024",마마5851,to_in_001,"5"
"2024",마마5855,to_in_001,"13"
"2024",마마5856,to_in_001,"63"
"2024",마마5857,to_in_001,"43"
"2024",마마5858,to_in_001,"168"
"2024",마마5859,to_in_001,"208"
"2024",마마5860,to_in_001,"253"
"2024",마마5861,to_in_001,"214"
"2024",마마5862,to_in_001,"28"
"2024",마마5863,to_in_001,"63"
"2024",마마5864,to_in_001,"123"
"2024",마마5865,to_in_001,"13"
"2024",마마5866,to_in_001,"8"
"2024",마마5868,to_in_001,"43"
"2024",마마5869,to_in_001,"33"
"2024",마마5870,to_in_001,"163"
"2024",마마5871,to_in_001,"138"
"2024",마마5872,to_in_001,"223"
"2024",마마5873,to_in_001,"198"
"2024",마마5874,to_in_001,"38"
"2024",마마5875,to_in_001,"5"
"2024",마마5876,to_in_001,"28"
"2024",마마5877,to_in_001,"88"
"2024",마마5878,to_in_001,"93"
"2024",마마5879,to_in_001,"178"
"2024",마마5881,to_in_001,"13"
"2024",마마5882,to_in_001,"23"
"2024",마마5883,to_in_001,"28"
"2024",마마5884,to_in_001,"8"
"2024",마마5885,to_in_001,"23"
"2024",마마5886,to_in_001,"8"
"2024",마마5889,to_in_001,"53"
"2024",마마5890,to_in_001,"63"
"2024",마마5891,to_in_001,"133"
"2024",마마5892,to_in_001,"78"
"2024",마마5893,to_in_001,"293"
"2024",마마5894,to_in_001,"133"
"2024",마마5895,to_in_001,"43"
"2024",마마5896,to_in_001,"98"
"2024",마마5897,to_in_001,"98"
"2024",마마5898,to_in_001,"5"
"2024",마마5900,to_in_001,"363"
"2024",마마5901,to_in_001,"552"
"2024",마마5902,to_in_001,"615"
"2024",마마5903,to_in_001,"179"
"2024",마마5904,to_in_001,"71"
"2024",마마5905,to_in_001,"84"
"2024",마마5906,to_in_001,"141"
"2024",마마5907,to_in_001,"138"
"2024",마마5908,to_in_001,"113"
"2024",마마5909,to_in_001,"268"
"2024",마마5910,to_in_001,"254"
"2024",마마5911,to_in_001,"38"
"2024",마마5912,to_in_001,"5"
"2024",마마5913,to_in_001,"8"
"2024",마마5914,to_in_001,"5"
"2024",마마5916,to_in_001,"78"
"2024",마마5917,to_in_001,"0"
"2024",마마5918,to_in_001,"8"
"2024",마마5923,to_in_001,"28"
"2024",마마5925,to_in_001,"8"
"2024",마마5926,to_in_001,"93"
"2024",마마5927,to_in_001,"68"
"2024",마마5928,to_in_001,"10738"
"2024",마마5929,to_in_001,"19693"
"2024",마마5930,to_in_001,"9300"
"2024",마마5931,to_in_001,"1034"
"2024",마마5932,to_in_001,"5"
"2024",마마5933,to_in_001,"33"
"2024",마마5934,to_in_001,"73"
"2024",마마5935,to_in_001,"8"
"2024",마마5937,to_in_001,"313"
"2024",마마5938,to_in_001,"68"
"2024",마마5939,to_in_001,"23"
"2024",마마5946,to_in_001,"8"
"2024",마마5947,to_in_001,"8"
"2024",마마5953,to_in_001,"90"
"2024",마마5954,to_in_001,"118"
"2024",마마5955,to_in_001,"183"
"2024",마마5956,to_in_001,"63"
"2024",마마5957,to_in_001,"1886"
"2024",마마5958,to_in_001,"310"
"2024",마마5959,to_in_001,"8"
"2024",마마5960,to_in_001,"5"
"2024",마마5962,to_in_001,"8"
"2024",마마5963,to_in_001,"188"
"2024",마마5964,to_in_001,"108"
"2024",마마5965,to_in_001,"138"
"2024",마마5966,to_in_001,"103"
"2024",마마5967,to_in_001,"188"
"2024",마마5968,to_in_001,"1607"
"2024",마마5969,to_in_001,"40"
"2024",마마5970,to_in_001,"5"
"2024",마마5971,to_in_001,"29"
"2024",마마5972,to_in_001,"29"
"2024",마마5973,to_in_001,"103"
"2024",마마5976,to_in_001,"158"
"2024",마마5977,to_in_001,"8"
"2024",마마5978,to_in_001,"234"
"2024",마마5979,to_in_001,"43"
"2024",마마5980,to_in_001,"93"
"2024",마마5983,to_in_001,"149"
"2024",마마5984,to_in_001,"8"
"2024",마마5985,to_in_001,"5"
"2024",마마5988,to_in_001,"5"
"2024",마마5991,to_in_001,"5"
"2024",마마5992,to_in_001,"8"
"2024",마마5993,to_in_001,"108"
"2024",마마5994,to_in_001,"133"
"2024",마마5995,to_in_001,"108"
"2024",마마5996,to_in_001,"63"
"2024",마마5997,to_in_001,"158"
"2024",마마5998,to_in_001,"83"
"2024",마마6000,to_in_001,"8"
"2024",마마6001,to_in_001,"118"
"2024",마마6002,to_in_001,"8"
"2024",마마6003,to_in_001,"229"
"2024",마마6004,to_in_001,"110"
"2024",마마6005,to_in_001,"244"
"2024",마마6006,to_in_001,"85"
"2024",마마6007,to_in_001,"115"
"2024",마마6008,to_in_001,"227"
"2024",마마6009,to_in_001,"188"
"2024",마마6010,to_in_001,"59"
"2024",마마6011,to_in_001,"88"
"2024",마마6012,to_in_001,"33"
"2024",마마6013,to_in_001,"38"
"2024",마마6014,to_in_001,"68"
"2024",마마6015,to_in_001,"73"
"2024",마마6016,to_in_001,"78"
"2024",마마6017,to_in_001,"68"
"2024",마마6018,to_in_001,"5"
"2024",마마6019,to_in_001,"5"
"2024",마마6020,to_in_001,"0"
"2024",마마6022,to_in_001,"5"
"2024",마마6023,to_in_001,"93"
"2024",마마6024,to_in_001,"53"
"2024",마마6025,to_in_001,"103"
"2024",마마6026,to_in_001,"8"
"2024",마마6027,to_in_001,"13"
"2024",마마6028,to_in_001,"420"
"2024",마마6029,to_in_001,"8826"
"2024",마마6030,to_in_001,"8941"
"2024",마마6031,to_in_001,"4532"
"2024",마마6032,to_in_001,"5"
"2024",마마6033,to_in_001,"8"
"2024",마마6034,to_in_001,"5"
"2024",마마6035,to_in_001,"53"
"2024",마마6036,to_in_001,"118"
"2024",마마6037,to_in_001,"278"
"2024",마마6038,to_in_001,"5"
"2024",마마6039,to_in_001,"5"
"2024",마마6040,to_in_001,"5"
"2024",마마6041,to_in_001,"38"
"2024",마마6042,to_in_001,"18"
"2024",마마6043,to_in_001,"8"
"2024",마마6045,to_in_001,"0"
"2024",마마6046,to_in_001,"5"
"2024",마마6047,to_in_001,"111"
"2024",마마6048,to_in_001,"28"
"2024",마마6049,to_in_001,"148"
"2024",마마6050,to_in_001,"108"
"2024",마마6051,to_in_001,"50"
"2024",마마6052,to_in_001,"168"
"2024",마마6053,to_in_001,"38"
"2024",마마6054,to_in_001,"63"
"2024",마마6055,to_in_001,"238"
"2024",마마6056,to_in_001,"158"
"2024",마마6057,to_in_001,"88"
"2024",마마6060,to_in_001,"88"
"2024",마마6061,to_in_001,"103"
"2024",마마6062,to_in_001,"8"
"2024",마마6063,to_in_001,"5"
"2024",마마6064,to_in_001,"73"
"2024",마마6065,to_in_001,"268"
"2024",마마6066,to_in_001,"28"
"2024",마마6067,to_in_001,"93"
"2024",마마6068,to_in_001,"213"
"2024",마마6069,to_in_001,"38"
"2024",마마6070,to_in_001,"58"
"2024",마마6071,to_in_001,"38"
"2024",마마6072,to_in_001,"21"
"2024",마마6073,to_in_001,"5"
"2024",마마6074,to_in_001,"26"
"2024",마마6075,to_in_001,"93"
"2024",마마6076,to_in_001,"43"
"2024",마마6077,to_in_001,"48"
"2024",마마6078,to_in_001,"770"
"2024",마마6079,to_in_001,"293"
"2024",마마6080,to_in_001,"415"
"2024",마마6081,to_in_001,"356"
"2024",마마6083,to_in_001,"5"
"2024",마마6084,to_in_001,"5"
"2024",마마6086,to_in_001,"0"
"2024",마마6093,to_in_001,"8"
"2024",마마6094,to_in_001,"23"
"2024",마마6097,to_in_001,"5"
"2024",마마6098,to_in_001,"13"
"2024",마마6099,to_in_001,"23"
"2024",마마6104,to_in_001,"551"
"2024",마마6105,to_in_001,"733"
"2024",마마6106,to_in_001,"89"
"2024",마마6107,to_in_001,"73"
"2024",마마6108,to_in_001,"36"
"2024",마마6109,to_in_001,"118"
"2024",마마6110,to_in_001,"158"
"2024",마마6111,to_in_001,"73"
"2024",마마6112,to_in_001,"43"
"2024",마마6113,to_in_001,"1691"
"2024",마마6114,to_in_001,"7432"
"2024",마마6115,to_in_001,"361"
"2024",마마6116,to_in_001,"158"
"2024",마마6117,to_in_001,"23"
"2024",마마6120,to_in_001,"133"
"2024",마마6122,to_in_001,"143"
"2024",마마6123,to_in_001,"13"
"2024",마마6124,to_in_001,"63"
"2024",마마6125,to_in_001,"53"
"2024",마마6126,to_in_001,"28"
"2024",마마6127,to_in_001,"726"
"2024",마마6128,to_in_001,"1153"
"2024",마마6129,to_in_001,"4429"
"2024",마마6130,to_in_001,"4749"
"2024",마마6131,to_in_001,"18"
"2024",마마6133,to_in_001,"5"
"2024",마마6134,to_in_001,"5"
"2024",마마6135,to_in_001,"8"
"2024",마마6136,to_in_001,"107"
"2024",마마6137,to_in_001,"18"
"2024",마마6138,to_in_001,"83"
"2024",마마6139,to_in_001,"228"
"2024",마마6140,to_in_001,"138"
"2024",마마6141,to_in_001,"98"
"2024",마마6142,to_in_001,"103"
"2024",마마6143,to_in_001,"18"
"2024",마마6146,to_in_001,"28"
"2024",마마6147,to_in_001,"81"
"2024",마마6148,to_in_001,"28"
"2024",마마6149,to_in_001,"43"
"2024",마마6150,to_in_001,"53"
"2024",마마6151,to_in_001,"78"
"2024",마마6152,to_in_001,"138"
"2024",마마6153,to_in_001,"58"
"2024",마마6154,to_in_001,"283"
"2024",마마6155,to_in_001,"48"
"2024",마마6156,to_in_001,"13"
"2024",마마6157,to_in_001,"18"
"2024",마마6158,to_in_001,"8"
"2024",마마6159,to_in_001,"58"
"2024",마마6160,to_in_001,"73"
"2024",마마6161,to_in_001,"33"
"2024",마마6162,to_in_001,"135"
"2024",마마6163,to_in_001,"28"
"2024",마마6164,to_in_001,"88"
"2024",마마6165,to_in_001,"108"
"2024",마마6166,to_in_001,"81"
"2024",마마6167,to_in_001,"194"
"2024",마마6168,to_in_001,"188"
"2024",마마6169,to_in_001,"83"
"2024",마마6170,to_in_001,"63"
"2024",마마6171,to_in_001,"173"
"2024",마마6172,to_in_001,"38"
"2024",마마6173,to_in_001,"13"
"2024",마마6174,to_in_001,"23"
"2024",마마6175,to_in_001,"150"
"2024",마마6176,to_in_001,"128"
"2024",마마6177,to_in_001,"88"
"2024",마마6178,to_in_001,"108"
"2024",마마6179,to_in_001,"113"
"2024",마마6180,to_in_001,"882"
"2024",마마6181,to_in_001,"5"
"2024",마마6182,to_in_001,"78"
"2024",마마6183,to_in_001,"74"
"2024",마마6184,to_in_001,"53"
"2024",마마6192,to_in_001,"83"
"2024",마마6193,to_in_001,"8"
"2024",마마6194,to_in_001,"33"
"2024",마마6199,to_in_001,"13"
"2024",마마6204,to_in_001,"475"
"2024",마마6205,to_in_001,"1398"
"2024",마마6206,to_in_001,"584"
"2024",마마6207,to_in_001,"58"
"2024",마마6208,to_in_001,"158"
"2024",마마6209,to_in_001,"8"
"2024",마마6210,to_in_001,"58"
"2024",마마6211,to_in_001,"5"
"2024",마마6212,to_in_001,"48"
"2024",마마6213,to_in_001,"5721"
"2024",마마6214,to_in_001,"5417"
"2024",마마6215,to_in_001,"188"
"2024",마마6216,to_in_001,"5"
"2024",마마6217,to_in_001,"8"
"2024",마마6218,to_in_001,"474"
"2024",마마6219,to_in_001,"1564"
"2024",마마6220,to_in_001,"103"
"2024",마마6221,to_in_001,"18"
"2024",마마6222,to_in_001,"1590"
"2024",마마6223,to_in_001,"123"
"2024",마마6224,to_in_001,"8"
"2024",마마6225,to_in_001,"2580"
"2024",마마6226,to_in_001,"625"
"2024",마마6227,to_in_001,"7230"
"2024",마마6228,to_in_001,"13555"
"2024",마마6229,to_in_001,"5479"
"2024",마마6230,to_in_001,"8965"
"2024",마마6231,to_in_001,"771"
"2024",마마6232,to_in_001,"118"
"2024",마마6233,to_in_001,"5"
"2024",마마6234,to_in_001,"53"
"2024",마마6235,to_in_001,"8"
"2024",마마6236,to_in_001,"18"
"2024",마마6238,to_in_001,"53"
"2024",마마6239,to_in_001,"5"
"2024",마마6240,to_in_001,"13"
"2024",마마6241,to_in_001,"137"
"2024",마마6242,to_in_001,"83"
"2024",마마6243,to_in_001,"83"
"2024",마마6244,to_in_001,"33"
"2024",마마6245,to_in_001,"18"
"2024",마마6246,to_in_001,"184"
"2024",마마6247,to_in_001,"294"
"2024",마마6248,to_in_001,"63"
"2024",마마6249,to_in_001,"113"
"2024",마마6250,to_in_001,"68"
"2024",마마6251,to_in_001,"94"
"2024",마마6252,to_in_001,"138"
"2024",마마6253,to_in_001,"58"
"2024",마마6254,to_in_001,"712"
"2024",마마6255,to_in_001,"738"
"2024",마마6256,to_in_001,"98"
"2024",마마6257,to_in_001,"5"
"2024",마마6259,to_in_001,"5"
"2024",마마6260,to_in_001,"5"
"2024",마마6261,to_in_001,"5"
"2024",마마6263,to_in_001,"128"
"2024",마마6264,to_in_001,"5"
"2024",마마6265,to_in_001,"38"
"2024",마마6267,to_in_001,"5"
"2024",마마6271,to_in_001,"0"
"2024",마마6273,to_in_001,"0"
"2024",마마6274,to_in_001,"5"
"2024",마마6275,to_in_001,"23"
"2024",마마6276,to_in_001,"8"
"2024",마마6278,to_in_001,"138"
"2024",마마6279,to_in_001,"116"
"2024",마마6280,to_in_001,"63"
"2024",마마6281,to_in_001,"165"
"2024",마마6282,to_in_001,"73"
"2024",마마6283,to_in_001,"63"
"2024",마마6284,to_in_001,"28"
"2024",마마6285,to_in_001,"33"
"2024",마마6288,to_in_001,"43"
"2024",마마6289,to_in_001,"8"
"2024",마마6291,to_in_001,"93"
"2024",마마6292,to_in_001,"178"
"2024",마마6293,to_in_001,"118"
"2024",마마6296,to_in_001,"38"
"2024",마마6297,to_in_001,"18"
"2024",마마6306,to_in_001,"143"
"2024",마마6307,to_in_001,"398"
"2024",마마6308,to_in_001,"148"
"2024",마마6309,to_in_001,"108"
"2024",마마6310,to_in_001,"83"
"2024",마마6312,to_in_001,"18"
"2024",마마6313,to_in_001,"193"
"2024",마마6314,to_in_001,"1260"
"2024",마마6315,to_in_001,"171"
"2024",마마6316,to_in_001,"1621"
"2024",마마6317,to_in_001,"3422"
"2024",마마6318,to_in_001,"1896"
"2024",마마6319,to_in_001,"13"
"2024",마마6320,to_in_001,"13"
"2024",마마6321,to_in_001,"0"
"2024",마마6322,to_in_001,"8018"
"2024",마마6323,to_in_001,"1105"
"2024",마마6324,to_in_001,"85"
"2024",마마6325,to_in_001,"33"
"2024",마마6326,to_in_001,"63"
"2024",마마6327,to_in_001,"8403"
"2024",마마6328,to_in_001,"18507"
"2024",마마6329,to_in_001,"8270"
"2024",마마6330,to_in_001,"19693"
"2024",마마6331,to_in_001,"3868"
"2024",마마6332,to_in_001,"5339"
"2024",마마6333,to_in_001,"98"
"2024",마마6334,to_in_001,"8"
"2024",마마6335,to_in_001,"58"
"2024",마마6336,to_in_001,"28"
"2024",마마6338,to_in_001,"153"
"2024",마마6339,to_in_001,"13"
"2024",마마6341,to_in_001,"23"
"2024",마마6342,to_in_001,"127"
"2024",마마6343,to_in_001,"289"
"2024",마마6344,to_in_001,"147"
"2024",마마6345,to_in_001,"119"
"2024",마마6346,to_in_001,"65"
"2024",마마6347,to_in_001,"13"
"2024",마마6348,to_in_001,"13"
"2024",마마6349,to_in_001,"113"
"2024",마마6350,to_in_001,"98"
"2024",마마6351,to_in_001,"73"
"2024",마마6352,to_in_001,"68"
"2024",마마6353,to_in_001,"123"
"2024",마마6354,to_in_001,"2964"
"2024",마마6355,to_in_001,"1128"
"2024",마마6356,to_in_001,"194"
"2024",마마6357,to_in_001,"173"
"2024",마마6358,to_in_001,"98"
"2024",마마6359,to_in_001,"8"
"2024",마마6362,to_in_001,"23"
"2024",마마6363,to_in_001,"23"
"2024",마마6364,to_in_001,"58"
"2024",마마6366,to_in_001,"0"
"2024",마마6371,to_in_001,"8"
"2024",마마6372,to_in_001,"33"
"2024",마마6374,to_in_001,"13"
"2024",마마6375,to_in_001,"28"
"2024",마마6377,to_in_001,"13"
"2024",마마6378,to_in_001,"280"
"2024",마마6379,to_in_001,"520"
"2024",마마6380,to_in_001,"5864"
"2024",마마6381,to_in_001,"88"
"2024",마마6382,to_in_001,"2792"
"2024",마마6383,to_in_001,"5949"
"2024",마마6384,to_in_001,"108"
"2024",마마6385,to_in_001,"111"
"2024",마마6386,to_in_001,"5"
"2024",마마6388,to_in_001,"73"
"2024",마마6389,to_in_001,"98"
"2024",마마6391,to_in_001,"5"
"2024",마마6392,to_in_001,"379"
"2024",마마6393,to_in_001,"198"
"2024",마마6394,to_in_001,"18"
"2024",마마6395,to_in_001,"88"
"2024",마마6397,to_in_001,"5"
"2024",마마6398,to_in_001,"28"
"2024",마마6399,to_in_001,"0"
"2024",마마6405,to_in_001,"101"
"2024",마마6406,to_in_001,"8"
"2024",마마6407,to_in_001,"143"
"2024",마마6408,to_in_001,"28"
"2024",마마6409,to_in_001,"13"
"2024",마마6412,to_in_001,"8"
"2024",마마6413,to_in_001,"88"
"2024",마마6414,to_in_001,"43"
"2024",마마6415,to_in_001,"73"
"2024",마마6416,to_in_001,"9869"
"2024",마마6417,to_in_001,"7345"
"2024",마마6418,to_in_001,"68"
"2024",마마6419,to_in_001,"13"
"2024",마마6420,to_in_001,"48"
"2024",마마6421,to_in_001,"13"
"2024",마마6422,to_in_001,"431"
"2024",마마6423,to_in_001,"5"
"2024",마마6424,to_in_001,"741"
"2024",마마6425,to_in_001,"6104"
"2024",마마6426,to_in_001,"15545"
"2024",마마6427,to_in_001,"15204"
"2024",마마6428,to_in_001,"13744"
"2024",마마6429,to_in_001,"13980"
"2024",마마6430,to_in_001,"12659"
"2024",마마6431,to_in_001,"2166"
"2024",마마6432,to_in_001,"9612"
"2024",마마6433,to_in_001,"2805"
"2024",마마6434,to_in_001,"8"
"2024",마마6435,to_in_001,"23"
"2024",마마6436,to_in_001,"68"
"2024",마마6437,to_in_001,"13"
"2024",마마6438,to_in_001,"289"
"2024",마마6439,to_in_001,"199"
"2024",마마6440,to_in_001,"38"
"2024",마마6441,to_in_001,"143"
"2024",마마6442,to_in_001,"91"
"2024",마마6443,to_in_001,"350"
"2024",마마6444,to_in_001,"604"
"2024",마마6445,to_in_001,"58"
"2024",마마6446,to_in_001,"200"
"2024",마마6447,to_in_001,"1376"
"2024",마마6448,to_in_001,"199"
"2024",마마6449,to_in_001,"727"
"2024",마마6450,to_in_001,"168"
"2024",마마6451,to_in_001,"168"
"2024",마마6452,to_in_001,"83"
"2024",마마6453,to_in_001,"408"
"2024",마마6454,to_in_001,"218"
"2024",마마6455,to_in_001,"1354"
"2024",마마6456,to_in_001,"233"
"2024",마마6457,to_in_001,"73"
"2024",마마6461,to_in_001,"18"
"2024",마마6462,to_in_001,"8"
"2024",마마6464,to_in_001,"5"
"2024",마마6465,to_in_001,"78"
"2024",마마6474,to_in_001,"0"
"2024",마마6476,to_in_001,"33"
"2024",마마6477,to_in_001,"28"
"2024",마마6478,to_in_001,"298"
"2024",마마6479,to_in_001,"18"
"2024",마마6480,to_in_001,"4994"
"2024",마마6481,to_in_001,"3234"
"2024",마마6482,to_in_001,"1394"
"2024",마마6483,to_in_001,"4758"
"2024",마마6484,to_in_001,"240"
"2024",마마6485,to_in_001,"33"
"2024",마마6486,to_in_001,"23"
"2024",마마6487,to_in_001,"4141"
"2024",마마6488,to_in_001,"3761"
"2024",마마6489,to_in_001,"427"
"2024",마마6490,to_in_001,"3476"
"2024",마마6491,to_in_001,"8"
"2024",마마6492,to_in_001,"118"
"2024",마마6493,to_in_001,"108"
"2024",마마6494,to_in_001,"103"
"2024",마마6495,to_in_001,"184"
"2024",마마6496,to_in_001,"0"
"2024",마마6497,to_in_001,"83"
"2024",마마6498,to_in_001,"48"
"2024",마마6499,to_in_001,"5"
"2024",마마6506,to_in_001,"349"
"2024",마마6507,to_in_001,"619"
"2024",마마6508,to_in_001,"43"
"2024",마마6509,to_in_001,"198"
"2024",마마6512,to_in_001,"38"
"2024",마마6513,to_in_001,"163"
"2024",마마6514,to_in_001,"53"
"2024",마마6515,to_in_001,"62"
"2024",마마6516,to_in_001,"77"
"2024",마마6517,to_in_001,"30"
"2024",마마6518,to_in_001,"18"
"2024",마마6519,to_in_001,"84"
"2024",마마6520,to_in_001,"73"
"2024",마마6521,to_in_001,"33"
"2024",마마6522,to_in_001,"0"
"2024",마마6524,to_in_001,"23"
"2024",마마6525,to_in_001,"58"
"2024",마마6526,to_in_001,"11996"
"2024",마마6527,to_in_001,"30076"
"2024",마마6528,to_in_001,"13777"
"2024",마마6529,to_in_001,"7068"
"2024",마마6530,to_in_001,"14035"
"2024",마마6531,to_in_001,"10833"
"2024",마마6532,to_in_001,"1177"
"2024",마마6533,to_in_001,"1043"
"2024",마마6534,to_in_001,"33"
"2024",마마6535,to_in_001,"28"
"2024",마마6536,to_in_001,"5"
"2024",마마6537,to_in_001,"73"
"2024",마마6538,to_in_001,"5381"
"2024",마마6539,to_in_001,"13298"
"2024",마마6540,to_in_001,"613"
"2024",마마6541,to_in_001,"38"
"2024",마마6542,to_in_001,"161"
"2024",마마6543,to_in_001,"7104"
"2024",마마6544,to_in_001,"160"
"2024",마마6545,to_in_001,"43"
"2024",마마6546,to_in_001,"897"
"2024",마마6547,to_in_001,"2163"
"2024",마마6548,to_in_001,"1166"
"2024",마마6549,to_in_001,"289"
"2024",마마6550,to_in_001,"223"
"2024",마마6551,to_in_001,"208"
"2024",마마6552,to_in_001,"223"
"2024",마마6553,to_in_001,"218"
"2024",마마6554,to_in_001,"243"
"2024",마마6555,to_in_001,"463"
"2024",마마6556,to_in_001,"41"
"2024",마마6559,to_in_001,"5"
"2024",마마6560,to_in_001,"8"
"2024",마마6566,to_in_001,"8"
"2024",마마6573,to_in_001,"33"
"2024",마마6574,to_in_001,"53"
"2024",마마6575,to_in_001,"38"
"2024",마마6576,to_in_001,"13"
"2024",마마6577,to_in_001,"236"
"2024",마마6578,to_in_001,"605"
"2024",마마6579,to_in_001,"23"
"2024",마마6580,to_in_001,"10558"
"2024",마마6581,to_in_001,"2747"
"2024",마마6582,to_in_001,"6467"
"2024",마마6583,to_in_001,"4941"
"2024",마마6584,to_in_001,"13"
"2024",마마6585,to_in_001,"23"
"2024",마마6586,to_in_001,"142"
"2024",마마6587,to_in_001,"3984"
"2024",마마6588,to_in_001,"4271"
"2024",마마6589,to_in_001,"3463"
"2024",마마6590,to_in_001,"8357"
"2024",마마6591,to_in_001,"1897"
"2024",마마6592,to_in_001,"2892"
"2024",마마6593,to_in_001,"173"
"2024",마마6594,to_in_001,"118"
"2024",마마6595,to_in_001,"69"
"2024",마마6596,to_in_001,"28"
"2024",마마6597,to_in_001,"8"
"2024",마마6598,to_in_001,"69"
"2024",마마6599,to_in_001,"43"
"2024",마마6607,to_in_001,"183"
"2024",마마6608,to_in_001,"969"
"2024",마마6609,to_in_001,"23"
"2024",마마6611,to_in_001,"283"
"2024",마마6612,to_in_001,"38"
"2024",마마6613,to_in_001,"88"
"2024",마마6614,to_in_001,"38"
"2024",마마6615,to_in_001,"24"
"2024",마마6616,to_in_001,"87"
"2024",마마6617,to_in_001,"8"
"2024",마마6618,to_in_001,"5"
"2024",마마6619,to_in_001,"36"
"2024",마마6620,to_in_001,"54"
"2024",마마6621,to_in_001,"13"
"2024",마마6622,to_in_001,"6"
"2024",마마6625,to_in_001,"1907"
"2024",마마6626,to_in_001,"8458"
"2024",마마6627,to_in_001,"9367"
"2024",마마6628,to_in_001,"11209"
"2024",마마6629,to_in_001,"14703"
"2024",마마6630,to_in_001,"11813"
"2024",마마6631,to_in_001,"18146"
"2024",마마6632,to_in_001,"7375"
"2024",마마6633,to_in_001,"3206"
"2024",마마6634,to_in_001,"312"
"2024",마마6635,to_in_001,"33"
"2024",마마6636,to_in_001,"38"
"2024",마마6637,to_in_001,"223"
"2024",마마6638,to_in_001,"13185"
"2024",마마6639,to_in_001,"1249"
"2024",마마6640,to_in_001,"1561"
"2024",마마6641,to_in_001,"1337"
"2024",마마6642,to_in_001,"4813"
"2024",마마6643,to_in_001,"2065"
"2024",마마6644,to_in_001,"803"
"2024",마마6645,to_in_001,"43"
"2024",마마6646,to_in_001,"38"
"2024",마마6647,to_in_001,"33"
"2024",마마6648,to_in_001,"1615"
"2024",마마6649,to_in_001,"18"
"2024",마마6650,to_in_001,"5"
"2024",마마6651,to_in_001,"5"
"2024",마마6652,to_in_001,"28"
"2024",마마6653,to_in_001,"13"
"2024",마마6654,to_in_001,"33"
"2024",마마6655,to_in_001,"68"
"2024",마마6660,to_in_001,"38"
"2024",마마6669,to_in_001,"5"
"2024",마마6673,to_in_001,"0"
"2024",마마6674,to_in_001,"33"
"2024",마마6675,to_in_001,"148"
"2024",마마6676,to_in_001,"43"
"2024",마마6677,to_in_001,"68"
"2024",마마6678,to_in_001,"3212"
"2024",마마6679,to_in_001,"11337"
"2024",마마6680,to_in_001,"7180"
"2024",마마6681,to_in_001,"8178"
"2024",마마6682,to_in_001,"13442"
"2024",마마6683,to_in_001,"5973"
"2024",마마6684,to_in_001,"7816"
"2024",마마6685,to_in_001,"1167"
"2024",마마6686,to_in_001,"75"
"2024",마마6687,to_in_001,"69"
"2024",마마6688,to_in_001,"178"
"2024",마마6689,to_in_001,"53"
"2024",마마6690,to_in_001,"679"
"2024",마마6691,to_in_001,"5219"
"2024",마마6692,to_in_001,"1740"
"2024",마마6693,to_in_001,"298"
"2024",마마6694,to_in_001,"78"
"2024",마마6695,to_in_001,"133"
"2024",마마6696,to_in_001,"13"
"2024",마마6697,to_in_001,"128"
"2024",마마6698,to_in_001,"48"
"2024",마마6699,to_in_001,"5"
"2024",마마6707,to_in_001,"28"
"2024",마마6708,to_in_001,"408"
"2024",마마6709,to_in_001,"28"
"2024",마마6710,to_in_001,"18"
"2024",마마6711,to_in_001,"2656"
"2024",마마6712,to_in_001,"403"
"2024",마마6713,to_in_001,"13"
"2024",마마6714,to_in_001,"14"
"2024",마마6715,to_in_001,"13"
"2024",마마6720,to_in_001,"18"
"2024",마마6721,to_in_001,"13"
"2024",마마6722,to_in_001,"8"
"2024",마마6724,to_in_001,"8"
"2024",마마6725,to_in_001,"19"
"2024",마마6726,to_in_001,"150"
"2024",마마6727,to_in_001,"905"
"2024",마마6728,to_in_001,"5692"
"2024",마마6729,to_in_001,"10476"
"2024",마마6730,to_in_001,"16748"
"2024",마마6731,to_in_001,"13317"
"2024",마마6732,to_in_001,"8952"
"2024",마마6733,to_in_001,"7817"
"2024",마마6734,to_in_001,"439"
"2024",마마6735,to_in_001,"13"
"2024",마마6736,to_in_001,"98"
"2024",마마6737,to_in_001,"131"
"2024",마마6738,to_in_001,"7456"
"2024",마마6739,to_in_001,"8727"
"2024",마마6740,to_in_001,"16553"
"2024",마마6741,to_in_001,"9760"
"2024",마마6742,to_in_001,"154"
"2024",마마6743,to_in_001,"5"
"2024",마마6744,to_in_001,"44"
"2024",마마6745,to_in_001,"18"
"2024",마마6746,to_in_001,"5"
"2024",마마6749,to_in_001,"5"
"2024",마마6752,to_in_001,"0"
"2024",마마6753,to_in_001,"23"
"2024",마마6754,to_in_001,"0"
"2024",마마6756,to_in_001,"5"
"2024",마마6757,to_in_001,"0"
"2024",마마6759,to_in_001,"8"
"2024",마마6761,to_in_001,"23"
"2024",마마6762,to_in_001,"8"
"2024",마마6769,to_in_001,"5"
"2024",마마6770,to_in_001,"5"
"2024",마마6771,to_in_001,"5"
"2024",마마6773,to_in_001,"5"
"2024",마마6774,to_in_001,"63"
"2024",마마6775,to_in_001,"73"
"2024",마마6776,to_in_001,"280"
"2024",마마6777,to_in_001,"1120"
"2024",마마6778,to_in_001,"372"
"2024",마마6779,to_in_001,"1112"
"2024",마마6780,to_in_001,"3477"
"2024",마마6781,to_in_001,"10113"
"2024",마마6782,to_in_001,"10580"
"2024",마마6783,to_in_001,"7394"
"2024",마마6784,to_in_001,"7237"
"2024",마마6785,to_in_001,"10058"
"2024",마마6786,to_in_001,"3647"
"2024",마마6787,to_in_001,"365"
"2024",마마6788,to_in_001,"5"
"2024",마마6789,to_in_001,"33"
"2024",마마6790,to_in_001,"23"
"2024",마마6791,to_in_001,"127"
"2024",마마6792,to_in_001,"5"
"2024",마마6793,to_in_001,"53"
"2024",마마6794,to_in_001,"68"
"2024",마마6795,to_in_001,"48"
"2024",마마6797,to_in_001,"33"
"2024",마마6798,to_in_001,"58"
"2024",마마6808,to_in_001,"413"
"2024",마마6809,to_in_001,"178"
"2024",마마6810,to_in_001,"13"
"2024",마마6812,to_in_001,"5"
"2024",마마6815,to_in_001,"11"
"2024",마마6816,to_in_001,"32"
"2024",마마6817,to_in_001,"5"
"2024",마마6821,to_in_001,"18"
"2024",마마6822,to_in_001,"8"
"2024",마마6826,to_in_001,"5"
"2024",마마6827,to_in_001,"18"
"2024",마마6828,to_in_001,"23"
"2024",마마6829,to_in_001,"3452"
"2024",마마6830,to_in_001,"7724"
"2024",마마6831,to_in_001,"948"
"2024",마마6832,to_in_001,"113"
"2024",마마6833,to_in_001,"3634"
"2024",마마6834,to_in_001,"10155"
"2024",마마6835,to_in_001,"4961"
"2024",마마6836,to_in_001,"198"
"2024",마마6837,to_in_001,"3277"
"2024",마마6838,to_in_001,"4768"
"2024",마마6839,to_in_001,"14321"
"2024",마마6840,to_in_001,"3893"
"2024",마마6841,to_in_001,"309"
"2024",마마6853,to_in_001,"8"
"2024",마마6854,to_in_001,"0"
"2024",마마6855,to_in_001,"8"
"2024",마마6856,to_in_001,"5"
"2024",마마6857,to_in_001,"48"
"2024",마마6859,to_in_001,"38"
"2024",마마6860,to_in_001,"13"
"2024",마마6862,to_in_001,"0"
"2024",마마6871,to_in_001,"8"
"2024",마마6873,to_in_001,"38"
"2024",마마6874,to_in_001,"35"
"2024",마마6875,to_in_001,"65"
"2024",마마6876,to_in_001,"143"
"2024",마마6877,to_in_001,"947"
"2024",마마6878,to_in_001,"85"
"2024",마마6879,to_in_001,"0"
"2024",마마6880,to_in_001,"178"
"2024",마마6881,to_in_001,"8949"
"2024",마마6882,to_in_001,"11371"
"2024",마마6883,to_in_001,"7636"
"2024",마마6884,to_in_001,"5221"
"2024",마마6885,to_in_001,"5851"
"2024",마마6886,to_in_001,"21462"
"2024",마마6887,to_in_001,"16944"
"2024",마마6888,to_in_001,"8"
"2024",마마6889,to_in_001,"28"
"2024",마마6890,to_in_001,"138"
"2024",마마6891,to_in_001,"38"
"2024",마마6892,to_in_001,"8"
"2024",마마6893,to_in_001,"215"
"2024",마마6894,to_in_001,"98"
"2024",마마6895,to_in_001,"0"
"2024",마마6896,to_in_001,"53"
"2024",마마6897,to_in_001,"13"
"2024",마마6898,to_in_001,"43"
"2024",마마6908,to_in_001,"8"
"2024",마마6914,to_in_001,"5"
"2024",마마6916,to_in_001,"13"
"2024",마마6918,to_in_001,"0"
"2024",마마6920,to_in_001,"8"
"2024",마마6924,to_in_001,"258"
"2024",마마6925,to_in_001,"79"
"2024",마마6926,to_in_001,"0"
"2024",마마6930,to_in_001,"376"
"2024",마마6931,to_in_001,"593"
"2024",마마6932,to_in_001,"155"
"2024",마마6933,to_in_001,"6029"
"2024",마마6934,to_in_001,"7354"
"2024",마마6935,to_in_001,"11943"
"2024",마마6936,to_in_001,"1195"
"2024",마마6937,to_in_001,"58"
"2024",마마6938,to_in_001,"8"
"2024",마마6939,to_in_001,"8"
"2024",마마6940,to_in_001,"5"
"2024",마마6941,to_in_001,"8"
"2024",마마6943,to_in_001,"8"
"2024",마마6944,to_in_001,"5"
"2024",마마6950,to_in_001,"28"
"2024",마마6951,to_in_001,"5"
"2024",마마6955,to_in_001,"13"
"2024",마마6956,to_in_001,"43"
"2024",마마6957,to_in_001,"5"
"2024",마마6959,to_in_001,"8"
"2024",마마6966,to_in_001,"0"
"2024",마마6968,to_in_001,"5"
"2024",마마6969,to_in_001,"43"
"2024",마마6971,to_in_001,"28"
"2024",마마6972,to_in_001,"5"
"2024",마마6973,to_in_001,"5"
"2024",마마6974,to_in_001,"30"
"2024",마마6975,to_in_001,"5"
"2024",마마6977,to_in_001,"5"
"2024",마마6978,to_in_001,"65"
"2024",마마6979,to_in_001,"8"
"2024",마마6982,to_in_001,"2001"
"2024",마마6983,to_in_001,"3272"
"2024",마마6984,to_in_001,"582"
"2024",마마6985,to_in_001,"103"
"2024",마마6986,to_in_001,"2594"
"2024",마마6987,to_in_001,"12224"
"2024",마마6988,to_in_001,"8490"
"2024",마마6989,to_in_001,"12545"
"2024",마마6990,to_in_001,"624"
"2024",마마6991,to_in_001,"13"
"2024",마마6992,to_in_001,"68"
"2024",마마6993,to_in_001,"8"
"2024",마마6994,to_in_001,"13"
"2024",마마6995,to_in_001,"13"
"2024",마마6996,to_in_001,"5"
"2024",마마6997,to_in_001,"71"
"2024",마마6998,to_in_001,"8"
"2024",마마6999,to_in_001,"73"
"2024",마마7020,to_in_001,"5"
"2024",마마7024,to_in_001,"655"
"2024",마마7025,to_in_001,"23"
"2024",마마7028,to_in_001,"48"
"2024",마마7029,to_in_001,"3392"
"2024",마마7030,to_in_001,"4244"
"2024",마마7031,to_in_001,"2435"
"2024",마마7032,to_in_001,"18"
"2024",마마7033,to_in_001,"18"
"2024",마마7045,to_in_001,"0"
"2024",마마7047,to_in_001,"18"
"2024",마마7048,to_in_001,"33"
"2024",마마7049,to_in_001,"38"
"2024",마마7050,to_in_001,"8"
"2024",마마7051,to_in_001,"43"
"2024",마마7055,to_in_001,"13"
"2024",마마7056,to_in_001,"128"
"2024",마마7057,to_in_001,"53"
"2024",마마7066,to_in_001,"5"
"2024",마마7072,to_in_001,"53"
"2024",마마7073,to_in_001,"467"
"2024",마마7074,to_in_001,"8"
"2024",마마7075,to_in_001,"0"
"2024",마마7076,to_in_001,"5"
"2024",마마7078,to_in_001,"737"
"2024",마마7079,to_in_001,"34"
"2024",마마7086,to_in_001,"53"
"2024",마마7087,to_in_001,"7615"
"2024",마마7088,to_in_001,"5285"
"2024",마마7089,to_in_001,"13801"
"2024",마마7090,to_in_001,"18"
"2024",마마7091,to_in_001,"3002"
"2024",마마7092,to_in_001,"58"
"2024",마마7094,to_in_001,"38"
"2024",마마7095,to_in_001,"275"
"2024",마마7096,to_in_001,"128"
"2024",마마7097,to_in_001,"133"
"2024",마마7098,to_in_001,"138"
"2024",마마7099,to_in_001,"253"
"2024",마마7124,to_in_001,"18"
"2024",마마7127,to_in_001,"4251"
"2024",마마7128,to_in_001,"6770"
"2024",마마7129,to_in_001,"1803"
"2024",마마7133,to_in_001,"5"
"2024",마마7142,to_in_001,"28"
"2024",마마7143,to_in_001,"78"
"2024",마마7144,to_in_001,"63"
"2024",마마7145,to_in_001,"38"
"2024",마마7146,to_in_001,"8"
"2024",마마7147,to_in_001,"13"
"2024",마마7148,to_in_001,"0"
"2024",마마7149,to_in_001,"58"
"2024",마마7150,to_in_001,"18"
"2024",마마7151,to_in_001,"38"
"2024",마마7156,to_in_001,"23"
"2024",마마7157,to_in_001,"23"
"2024",마마7159,to_in_001,"28"
"2024",마마7161,to_in_001,"13"
"2024",마마7166,to_in_001,"38"
"2024",마마7167,to_in_001,"5"
"2024",마마7169,to_in_001,"23"
"2024",마마7170,to_in_001,"128"
"2024",마마7171,to_in_001,"33"
"2024",마마7172,to_in_001,"108"
"2024",마마7173,to_in_001,"1049"
"2024",마마7174,to_in_001,"602"
"2024",마마7175,to_in_001,"11108"
"2024",마마7176,to_in_001,"14219"
"2024",마마7177,to_in_001,"5990"
"2024",마마7178,to_in_001,"2794"
"2024",마마7179,to_in_001,"769"
"2024",마마7187,to_in_001,"585"
"2024",마마7188,to_in_001,"2147"
"2024",마마7189,to_in_001,"11729"
"2024",마마7190,to_in_001,"13"
"2024",마마7191,to_in_001,"5"
"2024",마마7192,to_in_001,"8"
"2024",마마7193,to_in_001,"51"
"2024",마마7225,to_in_001,"14"
"2024",마마7226,to_in_001,"516"
"2024",마마7227,to_in_001,"1130"
"2024",마마7230,to_in_001,"5"
"2024",마마7231,to_in_001,"5"
"2024",마마7232,to_in_001,"0"
"2024",마마7233,to_in_001,"0"
"2024",마마7241,to_in_001,"38"
"2024",마마7242,to_in_001,"198"
"2024",마마7243,to_in_001,"23"
"2024",마마7244,to_in_001,"8"
"2024",마마7247,to_in_001,"53"
"2024",마마7248,to_in_001,"13"
"2024",마마7249,to_in_001,"8"
"2024",마마7250,to_in_001,"8"
"2024",마마7251,to_in_001,"23"
"2024",마마7252,to_in_001,"8"
"2024",마마7256,to_in_001,"33"
"2024",마마7257,to_in_001,"33"
"2024",마마7258,to_in_001,"23"
"2024",마마7259,to_in_001,"13"
"2024",마마7260,to_in_001,"53"
"2024",마마7261,to_in_001,"78"
"2024",마마7262,to_in_001,"18"
"2024",마마7267,to_in_001,"13"
"2024",마마7268,to_in_001,"5"
"2024",마마7272,to_in_001,"8"
"2024",마마7273,to_in_001,"1266"
"2024",마마7274,to_in_001,"3812"
"2024",마마7275,to_in_001,"3348"
"2024",마마7276,to_in_001,"7205"
"2024",마마7277,to_in_001,"6968"
"2024",마마7278,to_in_001,"133"
"2024",마마7279,to_in_001,"1548"
"2024",마마7287,to_in_001,"109"
"2024",마마7288,to_in_001,"80"
"2024",마마7289,to_in_001,"722"
"2024",마마7290,to_in_001,"5"
"2024",마마7291,to_in_001,"8"
"2024",마마7292,to_in_001,"13"
"2024",마마7321,to_in_001,"1989"
"2024",마마7322,to_in_001,"16388"
"2024",마마7323,to_in_001,"3487"
"2024",마마7324,to_in_001,"3831"
"2024",마마7327,to_in_001,"60"
"2024",마마7328,to_in_001,"18"
"2024",마마7329,to_in_001,"0"
"2024",마마7331,to_in_001,"5"
"2024",마마7333,to_in_001,"5"
"2024",마마7334,to_in_001,"5"
"2024",마마7335,to_in_001,"5"
"2024",마마7336,to_in_001,"73"
"2024",마마7340,to_in_001,"83"
"2024",마마7341,to_in_001,"218"
"2024",마마7342,to_in_001,"28"
"2024",마마7343,to_in_001,"88"
"2024",마마7344,to_in_001,"18"
"2024",마마7345,to_in_001,"5"
"2024",마마7346,to_in_001,"93"
"2024",마마7347,to_in_001,"93"
"2024",마마7348,to_in_001,"68"
"2024",마마7349,to_in_001,"58"
"2024",마마7352,to_in_001,"0"
"2024",마마7353,to_in_001,"38"
"2024",마마7354,to_in_001,"18"
"2024",마마7356,to_in_001,"33"
"2024",마마7357,to_in_001,"78"
"2024",마마7358,to_in_001,"88"
"2024",마마7359,to_in_001,"58"
"2024",마마7360,to_in_001,"18"
"2024",마마7361,to_in_001,"18"
"2024",마마7362,to_in_001,"8"
"2024",마마7365,to_in_001,"13"
"2024",마마7373,to_in_001,"8"
"2024",마마7374,to_in_001,"48"
"2024",마마7375,to_in_001,"496"
"2024",마마7376,to_in_001,"163"
"2024",마마7378,to_in_001,"33"
"2024",마마7379,to_in_001,"579"
"2024",마마7390,to_in_001,"148"
"2024",마마7391,to_in_001,"217"
"2024",마마7392,to_in_001,"163"
"2024",마마7422,to_in_001,"10216"
"2024",마마7423,to_in_001,"21584"
"2024",마마7424,to_in_001,"13960"
"2024",마마7425,to_in_001,"24221"
"2024",마마7426,to_in_001,"10161"
"2024",마마7427,to_in_001,"13951"
"2024",마마7428,to_in_001,"3112"
"2024",마마7429,to_in_001,"12055"
"2024",마마7430,to_in_001,"33"
"2024",마마7431,to_in_001,"8"
"2024",마마7433,to_in_001,"38"
"2024",마마7434,to_in_001,"53"
"2024",마마7435,to_in_001,"129"
"2024",마마7436,to_in_001,"163"
"2024",마마7437,to_in_001,"58"
"2024",마마7438,to_in_001,"8"
"2024",마마7439,to_in_001,"8"
"2024",마마7440,to_in_001,"38"
"2024",마마7441,to_in_001,"23"
"2024",마마7442,to_in_001,"58"
"2024",마마7443,to_in_001,"158"
"2024",마마7444,to_in_001,"8"
"2024",마마7445,to_in_001,"8"
"2024",마마7446,to_in_001,"5"
"2024",마마7449,to_in_001,"8"
"2024",마마7452,to_in_001,"8"
"2024",마마7453,to_in_001,"128"
"2024",마마7454,to_in_001,"63"
"2024",마마7455,to_in_001,"8"
"2024",마마7456,to_in_001,"63"
"2024",마마7457,to_in_001,"88"
"2024",마마7458,to_in_001,"48"
"2024",마마7459,to_in_001,"38"
"2024",마마7460,to_in_001,"48"
"2024",마마7461,to_in_001,"58"
"2024",마마7462,to_in_001,"0"
"2024",마마7463,to_in_001,"13"
"2024",마마7464,to_in_001,"38"
"2024",마마7465,to_in_001,"8"
"2024",마마7469,to_in_001,"0"
"2024",마마7474,to_in_001,"48"
"2024",마마7475,to_in_001,"91"
"2024",마마7476,to_in_001,"13"
"2024",마마7477,to_in_001,"8"
"2024",마마7478,to_in_001,"1379"
"2024",마마7479,to_in_001,"18"
"2024",마마7522,to_in_001,"690"
"2024",마마7523,to_in_001,"2494"
"2024",마마7524,to_in_001,"178"
"2024",마마7525,to_in_001,"1352"
"2024",마마7526,to_in_001,"3166"
"2024",마마7527,to_in_001,"9472"
"2024",마마7528,to_in_001,"1306"
"2024",마마7529,to_in_001,"3736"
"2024",마마7530,to_in_001,"0"
"2024",마마7532,to_in_001,"5"
"2024",마마7533,to_in_001,"53"
"2024",마마7535,to_in_001,"33"
"2024",마마7536,to_in_001,"63"
"2024",마마7537,to_in_001,"8"
"2024",마마7538,to_in_001,"4752"
"2024",마마7539,to_in_001,"7550"
"2024",마마7540,to_in_001,"196"
"2024",마마7542,to_in_001,"108"
"2024",마마7543,to_in_001,"153"
"2024",마마7545,to_in_001,"53"
"2024",마마7546,to_in_001,"33"
"2024",마마7547,to_in_001,"5"
"2024",마마7549,to_in_001,"5"
"2024",마마7550,to_in_001,"53"
"2024",마마7551,to_in_001,"18"
"2024",마마7553,to_in_001,"18"
"2024",마마7554,to_in_001,"8"
"2024",마마7555,to_in_001,"133"
"2024",마마7556,to_in_001,"494"
"2024",마마7557,to_in_001,"18"
"2024",마마7558,to_in_001,"28"
"2024",마마7560,to_in_001,"5"
"2024",마마7561,to_in_001,"33"
"2024",마마7566,to_in_001,"0"
"2024",마마7568,to_in_001,"28"
"2024",마마7570,to_in_001,"18"
"2024",마마7573,to_in_001,"8"
"2024",마마7574,to_in_001,"93"
"2024",마마7575,to_in_001,"36"
"2024",마마7576,to_in_001,"8"
"2024",마마7577,to_in_001,"1663"
"2024",마마7578,to_in_001,"3715"
"2024",마마7630,to_in_001,"8"
"2024",마마7631,to_in_001,"23"
"2024",마마7632,to_in_001,"143"
"2024",마마7633,to_in_001,"158"
"2024",마마7636,to_in_001,"8"
"2024",마마7637,to_in_001,"1237"
"2024",마마7640,to_in_001,"48"
"2024",마마7641,to_in_001,"78"
"2024",마마7642,to_in_001,"138"
"2024",마마7643,to_in_001,"13"
"2024",마마7644,to_in_001,"98"
"2024",마마7645,to_in_001,"133"
"2024",마마7646,to_in_001,"78"
"2024",마마7647,to_in_001,"5"
"2024",마마7648,to_in_001,"53"
"2024",마마7649,to_in_001,"13"
"2024",마마7650,to_in_001,"13"
"2024",마마7651,to_in_001,"8"
"2024",마마7652,to_in_001,"0"
"2024",마마7653,to_in_001,"38"
"2024",마마7654,to_in_001,"8"
"2024",마마7655,to_in_001,"696"
"2024",마마7656,to_in_001,"78"
"2024",마마7657,to_in_001,"28"
"2024",마마7658,to_in_001,"58"
"2024",마마7659,to_in_001,"5"
"2024",마마7665,to_in_001,"5"
"2024",마마7666,to_in_001,"13"
"2024",마마7667,to_in_001,"33"
"2024",마마7668,to_in_001,"23"
"2024",마마7669,to_in_001,"5"
"2024",마마7670,to_in_001,"18"
"2024",마마7674,to_in_001,"60"
"2024",마마7675,to_in_001,"8"
"2024",마마7676,to_in_001,"183"
"2024",마마7677,to_in_001,"108"
"2024",마마7678,to_in_001,"128"
"2024",마마7679,to_in_001,"183"
"2024",마마7680,to_in_001,"8"
"2024",마마7729,to_in_001,"23"
"2024",마마7730,to_in_001,"394"
"2024",마마7731,to_in_001,"283"
"2024",마마7733,to_in_001,"198"
"2024",마마7734,to_in_001,"58"
"2024",마마7735,to_in_001,"83"
"2024",마마7736,to_in_001,"403"
"2024",마마7737,to_in_001,"18"
"2024",마마7742,to_in_001,"168"
"2024",마마7743,to_in_001,"522"
"2024",마마7744,to_in_001,"368"
"2024",마마7745,to_in_001,"141"
"2024",마마7746,to_in_001,"136"
"2024",마마7747,to_in_001,"178"
"2024",마마7748,to_in_001,"58"
"2024",마마7751,to_in_001,"118"
"2024",마마7752,to_in_001,"23"
"2024",마마7753,to_in_001,"63"
"2024",마마7755,to_in_001,"68"
"2024",마마7756,to_in_001,"48"
"2024",마마7757,to_in_001,"5"
"2024",마마7759,to_in_001,"53"
"2024",마마7760,to_in_001,"8"
"2024",마마7767,to_in_001,"101"
"2024",마마7768,to_in_001,"53"
"2024",마마7769,to_in_001,"28"
"2024",마마7770,to_in_001,"0"
"2024",마마7771,to_in_001,"5"
"2024",마마7772,to_in_001,"53"
"2024",마마7773,to_in_001,"28"
"2024",마마7774,to_in_001,"33"
"2024",마마7775,to_in_001,"0"
"2024",마마7778,to_in_001,"38"
"2024",마마7780,to_in_001,"64"
"2024",마마7781,to_in_001,"8"
"2024",마마7844,to_in_001,"190"
"2024",마마7845,to_in_001,"426"
"2024",마마7846,to_in_001,"1295"
"2024",마마7850,to_in_001,"8"
"2024",마마7851,to_in_001,"38"
"2024",마마7852,to_in_001,"98"
"2024",마마7855,to_in_001,"43"
"2024",마마7856,to_in_001,"38"
"2024",마마7859,to_in_001,"0"
"2024",마마7861,to_in_001,"13"
"2024",마마7867,to_in_001,"5"
"2024",마마7868,to_in_001,"5"
"2024",마마7869,to_in_001,"23"
"2024",마마7870,to_in_001,"38"
"2024",마마7871,to_in_001,"48"
"2024",마마7872,to_in_001,"103"
"2024",마마7873,to_in_001,"28"
"2024",마마7875,to_in_001,"5"
"2024",마마7877,to_in_001,"13"
"2024",마마7878,to_in_001,"645"
"2024",마마7881,to_in_001,"73"
"2024",마마7950,to_in_001,"88"
"2024",마마7951,to_in_001,"323"
"2024",마마7952,to_in_001,"168"
"2024",마마7953,to_in_001,"93"
"2024",마마7955,to_in_001,"108"
"2024",마마7956,to_in_001,"158"
"2024",마마7957,to_in_001,"188"
"2024",마마7958,to_in_001,"13"
"2024",마마7959,to_in_001,"18"
"2024",마마7961,to_in_001,"33"
"2024",마마7965,to_in_001,"8"
"2024",마마7967,to_in_001,"148"
"2024",마마7968,to_in_001,"213"
"2024",마마7969,to_in_001,"38"
"2024",마마7971,to_in_001,"58"
"2024",마마7972,to_in_001,"43"
"2024",마마7973,to_in_001,"8"
"2024",마마7975,to_in_001,"13"
"2024",마마7977,to_in_001,"60"
"2024",마마7978,to_in_001,"123"
"2024",마마7981,to_in_001,"58"
"2024",마마7982,to_in_001,"8"
"2024",마마8052,to_in_001,"43"
"2024",마마8053,to_in_001,"103"
"2024",마마8054,to_in_001,"78"
"2024",마마8055,to_in_001,"173"
"2024",마마8056,to_in_001,"103"
"2024",마마8057,to_in_001,"148"
"2024",마마8058,to_in_001,"2346"
"2024",마마8059,to_in_001,"23"
"2024",마마8060,to_in_001,"78"
"2024",마마8062,to_in_001,"5"
"2024",마마8066,to_in_001,"48"
"2024",마마8067,to_in_001,"118"
"2024",마마8068,to_in_001,"53"
"2024",마마8069,to_in_001,"18"
"2024",마마8070,to_in_001,"28"
"2024",마마8071,to_in_001,"13"
"2024",마마8072,to_in_001,"66"
"2024",마마8073,to_in_001,"5"
"2024",마마8075,to_in_001,"185"
"2024",마마8076,to_in_001,"5"
"2024",마마8077,to_in_001,"5"
"2024",마마8078,to_in_001,"8"
"2024",마마8079,to_in_001,"13"
"2024",마마8081,to_in_001,"23"
"2024",마마8082,to_in_001,"113"
"2024",마마8083,to_in_001,"144"
"2024",마마8158,to_in_001,"490"
"2024",마마8159,to_in_001,"355"
"2024",마마8160,to_in_001,"118"
"2024",마마8161,to_in_001,"8"
"2024",마마8162,to_in_001,"23"
"2024",마마8166,to_in_001,"288"
"2024",마마8167,to_in_001,"13"
"2024",마마8168,to_in_001,"18"
"2024",마마8169,to_in_001,"48"
"2024",마마8171,to_in_001,"73"
"2024",마마8172,to_in_001,"18"
"2024",마마8173,to_in_001,"8"
"2024",마마8174,to_in_001,"5"
"2024",마마8175,to_in_001,"8"
"2024",마마8177,to_in_001,"5"
"2024",마마8178,to_in_001,"5"
"2024",마마8182,to_in_001,"28"
"2024",마마8184,to_in_001,"48"
"2024",마마8185,to_in_001,"13"
"2024",마마8261,to_in_001,"28"
"2024",마마8262,to_in_001,"361"
"2024",마마8263,to_in_001,"28"
"2024",마마8264,to_in_001,"133"
"2024",마마8265,to_in_001,"5"
"2024",마마8266,to_in_001,"273"
"2024",마마8267,to_in_001,"108"
"2024",마마8268,to_in_001,"138"
"2024",마마8269,to_in_001,"213"
"2024",마마8270,to_in_001,"128"
"2024",마마8271,to_in_001,"83"
"2024",마마8272,to_in_001,"219"
"2024",마마8273,to_in_001,"33"
"2024",마마8275,to_in_001,"18"
"2024",마마8278,to_in_001,"8"
"2024",마마8284,to_in_001,"13"
"2024",마마8286,to_in_001,"23"
"2024",마마8365,to_in_001,"170"
"2024",마마8367,to_in_001,"38"
"2024",마마8368,to_in_001,"23"
"2024",마마8369,to_in_001,"18"
"2024",마마8372,to_in_001,"18"
"2024",마마8373,to_in_001,"148"
"2024",마마8374,to_in_001,"93"
"2024",마마8375,to_in_001,"5"
"2024",마마8377,to_in_001,"38"
"2024",마마8378,to_in_001,"115"
"2024",마마8379,to_in_001,"23"
"2024",마마8382,to_in_001,"0"
"2024",마마8386,to_in_001,"109"
"2024",마마8387,to_in_001,"43"
"2024",마마8474,to_in_001,"123"
"2024",마마8475,to_in_001,"143"
"2024",마마8476,to_in_001,"128"
"2024",마마8477,to_in_001,"245"
"2024",마마8478,to_in_001,"1597"
"2024",마마8479,to_in_001,"1046"
"2024",마마8480,to_in_001,"5"
"2024",마마8481,to_in_001,"0"
"2024",마마8483,to_in_001,"5"
"2024",마마8488,to_in_001,"143"
"2024",마마8489,to_in_001,"128"
"2024",마마8576,to_in_001,"73"
"2024",마마8577,to_in_001,"163"
"2024",마마8578,to_in_001,"406"
"2024",마마8579,to_in_001,"1682"
"2024",마마8580,to_in_001,"13"
"2024",마마8581,to_in_001,"18"
"2024",마마8583,to_in_001,"18"
"2024",마마8586,to_in_001,"46"
"2024",마마8587,to_in_001,"5"
"2024",마마8588,to_in_001,"475"
"2024",마마8589,to_in_001,"163"
"2024",마마8678,to_in_001,"5"
"2024",마마8679,to_in_001,"306"
"2024",마마8680,to_in_001,"293"
"2024",마마8681,to_in_001,"5"
"2024",마마8682,to_in_001,"18"
"2024",마마8683,to_in_001,"5"
"2024",마마8684,to_in_001,"0"
"2024",마마8685,to_in_001,"28"
"2024",마마8686,to_in_001,"63"
"2024",마마8687,to_in_001,"168"
"2024",마마8688,to_in_001,"28"
"2024",마마8780,to_in_001,"98"
"2024",마마8781,to_in_001,"235"
"2024",마마8782,to_in_001,"221"
"2024",마마8783,to_in_001,"168"
"2024",마마8784,to_in_001,"143"
"2024",마마8785,to_in_001,"198"
"2024",마마8786,to_in_001,"8"
