2024,나바6104,in_age_013,5
2024,나바6104,in_age_015,5
2024,나바6104,in_age_043,5
2024,나바6104,in_age_045,5
2024,나바6104,to_in_001,8
2024,나바6104,to_in_007,8
2024,나바6104,to_in_008,0
2024,나바6198,in_age_006,0
2024,나바6198,in_age_009,0
2024,나바6198,in_age_010,5
2024,나바6198,in_age_014,5
2024,나바6198,in_age_015,0
2024,나바6198,in_age_016,0
2024,나바6198,in_age_018,0
2024,나바6198,in_age_036,0
2024,나바6198,in_age_039,0
2024,나바6198,in_age_040,5
2024,나바6198,in_age_044,0
2024,나바6198,in_age_045,0
2024,나바6198,in_age_074,0
2024,나바6198,in_age_076,0
2024,나바6198,in_age_078,0
2024,나바6198,to_in_001,8
2024,나바6198,to_in_007,8
2024,나바6198,to_in_008,5
2024,나바6199,in_age_009,0
2024,나바6199,in_age_013,0
2024,나바6199,in_age_043,0
2024,나바6199,in_age_069,0
2024,나바6199,to_in_001,5
2024,나바6199,to_in_007,0
2024,나바6199,to_in_008,0
2024,나바6298,in_age_013,0
2024,나바6298,in_age_073,0
2024,나바6298,to_in_001,0
2024,나바6298,to_in_007,0
2024,나바6298,to_in_008,0
2024,나바6299,in_age_005,5
2024,나바6299,in_age_011,5
2024,나바6299,in_age_012,5
2024,나바6299,in_age_013,8
2024,나바6299,in_age_014,5
2024,나바6299,in_age_015,8
2024,나바6299,in_age_016,5
2024,나바6299,in_age_017,0
2024,나바6299,in_age_018,0
2024,나바6299,in_age_041,5
2024,나바6299,in_age_042,0
2024,나바6299,in_age_043,0
2024,나바6299,in_age_044,0
2024,나바6299,in_age_045,5
2024,나바6299,in_age_065,5
2024,나바6299,in_age_072,0
2024,나바6299,in_age_073,5
2024,나바6299,in_age_074,0
2024,나바6299,in_age_075,5
2024,나바6299,in_age_076,5
2024,나바6299,in_age_077,0
2024,나바6299,in_age_078,0
2024,나바6299,to_in_001,23
2024,나바6299,to_in_007,13
2024,나바6299,to_in_008,8
2024,나바6399,in_age_013,0
2024,나바6399,in_age_014,0
2024,나바6399,in_age_017,0
2024,나바6399,in_age_044,0
2024,나바6399,in_age_073,0
2024,나바6399,in_age_077,0
2024,나바6399,to_in_001,5
2024,나바6399,to_in_007,0
2024,나바6399,to_in_008,5
2024,나바6593,in_age_002,0
2024,나바6593,in_age_010,0
2024,나바6593,in_age_012,5
2024,나바6593,in_age_014,5
2024,나바6593,in_age_015,0
2024,나바6593,in_age_040,0
2024,나바6593,in_age_042,5
2024,나바6593,in_age_044,0
2024,나바6593,in_age_045,0
2024,나바6593,in_age_062,0
2024,나바6593,in_age_074,0
2024,나바6593,to_in_001,8
2024,나바6593,to_in_007,5
2024,나바6593,to_in_008,5
2024,나바6692,in_age_002,5
2024,나바6692,in_age_003,0
2024,나바6692,in_age_005,5
2024,나바6692,in_age_007,5
2024,나바6692,in_age_008,0
2024,나바6692,in_age_009,5
2024,나바6692,in_age_010,5
2024,나바6692,in_age_011,5
2024,나바6692,in_age_012,5
2024,나바6692,in_age_013,8
2024,나바6692,in_age_014,8
2024,나바6692,in_age_015,8
2024,나바6692,in_age_016,5
2024,나바6692,in_age_017,5
2024,나바6692,in_age_018,5
2024,나바6692,in_age_019,0
2024,나바6692,in_age_032,5
2024,나바6692,in_age_033,0
2024,나바6692,in_age_035,5
2024,나바6692,in_age_037,5
2024,나바6692,in_age_039,0
2024,나바6692,in_age_041,5
2024,나바6692,in_age_042,5
2024,나바6692,in_age_043,5
2024,나바6692,in_age_044,5
2024,나바6692,in_age_045,5
2024,나바6692,in_age_047,0
2024,나바6692,in_age_048,0
2024,나바6692,in_age_062,0
2024,나바6692,in_age_068,0
2024,나바6692,in_age_069,5
2024,나바6692,in_age_070,5
2024,나바6692,in_age_072,5
2024,나바6692,in_age_073,5
2024,나바6692,in_age_074,5
2024,나바6692,in_age_075,5
2024,나바6692,in_age_076,5
2024,나바6692,in_age_077,5
2024,나바6692,in_age_078,0
2024,나바6692,in_age_079,0
2024,나바6692,to_in_001,53
2024,나바6692,to_in_007,28
2024,나바6692,to_in_008,23
2024,나바6797,in_age_009,0
2024,나바6797,in_age_010,0
2024,나바6797,in_age_012,5
2024,나바6797,in_age_013,5
2024,나바6797,in_age_014,0
2024,나바6797,in_age_040,0
2024,나바6797,in_age_042,5
2024,나바6797,in_age_043,0
2024,나바6797,in_age_044,0
2024,나바6797,in_age_069,0
2024,나바6797,in_age_073,0
2024,나바6797,to_in_001,8
2024,나바6797,to_in_007,5
2024,나바6797,to_in_008,5
2024,나바6897,in_age_006,0
2024,나바6897,in_age_014,5
2024,나바6897,in_age_036,0
2024,나바6897,in_age_044,5
2024,나바6897,in_age_074,0
2024,나바6897,to_in_001,5
2024,나바6897,to_in_007,5
2024,나바6897,to_in_008,0
2024,나바7104,in_age_012,0
2024,나바7104,in_age_042,0
2024,나바7104,to_in_001,0
2024,나바7104,to_in_007,0
2024,나바7104,to_in_008,0
2024,나바7153,in_age_012,0
2024,나바7153,in_age_014,0
2024,나바7153,in_age_044,0
2024,나바7153,in_age_072,0
2024,나바7153,to_in_001,5
2024,나바7153,to_in_007,0
2024,나바7153,to_in_008,0
2024,나바7204,in_age_001,5
2024,나바7204,in_age_002,5
2024,나바7204,in_age_003,8
2024,나바7204,in_age_004,8
2024,나바7204,in_age_005,19
2024,나바7204,in_age_006,21
2024,나바7204,in_age_007,42
2024,나바7204,in_age_008,40
2024,나바7204,in_age_009,31
2024,나바7204,in_age_010,13
2024,나바7204,in_age_011,28
2024,나바7204,in_age_012,33
2024,나바7204,in_age_013,33
2024,나바7204,in_age_014,33
2024,나바7204,in_age_015,23
2024,나바7204,in_age_016,13
2024,나바7204,in_age_017,13
2024,나바7204,in_age_018,5
2024,나바7204,in_age_031,5
2024,나바7204,in_age_032,5
2024,나바7204,in_age_033,5
2024,나바7204,in_age_034,8
2024,나바7204,in_age_035,14
2024,나바7204,in_age_036,21
2024,나바7204,in_age_037,39
2024,나바7204,in_age_038,40
2024,나바7204,in_age_039,26
2024,나바7204,in_age_040,13
2024,나바7204,in_age_041,13
2024,나바7204,in_age_042,18
2024,나바7204,in_age_043,13
2024,나바7204,in_age_044,18
2024,나바7204,in_age_045,13
2024,나바7204,in_age_046,8
2024,나바7204,in_age_047,8
2024,나바7204,in_age_048,0
2024,나바7204,in_age_061,0
2024,나바7204,in_age_062,0
2024,나바7204,in_age_063,5
2024,나바7204,in_age_064,5
2024,나바7204,in_age_065,8
2024,나바7204,in_age_066,5
2024,나바7204,in_age_067,5
2024,나바7204,in_age_068,0
2024,나바7204,in_age_069,8
2024,나바7204,in_age_070,5
2024,나바7204,in_age_071,13
2024,나바7204,in_age_072,13
2024,나바7204,in_age_073,18
2024,나바7204,in_age_074,13
2024,나바7204,in_age_075,13
2024,나바7204,in_age_076,8
2024,나바7204,in_age_077,8
2024,나바7204,in_age_078,0
2024,나바7204,to_in_001,351
2024,나바7204,to_in_007,246
2024,나바7204,to_in_008,108
2024,나바7253,in_age_006,0
2024,나바7253,in_age_008,0
2024,나바7253,in_age_009,5
2024,나바7253,in_age_010,5
2024,나바7253,in_age_011,5
2024,나바7253,in_age_012,0
2024,나바7253,in_age_013,5
2024,나바7253,in_age_014,5
2024,나바7253,in_age_015,5
2024,나바7253,in_age_017,5
2024,나바7253,in_age_018,0
2024,나바7253,in_age_036,0
2024,나바7253,in_age_038,0
2024,나바7253,in_age_039,0
2024,나바7253,in_age_040,0
2024,나바7253,in_age_041,5
2024,나바7253,in_age_042,0
2024,나바7253,in_age_043,0
2024,나바7253,in_age_044,5
2024,나바7253,in_age_045,0
2024,나바7253,in_age_047,0
2024,나바7253,in_age_069,0
2024,나바7253,in_age_070,0
2024,나바7253,in_age_073,0
2024,나바7253,in_age_074,0
2024,나바7253,in_age_075,5
2024,나바7253,in_age_077,5
2024,나바7253,in_age_078,0
2024,나바7253,to_in_001,23
2024,나바7253,to_in_007,13
2024,나바7253,to_in_008,8
2024,나바7254,in_age_003,0
2024,나바7254,in_age_004,5
2024,나바7254,in_age_005,5
2024,나바7254,in_age_006,5
2024,나바7254,in_age_008,5
2024,나바7254,in_age_009,0
2024,나바7254,in_age_010,5
2024,나바7254,in_age_011,8
2024,나바7254,in_age_012,5
2024,나바7254,in_age_013,13
2024,나바7254,in_age_014,8
2024,나바7254,in_age_015,8
2024,나바7254,in_age_016,8
2024,나바7254,in_age_017,8
2024,나바7254,in_age_018,5
2024,나바7254,in_age_019,5
2024,나바7254,in_age_033,0
2024,나바7254,in_age_034,5
2024,나바7254,in_age_035,0
2024,나바7254,in_age_036,0
2024,나바7254,in_age_038,0
2024,나바7254,in_age_039,0
2024,나바7254,in_age_040,5
2024,나바7254,in_age_041,5
2024,나바7254,in_age_042,5
2024,나바7254,in_age_043,8
2024,나바7254,in_age_044,8
2024,나바7254,in_age_045,5
2024,나바7254,in_age_046,5
2024,나바7254,in_age_047,5
2024,나바7254,in_age_048,5
2024,나바7254,in_age_049,5
2024,나바7254,in_age_065,0
2024,나바7254,in_age_066,0
2024,나바7254,in_age_068,0
2024,나바7254,in_age_071,5
2024,나바7254,in_age_072,5
2024,나바7254,in_age_073,8
2024,나바7254,in_age_074,8
2024,나바7254,in_age_075,5
2024,나바7254,in_age_076,8
2024,나바7254,in_age_077,8
2024,나바7254,in_age_078,5
2024,나바7254,to_in_001,73
2024,나바7254,to_in_007,43
2024,나바7254,to_in_008,33
2024,나바7753,in_age_012,0
2024,나바7753,in_age_072,0
2024,나바7753,to_in_001,0
2024,나바7753,to_in_007,0
2024,나바7753,to_in_008,0
2024,나바7754,in_age_003,5
2024,나바7754,in_age_005,5
2024,나바7754,in_age_007,5
2024,나바7754,in_age_009,5
2024,나바7754,in_age_010,5
2024,나바7754,in_age_011,5
2024,나바7754,in_age_012,5
2024,나바7754,in_age_013,0
2024,나바7754,in_age_014,8
2024,나바7754,in_age_015,8
2024,나바7754,in_age_016,5
2024,나바7754,in_age_018,5
2024,나바7754,in_age_033,0
2024,나바7754,in_age_035,5
2024,나바7754,in_age_039,5
2024,나바7754,in_age_040,5
2024,나바7754,in_age_041,5
2024,나바7754,in_age_042,0
2024,나바7754,in_age_044,5
2024,나바7754,in_age_045,5
2024,나바7754,in_age_046,5
2024,나바7754,in_age_048,5
2024,나바7754,in_age_063,0
2024,나바7754,in_age_065,0
2024,나바7754,in_age_067,5
2024,나바7754,in_age_070,0
2024,나바7754,in_age_072,0
2024,나바7754,in_age_073,0
2024,나바7754,in_age_074,5
2024,나바7754,in_age_075,5
2024,나바7754,in_age_076,5
2024,나바7754,in_age_078,0
2024,나바7754,to_in_001,38
2024,나바7754,to_in_007,23
2024,나바7754,to_in_008,18
2024,나바7755,in_age_012,5
2024,나바7755,in_age_042,0
2024,나바7755,in_age_072,0
2024,나바7755,to_in_001,5
2024,나바7755,to_in_007,0
2024,나바7755,to_in_008,0
2024,나바7758,in_age_001,0
2024,나바7758,in_age_010,0
2024,나바7758,in_age_011,5
2024,나바7758,in_age_012,5
2024,나바7758,in_age_013,5
2024,나바7758,in_age_014,0
2024,나바7758,in_age_015,5
2024,나바7758,in_age_017,5
2024,나바7758,in_age_031,0
2024,나바7758,in_age_040,0
2024,나바7758,in_age_041,0
2024,나바7758,in_age_043,0
2024,나바7758,in_age_045,5
2024,나바7758,in_age_047,0
2024,나바7758,in_age_071,0
2024,나바7758,in_age_072,5
2024,나바7758,in_age_073,0
2024,나바7758,in_age_074,0
2024,나바7758,in_age_075,0
2024,나바7758,in_age_077,0
2024,나바7758,to_in_001,13
2024,나바7758,to_in_007,8
2024,나바7758,to_in_008,8
2024,나바7759,in_age_007,0
2024,나바7759,in_age_008,5
2024,나바7759,in_age_012,0
2024,나바7759,in_age_013,8
2024,나바7759,in_age_014,8
2024,나바7759,in_age_015,5
2024,나바7759,in_age_016,0
2024,나바7759,in_age_017,8
2024,나바7759,in_age_018,5
2024,나바7759,in_age_019,8
2024,나바7759,in_age_037,0
2024,나바7759,in_age_038,5
2024,나바7759,in_age_042,0
2024,나바7759,in_age_043,5
2024,나바7759,in_age_044,8
2024,나바7759,in_age_047,5
2024,나바7759,in_age_048,5
2024,나바7759,in_age_073,8
2024,나바7759,in_age_074,5
2024,나바7759,in_age_075,5
2024,나바7759,in_age_076,0
2024,나바7759,in_age_077,5
2024,나바7759,in_age_078,0
2024,나바7759,in_age_079,8
2024,나바7759,to_in_001,33
2024,나바7759,to_in_007,18
2024,나바7759,to_in_008,18
2024,나바7760,in_age_006,0
2024,나바7760,in_age_010,5
2024,나바7760,in_age_011,0
2024,나바7760,in_age_013,5
2024,나바7760,in_age_015,5
2024,나바7760,in_age_016,0
2024,나바7760,in_age_019,5
2024,나바7760,in_age_041,0
2024,나바7760,in_age_043,5
2024,나바7760,in_age_045,0
2024,나바7760,in_age_049,5
2024,나바7760,in_age_066,0
2024,나바7760,in_age_070,5
2024,나바7760,in_age_075,5
2024,나바7760,in_age_076,0
2024,나바7760,to_in_001,8
2024,나바7760,to_in_007,8
2024,나바7760,to_in_008,8
2024,나바7762,in_age_001,5
2024,나바7762,in_age_004,5
2024,나바7762,in_age_005,8
2024,나바7762,in_age_006,8
2024,나바7762,in_age_007,8
2024,나바7762,in_age_008,5
2024,나바7762,in_age_009,8
2024,나바7762,in_age_010,0
2024,나바7762,in_age_011,8
2024,나바7762,in_age_012,13
2024,나바7762,in_age_013,13
2024,나바7762,in_age_014,18
2024,나바7762,in_age_015,8
2024,나바7762,in_age_016,8
2024,나바7762,in_age_017,8
2024,나바7762,in_age_018,5
2024,나바7762,in_age_019,5
2024,나바7762,in_age_031,0
2024,나바7762,in_age_034,0
2024,나바7762,in_age_035,8
2024,나바7762,in_age_036,8
2024,나바7762,in_age_037,5
2024,나바7762,in_age_038,5
2024,나바7762,in_age_039,8
2024,나바7762,in_age_041,5
2024,나바7762,in_age_042,8
2024,나바7762,in_age_043,5
2024,나바7762,in_age_044,8
2024,나바7762,in_age_045,8
2024,나바7762,in_age_046,5
2024,나바7762,in_age_048,5
2024,나바7762,in_age_049,0
2024,나바7762,in_age_061,0
2024,나바7762,in_age_064,5
2024,나바7762,in_age_065,0
2024,나바7762,in_age_067,5
2024,나바7762,in_age_068,0
2024,나바7762,in_age_069,0
2024,나바7762,in_age_070,0
2024,나바7762,in_age_071,5
2024,나바7762,in_age_072,5
2024,나바7762,in_age_073,8
2024,나바7762,in_age_074,8
2024,나바7762,in_age_075,5
2024,나바7762,in_age_076,5
2024,나바7762,in_age_077,8
2024,나바7762,in_age_079,5
2024,나바7762,to_in_001,108
2024,나바7762,to_in_007,63
2024,나바7762,to_in_008,48
2024,나바7763,in_age_002,5
2024,나바7763,in_age_003,5
2024,나바7763,in_age_004,0
2024,나바7763,in_age_007,5
2024,나바7763,in_age_009,0
2024,나바7763,in_age_010,0
2024,나바7763,in_age_014,0
2024,나바7763,in_age_017,0
2024,나바7763,in_age_033,5
2024,나바7763,in_age_034,0
2024,나바7763,in_age_037,5
2024,나바7763,in_age_040,0
2024,나바7763,in_age_044,0
2024,나바7763,in_age_062,5
2024,나바7763,in_age_069,0
2024,나바7763,in_age_077,0
2024,나바7763,to_in_001,8
2024,나바7763,to_in_007,8
2024,나바7763,to_in_008,5
2024,나바7764,in_age_005,0
2024,나바7764,in_age_006,0
2024,나바7764,in_age_007,5
2024,나바7764,in_age_008,5
2024,나바7764,in_age_011,5
2024,나바7764,in_age_012,0
2024,나바7764,in_age_013,5
2024,나바7764,in_age_014,5
2024,나바7764,in_age_015,5
2024,나바7764,in_age_035,0
2024,나바7764,in_age_036,0
2024,나바7764,in_age_037,5
2024,나바7764,in_age_038,5
2024,나바7764,in_age_041,0
2024,나바7764,in_age_042,0
2024,나바7764,in_age_043,5
2024,나바7764,in_age_044,0
2024,나바7764,in_age_045,5
2024,나바7764,in_age_068,0
2024,나바7764,in_age_071,0
2024,나바7764,in_age_073,5
2024,나바7764,in_age_074,0
2024,나바7764,to_in_001,23
2024,나바7764,to_in_007,13
2024,나바7764,to_in_008,8
2024,나바7765,in_age_010,0
2024,나바7765,in_age_012,5
2024,나바7765,in_age_013,0
2024,나바7765,in_age_042,0
2024,나바7765,in_age_043,0
2024,나바7765,in_age_070,0
2024,나바7765,in_age_072,0
2024,나바7765,to_in_001,5
2024,나바7765,to_in_007,5
2024,나바7765,to_in_008,5
2024,나바7766,in_age_005,5
2024,나바7766,in_age_010,0
2024,나바7766,in_age_015,0
2024,나바7766,in_age_016,0
2024,나바7766,in_age_018,0
2024,나바7766,in_age_040,0
2024,나바7766,in_age_046,0
2024,나바7766,in_age_048,0
2024,나바7766,in_age_065,5
2024,나바7766,in_age_075,0
2024,나바7766,to_in_001,5
2024,나바7766,to_in_007,5
2024,나바7766,to_in_008,5
2024,나바7853,in_age_003,0
2024,나바7853,in_age_006,5
2024,나바7853,in_age_007,0
2024,나바7853,in_age_008,5
2024,나바7853,in_age_009,0
2024,나바7853,in_age_010,0
2024,나바7853,in_age_011,0
2024,나바7853,in_age_012,5
2024,나바7853,in_age_016,0
2024,나바7853,in_age_017,0
2024,나바7853,in_age_033,0
2024,나바7853,in_age_036,5
2024,나바7853,in_age_037,0
2024,나바7853,in_age_038,5
2024,나바7853,in_age_039,0
2024,나바7853,in_age_040,0
2024,나바7853,in_age_041,0
2024,나바7853,in_age_042,5
2024,나바7853,in_age_046,0
2024,나바7853,in_age_077,0
2024,나바7853,to_in_001,18
2024,나바7853,to_in_007,13
2024,나바7853,to_in_008,0
2024,나바7854,in_age_001,5
2024,나바7854,in_age_002,8
2024,나바7854,in_age_003,8
2024,나바7854,in_age_004,13
2024,나바7854,in_age_005,36
2024,나바7854,in_age_006,93
2024,나바7854,in_age_007,108
2024,나바7854,in_age_008,86
2024,나바7854,in_age_009,69
2024,나바7854,in_age_010,59
2024,나바7854,in_age_011,51
2024,나바7854,in_age_012,71
2024,나바7854,in_age_013,107
2024,나바7854,in_age_014,96
2024,나바7854,in_age_015,53
2024,나바7854,in_age_016,33
2024,나바7854,in_age_017,18
2024,나바7854,in_age_018,5
2024,나바7854,in_age_019,5
2024,나바7854,in_age_031,5
2024,나바7854,in_age_032,5
2024,나바7854,in_age_033,5
2024,나바7854,in_age_034,8
2024,나바7854,in_age_035,31
2024,나바7854,in_age_036,88
2024,나바7854,in_age_037,98
2024,나바7854,in_age_038,76
2024,나바7854,in_age_039,54
2024,나바7854,in_age_040,38
2024,나바7854,in_age_041,23
2024,나바7854,in_age_042,31
2024,나바7854,in_age_043,51
2024,나바7854,in_age_044,43
2024,나바7854,in_age_045,33
2024,나바7854,in_age_046,13
2024,나바7854,in_age_047,13
2024,나바7854,in_age_048,5
2024,나바7854,in_age_062,5
2024,나바7854,in_age_063,5
2024,나바7854,in_age_064,8
2024,나바7854,in_age_065,8
2024,나바7854,in_age_066,8
2024,나바7854,in_age_067,8
2024,나바7854,in_age_068,8
2024,나바7854,in_age_069,13
2024,나바7854,in_age_070,19
2024,나바7854,in_age_071,26
2024,나바7854,in_age_072,38
2024,나바7854,in_age_073,54
2024,나바7854,in_age_074,51
2024,나바7854,in_age_075,18
2024,나바7854,in_age_076,18
2024,나바7854,in_age_077,8
2024,나바7854,in_age_078,5
2024,나바7854,in_age_079,5
2024,나바7854,to_in_001,909
2024,나바7854,to_in_007,606
2024,나바7854,to_in_008,306
2024,나바7855,in_age_001,5
2024,나바7855,in_age_003,0
2024,나바7855,in_age_005,5
2024,나바7855,in_age_006,0
2024,나바7855,in_age_007,5
2024,나바7855,in_age_008,0
2024,나바7855,in_age_011,0
2024,나바7855,in_age_012,5
2024,나바7855,in_age_013,0
2024,나바7855,in_age_014,0
2024,나바7855,in_age_031,5
2024,나바7855,in_age_035,5
2024,나바7855,in_age_036,0
2024,나바7855,in_age_037,5
2024,나바7855,in_age_038,0
2024,나바7855,in_age_042,0
2024,나바7855,in_age_043,0
2024,나바7855,in_age_044,0
2024,나바7855,in_age_063,0
2024,나바7855,in_age_065,0
2024,나바7855,in_age_071,0
2024,나바7855,in_age_072,5
2024,나바7855,to_in_001,18
2024,나바7855,to_in_007,13
2024,나바7855,to_in_008,8
2024,나바7859,in_age_001,5
2024,나바7859,in_age_002,5
2024,나바7859,in_age_004,0
2024,나바7859,in_age_006,8
2024,나바7859,in_age_009,5
2024,나바7859,in_age_010,0
2024,나바7859,in_age_011,5
2024,나바7859,in_age_012,5
2024,나바7859,in_age_013,5
2024,나바7859,in_age_014,5
2024,나바7859,in_age_015,5
2024,나바7859,in_age_016,5
2024,나바7859,in_age_017,0
2024,나바7859,in_age_031,5
2024,나바7859,in_age_034,0
2024,나바7859,in_age_036,5
2024,나바7859,in_age_039,0
2024,나바7859,in_age_041,5
2024,나바7859,in_age_042,5
2024,나바7859,in_age_044,0
2024,나바7859,in_age_045,0
2024,나바7859,in_age_046,5
2024,나바7859,in_age_047,0
2024,나바7859,in_age_062,5
2024,나바7859,in_age_066,5
2024,나바7859,in_age_069,5
2024,나바7859,in_age_070,0
2024,나바7859,in_age_071,0
2024,나바7859,in_age_073,5
2024,나바7859,in_age_074,5
2024,나바7859,in_age_075,5
2024,나바7859,in_age_076,0
2024,나바7859,to_in_001,28
2024,나바7859,to_in_007,13
2024,나바7859,to_in_008,13
2024,나바7860,in_age_001,5
2024,나바7860,in_age_002,5
2024,나바7860,in_age_003,8
2024,나바7860,in_age_004,5
2024,나바7860,in_age_005,8
2024,나바7860,in_age_006,8
2024,나바7860,in_age_007,8
2024,나바7860,in_age_008,8
2024,나바7860,in_age_009,8
2024,나바7860,in_age_010,23
2024,나바7860,in_age_011,23
2024,나바7860,in_age_012,33
2024,나바7860,in_age_013,43
2024,나바7860,in_age_014,58
2024,나바7860,in_age_015,33
2024,나바7860,in_age_016,33
2024,나바7860,in_age_017,33
2024,나바7860,in_age_018,18
2024,나바7860,in_age_019,8
2024,나바7860,in_age_031,5
2024,나바7860,in_age_033,0
2024,나바7860,in_age_035,5
2024,나바7860,in_age_036,8
2024,나바7860,in_age_037,5
2024,나바7860,in_age_038,8
2024,나바7860,in_age_039,8
2024,나바7860,in_age_040,13
2024,나바7860,in_age_041,18
2024,나바7860,in_age_042,13
2024,나바7860,in_age_043,23
2024,나바7860,in_age_044,28
2024,나바7860,in_age_045,18
2024,나바7860,in_age_046,13
2024,나바7860,in_age_047,13
2024,나바7860,in_age_048,8
2024,나바7860,in_age_049,5
2024,나바7860,in_age_062,5
2024,나바7860,in_age_063,5
2024,나바7860,in_age_064,5
2024,나바7860,in_age_065,5
2024,나바7860,in_age_066,5
2024,나바7860,in_age_067,5
2024,나바7860,in_age_068,5
2024,나바7860,in_age_069,5
2024,나바7860,in_age_070,8
2024,나바7860,in_age_071,8
2024,나바7860,in_age_072,18
2024,나바7860,in_age_073,23
2024,나바7860,in_age_074,28
2024,나바7860,in_age_075,18
2024,나바7860,in_age_076,23
2024,나바7860,in_age_077,23
2024,나바7860,in_age_078,13
2024,나바7860,in_age_079,8
2024,나바7860,to_in_001,363
2024,나바7860,to_in_007,173
2024,나바7860,to_in_008,188
2024,나바7861,in_age_003,5
2024,나바7861,in_age_004,0
2024,나바7861,in_age_005,5
2024,나바7861,in_age_006,5
2024,나바7861,in_age_007,5
2024,나바7861,in_age_008,5
2024,나바7861,in_age_009,5
2024,나바7861,in_age_010,5
2024,나바7861,in_age_011,8
2024,나바7861,in_age_012,13
2024,나바7861,in_age_013,5
2024,나바7861,in_age_014,8
2024,나바7861,in_age_015,8
2024,나바7861,in_age_016,5
2024,나바7861,in_age_017,8
2024,나바7861,in_age_018,0
2024,나바7861,in_age_019,5
2024,나바7861,in_age_033,0
2024,나바7861,in_age_035,5
2024,나바7861,in_age_036,5
2024,나바7861,in_age_037,0
2024,나바7861,in_age_039,5
2024,나바7861,in_age_040,5
2024,나바7861,in_age_041,5
2024,나바7861,in_age_042,5
2024,나바7861,in_age_043,5
2024,나바7861,in_age_044,8
2024,나바7861,in_age_045,5
2024,나바7861,in_age_046,5
2024,나바7861,in_age_047,8
2024,나바7861,in_age_063,0
2024,나바7861,in_age_064,0
2024,나바7861,in_age_067,0
2024,나바7861,in_age_068,5
2024,나바7861,in_age_070,0
2024,나바7861,in_age_071,5
2024,나바7861,in_age_072,8
2024,나바7861,in_age_073,5
2024,나바7861,in_age_074,5
2024,나바7861,in_age_075,5
2024,나바7861,in_age_076,5
2024,나바7861,in_age_077,5
2024,나바7861,in_age_078,0
2024,나바7861,in_age_079,5
2024,나바7861,to_in_001,63
2024,나바7861,to_in_007,33
2024,나바7861,to_in_008,28
2024,나바7862,in_age_006,5
2024,나바7862,in_age_007,0
2024,나바7862,in_age_008,5
2024,나바7862,in_age_010,5
2024,나바7862,in_age_011,5
2024,나바7862,in_age_012,5
2024,나바7862,in_age_013,8
2024,나바7862,in_age_014,8
2024,나바7862,in_age_015,5
2024,나바7862,in_age_016,5
2024,나바7862,in_age_017,0
2024,나바7862,in_age_036,5
2024,나바7862,in_age_037,0
2024,나바7862,in_age_038,5
2024,나바7862,in_age_040,0
2024,나바7862,in_age_041,5
2024,나바7862,in_age_042,5
2024,나바7862,in_age_043,5
2024,나바7862,in_age_044,5
2024,나바7862,in_age_045,0
2024,나바7862,in_age_046,0
2024,나바7862,in_age_068,0
2024,나바7862,in_age_070,5
2024,나바7862,in_age_071,5
2024,나바7862,in_age_072,0
2024,나바7862,in_age_073,8
2024,나바7862,in_age_074,5
2024,나바7862,in_age_075,5
2024,나바7862,in_age_076,5
2024,나바7862,in_age_077,0
2024,나바7862,to_in_001,33
2024,나바7862,to_in_007,18
2024,나바7862,to_in_008,18
2024,나바7863,in_age_003,0
2024,나바7863,in_age_006,0
2024,나바7863,in_age_012,8
2024,나바7863,in_age_013,0
2024,나바7863,in_age_036,0
2024,나바7863,in_age_042,5
2024,나바7863,in_age_043,0
2024,나바7863,in_age_063,0
2024,나바7863,in_age_072,5
2024,나바7863,to_in_001,8
2024,나바7863,to_in_007,5
2024,나바7863,to_in_008,5
2024,나바7864,in_age_001,5
2024,나바7864,in_age_002,5
2024,나바7864,in_age_003,8
2024,나바7864,in_age_004,5
2024,나바7864,in_age_005,13
2024,나바7864,in_age_006,18
2024,나바7864,in_age_007,24
2024,나바7864,in_age_008,8
2024,나바7864,in_age_009,18
2024,나바7864,in_age_010,18
2024,나바7864,in_age_011,33
2024,나바7864,in_age_012,18
2024,나바7864,in_age_013,43
2024,나바7864,in_age_014,53
2024,나바7864,in_age_015,58
2024,나바7864,in_age_016,43
2024,나바7864,in_age_017,23
2024,나바7864,in_age_018,13
2024,나바7864,in_age_019,5
2024,나바7864,in_age_031,5
2024,나바7864,in_age_032,5
2024,나바7864,in_age_033,5
2024,나바7864,in_age_034,5
2024,나바7864,in_age_035,8
2024,나바7864,in_age_036,8
2024,나바7864,in_age_037,19
2024,나바7864,in_age_038,5
2024,나바7864,in_age_039,8
2024,나바7864,in_age_040,8
2024,나바7864,in_age_041,18
2024,나바7864,in_age_042,13
2024,나바7864,in_age_043,23
2024,나바7864,in_age_044,18
2024,나바7864,in_age_045,28
2024,나바7864,in_age_046,18
2024,나바7864,in_age_047,13
2024,나바7864,in_age_048,5
2024,나바7864,in_age_049,5
2024,나바7864,in_age_062,0
2024,나바7864,in_age_063,5
2024,나바7864,in_age_064,5
2024,나바7864,in_age_065,0
2024,나바7864,in_age_066,8
2024,나바7864,in_age_067,5
2024,나바7864,in_age_068,5
2024,나바7864,in_age_069,8
2024,나바7864,in_age_070,8
2024,나바7864,in_age_071,13
2024,나바7864,in_age_072,8
2024,나바7864,in_age_073,23
2024,나바7864,in_age_074,38
2024,나바7864,in_age_075,28
2024,나바7864,in_age_076,28
2024,나바7864,in_age_077,13
2024,나바7864,in_age_078,8
2024,나바7864,in_age_079,5
2024,나바7864,to_in_001,399
2024,나바7864,to_in_007,209
2024,나바7864,to_in_008,193
2024,나바7865,in_age_001,5
2024,나바7865,in_age_002,5
2024,나바7865,in_age_003,5
2024,나바7865,in_age_004,0
2024,나바7865,in_age_005,8
2024,나바7865,in_age_006,14
2024,나바7865,in_age_007,19
2024,나바7865,in_age_008,13
2024,나바7865,in_age_009,13
2024,나바7865,in_age_010,13
2024,나바7865,in_age_011,18
2024,나바7865,in_age_012,18
2024,나바7865,in_age_013,23
2024,나바7865,in_age_014,28
2024,나바7865,in_age_015,28
2024,나바7865,in_age_016,13
2024,나바7865,in_age_017,13
2024,나바7865,in_age_018,8
2024,나바7865,in_age_019,0
2024,나바7865,in_age_032,0
2024,나바7865,in_age_033,5
2024,나바7865,in_age_035,8
2024,나바7865,in_age_036,14
2024,나바7865,in_age_037,14
2024,나바7865,in_age_038,8
2024,나바7865,in_age_039,8
2024,나바7865,in_age_040,8
2024,나바7865,in_age_041,13
2024,나바7865,in_age_042,13
2024,나바7865,in_age_043,13
2024,나바7865,in_age_044,13
2024,나바7865,in_age_045,13
2024,나바7865,in_age_046,8
2024,나바7865,in_age_047,5
2024,나바7865,in_age_048,0
2024,나바7865,in_age_049,0
2024,나바7865,in_age_061,5
2024,나바7865,in_age_062,5
2024,나바7865,in_age_063,5
2024,나바7865,in_age_064,0
2024,나바7865,in_age_066,5
2024,나바7865,in_age_067,0
2024,나바7865,in_age_068,5
2024,나바7865,in_age_069,5
2024,나바7865,in_age_070,8
2024,나바7865,in_age_071,5
2024,나바7865,in_age_072,8
2024,나바7865,in_age_073,13
2024,나바7865,in_age_074,18
2024,나바7865,in_age_075,13
2024,나바7865,in_age_076,5
2024,나바7865,in_age_077,8
2024,나바7865,in_age_078,8
2024,나바7865,to_in_001,240
2024,나바7865,to_in_007,145
2024,나바7865,to_in_008,93
2024,나바7866,in_age_002,0
2024,나바7866,in_age_007,0
2024,나바7866,in_age_009,0
2024,나바7866,in_age_010,5
2024,나바7866,in_age_011,5
2024,나바7866,in_age_013,0
2024,나바7866,in_age_014,5
2024,나바7866,in_age_015,5
2024,나바7866,in_age_032,0
2024,나바7866,in_age_037,0
2024,나바7866,in_age_039,0
2024,나바7866,in_age_040,5
2024,나바7866,in_age_041,0
2024,나바7866,in_age_044,0
2024,나바7866,in_age_045,5
2024,나바7866,in_age_071,5
2024,나바7866,in_age_073,0
2024,나바7866,in_age_074,5
2024,나바7866,to_in_001,18
2024,나바7866,to_in_007,13
2024,나바7866,to_in_008,5
2024,나바7954,in_age_002,0
2024,나바7954,in_age_003,8
2024,나바7954,in_age_004,5
2024,나바7954,in_age_005,18
2024,나바7954,in_age_006,34
2024,나바7954,in_age_007,52
2024,나바7954,in_age_008,36
2024,나바7954,in_age_009,41
2024,나바7954,in_age_010,23
2024,나바7954,in_age_011,29
2024,나바7954,in_age_012,23
2024,나바7954,in_age_013,43
2024,나바7954,in_age_014,43
2024,나바7954,in_age_015,38
2024,나바7954,in_age_016,34
2024,나바7954,in_age_017,18
2024,나바7954,in_age_018,5
2024,나바7954,in_age_019,5
2024,나바7954,in_age_020,5
2024,나바7954,in_age_032,0
2024,나바7954,in_age_033,5
2024,나바7954,in_age_034,5
2024,나바7954,in_age_035,18
2024,나바7954,in_age_036,29
2024,나바7954,in_age_037,42
2024,나바7954,in_age_038,36
2024,나바7954,in_age_039,31
2024,나바7954,in_age_040,18
2024,나바7954,in_age_041,19
2024,나바7954,in_age_042,18
2024,나바7954,in_age_043,18
2024,나바7954,in_age_044,18
2024,나바7954,in_age_045,18
2024,나바7954,in_age_046,18
2024,나바7954,in_age_047,8
2024,나바7954,in_age_048,0
2024,나바7954,in_age_049,5
2024,나바7954,in_age_063,5
2024,나바7954,in_age_065,0
2024,나바7954,in_age_066,5
2024,나바7954,in_age_067,8
2024,나바7954,in_age_069,8
2024,나바7954,in_age_070,8
2024,나바7954,in_age_071,8
2024,나바7954,in_age_072,8
2024,나바7954,in_age_073,23
2024,나바7954,in_age_074,28
2024,나바7954,in_age_075,23
2024,나바7954,in_age_076,14
2024,나바7954,in_age_077,8
2024,나바7954,in_age_078,5
2024,나바7954,in_age_079,5
2024,나바7954,in_age_080,5
2024,나바7954,to_in_001,446
2024,나바7954,to_in_007,300
2024,나바7954,to_in_008,149
2024,나바7955,in_age_002,5
2024,나바7955,in_age_005,5
2024,나바7955,in_age_007,8
2024,나바7955,in_age_008,0
2024,나바7955,in_age_009,5
2024,나바7955,in_age_010,0
2024,나바7955,in_age_011,5
2024,나바7955,in_age_012,8
2024,나바7955,in_age_013,8
2024,나바7955,in_age_014,8
2024,나바7955,in_age_015,0
2024,나바7955,in_age_016,5
2024,나바7955,in_age_019,0
2024,나바7955,in_age_032,5
2024,나바7955,in_age_035,0
2024,나바7955,in_age_037,5
2024,나바7955,in_age_038,0
2024,나바7955,in_age_039,0
2024,나바7955,in_age_041,0
2024,나바7955,in_age_042,5
2024,나바7955,in_age_043,5
2024,나바7955,in_age_044,8
2024,나바7955,in_age_045,0
2024,나바7955,in_age_046,0
2024,나바7955,in_age_049,0
2024,나바7955,in_age_065,0
2024,나바7955,in_age_067,5
2024,나바7955,in_age_069,0
2024,나바7955,in_age_070,0
2024,나바7955,in_age_071,0
2024,나바7955,in_age_072,5
2024,나바7955,in_age_073,8
2024,나바7955,in_age_074,5
2024,나바7955,in_age_076,0
2024,나바7955,to_in_001,48
2024,나바7955,to_in_007,28
2024,나바7955,to_in_008,18
2024,나바7956,in_age_005,0
2024,나바7956,in_age_007,0
2024,나바7956,in_age_011,0
2024,나바7956,in_age_012,5
2024,나바7956,in_age_013,5
2024,나바7956,in_age_014,5
2024,나바7956,in_age_016,0
2024,나바7956,in_age_017,0
2024,나바7956,in_age_042,0
2024,나바7956,in_age_043,0
2024,나바7956,in_age_044,0
2024,나바7956,in_age_065,0
2024,나바7956,in_age_067,0
2024,나바7956,in_age_071,0
2024,나바7956,in_age_072,0
2024,나바7956,in_age_073,0
2024,나바7956,in_age_074,5
2024,나바7956,in_age_076,0
2024,나바7956,in_age_077,0
2024,나바7956,to_in_001,13
2024,나바7956,to_in_007,5
2024,나바7956,to_in_008,8
2024,나바7959,in_age_005,0
2024,나바7959,in_age_010,5
2024,나바7959,in_age_011,5
2024,나바7959,in_age_012,5
2024,나바7959,in_age_035,0
2024,나바7959,in_age_040,5
2024,나바7959,in_age_041,5
2024,나바7959,in_age_042,5
2024,나바7959,in_age_070,0
2024,나바7959,in_age_071,0
2024,나바7959,to_in_001,8
2024,나바7959,to_in_007,8
2024,나바7959,to_in_008,5
2024,나바7960,in_age_006,5
2024,나바7960,in_age_010,5
2024,나바7960,in_age_011,5
2024,나바7960,in_age_012,8
2024,나바7960,in_age_013,8
2024,나바7960,in_age_014,8
2024,나바7960,in_age_015,8
2024,나바7960,in_age_016,8
2024,나바7960,in_age_017,5
2024,나바7960,in_age_018,5
2024,나바7960,in_age_019,0
2024,나바7960,in_age_036,5
2024,나바7960,in_age_040,5
2024,나바7960,in_age_041,5
2024,나바7960,in_age_042,5
2024,나바7960,in_age_043,5
2024,나바7960,in_age_044,5
2024,나바7960,in_age_045,8
2024,나바7960,in_age_046,8
2024,나바7960,in_age_047,0
2024,나바7960,in_age_048,0
2024,나바7960,in_age_066,5
2024,나바7960,in_age_071,5
2024,나바7960,in_age_072,5
2024,나바7960,in_age_073,5
2024,나바7960,in_age_074,8
2024,나바7960,in_age_075,5
2024,나바7960,in_age_076,5
2024,나바7960,in_age_077,0
2024,나바7960,in_age_078,5
2024,나바7960,in_age_079,0
2024,나바7960,to_in_001,53
2024,나바7960,to_in_007,23
2024,나바7960,to_in_008,28
2024,나바7961,in_age_006,5
2024,나바7961,in_age_007,5
2024,나바7961,in_age_008,0
2024,나바7961,in_age_009,0
2024,나바7961,in_age_010,0
2024,나바7961,in_age_011,0
2024,나바7961,in_age_012,8
2024,나바7961,in_age_013,8
2024,나바7961,in_age_014,5
2024,나바7961,in_age_015,5
2024,나바7961,in_age_016,5
2024,나바7961,in_age_017,5
2024,나바7961,in_age_018,5
2024,나바7961,in_age_020,0
2024,나바7961,in_age_036,0
2024,나바7961,in_age_037,5
2024,나바7961,in_age_038,0
2024,나바7961,in_age_039,0
2024,나바7961,in_age_040,0
2024,나바7961,in_age_041,0
2024,나바7961,in_age_042,5
2024,나바7961,in_age_043,8
2024,나바7961,in_age_044,5
2024,나바7961,in_age_045,5
2024,나바7961,in_age_046,5
2024,나바7961,in_age_047,0
2024,나바7961,in_age_048,5
2024,나바7961,in_age_066,0
2024,나바7961,in_age_072,8
2024,나바7961,in_age_073,0
2024,나바7961,in_age_074,5
2024,나바7961,in_age_075,5
2024,나바7961,in_age_077,5
2024,나바7961,in_age_078,5
2024,나바7961,in_age_080,0
2024,나바7961,to_in_001,38
2024,나바7961,to_in_007,23
2024,나바7961,to_in_008,18
2024,나바7963,in_age_013,5
2024,나바7963,in_age_014,0
2024,나바7963,in_age_044,0
2024,나바7963,in_age_073,5
2024,나바7963,to_in_001,5
2024,나바7963,to_in_007,0
2024,나바7963,to_in_008,5
2024,나바7964,in_age_011,5
2024,나바7964,in_age_012,5
2024,나바7964,in_age_015,0
2024,나바7964,in_age_017,5
2024,나바7964,in_age_018,5
2024,나바7964,in_age_041,5
2024,나바7964,in_age_042,5
2024,나바7964,in_age_048,5
2024,나바7964,in_age_075,0
2024,나바7964,in_age_077,5
2024,나바7964,to_in_001,8
2024,나바7964,to_in_007,8
2024,나바7964,to_in_008,5
2024,나바7965,in_age_001,0
2024,나바7965,in_age_003,5
2024,나바7965,in_age_004,5
2024,나바7965,in_age_005,5
2024,나바7965,in_age_006,5
2024,나바7965,in_age_007,5
2024,나바7965,in_age_008,8
2024,나바7965,in_age_010,8
2024,나바7965,in_age_011,8
2024,나바7965,in_age_012,13
2024,나바7965,in_age_013,18
2024,나바7965,in_age_014,8
2024,나바7965,in_age_015,13
2024,나바7965,in_age_016,8
2024,나바7965,in_age_017,8
2024,나바7965,in_age_018,24
2024,나바7965,in_age_019,11
2024,나바7965,in_age_020,5
2024,나바7965,in_age_031,0
2024,나바7965,in_age_033,5
2024,나바7965,in_age_034,0
2024,나바7965,in_age_035,5
2024,나바7965,in_age_036,5
2024,나바7965,in_age_038,8
2024,나바7965,in_age_040,5
2024,나바7965,in_age_041,5
2024,나바7965,in_age_042,8
2024,나바7965,in_age_043,13
2024,나바7965,in_age_044,5
2024,나바7965,in_age_045,5
2024,나바7965,in_age_046,8
2024,나바7965,in_age_047,5
2024,나바7965,in_age_048,5
2024,나바7965,in_age_064,5
2024,나바7965,in_age_065,0
2024,나바7965,in_age_066,5
2024,나바7965,in_age_067,5
2024,나바7965,in_age_068,5
2024,나바7965,in_age_070,0
2024,나바7965,in_age_071,5
2024,나바7965,in_age_072,8
2024,나바7965,in_age_073,5
2024,나바7965,in_age_074,5
2024,나바7965,in_age_075,8
2024,나바7965,in_age_076,5
2024,나바7965,in_age_077,5
2024,나바7965,in_age_078,19
2024,나바7965,in_age_079,11
2024,나바7965,in_age_080,5
2024,나바7965,to_in_001,138
2024,나바7965,to_in_007,58
2024,나바7965,to_in_008,78
2024,나바7966,in_age_002,0
2024,나바7966,in_age_004,5
2024,나바7966,in_age_005,5
2024,나바7966,in_age_006,0
2024,나바7966,in_age_007,11
2024,나바7966,in_age_008,5
2024,나바7966,in_age_009,0
2024,나바7966,in_age_010,8
2024,나바7966,in_age_011,8
2024,나바7966,in_age_012,13
2024,나바7966,in_age_013,8
2024,나바7966,in_age_014,13
2024,나바7966,in_age_015,8
2024,나바7966,in_age_016,8
2024,나바7966,in_age_017,8
2024,나바7966,in_age_018,5
2024,나바7966,in_age_019,5
2024,나바7966,in_age_020,0
2024,나바7966,in_age_032,0
2024,나바7966,in_age_034,5
2024,나바7966,in_age_035,5
2024,나바7966,in_age_036,0
2024,나바7966,in_age_037,11
2024,나바7966,in_age_038,5
2024,나바7966,in_age_039,0
2024,나바7966,in_age_040,5
2024,나바7966,in_age_041,5
2024,나바7966,in_age_042,8
2024,나바7966,in_age_044,8
2024,나바7966,in_age_045,5
2024,나바7966,in_age_046,5
2024,나바7966,in_age_047,0
2024,나바7966,in_age_048,5
2024,나바7966,in_age_049,0
2024,나바7966,in_age_064,0
2024,나바7966,in_age_065,0
2024,나바7966,in_age_070,5
2024,나바7966,in_age_071,0
2024,나바7966,in_age_072,5
2024,나바7966,in_age_073,8
2024,나바7966,in_age_074,8
2024,나바7966,in_age_075,5
2024,나바7966,in_age_076,5
2024,나바7966,in_age_077,8
2024,나바7966,in_age_078,0
2024,나바7966,in_age_079,0
2024,나바7966,in_age_080,0
2024,나바7966,to_in_001,94
2024,나바7966,to_in_007,59
2024,나바7966,to_in_008,38
2024,나바7967,in_age_002,0
2024,나바7967,in_age_003,5
2024,나바7967,in_age_004,5
2024,나바7967,in_age_005,13
2024,나바7967,in_age_006,13
2024,나바7967,in_age_007,8
2024,나바7967,in_age_008,5
2024,나바7967,in_age_009,5
2024,나바7967,in_age_010,13
2024,나바7967,in_age_011,13
2024,나바7967,in_age_012,13
2024,나바7967,in_age_013,8
2024,나바7967,in_age_014,18
2024,나바7967,in_age_015,8
2024,나바7967,in_age_016,13
2024,나바7967,in_age_017,8
2024,나바7967,in_age_018,13
2024,나바7967,in_age_019,5
2024,나바7967,in_age_020,0
2024,나바7967,in_age_033,0
2024,나바7967,in_age_034,0
2024,나바7967,in_age_035,8
2024,나바7967,in_age_036,13
2024,나바7967,in_age_037,8
2024,나바7967,in_age_038,5
2024,나바7967,in_age_039,5
2024,나바7967,in_age_040,8
2024,나바7967,in_age_041,8
2024,나바7967,in_age_042,8
2024,나바7967,in_age_043,5
2024,나바7967,in_age_044,8
2024,나바7967,in_age_045,8
2024,나바7967,in_age_046,8
2024,나바7967,in_age_047,5
2024,나바7967,in_age_048,5
2024,나바7967,in_age_062,0
2024,나바7967,in_age_063,5
2024,나바7967,in_age_064,5
2024,나바7967,in_age_065,5
2024,나바7967,in_age_066,0
2024,나바7967,in_age_069,0
2024,나바7967,in_age_070,8
2024,나바7967,in_age_071,5
2024,나바7967,in_age_072,5
2024,나바7967,in_age_073,5
2024,나바7967,in_age_074,8
2024,나바7967,in_age_075,5
2024,나바7967,in_age_076,8
2024,나바7967,in_age_077,5
2024,나바7967,in_age_078,8
2024,나바7967,in_age_079,5
2024,나바7967,in_age_080,0
2024,나바7967,to_in_001,148
2024,나바7967,to_in_007,83
2024,나바7967,to_in_008,68
2024,나바7968,in_age_001,0
2024,나바7968,in_age_004,0
2024,나바7968,in_age_005,8
2024,나바7968,in_age_006,8
2024,나바7968,in_age_007,8
2024,나바7968,in_age_008,5
2024,나바7968,in_age_009,5
2024,나바7968,in_age_010,8
2024,나바7968,in_age_011,8
2024,나바7968,in_age_012,8
2024,나바7968,in_age_013,8
2024,나바7968,in_age_014,13
2024,나바7968,in_age_015,8
2024,나바7968,in_age_016,5
2024,나바7968,in_age_017,5
2024,나바7968,in_age_018,5
2024,나바7968,in_age_031,0
2024,나바7968,in_age_035,8
2024,나바7968,in_age_036,8
2024,나바7968,in_age_037,8
2024,나바7968,in_age_038,5
2024,나바7968,in_age_040,5
2024,나바7968,in_age_041,5
2024,나바7968,in_age_042,5
2024,나바7968,in_age_043,5
2024,나바7968,in_age_044,5
2024,나바7968,in_age_045,8
2024,나바7968,in_age_047,0
2024,나바7968,in_age_048,5
2024,나바7968,in_age_064,0
2024,나바7968,in_age_066,5
2024,나바7968,in_age_069,5
2024,나바7968,in_age_070,5
2024,나바7968,in_age_071,5
2024,나바7968,in_age_072,5
2024,나바7968,in_age_073,5
2024,나바7968,in_age_074,8
2024,나바7968,in_age_075,0
2024,나바7968,in_age_076,5
2024,나바7968,in_age_077,0
2024,나바7968,in_age_078,5
2024,나바7968,to_in_001,83
2024,나바7968,to_in_007,48
2024,나바7968,to_in_008,33
2024,나바7971,in_age_006,0
2024,나바7971,in_age_011,0
2024,나바7971,in_age_012,0
2024,나바7971,in_age_016,5
2024,나바7971,in_age_036,0
2024,나바7971,in_age_042,0
2024,나바7971,in_age_046,5
2024,나바7971,in_age_071,0
2024,나바7971,to_in_001,5
2024,나바7971,to_in_007,5
2024,나바7971,to_in_008,0
2024,나바8054,in_age_004,0
2024,나바8054,in_age_005,5
2024,나바8054,in_age_006,0
2024,나바8054,in_age_007,8
2024,나바8054,in_age_009,5
2024,나바8054,in_age_010,5
2024,나바8054,in_age_011,8
2024,나바8054,in_age_012,8
2024,나바8054,in_age_013,8
2024,나바8054,in_age_014,8
2024,나바8054,in_age_015,13
2024,나바8054,in_age_016,8
2024,나바8054,in_age_017,0
2024,나바8054,in_age_018,5
2024,나바8054,in_age_019,0
2024,나바8054,in_age_034,0
2024,나바8054,in_age_035,0
2024,나바8054,in_age_036,0
2024,나바8054,in_age_037,5
2024,나바8054,in_age_039,5
2024,나바8054,in_age_040,5
2024,나바8054,in_age_041,5
2024,나바8054,in_age_042,5
2024,나바8054,in_age_043,5
2024,나바8054,in_age_044,5
2024,나바8054,in_age_045,8
2024,나바8054,in_age_046,5
2024,나바8054,in_age_049,0
2024,나바8054,in_age_065,0
2024,나바8054,in_age_067,0
2024,나바8054,in_age_070,0
2024,나바8054,in_age_071,5
2024,나바8054,in_age_072,5
2024,나바8054,in_age_073,5
2024,나바8054,in_age_074,8
2024,나바8054,in_age_075,5
2024,나바8054,in_age_076,5
2024,나바8054,in_age_077,0
2024,나바8054,in_age_078,5
2024,나바8054,to_in_001,68
2024,나바8054,to_in_007,43
2024,나바8054,to_in_008,23
2024,나바8055,in_age_007,5
2024,나바8055,in_age_009,0
2024,나바8055,in_age_010,0
2024,나바8055,in_age_012,8
2024,나바8055,in_age_013,5
2024,나바8055,in_age_014,8
2024,나바8055,in_age_015,8
2024,나바8055,in_age_016,5
2024,나바8055,in_age_017,8
2024,나바8055,in_age_018,5
2024,나바8055,in_age_037,5
2024,나바8055,in_age_039,0
2024,나바8055,in_age_040,0
2024,나바8055,in_age_042,5
2024,나바8055,in_age_043,5
2024,나바8055,in_age_044,5
2024,나바8055,in_age_045,5
2024,나바8055,in_age_046,5
2024,나바8055,in_age_047,5
2024,나바8055,in_age_048,5
2024,나바8055,in_age_072,8
2024,나바8055,in_age_073,0
2024,나바8055,in_age_074,5
2024,나바8055,in_age_075,5
2024,나바8055,in_age_076,0
2024,나바8055,in_age_077,5
2024,나바8055,in_age_078,5
2024,나바8055,to_in_001,38
2024,나바8055,to_in_007,23
2024,나바8055,to_in_008,18
2024,나바8056,in_age_005,5
2024,나바8056,in_age_006,5
2024,나바8056,in_age_007,5
2024,나바8056,in_age_008,5
2024,나바8056,in_age_009,5
2024,나바8056,in_age_010,5
2024,나바8056,in_age_011,5
2024,나바8056,in_age_012,8
2024,나바8056,in_age_013,8
2024,나바8056,in_age_014,13
2024,나바8056,in_age_015,5
2024,나바8056,in_age_016,5
2024,나바8056,in_age_017,5
2024,나바8056,in_age_018,0
2024,나바8056,in_age_019,8
2024,나바8056,in_age_020,5
2024,나바8056,in_age_035,5
2024,나바8056,in_age_036,5
2024,나바8056,in_age_037,5
2024,나바8056,in_age_038,5
2024,나바8056,in_age_039,5
2024,나바8056,in_age_040,5
2024,나바8056,in_age_041,0
2024,나바8056,in_age_042,8
2024,나바8056,in_age_043,8
2024,나바8056,in_age_044,8
2024,나바8056,in_age_045,5
2024,나바8056,in_age_046,0
2024,나바8056,in_age_048,0
2024,나바8056,in_age_050,0
2024,나바8056,in_age_070,0
2024,나바8056,in_age_071,5
2024,나바8056,in_age_072,5
2024,나바8056,in_age_073,5
2024,나바8056,in_age_074,5
2024,나바8056,in_age_075,5
2024,나바8056,in_age_076,5
2024,나바8056,in_age_077,5
2024,나바8056,in_age_079,8
2024,나바8056,in_age_080,5
2024,나바8056,to_in_001,73
2024,나바8056,to_in_007,43
2024,나바8056,to_in_008,28
2024,나바8057,in_age_007,5
2024,나바8057,in_age_012,5
2024,나바8057,in_age_013,5
2024,나바8057,in_age_014,0
2024,나바8057,in_age_017,0
2024,나바8057,in_age_018,5
2024,나바8057,in_age_037,0
2024,나바8057,in_age_043,5
2024,나바8057,in_age_044,0
2024,나바8057,in_age_067,0
2024,나바8057,in_age_072,5
2024,나바8057,in_age_077,0
2024,나바8057,in_age_078,5
2024,나바8057,to_in_001,8
2024,나바8057,to_in_007,5
2024,나바8057,to_in_008,8
2024,나바8062,in_age_006,5
2024,나바8062,in_age_007,5
2024,나바8062,in_age_011,0
2024,나바8062,in_age_012,5
2024,나바8062,in_age_013,8
2024,나바8062,in_age_014,0
2024,나바8062,in_age_017,0
2024,나바8062,in_age_018,0
2024,나바8062,in_age_036,5
2024,나바8062,in_age_037,0
2024,나바8062,in_age_042,0
2024,나바8062,in_age_043,8
2024,나바8062,in_age_044,0
2024,나바8062,in_age_067,0
2024,나바8062,in_age_071,0
2024,나바8062,in_age_072,5
2024,나바8062,in_age_073,5
2024,나바8062,in_age_077,0
2024,나바8062,in_age_078,0
2024,나바8062,to_in_001,23
2024,나바8062,to_in_007,13
2024,나바8062,to_in_008,8
2024,나바8063,in_age_003,0
2024,나바8063,in_age_005,0
2024,나바8063,in_age_006,0
2024,나바8063,in_age_007,5
2024,나바8063,in_age_008,5
2024,나바8063,in_age_010,5
2024,나바8063,in_age_011,5
2024,나바8063,in_age_012,5
2024,나바8063,in_age_013,13
2024,나바8063,in_age_014,8
2024,나바8063,in_age_015,8
2024,나바8063,in_age_016,8
2024,나바8063,in_age_017,8
2024,나바8063,in_age_018,0
2024,나바8063,in_age_019,0
2024,나바8063,in_age_020,0
2024,나바8063,in_age_033,0
2024,나바8063,in_age_035,0
2024,나바8063,in_age_037,5
2024,나바8063,in_age_040,5
2024,나바8063,in_age_041,5
2024,나바8063,in_age_042,5
2024,나바8063,in_age_043,8
2024,나바8063,in_age_044,8
2024,나바8063,in_age_045,8
2024,나바8063,in_age_046,5
2024,나바8063,in_age_047,8
2024,나바8063,in_age_048,0
2024,나바8063,in_age_066,0
2024,나바8063,in_age_067,0
2024,나바8063,in_age_068,5
2024,나바8063,in_age_071,5
2024,나바8063,in_age_072,5
2024,나바8063,in_age_073,8
2024,나바8063,in_age_074,8
2024,나바8063,in_age_075,5
2024,나바8063,in_age_076,5
2024,나바8063,in_age_077,8
2024,나바8063,in_age_079,0
2024,나바8063,in_age_080,0
2024,나바8063,to_in_001,63
2024,나바8063,to_in_007,33
2024,나바8063,to_in_008,33
2024,나바8064,in_age_003,0
2024,나바8064,in_age_004,5
2024,나바8064,in_age_005,0
2024,나바8064,in_age_008,0
2024,나바8064,in_age_009,5
2024,나바8064,in_age_010,0
2024,나바8064,in_age_011,5
2024,나바8064,in_age_012,8
2024,나바8064,in_age_013,8
2024,나바8064,in_age_014,5
2024,나바8064,in_age_015,5
2024,나바8064,in_age_016,13
2024,나바8064,in_age_017,5
2024,나바8064,in_age_018,5
2024,나바8064,in_age_019,5
2024,나바8064,in_age_033,0
2024,나바8064,in_age_034,5
2024,나바8064,in_age_039,5
2024,나바8064,in_age_040,0
2024,나바8064,in_age_041,5
2024,나바8064,in_age_042,5
2024,나바8064,in_age_043,8
2024,나바8064,in_age_044,5
2024,나바8064,in_age_046,8
2024,나바8064,in_age_047,5
2024,나바8064,in_age_064,0
2024,나바8064,in_age_065,0
2024,나바8064,in_age_068,0
2024,나바8064,in_age_071,0
2024,나바8064,in_age_072,5
2024,나바8064,in_age_073,8
2024,나바8064,in_age_074,0
2024,나바8064,in_age_075,5
2024,나바8064,in_age_076,5
2024,나바8064,in_age_077,5
2024,나바8064,in_age_078,5
2024,나바8064,in_age_079,5
2024,나바8064,to_in_001,58
2024,나바8064,to_in_007,33
2024,나바8064,to_in_008,23
2024,나바8065,in_age_006,5
2024,나바8065,in_age_009,5
2024,나바8065,in_age_010,5
2024,나바8065,in_age_011,5
2024,나바8065,in_age_012,8
2024,나바8065,in_age_013,8
2024,나바8065,in_age_014,8
2024,나바8065,in_age_015,8
2024,나바8065,in_age_016,5
2024,나바8065,in_age_017,8
2024,나바8065,in_age_018,5
2024,나바8065,in_age_019,0
2024,나바8065,in_age_036,5
2024,나바8065,in_age_039,5
2024,나바8065,in_age_040,5
2024,나바8065,in_age_041,0
2024,나바8065,in_age_043,5
2024,나바8065,in_age_044,5
2024,나바8065,in_age_045,5
2024,나바8065,in_age_046,5
2024,나바8065,in_age_047,5
2024,나바8065,in_age_071,5
2024,나바8065,in_age_072,8
2024,나바8065,in_age_073,8
2024,나바8065,in_age_074,5
2024,나바8065,in_age_075,8
2024,나바8065,in_age_076,0
2024,나바8065,in_age_077,5
2024,나바8065,in_age_078,5
2024,나바8065,in_age_079,0
2024,나바8065,to_in_001,58
2024,나바8065,to_in_007,23
2024,나바8065,to_in_008,33
2024,나바8066,in_age_004,5
2024,나바8066,in_age_009,5
2024,나바8066,in_age_010,5
2024,나바8066,in_age_011,5
2024,나바8066,in_age_012,5
2024,나바8066,in_age_014,8
2024,나바8066,in_age_015,5
2024,나바8066,in_age_016,8
2024,나바8066,in_age_017,5
2024,나바8066,in_age_018,5
2024,나바8066,in_age_020,0
2024,나바8066,in_age_034,0
2024,나바8066,in_age_039,5
2024,나바8066,in_age_040,5
2024,나바8066,in_age_042,5
2024,나바8066,in_age_044,5
2024,나바8066,in_age_045,5
2024,나바8066,in_age_046,5
2024,나바8066,in_age_064,5
2024,나바8066,in_age_069,0
2024,나바8066,in_age_071,5
2024,나바8066,in_age_074,8
2024,나바8066,in_age_075,0
2024,나바8066,in_age_076,5
2024,나바8066,in_age_077,5
2024,나바8066,in_age_078,5
2024,나바8066,in_age_080,0
2024,나바8066,to_in_001,33
2024,나바8066,to_in_007,13
2024,나바8066,to_in_008,18
2024,나바8067,in_age_006,0
2024,나바8067,in_age_007,0
2024,나바8067,in_age_012,8
2024,나바8067,in_age_013,5
2024,나바8067,in_age_014,8
2024,나바8067,in_age_015,5
2024,나바8067,in_age_016,8
2024,나바8067,in_age_017,0
2024,나바8067,in_age_018,5
2024,나바8067,in_age_036,0
2024,나바8067,in_age_037,0
2024,나바8067,in_age_042,0
2024,나바8067,in_age_043,5
2024,나바8067,in_age_046,8
2024,나바8067,in_age_048,0
2024,나바8067,in_age_072,8
2024,나바8067,in_age_074,8
2024,나바8067,in_age_075,5
2024,나바8067,in_age_076,0
2024,나바8067,in_age_077,0
2024,나바8067,in_age_078,0
2024,나바8067,to_in_001,23
2024,나바8067,to_in_007,8
2024,나바8067,to_in_008,13
2024,나바8068,in_age_003,5
2024,나바8068,in_age_004,0
2024,나바8068,in_age_007,0
2024,나바8068,in_age_008,0
2024,나바8068,in_age_009,8
2024,나바8068,in_age_010,5
2024,나바8068,in_age_011,0
2024,나바8068,in_age_012,5
2024,나바8068,in_age_013,8
2024,나바8068,in_age_014,5
2024,나바8068,in_age_015,5
2024,나바8068,in_age_016,8
2024,나바8068,in_age_017,8
2024,나바8068,in_age_018,0
2024,나바8068,in_age_019,5
2024,나바8068,in_age_033,5
2024,나바8068,in_age_037,0
2024,나바8068,in_age_038,0
2024,나바8068,in_age_039,8
2024,나바8068,in_age_042,5
2024,나바8068,in_age_043,5
2024,나바8068,in_age_044,5
2024,나바8068,in_age_045,5
2024,나바8068,in_age_046,5
2024,나바8068,in_age_047,5
2024,나바8068,in_age_048,0
2024,나바8068,in_age_049,5
2024,나바8068,in_age_063,0
2024,나바8068,in_age_064,0
2024,나바8068,in_age_069,0
2024,나바8068,in_age_070,5
2024,나바8068,in_age_071,0
2024,나바8068,in_age_073,8
2024,나바8068,in_age_074,0
2024,나바8068,in_age_075,0
2024,나바8068,in_age_076,5
2024,나바8068,in_age_077,8
2024,나바8068,to_in_001,48
2024,나바8068,to_in_007,23
2024,나바8068,to_in_008,23
2024,나바8069,in_age_011,5
2024,나바8069,in_age_013,8
2024,나바8069,in_age_015,5
2024,나바8069,in_age_016,5
2024,나바8069,in_age_017,5
2024,나바8069,in_age_018,0
2024,나바8069,in_age_019,0
2024,나바8069,in_age_041,0
2024,나바8069,in_age_043,8
2024,나바8069,in_age_046,0
2024,나바8069,in_age_048,0
2024,나바8069,in_age_049,0
2024,나바8069,in_age_071,0
2024,나바8069,in_age_073,0
2024,나바8069,in_age_075,5
2024,나바8069,in_age_076,0
2024,나바8069,in_age_077,5
2024,나바8069,to_in_001,13
2024,나바8069,to_in_007,8
2024,나바8069,to_in_008,8
2024,나바8070,in_age_003,5
2024,나바8070,in_age_004,0
2024,나바8070,in_age_005,5
2024,나바8070,in_age_007,0
2024,나바8070,in_age_008,5
2024,나바8070,in_age_009,0
2024,나바8070,in_age_010,5
2024,나바8070,in_age_011,5
2024,나바8070,in_age_012,5
2024,나바8070,in_age_013,13
2024,나바8070,in_age_014,13
2024,나바8070,in_age_015,5
2024,나바8070,in_age_016,5
2024,나바8070,in_age_017,5
2024,나바8070,in_age_018,5
2024,나바8070,in_age_019,5
2024,나바8070,in_age_020,5
2024,나바8070,in_age_035,5
2024,나바8070,in_age_037,0
2024,나바8070,in_age_038,0
2024,나바8070,in_age_041,5
2024,나바8070,in_age_042,5
2024,나바8070,in_age_043,5
2024,나바8070,in_age_044,8
2024,나바8070,in_age_045,0
2024,나바8070,in_age_047,5
2024,나바8070,in_age_048,0
2024,나바8070,in_age_049,0
2024,나바8070,in_age_063,5
2024,나바8070,in_age_064,0
2024,나바8070,in_age_068,0
2024,나바8070,in_age_069,0
2024,나바8070,in_age_070,5
2024,나바8070,in_age_071,0
2024,나바8070,in_age_072,5
2024,나바8070,in_age_073,8
2024,나바8070,in_age_074,5
2024,나바8070,in_age_075,5
2024,나바8070,in_age_076,5
2024,나바8070,in_age_077,0
2024,나바8070,in_age_078,5
2024,나바8070,in_age_079,5
2024,나바8070,in_age_080,5
2024,나바8070,to_in_001,58
2024,나바8070,to_in_007,23
2024,나바8070,to_in_008,33
2024,나바8071,in_age_001,5
2024,나바8071,in_age_002,5
2024,나바8071,in_age_003,5
2024,나바8071,in_age_004,0
2024,나바8071,in_age_005,5
2024,나바8071,in_age_006,8
2024,나바8071,in_age_007,11
2024,나바8071,in_age_008,5
2024,나바8071,in_age_009,5
2024,나바8071,in_age_010,5
2024,나바8071,in_age_011,8
2024,나바8071,in_age_012,8
2024,나바8071,in_age_013,18
2024,나바8071,in_age_014,13
2024,나바8071,in_age_015,18
2024,나바8071,in_age_016,8
2024,나바8071,in_age_017,8
2024,나바8071,in_age_018,8
2024,나바8071,in_age_031,0
2024,나바8071,in_age_033,0
2024,나바8071,in_age_035,5
2024,나바8071,in_age_036,5
2024,나바8071,in_age_037,6
2024,나바8071,in_age_038,5
2024,나바8071,in_age_039,5
2024,나바8071,in_age_040,5
2024,나바8071,in_age_041,8
2024,나바8071,in_age_042,5
2024,나바8071,in_age_043,13
2024,나바8071,in_age_044,8
2024,나바8071,in_age_045,8
2024,나바8071,in_age_046,8
2024,나바8071,in_age_047,8
2024,나바8071,in_age_048,5
2024,나바8071,in_age_061,0
2024,나바8071,in_age_062,5
2024,나바8071,in_age_063,0
2024,나바8071,in_age_064,0
2024,나바8071,in_age_066,5
2024,나바8071,in_age_067,5
2024,나바8071,in_age_069,5
2024,나바8071,in_age_070,0
2024,나바8071,in_age_071,5
2024,나바8071,in_age_072,8
2024,나바8071,in_age_073,8
2024,나바8071,in_age_074,8
2024,나바8071,in_age_075,8
2024,나바8071,in_age_076,5
2024,나바8071,in_age_077,5
2024,나바8071,in_age_078,8
2024,나바8071,to_in_001,129
2024,나바8071,to_in_007,69
2024,나바8071,to_in_008,58
2024,나바8072,in_age_012,0
2024,나바8072,in_age_014,5
2024,나바8072,in_age_015,0
2024,나바8072,in_age_016,5
2024,나바8072,in_age_044,0
2024,나바8072,in_age_045,0
2024,나바8072,in_age_046,0
2024,나바8072,in_age_072,0
2024,나바8072,in_age_074,0
2024,나바8072,in_age_076,0
2024,나바8072,to_in_001,8
2024,나바8072,to_in_007,5
2024,나바8072,to_in_008,5
2024,나바8155,in_age_002,0
2024,나바8155,in_age_004,5
2024,나바8155,in_age_005,5
2024,나바8155,in_age_006,5
2024,나바8155,in_age_007,8
2024,나바8155,in_age_008,5
2024,나바8155,in_age_009,8
2024,나바8155,in_age_010,5
2024,나바8155,in_age_011,8
2024,나바8155,in_age_012,8
2024,나바8155,in_age_013,13
2024,나바8155,in_age_014,18
2024,나바8155,in_age_015,13
2024,나바8155,in_age_016,8
2024,나바8155,in_age_017,8
2024,나바8155,in_age_018,8
2024,나바8155,in_age_019,0
2024,나바8155,in_age_020,0
2024,나바8155,in_age_032,0
2024,나바8155,in_age_034,5
2024,나바8155,in_age_035,5
2024,나바8155,in_age_036,5
2024,나바8155,in_age_037,8
2024,나바8155,in_age_038,0
2024,나바8155,in_age_039,8
2024,나바8155,in_age_040,5
2024,나바8155,in_age_041,8
2024,나바8155,in_age_042,5
2024,나바8155,in_age_043,8
2024,나바8155,in_age_044,8
2024,나바8155,in_age_045,8
2024,나바8155,in_age_046,8
2024,나바8155,in_age_047,5
2024,나바8155,in_age_048,5
2024,나바8155,in_age_065,0
2024,나바8155,in_age_066,0
2024,나바8155,in_age_067,0
2024,나바8155,in_age_068,5
2024,나바8155,in_age_070,0
2024,나바8155,in_age_071,8
2024,나바8155,in_age_072,5
2024,나바8155,in_age_073,8
2024,나바8155,in_age_074,8
2024,나바8155,in_age_075,8
2024,나바8155,in_age_076,5
2024,나바8155,in_age_077,8
2024,나바8155,in_age_078,8
2024,나바8155,in_age_079,0
2024,나바8155,in_age_080,0
2024,나바8155,to_in_001,113
2024,나바8155,to_in_007,63
2024,나바8155,to_in_008,48
2024,나바8156,in_age_004,5
2024,나바8156,in_age_005,0
2024,나바8156,in_age_006,0
2024,나바8156,in_age_007,5
2024,나바8156,in_age_008,5
2024,나바8156,in_age_009,0
2024,나바8156,in_age_010,0
2024,나바8156,in_age_011,8
2024,나바8156,in_age_012,5
2024,나바8156,in_age_013,13
2024,나바8156,in_age_014,5
2024,나바8156,in_age_015,13
2024,나바8156,in_age_016,13
2024,나바8156,in_age_017,8
2024,나바8156,in_age_018,8
2024,나바8156,in_age_019,5
2024,나바8156,in_age_034,5
2024,나바8156,in_age_035,0
2024,나바8156,in_age_036,0
2024,나바8156,in_age_037,5
2024,나바8156,in_age_038,5
2024,나바8156,in_age_040,0
2024,나바8156,in_age_041,8
2024,나바8156,in_age_042,5
2024,나바8156,in_age_043,8
2024,나바8156,in_age_045,5
2024,나바8156,in_age_046,5
2024,나바8156,in_age_047,5
2024,나바8156,in_age_048,5
2024,나바8156,in_age_067,0
2024,나바8156,in_age_069,0
2024,나바8156,in_age_071,0
2024,나바8156,in_age_072,5
2024,나바8156,in_age_073,8
2024,나바8156,in_age_074,5
2024,나바8156,in_age_075,8
2024,나바8156,in_age_076,8
2024,나바8156,in_age_077,8
2024,나바8156,in_age_078,5
2024,나바8156,in_age_079,5
2024,나바8156,to_in_001,78
2024,나바8156,to_in_007,43
2024,나바8156,to_in_008,38
2024,나바8158,in_age_002,5
2024,나바8158,in_age_003,5
2024,나바8158,in_age_004,5
2024,나바8158,in_age_005,0
2024,나바8158,in_age_006,0
2024,나바8158,in_age_008,0
2024,나바8158,in_age_009,8
2024,나바8158,in_age_010,8
2024,나바8158,in_age_011,8
2024,나바8158,in_age_012,18
2024,나바8158,in_age_013,13
2024,나바8158,in_age_014,13
2024,나바8158,in_age_015,8
2024,나바8158,in_age_016,8
2024,나바8158,in_age_017,8
2024,나바8158,in_age_018,5
2024,나바8158,in_age_019,5
2024,나바8158,in_age_034,5
2024,나바8158,in_age_035,0
2024,나바8158,in_age_038,0
2024,나바8158,in_age_039,5
2024,나바8158,in_age_040,8
2024,나바8158,in_age_041,5
2024,나바8158,in_age_042,13
2024,나바8158,in_age_043,8
2024,나바8158,in_age_044,8
2024,나바8158,in_age_045,5
2024,나바8158,in_age_046,5
2024,나바8158,in_age_047,5
2024,나바8158,in_age_049,0
2024,나바8158,in_age_062,5
2024,나바8158,in_age_063,5
2024,나바8158,in_age_066,0
2024,나바8158,in_age_069,5
2024,나바8158,in_age_070,5
2024,나바8158,in_age_071,8
2024,나바8158,in_age_072,8
2024,나바8158,in_age_073,8
2024,나바8158,in_age_074,8
2024,나바8158,in_age_075,5
2024,나바8158,in_age_076,5
2024,나바8158,in_age_077,8
2024,나바8158,in_age_078,5
2024,나바8158,in_age_079,5
2024,나바8158,to_in_001,108
2024,나바8158,to_in_007,53
2024,나바8158,to_in_008,58
2024,나바8162,in_age_004,0
2024,나바8162,in_age_005,5
2024,나바8162,in_age_006,5
2024,나바8162,in_age_007,0
2024,나바8162,in_age_008,0
2024,나바8162,in_age_009,5
2024,나바8162,in_age_011,5
2024,나바8162,in_age_012,5
2024,나바8162,in_age_013,5
2024,나바8162,in_age_014,5
2024,나바8162,in_age_015,0
2024,나바8162,in_age_035,5
2024,나바8162,in_age_036,5
2024,나바8162,in_age_037,0
2024,나바8162,in_age_039,5
2024,나바8162,in_age_041,5
2024,나바8162,in_age_042,0
2024,나바8162,in_age_043,0
2024,나바8162,in_age_044,5
2024,나바8162,in_age_045,0
2024,나바8162,in_age_064,0
2024,나바8162,in_age_068,0
2024,나바8162,in_age_072,0
2024,나바8162,in_age_073,5
2024,나바8162,in_age_074,0
2024,나바8162,to_in_001,23
2024,나바8162,to_in_007,18
2024,나바8162,to_in_008,8
2024,나바8163,in_age_002,0
2024,나바8163,in_age_003,5
2024,나바8163,in_age_005,0
2024,나바8163,in_age_006,5
2024,나바8163,in_age_007,5
2024,나바8163,in_age_008,5
2024,나바8163,in_age_009,8
2024,나바8163,in_age_010,8
2024,나바8163,in_age_011,5
2024,나바8163,in_age_012,5
2024,나바8163,in_age_013,8
2024,나바8163,in_age_014,13
2024,나바8163,in_age_015,8
2024,나바8163,in_age_016,8
2024,나바8163,in_age_017,8
2024,나바8163,in_age_018,8
2024,나바8163,in_age_019,5
2024,나바8163,in_age_032,0
2024,나바8163,in_age_033,0
2024,나바8163,in_age_035,0
2024,나바8163,in_age_036,0
2024,나바8163,in_age_037,5
2024,나바8163,in_age_038,0
2024,나바8163,in_age_039,5
2024,나바8163,in_age_040,8
2024,나바8163,in_age_041,5
2024,나바8163,in_age_042,5
2024,나바8163,in_age_043,8
2024,나바8163,in_age_044,8
2024,나바8163,in_age_045,8
2024,나바8163,in_age_046,5
2024,나바8163,in_age_047,5
2024,나바8163,in_age_048,5
2024,나바8163,in_age_063,5
2024,나바8163,in_age_066,0
2024,나바8163,in_age_068,0
2024,나바8163,in_age_069,5
2024,나바8163,in_age_070,5
2024,나바8163,in_age_071,0
2024,나바8163,in_age_072,5
2024,나바8163,in_age_073,5
2024,나바8163,in_age_074,5
2024,나바8163,in_age_075,5
2024,나바8163,in_age_076,8
2024,나바8163,in_age_077,8
2024,나바8163,in_age_078,5
2024,나바8163,in_age_079,5
2024,나바8163,to_in_001,83
2024,나바8163,to_in_007,43
2024,나바8163,to_in_008,43
2024,나바8164,in_age_007,5
2024,나바8164,in_age_009,0
2024,나바8164,in_age_010,5
2024,나바8164,in_age_011,0
2024,나바8164,in_age_012,5
2024,나바8164,in_age_013,5
2024,나바8164,in_age_014,8
2024,나바8164,in_age_015,8
2024,나바8164,in_age_016,5
2024,나바8164,in_age_017,0
2024,나바8164,in_age_018,0
2024,나바8164,in_age_020,0
2024,나바8164,in_age_037,5
2024,나바8164,in_age_039,0
2024,나바8164,in_age_040,5
2024,나바8164,in_age_041,0
2024,나바8164,in_age_042,5
2024,나바8164,in_age_043,0
2024,나바8164,in_age_044,8
2024,나바8164,in_age_045,5
2024,나바8164,in_age_046,5
2024,나바8164,in_age_047,0
2024,나바8164,in_age_072,0
2024,나바8164,in_age_073,5
2024,나바8164,in_age_075,5
2024,나바8164,in_age_076,5
2024,나바8164,in_age_078,0
2024,나바8164,in_age_080,0
2024,나바8164,to_in_001,28
2024,나바8164,to_in_007,18
2024,나바8164,to_in_008,13
2024,나바8165,in_age_005,0
2024,나바8165,in_age_006,5
2024,나바8165,in_age_007,0
2024,나바8165,in_age_010,0
2024,나바8165,in_age_011,5
2024,나바8165,in_age_012,8
2024,나바8165,in_age_013,8
2024,나바8165,in_age_014,8
2024,나바8165,in_age_015,5
2024,나바8165,in_age_016,5
2024,나바8165,in_age_017,0
2024,나바8165,in_age_018,5
2024,나바8165,in_age_019,5
2024,나바8165,in_age_035,0
2024,나바8165,in_age_036,0
2024,나바8165,in_age_037,0
2024,나바8165,in_age_040,0
2024,나바8165,in_age_042,5
2024,나바8165,in_age_043,5
2024,나바8165,in_age_044,5
2024,나바8165,in_age_045,5
2024,나바8165,in_age_046,5
2024,나바8165,in_age_047,0
2024,나바8165,in_age_066,5
2024,나바8165,in_age_071,5
2024,나바8165,in_age_072,0
2024,나바8165,in_age_073,8
2024,나바8165,in_age_074,5
2024,나바8165,in_age_075,5
2024,나바8165,in_age_078,5
2024,나바8165,in_age_079,5
2024,나바8165,to_in_001,38
2024,나바8165,to_in_007,23
2024,나바8165,to_in_008,18
2024,나바8166,in_age_002,8
2024,나바8166,in_age_003,0
2024,나바8166,in_age_008,5
2024,나바8166,in_age_010,0
2024,나바8166,in_age_011,5
2024,나바8166,in_age_012,8
2024,나바8166,in_age_013,0
2024,나바8166,in_age_014,5
2024,나바8166,in_age_015,5
2024,나바8166,in_age_016,5
2024,나바8166,in_age_017,0
2024,나바8166,in_age_018,0
2024,나바8166,in_age_019,0
2024,나바8166,in_age_032,5
2024,나바8166,in_age_038,5
2024,나바8166,in_age_040,0
2024,나바8166,in_age_041,0
2024,나바8166,in_age_042,5
2024,나바8166,in_age_044,5
2024,나바8166,in_age_046,5
2024,나바8166,in_age_049,0
2024,나바8166,in_age_062,5
2024,나바8166,in_age_063,0
2024,나바8166,in_age_071,5
2024,나바8166,in_age_072,5
2024,나바8166,in_age_073,0
2024,나바8166,in_age_075,5
2024,나바8166,in_age_076,5
2024,나바8166,in_age_077,0
2024,나바8166,in_age_078,0
2024,나바8166,to_in_001,28
2024,나바8166,to_in_007,8
2024,나바8166,to_in_008,18
2024,나바8167,in_age_013,0
2024,나바8167,in_age_014,5
2024,나바8167,in_age_015,8
2024,나바8167,in_age_016,8
2024,나바8167,in_age_017,0
2024,나바8167,in_age_043,0
2024,나바8167,in_age_045,5
2024,나바8167,in_age_046,5
2024,나바8167,in_age_074,5
2024,나바8167,in_age_075,5
2024,나바8167,in_age_076,5
2024,나바8167,in_age_077,0
2024,나바8167,to_in_001,13
2024,나바8167,to_in_007,8
2024,나바8167,to_in_008,8
2024,나바8168,in_age_006,5
2024,나바8168,in_age_010,5
2024,나바8168,in_age_012,5
2024,나바8168,in_age_013,5
2024,나바8168,in_age_014,5
2024,나바8168,in_age_015,5
2024,나바8168,in_age_016,8
2024,나바8168,in_age_017,8
2024,나바8168,in_age_018,0
2024,나바8168,in_age_019,0
2024,나바8168,in_age_020,0
2024,나바8168,in_age_040,0
2024,나바8168,in_age_042,0
2024,나바8168,in_age_043,5
2024,나바8168,in_age_045,5
2024,나바8168,in_age_046,5
2024,나바8168,in_age_047,5
2024,나바8168,in_age_048,0
2024,나바8168,in_age_066,5
2024,나바8168,in_age_070,0
2024,나바8168,in_age_072,5
2024,나바8168,in_age_074,5
2024,나바8168,in_age_075,0
2024,나바8168,in_age_076,5
2024,나바8168,in_age_077,8
2024,나바8168,in_age_079,0
2024,나바8168,in_age_080,0
2024,나바8168,to_in_001,33
2024,나바8168,to_in_007,13
2024,나바8168,to_in_008,18
2024,나바8169,in_age_006,0
2024,나바8169,in_age_009,0
2024,나바8169,in_age_012,8
2024,나바8169,in_age_013,5
2024,나바8169,in_age_014,8
2024,나바8169,in_age_015,5
2024,나바8169,in_age_016,5
2024,나바8169,in_age_017,5
2024,나바8169,in_age_018,5
2024,나바8169,in_age_019,5
2024,나바8169,in_age_039,0
2024,나바8169,in_age_042,5
2024,나바8169,in_age_043,5
2024,나바8169,in_age_044,5
2024,나바8169,in_age_046,5
2024,나바8169,in_age_048,5
2024,나바8169,in_age_066,0
2024,나바8169,in_age_072,5
2024,나바8169,in_age_073,0
2024,나바8169,in_age_074,5
2024,나바8169,in_age_075,5
2024,나바8169,in_age_076,0
2024,나바8169,in_age_077,5
2024,나바8169,in_age_078,0
2024,나바8169,in_age_079,5
2024,나바8169,to_in_001,23
2024,나바8169,to_in_007,13
2024,나바8169,to_in_008,13
2024,나바8170,in_age_007,5
2024,나바8170,in_age_013,0
2024,나바8170,in_age_015,0
2024,나바8170,in_age_017,0
2024,나바8170,in_age_047,0
2024,나바8170,in_age_067,5
2024,나바8170,in_age_073,0
2024,나바8170,in_age_075,0
2024,나바8170,to_in_001,5
2024,나바8170,to_in_007,0
2024,나바8170,to_in_008,5
2024,나바8171,in_age_004,5
2024,나바8171,in_age_005,8
2024,나바8171,in_age_006,5
2024,나바8171,in_age_007,5
2024,나바8171,in_age_008,8
2024,나바8171,in_age_009,5
2024,나바8171,in_age_010,8
2024,나바8171,in_age_011,5
2024,나바8171,in_age_012,8
2024,나바8171,in_age_013,13
2024,나바8171,in_age_014,13
2024,나바8171,in_age_015,13
2024,나바8171,in_age_016,13
2024,나바8171,in_age_017,8
2024,나바8171,in_age_018,5
2024,나바8171,in_age_019,5
2024,나바8171,in_age_034,5
2024,나바8171,in_age_035,8
2024,나바8171,in_age_036,5
2024,나바8171,in_age_037,5
2024,나바8171,in_age_038,8
2024,나바8171,in_age_039,5
2024,나바8171,in_age_040,5
2024,나바8171,in_age_041,5
2024,나바8171,in_age_042,5
2024,나바8171,in_age_043,8
2024,나바8171,in_age_044,5
2024,나바8171,in_age_045,8
2024,나바8171,in_age_046,8
2024,나바8171,in_age_047,5
2024,나바8171,in_age_048,5
2024,나바8171,in_age_049,0
2024,나바8171,in_age_065,0
2024,나바8171,in_age_066,0
2024,나바8171,in_age_069,0
2024,나바8171,in_age_070,5
2024,나바8171,in_age_071,0
2024,나바8171,in_age_072,5
2024,나바8171,in_age_073,8
2024,나바8171,in_age_074,8
2024,나바8171,in_age_075,8
2024,나바8171,in_age_076,8
2024,나바8171,in_age_077,5
2024,나바8171,in_age_078,0
2024,나바8171,in_age_079,0
2024,나바8171,to_in_001,113
2024,나바8171,to_in_007,63
2024,나바8171,to_in_008,48
2024,나바8181,in_age_012,0
2024,나바8181,in_age_042,0
2024,나바8181,to_in_001,0
2024,나바8181,to_in_007,0
2024,나바8181,to_in_008,0
2024,나바8255,in_age_011,5
2024,나바8255,in_age_015,0
2024,나바8255,in_age_016,0
2024,나바8255,in_age_017,0
2024,나바8255,in_age_018,0
2024,나바8255,in_age_019,0
2024,나바8255,in_age_041,5
2024,나바8255,in_age_046,0
2024,나바8255,in_age_048,0
2024,나바8255,in_age_071,0
2024,나바8255,in_age_075,0
2024,나바8255,in_age_077,0
2024,나바8255,in_age_079,0
2024,나바8255,to_in_001,8
2024,나바8255,to_in_007,5
2024,나바8255,to_in_008,5
2024,나바8256,in_age_005,5
2024,나바8256,in_age_006,5
2024,나바8256,in_age_007,5
2024,나바8256,in_age_008,5
2024,나바8256,in_age_009,0
2024,나바8256,in_age_010,8
2024,나바8256,in_age_011,8
2024,나바8256,in_age_012,8
2024,나바8256,in_age_013,23
2024,나바8256,in_age_014,8
2024,나바8256,in_age_015,8
2024,나바8256,in_age_016,5
2024,나바8256,in_age_017,0
2024,나바8256,in_age_018,0
2024,나바8256,in_age_035,5
2024,나바8256,in_age_036,0
2024,나바8256,in_age_037,5
2024,나바8256,in_age_038,5
2024,나바8256,in_age_039,0
2024,나바8256,in_age_040,5
2024,나바8256,in_age_041,8
2024,나바8256,in_age_042,5
2024,나바8256,in_age_043,13
2024,나바8256,in_age_044,5
2024,나바8256,in_age_045,5
2024,나바8256,in_age_046,5
2024,나바8256,in_age_066,5
2024,나바8256,in_age_067,0
2024,나바8256,in_age_068,0
2024,나바8256,in_age_070,5
2024,나바8256,in_age_071,5
2024,나바8256,in_age_072,8
2024,나바8256,in_age_073,13
2024,나바8256,in_age_074,5
2024,나바8256,in_age_075,5
2024,나바8256,in_age_076,5
2024,나바8256,in_age_077,0
2024,나바8256,in_age_078,0
2024,나바8256,to_in_001,78
2024,나바8256,to_in_007,38
2024,나바8256,to_in_008,38
2024,나바8257,in_age_002,0
2024,나바8257,in_age_003,0
2024,나바8257,in_age_004,5
2024,나바8257,in_age_005,5
2024,나바8257,in_age_006,5
2024,나바8257,in_age_007,5
2024,나바8257,in_age_008,8
2024,나바8257,in_age_009,5
2024,나바8257,in_age_010,5
2024,나바8257,in_age_011,5
2024,나바8257,in_age_012,0
2024,나바8257,in_age_013,13
2024,나바8257,in_age_014,8
2024,나바8257,in_age_015,13
2024,나바8257,in_age_016,8
2024,나바8257,in_age_017,8
2024,나바8257,in_age_018,5
2024,나바8257,in_age_032,0
2024,나바8257,in_age_035,5
2024,나바8257,in_age_036,5
2024,나바8257,in_age_038,5
2024,나바8257,in_age_039,0
2024,나바8257,in_age_040,5
2024,나바8257,in_age_041,5
2024,나바8257,in_age_042,0
2024,나바8257,in_age_043,5
2024,나바8257,in_age_044,0
2024,나바8257,in_age_045,8
2024,나바8257,in_age_046,8
2024,나바8257,in_age_047,5
2024,나바8257,in_age_063,0
2024,나바8257,in_age_064,5
2024,나바8257,in_age_066,0
2024,나바8257,in_age_067,5
2024,나바8257,in_age_068,5
2024,나바8257,in_age_069,5
2024,나바8257,in_age_070,5
2024,나바8257,in_age_071,5
2024,나바8257,in_age_073,8
2024,나바8257,in_age_074,8
2024,나바8257,in_age_075,8
2024,나바8257,in_age_076,5
2024,나바8257,in_age_077,5
2024,나바8257,in_age_078,5
2024,나바8257,to_in_001,78
2024,나바8257,to_in_007,38
2024,나바8257,to_in_008,43
2024,나바8261,in_age_002,5
2024,나바8261,in_age_003,5
2024,나바8261,in_age_004,0
2024,나바8261,in_age_005,0
2024,나바8261,in_age_007,0
2024,나바8261,in_age_009,5
2024,나바8261,in_age_010,0
2024,나바8261,in_age_011,5
2024,나바8261,in_age_012,8
2024,나바8261,in_age_013,8
2024,나바8261,in_age_014,8
2024,나바8261,in_age_015,8
2024,나바8261,in_age_016,0
2024,나바8261,in_age_017,5
2024,나바8261,in_age_018,5
2024,나바8261,in_age_019,0
2024,나바8261,in_age_032,0
2024,나바8261,in_age_033,0
2024,나바8261,in_age_034,0
2024,나바8261,in_age_035,0
2024,나바8261,in_age_037,0
2024,나바8261,in_age_039,0
2024,나바8261,in_age_040,0
2024,나바8261,in_age_041,5
2024,나바8261,in_age_042,5
2024,나바8261,in_age_043,5
2024,나바8261,in_age_044,5
2024,나바8261,in_age_045,5
2024,나바8261,in_age_047,0
2024,나바8261,in_age_048,0
2024,나바8261,in_age_062,0
2024,나바8261,in_age_063,0
2024,나바8261,in_age_069,5
2024,나바8261,in_age_071,5
2024,나바8261,in_age_072,5
2024,나바8261,in_age_073,5
2024,나바8261,in_age_074,5
2024,나바8261,in_age_075,5
2024,나바8261,in_age_076,0
2024,나바8261,in_age_077,5
2024,나바8261,in_age_078,5
2024,나바8261,in_age_079,0
2024,나바8261,to_in_001,48
2024,나바8261,to_in_007,23
2024,나바8261,to_in_008,23
2024,나바8263,in_age_002,0
2024,나바8263,in_age_008,0
2024,나바8263,in_age_011,5
2024,나바8263,in_age_012,5
2024,나바8263,in_age_013,8
2024,나바8263,in_age_014,13
2024,나바8263,in_age_015,8
2024,나바8263,in_age_016,5
2024,나바8263,in_age_017,5
2024,나바8263,in_age_018,5
2024,나바8263,in_age_019,5
2024,나바8263,in_age_038,0
2024,나바8263,in_age_041,0
2024,나바8263,in_age_042,5
2024,나바8263,in_age_043,5
2024,나바8263,in_age_044,5
2024,나바8263,in_age_045,5
2024,나바8263,in_age_046,5
2024,나바8263,in_age_062,0
2024,나바8263,in_age_071,0
2024,나바8263,in_age_073,5
2024,나바8263,in_age_074,8
2024,나바8263,in_age_075,5
2024,나바8263,in_age_076,5
2024,나바8263,in_age_077,5
2024,나바8263,in_age_078,5
2024,나바8263,in_age_079,5
2024,나바8263,to_in_001,43
2024,나바8263,to_in_007,18
2024,나바8263,to_in_008,23
2024,나바8264,in_age_009,0
2024,나바8264,in_age_010,0
2024,나바8264,in_age_011,0
2024,나바8264,in_age_013,5
2024,나바8264,in_age_014,8
2024,나바8264,in_age_015,8
2024,나바8264,in_age_016,8
2024,나바8264,in_age_017,5
2024,나바8264,in_age_039,0
2024,나바8264,in_age_040,0
2024,나바8264,in_age_041,0
2024,나바8264,in_age_043,0
2024,나바8264,in_age_044,5
2024,나바8264,in_age_045,5
2024,나바8264,in_age_047,0
2024,나바8264,in_age_073,5
2024,나바8264,in_age_074,5
2024,나바8264,in_age_075,5
2024,나바8264,in_age_076,8
2024,나바8264,in_age_077,5
2024,나바8264,to_in_001,28
2024,나바8264,to_in_007,13
2024,나바8264,to_in_008,13
2024,나바8265,in_age_007,0
2024,나바8265,in_age_009,0
2024,나바8265,in_age_010,0
2024,나바8265,in_age_011,5
2024,나바8265,in_age_012,5
2024,나바8265,in_age_013,5
2024,나바8265,in_age_014,5
2024,나바8265,in_age_015,5
2024,나바8265,in_age_016,5
2024,나바8265,in_age_017,8
2024,나바8265,in_age_018,5
2024,나바8265,in_age_019,0
2024,나바8265,in_age_037,0
2024,나바8265,in_age_039,0
2024,나바8265,in_age_041,0
2024,나바8265,in_age_042,5
2024,나바8265,in_age_043,5
2024,나바8265,in_age_044,5
2024,나바8265,in_age_045,0
2024,나바8265,in_age_047,5
2024,나바8265,in_age_049,0
2024,나바8265,in_age_070,0
2024,나바8265,in_age_071,0
2024,나바8265,in_age_072,5
2024,나바8265,in_age_074,5
2024,나바8265,in_age_075,0
2024,나바8265,in_age_076,5
2024,나바8265,in_age_077,5
2024,나바8265,in_age_078,5
2024,나바8265,to_in_001,28
2024,나바8265,to_in_007,18
2024,나바8265,to_in_008,13
2024,나바8266,in_age_010,0
2024,나바8266,in_age_011,5
2024,나바8266,in_age_012,5
2024,나바8266,in_age_013,0
2024,나바8266,in_age_014,5
2024,나바8266,in_age_015,5
2024,나바8266,in_age_016,5
2024,나바8266,in_age_017,0
2024,나바8266,in_age_040,0
2024,나바8266,in_age_041,0
2024,나바8266,in_age_042,0
2024,나바8266,in_age_044,0
2024,나바8266,in_age_045,0
2024,나바8266,in_age_046,5
2024,나바8266,in_age_071,5
2024,나바8266,in_age_072,5
2024,나바8266,in_age_073,0
2024,나바8266,in_age_074,0
2024,나바8266,in_age_075,0
2024,나바8266,in_age_077,0
2024,나바8266,to_in_001,13
2024,나바8266,to_in_007,8
2024,나바8266,to_in_008,8
2024,나바8269,in_age_006,0
2024,나바8269,in_age_007,0
2024,나바8269,in_age_008,5
2024,나바8269,in_age_009,0
2024,나바8269,in_age_010,5
2024,나바8269,in_age_011,0
2024,나바8269,in_age_012,5
2024,나바8269,in_age_013,8
2024,나바8269,in_age_014,5
2024,나바8269,in_age_016,5
2024,나바8269,in_age_017,0
2024,나바8269,in_age_019,0
2024,나바8269,in_age_037,0
2024,나바8269,in_age_038,0
2024,나바8269,in_age_040,5
2024,나바8269,in_age_042,5
2024,나바8269,in_age_043,8
2024,나바8269,in_age_044,5
2024,나바8269,in_age_046,5
2024,나바8269,in_age_047,0
2024,나바8269,in_age_049,0
2024,나바8269,in_age_066,0
2024,나바8269,in_age_068,0
2024,나바8269,in_age_069,0
2024,나바8269,in_age_071,0
2024,나바8269,in_age_072,5
2024,나바8269,in_age_073,5
2024,나바8269,in_age_074,5
2024,나바8269,in_age_076,5
2024,나바8269,to_in_001,33
2024,나바8269,to_in_007,18
2024,나바8269,to_in_008,13
2024,나바8270,in_age_018,5
2024,나바8270,in_age_048,5
2024,나바8270,to_in_001,5
2024,나바8270,to_in_007,5
2024,나바8270,to_in_008,0
2024,나바8271,in_age_003,0
2024,나바8271,in_age_004,5
2024,나바8271,in_age_005,8
2024,나바8271,in_age_006,5
2024,나바8271,in_age_007,5
2024,나바8271,in_age_009,5
2024,나바8271,in_age_010,5
2024,나바8271,in_age_011,8
2024,나바8271,in_age_012,8
2024,나바8271,in_age_013,13
2024,나바8271,in_age_014,23
2024,나바8271,in_age_015,13
2024,나바8271,in_age_016,5
2024,나바8271,in_age_017,5
2024,나바8271,in_age_018,5
2024,나바8271,in_age_034,0
2024,나바8271,in_age_035,8
2024,나바8271,in_age_036,5
2024,나바8271,in_age_037,5
2024,나바8271,in_age_039,0
2024,나바8271,in_age_040,5
2024,나바8271,in_age_041,5
2024,나바8271,in_age_042,5
2024,나바8271,in_age_043,8
2024,나바8271,in_age_044,8
2024,나바8271,in_age_045,8
2024,나바8271,in_age_046,5
2024,나바8271,in_age_047,5
2024,나바8271,in_age_063,0
2024,나바8271,in_age_064,0
2024,나바8271,in_age_065,0
2024,나바8271,in_age_067,0
2024,나바8271,in_age_069,0
2024,나바8271,in_age_070,0
2024,나바8271,in_age_071,5
2024,나바8271,in_age_072,5
2024,나바8271,in_age_073,8
2024,나바8271,in_age_074,13
2024,나바8271,in_age_075,8
2024,나바8271,in_age_077,0
2024,나바8271,in_age_078,5
2024,나바8271,to_in_001,103
2024,나바8271,to_in_007,58
2024,나바8271,to_in_008,48
2024,나바8276,in_age_012,0
2024,나바8276,in_age_014,0
2024,나바8276,in_age_042,0
2024,나바8276,in_age_044,0
2024,나바8276,to_in_001,5
2024,나바8276,to_in_007,5
2024,나바8276,to_in_008,0
2024,나바8355,in_age_006,0
2024,나바8355,in_age_013,0
2024,나바8355,in_age_016,5
2024,나바8355,in_age_017,5
2024,나바8355,in_age_019,0
2024,나바8355,in_age_036,0
2024,나바8355,in_age_046,0
2024,나바8355,in_age_047,0
2024,나바8355,in_age_049,0
2024,나바8355,in_age_073,0
2024,나바8355,in_age_076,5
2024,나바8355,in_age_077,0
2024,나바8355,to_in_001,8
2024,나바8355,to_in_007,5
2024,나바8355,to_in_008,5
2024,나바8356,in_age_003,5
2024,나바8356,in_age_005,8
2024,나바8356,in_age_006,34
2024,나바8356,in_age_007,43
2024,나바8356,in_age_008,48
2024,나바8356,in_age_009,17
2024,나바8356,in_age_010,14
2024,나바8356,in_age_011,8
2024,나바8356,in_age_012,8
2024,나바8356,in_age_013,18
2024,나바8356,in_age_014,13
2024,나바8356,in_age_015,13
2024,나바8356,in_age_016,5
2024,나바8356,in_age_017,13
2024,나바8356,in_age_018,5
2024,나바8356,in_age_019,5
2024,나바8356,in_age_035,8
2024,나바8356,in_age_036,29
2024,나바8356,in_age_037,40
2024,나바8356,in_age_038,43
2024,나바8356,in_age_039,17
2024,나바8356,in_age_040,14
2024,나바8356,in_age_041,8
2024,나바8356,in_age_042,5
2024,나바8356,in_age_043,8
2024,나바8356,in_age_044,8
2024,나바8356,in_age_045,8
2024,나바8356,in_age_046,5
2024,나바8356,in_age_047,5
2024,나바8356,in_age_048,0
2024,나바8356,in_age_063,5
2024,나바8356,in_age_065,0
2024,나바8356,in_age_066,5
2024,나바8356,in_age_067,0
2024,나바8356,in_age_068,5
2024,나바8356,in_age_070,0
2024,나바8356,in_age_071,0
2024,나바8356,in_age_072,8
2024,나바8356,in_age_073,8
2024,나바8356,in_age_074,8
2024,나바8356,in_age_075,8
2024,나바8356,in_age_076,0
2024,나바8356,in_age_077,8
2024,나바8356,in_age_078,5
2024,나바8356,in_age_079,5
2024,나바8356,to_in_001,249
2024,나바8356,to_in_007,199
2024,나바8356,to_in_008,53
2024,나바8357,in_age_001,0
2024,나바8357,in_age_006,5
2024,나바8357,in_age_007,5
2024,나바8357,in_age_008,5
2024,나바8357,in_age_009,5
2024,나바8357,in_age_010,0
2024,나바8357,in_age_016,5
2024,나바8357,in_age_019,0
2024,나바8357,in_age_031,0
2024,나바8357,in_age_036,5
2024,나바8357,in_age_037,5
2024,나바8357,in_age_038,5
2024,나바8357,in_age_039,5
2024,나바8357,in_age_040,0
2024,나바8357,in_age_046,5
2024,나바8357,in_age_049,0
2024,나바8357,in_age_068,0
2024,나바8357,in_age_076,0
2024,나바8357,to_in_001,23
2024,나바8357,to_in_007,23
2024,나바8357,to_in_008,5
2024,나바8360,in_age_004,5
2024,나바8360,in_age_005,0
2024,나바8360,in_age_007,8
2024,나바8360,in_age_009,5
2024,나바8360,in_age_010,0
2024,나바8360,in_age_011,5
2024,나바8360,in_age_012,5
2024,나바8360,in_age_013,5
2024,나바8360,in_age_014,5
2024,나바8360,in_age_015,8
2024,나바8360,in_age_016,5
2024,나바8360,in_age_019,5
2024,나바8360,in_age_034,5
2024,나바8360,in_age_037,8
2024,나바8360,in_age_039,0
2024,나바8360,in_age_040,0
2024,나바8360,in_age_041,0
2024,나바8360,in_age_042,0
2024,나바8360,in_age_043,5
2024,나바8360,in_age_044,0
2024,나바8360,in_age_045,5
2024,나바8360,in_age_046,5
2024,나바8360,in_age_065,0
2024,나바8360,in_age_069,0
2024,나바8360,in_age_071,5
2024,나바8360,in_age_072,5
2024,나바8360,in_age_073,0
2024,나바8360,in_age_074,5
2024,나바8360,in_age_075,5
2024,나바8360,in_age_076,0
2024,나바8360,in_age_079,5
2024,나바8360,to_in_001,33
2024,나바8360,to_in_007,18
2024,나바8360,to_in_008,13
2024,나바8361,in_age_002,0
2024,나바8361,in_age_003,0
2024,나바8361,in_age_004,5
2024,나바8361,in_age_005,0
2024,나바8361,in_age_006,5
2024,나바8361,in_age_007,8
2024,나바8361,in_age_008,5
2024,나바8361,in_age_009,5
2024,나바8361,in_age_010,8
2024,나바8361,in_age_011,8
2024,나바8361,in_age_012,18
2024,나바8361,in_age_013,18
2024,나바8361,in_age_014,18
2024,나바8361,in_age_015,13
2024,나바8361,in_age_016,13
2024,나바8361,in_age_017,8
2024,나바8361,in_age_018,8
2024,나바8361,in_age_019,5
2024,나바8361,in_age_033,0
2024,나바8361,in_age_034,5
2024,나바8361,in_age_036,5
2024,나바8361,in_age_037,5
2024,나바8361,in_age_038,5
2024,나바8361,in_age_039,5
2024,나바8361,in_age_040,8
2024,나바8361,in_age_041,5
2024,나바8361,in_age_042,8
2024,나바8361,in_age_043,8
2024,나바8361,in_age_044,8
2024,나바8361,in_age_045,5
2024,나바8361,in_age_046,5
2024,나바8361,in_age_047,5
2024,나바8361,in_age_048,5
2024,나바8361,in_age_049,0
2024,나바8361,in_age_062,0
2024,나바8361,in_age_064,5
2024,나바8361,in_age_065,0
2024,나바8361,in_age_067,5
2024,나바8361,in_age_069,5
2024,나바8361,in_age_070,5
2024,나바8361,in_age_071,5
2024,나바8361,in_age_072,8
2024,나바8361,in_age_073,8
2024,나바8361,in_age_074,13
2024,나바8361,in_age_075,8
2024,나바8361,in_age_076,8
2024,나바8361,in_age_077,5
2024,나바8361,in_age_078,8
2024,나바8361,in_age_079,0
2024,나바8361,to_in_001,133
2024,나바8361,to_in_007,68
2024,나바8361,to_in_008,68
2024,나바8362,in_age_003,0
2024,나바8362,in_age_004,0
2024,나바8362,in_age_006,5
2024,나바8362,in_age_007,0
2024,나바8362,in_age_008,0
2024,나바8362,in_age_009,0
2024,나바8362,in_age_010,5
2024,나바8362,in_age_011,5
2024,나바8362,in_age_012,8
2024,나바8362,in_age_013,13
2024,나바8362,in_age_014,13
2024,나바8362,in_age_015,8
2024,나바8362,in_age_016,5
2024,나바8362,in_age_017,5
2024,나바8362,in_age_018,5
2024,나바8362,in_age_019,0
2024,나바8362,in_age_033,0
2024,나바8362,in_age_036,5
2024,나바8362,in_age_037,0
2024,나바8362,in_age_038,0
2024,나바8362,in_age_039,0
2024,나바8362,in_age_040,5
2024,나바8362,in_age_041,5
2024,나바8362,in_age_042,5
2024,나바8362,in_age_043,8
2024,나바8362,in_age_044,8
2024,나바8362,in_age_045,8
2024,나바8362,in_age_046,0
2024,나바8362,in_age_047,5
2024,나바8362,in_age_048,0
2024,나바8362,in_age_064,0
2024,나바8362,in_age_071,5
2024,나바8362,in_age_072,5
2024,나바8362,in_age_073,8
2024,나바8362,in_age_074,8
2024,나바8362,in_age_075,5
2024,나바8362,in_age_076,0
2024,나바8362,in_age_077,5
2024,나바8362,in_age_078,5
2024,나바8362,in_age_079,0
2024,나바8362,to_in_001,68
2024,나바8362,to_in_007,33
2024,나바8362,to_in_008,33
2024,나바8363,in_age_001,0
2024,나바8363,in_age_002,0
2024,나바8363,in_age_003,5
2024,나바8363,in_age_004,8
2024,나바8363,in_age_005,0
2024,나바8363,in_age_006,8
2024,나바8363,in_age_007,8
2024,나바8363,in_age_008,8
2024,나바8363,in_age_009,8
2024,나바8363,in_age_010,13
2024,나바8363,in_age_011,13
2024,나바8363,in_age_012,23
2024,나바8363,in_age_013,28
2024,나바8363,in_age_014,28
2024,나바8363,in_age_015,18
2024,나바8363,in_age_016,18
2024,나바8363,in_age_017,18
2024,나바8363,in_age_018,8
2024,나바8363,in_age_019,8
2024,나바8363,in_age_020,0
2024,나바8363,in_age_031,0
2024,나바8363,in_age_032,0
2024,나바8363,in_age_033,0
2024,나바8363,in_age_034,5
2024,나바8363,in_age_036,5
2024,나바8363,in_age_037,5
2024,나바8363,in_age_038,5
2024,나바8363,in_age_039,5
2024,나바8363,in_age_040,8
2024,나바8363,in_age_041,8
2024,나바8363,in_age_042,8
2024,나바8363,in_age_043,18
2024,나바8363,in_age_044,13
2024,나바8363,in_age_045,8
2024,나바8363,in_age_046,8
2024,나바8363,in_age_047,5
2024,나바8363,in_age_049,5
2024,나바8363,in_age_063,0
2024,나바8363,in_age_064,5
2024,나바8363,in_age_065,0
2024,나바8363,in_age_066,8
2024,나바8363,in_age_067,5
2024,나바8363,in_age_068,5
2024,나바8363,in_age_069,8
2024,나바8363,in_age_070,5
2024,나바8363,in_age_071,8
2024,나바8363,in_age_072,13
2024,나바8363,in_age_073,8
2024,나바8363,in_age_074,18
2024,나바8363,in_age_075,8
2024,나바8363,in_age_076,8
2024,나바8363,in_age_077,13
2024,나바8363,in_age_078,8
2024,나바8363,in_age_079,5
2024,나바8363,in_age_080,0
2024,나바8363,to_in_001,213
2024,나바8363,to_in_007,98
2024,나바8363,to_in_008,118
2024,나바8364,in_age_005,5
2024,나바8364,in_age_009,0
2024,나바8364,in_age_010,5
2024,나바8364,in_age_012,5
2024,나바8364,in_age_013,8
2024,나바8364,in_age_014,8
2024,나바8364,in_age_015,8
2024,나바8364,in_age_016,8
2024,나바8364,in_age_017,5
2024,나바8364,in_age_018,5
2024,나바8364,in_age_019,0
2024,나바8364,in_age_039,0
2024,나바8364,in_age_040,5
2024,나바8364,in_age_042,0
2024,나바8364,in_age_043,5
2024,나바8364,in_age_044,5
2024,나바8364,in_age_045,5
2024,나바8364,in_age_046,8
2024,나바8364,in_age_048,0
2024,나바8364,in_age_065,5
2024,나바8364,in_age_072,5
2024,나바8364,in_age_073,5
2024,나바8364,in_age_074,5
2024,나바8364,in_age_075,0
2024,나바8364,in_age_076,5
2024,나바8364,in_age_077,5
2024,나바8364,in_age_078,5
2024,나바8364,in_age_079,0
2024,나바8364,to_in_001,43
2024,나바8364,to_in_007,23
2024,나바8364,to_in_008,23
2024,나바8365,in_age_011,0
2024,나바8365,in_age_012,5
2024,나바8365,in_age_013,8
2024,나바8365,in_age_014,0
2024,나바8365,in_age_015,5
2024,나바8365,in_age_016,5
2024,나바8365,in_age_017,5
2024,나바8365,in_age_018,5
2024,나바8365,in_age_041,0
2024,나바8365,in_age_042,0
2024,나바8365,in_age_043,8
2024,나바8365,in_age_044,0
2024,나바8365,in_age_046,0
2024,나바8365,in_age_047,5
2024,나바8365,in_age_072,0
2024,나바8365,in_age_073,5
2024,나바8365,in_age_075,5
2024,나바8365,in_age_076,0
2024,나바8365,in_age_077,0
2024,나바8365,in_age_078,5
2024,나바8365,to_in_001,23
2024,나바8365,to_in_007,8
2024,나바8365,to_in_008,13
2024,나바8366,in_age_016,0
2024,나바8366,in_age_017,0
2024,나바8366,in_age_047,0
2024,나바8366,in_age_076,0
2024,나바8366,to_in_001,5
2024,나바8366,to_in_007,0
2024,나바8366,to_in_008,0
2024,나바8367,in_age_010,0
2024,나바8367,in_age_040,0
2024,나바8367,to_in_001,0
2024,나바8367,to_in_007,0
2024,나바8367,to_in_008,0
2024,나바8368,in_age_003,0
2024,나바8368,in_age_009,0
2024,나바8368,in_age_011,5
2024,나바8368,in_age_012,5
2024,나바8368,in_age_014,8
2024,나바8368,in_age_015,5
2024,나바8368,in_age_016,5
2024,나바8368,in_age_017,5
2024,나바8368,in_age_018,8
2024,나바8368,in_age_019,0
2024,나바8368,in_age_033,0
2024,나바8368,in_age_039,0
2024,나바8368,in_age_041,5
2024,나바8368,in_age_042,5
2024,나바8368,in_age_044,5
2024,나바8368,in_age_045,0
2024,나바8368,in_age_046,5
2024,나바8368,in_age_047,5
2024,나바8368,in_age_048,5
2024,나바8368,in_age_074,8
2024,나바8368,in_age_075,5
2024,나바8368,in_age_076,5
2024,나바8368,in_age_077,0
2024,나바8368,in_age_078,5
2024,나바8368,in_age_079,0
2024,나바8368,to_in_001,28
2024,나바8368,to_in_007,18
2024,나바8368,to_in_008,13
2024,나바8369,in_age_006,0
2024,나바8369,in_age_011,0
2024,나바8369,in_age_012,5
2024,나바8369,in_age_013,5
2024,나바8369,in_age_014,5
2024,나바8369,in_age_015,5
2024,나바8369,in_age_016,5
2024,나바8369,in_age_017,5
2024,나바8369,in_age_018,0
2024,나바8369,in_age_019,5
2024,나바8369,in_age_041,0
2024,나바8369,in_age_042,5
2024,나바8369,in_age_043,0
2024,나바8369,in_age_044,0
2024,나바8369,in_age_045,5
2024,나바8369,in_age_047,5
2024,나바8369,in_age_066,0
2024,나바8369,in_age_072,0
2024,나바8369,in_age_073,5
2024,나바8369,in_age_074,0
2024,나바8369,in_age_076,5
2024,나바8369,in_age_078,0
2024,나바8369,in_age_079,5
2024,나바8369,to_in_001,18
2024,나바8369,to_in_007,8
2024,나바8369,to_in_008,13
2024,나바8370,in_age_010,5
2024,나바8370,in_age_013,5
2024,나바8370,in_age_014,0
2024,나바8370,in_age_015,5
2024,나바8370,in_age_017,0
2024,나바8370,in_age_040,5
2024,나바8370,in_age_043,5
2024,나바8370,in_age_045,0
2024,나바8370,in_age_073,0
2024,나바8370,in_age_074,0
2024,나바8370,in_age_075,0
2024,나바8370,in_age_077,0
2024,나바8370,to_in_001,8
2024,나바8370,to_in_007,8
2024,나바8370,to_in_008,5
2024,나바8371,in_age_007,0
2024,나바8371,in_age_009,0
2024,나바8371,in_age_010,5
2024,나바8371,in_age_011,5
2024,나바8371,in_age_012,8
2024,나바8371,in_age_013,13
2024,나바8371,in_age_014,5
2024,나바8371,in_age_015,5
2024,나바8371,in_age_016,5
2024,나바8371,in_age_017,5
2024,나바8371,in_age_019,5
2024,나바8371,in_age_020,0
2024,나바8371,in_age_037,0
2024,나바8371,in_age_040,5
2024,나바8371,in_age_041,5
2024,나바8371,in_age_042,8
2024,나바8371,in_age_043,5
2024,나바8371,in_age_044,5
2024,나바8371,in_age_046,0
2024,나바8371,in_age_047,0
2024,나바8371,in_age_069,0
2024,나바8371,in_age_070,5
2024,나바8371,in_age_071,5
2024,나바8371,in_age_072,5
2024,나바8371,in_age_073,8
2024,나바8371,in_age_074,0
2024,나바8371,in_age_075,5
2024,나바8371,in_age_076,5
2024,나바8371,in_age_077,5
2024,나바8371,in_age_079,5
2024,나바8371,in_age_080,0
2024,나바8371,to_in_001,43
2024,나바8371,to_in_007,23
2024,나바8371,to_in_008,23
2024,나바8372,in_age_002,0
2024,나바8372,in_age_004,0
2024,나바8372,in_age_005,0
2024,나바8372,in_age_006,5
2024,나바8372,in_age_007,0
2024,나바8372,in_age_009,5
2024,나바8372,in_age_010,0
2024,나바8372,in_age_011,8
2024,나바8372,in_age_012,5
2024,나바8372,in_age_013,8
2024,나바8372,in_age_014,8
2024,나바8372,in_age_015,8
2024,나바8372,in_age_016,5
2024,나바8372,in_age_017,5
2024,나바8372,in_age_018,0
2024,나바8372,in_age_032,0
2024,나바8372,in_age_035,0
2024,나바8372,in_age_036,5
2024,나바8372,in_age_039,5
2024,나바8372,in_age_040,0
2024,나바8372,in_age_041,5
2024,나바8372,in_age_042,5
2024,나바8372,in_age_043,5
2024,나바8372,in_age_044,5
2024,나바8372,in_age_045,5
2024,나바8372,in_age_046,0
2024,나바8372,in_age_047,5
2024,나바8372,in_age_048,0
2024,나바8372,in_age_064,0
2024,나바8372,in_age_067,0
2024,나바8372,in_age_069,0
2024,나바8372,in_age_071,5
2024,나바8372,in_age_072,0
2024,나바8372,in_age_073,5
2024,나바8372,in_age_074,8
2024,나바8372,in_age_075,5
2024,나바8372,in_age_076,5
2024,나바8372,in_age_077,5
2024,나바8372,to_in_001,48
2024,나바8372,to_in_007,28
2024,나바8372,to_in_008,18
2024,나바8374,in_age_012,0
2024,나바8374,in_age_014,0
2024,나바8374,in_age_072,0
2024,나바8374,in_age_074,0
2024,나바8374,to_in_001,5
2024,나바8374,to_in_007,0
2024,나바8374,to_in_008,5
2024,나바8375,in_age_003,5
2024,나바8375,in_age_004,5
2024,나바8375,in_age_011,0
2024,나바8375,in_age_012,5
2024,나바8375,in_age_013,0
2024,나바8375,in_age_014,8
2024,나바8375,in_age_015,5
2024,나바8375,in_age_016,0
2024,나바8375,in_age_034,0
2024,나바8375,in_age_041,0
2024,나바8375,in_age_044,5
2024,나바8375,in_age_045,5
2024,나바8375,in_age_046,0
2024,나바8375,in_age_063,5
2024,나바8375,in_age_064,0
2024,나바8375,in_age_072,5
2024,나바8375,in_age_073,0
2024,나바8375,in_age_074,5
2024,나바8375,in_age_075,0
2024,나바8375,to_in_001,18
2024,나바8375,to_in_007,8
2024,나바8375,to_in_008,8
2024,나바8376,in_age_002,0
2024,나바8376,in_age_003,0
2024,나바8376,in_age_008,0
2024,나바8376,in_age_009,5
2024,나바8376,in_age_011,0
2024,나바8376,in_age_012,5
2024,나바8376,in_age_013,0
2024,나바8376,in_age_014,5
2024,나바8376,in_age_015,5
2024,나바8376,in_age_017,5
2024,나바8376,in_age_020,0
2024,나바8376,in_age_032,0
2024,나바8376,in_age_033,0
2024,나바8376,in_age_038,0
2024,나바8376,in_age_039,0
2024,나바8376,in_age_041,0
2024,나바8376,in_age_042,5
2024,나바8376,in_age_044,0
2024,나바8376,in_age_045,0
2024,나바8376,in_age_047,5
2024,나바8376,in_age_069,0
2024,나바8376,in_age_072,5
2024,나바8376,in_age_073,0
2024,나바8376,in_age_074,0
2024,나바8376,in_age_075,5
2024,나바8376,in_age_077,0
2024,나바8376,in_age_080,0
2024,나바8376,to_in_001,18
2024,나바8376,to_in_007,13
2024,나바8376,to_in_008,8
2024,나바8377,in_age_014,0
2024,나바8377,in_age_017,0
2024,나바8377,in_age_074,0
2024,나바8377,in_age_077,0
2024,나바8377,to_in_001,5
2024,나바8377,to_in_007,0
2024,나바8377,to_in_008,5
2024,나바8455,in_age_002,5
2024,나바8455,in_age_003,5
2024,나바8455,in_age_004,8
2024,나바8455,in_age_005,5
2024,나바8455,in_age_006,5
2024,나바8455,in_age_007,5
2024,나바8455,in_age_008,5
2024,나바8455,in_age_009,8
2024,나바8455,in_age_010,13
2024,나바8455,in_age_011,13
2024,나바8455,in_age_012,13
2024,나바8455,in_age_013,23
2024,나바8455,in_age_014,23
2024,나바8455,in_age_015,18
2024,나바8455,in_age_016,8
2024,나바8455,in_age_017,8
2024,나바8455,in_age_018,5
2024,나바8455,in_age_019,5
2024,나바8455,in_age_020,5
2024,나바8455,in_age_032,5
2024,나바8455,in_age_033,5
2024,나바8455,in_age_034,5
2024,나바8455,in_age_035,5
2024,나바8455,in_age_037,5
2024,나바8455,in_age_038,5
2024,나바8455,in_age_039,8
2024,나바8455,in_age_040,8
2024,나바8455,in_age_041,8
2024,나바8455,in_age_042,8
2024,나바8455,in_age_043,8
2024,나바8455,in_age_044,13
2024,나바8455,in_age_045,8
2024,나바8455,in_age_046,5
2024,나바8455,in_age_047,5
2024,나바8455,in_age_048,5
2024,나바8455,in_age_049,0
2024,나바8455,in_age_062,0
2024,나바8455,in_age_064,5
2024,나바8455,in_age_066,5
2024,나바8455,in_age_067,5
2024,나바8455,in_age_069,5
2024,나바8455,in_age_070,5
2024,나바8455,in_age_071,8
2024,나바8455,in_age_072,8
2024,나바8455,in_age_073,13
2024,나바8455,in_age_074,13
2024,나바8455,in_age_075,8
2024,나바8455,in_age_076,8
2024,나바8455,in_age_077,8
2024,나바8455,in_age_079,5
2024,나바8455,in_age_080,5
2024,나바8455,to_in_001,158
2024,나바8455,to_in_007,83
2024,나바8455,to_in_008,73
2024,나바8456,in_age_004,5
2024,나바8456,in_age_005,8
2024,나바8456,in_age_006,18
2024,나바8456,in_age_007,31
2024,나바8456,in_age_008,31
2024,나바8456,in_age_009,13
2024,나바8456,in_age_010,13
2024,나바8456,in_age_011,8
2024,나바8456,in_age_012,8
2024,나바8456,in_age_013,23
2024,나바8456,in_age_014,13
2024,나바8456,in_age_015,13
2024,나바8456,in_age_016,8
2024,나바8456,in_age_017,13
2024,나바8456,in_age_018,8
2024,나바8456,in_age_019,5
2024,나바8456,in_age_034,5
2024,나바8456,in_age_035,8
2024,나바8456,in_age_036,13
2024,나바8456,in_age_037,31
2024,나바8456,in_age_038,26
2024,나바8456,in_age_039,8
2024,나바8456,in_age_040,8
2024,나바8456,in_age_041,8
2024,나바8456,in_age_042,8
2024,나바8456,in_age_043,13
2024,나바8456,in_age_044,8
2024,나바8456,in_age_045,13
2024,나바8456,in_age_046,5
2024,나바8456,in_age_047,5
2024,나바8456,in_age_048,5
2024,나바8456,in_age_049,5
2024,나바8456,in_age_065,5
2024,나바8456,in_age_066,5
2024,나바8456,in_age_067,5
2024,나바8456,in_age_068,5
2024,나바8456,in_age_069,8
2024,나바8456,in_age_070,5
2024,나바8456,in_age_071,5
2024,나바8456,in_age_072,8
2024,나바8456,in_age_073,13
2024,나바8456,in_age_074,8
2024,나바8456,in_age_075,5
2024,나바8456,in_age_076,5
2024,나바8456,in_age_077,8
2024,나바8456,in_age_078,5
2024,나바8456,in_age_079,5
2024,나바8456,to_in_001,219
2024,나바8456,to_in_007,154
2024,나바8456,to_in_008,68
2024,나바8457,in_age_005,5
2024,나바8457,in_age_006,0
2024,나바8457,in_age_007,5
2024,나바8457,in_age_008,0
2024,나바8457,in_age_010,5
2024,나바8457,in_age_011,5
2024,나바8457,in_age_012,5
2024,나바8457,in_age_013,5
2024,나바8457,in_age_014,5
2024,나바8457,in_age_015,0
2024,나바8457,in_age_016,5
2024,나바8457,in_age_017,5
2024,나바8457,in_age_018,5
2024,나바8457,in_age_035,5
2024,나바8457,in_age_036,0
2024,나바8457,in_age_037,5
2024,나바8457,in_age_038,0
2024,나바8457,in_age_040,5
2024,나바8457,in_age_042,5
2024,나바8457,in_age_043,5
2024,나바8457,in_age_044,0
2024,나바8457,in_age_047,0
2024,나바8457,in_age_048,0
2024,나바8457,in_age_065,0
2024,나바8457,in_age_071,5
2024,나바8457,in_age_072,0
2024,나바8457,in_age_073,0
2024,나바8457,in_age_074,0
2024,나바8457,in_age_075,0
2024,나바8457,in_age_076,5
2024,나바8457,in_age_077,5
2024,나바8457,in_age_078,0
2024,나바8457,to_in_001,43
2024,나바8457,to_in_007,23
2024,나바8457,to_in_008,18
2024,나바8459,in_age_002,5
2024,나바8459,in_age_004,0
2024,나바8459,in_age_008,5
2024,나바8459,in_age_009,5
2024,나바8459,in_age_011,5
2024,나바8459,in_age_012,5
2024,나바8459,in_age_013,8
2024,나바8459,in_age_014,13
2024,나바8459,in_age_015,5
2024,나바8459,in_age_016,8
2024,나바8459,in_age_017,5
2024,나바8459,in_age_018,5
2024,나바8459,in_age_019,5
2024,나바8459,in_age_034,0
2024,나바8459,in_age_038,0
2024,나바8459,in_age_039,5
2024,나바8459,in_age_041,0
2024,나바8459,in_age_042,0
2024,나바8459,in_age_043,5
2024,나바8459,in_age_044,8
2024,나바8459,in_age_045,5
2024,나바8459,in_age_046,5
2024,나바8459,in_age_047,5
2024,나바8459,in_age_062,5
2024,나바8459,in_age_068,0
2024,나바8459,in_age_071,0
2024,나바8459,in_age_072,0
2024,나바8459,in_age_073,8
2024,나바8459,in_age_074,8
2024,나바8459,in_age_075,5
2024,나바8459,in_age_076,8
2024,나바8459,in_age_077,0
2024,나바8459,in_age_078,5
2024,나바8459,in_age_079,5
2024,나바8459,to_in_001,48
2024,나바8459,to_in_007,23
2024,나바8459,to_in_008,23
2024,나바8460,in_age_002,0
2024,나바8460,in_age_003,0
2024,나바8460,in_age_004,5
2024,나바8460,in_age_005,5
2024,나바8460,in_age_006,0
2024,나바8460,in_age_007,0
2024,나바8460,in_age_009,8
2024,나바8460,in_age_010,8
2024,나바8460,in_age_011,5
2024,나바8460,in_age_012,5
2024,나바8460,in_age_013,8
2024,나바8460,in_age_014,8
2024,나바8460,in_age_015,5
2024,나바8460,in_age_016,5
2024,나바8460,in_age_017,5
2024,나바8460,in_age_018,5
2024,나바8460,in_age_019,5
2024,나바8460,in_age_034,0
2024,나바8460,in_age_035,5
2024,나바8460,in_age_036,0
2024,나바8460,in_age_037,0
2024,나바8460,in_age_039,5
2024,나바8460,in_age_040,5
2024,나바8460,in_age_041,5
2024,나바8460,in_age_042,5
2024,나바8460,in_age_043,5
2024,나바8460,in_age_044,5
2024,나바8460,in_age_045,5
2024,나바8460,in_age_047,5
2024,나바8460,in_age_048,0
2024,나바8460,in_age_049,0
2024,나바8460,in_age_062,0
2024,나바8460,in_age_063,0
2024,나바8460,in_age_064,0
2024,나바8460,in_age_069,5
2024,나바8460,in_age_070,5
2024,나바8460,in_age_072,5
2024,나바8460,in_age_073,5
2024,나바8460,in_age_074,5
2024,나바8460,in_age_075,5
2024,나바8460,in_age_076,5
2024,나바8460,in_age_077,5
2024,나바8460,in_age_078,0
2024,나바8460,in_age_079,0
2024,나바8460,to_in_001,53
2024,나바8460,to_in_007,28
2024,나바8460,to_in_008,23
2024,나바8461,in_age_005,5
2024,나바8461,in_age_006,5
2024,나바8461,in_age_008,5
2024,나바8461,in_age_009,0
2024,나바8461,in_age_010,5
2024,나바8461,in_age_011,5
2024,나바8461,in_age_012,8
2024,나바8461,in_age_013,13
2024,나바8461,in_age_014,8
2024,나바8461,in_age_015,8
2024,나바8461,in_age_016,13
2024,나바8461,in_age_017,8
2024,나바8461,in_age_018,5
2024,나바8461,in_age_019,5
2024,나바8461,in_age_020,5
2024,나바8461,in_age_035,5
2024,나바8461,in_age_036,0
2024,나바8461,in_age_039,0
2024,나바8461,in_age_040,5
2024,나바8461,in_age_041,5
2024,나바8461,in_age_042,8
2024,나바8461,in_age_043,8
2024,나바8461,in_age_044,5
2024,나바8461,in_age_045,5
2024,나바8461,in_age_046,5
2024,나바8461,in_age_047,5
2024,나바8461,in_age_048,0
2024,나바8461,in_age_049,5
2024,나바8461,in_age_066,5
2024,나바8461,in_age_068,5
2024,나바8461,in_age_070,0
2024,나바8461,in_age_071,5
2024,나바8461,in_age_072,5
2024,나바8461,in_age_073,8
2024,나바8461,in_age_074,8
2024,나바8461,in_age_075,5
2024,나바8461,in_age_076,8
2024,나바8461,in_age_077,8
2024,나바8461,in_age_078,0
2024,나바8461,in_age_079,0
2024,나바8461,in_age_080,5
2024,나바8461,to_in_001,83
2024,나바8461,to_in_007,33
2024,나바8461,to_in_008,48
2024,나바8462,in_age_002,5
2024,나바8462,in_age_003,0
2024,나바8462,in_age_004,0
2024,나바8462,in_age_005,8
2024,나바8462,in_age_006,5
2024,나바8462,in_age_007,5
2024,나바8462,in_age_008,5
2024,나바8462,in_age_009,8
2024,나바8462,in_age_010,8
2024,나바8462,in_age_011,8
2024,나바8462,in_age_012,18
2024,나바8462,in_age_013,38
2024,나바8462,in_age_014,23
2024,나바8462,in_age_015,23
2024,나바8462,in_age_016,18
2024,나바8462,in_age_017,8
2024,나바8462,in_age_018,5
2024,나바8462,in_age_019,5
2024,나바8462,in_age_032,5
2024,나바8462,in_age_033,0
2024,나바8462,in_age_034,0
2024,나바8462,in_age_035,8
2024,나바8462,in_age_036,5
2024,나바8462,in_age_037,5
2024,나바8462,in_age_038,5
2024,나바8462,in_age_039,5
2024,나바8462,in_age_040,8
2024,나바8462,in_age_041,5
2024,나바8462,in_age_042,8
2024,나바8462,in_age_043,13
2024,나바8462,in_age_044,13
2024,나바8462,in_age_045,8
2024,나바8462,in_age_046,13
2024,나바8462,in_age_047,5
2024,나바8462,in_age_049,5
2024,나바8462,in_age_062,0
2024,나바8462,in_age_065,0
2024,나바8462,in_age_067,0
2024,나바8462,in_age_068,5
2024,나바8462,in_age_069,8
2024,나바8462,in_age_070,5
2024,나바8462,in_age_071,8
2024,나바8462,in_age_072,8
2024,나바8462,in_age_073,23
2024,나바8462,in_age_074,8
2024,나바8462,in_age_075,13
2024,나바8462,in_age_076,8
2024,나바8462,in_age_077,8
2024,나바8462,in_age_078,5
2024,나바8462,in_age_079,0
2024,나바8462,to_in_001,183
2024,나바8462,to_in_007,98
2024,나바8462,to_in_008,83
2024,나바8463,in_age_002,5
2024,나바8463,in_age_003,5
2024,나바8463,in_age_004,5
2024,나바8463,in_age_006,5
2024,나바8463,in_age_007,8
2024,나바8463,in_age_008,5
2024,나바8463,in_age_009,5
2024,나바8463,in_age_010,8
2024,나바8463,in_age_011,13
2024,나바8463,in_age_012,8
2024,나바8463,in_age_013,18
2024,나바8463,in_age_014,18
2024,나바8463,in_age_015,13
2024,나바8463,in_age_016,13
2024,나바8463,in_age_017,13
2024,나바8463,in_age_018,13
2024,나바8463,in_age_019,5
2024,나바8463,in_age_032,5
2024,나바8463,in_age_036,0
2024,나바8463,in_age_037,5
2024,나바8463,in_age_038,5
2024,나바8463,in_age_039,5
2024,나바8463,in_age_040,5
2024,나바8463,in_age_041,8
2024,나바8463,in_age_042,5
2024,나바8463,in_age_043,8
2024,나바8463,in_age_044,8
2024,나바8463,in_age_045,8
2024,나바8463,in_age_046,8
2024,나바8463,in_age_047,5
2024,나바8463,in_age_048,5
2024,나바8463,in_age_049,0
2024,나바8463,in_age_063,5
2024,나바8463,in_age_064,5
2024,나바8463,in_age_066,0
2024,나바8463,in_age_067,5
2024,나바8463,in_age_068,5
2024,나바8463,in_age_069,5
2024,나바8463,in_age_070,5
2024,나바8463,in_age_071,5
2024,나바8463,in_age_072,5
2024,나바8463,in_age_073,8
2024,나바8463,in_age_074,8
2024,나바8463,in_age_075,8
2024,나바8463,in_age_076,5
2024,나바8463,in_age_077,8
2024,나바8463,in_age_078,8
2024,나바8463,in_age_079,0
2024,나바8463,to_in_001,133
2024,나바8463,to_in_007,63
2024,나바8463,to_in_008,73
2024,나바8464,in_age_005,0
2024,나바8464,in_age_006,5
2024,나바8464,in_age_007,5
2024,나바8464,in_age_008,5
2024,나바8464,in_age_009,0
2024,나바8464,in_age_010,0
2024,나바8464,in_age_011,5
2024,나바8464,in_age_012,8
2024,나바8464,in_age_013,8
2024,나바8464,in_age_014,13
2024,나바8464,in_age_015,8
2024,나바8464,in_age_016,5
2024,나바8464,in_age_017,5
2024,나바8464,in_age_018,5
2024,나바8464,in_age_019,0
2024,나바8464,in_age_038,5
2024,나바8464,in_age_039,0
2024,나바8464,in_age_041,0
2024,나바8464,in_age_042,8
2024,나바8464,in_age_043,0
2024,나바8464,in_age_044,8
2024,나바8464,in_age_045,5
2024,나바8464,in_age_046,5
2024,나바8464,in_age_047,5
2024,나바8464,in_age_048,5
2024,나바8464,in_age_065,0
2024,나바8464,in_age_066,5
2024,나바8464,in_age_067,5
2024,나바8464,in_age_070,0
2024,나바8464,in_age_071,5
2024,나바8464,in_age_072,0
2024,나바8464,in_age_073,8
2024,나바8464,in_age_074,8
2024,나바8464,in_age_075,8
2024,나바8464,in_age_076,5
2024,나바8464,in_age_077,5
2024,나바8464,in_age_078,5
2024,나바8464,in_age_079,0
2024,나바8464,to_in_001,58
2024,나바8464,to_in_007,28
2024,나바8464,to_in_008,33
2024,나바8465,in_age_008,0
2024,나바8465,in_age_009,0
2024,나바8465,in_age_010,5
2024,나바8465,in_age_011,5
2024,나바8465,in_age_012,0
2024,나바8465,in_age_013,8
2024,나바8465,in_age_014,13
2024,나바8465,in_age_015,8
2024,나바8465,in_age_016,5
2024,나바8465,in_age_017,5
2024,나바8465,in_age_018,5
2024,나바8465,in_age_019,0
2024,나바8465,in_age_038,0
2024,나바8465,in_age_039,0
2024,나바8465,in_age_040,5
2024,나바8465,in_age_041,5
2024,나바8465,in_age_043,5
2024,나바8465,in_age_044,8
2024,나바8465,in_age_045,5
2024,나바8465,in_age_046,0
2024,나바8465,in_age_048,5
2024,나바8465,in_age_070,0
2024,나바8465,in_age_071,0
2024,나바8465,in_age_072,0
2024,나바8465,in_age_073,5
2024,나바8465,in_age_074,5
2024,나바8465,in_age_075,5
2024,나바8465,in_age_076,0
2024,나바8465,in_age_077,5
2024,나바8465,in_age_078,5
2024,나바8465,in_age_079,0
2024,나바8465,to_in_001,48
2024,나바8465,to_in_007,23
2024,나바8465,to_in_008,28
2024,나바8466,in_age_005,0
2024,나바8466,in_age_008,0
2024,나바8466,in_age_011,0
2024,나바8466,in_age_012,0
2024,나바8466,in_age_013,5
2024,나바8466,in_age_014,8
2024,나바8466,in_age_015,8
2024,나바8466,in_age_017,0
2024,나바8466,in_age_019,0
2024,나바8466,in_age_038,0
2024,나바8466,in_age_041,0
2024,나바8466,in_age_042,0
2024,나바8466,in_age_043,5
2024,나바8466,in_age_044,8
2024,나바8466,in_age_045,5
2024,나바8466,in_age_047,0
2024,나바8466,in_age_065,0
2024,나바8466,in_age_073,0
2024,나바8466,in_age_074,5
2024,나바8466,in_age_075,5
2024,나바8466,in_age_079,0
2024,나바8466,to_in_001,23
2024,나바8466,to_in_007,13
2024,나바8466,to_in_008,8
2024,나바8467,in_age_004,0
2024,나바8467,in_age_011,5
2024,나바8467,in_age_012,5
2024,나바8467,in_age_013,5
2024,나바8467,in_age_014,5
2024,나바8467,in_age_015,5
2024,나바8467,in_age_016,5
2024,나바8467,in_age_017,5
2024,나바8467,in_age_018,0
2024,나바8467,in_age_041,5
2024,나바8467,in_age_042,5
2024,나바8467,in_age_044,5
2024,나바8467,in_age_045,5
2024,나바8467,in_age_047,0
2024,나바8467,in_age_064,0
2024,나바8467,in_age_071,0
2024,나바8467,in_age_072,0
2024,나바8467,in_age_073,5
2024,나바8467,in_age_076,5
2024,나바8467,in_age_077,5
2024,나바8467,in_age_078,0
2024,나바8467,to_in_001,18
2024,나바8467,to_in_007,8
2024,나바8467,to_in_008,8
2024,나바8468,in_age_003,8
2024,나바8468,in_age_004,30
2024,나바8468,in_age_009,0
2024,나바8468,in_age_010,5
2024,나바8468,in_age_011,5
2024,나바8468,in_age_012,8
2024,나바8468,in_age_013,5
2024,나바8468,in_age_014,5
2024,나바8468,in_age_015,8
2024,나바8468,in_age_016,5
2024,나바8468,in_age_017,8
2024,나바8468,in_age_018,8
2024,나바8468,in_age_019,5
2024,나바8468,in_age_033,5
2024,나바8468,in_age_034,16
2024,나바8468,in_age_039,0
2024,나바8468,in_age_042,8
2024,나바8468,in_age_043,5
2024,나바8468,in_age_044,5
2024,나바8468,in_age_045,5
2024,나바8468,in_age_046,5
2024,나바8468,in_age_047,5
2024,나바8468,in_age_063,5
2024,나바8468,in_age_064,14
2024,나바8468,in_age_070,5
2024,나바8468,in_age_071,5
2024,나바8468,in_age_072,0
2024,나바8468,in_age_073,5
2024,나바8468,in_age_074,5
2024,나바8468,in_age_075,5
2024,나바8468,in_age_076,5
2024,나바8468,in_age_077,5
2024,나바8468,in_age_078,8
2024,나바8468,in_age_079,5
2024,나바8468,to_in_001,83
2024,나바8468,to_in_007,39
2024,나바8468,to_in_008,47
2024,나바8469,in_age_012,0
2024,나바8469,in_age_013,0
2024,나바8469,in_age_014,5
2024,나바8469,in_age_044,5
2024,나바8469,in_age_072,0
2024,나바8469,in_age_073,0
2024,나바8469,to_in_001,5
2024,나바8469,to_in_007,5
2024,나바8469,to_in_008,5
2024,나바8470,in_age_002,0
2024,나바8470,in_age_003,5
2024,나바8470,in_age_005,0
2024,나바8470,in_age_006,5
2024,나바8470,in_age_007,8
2024,나바8470,in_age_010,0
2024,나바8470,in_age_011,0
2024,나바8470,in_age_012,5
2024,나바8470,in_age_013,5
2024,나바8470,in_age_014,8
2024,나바8470,in_age_015,5
2024,나바8470,in_age_016,8
2024,나바8470,in_age_017,8
2024,나바8470,in_age_018,5
2024,나바8470,in_age_019,0
2024,나바8470,in_age_032,0
2024,나바8470,in_age_033,5
2024,나바8470,in_age_035,0
2024,나바8470,in_age_037,5
2024,나바8470,in_age_040,0
2024,나바8470,in_age_042,5
2024,나바8470,in_age_043,5
2024,나바8470,in_age_044,5
2024,나바8470,in_age_045,5
2024,나바8470,in_age_046,5
2024,나바8470,in_age_047,0
2024,나바8470,in_age_048,0
2024,나바8470,in_age_049,0
2024,나바8470,in_age_066,5
2024,나바8470,in_age_067,5
2024,나바8470,in_age_071,0
2024,나바8470,in_age_072,0
2024,나바8470,in_age_073,0
2024,나바8470,in_age_074,5
2024,나바8470,in_age_075,5
2024,나바8470,in_age_076,8
2024,나바8470,in_age_077,5
2024,나바8470,in_age_078,5
2024,나바8470,to_in_001,43
2024,나바8470,to_in_007,23
2024,나바8470,to_in_008,18
2024,나바8471,in_age_003,0
2024,나바8471,in_age_004,0
2024,나바8471,in_age_007,5
2024,나바8471,in_age_009,5
2024,나바8471,in_age_010,0
2024,나바8471,in_age_011,5
2024,나바8471,in_age_012,5
2024,나바8471,in_age_013,5
2024,나바8471,in_age_014,5
2024,나바8471,in_age_015,8
2024,나바8471,in_age_016,5
2024,나바8471,in_age_017,5
2024,나바8471,in_age_018,0
2024,나바8471,in_age_019,5
2024,나바8471,in_age_037,5
2024,나바8471,in_age_039,5
2024,나바8471,in_age_041,5
2024,나바8471,in_age_042,0
2024,나바8471,in_age_044,0
2024,나바8471,in_age_045,5
2024,나바8471,in_age_046,0
2024,나바8471,in_age_048,0
2024,나바8471,in_age_063,0
2024,나바8471,in_age_064,0
2024,나바8471,in_age_070,0
2024,나바8471,in_age_072,5
2024,나바8471,in_age_073,5
2024,나바8471,in_age_074,5
2024,나바8471,in_age_075,0
2024,나바8471,in_age_076,0
2024,나바8471,in_age_077,5
2024,나바8471,in_age_079,5
2024,나바8471,to_in_001,38
2024,나바8471,to_in_007,18
2024,나바8471,to_in_008,18
2024,나바8472,in_age_003,0
2024,나바8472,in_age_012,0
2024,나바8472,in_age_013,5
2024,나바8472,in_age_014,5
2024,나바8472,in_age_015,5
2024,나바8472,in_age_016,0
2024,나바8472,in_age_017,5
2024,나바8472,in_age_018,5
2024,나바8472,in_age_019,5
2024,나바8472,in_age_033,0
2024,나바8472,in_age_042,0
2024,나바8472,in_age_044,5
2024,나바8472,in_age_045,5
2024,나바8472,in_age_047,0
2024,나바8472,in_age_048,0
2024,나바8472,in_age_049,0
2024,나바8472,in_age_073,5
2024,나바8472,in_age_075,5
2024,나바8472,in_age_076,0
2024,나바8472,in_age_077,5
2024,나바8472,in_age_078,5
2024,나바8472,in_age_079,5
2024,나바8472,to_in_001,18
2024,나바8472,to_in_007,8
2024,나바8472,to_in_008,8
2024,나바8474,in_age_008,0
2024,나바8474,in_age_013,5
2024,나바8474,in_age_014,0
2024,나바8474,in_age_018,0
2024,나바8474,in_age_038,0
2024,나바8474,in_age_073,5
2024,나바8474,in_age_074,0
2024,나바8474,in_age_078,0
2024,나바8474,to_in_001,5
2024,나바8474,to_in_007,0
2024,나바8474,to_in_008,5
2024,나바8475,in_age_009,0
2024,나바8475,in_age_010,0
2024,나바8475,in_age_011,5
2024,나바8475,in_age_012,5
2024,나바8475,in_age_013,5
2024,나바8475,in_age_014,0
2024,나바8475,in_age_015,5
2024,나바8475,in_age_016,5
2024,나바8475,in_age_017,0
2024,나바8475,in_age_018,5
2024,나바8475,in_age_039,0
2024,나바8475,in_age_040,0
2024,나바8475,in_age_041,5
2024,나바8475,in_age_043,5
2024,나바8475,in_age_045,5
2024,나바8475,in_age_046,0
2024,나바8475,in_age_048,0
2024,나바8475,in_age_072,5
2024,나바8475,in_age_074,0
2024,나바8475,in_age_075,5
2024,나바8475,in_age_076,0
2024,나바8475,in_age_077,0
2024,나바8475,in_age_078,0
2024,나바8475,to_in_001,13
2024,나바8475,to_in_007,8
2024,나바8475,to_in_008,8
2024,나바8476,in_age_002,0
2024,나바8476,in_age_005,0
2024,나바8476,in_age_006,8
2024,나바8476,in_age_007,5
2024,나바8476,in_age_008,5
2024,나바8476,in_age_009,8
2024,나바8476,in_age_010,8
2024,나바8476,in_age_011,5
2024,나바8476,in_age_012,5
2024,나바8476,in_age_013,18
2024,나바8476,in_age_014,8
2024,나바8476,in_age_015,13
2024,나바8476,in_age_016,8
2024,나바8476,in_age_017,13
2024,나바8476,in_age_018,5
2024,나바8476,in_age_019,5
2024,나바8476,in_age_035,0
2024,나바8476,in_age_036,5
2024,나바8476,in_age_037,5
2024,나바8476,in_age_038,5
2024,나바8476,in_age_039,5
2024,나바8476,in_age_040,8
2024,나바8476,in_age_041,5
2024,나바8476,in_age_042,5
2024,나바8476,in_age_043,8
2024,나바8476,in_age_044,8
2024,나바8476,in_age_045,8
2024,나바8476,in_age_046,5
2024,나바8476,in_age_047,8
2024,나바8476,in_age_048,0
2024,나바8476,in_age_062,0
2024,나바8476,in_age_066,5
2024,나바8476,in_age_069,5
2024,나바8476,in_age_070,5
2024,나바8476,in_age_071,5
2024,나바8476,in_age_072,5
2024,나바8476,in_age_073,13
2024,나바8476,in_age_074,5
2024,나바8476,in_age_075,8
2024,나바8476,in_age_076,5
2024,나바8476,in_age_077,5
2024,나바8476,in_age_078,5
2024,나바8476,in_age_079,5
2024,나바8476,to_in_001,98
2024,나바8476,to_in_007,53
2024,나바8476,to_in_008,48
2024,나바8477,in_age_001,0
2024,나바8477,in_age_004,5
2024,나바8477,in_age_005,5
2024,나바8477,in_age_006,0
2024,나바8477,in_age_007,5
2024,나바8477,in_age_008,5
2024,나바8477,in_age_010,8
2024,나바8477,in_age_011,8
2024,나바8477,in_age_012,13
2024,나바8477,in_age_013,13
2024,나바8477,in_age_014,13
2024,나바8477,in_age_015,8
2024,나바8477,in_age_016,8
2024,나바8477,in_age_017,5
2024,나바8477,in_age_018,5
2024,나바8477,in_age_019,0
2024,나바8477,in_age_034,5
2024,나바8477,in_age_035,0
2024,나바8477,in_age_036,0
2024,나바8477,in_age_037,5
2024,나바8477,in_age_038,5
2024,나바8477,in_age_040,5
2024,나바8477,in_age_041,8
2024,나바8477,in_age_042,8
2024,나바8477,in_age_043,8
2024,나바8477,in_age_044,8
2024,나바8477,in_age_045,5
2024,나바8477,in_age_046,5
2024,나바8477,in_age_047,5
2024,나바8477,in_age_048,0
2024,나바8477,in_age_061,0
2024,나바8477,in_age_064,0
2024,나바8477,in_age_065,0
2024,나바8477,in_age_067,5
2024,나바8477,in_age_070,5
2024,나바8477,in_age_071,5
2024,나바8477,in_age_072,5
2024,나바8477,in_age_073,8
2024,나바8477,in_age_074,5
2024,나바8477,in_age_075,5
2024,나바8477,in_age_076,5
2024,나바8477,in_age_077,0
2024,나바8477,in_age_078,5
2024,나바8477,in_age_079,0
2024,나바8477,to_in_001,88
2024,나바8477,to_in_007,48
2024,나바8477,to_in_008,38
2024,나바8478,in_age_001,0
2024,나바8478,in_age_003,5
2024,나바8478,in_age_004,5
2024,나바8478,in_age_005,5
2024,나바8478,in_age_006,8
2024,나바8478,in_age_007,0
2024,나바8478,in_age_008,5
2024,나바8478,in_age_009,8
2024,나바8478,in_age_010,8
2024,나바8478,in_age_011,18
2024,나바8478,in_age_012,18
2024,나바8478,in_age_013,18
2024,나바8478,in_age_014,18
2024,나바8478,in_age_015,13
2024,나바8478,in_age_016,13
2024,나바8478,in_age_017,8
2024,나바8478,in_age_018,8
2024,나바8478,in_age_019,5
2024,나바8478,in_age_031,0
2024,나바8478,in_age_033,5
2024,나바8478,in_age_034,0
2024,나바8478,in_age_035,5
2024,나바8478,in_age_036,5
2024,나바8478,in_age_038,5
2024,나바8478,in_age_039,8
2024,나바8478,in_age_040,8
2024,나바8478,in_age_041,8
2024,나바8478,in_age_042,13
2024,나바8478,in_age_043,8
2024,나바8478,in_age_044,5
2024,나바8478,in_age_045,8
2024,나바8478,in_age_046,8
2024,나바8478,in_age_047,8
2024,나바8478,in_age_048,5
2024,나바8478,in_age_049,5
2024,나바8478,in_age_063,0
2024,나바8478,in_age_064,0
2024,나바8478,in_age_065,0
2024,나바8478,in_age_066,5
2024,나바8478,in_age_067,0
2024,나바8478,in_age_069,5
2024,나바8478,in_age_070,5
2024,나바8478,in_age_071,8
2024,나바8478,in_age_072,8
2024,나바8478,in_age_073,13
2024,나바8478,in_age_074,13
2024,나바8478,in_age_075,8
2024,나바8478,in_age_076,8
2024,나바8478,in_age_077,5
2024,나바8478,in_age_078,5
2024,나바8478,in_age_079,5
2024,나바8478,to_in_001,153
2024,나바8478,to_in_007,73
2024,나바8478,to_in_008,78
2024,나바8555,in_age_003,0
2024,나바8555,in_age_004,0
2024,나바8555,in_age_006,0
2024,나바8555,in_age_007,5
2024,나바8555,in_age_008,5
2024,나바8555,in_age_009,5
2024,나바8555,in_age_011,5
2024,나바8555,in_age_012,5
2024,나바8555,in_age_013,5
2024,나바8555,in_age_015,5
2024,나바8555,in_age_016,0
2024,나바8555,in_age_033,0
2024,나바8555,in_age_034,0
2024,나바8555,in_age_036,0
2024,나바8555,in_age_037,5
2024,나바8555,in_age_038,5
2024,나바8555,in_age_039,5
2024,나바8555,in_age_041,5
2024,나바8555,in_age_042,5
2024,나바8555,in_age_043,0
2024,나바8555,in_age_045,5
2024,나바8555,in_age_069,0
2024,나바8555,in_age_072,0
2024,나바8555,in_age_073,0
2024,나바8555,in_age_076,0
2024,나바8555,to_in_001,28
2024,나바8555,to_in_007,23
2024,나바8555,to_in_008,5
2024,나바8556,in_age_001,0
2024,나바8556,in_age_002,0
2024,나바8556,in_age_006,5
2024,나바8556,in_age_007,5
2024,나바8556,in_age_008,13
2024,나바8556,in_age_009,5
2024,나바8556,in_age_010,8
2024,나바8556,in_age_012,13
2024,나바8556,in_age_013,13
2024,나바8556,in_age_014,13
2024,나바8556,in_age_015,5
2024,나바8556,in_age_016,8
2024,나바8556,in_age_017,5
2024,나바8556,in_age_018,8
2024,나바8556,in_age_031,0
2024,나바8556,in_age_036,5
2024,나바8556,in_age_037,5
2024,나바8556,in_age_038,8
2024,나바8556,in_age_039,5
2024,나바8556,in_age_040,8
2024,나바8556,in_age_042,5
2024,나바8556,in_age_043,8
2024,나바8556,in_age_044,8
2024,나바8556,in_age_045,0
2024,나바8556,in_age_046,5
2024,나바8556,in_age_047,0
2024,나바8556,in_age_048,5
2024,나바8556,in_age_062,0
2024,나바8556,in_age_068,5
2024,나바8556,in_age_072,8
2024,나바8556,in_age_073,8
2024,나바8556,in_age_074,5
2024,나바8556,in_age_075,5
2024,나바8556,in_age_076,8
2024,나바8556,in_age_077,5
2024,나바8556,in_age_078,5
2024,나바8556,to_in_001,83
2024,나바8556,to_in_007,48
2024,나바8556,to_in_008,33
2024,나바8557,in_age_004,5
2024,나바8557,in_age_005,0
2024,나바8557,in_age_006,5
2024,나바8557,in_age_007,0
2024,나바8557,in_age_009,5
2024,나바8557,in_age_010,5
2024,나바8557,in_age_011,8
2024,나바8557,in_age_012,8
2024,나바8557,in_age_013,13
2024,나바8557,in_age_014,18
2024,나바8557,in_age_015,13
2024,나바8557,in_age_016,8
2024,나바8557,in_age_017,8
2024,나바8557,in_age_018,5
2024,나바8557,in_age_034,5
2024,나바8557,in_age_035,0
2024,나바8557,in_age_036,5
2024,나바8557,in_age_039,5
2024,나바8557,in_age_041,5
2024,나바8557,in_age_042,8
2024,나바8557,in_age_043,8
2024,나바8557,in_age_044,8
2024,나바8557,in_age_045,8
2024,나바8557,in_age_046,8
2024,나바8557,in_age_047,5
2024,나바8557,in_age_048,5
2024,나바8557,in_age_066,0
2024,나바8557,in_age_067,0
2024,나바8557,in_age_070,5
2024,나바8557,in_age_071,5
2024,나바8557,in_age_072,5
2024,나바8557,in_age_073,8
2024,나바8557,in_age_074,8
2024,나바8557,in_age_075,8
2024,나바8557,in_age_076,5
2024,나바8557,in_age_077,5
2024,나바8557,in_age_078,0
2024,나바8557,to_in_001,83
2024,나바8557,to_in_007,43
2024,나바8557,to_in_008,38
2024,나바8559,in_age_011,5
2024,나바8559,in_age_013,8
2024,나바8559,in_age_014,8
2024,나바8559,in_age_015,8
2024,나바8559,in_age_016,5
2024,나바8559,in_age_017,0
2024,나바8559,in_age_041,5
2024,나바8559,in_age_043,5
2024,나바8559,in_age_044,5
2024,나바8559,in_age_045,5
2024,나바8559,in_age_046,0
2024,나바8559,in_age_047,0
2024,나바8559,in_age_073,8
2024,나바8559,in_age_074,8
2024,나바8559,in_age_075,5
2024,나바8559,in_age_076,0
2024,나바8559,to_in_001,23
2024,나바8559,to_in_007,13
2024,나바8559,to_in_008,13
2024,나바8560,in_age_003,8
2024,나바8560,in_age_005,5
2024,나바8560,in_age_007,0
2024,나바8560,in_age_008,5
2024,나바8560,in_age_009,0
2024,나바8560,in_age_010,8
2024,나바8560,in_age_011,5
2024,나바8560,in_age_012,5
2024,나바8560,in_age_013,18
2024,나바8560,in_age_014,18
2024,나바8560,in_age_015,8
2024,나바8560,in_age_016,8
2024,나바8560,in_age_017,8
2024,나바8560,in_age_018,8
2024,나바8560,in_age_033,8
2024,나바8560,in_age_035,5
2024,나바8560,in_age_037,0
2024,나바8560,in_age_038,5
2024,나바8560,in_age_039,0
2024,나바8560,in_age_040,8
2024,나바8560,in_age_041,5
2024,나바8560,in_age_042,5
2024,나바8560,in_age_043,8
2024,나바8560,in_age_044,8
2024,나바8560,in_age_045,8
2024,나바8560,in_age_046,0
2024,나바8560,in_age_047,5
2024,나바8560,in_age_063,0
2024,나바8560,in_age_068,0
2024,나바8560,in_age_070,5
2024,나바8560,in_age_072,5
2024,나바8560,in_age_073,8
2024,나바8560,in_age_074,8
2024,나바8560,in_age_075,5
2024,나바8560,in_age_076,8
2024,나바8560,in_age_077,5
2024,나바8560,in_age_078,8
2024,나바8560,to_in_001,78
2024,나바8560,to_in_007,43
2024,나바8560,to_in_008,38
2024,나바8561,in_age_004,0
2024,나바8561,in_age_007,0
2024,나바8561,in_age_009,0
2024,나바8561,in_age_011,5
2024,나바8561,in_age_012,5
2024,나바8561,in_age_013,8
2024,나바8561,in_age_014,8
2024,나바8561,in_age_015,8
2024,나바8561,in_age_016,5
2024,나바8561,in_age_017,5
2024,나바8561,in_age_018,5
2024,나바8561,in_age_020,0
2024,나바8561,in_age_034,0
2024,나바8561,in_age_037,0
2024,나바8561,in_age_041,5
2024,나바8561,in_age_042,5
2024,나바8561,in_age_043,5
2024,나바8561,in_age_044,5
2024,나바8561,in_age_045,5
2024,나바8561,in_age_046,5
2024,나바8561,in_age_047,0
2024,나바8561,in_age_069,0
2024,나바8561,in_age_071,5
2024,나바8561,in_age_072,5
2024,나바8561,in_age_073,5
2024,나바8561,in_age_074,5
2024,나바8561,in_age_075,8
2024,나바8561,in_age_076,0
2024,나바8561,in_age_077,5
2024,나바8561,in_age_078,5
2024,나바8561,in_age_080,0
2024,나바8561,to_in_001,53
2024,나바8561,to_in_007,23
2024,나바8561,to_in_008,28
2024,나바8562,in_age_002,0
2024,나바8562,in_age_003,5
2024,나바8562,in_age_005,0
2024,나바8562,in_age_006,5
2024,나바8562,in_age_007,5
2024,나바8562,in_age_008,5
2024,나바8562,in_age_009,5
2024,나바8562,in_age_010,13
2024,나바8562,in_age_011,13
2024,나바8562,in_age_012,23
2024,나바8562,in_age_013,23
2024,나바8562,in_age_014,33
2024,나바8562,in_age_015,18
2024,나바8562,in_age_016,13
2024,나바8562,in_age_017,13
2024,나바8562,in_age_018,5
2024,나바8562,in_age_019,5
2024,나바8562,in_age_033,5
2024,나바8562,in_age_036,5
2024,나바8562,in_age_037,5
2024,나바8562,in_age_038,5
2024,나바8562,in_age_039,0
2024,나바8562,in_age_040,8
2024,나바8562,in_age_041,8
2024,나바8562,in_age_042,8
2024,나바8562,in_age_043,13
2024,나바8562,in_age_044,18
2024,나바8562,in_age_045,8
2024,나바8562,in_age_046,8
2024,나바8562,in_age_047,5
2024,나바8562,in_age_048,5
2024,나바8562,in_age_049,0
2024,나바8562,in_age_062,0
2024,나바8562,in_age_065,0
2024,나바8562,in_age_066,0
2024,나바8562,in_age_069,5
2024,나바8562,in_age_070,5
2024,나바8562,in_age_071,8
2024,나바8562,in_age_072,13
2024,나바8562,in_age_073,8
2024,나바8562,in_age_074,13
2024,나바8562,in_age_075,13
2024,나바8562,in_age_076,8
2024,나바8562,in_age_077,8
2024,나바8562,in_age_078,0
2024,나바8562,in_age_079,5
2024,나바8562,to_in_001,168
2024,나바8562,to_in_007,83
2024,나바8562,to_in_008,83
2024,나바8563,in_age_003,0
2024,나바8563,in_age_004,0
2024,나바8563,in_age_005,5
2024,나바8563,in_age_006,8
2024,나바8563,in_age_007,5
2024,나바8563,in_age_008,8
2024,나바8563,in_age_009,8
2024,나바8563,in_age_010,8
2024,나바8563,in_age_011,8
2024,나바8563,in_age_012,8
2024,나바8563,in_age_013,18
2024,나바8563,in_age_014,18
2024,나바8563,in_age_015,13
2024,나바8563,in_age_016,13
2024,나바8563,in_age_017,13
2024,나바8563,in_age_018,5
2024,나바8563,in_age_019,5
2024,나바8563,in_age_034,0
2024,나바8563,in_age_035,0
2024,나바8563,in_age_036,8
2024,나바8563,in_age_037,5
2024,나바8563,in_age_038,5
2024,나바8563,in_age_039,8
2024,나바8563,in_age_040,8
2024,나바8563,in_age_041,8
2024,나바8563,in_age_042,5
2024,나바8563,in_age_043,8
2024,나바8563,in_age_044,8
2024,나바8563,in_age_045,5
2024,나바8563,in_age_046,8
2024,나바8563,in_age_047,8
2024,나바8563,in_age_048,5
2024,나바8563,in_age_049,0
2024,나바8563,in_age_063,0
2024,나바8563,in_age_065,0
2024,나바8563,in_age_066,0
2024,나바8563,in_age_068,0
2024,나바8563,in_age_069,5
2024,나바8563,in_age_070,0
2024,나바8563,in_age_071,5
2024,나바8563,in_age_072,5
2024,나바8563,in_age_073,8
2024,나바8563,in_age_074,8
2024,나바8563,in_age_075,13
2024,나바8563,in_age_076,8
2024,나바8563,in_age_077,5
2024,나바8563,in_age_078,5
2024,나바8563,in_age_079,0
2024,나바8563,to_in_001,133
2024,나바8563,to_in_007,78
2024,나바8563,to_in_008,53
2024,나바8564,in_age_003,5
2024,나바8564,in_age_004,8
2024,나바8564,in_age_005,5
2024,나바8564,in_age_006,5
2024,나바8564,in_age_008,5
2024,나바8564,in_age_009,5
2024,나바8564,in_age_010,5
2024,나바8564,in_age_011,8
2024,나바8564,in_age_012,13
2024,나바8564,in_age_013,8
2024,나바8564,in_age_014,13
2024,나바8564,in_age_015,5
2024,나바8564,in_age_016,8
2024,나바8564,in_age_017,5
2024,나바8564,in_age_018,8
2024,나바8564,in_age_019,5
2024,나바8564,in_age_034,5
2024,나바8564,in_age_035,0
2024,나바8564,in_age_036,5
2024,나바8564,in_age_039,0
2024,나바8564,in_age_040,0
2024,나바8564,in_age_041,5
2024,나바8564,in_age_042,5
2024,나바8564,in_age_043,8
2024,나바8564,in_age_044,8
2024,나바8564,in_age_045,5
2024,나바8564,in_age_046,5
2024,나바8564,in_age_047,5
2024,나바8564,in_age_048,5
2024,나바8564,in_age_049,0
2024,나바8564,in_age_063,5
2024,나바8564,in_age_064,5
2024,나바8564,in_age_065,0
2024,나바8564,in_age_068,5
2024,나바8564,in_age_069,0
2024,나바8564,in_age_070,0
2024,나바8564,in_age_071,5
2024,나바8564,in_age_072,8
2024,나바8564,in_age_073,5
2024,나바8564,in_age_074,8
2024,나바8564,in_age_075,5
2024,나바8564,in_age_076,5
2024,나바8564,in_age_077,5
2024,나바8564,in_age_078,5
2024,나바8564,in_age_079,0
2024,나바8564,to_in_001,78
2024,나바8564,to_in_007,43
2024,나바8564,to_in_008,38
2024,나바8565,in_age_007,5
2024,나바8565,in_age_010,0
2024,나바8565,in_age_012,8
2024,나바8565,in_age_013,5
2024,나바8565,in_age_014,5
2024,나바8565,in_age_016,5
2024,나바8565,in_age_017,5
2024,나바8565,in_age_018,5
2024,나바8565,in_age_037,0
2024,나바8565,in_age_042,5
2024,나바8565,in_age_043,5
2024,나바8565,in_age_044,0
2024,나바8565,in_age_047,5
2024,나바8565,in_age_067,0
2024,나바8565,in_age_070,0
2024,나바8565,in_age_072,5
2024,나바8565,in_age_073,0
2024,나바8565,in_age_074,0
2024,나바8565,in_age_076,5
2024,나바8565,in_age_078,5
2024,나바8565,to_in_001,23
2024,나바8565,to_in_007,13
2024,나바8565,to_in_008,13
2024,나바8566,in_age_013,5
2024,나바8566,in_age_015,8
2024,나바8566,in_age_045,0
2024,나바8566,in_age_073,5
2024,나바8566,in_age_075,8
2024,나바8566,to_in_001,8
2024,나바8566,to_in_007,0
2024,나바8566,to_in_008,8
2024,나바8567,in_age_002,0
2024,나바8567,in_age_009,5
2024,나바8567,in_age_010,5
2024,나바8567,in_age_011,5
2024,나바8567,in_age_012,5
2024,나바8567,in_age_013,8
2024,나바8567,in_age_014,5
2024,나바8567,in_age_015,8
2024,나바8567,in_age_016,8
2024,나바8567,in_age_018,0
2024,나바8567,in_age_019,5
2024,나바8567,in_age_032,0
2024,나바8567,in_age_039,5
2024,나바8567,in_age_040,5
2024,나바8567,in_age_043,5
2024,나바8567,in_age_044,5
2024,나바8567,in_age_045,5
2024,나바8567,in_age_046,8
2024,나바8567,in_age_049,0
2024,나바8567,in_age_071,5
2024,나바8567,in_age_072,5
2024,나바8567,in_age_073,5
2024,나바8567,in_age_074,5
2024,나바8567,in_age_075,5
2024,나바8567,in_age_076,5
2024,나바8567,in_age_078,0
2024,나바8567,in_age_079,0
2024,나바8567,to_in_001,38
2024,나바8567,to_in_007,23
2024,나바8567,to_in_008,18
2024,나바8568,in_age_006,0
2024,나바8568,in_age_010,0
2024,나바8568,in_age_011,0
2024,나바8568,in_age_012,0
2024,나바8568,in_age_013,5
2024,나바8568,in_age_014,5
2024,나바8568,in_age_015,5
2024,나바8568,in_age_017,5
2024,나바8568,in_age_018,0
2024,나바8568,in_age_020,0
2024,나바8568,in_age_036,0
2024,나바8568,in_age_040,0
2024,나바8568,in_age_041,0
2024,나바8568,in_age_043,0
2024,나바8568,in_age_045,5
2024,나바8568,in_age_048,0
2024,나바8568,in_age_050,0
2024,나바8568,in_age_072,0
2024,나바8568,in_age_073,0
2024,나바8568,in_age_074,5
2024,나바8568,in_age_077,5
2024,나바8568,to_in_001,13
2024,나바8568,to_in_007,8
2024,나바8568,to_in_008,8
2024,나바8569,in_age_003,5
2024,나바8569,in_age_007,0
2024,나바8569,in_age_008,0
2024,나바8569,in_age_011,5
2024,나바8569,in_age_012,8
2024,나바8569,in_age_013,5
2024,나바8569,in_age_015,5
2024,나바8569,in_age_016,0
2024,나바8569,in_age_017,8
2024,나바8569,in_age_018,0
2024,나바8569,in_age_019,5
2024,나바8569,in_age_033,0
2024,나바8569,in_age_037,0
2024,나바8569,in_age_041,5
2024,나바8569,in_age_042,5
2024,나바8569,in_age_043,0
2024,나바8569,in_age_045,0
2024,나바8569,in_age_047,5
2024,나바8569,in_age_049,0
2024,나바8569,in_age_063,0
2024,나바8569,in_age_068,0
2024,나바8569,in_age_071,0
2024,나바8569,in_age_072,5
2024,나바8569,in_age_073,0
2024,나바8569,in_age_075,5
2024,나바8569,in_age_076,0
2024,나바8569,in_age_077,8
2024,나바8569,in_age_078,0
2024,나바8569,in_age_079,5
2024,나바8569,to_in_001,33
2024,나바8569,to_in_007,18
2024,나바8569,to_in_008,18
2024,나바8570,in_age_005,0
2024,나바8570,in_age_006,5
2024,나바8570,in_age_011,0
2024,나바8570,in_age_012,5
2024,나바8570,in_age_013,5
2024,나바8570,in_age_014,5
2024,나바8570,in_age_015,5
2024,나바8570,in_age_016,5
2024,나바8570,in_age_017,5
2024,나바8570,in_age_018,5
2024,나바8570,in_age_019,0
2024,나바8570,in_age_036,0
2024,나바8570,in_age_042,0
2024,나바8570,in_age_043,0
2024,나바8570,in_age_044,5
2024,나바8570,in_age_046,0
2024,나바8570,in_age_047,0
2024,나바8570,in_age_048,5
2024,나바8570,in_age_065,0
2024,나바8570,in_age_066,0
2024,나바8570,in_age_071,0
2024,나바8570,in_age_072,0
2024,나바8570,in_age_073,5
2024,나바8570,in_age_074,0
2024,나바8570,in_age_075,5
2024,나바8570,in_age_076,5
2024,나바8570,in_age_077,5
2024,나바8570,in_age_078,5
2024,나바8570,in_age_079,0
2024,나바8570,to_in_001,33
2024,나바8570,to_in_007,8
2024,나바8570,to_in_008,23
2024,나바8571,in_age_005,5
2024,나바8571,in_age_007,5
2024,나바8571,in_age_008,5
2024,나바8571,in_age_010,5
2024,나바8571,in_age_011,5
2024,나바8571,in_age_012,8
2024,나바8571,in_age_013,13
2024,나바8571,in_age_014,18
2024,나바8571,in_age_015,8
2024,나바8571,in_age_016,8
2024,나바8571,in_age_017,8
2024,나바8571,in_age_018,5
2024,나바8571,in_age_020,0
2024,나바8571,in_age_038,5
2024,나바8571,in_age_040,0
2024,나바8571,in_age_041,0
2024,나바8571,in_age_042,5
2024,나바8571,in_age_043,5
2024,나바8571,in_age_044,13
2024,나바8571,in_age_045,5
2024,나바8571,in_age_046,5
2024,나바8571,in_age_047,5
2024,나바8571,in_age_050,0
2024,나바8571,in_age_065,5
2024,나바8571,in_age_067,5
2024,나바8571,in_age_070,5
2024,나바8571,in_age_071,5
2024,나바8571,in_age_072,5
2024,나바8571,in_age_073,8
2024,나바8571,in_age_074,8
2024,나바8571,in_age_075,5
2024,나바8571,in_age_076,5
2024,나바8571,in_age_077,5
2024,나바8571,in_age_078,5
2024,나바8571,to_in_001,68
2024,나바8571,to_in_007,33
2024,나바8571,to_in_008,38
2024,나바8572,in_age_011,5
2024,나바8572,in_age_012,5
2024,나바8572,in_age_014,0
2024,나바8572,in_age_015,5
2024,나바8572,in_age_016,5
2024,나바8572,in_age_017,5
2024,나바8572,in_age_018,5
2024,나바8572,in_age_041,5
2024,나바8572,in_age_042,5
2024,나바8572,in_age_045,5
2024,나바8572,in_age_046,5
2024,나바8572,in_age_048,5
2024,나바8572,in_age_071,5
2024,나바8572,in_age_074,0
2024,나바8572,in_age_076,0
2024,나바8572,in_age_077,5
2024,나바8572,in_age_078,0
2024,나바8572,to_in_001,18
2024,나바8572,to_in_007,8
2024,나바8572,to_in_008,8
2024,나바8573,in_age_012,5
2024,나바8573,in_age_013,8
2024,나바8573,in_age_014,5
2024,나바8573,in_age_015,8
2024,나바8573,in_age_016,0
2024,나바8573,in_age_017,0
2024,나바8573,in_age_018,8
2024,나바8573,in_age_042,0
2024,나바8573,in_age_043,5
2024,나바8573,in_age_044,5
2024,나바8573,in_age_045,8
2024,나바8573,in_age_047,0
2024,나바8573,in_age_072,0
2024,나바8573,in_age_073,5
2024,나바8573,in_age_074,0
2024,나바8573,in_age_075,5
2024,나바8573,in_age_076,0
2024,나바8573,in_age_078,8
2024,나바8573,to_in_001,23
2024,나바8573,to_in_007,13
2024,나바8573,to_in_008,13
2024,나바8574,in_age_006,0
2024,나바8574,in_age_007,0
2024,나바8574,in_age_009,0
2024,나바8574,in_age_010,5
2024,나바8574,in_age_012,8
2024,나바8574,in_age_013,5
2024,나바8574,in_age_014,13
2024,나바8574,in_age_015,8
2024,나바8574,in_age_016,5
2024,나바8574,in_age_017,8
2024,나바8574,in_age_018,5
2024,나바8574,in_age_019,0
2024,나바8574,in_age_020,0
2024,나바8574,in_age_037,0
2024,나바8574,in_age_039,0
2024,나바8574,in_age_040,5
2024,나바8574,in_age_042,8
2024,나바8574,in_age_043,0
2024,나바8574,in_age_044,8
2024,나바8574,in_age_045,5
2024,나바8574,in_age_046,5
2024,나바8574,in_age_047,0
2024,나바8574,in_age_066,0
2024,나바8574,in_age_070,0
2024,나바8574,in_age_072,5
2024,나바8574,in_age_073,5
2024,나바8574,in_age_074,8
2024,나바8574,in_age_075,5
2024,나바8574,in_age_076,5
2024,나바8574,in_age_077,8
2024,나바8574,in_age_078,5
2024,나바8574,in_age_079,0
2024,나바8574,in_age_080,0
2024,나바8574,to_in_001,53
2024,나바8574,to_in_007,23
2024,나바8574,to_in_008,28
2024,나바8575,in_age_003,0
2024,나바8575,in_age_004,8
2024,나바8575,in_age_006,0
2024,나바8575,in_age_010,0
2024,나바8575,in_age_011,5
2024,나바8575,in_age_012,5
2024,나바8575,in_age_013,5
2024,나바8575,in_age_014,5
2024,나바8575,in_age_015,5
2024,나바8575,in_age_016,8
2024,나바8575,in_age_017,8
2024,나바8575,in_age_033,0
2024,나바8575,in_age_034,8
2024,나바8575,in_age_036,0
2024,나바8575,in_age_040,0
2024,나바8575,in_age_041,5
2024,나바8575,in_age_042,5
2024,나바8575,in_age_043,5
2024,나바8575,in_age_044,0
2024,나바8575,in_age_046,0
2024,나바8575,in_age_047,8
2024,나바8575,in_age_071,5
2024,나바8575,in_age_072,5
2024,나바8575,in_age_073,0
2024,나바8575,in_age_074,5
2024,나바8575,in_age_075,5
2024,나바8575,in_age_076,5
2024,나바8575,in_age_077,0
2024,나바8575,to_in_001,33
2024,나바8575,to_in_007,18
2024,나바8575,to_in_008,13
2024,나바8576,in_age_004,5
2024,나바8576,in_age_005,19
2024,나바8576,in_age_006,8
2024,나바8576,in_age_007,0
2024,나바8576,in_age_008,5
2024,나바8576,in_age_010,5
2024,나바8576,in_age_011,5
2024,나바8576,in_age_012,8
2024,나바8576,in_age_013,13
2024,나바8576,in_age_014,5
2024,나바8576,in_age_015,5
2024,나바8576,in_age_016,8
2024,나바8576,in_age_017,8
2024,나바8576,in_age_018,0
2024,나바8576,in_age_019,5
2024,나바8576,in_age_020,0
2024,나바8576,in_age_035,16
2024,나바8576,in_age_036,5
2024,나바8576,in_age_037,0
2024,나바8576,in_age_040,5
2024,나바8576,in_age_041,5
2024,나바8576,in_age_042,8
2024,나바8576,in_age_043,8
2024,나바8576,in_age_044,5
2024,나바8576,in_age_045,0
2024,나바8576,in_age_046,5
2024,나바8576,in_age_047,5
2024,나바8576,in_age_049,0
2024,나바8576,in_age_064,5
2024,나바8576,in_age_065,5
2024,나바8576,in_age_066,5
2024,나바8576,in_age_068,5
2024,나바8576,in_age_070,0
2024,나바8576,in_age_071,5
2024,나바8576,in_age_072,5
2024,나바8576,in_age_073,8
2024,나바8576,in_age_074,5
2024,나바8576,in_age_075,5
2024,나바8576,in_age_076,5
2024,나바8576,in_age_077,5
2024,나바8576,in_age_078,0
2024,나바8576,in_age_079,0
2024,나바8576,in_age_080,0
2024,나바8576,to_in_001,89
2024,나바8576,to_in_007,54
2024,나바8576,to_in_008,33
2024,나바8577,in_age_004,0
2024,나바8577,in_age_005,11
2024,나바8577,in_age_006,0
2024,나바8577,in_age_007,5
2024,나바8577,in_age_009,0
2024,나바8577,in_age_010,5
2024,나바8577,in_age_011,0
2024,나바8577,in_age_012,5
2024,나바8577,in_age_013,8
2024,나바8577,in_age_014,5
2024,나바8577,in_age_015,5
2024,나바8577,in_age_016,0
2024,나바8577,in_age_017,5
2024,나바8577,in_age_018,5
2024,나바8577,in_age_019,5
2024,나바8577,in_age_020,0
2024,나바8577,in_age_034,0
2024,나바8577,in_age_035,11
2024,나바8577,in_age_036,0
2024,나바8577,in_age_037,5
2024,나바8577,in_age_040,0
2024,나바8577,in_age_041,0
2024,나바8577,in_age_042,5
2024,나바8577,in_age_043,8
2024,나바8577,in_age_044,5
2024,나바8577,in_age_045,0
2024,나바8577,in_age_046,0
2024,나바8577,in_age_047,5
2024,나바8577,in_age_049,5
2024,나바8577,in_age_065,0
2024,나바8577,in_age_069,0
2024,나바8577,in_age_070,0
2024,나바8577,in_age_072,5
2024,나바8577,in_age_075,5
2024,나바8577,in_age_077,5
2024,나바8577,in_age_078,5
2024,나바8577,in_age_080,0
2024,나바8577,to_in_001,39
2024,나바8577,to_in_007,29
2024,나바8577,to_in_008,13
2024,나바8578,in_age_005,0
2024,나바8578,in_age_007,0
2024,나바8578,in_age_008,0
2024,나바8578,in_age_010,0
2024,나바8578,in_age_011,5
2024,나바8578,in_age_013,0
2024,나바8578,in_age_015,5
2024,나바8578,in_age_016,0
2024,나바8578,in_age_018,0
2024,나바8578,in_age_035,0
2024,나바8578,in_age_037,0
2024,나바8578,in_age_038,0
2024,나바8578,in_age_040,0
2024,나바8578,in_age_041,5
2024,나바8578,in_age_043,0
2024,나바8578,in_age_046,0
2024,나바8578,in_age_071,0
2024,나바8578,in_age_075,5
2024,나바8578,in_age_078,0
2024,나바8578,to_in_001,13
2024,나바8578,to_in_007,8
2024,나바8578,to_in_008,5
2024,나바8629,in_age_006,0
2024,나바8629,in_age_036,0
2024,나바8629,to_in_001,0
2024,나바8629,to_in_007,0
2024,나바8629,to_in_008,0
2024,나바8655,in_age_003,5
2024,나바8655,in_age_004,5
2024,나바8655,in_age_005,0
2024,나바8655,in_age_006,5
2024,나바8655,in_age_008,5
2024,나바8655,in_age_009,5
2024,나바8655,in_age_010,5
2024,나바8655,in_age_012,0
2024,나바8655,in_age_013,5
2024,나바8655,in_age_014,8
2024,나바8655,in_age_015,5
2024,나바8655,in_age_016,5
2024,나바8655,in_age_017,5
2024,나바8655,in_age_033,5
2024,나바8655,in_age_034,5
2024,나바8655,in_age_035,0
2024,나바8655,in_age_036,5
2024,나바8655,in_age_038,5
2024,나바8655,in_age_039,5
2024,나바8655,in_age_040,5
2024,나바8655,in_age_042,0
2024,나바8655,in_age_044,5
2024,나바8655,in_age_046,5
2024,나바8655,in_age_047,0
2024,나바8655,in_age_064,5
2024,나바8655,in_age_068,0
2024,나바8655,in_age_069,0
2024,나바8655,in_age_070,0
2024,나바8655,in_age_073,5
2024,나바8655,in_age_074,5
2024,나바8655,in_age_075,5
2024,나바8655,in_age_076,0
2024,나바8655,in_age_077,5
2024,나바8655,to_in_001,38
2024,나바8655,to_in_007,23
2024,나바8655,to_in_008,18
2024,나바8656,in_age_003,0
2024,나바8656,in_age_004,0
2024,나바8656,in_age_005,8
2024,나바8656,in_age_006,8
2024,나바8656,in_age_007,8
2024,나바8656,in_age_008,8
2024,나바8656,in_age_009,0
2024,나바8656,in_age_010,8
2024,나바8656,in_age_011,8
2024,나바8656,in_age_012,13
2024,나바8656,in_age_013,18
2024,나바8656,in_age_014,18
2024,나바8656,in_age_015,13
2024,나바8656,in_age_016,8
2024,나바8656,in_age_017,5
2024,나바8656,in_age_018,5
2024,나바8656,in_age_020,5
2024,나바8656,in_age_033,0
2024,나바8656,in_age_034,0
2024,나바8656,in_age_035,8
2024,나바8656,in_age_036,8
2024,나바8656,in_age_037,8
2024,나바8656,in_age_038,5
2024,나바8656,in_age_039,0
2024,나바8656,in_age_040,8
2024,나바8656,in_age_041,5
2024,나바8656,in_age_042,8
2024,나바8656,in_age_043,13
2024,나바8656,in_age_044,8
2024,나바8656,in_age_045,8
2024,나바8656,in_age_046,5
2024,나바8656,in_age_047,5
2024,나바8656,in_age_048,0
2024,나바8656,in_age_050,5
2024,나바8656,in_age_065,0
2024,나바8656,in_age_066,0
2024,나바8656,in_age_067,0
2024,나바8656,in_age_068,5
2024,나바8656,in_age_070,5
2024,나바8656,in_age_071,8
2024,나바8656,in_age_072,8
2024,나바8656,in_age_073,8
2024,나바8656,in_age_074,13
2024,나바8656,in_age_075,8
2024,나바8656,in_age_076,5
2024,나바8656,in_age_078,5
2024,나바8656,to_in_001,128
2024,나바8656,to_in_007,78
2024,나바8656,to_in_008,48
2024,나바8657,in_age_001,5
2024,나바8657,in_age_002,5
2024,나바8657,in_age_003,5
2024,나바8657,in_age_004,5
2024,나바8657,in_age_005,5
2024,나바8657,in_age_006,8
2024,나바8657,in_age_007,8
2024,나바8657,in_age_008,8
2024,나바8657,in_age_009,8
2024,나바8657,in_age_010,8
2024,나바8657,in_age_011,8
2024,나바8657,in_age_012,18
2024,나바8657,in_age_013,28
2024,나바8657,in_age_014,23
2024,나바8657,in_age_015,18
2024,나바8657,in_age_016,23
2024,나바8657,in_age_017,18
2024,나바8657,in_age_018,8
2024,나바8657,in_age_019,5
2024,나바8657,in_age_020,0
2024,나바8657,in_age_034,5
2024,나바8657,in_age_035,5
2024,나바8657,in_age_036,8
2024,나바8657,in_age_037,8
2024,나바8657,in_age_038,8
2024,나바8657,in_age_039,8
2024,나바8657,in_age_040,5
2024,나바8657,in_age_041,5
2024,나바8657,in_age_042,8
2024,나바8657,in_age_043,13
2024,나바8657,in_age_044,13
2024,나바8657,in_age_045,8
2024,나바8657,in_age_046,8
2024,나바8657,in_age_047,8
2024,나바8657,in_age_048,8
2024,나바8657,in_age_049,5
2024,나바8657,in_age_061,5
2024,나바8657,in_age_062,5
2024,나바8657,in_age_063,5
2024,나바8657,in_age_065,0
2024,나바8657,in_age_066,5
2024,나바8657,in_age_067,5
2024,나바8657,in_age_070,5
2024,나바8657,in_age_071,5
2024,나바8657,in_age_072,8
2024,나바8657,in_age_073,13
2024,나바8657,in_age_074,8
2024,나바8657,in_age_075,8
2024,나바8657,in_age_076,13
2024,나바8657,in_age_077,13
2024,나바8657,in_age_078,5
2024,나바8657,in_age_080,0
2024,나바8657,to_in_001,198
2024,나바8657,to_in_007,113
2024,나바8657,to_in_008,83
2024,나바8658,in_age_001,0
2024,나바8658,in_age_002,5
2024,나바8658,in_age_003,8
2024,나바8658,in_age_004,5
2024,나바8658,in_age_005,5
2024,나바8658,in_age_006,5
2024,나바8658,in_age_007,5
2024,나바8658,in_age_008,8
2024,나바8658,in_age_009,8
2024,나바8658,in_age_010,8
2024,나바8658,in_age_011,8
2024,나바8658,in_age_012,18
2024,나바8658,in_age_013,23
2024,나바8658,in_age_014,28
2024,나바8658,in_age_015,28
2024,나바8658,in_age_016,23
2024,나바8658,in_age_017,13
2024,나바8658,in_age_018,8
2024,나바8658,in_age_032,5
2024,나바8658,in_age_033,0
2024,나바8658,in_age_034,0
2024,나바8658,in_age_035,0
2024,나바8658,in_age_036,5
2024,나바8658,in_age_037,5
2024,나바8658,in_age_038,5
2024,나바8658,in_age_039,5
2024,나바8658,in_age_040,8
2024,나바8658,in_age_041,5
2024,나바8658,in_age_042,8
2024,나바8658,in_age_043,8
2024,나바8658,in_age_044,13
2024,나바8658,in_age_045,18
2024,나바8658,in_age_046,13
2024,나바8658,in_age_047,8
2024,나바8658,in_age_048,5
2024,나바8658,in_age_061,0
2024,나바8658,in_age_063,8
2024,나바8658,in_age_064,0
2024,나바8658,in_age_065,5
2024,나바8658,in_age_066,0
2024,나바8658,in_age_067,5
2024,나바8658,in_age_068,5
2024,나바8658,in_age_069,5
2024,나바8658,in_age_070,5
2024,나바8658,in_age_071,5
2024,나바8658,in_age_072,8
2024,나바8658,in_age_073,13
2024,나바8658,in_age_074,18
2024,나바8658,in_age_075,8
2024,나바8658,in_age_076,8
2024,나바8658,in_age_077,8
2024,나바8658,in_age_078,5
2024,나바8658,to_in_001,193
2024,나바8658,to_in_007,103
2024,나바8658,to_in_008,88
2024,나바8659,in_age_003,0
2024,나바8659,in_age_004,5
2024,나바8659,in_age_007,5
2024,나바8659,in_age_008,0
2024,나바8659,in_age_009,5
2024,나바8659,in_age_010,8
2024,나바8659,in_age_011,5
2024,나바8659,in_age_012,5
2024,나바8659,in_age_013,13
2024,나바8659,in_age_014,13
2024,나바8659,in_age_015,5
2024,나바8659,in_age_016,5
2024,나바8659,in_age_017,8
2024,나바8659,in_age_018,8
2024,나바8659,in_age_019,0
2024,나바8659,in_age_020,0
2024,나바8659,in_age_037,5
2024,나바8659,in_age_038,0
2024,나바8659,in_age_039,5
2024,나바8659,in_age_040,5
2024,나바8659,in_age_041,0
2024,나바8659,in_age_042,5
2024,나바8659,in_age_043,8
2024,나바8659,in_age_044,8
2024,나바8659,in_age_045,0
2024,나바8659,in_age_046,5
2024,나바8659,in_age_047,5
2024,나바8659,in_age_048,5
2024,나바8659,in_age_063,0
2024,나바8659,in_age_064,5
2024,나바8659,in_age_067,0
2024,나바8659,in_age_070,5
2024,나바8659,in_age_071,5
2024,나바8659,in_age_072,5
2024,나바8659,in_age_073,8
2024,나바8659,in_age_074,8
2024,나바8659,in_age_075,5
2024,나바8659,in_age_076,0
2024,나바8659,in_age_077,8
2024,나바8659,in_age_078,5
2024,나바8659,in_age_079,0
2024,나바8659,in_age_080,0
2024,나바8659,to_in_001,78
2024,나바8659,to_in_007,38
2024,나바8659,to_in_008,38
2024,나바8660,in_age_001,5
2024,나바8660,in_age_002,5
2024,나바8660,in_age_003,0
2024,나바8660,in_age_004,5
2024,나바8660,in_age_005,5
2024,나바8660,in_age_006,5
2024,나바8660,in_age_007,5
2024,나바8660,in_age_008,0
2024,나바8660,in_age_009,5
2024,나바8660,in_age_010,8
2024,나바8660,in_age_011,5
2024,나바8660,in_age_012,8
2024,나바8660,in_age_013,13
2024,나바8660,in_age_014,8
2024,나바8660,in_age_015,13
2024,나바8660,in_age_016,8
2024,나바8660,in_age_017,8
2024,나바8660,in_age_018,8
2024,나바8660,in_age_019,5
2024,나바8660,in_age_032,5
2024,나바8660,in_age_033,0
2024,나바8660,in_age_034,5
2024,나바8660,in_age_035,0
2024,나바8660,in_age_036,0
2024,나바8660,in_age_037,5
2024,나바8660,in_age_038,0
2024,나바8660,in_age_039,5
2024,나바8660,in_age_040,5
2024,나바8660,in_age_041,5
2024,나바8660,in_age_042,5
2024,나바8660,in_age_043,8
2024,나바8660,in_age_044,8
2024,나바8660,in_age_045,8
2024,나바8660,in_age_046,5
2024,나바8660,in_age_047,5
2024,나바8660,in_age_048,8
2024,나바8660,in_age_061,5
2024,나바8660,in_age_064,0
2024,나바8660,in_age_065,0
2024,나바8660,in_age_066,5
2024,나바8660,in_age_070,5
2024,나바8660,in_age_071,0
2024,나바8660,in_age_072,8
2024,나바8660,in_age_073,5
2024,나바8660,in_age_074,5
2024,나바8660,in_age_075,5
2024,나바8660,in_age_076,8
2024,나바8660,in_age_077,8
2024,나바8660,in_age_078,8
2024,나바8660,in_age_079,5
2024,나바8660,to_in_001,98
2024,나바8660,to_in_007,48
2024,나바8660,to_in_008,48
2024,나바8661,in_age_001,0
2024,나바8661,in_age_004,5
2024,나바8661,in_age_005,5
2024,나바8661,in_age_006,8
2024,나바8661,in_age_007,5
2024,나바8661,in_age_008,5
2024,나바8661,in_age_009,8
2024,나바8661,in_age_010,8
2024,나바8661,in_age_011,8
2024,나바8661,in_age_012,8
2024,나바8661,in_age_013,13
2024,나바8661,in_age_014,18
2024,나바8661,in_age_015,13
2024,나바8661,in_age_016,8
2024,나바8661,in_age_017,8
2024,나바8661,in_age_018,8
2024,나바8661,in_age_019,0
2024,나바8661,in_age_020,5
2024,나바8661,in_age_034,5
2024,나바8661,in_age_035,5
2024,나바8661,in_age_036,5
2024,나바8661,in_age_037,5
2024,나바8661,in_age_038,5
2024,나바8661,in_age_039,8
2024,나바8661,in_age_040,5
2024,나바8661,in_age_041,8
2024,나바8661,in_age_042,5
2024,나바8661,in_age_043,8
2024,나바8661,in_age_044,8
2024,나바8661,in_age_045,8
2024,나바8661,in_age_046,8
2024,나바8661,in_age_047,5
2024,나바8661,in_age_048,5
2024,나바8661,in_age_049,0
2024,나바8661,in_age_061,0
2024,나바8661,in_age_064,0
2024,나바8661,in_age_065,0
2024,나바8661,in_age_066,5
2024,나바8661,in_age_070,5
2024,나바8661,in_age_071,5
2024,나바8661,in_age_072,5
2024,나바8661,in_age_073,5
2024,나바8661,in_age_074,8
2024,나바8661,in_age_075,8
2024,나바8661,in_age_076,5
2024,나바8661,in_age_077,8
2024,나바8661,in_age_078,5
2024,나바8661,in_age_080,5
2024,나바8661,to_in_001,123
2024,나바8661,to_in_007,68
2024,나바8661,to_in_008,53
2024,나바8662,in_age_004,0
2024,나바8662,in_age_005,5
2024,나바8662,in_age_006,8
2024,나바8662,in_age_007,5
2024,나바8662,in_age_008,8
2024,나바8662,in_age_009,8
2024,나바8662,in_age_010,5
2024,나바8662,in_age_011,8
2024,나바8662,in_age_012,8
2024,나바8662,in_age_013,8
2024,나바8662,in_age_014,13
2024,나바8662,in_age_015,8
2024,나바8662,in_age_016,13
2024,나바8662,in_age_017,8
2024,나바8662,in_age_018,5
2024,나바8662,in_age_019,5
2024,나바8662,in_age_034,0
2024,나바8662,in_age_035,5
2024,나바8662,in_age_036,8
2024,나바8662,in_age_037,5
2024,나바8662,in_age_038,8
2024,나바8662,in_age_039,8
2024,나바8662,in_age_040,5
2024,나바8662,in_age_041,5
2024,나바8662,in_age_042,8
2024,나바8662,in_age_043,8
2024,나바8662,in_age_044,5
2024,나바8662,in_age_045,8
2024,나바8662,in_age_046,8
2024,나바8662,in_age_047,5
2024,나바8662,in_age_071,8
2024,나바8662,in_age_072,5
2024,나바8662,in_age_073,5
2024,나바8662,in_age_074,8
2024,나바8662,in_age_075,0
2024,나바8662,in_age_076,8
2024,나바8662,in_age_077,5
2024,나바8662,in_age_078,5
2024,나바8662,in_age_079,5
2024,나바8662,to_in_001,103
2024,나바8662,to_in_007,68
2024,나바8662,to_in_008,38
2024,나바8663,in_age_001,5
2024,나바8663,in_age_002,0
2024,나바8663,in_age_003,0
2024,나바8663,in_age_006,0
2024,나바8663,in_age_007,5
2024,나바8663,in_age_008,5
2024,나바8663,in_age_009,5
2024,나바8663,in_age_010,0
2024,나바8663,in_age_011,5
2024,나바8663,in_age_012,18
2024,나바8663,in_age_013,18
2024,나바8663,in_age_014,18
2024,나바8663,in_age_015,18
2024,나바8663,in_age_016,8
2024,나바8663,in_age_017,8
2024,나바8663,in_age_018,5
2024,나바8663,in_age_019,5
2024,나바8663,in_age_031,5
2024,나바8663,in_age_033,0
2024,나바8663,in_age_036,0
2024,나바8663,in_age_038,5
2024,나바8663,in_age_039,5
2024,나바8663,in_age_041,5
2024,나바8663,in_age_042,8
2024,나바8663,in_age_043,8
2024,나바8663,in_age_044,8
2024,나바8663,in_age_045,8
2024,나바8663,in_age_046,8
2024,나바8663,in_age_047,5
2024,나바8663,in_age_048,0
2024,나바8663,in_age_062,0
2024,나바8663,in_age_067,5
2024,나바8663,in_age_068,0
2024,나바8663,in_age_070,0
2024,나바8663,in_age_071,5
2024,나바8663,in_age_072,13
2024,나바8663,in_age_073,13
2024,나바8663,in_age_074,8
2024,나바8663,in_age_075,8
2024,나바8663,in_age_076,8
2024,나바8663,in_age_077,8
2024,나바8663,in_age_078,5
2024,나바8663,in_age_079,5
2024,나바8663,to_in_001,113
2024,나바8663,to_in_007,53
2024,나바8663,to_in_008,63
2024,나바8664,in_age_002,0
2024,나바8664,in_age_003,5
2024,나바8664,in_age_004,5
2024,나바8664,in_age_005,5
2024,나바8664,in_age_007,5
2024,나바8664,in_age_009,8
2024,나바8664,in_age_010,8
2024,나바8664,in_age_011,13
2024,나바8664,in_age_012,8
2024,나바8664,in_age_013,13
2024,나바8664,in_age_014,23
2024,나바8664,in_age_015,8
2024,나바8664,in_age_016,8
2024,나바8664,in_age_017,8
2024,나바8664,in_age_019,5
2024,나바8664,in_age_033,0
2024,나바8664,in_age_034,0
2024,나바8664,in_age_035,5
2024,나바8664,in_age_037,5
2024,나바8664,in_age_039,5
2024,나바8664,in_age_040,5
2024,나바8664,in_age_041,8
2024,나바8664,in_age_042,5
2024,나바8664,in_age_043,8
2024,나바8664,in_age_044,13
2024,나바8664,in_age_045,5
2024,나바8664,in_age_046,5
2024,나바8664,in_age_047,5
2024,나바8664,in_age_062,0
2024,나바8664,in_age_063,0
2024,나바8664,in_age_064,0
2024,나바8664,in_age_069,5
2024,나바8664,in_age_070,5
2024,나바8664,in_age_071,8
2024,나바8664,in_age_072,5
2024,나바8664,in_age_073,8
2024,나바8664,in_age_074,13
2024,나바8664,in_age_075,5
2024,나바8664,in_age_076,5
2024,나바8664,in_age_077,5
2024,나바8664,in_age_079,5
2024,나바8664,to_in_001,103
2024,나바8664,to_in_007,53
2024,나바8664,to_in_008,53
2024,나바8665,in_age_009,0
2024,나바8665,in_age_011,0
2024,나바8665,in_age_012,5
2024,나바8665,in_age_013,8
2024,나바8665,in_age_014,8
2024,나바8665,in_age_015,5
2024,나바8665,in_age_016,5
2024,나바8665,in_age_017,0
2024,나바8665,in_age_039,0
2024,나바8665,in_age_041,0
2024,나바8665,in_age_043,8
2024,나바8665,in_age_044,8
2024,나바8665,in_age_045,0
2024,나바8665,in_age_046,0
2024,나바8665,in_age_047,0
2024,나바8665,in_age_072,5
2024,나바8665,in_age_073,5
2024,나바8665,in_age_074,5
2024,나바8665,in_age_075,0
2024,나바8665,in_age_076,0
2024,나바8665,to_in_001,23
2024,나바8665,to_in_007,13
2024,나바8665,to_in_008,13
2024,나바8666,in_age_009,5
2024,나바8666,in_age_010,0
2024,나바8666,in_age_012,8
2024,나바8666,in_age_013,5
2024,나바8666,in_age_014,5
2024,나바8666,in_age_015,8
2024,나바8666,in_age_016,0
2024,나바8666,in_age_017,5
2024,나바8666,in_age_019,0
2024,나바8666,in_age_039,0
2024,나바8666,in_age_040,0
2024,나바8666,in_age_042,5
2024,나바8666,in_age_043,0
2024,나바8666,in_age_044,0
2024,나바8666,in_age_045,5
2024,나바8666,in_age_046,0
2024,나바8666,in_age_049,0
2024,나바8666,in_age_069,5
2024,나바8666,in_age_072,5
2024,나바8666,in_age_073,5
2024,나바8666,in_age_074,5
2024,나바8666,in_age_075,5
2024,나바8666,in_age_077,5
2024,나바8666,to_in_001,23
2024,나바8666,to_in_007,13
2024,나바8666,to_in_008,13
2024,나바8667,in_age_001,0
2024,나바8667,in_age_005,0
2024,나바8667,in_age_006,0
2024,나바8667,in_age_008,5
2024,나바8667,in_age_009,0
2024,나바8667,in_age_010,5
2024,나바8667,in_age_011,5
2024,나바8667,in_age_012,5
2024,나바8667,in_age_013,8
2024,나바8667,in_age_014,8
2024,나바8667,in_age_015,5
2024,나바8667,in_age_016,5
2024,나바8667,in_age_017,5
2024,나바8667,in_age_035,0
2024,나바8667,in_age_036,0
2024,나바8667,in_age_040,5
2024,나바8667,in_age_041,5
2024,나바8667,in_age_042,5
2024,나바8667,in_age_043,0
2024,나바8667,in_age_044,5
2024,나바8667,in_age_045,5
2024,나바8667,in_age_046,5
2024,나바8667,in_age_047,5
2024,나바8667,in_age_061,0
2024,나바8667,in_age_068,5
2024,나바8667,in_age_069,0
2024,나바8667,in_age_071,0
2024,나바8667,in_age_072,0
2024,나바8667,in_age_073,8
2024,나바8667,in_age_074,5
2024,나바8667,in_age_075,0
2024,나바8667,in_age_076,0
2024,나바8667,in_age_077,5
2024,나바8667,to_in_001,38
2024,나바8667,to_in_007,18
2024,나바8667,to_in_008,18
2024,나바8668,in_age_006,0
2024,나바8668,in_age_007,0
2024,나바8668,in_age_008,0
2024,나바8668,in_age_009,5
2024,나바8668,in_age_010,5
2024,나바8668,in_age_011,5
2024,나바8668,in_age_012,5
2024,나바8668,in_age_013,8
2024,나바8668,in_age_014,8
2024,나바8668,in_age_015,13
2024,나바8668,in_age_016,8
2024,나바8668,in_age_017,5
2024,나바8668,in_age_018,5
2024,나바8668,in_age_019,0
2024,나바8668,in_age_020,0
2024,나바8668,in_age_036,0
2024,나바8668,in_age_037,0
2024,나바8668,in_age_038,0
2024,나바8668,in_age_039,5
2024,나바8668,in_age_040,5
2024,나바8668,in_age_042,0
2024,나바8668,in_age_043,5
2024,나바8668,in_age_044,5
2024,나바8668,in_age_045,5
2024,나바8668,in_age_046,8
2024,나바8668,in_age_048,0
2024,나바8668,in_age_071,5
2024,나바8668,in_age_072,0
2024,나바8668,in_age_073,5
2024,나바8668,in_age_074,5
2024,나바8668,in_age_075,8
2024,나바8668,in_age_076,5
2024,나바8668,in_age_077,5
2024,나바8668,in_age_078,5
2024,나바8668,in_age_079,0
2024,나바8668,in_age_080,0
2024,나바8668,to_in_001,48
2024,나바8668,to_in_007,23
2024,나바8668,to_in_008,23
2024,나바8669,in_age_002,5
2024,나바8669,in_age_003,5
2024,나바8669,in_age_009,5
2024,나바8669,in_age_011,0
2024,나바8669,in_age_012,5
2024,나바8669,in_age_013,5
2024,나바8669,in_age_014,8
2024,나바8669,in_age_015,5
2024,나바8669,in_age_016,5
2024,나바8669,in_age_017,8
2024,나바8669,in_age_018,0
2024,나바8669,in_age_019,5
2024,나바8669,in_age_039,5
2024,나바8669,in_age_042,5
2024,나바8669,in_age_043,5
2024,나바8669,in_age_044,5
2024,나바8669,in_age_045,5
2024,나바8669,in_age_046,5
2024,나바8669,in_age_047,5
2024,나바8669,in_age_062,5
2024,나바8669,in_age_063,5
2024,나바8669,in_age_069,0
2024,나바8669,in_age_071,0
2024,나바8669,in_age_072,0
2024,나바8669,in_age_073,5
2024,나바8669,in_age_074,8
2024,나바8669,in_age_075,5
2024,나바8669,in_age_076,0
2024,나바8669,in_age_077,5
2024,나바8669,in_age_078,0
2024,나바8669,in_age_079,5
2024,나바8669,to_in_001,38
2024,나바8669,to_in_007,18
2024,나바8669,to_in_008,23
2024,나바8670,in_age_004,0
2024,나바8670,in_age_006,5
2024,나바8670,in_age_009,0
2024,나바8670,in_age_011,0
2024,나바8670,in_age_012,5
2024,나바8670,in_age_013,5
2024,나바8670,in_age_014,5
2024,나바8670,in_age_016,0
2024,나바8670,in_age_017,8
2024,나바8670,in_age_018,0
2024,나바8670,in_age_019,0
2024,나바8670,in_age_034,0
2024,나바8670,in_age_036,5
2024,나바8670,in_age_041,0
2024,나바8670,in_age_042,5
2024,나바8670,in_age_043,5
2024,나바8670,in_age_044,5
2024,나바8670,in_age_047,0
2024,나바8670,in_age_048,0
2024,나바8670,in_age_069,0
2024,나바8670,in_age_072,5
2024,나바8670,in_age_073,5
2024,나바8670,in_age_074,5
2024,나바8670,in_age_076,0
2024,나바8670,in_age_077,8
2024,나바8670,in_age_079,0
2024,나바8670,to_in_001,23
2024,나바8670,to_in_007,13
2024,나바8670,to_in_008,13
2024,나바8671,in_age_002,0
2024,나바8671,in_age_003,5
2024,나바8671,in_age_004,0
2024,나바8671,in_age_007,5
2024,나바8671,in_age_008,5
2024,나바8671,in_age_010,0
2024,나바8671,in_age_011,5
2024,나바8671,in_age_012,8
2024,나바8671,in_age_013,13
2024,나바8671,in_age_014,13
2024,나바8671,in_age_015,8
2024,나바8671,in_age_016,8
2024,나바8671,in_age_017,8
2024,나바8671,in_age_018,5
2024,나바8671,in_age_019,5
2024,나바8671,in_age_032,0
2024,나바8671,in_age_033,5
2024,나바8671,in_age_037,5
2024,나바8671,in_age_038,5
2024,나바8671,in_age_040,0
2024,나바8671,in_age_041,5
2024,나바8671,in_age_042,5
2024,나바8671,in_age_043,5
2024,나바8671,in_age_044,8
2024,나바8671,in_age_045,5
2024,나바8671,in_age_046,5
2024,나바8671,in_age_047,5
2024,나바8671,in_age_049,0
2024,나바8671,in_age_064,0
2024,나바8671,in_age_068,0
2024,나바8671,in_age_071,5
2024,나바8671,in_age_072,5
2024,나바8671,in_age_073,8
2024,나바8671,in_age_074,8
2024,나바8671,in_age_075,5
2024,나바8671,in_age_076,8
2024,나바8671,in_age_077,5
2024,나바8671,in_age_078,5
2024,나바8671,in_age_079,0
2024,나바8671,to_in_001,73
2024,나바8671,to_in_007,38
2024,나바8671,to_in_008,33
2024,나바8672,in_age_005,0
2024,나바8672,in_age_010,5
2024,나바8672,in_age_011,5
2024,나바8672,in_age_012,5
2024,나바8672,in_age_013,8
2024,나바8672,in_age_014,5
2024,나바8672,in_age_015,0
2024,나바8672,in_age_017,8
2024,나바8672,in_age_018,5
2024,나바8672,in_age_040,0
2024,나바8672,in_age_041,0
2024,나바8672,in_age_042,5
2024,나바8672,in_age_043,8
2024,나바8672,in_age_044,5
2024,나바8672,in_age_045,0
2024,나바8672,in_age_047,5
2024,나바8672,in_age_048,5
2024,나바8672,in_age_065,0
2024,나바8672,in_age_070,0
2024,나바8672,in_age_071,0
2024,나바8672,in_age_072,0
2024,나바8672,in_age_073,0
2024,나바8672,in_age_074,5
2024,나바8672,in_age_077,8
2024,나바8672,in_age_078,5
2024,나바8672,to_in_001,33
2024,나바8672,to_in_007,18
2024,나바8672,to_in_008,18
2024,나바8673,in_age_009,5
2024,나바8673,in_age_012,5
2024,나바8673,in_age_013,5
2024,나바8673,in_age_014,5
2024,나바8673,in_age_015,5
2024,나바8673,in_age_016,8
2024,나바8673,in_age_017,5
2024,나바8673,in_age_018,0
2024,나바8673,in_age_020,5
2024,나바8673,in_age_039,5
2024,나바8673,in_age_042,5
2024,나바8673,in_age_043,0
2024,나바8673,in_age_044,0
2024,나바8673,in_age_045,5
2024,나바8673,in_age_046,8
2024,나바8673,in_age_048,0
2024,나바8673,in_age_073,5
2024,나바8673,in_age_074,5
2024,나바8673,in_age_075,5
2024,나바8673,in_age_076,5
2024,나바8673,in_age_077,5
2024,나바8673,in_age_080,5
2024,나바8673,to_in_001,28
2024,나바8673,to_in_007,13
2024,나바8673,to_in_008,13
2024,나바8674,in_age_007,0
2024,나바8674,in_age_010,0
2024,나바8674,in_age_011,5
2024,나바8674,in_age_012,5
2024,나바8674,in_age_013,5
2024,나바8674,in_age_014,0
2024,나바8674,in_age_015,5
2024,나바8674,in_age_016,8
2024,나바8674,in_age_017,5
2024,나바8674,in_age_037,0
2024,나바8674,in_age_041,0
2024,나바8674,in_age_042,5
2024,나바8674,in_age_043,0
2024,나바8674,in_age_044,0
2024,나바8674,in_age_046,5
2024,나바8674,in_age_047,5
2024,나바8674,in_age_070,0
2024,나바8674,in_age_071,0
2024,나바8674,in_age_073,5
2024,나바8674,in_age_075,5
2024,나바8674,in_age_076,5
2024,나바8674,in_age_077,5
2024,나바8674,to_in_001,23
2024,나바8674,to_in_007,8
2024,나바8674,to_in_008,13
2024,나바8675,in_age_003,5
2024,나바8675,in_age_009,0
2024,나바8675,in_age_010,0
2024,나바8675,in_age_011,0
2024,나바8675,in_age_014,5
2024,나바8675,in_age_016,0
2024,나바8675,in_age_033,5
2024,나바8675,in_age_039,0
2024,나바8675,in_age_046,0
2024,나바8675,in_age_070,0
2024,나바8675,in_age_071,0
2024,나바8675,in_age_074,5
2024,나바8675,to_in_001,8
2024,나바8675,to_in_007,5
2024,나바8675,to_in_008,5
2024,나바8677,in_age_003,5
2024,나바8677,in_age_004,5
2024,나바8677,in_age_008,0
2024,나바8677,in_age_009,5
2024,나바8677,in_age_010,5
2024,나바8677,in_age_011,5
2024,나바8677,in_age_012,5
2024,나바8677,in_age_013,8
2024,나바8677,in_age_014,8
2024,나바8677,in_age_015,5
2024,나바8677,in_age_016,8
2024,나바8677,in_age_017,5
2024,나바8677,in_age_033,0
2024,나바8677,in_age_034,5
2024,나바8677,in_age_038,0
2024,나바8677,in_age_039,5
2024,나바8677,in_age_040,5
2024,나바8677,in_age_041,5
2024,나바8677,in_age_042,5
2024,나바8677,in_age_043,8
2024,나바8677,in_age_044,8
2024,나바8677,in_age_045,5
2024,나바8677,in_age_046,5
2024,나바8677,in_age_047,5
2024,나바8677,in_age_063,0
2024,나바8677,in_age_064,5
2024,나바8677,in_age_069,0
2024,나바8677,in_age_070,0
2024,나바8677,in_age_071,0
2024,나바8677,in_age_073,5
2024,나바8677,in_age_074,5
2024,나바8677,in_age_075,0
2024,나바8677,in_age_076,5
2024,나바8677,in_age_077,5
2024,나바8677,to_in_001,48
2024,나바8677,to_in_007,28
2024,나바8677,to_in_008,18
2024,나바8678,in_age_001,0
2024,나바8678,in_age_005,5
2024,나바8678,in_age_006,5
2024,나바8678,in_age_007,0
2024,나바8678,in_age_008,5
2024,나바8678,in_age_009,5
2024,나바8678,in_age_010,0
2024,나바8678,in_age_011,5
2024,나바8678,in_age_012,8
2024,나바8678,in_age_013,5
2024,나바8678,in_age_014,8
2024,나바8678,in_age_016,0
2024,나바8678,in_age_017,5
2024,나바8678,in_age_018,5
2024,나바8678,in_age_035,5
2024,나바8678,in_age_036,5
2024,나바8678,in_age_038,5
2024,나바8678,in_age_039,0
2024,나바8678,in_age_040,0
2024,나바8678,in_age_041,5
2024,나바8678,in_age_042,8
2024,나바8678,in_age_043,5
2024,나바8678,in_age_044,5
2024,나바8678,in_age_048,5
2024,나바8678,in_age_061,0
2024,나바8678,in_age_067,0
2024,나바8678,in_age_069,5
2024,나바8678,in_age_071,5
2024,나바8678,in_age_072,5
2024,나바8678,in_age_073,0
2024,나바8678,in_age_074,5
2024,나바8678,in_age_076,0
2024,나바8678,in_age_077,5
2024,나바8678,in_age_078,5
2024,나바8678,to_in_001,43
2024,나바8678,to_in_007,23
2024,나바8678,to_in_008,18
2024,나바8756,in_age_011,5
2024,나바8756,in_age_012,0
2024,나바8756,in_age_013,5
2024,나바8756,in_age_014,5
2024,나바8756,in_age_042,0
2024,나바8756,in_age_043,5
2024,나바8756,in_age_071,5
2024,나바8756,in_age_074,5
2024,나바8756,to_in_001,8
2024,나바8756,to_in_007,5
2024,나바8756,to_in_008,8
2024,나바8758,in_age_004,5
2024,나바8758,in_age_006,0
2024,나바8758,in_age_008,5
2024,나바8758,in_age_009,0
2024,나바8758,in_age_011,5
2024,나바8758,in_age_012,8
2024,나바8758,in_age_013,8
2024,나바8758,in_age_014,13
2024,나바8758,in_age_015,8
2024,나바8758,in_age_016,8
2024,나바8758,in_age_017,5
2024,나바8758,in_age_018,5
2024,나바8758,in_age_019,5
2024,나바8758,in_age_034,5
2024,나바8758,in_age_036,0
2024,나바8758,in_age_038,0
2024,나바8758,in_age_039,0
2024,나바8758,in_age_041,5
2024,나바8758,in_age_043,5
2024,나바8758,in_age_044,5
2024,나바8758,in_age_045,5
2024,나바8758,in_age_046,5
2024,나바8758,in_age_047,0
2024,나바8758,in_age_048,5
2024,나바8758,in_age_068,0
2024,나바8758,in_age_071,0
2024,나바8758,in_age_072,8
2024,나바8758,in_age_073,0
2024,나바8758,in_age_074,8
2024,나바8758,in_age_075,5
2024,나바8758,in_age_076,8
2024,나바8758,in_age_077,0
2024,나바8758,in_age_078,5
2024,나바8758,in_age_079,5
2024,나바8758,to_in_001,53
2024,나바8758,to_in_007,28
2024,나바8758,to_in_008,28
2024,나바8759,in_age_003,8
2024,나바8759,in_age_006,0
2024,나바8759,in_age_007,5
2024,나바8759,in_age_008,0
2024,나바8759,in_age_009,5
2024,나바8759,in_age_010,5
2024,나바8759,in_age_011,5
2024,나바8759,in_age_012,8
2024,나바8759,in_age_013,13
2024,나바8759,in_age_014,28
2024,나바8759,in_age_015,13
2024,나바8759,in_age_016,18
2024,나바8759,in_age_017,8
2024,나바8759,in_age_018,5
2024,나바8759,in_age_019,0
2024,나바8759,in_age_020,0
2024,나바8759,in_age_033,5
2024,나바8759,in_age_036,0
2024,나바8759,in_age_039,0
2024,나바8759,in_age_040,5
2024,나바8759,in_age_041,5
2024,나바8759,in_age_042,5
2024,나바8759,in_age_043,8
2024,나바8759,in_age_044,8
2024,나바8759,in_age_045,8
2024,나바8759,in_age_046,8
2024,나바8759,in_age_047,5
2024,나바8759,in_age_048,5
2024,나바8759,in_age_063,5
2024,나바8759,in_age_067,5
2024,나바8759,in_age_068,0
2024,나바8759,in_age_069,5
2024,나바8759,in_age_070,0
2024,나바8759,in_age_071,5
2024,나바8759,in_age_072,5
2024,나바8759,in_age_073,8
2024,나바8759,in_age_074,18
2024,나바8759,in_age_075,5
2024,나바8759,in_age_076,8
2024,나바8759,in_age_077,5
2024,나바8759,in_age_078,0
2024,나바8759,in_age_079,0
2024,나바8759,in_age_080,0
2024,나바8759,to_in_001,103
2024,나바8759,to_in_007,48
2024,나바8759,to_in_008,58
2024,나바8760,in_age_002,5
2024,나바8760,in_age_003,5
2024,나바8760,in_age_004,5
2024,나바8760,in_age_005,5
2024,나바8760,in_age_006,0
2024,나바8760,in_age_007,5
2024,나바8760,in_age_008,5
2024,나바8760,in_age_009,5
2024,나바8760,in_age_010,8
2024,나바8760,in_age_011,8
2024,나바8760,in_age_012,13
2024,나바8760,in_age_013,23
2024,나바8760,in_age_014,23
2024,나바8760,in_age_015,18
2024,나바8760,in_age_016,13
2024,나바8760,in_age_017,8
2024,나바8760,in_age_018,5
2024,나바8760,in_age_019,5
2024,나바8760,in_age_020,0
2024,나바8760,in_age_032,5
2024,나바8760,in_age_033,0
2024,나바8760,in_age_035,0
2024,나바8760,in_age_036,0
2024,나바8760,in_age_037,0
2024,나바8760,in_age_038,0
2024,나바8760,in_age_039,0
2024,나바8760,in_age_040,5
2024,나바8760,in_age_041,5
2024,나바8760,in_age_042,8
2024,나바8760,in_age_043,13
2024,나바8760,in_age_044,8
2024,나바8760,in_age_045,8
2024,나바8760,in_age_046,8
2024,나바8760,in_age_047,5
2024,나바8760,in_age_049,5
2024,나바8760,in_age_063,5
2024,나바8760,in_age_064,5
2024,나바8760,in_age_065,0
2024,나바8760,in_age_067,0
2024,나바8760,in_age_068,0
2024,나바8760,in_age_069,0
2024,나바8760,in_age_070,5
2024,나바8760,in_age_071,8
2024,나바8760,in_age_072,8
2024,나바8760,in_age_073,8
2024,나바8760,in_age_074,13
2024,나바8760,in_age_075,8
2024,나바8760,in_age_076,8
2024,나바8760,in_age_077,5
2024,나바8760,in_age_078,5
2024,나바8760,in_age_079,5
2024,나바8760,in_age_080,0
2024,나바8760,to_in_001,133
2024,나바8760,to_in_007,63
2024,나바8760,to_in_008,68
2024,나바8761,in_age_004,5
2024,나바8761,in_age_005,5
2024,나바8761,in_age_007,0
2024,나바8761,in_age_008,5
2024,나바8761,in_age_009,0
2024,나바8761,in_age_010,0
2024,나바8761,in_age_011,5
2024,나바8761,in_age_012,13
2024,나바8761,in_age_013,8
2024,나바8761,in_age_014,13
2024,나바8761,in_age_015,8
2024,나바8761,in_age_016,8
2024,나바8761,in_age_017,8
2024,나바8761,in_age_018,5
2024,나바8761,in_age_034,0
2024,나바8761,in_age_035,0
2024,나바8761,in_age_039,0
2024,나바8761,in_age_041,0
2024,나바8761,in_age_042,8
2024,나바8761,in_age_043,5
2024,나바8761,in_age_044,8
2024,나바8761,in_age_045,5
2024,나바8761,in_age_046,5
2024,나바8761,in_age_047,5
2024,나바8761,in_age_048,0
2024,나바8761,in_age_064,5
2024,나바8761,in_age_065,0
2024,나바8761,in_age_067,0
2024,나바8761,in_age_068,5
2024,나바8761,in_age_070,0
2024,나바8761,in_age_071,5
2024,나바8761,in_age_072,5
2024,나바8761,in_age_073,8
2024,나바8761,in_age_074,5
2024,나바8761,in_age_075,8
2024,나바8761,in_age_076,5
2024,나바8761,in_age_077,5
2024,나바8761,in_age_078,0
2024,나바8761,to_in_001,68
2024,나바8761,to_in_007,33
2024,나바8761,to_in_008,38
2024,나바8762,in_age_003,5
2024,나바8762,in_age_004,5
2024,나바8762,in_age_005,5
2024,나바8762,in_age_006,5
2024,나바8762,in_age_007,8
2024,나바8762,in_age_008,5
2024,나바8762,in_age_009,5
2024,나바8762,in_age_010,5
2024,나바8762,in_age_011,13
2024,나바8762,in_age_012,23
2024,나바8762,in_age_013,18
2024,나바8762,in_age_014,18
2024,나바8762,in_age_015,18
2024,나바8762,in_age_016,8
2024,나바8762,in_age_017,8
2024,나바8762,in_age_018,8
2024,나바8762,in_age_033,0
2024,나바8762,in_age_035,5
2024,나바8762,in_age_036,5
2024,나바8762,in_age_037,8
2024,나바8762,in_age_038,0
2024,나바8762,in_age_039,5
2024,나바8762,in_age_040,0
2024,나바8762,in_age_041,8
2024,나바8762,in_age_042,13
2024,나바8762,in_age_043,13
2024,나바8762,in_age_044,8
2024,나바8762,in_age_045,8
2024,나바8762,in_age_046,5
2024,나바8762,in_age_047,8
2024,나바8762,in_age_048,0
2024,나바8762,in_age_063,0
2024,나바8762,in_age_064,5
2024,나바8762,in_age_067,5
2024,나바8762,in_age_068,5
2024,나바8762,in_age_070,0
2024,나바8762,in_age_071,5
2024,나바8762,in_age_072,8
2024,나바8762,in_age_073,8
2024,나바8762,in_age_074,8
2024,나바8762,in_age_075,13
2024,나바8762,in_age_076,8
2024,나바8762,in_age_077,8
2024,나바8762,in_age_078,8
2024,나바8762,to_in_001,138
2024,나바8762,to_in_007,73
2024,나바8762,to_in_008,63
2024,나바8763,in_age_005,0
2024,나바8763,in_age_006,5
2024,나바8763,in_age_008,0
2024,나바8763,in_age_009,5
2024,나바8763,in_age_010,5
2024,나바8763,in_age_011,5
2024,나바8763,in_age_012,5
2024,나바8763,in_age_013,8
2024,나바8763,in_age_014,13
2024,나바8763,in_age_015,18
2024,나바8763,in_age_016,8
2024,나바8763,in_age_017,8
2024,나바8763,in_age_018,8
2024,나바8763,in_age_019,5
2024,나바8763,in_age_035,0
2024,나바8763,in_age_036,5
2024,나바8763,in_age_038,0
2024,나바8763,in_age_039,0
2024,나바8763,in_age_040,0
2024,나바8763,in_age_041,5
2024,나바8763,in_age_042,5
2024,나바8763,in_age_043,5
2024,나바8763,in_age_044,8
2024,나바8763,in_age_045,8
2024,나바8763,in_age_046,5
2024,나바8763,in_age_047,8
2024,나바8763,in_age_048,5
2024,나바8763,in_age_049,0
2024,나바8763,in_age_069,0
2024,나바8763,in_age_070,0
2024,나바8763,in_age_071,5
2024,나바8763,in_age_072,5
2024,나바8763,in_age_073,5
2024,나바8763,in_age_074,8
2024,나바8763,in_age_075,8
2024,나바8763,in_age_076,5
2024,나바8763,in_age_077,5
2024,나바8763,in_age_078,5
2024,나바8763,in_age_079,5
2024,나바8763,to_in_001,78
2024,나바8763,to_in_007,43
2024,나바8763,to_in_008,38
2024,나바8764,in_age_002,5
2024,나바8764,in_age_003,8
2024,나바8764,in_age_004,0
2024,나바8764,in_age_005,5
2024,나바8764,in_age_006,5
2024,나바8764,in_age_007,5
2024,나바8764,in_age_008,5
2024,나바8764,in_age_009,5
2024,나바8764,in_age_010,5
2024,나바8764,in_age_011,5
2024,나바8764,in_age_012,13
2024,나바8764,in_age_013,23
2024,나바8764,in_age_014,28
2024,나바8764,in_age_015,13
2024,나바8764,in_age_016,8
2024,나바8764,in_age_017,8
2024,나바8764,in_age_018,8
2024,나바8764,in_age_019,8
2024,나바8764,in_age_032,5
2024,나바8764,in_age_033,5
2024,나바8764,in_age_034,0
2024,나바8764,in_age_036,5
2024,나바8764,in_age_037,5
2024,나바8764,in_age_038,0
2024,나바8764,in_age_039,5
2024,나바8764,in_age_040,0
2024,나바8764,in_age_041,5
2024,나바8764,in_age_042,8
2024,나바8764,in_age_043,8
2024,나바8764,in_age_044,13
2024,나바8764,in_age_045,8
2024,나바8764,in_age_046,5
2024,나바8764,in_age_047,5
2024,나바8764,in_age_048,0
2024,나바8764,in_age_049,5
2024,나바8764,in_age_063,5
2024,나바8764,in_age_065,5
2024,나바8764,in_age_068,5
2024,나바8764,in_age_069,0
2024,나바8764,in_age_070,5
2024,나바8764,in_age_071,5
2024,나바8764,in_age_072,8
2024,나바8764,in_age_073,13
2024,나바8764,in_age_074,13
2024,나바8764,in_age_075,8
2024,나바8764,in_age_076,5
2024,나바8764,in_age_077,8
2024,나바8764,in_age_078,5
2024,나바8764,in_age_079,8
2024,나바8764,to_in_001,128
2024,나바8764,to_in_007,58
2024,나바8764,to_in_008,68
2024,나바8765,in_age_003,5
2024,나바8765,in_age_004,0
2024,나바8765,in_age_005,5
2024,나바8765,in_age_006,0
2024,나바8765,in_age_007,5
2024,나바8765,in_age_010,0
2024,나바8765,in_age_011,5
2024,나바8765,in_age_012,5
2024,나바8765,in_age_013,5
2024,나바8765,in_age_014,8
2024,나바8765,in_age_015,8
2024,나바8765,in_age_016,8
2024,나바8765,in_age_017,8
2024,나바8765,in_age_018,5
2024,나바8765,in_age_019,5
2024,나바8765,in_age_034,0
2024,나바8765,in_age_035,0
2024,나바8765,in_age_036,0
2024,나바8765,in_age_037,5
2024,나바8765,in_age_040,0
2024,나바8765,in_age_041,5
2024,나바8765,in_age_042,0
2024,나바8765,in_age_043,0
2024,나바8765,in_age_044,5
2024,나바8765,in_age_045,5
2024,나바8765,in_age_046,8
2024,나바8765,in_age_047,8
2024,나바8765,in_age_048,0
2024,나바8765,in_age_063,5
2024,나바8765,in_age_065,5
2024,나바8765,in_age_071,5
2024,나바8765,in_age_072,5
2024,나바8765,in_age_073,5
2024,나바8765,in_age_074,5
2024,나바8765,in_age_075,5
2024,나바8765,in_age_076,5
2024,나바8765,in_age_077,5
2024,나바8765,in_age_078,5
2024,나바8765,in_age_079,5
2024,나바8765,to_in_001,53
2024,나바8765,to_in_007,28
2024,나바8765,to_in_008,28
2024,나바8766,in_age_003,0
2024,나바8766,in_age_004,5
2024,나바8766,in_age_007,0
2024,나바8766,in_age_009,5
2024,나바8766,in_age_010,5
2024,나바8766,in_age_012,5
2024,나바8766,in_age_013,0
2024,나바8766,in_age_014,8
2024,나바8766,in_age_015,5
2024,나바8766,in_age_016,5
2024,나바8766,in_age_017,5
2024,나바8766,in_age_033,0
2024,나바8766,in_age_034,5
2024,나바8766,in_age_037,0
2024,나바8766,in_age_039,5
2024,나바8766,in_age_040,5
2024,나바8766,in_age_042,0
2024,나바8766,in_age_044,8
2024,나바8766,in_age_045,5
2024,나바8766,in_age_047,0
2024,나바8766,in_age_072,0
2024,나바8766,in_age_073,0
2024,나바8766,in_age_074,5
2024,나바8766,in_age_075,0
2024,나바8766,in_age_076,5
2024,나바8766,in_age_077,0
2024,나바8766,to_in_001,23
2024,나바8766,to_in_007,13
2024,나바8766,to_in_008,8
2024,나바8767,in_age_004,0
2024,나바8767,in_age_005,0
2024,나바8767,in_age_006,0
2024,나바8767,in_age_007,0
2024,나바8767,in_age_008,5
2024,나바8767,in_age_010,5
2024,나바8767,in_age_011,5
2024,나바8767,in_age_012,5
2024,나바8767,in_age_013,18
2024,나바8767,in_age_014,8
2024,나바8767,in_age_015,8
2024,나바8767,in_age_016,8
2024,나바8767,in_age_017,8
2024,나바8767,in_age_018,5
2024,나바8767,in_age_019,5
2024,나바8767,in_age_034,0
2024,나바8767,in_age_035,0
2024,나바8767,in_age_036,0
2024,나바8767,in_age_038,0
2024,나바8767,in_age_040,5
2024,나바8767,in_age_041,0
2024,나바8767,in_age_042,0
2024,나바8767,in_age_043,8
2024,나바8767,in_age_044,5
2024,나바8767,in_age_045,5
2024,나바8767,in_age_046,8
2024,나바8767,in_age_047,5
2024,나바8767,in_age_048,0
2024,나바8767,in_age_049,5
2024,나바8767,in_age_067,0
2024,나바8767,in_age_068,0
2024,나바8767,in_age_070,5
2024,나바8767,in_age_071,0
2024,나바8767,in_age_072,5
2024,나바8767,in_age_073,8
2024,나바8767,in_age_074,5
2024,나바8767,in_age_075,5
2024,나바8767,in_age_076,5
2024,나바8767,in_age_077,5
2024,나바8767,in_age_078,5
2024,나바8767,in_age_079,0
2024,나바8767,to_in_001,63
2024,나바8767,to_in_007,33
2024,나바8767,to_in_008,33
2024,나바8768,in_age_004,5
2024,나바8768,in_age_005,5
2024,나바8768,in_age_008,0
2024,나바8768,in_age_009,5
2024,나바8768,in_age_010,5
2024,나바8768,in_age_011,5
2024,나바8768,in_age_012,5
2024,나바8768,in_age_013,8
2024,나바8768,in_age_014,8
2024,나바8768,in_age_015,8
2024,나바8768,in_age_016,5
2024,나바8768,in_age_017,8
2024,나바8768,in_age_018,0
2024,나바8768,in_age_019,5
2024,나바8768,in_age_034,5
2024,나바8768,in_age_035,0
2024,나바8768,in_age_038,0
2024,나바8768,in_age_039,5
2024,나바8768,in_age_040,5
2024,나바8768,in_age_041,0
2024,나바8768,in_age_042,5
2024,나바8768,in_age_043,5
2024,나바8768,in_age_044,5
2024,나바8768,in_age_045,5
2024,나바8768,in_age_046,0
2024,나바8768,in_age_047,5
2024,나바8768,in_age_065,5
2024,나바8768,in_age_071,0
2024,나바8768,in_age_072,0
2024,나바8768,in_age_073,5
2024,나바8768,in_age_074,8
2024,나바8768,in_age_075,5
2024,나바8768,in_age_076,0
2024,나바8768,in_age_077,5
2024,나바8768,in_age_078,0
2024,나바8768,in_age_079,5
2024,나바8768,to_in_001,43
2024,나바8768,to_in_007,28
2024,나바8768,to_in_008,18
2024,나바8769,in_age_011,0
2024,나바8769,in_age_013,5
2024,나바8769,in_age_014,5
2024,나바8769,in_age_017,0
2024,나바8769,in_age_018,5
2024,나바8769,in_age_019,0
2024,나바8769,in_age_043,5
2024,나바8769,in_age_044,5
2024,나바8769,in_age_049,0
2024,나바8769,in_age_071,0
2024,나바8769,in_age_074,0
2024,나바8769,in_age_077,0
2024,나바8769,in_age_078,5
2024,나바8769,to_in_001,13
2024,나바8769,to_in_007,8
2024,나바8769,to_in_008,8
2024,나바8770,in_age_003,5
2024,나바8770,in_age_004,0
2024,나바8770,in_age_006,0
2024,나바8770,in_age_010,8
2024,나바8770,in_age_011,5
2024,나바8770,in_age_012,5
2024,나바8770,in_age_013,5
2024,나바8770,in_age_014,8
2024,나바8770,in_age_015,5
2024,나바8770,in_age_016,5
2024,나바8770,in_age_017,5
2024,나바8770,in_age_018,5
2024,나바8770,in_age_019,5
2024,나바8770,in_age_020,0
2024,나바8770,in_age_033,0
2024,나바8770,in_age_034,0
2024,나바8770,in_age_040,5
2024,나바8770,in_age_041,5
2024,나바8770,in_age_042,5
2024,나바8770,in_age_044,8
2024,나바8770,in_age_047,0
2024,나바8770,in_age_048,0
2024,나바8770,in_age_063,0
2024,나바8770,in_age_066,0
2024,나바8770,in_age_070,5
2024,나바8770,in_age_071,0
2024,나바8770,in_age_072,0
2024,나바8770,in_age_073,5
2024,나바8770,in_age_074,5
2024,나바8770,in_age_075,5
2024,나바8770,in_age_076,5
2024,나바8770,in_age_077,5
2024,나바8770,in_age_078,0
2024,나바8770,in_age_079,5
2024,나바8770,in_age_080,0
2024,나바8770,to_in_001,33
2024,나바8770,to_in_007,13
2024,나바8770,to_in_008,18
2024,나바8771,in_age_005,5
2024,나바8771,in_age_007,5
2024,나바8771,in_age_008,0
2024,나바8771,in_age_009,0
2024,나바8771,in_age_010,0
2024,나바8771,in_age_011,8
2024,나바8771,in_age_012,8
2024,나바8771,in_age_013,13
2024,나바8771,in_age_014,8
2024,나바8771,in_age_015,8
2024,나바8771,in_age_016,5
2024,나바8771,in_age_017,5
2024,나바8771,in_age_018,8
2024,나바8771,in_age_019,0
2024,나바8771,in_age_035,5
2024,나바8771,in_age_037,5
2024,나바8771,in_age_038,0
2024,나바8771,in_age_039,0
2024,나바8771,in_age_041,5
2024,나바8771,in_age_042,5
2024,나바8771,in_age_043,8
2024,나바8771,in_age_044,5
2024,나바8771,in_age_045,5
2024,나바8771,in_age_046,5
2024,나바8771,in_age_047,0
2024,나바8771,in_age_048,5
2024,나바8771,in_age_049,0
2024,나바8771,in_age_065,0
2024,나바8771,in_age_067,0
2024,나바8771,in_age_070,0
2024,나바8771,in_age_071,0
2024,나바8771,in_age_072,5
2024,나바8771,in_age_073,8
2024,나바8771,in_age_074,5
2024,나바8771,in_age_075,5
2024,나바8771,in_age_076,0
2024,나바8771,in_age_077,5
2024,나바8771,in_age_078,5
2024,나바8771,to_in_001,58
2024,나바8771,to_in_007,33
2024,나바8771,to_in_008,23
2024,나바8772,in_age_001,0
2024,나바8772,in_age_003,0
2024,나바8772,in_age_004,0
2024,나바8772,in_age_005,0
2024,나바8772,in_age_006,5
2024,나바8772,in_age_010,5
2024,나바8772,in_age_011,5
2024,나바8772,in_age_012,13
2024,나바8772,in_age_013,8
2024,나바8772,in_age_014,8
2024,나바8772,in_age_015,8
2024,나바8772,in_age_016,8
2024,나바8772,in_age_017,5
2024,나바8772,in_age_018,5
2024,나바8772,in_age_019,0
2024,나바8772,in_age_036,5
2024,나바8772,in_age_040,5
2024,나바8772,in_age_041,5
2024,나바8772,in_age_042,8
2024,나바8772,in_age_043,5
2024,나바8772,in_age_044,8
2024,나바8772,in_age_045,5
2024,나바8772,in_age_046,8
2024,나바8772,in_age_048,0
2024,나바8772,in_age_061,0
2024,나바8772,in_age_063,0
2024,나바8772,in_age_064,0
2024,나바8772,in_age_065,0
2024,나바8772,in_age_070,5
2024,나바8772,in_age_071,0
2024,나바8772,in_age_072,5
2024,나바8772,in_age_073,5
2024,나바8772,in_age_074,5
2024,나바8772,in_age_075,8
2024,나바8772,in_age_076,0
2024,나바8772,in_age_077,5
2024,나바8772,in_age_078,0
2024,나바8772,in_age_079,0
2024,나바8772,to_in_001,63
2024,나바8772,to_in_007,33
2024,나바8772,to_in_008,33
2024,나바8773,in_age_006,5
2024,나바8773,in_age_008,0
2024,나바8773,in_age_010,5
2024,나바8773,in_age_011,5
2024,나바8773,in_age_012,13
2024,나바8773,in_age_013,13
2024,나바8773,in_age_014,8
2024,나바8773,in_age_015,13
2024,나바8773,in_age_016,8
2024,나바8773,in_age_017,5
2024,나바8773,in_age_018,5
2024,나바8773,in_age_019,0
2024,나바8773,in_age_036,0
2024,나바8773,in_age_041,5
2024,나바8773,in_age_042,5
2024,나바8773,in_age_043,8
2024,나바8773,in_age_044,5
2024,나바8773,in_age_045,8
2024,나바8773,in_age_046,5
2024,나바8773,in_age_047,5
2024,나바8773,in_age_048,0
2024,나바8773,in_age_066,5
2024,나바8773,in_age_068,0
2024,나바8773,in_age_070,5
2024,나바8773,in_age_071,5
2024,나바8773,in_age_072,8
2024,나바8773,in_age_073,8
2024,나바8773,in_age_074,5
2024,나바8773,in_age_075,5
2024,나바8773,in_age_076,5
2024,나바8773,in_age_077,5
2024,나바8773,in_age_078,5
2024,나바8773,in_age_079,0
2024,나바8773,to_in_001,63
2024,나바8773,to_in_007,28
2024,나바8773,to_in_008,33
2024,나바8774,in_age_005,0
2024,나바8774,in_age_006,0
2024,나바8774,in_age_011,5
2024,나바8774,in_age_012,0
2024,나바8774,in_age_013,5
2024,나바8774,in_age_014,5
2024,나바8774,in_age_042,0
2024,나바8774,in_age_043,5
2024,나바8774,in_age_044,0
2024,나바8774,in_age_065,0
2024,나바8774,in_age_066,0
2024,나바8774,in_age_071,5
2024,나바8774,in_age_074,0
2024,나바8774,to_in_001,8
2024,나바8774,to_in_007,5
2024,나바8774,to_in_008,5
2024,나바8775,in_age_007,0
2024,나바8775,in_age_009,5
2024,나바8775,in_age_012,5
2024,나바8775,in_age_013,5
2024,나바8775,in_age_014,5
2024,나바8775,in_age_017,5
2024,나바8775,in_age_018,0
2024,나바8775,in_age_037,0
2024,나바8775,in_age_039,5
2024,나바8775,in_age_044,5
2024,나바8775,in_age_072,5
2024,나바8775,in_age_073,5
2024,나바8775,in_age_077,5
2024,나바8775,in_age_078,0
2024,나바8775,to_in_001,8
2024,나바8775,to_in_007,8
2024,나바8775,to_in_008,8
2024,나바8812,in_age_001,5
2024,나바8812,in_age_005,5
2024,나바8812,in_age_006,8
2024,나바8812,in_age_007,11
2024,나바8812,in_age_010,5
2024,나바8812,in_age_011,8
2024,나바8812,in_age_012,5
2024,나바8812,in_age_013,8
2024,나바8812,in_age_014,5
2024,나바8812,in_age_015,5
2024,나바8812,in_age_016,5
2024,나바8812,in_age_031,5
2024,나바8812,in_age_035,5
2024,나바8812,in_age_036,5
2024,나바8812,in_age_037,11
2024,나바8812,in_age_040,5
2024,나바8812,in_age_041,0
2024,나바8812,in_age_042,5
2024,나바8812,in_age_043,5
2024,나바8812,in_age_044,0
2024,나바8812,in_age_045,5
2024,나바8812,in_age_066,5
2024,나바8812,in_age_070,0
2024,나바8812,in_age_071,8
2024,나바8812,in_age_072,0
2024,나바8812,in_age_073,5
2024,나바8812,in_age_074,0
2024,나바8812,in_age_075,5
2024,나바8812,in_age_076,5
2024,나바8812,to_in_001,44
2024,나바8812,to_in_007,29
2024,나바8812,to_in_008,13
2024,나바8858,in_age_001,5
2024,나바8858,in_age_002,5
2024,나바8858,in_age_003,0
2024,나바8858,in_age_004,5
2024,나바8858,in_age_005,5
2024,나바8858,in_age_006,5
2024,나바8858,in_age_007,5
2024,나바8858,in_age_008,0
2024,나바8858,in_age_009,5
2024,나바8858,in_age_010,5
2024,나바8858,in_age_011,8
2024,나바8858,in_age_012,8
2024,나바8858,in_age_013,13
2024,나바8858,in_age_014,13
2024,나바8858,in_age_015,8
2024,나바8858,in_age_016,5
2024,나바8858,in_age_017,5
2024,나바8858,in_age_021,0
2024,나바8858,in_age_031,5
2024,나바8858,in_age_032,0
2024,나바8858,in_age_033,0
2024,나바8858,in_age_035,5
2024,나바8858,in_age_036,5
2024,나바8858,in_age_037,5
2024,나바8858,in_age_038,0
2024,나바8858,in_age_039,5
2024,나바8858,in_age_040,5
2024,나바8858,in_age_041,5
2024,나바8858,in_age_042,8
2024,나바8858,in_age_043,8
2024,나바8858,in_age_044,8
2024,나바8858,in_age_045,5
2024,나바8858,in_age_046,5
2024,나바8858,in_age_047,0
2024,나바8858,in_age_062,0
2024,나바8858,in_age_064,5
2024,나바8858,in_age_067,0
2024,나바8858,in_age_069,5
2024,나바8858,in_age_070,0
2024,나바8858,in_age_071,5
2024,나바8858,in_age_072,5
2024,나바8858,in_age_073,8
2024,나바8858,in_age_074,8
2024,나바8858,in_age_075,5
2024,나바8858,in_age_076,5
2024,나바8858,in_age_077,0
2024,나바8858,in_age_081,0
2024,나바8858,to_in_001,78
2024,나바8858,to_in_007,43
2024,나바8858,to_in_008,33
2024,나바8859,in_age_001,5
2024,나바8859,in_age_002,5
2024,나바8859,in_age_003,0
2024,나바8859,in_age_006,8
2024,나바8859,in_age_007,8
2024,나바8859,in_age_008,0
2024,나바8859,in_age_009,8
2024,나바8859,in_age_010,5
2024,나바8859,in_age_011,5
2024,나바8859,in_age_012,8
2024,나바8859,in_age_013,8
2024,나바8859,in_age_014,13
2024,나바8859,in_age_015,13
2024,나바8859,in_age_016,8
2024,나바8859,in_age_017,8
2024,나바8859,in_age_018,8
2024,나바8859,in_age_036,8
2024,나바8859,in_age_037,5
2024,나바8859,in_age_038,0
2024,나바8859,in_age_039,8
2024,나바8859,in_age_040,5
2024,나바8859,in_age_041,5
2024,나바8859,in_age_042,5
2024,나바8859,in_age_043,8
2024,나바8859,in_age_044,5
2024,나바8859,in_age_045,8
2024,나바8859,in_age_046,8
2024,나바8859,in_age_047,5
2024,나바8859,in_age_048,5
2024,나바8859,in_age_061,5
2024,나바8859,in_age_062,5
2024,나바8859,in_age_063,0
2024,나바8859,in_age_066,5
2024,나바8859,in_age_067,0
2024,나바8859,in_age_069,0
2024,나바8859,in_age_071,5
2024,나바8859,in_age_072,5
2024,나바8859,in_age_073,5
2024,나바8859,in_age_074,8
2024,나바8859,in_age_075,8
2024,나바8859,in_age_076,8
2024,나바8859,in_age_077,5
2024,나바8859,in_age_078,8
2024,나바8859,to_in_001,93
2024,나바8859,to_in_007,43
2024,나바8859,to_in_008,48
2024,나바8860,in_age_005,0
2024,나바8860,in_age_006,5
2024,나바8860,in_age_009,0
2024,나바8860,in_age_010,0
2024,나바8860,in_age_011,5
2024,나바8860,in_age_012,5
2024,나바8860,in_age_013,5
2024,나바8860,in_age_014,5
2024,나바8860,in_age_015,5
2024,나바8860,in_age_016,5
2024,나바8860,in_age_017,8
2024,나바8860,in_age_018,5
2024,나바8860,in_age_019,5
2024,나바8860,in_age_036,5
2024,나바8860,in_age_039,0
2024,나바8860,in_age_040,0
2024,나바8860,in_age_041,5
2024,나바8860,in_age_042,5
2024,나바8860,in_age_043,5
2024,나바8860,in_age_045,0
2024,나바8860,in_age_046,0
2024,나바8860,in_age_047,5
2024,나바8860,in_age_048,5
2024,나바8860,in_age_065,0
2024,나바8860,in_age_071,5
2024,나바8860,in_age_072,5
2024,나바8860,in_age_074,5
2024,나바8860,in_age_075,0
2024,나바8860,in_age_076,5
2024,나바8860,in_age_077,5
2024,나바8860,in_age_078,5
2024,나바8860,in_age_079,5
2024,나바8860,to_in_001,33
2024,나바8860,to_in_007,18
2024,나바8860,to_in_008,18
2024,나바8861,in_age_001,5
2024,나바8861,in_age_002,5
2024,나바8861,in_age_003,5
2024,나바8861,in_age_004,5
2024,나바8861,in_age_005,5
2024,나바8861,in_age_006,5
2024,나바8861,in_age_007,8
2024,나바8861,in_age_008,5
2024,나바8861,in_age_009,8
2024,나바8861,in_age_010,8
2024,나바8861,in_age_011,13
2024,나바8861,in_age_012,8
2024,나바8861,in_age_013,18
2024,나바8861,in_age_014,18
2024,나바8861,in_age_015,13
2024,나바8861,in_age_016,13
2024,나바8861,in_age_017,5
2024,나바8861,in_age_018,8
2024,나바8861,in_age_031,0
2024,나바8861,in_age_033,5
2024,나바8861,in_age_034,5
2024,나바8861,in_age_036,5
2024,나바8861,in_age_037,5
2024,나바8861,in_age_038,5
2024,나바8861,in_age_039,8
2024,나바8861,in_age_040,8
2024,나바8861,in_age_041,8
2024,나바8861,in_age_042,5
2024,나바8861,in_age_043,8
2024,나바8861,in_age_044,8
2024,나바8861,in_age_045,8
2024,나바8861,in_age_046,8
2024,나바8861,in_age_047,0
2024,나바8861,in_age_048,5
2024,나바8861,in_age_061,5
2024,나바8861,in_age_062,5
2024,나바8861,in_age_064,5
2024,나바8861,in_age_065,5
2024,나바8861,in_age_067,5
2024,나바8861,in_age_068,5
2024,나바8861,in_age_070,5
2024,나바8861,in_age_071,5
2024,나바8861,in_age_072,5
2024,나바8861,in_age_073,13
2024,나바8861,in_age_074,13
2024,나바8861,in_age_075,8
2024,나바8861,in_age_076,8
2024,나바8861,in_age_077,0
2024,나바8861,in_age_078,8
2024,나바8861,to_in_001,128
2024,나바8861,to_in_007,63
2024,나바8861,to_in_008,68
2024,나바8862,in_age_001,0
2024,나바8862,in_age_002,5
2024,나바8862,in_age_003,0
2024,나바8862,in_age_004,0
2024,나바8862,in_age_005,5
2024,나바8862,in_age_007,5
2024,나바8862,in_age_009,5
2024,나바8862,in_age_010,0
2024,나바8862,in_age_011,5
2024,나바8862,in_age_012,8
2024,나바8862,in_age_013,8
2024,나바8862,in_age_014,8
2024,나바8862,in_age_015,5
2024,나바8862,in_age_016,8
2024,나바8862,in_age_017,5
2024,나바8862,in_age_018,8
2024,나바8862,in_age_019,5
2024,나바8862,in_age_032,5
2024,나바8862,in_age_035,5
2024,나바8862,in_age_037,0
2024,나바8862,in_age_039,5
2024,나바8862,in_age_041,5
2024,나바8862,in_age_042,8
2024,나바8862,in_age_043,5
2024,나바8862,in_age_044,5
2024,나바8862,in_age_045,5
2024,나바8862,in_age_046,5
2024,나바8862,in_age_047,5
2024,나바8862,in_age_048,5
2024,나바8862,in_age_061,0
2024,나바8862,in_age_063,0
2024,나바8862,in_age_064,0
2024,나바8862,in_age_067,0
2024,나바8862,in_age_069,0
2024,나바8862,in_age_070,0
2024,나바8862,in_age_071,0
2024,나바8862,in_age_072,5
2024,나바8862,in_age_073,8
2024,나바8862,in_age_074,5
2024,나바8862,in_age_075,5
2024,나바8862,in_age_076,5
2024,나바8862,in_age_078,5
2024,나바8862,in_age_079,5
2024,나바8862,to_in_001,53
2024,나바8862,to_in_007,28
2024,나바8862,to_in_008,28
2024,나바8863,in_age_002,0
2024,나바8863,in_age_004,8
2024,나바8863,in_age_005,0
2024,나바8863,in_age_006,0
2024,나바8863,in_age_007,0
2024,나바8863,in_age_009,5
2024,나바8863,in_age_010,5
2024,나바8863,in_age_011,5
2024,나바8863,in_age_012,5
2024,나바8863,in_age_013,5
2024,나바8863,in_age_014,8
2024,나바8863,in_age_015,18
2024,나바8863,in_age_016,8
2024,나바8863,in_age_017,8
2024,나바8863,in_age_018,8
2024,나바8863,in_age_019,5
2024,나바8863,in_age_032,0
2024,나바8863,in_age_034,5
2024,나바8863,in_age_035,0
2024,나바8863,in_age_039,0
2024,나바8863,in_age_040,5
2024,나바8863,in_age_041,5
2024,나바8863,in_age_042,5
2024,나바8863,in_age_043,5
2024,나바8863,in_age_044,8
2024,나바8863,in_age_045,8
2024,나바8863,in_age_046,5
2024,나바8863,in_age_047,5
2024,나바8863,in_age_048,5
2024,나바8863,in_age_064,5
2024,나바8863,in_age_066,0
2024,나바8863,in_age_067,0
2024,나바8863,in_age_069,0
2024,나바8863,in_age_071,5
2024,나바8863,in_age_072,0
2024,나바8863,in_age_073,0
2024,나바8863,in_age_074,5
2024,나바8863,in_age_075,8
2024,나바8863,in_age_076,5
2024,나바8863,in_age_077,5
2024,나바8863,in_age_078,5
2024,나바8863,in_age_079,5
2024,나바8863,to_in_001,68
2024,나바8863,to_in_007,33
2024,나바8863,to_in_008,33
2024,나바8864,in_age_001,0
2024,나바8864,in_age_002,5
2024,나바8864,in_age_003,5
2024,나바8864,in_age_004,5
2024,나바8864,in_age_005,5
2024,나바8864,in_age_006,5
2024,나바8864,in_age_007,5
2024,나바8864,in_age_008,5
2024,나바8864,in_age_009,8
2024,나바8864,in_age_010,8
2024,나바8864,in_age_011,8
2024,나바8864,in_age_012,18
2024,나바8864,in_age_013,18
2024,나바8864,in_age_014,18
2024,나바8864,in_age_015,8
2024,나바8864,in_age_016,13
2024,나바8864,in_age_017,8
2024,나바8864,in_age_018,8
2024,나바8864,in_age_019,5
2024,나바8864,in_age_031,0
2024,나바8864,in_age_032,0
2024,나바8864,in_age_034,5
2024,나바8864,in_age_035,5
2024,나바8864,in_age_036,5
2024,나바8864,in_age_038,0
2024,나바8864,in_age_039,8
2024,나바8864,in_age_040,5
2024,나바8864,in_age_041,5
2024,나바8864,in_age_042,8
2024,나바8864,in_age_043,8
2024,나바8864,in_age_044,13
2024,나바8864,in_age_045,8
2024,나바8864,in_age_046,8
2024,나바8864,in_age_047,5
2024,나바8864,in_age_048,0
2024,나바8864,in_age_062,5
2024,나바8864,in_age_063,5
2024,나바8864,in_age_066,0
2024,나바8864,in_age_067,5
2024,나바8864,in_age_068,5
2024,나바8864,in_age_069,5
2024,나바8864,in_age_070,5
2024,나바8864,in_age_071,5
2024,나바8864,in_age_072,8
2024,나바8864,in_age_073,8
2024,나바8864,in_age_074,8
2024,나바8864,in_age_075,5
2024,나바8864,in_age_076,8
2024,나바8864,in_age_077,5
2024,나바8864,in_age_078,8
2024,나바8864,in_age_079,5
2024,나바8864,to_in_001,123
2024,나바8864,to_in_007,63
2024,나바8864,to_in_008,63
2024,나바8865,in_age_008,0
2024,나바8865,in_age_009,5
2024,나바8865,in_age_010,0
2024,나바8865,in_age_011,5
2024,나바8865,in_age_012,5
2024,나바8865,in_age_013,8
2024,나바8865,in_age_014,8
2024,나바8865,in_age_015,8
2024,나바8865,in_age_016,8
2024,나바8865,in_age_017,8
2024,나바8865,in_age_018,5
2024,나바8865,in_age_019,0
2024,나바8865,in_age_040,0
2024,나바8865,in_age_041,5
2024,나바8865,in_age_042,0
2024,나바8865,in_age_043,5
2024,나바8865,in_age_044,5
2024,나바8865,in_age_045,8
2024,나바8865,in_age_046,5
2024,나바8865,in_age_047,8
2024,나바8865,in_age_068,0
2024,나바8865,in_age_069,5
2024,나바8865,in_age_072,5
2024,나바8865,in_age_073,5
2024,나바8865,in_age_074,8
2024,나바8865,in_age_075,5
2024,나바8865,in_age_076,8
2024,나바8865,in_age_077,5
2024,나바8865,in_age_078,5
2024,나바8865,in_age_079,0
2024,나바8865,to_in_001,53
2024,나바8865,to_in_007,23
2024,나바8865,to_in_008,33
2024,나바8866,in_age_006,0
2024,나바8866,in_age_008,0
2024,나바8866,in_age_009,0
2024,나바8866,in_age_010,5
2024,나바8866,in_age_011,0
2024,나바8866,in_age_012,8
2024,나바8866,in_age_013,13
2024,나바8866,in_age_014,8
2024,나바8866,in_age_015,13
2024,나바8866,in_age_016,18
2024,나바8866,in_age_017,5
2024,나바8866,in_age_018,5
2024,나바8866,in_age_020,0
2024,나바8866,in_age_038,0
2024,나바8866,in_age_040,5
2024,나바8866,in_age_041,0
2024,나바8866,in_age_042,5
2024,나바8866,in_age_043,8
2024,나바8866,in_age_044,5
2024,나바8866,in_age_045,8
2024,나바8866,in_age_046,13
2024,나바8866,in_age_047,0
2024,나바8866,in_age_066,0
2024,나바8866,in_age_069,0
2024,나바8866,in_age_072,5
2024,나바8866,in_age_073,5
2024,나바8866,in_age_074,5
2024,나바8866,in_age_075,5
2024,나바8866,in_age_076,8
2024,나바8866,in_age_077,5
2024,나바8866,in_age_078,5
2024,나바8866,in_age_080,0
2024,나바8866,to_in_001,68
2024,나바8866,to_in_007,38
2024,나바8866,to_in_008,33
2024,나바8867,in_age_002,5
2024,나바8867,in_age_005,0
2024,나바8867,in_age_007,5
2024,나바8867,in_age_008,8
2024,나바8867,in_age_010,8
2024,나바8867,in_age_011,5
2024,나바8867,in_age_012,5
2024,나바8867,in_age_013,8
2024,나바8867,in_age_014,8
2024,나바8867,in_age_015,8
2024,나바8867,in_age_016,8
2024,나바8867,in_age_017,13
2024,나바8867,in_age_018,5
2024,나바8867,in_age_019,8
2024,나바8867,in_age_032,0
2024,나바8867,in_age_035,0
2024,나바8867,in_age_037,0
2024,나바8867,in_age_038,8
2024,나바8867,in_age_040,5
2024,나바8867,in_age_041,5
2024,나바8867,in_age_042,5
2024,나바8867,in_age_043,5
2024,나바8867,in_age_044,5
2024,나바8867,in_age_045,5
2024,나바8867,in_age_046,5
2024,나바8867,in_age_047,5
2024,나바8867,in_age_048,5
2024,나바8867,in_age_049,8
2024,나바8867,in_age_062,5
2024,나바8867,in_age_067,5
2024,나바8867,in_age_068,0
2024,나바8867,in_age_070,5
2024,나바8867,in_age_071,0
2024,나바8867,in_age_072,0
2024,나바8867,in_age_073,5
2024,나바8867,in_age_074,8
2024,나바8867,in_age_075,5
2024,나바8867,in_age_076,8
2024,나바8867,in_age_077,8
2024,나바8867,in_age_079,0
2024,나바8867,to_in_001,78
2024,나바8867,to_in_007,38
2024,나바8867,to_in_008,38
2024,나바8868,in_age_003,8
2024,나바8868,in_age_004,0
2024,나바8868,in_age_005,0
2024,나바8868,in_age_007,5
2024,나바8868,in_age_008,0
2024,나바8868,in_age_009,0
2024,나바8868,in_age_011,5
2024,나바8868,in_age_012,8
2024,나바8868,in_age_013,5
2024,나바8868,in_age_014,8
2024,나바8868,in_age_015,8
2024,나바8868,in_age_016,8
2024,나바8868,in_age_019,0
2024,나바8868,in_age_033,8
2024,나바8868,in_age_035,0
2024,나바8868,in_age_037,5
2024,나바8868,in_age_039,0
2024,나바8868,in_age_041,0
2024,나바8868,in_age_042,5
2024,나바8868,in_age_043,5
2024,나바8868,in_age_044,5
2024,나바8868,in_age_045,5
2024,나바8868,in_age_046,5
2024,나바8868,in_age_064,0
2024,나바8868,in_age_068,0
2024,나바8868,in_age_071,0
2024,나바8868,in_age_072,5
2024,나바8868,in_age_073,5
2024,나바8868,in_age_074,5
2024,나바8868,in_age_075,5
2024,나바8868,in_age_076,5
2024,나바8868,in_age_079,0
2024,나바8868,to_in_001,43
2024,나바8868,to_in_007,28
2024,나바8868,to_in_008,18
2024,나바8869,in_age_001,5
2024,나바8869,in_age_003,5
2024,나바8869,in_age_005,5
2024,나바8869,in_age_007,5
2024,나바8869,in_age_008,0
2024,나바8869,in_age_009,5
2024,나바8869,in_age_010,5
2024,나바8869,in_age_011,5
2024,나바8869,in_age_012,5
2024,나바8869,in_age_013,8
2024,나바8869,in_age_014,13
2024,나바8869,in_age_015,0
2024,나바8869,in_age_016,5
2024,나바8869,in_age_017,8
2024,나바8869,in_age_018,5
2024,나바8869,in_age_031,0
2024,나바8869,in_age_033,5
2024,나바8869,in_age_035,5
2024,나바8869,in_age_038,0
2024,나바8869,in_age_040,5
2024,나바8869,in_age_041,5
2024,나바8869,in_age_042,5
2024,나바8869,in_age_043,5
2024,나바8869,in_age_044,8
2024,나바8869,in_age_046,5
2024,나바8869,in_age_047,5
2024,나바8869,in_age_061,0
2024,나바8869,in_age_063,5
2024,나바8869,in_age_067,5
2024,나바8869,in_age_069,5
2024,나바8869,in_age_070,0
2024,나바8869,in_age_072,0
2024,나바8869,in_age_073,5
2024,나바8869,in_age_074,5
2024,나바8869,in_age_075,0
2024,나바8869,in_age_076,0
2024,나바8869,in_age_077,8
2024,나바8869,in_age_078,5
2024,나바8869,to_in_001,63
2024,나바8869,to_in_007,33
2024,나바8869,to_in_008,28
2024,나바8870,in_age_005,5
2024,나바8870,in_age_007,5
2024,나바8870,in_age_009,0
2024,나바8870,in_age_010,0
2024,나바8870,in_age_011,5
2024,나바8870,in_age_013,5
2024,나바8870,in_age_014,5
2024,나바8870,in_age_015,8
2024,나바8870,in_age_016,5
2024,나바8870,in_age_017,0
2024,나바8870,in_age_018,0
2024,나바8870,in_age_019,5
2024,나바8870,in_age_035,0
2024,나바8870,in_age_037,0
2024,나바8870,in_age_039,0
2024,나바8870,in_age_041,0
2024,나바8870,in_age_044,0
2024,나바8870,in_age_045,5
2024,나바8870,in_age_046,5
2024,나바8870,in_age_065,5
2024,나바8870,in_age_067,0
2024,나바8870,in_age_070,0
2024,나바8870,in_age_071,0
2024,나바8870,in_age_073,5
2024,나바8870,in_age_074,5
2024,나바8870,in_age_075,5
2024,나바8870,in_age_076,0
2024,나바8870,in_age_077,0
2024,나바8870,in_age_078,0
2024,나바8870,in_age_079,5
2024,나바8870,to_in_001,23
2024,나바8870,to_in_007,8
2024,나바8870,to_in_008,18
2024,나바8871,in_age_004,0
2024,나바8871,in_age_010,5
2024,나바8871,in_age_011,5
2024,나바8871,in_age_012,5
2024,나바8871,in_age_013,5
2024,나바8871,in_age_014,8
2024,나바8871,in_age_015,8
2024,나바8871,in_age_016,8
2024,나바8871,in_age_017,8
2024,나바8871,in_age_018,5
2024,나바8871,in_age_034,0
2024,나바8871,in_age_040,0
2024,나바8871,in_age_041,0
2024,나바8871,in_age_042,5
2024,나바8871,in_age_043,5
2024,나바8871,in_age_044,5
2024,나바8871,in_age_045,5
2024,나바8871,in_age_046,5
2024,나바8871,in_age_047,5
2024,나바8871,in_age_070,5
2024,나바8871,in_age_071,0
2024,나바8871,in_age_072,5
2024,나바8871,in_age_074,5
2024,나바8871,in_age_075,8
2024,나바8871,in_age_076,5
2024,나바8871,in_age_077,8
2024,나바8871,in_age_078,5
2024,나바8871,to_in_001,43
2024,나바8871,to_in_007,18
2024,나바8871,to_in_008,23
2024,나바8872,in_age_007,0
2024,나바8872,in_age_008,0
2024,나바8872,in_age_011,0
2024,나바8872,in_age_012,5
2024,나바8872,in_age_013,5
2024,나바8872,in_age_014,5
2024,나바8872,in_age_015,5
2024,나바8872,in_age_016,5
2024,나바8872,in_age_017,5
2024,나바8872,in_age_018,5
2024,나바8872,in_age_019,0
2024,나바8872,in_age_037,0
2024,나바8872,in_age_038,0
2024,나바8872,in_age_041,0
2024,나바8872,in_age_042,5
2024,나바8872,in_age_043,5
2024,나바8872,in_age_044,5
2024,나바8872,in_age_045,0
2024,나바8872,in_age_046,5
2024,나바8872,in_age_072,5
2024,나바8872,in_age_073,5
2024,나바8872,in_age_074,0
2024,나바8872,in_age_075,0
2024,나바8872,in_age_076,0
2024,나바8872,in_age_077,5
2024,나바8872,in_age_078,5
2024,나바8872,in_age_079,0
2024,나바8872,to_in_001,28
2024,나바8872,to_in_007,13
2024,나바8872,to_in_008,13
2024,나바8873,in_age_001,5
2024,나바8873,in_age_007,0
2024,나바8873,in_age_008,5
2024,나바8873,in_age_009,5
2024,나바8873,in_age_010,0
2024,나바8873,in_age_011,5
2024,나바8873,in_age_012,5
2024,나바8873,in_age_013,8
2024,나바8873,in_age_014,13
2024,나바8873,in_age_015,8
2024,나바8873,in_age_016,8
2024,나바8873,in_age_017,8
2024,나바8873,in_age_018,5
2024,나바8873,in_age_031,0
2024,나바8873,in_age_038,5
2024,나바8873,in_age_039,5
2024,나바8873,in_age_040,0
2024,나바8873,in_age_041,5
2024,나바8873,in_age_042,5
2024,나바8873,in_age_043,0
2024,나바8873,in_age_044,8
2024,나바8873,in_age_045,5
2024,나바8873,in_age_046,5
2024,나바8873,in_age_047,8
2024,나바8873,in_age_048,5
2024,나바8873,in_age_061,0
2024,나바8873,in_age_067,0
2024,나바8873,in_age_069,5
2024,나바8873,in_age_071,5
2024,나바8873,in_age_072,0
2024,나바8873,in_age_073,8
2024,나바8873,in_age_074,8
2024,나바8873,in_age_075,5
2024,나바8873,in_age_076,5
2024,나바8873,in_age_077,8
2024,나바8873,in_age_078,5
2024,나바8873,to_in_001,68
2024,나바8873,to_in_007,28
2024,나바8873,to_in_008,38
2024,나바8874,in_age_003,5
2024,나바8874,in_age_004,5
2024,나바8874,in_age_010,0
2024,나바8874,in_age_011,5
2024,나바8874,in_age_012,5
2024,나바8874,in_age_013,5
2024,나바8874,in_age_014,5
2024,나바8874,in_age_015,5
2024,나바8874,in_age_016,5
2024,나바8874,in_age_017,0
2024,나바8874,in_age_019,5
2024,나바8874,in_age_033,0
2024,나바8874,in_age_034,0
2024,나바8874,in_age_041,0
2024,나바8874,in_age_042,5
2024,나바8874,in_age_043,5
2024,나바8874,in_age_044,5
2024,나바8874,in_age_045,5
2024,나바8874,in_age_046,5
2024,나바8874,in_age_063,0
2024,나바8874,in_age_064,0
2024,나바8874,in_age_070,0
2024,나바8874,in_age_071,0
2024,나바8874,in_age_073,0
2024,나바8874,in_age_074,0
2024,나바8874,in_age_075,5
2024,나바8874,in_age_076,0
2024,나바8874,in_age_077,0
2024,나바8874,in_age_079,5
2024,나바8874,to_in_001,23
2024,나바8874,to_in_007,13
2024,나바8874,to_in_008,13
2024,나바8875,in_age_007,0
2024,나바8875,in_age_013,5
2024,나바8875,in_age_014,8
2024,나바8875,in_age_015,0
2024,나바8875,in_age_017,0
2024,나바8875,in_age_020,0
2024,나바8875,in_age_043,5
2024,나바8875,in_age_044,5
2024,나바8875,in_age_045,0
2024,나바8875,in_age_067,0
2024,나바8875,in_age_073,5
2024,나바8875,in_age_074,5
2024,나바8875,in_age_077,0
2024,나바8875,in_age_080,0
2024,나바8875,to_in_001,13
2024,나바8875,to_in_007,5
2024,나바8875,to_in_008,8
2024,나바8876,in_age_011,0
2024,나바8876,in_age_012,5
2024,나바8876,in_age_014,0
2024,나바8876,in_age_015,5
2024,나바8876,in_age_016,0
2024,나바8876,in_age_018,5
2024,나바8876,in_age_042,5
2024,나바8876,in_age_045,5
2024,나바8876,in_age_046,0
2024,나바8876,in_age_071,0
2024,나바8876,in_age_074,0
2024,나바8876,in_age_075,5
2024,나바8876,in_age_078,5
2024,나바8876,to_in_001,13
2024,나바8876,to_in_007,5
2024,나바8876,to_in_008,8
2024,나바8877,in_age_007,0
2024,나바8877,in_age_012,5
2024,나바8877,in_age_013,0
2024,나바8877,in_age_014,5
2024,나바8877,in_age_015,5
2024,나바8877,in_age_019,0
2024,나바8877,in_age_037,0
2024,나바8877,in_age_042,0
2024,나바8877,in_age_043,0
2024,나바8877,in_age_044,5
2024,나바8877,in_age_045,0
2024,나바8877,in_age_072,5
2024,나바8877,in_age_075,5
2024,나바8877,in_age_079,0
2024,나바8877,to_in_001,8
2024,나바8877,to_in_007,5
2024,나바8877,to_in_008,5
2024,나바8879,in_age_005,0
2024,나바8879,in_age_006,0
2024,나바8879,in_age_011,5
2024,나바8879,in_age_012,8
2024,나바8879,in_age_013,8
2024,나바8879,in_age_014,5
2024,나바8879,in_age_035,0
2024,나바8879,in_age_036,0
2024,나바8879,in_age_041,5
2024,나바8879,in_age_042,5
2024,나바8879,in_age_043,8
2024,나바8879,in_age_044,5
2024,나바8879,in_age_072,8
2024,나바8879,in_age_073,5
2024,나바8879,to_in_001,18
2024,나바8879,to_in_007,13
2024,나바8879,to_in_008,8
2024,나바8908,in_age_002,5
2024,나바8908,in_age_003,0
2024,나바8908,in_age_004,5
2024,나바8908,in_age_005,8
2024,나바8908,in_age_006,8
2024,나바8908,in_age_007,8
2024,나바8908,in_age_008,8
2024,나바8908,in_age_009,8
2024,나바8908,in_age_010,5
2024,나바8908,in_age_011,13
2024,나바8908,in_age_012,8
2024,나바8908,in_age_013,13
2024,나바8908,in_age_014,13
2024,나바8908,in_age_015,13
2024,나바8908,in_age_016,8
2024,나바8908,in_age_017,5
2024,나바8908,in_age_018,5
2024,나바8908,in_age_019,8
2024,나바8908,in_age_020,0
2024,나바8908,in_age_032,5
2024,나바8908,in_age_033,0
2024,나바8908,in_age_034,0
2024,나바8908,in_age_035,5
2024,나바8908,in_age_036,8
2024,나바8908,in_age_037,8
2024,나바8908,in_age_038,8
2024,나바8908,in_age_039,8
2024,나바8908,in_age_040,5
2024,나바8908,in_age_041,8
2024,나바8908,in_age_042,8
2024,나바8908,in_age_043,5
2024,나바8908,in_age_044,8
2024,나바8908,in_age_045,8
2024,나바8908,in_age_046,5
2024,나바8908,in_age_047,0
2024,나바8908,in_age_048,0
2024,나바8908,in_age_050,0
2024,나바8908,in_age_062,0
2024,나바8908,in_age_064,5
2024,나바8908,in_age_065,0
2024,나바8908,in_age_066,5
2024,나바8908,in_age_068,0
2024,나바8908,in_age_070,5
2024,나바8908,in_age_071,5
2024,나바8908,in_age_072,5
2024,나바8908,in_age_073,8
2024,나바8908,in_age_074,5
2024,나바8908,in_age_075,8
2024,나바8908,in_age_076,8
2024,나바8908,in_age_077,5
2024,나바8908,in_age_078,5
2024,나바8908,in_age_079,8
2024,나바8908,to_in_001,123
2024,나바8908,to_in_007,73
2024,나바8908,to_in_008,48
2024,나바8909,in_age_003,5
2024,나바8909,in_age_004,0
2024,나바8909,in_age_007,5
2024,나바8909,in_age_009,5
2024,나바8909,in_age_010,0
2024,나바8909,in_age_011,5
2024,나바8909,in_age_012,5
2024,나바8909,in_age_013,0
2024,나바8909,in_age_014,5
2024,나바8909,in_age_015,5
2024,나바8909,in_age_016,0
2024,나바8909,in_age_017,5
2024,나바8909,in_age_033,0
2024,나바8909,in_age_034,0
2024,나바8909,in_age_037,5
2024,나바8909,in_age_040,0
2024,나바8909,in_age_041,5
2024,나바8909,in_age_042,0
2024,나바8909,in_age_044,0
2024,나바8909,in_age_045,5
2024,나바8909,in_age_046,0
2024,나바8909,in_age_047,0
2024,나바8909,in_age_063,0
2024,나바8909,in_age_069,5
2024,나바8909,in_age_072,5
2024,나바8909,in_age_073,0
2024,나바8909,in_age_074,0
2024,나바8909,in_age_075,0
2024,나바8909,in_age_077,0
2024,나바8909,to_in_001,28
2024,나바8909,to_in_007,13
2024,나바8909,to_in_008,13
2024,나바8912,in_age_002,0
2024,나바8912,in_age_003,0
2024,나바8912,in_age_004,8
2024,나바8912,in_age_005,5
2024,나바8912,in_age_006,5
2024,나바8912,in_age_007,8
2024,나바8912,in_age_008,8
2024,나바8912,in_age_009,8
2024,나바8912,in_age_010,8
2024,나바8912,in_age_011,13
2024,나바8912,in_age_012,13
2024,나바8912,in_age_013,11
2024,나바8912,in_age_014,13
2024,나바8912,in_age_015,13
2024,나바8912,in_age_016,8
2024,나바8912,in_age_017,5
2024,나바8912,in_age_018,5
2024,나바8912,in_age_019,5
2024,나바8912,in_age_033,0
2024,나바8912,in_age_034,8
2024,나바8912,in_age_035,5
2024,나바8912,in_age_036,0
2024,나바8912,in_age_037,5
2024,나바8912,in_age_038,5
2024,나바8912,in_age_039,5
2024,나바8912,in_age_040,5
2024,나바8912,in_age_041,8
2024,나바8912,in_age_042,8
2024,나바8912,in_age_043,5
2024,나바8912,in_age_044,8
2024,나바8912,in_age_045,8
2024,나바8912,in_age_046,5
2024,나바8912,in_age_047,0
2024,나바8912,in_age_048,0
2024,나바8912,in_age_049,5
2024,나바8912,in_age_062,0
2024,나바8912,in_age_064,5
2024,나바8912,in_age_066,5
2024,나바8912,in_age_067,5
2024,나바8912,in_age_068,5
2024,나바8912,in_age_069,5
2024,나바8912,in_age_070,0
2024,나바8912,in_age_071,5
2024,나바8912,in_age_072,8
2024,나바8912,in_age_073,6
2024,나바8912,in_age_074,8
2024,나바8912,in_age_075,5
2024,나바8912,in_age_076,8
2024,나바8912,in_age_077,5
2024,나바8912,in_age_078,0
2024,나바8912,in_age_079,0
2024,나바8912,to_in_001,124
2024,나바8912,to_in_007,68
2024,나바8912,to_in_008,54
2024,나바8953,in_age_001,5
2024,나바8953,in_age_002,0
2024,나바8953,in_age_007,5
2024,나바8953,in_age_011,5
2024,나바8953,in_age_012,5
2024,나바8953,in_age_013,5
2024,나바8953,in_age_014,8
2024,나바8953,in_age_015,8
2024,나바8953,in_age_016,8
2024,나바8953,in_age_017,5
2024,나바8953,in_age_031,5
2024,나바8953,in_age_037,0
2024,나바8953,in_age_041,5
2024,나바8953,in_age_043,0
2024,나바8953,in_age_044,5
2024,나바8953,in_age_045,8
2024,나바8953,in_age_046,8
2024,나바8953,in_age_047,5
2024,나바8953,in_age_062,0
2024,나바8953,in_age_067,0
2024,나바8953,in_age_072,5
2024,나바8953,in_age_073,0
2024,나바8953,in_age_074,5
2024,나바8953,in_age_076,5
2024,나바8953,to_in_001,23
2024,나바8953,to_in_007,13
2024,나바8953,to_in_008,13
2024,나바8954,in_age_011,0
2024,나바8954,in_age_015,0
2024,나바8954,in_age_041,0
2024,나바8954,in_age_045,0
2024,나바8954,to_in_001,5
2024,나바8954,to_in_007,5
2024,나바8954,to_in_008,0
2024,나바8955,in_age_001,5
2024,나바8955,in_age_005,0
2024,나바8955,in_age_006,5
2024,나바8955,in_age_008,0
2024,나바8955,in_age_010,5
2024,나바8955,in_age_011,5
2024,나바8955,in_age_012,5
2024,나바8955,in_age_013,8
2024,나바8955,in_age_014,5
2024,나바8955,in_age_015,5
2024,나바8955,in_age_017,8
2024,나바8955,in_age_018,5
2024,나바8955,in_age_020,0
2024,나바8955,in_age_031,5
2024,나바8955,in_age_035,0
2024,나바8955,in_age_036,5
2024,나바8955,in_age_042,5
2024,나바8955,in_age_043,5
2024,나바8955,in_age_044,5
2024,나바8955,in_age_045,5
2024,나바8955,in_age_047,5
2024,나바8955,in_age_048,5
2024,나바8955,in_age_061,0
2024,나바8955,in_age_068,0
2024,나바8955,in_age_070,5
2024,나바8955,in_age_071,5
2024,나바8955,in_age_072,0
2024,나바8955,in_age_073,5
2024,나바8955,in_age_074,5
2024,나바8955,in_age_075,0
2024,나바8955,in_age_077,5
2024,나바8955,in_age_078,5
2024,나바8955,in_age_080,0
2024,나바8955,to_in_001,33
2024,나바8955,to_in_007,13
2024,나바8955,to_in_008,18
2024,나바8958,in_age_004,0
2024,나바8958,in_age_011,5
2024,나바8958,in_age_013,8
2024,나바8958,in_age_014,8
2024,나바8958,in_age_015,0
2024,나바8958,in_age_034,0
2024,나바8958,in_age_041,0
2024,나바8958,in_age_043,5
2024,나바8958,in_age_044,5
2024,나바8958,in_age_071,0
2024,나바8958,in_age_073,5
2024,나바8958,in_age_074,5
2024,나바8958,in_age_075,0
2024,나바8958,to_in_001,13
2024,나바8958,to_in_007,8
2024,나바8958,to_in_008,8
2024,나바8959,in_age_001,0
2024,나바8959,in_age_002,5
2024,나바8959,in_age_003,5
2024,나바8959,in_age_004,5
2024,나바8959,in_age_005,0
2024,나바8959,in_age_006,0
2024,나바8959,in_age_009,5
2024,나바8959,in_age_010,5
2024,나바8959,in_age_011,5
2024,나바8959,in_age_012,8
2024,나바8959,in_age_013,13
2024,나바8959,in_age_014,8
2024,나바8959,in_age_015,18
2024,나바8959,in_age_016,13
2024,나바8959,in_age_017,8
2024,나바8959,in_age_018,8
2024,나바8959,in_age_019,5
2024,나바8959,in_age_033,0
2024,나바8959,in_age_034,0
2024,나바8959,in_age_035,0
2024,나바8959,in_age_036,0
2024,나바8959,in_age_039,5
2024,나바8959,in_age_040,5
2024,나바8959,in_age_041,5
2024,나바8959,in_age_042,8
2024,나바8959,in_age_043,5
2024,나바8959,in_age_044,5
2024,나바8959,in_age_045,8
2024,나바8959,in_age_046,8
2024,나바8959,in_age_047,0
2024,나바8959,in_age_048,5
2024,나바8959,in_age_049,0
2024,나바8959,in_age_061,0
2024,나바8959,in_age_062,5
2024,나바8959,in_age_063,0
2024,나바8959,in_age_064,5
2024,나바8959,in_age_069,5
2024,나바8959,in_age_070,5
2024,나바8959,in_age_072,5
2024,나바8959,in_age_073,8
2024,나바8959,in_age_074,5
2024,나바8959,in_age_075,13
2024,나바8959,in_age_076,8
2024,나바8959,in_age_077,5
2024,나바8959,in_age_078,8
2024,나바8959,in_age_079,0
2024,나바8959,to_in_001,103
2024,나바8959,to_in_007,43
2024,나바8959,to_in_008,63
2024,나바8960,in_age_001,0
2024,나바8960,in_age_002,0
2024,나바8960,in_age_005,0
2024,나바8960,in_age_007,0
2024,나바8960,in_age_009,5
2024,나바8960,in_age_010,0
2024,나바8960,in_age_011,5
2024,나바8960,in_age_012,8
2024,나바8960,in_age_013,5
2024,나바8960,in_age_014,8
2024,나바8960,in_age_015,5
2024,나바8960,in_age_016,13
2024,나바8960,in_age_017,5
2024,나바8960,in_age_018,8
2024,나바8960,in_age_019,0
2024,나바8960,in_age_035,0
2024,나바8960,in_age_037,0
2024,나바8960,in_age_040,0
2024,나바8960,in_age_041,5
2024,나바8960,in_age_042,5
2024,나바8960,in_age_043,0
2024,나바8960,in_age_044,5
2024,나바8960,in_age_045,0
2024,나바8960,in_age_046,5
2024,나바8960,in_age_047,5
2024,나바8960,in_age_048,5
2024,나바8960,in_age_061,0
2024,나바8960,in_age_062,0
2024,나바8960,in_age_069,5
2024,나바8960,in_age_071,0
2024,나바8960,in_age_072,5
2024,나바8960,in_age_073,5
2024,나바8960,in_age_074,8
2024,나바8960,in_age_075,5
2024,나바8960,in_age_076,8
2024,나바8960,in_age_077,5
2024,나바8960,in_age_078,5
2024,나바8960,in_age_079,0
2024,나바8960,to_in_001,53
2024,나바8960,to_in_007,23
2024,나바8960,to_in_008,28
2024,나바8961,in_age_006,5
2024,나바8961,in_age_008,5
2024,나바8961,in_age_009,0
2024,나바8961,in_age_011,5
2024,나바8961,in_age_012,5
2024,나바8961,in_age_013,8
2024,나바8961,in_age_014,13
2024,나바8961,in_age_015,5
2024,나바8961,in_age_016,8
2024,나바8961,in_age_017,5
2024,나바8961,in_age_018,5
2024,나바8961,in_age_019,5
2024,나바8961,in_age_020,0
2024,나바8961,in_age_036,5
2024,나바8961,in_age_038,5
2024,나바8961,in_age_039,0
2024,나바8961,in_age_041,5
2024,나바8961,in_age_042,5
2024,나바8961,in_age_043,5
2024,나바8961,in_age_044,8
2024,나바8961,in_age_045,5
2024,나바8961,in_age_046,0
2024,나바8961,in_age_047,0
2024,나바8961,in_age_048,0
2024,나바8961,in_age_050,0
2024,나바8961,in_age_066,5
2024,나바8961,in_age_071,0
2024,나바8961,in_age_072,5
2024,나바8961,in_age_073,5
2024,나바8961,in_age_074,5
2024,나바8961,in_age_075,0
2024,나바8961,in_age_076,5
2024,나바8961,in_age_077,5
2024,나바8961,in_age_078,5
2024,나바8961,in_age_079,5
2024,나바8961,to_in_001,58
2024,나바8961,to_in_007,28
2024,나바8961,to_in_008,33
2024,나바8962,in_age_001,5
2024,나바8962,in_age_002,5
2024,나바8962,in_age_003,0
2024,나바8962,in_age_004,5
2024,나바8962,in_age_005,8
2024,나바8962,in_age_006,13
2024,나바8962,in_age_007,14
2024,나바8962,in_age_008,13
2024,나바8962,in_age_009,8
2024,나바8962,in_age_010,8
2024,나바8962,in_age_011,8
2024,나바8962,in_age_012,13
2024,나바8962,in_age_013,18
2024,나바8962,in_age_014,13
2024,나바8962,in_age_015,18
2024,나바8962,in_age_016,13
2024,나바8962,in_age_017,13
2024,나바8962,in_age_018,8
2024,나바8962,in_age_019,8
2024,나바8962,in_age_032,0
2024,나바8962,in_age_034,5
2024,나바8962,in_age_035,5
2024,나바8962,in_age_036,13
2024,나바8962,in_age_037,14
2024,나바8962,in_age_038,8
2024,나바8962,in_age_039,5
2024,나바8962,in_age_040,5
2024,나바8962,in_age_041,8
2024,나바8962,in_age_042,8
2024,나바8962,in_age_043,8
2024,나바8962,in_age_044,8
2024,나바8962,in_age_045,5
2024,나바8962,in_age_046,8
2024,나바8962,in_age_047,5
2024,나바8962,in_age_048,5
2024,나바8962,in_age_049,5
2024,나바8962,in_age_061,5
2024,나바8962,in_age_062,0
2024,나바8962,in_age_063,0
2024,나바8962,in_age_065,0
2024,나바8962,in_age_066,5
2024,나바8962,in_age_067,5
2024,나바8962,in_age_068,5
2024,나바8962,in_age_069,5
2024,나바8962,in_age_070,8
2024,나바8962,in_age_071,5
2024,나바8962,in_age_072,5
2024,나바8962,in_age_073,8
2024,나바8962,in_age_074,8
2024,나바8962,in_age_075,13
2024,나바8962,in_age_076,8
2024,나바8962,in_age_077,8
2024,나바8962,in_age_078,8
2024,나바8962,in_age_079,5
2024,나바8962,to_in_001,179
2024,나바8962,to_in_007,99
2024,나바8962,to_in_008,78
2024,나바8963,in_age_001,0
2024,나바8963,in_age_002,0
2024,나바8963,in_age_006,5
2024,나바8963,in_age_009,0
2024,나바8963,in_age_010,0
2024,나바8963,in_age_011,0
2024,나바8963,in_age_012,0
2024,나바8963,in_age_014,5
2024,나바8963,in_age_015,0
2024,나바8963,in_age_016,0
2024,나바8963,in_age_017,0
2024,나바8963,in_age_031,0
2024,나바8963,in_age_036,0
2024,나바8963,in_age_039,0
2024,나바8963,in_age_040,0
2024,나바8963,in_age_041,0
2024,나바8963,in_age_042,0
2024,나바8963,in_age_044,0
2024,나바8963,in_age_062,0
2024,나바8963,in_age_066,5
2024,나바8963,in_age_074,0
2024,나바8963,in_age_075,0
2024,나바8963,in_age_076,0
2024,나바8963,in_age_077,0
2024,나바8963,to_in_001,18
2024,나바8963,to_in_007,8
2024,나바8963,to_in_008,8
2024,나바8964,in_age_003,5
2024,나바8964,in_age_004,5
2024,나바8964,in_age_005,5
2024,나바8964,in_age_008,5
2024,나바8964,in_age_009,5
2024,나바8964,in_age_010,5
2024,나바8964,in_age_011,5
2024,나바8964,in_age_012,5
2024,나바8964,in_age_013,8
2024,나바8964,in_age_014,5
2024,나바8964,in_age_015,8
2024,나바8964,in_age_016,5
2024,나바8964,in_age_017,8
2024,나바8964,in_age_018,5
2024,나바8964,in_age_033,0
2024,나바8964,in_age_034,0
2024,나바8964,in_age_035,5
2024,나바8964,in_age_038,0
2024,나바8964,in_age_039,5
2024,나바8964,in_age_040,5
2024,나바8964,in_age_041,5
2024,나바8964,in_age_042,5
2024,나바8964,in_age_043,8
2024,나바8964,in_age_044,5
2024,나바8964,in_age_045,5
2024,나바8964,in_age_047,5
2024,나바8964,in_age_048,5
2024,나바8964,in_age_063,0
2024,나바8964,in_age_064,0
2024,나바8964,in_age_068,5
2024,나바8964,in_age_070,0
2024,나바8964,in_age_071,0
2024,나바8964,in_age_072,0
2024,나바8964,in_age_073,5
2024,나바8964,in_age_074,5
2024,나바8964,in_age_075,8
2024,나바8964,in_age_076,5
2024,나바8964,in_age_077,5
2024,나바8964,in_age_078,5
2024,나바8964,to_in_001,53
2024,나바8964,to_in_007,28
2024,나바8964,to_in_008,23
2024,나바8965,in_age_001,5
2024,나바8965,in_age_002,0
2024,나바8965,in_age_003,5
2024,나바8965,in_age_004,5
2024,나바8965,in_age_006,0
2024,나바8965,in_age_007,5
2024,나바8965,in_age_008,5
2024,나바8965,in_age_009,0
2024,나바8965,in_age_010,8
2024,나바8965,in_age_011,8
2024,나바8965,in_age_012,13
2024,나바8965,in_age_013,18
2024,나바8965,in_age_014,13
2024,나바8965,in_age_015,13
2024,나바8965,in_age_016,13
2024,나바8965,in_age_017,5
2024,나바8965,in_age_018,5
2024,나바8965,in_age_020,5
2024,나바8965,in_age_031,0
2024,나바8965,in_age_033,5
2024,나바8965,in_age_034,5
2024,나바8965,in_age_037,5
2024,나바8965,in_age_038,0
2024,나바8965,in_age_039,0
2024,나바8965,in_age_040,5
2024,나바8965,in_age_041,8
2024,나바8965,in_age_042,5
2024,나바8965,in_age_043,8
2024,나바8965,in_age_044,8
2024,나바8965,in_age_045,5
2024,나바8965,in_age_046,8
2024,나바8965,in_age_048,5
2024,나바8965,in_age_061,0
2024,나바8965,in_age_062,0
2024,나바8965,in_age_064,5
2024,나바8965,in_age_066,0
2024,나바8965,in_age_067,5
2024,나바8965,in_age_068,0
2024,나바8965,in_age_070,5
2024,나바8965,in_age_071,5
2024,나바8965,in_age_072,8
2024,나바8965,in_age_073,8
2024,나바8965,in_age_074,8
2024,나바8965,in_age_075,8
2024,나바8965,in_age_076,5
2024,나바8965,in_age_077,5
2024,나바8965,in_age_078,0
2024,나바8965,in_age_080,5
2024,나바8965,to_in_001,103
2024,나바8965,to_in_007,53
2024,나바8965,to_in_008,53
2024,나바8966,in_age_005,5
2024,나바8966,in_age_006,0
2024,나바8966,in_age_009,0
2024,나바8966,in_age_011,5
2024,나바8966,in_age_012,5
2024,나바8966,in_age_013,8
2024,나바8966,in_age_014,8
2024,나바8966,in_age_015,13
2024,나바8966,in_age_016,13
2024,나바8966,in_age_017,8
2024,나바8966,in_age_018,8
2024,나바8966,in_age_019,5
2024,나바8966,in_age_035,5
2024,나바8966,in_age_036,0
2024,나바8966,in_age_039,0
2024,나바8966,in_age_042,5
2024,나바8966,in_age_043,5
2024,나바8966,in_age_044,5
2024,나바8966,in_age_045,8
2024,나바8966,in_age_046,5
2024,나바8966,in_age_047,5
2024,나바8966,in_age_048,5
2024,나바8966,in_age_065,0
2024,나바8966,in_age_071,5
2024,나바8966,in_age_072,5
2024,나바8966,in_age_073,5
2024,나바8966,in_age_074,5
2024,나바8966,in_age_075,8
2024,나바8966,in_age_076,8
2024,나바8966,in_age_077,5
2024,나바8966,in_age_078,5
2024,나바8966,in_age_079,5
2024,나바8966,to_in_001,63
2024,나바8966,to_in_007,28
2024,나바8966,to_in_008,33
2024,나바8967,in_age_003,5
2024,나바8967,in_age_004,5
2024,나바8967,in_age_005,5
2024,나바8967,in_age_006,5
2024,나바8967,in_age_007,5
2024,나바8967,in_age_008,5
2024,나바8967,in_age_009,5
2024,나바8967,in_age_010,8
2024,나바8967,in_age_011,13
2024,나바8967,in_age_012,13
2024,나바8967,in_age_013,18
2024,나바8967,in_age_014,18
2024,나바8967,in_age_015,8
2024,나바8967,in_age_016,13
2024,나바8967,in_age_017,8
2024,나바8967,in_age_018,8
2024,나바8967,in_age_019,5
2024,나바8967,in_age_020,5
2024,나바8967,in_age_033,5
2024,나바8967,in_age_034,0
2024,나바8967,in_age_035,0
2024,나바8967,in_age_036,5
2024,나바8967,in_age_037,5
2024,나바8967,in_age_038,0
2024,나바8967,in_age_039,5
2024,나바8967,in_age_040,5
2024,나바8967,in_age_041,8
2024,나바8967,in_age_042,8
2024,나바8967,in_age_043,8
2024,나바8967,in_age_044,8
2024,나바8967,in_age_045,5
2024,나바8967,in_age_046,8
2024,나바8967,in_age_047,5
2024,나바8967,in_age_048,5
2024,나바8967,in_age_049,5
2024,나바8967,in_age_064,0
2024,나바8967,in_age_065,0
2024,나바8967,in_age_066,5
2024,나바8967,in_age_068,5
2024,나바8967,in_age_069,5
2024,나바8967,in_age_070,5
2024,나바8967,in_age_071,8
2024,나바8967,in_age_072,5
2024,나바8967,in_age_073,8
2024,나바8967,in_age_074,8
2024,나바8967,in_age_075,5
2024,나바8967,in_age_076,8
2024,나바8967,in_age_077,5
2024,나바8967,in_age_078,8
2024,나바8967,in_age_080,5
2024,나바8967,to_in_001,133
2024,나바8967,to_in_007,68
2024,나바8967,to_in_008,63
2024,나바8968,in_age_002,5
2024,나바8968,in_age_003,5
2024,나바8968,in_age_004,5
2024,나바8968,in_age_009,5
2024,나바8968,in_age_010,5
2024,나바8968,in_age_012,5
2024,나바8968,in_age_013,0
2024,나바8968,in_age_014,8
2024,나바8968,in_age_015,8
2024,나바8968,in_age_016,8
2024,나바8968,in_age_017,8
2024,나바8968,in_age_018,5
2024,나바8968,in_age_032,5
2024,나바8968,in_age_033,0
2024,나바8968,in_age_039,0
2024,나바8968,in_age_040,5
2024,나바8968,in_age_042,5
2024,나바8968,in_age_044,5
2024,나바8968,in_age_045,5
2024,나바8968,in_age_046,5
2024,나바8968,in_age_047,5
2024,나바8968,in_age_048,5
2024,나바8968,in_age_063,0
2024,나바8968,in_age_064,5
2024,나바8968,in_age_069,5
2024,나바8968,in_age_072,5
2024,나바8968,in_age_073,0
2024,나바8968,in_age_074,8
2024,나바8968,in_age_075,5
2024,나바8968,in_age_076,8
2024,나바8968,in_age_077,5
2024,나바8968,in_age_078,0
2024,나바8968,to_in_001,43
2024,나바8968,to_in_007,18
2024,나바8968,to_in_008,23
2024,나바8969,in_age_001,5
2024,나바8969,in_age_002,5
2024,나바8969,in_age_003,5
2024,나바8969,in_age_004,8
2024,나바8969,in_age_005,8
2024,나바8969,in_age_006,8
2024,나바8969,in_age_007,5
2024,나바8969,in_age_008,5
2024,나바8969,in_age_009,5
2024,나바8969,in_age_010,5
2024,나바8969,in_age_011,8
2024,나바8969,in_age_012,13
2024,나바8969,in_age_013,5
2024,나바8969,in_age_014,8
2024,나바8969,in_age_015,8
2024,나바8969,in_age_016,8
2024,나바8969,in_age_017,8
2024,나바8969,in_age_018,5
2024,나바8969,in_age_019,5
2024,나바8969,in_age_020,0
2024,나바8969,in_age_031,0
2024,나바8969,in_age_032,5
2024,나바8969,in_age_033,5
2024,나바8969,in_age_034,8
2024,나바8969,in_age_035,5
2024,나바8969,in_age_036,8
2024,나바8969,in_age_037,5
2024,나바8969,in_age_038,5
2024,나바8969,in_age_039,5
2024,나바8969,in_age_040,5
2024,나바8969,in_age_041,5
2024,나바8969,in_age_042,8
2024,나바8969,in_age_043,5
2024,나바8969,in_age_044,0
2024,나바8969,in_age_045,5
2024,나바8969,in_age_046,8
2024,나바8969,in_age_047,5
2024,나바8969,in_age_048,0
2024,나바8969,in_age_049,5
2024,나바8969,in_age_061,0
2024,나바8969,in_age_062,0
2024,나바8969,in_age_064,5
2024,나바8969,in_age_065,5
2024,나바8969,in_age_066,5
2024,나바8969,in_age_067,5
2024,나바8969,in_age_070,5
2024,나바8969,in_age_071,5
2024,나바8969,in_age_072,5
2024,나바8969,in_age_073,5
2024,나바8969,in_age_074,8
2024,나바8969,in_age_075,5
2024,나바8969,in_age_076,5
2024,나바8969,in_age_077,5
2024,나바8969,in_age_078,0
2024,나바8969,in_age_080,0
2024,나바8969,to_in_001,98
2024,나바8969,to_in_007,58
2024,나바8969,to_in_008,43
2024,나바8970,in_age_001,18
2024,나바8970,in_age_002,13
2024,나바8970,in_age_003,13
2024,나바8970,in_age_004,8
2024,나바8970,in_age_005,24
2024,나바8970,in_age_006,75
2024,나바8970,in_age_007,61
2024,나바8970,in_age_008,36
2024,나바8970,in_age_009,29
2024,나바8970,in_age_010,28
2024,나바8970,in_age_011,44
2024,나바8970,in_age_012,71
2024,나바8970,in_age_013,54
2024,나바8970,in_age_014,48
2024,나바8970,in_age_015,28
2024,나바8970,in_age_016,28
2024,나바8970,in_age_017,23
2024,나바8970,in_age_018,28
2024,나바8970,in_age_019,8
2024,나바8970,in_age_020,0
2024,나바8970,in_age_031,8
2024,나바8970,in_age_032,8
2024,나바8970,in_age_033,8
2024,나바8970,in_age_034,5
2024,나바8970,in_age_035,19
2024,나바8970,in_age_036,42
2024,나바8970,in_age_037,42
2024,나바8970,in_age_038,26
2024,나바8970,in_age_039,11
2024,나바8970,in_age_040,18
2024,나바8970,in_age_041,23
2024,나바8970,in_age_042,46
2024,나바8970,in_age_043,29
2024,나바8970,in_age_044,23
2024,나바8970,in_age_045,18
2024,나바8970,in_age_046,8
2024,나바8970,in_age_047,8
2024,나바8970,in_age_048,8
2024,나바8970,in_age_049,5
2024,나바8970,in_age_061,8
2024,나바8970,in_age_062,8
2024,나바8970,in_age_063,5
2024,나바8970,in_age_064,5
2024,나바8970,in_age_065,5
2024,나바8970,in_age_066,31
2024,나바8970,in_age_067,17
2024,나바8970,in_age_068,13
2024,나바8970,in_age_069,18
2024,나바8970,in_age_070,8
2024,나바8970,in_age_071,19
2024,나바8970,in_age_072,28
2024,나바8970,in_age_073,28
2024,나바8970,in_age_074,28
2024,나바8970,in_age_075,13
2024,나바8970,in_age_076,18
2024,나바8970,in_age_077,18
2024,나바8970,in_age_078,18
2024,나바8970,in_age_079,8
2024,나바8970,in_age_080,0
2024,나바8970,to_in_001,633
2024,나바8970,to_in_007,345
2024,나바8970,to_in_008,291
2024,나바8971,in_age_012,0
2024,나바8971,in_age_013,5
2024,나바8971,in_age_014,0
2024,나바8971,in_age_015,0
2024,나바8971,in_age_017,0
2024,나바8971,in_age_019,0
2024,나바8971,in_age_043,0
2024,나바8971,in_age_044,0
2024,나바8971,in_age_047,0
2024,나바8971,in_age_072,0
2024,나바8971,in_age_073,0
2024,나바8971,in_age_075,0
2024,나바8971,in_age_079,0
2024,나바8971,to_in_001,8
2024,나바8971,to_in_007,5
2024,나바8971,to_in_008,5
2024,나바8972,in_age_006,5
2024,나바8972,in_age_007,0
2024,나바8972,in_age_010,0
2024,나바8972,in_age_011,5
2024,나바8972,in_age_012,5
2024,나바8972,in_age_013,5
2024,나바8972,in_age_014,8
2024,나바8972,in_age_015,5
2024,나바8972,in_age_016,5
2024,나바8972,in_age_017,5
2024,나바8972,in_age_018,5
2024,나바8972,in_age_019,5
2024,나바8972,in_age_036,0
2024,나바8972,in_age_041,0
2024,나바8972,in_age_042,5
2024,나바8972,in_age_043,0
2024,나바8972,in_age_044,5
2024,나바8972,in_age_045,5
2024,나바8972,in_age_046,5
2024,나바8972,in_age_049,0
2024,나바8972,in_age_066,5
2024,나바8972,in_age_067,0
2024,나바8972,in_age_070,0
2024,나바8972,in_age_071,0
2024,나바8972,in_age_072,0
2024,나바8972,in_age_073,0
2024,나바8972,in_age_074,5
2024,나바8972,in_age_075,5
2024,나바8972,in_age_077,5
2024,나바8972,in_age_078,5
2024,나바8972,in_age_079,5
2024,나바8972,to_in_001,33
2024,나바8972,to_in_007,18
2024,나바8972,to_in_008,18
2024,나바8973,in_age_004,0
2024,나바8973,in_age_010,5
2024,나바8973,in_age_011,0
2024,나바8973,in_age_012,5
2024,나바8973,in_age_013,5
2024,나바8973,in_age_014,5
2024,나바8973,in_age_015,0
2024,나바8973,in_age_016,0
2024,나바8973,in_age_017,0
2024,나바8973,in_age_018,5
2024,나바8973,in_age_019,5
2024,나바8973,in_age_034,0
2024,나바8973,in_age_041,0
2024,나바8973,in_age_042,5
2024,나바8973,in_age_043,0
2024,나바8973,in_age_044,5
2024,나바8973,in_age_070,5
2024,나바8973,in_age_072,0
2024,나바8973,in_age_073,5
2024,나바8973,in_age_074,0
2024,나바8973,in_age_075,0
2024,나바8973,in_age_076,0
2024,나바8973,in_age_077,0
2024,나바8973,in_age_078,5
2024,나바8973,in_age_079,5
2024,나바8973,to_in_001,18
2024,나바8973,to_in_007,8
2024,나바8973,to_in_008,13
2024,나바8974,in_age_002,0
2024,나바8974,in_age_003,0
2024,나바8974,in_age_004,0
2024,나바8974,in_age_005,5
2024,나바8974,in_age_006,0
2024,나바8974,in_age_007,0
2024,나바8974,in_age_009,5
2024,나바8974,in_age_010,0
2024,나바8974,in_age_011,5
2024,나바8974,in_age_012,5
2024,나바8974,in_age_013,5
2024,나바8974,in_age_014,8
2024,나바8974,in_age_015,8
2024,나바8974,in_age_016,5
2024,나바8974,in_age_017,0
2024,나바8974,in_age_018,5
2024,나바8974,in_age_019,0
2024,나바8974,in_age_032,0
2024,나바8974,in_age_033,0
2024,나바8974,in_age_035,5
2024,나바8974,in_age_037,0
2024,나바8974,in_age_040,0
2024,나바8974,in_age_041,5
2024,나바8974,in_age_042,5
2024,나바8974,in_age_043,5
2024,나바8974,in_age_044,5
2024,나바8974,in_age_045,5
2024,나바8974,in_age_046,0
2024,나바8974,in_age_047,0
2024,나바8974,in_age_048,5
2024,나바8974,in_age_064,0
2024,나바8974,in_age_066,0
2024,나바8974,in_age_069,5
2024,나바8974,in_age_071,0
2024,나바8974,in_age_072,5
2024,나바8974,in_age_073,5
2024,나바8974,in_age_074,8
2024,나바8974,in_age_075,8
2024,나바8974,in_age_076,5
2024,나바8974,in_age_078,5
2024,나바8974,in_age_079,0
2024,나바8974,to_in_001,43
2024,나바8974,to_in_007,18
2024,나바8974,to_in_008,23
2024,나바8975,in_age_003,0
2024,나바8975,in_age_004,5
2024,나바8975,in_age_007,0
2024,나바8975,in_age_009,0
2024,나바8975,in_age_010,0
2024,나바8975,in_age_011,5
2024,나바8975,in_age_012,5
2024,나바8975,in_age_013,5
2024,나바8975,in_age_014,5
2024,나바8975,in_age_015,8
2024,나바8975,in_age_016,8
2024,나바8975,in_age_017,8
2024,나바8975,in_age_018,5
2024,나바8975,in_age_019,5
2024,나바8975,in_age_020,0
2024,나바8975,in_age_033,0
2024,나바8975,in_age_034,5
2024,나바8975,in_age_037,0
2024,나바8975,in_age_040,0
2024,나바8975,in_age_041,5
2024,나바8975,in_age_042,5
2024,나바8975,in_age_043,5
2024,나바8975,in_age_044,0
2024,나바8975,in_age_045,5
2024,나바8975,in_age_046,5
2024,나바8975,in_age_047,5
2024,나바8975,in_age_048,0
2024,나바8975,in_age_049,5
2024,나바8975,in_age_069,0
2024,나바8975,in_age_071,5
2024,나바8975,in_age_073,5
2024,나바8975,in_age_074,5
2024,나바8975,in_age_075,8
2024,나바8975,in_age_076,5
2024,나바8975,in_age_077,5
2024,나바8975,in_age_078,5
2024,나바8975,in_age_080,0
2024,나바8975,to_in_001,48
2024,나바8975,to_in_007,23
2024,나바8975,to_in_008,28
2024,나바8976,in_age_006,5
2024,나바8976,in_age_007,0
2024,나바8976,in_age_009,0
2024,나바8976,in_age_012,5
2024,나바8976,in_age_013,5
2024,나바8976,in_age_014,5
2024,나바8976,in_age_015,5
2024,나바8976,in_age_016,0
2024,나바8976,in_age_017,5
2024,나바8976,in_age_018,5
2024,나바8976,in_age_036,5
2024,나바8976,in_age_037,0
2024,나바8976,in_age_039,0
2024,나바8976,in_age_042,5
2024,나바8976,in_age_043,5
2024,나바8976,in_age_045,5
2024,나바8976,in_age_046,0
2024,나바8976,in_age_047,0
2024,나바8976,in_age_048,0
2024,나바8976,in_age_073,5
2024,나바8976,in_age_074,5
2024,나바8976,in_age_077,5
2024,나바8976,in_age_078,0
2024,나바8976,to_in_001,23
2024,나바8976,to_in_007,13
2024,나바8976,to_in_008,13
2024,나바9006,in_age_012,0
2024,나바9006,in_age_013,0
2024,나바9006,in_age_014,0
2024,나바9006,in_age_043,0
2024,나바9006,in_age_044,0
2024,나바9006,in_age_072,0
2024,나바9006,to_in_001,5
2024,나바9006,to_in_007,5
2024,나바9006,to_in_008,0
2024,나바9053,in_age_002,5
2024,나바9053,in_age_003,8
2024,나바9053,in_age_004,5
2024,나바9053,in_age_006,8
2024,나바9053,in_age_007,5
2024,나바9053,in_age_008,8
2024,나바9053,in_age_009,8
2024,나바9053,in_age_010,18
2024,나바9053,in_age_011,13
2024,나바9053,in_age_012,13
2024,나바9053,in_age_013,18
2024,나바9053,in_age_014,28
2024,나바9053,in_age_015,23
2024,나바9053,in_age_016,13
2024,나바9053,in_age_017,8
2024,나바9053,in_age_018,5
2024,나바9053,in_age_019,8
2024,나바9053,in_age_033,5
2024,나바9053,in_age_034,5
2024,나바9053,in_age_036,8
2024,나바9053,in_age_037,5
2024,나바9053,in_age_038,5
2024,나바9053,in_age_039,8
2024,나바9053,in_age_040,13
2024,나바9053,in_age_041,8
2024,나바9053,in_age_042,5
2024,나바9053,in_age_043,8
2024,나바9053,in_age_044,8
2024,나바9053,in_age_045,13
2024,나바9053,in_age_046,8
2024,나바9053,in_age_047,5
2024,나바9053,in_age_048,5
2024,나바9053,in_age_062,5
2024,나바9053,in_age_063,5
2024,나바9053,in_age_064,5
2024,나바9053,in_age_066,0
2024,나바9053,in_age_068,5
2024,나바9053,in_age_069,5
2024,나바9053,in_age_070,5
2024,나바9053,in_age_071,8
2024,나바9053,in_age_072,8
2024,나바9053,in_age_073,13
2024,나바9053,in_age_074,18
2024,나바9053,in_age_075,8
2024,나바9053,in_age_076,5
2024,나바9053,in_age_077,8
2024,나바9053,in_age_079,8
2024,나바9053,to_in_001,183
2024,나바9053,to_in_007,98
2024,나바9053,to_in_008,83
2024,나바9054,in_age_004,5
2024,나바9054,in_age_006,0
2024,나바9054,in_age_007,5
2024,나바9054,in_age_009,5
2024,나바9054,in_age_010,5
2024,나바9054,in_age_011,5
2024,나바9054,in_age_012,18
2024,나바9054,in_age_013,23
2024,나바9054,in_age_014,18
2024,나바9054,in_age_015,18
2024,나바9054,in_age_016,13
2024,나바9054,in_age_017,8
2024,나바9054,in_age_018,5
2024,나바9054,in_age_019,5
2024,나바9054,in_age_020,5
2024,나바9054,in_age_034,0
2024,나바9054,in_age_036,0
2024,나바9054,in_age_037,0
2024,나바9054,in_age_040,5
2024,나바9054,in_age_041,5
2024,나바9054,in_age_042,8
2024,나바9054,in_age_043,13
2024,나바9054,in_age_044,8
2024,나바9054,in_age_045,13
2024,나바9054,in_age_046,5
2024,나바9054,in_age_047,8
2024,나바9054,in_age_048,5
2024,나바9054,in_age_064,0
2024,나바9054,in_age_067,0
2024,나바9054,in_age_069,5
2024,나바9054,in_age_070,0
2024,나바9054,in_age_071,5
2024,나바9054,in_age_072,13
2024,나바9054,in_age_073,13
2024,나바9054,in_age_074,8
2024,나바9054,in_age_075,8
2024,나바9054,in_age_076,8
2024,나바9054,in_age_077,5
2024,나바9054,in_age_078,5
2024,나바9054,in_age_079,5
2024,나바9054,in_age_080,5
2024,나바9054,to_in_001,118
2024,나바9054,to_in_007,58
2024,나바9054,to_in_008,63
2024,나바9055,in_age_001,5
2024,나바9055,in_age_002,5
2024,나바9055,in_age_004,5
2024,나바9055,in_age_005,5
2024,나바9055,in_age_006,5
2024,나바9055,in_age_007,5
2024,나바9055,in_age_008,8
2024,나바9055,in_age_009,8
2024,나바9055,in_age_010,5
2024,나바9055,in_age_011,5
2024,나바9055,in_age_012,5
2024,나바9055,in_age_013,13
2024,나바9055,in_age_014,13
2024,나바9055,in_age_015,8
2024,나바9055,in_age_016,8
2024,나바9055,in_age_017,8
2024,나바9055,in_age_019,0
2024,나바9055,in_age_020,0
2024,나바9055,in_age_031,0
2024,나바9055,in_age_032,0
2024,나바9055,in_age_034,5
2024,나바9055,in_age_035,0
2024,나바9055,in_age_036,0
2024,나바9055,in_age_037,5
2024,나바9055,in_age_038,5
2024,나바9055,in_age_039,5
2024,나바9055,in_age_040,5
2024,나바9055,in_age_041,0
2024,나바9055,in_age_042,5
2024,나바9055,in_age_043,8
2024,나바9055,in_age_044,5
2024,나바9055,in_age_045,8
2024,나바9055,in_age_046,5
2024,나바9055,in_age_047,0
2024,나바9055,in_age_061,0
2024,나바9055,in_age_062,0
2024,나바9055,in_age_065,5
2024,나바9055,in_age_066,0
2024,나바9055,in_age_067,0
2024,나바9055,in_age_068,8
2024,나바9055,in_age_069,8
2024,나바9055,in_age_071,0
2024,나바9055,in_age_072,5
2024,나바9055,in_age_073,8
2024,나바9055,in_age_074,8
2024,나바9055,in_age_075,5
2024,나바9055,in_age_076,5
2024,나바9055,in_age_077,8
2024,나바9055,in_age_079,0
2024,나바9055,in_age_080,0
2024,나바9055,to_in_001,83
2024,나바9055,to_in_007,43
2024,나바9055,to_in_008,38
2024,나바9056,in_age_003,0
2024,나바9056,in_age_004,0
2024,나바9056,in_age_005,0
2024,나바9056,in_age_006,5
2024,나바9056,in_age_007,0
2024,나바9056,in_age_008,5
2024,나바9056,in_age_009,5
2024,나바9056,in_age_010,8
2024,나바9056,in_age_011,5
2024,나바9056,in_age_012,5
2024,나바9056,in_age_013,5
2024,나바9056,in_age_014,8
2024,나바9056,in_age_015,5
2024,나바9056,in_age_016,8
2024,나바9056,in_age_017,5
2024,나바9056,in_age_018,0
2024,나바9056,in_age_019,0
2024,나바9056,in_age_035,0
2024,나바9056,in_age_036,0
2024,나바9056,in_age_037,0
2024,나바9056,in_age_038,5
2024,나바9056,in_age_040,5
2024,나바9056,in_age_041,5
2024,나바9056,in_age_042,0
2024,나바9056,in_age_043,5
2024,나바9056,in_age_044,5
2024,나바9056,in_age_045,5
2024,나바9056,in_age_046,8
2024,나바9056,in_age_047,5
2024,나바9056,in_age_048,0
2024,나바9056,in_age_063,0
2024,나바9056,in_age_064,0
2024,나바9056,in_age_066,5
2024,나바9056,in_age_069,5
2024,나바9056,in_age_070,5
2024,나바9056,in_age_071,5
2024,나바9056,in_age_072,5
2024,나바9056,in_age_073,5
2024,나바9056,in_age_074,5
2024,나바9056,in_age_075,0
2024,나바9056,in_age_076,8
2024,나바9056,in_age_079,0
2024,나바9056,to_in_001,53
2024,나바9056,to_in_007,28
2024,나바9056,to_in_008,23
2024,나바9057,in_age_002,5
2024,나바9057,in_age_003,0
2024,나바9057,in_age_007,0
2024,나바9057,in_age_009,8
2024,나바9057,in_age_010,5
2024,나바9057,in_age_011,5
2024,나바9057,in_age_012,5
2024,나바9057,in_age_013,8
2024,나바9057,in_age_014,13
2024,나바9057,in_age_015,8
2024,나바9057,in_age_016,13
2024,나바9057,in_age_017,8
2024,나바9057,in_age_018,5
2024,나바9057,in_age_019,0
2024,나바9057,in_age_021,0
2024,나바9057,in_age_032,5
2024,나바9057,in_age_039,5
2024,나바9057,in_age_040,5
2024,나바9057,in_age_041,5
2024,나바9057,in_age_042,5
2024,나바9057,in_age_043,5
2024,나바9057,in_age_044,8
2024,나바9057,in_age_045,5
2024,나바9057,in_age_046,8
2024,나바9057,in_age_047,5
2024,나바9057,in_age_048,5
2024,나바9057,in_age_062,0
2024,나바9057,in_age_063,0
2024,나바9057,in_age_067,0
2024,나바9057,in_age_069,5
2024,나바9057,in_age_070,0
2024,나바9057,in_age_072,0
2024,나바9057,in_age_073,8
2024,나바9057,in_age_074,5
2024,나바9057,in_age_075,8
2024,나바9057,in_age_076,8
2024,나바9057,in_age_077,8
2024,나바9057,in_age_078,5
2024,나바9057,in_age_079,0
2024,나바9057,in_age_081,0
2024,나바9057,to_in_001,68
2024,나바9057,to_in_007,28
2024,나바9057,to_in_008,38
2024,나바9058,in_age_004,5
2024,나바9058,in_age_005,8
2024,나바9058,in_age_006,5
2024,나바9058,in_age_007,5
2024,나바9058,in_age_010,8
2024,나바9058,in_age_011,8
2024,나바9058,in_age_012,8
2024,나바9058,in_age_013,13
2024,나바9058,in_age_014,8
2024,나바9058,in_age_015,8
2024,나바9058,in_age_016,8
2024,나바9058,in_age_017,8
2024,나바9058,in_age_034,5
2024,나바9058,in_age_035,8
2024,나바9058,in_age_036,5
2024,나바9058,in_age_037,0
2024,나바9058,in_age_040,8
2024,나바9058,in_age_041,8
2024,나바9058,in_age_042,8
2024,나바9058,in_age_043,8
2024,나바9058,in_age_044,8
2024,나바9058,in_age_045,5
2024,나바9058,in_age_046,8
2024,나바9058,in_age_047,0
2024,나바9058,in_age_067,0
2024,나바9058,in_age_070,5
2024,나바9058,in_age_071,5
2024,나바9058,in_age_072,8
2024,나바9058,in_age_073,5
2024,나바9058,in_age_074,5
2024,나바9058,in_age_075,5
2024,나바9058,in_age_076,5
2024,나바9058,in_age_077,8
2024,나바9058,to_in_001,68
2024,나바9058,to_in_007,33
2024,나바9058,to_in_008,33
2024,나바9059,in_age_006,5
2024,나바9059,in_age_007,0
2024,나바9059,in_age_009,0
2024,나바9059,in_age_011,5
2024,나바9059,in_age_012,5
2024,나바9059,in_age_014,5
2024,나바9059,in_age_016,5
2024,나바9059,in_age_018,0
2024,나바9059,in_age_036,5
2024,나바9059,in_age_037,0
2024,나바9059,in_age_042,5
2024,나바9059,in_age_044,5
2024,나바9059,in_age_046,0
2024,나바9059,in_age_069,0
2024,나바9059,in_age_071,5
2024,나바9059,in_age_076,5
2024,나바9059,in_age_078,0
2024,나바9059,to_in_001,13
2024,나바9059,to_in_007,8
2024,나바9059,to_in_008,5
2024,나바9060,in_age_006,0
2024,나바9060,in_age_011,5
2024,나바9060,in_age_012,5
2024,나바9060,in_age_013,5
2024,나바9060,in_age_014,5
2024,나바9060,in_age_015,5
2024,나바9060,in_age_016,8
2024,나바9060,in_age_017,8
2024,나바9060,in_age_041,5
2024,나바9060,in_age_042,5
2024,나바9060,in_age_043,0
2024,나바9060,in_age_044,5
2024,나바9060,in_age_045,5
2024,나바9060,in_age_047,0
2024,나바9060,in_age_066,0
2024,나바9060,in_age_073,0
2024,나바9060,in_age_074,0
2024,나바9060,in_age_075,5
2024,나바9060,in_age_076,8
2024,나바9060,in_age_077,5
2024,나바9060,to_in_001,28
2024,나바9060,to_in_007,13
2024,나바9060,to_in_008,18
2024,나바9061,in_age_003,5
2024,나바9061,in_age_004,5
2024,나바9061,in_age_005,5
2024,나바9061,in_age_007,0
2024,나바9061,in_age_008,5
2024,나바9061,in_age_010,5
2024,나바9061,in_age_011,5
2024,나바9061,in_age_012,5
2024,나바9061,in_age_013,8
2024,나바9061,in_age_014,5
2024,나바9061,in_age_015,5
2024,나바9061,in_age_016,8
2024,나바9061,in_age_017,0
2024,나바9061,in_age_018,0
2024,나바9061,in_age_033,5
2024,나바9061,in_age_034,5
2024,나바9061,in_age_035,0
2024,나바9061,in_age_037,0
2024,나바9061,in_age_038,5
2024,나바9061,in_age_040,5
2024,나바9061,in_age_041,5
2024,나바9061,in_age_042,0
2024,나바9061,in_age_043,5
2024,나바9061,in_age_044,5
2024,나바9061,in_age_046,5
2024,나바9061,in_age_063,0
2024,나바9061,in_age_065,0
2024,나바9061,in_age_068,0
2024,나바9061,in_age_070,0
2024,나바9061,in_age_071,0
2024,나바9061,in_age_072,0
2024,나바9061,in_age_073,5
2024,나바9061,in_age_075,5
2024,나바9061,in_age_076,5
2024,나바9061,in_age_077,0
2024,나바9061,in_age_078,0
2024,나바9061,to_in_001,43
2024,나바9061,to_in_007,23
2024,나바9061,to_in_008,23
2024,나바9062,in_age_001,0
2024,나바9062,in_age_005,5
2024,나바9062,in_age_006,8
2024,나바9062,in_age_007,5
2024,나바9062,in_age_008,8
2024,나바9062,in_age_009,8
2024,나바9062,in_age_010,13
2024,나바9062,in_age_011,22
2024,나바9062,in_age_012,22
2024,나바9062,in_age_013,48
2024,나바9062,in_age_014,37
2024,나바9062,in_age_015,22
2024,나바9062,in_age_016,13
2024,나바9062,in_age_017,13
2024,나바9062,in_age_018,8
2024,나바9062,in_age_031,0
2024,나바9062,in_age_035,0
2024,나바9062,in_age_036,5
2024,나바9062,in_age_038,5
2024,나바9062,in_age_039,5
2024,나바9062,in_age_040,8
2024,나바9062,in_age_041,17
2024,나바9062,in_age_042,8
2024,나바9062,in_age_043,27
2024,나바9062,in_age_044,22
2024,나바9062,in_age_045,13
2024,나바9062,in_age_046,8
2024,나바9062,in_age_047,8
2024,나바9062,in_age_048,5
2024,나바9062,in_age_065,0
2024,나바9062,in_age_066,5
2024,나바9062,in_age_067,5
2024,나바9062,in_age_068,5
2024,나바9062,in_age_069,5
2024,나바9062,in_age_070,5
2024,나바9062,in_age_071,8
2024,나바9062,in_age_072,14
2024,나바9062,in_age_073,24
2024,나바9062,in_age_074,18
2024,나바9062,in_age_075,11
2024,나바9062,in_age_076,5
2024,나바9062,in_age_077,8
2024,나바9062,in_age_078,5
2024,나바9062,to_in_001,217
2024,나바9062,to_in_007,121
2024,나바9062,to_in_008,99
2024,나바9063,in_age_003,5
2024,나바9063,in_age_005,0
2024,나바9063,in_age_006,5
2024,나바9063,in_age_007,5
2024,나바9063,in_age_008,0
2024,나바9063,in_age_009,0
2024,나바9063,in_age_010,5
2024,나바9063,in_age_011,8
2024,나바9063,in_age_012,8
2024,나바9063,in_age_013,18
2024,나바9063,in_age_014,8
2024,나바9063,in_age_015,8
2024,나바9063,in_age_016,8
2024,나바9063,in_age_017,5
2024,나바9063,in_age_018,5
2024,나바9063,in_age_019,0
2024,나바9063,in_age_033,5
2024,나바9063,in_age_035,0
2024,나바9063,in_age_036,0
2024,나바9063,in_age_037,5
2024,나바9063,in_age_038,0
2024,나바9063,in_age_039,0
2024,나바9063,in_age_040,5
2024,나바9063,in_age_041,5
2024,나바9063,in_age_042,8
2024,나바9063,in_age_043,8
2024,나바9063,in_age_044,8
2024,나바9063,in_age_045,5
2024,나바9063,in_age_046,5
2024,나바9063,in_age_047,5
2024,나바9063,in_age_048,0
2024,나바9063,in_age_063,0
2024,나바9063,in_age_066,0
2024,나바9063,in_age_070,0
2024,나바9063,in_age_071,5
2024,나바9063,in_age_072,5
2024,나바9063,in_age_073,8
2024,나바9063,in_age_074,5
2024,나바9063,in_age_075,5
2024,나바9063,in_age_076,5
2024,나바9063,in_age_078,5
2024,나바9063,in_age_079,0
2024,나바9063,to_in_001,78
2024,나바9063,to_in_007,48
2024,나바9063,to_in_008,33
2024,나바9064,in_age_001,8
2024,나바9064,in_age_002,5
2024,나바9064,in_age_003,14
2024,나바9064,in_age_004,6
2024,나바9064,in_age_005,16
2024,나바9064,in_age_006,18
2024,나바9064,in_age_007,18
2024,나바9064,in_age_008,22
2024,나바9064,in_age_009,15
2024,나바9064,in_age_010,26
2024,나바9064,in_age_011,50
2024,나바9064,in_age_012,44
2024,나바9064,in_age_013,69
2024,나바9064,in_age_014,48
2024,나바9064,in_age_015,44
2024,나바9064,in_age_016,35
2024,나바9064,in_age_017,18
2024,나바9064,in_age_018,14
2024,나바9064,in_age_019,5
2024,나바9064,in_age_031,0
2024,나바9064,in_age_032,5
2024,나바9064,in_age_033,11
2024,나바9064,in_age_034,0
2024,나바9064,in_age_035,8
2024,나바9064,in_age_036,15
2024,나바9064,in_age_037,8
2024,나바9064,in_age_038,8
2024,나바9064,in_age_039,8
2024,나바9064,in_age_040,18
2024,나바9064,in_age_041,21
2024,나바9064,in_age_042,26
2024,나바9064,in_age_043,35
2024,나바9064,in_age_044,27
2024,나바9064,in_age_045,24
2024,나바9064,in_age_046,21
2024,나바9064,in_age_047,8
2024,나바9064,in_age_048,5
2024,나바9064,in_age_061,8
2024,나바9064,in_age_062,5
2024,나바9064,in_age_063,5
2024,나바9064,in_age_064,6
2024,나바9064,in_age_065,5
2024,나바9064,in_age_066,8
2024,나바9064,in_age_067,8
2024,나바9064,in_age_068,17
2024,나바9064,in_age_069,12
2024,나바9064,in_age_070,8
2024,나바9064,in_age_071,29
2024,나바9064,in_age_072,18
2024,나바9064,in_age_073,32
2024,나바9064,in_age_074,24
2024,나바9064,in_age_075,18
2024,나바9064,in_age_076,22
2024,나바9064,in_age_077,8
2024,나바9064,in_age_078,11
2024,나바9064,in_age_079,5
2024,나바9064,to_in_001,465
2024,나바9064,to_in_007,244
2024,나바9064,to_in_008,224
2024,나바9065,in_age_001,5
2024,나바9065,in_age_002,13
2024,나바9065,in_age_003,18
2024,나바9065,in_age_004,24
2024,나바9065,in_age_005,24
2024,나바9065,in_age_006,44
2024,나바9065,in_age_007,44
2024,나바9065,in_age_008,48
2024,나바9065,in_age_009,52
2024,나바9065,in_age_010,70
2024,나바9065,in_age_011,59
2024,나바9065,in_age_012,81
2024,나바9065,in_age_013,105
2024,나바9065,in_age_014,84
2024,나바9065,in_age_015,46
2024,나바9065,in_age_016,29
2024,나바9065,in_age_017,31
2024,나바9065,in_age_018,13
2024,나바9065,in_age_019,8
2024,나바9065,in_age_020,5
2024,나바9065,in_age_031,5
2024,나바9065,in_age_032,8
2024,나바9065,in_age_033,8
2024,나바9065,in_age_034,14
2024,나바9065,in_age_035,8
2024,나바9065,in_age_036,33
2024,나바9065,in_age_037,32
2024,나바9065,in_age_038,27
2024,나바9065,in_age_039,31
2024,나바9065,in_age_040,40
2024,나바9065,in_age_041,32
2024,나바9065,in_age_042,39
2024,나바9065,in_age_043,50
2024,나바9065,in_age_044,48
2024,나바9065,in_age_045,20
2024,나바9065,in_age_046,13
2024,나바9065,in_age_047,13
2024,나바9065,in_age_048,5
2024,나바9065,in_age_049,8
2024,나바9065,in_age_050,5
2024,나바9065,in_age_061,0
2024,나바9065,in_age_062,5
2024,나바9065,in_age_063,13
2024,나바9065,in_age_064,13
2024,나바9065,in_age_065,14
2024,나바9065,in_age_066,14
2024,나바9065,in_age_067,15
2024,나바9065,in_age_068,19
2024,나바9065,in_age_069,21
2024,나바9065,in_age_070,28
2024,나바9065,in_age_071,25
2024,나바9065,in_age_072,40
2024,나바9065,in_age_073,53
2024,나바9065,in_age_074,34
2024,나바9065,in_age_075,24
2024,나바9065,in_age_076,21
2024,나바9065,in_age_077,18
2024,나바9065,in_age_078,8
2024,나바9065,in_age_079,5
2024,나바9065,to_in_001,792
2024,나바9065,to_in_007,431
2024,나바9065,to_in_008,359
2024,나바9066,in_age_004,8
2024,나바9066,in_age_005,5
2024,나바9066,in_age_006,5
2024,나바9066,in_age_008,5
2024,나바9066,in_age_009,5
2024,나바9066,in_age_010,5
2024,나바9066,in_age_011,13
2024,나바9066,in_age_012,13
2024,나바9066,in_age_013,13
2024,나바9066,in_age_014,8
2024,나바9066,in_age_015,23
2024,나바9066,in_age_016,13
2024,나바9066,in_age_017,8
2024,나바9066,in_age_018,8
2024,나바9066,in_age_019,5
2024,나바9066,in_age_034,8
2024,나바9066,in_age_035,0
2024,나바9066,in_age_036,0
2024,나바9066,in_age_038,0
2024,나바9066,in_age_039,5
2024,나바9066,in_age_040,5
2024,나바9066,in_age_041,8
2024,나바9066,in_age_042,5
2024,나바9066,in_age_043,5
2024,나바9066,in_age_044,8
2024,나바9066,in_age_045,13
2024,나바9066,in_age_046,8
2024,나바9066,in_age_047,8
2024,나바9066,in_age_048,5
2024,나바9066,in_age_049,0
2024,나바9066,in_age_065,0
2024,나바9066,in_age_066,0
2024,나바9066,in_age_068,0
2024,나바9066,in_age_069,5
2024,나바9066,in_age_071,8
2024,나바9066,in_age_072,8
2024,나바9066,in_age_073,8
2024,나바9066,in_age_074,5
2024,나바9066,in_age_075,13
2024,나바9066,in_age_076,8
2024,나바9066,in_age_077,5
2024,나바9066,in_age_078,5
2024,나바9066,in_age_079,5
2024,나바9066,to_in_001,118
2024,나바9066,to_in_007,53
2024,나바9066,to_in_008,63
2024,나바9067,in_age_002,0
2024,나바9067,in_age_003,0
2024,나바9067,in_age_004,5
2024,나바9067,in_age_005,0
2024,나바9067,in_age_006,0
2024,나바9067,in_age_007,0
2024,나바9067,in_age_008,0
2024,나바9067,in_age_009,5
2024,나바9067,in_age_010,5
2024,나바9067,in_age_011,5
2024,나바9067,in_age_012,8
2024,나바9067,in_age_013,8
2024,나바9067,in_age_014,8
2024,나바9067,in_age_015,8
2024,나바9067,in_age_016,8
2024,나바9067,in_age_017,0
2024,나바9067,in_age_018,0
2024,나바9067,in_age_034,5
2024,나바9067,in_age_038,0
2024,나바9067,in_age_040,0
2024,나바9067,in_age_041,0
2024,나바9067,in_age_042,5
2024,나바9067,in_age_043,5
2024,나바9067,in_age_044,5
2024,나바9067,in_age_045,5
2024,나바9067,in_age_046,5
2024,나바9067,in_age_047,0
2024,나바9067,in_age_062,0
2024,나바9067,in_age_063,0
2024,나바9067,in_age_065,0
2024,나바9067,in_age_066,0
2024,나바9067,in_age_067,0
2024,나바9067,in_age_069,5
2024,나바9067,in_age_070,5
2024,나바9067,in_age_071,0
2024,나바9067,in_age_072,5
2024,나바9067,in_age_073,5
2024,나바9067,in_age_074,5
2024,나바9067,in_age_075,5
2024,나바9067,in_age_076,5
2024,나바9067,in_age_078,0
2024,나바9067,to_in_001,48
2024,나바9067,to_in_007,23
2024,나바9067,to_in_008,23
2024,나바9068,in_age_007,0
2024,나바9068,in_age_008,0
2024,나바9068,in_age_010,0
2024,나바9068,in_age_012,8
2024,나바9068,in_age_013,8
2024,나바9068,in_age_014,5
2024,나바9068,in_age_015,8
2024,나바9068,in_age_016,0
2024,나바9068,in_age_017,5
2024,나바9068,in_age_038,0
2024,나바9068,in_age_040,0
2024,나바9068,in_age_042,8
2024,나바9068,in_age_043,5
2024,나바9068,in_age_044,0
2024,나바9068,in_age_045,5
2024,나바9068,in_age_046,0
2024,나바9068,in_age_067,0
2024,나바9068,in_age_072,5
2024,나바9068,in_age_073,5
2024,나바9068,in_age_074,0
2024,나바9068,in_age_075,5
2024,나바9068,in_age_077,5
2024,나바9068,to_in_001,28
2024,나바9068,to_in_007,18
2024,나바9068,to_in_008,13
2024,나바9069,in_age_002,0
2024,나바9069,in_age_003,5
2024,나바9069,in_age_006,5
2024,나바9069,in_age_007,5
2024,나바9069,in_age_008,5
2024,나바9069,in_age_010,5
2024,나바9069,in_age_012,5
2024,나바9069,in_age_013,8
2024,나바9069,in_age_014,5
2024,나바9069,in_age_016,8
2024,나바9069,in_age_017,5
2024,나바9069,in_age_032,0
2024,나바9069,in_age_033,5
2024,나바9069,in_age_036,5
2024,나바9069,in_age_037,5
2024,나바9069,in_age_038,0
2024,나바9069,in_age_040,5
2024,나바9069,in_age_042,0
2024,나바9069,in_age_043,5
2024,나바9069,in_age_044,5
2024,나바9069,in_age_046,5
2024,나바9069,in_age_063,0
2024,나바9069,in_age_068,5
2024,나바9069,in_age_072,0
2024,나바9069,in_age_073,5
2024,나바9069,in_age_074,0
2024,나바9069,in_age_076,8
2024,나바9069,in_age_077,5
2024,나바9069,to_in_001,28
2024,나바9069,to_in_007,13
2024,나바9069,to_in_008,13
2024,나바9070,in_age_006,0
2024,나바9070,in_age_008,5
2024,나바9070,in_age_009,0
2024,나바9070,in_age_010,0
2024,나바9070,in_age_011,5
2024,나바9070,in_age_012,5
2024,나바9070,in_age_013,8
2024,나바9070,in_age_014,8
2024,나바9070,in_age_015,5
2024,나바9070,in_age_016,8
2024,나바9070,in_age_017,8
2024,나바9070,in_age_018,0
2024,나바9070,in_age_019,5
2024,나바9070,in_age_036,0
2024,나바9070,in_age_038,0
2024,나바9070,in_age_039,0
2024,나바9070,in_age_041,5
2024,나바9070,in_age_042,0
2024,나바9070,in_age_043,0
2024,나바9070,in_age_044,8
2024,나바9070,in_age_046,5
2024,나바9070,in_age_047,5
2024,나바9070,in_age_048,0
2024,나바9070,in_age_068,0
2024,나바9070,in_age_070,0
2024,나바9070,in_age_072,0
2024,나바9070,in_age_073,5
2024,나바9070,in_age_074,8
2024,나바9070,in_age_075,5
2024,나바9070,in_age_076,5
2024,나바9070,in_age_077,8
2024,나바9070,in_age_079,5
2024,나바9070,to_in_001,48
2024,나바9070,to_in_007,23
2024,나바9070,to_in_008,28
2024,나바9071,in_age_003,5
2024,나바9071,in_age_005,0
2024,나바9071,in_age_007,0
2024,나바9071,in_age_008,0
2024,나바9071,in_age_009,0
2024,나바9071,in_age_010,5
2024,나바9071,in_age_011,5
2024,나바9071,in_age_012,5
2024,나바9071,in_age_013,8
2024,나바9071,in_age_014,13
2024,나바9071,in_age_015,8
2024,나바9071,in_age_016,8
2024,나바9071,in_age_017,5
2024,나바9071,in_age_018,8
2024,나바9071,in_age_019,5
2024,나바9071,in_age_020,0
2024,나바9071,in_age_033,0
2024,나바9071,in_age_035,0
2024,나바9071,in_age_038,0
2024,나바9071,in_age_039,0
2024,나바9071,in_age_040,0
2024,나바9071,in_age_041,5
2024,나바9071,in_age_042,5
2024,나바9071,in_age_043,5
2024,나바9071,in_age_044,8
2024,나바9071,in_age_045,0
2024,나바9071,in_age_046,8
2024,나바9071,in_age_047,5
2024,나바9071,in_age_048,0
2024,나바9071,in_age_049,0
2024,나바9071,in_age_050,0
2024,나바9071,in_age_063,0
2024,나바9071,in_age_067,0
2024,나바9071,in_age_070,5
2024,나바9071,in_age_071,0
2024,나바9071,in_age_072,0
2024,나바9071,in_age_073,5
2024,나바9071,in_age_074,8
2024,나바9071,in_age_075,5
2024,나바9071,in_age_076,5
2024,나바9071,in_age_077,5
2024,나바9071,in_age_078,8
2024,나바9071,in_age_079,0
2024,나바9071,to_in_001,68
2024,나바9071,to_in_007,33
2024,나바9071,to_in_008,33
2024,나바9072,in_age_005,0
2024,나바9072,in_age_011,5
2024,나바9072,in_age_013,5
2024,나바9072,in_age_014,5
2024,나바9072,in_age_015,8
2024,나바9072,in_age_016,5
2024,나바9072,in_age_017,5
2024,나바9072,in_age_018,5
2024,나바9072,in_age_035,0
2024,나바9072,in_age_041,5
2024,나바9072,in_age_043,5
2024,나바9072,in_age_044,5
2024,나바9072,in_age_045,5
2024,나바9072,in_age_046,0
2024,나바9072,in_age_047,0
2024,나바9072,in_age_073,5
2024,나바9072,in_age_074,0
2024,나바9072,in_age_075,8
2024,나바9072,in_age_076,0
2024,나바9072,in_age_077,0
2024,나바9072,in_age_078,5
2024,나바9072,to_in_001,23
2024,나바9072,to_in_007,13
2024,나바9072,to_in_008,13
2024,나바9073,in_age_002,5
2024,나바9073,in_age_003,5
2024,나바9073,in_age_006,5
2024,나바9073,in_age_009,5
2024,나바9073,in_age_011,5
2024,나바9073,in_age_012,5
2024,나바9073,in_age_014,8
2024,나바9073,in_age_015,5
2024,나바9073,in_age_017,0
2024,나바9073,in_age_032,5
2024,나바9073,in_age_033,5
2024,나바9073,in_age_036,5
2024,나바9073,in_age_039,0
2024,나바9073,in_age_041,5
2024,나바9073,in_age_042,5
2024,나바9073,in_age_044,8
2024,나바9073,in_age_045,0
2024,나바9073,in_age_063,0
2024,나바9073,in_age_069,0
2024,나바9073,in_age_072,5
2024,나바9073,in_age_074,5
2024,나바9073,in_age_075,0
2024,나바9073,in_age_077,0
2024,나바9073,to_in_001,18
2024,나바9073,to_in_007,13
2024,나바9073,to_in_008,8
2024,나바9074,in_age_004,0
2024,나바9074,in_age_005,0
2024,나바9074,in_age_006,0
2024,나바9074,in_age_007,5
2024,나바9074,in_age_008,5
2024,나바9074,in_age_010,0
2024,나바9074,in_age_011,5
2024,나바9074,in_age_012,5
2024,나바9074,in_age_013,8
2024,나바9074,in_age_014,5
2024,나바9074,in_age_015,13
2024,나바9074,in_age_016,8
2024,나바9074,in_age_017,8
2024,나바9074,in_age_018,5
2024,나바9074,in_age_019,5
2024,나바9074,in_age_034,0
2024,나바9074,in_age_036,0
2024,나바9074,in_age_037,5
2024,나바9074,in_age_038,5
2024,나바9074,in_age_040,0
2024,나바9074,in_age_041,0
2024,나바9074,in_age_042,5
2024,나바9074,in_age_043,8
2024,나바9074,in_age_044,5
2024,나바9074,in_age_045,8
2024,나바9074,in_age_046,5
2024,나바9074,in_age_047,5
2024,나바9074,in_age_048,0
2024,나바9074,in_age_065,0
2024,나바9074,in_age_071,5
2024,나바9074,in_age_072,0
2024,나바9074,in_age_073,0
2024,나바9074,in_age_074,5
2024,나바9074,in_age_075,8
2024,나바9074,in_age_076,5
2024,나바9074,in_age_077,5
2024,나바9074,in_age_078,0
2024,나바9074,in_age_079,5
2024,나바9074,to_in_001,48
2024,나바9074,to_in_007,28
2024,나바9074,to_in_008,23
2024,나바9075,in_age_006,0
2024,나바9075,in_age_007,0
2024,나바9075,in_age_008,5
2024,나바9075,in_age_009,5
2024,나바9075,in_age_011,0
2024,나바9075,in_age_012,5
2024,나바9075,in_age_013,8
2024,나바9075,in_age_014,8
2024,나바9075,in_age_015,5
2024,나바9075,in_age_016,5
2024,나바9075,in_age_017,5
2024,나바9075,in_age_018,0
2024,나바9075,in_age_019,0
2024,나바9075,in_age_036,0
2024,나바9075,in_age_037,0
2024,나바9075,in_age_038,5
2024,나바9075,in_age_039,5
2024,나바9075,in_age_041,0
2024,나바9075,in_age_042,0
2024,나바9075,in_age_043,5
2024,나바9075,in_age_044,5
2024,나바9075,in_age_045,0
2024,나바9075,in_age_046,0
2024,나바9075,in_age_047,5
2024,나바9075,in_age_049,0
2024,나바9075,in_age_069,0
2024,나바9075,in_age_072,0
2024,나바9075,in_age_073,5
2024,나바9075,in_age_074,8
2024,나바9075,in_age_075,5
2024,나바9075,in_age_076,5
2024,나바9075,in_age_077,5
2024,나바9075,in_age_078,0
2024,나바9075,to_in_001,38
2024,나바9075,to_in_007,18
2024,나바9075,to_in_008,18
2024,나바9076,in_age_010,0
2024,나바9076,in_age_013,5
2024,나바9076,in_age_014,0
2024,나바9076,in_age_015,0
2024,나바9076,in_age_018,0
2024,나바9076,in_age_043,5
2024,나바9076,in_age_044,0
2024,나바9076,in_age_045,0
2024,나바9076,in_age_048,0
2024,나바9076,in_age_070,0
2024,나바9076,in_age_073,0
2024,나바9076,to_in_001,8
2024,나바9076,to_in_007,5
2024,나바9076,to_in_008,5
2024,나바9077,in_age_008,0
2024,나바9077,in_age_009,5
2024,나바9077,in_age_013,5
2024,나바9077,in_age_014,5
2024,나바9077,in_age_018,5
2024,나바9077,in_age_039,5
2024,나바9077,in_age_043,0
2024,나바9077,in_age_044,5
2024,나바9077,in_age_068,0
2024,나바9077,in_age_069,0
2024,나바9077,in_age_073,0
2024,나바9077,in_age_074,0
2024,나바9077,in_age_078,5
2024,나바9077,to_in_001,8
2024,나바9077,to_in_007,8
2024,나바9077,to_in_008,5
2024,나바9143,in_age_013,0
2024,나바9143,in_age_043,0
2024,나바9143,to_in_001,0
2024,나바9143,to_in_007,0
2024,나바9143,to_in_008,0
2024,나바9144,in_age_004,0
2024,나바9144,in_age_005,48
2024,나바9144,in_age_006,22
2024,나바9144,in_age_007,8
2024,나바9144,in_age_008,5
2024,나바9144,in_age_009,5
2024,나바9144,in_age_011,5
2024,나바9144,in_age_012,8
2024,나바9144,in_age_013,13
2024,나바9144,in_age_014,5
2024,나바9144,in_age_015,5
2024,나바9144,in_age_016,5
2024,나바9144,in_age_017,5
2024,나바9144,in_age_018,5
2024,나바9144,in_age_034,0
2024,나바9144,in_age_035,43
2024,나바9144,in_age_036,22
2024,나바9144,in_age_037,5
2024,나바9144,in_age_038,5
2024,나바9144,in_age_039,5
2024,나바9144,in_age_041,0
2024,나바9144,in_age_042,8
2024,나바9144,in_age_043,8
2024,나바9144,in_age_044,5
2024,나바9144,in_age_045,5
2024,나바9144,in_age_046,0
2024,나바9144,in_age_048,5
2024,나바9144,in_age_065,8
2024,나바9144,in_age_066,0
2024,나바9144,in_age_067,0
2024,나바9144,in_age_068,5
2024,나바9144,in_age_069,5
2024,나바9144,in_age_071,5
2024,나바9144,in_age_072,5
2024,나바9144,in_age_073,8
2024,나바9144,in_age_074,5
2024,나바9144,in_age_076,5
2024,나바9144,in_age_077,5
2024,나바9144,in_age_078,0
2024,나바9144,to_in_001,132
2024,나바9144,to_in_007,97
2024,나바9144,to_in_008,33
2024,나바9145,in_age_003,5
2024,나바9145,in_age_004,5
2024,나바9145,in_age_005,10
2024,나바9145,in_age_006,5
2024,나바9145,in_age_007,5
2024,나바9145,in_age_008,5
2024,나바9145,in_age_009,0
2024,나바9145,in_age_010,5
2024,나바9145,in_age_011,0
2024,나바9145,in_age_013,5
2024,나바9145,in_age_033,0
2024,나바9145,in_age_034,5
2024,나바9145,in_age_035,10
2024,나바9145,in_age_036,5
2024,나바9145,in_age_037,5
2024,나바9145,in_age_040,5
2024,나바9145,in_age_041,0
2024,나바9145,in_age_043,0
2024,나바9145,in_age_063,0
2024,나바9145,in_age_064,0
2024,나바9145,in_age_066,0
2024,나바9145,in_age_067,0
2024,나바9145,in_age_068,5
2024,나바9145,in_age_069,0
2024,나바9145,in_age_073,0
2024,나바9145,to_in_001,38
2024,나바9145,to_in_007,28
2024,나바9145,to_in_008,8
2024,나바9146,in_age_001,5
2024,나바9146,in_age_002,8
2024,나바9146,in_age_003,5
2024,나바9146,in_age_004,5
2024,나바9146,in_age_005,5
2024,나바9146,in_age_006,5
2024,나바9146,in_age_007,0
2024,나바9146,in_age_008,5
2024,나바9146,in_age_009,8
2024,나바9146,in_age_010,5
2024,나바9146,in_age_011,8
2024,나바9146,in_age_012,5
2024,나바9146,in_age_013,8
2024,나바9146,in_age_014,5
2024,나바9146,in_age_015,8
2024,나바9146,in_age_016,5
2024,나바9146,in_age_018,5
2024,나바9146,in_age_033,0
2024,나바9146,in_age_034,5
2024,나바9146,in_age_035,5
2024,나바9146,in_age_036,5
2024,나바9146,in_age_038,5
2024,나바9146,in_age_039,5
2024,나바9146,in_age_040,0
2024,나바9146,in_age_041,5
2024,나바9146,in_age_042,5
2024,나바9146,in_age_043,8
2024,나바9146,in_age_044,5
2024,나바9146,in_age_045,8
2024,나바9146,in_age_061,5
2024,나바9146,in_age_062,8
2024,나바9146,in_age_063,0
2024,나바9146,in_age_064,0
2024,나바9146,in_age_065,0
2024,나바9146,in_age_067,0
2024,나바9146,in_age_069,5
2024,나바9146,in_age_070,0
2024,나바9146,in_age_071,5
2024,나바9146,in_age_072,5
2024,나바9146,in_age_073,5
2024,나바9146,in_age_074,0
2024,나바9146,in_age_075,5
2024,나바9146,in_age_076,5
2024,나바9146,in_age_078,5
2024,나바9146,to_in_001,53
2024,나바9146,to_in_007,28
2024,나바9146,to_in_008,28
2024,나바9147,in_age_010,0
2024,나바9147,in_age_011,5
2024,나바9147,in_age_012,5
2024,나바9147,in_age_013,5
2024,나바9147,in_age_014,5
2024,나바9147,in_age_015,8
2024,나바9147,in_age_016,0
2024,나바9147,in_age_017,0
2024,나바9147,in_age_041,5
2024,나바9147,in_age_042,0
2024,나바9147,in_age_043,0
2024,나바9147,in_age_044,0
2024,나바9147,in_age_045,5
2024,나바9147,in_age_046,0
2024,나바9147,in_age_070,0
2024,나바9147,in_age_072,0
2024,나바9147,in_age_073,5
2024,나바9147,in_age_074,5
2024,나바9147,in_age_075,5
2024,나바9147,in_age_077,0
2024,나바9147,to_in_001,18
2024,나바9147,to_in_007,8
2024,나바9147,to_in_008,13
2024,나바9152,in_age_009,0
2024,나바9152,in_age_011,5
2024,나바9152,in_age_013,0
2024,나바9152,in_age_014,5
2024,나바9152,in_age_039,0
2024,나바9152,in_age_041,0
2024,나바9152,in_age_044,5
2024,나바9152,in_age_071,0
2024,나바9152,in_age_073,0
2024,나바9152,to_in_001,8
2024,나바9152,to_in_007,5
2024,나바9152,to_in_008,5
2024,나바9153,in_age_002,0
2024,나바9153,in_age_003,0
2024,나바9153,in_age_004,5
2024,나바9153,in_age_005,5
2024,나바9153,in_age_006,5
2024,나바9153,in_age_007,5
2024,나바9153,in_age_008,5
2024,나바9153,in_age_009,5
2024,나바9153,in_age_010,8
2024,나바9153,in_age_011,8
2024,나바9153,in_age_012,8
2024,나바9153,in_age_013,13
2024,나바9153,in_age_014,23
2024,나바9153,in_age_015,18
2024,나바9153,in_age_016,8
2024,나바9153,in_age_017,8
2024,나바9153,in_age_018,5
2024,나바9153,in_age_020,0
2024,나바9153,in_age_033,0
2024,나바9153,in_age_034,5
2024,나바9153,in_age_035,0
2024,나바9153,in_age_036,5
2024,나바9153,in_age_037,5
2024,나바9153,in_age_039,5
2024,나바9153,in_age_040,5
2024,나바9153,in_age_041,5
2024,나바9153,in_age_042,5
2024,나바9153,in_age_043,8
2024,나바9153,in_age_044,13
2024,나바9153,in_age_045,8
2024,나바9153,in_age_046,8
2024,나바9153,in_age_047,5
2024,나바9153,in_age_048,0
2024,나바9153,in_age_062,0
2024,나바9153,in_age_065,0
2024,나바9153,in_age_066,0
2024,나바9153,in_age_067,5
2024,나바9153,in_age_068,5
2024,나바9153,in_age_069,0
2024,나바9153,in_age_070,5
2024,나바9153,in_age_071,5
2024,나바9153,in_age_072,8
2024,나바9153,in_age_073,8
2024,나바9153,in_age_074,8
2024,나바9153,in_age_075,13
2024,나바9153,in_age_076,0
2024,나바9153,in_age_077,5
2024,나바9153,in_age_078,5
2024,나바9153,in_age_080,0
2024,나바9153,to_in_001,108
2024,나바9153,to_in_007,53
2024,나바9153,to_in_008,58
2024,나바9154,in_age_002,5
2024,나바9154,in_age_003,8
2024,나바9154,in_age_004,5
2024,나바9154,in_age_005,5
2024,나바9154,in_age_006,5
2024,나바9154,in_age_007,5
2024,나바9154,in_age_008,8
2024,나바9154,in_age_009,8
2024,나바9154,in_age_010,13
2024,나바9154,in_age_011,8
2024,나바9154,in_age_012,18
2024,나바9154,in_age_013,23
2024,나바9154,in_age_014,23
2024,나바9154,in_age_015,23
2024,나바9154,in_age_016,18
2024,나바9154,in_age_017,13
2024,나바9154,in_age_018,8
2024,나바9154,in_age_019,5
2024,나바9154,in_age_020,5
2024,나바9154,in_age_032,0
2024,나바9154,in_age_033,5
2024,나바9154,in_age_034,5
2024,나바9154,in_age_035,0
2024,나바9154,in_age_036,5
2024,나바9154,in_age_037,5
2024,나바9154,in_age_038,5
2024,나바9154,in_age_039,5
2024,나바9154,in_age_040,8
2024,나바9154,in_age_041,8
2024,나바9154,in_age_042,8
2024,나바9154,in_age_043,8
2024,나바9154,in_age_044,8
2024,나바9154,in_age_045,13
2024,나바9154,in_age_046,8
2024,나바9154,in_age_047,5
2024,나바9154,in_age_048,5
2024,나바9154,in_age_049,5
2024,나바9154,in_age_062,5
2024,나바9154,in_age_063,8
2024,나바9154,in_age_064,5
2024,나바9154,in_age_065,5
2024,나바9154,in_age_066,5
2024,나바9154,in_age_067,0
2024,나바9154,in_age_068,5
2024,나바9154,in_age_069,5
2024,나바9154,in_age_070,8
2024,나바9154,in_age_071,5
2024,나바9154,in_age_072,8
2024,나바9154,in_age_073,18
2024,나바9154,in_age_074,13
2024,나바9154,in_age_075,13
2024,나바9154,in_age_076,8
2024,나바9154,in_age_077,13
2024,나바9154,in_age_078,5
2024,나바9154,in_age_079,0
2024,나바9154,in_age_080,5
2024,나바9154,to_in_001,198
2024,나바9154,to_in_007,93
2024,나바9154,to_in_008,103
2024,나바9155,in_age_002,0
2024,나바9155,in_age_003,0
2024,나바9155,in_age_006,0
2024,나바9155,in_age_007,5
2024,나바9155,in_age_008,5
2024,나바9155,in_age_009,5
2024,나바9155,in_age_010,8
2024,나바9155,in_age_011,5
2024,나바9155,in_age_012,8
2024,나바9155,in_age_013,18
2024,나바9155,in_age_014,13
2024,나바9155,in_age_015,8
2024,나바9155,in_age_016,8
2024,나바9155,in_age_017,8
2024,나바9155,in_age_018,8
2024,나바9155,in_age_019,0
2024,나바9155,in_age_032,0
2024,나바9155,in_age_033,0
2024,나바9155,in_age_036,0
2024,나바9155,in_age_037,5
2024,나바9155,in_age_039,0
2024,나바9155,in_age_040,8
2024,나바9155,in_age_042,5
2024,나바9155,in_age_043,8
2024,나바9155,in_age_044,8
2024,나바9155,in_age_045,8
2024,나바9155,in_age_046,5
2024,나바9155,in_age_047,8
2024,나바9155,in_age_068,5
2024,나바9155,in_age_069,5
2024,나바9155,in_age_070,5
2024,나바9155,in_age_071,5
2024,나바9155,in_age_072,8
2024,나바9155,in_age_073,8
2024,나바9155,in_age_074,5
2024,나바9155,in_age_075,5
2024,나바9155,in_age_076,5
2024,나바9155,in_age_077,0
2024,나바9155,in_age_078,8
2024,나바9155,in_age_079,0
2024,나바9155,to_in_001,78
2024,나바9155,to_in_007,38
2024,나바9155,to_in_008,38
2024,나바9156,in_age_001,5
2024,나바9156,in_age_003,5
2024,나바9156,in_age_006,8
2024,나바9156,in_age_007,5
2024,나바9156,in_age_008,5
2024,나바9156,in_age_009,8
2024,나바9156,in_age_010,5
2024,나바9156,in_age_011,8
2024,나바9156,in_age_012,13
2024,나바9156,in_age_013,18
2024,나바9156,in_age_014,18
2024,나바9156,in_age_015,18
2024,나바9156,in_age_016,8
2024,나바9156,in_age_017,13
2024,나바9156,in_age_018,8
2024,나바9156,in_age_019,5
2024,나바9156,in_age_036,8
2024,나바9156,in_age_037,5
2024,나바9156,in_age_038,5
2024,나바9156,in_age_039,5
2024,나바9156,in_age_040,5
2024,나바9156,in_age_041,5
2024,나바9156,in_age_042,8
2024,나바9156,in_age_043,8
2024,나바9156,in_age_044,5
2024,나바9156,in_age_045,13
2024,나바9156,in_age_046,8
2024,나바9156,in_age_047,5
2024,나바9156,in_age_048,5
2024,나바9156,in_age_049,5
2024,나바9156,in_age_061,5
2024,나바9156,in_age_063,5
2024,나바9156,in_age_067,0
2024,나바9156,in_age_069,5
2024,나바9156,in_age_070,5
2024,나바9156,in_age_071,5
2024,나바9156,in_age_072,5
2024,나바9156,in_age_073,8
2024,나바9156,in_age_074,13
2024,나바9156,in_age_075,8
2024,나바9156,in_age_076,5
2024,나바9156,in_age_077,13
2024,나바9156,in_age_078,8
2024,나바9156,in_age_079,5
2024,나바9156,to_in_001,136
2024,나바9156,to_in_007,71
2024,나바9156,to_in_008,63
2024,나바9157,in_age_004,5
2024,나바9157,in_age_005,5
2024,나바9157,in_age_009,5
2024,나바9157,in_age_010,5
2024,나바9157,in_age_011,5
2024,나바9157,in_age_012,8
2024,나바9157,in_age_013,13
2024,나바9157,in_age_014,13
2024,나바9157,in_age_015,13
2024,나바9157,in_age_016,8
2024,나바9157,in_age_017,8
2024,나바9157,in_age_018,8
2024,나바9157,in_age_019,5
2024,나바9157,in_age_020,0
2024,나바9157,in_age_035,5
2024,나바9157,in_age_039,5
2024,나바9157,in_age_041,5
2024,나바9157,in_age_042,5
2024,나바9157,in_age_043,8
2024,나바9157,in_age_044,8
2024,나바9157,in_age_045,8
2024,나바9157,in_age_046,5
2024,나바9157,in_age_047,5
2024,나바9157,in_age_048,0
2024,나바9157,in_age_050,0
2024,나바9157,in_age_064,5
2024,나바9157,in_age_065,0
2024,나바9157,in_age_069,0
2024,나바9157,in_age_070,5
2024,나바9157,in_age_071,0
2024,나바9157,in_age_072,5
2024,나바9157,in_age_073,8
2024,나바9157,in_age_074,5
2024,나바9157,in_age_075,5
2024,나바9157,in_age_076,5
2024,나바9157,in_age_077,5
2024,나바9157,in_age_078,5
2024,나바9157,in_age_079,5
2024,나바9157,to_in_001,73
2024,나바9157,to_in_007,33
2024,나바9157,to_in_008,38
2024,나바9158,in_age_001,5
2024,나바9158,in_age_004,5
2024,나바9158,in_age_005,5
2024,나바9158,in_age_006,0
2024,나바9158,in_age_007,5
2024,나바9158,in_age_008,5
2024,나바9158,in_age_010,5
2024,나바9158,in_age_011,8
2024,나바9158,in_age_012,8
2024,나바9158,in_age_013,18
2024,나바9158,in_age_014,13
2024,나바9158,in_age_015,8
2024,나바9158,in_age_016,8
2024,나바9158,in_age_017,5
2024,나바9158,in_age_018,8
2024,나바9158,in_age_019,5
2024,나바9158,in_age_020,5
2024,나바9158,in_age_031,0
2024,나바9158,in_age_034,0
2024,나바9158,in_age_035,5
2024,나바9158,in_age_036,0
2024,나바9158,in_age_037,5
2024,나바9158,in_age_038,5
2024,나바9158,in_age_041,8
2024,나바9158,in_age_042,8
2024,나바9158,in_age_043,8
2024,나바9158,in_age_044,8
2024,나바9158,in_age_045,5
2024,나바9158,in_age_046,5
2024,나바9158,in_age_047,0
2024,나바9158,in_age_048,5
2024,나바9158,in_age_049,0
2024,나바9158,in_age_061,0
2024,나바9158,in_age_064,5
2024,나바9158,in_age_065,0
2024,나바9158,in_age_067,5
2024,나바9158,in_age_068,0
2024,나바9158,in_age_070,5
2024,나바9158,in_age_071,5
2024,나바9158,in_age_072,5
2024,나바9158,in_age_073,8
2024,나바9158,in_age_074,8
2024,나바9158,in_age_075,5
2024,나바9158,in_age_076,5
2024,나바9158,in_age_077,5
2024,나바9158,in_age_078,8
2024,나바9158,in_age_079,5
2024,나바9158,in_age_080,5
2024,나바9158,to_in_001,108
2024,나바9158,to_in_007,48
2024,나바9158,to_in_008,58
2024,나바9159,in_age_002,0
2024,나바9159,in_age_003,0
2024,나바9159,in_age_004,5
2024,나바9159,in_age_005,8
2024,나바9159,in_age_006,8
2024,나바9159,in_age_007,12
2024,나바9159,in_age_008,8
2024,나바9159,in_age_009,5
2024,나바9159,in_age_010,8
2024,나바9159,in_age_011,13
2024,나바9159,in_age_012,8
2024,나바9159,in_age_013,8
2024,나바9159,in_age_014,8
2024,나바9159,in_age_015,8
2024,나바9159,in_age_016,5
2024,나바9159,in_age_017,5
2024,나바9159,in_age_018,8
2024,나바9159,in_age_019,5
2024,나바9159,in_age_034,5
2024,나바9159,in_age_035,5
2024,나바9159,in_age_036,5
2024,나바9159,in_age_037,5
2024,나바9159,in_age_038,5
2024,나바9159,in_age_039,5
2024,나바9159,in_age_040,5
2024,나바9159,in_age_041,5
2024,나바9159,in_age_042,5
2024,나바9159,in_age_043,5
2024,나바9159,in_age_044,5
2024,나바9159,in_age_045,5
2024,나바9159,in_age_047,5
2024,나바9159,in_age_048,0
2024,나바9159,in_age_062,0
2024,나바9159,in_age_063,0
2024,나바9159,in_age_064,5
2024,나바9159,in_age_065,8
2024,나바9159,in_age_066,5
2024,나바9159,in_age_067,7
2024,나바9159,in_age_068,5
2024,나바9159,in_age_069,5
2024,나바9159,in_age_070,5
2024,나바9159,in_age_071,8
2024,나바9159,in_age_072,8
2024,나바9159,in_age_073,8
2024,나바9159,in_age_074,5
2024,나바9159,in_age_075,5
2024,나바9159,in_age_076,5
2024,나바9159,in_age_077,5
2024,나바9159,in_age_078,8
2024,나바9159,in_age_079,5
2024,나바9159,to_in_001,110
2024,나바9159,to_in_007,48
2024,나바9159,to_in_008,65
2024,나바9160,in_age_001,5
2024,나바9160,in_age_002,0
2024,나바9160,in_age_003,5
2024,나바9160,in_age_004,5
2024,나바9160,in_age_005,0
2024,나바9160,in_age_006,5
2024,나바9160,in_age_007,5
2024,나바9160,in_age_008,5
2024,나바9160,in_age_009,0
2024,나바9160,in_age_010,5
2024,나바9160,in_age_011,5
2024,나바9160,in_age_012,13
2024,나바9160,in_age_013,18
2024,나바9160,in_age_014,8
2024,나바9160,in_age_015,8
2024,나바9160,in_age_016,8
2024,나바9160,in_age_017,5
2024,나바9160,in_age_018,5
2024,나바9160,in_age_019,0
2024,나바9160,in_age_031,0
2024,나바9160,in_age_034,5
2024,나바9160,in_age_035,0
2024,나바9160,in_age_036,0
2024,나바9160,in_age_037,5
2024,나바9160,in_age_038,5
2024,나바9160,in_age_040,5
2024,나바9160,in_age_041,5
2024,나바9160,in_age_042,8
2024,나바9160,in_age_043,8
2024,나바9160,in_age_044,5
2024,나바9160,in_age_045,5
2024,나바9160,in_age_046,5
2024,나바9160,in_age_047,0
2024,나바9160,in_age_061,0
2024,나바9160,in_age_062,0
2024,나바9160,in_age_063,5
2024,나바9160,in_age_066,0
2024,나바9160,in_age_067,5
2024,나바9160,in_age_068,0
2024,나바9160,in_age_069,0
2024,나바9160,in_age_070,5
2024,나바9160,in_age_071,0
2024,나바9160,in_age_072,8
2024,나바9160,in_age_073,8
2024,나바9160,in_age_074,5
2024,나바9160,in_age_075,5
2024,나바9160,in_age_076,5
2024,나바9160,in_age_077,5
2024,나바9160,in_age_078,5
2024,나바9160,in_age_079,0
2024,나바9160,to_in_001,83
2024,나바9160,to_in_007,43
2024,나바9160,to_in_008,38
2024,나바9161,in_age_002,5
2024,나바9161,in_age_003,5
2024,나바9161,in_age_005,0
2024,나바9161,in_age_006,5
2024,나바9161,in_age_007,8
2024,나바9161,in_age_008,0
2024,나바9161,in_age_009,8
2024,나바9161,in_age_010,0
2024,나바9161,in_age_011,8
2024,나바9161,in_age_012,18
2024,나바9161,in_age_013,13
2024,나바9161,in_age_014,13
2024,나바9161,in_age_015,5
2024,나바9161,in_age_016,8
2024,나바9161,in_age_017,8
2024,나바9161,in_age_018,8
2024,나바9161,in_age_032,5
2024,나바9161,in_age_033,5
2024,나바9161,in_age_035,0
2024,나바9161,in_age_037,8
2024,나바9161,in_age_038,0
2024,나바9161,in_age_039,8
2024,나바9161,in_age_041,5
2024,나바9161,in_age_042,8
2024,나바9161,in_age_043,8
2024,나바9161,in_age_044,8
2024,나바9161,in_age_045,5
2024,나바9161,in_age_046,5
2024,나바9161,in_age_047,5
2024,나바9161,in_age_048,5
2024,나바9161,in_age_066,5
2024,나바9161,in_age_067,0
2024,나바9161,in_age_069,0
2024,나바9161,in_age_070,0
2024,나바9161,in_age_071,0
2024,나바9161,in_age_072,13
2024,나바9161,in_age_073,8
2024,나바9161,in_age_074,8
2024,나바9161,in_age_075,5
2024,나바9161,in_age_076,5
2024,나바9161,in_age_077,8
2024,나바9161,in_age_078,8
2024,나바9161,to_in_001,98
2024,나바9161,to_in_007,48
2024,나바9161,to_in_008,48
2024,나바9162,in_age_001,5
2024,나바9162,in_age_002,0
2024,나바9162,in_age_003,5
2024,나바9162,in_age_004,5
2024,나바9162,in_age_005,5
2024,나바9162,in_age_006,5
2024,나바9162,in_age_007,8
2024,나바9162,in_age_008,8
2024,나바9162,in_age_009,8
2024,나바9162,in_age_010,13
2024,나바9162,in_age_011,18
2024,나바9162,in_age_012,23
2024,나바9162,in_age_013,28
2024,나바9162,in_age_014,18
2024,나바9162,in_age_015,13
2024,나바9162,in_age_016,18
2024,나바9162,in_age_017,18
2024,나바9162,in_age_018,8
2024,나바9162,in_age_019,5
2024,나바9162,in_age_033,0
2024,나바9162,in_age_034,5
2024,나바9162,in_age_035,5
2024,나바9162,in_age_037,8
2024,나바9162,in_age_038,5
2024,나바9162,in_age_039,5
2024,나바9162,in_age_040,8
2024,나바9162,in_age_041,13
2024,나바9162,in_age_042,13
2024,나바9162,in_age_043,18
2024,나바9162,in_age_044,8
2024,나바9162,in_age_045,8
2024,나바9162,in_age_046,8
2024,나바9162,in_age_047,8
2024,나바9162,in_age_048,5
2024,나바9162,in_age_049,5
2024,나바9162,in_age_061,5
2024,나바9162,in_age_062,0
2024,나바9162,in_age_063,5
2024,나바9162,in_age_064,5
2024,나바9162,in_age_065,5
2024,나바9162,in_age_066,5
2024,나바9162,in_age_067,5
2024,나바9162,in_age_068,8
2024,나바9162,in_age_069,5
2024,나바9162,in_age_070,8
2024,나바9162,in_age_071,5
2024,나바9162,in_age_072,13
2024,나바9162,in_age_073,8
2024,나바9162,in_age_074,8
2024,나바9162,in_age_075,8
2024,나바9162,in_age_076,13
2024,나바9162,in_age_077,8
2024,나바9162,in_age_078,8
2024,나바9162,in_age_079,5
2024,나바9162,to_in_001,203
2024,나바9162,to_in_007,103
2024,나바9162,to_in_008,103
2024,나바9163,in_age_001,8
2024,나바9163,in_age_002,13
2024,나바9163,in_age_003,8
2024,나바9163,in_age_004,34
2024,나바9163,in_age_005,8
2024,나바9163,in_age_006,5
2024,나바9163,in_age_007,8
2024,나바9163,in_age_008,18
2024,나바9163,in_age_009,13
2024,나바9163,in_age_010,13
2024,나바9163,in_age_011,13
2024,나바9163,in_age_012,23
2024,나바9163,in_age_013,18
2024,나바9163,in_age_014,23
2024,나바9163,in_age_015,23
2024,나바9163,in_age_016,8
2024,나바9163,in_age_017,13
2024,나바9163,in_age_018,5
2024,나바9163,in_age_019,8
2024,나바9163,in_age_020,5
2024,나바9163,in_age_031,0
2024,나바9163,in_age_032,8
2024,나바9163,in_age_033,0
2024,나바9163,in_age_034,5
2024,나바9163,in_age_035,8
2024,나바9163,in_age_036,5
2024,나바9163,in_age_037,5
2024,나바9163,in_age_038,8
2024,나바9163,in_age_039,8
2024,나바9163,in_age_040,5
2024,나바9163,in_age_041,8
2024,나바9163,in_age_042,8
2024,나바9163,in_age_043,8
2024,나바9163,in_age_044,13
2024,나바9163,in_age_045,13
2024,나바9163,in_age_046,8
2024,나바9163,in_age_047,8
2024,나바9163,in_age_048,5
2024,나바9163,in_age_061,8
2024,나바9163,in_age_062,5
2024,나바9163,in_age_063,8
2024,나바9163,in_age_064,31
2024,나바9163,in_age_065,0
2024,나바9163,in_age_066,0
2024,나바9163,in_age_067,5
2024,나바9163,in_age_068,13
2024,나바9163,in_age_069,8
2024,나바9163,in_age_070,8
2024,나바9163,in_age_071,5
2024,나바9163,in_age_072,13
2024,나바9163,in_age_073,8
2024,나바9163,in_age_074,8
2024,나바9163,in_age_075,8
2024,나바9163,in_age_076,5
2024,나바9163,in_age_077,5
2024,나바9163,in_age_079,8
2024,나바9163,in_age_080,5
2024,나바9163,to_in_001,254
2024,나바9163,to_in_007,113
2024,나바9163,to_in_008,139
2024,나바9164,in_age_001,8
2024,나바9164,in_age_002,8
2024,나바9164,in_age_003,24
2024,나바9164,in_age_004,18
2024,나바9164,in_age_005,23
2024,나바9164,in_age_006,29
2024,나바9164,in_age_007,28
2024,나바9164,in_age_008,24
2024,나바9164,in_age_009,48
2024,나바9164,in_age_010,48
2024,나바9164,in_age_011,67
2024,나바9164,in_age_012,72
2024,나바9164,in_age_013,77
2024,나바9164,in_age_014,77
2024,나바9164,in_age_015,63
2024,나바9164,in_age_016,45
2024,나바9164,in_age_017,36
2024,나바9164,in_age_018,23
2024,나바9164,in_age_019,8
2024,나바9164,in_age_020,0
2024,나바9164,in_age_031,5
2024,나바9164,in_age_032,8
2024,나바9164,in_age_033,14
2024,나바9164,in_age_034,13
2024,나바9164,in_age_035,13
2024,나바9164,in_age_036,19
2024,나바9164,in_age_037,18
2024,나바9164,in_age_038,18
2024,나바9164,in_age_039,28
2024,나바9164,in_age_040,23
2024,나바9164,in_age_041,39
2024,나바9164,in_age_042,39
2024,나바9164,in_age_043,41
2024,나바9164,in_age_044,35
2024,나바9164,in_age_045,26
2024,나바9164,in_age_046,21
2024,나바9164,in_age_047,20
2024,나바9164,in_age_048,8
2024,나바9164,in_age_049,5
2024,나바9164,in_age_050,0
2024,나바9164,in_age_061,5
2024,나바9164,in_age_062,5
2024,나바9164,in_age_063,8
2024,나바9164,in_age_064,8
2024,나바9164,in_age_065,8
2024,나바9164,in_age_066,8
2024,나바9164,in_age_067,8
2024,나바9164,in_age_068,11
2024,나바9164,in_age_069,18
2024,나바9164,in_age_070,23
2024,나바9164,in_age_071,31
2024,나바9164,in_age_072,31
2024,나바9164,in_age_073,39
2024,나바9164,in_age_074,40
2024,나바9164,in_age_075,35
2024,나바9164,in_age_076,22
2024,나바9164,in_age_077,14
2024,나바9164,in_age_078,18
2024,나바9164,in_age_079,5
2024,나바9164,to_in_001,717
2024,나바9164,to_in_007,390
2024,나바9164,to_in_008,325
2024,나바9165,in_age_002,8
2024,나바9165,in_age_003,8
2024,나바9165,in_age_004,8
2024,나바9165,in_age_005,5
2024,나바9165,in_age_006,8
2024,나바9165,in_age_007,5
2024,나바9165,in_age_008,5
2024,나바9165,in_age_009,15
2024,나바9165,in_age_010,13
2024,나바9165,in_age_011,13
2024,나바9165,in_age_012,18
2024,나바9165,in_age_013,31
2024,나바9165,in_age_014,23
2024,나바9165,in_age_015,18
2024,나바9165,in_age_016,13
2024,나바9165,in_age_017,8
2024,나바9165,in_age_018,5
2024,나바9165,in_age_019,5
2024,나바9165,in_age_020,5
2024,나바9165,in_age_032,5
2024,나바9165,in_age_033,0
2024,나바9165,in_age_034,5
2024,나바9165,in_age_035,5
2024,나바9165,in_age_036,5
2024,나바9165,in_age_037,5
2024,나바9165,in_age_038,0
2024,나바9165,in_age_039,8
2024,나바9165,in_age_040,8
2024,나바9165,in_age_041,8
2024,나바9165,in_age_042,13
2024,나바9165,in_age_043,16
2024,나바9165,in_age_044,13
2024,나바9165,in_age_045,8
2024,나바9165,in_age_046,8
2024,나바9165,in_age_047,5
2024,나바9165,in_age_048,0
2024,나바9165,in_age_062,5
2024,나바9165,in_age_063,5
2024,나바9165,in_age_064,5
2024,나바9165,in_age_065,5
2024,나바9165,in_age_066,5
2024,나바9165,in_age_068,5
2024,나바9165,in_age_069,15
2024,나바9165,in_age_070,8
2024,나바9165,in_age_071,8
2024,나바9165,in_age_072,8
2024,나바9165,in_age_073,13
2024,나바9165,in_age_074,13
2024,나바9165,in_age_075,8
2024,나바9165,in_age_076,5
2024,나바9165,in_age_077,5
2024,나바9165,in_age_078,5
2024,나바9165,in_age_079,5
2024,나바9165,in_age_080,5
2024,나바9165,to_in_001,203
2024,나바9165,to_in_007,101
2024,나바9165,to_in_008,105
2024,나바9166,in_age_003,0
2024,나바9166,in_age_004,5
2024,나바9166,in_age_005,5
2024,나바9166,in_age_008,5
2024,나바9166,in_age_009,5
2024,나바9166,in_age_010,5
2024,나바9166,in_age_011,5
2024,나바9166,in_age_012,8
2024,나바9166,in_age_013,13
2024,나바9166,in_age_014,8
2024,나바9166,in_age_015,8
2024,나바9166,in_age_016,5
2024,나바9166,in_age_017,5
2024,나바9166,in_age_018,5
2024,나바9166,in_age_019,0
2024,나바9166,in_age_021,0
2024,나바9166,in_age_033,0
2024,나바9166,in_age_034,0
2024,나바9166,in_age_038,0
2024,나바9166,in_age_039,0
2024,나바9166,in_age_040,0
2024,나바9166,in_age_041,5
2024,나바9166,in_age_042,5
2024,나바9166,in_age_043,8
2024,나바9166,in_age_044,5
2024,나바9166,in_age_045,5
2024,나바9166,in_age_046,5
2024,나바9166,in_age_047,0
2024,나바9166,in_age_048,0
2024,나바9166,in_age_049,0
2024,나바9166,in_age_064,0
2024,나바9166,in_age_065,5
2024,나바9166,in_age_068,5
2024,나바9166,in_age_069,5
2024,나바9166,in_age_070,5
2024,나바9166,in_age_071,5
2024,나바9166,in_age_072,5
2024,나바9166,in_age_073,8
2024,나바9166,in_age_074,5
2024,나바9166,in_age_075,0
2024,나바9166,in_age_076,0
2024,나바9166,in_age_077,5
2024,나바9166,in_age_078,5
2024,나바9166,in_age_081,0
2024,나바9166,to_in_001,63
2024,나바9166,to_in_007,28
2024,나바9166,to_in_008,33
2024,나바9167,in_age_006,5
2024,나바9167,in_age_011,5
2024,나바9167,in_age_013,0
2024,나바9167,in_age_014,0
2024,나바9167,in_age_015,5
2024,나바9167,in_age_016,0
2024,나바9167,in_age_041,0
2024,나바9167,in_age_043,0
2024,나바9167,in_age_045,5
2024,나바9167,in_age_046,0
2024,나바9167,in_age_066,5
2024,나바9167,in_age_071,0
2024,나바9167,in_age_074,0
2024,나바9167,in_age_075,5
2024,나바9167,to_in_001,8
2024,나바9167,to_in_007,5
2024,나바9167,to_in_008,5
2024,나바9168,in_age_002,0
2024,나바9168,in_age_004,5
2024,나바9168,in_age_005,5
2024,나바9168,in_age_009,5
2024,나바9168,in_age_010,5
2024,나바9168,in_age_012,5
2024,나바9168,in_age_013,5
2024,나바9168,in_age_014,8
2024,나바9168,in_age_015,0
2024,나바9168,in_age_016,0
2024,나바9168,in_age_017,0
2024,나바9168,in_age_018,0
2024,나바9168,in_age_034,0
2024,나바9168,in_age_039,0
2024,나바9168,in_age_040,5
2024,나바9168,in_age_043,5
2024,나바9168,in_age_044,5
2024,나바9168,in_age_045,0
2024,나바9168,in_age_047,0
2024,나바9168,in_age_062,0
2024,나바9168,in_age_064,5
2024,나바9168,in_age_065,5
2024,나바9168,in_age_069,5
2024,나바9168,in_age_072,5
2024,나바9168,in_age_073,5
2024,나바9168,in_age_074,5
2024,나바9168,in_age_076,0
2024,나바9168,in_age_078,0
2024,나바9168,to_in_001,28
2024,나바9168,to_in_007,13
2024,나바9168,to_in_008,13
2024,나바9169,in_age_003,0
2024,나바9169,in_age_004,0
2024,나바9169,in_age_009,0
2024,나바9169,in_age_010,5
2024,나바9169,in_age_011,5
2024,나바9169,in_age_012,5
2024,나바9169,in_age_013,8
2024,나바9169,in_age_014,8
2024,나바9169,in_age_015,0
2024,나바9169,in_age_016,5
2024,나바9169,in_age_017,5
2024,나바9169,in_age_033,0
2024,나바9169,in_age_034,0
2024,나바9169,in_age_039,0
2024,나바9169,in_age_040,5
2024,나바9169,in_age_042,0
2024,나바9169,in_age_043,5
2024,나바9169,in_age_044,8
2024,나바9169,in_age_045,0
2024,나바9169,in_age_046,5
2024,나바9169,in_age_047,0
2024,나바9169,in_age_071,5
2024,나바9169,in_age_072,5
2024,나바9169,in_age_073,5
2024,나바9169,in_age_076,0
2024,나바9169,in_age_077,0
2024,나바9169,to_in_001,28
2024,나바9169,to_in_007,18
2024,나바9169,to_in_008,8
2024,나바9170,in_age_003,5
2024,나바9170,in_age_009,0
2024,나바9170,in_age_011,5
2024,나바9170,in_age_012,8
2024,나바9170,in_age_014,0
2024,나바9170,in_age_015,5
2024,나바9170,in_age_017,5
2024,나바9170,in_age_033,0
2024,나바9170,in_age_039,0
2024,나바9170,in_age_042,8
2024,나바9170,in_age_045,5
2024,나바9170,in_age_047,0
2024,나바9170,in_age_063,5
2024,나바9170,in_age_071,5
2024,나바9170,in_age_072,5
2024,나바9170,in_age_074,0
2024,나바9170,in_age_075,0
2024,나바9170,in_age_077,5
2024,나바9170,to_in_001,18
2024,나바9170,to_in_007,8
2024,나바9170,to_in_008,8
2024,나바9171,in_age_008,5
2024,나바9171,in_age_010,5
2024,나바9171,in_age_011,5
2024,나바9171,in_age_012,5
2024,나바9171,in_age_013,8
2024,나바9171,in_age_014,8
2024,나바9171,in_age_015,8
2024,나바9171,in_age_017,5
2024,나바9171,in_age_018,5
2024,나바9171,in_age_019,0
2024,나바9171,in_age_038,5
2024,나바9171,in_age_040,5
2024,나바9171,in_age_041,0
2024,나바9171,in_age_042,5
2024,나바9171,in_age_043,5
2024,나바9171,in_age_044,5
2024,나바9171,in_age_045,5
2024,나바9171,in_age_047,0
2024,나바9171,in_age_048,0
2024,나바9171,in_age_070,5
2024,나바9171,in_age_071,5
2024,나바9171,in_age_072,0
2024,나바9171,in_age_073,5
2024,나바9171,in_age_074,8
2024,나바9171,in_age_075,5
2024,나바9171,in_age_077,5
2024,나바9171,in_age_078,5
2024,나바9171,in_age_079,0
2024,나바9171,to_in_001,48
2024,나바9171,to_in_007,23
2024,나바9171,to_in_008,23
2024,나바9172,in_age_010,0
2024,나바9172,in_age_011,0
2024,나바9172,in_age_012,0
2024,나바9172,in_age_013,5
2024,나바9172,in_age_014,5
2024,나바9172,in_age_015,5
2024,나바9172,in_age_016,8
2024,나바9172,in_age_017,5
2024,나바9172,in_age_018,5
2024,나바9172,in_age_040,0
2024,나바9172,in_age_041,0
2024,나바9172,in_age_042,0
2024,나바9172,in_age_044,0
2024,나바9172,in_age_045,5
2024,나바9172,in_age_046,5
2024,나바9172,in_age_047,5
2024,나바9172,in_age_048,0
2024,나바9172,in_age_073,5
2024,나바9172,in_age_074,5
2024,나바9172,in_age_075,0
2024,나바9172,in_age_076,5
2024,나바9172,in_age_078,0
2024,나바9172,to_in_001,18
2024,나바9172,to_in_007,8
2024,나바9172,to_in_008,8
2024,나바9173,in_age_005,5
2024,나바9173,in_age_006,5
2024,나바9173,in_age_007,5
2024,나바9173,in_age_008,5
2024,나바9173,in_age_009,5
2024,나바9173,in_age_010,0
2024,나바9173,in_age_011,0
2024,나바9173,in_age_012,5
2024,나바9173,in_age_013,8
2024,나바9173,in_age_014,13
2024,나바9173,in_age_015,8
2024,나바9173,in_age_016,5
2024,나바9173,in_age_017,5
2024,나바9173,in_age_018,0
2024,나바9173,in_age_035,5
2024,나바9173,in_age_036,0
2024,나바9173,in_age_037,5
2024,나바9173,in_age_038,5
2024,나바9173,in_age_039,5
2024,나바9173,in_age_040,0
2024,나바9173,in_age_041,0
2024,나바9173,in_age_043,8
2024,나바9173,in_age_044,5
2024,나바9173,in_age_045,5
2024,나바9173,in_age_046,0
2024,나바9173,in_age_047,5
2024,나바9173,in_age_048,0
2024,나바9173,in_age_065,0
2024,나바9173,in_age_066,0
2024,나바9173,in_age_067,0
2024,나바9173,in_age_068,0
2024,나바9173,in_age_069,0
2024,나바9173,in_age_072,5
2024,나바9173,in_age_073,5
2024,나바9173,in_age_074,8
2024,나바9173,in_age_075,5
2024,나바9173,in_age_076,5
2024,나바9173,in_age_077,5
2024,나바9173,to_in_001,53
2024,나바9173,to_in_007,28
2024,나바9173,to_in_008,28
2024,나바9174,in_age_011,8
2024,나바9174,in_age_012,5
2024,나바9174,in_age_013,5
2024,나바9174,in_age_014,0
2024,나바9174,in_age_017,5
2024,나바9174,in_age_041,5
2024,나바9174,in_age_043,5
2024,나바9174,in_age_047,0
2024,나바9174,in_age_071,5
2024,나바9174,in_age_072,5
2024,나바9174,in_age_074,0
2024,나바9174,in_age_077,5
2024,나바9174,to_in_001,13
2024,나바9174,to_in_007,8
2024,나바9174,to_in_008,8
2024,나바9175,in_age_002,5
2024,나바9175,in_age_003,5
2024,나바9175,in_age_004,0
2024,나바9175,in_age_005,5
2024,나바9175,in_age_006,5
2024,나바9175,in_age_007,8
2024,나바9175,in_age_008,5
2024,나바9175,in_age_009,5
2024,나바9175,in_age_010,8
2024,나바9175,in_age_011,5
2024,나바9175,in_age_012,8
2024,나바9175,in_age_013,13
2024,나바9175,in_age_014,23
2024,나바9175,in_age_015,8
2024,나바9175,in_age_016,13
2024,나바9175,in_age_017,8
2024,나바9175,in_age_018,13
2024,나바9175,in_age_019,8
2024,나바9175,in_age_035,5
2024,나바9175,in_age_036,5
2024,나바9175,in_age_037,5
2024,나바9175,in_age_039,0
2024,나바9175,in_age_040,5
2024,나바9175,in_age_041,5
2024,나바9175,in_age_042,5
2024,나바9175,in_age_043,8
2024,나바9175,in_age_044,8
2024,나바9175,in_age_045,8
2024,나바9175,in_age_046,8
2024,나바9175,in_age_047,8
2024,나바9175,in_age_048,5
2024,나바9175,in_age_049,5
2024,나바9175,in_age_062,5
2024,나바9175,in_age_063,5
2024,나바9175,in_age_064,0
2024,나바9175,in_age_065,0
2024,나바9175,in_age_066,0
2024,나바9175,in_age_067,5
2024,나바9175,in_age_068,5
2024,나바9175,in_age_069,0
2024,나바9175,in_age_070,5
2024,나바9175,in_age_071,0
2024,나바9175,in_age_072,5
2024,나바9175,in_age_073,8
2024,나바9175,in_age_074,13
2024,나바9175,in_age_075,8
2024,나바9175,in_age_076,8
2024,나바9175,in_age_077,5
2024,나바9175,in_age_078,8
2024,나바9175,in_age_079,5
2024,나바9175,to_in_001,123
2024,나바9175,to_in_007,53
2024,나바9175,to_in_008,73
2024,나바9176,in_age_004,0
2024,나바9176,in_age_005,0
2024,나바9176,in_age_006,5
2024,나바9176,in_age_007,5
2024,나바9176,in_age_008,5
2024,나바9176,in_age_010,0
2024,나바9176,in_age_011,0
2024,나바9176,in_age_012,5
2024,나바9176,in_age_013,8
2024,나바9176,in_age_014,8
2024,나바9176,in_age_015,13
2024,나바9176,in_age_016,8
2024,나바9176,in_age_017,8
2024,나바9176,in_age_018,5
2024,나바9176,in_age_034,0
2024,나바9176,in_age_035,0
2024,나바9176,in_age_036,5
2024,나바9176,in_age_037,5
2024,나바9176,in_age_038,5
2024,나바9176,in_age_040,0
2024,나바9176,in_age_041,0
2024,나바9176,in_age_043,5
2024,나바9176,in_age_044,8
2024,나바9176,in_age_045,5
2024,나바9176,in_age_046,5
2024,나바9176,in_age_047,5
2024,나바9176,in_age_048,5
2024,나바9176,in_age_072,5
2024,나바9176,in_age_073,5
2024,나바9176,in_age_074,5
2024,나바9176,in_age_075,8
2024,나바9176,in_age_076,5
2024,나바9176,in_age_077,8
2024,나바9176,in_age_078,5
2024,나바9176,to_in_001,58
2024,나바9176,to_in_007,28
2024,나바9176,to_in_008,33
2024,나바9177,in_age_003,5
2024,나바9177,in_age_004,5
2024,나바9177,in_age_006,0
2024,나바9177,in_age_007,0
2024,나바9177,in_age_008,5
2024,나바9177,in_age_009,5
2024,나바9177,in_age_010,5
2024,나바9177,in_age_011,0
2024,나바9177,in_age_012,8
2024,나바9177,in_age_013,5
2024,나바9177,in_age_014,8
2024,나바9177,in_age_015,8
2024,나바9177,in_age_016,5
2024,나바9177,in_age_017,8
2024,나바9177,in_age_018,5
2024,나바9177,in_age_019,5
2024,나바9177,in_age_020,0
2024,나바9177,in_age_033,0
2024,나바9177,in_age_034,0
2024,나바9177,in_age_036,0
2024,나바9177,in_age_038,0
2024,나바9177,in_age_039,5
2024,나바9177,in_age_041,0
2024,나바9177,in_age_042,5
2024,나바9177,in_age_043,5
2024,나바9177,in_age_044,5
2024,나바9177,in_age_045,5
2024,나바9177,in_age_046,5
2024,나바9177,in_age_047,0
2024,나바9177,in_age_048,5
2024,나바9177,in_age_063,0
2024,나바9177,in_age_064,0
2024,나바9177,in_age_067,0
2024,나바9177,in_age_068,0
2024,나바9177,in_age_070,5
2024,나바9177,in_age_072,5
2024,나바9177,in_age_073,0
2024,나바9177,in_age_074,8
2024,나바9177,in_age_075,8
2024,나바9177,in_age_077,8
2024,나바9177,in_age_078,5
2024,나바9177,in_age_079,5
2024,나바9177,in_age_080,0
2024,나바9177,to_in_001,58
2024,나바9177,to_in_007,28
2024,나바9177,to_in_008,28
2024,나바9178,in_age_003,0
2024,나바9178,in_age_004,0
2024,나바9178,in_age_005,5
2024,나바9178,in_age_008,0
2024,나바9178,in_age_010,5
2024,나바9178,in_age_011,5
2024,나바9178,in_age_012,0
2024,나바9178,in_age_013,5
2024,나바9178,in_age_014,5
2024,나바9178,in_age_015,5
2024,나바9178,in_age_016,5
2024,나바9178,in_age_017,5
2024,나바9178,in_age_018,8
2024,나바9178,in_age_019,8
2024,나바9178,in_age_020,5
2024,나바9178,in_age_034,0
2024,나바9178,in_age_035,0
2024,나바9178,in_age_040,0
2024,나바9178,in_age_042,0
2024,나바9178,in_age_043,0
2024,나바9178,in_age_044,5
2024,나바9178,in_age_045,0
2024,나바9178,in_age_046,5
2024,나바9178,in_age_047,0
2024,나바9178,in_age_048,5
2024,나바9178,in_age_063,0
2024,나바9178,in_age_065,0
2024,나바9178,in_age_068,0
2024,나바9178,in_age_070,0
2024,나바9178,in_age_071,5
2024,나바9178,in_age_073,0
2024,나바9178,in_age_074,0
2024,나바9178,in_age_075,5
2024,나바9178,in_age_076,0
2024,나바9178,in_age_077,0
2024,나바9178,in_age_078,5
2024,나바9178,in_age_079,8
2024,나바9178,in_age_080,5
2024,나바9178,to_in_001,46
2024,나바9178,to_in_007,18
2024,나바9178,to_in_008,26
2024,나바9179,in_age_003,5
2024,나바9179,in_age_004,0
2024,나바9179,in_age_005,0
2024,나바9179,in_age_006,5
2024,나바9179,in_age_007,5
2024,나바9179,in_age_009,0
2024,나바9179,in_age_010,0
2024,나바9179,in_age_011,5
2024,나바9179,in_age_012,0
2024,나바9179,in_age_013,5
2024,나바9179,in_age_016,0
2024,나바9179,in_age_018,0
2024,나바9179,in_age_019,5
2024,나바9179,in_age_033,5
2024,나바9179,in_age_035,0
2024,나바9179,in_age_036,5
2024,나바9179,in_age_037,0
2024,나바9179,in_age_039,0
2024,나바9179,in_age_041,5
2024,나바9179,in_age_042,0
2024,나바9179,in_age_043,5
2024,나바9179,in_age_049,5
2024,나바9179,in_age_063,5
2024,나바9179,in_age_064,0
2024,나바9179,in_age_066,0
2024,나바9179,in_age_067,0
2024,나바9179,in_age_070,0
2024,나바9179,in_age_073,0
2024,나바9179,in_age_076,0
2024,나바9179,in_age_078,0
2024,나바9179,to_in_001,23
2024,나바9179,to_in_007,13
2024,나바9179,to_in_008,8
2024,나바9243,in_age_002,5
2024,나바9243,in_age_003,5
2024,나바9243,in_age_005,8
2024,나바9243,in_age_006,5
2024,나바9243,in_age_008,0
2024,나바9243,in_age_009,5
2024,나바9243,in_age_010,0
2024,나바9243,in_age_011,5
2024,나바9243,in_age_012,0
2024,나바9243,in_age_013,8
2024,나바9243,in_age_014,5
2024,나바9243,in_age_015,8
2024,나바9243,in_age_016,5
2024,나바9243,in_age_017,0
2024,나바9243,in_age_018,0
2024,나바9243,in_age_019,0
2024,나바9243,in_age_032,0
2024,나바9243,in_age_035,5
2024,나바9243,in_age_036,5
2024,나바9243,in_age_038,0
2024,나바9243,in_age_039,5
2024,나바9243,in_age_041,5
2024,나바9243,in_age_043,0
2024,나바9243,in_age_044,5
2024,나바9243,in_age_045,5
2024,나바9243,in_age_046,5
2024,나바9243,in_age_062,0
2024,나바9243,in_age_063,5
2024,나바9243,in_age_065,5
2024,나바9243,in_age_069,5
2024,나바9243,in_age_070,0
2024,나바9243,in_age_071,0
2024,나바9243,in_age_072,0
2024,나바9243,in_age_073,5
2024,나바9243,in_age_074,0
2024,나바9243,in_age_075,5
2024,나바9243,in_age_076,5
2024,나바9243,in_age_077,0
2024,나바9243,in_age_078,0
2024,나바9243,in_age_079,0
2024,나바9243,to_in_001,48
2024,나바9243,to_in_007,23
2024,나바9243,to_in_008,23
2024,나바9244,in_age_004,249
2024,나바9244,in_age_005,575
2024,나바9244,in_age_006,127
2024,나바9244,in_age_007,8
2024,나바9244,in_age_008,5
2024,나바9244,in_age_009,5
2024,나바9244,in_age_010,5
2024,나바9244,in_age_011,5
2024,나바9244,in_age_012,8
2024,나바9244,in_age_013,5
2024,나바9244,in_age_014,8
2024,나바9244,in_age_015,5
2024,나바9244,in_age_016,5
2024,나바9244,in_age_018,0
2024,나바9244,in_age_034,203
2024,나바9244,in_age_035,460
2024,나바9244,in_age_036,113
2024,나바9244,in_age_037,8
2024,나바9244,in_age_038,5
2024,나바9244,in_age_039,5
2024,나바9244,in_age_040,5
2024,나바9244,in_age_041,5
2024,나바9244,in_age_042,5
2024,나바9244,in_age_043,5
2024,나바9244,in_age_044,5
2024,나바9244,in_age_045,5
2024,나바9244,in_age_046,0
2024,나바9244,in_age_064,46
2024,나바9244,in_age_065,113
2024,나바9244,in_age_066,14
2024,나바9244,in_age_067,0
2024,나바9244,in_age_068,0
2024,나바9244,in_age_069,0
2024,나바9244,in_age_071,0
2024,나바9244,in_age_072,8
2024,나바9244,in_age_073,0
2024,나바9244,in_age_074,8
2024,나바9244,in_age_075,5
2024,나바9244,in_age_076,0
2024,나바9244,in_age_078,0
2024,나바9244,to_in_001,993
2024,나바9244,to_in_007,801
2024,나바9244,to_in_008,190
2024,나바9245,in_age_005,5
2024,나바9245,in_age_006,0
2024,나바9245,in_age_008,5
2024,나바9245,in_age_011,8
2024,나바9245,in_age_012,0
2024,나바9245,in_age_013,0
2024,나바9245,in_age_014,5
2024,나바9245,in_age_035,5
2024,나바9245,in_age_036,0
2024,나바9245,in_age_041,8
2024,나바9245,in_age_042,0
2024,나바9245,in_age_044,0
2024,나바9245,in_age_068,5
2024,나바9245,in_age_073,0
2024,나바9245,in_age_074,0
2024,나바9245,to_in_001,18
2024,나바9245,to_in_007,13
2024,나바9245,to_in_008,5
2024,나바9246,in_age_002,5
2024,나바9246,in_age_003,0
2024,나바9246,in_age_005,8
2024,나바9246,in_age_006,5
2024,나바9246,in_age_007,5
2024,나바9246,in_age_008,5
2024,나바9246,in_age_009,5
2024,나바9246,in_age_010,8
2024,나바9246,in_age_011,8
2024,나바9246,in_age_012,8
2024,나바9246,in_age_013,13
2024,나바9246,in_age_014,8
2024,나바9246,in_age_015,8
2024,나바9246,in_age_016,8
2024,나바9246,in_age_017,5
2024,나바9246,in_age_018,5
2024,나바9246,in_age_019,5
2024,나바9246,in_age_032,0
2024,나바9246,in_age_033,0
2024,나바9246,in_age_035,8
2024,나바9246,in_age_036,5
2024,나바9246,in_age_037,5
2024,나바9246,in_age_038,5
2024,나바9246,in_age_039,5
2024,나바9246,in_age_040,5
2024,나바9246,in_age_041,0
2024,나바9246,in_age_042,8
2024,나바9246,in_age_043,5
2024,나바9246,in_age_044,5
2024,나바9246,in_age_045,5
2024,나바9246,in_age_046,5
2024,나바9246,in_age_049,5
2024,나바9246,in_age_062,5
2024,나바9246,in_age_067,0
2024,나바9246,in_age_068,5
2024,나바9246,in_age_069,0
2024,나바9246,in_age_070,5
2024,나바9246,in_age_071,5
2024,나바9246,in_age_072,8
2024,나바9246,in_age_073,8
2024,나바9246,in_age_074,0
2024,나바9246,in_age_075,5
2024,나바9246,in_age_076,5
2024,나바9246,in_age_077,5
2024,나바9246,in_age_078,5
2024,나바9246,in_age_079,5
2024,나바9246,to_in_001,83
2024,나바9246,to_in_007,48
2024,나바9246,to_in_008,38
2024,나바9247,in_age_001,0
2024,나바9247,in_age_003,5
2024,나바9247,in_age_004,0
2024,나바9247,in_age_005,8
2024,나바9247,in_age_006,8
2024,나바9247,in_age_007,5
2024,나바9247,in_age_008,8
2024,나바9247,in_age_009,0
2024,나바9247,in_age_010,5
2024,나바9247,in_age_011,8
2024,나바9247,in_age_012,5
2024,나바9247,in_age_013,8
2024,나바9247,in_age_014,8
2024,나바9247,in_age_015,0
2024,나바9247,in_age_017,0
2024,나바9247,in_age_018,0
2024,나바9247,in_age_033,5
2024,나바9247,in_age_034,0
2024,나바9247,in_age_035,8
2024,나바9247,in_age_036,5
2024,나바9247,in_age_037,0
2024,나바9247,in_age_038,5
2024,나바9247,in_age_039,0
2024,나바9247,in_age_040,5
2024,나바9247,in_age_041,5
2024,나바9247,in_age_042,5
2024,나바9247,in_age_043,5
2024,나바9247,in_age_044,8
2024,나바9247,in_age_045,0
2024,나바9247,in_age_048,0
2024,나바9247,in_age_061,0
2024,나바9247,in_age_066,5
2024,나바9247,in_age_067,0
2024,나바9247,in_age_068,5
2024,나바9247,in_age_070,0
2024,나바9247,in_age_071,5
2024,나바9247,in_age_072,0
2024,나바9247,in_age_073,8
2024,나바9247,in_age_077,0
2024,나바9247,to_in_001,48
2024,나바9247,to_in_007,28
2024,나바9247,to_in_008,18
2024,나바9248,in_age_006,0
2024,나바9248,in_age_013,5
2024,나바9248,in_age_017,0
2024,나바9248,in_age_043,0
2024,나바9248,in_age_066,0
2024,나바9248,in_age_073,5
2024,나바9248,in_age_077,0
2024,나바9248,to_in_001,5
2024,나바9248,to_in_007,0
2024,나바9248,to_in_008,5
2024,나바9249,in_age_001,5
2024,나바9249,in_age_003,5
2024,나바9249,in_age_004,8
2024,나바9249,in_age_005,13
2024,나바9249,in_age_006,5
2024,나바9249,in_age_007,0
2024,나바9249,in_age_008,5
2024,나바9249,in_age_009,8
2024,나바9249,in_age_010,5
2024,나바9249,in_age_011,8
2024,나바9249,in_age_012,8
2024,나바9249,in_age_013,5
2024,나바9249,in_age_014,8
2024,나바9249,in_age_015,8
2024,나바9249,in_age_016,5
2024,나바9249,in_age_031,0
2024,나바9249,in_age_033,0
2024,나바9249,in_age_034,5
2024,나바9249,in_age_035,8
2024,나바9249,in_age_036,0
2024,나바9249,in_age_037,0
2024,나바9249,in_age_038,5
2024,나바9249,in_age_039,5
2024,나바9249,in_age_040,5
2024,나바9249,in_age_041,8
2024,나바9249,in_age_042,5
2024,나바9249,in_age_043,5
2024,나바9249,in_age_044,8
2024,나바9249,in_age_045,5
2024,나바9249,in_age_061,0
2024,나바9249,in_age_063,0
2024,나바9249,in_age_064,5
2024,나바9249,in_age_065,0
2024,나바9249,in_age_066,5
2024,나바9249,in_age_069,5
2024,나바9249,in_age_070,0
2024,나바9249,in_age_071,5
2024,나바9249,in_age_072,8
2024,나바9249,in_age_073,5
2024,나바9249,in_age_074,8
2024,나바9249,in_age_075,5
2024,나바9249,in_age_076,5
2024,나바9249,to_in_001,78
2024,나바9249,to_in_007,43
2024,나바9249,to_in_008,33
2024,나바9250,in_age_002,0
2024,나바9250,in_age_004,0
2024,나바9250,in_age_005,0
2024,나바9250,in_age_006,0
2024,나바9250,in_age_009,5
2024,나바9250,in_age_010,5
2024,나바9250,in_age_011,5
2024,나바9250,in_age_012,8
2024,나바9250,in_age_013,0
2024,나바9250,in_age_014,0
2024,나바9250,in_age_015,0
2024,나바9250,in_age_017,0
2024,나바9250,in_age_018,5
2024,나바9250,in_age_032,0
2024,나바9250,in_age_036,0
2024,나바9250,in_age_040,5
2024,나바9250,in_age_041,0
2024,나바9250,in_age_042,5
2024,나바9250,in_age_043,0
2024,나바9250,in_age_045,0
2024,나바9250,in_age_064,0
2024,나바9250,in_age_065,0
2024,나바9250,in_age_069,5
2024,나바9250,in_age_071,5
2024,나바9250,in_age_072,5
2024,나바9250,in_age_074,0
2024,나바9250,in_age_077,0
2024,나바9250,in_age_078,5
2024,나바9250,to_in_001,23
2024,나바9250,to_in_007,13
2024,나바9250,to_in_008,13
2024,나바9251,in_age_001,5
2024,나바9251,in_age_002,0
2024,나바9251,in_age_003,0
2024,나바9251,in_age_004,5
2024,나바9251,in_age_005,5
2024,나바9251,in_age_007,5
2024,나바9251,in_age_008,0
2024,나바9251,in_age_009,5
2024,나바9251,in_age_010,0
2024,나바9251,in_age_011,5
2024,나바9251,in_age_012,5
2024,나바9251,in_age_013,8
2024,나바9251,in_age_014,5
2024,나바9251,in_age_015,8
2024,나바9251,in_age_016,5
2024,나바9251,in_age_017,0
2024,나바9251,in_age_018,5
2024,나바9251,in_age_031,5
2024,나바9251,in_age_033,0
2024,나바9251,in_age_034,0
2024,나바9251,in_age_035,0
2024,나바9251,in_age_039,0
2024,나바9251,in_age_040,0
2024,나바9251,in_age_041,5
2024,나바9251,in_age_042,5
2024,나바9251,in_age_043,5
2024,나바9251,in_age_044,5
2024,나바9251,in_age_045,5
2024,나바9251,in_age_046,0
2024,나바9251,in_age_047,0
2024,나바9251,in_age_048,5
2024,나바9251,in_age_062,0
2024,나바9251,in_age_064,0
2024,나바9251,in_age_065,0
2024,나바9251,in_age_067,5
2024,나바9251,in_age_068,0
2024,나바9251,in_age_069,0
2024,나바9251,in_age_071,0
2024,나바9251,in_age_072,5
2024,나바9251,in_age_073,8
2024,나바9251,in_age_075,8
2024,나바9251,in_age_076,5
2024,나바9251,in_age_078,0
2024,나바9251,to_in_001,48
2024,나바9251,to_in_007,23
2024,나바9251,to_in_008,23
2024,나바9252,in_age_002,0
2024,나바9252,in_age_004,0
2024,나바9252,in_age_005,0
2024,나바9252,in_age_006,5
2024,나바9252,in_age_007,8
2024,나바9252,in_age_010,8
2024,나바9252,in_age_011,8
2024,나바9252,in_age_012,5
2024,나바9252,in_age_013,8
2024,나바9252,in_age_014,8
2024,나바9252,in_age_015,8
2024,나바9252,in_age_016,8
2024,나바9252,in_age_017,8
2024,나바9252,in_age_018,5
2024,나바9252,in_age_034,0
2024,나바9252,in_age_035,0
2024,나바9252,in_age_036,0
2024,나바9252,in_age_037,5
2024,나바9252,in_age_040,5
2024,나바9252,in_age_041,8
2024,나바9252,in_age_042,5
2024,나바9252,in_age_043,5
2024,나바9252,in_age_044,8
2024,나바9252,in_age_045,5
2024,나바9252,in_age_046,5
2024,나바9252,in_age_047,5
2024,나바9252,in_age_048,5
2024,나바9252,in_age_062,0
2024,나바9252,in_age_066,0
2024,나바9252,in_age_067,8
2024,나바9252,in_age_070,5
2024,나바9252,in_age_071,5
2024,나바9252,in_age_072,5
2024,나바9252,in_age_073,5
2024,나바9252,in_age_075,5
2024,나바9252,in_age_076,5
2024,나바9252,in_age_077,8
2024,나바9252,in_age_078,0
2024,나바9252,to_in_001,78
2024,나바9252,to_in_007,43
2024,나바9252,to_in_008,33
2024,나바9253,in_age_002,5
2024,나바9253,in_age_003,5
2024,나바9253,in_age_004,8
2024,나바9253,in_age_005,5
2024,나바9253,in_age_006,8
2024,나바9253,in_age_007,8
2024,나바9253,in_age_008,8
2024,나바9253,in_age_009,13
2024,나바9253,in_age_010,13
2024,나바9253,in_age_011,23
2024,나바9253,in_age_012,28
2024,나바9253,in_age_013,43
2024,나바9253,in_age_014,38
2024,나바9253,in_age_015,43
2024,나바9253,in_age_016,33
2024,나바9253,in_age_017,43
2024,나바9253,in_age_018,18
2024,나바9253,in_age_019,13
2024,나바9253,in_age_020,0
2024,나바9253,in_age_032,0
2024,나바9253,in_age_033,0
2024,나바9253,in_age_034,5
2024,나바9253,in_age_035,5
2024,나바9253,in_age_036,8
2024,나바9253,in_age_037,5
2024,나바9253,in_age_038,8
2024,나바9253,in_age_039,8
2024,나바9253,in_age_040,5
2024,나바9253,in_age_041,13
2024,나바9253,in_age_042,13
2024,나바9253,in_age_043,23
2024,나바9253,in_age_044,13
2024,나바9253,in_age_045,18
2024,나바9253,in_age_046,13
2024,나바9253,in_age_047,18
2024,나바9253,in_age_048,8
2024,나바9253,in_age_049,5
2024,나바9253,in_age_062,5
2024,나바9253,in_age_063,0
2024,나바9253,in_age_064,5
2024,나바9253,in_age_066,0
2024,나바9253,in_age_067,8
2024,나바9253,in_age_068,5
2024,나바9253,in_age_069,5
2024,나바9253,in_age_070,8
2024,나바9253,in_age_071,13
2024,나바9253,in_age_072,18
2024,나바9253,in_age_073,23
2024,나바9253,in_age_074,23
2024,나바9253,in_age_075,23
2024,나바9253,in_age_076,18
2024,나바9253,in_age_077,23
2024,나바9253,in_age_078,13
2024,나바9253,in_age_079,8
2024,나바9253,in_age_080,0
2024,나바9253,to_in_001,348
2024,나바9253,to_in_007,168
2024,나바9253,to_in_008,183
2024,나바9254,in_age_001,5
2024,나바9254,in_age_002,5
2024,나바9254,in_age_003,5
2024,나바9254,in_age_004,5
2024,나바9254,in_age_005,0
2024,나바9254,in_age_006,0
2024,나바9254,in_age_007,5
2024,나바9254,in_age_008,0
2024,나바9254,in_age_009,5
2024,나바9254,in_age_010,8
2024,나바9254,in_age_011,5
2024,나바9254,in_age_012,5
2024,나바9254,in_age_013,18
2024,나바9254,in_age_014,8
2024,나바9254,in_age_015,13
2024,나바9254,in_age_016,8
2024,나바9254,in_age_017,8
2024,나바9254,in_age_018,5
2024,나바9254,in_age_019,0
2024,나바9254,in_age_020,5
2024,나바9254,in_age_031,5
2024,나바9254,in_age_033,0
2024,나바9254,in_age_034,5
2024,나바9254,in_age_035,0
2024,나바9254,in_age_036,0
2024,나바9254,in_age_037,0
2024,나바9254,in_age_039,5
2024,나바9254,in_age_040,5
2024,나바9254,in_age_041,5
2024,나바9254,in_age_042,0
2024,나바9254,in_age_043,13
2024,나바9254,in_age_044,5
2024,나바9254,in_age_045,8
2024,나바9254,in_age_046,5
2024,나바9254,in_age_047,8
2024,나바9254,in_age_048,0
2024,나바9254,in_age_062,5
2024,나바9254,in_age_063,5
2024,나바9254,in_age_067,0
2024,나바9254,in_age_068,0
2024,나바9254,in_age_069,5
2024,나바9254,in_age_070,5
2024,나바9254,in_age_071,5
2024,나바9254,in_age_072,5
2024,나바9254,in_age_073,8
2024,나바9254,in_age_074,8
2024,나바9254,in_age_075,8
2024,나바9254,in_age_076,5
2024,나바9254,in_age_077,8
2024,나바9254,in_age_078,5
2024,나바9254,in_age_079,0
2024,나바9254,in_age_080,5
2024,나바9254,to_in_001,93
2024,나바9254,to_in_007,48
2024,나바9254,to_in_008,48
2024,나바9255,in_age_001,0
2024,나바9255,in_age_004,5
2024,나바9255,in_age_009,5
2024,나바9255,in_age_010,0
2024,나바9255,in_age_012,8
2024,나바9255,in_age_013,5
2024,나바9255,in_age_014,8
2024,나바9255,in_age_015,8
2024,나바9255,in_age_016,8
2024,나바9255,in_age_017,5
2024,나바9255,in_age_018,5
2024,나바9255,in_age_019,5
2024,나바9255,in_age_031,0
2024,나바9255,in_age_034,5
2024,나바9255,in_age_039,5
2024,나바9255,in_age_040,0
2024,나바9255,in_age_042,8
2024,나바9255,in_age_043,5
2024,나바9255,in_age_044,5
2024,나바9255,in_age_045,5
2024,나바9255,in_age_046,5
2024,나바9255,in_age_047,5
2024,나바9255,in_age_048,0
2024,나바9255,in_age_072,5
2024,나바9255,in_age_073,5
2024,나바9255,in_age_074,5
2024,나바9255,in_age_075,8
2024,나바9255,in_age_076,5
2024,나바9255,in_age_077,5
2024,나바9255,in_age_078,5
2024,나바9255,in_age_079,5
2024,나바9255,to_in_001,53
2024,나바9255,to_in_007,28
2024,나바9255,to_in_008,23
2024,나바9256,in_age_003,0
2024,나바9256,in_age_005,0
2024,나바9256,in_age_006,0
2024,나바9256,in_age_008,5
2024,나바9256,in_age_009,0
2024,나바9256,in_age_010,0
2024,나바9256,in_age_011,5
2024,나바9256,in_age_012,0
2024,나바9256,in_age_013,8
2024,나바9256,in_age_014,5
2024,나바9256,in_age_015,5
2024,나바9256,in_age_016,5
2024,나바9256,in_age_017,8
2024,나바9256,in_age_018,0
2024,나바9256,in_age_033,0
2024,나바9256,in_age_035,0
2024,나바9256,in_age_036,0
2024,나바9256,in_age_038,0
2024,나바9256,in_age_039,0
2024,나바9256,in_age_040,0
2024,나바9256,in_age_041,5
2024,나바9256,in_age_043,5
2024,나바9256,in_age_044,5
2024,나바9256,in_age_045,5
2024,나바9256,in_age_046,5
2024,나바9256,in_age_047,5
2024,나바9256,in_age_068,5
2024,나바9256,in_age_072,0
2024,나바9256,in_age_073,8
2024,나바9256,in_age_074,5
2024,나바9256,in_age_075,5
2024,나바9256,in_age_076,5
2024,나바9256,in_age_077,5
2024,나바9256,in_age_078,0
2024,나바9256,to_in_001,38
2024,나바9256,to_in_007,18
2024,나바9256,to_in_008,18
2024,나바9257,in_age_005,5
2024,나바9257,in_age_006,5
2024,나바9257,in_age_007,5
2024,나바9257,in_age_011,0
2024,나바9257,in_age_012,5
2024,나바9257,in_age_013,0
2024,나바9257,in_age_014,5
2024,나바9257,in_age_015,0
2024,나바9257,in_age_035,5
2024,나바9257,in_age_036,5
2024,나바9257,in_age_037,5
2024,나바9257,in_age_041,0
2024,나바9257,in_age_042,0
2024,나바9257,in_age_066,0
2024,나바9257,in_age_072,5
2024,나바9257,in_age_073,0
2024,나바9257,in_age_074,5
2024,나바9257,in_age_075,0
2024,나바9257,to_in_001,13
2024,나바9257,to_in_007,8
2024,나바9257,to_in_008,8
2024,나바9258,in_age_002,5
2024,나바9258,in_age_003,5
2024,나바9258,in_age_004,5
2024,나바9258,in_age_005,5
2024,나바9258,in_age_006,5
2024,나바9258,in_age_007,5
2024,나바9258,in_age_008,5
2024,나바9258,in_age_010,5
2024,나바9258,in_age_011,8
2024,나바9258,in_age_012,8
2024,나바9258,in_age_013,13
2024,나바9258,in_age_014,13
2024,나바9258,in_age_015,5
2024,나바9258,in_age_017,5
2024,나바9258,in_age_018,5
2024,나바9258,in_age_019,5
2024,나바9258,in_age_032,5
2024,나바9258,in_age_034,5
2024,나바9258,in_age_035,0
2024,나바9258,in_age_036,0
2024,나바9258,in_age_037,5
2024,나바9258,in_age_038,5
2024,나바9258,in_age_040,5
2024,나바9258,in_age_041,5
2024,나바9258,in_age_042,5
2024,나바9258,in_age_043,5
2024,나바9258,in_age_044,8
2024,나바9258,in_age_045,5
2024,나바9258,in_age_047,5
2024,나바9258,in_age_049,0
2024,나바9258,in_age_062,0
2024,나바9258,in_age_063,5
2024,나바9258,in_age_064,0
2024,나바9258,in_age_065,0
2024,나바9258,in_age_066,0
2024,나바9258,in_age_067,0
2024,나바9258,in_age_070,5
2024,나바9258,in_age_071,5
2024,나바9258,in_age_072,5
2024,나바9258,in_age_073,8
2024,나바9258,in_age_074,5
2024,나바9258,in_age_075,0
2024,나바9258,in_age_077,5
2024,나바9258,in_age_078,5
2024,나바9258,in_age_079,0
2024,나바9258,to_in_001,73
2024,나바9258,to_in_007,38
2024,나바9258,to_in_008,33
2024,나바9259,in_age_001,0
2024,나바9259,in_age_002,5
2024,나바9259,in_age_003,5
2024,나바9259,in_age_004,5
2024,나바9259,in_age_005,0
2024,나바9259,in_age_006,5
2024,나바9259,in_age_007,5
2024,나바9259,in_age_008,8
2024,나바9259,in_age_009,5
2024,나바9259,in_age_010,13
2024,나바9259,in_age_011,13
2024,나바9259,in_age_012,8
2024,나바9259,in_age_013,13
2024,나바9259,in_age_014,23
2024,나바9259,in_age_015,13
2024,나바9259,in_age_016,23
2024,나바9259,in_age_017,18
2024,나바9259,in_age_018,8
2024,나바9259,in_age_019,0
2024,나바9259,in_age_031,0
2024,나바9259,in_age_033,5
2024,나바9259,in_age_034,0
2024,나바9259,in_age_035,0
2024,나바9259,in_age_036,0
2024,나바9259,in_age_037,5
2024,나바9259,in_age_038,8
2024,나바9259,in_age_039,0
2024,나바9259,in_age_040,8
2024,나바9259,in_age_041,8
2024,나바9259,in_age_042,5
2024,나바9259,in_age_043,8
2024,나바9259,in_age_044,8
2024,나바9259,in_age_045,8
2024,나바9259,in_age_046,13
2024,나바9259,in_age_047,8
2024,나바9259,in_age_048,5
2024,나바9259,in_age_062,5
2024,나바9259,in_age_063,5
2024,나바9259,in_age_064,5
2024,나바9259,in_age_066,5
2024,나바9259,in_age_067,5
2024,나바9259,in_age_068,0
2024,나바9259,in_age_069,5
2024,나바9259,in_age_070,8
2024,나바9259,in_age_071,5
2024,나바9259,in_age_072,5
2024,나바9259,in_age_073,8
2024,나바9259,in_age_074,13
2024,나바9259,in_age_075,8
2024,나바9259,in_age_076,8
2024,나바9259,in_age_077,8
2024,나바9259,in_age_078,8
2024,나바9259,in_age_079,0
2024,나바9259,to_in_001,153
2024,나바9259,to_in_007,73
2024,나바9259,to_in_008,78
2024,나바9260,in_age_001,5
2024,나바9260,in_age_002,8
2024,나바9260,in_age_003,13
2024,나바9260,in_age_004,5
2024,나바9260,in_age_005,8
2024,나바9260,in_age_006,5
2024,나바9260,in_age_007,8
2024,나바9260,in_age_008,5
2024,나바9260,in_age_009,13
2024,나바9260,in_age_010,18
2024,나바9260,in_age_011,18
2024,나바9260,in_age_012,13
2024,나바9260,in_age_013,28
2024,나바9260,in_age_014,23
2024,나바9260,in_age_015,8
2024,나바9260,in_age_016,23
2024,나바9260,in_age_017,18
2024,나바9260,in_age_018,13
2024,나바9260,in_age_019,8
2024,나바9260,in_age_020,5
2024,나바9260,in_age_021,0
2024,나바9260,in_age_031,5
2024,나바9260,in_age_032,5
2024,나바9260,in_age_033,8
2024,나바9260,in_age_034,5
2024,나바9260,in_age_035,8
2024,나바9260,in_age_036,5
2024,나바9260,in_age_037,5
2024,나바9260,in_age_038,5
2024,나바9260,in_age_039,8
2024,나바9260,in_age_040,8
2024,나바9260,in_age_041,8
2024,나바9260,in_age_042,8
2024,나바9260,in_age_043,13
2024,나바9260,in_age_044,13
2024,나바9260,in_age_045,5
2024,나바9260,in_age_046,13
2024,나바9260,in_age_047,8
2024,나바9260,in_age_048,5
2024,나바9260,in_age_049,5
2024,나바9260,in_age_050,0
2024,나바9260,in_age_061,0
2024,나바9260,in_age_062,5
2024,나바9260,in_age_063,8
2024,나바9260,in_age_064,0
2024,나바9260,in_age_065,5
2024,나바9260,in_age_066,5
2024,나바9260,in_age_067,5
2024,나바9260,in_age_069,8
2024,나바9260,in_age_070,8
2024,나바9260,in_age_071,8
2024,나바9260,in_age_072,8
2024,나바9260,in_age_073,13
2024,나바9260,in_age_074,8
2024,나바9260,in_age_075,8
2024,나바9260,in_age_076,13
2024,나바9260,in_age_077,8
2024,나바9260,in_age_078,8
2024,나바9260,in_age_079,5
2024,나바9260,in_age_080,5
2024,나바9260,in_age_081,0
2024,나바9260,to_in_001,238
2024,나바9260,to_in_007,123
2024,나바9260,to_in_008,118
2024,나바9261,in_age_001,97
2024,나바9261,in_age_002,121
2024,나바9261,in_age_003,139
2024,나바9261,in_age_004,161
2024,나바9261,in_age_005,198
2024,나바9261,in_age_006,304
2024,나바9261,in_age_007,306
2024,나바9261,in_age_008,239
2024,나바9261,in_age_009,258
2024,나바9261,in_age_010,286
2024,나바9261,in_age_011,328
2024,나바9261,in_age_012,307
2024,나바9261,in_age_013,259
2024,나바9261,in_age_014,167
2024,나바9261,in_age_015,120
2024,나바9261,in_age_016,92
2024,나바9261,in_age_017,55
2024,나바9261,in_age_018,36
2024,나바9261,in_age_019,12
2024,나바9261,in_age_020,8
2024,나바9261,in_age_031,60
2024,나바9261,in_age_032,65
2024,나바9261,in_age_033,77
2024,나바9261,in_age_034,83
2024,나바9261,in_age_035,149
2024,나바9261,in_age_036,175
2024,나바9261,in_age_037,193
2024,나바9261,in_age_038,137
2024,나바9261,in_age_039,131
2024,나바9261,in_age_040,158
2024,나바9261,in_age_041,170
2024,나바9261,in_age_042,162
2024,나바9261,in_age_043,140
2024,나바9261,in_age_044,78
2024,나바9261,in_age_045,54
2024,나바9261,in_age_046,48
2024,나바9261,in_age_047,26
2024,나바9261,in_age_048,8
2024,나바9261,in_age_049,0
2024,나바9261,in_age_061,40
2024,나바9261,in_age_062,54
2024,나바9261,in_age_063,65
2024,나바9261,in_age_064,76
2024,나바9261,in_age_065,47
2024,나바9261,in_age_066,132
2024,나바9261,in_age_067,111
2024,나바9261,in_age_068,100
2024,나바9261,in_age_069,125
2024,나바9261,in_age_070,131
2024,나바9261,in_age_071,156
2024,나바9261,in_age_072,143
2024,나바9261,in_age_073,117
2024,나바9261,in_age_074,87
2024,나바9261,in_age_075,69
2024,나바9261,in_age_076,42
2024,나바9261,in_age_077,32
2024,나바9261,in_age_078,26
2024,나바9261,in_age_079,12
2024,나바9261,in_age_080,8
2024,나바9261,to_in_001,3489
2024,나바9261,to_in_007,1918
2024,나바9261,to_in_008,1574
2024,나바9262,in_age_001,159
2024,나바9262,in_age_002,202
2024,나바9262,in_age_003,261
2024,나바9262,in_age_004,272
2024,나바9262,in_age_005,192
2024,나바9262,in_age_006,272
2024,나바9262,in_age_007,256
2024,나바9262,in_age_008,335
2024,나바9262,in_age_009,433
2024,나바9262,in_age_010,439
2024,나바9262,in_age_011,516
2024,나바9262,in_age_012,490
2024,나바9262,in_age_013,556
2024,나바9262,in_age_014,471
2024,나바9262,in_age_015,376
2024,나바9262,in_age_016,320
2024,나바9262,in_age_017,242
2024,나바9262,in_age_018,164
2024,나바9262,in_age_019,52
2024,나바9262,in_age_020,22
2024,나바9262,in_age_021,5
2024,나바9262,in_age_031,77
2024,나바9262,in_age_032,100
2024,나바9262,in_age_033,126
2024,나바9262,in_age_034,130
2024,나바9262,in_age_035,125
2024,나바9262,in_age_036,154
2024,나바9262,in_age_037,138
2024,나바9262,in_age_038,182
2024,나바9262,in_age_039,229
2024,나바9262,in_age_040,231
2024,나바9262,in_age_041,297
2024,나바9262,in_age_042,234
2024,나바9262,in_age_043,294
2024,나바9262,in_age_044,213
2024,나바9262,in_age_045,170
2024,나바9262,in_age_046,137
2024,나바9262,in_age_047,94
2024,나바9262,in_age_048,44
2024,나바9262,in_age_049,13
2024,나바9262,in_age_050,8
2024,나바9262,in_age_051,0
2024,나바9262,in_age_061,85
2024,나바9262,in_age_062,100
2024,나바9262,in_age_063,133
2024,나바9262,in_age_064,145
2024,나바9262,in_age_065,70
2024,나바9262,in_age_066,116
2024,나바9262,in_age_067,116
2024,나바9262,in_age_068,156
2024,나바9262,in_age_069,202
2024,나바9262,in_age_070,206
2024,나바9262,in_age_071,222
2024,나바9262,in_age_072,259
2024,나바9262,in_age_073,265
2024,나바9262,in_age_074,256
2024,나바9262,in_age_075,204
2024,나바9262,in_age_076,181
2024,나바9262,in_age_077,146
2024,나바9262,in_age_078,118
2024,나바9262,in_age_079,37
2024,나바9262,in_age_080,19
2024,나바9262,in_age_081,5
2024,나바9262,to_in_001,6028
2024,나바9262,to_in_007,2989
2024,나바9262,to_in_008,3037
2024,나바9263,in_age_001,5
2024,나바9263,in_age_002,8
2024,나바9263,in_age_003,8
2024,나바9263,in_age_004,18
2024,나바9263,in_age_005,5
2024,나바9263,in_age_006,8
2024,나바9263,in_age_007,19
2024,나바9263,in_age_008,13
2024,나바9263,in_age_009,23
2024,나바9263,in_age_010,23
2024,나바9263,in_age_011,29
2024,나바9263,in_age_012,41
2024,나바9263,in_age_013,44
2024,나바9263,in_age_014,35
2024,나바9263,in_age_015,24
2024,나바9263,in_age_016,24
2024,나바9263,in_age_017,14
2024,나바9263,in_age_018,8
2024,나바9263,in_age_019,5
2024,나바9263,in_age_021,0
2024,나바9263,in_age_031,5
2024,나바9263,in_age_032,5
2024,나바9263,in_age_033,8
2024,나바9263,in_age_034,8
2024,나바9263,in_age_035,5
2024,나바9263,in_age_036,8
2024,나바9263,in_age_037,14
2024,나바9263,in_age_038,5
2024,나바9263,in_age_039,13
2024,나바9263,in_age_040,13
2024,나바9263,in_age_041,19
2024,나바9263,in_age_042,19
2024,나바9263,in_age_043,19
2024,나바9263,in_age_044,19
2024,나바9263,in_age_045,13
2024,나바9263,in_age_046,8
2024,나바9263,in_age_047,11
2024,나바9263,in_age_048,5
2024,나바9263,in_age_051,0
2024,나바9263,in_age_061,5
2024,나바9263,in_age_062,8
2024,나바9263,in_age_063,5
2024,나바9263,in_age_064,13
2024,나바9263,in_age_065,0
2024,나바9263,in_age_066,5
2024,나바9263,in_age_067,5
2024,나바9263,in_age_068,8
2024,나바9263,in_age_069,8
2024,나바9263,in_age_070,8
2024,나바9263,in_age_071,13
2024,나바9263,in_age_072,25
2024,나바9263,in_age_073,23
2024,나바9263,in_age_074,14
2024,나바9263,in_age_075,14
2024,나바9263,in_age_076,14
2024,나바9263,in_age_077,8
2024,나바9263,in_age_078,5
2024,나바9263,in_age_079,5
2024,나바9263,to_in_001,349
2024,나바9263,to_in_007,174
2024,나바9263,to_in_008,173
2024,나바9264,in_age_008,0
2024,나바9264,in_age_015,0
2024,나바9264,in_age_017,0
2024,나바9264,in_age_047,0
2024,나바9264,in_age_068,0
2024,나바9264,in_age_075,0
2024,나바9264,to_in_001,5
2024,나바9264,to_in_007,0
2024,나바9264,to_in_008,5
2024,나바9265,in_age_001,5
2024,나바9265,in_age_002,0
2024,나바9265,in_age_003,8
2024,나바9265,in_age_004,5
2024,나바9265,in_age_005,5
2024,나바9265,in_age_006,8
2024,나바9265,in_age_007,5
2024,나바9265,in_age_009,5
2024,나바9265,in_age_010,5
2024,나바9265,in_age_011,8
2024,나바9265,in_age_012,13
2024,나바9265,in_age_013,18
2024,나바9265,in_age_014,13
2024,나바9265,in_age_015,13
2024,나바9265,in_age_016,8
2024,나바9265,in_age_017,8
2024,나바9265,in_age_018,8
2024,나바9265,in_age_019,0
2024,나바9265,in_age_031,0
2024,나바9265,in_age_032,0
2024,나바9265,in_age_033,5
2024,나바9265,in_age_034,0
2024,나바9265,in_age_035,0
2024,나바9265,in_age_036,5
2024,나바9265,in_age_037,5
2024,나바9265,in_age_039,0
2024,나바9265,in_age_040,0
2024,나바9265,in_age_041,8
2024,나바9265,in_age_042,8
2024,나바9265,in_age_043,13
2024,나바9265,in_age_044,8
2024,나바9265,in_age_045,5
2024,나바9265,in_age_046,5
2024,나바9265,in_age_047,5
2024,나바9265,in_age_048,5
2024,나바9265,in_age_061,5
2024,나바9265,in_age_063,0
2024,나바9265,in_age_064,5
2024,나바9265,in_age_065,5
2024,나바9265,in_age_066,5
2024,나바9265,in_age_067,0
2024,나바9265,in_age_069,5
2024,나바9265,in_age_070,5
2024,나바9265,in_age_071,5
2024,나바9265,in_age_072,8
2024,나바9265,in_age_073,8
2024,나바9265,in_age_074,8
2024,나바9265,in_age_075,8
2024,나바9265,in_age_076,5
2024,나바9265,in_age_077,5
2024,나바9265,in_age_078,5
2024,나바9265,in_age_079,0
2024,나바9265,to_in_001,123
2024,나바9265,to_in_007,63
2024,나바9265,to_in_008,58
2024,나바9266,in_age_007,0
2024,나바9266,in_age_008,0
2024,나바9266,in_age_009,0
2024,나바9266,in_age_010,0
2024,나바9266,in_age_011,5
2024,나바9266,in_age_012,8
2024,나바9266,in_age_013,13
2024,나바9266,in_age_014,8
2024,나바9266,in_age_015,8
2024,나바9266,in_age_016,0
2024,나바9266,in_age_017,8
2024,나바9266,in_age_018,5
2024,나바9266,in_age_019,8
2024,나바9266,in_age_020,5
2024,나바9266,in_age_037,0
2024,나바9266,in_age_038,0
2024,나바9266,in_age_039,0
2024,나바9266,in_age_041,5
2024,나바9266,in_age_042,8
2024,나바9266,in_age_043,8
2024,나바9266,in_age_044,5
2024,나바9266,in_age_045,5
2024,나바9266,in_age_047,8
2024,나바9266,in_age_048,0
2024,나바9266,in_age_049,5
2024,나바9266,in_age_070,0
2024,나바9266,in_age_071,5
2024,나바9266,in_age_072,5
2024,나바9266,in_age_073,8
2024,나바9266,in_age_074,5
2024,나바9266,in_age_075,5
2024,나바9266,in_age_076,0
2024,나바9266,in_age_077,8
2024,나바9266,in_age_078,5
2024,나바9266,in_age_079,5
2024,나바9266,in_age_080,5
2024,나바9266,to_in_001,63
2024,나바9266,to_in_007,28
2024,나바9266,to_in_008,33
2024,나바9267,in_age_004,0
2024,나바9267,in_age_008,0
2024,나바9267,in_age_009,0
2024,나바9267,in_age_010,5
2024,나바9267,in_age_011,5
2024,나바9267,in_age_012,0
2024,나바9267,in_age_013,8
2024,나바9267,in_age_014,20
2024,나바9267,in_age_015,0
2024,나바9267,in_age_016,5
2024,나바9267,in_age_018,0
2024,나바9267,in_age_034,0
2024,나바9267,in_age_038,0
2024,나바9267,in_age_039,0
2024,나바9267,in_age_040,0
2024,나바9267,in_age_041,0
2024,나바9267,in_age_043,5
2024,나바9267,in_age_044,11
2024,나바9267,in_age_045,0
2024,나바9267,in_age_046,0
2024,나바9267,in_age_070,0
2024,나바9267,in_age_071,0
2024,나바9267,in_age_072,0
2024,나바9267,in_age_073,8
2024,나바9267,in_age_074,11
2024,나바9267,in_age_076,0
2024,나바9267,in_age_078,0
2024,나바9267,to_in_001,40
2024,나바9267,to_in_007,24
2024,나바9267,to_in_008,19
2024,나바9268,in_age_013,0
2024,나바9268,in_age_014,0
2024,나바9268,in_age_044,0
2024,나바9268,in_age_073,0
2024,나바9268,to_in_001,5
2024,나바9268,to_in_007,0
2024,나바9268,to_in_008,0
2024,나바9270,in_age_003,0
2024,나바9270,in_age_004,5
2024,나바9270,in_age_006,0
2024,나바9270,in_age_007,5
2024,나바9270,in_age_008,0
2024,나바9270,in_age_009,0
2024,나바9270,in_age_010,5
2024,나바9270,in_age_011,8
2024,나바9270,in_age_012,8
2024,나바9270,in_age_013,13
2024,나바9270,in_age_014,18
2024,나바9270,in_age_015,8
2024,나바9270,in_age_016,8
2024,나바9270,in_age_017,8
2024,나바9270,in_age_018,8
2024,나바9270,in_age_019,5
2024,나바9270,in_age_020,0
2024,나바9270,in_age_033,0
2024,나바9270,in_age_034,5
2024,나바9270,in_age_038,0
2024,나바9270,in_age_039,0
2024,나바9270,in_age_040,0
2024,나바9270,in_age_041,5
2024,나바9270,in_age_042,5
2024,나바9270,in_age_043,8
2024,나바9270,in_age_044,8
2024,나바9270,in_age_045,8
2024,나바9270,in_age_046,5
2024,나바9270,in_age_047,5
2024,나바9270,in_age_048,8
2024,나바9270,in_age_049,0
2024,나바9270,in_age_050,0
2024,나바9270,in_age_066,0
2024,나바9270,in_age_067,5
2024,나바9270,in_age_070,5
2024,나바9270,in_age_071,5
2024,나바9270,in_age_072,5
2024,나바9270,in_age_073,8
2024,나바9270,in_age_074,8
2024,나바9270,in_age_075,5
2024,나바9270,in_age_076,8
2024,나바9270,in_age_077,0
2024,나바9270,in_age_078,5
2024,나바9270,in_age_079,5
2024,나바9270,to_in_001,98
2024,나바9270,to_in_007,53
2024,나바9270,to_in_008,43
2024,나바9271,in_age_009,0
2024,나바9271,in_age_012,0
2024,나바9271,in_age_013,5
2024,나바9271,in_age_014,5
2024,나바9271,in_age_015,5
2024,나바9271,in_age_016,5
2024,나바9271,in_age_017,5
2024,나바9271,in_age_039,0
2024,나바9271,in_age_043,0
2024,나바9271,in_age_044,5
2024,나바9271,in_age_045,0
2024,나바9271,in_age_046,5
2024,나바9271,in_age_047,5
2024,나바9271,in_age_072,0
2024,나바9271,in_age_073,0
2024,나바9271,in_age_074,5
2024,나바9271,in_age_075,0
2024,나바9271,in_age_077,5
2024,나바9271,to_in_001,18
2024,나바9271,to_in_007,8
2024,나바9271,to_in_008,8
2024,나바9272,in_age_005,5
2024,나바9272,in_age_006,0
2024,나바9272,in_age_009,0
2024,나바9272,in_age_011,5
2024,나바9272,in_age_012,5
2024,나바9272,in_age_013,8
2024,나바9272,in_age_014,5
2024,나바9272,in_age_015,8
2024,나바9272,in_age_016,5
2024,나바9272,in_age_017,8
2024,나바9272,in_age_035,5
2024,나바9272,in_age_036,0
2024,나바9272,in_age_039,0
2024,나바9272,in_age_041,5
2024,나바9272,in_age_042,0
2024,나바9272,in_age_044,5
2024,나바9272,in_age_045,5
2024,나바9272,in_age_046,0
2024,나바9272,in_age_047,5
2024,나바9272,in_age_071,0
2024,나바9272,in_age_072,0
2024,나바9272,in_age_073,8
2024,나바9272,in_age_074,0
2024,나바9272,in_age_075,5
2024,나바9272,in_age_076,0
2024,나바9272,in_age_077,5
2024,나바9272,to_in_001,33
2024,나바9272,to_in_007,18
2024,나바9272,to_in_008,13
2024,나바9273,in_age_009,5
2024,나바9273,in_age_010,5
2024,나바9273,in_age_011,5
2024,나바9273,in_age_012,8
2024,나바9273,in_age_013,8
2024,나바9273,in_age_014,8
2024,나바9273,in_age_015,5
2024,나바9273,in_age_016,5
2024,나바9273,in_age_017,5
2024,나바9273,in_age_018,5
2024,나바9273,in_age_019,0
2024,나바9273,in_age_039,5
2024,나바9273,in_age_040,5
2024,나바9273,in_age_041,5
2024,나바9273,in_age_042,5
2024,나바9273,in_age_043,8
2024,나바9273,in_age_044,5
2024,나바9273,in_age_045,5
2024,나바9273,in_age_047,5
2024,나바9273,in_age_048,5
2024,나바9273,in_age_070,5
2024,나바9273,in_age_072,5
2024,나바9273,in_age_073,0
2024,나바9273,in_age_074,5
2024,나바9273,in_age_076,5
2024,나바9273,in_age_077,5
2024,나바9273,in_age_078,5
2024,나바9273,in_age_079,0
2024,나바9273,to_in_001,38
2024,나바9273,to_in_007,23
2024,나바9273,to_in_008,18
2024,나바9274,in_age_003,5
2024,나바9274,in_age_004,5
2024,나바9274,in_age_008,5
2024,나바9274,in_age_009,0
2024,나바9274,in_age_011,5
2024,나바9274,in_age_012,5
2024,나바9274,in_age_013,5
2024,나바9274,in_age_014,8
2024,나바9274,in_age_015,5
2024,나바9274,in_age_016,8
2024,나바9274,in_age_017,5
2024,나바9274,in_age_019,5
2024,나바9274,in_age_034,5
2024,나바9274,in_age_038,5
2024,나바9274,in_age_041,5
2024,나바9274,in_age_042,0
2024,나바9274,in_age_043,5
2024,나바9274,in_age_044,5
2024,나바9274,in_age_045,5
2024,나바9274,in_age_046,5
2024,나바9274,in_age_047,0
2024,나바9274,in_age_049,0
2024,나바9274,in_age_063,5
2024,나바9274,in_age_064,0
2024,나바9274,in_age_069,0
2024,나바9274,in_age_071,0
2024,나바9274,in_age_072,5
2024,나바9274,in_age_074,8
2024,나바9274,in_age_076,5
2024,나바9274,in_age_077,0
2024,나바9274,in_age_079,0
2024,나바9274,to_in_001,38
2024,나바9274,to_in_007,23
2024,나바9274,to_in_008,18
2024,나바9275,in_age_003,5
2024,나바9275,in_age_006,0
2024,나바9275,in_age_009,0
2024,나바9275,in_age_010,5
2024,나바9275,in_age_011,5
2024,나바9275,in_age_012,0
2024,나바9275,in_age_014,0
2024,나바9275,in_age_015,5
2024,나바9275,in_age_016,5
2024,나바9275,in_age_017,5
2024,나바9275,in_age_018,5
2024,나바9275,in_age_036,0
2024,나바9275,in_age_039,0
2024,나바9275,in_age_040,5
2024,나바9275,in_age_041,0
2024,나바9275,in_age_045,5
2024,나바9275,in_age_047,0
2024,나바9275,in_age_048,0
2024,나바9275,in_age_063,5
2024,나바9275,in_age_071,0
2024,나바9275,in_age_072,0
2024,나바9275,in_age_074,0
2024,나바9275,in_age_076,5
2024,나바9275,in_age_077,0
2024,나바9275,in_age_078,5
2024,나바9275,to_in_001,18
2024,나바9275,to_in_007,8
2024,나바9275,to_in_008,8
2024,나바9276,in_age_006,0
2024,나바9276,in_age_008,0
2024,나바9276,in_age_009,5
2024,나바9276,in_age_011,5
2024,나바9276,in_age_012,5
2024,나바9276,in_age_013,5
2024,나바9276,in_age_014,8
2024,나바9276,in_age_015,5
2024,나바9276,in_age_016,5
2024,나바9276,in_age_017,8
2024,나바9276,in_age_018,5
2024,나바9276,in_age_019,0
2024,나바9276,in_age_036,0
2024,나바9276,in_age_039,5
2024,나바9276,in_age_042,5
2024,나바9276,in_age_043,5
2024,나바9276,in_age_044,5
2024,나바9276,in_age_045,5
2024,나바9276,in_age_046,5
2024,나바9276,in_age_047,8
2024,나바9276,in_age_048,0
2024,나바9276,in_age_068,0
2024,나바9276,in_age_071,5
2024,나바9276,in_age_073,5
2024,나바9276,in_age_074,5
2024,나바9276,in_age_075,0
2024,나바9276,in_age_076,5
2024,나바9276,in_age_077,5
2024,나바9276,in_age_078,0
2024,나바9276,in_age_079,0
2024,나바9276,to_in_001,33
2024,나바9276,to_in_007,18
2024,나바9276,to_in_008,18
2024,나바9277,in_age_004,0
2024,나바9277,in_age_005,0
2024,나바9277,in_age_006,0
2024,나바9277,in_age_007,0
2024,나바9277,in_age_010,5
2024,나바9277,in_age_011,8
2024,나바9277,in_age_012,8
2024,나바9277,in_age_013,8
2024,나바9277,in_age_014,13
2024,나바9277,in_age_015,8
2024,나바9277,in_age_016,13
2024,나바9277,in_age_017,13
2024,나바9277,in_age_018,5
2024,나바9277,in_age_019,8
2024,나바9277,in_age_036,0
2024,나바9277,in_age_037,0
2024,나바9277,in_age_040,5
2024,나바9277,in_age_041,5
2024,나바9277,in_age_042,5
2024,나바9277,in_age_043,5
2024,나바9277,in_age_044,8
2024,나바9277,in_age_045,0
2024,나바9277,in_age_046,8
2024,나바9277,in_age_047,5
2024,나바9277,in_age_048,5
2024,나바9277,in_age_049,5
2024,나바9277,in_age_064,0
2024,나바9277,in_age_065,0
2024,나바9277,in_age_070,0
2024,나바9277,in_age_071,5
2024,나바9277,in_age_072,5
2024,나바9277,in_age_073,8
2024,나바9277,in_age_074,8
2024,나바9277,in_age_075,8
2024,나바9277,in_age_076,5
2024,나바9277,in_age_077,8
2024,나바9277,in_age_078,5
2024,나바9277,in_age_079,5
2024,나바9277,to_in_001,73
2024,나바9277,to_in_007,38
2024,나바9277,to_in_008,38
2024,나바9278,in_age_002,5
2024,나바9278,in_age_003,5
2024,나바9278,in_age_004,5
2024,나바9278,in_age_005,5
2024,나바9278,in_age_006,5
2024,나바9278,in_age_007,0
2024,나바9278,in_age_008,5
2024,나바9278,in_age_009,5
2024,나바9278,in_age_010,5
2024,나바9278,in_age_011,5
2024,나바9278,in_age_012,8
2024,나바9278,in_age_013,8
2024,나바9278,in_age_014,8
2024,나바9278,in_age_015,0
2024,나바9278,in_age_016,5
2024,나바9278,in_age_017,8
2024,나바9278,in_age_018,8
2024,나바9278,in_age_019,0
2024,나바9278,in_age_020,5
2024,나바9278,in_age_032,5
2024,나바9278,in_age_034,5
2024,나바9278,in_age_035,5
2024,나바9278,in_age_036,5
2024,나바9278,in_age_037,0
2024,나바9278,in_age_038,5
2024,나바9278,in_age_039,0
2024,나바9278,in_age_040,0
2024,나바9278,in_age_041,5
2024,나바9278,in_age_042,5
2024,나바9278,in_age_043,8
2024,나바9278,in_age_044,8
2024,나바9278,in_age_046,5
2024,나바9278,in_age_047,5
2024,나바9278,in_age_048,5
2024,나바9278,in_age_062,5
2024,나바9278,in_age_063,5
2024,나바9278,in_age_066,0
2024,나바9278,in_age_068,0
2024,나바9278,in_age_069,5
2024,나바9278,in_age_070,5
2024,나바9278,in_age_071,0
2024,나바9278,in_age_072,5
2024,나바9278,in_age_073,5
2024,나바9278,in_age_074,8
2024,나바9278,in_age_075,0
2024,나바9278,in_age_076,0
2024,나바9278,in_age_077,5
2024,나바9278,in_age_078,5
2024,나바9278,in_age_079,0
2024,나바9278,in_age_080,5
2024,나바9278,to_in_001,68
2024,나바9278,to_in_007,38
2024,나바9278,to_in_008,33
2024,나바9279,in_age_003,5
2024,나바9279,in_age_004,5
2024,나바9279,in_age_005,0
2024,나바9279,in_age_007,5
2024,나바9279,in_age_008,0
2024,나바9279,in_age_009,0
2024,나바9279,in_age_010,5
2024,나바9279,in_age_011,8
2024,나바9279,in_age_012,8
2024,나바9279,in_age_013,13
2024,나바9279,in_age_014,8
2024,나바9279,in_age_015,8
2024,나바9279,in_age_016,8
2024,나바9279,in_age_017,13
2024,나바9279,in_age_018,8
2024,나바9279,in_age_033,5
2024,나바9279,in_age_034,5
2024,나바9279,in_age_038,0
2024,나바9279,in_age_039,0
2024,나바9279,in_age_040,5
2024,나바9279,in_age_041,5
2024,나바9279,in_age_042,5
2024,나바9279,in_age_043,8
2024,나바9279,in_age_044,8
2024,나바9279,in_age_045,8
2024,나바9279,in_age_046,8
2024,나바9279,in_age_047,8
2024,나바9279,in_age_048,5
2024,나바9279,in_age_063,0
2024,나바9279,in_age_065,0
2024,나바9279,in_age_067,5
2024,나바9279,in_age_070,0
2024,나바9279,in_age_071,5
2024,나바9279,in_age_072,8
2024,나바9279,in_age_073,8
2024,나바9279,in_age_074,5
2024,나바9279,in_age_075,5
2024,나바9279,in_age_076,8
2024,나바9279,in_age_077,8
2024,나바9279,in_age_078,5
2024,나바9279,to_in_001,88
2024,나바9279,to_in_007,48
2024,나바9279,to_in_008,38
2024,나바9280,in_age_001,0
2024,나바9280,in_age_002,5
2024,나바9280,in_age_004,5
2024,나바9280,in_age_006,5
2024,나바9280,in_age_009,8
2024,나바9280,in_age_010,5
2024,나바9280,in_age_011,5
2024,나바9280,in_age_012,8
2024,나바9280,in_age_013,8
2024,나바9280,in_age_014,13
2024,나바9280,in_age_015,8
2024,나바9280,in_age_016,5
2024,나바9280,in_age_017,8
2024,나바9280,in_age_018,5
2024,나바9280,in_age_019,5
2024,나바9280,in_age_031,0
2024,나바9280,in_age_034,5
2024,나바9280,in_age_036,5
2024,나바9280,in_age_039,5
2024,나바9280,in_age_040,0
2024,나바9280,in_age_041,5
2024,나바9280,in_age_042,8
2024,나바9280,in_age_043,8
2024,나바9280,in_age_044,8
2024,나바9280,in_age_045,5
2024,나바9280,in_age_046,5
2024,나바9280,in_age_047,5
2024,나바9280,in_age_048,5
2024,나바9280,in_age_062,5
2024,나바9280,in_age_069,5
2024,나바9280,in_age_070,5
2024,나바9280,in_age_071,5
2024,나바9280,in_age_073,0
2024,나바9280,in_age_074,8
2024,나바9280,in_age_075,5
2024,나바9280,in_age_077,5
2024,나바9280,in_age_079,5
2024,나바9280,to_in_001,68
2024,나바9280,to_in_007,48
2024,나바9280,to_in_008,23
2024,나바9281,in_age_003,0
2024,나바9281,in_age_010,5
2024,나바9281,in_age_011,0
2024,나바9281,in_age_013,0
2024,나바9281,in_age_014,8
2024,나바9281,in_age_015,0
2024,나바9281,in_age_017,0
2024,나바9281,in_age_019,0
2024,나바9281,in_age_040,0
2024,나바9281,in_age_041,0
2024,나바9281,in_age_044,5
2024,나바9281,in_age_063,0
2024,나바9281,in_age_070,5
2024,나바9281,in_age_073,0
2024,나바9281,in_age_074,5
2024,나바9281,in_age_075,0
2024,나바9281,in_age_077,0
2024,나바9281,in_age_079,0
2024,나바9281,to_in_001,13
2024,나바9281,to_in_007,5
2024,나바9281,to_in_008,8
2024,나바9282,in_age_002,0
2024,나바9282,in_age_003,5
2024,나바9282,in_age_004,0
2024,나바9282,in_age_005,5
2024,나바9282,in_age_006,0
2024,나바9282,in_age_007,0
2024,나바9282,in_age_008,0
2024,나바9282,in_age_009,5
2024,나바9282,in_age_010,5
2024,나바9282,in_age_011,5
2024,나바9282,in_age_012,8
2024,나바9282,in_age_013,5
2024,나바9282,in_age_014,5
2024,나바9282,in_age_015,5
2024,나바9282,in_age_016,5
2024,나바9282,in_age_032,0
2024,나바9282,in_age_033,5
2024,나바9282,in_age_034,0
2024,나바9282,in_age_035,0
2024,나바9282,in_age_036,0
2024,나바9282,in_age_037,0
2024,나바9282,in_age_039,5
2024,나바9282,in_age_040,5
2024,나바9282,in_age_041,5
2024,나바9282,in_age_042,5
2024,나바9282,in_age_043,5
2024,나바9282,in_age_044,5
2024,나바9282,in_age_045,5
2024,나바9282,in_age_046,0
2024,나바9282,in_age_063,0
2024,나바9282,in_age_065,0
2024,나바9282,in_age_068,0
2024,나바9282,in_age_069,0
2024,나바9282,in_age_071,0
2024,나바9282,in_age_072,5
2024,나바9282,in_age_073,5
2024,나바9282,in_age_074,5
2024,나바9282,in_age_076,5
2024,나바9282,to_in_001,43
2024,나바9282,to_in_007,28
2024,나바9282,to_in_008,13
2024,나바9283,in_age_005,0
2024,나바9283,in_age_006,5
2024,나바9283,in_age_007,0
2024,나바9283,in_age_008,0
2024,나바9283,in_age_009,0
2024,나바9283,in_age_012,5
2024,나바9283,in_age_013,5
2024,나바9283,in_age_015,5
2024,나바9283,in_age_035,0
2024,나바9283,in_age_036,5
2024,나바9283,in_age_037,0
2024,나바9283,in_age_038,0
2024,나바9283,in_age_039,0
2024,나바9283,in_age_042,5
2024,나바9283,in_age_043,0
2024,나바9283,in_age_045,5
2024,나바9283,in_age_072,5
2024,나바9283,in_age_073,5
2024,나바9283,to_in_001,18
2024,나바9283,to_in_007,13
2024,나바9283,to_in_008,5
2024,나바9284,in_age_006,5
2024,나바9284,in_age_007,5
2024,나바9284,in_age_008,0
2024,나바9284,in_age_009,0
2024,나바9284,in_age_010,0
2024,나바9284,in_age_011,8
2024,나바9284,in_age_012,5
2024,나바9284,in_age_013,5
2024,나바9284,in_age_014,5
2024,나바9284,in_age_015,0
2024,나바9284,in_age_016,5
2024,나바9284,in_age_017,5
2024,나바9284,in_age_036,5
2024,나바9284,in_age_037,5
2024,나바9284,in_age_039,0
2024,나바9284,in_age_040,0
2024,나바9284,in_age_041,8
2024,나바9284,in_age_042,0
2024,나바9284,in_age_043,5
2024,나바9284,in_age_044,5
2024,나바9284,in_age_045,0
2024,나바9284,in_age_047,0
2024,나바9284,in_age_068,0
2024,나바9284,in_age_071,0
2024,나바9284,in_age_072,5
2024,나바9284,in_age_073,0
2024,나바9284,in_age_074,0
2024,나바9284,in_age_076,5
2024,나바9284,in_age_077,0
2024,나바9284,to_in_001,28
2024,나바9284,to_in_007,18
2024,나바9284,to_in_008,8
2024,나바9285,in_age_002,5
2024,나바9285,in_age_003,5
2024,나바9285,in_age_007,8
2024,나바9285,in_age_008,0
2024,나바9285,in_age_009,5
2024,나바9285,in_age_011,0
2024,나바9285,in_age_012,8
2024,나바9285,in_age_013,5
2024,나바9285,in_age_014,5
2024,나바9285,in_age_015,8
2024,나바9285,in_age_016,5
2024,나바9285,in_age_017,5
2024,나바9285,in_age_019,5
2024,나바9285,in_age_032,0
2024,나바9285,in_age_033,0
2024,나바9285,in_age_037,5
2024,나바9285,in_age_039,5
2024,나바9285,in_age_041,0
2024,나바9285,in_age_042,5
2024,나바9285,in_age_043,5
2024,나바9285,in_age_044,5
2024,나바9285,in_age_045,5
2024,나바9285,in_age_046,5
2024,나바9285,in_age_062,0
2024,나바9285,in_age_063,5
2024,나바9285,in_age_067,8
2024,나바9285,in_age_068,0
2024,나바9285,in_age_072,5
2024,나바9285,in_age_073,0
2024,나바9285,in_age_074,5
2024,나바9285,in_age_075,5
2024,나바9285,in_age_076,0
2024,나바9285,in_age_077,5
2024,나바9285,in_age_079,5
2024,나바9285,to_in_001,38
2024,나바9285,to_in_007,18
2024,나바9285,to_in_008,18
2024,나바9286,in_age_005,0
2024,나바9286,in_age_008,0
2024,나바9286,in_age_009,0
2024,나바9286,in_age_010,0
2024,나바9286,in_age_011,5
2024,나바9286,in_age_012,0
2024,나바9286,in_age_013,5
2024,나바9286,in_age_014,8
2024,나바9286,in_age_015,8
2024,나바9286,in_age_016,5
2024,나바9286,in_age_018,0
2024,나바9286,in_age_019,0
2024,나바9286,in_age_020,5
2024,나바9286,in_age_035,0
2024,나바9286,in_age_038,0
2024,나바9286,in_age_039,0
2024,나바9286,in_age_040,0
2024,나바9286,in_age_041,0
2024,나바9286,in_age_042,0
2024,나바9286,in_age_043,0
2024,나바9286,in_age_044,5
2024,나바9286,in_age_045,5
2024,나바9286,in_age_046,5
2024,나바9286,in_age_050,5
2024,나바9286,in_age_071,5
2024,나바9286,in_age_073,5
2024,나바9286,in_age_074,8
2024,나바9286,in_age_075,8
2024,나바9286,in_age_076,0
2024,나바9286,in_age_078,0
2024,나바9286,in_age_079,0
2024,나바9286,to_in_001,28
2024,나바9286,to_in_007,18
2024,나바9286,to_in_008,13
2024,나바9329,in_age_003,0
2024,나바9329,in_age_009,5
2024,나바9329,in_age_010,5
2024,나바9329,in_age_011,5
2024,나바9329,in_age_012,0
2024,나바9329,in_age_013,5
2024,나바9329,in_age_014,5
2024,나바9329,in_age_015,8
2024,나바9329,in_age_016,0
2024,나바9329,in_age_017,5
2024,나바9329,in_age_040,5
2024,나바9329,in_age_041,0
2024,나바9329,in_age_042,0
2024,나바9329,in_age_044,5
2024,나바9329,in_age_045,5
2024,나바9329,in_age_046,0
2024,나바9329,in_age_063,0
2024,나바9329,in_age_069,5
2024,나바9329,in_age_071,0
2024,나바9329,in_age_073,5
2024,나바9329,in_age_074,5
2024,나바9329,in_age_075,5
2024,나바9329,in_age_077,5
2024,나바9329,to_in_001,18
2024,나바9329,to_in_007,8
2024,나바9329,to_in_008,8
2024,나바9342,in_age_014,0
2024,나바9342,in_age_015,0
2024,나바9342,in_age_045,0
2024,나바9342,in_age_074,0
2024,나바9342,to_in_001,5
2024,나바9342,to_in_007,0
2024,나바9342,to_in_008,0
2024,나바9344,in_age_002,0
2024,나바9344,in_age_003,0
2024,나바9344,in_age_004,0
2024,나바9344,in_age_006,5
2024,나바9344,in_age_007,5
2024,나바9344,in_age_008,0
2024,나바9344,in_age_009,0
2024,나바9344,in_age_010,5
2024,나바9344,in_age_011,8
2024,나바9344,in_age_012,8
2024,나바9344,in_age_013,13
2024,나바9344,in_age_014,8
2024,나바9344,in_age_015,8
2024,나바9344,in_age_016,5
2024,나바9344,in_age_017,5
2024,나바9344,in_age_018,5
2024,나바9344,in_age_033,0
2024,나바9344,in_age_034,0
2024,나바9344,in_age_036,0
2024,나바9344,in_age_037,0
2024,나바9344,in_age_039,0
2024,나바9344,in_age_040,0
2024,나바9344,in_age_041,8
2024,나바9344,in_age_042,5
2024,나바9344,in_age_043,5
2024,나바9344,in_age_044,5
2024,나바9344,in_age_045,8
2024,나바9344,in_age_046,5
2024,나바9344,in_age_047,0
2024,나바9344,in_age_048,5
2024,나바9344,in_age_062,0
2024,나바9344,in_age_066,0
2024,나바9344,in_age_067,0
2024,나바9344,in_age_068,0
2024,나바9344,in_age_070,0
2024,나바9344,in_age_071,5
2024,나바9344,in_age_072,5
2024,나바9344,in_age_073,8
2024,나바9344,in_age_074,5
2024,나바9344,in_age_075,0
2024,나바9344,in_age_077,0
2024,나바9344,in_age_078,5
2024,나바9344,to_in_001,63
2024,나바9344,to_in_007,33
2024,나바9344,to_in_008,28
2024,나바9345,in_age_003,0
2024,나바9345,in_age_004,5
2024,나바9345,in_age_005,0
2024,나바9345,in_age_007,5
2024,나바9345,in_age_008,5
2024,나바9345,in_age_009,5
2024,나바9345,in_age_010,5
2024,나바9345,in_age_011,5
2024,나바9345,in_age_012,5
2024,나바9345,in_age_013,5
2024,나바9345,in_age_014,5
2024,나바9345,in_age_015,8
2024,나바9345,in_age_016,5
2024,나바9345,in_age_017,8
2024,나바9345,in_age_018,0
2024,나바9345,in_age_034,0
2024,나바9345,in_age_037,5
2024,나바9345,in_age_038,5
2024,나바9345,in_age_039,5
2024,나바9345,in_age_040,0
2024,나바9345,in_age_041,5
2024,나바9345,in_age_042,0
2024,나바9345,in_age_043,0
2024,나바9345,in_age_044,5
2024,나바9345,in_age_045,0
2024,나바9345,in_age_046,5
2024,나바9345,in_age_047,0
2024,나바9345,in_age_048,0
2024,나바9345,in_age_063,0
2024,나바9345,in_age_064,5
2024,나바9345,in_age_065,0
2024,나바9345,in_age_069,5
2024,나바9345,in_age_070,5
2024,나바9345,in_age_072,0
2024,나바9345,in_age_073,5
2024,나바9345,in_age_074,0
2024,나바9345,in_age_075,8
2024,나바9345,in_age_076,0
2024,나바9345,in_age_077,8
2024,나바9345,to_in_001,43
2024,나바9345,to_in_007,23
2024,나바9345,to_in_008,18
2024,나바9346,in_age_001,0
2024,나바9346,in_age_003,0
2024,나바9346,in_age_004,5
2024,나바9346,in_age_005,0
2024,나바9346,in_age_006,5
2024,나바9346,in_age_007,0
2024,나바9346,in_age_008,0
2024,나바9346,in_age_009,0
2024,나바9346,in_age_010,8
2024,나바9346,in_age_011,5
2024,나바9346,in_age_012,8
2024,나바9346,in_age_013,8
2024,나바9346,in_age_014,8
2024,나바9346,in_age_015,5
2024,나바9346,in_age_016,5
2024,나바9346,in_age_017,8
2024,나바9346,in_age_018,5
2024,나바9346,in_age_031,0
2024,나바9346,in_age_034,0
2024,나바9346,in_age_035,0
2024,나바9346,in_age_036,0
2024,나바9346,in_age_040,8
2024,나바9346,in_age_041,5
2024,나바9346,in_age_042,8
2024,나바9346,in_age_043,8
2024,나바9346,in_age_044,5
2024,나바9346,in_age_045,0
2024,나바9346,in_age_046,5
2024,나바9346,in_age_047,5
2024,나바9346,in_age_048,0
2024,나바9346,in_age_063,0
2024,나바9346,in_age_064,5
2024,나바9346,in_age_066,5
2024,나바9346,in_age_067,0
2024,나바9346,in_age_068,0
2024,나바9346,in_age_069,0
2024,나바9346,in_age_070,0
2024,나바9346,in_age_071,5
2024,나바9346,in_age_072,5
2024,나바9346,in_age_073,5
2024,나바9346,in_age_074,5
2024,나바9346,in_age_075,5
2024,나바9346,in_age_077,5
2024,나바9346,in_age_078,5
2024,나바9346,to_in_001,58
2024,나바9346,to_in_007,28
2024,나바9346,to_in_008,28
2024,나바9347,in_age_001,5
2024,나바9347,in_age_003,8
2024,나바9347,in_age_004,8
2024,나바9347,in_age_005,18
2024,나바9347,in_age_006,0
2024,나바9347,in_age_007,8
2024,나바9347,in_age_009,8
2024,나바9347,in_age_010,8
2024,나바9347,in_age_011,18
2024,나바9347,in_age_012,23
2024,나바9347,in_age_013,13
2024,나바9347,in_age_014,13
2024,나바9347,in_age_015,13
2024,나바9347,in_age_016,13
2024,나바9347,in_age_017,8
2024,나바9347,in_age_018,5
2024,나바9347,in_age_019,5
2024,나바9347,in_age_020,5
2024,나바9347,in_age_031,0
2024,나바9347,in_age_033,5
2024,나바9347,in_age_034,5
2024,나바9347,in_age_035,13
2024,나바9347,in_age_036,0
2024,나바9347,in_age_037,8
2024,나바9347,in_age_039,5
2024,나바9347,in_age_040,5
2024,나바9347,in_age_041,13
2024,나바9347,in_age_042,13
2024,나바9347,in_age_043,8
2024,나바9347,in_age_044,8
2024,나바9347,in_age_045,8
2024,나바9347,in_age_046,8
2024,나바9347,in_age_048,0
2024,나바9347,in_age_050,0
2024,나바9347,in_age_061,5
2024,나바9347,in_age_063,5
2024,나바9347,in_age_064,8
2024,나바9347,in_age_065,8
2024,나바9347,in_age_067,5
2024,나바9347,in_age_069,8
2024,나바9347,in_age_070,8
2024,나바9347,in_age_071,8
2024,나바9347,in_age_072,13
2024,나바9347,in_age_073,8
2024,나바9347,in_age_074,8
2024,나바9347,in_age_075,8
2024,나바9347,in_age_076,5
2024,나바9347,in_age_077,8
2024,나바9347,in_age_078,0
2024,나바9347,in_age_079,5
2024,나바9347,in_age_080,0
2024,나바9347,to_in_001,173
2024,나바9347,to_in_007,93
2024,나바9347,to_in_008,78
2024,나바9348,in_age_001,5
2024,나바9348,in_age_003,5
2024,나바9348,in_age_004,5
2024,나바9348,in_age_006,0
2024,나바9348,in_age_007,5
2024,나바9348,in_age_008,8
2024,나바9348,in_age_009,5
2024,나바9348,in_age_010,5
2024,나바9348,in_age_011,8
2024,나바9348,in_age_012,13
2024,나바9348,in_age_013,18
2024,나바9348,in_age_014,18
2024,나바9348,in_age_015,13
2024,나바9348,in_age_016,8
2024,나바9348,in_age_017,8
2024,나바9348,in_age_018,13
2024,나바9348,in_age_019,0
2024,나바9348,in_age_033,0
2024,나바9348,in_age_034,5
2024,나바9348,in_age_037,5
2024,나바9348,in_age_038,5
2024,나바9348,in_age_039,0
2024,나바9348,in_age_040,5
2024,나바9348,in_age_041,5
2024,나바9348,in_age_042,8
2024,나바9348,in_age_043,13
2024,나바9348,in_age_044,8
2024,나바9348,in_age_045,8
2024,나바9348,in_age_046,5
2024,나바9348,in_age_047,0
2024,나바9348,in_age_048,8
2024,나바9348,in_age_061,5
2024,나바9348,in_age_063,5
2024,나바9348,in_age_066,0
2024,나바9348,in_age_068,5
2024,나바9348,in_age_069,5
2024,나바9348,in_age_070,0
2024,나바9348,in_age_071,5
2024,나바9348,in_age_072,8
2024,나바9348,in_age_073,8
2024,나바9348,in_age_074,8
2024,나바9348,in_age_075,5
2024,나바9348,in_age_076,8
2024,나바9348,in_age_077,8
2024,나바9348,in_age_078,8
2024,나바9348,in_age_079,0
2024,나바9348,to_in_001,123
2024,나바9348,to_in_007,63
2024,나바9348,to_in_008,58
2024,나바9349,in_age_002,0
2024,나바9349,in_age_003,8
2024,나바9349,in_age_004,5
2024,나바9349,in_age_005,5
2024,나바9349,in_age_006,5
2024,나바9349,in_age_007,5
2024,나바9349,in_age_008,8
2024,나바9349,in_age_009,8
2024,나바9349,in_age_010,8
2024,나바9349,in_age_011,13
2024,나바9349,in_age_012,8
2024,나바9349,in_age_013,13
2024,나바9349,in_age_014,18
2024,나바9349,in_age_015,13
2024,나바9349,in_age_016,5
2024,나바9349,in_age_017,5
2024,나바9349,in_age_018,8
2024,나바9349,in_age_019,0
2024,나바9349,in_age_032,0
2024,나바9349,in_age_033,8
2024,나바9349,in_age_034,0
2024,나바9349,in_age_035,5
2024,나바9349,in_age_036,0
2024,나바9349,in_age_037,5
2024,나바9349,in_age_038,5
2024,나바9349,in_age_039,5
2024,나바9349,in_age_040,5
2024,나바9349,in_age_041,8
2024,나바9349,in_age_042,8
2024,나바9349,in_age_043,8
2024,나바9349,in_age_044,5
2024,나바9349,in_age_045,8
2024,나바9349,in_age_046,5
2024,나바9349,in_age_047,0
2024,나바9349,in_age_049,0
2024,나바9349,in_age_063,5
2024,나바9349,in_age_064,0
2024,나바9349,in_age_066,0
2024,나바9349,in_age_067,0
2024,나바9349,in_age_068,5
2024,나바9349,in_age_069,5
2024,나바9349,in_age_070,5
2024,나바9349,in_age_071,5
2024,나바9349,in_age_072,5
2024,나바9349,in_age_073,8
2024,나바9349,in_age_074,13
2024,나바9349,in_age_075,5
2024,나바9349,in_age_076,5
2024,나바9349,in_age_077,5
2024,나바9349,in_age_078,8
2024,나바9349,to_in_001,118
2024,나바9349,to_in_007,58
2024,나바9349,to_in_008,58
2024,나바9350,in_age_001,5
2024,나바9350,in_age_002,0
2024,나바9350,in_age_003,5
2024,나바9350,in_age_004,8
2024,나바9350,in_age_005,5
2024,나바9350,in_age_006,0
2024,나바9350,in_age_007,5
2024,나바9350,in_age_008,5
2024,나바9350,in_age_009,8
2024,나바9350,in_age_010,5
2024,나바9350,in_age_011,5
2024,나바9350,in_age_012,13
2024,나바9350,in_age_013,8
2024,나바9350,in_age_014,8
2024,나바9350,in_age_015,5
2024,나바9350,in_age_016,8
2024,나바9350,in_age_017,5
2024,나바9350,in_age_018,5
2024,나바9350,in_age_019,0
2024,나바9350,in_age_032,0
2024,나바9350,in_age_033,5
2024,나바9350,in_age_036,0
2024,나바9350,in_age_037,5
2024,나바9350,in_age_038,0
2024,나바9350,in_age_039,5
2024,나바9350,in_age_040,5
2024,나바9350,in_age_041,5
2024,나바9350,in_age_042,8
2024,나바9350,in_age_043,5
2024,나바9350,in_age_044,5
2024,나바9350,in_age_045,5
2024,나바9350,in_age_046,8
2024,나바9350,in_age_048,0
2024,나바9350,in_age_061,5
2024,나바9350,in_age_063,5
2024,나바9350,in_age_064,8
2024,나바9350,in_age_065,5
2024,나바9350,in_age_068,0
2024,나바9350,in_age_069,5
2024,나바9350,in_age_070,0
2024,나바9350,in_age_072,8
2024,나바9350,in_age_073,5
2024,나바9350,in_age_074,5
2024,나바9350,in_age_075,5
2024,나바9350,in_age_076,0
2024,나바9350,in_age_077,5
2024,나바9350,in_age_078,5
2024,나바9350,in_age_079,0
2024,나바9350,to_in_001,63
2024,나바9350,to_in_007,33
2024,나바9350,to_in_008,33
2024,나바9351,in_age_005,5
2024,나바9351,in_age_006,5
2024,나바9351,in_age_007,5
2024,나바9351,in_age_008,5
2024,나바9351,in_age_009,0
2024,나바9351,in_age_010,5
2024,나바9351,in_age_011,8
2024,나바9351,in_age_012,8
2024,나바9351,in_age_013,13
2024,나바9351,in_age_014,13
2024,나바9351,in_age_015,18
2024,나바9351,in_age_016,8
2024,나바9351,in_age_017,8
2024,나바9351,in_age_018,8
2024,나바9351,in_age_019,8
2024,나바9351,in_age_035,0
2024,나바9351,in_age_036,5
2024,나바9351,in_age_037,0
2024,나바9351,in_age_038,0
2024,나바9351,in_age_040,5
2024,나바9351,in_age_041,5
2024,나바9351,in_age_042,8
2024,나바9351,in_age_043,8
2024,나바9351,in_age_044,5
2024,나바9351,in_age_045,8
2024,나바9351,in_age_046,5
2024,나바9351,in_age_047,0
2024,나바9351,in_age_048,5
2024,나바9351,in_age_065,0
2024,나바9351,in_age_066,0
2024,나바9351,in_age_067,0
2024,나바9351,in_age_068,0
2024,나바9351,in_age_069,0
2024,나바9351,in_age_071,8
2024,나바9351,in_age_072,5
2024,나바9351,in_age_073,8
2024,나바9351,in_age_074,8
2024,나바9351,in_age_075,8
2024,나바9351,in_age_076,8
2024,나바9351,in_age_077,5
2024,나바9351,in_age_078,8
2024,나바9351,in_age_079,8
2024,나바9351,to_in_001,98
2024,나바9351,to_in_007,48
2024,나바9351,to_in_008,53
2024,나바9352,in_age_004,5
2024,나바9352,in_age_006,5
2024,나바9352,in_age_007,5
2024,나바9352,in_age_008,0
2024,나바9352,in_age_009,0
2024,나바9352,in_age_010,8
2024,나바9352,in_age_011,5
2024,나바9352,in_age_012,8
2024,나바9352,in_age_013,8
2024,나바9352,in_age_014,8
2024,나바9352,in_age_015,13
2024,나바9352,in_age_016,13
2024,나바9352,in_age_017,8
2024,나바9352,in_age_018,5
2024,나바9352,in_age_019,5
2024,나바9352,in_age_034,0
2024,나바9352,in_age_037,5
2024,나바9352,in_age_038,0
2024,나바9352,in_age_039,0
2024,나바9352,in_age_040,5
2024,나바9352,in_age_041,5
2024,나바9352,in_age_042,8
2024,나바9352,in_age_043,5
2024,나바9352,in_age_044,5
2024,나바9352,in_age_045,8
2024,나바9352,in_age_046,8
2024,나바9352,in_age_047,5
2024,나바9352,in_age_048,0
2024,나바9352,in_age_064,5
2024,나바9352,in_age_066,5
2024,나바9352,in_age_067,0
2024,나바9352,in_age_070,5
2024,나바9352,in_age_071,5
2024,나바9352,in_age_072,5
2024,나바9352,in_age_073,5
2024,나바9352,in_age_074,8
2024,나바9352,in_age_075,8
2024,나바9352,in_age_076,8
2024,나바9352,in_age_077,5
2024,나바9352,in_age_078,5
2024,나바9352,in_age_079,5
2024,나바9352,to_in_001,83
2024,나바9352,to_in_007,43
2024,나바9352,to_in_008,43
2024,나바9353,in_age_006,5
2024,나바9353,in_age_008,0
2024,나바9353,in_age_009,5
2024,나바9353,in_age_010,5
2024,나바9353,in_age_011,5
2024,나바9353,in_age_012,5
2024,나바9353,in_age_013,5
2024,나바9353,in_age_014,8
2024,나바9353,in_age_015,5
2024,나바9353,in_age_016,5
2024,나바9353,in_age_017,8
2024,나바9353,in_age_018,5
2024,나바9353,in_age_036,5
2024,나바9353,in_age_040,5
2024,나바9353,in_age_041,0
2024,나바9353,in_age_042,0
2024,나바9353,in_age_043,0
2024,나바9353,in_age_044,5
2024,나바9353,in_age_045,5
2024,나바9353,in_age_046,0
2024,나바9353,in_age_047,5
2024,나바9353,in_age_048,0
2024,나바9353,in_age_066,0
2024,나바9353,in_age_068,0
2024,나바9353,in_age_069,5
2024,나바9353,in_age_071,0
2024,나바9353,in_age_072,0
2024,나바9353,in_age_073,5
2024,나바9353,in_age_074,5
2024,나바9353,in_age_075,5
2024,나바9353,in_age_076,5
2024,나바9353,in_age_077,5
2024,나바9353,in_age_078,0
2024,나바9353,to_in_001,38
2024,나바9353,to_in_007,18
2024,나바9353,to_in_008,18
2024,나바9354,in_age_015,0
2024,나바9354,in_age_045,0
2024,나바9354,to_in_001,0
2024,나바9354,to_in_007,0
2024,나바9354,to_in_008,0
2024,나바9355,in_age_003,5
2024,나바9355,in_age_004,0
2024,나바9355,in_age_009,5
2024,나바9355,in_age_014,0
2024,나바9355,in_age_033,5
2024,나바9355,in_age_034,0
2024,나바9355,in_age_039,0
2024,나바9355,in_age_044,0
2024,나바9355,in_age_069,0
2024,나바9355,to_in_001,5
2024,나바9355,to_in_007,5
2024,나바9355,to_in_008,0
2024,나바9356,in_age_006,5
2024,나바9356,in_age_009,0
2024,나바9356,in_age_011,0
2024,나바9356,in_age_014,5
2024,나바9356,in_age_015,0
2024,나바9356,in_age_016,0
2024,나바9356,in_age_039,0
2024,나바9356,in_age_045,0
2024,나바9356,in_age_046,0
2024,나바9356,in_age_066,5
2024,나바9356,in_age_071,0
2024,나바9356,in_age_074,5
2024,나바9356,to_in_001,8
2024,나바9356,to_in_007,5
2024,나바9356,to_in_008,5
2024,나바9357,in_age_005,0
2024,나바9357,in_age_006,5
2024,나바9357,in_age_008,5
2024,나바9357,in_age_009,0
2024,나바9357,in_age_010,5
2024,나바9357,in_age_011,5
2024,나바9357,in_age_012,8
2024,나바9357,in_age_013,13
2024,나바9357,in_age_014,8
2024,나바9357,in_age_015,5
2024,나바9357,in_age_016,8
2024,나바9357,in_age_017,5
2024,나바9357,in_age_018,5
2024,나바9357,in_age_019,5
2024,나바9357,in_age_035,0
2024,나바9357,in_age_036,5
2024,나바9357,in_age_038,0
2024,나바9357,in_age_039,0
2024,나바9357,in_age_040,5
2024,나바9357,in_age_041,5
2024,나바9357,in_age_042,5
2024,나바9357,in_age_043,8
2024,나바9357,in_age_044,5
2024,나바9357,in_age_045,0
2024,나바9357,in_age_046,8
2024,나바9357,in_age_048,0
2024,나바9357,in_age_068,5
2024,나바9357,in_age_070,5
2024,나바9357,in_age_072,5
2024,나바9357,in_age_073,5
2024,나바9357,in_age_074,5
2024,나바9357,in_age_075,5
2024,나바9357,in_age_076,0
2024,나바9357,in_age_077,5
2024,나바9357,in_age_078,5
2024,나바9357,in_age_079,5
2024,나바9357,to_in_001,58
2024,나바9357,to_in_007,33
2024,나바9357,to_in_008,28
2024,나바9358,in_age_001,5
2024,나바9358,in_age_002,5
2024,나바9358,in_age_003,5
2024,나바9358,in_age_005,0
2024,나바9358,in_age_006,5
2024,나바9358,in_age_007,5
2024,나바9358,in_age_008,5
2024,나바9358,in_age_009,0
2024,나바9358,in_age_010,5
2024,나바9358,in_age_011,8
2024,나바9358,in_age_012,5
2024,나바9358,in_age_013,8
2024,나바9358,in_age_014,8
2024,나바9358,in_age_015,13
2024,나바9358,in_age_016,8
2024,나바9358,in_age_017,8
2024,나바9358,in_age_018,5
2024,나바9358,in_age_019,5
2024,나바9358,in_age_031,0
2024,나바9358,in_age_032,5
2024,나바9358,in_age_036,0
2024,나바9358,in_age_037,5
2024,나바9358,in_age_038,5
2024,나바9358,in_age_040,0
2024,나바9358,in_age_041,5
2024,나바9358,in_age_042,5
2024,나바9358,in_age_043,8
2024,나바9358,in_age_044,5
2024,나바9358,in_age_045,5
2024,나바9358,in_age_046,5
2024,나바9358,in_age_047,5
2024,나바9358,in_age_048,5
2024,나바9358,in_age_049,0
2024,나바9358,in_age_061,0
2024,나바9358,in_age_063,5
2024,나바9358,in_age_065,0
2024,나바9358,in_age_066,0
2024,나바9358,in_age_067,0
2024,나바9358,in_age_068,0
2024,나바9358,in_age_069,0
2024,나바9358,in_age_070,0
2024,나바9358,in_age_071,5
2024,나바9358,in_age_072,5
2024,나바9358,in_age_073,5
2024,나바9358,in_age_074,8
2024,나바9358,in_age_075,8
2024,나바9358,in_age_076,8
2024,나바9358,in_age_077,8
2024,나바9358,in_age_078,5
2024,나바9358,in_age_079,5
2024,나바9358,to_in_001,78
2024,나바9358,to_in_007,38
2024,나바9358,to_in_008,43
2024,나바9359,in_age_002,5
2024,나바9359,in_age_003,0
2024,나바9359,in_age_004,5
2024,나바9359,in_age_005,5
2024,나바9359,in_age_006,5
2024,나바9359,in_age_007,8
2024,나바9359,in_age_008,0
2024,나바9359,in_age_009,8
2024,나바9359,in_age_010,8
2024,나바9359,in_age_011,5
2024,나바9359,in_age_012,8
2024,나바9359,in_age_013,0
2024,나바9359,in_age_014,8
2024,나바9359,in_age_015,18
2024,나바9359,in_age_016,13
2024,나바9359,in_age_017,5
2024,나바9359,in_age_018,5
2024,나바9359,in_age_019,0
2024,나바9359,in_age_032,5
2024,나바9359,in_age_033,0
2024,나바9359,in_age_034,5
2024,나바9359,in_age_035,0
2024,나바9359,in_age_036,5
2024,나바9359,in_age_037,5
2024,나바9359,in_age_038,0
2024,나바9359,in_age_039,5
2024,나바9359,in_age_040,5
2024,나바9359,in_age_041,5
2024,나바9359,in_age_042,8
2024,나바9359,in_age_043,0
2024,나바9359,in_age_044,5
2024,나바9359,in_age_045,5
2024,나바9359,in_age_046,8
2024,나바9359,in_age_047,5
2024,나바9359,in_age_062,0
2024,나바9359,in_age_065,0
2024,나바9359,in_age_066,0
2024,나바9359,in_age_067,5
2024,나바9359,in_age_069,5
2024,나바9359,in_age_070,5
2024,나바9359,in_age_071,0
2024,나바9359,in_age_072,5
2024,나바9359,in_age_074,8
2024,나바9359,in_age_075,13
2024,나바9359,in_age_076,8
2024,나바9359,in_age_077,5
2024,나바9359,in_age_078,5
2024,나바9359,in_age_079,0
2024,나바9359,to_in_001,93
2024,나바9359,to_in_007,48
2024,나바9359,to_in_008,43
2024,나바9360,in_age_001,0
2024,나바9360,in_age_002,8
2024,나바9360,in_age_003,5
2024,나바9360,in_age_004,8
2024,나바9360,in_age_005,5
2024,나바9360,in_age_006,8
2024,나바9360,in_age_007,5
2024,나바9360,in_age_008,8
2024,나바9360,in_age_009,13
2024,나바9360,in_age_010,8
2024,나바9360,in_age_011,13
2024,나바9360,in_age_012,23
2024,나바9360,in_age_013,23
2024,나바9360,in_age_014,23
2024,나바9360,in_age_015,18
2024,나바9360,in_age_016,8
2024,나바9360,in_age_017,8
2024,나바9360,in_age_018,5
2024,나바9360,in_age_019,8
2024,나바9360,in_age_031,0
2024,나바9360,in_age_032,5
2024,나바9360,in_age_033,5
2024,나바9360,in_age_034,5
2024,나바9360,in_age_035,5
2024,나바9360,in_age_036,5
2024,나바9360,in_age_037,5
2024,나바9360,in_age_038,8
2024,나바9360,in_age_039,8
2024,나바9360,in_age_040,8
2024,나바9360,in_age_041,8
2024,나바9360,in_age_042,13
2024,나바9360,in_age_043,13
2024,나바9360,in_age_044,8
2024,나바9360,in_age_045,8
2024,나바9360,in_age_046,8
2024,나바9360,in_age_047,5
2024,나바9360,in_age_048,5
2024,나바9360,in_age_049,8
2024,나바9360,in_age_062,5
2024,나바9360,in_age_064,8
2024,나바9360,in_age_065,5
2024,나바9360,in_age_066,5
2024,나바9360,in_age_067,5
2024,나바9360,in_age_068,5
2024,나바9360,in_age_069,5
2024,나바9360,in_age_070,5
2024,나바9360,in_age_071,8
2024,나바9360,in_age_072,13
2024,나바9360,in_age_073,8
2024,나바9360,in_age_074,13
2024,나바9360,in_age_075,8
2024,나바9360,in_age_076,5
2024,나바9360,in_age_077,8
2024,나바9360,in_age_078,5
2024,나바9360,in_age_079,5
2024,나바9360,to_in_001,178
2024,나바9360,to_in_007,88
2024,나바9360,to_in_008,88
2024,나바9361,in_age_001,158
2024,나바9361,in_age_002,226
2024,나바9361,in_age_003,238
2024,나바9361,in_age_004,231
2024,나바9361,in_age_005,218
2024,나바9361,in_age_006,336
2024,나바9361,in_age_007,361
2024,나바9361,in_age_008,314
2024,나바9361,in_age_009,410
2024,나바9361,in_age_010,412
2024,나바9361,in_age_011,479
2024,나바9361,in_age_012,387
2024,나바9361,in_age_013,344
2024,나바9361,in_age_014,289
2024,나바9361,in_age_015,193
2024,나바9361,in_age_016,149
2024,나바9361,in_age_017,110
2024,나바9361,in_age_018,62
2024,나바9361,in_age_019,24
2024,나바9361,in_age_020,0
2024,나바9361,in_age_031,72
2024,나바9361,in_age_032,129
2024,나바9361,in_age_033,122
2024,나바9361,in_age_034,121
2024,나바9361,in_age_035,129
2024,나바9361,in_age_036,186
2024,나바9361,in_age_037,202
2024,나바9361,in_age_038,165
2024,나바9361,in_age_039,213
2024,나바9361,in_age_040,211
2024,나바9361,in_age_041,252
2024,나바9361,in_age_042,212
2024,나바9361,in_age_043,165
2024,나바9361,in_age_044,144
2024,나바9361,in_age_045,83
2024,나바9361,in_age_046,72
2024,나바9361,in_age_047,39
2024,나바9361,in_age_048,13
2024,나바9361,in_age_049,5
2024,나바9361,in_age_061,84
2024,나바9361,in_age_062,95
2024,나바9361,in_age_063,119
2024,나바9361,in_age_064,108
2024,나바9361,in_age_065,92
2024,나바9361,in_age_066,148
2024,나바9361,in_age_067,157
2024,나바9361,in_age_068,147
2024,나바9361,in_age_069,195
2024,나바9361,in_age_070,199
2024,나바9361,in_age_071,225
2024,나바9361,in_age_072,178
2024,나바9361,in_age_073,177
2024,나바9361,in_age_074,143
2024,나바9361,in_age_075,108
2024,나바9361,in_age_076,75
2024,나바9361,in_age_077,74
2024,나바9361,in_age_078,47
2024,나바9361,in_age_079,24
2024,나바9361,in_age_080,0
2024,나바9361,to_in_001,4937
2024,나바9361,to_in_007,2539
2024,나바9361,to_in_008,2396
2024,나바9362,in_age_001,117
2024,나바9362,in_age_002,290
2024,나바9362,in_age_003,401
2024,나바9362,in_age_004,364
2024,나바9362,in_age_005,161
2024,나바9362,in_age_006,228
2024,나바9362,in_age_007,216
2024,나바9362,in_age_008,310
2024,나바9362,in_age_009,486
2024,나바9362,in_age_010,465
2024,나바9362,in_age_011,505
2024,나바9362,in_age_012,509
2024,나바9362,in_age_013,477
2024,나바9362,in_age_014,438
2024,나바9362,in_age_015,300
2024,나바9362,in_age_016,219
2024,나바9362,in_age_017,127
2024,나바9362,in_age_018,73
2024,나바9362,in_age_019,33
2024,나바9362,in_age_020,5
2024,나바9362,in_age_031,61
2024,나바9362,in_age_032,136
2024,나바9362,in_age_033,201
2024,나바9362,in_age_034,193
2024,나바9362,in_age_035,103
2024,나바9362,in_age_036,130
2024,나바9362,in_age_037,128
2024,나바9362,in_age_038,151
2024,나바9362,in_age_039,232
2024,나바9362,in_age_040,224
2024,나바9362,in_age_041,260
2024,나바9362,in_age_042,248
2024,나바9362,in_age_043,236
2024,나바9362,in_age_044,202
2024,나바9362,in_age_045,154
2024,나바9362,in_age_046,100
2024,나바9362,in_age_047,43
2024,나바9362,in_age_048,23
2024,나바9362,in_age_049,8
2024,나바9362,in_age_050,0
2024,나바9362,in_age_061,59
2024,나바9362,in_age_062,157
2024,나바9362,in_age_063,198
2024,나바9362,in_age_064,169
2024,나바9362,in_age_065,56
2024,나바9362,in_age_066,101
2024,나바9362,in_age_067,91
2024,나바9362,in_age_068,157
2024,나바9362,in_age_069,257
2024,나바9362,in_age_070,244
2024,나바9362,in_age_071,248
2024,나바9362,in_age_072,264
2024,나바9362,in_age_073,239
2024,나바9362,in_age_074,239
2024,나바9362,in_age_075,144
2024,나바9362,in_age_076,122
2024,나바9362,in_age_077,87
2024,나바9362,in_age_078,48
2024,나바9362,in_age_079,28
2024,나바9362,in_age_080,5
2024,나바9362,to_in_001,5735
2024,나바9362,to_in_007,2824
2024,나바9362,to_in_008,2909
2024,나바9363,in_age_002,5
2024,나바9363,in_age_003,5
2024,나바9363,in_age_004,5
2024,나바9363,in_age_005,8
2024,나바9363,in_age_006,8
2024,나바9363,in_age_007,5
2024,나바9363,in_age_009,8
2024,나바9363,in_age_010,8
2024,나바9363,in_age_011,13
2024,나바9363,in_age_012,13
2024,나바9363,in_age_013,13
2024,나바9363,in_age_014,13
2024,나바9363,in_age_015,8
2024,나바9363,in_age_016,5
2024,나바9363,in_age_017,0
2024,나바9363,in_age_018,5
2024,나바9363,in_age_032,5
2024,나바9363,in_age_033,5
2024,나바9363,in_age_034,5
2024,나바9363,in_age_035,5
2024,나바9363,in_age_036,5
2024,나바9363,in_age_037,5
2024,나바9363,in_age_039,5
2024,나바9363,in_age_040,5
2024,나바9363,in_age_041,8
2024,나바9363,in_age_042,8
2024,나바9363,in_age_043,8
2024,나바9363,in_age_044,8
2024,나바9363,in_age_045,8
2024,나바9363,in_age_046,0
2024,나바9363,in_age_048,0
2024,나바9363,in_age_063,5
2024,나바9363,in_age_064,5
2024,나바9363,in_age_065,5
2024,나바9363,in_age_066,5
2024,나바9363,in_age_067,5
2024,나바9363,in_age_069,5
2024,나바9363,in_age_070,5
2024,나바9363,in_age_071,8
2024,나바9363,in_age_072,8
2024,나바9363,in_age_073,8
2024,나바9363,in_age_074,5
2024,나바9363,in_age_075,5
2024,나바9363,in_age_076,5
2024,나바9363,in_age_077,0
2024,나바9363,in_age_078,5
2024,나바9363,to_in_001,103
2024,나바9363,to_in_007,53
2024,나바9363,to_in_008,48
2024,나바9365,in_age_011,0
2024,나바9365,in_age_012,5
2024,나바9365,in_age_014,0
2024,나바9365,in_age_015,5
2024,나바9365,in_age_016,0
2024,나바9365,in_age_017,0
2024,나바9365,in_age_042,5
2024,나바9365,in_age_044,0
2024,나바9365,in_age_045,5
2024,나바9365,in_age_071,0
2024,나바9365,in_age_072,0
2024,나바9365,in_age_075,5
2024,나바9365,in_age_076,0
2024,나바9365,in_age_077,0
2024,나바9365,to_in_001,13
2024,나바9365,to_in_007,8
2024,나바9365,to_in_008,8
2024,나바9366,in_age_001,0
2024,나바9366,in_age_002,5
2024,나바9366,in_age_004,0
2024,나바9366,in_age_005,0
2024,나바9366,in_age_006,0
2024,나바9366,in_age_007,0
2024,나바9366,in_age_008,5
2024,나바9366,in_age_009,5
2024,나바9366,in_age_010,5
2024,나바9366,in_age_011,5
2024,나바9366,in_age_012,5
2024,나바9366,in_age_013,8
2024,나바9366,in_age_014,8
2024,나바9366,in_age_015,8
2024,나바9366,in_age_016,8
2024,나바9366,in_age_017,13
2024,나바9366,in_age_018,5
2024,나바9366,in_age_019,5
2024,나바9366,in_age_021,0
2024,나바9366,in_age_032,0
2024,나바9366,in_age_034,0
2024,나바9366,in_age_035,0
2024,나바9366,in_age_036,0
2024,나바9366,in_age_038,5
2024,나바9366,in_age_039,5
2024,나바9366,in_age_040,5
2024,나바9366,in_age_041,5
2024,나바9366,in_age_042,5
2024,나바9366,in_age_043,8
2024,나바9366,in_age_044,5
2024,나바9366,in_age_045,8
2024,나바9366,in_age_046,5
2024,나바9366,in_age_047,5
2024,나바9366,in_age_048,5
2024,나바9366,in_age_061,0
2024,나바9366,in_age_062,5
2024,나바9366,in_age_067,0
2024,나바9366,in_age_068,0
2024,나바9366,in_age_069,0
2024,나바9366,in_age_070,5
2024,나바9366,in_age_071,0
2024,나바9366,in_age_072,0
2024,나바9366,in_age_073,8
2024,나바9366,in_age_074,5
2024,나바9366,in_age_075,5
2024,나바9366,in_age_076,8
2024,나바9366,in_age_077,8
2024,나바9366,in_age_079,5
2024,나바9366,in_age_081,0
2024,나바9366,to_in_001,78
2024,나바9366,to_in_007,43
2024,나바9366,to_in_008,38
2024,나바9367,in_age_002,0
2024,나바9367,in_age_003,5
2024,나바9367,in_age_005,0
2024,나바9367,in_age_006,5
2024,나바9367,in_age_007,5
2024,나바9367,in_age_008,5
2024,나바9367,in_age_009,0
2024,나바9367,in_age_010,5
2024,나바9367,in_age_011,5
2024,나바9367,in_age_012,8
2024,나바9367,in_age_013,13
2024,나바9367,in_age_014,8
2024,나바9367,in_age_015,8
2024,나바9367,in_age_016,8
2024,나바9367,in_age_017,13
2024,나바9367,in_age_018,5
2024,나바9367,in_age_019,5
2024,나바9367,in_age_032,0
2024,나바9367,in_age_035,0
2024,나바9367,in_age_036,0
2024,나바9367,in_age_037,5
2024,나바9367,in_age_040,5
2024,나바9367,in_age_041,5
2024,나바9367,in_age_042,5
2024,나바9367,in_age_043,8
2024,나바9367,in_age_044,5
2024,나바9367,in_age_045,5
2024,나바9367,in_age_046,5
2024,나바9367,in_age_047,5
2024,나바9367,in_age_048,5
2024,나바9367,in_age_063,5
2024,나바9367,in_age_066,5
2024,나바9367,in_age_067,0
2024,나바9367,in_age_068,5
2024,나바9367,in_age_069,0
2024,나바9367,in_age_071,0
2024,나바9367,in_age_072,8
2024,나바9367,in_age_073,5
2024,나바9367,in_age_074,8
2024,나바9367,in_age_075,5
2024,나바9367,in_age_076,5
2024,나바9367,in_age_077,8
2024,나바9367,in_age_078,5
2024,나바9367,in_age_079,5
2024,나바9367,to_in_001,83
2024,나바9367,to_in_007,43
2024,나바9367,to_in_008,43
2024,나바9368,in_age_006,0
2024,나바9368,in_age_010,8
2024,나바9368,in_age_011,0
2024,나바9368,in_age_012,8
2024,나바9368,in_age_013,5
2024,나바9368,in_age_014,8
2024,나바9368,in_age_015,5
2024,나바9368,in_age_016,8
2024,나바9368,in_age_017,5
2024,나바9368,in_age_018,5
2024,나바9368,in_age_040,5
2024,나바9368,in_age_042,8
2024,나바9368,in_age_043,5
2024,나바9368,in_age_044,5
2024,나바9368,in_age_045,0
2024,나바9368,in_age_046,8
2024,나바9368,in_age_048,0
2024,나바9368,in_age_066,0
2024,나바9368,in_age_070,5
2024,나바9368,in_age_071,0
2024,나바9368,in_age_072,0
2024,나바9368,in_age_073,0
2024,나바9368,in_age_074,5
2024,나바9368,in_age_075,5
2024,나바9368,in_age_076,5
2024,나바9368,in_age_077,5
2024,나바9368,in_age_078,5
2024,나바9368,to_in_001,43
2024,나바9368,to_in_007,23
2024,나바9368,to_in_008,18
2024,나바9370,in_age_002,0
2024,나바9370,in_age_006,5
2024,나바9370,in_age_009,5
2024,나바9370,in_age_010,0
2024,나바9370,in_age_011,5
2024,나바9370,in_age_012,8
2024,나바9370,in_age_013,5
2024,나바9370,in_age_014,5
2024,나바9370,in_age_015,5
2024,나바9370,in_age_016,5
2024,나바9370,in_age_018,0
2024,나바9370,in_age_019,5
2024,나바9370,in_age_032,0
2024,나바9370,in_age_036,5
2024,나바9370,in_age_039,0
2024,나바9370,in_age_040,0
2024,나바9370,in_age_041,0
2024,나바9370,in_age_042,5
2024,나바9370,in_age_043,5
2024,나바9370,in_age_044,5
2024,나바9370,in_age_045,5
2024,나바9370,in_age_046,0
2024,나바9370,in_age_069,0
2024,나바9370,in_age_071,0
2024,나바9370,in_age_072,8
2024,나바9370,in_age_073,5
2024,나바9370,in_age_074,0
2024,나바9370,in_age_075,5
2024,나바9370,in_age_076,0
2024,나바9370,in_age_078,0
2024,나바9370,in_age_079,5
2024,나바9370,to_in_001,28
2024,나바9370,to_in_007,18
2024,나바9370,to_in_008,13
2024,나바9371,in_age_011,0
2024,나바9371,in_age_012,0
2024,나바9371,in_age_013,13
2024,나바9371,in_age_014,5
2024,나바9371,in_age_015,8
2024,나바9371,in_age_016,0
2024,나바9371,in_age_017,5
2024,나바9371,in_age_042,0
2024,나바9371,in_age_043,8
2024,나바9371,in_age_044,5
2024,나바9371,in_age_045,5
2024,나바9371,in_age_046,0
2024,나바9371,in_age_047,0
2024,나바9371,in_age_071,0
2024,나바9371,in_age_073,8
2024,나바9371,in_age_075,5
2024,나바9371,in_age_077,0
2024,나바9371,to_in_001,28
2024,나바9371,to_in_007,13
2024,나바9371,to_in_008,13
2024,나바9374,in_age_002,0
2024,나바9374,in_age_005,0
2024,나바9374,in_age_006,5
2024,나바9374,in_age_007,0
2024,나바9374,in_age_009,0
2024,나바9374,in_age_012,0
2024,나바9374,in_age_014,5
2024,나바9374,in_age_015,0
2024,나바9374,in_age_016,5
2024,나바9374,in_age_035,0
2024,나바9374,in_age_036,0
2024,나바9374,in_age_039,0
2024,나바9374,in_age_042,0
2024,나바9374,in_age_044,0
2024,나바9374,in_age_046,5
2024,나바9374,in_age_062,0
2024,나바9374,in_age_066,0
2024,나바9374,in_age_067,0
2024,나바9374,in_age_074,5
2024,나바9374,in_age_075,0
2024,나바9374,in_age_076,0
2024,나바9374,to_in_001,13
2024,나바9374,to_in_007,8
2024,나바9374,to_in_008,8
2024,나바9375,in_age_005,0
2024,나바9375,in_age_006,5
2024,나바9375,in_age_007,0
2024,나바9375,in_age_008,5
2024,나바9375,in_age_010,5
2024,나바9375,in_age_011,8
2024,나바9375,in_age_012,8
2024,나바9375,in_age_013,8
2024,나바9375,in_age_014,5
2024,나바9375,in_age_015,5
2024,나바9375,in_age_016,8
2024,나바9375,in_age_018,5
2024,나바9375,in_age_037,0
2024,나바9375,in_age_038,5
2024,나바9375,in_age_040,0
2024,나바9375,in_age_041,5
2024,나바9375,in_age_042,5
2024,나바9375,in_age_043,5
2024,나바9375,in_age_044,5
2024,나바9375,in_age_045,5
2024,나바9375,in_age_046,5
2024,나바9375,in_age_048,0
2024,나바9375,in_age_065,0
2024,나바9375,in_age_066,5
2024,나바9375,in_age_070,0
2024,나바9375,in_age_071,5
2024,나바9375,in_age_072,5
2024,나바9375,in_age_073,5
2024,나바9375,in_age_074,0
2024,나바9375,in_age_075,5
2024,나바9375,in_age_076,8
2024,나바9375,in_age_078,0
2024,나바9375,to_in_001,43
2024,나바9375,to_in_007,23
2024,나바9375,to_in_008,23
2024,나바9376,in_age_003,5
2024,나바9376,in_age_004,5
2024,나바9376,in_age_008,5
2024,나바9376,in_age_010,5
2024,나바9376,in_age_011,5
2024,나바9376,in_age_012,5
2024,나바9376,in_age_013,8
2024,나바9376,in_age_014,5
2024,나바9376,in_age_015,5
2024,나바9376,in_age_016,5
2024,나바9376,in_age_017,0
2024,나바9376,in_age_018,8
2024,나바9376,in_age_019,0
2024,나바9376,in_age_020,5
2024,나바9376,in_age_034,0
2024,나바9376,in_age_038,5
2024,나바9376,in_age_041,0
2024,나바9376,in_age_042,0
2024,나바9376,in_age_043,5
2024,나바9376,in_age_044,5
2024,나바9376,in_age_045,5
2024,나바9376,in_age_046,5
2024,나바9376,in_age_048,5
2024,나바9376,in_age_050,5
2024,나바9376,in_age_063,5
2024,나바9376,in_age_064,5
2024,나바9376,in_age_068,0
2024,나바9376,in_age_070,5
2024,나바9376,in_age_071,5
2024,나바9376,in_age_072,5
2024,나바9376,in_age_073,5
2024,나바9376,in_age_074,5
2024,나바9376,in_age_075,5
2024,나바9376,in_age_077,0
2024,나바9376,in_age_078,5
2024,나바9376,in_age_079,0
2024,나바9376,to_in_001,38
2024,나바9376,to_in_007,18
2024,나바9376,to_in_008,23
2024,나바9378,in_age_002,0
2024,나바9378,in_age_004,0
2024,나바9378,in_age_006,0
2024,나바9378,in_age_007,8
2024,나바9378,in_age_008,5
2024,나바9378,in_age_009,0
2024,나바9378,in_age_010,8
2024,나바9378,in_age_011,8
2024,나바9378,in_age_012,8
2024,나바9378,in_age_013,8
2024,나바9378,in_age_014,8
2024,나바9378,in_age_015,8
2024,나바9378,in_age_016,8
2024,나바9378,in_age_017,8
2024,나바9378,in_age_018,8
2024,나바9378,in_age_019,0
2024,나바9378,in_age_032,0
2024,나바9378,in_age_037,5
2024,나바9378,in_age_039,0
2024,나바9378,in_age_040,8
2024,나바9378,in_age_041,5
2024,나바9378,in_age_042,5
2024,나바9378,in_age_043,5
2024,나바9378,in_age_044,8
2024,나바9378,in_age_045,5
2024,나바9378,in_age_046,5
2024,나바9378,in_age_047,5
2024,나바9378,in_age_048,5
2024,나바9378,in_age_064,0
2024,나바9378,in_age_066,0
2024,나바9378,in_age_067,5
2024,나바9378,in_age_068,5
2024,나바9378,in_age_070,5
2024,나바9378,in_age_071,5
2024,나바9378,in_age_072,5
2024,나바9378,in_age_073,8
2024,나바9378,in_age_074,0
2024,나바9378,in_age_075,8
2024,나바9378,in_age_076,8
2024,나바9378,in_age_077,8
2024,나바9378,in_age_078,5
2024,나바9378,in_age_079,0
2024,나바9378,to_in_001,68
2024,나바9378,to_in_007,33
2024,나바9378,to_in_008,33
2024,나바9379,in_age_006,5
2024,나바9379,in_age_007,5
2024,나바9379,in_age_010,5
2024,나바9379,in_age_011,8
2024,나바9379,in_age_012,8
2024,나바9379,in_age_013,8
2024,나바9379,in_age_014,5
2024,나바9379,in_age_015,5
2024,나바9379,in_age_016,8
2024,나바9379,in_age_017,8
2024,나바9379,in_age_018,5
2024,나바9379,in_age_019,5
2024,나바9379,in_age_036,5
2024,나바9379,in_age_041,8
2024,나바9379,in_age_042,5
2024,나바9379,in_age_043,8
2024,나바9379,in_age_044,5
2024,나바9379,in_age_045,5
2024,나바9379,in_age_046,5
2024,나바9379,in_age_047,5
2024,나바9379,in_age_048,5
2024,나바9379,in_age_066,0
2024,나바9379,in_age_067,5
2024,나바9379,in_age_070,5
2024,나바9379,in_age_071,0
2024,나바9379,in_age_072,8
2024,나바9379,in_age_073,0
2024,나바9379,in_age_074,5
2024,나바9379,in_age_075,5
2024,나바9379,in_age_076,5
2024,나바9379,in_age_077,8
2024,나바9379,in_age_078,5
2024,나바9379,in_age_079,5
2024,나바9379,to_in_001,48
2024,나바9379,to_in_007,23
2024,나바9379,to_in_008,28
2024,나바9380,in_age_003,5
2024,나바9380,in_age_004,5
2024,나바9380,in_age_006,0
2024,나바9380,in_age_008,0
2024,나바9380,in_age_009,5
2024,나바9380,in_age_010,5
2024,나바9380,in_age_011,8
2024,나바9380,in_age_012,5
2024,나바9380,in_age_013,5
2024,나바9380,in_age_014,8
2024,나바9380,in_age_015,5
2024,나바9380,in_age_016,5
2024,나바9380,in_age_018,5
2024,나바9380,in_age_034,0
2024,나바9380,in_age_038,0
2024,나바9380,in_age_040,0
2024,나바9380,in_age_041,5
2024,나바9380,in_age_042,5
2024,나바9380,in_age_043,5
2024,나바9380,in_age_044,5
2024,나바9380,in_age_045,5
2024,나바9380,in_age_048,0
2024,나바9380,in_age_063,5
2024,나바9380,in_age_064,0
2024,나바9380,in_age_066,0
2024,나바9380,in_age_069,5
2024,나바9380,in_age_070,5
2024,나바9380,in_age_071,0
2024,나바9380,in_age_072,5
2024,나바9380,in_age_074,5
2024,나바9380,in_age_075,0
2024,나바9380,in_age_076,5
2024,나바9380,in_age_078,0
2024,나바9380,to_in_001,38
2024,나바9380,to_in_007,18
2024,나바9380,to_in_008,18
2024,나바9381,in_age_006,0
2024,나바9381,in_age_012,5
2024,나바9381,in_age_013,0
2024,나바9381,in_age_036,0
2024,나바9381,in_age_042,5
2024,나바9381,in_age_073,0
2024,나바9381,to_in_001,5
2024,나바9381,to_in_007,5
2024,나바9381,to_in_008,0
2024,나바9382,in_age_001,0
2024,나바9382,in_age_002,5
2024,나바9382,in_age_003,5
2024,나바9382,in_age_004,5
2024,나바9382,in_age_005,5
2024,나바9382,in_age_006,0
2024,나바9382,in_age_008,5
2024,나바9382,in_age_009,5
2024,나바9382,in_age_010,5
2024,나바9382,in_age_011,5
2024,나바9382,in_age_012,8
2024,나바9382,in_age_013,8
2024,나바9382,in_age_014,13
2024,나바9382,in_age_015,8
2024,나바9382,in_age_016,13
2024,나바9382,in_age_017,8
2024,나바9382,in_age_018,5
2024,나바9382,in_age_019,5
2024,나바9382,in_age_031,0
2024,나바9382,in_age_032,5
2024,나바9382,in_age_033,5
2024,나바9382,in_age_035,0
2024,나바9382,in_age_036,0
2024,나바9382,in_age_038,0
2024,나바9382,in_age_039,0
2024,나바9382,in_age_040,5
2024,나바9382,in_age_041,5
2024,나바9382,in_age_042,5
2024,나바9382,in_age_043,5
2024,나바9382,in_age_044,8
2024,나바9382,in_age_045,5
2024,나바9382,in_age_046,8
2024,나바9382,in_age_047,8
2024,나바9382,in_age_048,5
2024,나바9382,in_age_062,0
2024,나바9382,in_age_064,5
2024,나바9382,in_age_065,0
2024,나바9382,in_age_068,0
2024,나바9382,in_age_069,5
2024,나바9382,in_age_071,5
2024,나바9382,in_age_072,5
2024,나바9382,in_age_073,5
2024,나바9382,in_age_074,8
2024,나바9382,in_age_075,8
2024,나바9382,in_age_076,5
2024,나바9382,in_age_077,0
2024,나바9382,in_age_078,5
2024,나바9382,in_age_079,5
2024,나바9382,to_in_001,83
2024,나바9382,to_in_007,48
2024,나바9382,to_in_008,38
2024,나바9383,in_age_002,0
2024,나바9383,in_age_003,0
2024,나바9383,in_age_005,0
2024,나바9383,in_age_006,0
2024,나바9383,in_age_007,0
2024,나바9383,in_age_008,5
2024,나바9383,in_age_009,5
2024,나바9383,in_age_011,8
2024,나바9383,in_age_012,5
2024,나바9383,in_age_013,13
2024,나바9383,in_age_014,8
2024,나바9383,in_age_015,5
2024,나바9383,in_age_016,0
2024,나바9383,in_age_018,5
2024,나바9383,in_age_019,0
2024,나바9383,in_age_033,0
2024,나바9383,in_age_035,0
2024,나바9383,in_age_037,0
2024,나바9383,in_age_038,5
2024,나바9383,in_age_039,5
2024,나바9383,in_age_041,5
2024,나바9383,in_age_042,0
2024,나바9383,in_age_043,5
2024,나바9383,in_age_044,5
2024,나바9383,in_age_045,5
2024,나바9383,in_age_062,0
2024,나바9383,in_age_066,0
2024,나바9383,in_age_069,0
2024,나바9383,in_age_071,5
2024,나바9383,in_age_072,5
2024,나바9383,in_age_073,8
2024,나바9383,in_age_074,8
2024,나바9383,in_age_076,0
2024,나바9383,in_age_078,5
2024,나바9383,in_age_079,0
2024,나바9383,to_in_001,38
2024,나바9383,to_in_007,18
2024,나바9383,to_in_008,18
2024,나바9384,in_age_001,0
2024,나바9384,in_age_003,0
2024,나바9384,in_age_004,5
2024,나바9384,in_age_006,0
2024,나바9384,in_age_007,5
2024,나바9384,in_age_008,5
2024,나바9384,in_age_009,8
2024,나바9384,in_age_010,5
2024,나바9384,in_age_011,0
2024,나바9384,in_age_012,5
2024,나바9384,in_age_013,8
2024,나바9384,in_age_014,8
2024,나바9384,in_age_015,8
2024,나바9384,in_age_016,5
2024,나바9384,in_age_017,0
2024,나바9384,in_age_018,5
2024,나바9384,in_age_019,0
2024,나바9384,in_age_020,5
2024,나바9384,in_age_033,0
2024,나바9384,in_age_034,5
2024,나바9384,in_age_036,0
2024,나바9384,in_age_037,5
2024,나바9384,in_age_038,5
2024,나바9384,in_age_039,5
2024,나바9384,in_age_040,5
2024,나바9384,in_age_041,0
2024,나바9384,in_age_042,5
2024,나바9384,in_age_043,8
2024,나바9384,in_age_044,5
2024,나바9384,in_age_045,5
2024,나바9384,in_age_046,5
2024,나바9384,in_age_047,0
2024,나바9384,in_age_048,0
2024,나바9384,in_age_061,0
2024,나바9384,in_age_068,0
2024,나바9384,in_age_069,5
2024,나바9384,in_age_072,5
2024,나바9384,in_age_073,5
2024,나바9384,in_age_074,5
2024,나바9384,in_age_075,5
2024,나바9384,in_age_076,5
2024,나바9384,in_age_078,5
2024,나바9384,in_age_079,0
2024,나바9384,in_age_080,5
2024,나바9384,to_in_001,58
2024,나바9384,to_in_007,33
2024,나바9384,to_in_008,23
2024,나바9385,in_age_005,0
2024,나바9385,in_age_011,0
2024,나바9385,in_age_035,0
2024,나바9385,in_age_071,0
2024,나바9385,to_in_001,5
2024,나바9385,to_in_007,0
2024,나바9385,to_in_008,0
2024,나바9386,in_age_002,0
2024,나바9386,in_age_003,0
2024,나바9386,in_age_004,5
2024,나바9386,in_age_005,5
2024,나바9386,in_age_006,14
2024,나바9386,in_age_007,8
2024,나바9386,in_age_008,5
2024,나바9386,in_age_009,5
2024,나바9386,in_age_010,5
2024,나바9386,in_age_011,5
2024,나바9386,in_age_012,5
2024,나바9386,in_age_013,8
2024,나바9386,in_age_014,8
2024,나바9386,in_age_015,8
2024,나바9386,in_age_016,5
2024,나바9386,in_age_017,5
2024,나바9386,in_age_018,0
2024,나바9386,in_age_033,0
2024,나바9386,in_age_034,5
2024,나바9386,in_age_035,5
2024,나바9386,in_age_036,11
2024,나바9386,in_age_037,8
2024,나바9386,in_age_038,5
2024,나바9386,in_age_039,5
2024,나바9386,in_age_040,0
2024,나바9386,in_age_041,0
2024,나바9386,in_age_042,5
2024,나바9386,in_age_043,5
2024,나바9386,in_age_044,5
2024,나바9386,in_age_045,5
2024,나바9386,in_age_046,5
2024,나바9386,in_age_047,5
2024,나바9386,in_age_062,0
2024,나바9386,in_age_065,0
2024,나바9386,in_age_066,0
2024,나바9386,in_age_070,0
2024,나바9386,in_age_071,0
2024,나바9386,in_age_072,5
2024,나바9386,in_age_073,5
2024,나바9386,in_age_074,5
2024,나바9386,in_age_075,8
2024,나바9386,in_age_076,5
2024,나바9386,in_age_077,0
2024,나바9386,in_age_078,0
2024,나바9386,to_in_001,69
2024,나바9386,to_in_007,49
2024,나바9386,to_in_008,23
2024,나바9441,in_age_001,0
2024,나바9441,in_age_002,5
2024,나바9441,in_age_003,5
2024,나바9441,in_age_004,5
2024,나바9441,in_age_005,5
2024,나바9441,in_age_006,8
2024,나바9441,in_age_007,5
2024,나바9441,in_age_008,5
2024,나바9441,in_age_009,8
2024,나바9441,in_age_010,8
2024,나바9441,in_age_011,8
2024,나바9441,in_age_012,8
2024,나바9441,in_age_013,8
2024,나바9441,in_age_014,13
2024,나바9441,in_age_015,13
2024,나바9441,in_age_016,5
2024,나바9441,in_age_017,8
2024,나바9441,in_age_031,0
2024,나바9441,in_age_032,5
2024,나바9441,in_age_033,5
2024,나바9441,in_age_034,5
2024,나바9441,in_age_035,5
2024,나바9441,in_age_036,5
2024,나바9441,in_age_037,5
2024,나바9441,in_age_038,5
2024,나바9441,in_age_039,5
2024,나바9441,in_age_040,5
2024,나바9441,in_age_041,8
2024,나바9441,in_age_042,8
2024,나바9441,in_age_043,8
2024,나바9441,in_age_044,5
2024,나바9441,in_age_045,8
2024,나바9441,in_age_046,0
2024,나바9441,in_age_047,0
2024,나바9441,in_age_066,5
2024,나바9441,in_age_067,0
2024,나바9441,in_age_069,5
2024,나바9441,in_age_070,5
2024,나바9441,in_age_071,8
2024,나바9441,in_age_072,5
2024,나바9441,in_age_073,5
2024,나바9441,in_age_074,8
2024,나바9441,in_age_075,8
2024,나바9441,in_age_076,5
2024,나바9441,in_age_077,5
2024,나바9441,to_in_001,98
2024,나바9441,to_in_007,58
2024,나바9441,to_in_008,38
2024,나바9442,in_age_001,5
2024,나바9442,in_age_002,8
2024,나바9442,in_age_003,5
2024,나바9442,in_age_004,5
2024,나바9442,in_age_005,8
2024,나바9442,in_age_006,5
2024,나바9442,in_age_007,8
2024,나바9442,in_age_008,8
2024,나바9442,in_age_009,8
2024,나바9442,in_age_010,18
2024,나바9442,in_age_011,23
2024,나바9442,in_age_012,23
2024,나바9442,in_age_013,28
2024,나바9442,in_age_014,38
2024,나바9442,in_age_015,18
2024,나바9442,in_age_016,18
2024,나바9442,in_age_017,8
2024,나바9442,in_age_018,5
2024,나바9442,in_age_019,5
2024,나바9442,in_age_031,5
2024,나바9442,in_age_032,5
2024,나바9442,in_age_033,0
2024,나바9442,in_age_034,0
2024,나바9442,in_age_035,8
2024,나바9442,in_age_036,5
2024,나바9442,in_age_037,5
2024,나바9442,in_age_038,5
2024,나바9442,in_age_039,8
2024,나바9442,in_age_040,13
2024,나바9442,in_age_041,18
2024,나바9442,in_age_042,8
2024,나바9442,in_age_043,13
2024,나바9442,in_age_044,18
2024,나바9442,in_age_045,13
2024,나바9442,in_age_046,13
2024,나바9442,in_age_047,5
2024,나바9442,in_age_048,5
2024,나바9442,in_age_061,5
2024,나바9442,in_age_062,5
2024,나바9442,in_age_063,5
2024,나바9442,in_age_064,5
2024,나바9442,in_age_065,0
2024,나바9442,in_age_067,5
2024,나바9442,in_age_068,5
2024,나바9442,in_age_069,5
2024,나바9442,in_age_070,8
2024,나바9442,in_age_071,8
2024,나바9442,in_age_072,13
2024,나바9442,in_age_073,13
2024,나바9442,in_age_074,18
2024,나바9442,in_age_075,8
2024,나바9442,in_age_076,8
2024,나바9442,in_age_077,5
2024,나바9442,in_age_079,5
2024,나바9442,to_in_001,238
2024,나바9442,to_in_007,138
2024,나바9442,to_in_008,103
2024,나바9443,in_age_001,0
2024,나바9443,in_age_002,8
2024,나바9443,in_age_003,5
2024,나바9443,in_age_004,56
2024,나바9443,in_age_005,44
2024,나바9443,in_age_006,23
2024,나바9443,in_age_007,26
2024,나바9443,in_age_008,8
2024,나바9443,in_age_009,23
2024,나바9443,in_age_010,13
2024,나바9443,in_age_011,28
2024,나바9443,in_age_012,45
2024,나바9443,in_age_013,38
2024,나바9443,in_age_014,58
2024,나바9443,in_age_015,23
2024,나바9443,in_age_016,28
2024,나바9443,in_age_017,13
2024,나바9443,in_age_018,5
2024,나바9443,in_age_019,0
2024,나바9443,in_age_032,5
2024,나바9443,in_age_033,5
2024,나바9443,in_age_034,33
2024,나바9443,in_age_035,33
2024,나바9443,in_age_036,18
2024,나바9443,in_age_037,21
2024,나바9443,in_age_038,8
2024,나바9443,in_age_039,13
2024,나바9443,in_age_040,8
2024,나바9443,in_age_041,13
2024,나바9443,in_age_042,25
2024,나바9443,in_age_043,13
2024,나바9443,in_age_044,28
2024,나바9443,in_age_045,8
2024,나바9443,in_age_046,8
2024,나바9443,in_age_047,5
2024,나바9443,in_age_048,0
2024,나바9443,in_age_049,0
2024,나바9443,in_age_061,0
2024,나바9443,in_age_062,5
2024,나바9443,in_age_063,5
2024,나바9443,in_age_064,23
2024,나바9443,in_age_065,11
2024,나바9443,in_age_066,5
2024,나바9443,in_age_067,5
2024,나바9443,in_age_068,0
2024,나바9443,in_age_069,8
2024,나바9443,in_age_070,8
2024,나바9443,in_age_071,18
2024,나바9443,in_age_072,18
2024,나바9443,in_age_073,23
2024,나바9443,in_age_074,28
2024,나바9443,in_age_075,13
2024,나바9443,in_age_076,18
2024,나바9443,in_age_077,8
2024,나바9443,in_age_078,5
2024,나바9443,to_in_001,442
2024,나바9443,to_in_007,248
2024,나바9443,to_in_008,192
2024,나바9444,in_age_001,0
2024,나바9444,in_age_004,5
2024,나바9444,in_age_005,8
2024,나바9444,in_age_006,5
2024,나바9444,in_age_007,5
2024,나바9444,in_age_008,8
2024,나바9444,in_age_009,5
2024,나바9444,in_age_010,8
2024,나바9444,in_age_011,8
2024,나바9444,in_age_012,13
2024,나바9444,in_age_013,13
2024,나바9444,in_age_014,8
2024,나바9444,in_age_015,8
2024,나바9444,in_age_016,8
2024,나바9444,in_age_017,8
2024,나바9444,in_age_018,5
2024,나바9444,in_age_019,0
2024,나바9444,in_age_034,0
2024,나바9444,in_age_035,5
2024,나바9444,in_age_036,5
2024,나바9444,in_age_037,5
2024,나바9444,in_age_038,5
2024,나바9444,in_age_039,5
2024,나바9444,in_age_040,8
2024,나바9444,in_age_041,8
2024,나바9444,in_age_042,5
2024,나바9444,in_age_043,8
2024,나바9444,in_age_044,5
2024,나바9444,in_age_045,5
2024,나바9444,in_age_046,5
2024,나바9444,in_age_047,5
2024,나바9444,in_age_048,5
2024,나바9444,in_age_061,0
2024,나바9444,in_age_064,0
2024,나바9444,in_age_065,5
2024,나바9444,in_age_068,8
2024,나바9444,in_age_069,0
2024,나바9444,in_age_070,0
2024,나바9444,in_age_071,0
2024,나바9444,in_age_072,8
2024,나바9444,in_age_073,8
2024,나바9444,in_age_074,5
2024,나바9444,in_age_075,8
2024,나바9444,in_age_076,5
2024,나바9444,in_age_077,5
2024,나바9444,in_age_078,0
2024,나바9444,in_age_079,0
2024,나바9444,to_in_001,93
2024,나바9444,to_in_007,48
2024,나바9444,to_in_008,43
2024,나바9445,in_age_002,5
2024,나바9445,in_age_003,5
2024,나바9445,in_age_004,8
2024,나바9445,in_age_005,13
2024,나바9445,in_age_006,15
2024,나바9445,in_age_007,11
2024,나바9445,in_age_008,8
2024,나바9445,in_age_009,8
2024,나바9445,in_age_010,8
2024,나바9445,in_age_011,8
2024,나바9445,in_age_012,5
2024,나바9445,in_age_013,8
2024,나바9445,in_age_014,13
2024,나바9445,in_age_015,13
2024,나바9445,in_age_016,13
2024,나바9445,in_age_017,8
2024,나바9445,in_age_021,0
2024,나바9445,in_age_033,5
2024,나바9445,in_age_034,8
2024,나바9445,in_age_035,8
2024,나바9445,in_age_036,15
2024,나바9445,in_age_037,11
2024,나바9445,in_age_038,5
2024,나바9445,in_age_039,5
2024,나바9445,in_age_040,5
2024,나바9445,in_age_041,5
2024,나바9445,in_age_042,5
2024,나바9445,in_age_043,8
2024,나바9445,in_age_044,8
2024,나바9445,in_age_045,8
2024,나바9445,in_age_046,8
2024,나바9445,in_age_047,8
2024,나바9445,in_age_051,0
2024,나바9445,in_age_062,5
2024,나바9445,in_age_063,0
2024,나바9445,in_age_064,5
2024,나바9445,in_age_065,5
2024,나바9445,in_age_066,0
2024,나바9445,in_age_068,5
2024,나바9445,in_age_069,5
2024,나바9445,in_age_070,5
2024,나바9445,in_age_071,5
2024,나바9445,in_age_072,0
2024,나바9445,in_age_073,5
2024,나바9445,in_age_074,8
2024,나바9445,in_age_075,5
2024,나바9445,in_age_076,8
2024,나바9445,to_in_001,131
2024,나바9445,to_in_007,91
2024,나바9445,to_in_008,38
2024,나바9446,in_age_002,0
2024,나바9446,in_age_003,5
2024,나바9446,in_age_004,5
2024,나바9446,in_age_005,8
2024,나바9446,in_age_006,0
2024,나바9446,in_age_008,5
2024,나바9446,in_age_010,5
2024,나바9446,in_age_011,5
2024,나바9446,in_age_012,5
2024,나바9446,in_age_013,5
2024,나바9446,in_age_014,5
2024,나바9446,in_age_015,5
2024,나바9446,in_age_016,5
2024,나바9446,in_age_017,5
2024,나바9446,in_age_018,5
2024,나바9446,in_age_033,5
2024,나바9446,in_age_034,0
2024,나바9446,in_age_035,8
2024,나바9446,in_age_036,0
2024,나바9446,in_age_038,5
2024,나바9446,in_age_040,5
2024,나바9446,in_age_041,5
2024,나바9446,in_age_042,0
2024,나바9446,in_age_043,5
2024,나바9446,in_age_044,5
2024,나바9446,in_age_045,5
2024,나바9446,in_age_046,5
2024,나바9446,in_age_062,0
2024,나바9446,in_age_063,0
2024,나바9446,in_age_064,5
2024,나바9446,in_age_065,5
2024,나바9446,in_age_070,0
2024,나바9446,in_age_071,5
2024,나바9446,in_age_072,5
2024,나바9446,in_age_073,0
2024,나바9446,in_age_074,5
2024,나바9446,in_age_075,5
2024,나바9446,in_age_076,5
2024,나바9446,in_age_077,5
2024,나바9446,in_age_078,5
2024,나바9446,to_in_001,53
2024,나바9446,to_in_007,28
2024,나바9446,to_in_008,23
2024,나바9447,in_age_001,0
2024,나바9447,in_age_005,0
2024,나바9447,in_age_006,5
2024,나바9447,in_age_007,5
2024,나바9447,in_age_008,0
2024,나바9447,in_age_009,5
2024,나바9447,in_age_010,5
2024,나바9447,in_age_011,0
2024,나바9447,in_age_012,5
2024,나바9447,in_age_013,8
2024,나바9447,in_age_014,8
2024,나바9447,in_age_015,8
2024,나바9447,in_age_016,8
2024,나바9447,in_age_017,8
2024,나바9447,in_age_018,8
2024,나바9447,in_age_031,0
2024,나바9447,in_age_035,0
2024,나바9447,in_age_036,5
2024,나바9447,in_age_037,5
2024,나바9447,in_age_038,0
2024,나바9447,in_age_039,0
2024,나바9447,in_age_041,0
2024,나바9447,in_age_042,0
2024,나바9447,in_age_043,5
2024,나바9447,in_age_044,5
2024,나바9447,in_age_045,8
2024,나바9447,in_age_046,5
2024,나바9447,in_age_047,5
2024,나바9447,in_age_067,0
2024,나바9447,in_age_069,0
2024,나바9447,in_age_070,5
2024,나바9447,in_age_072,5
2024,나바9447,in_age_073,8
2024,나바9447,in_age_074,8
2024,나바9447,in_age_075,5
2024,나바9447,in_age_076,5
2024,나바9447,in_age_077,5
2024,나바9447,in_age_078,8
2024,나바9447,to_in_001,73
2024,나바9447,to_in_007,38
2024,나바9447,to_in_008,33
2024,나바9448,in_age_005,5
2024,나바9448,in_age_006,5
2024,나바9448,in_age_007,8
2024,나바9448,in_age_008,5
2024,나바9448,in_age_009,5
2024,나바9448,in_age_010,5
2024,나바9448,in_age_012,8
2024,나바9448,in_age_013,13
2024,나바9448,in_age_014,5
2024,나바9448,in_age_015,5
2024,나바9448,in_age_016,5
2024,나바9448,in_age_017,8
2024,나바9448,in_age_018,5
2024,나바9448,in_age_019,0
2024,나바9448,in_age_035,0
2024,나바9448,in_age_036,5
2024,나바9448,in_age_037,8
2024,나바9448,in_age_038,5
2024,나바9448,in_age_039,5
2024,나바9448,in_age_042,5
2024,나바9448,in_age_043,8
2024,나바9448,in_age_044,5
2024,나바9448,in_age_045,5
2024,나바9448,in_age_046,0
2024,나바9448,in_age_047,5
2024,나바9448,in_age_065,5
2024,나바9448,in_age_066,0
2024,나바9448,in_age_069,0
2024,나바9448,in_age_070,5
2024,나바9448,in_age_072,5
2024,나바9448,in_age_073,8
2024,나바9448,in_age_074,5
2024,나바9448,in_age_075,5
2024,나바9448,in_age_076,5
2024,나바9448,in_age_077,5
2024,나바9448,in_age_078,5
2024,나바9448,in_age_079,0
2024,나바9448,to_in_001,63
2024,나바9448,to_in_007,28
2024,나바9448,to_in_008,33
2024,나바9449,in_age_003,5
2024,나바9449,in_age_005,5
2024,나바9449,in_age_007,0
2024,나바9449,in_age_010,0
2024,나바9449,in_age_011,5
2024,나바9449,in_age_012,5
2024,나바9449,in_age_013,5
2024,나바9449,in_age_014,0
2024,나바9449,in_age_015,0
2024,나바9449,in_age_016,5
2024,나바9449,in_age_017,0
2024,나바9449,in_age_019,0
2024,나바9449,in_age_033,5
2024,나바9449,in_age_040,0
2024,나바9449,in_age_041,0
2024,나바9449,in_age_042,5
2024,나바9449,in_age_043,5
2024,나바9449,in_age_044,0
2024,나바9449,in_age_045,0
2024,나바9449,in_age_047,0
2024,나바9449,in_age_065,5
2024,나바9449,in_age_067,0
2024,나바9449,in_age_071,5
2024,나바9449,in_age_072,0
2024,나바9449,in_age_073,0
2024,나바9449,in_age_076,5
2024,나바9449,in_age_079,0
2024,나바9449,to_in_001,18
2024,나바9449,to_in_007,8
2024,나바9449,to_in_008,8
2024,나바9450,in_age_007,5
2024,나바9450,in_age_008,5
2024,나바9450,in_age_009,5
2024,나바9450,in_age_011,5
2024,나바9450,in_age_012,5
2024,나바9450,in_age_013,8
2024,나바9450,in_age_014,5
2024,나바9450,in_age_015,5
2024,나바9450,in_age_016,8
2024,나바9450,in_age_017,5
2024,나바9450,in_age_018,5
2024,나바9450,in_age_037,5
2024,나바9450,in_age_038,0
2024,나바9450,in_age_039,5
2024,나바9450,in_age_041,5
2024,나바9450,in_age_042,5
2024,나바9450,in_age_043,5
2024,나바9450,in_age_044,0
2024,나바9450,in_age_045,5
2024,나바9450,in_age_046,5
2024,나바9450,in_age_048,5
2024,나바9450,in_age_068,0
2024,나바9450,in_age_071,0
2024,나바9450,in_age_073,8
2024,나바9450,in_age_074,5
2024,나바9450,in_age_075,0
2024,나바9450,in_age_076,8
2024,나바9450,in_age_077,5
2024,나바9450,in_age_078,5
2024,나바9450,to_in_001,38
2024,나바9450,to_in_007,18
2024,나바9450,to_in_008,18
2024,나바9451,in_age_002,5
2024,나바9451,in_age_003,5
2024,나바9451,in_age_004,5
2024,나바9451,in_age_006,5
2024,나바9451,in_age_007,0
2024,나바9451,in_age_009,0
2024,나바9451,in_age_010,8
2024,나바9451,in_age_011,5
2024,나바9451,in_age_012,5
2024,나바9451,in_age_013,8
2024,나바9451,in_age_014,5
2024,나바9451,in_age_015,13
2024,나바9451,in_age_016,8
2024,나바9451,in_age_017,8
2024,나바9451,in_age_018,8
2024,나바9451,in_age_019,5
2024,나바9451,in_age_033,5
2024,나바9451,in_age_034,5
2024,나바9451,in_age_036,5
2024,나바9451,in_age_040,5
2024,나바9451,in_age_041,5
2024,나바9451,in_age_042,5
2024,나바9451,in_age_043,5
2024,나바9451,in_age_044,5
2024,나바9451,in_age_045,5
2024,나바9451,in_age_046,5
2024,나바9451,in_age_047,8
2024,나바9451,in_age_048,5
2024,나바9451,in_age_062,5
2024,나바9451,in_age_064,5
2024,나바9451,in_age_067,0
2024,나바9451,in_age_069,0
2024,나바9451,in_age_070,8
2024,나바9451,in_age_071,5
2024,나바9451,in_age_072,5
2024,나바9451,in_age_073,5
2024,나바9451,in_age_074,5
2024,나바9451,in_age_075,8
2024,나바9451,in_age_076,5
2024,나바9451,in_age_078,8
2024,나바9451,in_age_079,5
2024,나바9451,to_in_001,83
2024,나바9451,to_in_007,38
2024,나바9451,to_in_008,43
2024,나바9452,in_age_002,5
2024,나바9452,in_age_003,0
2024,나바9452,in_age_006,0
2024,나바9452,in_age_009,0
2024,나바9452,in_age_010,5
2024,나바9452,in_age_011,5
2024,나바9452,in_age_012,5
2024,나바9452,in_age_013,8
2024,나바9452,in_age_014,5
2024,나바9452,in_age_015,8
2024,나바9452,in_age_016,5
2024,나바9452,in_age_017,8
2024,나바9452,in_age_018,8
2024,나바9452,in_age_019,5
2024,나바9452,in_age_020,0
2024,나바9452,in_age_032,0
2024,나바9452,in_age_040,5
2024,나바9452,in_age_041,5
2024,나바9452,in_age_042,0
2024,나바9452,in_age_043,5
2024,나바9452,in_age_044,0
2024,나바9452,in_age_045,5
2024,나바9452,in_age_046,5
2024,나바9452,in_age_047,5
2024,나바9452,in_age_048,5
2024,나바9452,in_age_049,5
2024,나바9452,in_age_050,0
2024,나바9452,in_age_062,0
2024,나바9452,in_age_063,0
2024,나바9452,in_age_066,0
2024,나바9452,in_age_069,0
2024,나바9452,in_age_072,5
2024,나바9452,in_age_073,5
2024,나바9452,in_age_074,5
2024,나바9452,in_age_075,8
2024,나바9452,in_age_076,5
2024,나바9452,in_age_077,5
2024,나바9452,in_age_078,8
2024,나바9452,in_age_079,5
2024,나바9452,to_in_001,53
2024,나바9452,to_in_007,18
2024,나바9452,to_in_008,33
2024,나바9453,in_age_010,0
2024,나바9453,in_age_012,5
2024,나바9453,in_age_013,0
2024,나바9453,in_age_014,0
2024,나바9453,in_age_015,5
2024,나바9453,in_age_016,0
2024,나바9453,in_age_017,8
2024,나바9453,in_age_040,0
2024,나바9453,in_age_042,0
2024,나바9453,in_age_044,0
2024,나바9453,in_age_047,5
2024,나바9453,in_age_072,0
2024,나바9453,in_age_073,0
2024,나바9453,in_age_075,5
2024,나바9453,in_age_076,0
2024,나바9453,in_age_077,5
2024,나바9453,to_in_001,13
2024,나바9453,to_in_007,8
2024,나바9453,to_in_008,8
2024,나바9454,in_age_019,5
2024,나바9454,in_age_049,5
2024,나바9454,to_in_001,5
2024,나바9454,to_in_007,5
2024,나바9454,to_in_008,0
2024,나바9456,in_age_005,5
2024,나바9456,in_age_006,8
2024,나바9456,in_age_007,5
2024,나바9456,in_age_008,5
2024,나바9456,in_age_009,0
2024,나바9456,in_age_010,5
2024,나바9456,in_age_011,8
2024,나바9456,in_age_012,0
2024,나바9456,in_age_013,0
2024,나바9456,in_age_015,0
2024,나바9456,in_age_035,5
2024,나바9456,in_age_036,0
2024,나바9456,in_age_037,5
2024,나바9456,in_age_041,5
2024,나바9456,in_age_042,0
2024,나바9456,in_age_045,0
2024,나바9456,in_age_066,5
2024,나바9456,in_age_067,5
2024,나바9456,in_age_068,5
2024,나바9456,in_age_069,0
2024,나바9456,in_age_070,5
2024,나바9456,in_age_071,5
2024,나바9456,in_age_073,0
2024,나바9456,to_in_001,28
2024,나바9456,to_in_007,8
2024,나바9456,to_in_008,18
2024,나바9457,in_age_002,0
2024,나바9457,in_age_003,5
2024,나바9457,in_age_004,0
2024,나바9457,in_age_005,5
2024,나바9457,in_age_006,5
2024,나바9457,in_age_007,5
2024,나바9457,in_age_008,5
2024,나바9457,in_age_009,5
2024,나바9457,in_age_010,8
2024,나바9457,in_age_011,8
2024,나바9457,in_age_012,8
2024,나바9457,in_age_013,8
2024,나바9457,in_age_014,5
2024,나바9457,in_age_015,0
2024,나바9457,in_age_016,8
2024,나바9457,in_age_017,13
2024,나바9457,in_age_018,5
2024,나바9457,in_age_019,0
2024,나바9457,in_age_035,0
2024,나바9457,in_age_036,0
2024,나바9457,in_age_037,5
2024,나바9457,in_age_038,0
2024,나바9457,in_age_039,5
2024,나바9457,in_age_040,5
2024,나바9457,in_age_041,8
2024,나바9457,in_age_042,5
2024,나바9457,in_age_043,5
2024,나바9457,in_age_044,5
2024,나바9457,in_age_046,5
2024,나바9457,in_age_047,5
2024,나바9457,in_age_048,0
2024,나바9457,in_age_062,0
2024,나바9457,in_age_063,5
2024,나바9457,in_age_064,0
2024,나바9457,in_age_065,5
2024,나바9457,in_age_066,5
2024,나바9457,in_age_067,0
2024,나바9457,in_age_068,5
2024,나바9457,in_age_069,0
2024,나바9457,in_age_070,8
2024,나바9457,in_age_071,5
2024,나바9457,in_age_072,5
2024,나바9457,in_age_073,5
2024,나바9457,in_age_074,0
2024,나바9457,in_age_075,0
2024,나바9457,in_age_076,8
2024,나바9457,in_age_077,8
2024,나바9457,in_age_078,5
2024,나바9457,in_age_079,0
2024,나바9457,to_in_001,73
2024,나바9457,to_in_007,33
2024,나바9457,to_in_008,38
2024,나바9458,in_age_004,5
2024,나바9458,in_age_005,5
2024,나바9458,in_age_006,8
2024,나바9458,in_age_010,8
2024,나바9458,in_age_011,8
2024,나바9458,in_age_012,5
2024,나바9458,in_age_013,0
2024,나바9458,in_age_014,5
2024,나바9458,in_age_015,5
2024,나바9458,in_age_016,13
2024,나바9458,in_age_017,5
2024,나바9458,in_age_018,5
2024,나바9458,in_age_019,8
2024,나바9458,in_age_034,0
2024,나바9458,in_age_035,0
2024,나바9458,in_age_036,5
2024,나바9458,in_age_040,0
2024,나바9458,in_age_041,8
2024,나바9458,in_age_042,5
2024,나바9458,in_age_043,0
2024,나바9458,in_age_045,0
2024,나바9458,in_age_046,5
2024,나바9458,in_age_047,5
2024,나바9458,in_age_048,5
2024,나바9458,in_age_049,0
2024,나바9458,in_age_064,0
2024,나바9458,in_age_065,5
2024,나바9458,in_age_066,5
2024,나바9458,in_age_070,8
2024,나바9458,in_age_072,0
2024,나바9458,in_age_074,5
2024,나바9458,in_age_075,5
2024,나바9458,in_age_076,8
2024,나바9458,in_age_077,0
2024,나바9458,in_age_078,5
2024,나바9458,in_age_079,8
2024,나바9458,to_in_001,53
2024,나바9458,to_in_007,23
2024,나바9458,to_in_008,33
2024,나바9459,in_age_001,0
2024,나바9459,in_age_003,5
2024,나바9459,in_age_004,0
2024,나바9459,in_age_005,0
2024,나바9459,in_age_006,5
2024,나바9459,in_age_007,5
2024,나바9459,in_age_008,0
2024,나바9459,in_age_009,5
2024,나바9459,in_age_010,8
2024,나바9459,in_age_011,8
2024,나바9459,in_age_012,8
2024,나바9459,in_age_013,8
2024,나바9459,in_age_014,5
2024,나바9459,in_age_015,8
2024,나바9459,in_age_016,13
2024,나바9459,in_age_017,8
2024,나바9459,in_age_018,8
2024,나바9459,in_age_019,5
2024,나바9459,in_age_031,0
2024,나바9459,in_age_035,0
2024,나바9459,in_age_037,5
2024,나바9459,in_age_039,5
2024,나바9459,in_age_040,5
2024,나바9459,in_age_041,5
2024,나바9459,in_age_042,5
2024,나바9459,in_age_043,8
2024,나바9459,in_age_044,5
2024,나바9459,in_age_045,5
2024,나바9459,in_age_046,8
2024,나바9459,in_age_047,8
2024,나바9459,in_age_048,5
2024,나바9459,in_age_063,5
2024,나바9459,in_age_064,0
2024,나바9459,in_age_066,5
2024,나바9459,in_age_068,0
2024,나바9459,in_age_069,0
2024,나바9459,in_age_070,0
2024,나바9459,in_age_071,5
2024,나바9459,in_age_072,5
2024,나바9459,in_age_073,8
2024,나바9459,in_age_074,0
2024,나바9459,in_age_075,8
2024,나바9459,in_age_076,8
2024,나바9459,in_age_077,5
2024,나바9459,in_age_078,5
2024,나바9459,in_age_079,5
2024,나바9459,to_in_001,88
2024,나바9459,to_in_007,43
2024,나바9459,to_in_008,43
2024,나바9460,in_age_002,0
2024,나바9460,in_age_003,0
2024,나바9460,in_age_004,5
2024,나바9460,in_age_005,5
2024,나바9460,in_age_006,5
2024,나바9460,in_age_007,5
2024,나바9460,in_age_008,5
2024,나바9460,in_age_009,8
2024,나바9460,in_age_010,5
2024,나바9460,in_age_011,13
2024,나바9460,in_age_012,8
2024,나바9460,in_age_013,18
2024,나바9460,in_age_014,23
2024,나바9460,in_age_015,13
2024,나바9460,in_age_016,8
2024,나바9460,in_age_017,8
2024,나바9460,in_age_018,8
2024,나바9460,in_age_019,0
2024,나바9460,in_age_033,0
2024,나바9460,in_age_034,5
2024,나바9460,in_age_036,5
2024,나바9460,in_age_037,5
2024,나바9460,in_age_038,0
2024,나바9460,in_age_039,5
2024,나바9460,in_age_040,5
2024,나바9460,in_age_041,8
2024,나바9460,in_age_042,5
2024,나바9460,in_age_043,8
2024,나바9460,in_age_044,13
2024,나바9460,in_age_045,5
2024,나바9460,in_age_046,5
2024,나바9460,in_age_047,8
2024,나바9460,in_age_048,5
2024,나바9460,in_age_049,0
2024,나바9460,in_age_062,0
2024,나바9460,in_age_064,0
2024,나바9460,in_age_065,5
2024,나바9460,in_age_067,5
2024,나바9460,in_age_068,5
2024,나바9460,in_age_069,5
2024,나바9460,in_age_070,5
2024,나바9460,in_age_071,5
2024,나바9460,in_age_072,5
2024,나바9460,in_age_073,13
2024,나바9460,in_age_074,8
2024,나바9460,in_age_075,8
2024,나바9460,in_age_076,5
2024,나바9460,in_age_077,0
2024,나바9460,in_age_078,8
2024,나바9460,to_in_001,118
2024,나바9460,to_in_007,58
2024,나바9460,to_in_008,58
2024,나바9461,in_age_002,0
2024,나바9461,in_age_003,5
2024,나바9461,in_age_004,5
2024,나바9461,in_age_005,8
2024,나바9461,in_age_006,5
2024,나바9461,in_age_007,5
2024,나바9461,in_age_008,5
2024,나바9461,in_age_009,13
2024,나바9461,in_age_010,13
2024,나바9461,in_age_011,8
2024,나바9461,in_age_012,18
2024,나바9461,in_age_013,23
2024,나바9461,in_age_014,18
2024,나바9461,in_age_015,28
2024,나바9461,in_age_016,13
2024,나바9461,in_age_017,13
2024,나바9461,in_age_018,5
2024,나바9461,in_age_019,5
2024,나바9461,in_age_032,0
2024,나바9461,in_age_033,0
2024,나바9461,in_age_034,0
2024,나바9461,in_age_035,5
2024,나바9461,in_age_036,5
2024,나바9461,in_age_037,5
2024,나바9461,in_age_039,8
2024,나바9461,in_age_040,5
2024,나바9461,in_age_041,5
2024,나바9461,in_age_042,8
2024,나바9461,in_age_043,8
2024,나바9461,in_age_044,8
2024,나바9461,in_age_045,13
2024,나바9461,in_age_046,8
2024,나바9461,in_age_047,5
2024,나바9461,in_age_048,5
2024,나바9461,in_age_049,0
2024,나바9461,in_age_063,0
2024,나바9461,in_age_064,5
2024,나바9461,in_age_065,5
2024,나바9461,in_age_068,5
2024,나바9461,in_age_069,0
2024,나바9461,in_age_070,8
2024,나바9461,in_age_071,5
2024,나바9461,in_age_072,8
2024,나바9461,in_age_073,13
2024,나바9461,in_age_074,13
2024,나바9461,in_age_075,13
2024,나바9461,in_age_076,5
2024,나바9461,in_age_077,8
2024,나바9461,in_age_078,0
2024,나바9461,in_age_079,5
2024,나바9461,to_in_001,163
2024,나바9461,to_in_007,83
2024,나바9461,to_in_008,78
2024,나바9462,in_age_001,0
2024,나바9462,in_age_002,5
2024,나바9462,in_age_003,8
2024,나바9462,in_age_004,18
2024,나바9462,in_age_005,8
2024,나바9462,in_age_006,8
2024,나바9462,in_age_007,8
2024,나바9462,in_age_008,5
2024,나바9462,in_age_009,13
2024,나바9462,in_age_010,13
2024,나바9462,in_age_011,13
2024,나바9462,in_age_012,13
2024,나바9462,in_age_013,23
2024,나바9462,in_age_014,13
2024,나바9462,in_age_015,13
2024,나바9462,in_age_016,8
2024,나바9462,in_age_017,13
2024,나바9462,in_age_018,8
2024,나바9462,in_age_019,5
2024,나바9462,in_age_021,0
2024,나바9462,in_age_031,0
2024,나바9462,in_age_032,5
2024,나바9462,in_age_033,5
2024,나바9462,in_age_034,8
2024,나바9462,in_age_035,5
2024,나바9462,in_age_036,5
2024,나바9462,in_age_037,5
2024,나바9462,in_age_038,0
2024,나바9462,in_age_039,8
2024,나바9462,in_age_040,5
2024,나바9462,in_age_041,8
2024,나바9462,in_age_042,8
2024,나바9462,in_age_043,13
2024,나바9462,in_age_044,8
2024,나바9462,in_age_045,8
2024,나바9462,in_age_046,5
2024,나바9462,in_age_047,5
2024,나바9462,in_age_048,5
2024,나바9462,in_age_062,0
2024,나바9462,in_age_063,8
2024,나바9462,in_age_064,13
2024,나바9462,in_age_065,5
2024,나바9462,in_age_066,5
2024,나바9462,in_age_067,5
2024,나바9462,in_age_068,5
2024,나바9462,in_age_069,5
2024,나바9462,in_age_070,8
2024,나바9462,in_age_071,5
2024,나바9462,in_age_072,8
2024,나바9462,in_age_073,13
2024,나바9462,in_age_074,8
2024,나바9462,in_age_075,8
2024,나바9462,in_age_076,5
2024,나바9462,in_age_077,8
2024,나바9462,in_age_078,5
2024,나바9462,in_age_079,5
2024,나바9462,in_age_081,0
2024,나바9462,to_in_001,188
2024,나바9462,to_in_007,88
2024,나바9462,to_in_008,98
2024,나바9463,in_age_001,5
2024,나바9463,in_age_002,5
2024,나바9463,in_age_003,8
2024,나바9463,in_age_004,5
2024,나바9463,in_age_005,8
2024,나바9463,in_age_006,13
2024,나바9463,in_age_007,8
2024,나바9463,in_age_008,5
2024,나바9463,in_age_009,18
2024,나바9463,in_age_010,13
2024,나바9463,in_age_011,18
2024,나바9463,in_age_012,33
2024,나바9463,in_age_013,33
2024,나바9463,in_age_014,43
2024,나바9463,in_age_015,23
2024,나바9463,in_age_016,18
2024,나바9463,in_age_017,8
2024,나바9463,in_age_018,5
2024,나바9463,in_age_019,5
2024,나바9463,in_age_031,5
2024,나바9463,in_age_032,0
2024,나바9463,in_age_033,8
2024,나바9463,in_age_034,5
2024,나바9463,in_age_035,5
2024,나바9463,in_age_036,13
2024,나바9463,in_age_037,8
2024,나바9463,in_age_038,5
2024,나바9463,in_age_039,8
2024,나바9463,in_age_040,8
2024,나바9463,in_age_041,13
2024,나바9463,in_age_042,13
2024,나바9463,in_age_043,18
2024,나바9463,in_age_044,18
2024,나바9463,in_age_045,13
2024,나바9463,in_age_046,8
2024,나바9463,in_age_047,5
2024,나바9463,in_age_048,0
2024,나바9463,in_age_061,0
2024,나바9463,in_age_062,0
2024,나바9463,in_age_063,5
2024,나바9463,in_age_064,0
2024,나바9463,in_age_065,5
2024,나바9463,in_age_066,5
2024,나바9463,in_age_067,5
2024,나바9463,in_age_068,5
2024,나바9463,in_age_069,8
2024,나바9463,in_age_070,8
2024,나바9463,in_age_071,8
2024,나바9463,in_age_072,18
2024,나바9463,in_age_073,18
2024,나바9463,in_age_074,23
2024,나바9463,in_age_075,8
2024,나바9463,in_age_076,8
2024,나바9463,in_age_077,8
2024,나바9463,in_age_078,0
2024,나바9463,in_age_079,5
2024,나바9463,to_in_001,261
2024,나바9463,to_in_007,131
2024,나바9463,to_in_008,128
2024,나바9464,in_age_002,0
2024,나바9464,in_age_003,5
2024,나바9464,in_age_005,0
2024,나바9464,in_age_006,0
2024,나바9464,in_age_008,0
2024,나바9464,in_age_009,5
2024,나바9464,in_age_010,5
2024,나바9464,in_age_011,5
2024,나바9464,in_age_012,5
2024,나바9464,in_age_013,13
2024,나바9464,in_age_015,8
2024,나바9464,in_age_016,0
2024,나바9464,in_age_017,5
2024,나바9464,in_age_018,5
2024,나바9464,in_age_033,5
2024,나바9464,in_age_035,0
2024,나바9464,in_age_038,0
2024,나바9464,in_age_039,5
2024,나바9464,in_age_040,5
2024,나바9464,in_age_041,5
2024,나바9464,in_age_043,8
2024,나바9464,in_age_045,5
2024,나바9464,in_age_047,0
2024,나바9464,in_age_062,0
2024,나바9464,in_age_066,0
2024,나바9464,in_age_069,0
2024,나바9464,in_age_070,5
2024,나바9464,in_age_071,0
2024,나바9464,in_age_072,5
2024,나바9464,in_age_073,5
2024,나바9464,in_age_075,5
2024,나바9464,in_age_076,0
2024,나바9464,in_age_077,5
2024,나바9464,in_age_078,5
2024,나바9464,to_in_001,43
2024,나바9464,to_in_007,18
2024,나바9464,to_in_008,23
2024,나바9465,in_age_001,5
2024,나바9465,in_age_002,5
2024,나바9465,in_age_005,5
2024,나바9465,in_age_006,5
2024,나바9465,in_age_007,5
2024,나바9465,in_age_008,5
2024,나바9465,in_age_010,5
2024,나바9465,in_age_011,8
2024,나바9465,in_age_012,5
2024,나바9465,in_age_013,8
2024,나바9465,in_age_014,8
2024,나바9465,in_age_015,8
2024,나바9465,in_age_016,5
2024,나바9465,in_age_017,5
2024,나바9465,in_age_018,8
2024,나바9465,in_age_031,5
2024,나바9465,in_age_032,5
2024,나바9465,in_age_035,5
2024,나바9465,in_age_036,5
2024,나바9465,in_age_037,5
2024,나바9465,in_age_038,5
2024,나바9465,in_age_040,5
2024,나바9465,in_age_041,5
2024,나바9465,in_age_042,5
2024,나바9465,in_age_043,5
2024,나바9465,in_age_044,5
2024,나바9465,in_age_045,8
2024,나바9465,in_age_046,0
2024,나바9465,in_age_047,5
2024,나바9465,in_age_048,0
2024,나바9465,in_age_066,0
2024,나바9465,in_age_067,0
2024,나바9465,in_age_071,8
2024,나바9465,in_age_072,0
2024,나바9465,in_age_073,5
2024,나바9465,in_age_074,5
2024,나바9465,in_age_075,5
2024,나바9465,in_age_076,5
2024,나바9465,in_age_077,5
2024,나바9465,in_age_078,8
2024,나바9465,to_in_001,63
2024,나바9465,to_in_007,33
2024,나바9465,to_in_008,33
2024,나바9466,in_age_007,5
2024,나바9466,in_age_008,0
2024,나바9466,in_age_011,0
2024,나바9466,in_age_012,5
2024,나바9466,in_age_013,8
2024,나바9466,in_age_015,5
2024,나바9466,in_age_016,5
2024,나바9466,in_age_017,5
2024,나바9466,in_age_018,0
2024,나바9466,in_age_019,0
2024,나바9466,in_age_037,5
2024,나바9466,in_age_038,0
2024,나바9466,in_age_042,5
2024,나바9466,in_age_043,8
2024,나바9466,in_age_045,0
2024,나바9466,in_age_046,5
2024,나바9466,in_age_047,5
2024,나바9466,in_age_048,0
2024,나바9466,in_age_067,0
2024,나바9466,in_age_071,0
2024,나바9466,in_age_073,5
2024,나바9466,in_age_075,5
2024,나바9466,in_age_076,5
2024,나바9466,in_age_077,0
2024,나바9466,in_age_079,0
2024,나바9466,to_in_001,28
2024,나바9466,to_in_007,13
2024,나바9466,to_in_008,13
2024,나바9467,in_age_001,8
2024,나바9467,in_age_005,0
2024,나바9467,in_age_006,5
2024,나바9467,in_age_007,5
2024,나바9467,in_age_008,5
2024,나바9467,in_age_009,8
2024,나바9467,in_age_010,5
2024,나바9467,in_age_011,5
2024,나바9467,in_age_012,8
2024,나바9467,in_age_013,8
2024,나바9467,in_age_014,8
2024,나바9467,in_age_015,13
2024,나바9467,in_age_016,8
2024,나바9467,in_age_017,8
2024,나바9467,in_age_018,5
2024,나바9467,in_age_031,5
2024,나바9467,in_age_035,0
2024,나바9467,in_age_036,0
2024,나바9467,in_age_037,0
2024,나바9467,in_age_039,5
2024,나바9467,in_age_040,5
2024,나바9467,in_age_041,5
2024,나바9467,in_age_042,5
2024,나바9467,in_age_043,8
2024,나바9467,in_age_044,5
2024,나바9467,in_age_045,8
2024,나바9467,in_age_046,5
2024,나바9467,in_age_047,5
2024,나바9467,in_age_048,0
2024,나바9467,in_age_061,5
2024,나바9467,in_age_066,5
2024,나바9467,in_age_067,5
2024,나바9467,in_age_068,5
2024,나바9467,in_age_069,0
2024,나바9467,in_age_070,0
2024,나바9467,in_age_071,5
2024,나바9467,in_age_072,8
2024,나바9467,in_age_073,8
2024,나바9467,in_age_074,5
2024,나바9467,in_age_075,8
2024,나바9467,in_age_076,5
2024,나바9467,in_age_077,5
2024,나바9467,in_age_078,5
2024,나바9467,to_in_001,78
2024,나바9467,to_in_007,43
2024,나바9467,to_in_008,38
2024,나바9468,in_age_009,0
2024,나바9468,in_age_011,0
2024,나바9468,in_age_012,0
2024,나바9468,in_age_013,0
2024,나바9468,in_age_014,5
2024,나바9468,in_age_015,5
2024,나바9468,in_age_017,0
2024,나바9468,in_age_041,0
2024,나바9468,in_age_042,0
2024,나바9468,in_age_044,0
2024,나바9468,in_age_045,5
2024,나바9468,in_age_069,0
2024,나바9468,in_age_073,0
2024,나바9468,in_age_074,0
2024,나바9468,in_age_077,0
2024,나바9468,to_in_001,8
2024,나바9468,to_in_007,5
2024,나바9468,to_in_008,5
2024,나바9469,in_age_006,5
2024,나바9469,in_age_009,0
2024,나바9469,in_age_011,0
2024,나바9469,in_age_012,5
2024,나바9469,in_age_013,5
2024,나바9469,in_age_014,5
2024,나바9469,in_age_015,5
2024,나바9469,in_age_016,5
2024,나바9469,in_age_019,5
2024,나바9469,in_age_036,0
2024,나바9469,in_age_039,0
2024,나바9469,in_age_042,5
2024,나바9469,in_age_043,0
2024,나바9469,in_age_044,5
2024,나바9469,in_age_045,5
2024,나바9469,in_age_046,5
2024,나바9469,in_age_066,0
2024,나바9469,in_age_071,0
2024,나바9469,in_age_072,0
2024,나바9469,in_age_073,0
2024,나바9469,in_age_074,0
2024,나바9469,in_age_076,5
2024,나바9469,in_age_079,5
2024,나바9469,to_in_001,23
2024,나바9469,to_in_007,13
2024,나바9469,to_in_008,8
2024,나바9471,in_age_007,0
2024,나바9471,in_age_012,0
2024,나바9471,in_age_013,5
2024,나바9471,in_age_014,0
2024,나바9471,in_age_015,0
2024,나바9471,in_age_037,0
2024,나바9471,in_age_043,0
2024,나바9471,in_age_044,0
2024,나바9471,in_age_045,0
2024,나바9471,in_age_072,0
2024,나바9471,in_age_073,5
2024,나바9471,to_in_001,8
2024,나바9471,to_in_007,5
2024,나바9471,to_in_008,5
2024,나바9476,in_age_002,0
2024,나바9476,in_age_003,0
2024,나바9476,in_age_005,0
2024,나바9476,in_age_006,5
2024,나바9476,in_age_007,5
2024,나바9476,in_age_008,0
2024,나바9476,in_age_009,5
2024,나바9476,in_age_012,5
2024,나바9476,in_age_013,0
2024,나바9476,in_age_014,5
2024,나바9476,in_age_015,0
2024,나바9476,in_age_016,5
2024,나바9476,in_age_017,5
2024,나바9476,in_age_032,0
2024,나바9476,in_age_035,0
2024,나바9476,in_age_037,5
2024,나바9476,in_age_039,0
2024,나바9476,in_age_043,0
2024,나바9476,in_age_044,5
2024,나바9476,in_age_045,0
2024,나바9476,in_age_046,5
2024,나바9476,in_age_047,0
2024,나바9476,in_age_063,0
2024,나바9476,in_age_066,5
2024,나바9476,in_age_068,0
2024,나바9476,in_age_069,0
2024,나바9476,in_age_072,5
2024,나바9476,in_age_074,5
2024,나바9476,in_age_076,0
2024,나바9476,in_age_077,0
2024,나바9476,to_in_001,23
2024,나바9476,to_in_007,13
2024,나바9476,to_in_008,8
2024,나바9477,in_age_007,5
2024,나바9477,in_age_011,0
2024,나바9477,in_age_012,5
2024,나바9477,in_age_013,13
2024,나바9477,in_age_014,8
2024,나바9477,in_age_015,8
2024,나바9477,in_age_016,5
2024,나바9477,in_age_017,8
2024,나바9477,in_age_018,5
2024,나바9477,in_age_037,5
2024,나바9477,in_age_042,0
2024,나바9477,in_age_043,5
2024,나바9477,in_age_044,5
2024,나바9477,in_age_045,5
2024,나바9477,in_age_047,5
2024,나바9477,in_age_048,5
2024,나바9477,in_age_071,0
2024,나바9477,in_age_072,5
2024,나바9477,in_age_073,8
2024,나바9477,in_age_074,5
2024,나바9477,in_age_075,8
2024,나바9477,in_age_076,5
2024,나바9477,in_age_077,5
2024,나바9477,in_age_078,0
2024,나바9477,to_in_001,48
2024,나바9477,to_in_007,18
2024,나바9477,to_in_008,28
2024,나바9478,in_age_006,0
2024,나바9478,in_age_007,0
2024,나바9478,in_age_009,0
2024,나바9478,in_age_011,5
2024,나바9478,in_age_012,5
2024,나바9478,in_age_013,5
2024,나바9478,in_age_014,5
2024,나바9478,in_age_015,5
2024,나바9478,in_age_016,5
2024,나바9478,in_age_017,8
2024,나바9478,in_age_018,5
2024,나바9478,in_age_019,0
2024,나바9478,in_age_020,0
2024,나바9478,in_age_041,0
2024,나바9478,in_age_042,5
2024,나바9478,in_age_043,0
2024,나바9478,in_age_044,5
2024,나바9478,in_age_045,5
2024,나바9478,in_age_046,5
2024,나바9478,in_age_047,5
2024,나바9478,in_age_048,5
2024,나바9478,in_age_066,0
2024,나바9478,in_age_067,0
2024,나바9478,in_age_069,0
2024,나바9478,in_age_071,0
2024,나바9478,in_age_072,0
2024,나바9478,in_age_073,5
2024,나바9478,in_age_074,5
2024,나바9478,in_age_075,0
2024,나바9478,in_age_076,0
2024,나바9478,in_age_077,5
2024,나바9478,in_age_078,0
2024,나바9478,in_age_079,0
2024,나바9478,in_age_080,0
2024,나바9478,to_in_001,28
2024,나바9478,to_in_007,13
2024,나바9478,to_in_008,13
2024,나바9479,in_age_008,0
2024,나바9479,in_age_010,5
2024,나바9479,in_age_011,5
2024,나바9479,in_age_013,0
2024,나바9479,in_age_014,5
2024,나바9479,in_age_015,5
2024,나바9479,in_age_016,5
2024,나바9479,in_age_018,5
2024,나바9479,in_age_041,5
2024,나바9479,in_age_043,0
2024,나바9479,in_age_044,5
2024,나바9479,in_age_046,5
2024,나바9479,in_age_048,0
2024,나바9479,in_age_068,0
2024,나바9479,in_age_070,5
2024,나바9479,in_age_075,5
2024,나바9479,in_age_078,5
2024,나바9479,to_in_001,13
2024,나바9479,to_in_007,8
2024,나바9479,to_in_008,8
2024,나바9521,in_age_003,5
2024,나바9521,in_age_004,0
2024,나바9521,in_age_009,5
2024,나바9521,in_age_010,0
2024,나바9521,in_age_012,0
2024,나바9521,in_age_013,0
2024,나바9521,in_age_034,0
2024,나바9521,in_age_039,5
2024,나바9521,in_age_040,0
2024,나바9521,in_age_042,0
2024,나바9521,in_age_043,0
2024,나바9521,in_age_063,5
2024,나바9521,in_age_069,0
2024,나바9521,to_in_001,8
2024,나바9521,to_in_007,5
2024,나바9521,to_in_008,5
2024,나바9522,in_age_001,5
2024,나바9522,in_age_002,5
2024,나바9522,in_age_003,5
2024,나바9522,in_age_004,8
2024,나바9522,in_age_005,8
2024,나바9522,in_age_006,22
2024,나바9522,in_age_007,22
2024,나바9522,in_age_008,29
2024,나바9522,in_age_009,16
2024,나바9522,in_age_010,20
2024,나바9522,in_age_011,19
2024,나바9522,in_age_012,18
2024,나바9522,in_age_013,18
2024,나바9522,in_age_014,18
2024,나바9522,in_age_015,13
2024,나바9522,in_age_016,8
2024,나바9522,in_age_017,13
2024,나바9522,in_age_018,13
2024,나바9522,in_age_019,5
2024,나바9522,in_age_020,0
2024,나바9522,in_age_032,5
2024,나바9522,in_age_033,5
2024,나바9522,in_age_034,5
2024,나바9522,in_age_035,8
2024,나바9522,in_age_036,22
2024,나바9522,in_age_037,17
2024,나바9522,in_age_038,29
2024,나바9522,in_age_039,16
2024,나바9522,in_age_040,15
2024,나바9522,in_age_041,14
2024,나바9522,in_age_042,8
2024,나바9522,in_age_043,13
2024,나바9522,in_age_044,8
2024,나바9522,in_age_045,8
2024,나바9522,in_age_046,0
2024,나바9522,in_age_047,8
2024,나바9522,in_age_048,5
2024,나바9522,in_age_061,5
2024,나바9522,in_age_063,5
2024,나바9522,in_age_064,5
2024,나바9522,in_age_065,0
2024,나바9522,in_age_066,5
2024,나바9522,in_age_067,0
2024,나바9522,in_age_068,0
2024,나바9522,in_age_069,5
2024,나바9522,in_age_070,5
2024,나바9522,in_age_071,8
2024,나바9522,in_age_072,8
2024,나바9522,in_age_073,8
2024,나바9522,in_age_074,8
2024,나바9522,in_age_075,8
2024,나바9522,in_age_076,8
2024,나바9522,in_age_077,8
2024,나바9522,in_age_078,8
2024,나바9522,in_age_079,5
2024,나바9522,in_age_080,0
2024,나바9522,to_in_001,251
2024,나바9522,to_in_007,171
2024,나바9522,to_in_008,78
2024,나바9527,in_age_012,0
2024,나바9527,in_age_015,0
2024,나바9527,in_age_042,0
2024,나바9527,in_age_045,0
2024,나바9527,to_in_001,5
2024,나바9527,to_in_007,5
2024,나바9527,to_in_008,0
2024,나바9528,in_age_003,5
2024,나바9528,in_age_004,8
2024,나바9528,in_age_006,8
2024,나바9528,in_age_007,5
2024,나바9528,in_age_009,5
2024,나바9528,in_age_010,5
2024,나바9528,in_age_011,8
2024,나바9528,in_age_012,0
2024,나바9528,in_age_013,5
2024,나바9528,in_age_014,8
2024,나바9528,in_age_015,5
2024,나바9528,in_age_016,5
2024,나바9528,in_age_017,5
2024,나바9528,in_age_033,0
2024,나바9528,in_age_034,5
2024,나바9528,in_age_036,8
2024,나바9528,in_age_037,0
2024,나바9528,in_age_039,5
2024,나바9528,in_age_040,5
2024,나바9528,in_age_041,5
2024,나바9528,in_age_043,5
2024,나바9528,in_age_044,8
2024,나바9528,in_age_045,5
2024,나바9528,in_age_046,5
2024,나바9528,in_age_063,0
2024,나바9528,in_age_064,5
2024,나바9528,in_age_067,0
2024,나바9528,in_age_069,0
2024,나바9528,in_age_070,0
2024,나바9528,in_age_071,5
2024,나바9528,in_age_072,0
2024,나바9528,in_age_073,5
2024,나바9528,in_age_074,5
2024,나바9528,in_age_075,5
2024,나바9528,in_age_077,5
2024,나바9528,to_in_001,43
2024,나바9528,to_in_007,28
2024,나바9528,to_in_008,18
2024,나바9529,in_age_007,0
2024,나바9529,in_age_008,5
2024,나바9529,in_age_009,0
2024,나바9529,in_age_010,0
2024,나바9529,in_age_011,8
2024,나바9529,in_age_012,5
2024,나바9529,in_age_013,0
2024,나바9529,in_age_014,0
2024,나바9529,in_age_015,0
2024,나바9529,in_age_016,5
2024,나바9529,in_age_017,5
2024,나바9529,in_age_018,5
2024,나바9529,in_age_038,5
2024,나바9529,in_age_040,0
2024,나바9529,in_age_041,5
2024,나바9529,in_age_042,5
2024,나바9529,in_age_044,0
2024,나바9529,in_age_046,0
2024,나바9529,in_age_047,0
2024,나바9529,in_age_048,5
2024,나바9529,in_age_067,0
2024,나바9529,in_age_069,0
2024,나바9529,in_age_071,8
2024,나바9529,in_age_072,0
2024,나바9529,in_age_073,0
2024,나바9529,in_age_075,0
2024,나바9529,in_age_076,5
2024,나바9529,in_age_077,5
2024,나바9529,to_in_001,23
2024,나바9529,to_in_007,8
2024,나바9529,to_in_008,13
2024,나바9531,in_age_011,0
2024,나바9531,in_age_014,5
2024,나바9531,in_age_015,0
2024,나바9531,in_age_017,0
2024,나바9531,in_age_018,5
2024,나바9531,in_age_041,0
2024,나바9531,in_age_044,0
2024,나바9531,in_age_074,0
2024,나바9531,in_age_075,0
2024,나바9531,in_age_077,0
2024,나바9531,in_age_078,5
2024,나바9531,to_in_001,8
2024,나바9531,to_in_007,5
2024,나바9531,to_in_008,5
2024,나바9532,in_age_013,0
2024,나바9532,in_age_043,0
2024,나바9532,to_in_001,0
2024,나바9532,to_in_007,0
2024,나바9532,to_in_008,0
2024,나바9533,in_age_002,0
2024,나바9533,in_age_003,5
2024,나바9533,in_age_004,5
2024,나바9533,in_age_005,5
2024,나바9533,in_age_006,5
2024,나바9533,in_age_007,5
2024,나바9533,in_age_008,5
2024,나바9533,in_age_009,5
2024,나바9533,in_age_010,8
2024,나바9533,in_age_011,13
2024,나바9533,in_age_012,8
2024,나바9533,in_age_013,8
2024,나바9533,in_age_014,8
2024,나바9533,in_age_015,8
2024,나바9533,in_age_016,5
2024,나바9533,in_age_017,5
2024,나바9533,in_age_018,0
2024,나바9533,in_age_033,0
2024,나바9533,in_age_035,0
2024,나바9533,in_age_036,5
2024,나바9533,in_age_037,5
2024,나바9533,in_age_038,5
2024,나바9533,in_age_039,0
2024,나바9533,in_age_040,5
2024,나바9533,in_age_041,8
2024,나바9533,in_age_042,5
2024,나바9533,in_age_043,8
2024,나바9533,in_age_044,5
2024,나바9533,in_age_045,5
2024,나바9533,in_age_046,0
2024,나바9533,in_age_047,5
2024,나바9533,in_age_062,0
2024,나바9533,in_age_063,0
2024,나바9533,in_age_064,5
2024,나바9533,in_age_065,5
2024,나바9533,in_age_067,5
2024,나바9533,in_age_068,0
2024,나바9533,in_age_069,5
2024,나바9533,in_age_070,8
2024,나바9533,in_age_071,8
2024,나바9533,in_age_072,8
2024,나바9533,in_age_073,5
2024,나바9533,in_age_074,8
2024,나바9533,in_age_075,5
2024,나바9533,in_age_076,5
2024,나바9533,in_age_077,0
2024,나바9533,in_age_078,0
2024,나바9533,to_in_001,78
2024,나바9533,to_in_007,33
2024,나바9533,to_in_008,43
2024,나바9534,in_age_001,0
2024,나바9534,in_age_002,0
2024,나바9534,in_age_003,0
2024,나바9534,in_age_005,8
2024,나바9534,in_age_006,8
2024,나바9534,in_age_007,5
2024,나바9534,in_age_008,8
2024,나바9534,in_age_009,13
2024,나바9534,in_age_010,5
2024,나바9534,in_age_011,8
2024,나바9534,in_age_012,8
2024,나바9534,in_age_013,13
2024,나바9534,in_age_014,13
2024,나바9534,in_age_015,13
2024,나바9534,in_age_016,8
2024,나바9534,in_age_017,0
2024,나바9534,in_age_018,5
2024,나바9534,in_age_020,5
2024,나바9534,in_age_031,0
2024,나바9534,in_age_032,0
2024,나바9534,in_age_033,0
2024,나바9534,in_age_035,5
2024,나바9534,in_age_036,5
2024,나바9534,in_age_037,5
2024,나바9534,in_age_038,5
2024,나바9534,in_age_039,8
2024,나바9534,in_age_040,5
2024,나바9534,in_age_041,8
2024,나바9534,in_age_042,8
2024,나바9534,in_age_043,8
2024,나바9534,in_age_044,8
2024,나바9534,in_age_045,8
2024,나바9534,in_age_046,8
2024,나바9534,in_age_065,5
2024,나바9534,in_age_066,5
2024,나바9534,in_age_068,5
2024,나바9534,in_age_069,5
2024,나바9534,in_age_070,0
2024,나바9534,in_age_071,5
2024,나바9534,in_age_072,5
2024,나바9534,in_age_073,5
2024,나바9534,in_age_074,8
2024,나바9534,in_age_075,8
2024,나바9534,in_age_076,0
2024,나바9534,in_age_077,0
2024,나바9534,in_age_078,5
2024,나바9534,in_age_080,5
2024,나바9534,to_in_001,113
2024,나바9534,to_in_007,68
2024,나바9534,to_in_008,48
2024,나바9535,in_age_001,0
2024,나바9535,in_age_002,5
2024,나바9535,in_age_003,5
2024,나바9535,in_age_004,8
2024,나바9535,in_age_006,8
2024,나바9535,in_age_007,0
2024,나바9535,in_age_008,8
2024,나바9535,in_age_009,8
2024,나바9535,in_age_010,13
2024,나바9535,in_age_011,18
2024,나바9535,in_age_012,13
2024,나바9535,in_age_013,13
2024,나바9535,in_age_014,23
2024,나바9535,in_age_015,13
2024,나바9535,in_age_016,13
2024,나바9535,in_age_017,8
2024,나바9535,in_age_018,5
2024,나바9535,in_age_019,0
2024,나바9535,in_age_020,0
2024,나바9535,in_age_032,5
2024,나바9535,in_age_033,0
2024,나바9535,in_age_034,8
2024,나바9535,in_age_036,5
2024,나바9535,in_age_038,8
2024,나바9535,in_age_039,5
2024,나바9535,in_age_040,13
2024,나바9535,in_age_041,8
2024,나바9535,in_age_042,8
2024,나바9535,in_age_043,8
2024,나바9535,in_age_044,13
2024,나바9535,in_age_045,8
2024,나바9535,in_age_046,8
2024,나바9535,in_age_047,5
2024,나바9535,in_age_048,0
2024,나바9535,in_age_061,0
2024,나바9535,in_age_062,0
2024,나바9535,in_age_063,5
2024,나바9535,in_age_064,0
2024,나바9535,in_age_066,5
2024,나바9535,in_age_067,0
2024,나바9535,in_age_068,8
2024,나바9535,in_age_069,5
2024,나바9535,in_age_070,5
2024,나바9535,in_age_071,8
2024,나바9535,in_age_072,8
2024,나바9535,in_age_073,8
2024,나바9535,in_age_074,8
2024,나바9535,in_age_075,8
2024,나바9535,in_age_076,8
2024,나바9535,in_age_077,5
2024,나바9535,in_age_078,5
2024,나바9535,in_age_079,0
2024,나바9535,in_age_080,0
2024,나바9535,to_in_001,163
2024,나바9535,to_in_007,93
2024,나바9535,to_in_008,68
2024,나바9536,in_age_001,5
2024,나바9536,in_age_002,5
2024,나바9536,in_age_003,0
2024,나바9536,in_age_004,5
2024,나바9536,in_age_005,8
2024,나바9536,in_age_006,5
2024,나바9536,in_age_007,5
2024,나바9536,in_age_009,5
2024,나바9536,in_age_010,5
2024,나바9536,in_age_011,8
2024,나바9536,in_age_012,13
2024,나바9536,in_age_013,8
2024,나바9536,in_age_014,8
2024,나바9536,in_age_015,8
2024,나바9536,in_age_016,8
2024,나바9536,in_age_017,5
2024,나바9536,in_age_018,0
2024,나바9536,in_age_032,0
2024,나바9536,in_age_033,0
2024,나바9536,in_age_034,0
2024,나바9536,in_age_035,5
2024,나바9536,in_age_037,5
2024,나바9536,in_age_039,5
2024,나바9536,in_age_040,5
2024,나바9536,in_age_041,8
2024,나바9536,in_age_042,5
2024,나바9536,in_age_043,8
2024,나바9536,in_age_044,5
2024,나바9536,in_age_045,8
2024,나바9536,in_age_046,5
2024,나바9536,in_age_061,5
2024,나바9536,in_age_062,0
2024,나바9536,in_age_064,0
2024,나바9536,in_age_065,5
2024,나바9536,in_age_066,5
2024,나바9536,in_age_069,0
2024,나바9536,in_age_070,0
2024,나바9536,in_age_071,5
2024,나바9536,in_age_072,8
2024,나바9536,in_age_073,5
2024,나바9536,in_age_074,5
2024,나바9536,in_age_075,5
2024,나바9536,in_age_076,5
2024,나바9536,in_age_077,5
2024,나바9536,in_age_078,0
2024,나바9536,to_in_001,83
2024,나바9536,to_in_007,38
2024,나바9536,to_in_008,43
2024,나바9537,in_age_002,5
2024,나바9537,in_age_003,8
2024,나바9537,in_age_004,5
2024,나바9537,in_age_005,0
2024,나바9537,in_age_006,5
2024,나바9537,in_age_007,5
2024,나바9537,in_age_008,5
2024,나바9537,in_age_009,8
2024,나바9537,in_age_010,13
2024,나바9537,in_age_011,8
2024,나바9537,in_age_012,13
2024,나바9537,in_age_013,18
2024,나바9537,in_age_014,18
2024,나바9537,in_age_015,13
2024,나바9537,in_age_016,8
2024,나바9537,in_age_017,8
2024,나바9537,in_age_018,5
2024,나바9537,in_age_019,5
2024,나바9537,in_age_020,0
2024,나바9537,in_age_032,5
2024,나바9537,in_age_033,5
2024,나바9537,in_age_034,0
2024,나바9537,in_age_035,0
2024,나바9537,in_age_036,5
2024,나바9537,in_age_037,0
2024,나바9537,in_age_038,5
2024,나바9537,in_age_039,5
2024,나바9537,in_age_040,8
2024,나바9537,in_age_041,5
2024,나바9537,in_age_042,8
2024,나바9537,in_age_043,13
2024,나바9537,in_age_044,13
2024,나바9537,in_age_045,8
2024,나바9537,in_age_046,5
2024,나바9537,in_age_047,5
2024,나바9537,in_age_048,5
2024,나바9537,in_age_063,5
2024,나바9537,in_age_064,0
2024,나바9537,in_age_067,5
2024,나바9537,in_age_068,0
2024,나바9537,in_age_069,5
2024,나바9537,in_age_070,5
2024,나바9537,in_age_071,5
2024,나바9537,in_age_072,5
2024,나바9537,in_age_073,8
2024,나바9537,in_age_074,8
2024,나바9537,in_age_075,5
2024,나바9537,in_age_076,8
2024,나바9537,in_age_077,8
2024,나바9537,in_age_078,0
2024,나바9537,in_age_079,5
2024,나바9537,in_age_080,0
2024,나바9537,to_in_001,128
2024,나바9537,to_in_007,73
2024,나바9537,to_in_008,53
2024,나바9538,in_age_001,0
2024,나바9538,in_age_002,5
2024,나바9538,in_age_003,5
2024,나바9538,in_age_004,5
2024,나바9538,in_age_005,0
2024,나바9538,in_age_006,5
2024,나바9538,in_age_007,8
2024,나바9538,in_age_008,5
2024,나바9538,in_age_009,5
2024,나바9538,in_age_010,5
2024,나바9538,in_age_011,8
2024,나바9538,in_age_012,8
2024,나바9538,in_age_013,8
2024,나바9538,in_age_014,8
2024,나바9538,in_age_015,5
2024,나바9538,in_age_016,5
2024,나바9538,in_age_017,5
2024,나바9538,in_age_018,0
2024,나바9538,in_age_032,5
2024,나바9538,in_age_033,5
2024,나바9538,in_age_034,0
2024,나바9538,in_age_036,5
2024,나바9538,in_age_037,5
2024,나바9538,in_age_038,5
2024,나바9538,in_age_039,5
2024,나바9538,in_age_040,5
2024,나바9538,in_age_041,8
2024,나바9538,in_age_042,8
2024,나바9538,in_age_043,5
2024,나바9538,in_age_044,5
2024,나바9538,in_age_045,5
2024,나바9538,in_age_046,0
2024,나바9538,in_age_047,0
2024,나바9538,in_age_048,0
2024,나바9538,in_age_061,0
2024,나바9538,in_age_063,5
2024,나바9538,in_age_064,0
2024,나바9538,in_age_065,0
2024,나바9538,in_age_067,5
2024,나바9538,in_age_068,5
2024,나바9538,in_age_070,5
2024,나바9538,in_age_071,5
2024,나바9538,in_age_072,5
2024,나바9538,in_age_073,5
2024,나바9538,in_age_074,5
2024,나바9538,in_age_075,0
2024,나바9538,in_age_076,0
2024,나바9538,in_age_077,0
2024,나바9538,to_in_001,53
2024,나바9538,to_in_007,28
2024,나바9538,to_in_008,23
2024,나바9539,in_age_001,0
2024,나바9539,in_age_003,0
2024,나바9539,in_age_004,5
2024,나바9539,in_age_006,5
2024,나바9539,in_age_007,5
2024,나바9539,in_age_009,0
2024,나바9539,in_age_010,8
2024,나바9539,in_age_011,5
2024,나바9539,in_age_012,5
2024,나바9539,in_age_013,8
2024,나바9539,in_age_014,8
2024,나바9539,in_age_015,5
2024,나바9539,in_age_016,8
2024,나바9539,in_age_017,5
2024,나바9539,in_age_018,5
2024,나바9539,in_age_019,5
2024,나바9539,in_age_033,0
2024,나바9539,in_age_034,0
2024,나바9539,in_age_036,0
2024,나바9539,in_age_037,5
2024,나바9539,in_age_040,8
2024,나바9539,in_age_041,5
2024,나바9539,in_age_042,5
2024,나바9539,in_age_043,8
2024,나바9539,in_age_044,5
2024,나바9539,in_age_046,0
2024,나바9539,in_age_047,5
2024,나바9539,in_age_048,0
2024,나바9539,in_age_061,0
2024,나바9539,in_age_064,0
2024,나바9539,in_age_066,5
2024,나바9539,in_age_069,0
2024,나바9539,in_age_070,5
2024,나바9539,in_age_071,0
2024,나바9539,in_age_072,0
2024,나바9539,in_age_073,5
2024,나바9539,in_age_074,8
2024,나바9539,in_age_075,5
2024,나바9539,in_age_076,5
2024,나바9539,in_age_078,5
2024,나바9539,in_age_079,5
2024,나바9539,to_in_001,53
2024,나바9539,to_in_007,23
2024,나바9539,to_in_008,28
2024,나바9540,in_age_013,5
2024,나바9540,in_age_014,0
2024,나바9540,in_age_015,0
2024,나바9540,in_age_016,5
2024,나바9540,in_age_017,0
2024,나바9540,in_age_044,0
2024,나바9540,in_age_046,5
2024,나바9540,in_age_073,5
2024,나바9540,in_age_075,0
2024,나바9540,in_age_077,0
2024,나바9540,to_in_001,8
2024,나바9540,to_in_007,5
2024,나바9540,to_in_008,5
2024,나바9541,in_age_001,0
2024,나바9541,in_age_002,0
2024,나바9541,in_age_003,0
2024,나바9541,in_age_005,5
2024,나바9541,in_age_006,5
2024,나바9541,in_age_007,5
2024,나바9541,in_age_008,5
2024,나바9541,in_age_009,5
2024,나바9541,in_age_010,5
2024,나바9541,in_age_011,8
2024,나바9541,in_age_012,8
2024,나바9541,in_age_013,13
2024,나바9541,in_age_014,8
2024,나바9541,in_age_015,8
2024,나바9541,in_age_016,8
2024,나바9541,in_age_017,8
2024,나바9541,in_age_018,5
2024,나바9541,in_age_019,5
2024,나바9541,in_age_031,0
2024,나바9541,in_age_032,0
2024,나바9541,in_age_035,5
2024,나바9541,in_age_036,5
2024,나바9541,in_age_037,5
2024,나바9541,in_age_038,5
2024,나바9541,in_age_039,5
2024,나바9541,in_age_040,5
2024,나바9541,in_age_041,5
2024,나바9541,in_age_042,5
2024,나바9541,in_age_043,8
2024,나바9541,in_age_044,5
2024,나바9541,in_age_045,5
2024,나바9541,in_age_046,8
2024,나바9541,in_age_047,5
2024,나바9541,in_age_048,0
2024,나바9541,in_age_063,0
2024,나바9541,in_age_068,0
2024,나바9541,in_age_069,0
2024,나바9541,in_age_070,5
2024,나바9541,in_age_071,5
2024,나바9541,in_age_072,5
2024,나바9541,in_age_073,8
2024,나바9541,in_age_074,8
2024,나바9541,in_age_075,5
2024,나바9541,in_age_076,5
2024,나바9541,in_age_077,8
2024,나바9541,in_age_078,5
2024,나바9541,in_age_079,5
2024,나바9541,to_in_001,93
2024,나바9541,to_in_007,53
2024,나바9541,to_in_008,38
2024,나바9542,in_age_002,8
2024,나바9542,in_age_003,5
2024,나바9542,in_age_004,5
2024,나바9542,in_age_006,5
2024,나바9542,in_age_007,0
2024,나바9542,in_age_008,8
2024,나바9542,in_age_009,8
2024,나바9542,in_age_010,13
2024,나바9542,in_age_011,8
2024,나바9542,in_age_012,8
2024,나바9542,in_age_013,23
2024,나바9542,in_age_014,18
2024,나바9542,in_age_015,23
2024,나바9542,in_age_016,23
2024,나바9542,in_age_017,18
2024,나바9542,in_age_018,5
2024,나바9542,in_age_019,0
2024,나바9542,in_age_020,0
2024,나바9542,in_age_032,8
2024,나바9542,in_age_033,0
2024,나바9542,in_age_034,5
2024,나바9542,in_age_036,5
2024,나바9542,in_age_038,5
2024,나바9542,in_age_039,5
2024,나바9542,in_age_040,8
2024,나바9542,in_age_041,5
2024,나바9542,in_age_042,0
2024,나바9542,in_age_043,13
2024,나바9542,in_age_044,13
2024,나바9542,in_age_045,8
2024,나바9542,in_age_046,8
2024,나바9542,in_age_047,8
2024,나바9542,in_age_048,0
2024,나바9542,in_age_049,0
2024,나바9542,in_age_062,0
2024,나바9542,in_age_063,0
2024,나바9542,in_age_064,0
2024,나바9542,in_age_067,0
2024,나바9542,in_age_068,5
2024,나바9542,in_age_069,5
2024,나바9542,in_age_070,5
2024,나바9542,in_age_071,8
2024,나바9542,in_age_072,8
2024,나바9542,in_age_073,8
2024,나바9542,in_age_074,8
2024,나바9542,in_age_075,18
2024,나바9542,in_age_076,13
2024,나바9542,in_age_077,8
2024,나바9542,in_age_078,5
2024,나바9542,in_age_080,0
2024,나바9542,to_in_001,163
2024,나바9542,to_in_007,78
2024,나바9542,to_in_008,83
2024,나바9543,in_age_001,0
2024,나바9543,in_age_002,5
2024,나바9543,in_age_003,5
2024,나바9543,in_age_007,0
2024,나바9543,in_age_009,8
2024,나바9543,in_age_011,5
2024,나바9543,in_age_012,0
2024,나바9543,in_age_013,8
2024,나바9543,in_age_014,8
2024,나바9543,in_age_015,5
2024,나바9543,in_age_016,5
2024,나바9543,in_age_017,0
2024,나바9543,in_age_018,5
2024,나바9543,in_age_032,0
2024,나바9543,in_age_039,5
2024,나바9543,in_age_041,5
2024,나바9543,in_age_042,0
2024,나바9543,in_age_043,5
2024,나바9543,in_age_044,5
2024,나바9543,in_age_045,5
2024,나바9543,in_age_046,0
2024,나바9543,in_age_047,0
2024,나바9543,in_age_048,0
2024,나바9543,in_age_061,0
2024,나바9543,in_age_062,0
2024,나바9543,in_age_063,5
2024,나바9543,in_age_067,0
2024,나바9543,in_age_069,8
2024,나바9543,in_age_071,5
2024,나바9543,in_age_073,8
2024,나바9543,in_age_074,5
2024,나바9543,in_age_075,5
2024,나바9543,in_age_076,5
2024,나바9543,in_age_078,0
2024,나바9543,to_in_001,38
2024,나바9543,to_in_007,18
2024,나바9543,to_in_008,23
2024,나바9544,in_age_002,5
2024,나바9544,in_age_003,5
2024,나바9544,in_age_004,5
2024,나바9544,in_age_006,0
2024,나바9544,in_age_007,0
2024,나바9544,in_age_008,0
2024,나바9544,in_age_009,5
2024,나바9544,in_age_010,5
2024,나바9544,in_age_011,0
2024,나바9544,in_age_012,8
2024,나바9544,in_age_013,8
2024,나바9544,in_age_014,8
2024,나바9544,in_age_015,8
2024,나바9544,in_age_016,8
2024,나바9544,in_age_017,5
2024,나바9544,in_age_018,5
2024,나바9544,in_age_032,0
2024,나바9544,in_age_038,0
2024,나바9544,in_age_039,5
2024,나바9544,in_age_040,5
2024,나바9544,in_age_042,5
2024,나바9544,in_age_043,8
2024,나바9544,in_age_044,8
2024,나바9544,in_age_045,5
2024,나바9544,in_age_046,5
2024,나바9544,in_age_047,0
2024,나바9544,in_age_048,0
2024,나바9544,in_age_062,0
2024,나바9544,in_age_063,5
2024,나바9544,in_age_064,5
2024,나바9544,in_age_066,0
2024,나바9544,in_age_067,0
2024,나바9544,in_age_069,5
2024,나바9544,in_age_070,0
2024,나바9544,in_age_071,0
2024,나바9544,in_age_072,8
2024,나바9544,in_age_073,5
2024,나바9544,in_age_074,5
2024,나바9544,in_age_075,5
2024,나바9544,in_age_076,5
2024,나바9544,in_age_077,5
2024,나바9544,in_age_078,5
2024,나바9544,to_in_001,53
2024,나바9544,to_in_007,23
2024,나바9544,to_in_008,33
2024,나바9545,in_age_002,0
2024,나바9545,in_age_004,5
2024,나바9545,in_age_007,5
2024,나바9545,in_age_009,5
2024,나바9545,in_age_010,5
2024,나바9545,in_age_011,5
2024,나바9545,in_age_012,8
2024,나바9545,in_age_013,8
2024,나바9545,in_age_014,8
2024,나바9545,in_age_015,5
2024,나바9545,in_age_016,5
2024,나바9545,in_age_017,5
2024,나바9545,in_age_019,0
2024,나바9545,in_age_032,0
2024,나바9545,in_age_034,5
2024,나바9545,in_age_037,5
2024,나바9545,in_age_039,5
2024,나바9545,in_age_040,5
2024,나바9545,in_age_041,0
2024,나바9545,in_age_042,5
2024,나바9545,in_age_043,8
2024,나바9545,in_age_044,5
2024,나바9545,in_age_046,0
2024,나바9545,in_age_067,0
2024,나바9545,in_age_069,0
2024,나바9545,in_age_070,0
2024,나바9545,in_age_071,5
2024,나바9545,in_age_072,5
2024,나바9545,in_age_073,5
2024,나바9545,in_age_074,5
2024,나바9545,in_age_075,5
2024,나바9545,in_age_076,5
2024,나바9545,in_age_077,5
2024,나바9545,in_age_079,0
2024,나바9545,to_in_001,43
2024,나바9545,to_in_007,23
2024,나바9545,to_in_008,18
2024,나바9547,in_age_008,5
2024,나바9547,in_age_009,5
2024,나바9547,in_age_010,5
2024,나바9547,in_age_011,0
2024,나바9547,in_age_012,0
2024,나바9547,in_age_018,0
2024,나바9547,in_age_038,5
2024,나바9547,in_age_040,5
2024,나바9547,in_age_041,0
2024,나바9547,in_age_042,0
2024,나바9547,in_age_069,5
2024,나바9547,in_age_078,0
2024,나바9547,to_in_001,8
2024,나바9547,to_in_007,8
2024,나바9547,to_in_008,5
2024,나바9548,in_age_012,5
2024,나바9548,in_age_013,0
2024,나바9548,in_age_014,0
2024,나바9548,in_age_015,0
2024,나바9548,in_age_016,5
2024,나바9548,in_age_017,5
2024,나바9548,in_age_018,0
2024,나바9548,in_age_042,0
2024,나바9548,in_age_043,0
2024,나바9548,in_age_046,5
2024,나바9548,in_age_048,0
2024,나바9548,in_age_072,0
2024,나바9548,in_age_074,0
2024,나바9548,in_age_075,0
2024,나바9548,in_age_076,5
2024,나바9548,in_age_077,5
2024,나바9548,to_in_001,13
2024,나바9548,to_in_007,5
2024,나바9548,to_in_008,8
2024,나바9551,in_age_003,0
2024,나바9551,in_age_004,0
2024,나바9551,in_age_008,5
2024,나바9551,in_age_009,5
2024,나바9551,in_age_010,5
2024,나바9551,in_age_011,8
2024,나바9551,in_age_012,5
2024,나바9551,in_age_013,8
2024,나바9551,in_age_014,8
2024,나바9551,in_age_015,5
2024,나바9551,in_age_016,5
2024,나바9551,in_age_017,0
2024,나바9551,in_age_018,5
2024,나바9551,in_age_040,0
2024,나바9551,in_age_041,8
2024,나바9551,in_age_042,0
2024,나바9551,in_age_043,8
2024,나바9551,in_age_044,5
2024,나바9551,in_age_045,0
2024,나바9551,in_age_046,5
2024,나바9551,in_age_048,0
2024,나바9551,in_age_063,0
2024,나바9551,in_age_064,0
2024,나바9551,in_age_068,5
2024,나바9551,in_age_069,5
2024,나바9551,in_age_070,5
2024,나바9551,in_age_072,0
2024,나바9551,in_age_073,5
2024,나바9551,in_age_074,5
2024,나바9551,in_age_075,5
2024,나바9551,in_age_076,5
2024,나바9551,in_age_077,0
2024,나바9551,in_age_078,5
2024,나바9551,to_in_001,38
2024,나바9551,to_in_007,18
2024,나바9551,to_in_008,18
2024,나바9552,in_age_013,5
2024,나바9552,in_age_014,5
2024,나바9552,in_age_015,5
2024,나바9552,in_age_017,5
2024,나바9552,in_age_043,5
2024,나바9552,in_age_045,5
2024,나바9552,in_age_047,5
2024,나바9552,in_age_073,5
2024,나바9552,in_age_074,5
2024,나바9552,in_age_075,0
2024,나바9552,in_age_077,0
2024,나바9552,to_in_001,13
2024,나바9552,to_in_007,8
2024,나바9552,to_in_008,8
2024,나바9555,in_age_008,0
2024,나바9555,in_age_068,0
2024,나바9555,to_in_001,0
2024,나바9555,to_in_007,0
2024,나바9555,to_in_008,0
2024,나바9558,in_age_006,0
2024,나바9558,in_age_036,0
2024,나바9558,to_in_001,0
2024,나바9558,to_in_007,0
2024,나바9558,to_in_008,0
2024,나바9559,in_age_003,5
2024,나바9559,in_age_004,0
2024,나바9559,in_age_009,0
2024,나바9559,in_age_010,0
2024,나바9559,in_age_011,0
2024,나바9559,in_age_012,5
2024,나바9559,in_age_013,0
2024,나바9559,in_age_014,0
2024,나바9559,in_age_015,5
2024,나바9559,in_age_016,5
2024,나바9559,in_age_017,0
2024,나바9559,in_age_019,5
2024,나바9559,in_age_020,5
2024,나바9559,in_age_033,5
2024,나바9559,in_age_034,0
2024,나바9559,in_age_040,0
2024,나바9559,in_age_041,0
2024,나바9559,in_age_042,5
2024,나바9559,in_age_045,0
2024,나바9559,in_age_046,5
2024,나바9559,in_age_047,0
2024,나바9559,in_age_050,5
2024,나바9559,in_age_069,0
2024,나바9559,in_age_072,0
2024,나바9559,in_age_073,0
2024,나바9559,in_age_074,0
2024,나바9559,in_age_075,5
2024,나바9559,in_age_076,5
2024,나바9559,in_age_079,5
2024,나바9559,to_in_001,23
2024,나바9559,to_in_007,13
2024,나바9559,to_in_008,13
2024,나바9560,in_age_002,5
2024,나바9560,in_age_003,5
2024,나바9560,in_age_005,5
2024,나바9560,in_age_007,5
2024,나바9560,in_age_009,0
2024,나바9560,in_age_010,5
2024,나바9560,in_age_011,5
2024,나바9560,in_age_012,8
2024,나바9560,in_age_013,8
2024,나바9560,in_age_014,5
2024,나바9560,in_age_015,5
2024,나바9560,in_age_016,5
2024,나바9560,in_age_018,5
2024,나바9560,in_age_032,0
2024,나바9560,in_age_033,5
2024,나바9560,in_age_035,5
2024,나바9560,in_age_037,0
2024,나바9560,in_age_040,0
2024,나바9560,in_age_041,5
2024,나바9560,in_age_042,5
2024,나바9560,in_age_043,8
2024,나바9560,in_age_045,5
2024,나바9560,in_age_046,5
2024,나바9560,in_age_062,0
2024,나바9560,in_age_067,0
2024,나바9560,in_age_069,0
2024,나바9560,in_age_070,0
2024,나바9560,in_age_071,5
2024,나바9560,in_age_072,8
2024,나바9560,in_age_073,5
2024,나바9560,in_age_074,5
2024,나바9560,in_age_075,5
2024,나바9560,in_age_076,5
2024,나바9560,in_age_078,5
2024,나바9560,to_in_001,43
2024,나바9560,to_in_007,23
2024,나바9560,to_in_008,23
2024,나바9561,in_age_001,5
2024,나바9561,in_age_002,5
2024,나바9561,in_age_003,0
2024,나바9561,in_age_004,8
2024,나바9561,in_age_005,5
2024,나바9561,in_age_006,5
2024,나바9561,in_age_007,8
2024,나바9561,in_age_008,0
2024,나바9561,in_age_009,5
2024,나바9561,in_age_010,5
2024,나바9561,in_age_011,8
2024,나바9561,in_age_012,18
2024,나바9561,in_age_013,13
2024,나바9561,in_age_014,8
2024,나바9561,in_age_015,8
2024,나바9561,in_age_016,5
2024,나바9561,in_age_017,13
2024,나바9561,in_age_018,13
2024,나바9561,in_age_019,5
2024,나바9561,in_age_020,0
2024,나바9561,in_age_032,0
2024,나바9561,in_age_034,5
2024,나바9561,in_age_035,5
2024,나바9561,in_age_036,5
2024,나바9561,in_age_037,5
2024,나바9561,in_age_039,0
2024,나바9561,in_age_040,5
2024,나바9561,in_age_041,5
2024,나바9561,in_age_042,13
2024,나바9561,in_age_043,8
2024,나바9561,in_age_044,5
2024,나바9561,in_age_045,5
2024,나바9561,in_age_046,0
2024,나바9561,in_age_047,8
2024,나바9561,in_age_048,5
2024,나바9561,in_age_050,0
2024,나바9561,in_age_061,5
2024,나바9561,in_age_062,5
2024,나바9561,in_age_063,0
2024,나바9561,in_age_064,5
2024,나바9561,in_age_066,5
2024,나바9561,in_age_067,5
2024,나바9561,in_age_068,0
2024,나바9561,in_age_069,0
2024,나바9561,in_age_071,5
2024,나바9561,in_age_072,8
2024,나바9561,in_age_073,5
2024,나바9561,in_age_074,8
2024,나바9561,in_age_075,5
2024,나바9561,in_age_076,5
2024,나바9561,in_age_077,8
2024,나바9561,in_age_078,8
2024,나바9561,in_age_079,5
2024,나바9561,to_in_001,118
2024,나바9561,to_in_007,58
2024,나바9561,to_in_008,58
2024,나바9562,in_age_001,5
2024,나바9562,in_age_002,5
2024,나바9562,in_age_003,5
2024,나바9562,in_age_004,8
2024,나바9562,in_age_005,5
2024,나바9562,in_age_006,8
2024,나바9562,in_age_007,8
2024,나바9562,in_age_008,13
2024,나바9562,in_age_009,18
2024,나바9562,in_age_010,18
2024,나바9562,in_age_011,28
2024,나바9562,in_age_012,28
2024,나바9562,in_age_013,48
2024,나바9562,in_age_014,51
2024,나바9562,in_age_015,43
2024,나바9562,in_age_016,38
2024,나바9562,in_age_017,13
2024,나바9562,in_age_018,8
2024,나바9562,in_age_019,8
2024,나바9562,in_age_032,5
2024,나바9562,in_age_033,0
2024,나바9562,in_age_034,5
2024,나바9562,in_age_035,0
2024,나바9562,in_age_036,8
2024,나바9562,in_age_037,8
2024,나바9562,in_age_038,8
2024,나바9562,in_age_039,13
2024,나바9562,in_age_040,13
2024,나바9562,in_age_041,18
2024,나바9562,in_age_042,13
2024,나바9562,in_age_043,27
2024,나바9562,in_age_044,31
2024,나바9562,in_age_045,18
2024,나바9562,in_age_046,18
2024,나바9562,in_age_047,8
2024,나바9562,in_age_048,5
2024,나바9562,in_age_061,5
2024,나바9562,in_age_063,5
2024,나바9562,in_age_064,5
2024,나바9562,in_age_065,5
2024,나바9562,in_age_066,5
2024,나바9562,in_age_067,0
2024,나바9562,in_age_068,5
2024,나바9562,in_age_069,8
2024,나바9562,in_age_070,5
2024,나바9562,in_age_071,13
2024,나바9562,in_age_072,13
2024,나바9562,in_age_073,24
2024,나바9562,in_age_074,18
2024,나바9562,in_age_075,23
2024,나바9562,in_age_076,23
2024,나바9562,in_age_077,8
2024,나바9562,in_age_078,8
2024,나바9562,in_age_079,8
2024,나바9562,to_in_001,356
2024,나바9562,to_in_007,190
2024,나바9562,to_in_008,164
2024,나바9563,in_age_001,5
2024,나바9563,in_age_002,0
2024,나바9563,in_age_003,8
2024,나바9563,in_age_004,8
2024,나바9563,in_age_005,8
2024,나바9563,in_age_006,8
2024,나바9563,in_age_007,0
2024,나바9563,in_age_008,5
2024,나바9563,in_age_009,8
2024,나바9563,in_age_010,18
2024,나바9563,in_age_011,13
2024,나바9563,in_age_012,13
2024,나바9563,in_age_013,23
2024,나바9563,in_age_014,23
2024,나바9563,in_age_015,28
2024,나바9563,in_age_016,18
2024,나바9563,in_age_017,8
2024,나바9563,in_age_018,8
2024,나바9563,in_age_019,5
2024,나바9563,in_age_020,5
2024,나바9563,in_age_031,0
2024,나바9563,in_age_032,0
2024,나바9563,in_age_033,0
2024,나바9563,in_age_034,8
2024,나바9563,in_age_035,5
2024,나바9563,in_age_036,5
2024,나바9563,in_age_037,0
2024,나바9563,in_age_038,5
2024,나바9563,in_age_039,8
2024,나바9563,in_age_040,13
2024,나바9563,in_age_041,8
2024,나바9563,in_age_042,5
2024,나바9563,in_age_043,13
2024,나바9563,in_age_044,13
2024,나바9563,in_age_045,8
2024,나바9563,in_age_046,8
2024,나바9563,in_age_047,5
2024,나바9563,in_age_048,5
2024,나바9563,in_age_050,0
2024,나바9563,in_age_061,5
2024,나바9563,in_age_063,8
2024,나바9563,in_age_064,5
2024,나바9563,in_age_065,8
2024,나바9563,in_age_066,8
2024,나바9563,in_age_068,5
2024,나바9563,in_age_069,8
2024,나바9563,in_age_070,5
2024,나바9563,in_age_071,8
2024,나바9563,in_age_072,8
2024,나바9563,in_age_073,13
2024,나바9563,in_age_074,8
2024,나바9563,in_age_075,18
2024,나바9563,in_age_076,8
2024,나바9563,in_age_077,5
2024,나바9563,in_age_078,5
2024,나바9563,in_age_079,5
2024,나바9563,in_age_080,5
2024,나바9563,to_in_001,193
2024,나바9563,to_in_007,98
2024,나바9563,to_in_008,98
2024,나바9564,in_age_002,0
2024,나바9564,in_age_003,5
2024,나바9564,in_age_004,5
2024,나바9564,in_age_005,0
2024,나바9564,in_age_006,5
2024,나바9564,in_age_007,5
2024,나바9564,in_age_008,8
2024,나바9564,in_age_009,8
2024,나바9564,in_age_011,8
2024,나바9564,in_age_012,18
2024,나바9564,in_age_013,5
2024,나바9564,in_age_014,13
2024,나바9564,in_age_015,23
2024,나바9564,in_age_016,18
2024,나바9564,in_age_017,8
2024,나바9564,in_age_018,5
2024,나바9564,in_age_019,5
2024,나바9564,in_age_032,0
2024,나바9564,in_age_033,0
2024,나바9564,in_age_034,5
2024,나바9564,in_age_036,0
2024,나바9564,in_age_037,5
2024,나바9564,in_age_038,5
2024,나바9564,in_age_039,8
2024,나바9564,in_age_041,5
2024,나바9564,in_age_042,8
2024,나바9564,in_age_043,5
2024,나바9564,in_age_044,5
2024,나바9564,in_age_045,8
2024,나바9564,in_age_046,8
2024,나바9564,in_age_047,5
2024,나바9564,in_age_048,5
2024,나바9564,in_age_049,0
2024,나바9564,in_age_063,5
2024,나바9564,in_age_064,0
2024,나바9564,in_age_065,0
2024,나바9564,in_age_066,0
2024,나바9564,in_age_067,0
2024,나바9564,in_age_068,5
2024,나바9564,in_age_071,8
2024,나바9564,in_age_072,8
2024,나바9564,in_age_074,8
2024,나바9564,in_age_075,13
2024,나바9564,in_age_076,8
2024,나바9564,in_age_077,5
2024,나바9564,in_age_078,5
2024,나바9564,in_age_079,5
2024,나바9564,to_in_001,113
2024,나바9564,to_in_007,63
2024,나바9564,to_in_008,53
2024,나바9565,in_age_002,0
2024,나바9565,in_age_005,0
2024,나바9565,in_age_006,5
2024,나바9565,in_age_007,8
2024,나바9565,in_age_008,5
2024,나바9565,in_age_009,5
2024,나바9565,in_age_010,5
2024,나바9565,in_age_011,5
2024,나바9565,in_age_012,8
2024,나바9565,in_age_013,8
2024,나바9565,in_age_014,13
2024,나바9565,in_age_015,13
2024,나바9565,in_age_016,8
2024,나바9565,in_age_017,5
2024,나바9565,in_age_018,5
2024,나바9565,in_age_037,5
2024,나바9565,in_age_038,0
2024,나바9565,in_age_039,5
2024,나바9565,in_age_040,5
2024,나바9565,in_age_041,5
2024,나바9565,in_age_042,5
2024,나바9565,in_age_043,0
2024,나바9565,in_age_044,8
2024,나바9565,in_age_045,5
2024,나바9565,in_age_046,5
2024,나바9565,in_age_047,5
2024,나바9565,in_age_048,0
2024,나바9565,in_age_062,0
2024,나바9565,in_age_065,0
2024,나바9565,in_age_066,5
2024,나바9565,in_age_067,5
2024,나바9565,in_age_068,0
2024,나바9565,in_age_071,5
2024,나바9565,in_age_072,5
2024,나바9565,in_age_073,5
2024,나바9565,in_age_074,5
2024,나바9565,in_age_075,8
2024,나바9565,in_age_076,5
2024,나바9565,in_age_077,0
2024,나바9565,in_age_078,0
2024,나바9565,to_in_001,68
2024,나바9565,to_in_007,38
2024,나바9565,to_in_008,33
2024,나바9566,in_age_004,5
2024,나바9566,in_age_005,0
2024,나바9566,in_age_006,0
2024,나바9566,in_age_007,5
2024,나바9566,in_age_008,0
2024,나바9566,in_age_009,5
2024,나바9566,in_age_010,5
2024,나바9566,in_age_011,5
2024,나바9566,in_age_012,8
2024,나바9566,in_age_013,8
2024,나바9566,in_age_014,8
2024,나바9566,in_age_015,5
2024,나바9566,in_age_016,8
2024,나바9566,in_age_017,5
2024,나바9566,in_age_018,5
2024,나바9566,in_age_020,5
2024,나바9566,in_age_034,5
2024,나바9566,in_age_036,0
2024,나바9566,in_age_037,5
2024,나바9566,in_age_038,0
2024,나바9566,in_age_039,5
2024,나바9566,in_age_041,5
2024,나바9566,in_age_042,0
2024,나바9566,in_age_043,5
2024,나바9566,in_age_044,5
2024,나바9566,in_age_045,5
2024,나바9566,in_age_046,8
2024,나바9566,in_age_047,5
2024,나바9566,in_age_050,5
2024,나바9566,in_age_064,0
2024,나바9566,in_age_065,0
2024,나바9566,in_age_070,5
2024,나바9566,in_age_072,8
2024,나바9566,in_age_073,8
2024,나바9566,in_age_074,5
2024,나바9566,in_age_075,5
2024,나바9566,in_age_076,5
2024,나바9566,in_age_078,5
2024,나바9566,to_in_001,48
2024,나바9566,to_in_007,28
2024,나바9566,to_in_008,23
2024,나바9567,in_age_004,5
2024,나바9567,in_age_005,0
2024,나바9567,in_age_006,0
2024,나바9567,in_age_007,5
2024,나바9567,in_age_008,5
2024,나바9567,in_age_010,5
2024,나바9567,in_age_011,5
2024,나바9567,in_age_012,8
2024,나바9567,in_age_013,13
2024,나바9567,in_age_014,8
2024,나바9567,in_age_015,8
2024,나바9567,in_age_016,5
2024,나바9567,in_age_017,8
2024,나바9567,in_age_018,5
2024,나바9567,in_age_035,0
2024,나바9567,in_age_037,5
2024,나바9567,in_age_038,5
2024,나바9567,in_age_040,5
2024,나바9567,in_age_041,0
2024,나바9567,in_age_042,5
2024,나바9567,in_age_043,8
2024,나바9567,in_age_044,5
2024,나바9567,in_age_045,5
2024,나바9567,in_age_046,0
2024,나바9567,in_age_047,5
2024,나바9567,in_age_048,0
2024,나바9567,in_age_064,5
2024,나바9567,in_age_066,0
2024,나바9567,in_age_068,0
2024,나바9567,in_age_071,5
2024,나바9567,in_age_072,5
2024,나바9567,in_age_073,5
2024,나바9567,in_age_074,8
2024,나바9567,in_age_075,5
2024,나바9567,in_age_076,5
2024,나바9567,in_age_077,5
2024,나바9567,in_age_078,0
2024,나바9567,to_in_001,58
2024,나바9567,to_in_007,33
2024,나바9567,to_in_008,28
2024,나바9568,in_age_005,0
2024,나바9568,in_age_006,0
2024,나바9568,in_age_007,5
2024,나바9568,in_age_008,5
2024,나바9568,in_age_010,5
2024,나바9568,in_age_011,5
2024,나바9568,in_age_012,5
2024,나바9568,in_age_013,8
2024,나바9568,in_age_014,8
2024,나바9568,in_age_015,8
2024,나바9568,in_age_016,8
2024,나바9568,in_age_017,0
2024,나바9568,in_age_018,5
2024,나바9568,in_age_037,0
2024,나바9568,in_age_038,0
2024,나바9568,in_age_040,5
2024,나바9568,in_age_042,0
2024,나바9568,in_age_043,5
2024,나바9568,in_age_044,5
2024,나바9568,in_age_045,5
2024,나바9568,in_age_046,8
2024,나바9568,in_age_047,0
2024,나바9568,in_age_065,0
2024,나바9568,in_age_066,0
2024,나바9568,in_age_067,5
2024,나바9568,in_age_068,0
2024,나바9568,in_age_071,5
2024,나바9568,in_age_072,0
2024,나바9568,in_age_073,5
2024,나바9568,in_age_074,5
2024,나바9568,in_age_075,8
2024,나바9568,in_age_076,5
2024,나바9568,in_age_078,5
2024,나바9568,to_in_001,53
2024,나바9568,to_in_007,23
2024,나바9568,to_in_008,28
2024,나바9569,in_age_006,5
2024,나바9569,in_age_009,0
2024,나바9569,in_age_010,5
2024,나바9569,in_age_011,5
2024,나바9569,in_age_012,8
2024,나바9569,in_age_013,8
2024,나바9569,in_age_014,8
2024,나바9569,in_age_015,5
2024,나바9569,in_age_016,5
2024,나바9569,in_age_017,5
2024,나바9569,in_age_019,0
2024,나바9569,in_age_036,0
2024,나바9569,in_age_039,0
2024,나바9569,in_age_040,0
2024,나바9569,in_age_041,0
2024,나바9569,in_age_042,8
2024,나바9569,in_age_043,8
2024,나바9569,in_age_044,5
2024,나바9569,in_age_045,0
2024,나바9569,in_age_046,0
2024,나바9569,in_age_066,0
2024,나바9569,in_age_070,5
2024,나바9569,in_age_071,5
2024,나바9569,in_age_072,5
2024,나바9569,in_age_073,0
2024,나바9569,in_age_074,5
2024,나바9569,in_age_075,0
2024,나바9569,in_age_076,5
2024,나바9569,in_age_077,5
2024,나바9569,in_age_079,0
2024,나바9569,to_in_001,38
2024,나바9569,to_in_007,18
2024,나바9569,to_in_008,18
2024,나바9570,in_age_003,5
2024,나바9570,in_age_004,0
2024,나바9570,in_age_005,0
2024,나바9570,in_age_006,8
2024,나바9570,in_age_007,5
2024,나바9570,in_age_009,5
2024,나바9570,in_age_010,5
2024,나바9570,in_age_011,5
2024,나바9570,in_age_012,13
2024,나바9570,in_age_013,8
2024,나바9570,in_age_014,8
2024,나바9570,in_age_015,5
2024,나바9570,in_age_016,8
2024,나바9570,in_age_017,5
2024,나바9570,in_age_018,5
2024,나바9570,in_age_033,5
2024,나바9570,in_age_035,0
2024,나바9570,in_age_036,5
2024,나바9570,in_age_037,5
2024,나바9570,in_age_039,5
2024,나바9570,in_age_040,0
2024,나바9570,in_age_041,5
2024,나바9570,in_age_042,5
2024,나바9570,in_age_043,5
2024,나바9570,in_age_044,5
2024,나바9570,in_age_045,5
2024,나바9570,in_age_046,5
2024,나바9570,in_age_047,5
2024,나바9570,in_age_048,0
2024,나바9570,in_age_064,0
2024,나바9570,in_age_066,5
2024,나바9570,in_age_067,0
2024,나바9570,in_age_070,5
2024,나바9570,in_age_072,8
2024,나바9570,in_age_073,8
2024,나바9570,in_age_074,8
2024,나바9570,in_age_076,5
2024,나바9570,in_age_077,5
2024,나바9570,in_age_078,5
2024,나바9570,to_in_001,73
2024,나바9570,to_in_007,38
2024,나바9570,to_in_008,33
2024,나바9571,in_age_005,5
2024,나바9571,in_age_006,5
2024,나바9571,in_age_007,0
2024,나바9571,in_age_009,0
2024,나바9571,in_age_010,0
2024,나바9571,in_age_011,5
2024,나바9571,in_age_012,5
2024,나바9571,in_age_013,5
2024,나바9571,in_age_014,8
2024,나바9571,in_age_015,5
2024,나바9571,in_age_016,5
2024,나바9571,in_age_017,0
2024,나바9571,in_age_018,5
2024,나바9571,in_age_020,5
2024,나바9571,in_age_035,5
2024,나바9571,in_age_036,0
2024,나바9571,in_age_037,0
2024,나바9571,in_age_039,0
2024,나바9571,in_age_040,0
2024,나바9571,in_age_041,5
2024,나바9571,in_age_042,5
2024,나바9571,in_age_043,5
2024,나바9571,in_age_044,5
2024,나바9571,in_age_045,5
2024,나바9571,in_age_046,0
2024,나바9571,in_age_048,0
2024,나바9571,in_age_066,0
2024,나바9571,in_age_071,5
2024,나바9571,in_age_072,5
2024,나바9571,in_age_073,5
2024,나바9571,in_age_074,5
2024,나바9571,in_age_076,0
2024,나바9571,in_age_077,0
2024,나바9571,in_age_078,0
2024,나바9571,in_age_080,5
2024,나바9571,to_in_001,38
2024,나바9571,to_in_007,23
2024,나바9571,to_in_008,18
2024,나바9572,in_age_002,5
2024,나바9572,in_age_004,5
2024,나바9572,in_age_007,0
2024,나바9572,in_age_009,5
2024,나바9572,in_age_011,8
2024,나바9572,in_age_012,8
2024,나바9572,in_age_013,8
2024,나바9572,in_age_014,13
2024,나바9572,in_age_015,8
2024,나바9572,in_age_016,13
2024,나바9572,in_age_017,8
2024,나바9572,in_age_018,5
2024,나바9572,in_age_020,5
2024,나바9572,in_age_032,5
2024,나바9572,in_age_034,5
2024,나바9572,in_age_039,5
2024,나바9572,in_age_041,5
2024,나바9572,in_age_042,5
2024,나바9572,in_age_043,5
2024,나바9572,in_age_044,8
2024,나바9572,in_age_045,5
2024,나바9572,in_age_046,5
2024,나바9572,in_age_047,5
2024,나바9572,in_age_067,0
2024,나바9572,in_age_069,0
2024,나바9572,in_age_071,5
2024,나바9572,in_age_072,0
2024,나바9572,in_age_073,8
2024,나바9572,in_age_074,8
2024,나바9572,in_age_075,5
2024,나바9572,in_age_076,8
2024,나바9572,in_age_077,5
2024,나바9572,in_age_078,5
2024,나바9572,in_age_080,5
2024,나바9572,to_in_001,73
2024,나바9572,to_in_007,38
2024,나바9572,to_in_008,33
2024,나바9573,in_age_002,0
2024,나바9573,in_age_004,0
2024,나바9573,in_age_007,0
2024,나바9573,in_age_008,5
2024,나바9573,in_age_009,5
2024,나바9573,in_age_010,0
2024,나바9573,in_age_011,5
2024,나바9573,in_age_012,5
2024,나바9573,in_age_013,8
2024,나바9573,in_age_014,8
2024,나바9573,in_age_015,8
2024,나바9573,in_age_016,5
2024,나바9573,in_age_017,5
2024,나바9573,in_age_018,5
2024,나바9573,in_age_037,0
2024,나바9573,in_age_038,5
2024,나바9573,in_age_039,5
2024,나바9573,in_age_041,5
2024,나바9573,in_age_042,0
2024,나바9573,in_age_043,5
2024,나바9573,in_age_044,5
2024,나바9573,in_age_045,8
2024,나바9573,in_age_046,0
2024,나바9573,in_age_047,0
2024,나바9573,in_age_048,0
2024,나바9573,in_age_062,0
2024,나바9573,in_age_064,0
2024,나바9573,in_age_068,0
2024,나바9573,in_age_069,0
2024,나바9573,in_age_070,0
2024,나바9573,in_age_072,5
2024,나바9573,in_age_073,8
2024,나바9573,in_age_074,8
2024,나바9573,in_age_075,5
2024,나바9573,in_age_076,0
2024,나바9573,in_age_077,5
2024,나바9573,in_age_078,0
2024,나바9573,to_in_001,48
2024,나바9573,to_in_007,23
2024,나바9573,to_in_008,23
2024,나바9574,in_age_011,5
2024,나바9574,in_age_012,0
2024,나바9574,in_age_042,0
2024,나바9574,in_age_071,5
2024,나바9574,to_in_001,5
2024,나바9574,to_in_007,0
2024,나바9574,to_in_008,5
2024,나바9577,in_age_003,5
2024,나바9577,in_age_004,0
2024,나바9577,in_age_005,5
2024,나바9577,in_age_006,0
2024,나바9577,in_age_007,0
2024,나바9577,in_age_008,0
2024,나바9577,in_age_009,0
2024,나바9577,in_age_012,5
2024,나바9577,in_age_013,8
2024,나바9577,in_age_014,13
2024,나바9577,in_age_015,8
2024,나바9577,in_age_016,5
2024,나바9577,in_age_017,5
2024,나바9577,in_age_018,0
2024,나바9577,in_age_033,5
2024,나바9577,in_age_034,0
2024,나바9577,in_age_035,5
2024,나바9577,in_age_036,0
2024,나바9577,in_age_037,0
2024,나바9577,in_age_038,0
2024,나바9577,in_age_043,5
2024,나바9577,in_age_044,8
2024,나바9577,in_age_045,5
2024,나바9577,in_age_046,0
2024,나바9577,in_age_047,5
2024,나바9577,in_age_063,0
2024,나바9577,in_age_069,0
2024,나바9577,in_age_072,5
2024,나바9577,in_age_073,5
2024,나바9577,in_age_074,5
2024,나바9577,in_age_075,5
2024,나바9577,in_age_076,0
2024,나바9577,in_age_078,0
2024,나바9577,to_in_001,43
2024,나바9577,to_in_007,23
2024,나바9577,to_in_008,18
2024,나바9615,in_age_013,8
2024,나바9615,in_age_043,5
2024,나바9615,in_age_073,5
2024,나바9615,to_in_001,8
2024,나바9615,to_in_007,5
2024,나바9615,to_in_008,5
2024,나바9616,in_age_011,0
2024,나바9616,in_age_013,0
2024,나바9616,in_age_015,0
2024,나바9616,in_age_043,0
2024,나바9616,in_age_071,0
2024,나바9616,in_age_075,0
2024,나바9616,to_in_001,5
2024,나바9616,to_in_007,0
2024,나바9616,to_in_008,5
2024,나바9623,in_age_004,0
2024,나바9623,in_age_005,0
2024,나바9623,in_age_006,0
2024,나바9623,in_age_010,5
2024,나바9623,in_age_011,5
2024,나바9623,in_age_012,0
2024,나바9623,in_age_013,0
2024,나바9623,in_age_014,5
2024,나바9623,in_age_015,5
2024,나바9623,in_age_018,0
2024,나바9623,in_age_035,0
2024,나바9623,in_age_036,0
2024,나바9623,in_age_040,5
2024,나바9623,in_age_041,5
2024,나바9623,in_age_042,0
2024,나바9623,in_age_045,5
2024,나바9623,in_age_064,0
2024,나바9623,in_age_070,0
2024,나바9623,in_age_073,0
2024,나바9623,in_age_074,5
2024,나바9623,in_age_078,0
2024,나바9623,to_in_001,13
2024,나바9623,to_in_007,8
2024,나바9623,to_in_008,8
2024,나바9627,in_age_011,0
2024,나바9627,in_age_012,0
2024,나바9627,in_age_013,5
2024,나바9627,in_age_014,0
2024,나바9627,in_age_016,0
2024,나바9627,in_age_041,0
2024,나바9627,in_age_042,0
2024,나바9627,in_age_043,0
2024,나바9627,in_age_044,0
2024,나바9627,in_age_046,0
2024,나바9627,in_age_073,5
2024,나바9627,to_in_001,8
2024,나바9627,to_in_007,8
2024,나바9627,to_in_008,5
2024,나바9628,in_age_001,0
2024,나바9628,in_age_005,5
2024,나바9628,in_age_006,0
2024,나바9628,in_age_007,5
2024,나바9628,in_age_008,5
2024,나바9628,in_age_009,0
2024,나바9628,in_age_010,0
2024,나바9628,in_age_011,5
2024,나바9628,in_age_012,5
2024,나바9628,in_age_013,13
2024,나바9628,in_age_014,8
2024,나바9628,in_age_015,5
2024,나바9628,in_age_016,8
2024,나바9628,in_age_017,8
2024,나바9628,in_age_018,5
2024,나바9628,in_age_035,5
2024,나바9628,in_age_036,0
2024,나바9628,in_age_037,5
2024,나바9628,in_age_039,0
2024,나바9628,in_age_041,5
2024,나바9628,in_age_042,5
2024,나바9628,in_age_043,8
2024,나바9628,in_age_044,5
2024,나바9628,in_age_045,5
2024,나바9628,in_age_046,5
2024,나바9628,in_age_047,5
2024,나바9628,in_age_048,0
2024,나바9628,in_age_061,0
2024,나바9628,in_age_068,5
2024,나바9628,in_age_070,0
2024,나바9628,in_age_072,0
2024,나바9628,in_age_073,5
2024,나바9628,in_age_074,8
2024,나바9628,in_age_075,5
2024,나바9628,in_age_076,5
2024,나바9628,in_age_077,5
2024,나바9628,in_age_078,5
2024,나바9628,to_in_001,53
2024,나바9628,to_in_007,28
2024,나바9628,to_in_008,28
2024,나바9629,in_age_001,0
2024,나바9629,in_age_002,5
2024,나바9629,in_age_003,0
2024,나바9629,in_age_004,5
2024,나바9629,in_age_005,0
2024,나바9629,in_age_006,0
2024,나바9629,in_age_008,0
2024,나바9629,in_age_009,5
2024,나바9629,in_age_010,5
2024,나바9629,in_age_011,8
2024,나바9629,in_age_012,8
2024,나바9629,in_age_013,8
2024,나바9629,in_age_014,13
2024,나바9629,in_age_015,13
2024,나바9629,in_age_016,13
2024,나바9629,in_age_017,8
2024,나바9629,in_age_018,0
2024,나바9629,in_age_019,5
2024,나바9629,in_age_031,0
2024,나바9629,in_age_032,5
2024,나바9629,in_age_033,0
2024,나바9629,in_age_034,0
2024,나바9629,in_age_038,0
2024,나바9629,in_age_039,5
2024,나바9629,in_age_040,5
2024,나바9629,in_age_041,5
2024,나바9629,in_age_042,5
2024,나바9629,in_age_043,8
2024,나바9629,in_age_044,8
2024,나바9629,in_age_045,5
2024,나바9629,in_age_046,13
2024,나바9629,in_age_047,8
2024,나바9629,in_age_062,0
2024,나바9629,in_age_064,0
2024,나바9629,in_age_065,0
2024,나바9629,in_age_066,0
2024,나바9629,in_age_070,5
2024,나바9629,in_age_071,0
2024,나바9629,in_age_072,8
2024,나바9629,in_age_073,8
2024,나바9629,in_age_074,13
2024,나바9629,in_age_075,8
2024,나바9629,in_age_076,5
2024,나바9629,in_age_077,5
2024,나바9629,in_age_078,0
2024,나바9629,in_age_079,5
2024,나바9629,to_in_001,93
2024,나바9629,to_in_007,43
2024,나바9629,to_in_008,48
2024,나바9630,in_age_006,0
2024,나바9630,in_age_008,5
2024,나바9630,in_age_012,0
2024,나바9630,in_age_013,0
2024,나바9630,in_age_014,5
2024,나바9630,in_age_015,0
2024,나바9630,in_age_017,0
2024,나바9630,in_age_036,0
2024,나바9630,in_age_038,5
2024,나바9630,in_age_042,0
2024,나바9630,in_age_043,0
2024,나바9630,in_age_044,0
2024,나바9630,in_age_045,0
2024,나바9630,in_age_074,5
2024,나바9630,in_age_077,0
2024,나바9630,to_in_001,8
2024,나바9630,to_in_007,8
2024,나바9630,to_in_008,5
2024,나바9631,in_age_005,0
2024,나바9631,in_age_007,0
2024,나바9631,in_age_009,0
2024,나바9631,in_age_012,0
2024,나바9631,in_age_013,5
2024,나바9631,in_age_015,5
2024,나바9631,in_age_016,5
2024,나바9631,in_age_017,0
2024,나바9631,in_age_035,0
2024,나바9631,in_age_037,0
2024,나바9631,in_age_039,0
2024,나바9631,in_age_042,0
2024,나바9631,in_age_043,5
2024,나바9631,in_age_046,0
2024,나바9631,in_age_047,0
2024,나바9631,in_age_073,0
2024,나바9631,in_age_075,5
2024,나바9631,in_age_076,0
2024,나바9631,to_in_001,13
2024,나바9631,to_in_007,8
2024,나바9631,to_in_008,5
2024,나바9632,in_age_001,5
2024,나바9632,in_age_002,0
2024,나바9632,in_age_003,0
2024,나바9632,in_age_004,5
2024,나바9632,in_age_005,0
2024,나바9632,in_age_006,5
2024,나바9632,in_age_007,0
2024,나바9632,in_age_008,0
2024,나바9632,in_age_009,0
2024,나바9632,in_age_010,5
2024,나바9632,in_age_011,5
2024,나바9632,in_age_012,5
2024,나바9632,in_age_013,8
2024,나바9632,in_age_014,8
2024,나바9632,in_age_015,5
2024,나바9632,in_age_016,5
2024,나바9632,in_age_017,0
2024,나바9632,in_age_031,5
2024,나바9632,in_age_032,0
2024,나바9632,in_age_034,0
2024,나바9632,in_age_035,0
2024,나바9632,in_age_040,5
2024,나바9632,in_age_041,5
2024,나바9632,in_age_043,5
2024,나바9632,in_age_044,5
2024,나바9632,in_age_045,5
2024,나바9632,in_age_046,5
2024,나바9632,in_age_063,0
2024,나바9632,in_age_064,0
2024,나바9632,in_age_066,5
2024,나바9632,in_age_067,0
2024,나바9632,in_age_068,0
2024,나바9632,in_age_069,0
2024,나바9632,in_age_070,0
2024,나바9632,in_age_072,5
2024,나바9632,in_age_073,5
2024,나바9632,in_age_074,5
2024,나바9632,in_age_075,0
2024,나바9632,in_age_076,5
2024,나바9632,in_age_077,0
2024,나바9632,to_in_001,38
2024,나바9632,to_in_007,23
2024,나바9632,to_in_008,18
2024,나바9633,in_age_001,0
2024,나바9633,in_age_002,5
2024,나바9633,in_age_003,5
2024,나바9633,in_age_004,8
2024,나바9633,in_age_005,11
2024,나바9633,in_age_006,5
2024,나바9633,in_age_007,5
2024,나바9633,in_age_008,5
2024,나바9633,in_age_009,8
2024,나바9633,in_age_010,8
2024,나바9633,in_age_011,13
2024,나바9633,in_age_012,8
2024,나바9633,in_age_013,8
2024,나바9633,in_age_014,13
2024,나바9633,in_age_015,8
2024,나바9633,in_age_016,5
2024,나바9633,in_age_017,8
2024,나바9633,in_age_018,5
2024,나바9633,in_age_019,0
2024,나바9633,in_age_031,0
2024,나바9633,in_age_032,0
2024,나바9633,in_age_033,0
2024,나바9633,in_age_034,8
2024,나바9633,in_age_035,6
2024,나바9633,in_age_036,5
2024,나바9633,in_age_037,5
2024,나바9633,in_age_038,5
2024,나바9633,in_age_039,5
2024,나바9633,in_age_040,8
2024,나바9633,in_age_041,8
2024,나바9633,in_age_042,5
2024,나바9633,in_age_043,5
2024,나바9633,in_age_044,5
2024,나바9633,in_age_045,5
2024,나바9633,in_age_046,5
2024,나바9633,in_age_048,5
2024,나바9633,in_age_062,5
2024,나바9633,in_age_063,5
2024,나바9633,in_age_064,0
2024,나바9633,in_age_065,5
2024,나바9633,in_age_066,0
2024,나바9633,in_age_067,5
2024,나바9633,in_age_068,5
2024,나바9633,in_age_069,5
2024,나바9633,in_age_070,5
2024,나바9633,in_age_071,5
2024,나바9633,in_age_072,8
2024,나바9633,in_age_073,5
2024,나바9633,in_age_074,8
2024,나바9633,in_age_075,5
2024,나바9633,in_age_076,0
2024,나바9633,in_age_077,8
2024,나바9633,in_age_078,0
2024,나바9633,in_age_079,0
2024,나바9633,to_in_001,119
2024,나바9633,to_in_007,64
2024,나바9633,to_in_008,58
2024,나바9634,in_age_004,5
2024,나바9634,in_age_005,5
2024,나바9634,in_age_006,8
2024,나바9634,in_age_007,8
2024,나바9634,in_age_008,8
2024,나바9634,in_age_009,8
2024,나바9634,in_age_010,5
2024,나바9634,in_age_011,18
2024,나바9634,in_age_012,8
2024,나바9634,in_age_013,13
2024,나바9634,in_age_014,13
2024,나바9634,in_age_015,13
2024,나바9634,in_age_016,8
2024,나바9634,in_age_017,8
2024,나바9634,in_age_018,5
2024,나바9634,in_age_034,0
2024,나바9634,in_age_035,5
2024,나바9634,in_age_036,8
2024,나바9634,in_age_037,0
2024,나바9634,in_age_038,5
2024,나바9634,in_age_039,5
2024,나바9634,in_age_040,5
2024,나바9634,in_age_041,8
2024,나바9634,in_age_042,5
2024,나바9634,in_age_043,8
2024,나바9634,in_age_044,5
2024,나바9634,in_age_045,5
2024,나바9634,in_age_046,5
2024,나바9634,in_age_047,8
2024,나바9634,in_age_048,0
2024,나바9634,in_age_064,5
2024,나바9634,in_age_065,5
2024,나바9634,in_age_066,0
2024,나바9634,in_age_067,5
2024,나바9634,in_age_068,5
2024,나바9634,in_age_069,5
2024,나바9634,in_age_071,8
2024,나바9634,in_age_072,8
2024,나바9634,in_age_073,5
2024,나바9634,in_age_074,8
2024,나바9634,in_age_075,8
2024,나바9634,in_age_076,8
2024,나바9634,in_age_077,8
2024,나바9634,in_age_078,5
2024,나바9634,to_in_001,123
2024,나바9634,to_in_007,58
2024,나바9634,to_in_008,63
2024,나바9635,in_age_001,5
2024,나바9635,in_age_002,13
2024,나바9635,in_age_003,23
2024,나바9635,in_age_004,18
2024,나바9635,in_age_005,13
2024,나바9635,in_age_006,23
2024,나바9635,in_age_007,18
2024,나바9635,in_age_008,13
2024,나바9635,in_age_009,23
2024,나바9635,in_age_010,33
2024,나바9635,in_age_011,43
2024,나바9635,in_age_012,48
2024,나바9635,in_age_013,43
2024,나바9635,in_age_014,53
2024,나바9635,in_age_015,28
2024,나바9635,in_age_016,18
2024,나바9635,in_age_017,13
2024,나바9635,in_age_018,8
2024,나바9635,in_age_019,5
2024,나바9635,in_age_031,0
2024,나바9635,in_age_032,8
2024,나바9635,in_age_033,13
2024,나바9635,in_age_034,8
2024,나바9635,in_age_035,8
2024,나바9635,in_age_036,13
2024,나바9635,in_age_037,13
2024,나바9635,in_age_038,5
2024,나바9635,in_age_039,8
2024,나바9635,in_age_040,13
2024,나바9635,in_age_041,18
2024,나바9635,in_age_042,28
2024,나바9635,in_age_043,23
2024,나바9635,in_age_044,23
2024,나바9635,in_age_045,18
2024,나바9635,in_age_046,8
2024,나바9635,in_age_047,5
2024,나바9635,in_age_048,5
2024,나바9635,in_age_049,0
2024,나바9635,in_age_061,5
2024,나바9635,in_age_062,8
2024,나바9635,in_age_063,8
2024,나바9635,in_age_064,8
2024,나바9635,in_age_065,5
2024,나바9635,in_age_066,8
2024,나바9635,in_age_067,5
2024,나바9635,in_age_068,8
2024,나바9635,in_age_069,13
2024,나바9635,in_age_070,18
2024,나바9635,in_age_071,23
2024,나바9635,in_age_072,18
2024,나바9635,in_age_073,23
2024,나바9635,in_age_074,28
2024,나바9635,in_age_075,8
2024,나바9635,in_age_076,8
2024,나바9635,in_age_077,8
2024,나바9635,in_age_078,8
2024,나바9635,in_age_079,5
2024,나바9635,to_in_001,428
2024,나바9635,to_in_007,218
2024,나바9635,to_in_008,213
2024,나바9636,in_age_001,23
2024,나바9636,in_age_002,33
2024,나바9636,in_age_003,38
2024,나바9636,in_age_004,48
2024,나바9636,in_age_005,33
2024,나바9636,in_age_006,33
2024,나바9636,in_age_007,38
2024,나바9636,in_age_008,38
2024,나바9636,in_age_009,58
2024,나바9636,in_age_010,94
2024,나바9636,in_age_011,89
2024,나바9636,in_age_012,105
2024,나바9636,in_age_013,97
2024,나바9636,in_age_014,90
2024,나바9636,in_age_015,74
2024,나바9636,in_age_016,53
2024,나바9636,in_age_017,43
2024,나바9636,in_age_018,13
2024,나바9636,in_age_019,8
2024,나바9636,in_age_020,0
2024,나바9636,in_age_031,8
2024,나바9636,in_age_032,18
2024,나바9636,in_age_033,13
2024,나바9636,in_age_034,23
2024,나바9636,in_age_035,23
2024,나바9636,in_age_036,18
2024,나바9636,in_age_037,23
2024,나바9636,in_age_038,23
2024,나바9636,in_age_039,28
2024,나바9636,in_age_040,49
2024,나바9636,in_age_041,44
2024,나바9636,in_age_042,58
2024,나바9636,in_age_043,48
2024,나바9636,in_age_044,38
2024,나바9636,in_age_045,39
2024,나바9636,in_age_046,23
2024,나바9636,in_age_047,18
2024,나바9636,in_age_048,8
2024,나바9636,in_age_049,5
2024,나바9636,in_age_050,0
2024,나바9636,in_age_061,13
2024,나바9636,in_age_062,18
2024,나바9636,in_age_063,23
2024,나바9636,in_age_064,23
2024,나바9636,in_age_065,13
2024,나바9636,in_age_066,18
2024,나바9636,in_age_067,18
2024,나바9636,in_age_068,18
2024,나바9636,in_age_069,28
2024,나바9636,in_age_070,43
2024,나바9636,in_age_071,43
2024,나바9636,in_age_072,50
2024,나바9636,in_age_073,52
2024,나바9636,in_age_074,50
2024,나바9636,in_age_075,33
2024,나바9636,in_age_076,33
2024,나바9636,in_age_077,28
2024,나바9636,in_age_078,8
2024,나바9636,in_age_079,5
2024,나바9636,to_in_001,1009
2024,나바9636,to_in_007,496
2024,나바9636,to_in_008,511
2024,나바9637,in_age_001,5
2024,나바9637,in_age_002,8
2024,나바9637,in_age_003,13
2024,나바9637,in_age_004,5
2024,나바9637,in_age_005,5
2024,나바9637,in_age_006,8
2024,나바9637,in_age_007,8
2024,나바9637,in_age_008,13
2024,나바9637,in_age_009,13
2024,나바9637,in_age_010,13
2024,나바9637,in_age_011,13
2024,나바9637,in_age_012,13
2024,나바9637,in_age_013,28
2024,나바9637,in_age_014,23
2024,나바9637,in_age_015,28
2024,나바9637,in_age_016,13
2024,나바9637,in_age_017,13
2024,나바9637,in_age_018,8
2024,나바9637,in_age_019,8
2024,나바9637,in_age_031,5
2024,나바9637,in_age_032,5
2024,나바9637,in_age_033,8
2024,나바9637,in_age_034,0
2024,나바9637,in_age_035,5
2024,나바9637,in_age_036,5
2024,나바9637,in_age_037,5
2024,나바9637,in_age_038,8
2024,나바9637,in_age_039,5
2024,나바9637,in_age_040,8
2024,나바9637,in_age_041,8
2024,나바9637,in_age_042,8
2024,나바9637,in_age_043,13
2024,나바9637,in_age_044,8
2024,나바9637,in_age_045,13
2024,나바9637,in_age_046,5
2024,나바9637,in_age_047,5
2024,나바9637,in_age_048,5
2024,나바9637,in_age_049,5
2024,나바9637,in_age_061,5
2024,나바9637,in_age_062,8
2024,나바9637,in_age_063,5
2024,나바9637,in_age_064,5
2024,나바9637,in_age_066,8
2024,나바9637,in_age_067,5
2024,나바9637,in_age_068,5
2024,나바9637,in_age_069,8
2024,나바9637,in_age_070,5
2024,나바9637,in_age_071,5
2024,나바9637,in_age_072,8
2024,나바9637,in_age_073,13
2024,나바9637,in_age_074,18
2024,나바9637,in_age_075,13
2024,나바9637,in_age_076,8
2024,나바9637,in_age_077,8
2024,나바9637,in_age_078,5
2024,나바9637,in_age_079,8
2024,나바9637,to_in_001,228
2024,나바9637,to_in_007,113
2024,나바9637,to_in_008,113
2024,나바9638,in_age_004,0
2024,나바9638,in_age_005,5
2024,나바9638,in_age_006,5
2024,나바9638,in_age_007,5
2024,나바9638,in_age_008,5
2024,나바9638,in_age_009,5
2024,나바9638,in_age_010,5
2024,나바9638,in_age_012,0
2024,나바9638,in_age_013,0
2024,나바9638,in_age_014,5
2024,나바9638,in_age_015,0
2024,나바9638,in_age_016,5
2024,나바9638,in_age_017,5
2024,나바9638,in_age_018,5
2024,나바9638,in_age_036,5
2024,나바9638,in_age_037,5
2024,나바9638,in_age_038,5
2024,나바9638,in_age_039,0
2024,나바9638,in_age_040,5
2024,나바9638,in_age_042,0
2024,나바9638,in_age_044,0
2024,나바9638,in_age_045,0
2024,나바9638,in_age_047,0
2024,나바9638,in_age_048,5
2024,나바9638,in_age_064,0
2024,나바9638,in_age_065,5
2024,나바9638,in_age_069,5
2024,나바9638,in_age_070,5
2024,나바9638,in_age_073,0
2024,나바9638,in_age_074,5
2024,나바9638,in_age_076,5
2024,나바9638,in_age_077,0
2024,나바9638,to_in_001,28
2024,나바9638,to_in_007,18
2024,나바9638,to_in_008,8
2024,나바9639,in_age_002,0
2024,나바9639,in_age_003,5
2024,나바9639,in_age_005,0
2024,나바9639,in_age_006,5
2024,나바9639,in_age_007,0
2024,나바9639,in_age_010,5
2024,나바9639,in_age_011,5
2024,나바9639,in_age_012,8
2024,나바9639,in_age_013,5
2024,나바9639,in_age_014,5
2024,나바9639,in_age_015,5
2024,나바9639,in_age_016,5
2024,나바9639,in_age_017,8
2024,나바9639,in_age_018,8
2024,나바9639,in_age_032,0
2024,나바9639,in_age_033,5
2024,나바9639,in_age_035,0
2024,나바9639,in_age_036,5
2024,나바9639,in_age_037,0
2024,나바9639,in_age_040,0
2024,나바9639,in_age_041,5
2024,나바9639,in_age_042,8
2024,나바9639,in_age_043,5
2024,나바9639,in_age_044,0
2024,나바9639,in_age_045,0
2024,나바9639,in_age_046,0
2024,나바9639,in_age_047,8
2024,나바9639,in_age_048,5
2024,나바9639,in_age_070,5
2024,나바9639,in_age_071,5
2024,나바9639,in_age_072,5
2024,나바9639,in_age_073,0
2024,나바9639,in_age_074,0
2024,나바9639,in_age_075,5
2024,나바9639,in_age_076,5
2024,나바9639,in_age_078,5
2024,나바9639,to_in_001,38
2024,나바9639,to_in_007,23
2024,나바9639,to_in_008,18
2024,나바9640,in_age_004,5
2024,나바9640,in_age_005,5
2024,나바9640,in_age_006,5
2024,나바9640,in_age_007,0
2024,나바9640,in_age_008,5
2024,나바9640,in_age_009,0
2024,나바9640,in_age_010,8
2024,나바9640,in_age_011,13
2024,나바9640,in_age_012,8
2024,나바9640,in_age_013,5
2024,나바9640,in_age_014,5
2024,나바9640,in_age_015,8
2024,나바9640,in_age_016,5
2024,나바9640,in_age_017,5
2024,나바9640,in_age_018,0
2024,나바9640,in_age_019,0
2024,나바9640,in_age_034,0
2024,나바9640,in_age_035,5
2024,나바9640,in_age_036,5
2024,나바9640,in_age_037,0
2024,나바9640,in_age_038,0
2024,나바9640,in_age_040,5
2024,나바9640,in_age_041,8
2024,나바9640,in_age_042,5
2024,나바9640,in_age_043,5
2024,나바9640,in_age_044,0
2024,나바9640,in_age_045,5
2024,나바9640,in_age_046,5
2024,나바9640,in_age_064,0
2024,나바9640,in_age_065,5
2024,나바9640,in_age_066,0
2024,나바9640,in_age_068,0
2024,나바9640,in_age_069,0
2024,나바9640,in_age_070,5
2024,나바9640,in_age_071,5
2024,나바9640,in_age_072,8
2024,나바9640,in_age_073,5
2024,나바9640,in_age_074,5
2024,나바9640,in_age_075,5
2024,나바9640,in_age_077,5
2024,나바9640,in_age_078,0
2024,나바9640,in_age_079,0
2024,나바9640,to_in_001,63
2024,나바9640,to_in_007,28
2024,나바9640,to_in_008,33
2024,나바9641,in_age_006,0
2024,나바9641,in_age_008,5
2024,나바9641,in_age_009,0
2024,나바9641,in_age_011,8
2024,나바9641,in_age_012,5
2024,나바9641,in_age_013,8
2024,나바9641,in_age_014,8
2024,나바9641,in_age_015,8
2024,나바9641,in_age_016,8
2024,나바9641,in_age_017,8
2024,나바9641,in_age_018,5
2024,나바9641,in_age_038,0
2024,나바9641,in_age_039,0
2024,나바9641,in_age_041,5
2024,나바9641,in_age_042,5
2024,나바9641,in_age_043,5
2024,나바9641,in_age_044,5
2024,나바9641,in_age_045,8
2024,나바9641,in_age_046,8
2024,나바9641,in_age_047,8
2024,나바9641,in_age_066,0
2024,나바9641,in_age_068,0
2024,나바9641,in_age_071,8
2024,나바9641,in_age_072,5
2024,나바9641,in_age_073,8
2024,나바9641,in_age_074,5
2024,나바9641,in_age_075,5
2024,나바9641,in_age_076,0
2024,나바9641,in_age_077,0
2024,나바9641,in_age_078,5
2024,나바9641,to_in_001,48
2024,나바9641,to_in_007,23
2024,나바9641,to_in_008,23
2024,나바9642,in_age_004,5
2024,나바9642,in_age_009,0
2024,나바9642,in_age_010,0
2024,나바9642,in_age_011,0
2024,나바9642,in_age_012,8
2024,나바9642,in_age_013,8
2024,나바9642,in_age_014,8
2024,나바9642,in_age_015,5
2024,나바9642,in_age_016,5
2024,나바9642,in_age_017,8
2024,나바9642,in_age_034,5
2024,나바9642,in_age_039,0
2024,나바9642,in_age_041,0
2024,나바9642,in_age_042,8
2024,나바9642,in_age_043,5
2024,나바9642,in_age_044,5
2024,나바9642,in_age_045,5
2024,나바9642,in_age_046,5
2024,나바9642,in_age_047,5
2024,나바9642,in_age_070,0
2024,나바9642,in_age_072,5
2024,나바9642,in_age_073,5
2024,나바9642,in_age_074,5
2024,나바9642,in_age_075,5
2024,나바9642,in_age_076,0
2024,나바9642,in_age_077,5
2024,나바9642,to_in_001,38
2024,나바9642,to_in_007,23
2024,나바9642,to_in_008,18
2024,나바9643,in_age_009,0
2024,나바9643,in_age_010,5
2024,나바9643,in_age_011,5
2024,나바9643,in_age_013,8
2024,나바9643,in_age_014,13
2024,나바9643,in_age_015,8
2024,나바9643,in_age_016,8
2024,나바9643,in_age_017,8
2024,나바9643,in_age_018,5
2024,나바9643,in_age_019,0
2024,나바9643,in_age_020,0
2024,나바9643,in_age_021,0
2024,나바9643,in_age_039,0
2024,나바9643,in_age_040,5
2024,나바9643,in_age_041,0
2024,나바9643,in_age_043,0
2024,나바9643,in_age_044,8
2024,나바9643,in_age_045,5
2024,나바9643,in_age_046,8
2024,나바9643,in_age_047,8
2024,나바9643,in_age_048,5
2024,나바9643,in_age_071,0
2024,나바9643,in_age_073,8
2024,나바9643,in_age_074,8
2024,나바9643,in_age_075,8
2024,나바9643,in_age_076,5
2024,나바9643,in_age_077,5
2024,나바9643,in_age_079,0
2024,나바9643,in_age_080,0
2024,나바9643,in_age_081,0
2024,나바9643,to_in_001,53
2024,나바9643,to_in_007,23
2024,나바9643,to_in_008,28
2024,나바9644,in_age_002,5
2024,나바9644,in_age_003,5
2024,나바9644,in_age_006,5
2024,나바9644,in_age_007,0
2024,나바9644,in_age_008,5
2024,나바9644,in_age_009,5
2024,나바9644,in_age_010,5
2024,나바9644,in_age_011,8
2024,나바9644,in_age_012,5
2024,나바9644,in_age_013,8
2024,나바9644,in_age_014,18
2024,나바9644,in_age_015,18
2024,나바9644,in_age_016,13
2024,나바9644,in_age_017,8
2024,나바9644,in_age_018,8
2024,나바9644,in_age_019,5
2024,나바9644,in_age_033,0
2024,나바9644,in_age_036,5
2024,나바9644,in_age_037,0
2024,나바9644,in_age_038,0
2024,나바9644,in_age_039,5
2024,나바9644,in_age_040,5
2024,나바9644,in_age_041,5
2024,나바9644,in_age_042,5
2024,나바9644,in_age_043,5
2024,나바9644,in_age_044,8
2024,나바9644,in_age_045,8
2024,나바9644,in_age_046,8
2024,나바9644,in_age_047,5
2024,나바9644,in_age_048,5
2024,나바9644,in_age_062,5
2024,나바9644,in_age_063,5
2024,나바9644,in_age_066,0
2024,나바9644,in_age_068,0
2024,나바9644,in_age_069,5
2024,나바9644,in_age_071,8
2024,나바9644,in_age_072,5
2024,나바9644,in_age_073,8
2024,나바9644,in_age_074,13
2024,나바9644,in_age_075,8
2024,나바9644,in_age_076,8
2024,나바9644,in_age_077,8
2024,나바9644,in_age_078,5
2024,나바9644,in_age_079,5
2024,나바9644,to_in_001,108
2024,나바9644,to_in_007,58
2024,나바9644,to_in_008,53
2024,나바9645,in_age_001,0
2024,나바9645,in_age_002,0
2024,나바9645,in_age_005,0
2024,나바9645,in_age_009,5
2024,나바9645,in_age_010,5
2024,나바9645,in_age_012,5
2024,나바9645,in_age_013,5
2024,나바9645,in_age_014,8
2024,나바9645,in_age_015,5
2024,나바9645,in_age_016,5
2024,나바9645,in_age_017,5
2024,나바9645,in_age_018,5
2024,나바9645,in_age_019,0
2024,나바9645,in_age_035,0
2024,나바9645,in_age_039,0
2024,나바9645,in_age_043,5
2024,나바9645,in_age_044,5
2024,나바9645,in_age_045,5
2024,나바9645,in_age_047,5
2024,나바9645,in_age_048,0
2024,나바9645,in_age_061,0
2024,나바9645,in_age_062,0
2024,나바9645,in_age_069,0
2024,나바9645,in_age_070,5
2024,나바9645,in_age_072,5
2024,나바9645,in_age_073,0
2024,나바9645,in_age_074,5
2024,나바9645,in_age_075,5
2024,나바9645,in_age_076,5
2024,나바9645,in_age_077,5
2024,나바9645,in_age_078,0
2024,나바9645,in_age_079,0
2024,나바9645,to_in_001,33
2024,나바9645,to_in_007,13
2024,나바9645,to_in_008,23
2024,나바9646,in_age_013,0
2024,나바9646,in_age_014,0
2024,나바9646,in_age_044,0
2024,나바9646,in_age_073,0
2024,나바9646,to_in_001,5
2024,나바9646,to_in_007,0
2024,나바9646,to_in_008,0
2024,나바9647,in_age_002,5
2024,나바9647,in_age_003,0
2024,나바9647,in_age_005,5
2024,나바9647,in_age_006,5
2024,나바9647,in_age_007,5
2024,나바9647,in_age_008,8
2024,나바9647,in_age_009,5
2024,나바9647,in_age_010,0
2024,나바9647,in_age_011,8
2024,나바9647,in_age_012,8
2024,나바9647,in_age_013,13
2024,나바9647,in_age_014,8
2024,나바9647,in_age_015,0
2024,나바9647,in_age_016,8
2024,나바9647,in_age_017,5
2024,나바9647,in_age_018,0
2024,나바9647,in_age_035,5
2024,나바9647,in_age_037,5
2024,나바9647,in_age_038,5
2024,나바9647,in_age_039,5
2024,나바9647,in_age_040,0
2024,나바9647,in_age_041,8
2024,나바9647,in_age_042,5
2024,나바9647,in_age_043,8
2024,나바9647,in_age_044,8
2024,나바9647,in_age_045,0
2024,나바9647,in_age_046,5
2024,나바9647,in_age_047,5
2024,나바9647,in_age_048,0
2024,나바9647,in_age_062,5
2024,나바9647,in_age_063,0
2024,나바9647,in_age_065,0
2024,나바9647,in_age_066,5
2024,나바9647,in_age_068,5
2024,나바9647,in_age_072,5
2024,나바9647,in_age_073,8
2024,나바9647,in_age_076,5
2024,나바9647,in_age_077,5
2024,나바9647,to_in_001,58
2024,나바9647,to_in_007,33
2024,나바9647,to_in_008,23
2024,나바9648,in_age_016,0
2024,나바9648,in_age_046,0
2024,나바9648,to_in_001,0
2024,나바9648,to_in_007,0
2024,나바9648,to_in_008,0
2024,나바9651,in_age_009,0
2024,나바9651,in_age_012,0
2024,나바9651,in_age_013,0
2024,나바9651,in_age_015,8
2024,나바9651,in_age_017,0
2024,나바9651,in_age_019,5
2024,나바9651,in_age_039,0
2024,나바9651,in_age_042,0
2024,나바9651,in_age_043,0
2024,나바9651,in_age_045,5
2024,나바9651,in_age_047,0
2024,나바9651,in_age_049,5
2024,나바9651,in_age_075,5
2024,나바9651,to_in_001,8
2024,나바9651,to_in_007,8
2024,나바9651,to_in_008,5
2024,나바9659,in_age_003,0
2024,나바9659,in_age_004,0
2024,나바9659,in_age_005,0
2024,나바9659,in_age_006,0
2024,나바9659,in_age_010,5
2024,나바9659,in_age_011,5
2024,나바9659,in_age_012,5
2024,나바9659,in_age_013,5
2024,나바9659,in_age_015,0
2024,나바9659,in_age_016,0
2024,나바9659,in_age_017,5
2024,나바9659,in_age_035,0
2024,나바9659,in_age_036,0
2024,나바9659,in_age_040,5
2024,나바9659,in_age_041,0
2024,나바9659,in_age_042,5
2024,나바9659,in_age_043,0
2024,나바9659,in_age_045,0
2024,나바9659,in_age_046,0
2024,나바9659,in_age_063,0
2024,나바9659,in_age_064,0
2024,나바9659,in_age_070,5
2024,나바9659,in_age_071,0
2024,나바9659,in_age_072,0
2024,나바9659,in_age_073,5
2024,나바9659,in_age_077,5
2024,나바9659,to_in_001,18
2024,나바9659,to_in_007,13
2024,나바9659,to_in_008,8
2024,나바9660,in_age_006,5
2024,나바9660,in_age_066,5
2024,나바9660,to_in_001,5
2024,나바9660,to_in_007,0
2024,나바9660,to_in_008,5
2024,나바9661,in_age_006,5
2024,나바9661,in_age_008,5
2024,나바9661,in_age_009,0
2024,나바9661,in_age_012,0
2024,나바9661,in_age_013,5
2024,나바9661,in_age_014,5
2024,나바9661,in_age_015,5
2024,나바9661,in_age_016,5
2024,나바9661,in_age_036,5
2024,나바9661,in_age_039,0
2024,나바9661,in_age_043,5
2024,나바9661,in_age_044,5
2024,나바9661,in_age_045,0
2024,나바9661,in_age_068,5
2024,나바9661,in_age_072,0
2024,나바9661,in_age_073,0
2024,나바9661,in_age_075,0
2024,나바9661,in_age_076,5
2024,나바9661,to_in_001,13
2024,나바9661,to_in_007,8
2024,나바9661,to_in_008,8
2024,나바9662,in_age_001,0
2024,나바9662,in_age_002,0
2024,나바9662,in_age_003,0
2024,나바9662,in_age_004,5
2024,나바9662,in_age_006,8
2024,나바9662,in_age_007,5
2024,나바9662,in_age_008,5
2024,나바9662,in_age_009,0
2024,나바9662,in_age_010,13
2024,나바9662,in_age_011,8
2024,나바9662,in_age_012,13
2024,나바9662,in_age_013,13
2024,나바9662,in_age_014,13
2024,나바9662,in_age_015,8
2024,나바9662,in_age_016,13
2024,나바9662,in_age_017,8
2024,나바9662,in_age_018,8
2024,나바9662,in_age_019,5
2024,나바9662,in_age_031,0
2024,나바9662,in_age_032,0
2024,나바9662,in_age_034,0
2024,나바9662,in_age_036,5
2024,나바9662,in_age_037,5
2024,나바9662,in_age_038,5
2024,나바9662,in_age_040,5
2024,나바9662,in_age_041,5
2024,나바9662,in_age_042,5
2024,나바9662,in_age_043,8
2024,나바9662,in_age_044,8
2024,나바9662,in_age_045,5
2024,나바9662,in_age_046,5
2024,나바9662,in_age_047,8
2024,나바9662,in_age_048,5
2024,나바9662,in_age_063,0
2024,나바9662,in_age_064,0
2024,나바9662,in_age_066,8
2024,나바9662,in_age_067,5
2024,나바9662,in_age_069,0
2024,나바9662,in_age_070,8
2024,나바9662,in_age_071,5
2024,나바9662,in_age_072,8
2024,나바9662,in_age_073,8
2024,나바9662,in_age_074,8
2024,나바9662,in_age_075,5
2024,나바9662,in_age_076,8
2024,나바9662,in_age_077,5
2024,나바9662,in_age_078,5
2024,나바9662,in_age_079,5
2024,나바9662,to_in_001,123
2024,나바9662,to_in_007,58
2024,나바9662,to_in_008,63
2024,나바9663,in_age_003,5
2024,나바9663,in_age_004,5
2024,나바9663,in_age_005,8
2024,나바9663,in_age_006,5
2024,나바9663,in_age_007,5
2024,나바9663,in_age_008,5
2024,나바9663,in_age_010,8
2024,나바9663,in_age_011,8
2024,나바9663,in_age_012,18
2024,나바9663,in_age_013,18
2024,나바9663,in_age_014,33
2024,나바9663,in_age_015,28
2024,나바9663,in_age_016,13
2024,나바9663,in_age_017,13
2024,나바9663,in_age_018,5
2024,나바9663,in_age_019,5
2024,나바9663,in_age_033,5
2024,나바9663,in_age_034,0
2024,나바9663,in_age_035,5
2024,나바9663,in_age_036,5
2024,나바9663,in_age_037,5
2024,나바9663,in_age_038,5
2024,나바9663,in_age_040,5
2024,나바9663,in_age_041,5
2024,나바9663,in_age_042,13
2024,나바9663,in_age_043,8
2024,나바9663,in_age_044,18
2024,나바9663,in_age_045,13
2024,나바9663,in_age_046,8
2024,나바9663,in_age_047,5
2024,나바9663,in_age_049,0
2024,나바9663,in_age_064,0
2024,나바9663,in_age_065,5
2024,나바9663,in_age_066,5
2024,나바9663,in_age_067,0
2024,나바9663,in_age_068,0
2024,나바9663,in_age_070,5
2024,나바9663,in_age_071,8
2024,나바9663,in_age_072,8
2024,나바9663,in_age_073,13
2024,나바9663,in_age_074,13
2024,나바9663,in_age_075,13
2024,나바9663,in_age_076,5
2024,나바9663,in_age_077,8
2024,나바9663,in_age_078,5
2024,나바9663,in_age_079,5
2024,나바9663,to_in_001,153
2024,나바9663,to_in_007,78
2024,나바9663,to_in_008,73
2024,나바9664,in_age_002,0
2024,나바9664,in_age_003,5
2024,나바9664,in_age_004,0
2024,나바9664,in_age_007,0
2024,나바9664,in_age_008,5
2024,나바9664,in_age_009,5
2024,나바9664,in_age_010,5
2024,나바9664,in_age_011,8
2024,나바9664,in_age_012,13
2024,나바9664,in_age_013,18
2024,나바9664,in_age_014,13
2024,나바9664,in_age_015,13
2024,나바9664,in_age_016,8
2024,나바9664,in_age_017,8
2024,나바9664,in_age_018,8
2024,나바9664,in_age_019,5
2024,나바9664,in_age_021,0
2024,나바9664,in_age_032,0
2024,나바9664,in_age_034,0
2024,나바9664,in_age_037,0
2024,나바9664,in_age_038,5
2024,나바9664,in_age_039,0
2024,나바9664,in_age_040,5
2024,나바9664,in_age_041,5
2024,나바9664,in_age_042,8
2024,나바9664,in_age_043,8
2024,나바9664,in_age_044,8
2024,나바9664,in_age_045,8
2024,나바9664,in_age_046,5
2024,나바9664,in_age_047,5
2024,나바9664,in_age_048,5
2024,나바9664,in_age_049,5
2024,나바9664,in_age_063,5
2024,나바9664,in_age_069,0
2024,나바9664,in_age_070,0
2024,나바9664,in_age_071,5
2024,나바9664,in_age_072,5
2024,나바9664,in_age_073,8
2024,나바9664,in_age_074,8
2024,나바9664,in_age_075,5
2024,나바9664,in_age_076,8
2024,나바9664,in_age_077,5
2024,나바9664,in_age_078,8
2024,나바9664,in_age_081,0
2024,나바9664,to_in_001,98
2024,나바9664,to_in_007,53
2024,나바9664,to_in_008,48
2024,나바9665,in_age_002,5
2024,나바9665,in_age_003,5
2024,나바9665,in_age_004,0
2024,나바9665,in_age_006,0
2024,나바9665,in_age_007,5
2024,나바9665,in_age_009,8
2024,나바9665,in_age_010,5
2024,나바9665,in_age_011,5
2024,나바9665,in_age_012,8
2024,나바9665,in_age_013,8
2024,나바9665,in_age_014,8
2024,나바9665,in_age_015,8
2024,나바9665,in_age_016,13
2024,나바9665,in_age_017,8
2024,나바9665,in_age_018,8
2024,나바9665,in_age_019,0
2024,나바9665,in_age_032,0
2024,나바9665,in_age_033,5
2024,나바9665,in_age_034,0
2024,나바9665,in_age_036,0
2024,나바9665,in_age_037,0
2024,나바9665,in_age_039,5
2024,나바9665,in_age_040,0
2024,나바9665,in_age_041,5
2024,나바9665,in_age_042,5
2024,나바9665,in_age_043,8
2024,나바9665,in_age_044,5
2024,나바9665,in_age_045,5
2024,나바9665,in_age_046,8
2024,나바9665,in_age_047,5
2024,나바9665,in_age_048,5
2024,나바9665,in_age_062,0
2024,나바9665,in_age_067,0
2024,나바9665,in_age_069,5
2024,나바9665,in_age_070,0
2024,나바9665,in_age_071,5
2024,나바9665,in_age_072,5
2024,나바9665,in_age_073,5
2024,나바9665,in_age_074,8
2024,나바9665,in_age_075,8
2024,나바9665,in_age_076,5
2024,나바9665,in_age_077,8
2024,나바9665,in_age_078,5
2024,나바9665,in_age_079,0
2024,나바9665,to_in_001,73
2024,나바9665,to_in_007,33
2024,나바9665,to_in_008,38
2024,나바9666,in_age_002,0
2024,나바9666,in_age_005,5
2024,나바9666,in_age_006,5
2024,나바9666,in_age_009,5
2024,나바9666,in_age_010,8
2024,나바9666,in_age_011,5
2024,나바9666,in_age_012,8
2024,나바9666,in_age_013,8
2024,나바9666,in_age_014,13
2024,나바9666,in_age_015,18
2024,나바9666,in_age_016,13
2024,나바9666,in_age_017,13
2024,나바9666,in_age_018,5
2024,나바9666,in_age_019,0
2024,나바9666,in_age_032,0
2024,나바9666,in_age_035,0
2024,나바9666,in_age_036,0
2024,나바9666,in_age_039,5
2024,나바9666,in_age_040,5
2024,나바9666,in_age_041,5
2024,나바9666,in_age_042,8
2024,나바9666,in_age_043,5
2024,나바9666,in_age_044,8
2024,나바9666,in_age_045,8
2024,나바9666,in_age_046,5
2024,나바9666,in_age_047,8
2024,나바9666,in_age_048,0
2024,나바9666,in_age_065,5
2024,나바9666,in_age_066,0
2024,나바9666,in_age_069,5
2024,나바9666,in_age_070,0
2024,나바9666,in_age_071,0
2024,나바9666,in_age_072,5
2024,나바9666,in_age_073,8
2024,나바9666,in_age_074,8
2024,나바9666,in_age_075,8
2024,나바9666,in_age_076,8
2024,나바9666,in_age_077,5
2024,나바9666,in_age_078,0
2024,나바9666,in_age_079,0
2024,나바9666,to_in_001,98
2024,나바9666,to_in_007,53
2024,나바9666,to_in_008,48
2024,나바9667,in_age_003,0
2024,나바9667,in_age_004,0
2024,나바9667,in_age_005,0
2024,나바9667,in_age_007,5
2024,나바9667,in_age_008,5
2024,나바9667,in_age_010,0
2024,나바9667,in_age_011,5
2024,나바9667,in_age_013,5
2024,나바9667,in_age_014,5
2024,나바9667,in_age_015,5
2024,나바9667,in_age_016,8
2024,나바9667,in_age_017,8
2024,나바9667,in_age_018,5
2024,나바9667,in_age_034,0
2024,나바9667,in_age_035,0
2024,나바9667,in_age_037,0
2024,나바9667,in_age_038,5
2024,나바9667,in_age_040,0
2024,나바9667,in_age_041,0
2024,나바9667,in_age_043,0
2024,나바9667,in_age_044,5
2024,나바9667,in_age_046,5
2024,나바9667,in_age_047,8
2024,나바9667,in_age_048,0
2024,나바9667,in_age_063,0
2024,나바9667,in_age_067,0
2024,나바9667,in_age_068,0
2024,나바9667,in_age_071,0
2024,나바9667,in_age_073,0
2024,나바9667,in_age_074,0
2024,나바9667,in_age_075,5
2024,나바9667,in_age_076,5
2024,나바9667,in_age_077,0
2024,나바9667,in_age_078,0
2024,나바9667,to_in_001,28
2024,나바9667,to_in_007,18
2024,나바9667,to_in_008,13
2024,나바9668,in_age_003,0
2024,나바9668,in_age_005,5
2024,나바9668,in_age_006,0
2024,나바9668,in_age_007,8
2024,나바9668,in_age_009,5
2024,나바9668,in_age_010,0
2024,나바9668,in_age_011,8
2024,나바9668,in_age_012,8
2024,나바9668,in_age_013,8
2024,나바9668,in_age_014,8
2024,나바9668,in_age_015,5
2024,나바9668,in_age_016,8
2024,나바9668,in_age_017,5
2024,나바9668,in_age_035,0
2024,나바9668,in_age_037,5
2024,나바9668,in_age_039,0
2024,나바9668,in_age_040,0
2024,나바9668,in_age_041,5
2024,나바9668,in_age_042,5
2024,나바9668,in_age_043,5
2024,나바9668,in_age_044,5
2024,나바9668,in_age_045,5
2024,나바9668,in_age_046,5
2024,나바9668,in_age_047,0
2024,나바9668,in_age_063,0
2024,나바9668,in_age_065,0
2024,나바9668,in_age_066,0
2024,나바9668,in_age_067,5
2024,나바9668,in_age_069,0
2024,나바9668,in_age_071,5
2024,나바9668,in_age_072,5
2024,나바9668,in_age_073,8
2024,나바9668,in_age_074,5
2024,나바9668,in_age_075,5
2024,나바9668,in_age_076,5
2024,나바9668,in_age_077,5
2024,나바9668,to_in_001,53
2024,나바9668,to_in_007,28
2024,나바9668,to_in_008,28
2024,나바9669,in_age_001,5
2024,나바9669,in_age_004,5
2024,나바9669,in_age_005,0
2024,나바9669,in_age_007,0
2024,나바9669,in_age_008,8
2024,나바9669,in_age_009,5
2024,나바9669,in_age_010,8
2024,나바9669,in_age_011,8
2024,나바9669,in_age_012,8
2024,나바9669,in_age_013,13
2024,나바9669,in_age_014,8
2024,나바9669,in_age_015,13
2024,나바9669,in_age_016,8
2024,나바9669,in_age_017,5
2024,나바9669,in_age_018,5
2024,나바9669,in_age_019,0
2024,나바9669,in_age_031,0
2024,나바9669,in_age_034,0
2024,나바9669,in_age_037,0
2024,나바9669,in_age_038,5
2024,나바9669,in_age_039,5
2024,나바9669,in_age_040,5
2024,나바9669,in_age_042,5
2024,나바9669,in_age_043,8
2024,나바9669,in_age_044,5
2024,나바9669,in_age_045,8
2024,나바9669,in_age_046,8
2024,나바9669,in_age_048,5
2024,나바9669,in_age_061,0
2024,나바9669,in_age_064,5
2024,나바9669,in_age_065,0
2024,나바9669,in_age_068,5
2024,나바9669,in_age_069,0
2024,나바9669,in_age_070,0
2024,나바9669,in_age_071,8
2024,나바9669,in_age_072,5
2024,나바9669,in_age_073,5
2024,나바9669,in_age_074,8
2024,나바9669,in_age_075,8
2024,나바9669,in_age_076,5
2024,나바9669,in_age_077,5
2024,나바9669,in_age_078,0
2024,나바9669,in_age_079,0
2024,나바9669,to_in_001,73
2024,나바9669,to_in_007,38
2024,나바9669,to_in_008,38
2024,나바9670,in_age_002,5
2024,나바9670,in_age_005,0
2024,나바9670,in_age_007,5
2024,나바9670,in_age_008,5
2024,나바9670,in_age_009,5
2024,나바9670,in_age_010,5
2024,나바9670,in_age_011,5
2024,나바9670,in_age_012,13
2024,나바9670,in_age_013,18
2024,나바9670,in_age_014,13
2024,나바9670,in_age_015,8
2024,나바9670,in_age_016,8
2024,나바9670,in_age_017,5
2024,나바9670,in_age_018,5
2024,나바9670,in_age_019,0
2024,나바9670,in_age_035,0
2024,나바9670,in_age_037,5
2024,나바9670,in_age_039,5
2024,나바9670,in_age_040,5
2024,나바9670,in_age_041,0
2024,나바9670,in_age_042,8
2024,나바9670,in_age_043,8
2024,나바9670,in_age_044,8
2024,나바9670,in_age_045,8
2024,나바9670,in_age_046,5
2024,나바9670,in_age_047,0
2024,나바9670,in_age_048,0
2024,나바9670,in_age_049,0
2024,나바9670,in_age_062,5
2024,나바9670,in_age_067,5
2024,나바9670,in_age_068,5
2024,나바9670,in_age_071,5
2024,나바9670,in_age_072,5
2024,나바9670,in_age_073,13
2024,나바9670,in_age_074,8
2024,나바9670,in_age_075,5
2024,나바9670,in_age_076,5
2024,나바9670,in_age_077,5
2024,나바9670,in_age_078,5
2024,나바9670,to_in_001,83
2024,나바9670,to_in_007,38
2024,나바9670,to_in_008,43
2024,나바9671,in_age_008,5
2024,나바9671,in_age_013,5
2024,나바9671,in_age_014,8
2024,나바9671,in_age_015,8
2024,나바9671,in_age_016,5
2024,나바9671,in_age_017,5
2024,나바9671,in_age_038,5
2024,나바9671,in_age_043,0
2024,나바9671,in_age_044,5
2024,나바9671,in_age_045,0
2024,나바9671,in_age_046,5
2024,나바9671,in_age_047,5
2024,나바9671,in_age_073,5
2024,나바9671,in_age_074,5
2024,나바9671,in_age_075,8
2024,나바9671,to_in_001,18
2024,나바9671,to_in_007,13
2024,나바9671,to_in_008,8
2024,나바9672,in_age_003,0
2024,나바9672,in_age_008,0
2024,나바9672,in_age_009,5
2024,나바9672,in_age_010,5
2024,나바9672,in_age_011,5
2024,나바9672,in_age_013,5
2024,나바9672,in_age_014,8
2024,나바9672,in_age_015,8
2024,나바9672,in_age_016,5
2024,나바9672,in_age_017,5
2024,나바9672,in_age_018,0
2024,나바9672,in_age_038,0
2024,나바9672,in_age_039,0
2024,나바9672,in_age_040,5
2024,나바9672,in_age_041,0
2024,나바9672,in_age_043,5
2024,나바9672,in_age_044,5
2024,나바9672,in_age_045,5
2024,나바9672,in_age_047,0
2024,나바9672,in_age_048,0
2024,나바9672,in_age_063,0
2024,나바9672,in_age_069,5
2024,나바9672,in_age_071,5
2024,나바9672,in_age_073,5
2024,나바9672,in_age_074,5
2024,나바9672,in_age_075,5
2024,나바9672,in_age_076,5
2024,나바9672,in_age_077,5
2024,나바9672,to_in_001,33
2024,나바9672,to_in_007,18
2024,나바9672,to_in_008,18
2024,나바9673,in_age_003,0
2024,나바9673,in_age_004,8
2024,나바9673,in_age_007,0
2024,나바9673,in_age_009,5
2024,나바9673,in_age_010,5
2024,나바9673,in_age_011,8
2024,나바9673,in_age_012,18
2024,나바9673,in_age_013,18
2024,나바9673,in_age_014,23
2024,나바9673,in_age_015,8
2024,나바9673,in_age_016,13
2024,나바9673,in_age_017,8
2024,나바9673,in_age_018,8
2024,나바9673,in_age_019,5
2024,나바9673,in_age_033,0
2024,나바9673,in_age_034,5
2024,나바9673,in_age_037,0
2024,나바9673,in_age_040,5
2024,나바9673,in_age_041,8
2024,나바9673,in_age_042,8
2024,나바9673,in_age_043,8
2024,나바9673,in_age_044,13
2024,나바9673,in_age_045,5
2024,나바9673,in_age_046,8
2024,나바9673,in_age_047,5
2024,나바9673,in_age_048,5
2024,나바9673,in_age_049,0
2024,나바9673,in_age_064,5
2024,나바9673,in_age_069,5
2024,나바9673,in_age_070,5
2024,나바9673,in_age_071,5
2024,나바9673,in_age_072,8
2024,나바9673,in_age_073,8
2024,나바9673,in_age_074,8
2024,나바9673,in_age_075,8
2024,나바9673,in_age_076,8
2024,나바9673,in_age_077,5
2024,나바9673,in_age_078,5
2024,나바9673,in_age_079,0
2024,나바9673,to_in_001,108
2024,나바9673,to_in_007,53
2024,나바9673,to_in_008,58
2024,나바9674,in_age_006,5
2024,나바9674,in_age_007,5
2024,나바9674,in_age_008,0
2024,나바9674,in_age_009,5
2024,나바9674,in_age_010,8
2024,나바9674,in_age_011,8
2024,나바9674,in_age_012,5
2024,나바9674,in_age_013,8
2024,나바9674,in_age_014,13
2024,나바9674,in_age_015,13
2024,나바9674,in_age_016,8
2024,나바9674,in_age_017,5
2024,나바9674,in_age_018,5
2024,나바9674,in_age_019,0
2024,나바9674,in_age_036,5
2024,나바9674,in_age_037,5
2024,나바9674,in_age_039,0
2024,나바9674,in_age_040,5
2024,나바9674,in_age_041,5
2024,나바9674,in_age_042,5
2024,나바9674,in_age_043,5
2024,나바9674,in_age_044,8
2024,나바9674,in_age_045,8
2024,나바9674,in_age_046,5
2024,나바9674,in_age_047,0
2024,나바9674,in_age_048,5
2024,나바9674,in_age_068,0
2024,나바9674,in_age_069,5
2024,나바9674,in_age_070,5
2024,나바9674,in_age_071,8
2024,나바9674,in_age_072,5
2024,나바9674,in_age_073,8
2024,나바9674,in_age_074,5
2024,나바9674,in_age_075,8
2024,나바9674,in_age_076,8
2024,나바9674,in_age_077,0
2024,나바9674,in_age_078,0
2024,나바9674,in_age_079,0
2024,나바9674,to_in_001,68
2024,나바9674,to_in_007,38
2024,나바9674,to_in_008,33
2024,나바9679,in_age_003,0
2024,나바9679,in_age_006,0
2024,나바9679,in_age_008,0
2024,나바9679,in_age_009,5
2024,나바9679,in_age_010,5
2024,나바9679,in_age_011,13
2024,나바9679,in_age_012,8
2024,나바9679,in_age_013,8
2024,나바9679,in_age_014,13
2024,나바9679,in_age_015,8
2024,나바9679,in_age_016,8
2024,나바9679,in_age_017,8
2024,나바9679,in_age_018,5
2024,나바9679,in_age_019,0
2024,나바9679,in_age_036,0
2024,나바9679,in_age_038,0
2024,나바9679,in_age_039,5
2024,나바9679,in_age_041,5
2024,나바9679,in_age_042,8
2024,나바9679,in_age_043,8
2024,나바9679,in_age_044,8
2024,나바9679,in_age_045,8
2024,나바9679,in_age_046,5
2024,나바9679,in_age_047,5
2024,나바9679,in_age_048,5
2024,나바9679,in_age_063,0
2024,나바9679,in_age_070,5
2024,나바9679,in_age_071,8
2024,나바9679,in_age_072,5
2024,나바9679,in_age_073,5
2024,나바9679,in_age_074,8
2024,나바9679,in_age_075,8
2024,나바9679,in_age_076,8
2024,나바9679,in_age_077,8
2024,나바9679,in_age_078,0
2024,나바9679,in_age_079,0
2024,나바9679,to_in_001,83
2024,나바9679,to_in_007,38
2024,나바9679,to_in_008,43
2024,나바9681,in_age_012,5
2024,나바9681,in_age_013,5
2024,나바9681,in_age_014,8
2024,나바9681,in_age_015,5
2024,나바9681,in_age_016,8
2024,나바9681,in_age_017,5
2024,나바9681,in_age_018,5
2024,나바9681,in_age_042,5
2024,나바9681,in_age_044,8
2024,나바9681,in_age_046,5
2024,나바9681,in_age_047,0
2024,나바9681,in_age_048,0
2024,나바9681,in_age_073,5
2024,나바9681,in_age_074,0
2024,나바9681,in_age_075,5
2024,나바9681,in_age_076,8
2024,나바9681,in_age_077,5
2024,나바9681,in_age_078,0
2024,나바9681,to_in_001,23
2024,나바9681,to_in_007,8
2024,나바9681,to_in_008,13
2024,나바9682,in_age_010,0
2024,나바9682,in_age_014,5
2024,나바9682,in_age_016,5
2024,나바9682,in_age_044,0
2024,나바9682,in_age_046,0
2024,나바9682,in_age_070,0
2024,나바9682,in_age_074,0
2024,나바9682,in_age_076,0
2024,나바9682,to_in_001,8
2024,나바9682,to_in_007,5
2024,나바9682,to_in_008,5
2024,나바9685,in_age_005,8
2024,나바9685,in_age_006,5
2024,나바9685,in_age_007,8
2024,나바9685,in_age_008,8
2024,나바9685,in_age_009,5
2024,나바9685,in_age_010,5
2024,나바9685,in_age_011,8
2024,나바9685,in_age_012,8
2024,나바9685,in_age_013,18
2024,나바9685,in_age_014,13
2024,나바9685,in_age_015,8
2024,나바9685,in_age_016,5
2024,나바9685,in_age_017,5
2024,나바9685,in_age_018,0
2024,나바9685,in_age_035,5
2024,나바9685,in_age_036,5
2024,나바9685,in_age_037,5
2024,나바9685,in_age_038,8
2024,나바9685,in_age_039,5
2024,나바9685,in_age_040,5
2024,나바9685,in_age_041,5
2024,나바9685,in_age_042,8
2024,나바9685,in_age_043,13
2024,나바9685,in_age_044,5
2024,나바9685,in_age_045,5
2024,나바9685,in_age_046,5
2024,나바9685,in_age_065,5
2024,나바9685,in_age_067,0
2024,나바9685,in_age_069,0
2024,나바9685,in_age_071,5
2024,나바9685,in_age_072,5
2024,나바9685,in_age_073,8
2024,나바9685,in_age_074,8
2024,나바9685,in_age_075,8
2024,나바9685,in_age_076,0
2024,나바9685,in_age_077,5
2024,나바9685,in_age_078,0
2024,나바9685,to_in_001,88
2024,나바9685,to_in_007,53
2024,나바9685,to_in_008,33
2024,나바9686,in_age_013,5
2024,나바9686,in_age_014,0
2024,나바9686,in_age_018,0
2024,나바9686,in_age_019,0
2024,나바9686,in_age_044,0
2024,나바9686,in_age_073,5
2024,나바9686,in_age_078,0
2024,나바9686,in_age_079,0
2024,나바9686,to_in_001,5
2024,나바9686,to_in_007,0
2024,나바9686,to_in_008,5
2024,나바9688,in_age_007,0
2024,나바9688,in_age_008,0
2024,나바9688,in_age_011,5
2024,나바9688,in_age_013,5
2024,나바9688,in_age_014,5
2024,나바9688,in_age_037,0
2024,나바9688,in_age_038,0
2024,나바9688,in_age_041,0
2024,나바9688,in_age_043,5
2024,나바9688,in_age_044,5
2024,나바9688,in_age_071,0
2024,나바9688,in_age_073,5
2024,나바9688,in_age_074,0
2024,나바9688,to_in_001,13
2024,나바9688,to_in_007,8
2024,나바9688,to_in_008,5
2024,나바9713,in_age_011,0
2024,나바9713,in_age_013,5
2024,나바9713,in_age_014,5
2024,나바9713,in_age_015,5
2024,나바9713,in_age_043,0
2024,나바9713,in_age_044,5
2024,나바9713,in_age_045,0
2024,나바9713,in_age_071,0
2024,나바9713,in_age_073,0
2024,나바9713,in_age_075,5
2024,나바9713,to_in_001,8
2024,나바9713,to_in_007,5
2024,나바9713,to_in_008,5
2024,나바9715,in_age_002,5
2024,나바9715,in_age_003,5
2024,나바9715,in_age_004,5
2024,나바9715,in_age_005,5
2024,나바9715,in_age_006,8
2024,나바9715,in_age_007,5
2024,나바9715,in_age_008,5
2024,나바9715,in_age_009,8
2024,나바9715,in_age_010,8
2024,나바9715,in_age_011,5
2024,나바9715,in_age_012,8
2024,나바9715,in_age_013,13
2024,나바9715,in_age_014,8
2024,나바9715,in_age_015,8
2024,나바9715,in_age_016,8
2024,나바9715,in_age_017,5
2024,나바9715,in_age_018,5
2024,나바9715,in_age_034,5
2024,나바9715,in_age_035,5
2024,나바9715,in_age_036,8
2024,나바9715,in_age_037,5
2024,나바9715,in_age_038,5
2024,나바9715,in_age_039,5
2024,나바9715,in_age_040,8
2024,나바9715,in_age_041,5
2024,나바9715,in_age_042,8
2024,나바9715,in_age_043,5
2024,나바9715,in_age_044,5
2024,나바9715,in_age_045,0
2024,나바9715,in_age_046,0
2024,나바9715,in_age_047,0
2024,나바9715,in_age_048,0
2024,나바9715,in_age_062,5
2024,나바9715,in_age_063,5
2024,나바9715,in_age_064,5
2024,나바9715,in_age_068,0
2024,나바9715,in_age_069,5
2024,나바9715,in_age_070,0
2024,나바9715,in_age_071,0
2024,나바9715,in_age_072,5
2024,나바9715,in_age_073,8
2024,나바9715,in_age_074,5
2024,나바9715,in_age_075,5
2024,나바9715,in_age_076,8
2024,나바9715,in_age_077,5
2024,나바9715,in_age_078,5
2024,나바9715,to_in_001,88
2024,나바9715,to_in_007,48
2024,나바9715,to_in_008,43
2024,나바9716,in_age_003,0
2024,나바9716,in_age_006,0
2024,나바9716,in_age_007,5
2024,나바9716,in_age_008,5
2024,나바9716,in_age_009,5
2024,나바9716,in_age_011,5
2024,나바9716,in_age_012,8
2024,나바9716,in_age_013,18
2024,나바9716,in_age_014,8
2024,나바9716,in_age_015,5
2024,나바9716,in_age_016,5
2024,나바9716,in_age_017,8
2024,나바9716,in_age_018,5
2024,나바9716,in_age_019,0
2024,나바9716,in_age_020,0
2024,나바9716,in_age_037,5
2024,나바9716,in_age_038,5
2024,나바9716,in_age_039,0
2024,나바9716,in_age_042,5
2024,나바9716,in_age_043,8
2024,나바9716,in_age_044,8
2024,나바9716,in_age_045,0
2024,나바9716,in_age_046,5
2024,나바9716,in_age_047,5
2024,나바9716,in_age_048,5
2024,나바9716,in_age_063,0
2024,나바9716,in_age_066,0
2024,나바9716,in_age_069,5
2024,나바9716,in_age_071,5
2024,나바9716,in_age_072,5
2024,나바9716,in_age_073,8
2024,나바9716,in_age_074,5
2024,나바9716,in_age_075,5
2024,나바9716,in_age_076,0
2024,나바9716,in_age_077,8
2024,나바9716,in_age_079,0
2024,나바9716,in_age_080,0
2024,나바9716,to_in_001,68
2024,나바9716,to_in_007,33
2024,나바9716,to_in_008,33
2024,나바9717,in_age_001,5
2024,나바9717,in_age_002,8
2024,나바9717,in_age_003,8
2024,나바9717,in_age_004,5
2024,나바9717,in_age_005,8
2024,나바9717,in_age_006,24
2024,나바9717,in_age_007,44
2024,나바9717,in_age_008,41
2024,나바9717,in_age_009,29
2024,나바9717,in_age_010,25
2024,나바9717,in_age_011,13
2024,나바9717,in_age_012,13
2024,나바9717,in_age_013,28
2024,나바9717,in_age_014,23
2024,나바9717,in_age_015,8
2024,나바9717,in_age_016,13
2024,나바9717,in_age_017,5
2024,나바9717,in_age_018,8
2024,나바9717,in_age_031,0
2024,나바9717,in_age_032,5
2024,나바9717,in_age_034,5
2024,나바9717,in_age_035,8
2024,나바9717,in_age_036,24
2024,나바9717,in_age_037,39
2024,나바9717,in_age_038,36
2024,나바9717,in_age_039,24
2024,나바9717,in_age_040,20
2024,나바9717,in_age_041,8
2024,나바9717,in_age_042,8
2024,나바9717,in_age_043,13
2024,나바9717,in_age_044,13
2024,나바9717,in_age_045,5
2024,나바9717,in_age_046,8
2024,나바9717,in_age_047,0
2024,나바9717,in_age_048,5
2024,나바9717,in_age_061,5
2024,나바9717,in_age_062,5
2024,나바9717,in_age_063,8
2024,나바9717,in_age_064,5
2024,나바9717,in_age_067,5
2024,나바9717,in_age_068,5
2024,나바9717,in_age_069,5
2024,나바9717,in_age_070,5
2024,나바9717,in_age_071,5
2024,나바9717,in_age_072,5
2024,나바9717,in_age_073,13
2024,나바9717,in_age_074,8
2024,나바9717,in_age_075,5
2024,나바9717,in_age_076,8
2024,나바9717,in_age_077,5
2024,나바9717,in_age_078,8
2024,나바9717,to_in_001,286
2024,나바9717,to_in_007,216
2024,나바9717,to_in_008,73
2024,나바9725,in_age_003,0
2024,나바9725,in_age_009,0
2024,나바9725,in_age_010,0
2024,나바9725,in_age_011,5
2024,나바9725,in_age_012,5
2024,나바9725,in_age_013,5
2024,나바9725,in_age_014,8
2024,나바9725,in_age_015,5
2024,나바9725,in_age_016,0
2024,나바9725,in_age_017,0
2024,나바9725,in_age_018,0
2024,나바9725,in_age_039,0
2024,나바9725,in_age_040,0
2024,나바9725,in_age_041,5
2024,나바9725,in_age_042,5
2024,나바9725,in_age_043,5
2024,나바9725,in_age_044,0
2024,나바9725,in_age_045,5
2024,나바9725,in_age_048,0
2024,나바9725,in_age_063,0
2024,나바9725,in_age_071,5
2024,나바9725,in_age_073,0
2024,나바9725,in_age_074,5
2024,나바9725,in_age_075,0
2024,나바9725,in_age_076,0
2024,나바9725,in_age_077,0
2024,나바9725,to_in_001,23
2024,나바9725,to_in_007,13
2024,나바9725,to_in_008,13
2024,나바9726,in_age_002,0
2024,나바9726,in_age_003,0
2024,나바9726,in_age_004,0
2024,나바9726,in_age_011,5
2024,나바9726,in_age_012,5
2024,나바9726,in_age_013,8
2024,나바9726,in_age_014,5
2024,나바9726,in_age_015,0
2024,나바9726,in_age_016,0
2024,나바9726,in_age_017,5
2024,나바9726,in_age_032,0
2024,나바9726,in_age_033,0
2024,나바9726,in_age_042,0
2024,나바9726,in_age_043,5
2024,나바9726,in_age_044,5
2024,나바9726,in_age_045,0
2024,나바9726,in_age_046,0
2024,나바9726,in_age_064,0
2024,나바9726,in_age_071,5
2024,나바9726,in_age_072,0
2024,나바9726,in_age_073,8
2024,나바9726,in_age_074,5
2024,나바9726,in_age_077,5
2024,나바9726,to_in_001,23
2024,나바9726,to_in_007,13
2024,나바9726,to_in_008,8
2024,나바9727,in_age_001,0
2024,나바9727,in_age_005,0
2024,나바9727,in_age_006,0
2024,나바9727,in_age_007,5
2024,나바9727,in_age_008,0
2024,나바9727,in_age_009,5
2024,나바9727,in_age_010,0
2024,나바9727,in_age_012,5
2024,나바9727,in_age_013,5
2024,나바9727,in_age_014,0
2024,나바9727,in_age_015,5
2024,나바9727,in_age_016,5
2024,나바9727,in_age_017,5
2024,나바9727,in_age_018,5
2024,나바9727,in_age_019,5
2024,나바9727,in_age_035,0
2024,나바9727,in_age_036,0
2024,나바9727,in_age_037,5
2024,나바9727,in_age_038,0
2024,나바9727,in_age_040,0
2024,나바9727,in_age_042,0
2024,나바9727,in_age_043,5
2024,나바9727,in_age_046,0
2024,나바9727,in_age_047,5
2024,나바9727,in_age_048,5
2024,나바9727,in_age_061,0
2024,나바9727,in_age_069,5
2024,나바9727,in_age_072,5
2024,나바9727,in_age_073,0
2024,나바9727,in_age_074,0
2024,나바9727,in_age_075,5
2024,나바9727,in_age_076,5
2024,나바9727,in_age_077,5
2024,나바9727,in_age_079,5
2024,나바9727,to_in_001,38
2024,나바9727,to_in_007,23
2024,나바9727,to_in_008,18
2024,나바9728,in_age_002,0
2024,나바9728,in_age_003,5
2024,나바9728,in_age_004,5
2024,나바9728,in_age_005,8
2024,나바9728,in_age_006,8
2024,나바9728,in_age_007,5
2024,나바9728,in_age_008,5
2024,나바9728,in_age_009,5
2024,나바9728,in_age_010,5
2024,나바9728,in_age_011,8
2024,나바9728,in_age_012,5
2024,나바9728,in_age_013,5
2024,나바9728,in_age_014,8
2024,나바9728,in_age_015,8
2024,나바9728,in_age_016,8
2024,나바9728,in_age_017,8
2024,나바9728,in_age_018,5
2024,나바9728,in_age_019,5
2024,나바9728,in_age_032,0
2024,나바9728,in_age_033,0
2024,나바9728,in_age_034,0
2024,나바9728,in_age_035,8
2024,나바9728,in_age_036,5
2024,나바9728,in_age_037,5
2024,나바9728,in_age_039,5
2024,나바9728,in_age_040,0
2024,나바9728,in_age_041,5
2024,나바9728,in_age_042,5
2024,나바9728,in_age_043,5
2024,나바9728,in_age_044,5
2024,나바9728,in_age_045,5
2024,나바9728,in_age_046,5
2024,나바9728,in_age_047,5
2024,나바9728,in_age_049,5
2024,나바9728,in_age_063,0
2024,나바9728,in_age_064,0
2024,나바9728,in_age_066,0
2024,나바9728,in_age_067,0
2024,나바9728,in_age_068,5
2024,나바9728,in_age_069,5
2024,나바9728,in_age_070,0
2024,나바9728,in_age_071,8
2024,나바9728,in_age_072,0
2024,나바9728,in_age_073,5
2024,나바9728,in_age_074,5
2024,나바9728,in_age_075,8
2024,나바9728,in_age_076,5
2024,나바9728,in_age_077,8
2024,나바9728,in_age_078,5
2024,나바9728,to_in_001,73
2024,나바9728,to_in_007,38
2024,나바9728,to_in_008,33
2024,나바9729,in_age_003,0
2024,나바9729,in_age_005,5
2024,나바9729,in_age_007,5
2024,나바9729,in_age_008,0
2024,나바9729,in_age_009,5
2024,나바9729,in_age_010,5
2024,나바9729,in_age_011,5
2024,나바9729,in_age_012,8
2024,나바9729,in_age_013,8
2024,나바9729,in_age_014,8
2024,나바9729,in_age_015,8
2024,나바9729,in_age_016,5
2024,나바9729,in_age_017,5
2024,나바9729,in_age_018,5
2024,나바9729,in_age_033,0
2024,나바9729,in_age_035,5
2024,나바9729,in_age_037,5
2024,나바9729,in_age_038,0
2024,나바9729,in_age_039,5
2024,나바9729,in_age_040,0
2024,나바9729,in_age_042,0
2024,나바9729,in_age_043,5
2024,나바9729,in_age_044,5
2024,나바9729,in_age_045,5
2024,나바9729,in_age_046,5
2024,나바9729,in_age_047,5
2024,나바9729,in_age_048,0
2024,나바9729,in_age_067,0
2024,나바9729,in_age_070,5
2024,나바9729,in_age_071,5
2024,나바9729,in_age_072,8
2024,나바9729,in_age_073,5
2024,나바9729,in_age_074,8
2024,나바9729,in_age_075,5
2024,나바9729,in_age_076,0
2024,나바9729,in_age_077,5
2024,나바9729,in_age_078,5
2024,나바9729,to_in_001,48
2024,나바9729,to_in_007,23
2024,나바9729,to_in_008,28
2024,나바9730,in_age_005,0
2024,나바9730,in_age_007,0
2024,나바9730,in_age_009,5
2024,나바9730,in_age_011,5
2024,나바9730,in_age_012,5
2024,나바9730,in_age_013,5
2024,나바9730,in_age_014,5
2024,나바9730,in_age_015,8
2024,나바9730,in_age_016,0
2024,나바9730,in_age_017,8
2024,나바9730,in_age_019,0
2024,나바9730,in_age_039,5
2024,나바9730,in_age_041,5
2024,나바9730,in_age_042,5
2024,나바9730,in_age_043,0
2024,나바9730,in_age_044,5
2024,나바9730,in_age_045,0
2024,나바9730,in_age_047,5
2024,나바9730,in_age_049,0
2024,나바9730,in_age_065,0
2024,나바9730,in_age_067,0
2024,나바9730,in_age_071,0
2024,나바9730,in_age_073,5
2024,나바9730,in_age_074,0
2024,나바9730,in_age_075,8
2024,나바9730,in_age_076,0
2024,나바9730,in_age_077,8
2024,나바9730,to_in_001,28
2024,나바9730,to_in_007,13
2024,나바9730,to_in_008,13
2024,나바9731,in_age_007,0
2024,나바9731,in_age_011,0
2024,나바9731,in_age_012,5
2024,나바9731,in_age_013,8
2024,나바9731,in_age_014,5
2024,나바9731,in_age_015,5
2024,나바9731,in_age_016,0
2024,나바9731,in_age_017,5
2024,나바9731,in_age_018,5
2024,나바9731,in_age_037,0
2024,나바9731,in_age_042,5
2024,나바9731,in_age_043,5
2024,나바9731,in_age_044,5
2024,나바9731,in_age_045,5
2024,나바9731,in_age_047,5
2024,나바9731,in_age_048,0
2024,나바9731,in_age_071,0
2024,나바9731,in_age_072,5
2024,나바9731,in_age_073,5
2024,나바9731,in_age_074,0
2024,나바9731,in_age_076,0
2024,나바9731,in_age_077,0
2024,나바9731,in_age_078,0
2024,나바9731,to_in_001,18
2024,나바9731,to_in_007,13
2024,나바9731,to_in_008,8
2024,나바9732,in_age_003,5
2024,나바9732,in_age_004,5
2024,나바9732,in_age_009,5
2024,나바9732,in_age_010,0
2024,나바9732,in_age_011,8
2024,나바9732,in_age_012,0
2024,나바9732,in_age_013,8
2024,나바9732,in_age_014,5
2024,나바9732,in_age_015,5
2024,나바9732,in_age_016,5
2024,나바9732,in_age_017,5
2024,나바9732,in_age_033,0
2024,나바9732,in_age_034,5
2024,나바9732,in_age_039,0
2024,나바9732,in_age_041,5
2024,나바9732,in_age_043,8
2024,나바9732,in_age_044,5
2024,나바9732,in_age_045,5
2024,나바9732,in_age_047,5
2024,나바9732,in_age_063,5
2024,나바9732,in_age_069,0
2024,나바9732,in_age_070,0
2024,나바9732,in_age_071,5
2024,나바9732,in_age_072,0
2024,나바9732,in_age_073,5
2024,나바9732,in_age_075,5
2024,나바9732,in_age_076,5
2024,나바9732,to_in_001,33
2024,나바9732,to_in_007,18
2024,나바9732,to_in_008,13
2024,나바9733,in_age_002,0
2024,나바9733,in_age_003,5
2024,나바9733,in_age_004,5
2024,나바9733,in_age_005,0
2024,나바9733,in_age_009,5
2024,나바9733,in_age_010,0
2024,나바9733,in_age_011,5
2024,나바9733,in_age_012,5
2024,나바9733,in_age_013,5
2024,나바9733,in_age_014,8
2024,나바9733,in_age_015,8
2024,나바9733,in_age_016,5
2024,나바9733,in_age_017,5
2024,나바9733,in_age_018,5
2024,나바9733,in_age_034,5
2024,나바9733,in_age_035,0
2024,나바9733,in_age_039,0
2024,나바9733,in_age_040,0
2024,나바9733,in_age_042,5
2024,나바9733,in_age_043,5
2024,나바9733,in_age_044,5
2024,나바9733,in_age_045,8
2024,나바9733,in_age_046,0
2024,나바9733,in_age_047,5
2024,나바9733,in_age_048,0
2024,나바9733,in_age_062,0
2024,나바9733,in_age_063,5
2024,나바9733,in_age_064,0
2024,나바9733,in_age_069,0
2024,나바9733,in_age_071,5
2024,나바9733,in_age_072,0
2024,나바9733,in_age_073,0
2024,나바9733,in_age_074,8
2024,나바9733,in_age_075,5
2024,나바9733,in_age_076,5
2024,나바9733,in_age_078,5
2024,나바9733,to_in_001,43
2024,나바9733,to_in_007,23
2024,나바9733,to_in_008,23
2024,나바9734,in_age_001,5
2024,나바9734,in_age_002,5
2024,나바9734,in_age_003,5
2024,나바9734,in_age_004,8
2024,나바9734,in_age_005,5
2024,나바9734,in_age_006,8
2024,나바9734,in_age_007,5
2024,나바9734,in_age_008,5
2024,나바9734,in_age_009,18
2024,나바9734,in_age_010,18
2024,나바9734,in_age_011,18
2024,나바9734,in_age_012,13
2024,나바9734,in_age_013,18
2024,나바9734,in_age_014,18
2024,나바9734,in_age_015,13
2024,나바9734,in_age_016,18
2024,나바9734,in_age_017,8
2024,나바9734,in_age_018,5
2024,나바9734,in_age_019,5
2024,나바9734,in_age_032,5
2024,나바9734,in_age_033,5
2024,나바9734,in_age_034,5
2024,나바9734,in_age_035,5
2024,나바9734,in_age_036,8
2024,나바9734,in_age_037,5
2024,나바9734,in_age_038,5
2024,나바9734,in_age_039,8
2024,나바9734,in_age_040,13
2024,나바9734,in_age_041,8
2024,나바9734,in_age_042,8
2024,나바9734,in_age_043,8
2024,나바9734,in_age_044,8
2024,나바9734,in_age_045,5
2024,나바9734,in_age_046,8
2024,나바9734,in_age_047,5
2024,나바9734,in_age_048,5
2024,나바9734,in_age_061,5
2024,나바9734,in_age_062,5
2024,나바9734,in_age_064,5
2024,나바9734,in_age_065,5
2024,나바9734,in_age_068,0
2024,나바9734,in_age_069,8
2024,나바9734,in_age_070,8
2024,나바9734,in_age_071,8
2024,나바9734,in_age_072,8
2024,나바9734,in_age_073,8
2024,나바9734,in_age_074,8
2024,나바9734,in_age_075,8
2024,나바9734,in_age_076,8
2024,나바9734,in_age_077,5
2024,나바9734,in_age_078,0
2024,나바9734,in_age_079,5
2024,나바9734,to_in_001,168
2024,나바9734,to_in_007,93
2024,나바9734,to_in_008,73
2024,나바9735,in_age_001,5
2024,나바9735,in_age_002,8
2024,나바9735,in_age_003,13
2024,나바9735,in_age_004,8
2024,나바9735,in_age_005,5
2024,나바9735,in_age_006,8
2024,나바9735,in_age_007,18
2024,나바9735,in_age_008,8
2024,나바9735,in_age_009,5
2024,나바9735,in_age_010,13
2024,나바9735,in_age_011,28
2024,나바9735,in_age_012,18
2024,나바9735,in_age_013,23
2024,나바9735,in_age_014,13
2024,나바9735,in_age_015,13
2024,나바9735,in_age_016,13
2024,나바9735,in_age_017,8
2024,나바9735,in_age_018,8
2024,나바9735,in_age_019,5
2024,나바9735,in_age_031,0
2024,나바9735,in_age_032,8
2024,나바9735,in_age_033,5
2024,나바9735,in_age_034,5
2024,나바9735,in_age_035,5
2024,나바9735,in_age_036,5
2024,나바9735,in_age_037,8
2024,나바9735,in_age_038,8
2024,나바9735,in_age_039,5
2024,나바9735,in_age_040,8
2024,나바9735,in_age_041,13
2024,나바9735,in_age_042,8
2024,나바9735,in_age_043,13
2024,나바9735,in_age_044,8
2024,나바9735,in_age_045,8
2024,나바9735,in_age_046,5
2024,나바9735,in_age_047,5
2024,나바9735,in_age_048,5
2024,나바9735,in_age_049,0
2024,나바9735,in_age_061,0
2024,나바9735,in_age_062,0
2024,나바9735,in_age_063,8
2024,나바9735,in_age_064,5
2024,나바9735,in_age_065,0
2024,나바9735,in_age_066,5
2024,나바9735,in_age_067,8
2024,나바9735,in_age_068,5
2024,나바9735,in_age_069,5
2024,나바9735,in_age_070,5
2024,나바9735,in_age_071,13
2024,나바9735,in_age_072,8
2024,나바9735,in_age_073,8
2024,나바9735,in_age_074,8
2024,나바9735,in_age_075,8
2024,나바9735,in_age_076,8
2024,나바9735,in_age_077,8
2024,나바9735,in_age_078,5
2024,나바9735,in_age_079,5
2024,나바9735,to_in_001,198
2024,나바9735,to_in_007,108
2024,나바9735,to_in_008,93
2024,나바9736,in_age_006,0
2024,나바9736,in_age_007,5
2024,나바9736,in_age_009,5
2024,나바9736,in_age_012,0
2024,나바9736,in_age_013,5
2024,나바9736,in_age_014,8
2024,나바9736,in_age_015,8
2024,나바9736,in_age_016,5
2024,나바9736,in_age_017,0
2024,나바9736,in_age_019,5
2024,나바9736,in_age_037,5
2024,나바9736,in_age_039,0
2024,나바9736,in_age_042,0
2024,나바9736,in_age_043,0
2024,나바9736,in_age_044,5
2024,나바9736,in_age_045,5
2024,나바9736,in_age_046,5
2024,나바9736,in_age_066,0
2024,나바9736,in_age_069,5
2024,나바9736,in_age_073,5
2024,나바9736,in_age_074,5
2024,나바9736,in_age_075,8
2024,나바9736,in_age_076,0
2024,나바9736,in_age_077,0
2024,나바9736,in_age_079,5
2024,나바9736,to_in_001,33
2024,나바9736,to_in_007,13
2024,나바9736,to_in_008,18
2024,나바9737,in_age_004,0
2024,나바9737,in_age_005,5
2024,나바9737,in_age_007,5
2024,나바9737,in_age_008,0
2024,나바9737,in_age_009,5
2024,나바9737,in_age_010,5
2024,나바9737,in_age_011,5
2024,나바9737,in_age_012,8
2024,나바9737,in_age_013,13
2024,나바9737,in_age_014,18
2024,나바9737,in_age_015,18
2024,나바9737,in_age_016,13
2024,나바9737,in_age_017,13
2024,나바9737,in_age_018,5
2024,나바9737,in_age_019,5
2024,나바9737,in_age_020,0
2024,나바9737,in_age_034,0
2024,나바9737,in_age_035,5
2024,나바9737,in_age_037,5
2024,나바9737,in_age_038,0
2024,나바9737,in_age_039,5
2024,나바9737,in_age_040,5
2024,나바9737,in_age_041,5
2024,나바9737,in_age_042,5
2024,나바9737,in_age_043,8
2024,나바9737,in_age_044,8
2024,나바9737,in_age_045,8
2024,나바9737,in_age_046,8
2024,나바9737,in_age_047,8
2024,나바9737,in_age_048,5
2024,나바9737,in_age_069,0
2024,나바9737,in_age_070,0
2024,나바9737,in_age_071,5
2024,나바9737,in_age_072,5
2024,나바9737,in_age_073,8
2024,나바9737,in_age_074,8
2024,나바9737,in_age_075,8
2024,나바9737,in_age_076,8
2024,나바9737,in_age_077,8
2024,나바9737,in_age_078,0
2024,나바9737,in_age_079,5
2024,나바9737,in_age_080,0
2024,나바9737,to_in_001,103
2024,나바9737,to_in_007,53
2024,나바9737,to_in_008,48
2024,나바9738,in_age_002,5
2024,나바9738,in_age_003,8
2024,나바9738,in_age_006,5
2024,나바9738,in_age_007,8
2024,나바9738,in_age_008,8
2024,나바9738,in_age_009,5
2024,나바9738,in_age_010,5
2024,나바9738,in_age_011,8
2024,나바9738,in_age_012,18
2024,나바9738,in_age_013,18
2024,나바9738,in_age_014,28
2024,나바9738,in_age_015,18
2024,나바9738,in_age_016,13
2024,나바9738,in_age_017,13
2024,나바9738,in_age_018,5
2024,나바9738,in_age_020,0
2024,나바9738,in_age_032,5
2024,나바9738,in_age_033,8
2024,나바9738,in_age_036,5
2024,나바9738,in_age_037,8
2024,나바9738,in_age_038,8
2024,나바9738,in_age_039,0
2024,나바9738,in_age_040,5
2024,나바9738,in_age_041,8
2024,나바9738,in_age_042,8
2024,나바9738,in_age_043,8
2024,나바9738,in_age_044,13
2024,나바9738,in_age_045,8
2024,나바9738,in_age_046,8
2024,나바9738,in_age_047,8
2024,나바9738,in_age_048,5
2024,나바9738,in_age_062,0
2024,나바9738,in_age_067,5
2024,나바9738,in_age_068,0
2024,나바9738,in_age_069,0
2024,나바9738,in_age_071,5
2024,나바9738,in_age_072,8
2024,나바9738,in_age_073,8
2024,나바9738,in_age_074,13
2024,나바9738,in_age_075,8
2024,나바9738,in_age_076,8
2024,나바9738,in_age_077,8
2024,나바9738,in_age_078,5
2024,나바9738,in_age_080,0
2024,나바9738,to_in_001,153
2024,나바9738,to_in_007,83
2024,나바9738,to_in_008,68
2024,나바9739,in_age_001,0
2024,나바9739,in_age_003,0
2024,나바9739,in_age_004,8
2024,나바9739,in_age_006,5
2024,나바9739,in_age_007,5
2024,나바9739,in_age_009,8
2024,나바9739,in_age_010,5
2024,나바9739,in_age_011,8
2024,나바9739,in_age_012,13
2024,나바9739,in_age_013,13
2024,나바9739,in_age_014,13
2024,나바9739,in_age_015,8
2024,나바9739,in_age_016,13
2024,나바9739,in_age_017,13
2024,나바9739,in_age_018,8
2024,나바9739,in_age_019,5
2024,나바9739,in_age_020,5
2024,나바9739,in_age_021,0
2024,나바9739,in_age_033,0
2024,나바9739,in_age_034,5
2024,나바9739,in_age_036,5
2024,나바9739,in_age_037,5
2024,나바9739,in_age_039,8
2024,나바9739,in_age_040,5
2024,나바9739,in_age_041,8
2024,나바9739,in_age_042,5
2024,나바9739,in_age_043,8
2024,나바9739,in_age_044,5
2024,나바9739,in_age_045,0
2024,나바9739,in_age_046,8
2024,나바9739,in_age_047,8
2024,나바9739,in_age_048,0
2024,나바9739,in_age_049,5
2024,나바9739,in_age_061,0
2024,나바9739,in_age_064,5
2024,나바9739,in_age_066,5
2024,나바9739,in_age_070,5
2024,나바9739,in_age_071,5
2024,나바9739,in_age_072,8
2024,나바9739,in_age_073,8
2024,나바9739,in_age_074,8
2024,나바9739,in_age_075,8
2024,나바9739,in_age_076,5
2024,나바9739,in_age_077,8
2024,나바9739,in_age_078,5
2024,나바9739,in_age_079,5
2024,나바9739,in_age_080,5
2024,나바9739,in_age_081,0
2024,나바9739,to_in_001,113
2024,나바9739,to_in_007,53
2024,나바9739,to_in_008,58
2024,나바9740,in_age_003,5
2024,나바9740,in_age_005,5
2024,나바9740,in_age_006,0
2024,나바9740,in_age_007,0
2024,나바9740,in_age_008,0
2024,나바9740,in_age_009,5
2024,나바9740,in_age_010,5
2024,나바9740,in_age_011,8
2024,나바9740,in_age_012,8
2024,나바9740,in_age_013,8
2024,나바9740,in_age_014,8
2024,나바9740,in_age_015,8
2024,나바9740,in_age_016,5
2024,나바9740,in_age_017,8
2024,나바9740,in_age_018,5
2024,나바9740,in_age_019,0
2024,나바9740,in_age_035,0
2024,나바9740,in_age_036,0
2024,나바9740,in_age_037,0
2024,나바9740,in_age_038,0
2024,나바9740,in_age_039,5
2024,나바9740,in_age_040,0
2024,나바9740,in_age_041,5
2024,나바9740,in_age_042,5
2024,나바9740,in_age_043,5
2024,나바9740,in_age_044,8
2024,나바9740,in_age_045,5
2024,나바9740,in_age_046,5
2024,나바9740,in_age_047,5
2024,나바9740,in_age_063,5
2024,나바9740,in_age_065,0
2024,나바9740,in_age_070,5
2024,나바9740,in_age_071,5
2024,나바9740,in_age_072,5
2024,나바9740,in_age_073,5
2024,나바9740,in_age_074,8
2024,나바9740,in_age_075,5
2024,나바9740,in_age_076,5
2024,나바9740,in_age_077,5
2024,나바9740,in_age_078,5
2024,나바9740,in_age_079,0
2024,나바9740,to_in_001,58
2024,나바9740,to_in_007,28
2024,나바9740,to_in_008,33
2024,나바9741,in_age_002,0
2024,나바9741,in_age_003,0
2024,나바9741,in_age_007,0
2024,나바9741,in_age_008,0
2024,나바9741,in_age_009,0
2024,나바9741,in_age_010,0
2024,나바9741,in_age_011,0
2024,나바9741,in_age_012,5
2024,나바9741,in_age_013,8
2024,나바9741,in_age_014,5
2024,나바9741,in_age_015,5
2024,나바9741,in_age_016,5
2024,나바9741,in_age_017,0
2024,나바9741,in_age_037,0
2024,나바9741,in_age_038,0
2024,나바9741,in_age_041,0
2024,나바9741,in_age_042,5
2024,나바9741,in_age_043,5
2024,나바9741,in_age_044,5
2024,나바9741,in_age_045,0
2024,나바9741,in_age_046,5
2024,나바9741,in_age_062,0
2024,나바9741,in_age_063,0
2024,나바9741,in_age_069,0
2024,나바9741,in_age_070,0
2024,나바9741,in_age_072,5
2024,나바9741,in_age_073,5
2024,나바9741,in_age_074,0
2024,나바9741,in_age_075,0
2024,나바9741,in_age_076,5
2024,나바9741,in_age_077,0
2024,나바9741,to_in_001,28
2024,나바9741,to_in_007,13
2024,나바9741,to_in_008,13
2024,나바9742,in_age_002,0
2024,나바9742,in_age_003,5
2024,나바9742,in_age_004,0
2024,나바9742,in_age_006,5
2024,나바9742,in_age_008,5
2024,나바9742,in_age_009,5
2024,나바9742,in_age_010,0
2024,나바9742,in_age_011,5
2024,나바9742,in_age_012,5
2024,나바9742,in_age_013,5
2024,나바9742,in_age_014,8
2024,나바9742,in_age_015,5
2024,나바9742,in_age_016,5
2024,나바9742,in_age_017,5
2024,나바9742,in_age_019,0
2024,나바9742,in_age_032,0
2024,나바9742,in_age_033,0
2024,나바9742,in_age_034,0
2024,나바9742,in_age_036,0
2024,나바9742,in_age_038,0
2024,나바9742,in_age_039,5
2024,나바9742,in_age_041,5
2024,나바9742,in_age_042,5
2024,나바9742,in_age_043,0
2024,나바9742,in_age_044,5
2024,나바9742,in_age_045,5
2024,나바9742,in_age_047,5
2024,나바9742,in_age_049,0
2024,나바9742,in_age_063,5
2024,나바9742,in_age_066,0
2024,나바9742,in_age_068,5
2024,나바9742,in_age_069,5
2024,나바9742,in_age_070,0
2024,나바9742,in_age_072,5
2024,나바9742,in_age_073,5
2024,나바9742,in_age_074,5
2024,나바9742,in_age_075,5
2024,나바9742,in_age_076,5
2024,나바9742,in_age_077,0
2024,나바9742,to_in_001,43
2024,나바9742,to_in_007,23
2024,나바9742,to_in_008,23
2024,나바9743,in_age_005,5
2024,나바9743,in_age_006,5
2024,나바9743,in_age_007,8
2024,나바9743,in_age_008,9
2024,나바9743,in_age_009,0
2024,나바9743,in_age_010,0
2024,나바9743,in_age_012,5
2024,나바9743,in_age_013,5
2024,나바9743,in_age_014,5
2024,나바9743,in_age_016,5
2024,나바9743,in_age_018,0
2024,나바9743,in_age_035,5
2024,나바9743,in_age_036,5
2024,나바9743,in_age_037,8
2024,나바9743,in_age_038,9
2024,나바9743,in_age_039,0
2024,나바9743,in_age_040,0
2024,나바9743,in_age_042,5
2024,나바9743,in_age_043,0
2024,나바9743,in_age_044,5
2024,나바9743,in_age_046,5
2024,나바9743,in_age_066,0
2024,나바9743,in_age_073,5
2024,나바9743,in_age_074,5
2024,나바9743,in_age_078,0
2024,나바9743,to_in_001,35
2024,나바9743,to_in_007,30
2024,나바9743,to_in_008,8
2024,나바9744,in_age_003,5
2024,나바9744,in_age_009,0
2024,나바9744,in_age_010,5
2024,나바9744,in_age_011,5
2024,나바9744,in_age_012,5
2024,나바9744,in_age_013,8
2024,나바9744,in_age_014,13
2024,나바9744,in_age_015,8
2024,나바9744,in_age_016,8
2024,나바9744,in_age_017,8
2024,나바9744,in_age_018,0
2024,나바9744,in_age_019,5
2024,나바9744,in_age_033,5
2024,나바9744,in_age_040,5
2024,나바9744,in_age_041,5
2024,나바9744,in_age_042,0
2024,나바9744,in_age_043,8
2024,나바9744,in_age_044,5
2024,나바9744,in_age_045,5
2024,나바9744,in_age_046,8
2024,나바9744,in_age_047,5
2024,나바9744,in_age_049,5
2024,나바9744,in_age_069,0
2024,나바9744,in_age_070,5
2024,나바9744,in_age_072,0
2024,나바9744,in_age_073,5
2024,나바9744,in_age_074,8
2024,나바9744,in_age_075,8
2024,나바9744,in_age_076,0
2024,나바9744,in_age_077,5
2024,나바9744,in_age_078,0
2024,나바9744,to_in_001,53
2024,나바9744,to_in_007,28
2024,나바9744,to_in_008,23
2024,나바9745,in_age_003,5
2024,나바9745,in_age_004,0
2024,나바9745,in_age_005,0
2024,나바9745,in_age_006,8
2024,나바9745,in_age_007,0
2024,나바9745,in_age_009,0
2024,나바9745,in_age_010,5
2024,나바9745,in_age_011,5
2024,나바9745,in_age_012,8
2024,나바9745,in_age_013,8
2024,나바9745,in_age_014,8
2024,나바9745,in_age_015,8
2024,나바9745,in_age_016,8
2024,나바9745,in_age_017,8
2024,나바9745,in_age_018,5
2024,나바9745,in_age_033,0
2024,나바9745,in_age_035,0
2024,나바9745,in_age_036,8
2024,나바9745,in_age_037,0
2024,나바9745,in_age_039,0
2024,나바9745,in_age_040,5
2024,나바9745,in_age_041,0
2024,나바9745,in_age_042,8
2024,나바9745,in_age_043,5
2024,나바9745,in_age_044,5
2024,나바9745,in_age_045,8
2024,나바9745,in_age_046,5
2024,나바9745,in_age_063,0
2024,나바9745,in_age_064,0
2024,나바9745,in_age_066,0
2024,나바9745,in_age_070,0
2024,나바9745,in_age_071,5
2024,나바9745,in_age_072,5
2024,나바9745,in_age_073,5
2024,나바9745,in_age_074,8
2024,나바9745,in_age_075,5
2024,나바9745,in_age_076,5
2024,나바9745,in_age_077,8
2024,나바9745,in_age_078,5
2024,나바9745,to_in_001,63
2024,나바9745,to_in_007,33
2024,나바9745,to_in_008,28
2024,나바9746,in_age_004,0
2024,나바9746,in_age_007,0
2024,나바9746,in_age_010,5
2024,나바9746,in_age_011,5
2024,나바9746,in_age_013,5
2024,나바9746,in_age_014,5
2024,나바9746,in_age_015,0
2024,나바9746,in_age_018,0
2024,나바9746,in_age_034,0
2024,나바9746,in_age_037,0
2024,나바9746,in_age_041,5
2024,나바9746,in_age_043,0
2024,나바9746,in_age_044,5
2024,나바9746,in_age_045,0
2024,나바9746,in_age_070,5
2024,나바9746,in_age_073,0
2024,나바9746,in_age_078,0
2024,나바9746,to_in_001,13
2024,나바9746,to_in_007,8
2024,나바9746,to_in_008,5
2024,나바9747,in_age_001,5
2024,나바9747,in_age_002,0
2024,나바9747,in_age_003,5
2024,나바9747,in_age_006,5
2024,나바9747,in_age_007,8
2024,나바9747,in_age_008,5
2024,나바9747,in_age_009,5
2024,나바9747,in_age_010,8
2024,나바9747,in_age_011,8
2024,나바9747,in_age_012,8
2024,나바9747,in_age_013,8
2024,나바9747,in_age_014,8
2024,나바9747,in_age_015,8
2024,나바9747,in_age_016,5
2024,나바9747,in_age_017,0
2024,나바9747,in_age_031,5
2024,나바9747,in_age_032,0
2024,나바9747,in_age_033,0
2024,나바9747,in_age_036,5
2024,나바9747,in_age_037,8
2024,나바9747,in_age_038,5
2024,나바9747,in_age_039,0
2024,나바9747,in_age_040,5
2024,나바9747,in_age_041,8
2024,나바9747,in_age_042,5
2024,나바9747,in_age_043,8
2024,나바9747,in_age_044,5
2024,나바9747,in_age_045,5
2024,나바9747,in_age_046,5
2024,나바9747,in_age_063,0
2024,나바9747,in_age_067,5
2024,나바9747,in_age_068,0
2024,나바9747,in_age_069,5
2024,나바9747,in_age_070,5
2024,나바9747,in_age_071,5
2024,나바9747,in_age_072,5
2024,나바9747,in_age_073,5
2024,나바9747,in_age_074,5
2024,나바9747,in_age_075,5
2024,나바9747,in_age_076,0
2024,나바9747,in_age_077,0
2024,나바9747,to_in_001,73
2024,나바9747,to_in_007,43
2024,나바9747,to_in_008,33
2024,나바9761,in_age_004,5
2024,나바9761,in_age_005,5
2024,나바9761,in_age_006,5
2024,나바9761,in_age_007,5
2024,나바9761,in_age_008,5
2024,나바9761,in_age_009,0
2024,나바9761,in_age_010,5
2024,나바9761,in_age_011,5
2024,나바9761,in_age_012,8
2024,나바9761,in_age_013,8
2024,나바9761,in_age_014,13
2024,나바9761,in_age_015,5
2024,나바9761,in_age_016,5
2024,나바9761,in_age_017,5
2024,나바9761,in_age_018,5
2024,나바9761,in_age_034,5
2024,나바9761,in_age_035,5
2024,나바9761,in_age_036,5
2024,나바9761,in_age_037,5
2024,나바9761,in_age_038,5
2024,나바9761,in_age_039,0
2024,나바9761,in_age_040,5
2024,나바9761,in_age_041,5
2024,나바9761,in_age_042,8
2024,나바9761,in_age_043,5
2024,나바9761,in_age_044,5
2024,나바9761,in_age_045,5
2024,나바9761,in_age_046,5
2024,나바9761,in_age_047,5
2024,나바9761,in_age_048,0
2024,나바9761,in_age_066,5
2024,나바9761,in_age_068,0
2024,나바9761,in_age_072,5
2024,나바9761,in_age_073,5
2024,나바9761,in_age_074,8
2024,나바9761,in_age_075,0
2024,나바9761,in_age_076,5
2024,나바9761,in_age_077,0
2024,나바9761,in_age_078,5
2024,나바9761,to_in_001,73
2024,나바9761,to_in_007,48
2024,나바9761,to_in_008,28
2024,나바9762,in_age_001,5
2024,나바9762,in_age_002,0
2024,나바9762,in_age_003,8
2024,나바9762,in_age_004,5
2024,나바9762,in_age_005,5
2024,나바9762,in_age_006,5
2024,나바9762,in_age_007,5
2024,나바9762,in_age_008,5
2024,나바9762,in_age_009,5
2024,나바9762,in_age_010,0
2024,나바9762,in_age_011,8
2024,나바9762,in_age_012,5
2024,나바9762,in_age_013,8
2024,나바9762,in_age_014,13
2024,나바9762,in_age_015,13
2024,나바9762,in_age_016,5
2024,나바9762,in_age_017,8
2024,나바9762,in_age_018,8
2024,나바9762,in_age_019,5
2024,나바9762,in_age_020,5
2024,나바9762,in_age_031,5
2024,나바9762,in_age_033,5
2024,나바9762,in_age_035,5
2024,나바9762,in_age_036,5
2024,나바9762,in_age_037,5
2024,나바9762,in_age_038,0
2024,나바9762,in_age_039,5
2024,나바9762,in_age_040,0
2024,나바9762,in_age_041,0
2024,나바9762,in_age_042,5
2024,나바9762,in_age_043,5
2024,나바9762,in_age_044,8
2024,나바9762,in_age_045,8
2024,나바9762,in_age_047,5
2024,나바9762,in_age_048,5
2024,나바9762,in_age_049,0
2024,나바9762,in_age_062,0
2024,나바9762,in_age_063,5
2024,나바9762,in_age_064,5
2024,나바9762,in_age_066,5
2024,나바9762,in_age_067,5
2024,나바9762,in_age_068,5
2024,나바9762,in_age_069,0
2024,나바9762,in_age_071,8
2024,나바9762,in_age_073,5
2024,나바9762,in_age_074,5
2024,나바9762,in_age_075,5
2024,나바9762,in_age_076,5
2024,나바9762,in_age_077,8
2024,나바9762,in_age_078,8
2024,나바9762,in_age_079,5
2024,나바9762,in_age_080,5
2024,나바9762,to_in_001,88
2024,나바9762,to_in_007,48
2024,나바9762,to_in_008,43
2024,나바9763,in_age_004,0
2024,나바9763,in_age_006,5
2024,나바9763,in_age_007,5
2024,나바9763,in_age_008,0
2024,나바9763,in_age_010,5
2024,나바9763,in_age_011,8
2024,나바9763,in_age_012,8
2024,나바9763,in_age_013,8
2024,나바9763,in_age_014,8
2024,나바9763,in_age_015,8
2024,나바9763,in_age_016,8
2024,나바9763,in_age_017,8
2024,나바9763,in_age_018,5
2024,나바9763,in_age_019,0
2024,나바9763,in_age_020,5
2024,나바9763,in_age_036,5
2024,나바9763,in_age_037,5
2024,나바9763,in_age_038,0
2024,나바9763,in_age_040,5
2024,나바9763,in_age_041,8
2024,나바9763,in_age_042,8
2024,나바9763,in_age_043,5
2024,나바9763,in_age_044,5
2024,나바9763,in_age_045,5
2024,나바9763,in_age_046,5
2024,나바9763,in_age_047,5
2024,나바9763,in_age_048,5
2024,나바9763,in_age_050,5
2024,나바9763,in_age_064,0
2024,나바9763,in_age_070,0
2024,나바9763,in_age_071,0
2024,나바9763,in_age_072,5
2024,나바9763,in_age_073,5
2024,나바9763,in_age_074,5
2024,나바9763,in_age_075,8
2024,나바9763,in_age_076,5
2024,나바9763,in_age_077,8
2024,나바9763,in_age_078,5
2024,나바9763,in_age_079,0
2024,나바9763,to_in_001,68
2024,나바9763,to_in_007,38
2024,나바9763,to_in_008,28
2024,나바9764,in_age_001,0
2024,나바9764,in_age_002,0
2024,나바9764,in_age_003,5
2024,나바9764,in_age_004,5
2024,나바9764,in_age_005,5
2024,나바9764,in_age_006,5
2024,나바9764,in_age_007,5
2024,나바9764,in_age_008,8
2024,나바9764,in_age_009,5
2024,나바9764,in_age_010,5
2024,나바9764,in_age_011,8
2024,나바9764,in_age_012,8
2024,나바9764,in_age_013,18
2024,나바9764,in_age_014,23
2024,나바9764,in_age_015,13
2024,나바9764,in_age_016,8
2024,나바9764,in_age_017,5
2024,나바9764,in_age_018,0
2024,나바9764,in_age_019,5
2024,나바9764,in_age_020,0
2024,나바9764,in_age_032,0
2024,나바9764,in_age_033,5
2024,나바9764,in_age_034,0
2024,나바9764,in_age_035,5
2024,나바9764,in_age_036,5
2024,나바9764,in_age_037,0
2024,나바9764,in_age_038,5
2024,나바9764,in_age_039,5
2024,나바9764,in_age_040,5
2024,나바9764,in_age_041,5
2024,나바9764,in_age_042,5
2024,나바9764,in_age_043,8
2024,나바9764,in_age_044,13
2024,나바9764,in_age_045,8
2024,나바9764,in_age_046,5
2024,나바9764,in_age_047,5
2024,나바9764,in_age_049,5
2024,나바9764,in_age_050,0
2024,나바9764,in_age_061,0
2024,나바9764,in_age_063,0
2024,나바9764,in_age_064,0
2024,나바9764,in_age_066,0
2024,나바9764,in_age_067,5
2024,나바9764,in_age_068,5
2024,나바9764,in_age_069,0
2024,나바9764,in_age_070,0
2024,나바9764,in_age_071,5
2024,나바9764,in_age_072,5
2024,나바9764,in_age_073,8
2024,나바9764,in_age_074,8
2024,나바9764,in_age_075,8
2024,나바9764,in_age_076,8
2024,나바9764,in_age_077,5
2024,나바9764,in_age_078,0
2024,나바9764,in_age_079,5
2024,나바9764,to_in_001,118
2024,나바9764,to_in_007,63
2024,나바9764,to_in_008,53
2024,나바9765,in_age_006,5
2024,나바9765,in_age_007,8
2024,나바9765,in_age_008,5
2024,나바9765,in_age_009,5
2024,나바9765,in_age_010,5
2024,나바9765,in_age_011,5
2024,나바9765,in_age_012,8
2024,나바9765,in_age_013,23
2024,나바9765,in_age_014,18
2024,나바9765,in_age_015,13
2024,나바9765,in_age_016,8
2024,나바9765,in_age_017,5
2024,나바9765,in_age_018,8
2024,나바9765,in_age_019,5
2024,나바9765,in_age_036,5
2024,나바9765,in_age_037,5
2024,나바9765,in_age_038,0
2024,나바9765,in_age_039,0
2024,나바9765,in_age_040,5
2024,나바9765,in_age_041,5
2024,나바9765,in_age_042,5
2024,나바9765,in_age_043,13
2024,나바9765,in_age_044,8
2024,나바9765,in_age_045,8
2024,나바9765,in_age_046,5
2024,나바9765,in_age_048,5
2024,나바9765,in_age_067,5
2024,나바9765,in_age_068,5
2024,나바9765,in_age_069,0
2024,나바9765,in_age_070,5
2024,나바9765,in_age_071,0
2024,나바9765,in_age_072,5
2024,나바9765,in_age_073,8
2024,나바9765,in_age_074,8
2024,나바9765,in_age_075,5
2024,나바9765,in_age_076,5
2024,나바9765,in_age_077,5
2024,나바9765,in_age_078,5
2024,나바9765,in_age_079,5
2024,나바9765,to_in_001,98
2024,나바9765,to_in_007,48
2024,나바9765,to_in_008,48
2024,나바9766,in_age_009,5
2024,나바9766,in_age_010,5
2024,나바9766,in_age_011,0
2024,나바9766,in_age_012,5
2024,나바9766,in_age_013,5
2024,나바9766,in_age_014,5
2024,나바9766,in_age_015,8
2024,나바9766,in_age_016,5
2024,나바9766,in_age_017,5
2024,나바9766,in_age_018,0
2024,나바9766,in_age_039,5
2024,나바9766,in_age_040,5
2024,나바9766,in_age_042,5
2024,나바9766,in_age_043,5
2024,나바9766,in_age_044,5
2024,나바9766,in_age_045,5
2024,나바9766,in_age_046,5
2024,나바9766,in_age_047,0
2024,나바9766,in_age_048,0
2024,나바9766,in_age_069,0
2024,나바9766,in_age_071,0
2024,나바9766,in_age_072,0
2024,나바9766,in_age_073,5
2024,나바9766,in_age_075,8
2024,나바9766,in_age_076,0
2024,나바9766,in_age_077,5
2024,나바9766,to_in_001,33
2024,나바9766,to_in_007,18
2024,나바9766,to_in_008,13
2024,나바9767,in_age_010,5
2024,나바9767,in_age_011,5
2024,나바9767,in_age_012,8
2024,나바9767,in_age_013,13
2024,나바9767,in_age_014,13
2024,나바9767,in_age_015,13
2024,나바9767,in_age_016,5
2024,나바9767,in_age_017,5
2024,나바9767,in_age_019,5
2024,나바9767,in_age_040,5
2024,나바9767,in_age_041,5
2024,나바9767,in_age_042,5
2024,나바9767,in_age_043,8
2024,나바9767,in_age_044,8
2024,나바9767,in_age_045,8
2024,나바9767,in_age_046,5
2024,나바9767,in_age_047,5
2024,나바9767,in_age_072,8
2024,나바9767,in_age_073,8
2024,나바9767,in_age_074,5
2024,나바9767,in_age_075,8
2024,나바9767,in_age_076,5
2024,나바9767,in_age_077,5
2024,나바9767,in_age_079,5
2024,나바9767,to_in_001,58
2024,나바9767,to_in_007,28
2024,나바9767,to_in_008,28
2024,나바9768,in_age_004,0
2024,나바9768,in_age_005,0
2024,나바9768,in_age_006,0
2024,나바9768,in_age_007,0
2024,나바9768,in_age_009,5
2024,나바9768,in_age_010,5
2024,나바9768,in_age_011,8
2024,나바9768,in_age_012,13
2024,나바9768,in_age_013,13
2024,나바9768,in_age_014,13
2024,나바9768,in_age_015,13
2024,나바9768,in_age_016,18
2024,나바9768,in_age_017,5
2024,나바9768,in_age_018,5
2024,나바9768,in_age_034,0
2024,나바9768,in_age_036,0
2024,나바9768,in_age_039,5
2024,나바9768,in_age_040,5
2024,나바9768,in_age_041,5
2024,나바9768,in_age_042,8
2024,나바9768,in_age_043,8
2024,나바9768,in_age_044,8
2024,나바9768,in_age_045,5
2024,나바9768,in_age_046,13
2024,나바9768,in_age_047,5
2024,나바9768,in_age_048,5
2024,나바9768,in_age_065,0
2024,나바9768,in_age_067,0
2024,나바9768,in_age_069,0
2024,나바9768,in_age_071,5
2024,나바9768,in_age_072,8
2024,나바9768,in_age_073,8
2024,나바9768,in_age_074,8
2024,나바9768,in_age_075,8
2024,나바9768,in_age_076,8
2024,나바9768,in_age_077,5
2024,나바9768,in_age_078,5
2024,나바9768,to_in_001,98
2024,나바9768,to_in_007,48
2024,나바9768,to_in_008,48
2024,나바9769,in_age_003,0
2024,나바9769,in_age_004,5
2024,나바9769,in_age_005,0
2024,나바9769,in_age_006,5
2024,나바9769,in_age_007,0
2024,나바9769,in_age_008,0
2024,나바9769,in_age_009,0
2024,나바9769,in_age_010,0
2024,나바9769,in_age_011,5
2024,나바9769,in_age_012,8
2024,나바9769,in_age_013,13
2024,나바9769,in_age_014,13
2024,나바9769,in_age_015,8
2024,나바9769,in_age_016,8
2024,나바9769,in_age_017,8
2024,나바9769,in_age_018,5
2024,나바9769,in_age_019,5
2024,나바9769,in_age_033,0
2024,나바9769,in_age_034,5
2024,나바9769,in_age_036,5
2024,나바9769,in_age_037,0
2024,나바9769,in_age_038,0
2024,나바9769,in_age_042,8
2024,나바9769,in_age_043,8
2024,나바9769,in_age_044,8
2024,나바9769,in_age_045,8
2024,나바9769,in_age_046,8
2024,나바9769,in_age_047,8
2024,나바9769,in_age_048,0
2024,나바9769,in_age_049,0
2024,나바9769,in_age_065,0
2024,나바9769,in_age_069,0
2024,나바9769,in_age_070,0
2024,나바9769,in_age_071,5
2024,나바9769,in_age_072,5
2024,나바9769,in_age_073,8
2024,나바9769,in_age_074,8
2024,나바9769,in_age_075,0
2024,나바9769,in_age_076,8
2024,나바9769,in_age_077,5
2024,나바9769,in_age_078,5
2024,나바9769,in_age_079,5
2024,나바9769,to_in_001,78
2024,나바9769,to_in_007,38
2024,나바9769,to_in_008,38
2024,나바9770,in_age_007,0
2024,나바9770,in_age_009,5
2024,나바9770,in_age_011,5
2024,나바9770,in_age_012,8
2024,나바9770,in_age_013,13
2024,나바9770,in_age_014,18
2024,나바9770,in_age_015,13
2024,나바9770,in_age_016,8
2024,나바9770,in_age_017,8
2024,나바9770,in_age_018,5
2024,나바9770,in_age_019,5
2024,나바9770,in_age_020,0
2024,나바9770,in_age_037,0
2024,나바9770,in_age_041,5
2024,나바9770,in_age_042,5
2024,나바9770,in_age_043,8
2024,나바9770,in_age_044,8
2024,나바9770,in_age_045,8
2024,나바9770,in_age_046,5
2024,나바9770,in_age_047,8
2024,나바9770,in_age_048,5
2024,나바9770,in_age_069,5
2024,나바9770,in_age_072,5
2024,나바9770,in_age_073,8
2024,나바9770,in_age_074,8
2024,나바9770,in_age_075,5
2024,나바9770,in_age_076,8
2024,나바9770,in_age_077,0
2024,나바9770,in_age_078,5
2024,나바9770,in_age_079,5
2024,나바9770,in_age_080,0
2024,나바9770,to_in_001,73
2024,나바9770,to_in_007,33
2024,나바9770,to_in_008,38
2024,나바9771,in_age_006,0
2024,나바9771,in_age_009,0
2024,나바9771,in_age_010,5
2024,나바9771,in_age_011,5
2024,나바9771,in_age_012,5
2024,나바9771,in_age_013,5
2024,나바9771,in_age_014,5
2024,나바9771,in_age_015,8
2024,나바9771,in_age_016,8
2024,나바9771,in_age_017,5
2024,나바9771,in_age_018,5
2024,나바9771,in_age_019,0
2024,나바9771,in_age_036,0
2024,나바9771,in_age_039,0
2024,나바9771,in_age_040,0
2024,나바9771,in_age_041,5
2024,나바9771,in_age_042,0
2024,나바9771,in_age_043,5
2024,나바9771,in_age_044,5
2024,나바9771,in_age_045,5
2024,나바9771,in_age_046,5
2024,나바9771,in_age_047,5
2024,나바9771,in_age_049,0
2024,나바9771,in_age_070,0
2024,나바9771,in_age_072,5
2024,나바9771,in_age_073,5
2024,나바9771,in_age_074,5
2024,나바9771,in_age_075,5
2024,나바9771,in_age_076,5
2024,나바9771,in_age_077,5
2024,나바9771,in_age_078,5
2024,나바9771,to_in_001,43
2024,나바9771,to_in_007,23
2024,나바9771,to_in_008,23
2024,나바9772,in_age_015,5
2024,나바9772,in_age_017,0
2024,나바9772,in_age_045,0
2024,나바9772,in_age_047,0
2024,나바9772,in_age_075,0
2024,나바9772,to_in_001,5
2024,나바9772,to_in_007,5
2024,나바9772,to_in_008,0
2024,나바9773,in_age_006,0
2024,나바9773,in_age_011,0
2024,나바9773,in_age_012,0
2024,나바9773,in_age_013,0
2024,나바9773,in_age_015,0
2024,나바9773,in_age_036,0
2024,나바9773,in_age_041,0
2024,나바9773,in_age_042,0
2024,나바9773,in_age_045,0
2024,나바9773,in_age_073,0
2024,나바9773,to_in_001,5
2024,나바9773,to_in_007,5
2024,나바9773,to_in_008,0
2024,나바9774,in_age_013,5
2024,나바9774,in_age_014,5
2024,나바9774,in_age_016,5
2024,나바9774,in_age_043,0
2024,나바9774,in_age_044,0
2024,나바9774,in_age_046,5
2024,나바9774,in_age_073,0
2024,나바9774,in_age_074,0
2024,나바9774,to_in_001,5
2024,나바9774,to_in_007,5
2024,나바9774,to_in_008,5
2024,나바9778,in_age_012,0
2024,나바9778,in_age_014,0
2024,나바9778,in_age_015,0
2024,나바9778,in_age_045,0
2024,나바9778,in_age_072,0
2024,나바9778,in_age_074,0
2024,나바9778,to_in_001,5
2024,나바9778,to_in_007,0
2024,나바9778,to_in_008,5
2024,나바9780,in_age_006,0
2024,나바9780,in_age_012,5
2024,나바9780,in_age_013,8
2024,나바9780,in_age_014,5
2024,나바9780,in_age_015,5
2024,나바9780,in_age_016,5
2024,나바9780,in_age_017,5
2024,나바9780,in_age_018,5
2024,나바9780,in_age_036,0
2024,나바9780,in_age_042,0
2024,나바9780,in_age_043,5
2024,나바9780,in_age_044,0
2024,나바9780,in_age_045,5
2024,나바9780,in_age_046,5
2024,나바9780,in_age_047,5
2024,나바9780,in_age_072,0
2024,나바9780,in_age_073,5
2024,나바9780,in_age_074,5
2024,나바9780,in_age_076,0
2024,나바9780,in_age_078,5
2024,나바9780,to_in_001,23
2024,나바9780,to_in_007,13
2024,나바9780,to_in_008,8
2024,나바9784,in_age_002,5
2024,나바9784,in_age_009,5
2024,나바9784,in_age_013,5
2024,나바9784,in_age_014,0
2024,나바9784,in_age_015,5
2024,나바9784,in_age_032,0
2024,나바9784,in_age_039,0
2024,나바9784,in_age_043,5
2024,나바9784,in_age_045,0
2024,나바9784,in_age_062,0
2024,나바9784,in_age_069,0
2024,나바9784,in_age_074,0
2024,나바9784,in_age_075,5
2024,나바9784,to_in_001,13
2024,나바9784,to_in_007,5
2024,나바9784,to_in_008,8
2024,나바9785,in_age_003,5
2024,나바9785,in_age_005,5
2024,나바9785,in_age_007,5
2024,나바9785,in_age_008,0
2024,나바9785,in_age_009,0
2024,나바9785,in_age_010,5
2024,나바9785,in_age_011,5
2024,나바9785,in_age_012,5
2024,나바9785,in_age_013,8
2024,나바9785,in_age_014,5
2024,나바9785,in_age_015,5
2024,나바9785,in_age_016,5
2024,나바9785,in_age_017,8
2024,나바9785,in_age_018,0
2024,나바9785,in_age_033,5
2024,나바9785,in_age_035,5
2024,나바9785,in_age_037,5
2024,나바9785,in_age_038,0
2024,나바9785,in_age_040,5
2024,나바9785,in_age_041,5
2024,나바9785,in_age_043,8
2024,나바9785,in_age_044,5
2024,나바9785,in_age_045,5
2024,나바9785,in_age_046,5
2024,나바9785,in_age_047,5
2024,나바9785,in_age_069,0
2024,나바9785,in_age_072,5
2024,나바9785,in_age_073,5
2024,나바9785,in_age_074,0
2024,나바9785,in_age_076,0
2024,나바9785,in_age_077,5
2024,나바9785,in_age_078,0
2024,나바9785,to_in_001,33
2024,나바9785,to_in_007,23
2024,나바9785,to_in_008,13
2024,나바9786,in_age_012,5
2024,나바9786,in_age_013,0
2024,나바9786,in_age_043,0
2024,나바9786,in_age_072,5
2024,나바9786,to_in_001,5
2024,나바9786,to_in_007,0
2024,나바9786,to_in_008,5
2024,나바9787,in_age_007,5
2024,나바9787,in_age_012,5
2024,나바9787,in_age_013,5
2024,나바9787,in_age_014,5
2024,나바9787,in_age_037,5
2024,나바9787,in_age_043,5
2024,나바9787,in_age_072,5
2024,나바9787,in_age_073,0
2024,나바9787,in_age_074,5
2024,나바9787,to_in_001,13
2024,나바9787,to_in_007,8
2024,나바9787,to_in_008,8
2024,나바9788,in_age_006,0
2024,나바9788,in_age_007,5
2024,나바9788,in_age_009,0
2024,나바9788,in_age_014,5
2024,나바9788,in_age_015,5
2024,나바9788,in_age_016,0
2024,나바9788,in_age_017,0
2024,나바9788,in_age_036,0
2024,나바9788,in_age_037,5
2024,나바9788,in_age_044,0
2024,나바9788,in_age_045,5
2024,나바9788,in_age_047,0
2024,나바9788,in_age_069,0
2024,나바9788,in_age_074,5
2024,나바9788,in_age_076,0
2024,나바9788,to_in_001,8
2024,나바9788,to_in_007,8
2024,나바9788,to_in_008,5
2024,나바9815,in_age_013,0
2024,나바9815,in_age_014,0
2024,나바9815,in_age_043,0
2024,나바9815,in_age_074,0
2024,나바9815,to_in_001,5
2024,나바9815,to_in_007,0
2024,나바9815,to_in_008,0
2024,나바9816,in_age_004,5
2024,나바9816,in_age_007,5
2024,나바9816,in_age_008,0
2024,나바9816,in_age_009,5
2024,나바9816,in_age_010,0
2024,나바9816,in_age_012,0
2024,나바9816,in_age_014,8
2024,나바9816,in_age_015,5
2024,나바9816,in_age_016,0
2024,나바9816,in_age_020,5
2024,나바9816,in_age_034,0
2024,나바9816,in_age_037,5
2024,나바9816,in_age_038,0
2024,나바9816,in_age_039,5
2024,나바9816,in_age_040,0
2024,나바9816,in_age_044,5
2024,나바9816,in_age_045,5
2024,나바9816,in_age_046,0
2024,나바9816,in_age_050,5
2024,나바9816,in_age_064,5
2024,나바9816,in_age_072,0
2024,나바9816,in_age_074,5
2024,나바9816,to_in_001,23
2024,나바9816,to_in_007,13
2024,나바9816,to_in_008,8
2024,나바9821,in_age_001,8
2024,나바9821,in_age_002,5
2024,나바9821,in_age_003,8
2024,나바9821,in_age_004,5
2024,나바9821,in_age_005,8
2024,나바9821,in_age_006,17
2024,나바9821,in_age_007,25
2024,나바9821,in_age_008,18
2024,나바9821,in_age_009,19
2024,나바9821,in_age_010,13
2024,나바9821,in_age_011,18
2024,나바9821,in_age_012,13
2024,나바9821,in_age_013,13
2024,나바9821,in_age_014,18
2024,나바9821,in_age_015,23
2024,나바9821,in_age_016,18
2024,나바9821,in_age_017,13
2024,나바9821,in_age_018,5
2024,나바9821,in_age_019,8
2024,나바9821,in_age_031,8
2024,나바9821,in_age_032,0
2024,나바9821,in_age_033,8
2024,나바9821,in_age_034,5
2024,나바9821,in_age_035,5
2024,나바9821,in_age_036,17
2024,나바9821,in_age_037,20
2024,나바9821,in_age_038,18
2024,나바9821,in_age_039,19
2024,나바9821,in_age_040,8
2024,나바9821,in_age_041,13
2024,나바9821,in_age_042,8
2024,나바9821,in_age_043,5
2024,나바9821,in_age_044,13
2024,나바9821,in_age_045,8
2024,나바9821,in_age_046,5
2024,나바9821,in_age_047,8
2024,나바9821,in_age_048,5
2024,나바9821,in_age_061,5
2024,나바9821,in_age_062,5
2024,나바9821,in_age_063,5
2024,나바9821,in_age_064,5
2024,나바9821,in_age_065,5
2024,나바9821,in_age_067,5
2024,나바9821,in_age_068,5
2024,나바9821,in_age_069,5
2024,나바9821,in_age_070,5
2024,나바9821,in_age_071,5
2024,나바9821,in_age_072,5
2024,나바9821,in_age_073,13
2024,나바9821,in_age_074,8
2024,나바9821,in_age_075,18
2024,나바9821,in_age_076,13
2024,나바9821,in_age_077,5
2024,나바9821,in_age_078,0
2024,나바9821,in_age_079,8
2024,나바9821,to_in_001,238
2024,나바9821,to_in_007,153
2024,나바9821,to_in_008,83
2024,나바9822,in_age_012,0
2024,나바9822,in_age_014,5
2024,나바9822,in_age_042,0
2024,나바9822,in_age_044,0
2024,나바9822,in_age_074,0
2024,나바9822,to_in_001,5
2024,나바9822,to_in_007,5
2024,나바9822,to_in_008,0
2024,나바9824,in_age_001,0
2024,나바9824,in_age_002,0
2024,나바9824,in_age_004,0
2024,나바9824,in_age_005,5
2024,나바9824,in_age_006,5
2024,나바9824,in_age_007,0
2024,나바9824,in_age_008,0
2024,나바9824,in_age_010,0
2024,나바9824,in_age_011,5
2024,나바9824,in_age_012,0
2024,나바9824,in_age_013,5
2024,나바9824,in_age_014,5
2024,나바9824,in_age_015,8
2024,나바9824,in_age_016,0
2024,나바9824,in_age_017,0
2024,나바9824,in_age_018,5
2024,나바9824,in_age_032,0
2024,나바9824,in_age_035,5
2024,나바9824,in_age_036,5
2024,나바9824,in_age_041,0
2024,나바9824,in_age_042,0
2024,나바9824,in_age_043,5
2024,나바9824,in_age_044,5
2024,나바9824,in_age_045,8
2024,나바9824,in_age_048,5
2024,나바9824,in_age_061,0
2024,나바9824,in_age_064,0
2024,나바9824,in_age_067,0
2024,나바9824,in_age_068,0
2024,나바9824,in_age_070,0
2024,나바9824,in_age_071,5
2024,나바9824,in_age_073,5
2024,나바9824,in_age_074,5
2024,나바9824,in_age_075,0
2024,나바9824,in_age_076,0
2024,나바9824,in_age_077,0
2024,나바9824,in_age_078,0
2024,나바9824,to_in_001,33
2024,나바9824,to_in_007,13
2024,나바9824,to_in_008,18
2024,나바9825,in_age_003,0
2024,나바9825,in_age_004,0
2024,나바9825,in_age_006,5
2024,나바9825,in_age_007,5
2024,나바9825,in_age_009,0
2024,나바9825,in_age_010,8
2024,나바9825,in_age_011,8
2024,나바9825,in_age_012,8
2024,나바9825,in_age_013,8
2024,나바9825,in_age_014,13
2024,나바9825,in_age_015,13
2024,나바9825,in_age_016,18
2024,나바9825,in_age_017,13
2024,나바9825,in_age_018,5
2024,나바9825,in_age_019,0
2024,나바9825,in_age_034,0
2024,나바9825,in_age_036,5
2024,나바9825,in_age_037,5
2024,나바9825,in_age_040,5
2024,나바9825,in_age_041,8
2024,나바9825,in_age_042,5
2024,나바9825,in_age_043,8
2024,나바9825,in_age_044,5
2024,나바9825,in_age_045,8
2024,나바9825,in_age_046,8
2024,나바9825,in_age_047,8
2024,나바9825,in_age_048,5
2024,나바9825,in_age_063,0
2024,나바9825,in_age_067,0
2024,나바9825,in_age_069,0
2024,나바9825,in_age_070,5
2024,나바9825,in_age_071,5
2024,나바9825,in_age_072,8
2024,나바9825,in_age_073,5
2024,나바9825,in_age_074,8
2024,나바9825,in_age_075,8
2024,나바9825,in_age_076,8
2024,나바9825,in_age_077,8
2024,나바9825,in_age_079,0
2024,나바9825,to_in_001,103
2024,나바9825,to_in_007,53
2024,나바9825,to_in_008,48
2024,나바9826,in_age_001,5
2024,나바9826,in_age_012,5
2024,나바9826,in_age_013,8
2024,나바9826,in_age_014,0
2024,나바9826,in_age_015,8
2024,나바9826,in_age_016,0
2024,나바9826,in_age_017,5
2024,나바9826,in_age_018,5
2024,나바9826,in_age_019,5
2024,나바9826,in_age_031,0
2024,나바9826,in_age_043,5
2024,나바9826,in_age_044,0
2024,나바9826,in_age_045,5
2024,나바9826,in_age_047,0
2024,나바9826,in_age_049,0
2024,나바9826,in_age_061,5
2024,나바9826,in_age_072,5
2024,나바9826,in_age_073,5
2024,나바9826,in_age_075,8
2024,나바9826,in_age_076,0
2024,나바9826,in_age_077,5
2024,나바9826,in_age_078,5
2024,나바9826,in_age_079,0
2024,나바9826,to_in_001,28
2024,나바9826,to_in_007,8
2024,나바9826,to_in_008,18
2024,나바9828,in_age_013,0
2024,나바9828,in_age_014,5
2024,나바9828,in_age_015,0
2024,나바9828,in_age_017,0
2024,나바9828,in_age_044,0
2024,나바9828,in_age_045,0
2024,나바9828,in_age_073,0
2024,나바9828,in_age_074,0
2024,나바9828,in_age_077,0
2024,나바9828,to_in_001,5
2024,나바9828,to_in_007,5
2024,나바9828,to_in_008,5
2024,나바9829,in_age_011,5
2024,나바9829,in_age_012,5
2024,나바9829,in_age_013,0
2024,나바9829,in_age_014,5
2024,나바9829,in_age_016,5
2024,나바9829,in_age_020,0
2024,나바9829,in_age_041,5
2024,나바9829,in_age_042,0
2024,나바9829,in_age_043,0
2024,나바9829,in_age_046,5
2024,나바9829,in_age_072,0
2024,나바9829,in_age_074,5
2024,나바9829,in_age_076,0
2024,나바9829,in_age_080,0
2024,나바9829,to_in_001,13
2024,나바9829,to_in_007,8
2024,나바9829,to_in_008,5
2024,나바9830,in_age_002,5
2024,나바9830,in_age_003,5
2024,나바9830,in_age_005,0
2024,나바9830,in_age_006,5
2024,나바9830,in_age_007,5
2024,나바9830,in_age_008,8
2024,나바9830,in_age_009,5
2024,나바9830,in_age_010,5
2024,나바9830,in_age_011,13
2024,나바9830,in_age_012,13
2024,나바9830,in_age_013,13
2024,나바9830,in_age_014,13
2024,나바9830,in_age_015,8
2024,나바9830,in_age_016,13
2024,나바9830,in_age_017,13
2024,나바9830,in_age_018,8
2024,나바9830,in_age_019,8
2024,나바9830,in_age_032,5
2024,나바9830,in_age_033,5
2024,나바9830,in_age_035,0
2024,나바9830,in_age_037,5
2024,나바9830,in_age_038,5
2024,나바9830,in_age_039,5
2024,나바9830,in_age_040,5
2024,나바9830,in_age_041,8
2024,나바9830,in_age_042,13
2024,나바9830,in_age_043,8
2024,나바9830,in_age_044,8
2024,나바9830,in_age_045,5
2024,나바9830,in_age_046,8
2024,나바9830,in_age_047,8
2024,나바9830,in_age_048,5
2024,나바9830,in_age_062,0
2024,나바9830,in_age_066,5
2024,나바9830,in_age_067,0
2024,나바9830,in_age_068,5
2024,나바9830,in_age_069,5
2024,나바9830,in_age_071,5
2024,나바9830,in_age_072,0
2024,나바9830,in_age_073,5
2024,나바9830,in_age_074,5
2024,나바9830,in_age_075,5
2024,나바9830,in_age_076,8
2024,나바9830,in_age_077,8
2024,나바9830,in_age_078,5
2024,나바9830,in_age_079,8
2024,나바9830,to_in_001,123
2024,나바9830,to_in_007,73
2024,나바9830,to_in_008,48
2024,나바9831,in_age_002,5
2024,나바9831,in_age_003,5
2024,나바9831,in_age_004,5
2024,나바9831,in_age_005,11
2024,나바9831,in_age_006,11
2024,나바9831,in_age_007,13
2024,나바9831,in_age_008,16
2024,나바9831,in_age_009,13
2024,나바9831,in_age_010,17
2024,나바9831,in_age_011,13
2024,나바9831,in_age_012,13
2024,나바9831,in_age_013,13
2024,나바9831,in_age_014,18
2024,나바9831,in_age_015,13
2024,나바9831,in_age_016,13
2024,나바9831,in_age_017,18
2024,나바9831,in_age_018,8
2024,나바9831,in_age_019,0
2024,나바9831,in_age_020,0
2024,나바9831,in_age_032,5
2024,나바9831,in_age_033,0
2024,나바9831,in_age_034,0
2024,나바9831,in_age_035,5
2024,나바9831,in_age_036,11
2024,나바9831,in_age_037,5
2024,나바9831,in_age_038,13
2024,나바9831,in_age_039,8
2024,나바9831,in_age_040,14
2024,나바9831,in_age_041,8
2024,나바9831,in_age_042,8
2024,나바9831,in_age_043,5
2024,나바9831,in_age_044,8
2024,나바9831,in_age_045,8
2024,나바9831,in_age_046,8
2024,나바9831,in_age_047,8
2024,나바9831,in_age_048,5
2024,나바9831,in_age_062,5
2024,나바9831,in_age_063,0
2024,나바9831,in_age_064,0
2024,나바9831,in_age_065,6
2024,나바9831,in_age_066,5
2024,나바9831,in_age_067,8
2024,나바9831,in_age_068,5
2024,나바9831,in_age_069,5
2024,나바9831,in_age_070,5
2024,나바9831,in_age_071,8
2024,나바9831,in_age_072,5
2024,나바9831,in_age_073,8
2024,나바9831,in_age_074,8
2024,나바9831,in_age_075,8
2024,나바9831,in_age_076,5
2024,나바9831,in_age_077,13
2024,나바9831,in_age_078,5
2024,나바9831,in_age_079,0
2024,나바9831,in_age_080,0
2024,나바9831,to_in_001,187
2024,나바9831,to_in_007,106
2024,나바9831,to_in_008,84
2024,나바9832,in_age_003,5
2024,나바9832,in_age_004,0
2024,나바9832,in_age_009,0
2024,나바9832,in_age_010,5
2024,나바9832,in_age_011,8
2024,나바9832,in_age_012,5
2024,나바9832,in_age_013,5
2024,나바9832,in_age_014,5
2024,나바9832,in_age_015,8
2024,나바9832,in_age_016,8
2024,나바9832,in_age_017,8
2024,나바9832,in_age_018,0
2024,나바9832,in_age_034,0
2024,나바9832,in_age_040,5
2024,나바9832,in_age_041,5
2024,나바9832,in_age_043,5
2024,나바9832,in_age_044,0
2024,나바9832,in_age_045,5
2024,나바9832,in_age_046,5
2024,나바9832,in_age_047,5
2024,나바9832,in_age_048,0
2024,나바9832,in_age_063,5
2024,나바9832,in_age_069,0
2024,나바9832,in_age_070,5
2024,나바9832,in_age_071,5
2024,나바9832,in_age_072,5
2024,나바9832,in_age_073,0
2024,나바9832,in_age_074,5
2024,나바9832,in_age_075,5
2024,나바9832,in_age_076,8
2024,나바9832,in_age_077,5
2024,나바9832,to_in_001,48
2024,나바9832,to_in_007,23
2024,나바9832,to_in_008,23
2024,나바9833,in_age_004,0
2024,나바9833,in_age_005,5
2024,나바9833,in_age_006,0
2024,나바9833,in_age_010,5
2024,나바9833,in_age_011,5
2024,나바9833,in_age_012,8
2024,나바9833,in_age_013,5
2024,나바9833,in_age_014,5
2024,나바9833,in_age_015,5
2024,나바9833,in_age_016,5
2024,나바9833,in_age_034,0
2024,나바9833,in_age_036,0
2024,나바9833,in_age_040,0
2024,나바9833,in_age_041,0
2024,나바9833,in_age_042,8
2024,나바9833,in_age_043,0
2024,나바9833,in_age_044,5
2024,나바9833,in_age_045,0
2024,나바9833,in_age_046,5
2024,나바9833,in_age_065,5
2024,나바9833,in_age_070,0
2024,나바9833,in_age_071,5
2024,나바9833,in_age_072,5
2024,나바9833,in_age_073,5
2024,나바9833,in_age_074,0
2024,나바9833,in_age_075,5
2024,나바9833,in_age_076,5
2024,나바9833,to_in_001,28
2024,나바9833,to_in_007,13
2024,나바9833,to_in_008,13
2024,나바9834,in_age_002,0
2024,나바9834,in_age_003,0
2024,나바9834,in_age_004,0
2024,나바9834,in_age_006,0
2024,나바9834,in_age_008,0
2024,나바9834,in_age_009,5
2024,나바9834,in_age_010,5
2024,나바9834,in_age_011,0
2024,나바9834,in_age_012,5
2024,나바9834,in_age_013,5
2024,나바9834,in_age_014,8
2024,나바9834,in_age_015,8
2024,나바9834,in_age_016,8
2024,나바9834,in_age_017,8
2024,나바9834,in_age_018,5
2024,나바9834,in_age_032,0
2024,나바9834,in_age_034,0
2024,나바9834,in_age_036,0
2024,나바9834,in_age_038,0
2024,나바9834,in_age_039,0
2024,나바9834,in_age_040,5
2024,나바9834,in_age_041,0
2024,나바9834,in_age_042,0
2024,나바9834,in_age_043,5
2024,나바9834,in_age_044,5
2024,나바9834,in_age_045,5
2024,나바9834,in_age_046,5
2024,나바9834,in_age_047,0
2024,나바9834,in_age_048,0
2024,나바9834,in_age_063,0
2024,나바9834,in_age_069,5
2024,나바9834,in_age_070,0
2024,나바9834,in_age_072,5
2024,나바9834,in_age_073,5
2024,나바9834,in_age_074,5
2024,나바9834,in_age_075,5
2024,나바9834,in_age_076,5
2024,나바9834,in_age_077,8
2024,나바9834,in_age_078,5
2024,나바9834,to_in_001,48
2024,나바9834,to_in_007,23
2024,나바9834,to_in_008,23
2024,나바9835,in_age_001,5
2024,나바9835,in_age_002,5
2024,나바9835,in_age_004,0
2024,나바9835,in_age_007,5
2024,나바9835,in_age_009,5
2024,나바9835,in_age_010,5
2024,나바9835,in_age_011,5
2024,나바9835,in_age_012,8
2024,나바9835,in_age_013,8
2024,나바9835,in_age_014,8
2024,나바9835,in_age_015,8
2024,나바9835,in_age_016,5
2024,나바9835,in_age_017,8
2024,나바9835,in_age_018,5
2024,나바9835,in_age_019,0
2024,나바9835,in_age_031,0
2024,나바9835,in_age_032,5
2024,나바9835,in_age_034,0
2024,나바9835,in_age_037,5
2024,나바9835,in_age_039,5
2024,나바9835,in_age_040,5
2024,나바9835,in_age_041,5
2024,나바9835,in_age_043,8
2024,나바9835,in_age_044,5
2024,나바9835,in_age_045,5
2024,나바9835,in_age_046,5
2024,나바9835,in_age_047,5
2024,나바9835,in_age_049,0
2024,나바9835,in_age_061,5
2024,나바9835,in_age_067,5
2024,나바9835,in_age_069,0
2024,나바9835,in_age_070,0
2024,나바9835,in_age_071,0
2024,나바9835,in_age_072,8
2024,나바9835,in_age_073,5
2024,나바9835,in_age_074,8
2024,나바9835,in_age_075,5
2024,나바9835,in_age_077,5
2024,나바9835,in_age_078,5
2024,나바9835,to_in_001,58
2024,나바9835,to_in_007,28
2024,나바9835,to_in_008,28
2024,나바9836,in_age_001,0
2024,나바9836,in_age_003,5
2024,나바9836,in_age_004,8
2024,나바9836,in_age_005,0
2024,나바9836,in_age_006,5
2024,나바9836,in_age_007,5
2024,나바9836,in_age_008,0
2024,나바9836,in_age_009,5
2024,나바9836,in_age_010,5
2024,나바9836,in_age_011,5
2024,나바9836,in_age_012,8
2024,나바9836,in_age_013,13
2024,나바9836,in_age_014,8
2024,나바9836,in_age_015,0
2024,나바9836,in_age_016,5
2024,나바9836,in_age_018,5
2024,나바9836,in_age_019,0
2024,나바9836,in_age_020,0
2024,나바9836,in_age_033,5
2024,나바9836,in_age_036,5
2024,나바9836,in_age_040,0
2024,나바9836,in_age_041,5
2024,나바9836,in_age_042,8
2024,나바9836,in_age_043,8
2024,나바9836,in_age_044,8
2024,나바9836,in_age_046,0
2024,나바9836,in_age_049,0
2024,나바9836,in_age_050,0
2024,나바9836,in_age_061,0
2024,나바9836,in_age_064,8
2024,나바9836,in_age_065,0
2024,나바9836,in_age_066,5
2024,나바9836,in_age_067,5
2024,나바9836,in_age_068,0
2024,나바9836,in_age_069,5
2024,나바9836,in_age_070,0
2024,나바9836,in_age_071,0
2024,나바9836,in_age_072,5
2024,나바9836,in_age_073,8
2024,나바9836,in_age_074,5
2024,나바9836,in_age_075,0
2024,나바9836,in_age_076,5
2024,나바9836,in_age_078,5
2024,나바9836,to_in_001,58
2024,나바9836,to_in_007,28
2024,나바9836,to_in_008,33
2024,나바9837,in_age_009,0
2024,나바9837,in_age_010,0
2024,나바9837,in_age_011,0
2024,나바9837,in_age_012,0
2024,나바9837,in_age_013,5
2024,나바9837,in_age_014,8
2024,나바9837,in_age_015,5
2024,나바9837,in_age_016,5
2024,나바9837,in_age_017,5
2024,나바9837,in_age_039,0
2024,나바9837,in_age_040,0
2024,나바9837,in_age_041,0
2024,나바9837,in_age_043,5
2024,나바9837,in_age_044,5
2024,나바9837,in_age_045,0
2024,나바9837,in_age_046,5
2024,나바9837,in_age_047,0
2024,나바9837,in_age_072,0
2024,나바9837,in_age_073,0
2024,나바9837,in_age_074,5
2024,나바9837,in_age_075,5
2024,나바9837,in_age_076,5
2024,나바9837,in_age_077,5
2024,나바9837,to_in_001,23
2024,나바9837,to_in_007,13
2024,나바9837,to_in_008,13
2024,나바9838,in_age_008,0
2024,나바9838,in_age_010,0
2024,나바9838,in_age_011,5
2024,나바9838,in_age_012,5
2024,나바9838,in_age_013,8
2024,나바9838,in_age_014,8
2024,나바9838,in_age_015,8
2024,나바9838,in_age_016,5
2024,나바9838,in_age_017,5
2024,나바9838,in_age_018,5
2024,나바9838,in_age_040,0
2024,나바9838,in_age_041,0
2024,나바9838,in_age_042,5
2024,나바9838,in_age_044,5
2024,나바9838,in_age_045,5
2024,나바9838,in_age_048,0
2024,나바9838,in_age_068,0
2024,나바9838,in_age_071,5
2024,나바9838,in_age_072,0
2024,나바9838,in_age_073,8
2024,나바9838,in_age_074,5
2024,나바9838,in_age_075,5
2024,나바9838,in_age_076,5
2024,나바9838,in_age_077,5
2024,나바9838,in_age_078,5
2024,나바9838,to_in_001,28
2024,나바9838,to_in_007,13
2024,나바9838,to_in_008,18
2024,나바9839,in_age_005,0
2024,나바9839,in_age_009,0
2024,나바9839,in_age_011,5
2024,나바9839,in_age_012,8
2024,나바9839,in_age_013,5
2024,나바9839,in_age_014,8
2024,나바9839,in_age_015,5
2024,나바9839,in_age_016,5
2024,나바9839,in_age_017,5
2024,나바9839,in_age_018,5
2024,나바9839,in_age_035,0
2024,나바9839,in_age_039,0
2024,나바9839,in_age_042,5
2024,나바9839,in_age_043,5
2024,나바9839,in_age_044,5
2024,나바9839,in_age_045,5
2024,나바9839,in_age_046,5
2024,나바9839,in_age_047,0
2024,나바9839,in_age_048,5
2024,나바9839,in_age_071,5
2024,나바9839,in_age_072,5
2024,나바9839,in_age_073,0
2024,나바9839,in_age_074,5
2024,나바9839,in_age_077,5
2024,나바9839,to_in_001,28
2024,나바9839,to_in_007,18
2024,나바9839,to_in_008,13
2024,나바9840,in_age_004,0
2024,나바9840,in_age_007,5
2024,나바9840,in_age_008,0
2024,나바9840,in_age_009,5
2024,나바9840,in_age_010,5
2024,나바9840,in_age_011,8
2024,나바9840,in_age_012,5
2024,나바9840,in_age_013,5
2024,나바9840,in_age_014,5
2024,나바9840,in_age_015,5
2024,나바9840,in_age_016,5
2024,나바9840,in_age_017,5
2024,나바9840,in_age_019,0
2024,나바9840,in_age_034,0
2024,나바9840,in_age_037,0
2024,나바9840,in_age_038,0
2024,나바9840,in_age_039,5
2024,나바9840,in_age_041,8
2024,나바9840,in_age_042,0
2024,나바9840,in_age_043,5
2024,나바9840,in_age_045,5
2024,나바9840,in_age_046,0
2024,나바9840,in_age_047,5
2024,나바9840,in_age_049,0
2024,나바9840,in_age_067,0
2024,나바9840,in_age_070,5
2024,나바9840,in_age_071,0
2024,나바9840,in_age_072,0
2024,나바9840,in_age_073,0
2024,나바9840,in_age_074,5
2024,나바9840,in_age_075,0
2024,나바9840,in_age_076,5
2024,나바9840,in_age_077,0
2024,나바9840,to_in_001,28
2024,나바9840,to_in_007,18
2024,나바9840,to_in_008,13
2024,나바9841,in_age_001,0
2024,나바9841,in_age_004,0
2024,나바9841,in_age_006,0
2024,나바9841,in_age_007,0
2024,나바9841,in_age_008,5
2024,나바9841,in_age_009,0
2024,나바9841,in_age_011,5
2024,나바9841,in_age_012,5
2024,나바9841,in_age_013,5
2024,나바9841,in_age_015,5
2024,나바9841,in_age_016,5
2024,나바9841,in_age_017,5
2024,나바9841,in_age_034,0
2024,나바9841,in_age_036,0
2024,나바9841,in_age_037,0
2024,나바9841,in_age_038,0
2024,나바9841,in_age_039,0
2024,나바9841,in_age_041,5
2024,나바9841,in_age_042,0
2024,나바9841,in_age_045,5
2024,나바9841,in_age_046,0
2024,나바9841,in_age_047,0
2024,나바9841,in_age_061,0
2024,나바9841,in_age_068,0
2024,나바9841,in_age_071,0
2024,나바9841,in_age_072,0
2024,나바9841,in_age_073,5
2024,나바9841,in_age_075,5
2024,나바9841,in_age_076,0
2024,나바9841,in_age_077,0
2024,나바9841,to_in_001,23
2024,나바9841,to_in_007,13
2024,나바9841,to_in_008,13
2024,나바9842,in_age_004,8
2024,나바9842,in_age_006,0
2024,나바9842,in_age_007,5
2024,나바9842,in_age_008,0
2024,나바9842,in_age_010,0
2024,나바9842,in_age_011,5
2024,나바9842,in_age_012,0
2024,나바9842,in_age_013,8
2024,나바9842,in_age_014,0
2024,나바9842,in_age_015,0
2024,나바9842,in_age_016,0
2024,나바9842,in_age_017,5
2024,나바9842,in_age_020,5
2024,나바9842,in_age_034,5
2024,나바9842,in_age_036,0
2024,나바9842,in_age_037,5
2024,나바9842,in_age_038,0
2024,나바9842,in_age_040,0
2024,나바9842,in_age_041,0
2024,나바9842,in_age_042,0
2024,나바9842,in_age_043,5
2024,나바9842,in_age_044,0
2024,나바9842,in_age_045,0
2024,나바9842,in_age_047,5
2024,나바9842,in_age_064,5
2024,나바9842,in_age_067,0
2024,나바9842,in_age_071,5
2024,나바9842,in_age_073,5
2024,나바9842,in_age_076,0
2024,나바9842,in_age_080,5
2024,나바9842,to_in_001,18
2024,나바9842,to_in_007,13
2024,나바9842,to_in_008,8
2024,나바9843,in_age_006,0
2024,나바9843,in_age_010,5
2024,나바9843,in_age_011,5
2024,나바9843,in_age_013,5
2024,나바9843,in_age_014,0
2024,나바9843,in_age_015,5
2024,나바9843,in_age_016,0
2024,나바9843,in_age_017,5
2024,나바9843,in_age_018,0
2024,나바9843,in_age_019,0
2024,나바9843,in_age_040,0
2024,나바9843,in_age_041,0
2024,나바9843,in_age_043,5
2024,나바9843,in_age_044,0
2024,나바9843,in_age_046,0
2024,나바9843,in_age_047,0
2024,나바9843,in_age_066,0
2024,나바9843,in_age_070,0
2024,나바9843,in_age_071,5
2024,나바9843,in_age_073,0
2024,나바9843,in_age_075,5
2024,나바9843,in_age_077,0
2024,나바9843,in_age_078,0
2024,나바9843,in_age_079,0
2024,나바9843,to_in_001,18
2024,나바9843,to_in_007,8
2024,나바9843,to_in_008,8
2024,나바9844,in_age_003,5
2024,나바9844,in_age_004,8
2024,나바9844,in_age_005,0
2024,나바9844,in_age_011,8
2024,나바9844,in_age_012,5
2024,나바9844,in_age_013,8
2024,나바9844,in_age_014,8
2024,나바9844,in_age_015,5
2024,나바9844,in_age_016,8
2024,나바9844,in_age_017,5
2024,나바9844,in_age_018,5
2024,나바9844,in_age_021,0
2024,나바9844,in_age_033,0
2024,나바9844,in_age_034,5
2024,나바9844,in_age_035,0
2024,나바9844,in_age_041,5
2024,나바9844,in_age_042,5
2024,나바9844,in_age_043,8
2024,나바9844,in_age_044,8
2024,나바9844,in_age_046,5
2024,나바9844,in_age_047,5
2024,나바9844,in_age_051,0
2024,나바9844,in_age_063,0
2024,나바9844,in_age_064,5
2024,나바9844,in_age_071,5
2024,나바9844,in_age_072,5
2024,나바9844,in_age_073,0
2024,나바9844,in_age_075,5
2024,나바9844,in_age_076,5
2024,나바9844,in_age_077,0
2024,나바9844,in_age_078,5
2024,나바9844,to_in_001,43
2024,나바9844,to_in_007,23
2024,나바9844,to_in_008,18
2024,나바9845,in_age_001,0
2024,나바9845,in_age_002,5
2024,나바9845,in_age_004,5
2024,나바9845,in_age_005,0
2024,나바9845,in_age_006,5
2024,나바9845,in_age_007,5
2024,나바9845,in_age_008,0
2024,나바9845,in_age_009,5
2024,나바9845,in_age_010,5
2024,나바9845,in_age_011,5
2024,나바9845,in_age_012,8
2024,나바9845,in_age_013,8
2024,나바9845,in_age_014,8
2024,나바9845,in_age_015,5
2024,나바9845,in_age_016,8
2024,나바9845,in_age_017,8
2024,나바9845,in_age_018,5
2024,나바9845,in_age_019,5
2024,나바9845,in_age_032,0
2024,나바9845,in_age_034,5
2024,나바9845,in_age_035,0
2024,나바9845,in_age_036,5
2024,나바9845,in_age_039,0
2024,나바9845,in_age_040,0
2024,나바9845,in_age_041,5
2024,나바9845,in_age_042,5
2024,나바9845,in_age_043,5
2024,나바9845,in_age_044,8
2024,나바9845,in_age_045,5
2024,나바9845,in_age_046,5
2024,나바9845,in_age_047,0
2024,나바9845,in_age_048,5
2024,나바9845,in_age_049,0
2024,나바9845,in_age_061,0
2024,나바9845,in_age_062,0
2024,나바9845,in_age_064,0
2024,나바9845,in_age_067,5
2024,나바9845,in_age_068,0
2024,나바9845,in_age_069,0
2024,나바9845,in_age_070,0
2024,나바9845,in_age_072,5
2024,나바9845,in_age_073,5
2024,나바9845,in_age_074,5
2024,나바9845,in_age_075,5
2024,나바9845,in_age_076,5
2024,나바9845,in_age_077,8
2024,나바9845,in_age_079,5
2024,나바9845,to_in_001,58
2024,나바9845,to_in_007,33
2024,나바9845,to_in_008,28
2024,나바9846,in_age_001,0
2024,나바9846,in_age_002,5
2024,나바9846,in_age_003,5
2024,나바9846,in_age_006,5
2024,나바9846,in_age_007,0
2024,나바9846,in_age_009,0
2024,나바9846,in_age_010,5
2024,나바9846,in_age_011,5
2024,나바9846,in_age_012,5
2024,나바9846,in_age_013,5
2024,나바9846,in_age_015,5
2024,나바9846,in_age_016,5
2024,나바9846,in_age_017,5
2024,나바9846,in_age_031,0
2024,나바9846,in_age_032,0
2024,나바9846,in_age_036,5
2024,나바9846,in_age_040,0
2024,나바9846,in_age_041,5
2024,나바9846,in_age_042,0
2024,나바9846,in_age_043,5
2024,나바9846,in_age_045,5
2024,나바9846,in_age_046,5
2024,나바9846,in_age_062,5
2024,나바9846,in_age_063,5
2024,나바9846,in_age_066,0
2024,나바9846,in_age_067,0
2024,나바9846,in_age_069,0
2024,나바9846,in_age_070,0
2024,나바9846,in_age_071,0
2024,나바9846,in_age_072,5
2024,나바9846,in_age_073,5
2024,나바9846,in_age_075,0
2024,나바9846,in_age_076,0
2024,나바9846,in_age_077,5
2024,나바9846,to_in_001,28
2024,나바9846,to_in_007,13
2024,나바9846,to_in_008,18
2024,나바9847,in_age_014,0
2024,나바9847,in_age_015,5
2024,나바9847,in_age_045,5
2024,나바9847,in_age_074,0
2024,나바9847,in_age_075,0
2024,나바9847,to_in_001,5
2024,나바9847,to_in_007,5
2024,나바9847,to_in_008,5
2024,나바9848,in_age_001,5
2024,나바9848,in_age_002,0
2024,나바9848,in_age_003,0
2024,나바9848,in_age_004,0
2024,나바9848,in_age_006,5
2024,나바9848,in_age_007,5
2024,나바9848,in_age_008,5
2024,나바9848,in_age_009,5
2024,나바9848,in_age_010,8
2024,나바9848,in_age_011,8
2024,나바9848,in_age_012,19
2024,나바9848,in_age_013,24
2024,나바9848,in_age_014,23
2024,나바9848,in_age_015,13
2024,나바9848,in_age_016,18
2024,나바9848,in_age_017,13
2024,나바9848,in_age_018,8
2024,나바9848,in_age_019,0
2024,나바9848,in_age_031,5
2024,나바9848,in_age_036,5
2024,나바9848,in_age_037,5
2024,나바9848,in_age_038,5
2024,나바9848,in_age_039,5
2024,나바9848,in_age_040,8
2024,나바9848,in_age_041,8
2024,나바9848,in_age_042,8
2024,나바9848,in_age_043,14
2024,나바9848,in_age_044,13
2024,나바9848,in_age_045,8
2024,나바9848,in_age_046,8
2024,나바9848,in_age_047,5
2024,나바9848,in_age_048,5
2024,나바9848,in_age_062,0
2024,나바9848,in_age_063,0
2024,나바9848,in_age_064,0
2024,나바9848,in_age_067,0
2024,나바9848,in_age_068,5
2024,나바9848,in_age_069,0
2024,나바9848,in_age_071,8
2024,나바9848,in_age_072,11
2024,나바9848,in_age_073,8
2024,나바9848,in_age_074,13
2024,나바9848,in_age_075,8
2024,나바9848,in_age_076,8
2024,나바9848,in_age_077,8
2024,나바9848,in_age_078,5
2024,나바9848,in_age_079,0
2024,나바9848,to_in_001,155
2024,나바9848,to_in_007,84
2024,나바9848,to_in_008,69
2024,나바9849,in_age_005,0
2024,나바9849,in_age_007,5
2024,나바9849,in_age_010,0
2024,나바9849,in_age_035,0
2024,나바9849,in_age_037,5
2024,나바9849,in_age_040,0
2024,나바9849,to_in_001,5
2024,나바9849,to_in_007,5
2024,나바9849,to_in_008,0
2024,나바9850,in_age_017,0
2024,나바9850,in_age_077,0
2024,나바9850,to_in_001,0
2024,나바9850,to_in_007,0
2024,나바9850,to_in_008,0
2024,나바9851,in_age_011,0
2024,나바9851,in_age_012,0
2024,나바9851,in_age_013,5
2024,나바9851,in_age_017,0
2024,나바9851,in_age_041,0
2024,나바9851,in_age_042,0
2024,나바9851,in_age_073,5
2024,나바9851,in_age_077,0
2024,나바9851,to_in_001,5
2024,나바9851,to_in_007,5
2024,나바9851,to_in_008,5
2024,나바9857,in_age_001,0
2024,나바9857,in_age_005,0
2024,나바9857,in_age_008,0
2024,나바9857,in_age_009,5
2024,나바9857,in_age_010,0
2024,나바9857,in_age_014,5
2024,나바9857,in_age_015,5
2024,나바9857,in_age_016,8
2024,나바9857,in_age_017,5
2024,나바9857,in_age_018,0
2024,나바9857,in_age_031,0
2024,나바9857,in_age_035,0
2024,나바9857,in_age_039,5
2024,나바9857,in_age_040,0
2024,나바9857,in_age_044,0
2024,나바9857,in_age_046,8
2024,나바9857,in_age_048,0
2024,나바9857,in_age_068,0
2024,나바9857,in_age_074,0
2024,나바9857,in_age_075,5
2024,나바9857,in_age_077,5
2024,나바9857,to_in_001,13
2024,나바9857,to_in_007,8
2024,나바9857,to_in_008,8
2024,나바9858,in_age_011,0
2024,나바9858,in_age_017,0
2024,나바9858,in_age_071,0
2024,나바9858,in_age_077,0
2024,나바9858,to_in_001,5
2024,나바9858,to_in_007,0
2024,나바9858,to_in_008,5
2024,나바9860,in_age_010,0
2024,나바9860,in_age_012,0
2024,나바9860,in_age_013,8
2024,나바9860,in_age_014,5
2024,나바9860,in_age_016,5
2024,나바9860,in_age_018,0
2024,나바9860,in_age_040,0
2024,나바9860,in_age_043,5
2024,나바9860,in_age_044,5
2024,나바9860,in_age_046,5
2024,나바9860,in_age_072,0
2024,나바9860,in_age_073,8
2024,나바9860,in_age_074,0
2024,나바9860,in_age_076,5
2024,나바9860,in_age_078,0
2024,나바9860,to_in_001,18
2024,나바9860,to_in_007,8
2024,나바9860,to_in_008,8
2024,나바9861,in_age_004,5
2024,나바9861,in_age_005,0
2024,나바9861,in_age_006,0
2024,나바9861,in_age_007,0
2024,나바9861,in_age_008,5
2024,나바9861,in_age_009,0
2024,나바9861,in_age_010,5
2024,나바9861,in_age_012,8
2024,나바9861,in_age_013,8
2024,나바9861,in_age_014,8
2024,나바9861,in_age_015,5
2024,나바9861,in_age_016,5
2024,나바9861,in_age_017,5
2024,나바9861,in_age_018,8
2024,나바9861,in_age_035,0
2024,나바9861,in_age_036,0
2024,나바9861,in_age_037,0
2024,나바9861,in_age_038,0
2024,나바9861,in_age_039,0
2024,나바9861,in_age_040,5
2024,나바9861,in_age_042,5
2024,나바9861,in_age_043,5
2024,나바9861,in_age_044,8
2024,나바9861,in_age_045,0
2024,나바9861,in_age_046,5
2024,나바9861,in_age_047,5
2024,나바9861,in_age_048,0
2024,나바9861,in_age_064,5
2024,나바9861,in_age_068,5
2024,나바9861,in_age_070,0
2024,나바9861,in_age_072,5
2024,나바9861,in_age_073,5
2024,나바9861,in_age_074,5
2024,나바9861,in_age_075,5
2024,나바9861,in_age_076,0
2024,나바9861,in_age_077,5
2024,나바9861,in_age_078,8
2024,나바9861,to_in_001,53
2024,나바9861,to_in_007,23
2024,나바9861,to_in_008,28
2024,나바9862,in_age_002,0
2024,나바9862,in_age_003,5
2024,나바9862,in_age_004,5
2024,나바9862,in_age_005,5
2024,나바9862,in_age_006,5
2024,나바9862,in_age_007,5
2024,나바9862,in_age_008,0
2024,나바9862,in_age_009,8
2024,나바9862,in_age_010,5
2024,나바9862,in_age_011,5
2024,나바9862,in_age_012,8
2024,나바9862,in_age_013,18
2024,나바9862,in_age_014,8
2024,나바9862,in_age_015,13
2024,나바9862,in_age_016,8
2024,나바9862,in_age_017,8
2024,나바9862,in_age_018,8
2024,나바9862,in_age_019,8
2024,나바9862,in_age_021,0
2024,나바9862,in_age_033,5
2024,나바9862,in_age_034,5
2024,나바9862,in_age_035,5
2024,나바9862,in_age_036,5
2024,나바9862,in_age_037,5
2024,나바9862,in_age_039,5
2024,나바9862,in_age_040,5
2024,나바9862,in_age_041,5
2024,나바9862,in_age_042,5
2024,나바9862,in_age_043,13
2024,나바9862,in_age_044,8
2024,나바9862,in_age_045,8
2024,나바9862,in_age_046,5
2024,나바9862,in_age_047,0
2024,나바9862,in_age_048,5
2024,나바9862,in_age_049,0
2024,나바9862,in_age_062,0
2024,나바9862,in_age_066,0
2024,나바9862,in_age_067,0
2024,나바9862,in_age_068,0
2024,나바9862,in_age_069,5
2024,나바9862,in_age_071,5
2024,나바9862,in_age_072,8
2024,나바9862,in_age_073,8
2024,나바9862,in_age_074,5
2024,나바9862,in_age_075,8
2024,나바9862,in_age_076,0
2024,나바9862,in_age_077,8
2024,나바9862,in_age_078,8
2024,나바9862,in_age_079,8
2024,나바9862,in_age_081,0
2024,나바9862,to_in_001,103
2024,나바9862,to_in_007,48
2024,나바9862,to_in_008,53
2024,나바9863,in_age_002,0
2024,나바9863,in_age_003,0
2024,나바9863,in_age_004,5
2024,나바9863,in_age_007,5
2024,나바9863,in_age_008,5
2024,나바9863,in_age_009,5
2024,나바9863,in_age_011,5
2024,나바9863,in_age_012,5
2024,나바9863,in_age_013,8
2024,나바9863,in_age_014,8
2024,나바9863,in_age_015,8
2024,나바9863,in_age_016,5
2024,나바9863,in_age_017,5
2024,나바9863,in_age_018,5
2024,나바9863,in_age_019,0
2024,나바9863,in_age_020,0
2024,나바9863,in_age_034,5
2024,나바9863,in_age_038,5
2024,나바9863,in_age_039,0
2024,나바9863,in_age_041,0
2024,나바9863,in_age_042,0
2024,나바9863,in_age_043,5
2024,나바9863,in_age_044,8
2024,나바9863,in_age_045,5
2024,나바9863,in_age_046,5
2024,나바9863,in_age_047,0
2024,나바9863,in_age_048,5
2024,나바9863,in_age_050,0
2024,나바9863,in_age_062,0
2024,나바9863,in_age_063,0
2024,나바9863,in_age_067,5
2024,나바9863,in_age_069,0
2024,나바9863,in_age_071,5
2024,나바9863,in_age_072,0
2024,나바9863,in_age_073,8
2024,나바9863,in_age_074,5
2024,나바9863,in_age_075,8
2024,나바9863,in_age_077,5
2024,나바9863,in_age_078,0
2024,나바9863,in_age_079,0
2024,나바9863,to_in_001,48
2024,나바9863,to_in_007,23
2024,나바9863,to_in_008,28
2024,나바9864,in_age_005,0
2024,나바9864,in_age_006,5
2024,나바9864,in_age_008,5
2024,나바9864,in_age_009,5
2024,나바9864,in_age_010,5
2024,나바9864,in_age_011,8
2024,나바9864,in_age_012,5
2024,나바9864,in_age_013,13
2024,나바9864,in_age_014,18
2024,나바9864,in_age_015,23
2024,나바9864,in_age_016,23
2024,나바9864,in_age_017,18
2024,나바9864,in_age_018,8
2024,나바9864,in_age_019,5
2024,나바9864,in_age_020,5
2024,나바9864,in_age_036,0
2024,나바9864,in_age_038,5
2024,나바9864,in_age_039,5
2024,나바9864,in_age_040,5
2024,나바9864,in_age_041,5
2024,나바9864,in_age_042,5
2024,나바9864,in_age_043,8
2024,나바9864,in_age_044,8
2024,나바9864,in_age_045,8
2024,나바9864,in_age_046,8
2024,나바9864,in_age_047,8
2024,나바9864,in_age_048,5
2024,나바9864,in_age_065,0
2024,나바9864,in_age_066,5
2024,나바9864,in_age_069,0
2024,나바9864,in_age_070,5
2024,나바9864,in_age_071,5
2024,나바9864,in_age_072,0
2024,나바9864,in_age_073,8
2024,나바9864,in_age_074,8
2024,나바9864,in_age_075,13
2024,나바9864,in_age_076,13
2024,나바9864,in_age_077,8
2024,나바9864,in_age_078,5
2024,나바9864,in_age_079,5
2024,나바9864,in_age_080,5
2024,나바9864,to_in_001,133
2024,나바9864,to_in_007,58
2024,나바9864,to_in_008,73
2024,나바9865,in_age_001,5
2024,나바9865,in_age_002,0
2024,나바9865,in_age_003,5
2024,나바9865,in_age_004,8
2024,나바9865,in_age_005,5
2024,나바9865,in_age_006,5
2024,나바9865,in_age_007,5
2024,나바9865,in_age_008,5
2024,나바9865,in_age_009,5
2024,나바9865,in_age_010,8
2024,나바9865,in_age_011,8
2024,나바9865,in_age_012,13
2024,나바9865,in_age_013,18
2024,나바9865,in_age_014,18
2024,나바9865,in_age_015,13
2024,나바9865,in_age_016,8
2024,나바9865,in_age_017,5
2024,나바9865,in_age_018,5
2024,나바9865,in_age_019,5
2024,나바9865,in_age_031,5
2024,나바9865,in_age_033,5
2024,나바9865,in_age_034,5
2024,나바9865,in_age_035,5
2024,나바9865,in_age_036,0
2024,나바9865,in_age_037,0
2024,나바9865,in_age_038,5
2024,나바9865,in_age_039,5
2024,나바9865,in_age_040,5
2024,나바9865,in_age_041,5
2024,나바9865,in_age_042,8
2024,나바9865,in_age_043,8
2024,나바9865,in_age_044,13
2024,나바9865,in_age_045,5
2024,나바9865,in_age_046,8
2024,나바9865,in_age_047,5
2024,나바9865,in_age_049,0
2024,나바9865,in_age_062,0
2024,나바9865,in_age_064,8
2024,나바9865,in_age_065,0
2024,나바9865,in_age_066,0
2024,나바9865,in_age_067,5
2024,나바9865,in_age_068,5
2024,나바9865,in_age_069,5
2024,나바9865,in_age_070,5
2024,나바9865,in_age_071,5
2024,나바9865,in_age_072,8
2024,나바9865,in_age_073,13
2024,나바9865,in_age_074,8
2024,나바9865,in_age_075,8
2024,나바9865,in_age_076,5
2024,나바9865,in_age_077,5
2024,나바9865,in_age_078,5
2024,나바9865,in_age_079,0
2024,나바9865,to_in_001,118
2024,나바9865,to_in_007,58
2024,나바9865,to_in_008,58
2024,나바9866,in_age_002,0
2024,나바9866,in_age_003,0
2024,나바9866,in_age_004,5
2024,나바9866,in_age_005,8
2024,나바9866,in_age_006,17
2024,나바9866,in_age_007,11
2024,나바9866,in_age_008,5
2024,나바9866,in_age_009,8
2024,나바9866,in_age_010,5
2024,나바9866,in_age_011,18
2024,나바9866,in_age_012,23
2024,나바9866,in_age_013,13
2024,나바9866,in_age_014,18
2024,나바9866,in_age_015,18
2024,나바9866,in_age_016,13
2024,나바9866,in_age_017,13
2024,나바9866,in_age_018,8
2024,나바9866,in_age_019,5
2024,나바9866,in_age_032,0
2024,나바9866,in_age_034,5
2024,나바9866,in_age_035,8
2024,나바9866,in_age_036,9
2024,나바9866,in_age_037,11
2024,나바9866,in_age_038,5
2024,나바9866,in_age_039,5
2024,나바9866,in_age_040,5
2024,나바9866,in_age_041,8
2024,나바9866,in_age_042,13
2024,나바9866,in_age_043,8
2024,나바9866,in_age_044,8
2024,나바9866,in_age_045,8
2024,나바9866,in_age_046,8
2024,나바9866,in_age_047,5
2024,나바9866,in_age_048,5
2024,나바9866,in_age_063,0
2024,나바9866,in_age_064,0
2024,나바9866,in_age_065,0
2024,나바9866,in_age_066,8
2024,나바9866,in_age_069,5
2024,나바9866,in_age_071,8
2024,나바9866,in_age_072,8
2024,나바9866,in_age_073,8
2024,나바9866,in_age_074,8
2024,나바9866,in_age_075,8
2024,나바9866,in_age_076,8
2024,나바9866,in_age_077,8
2024,나바9866,in_age_078,5
2024,나바9866,in_age_079,5
2024,나바9866,to_in_001,173
2024,나바9866,to_in_007,98
2024,나바9866,to_in_008,73
2024,나바9867,in_age_010,5
2024,나바9867,in_age_011,5
2024,나바9867,in_age_012,5
2024,나바9867,in_age_013,5
2024,나바9867,in_age_014,8
2024,나바9867,in_age_015,8
2024,나바9867,in_age_016,5
2024,나바9867,in_age_017,5
2024,나바9867,in_age_018,5
2024,나바9867,in_age_019,5
2024,나바9867,in_age_040,5
2024,나바9867,in_age_041,5
2024,나바9867,in_age_042,5
2024,나바9867,in_age_043,5
2024,나바9867,in_age_044,5
2024,나바9867,in_age_045,8
2024,나바9867,in_age_046,0
2024,나바9867,in_age_047,0
2024,나바9867,in_age_049,5
2024,나바9867,in_age_072,5
2024,나바9867,in_age_073,0
2024,나바9867,in_age_074,8
2024,나바9867,in_age_075,5
2024,나바9867,in_age_076,5
2024,나바9867,in_age_077,0
2024,나바9867,in_age_078,5
2024,나바9867,to_in_001,33
2024,나바9867,to_in_007,18
2024,나바9867,to_in_008,18
2024,나바9868,in_age_001,0
2024,나바9868,in_age_009,0
2024,나바9868,in_age_011,0
2024,나바9868,in_age_012,5
2024,나바9868,in_age_013,5
2024,나바9868,in_age_014,5
2024,나바9868,in_age_015,5
2024,나바9868,in_age_017,0
2024,나바9868,in_age_018,8
2024,나바9868,in_age_039,0
2024,나바9868,in_age_041,0
2024,나바9868,in_age_043,0
2024,나바9868,in_age_044,5
2024,나바9868,in_age_045,5
2024,나바9868,in_age_048,8
2024,나바9868,in_age_061,0
2024,나바9868,in_age_072,5
2024,나바9868,in_age_073,5
2024,나바9868,in_age_077,0
2024,나바9868,in_age_078,0
2024,나바9868,to_in_001,18
2024,나바9868,to_in_007,8
2024,나바9868,to_in_008,8
2024,나바9869,in_age_001,5
2024,나바9869,in_age_005,0
2024,나바9869,in_age_008,0
2024,나바9869,in_age_009,5
2024,나바9869,in_age_010,5
2024,나바9869,in_age_011,0
2024,나바9869,in_age_012,8
2024,나바9869,in_age_013,8
2024,나바9869,in_age_014,8
2024,나바9869,in_age_015,5
2024,나바9869,in_age_016,5
2024,나바9869,in_age_017,8
2024,나바9869,in_age_018,8
2024,나바9869,in_age_019,0
2024,나바9869,in_age_031,5
2024,나바9869,in_age_035,0
2024,나바9869,in_age_039,5
2024,나바9869,in_age_040,0
2024,나바9869,in_age_041,0
2024,나바9869,in_age_042,5
2024,나바9869,in_age_043,5
2024,나바9869,in_age_044,8
2024,나바9869,in_age_045,5
2024,나바9869,in_age_047,5
2024,나바9869,in_age_048,0
2024,나바9869,in_age_049,0
2024,나바9869,in_age_068,0
2024,나바9869,in_age_070,0
2024,나바9869,in_age_072,0
2024,나바9869,in_age_073,8
2024,나바9869,in_age_074,0
2024,나바9869,in_age_076,5
2024,나바9869,in_age_077,5
2024,나바9869,in_age_078,8
2024,나바9869,to_in_001,53
2024,나바9869,to_in_007,28
2024,나바9869,to_in_008,23
2024,나바9870,in_age_006,5
2024,나바9870,in_age_007,0
2024,나바9870,in_age_009,5
2024,나바9870,in_age_010,0
2024,나바9870,in_age_011,8
2024,나바9870,in_age_012,5
2024,나바9870,in_age_013,13
2024,나바9870,in_age_014,8
2024,나바9870,in_age_015,13
2024,나바9870,in_age_016,8
2024,나바9870,in_age_017,8
2024,나바9870,in_age_018,5
2024,나바9870,in_age_036,0
2024,나바9870,in_age_037,0
2024,나바9870,in_age_040,0
2024,나바9870,in_age_041,5
2024,나바9870,in_age_042,5
2024,나바9870,in_age_043,8
2024,나바9870,in_age_044,8
2024,나바9870,in_age_045,5
2024,나바9870,in_age_046,5
2024,나바9870,in_age_047,5
2024,나바9870,in_age_066,0
2024,나바9870,in_age_069,5
2024,나바9870,in_age_071,5
2024,나바9870,in_age_072,5
2024,나바9870,in_age_073,8
2024,나바9870,in_age_074,5
2024,나바9870,in_age_075,8
2024,나바9870,in_age_076,5
2024,나바9870,in_age_077,5
2024,나바9870,in_age_078,5
2024,나바9870,to_in_001,63
2024,나바9870,to_in_007,28
2024,나바9870,to_in_008,33
2024,나바9871,in_age_002,0
2024,나바9871,in_age_003,0
2024,나바9871,in_age_005,0
2024,나바9871,in_age_007,0
2024,나바9871,in_age_010,5
2024,나바9871,in_age_011,8
2024,나바9871,in_age_012,5
2024,나바9871,in_age_013,5
2024,나바9871,in_age_014,5
2024,나바9871,in_age_015,5
2024,나바9871,in_age_016,5
2024,나바9871,in_age_017,5
2024,나바9871,in_age_033,0
2024,나바9871,in_age_035,0
2024,나바9871,in_age_037,0
2024,나바9871,in_age_040,5
2024,나바9871,in_age_041,8
2024,나바9871,in_age_042,0
2024,나바9871,in_age_043,5
2024,나바9871,in_age_044,5
2024,나바9871,in_age_045,5
2024,나바9871,in_age_046,5
2024,나바9871,in_age_047,5
2024,나바9871,in_age_062,0
2024,나바9871,in_age_072,5
2024,나바9871,in_age_073,5
2024,나바9871,in_age_075,5
2024,나바9871,in_age_076,0
2024,나바9871,in_age_077,5
2024,나바9871,to_in_001,28
2024,나바9871,to_in_007,18
2024,나바9871,to_in_008,8
2024,나바9872,in_age_009,0
2024,나바9872,in_age_014,5
2024,나바9872,in_age_015,0
2024,나바9872,in_age_016,5
2024,나바9872,in_age_018,0
2024,나바9872,in_age_039,0
2024,나바9872,in_age_044,0
2024,나바9872,in_age_045,0
2024,나바9872,in_age_046,0
2024,나바9872,in_age_048,0
2024,나바9872,in_age_074,0
2024,나바9872,in_age_076,0
2024,나바9872,to_in_001,8
2024,나바9872,to_in_007,5
2024,나바9872,to_in_008,5
2024,나바9873,in_age_012,5
2024,나바9873,in_age_042,0
2024,나바9873,in_age_072,0
2024,나바9873,to_in_001,5
2024,나바9873,to_in_007,0
2024,나바9873,to_in_008,0
2024,나바9882,in_age_012,5
2024,나바9882,in_age_014,0
2024,나바9882,in_age_044,0
2024,나바9882,in_age_072,5
2024,나바9882,to_in_001,5
2024,나바9882,to_in_007,0
2024,나바9882,to_in_008,5
2024,나바9883,in_age_005,5
2024,나바9883,in_age_006,0
2024,나바9883,in_age_007,5
2024,나바9883,in_age_009,5
2024,나바9883,in_age_010,5
2024,나바9883,in_age_011,0
2024,나바9883,in_age_012,5
2024,나바9883,in_age_013,13
2024,나바9883,in_age_014,8
2024,나바9883,in_age_015,5
2024,나바9883,in_age_016,8
2024,나바9883,in_age_017,5
2024,나바9883,in_age_018,5
2024,나바9883,in_age_035,5
2024,나바9883,in_age_037,5
2024,나바9883,in_age_039,5
2024,나바9883,in_age_040,0
2024,나바9883,in_age_041,0
2024,나바9883,in_age_042,5
2024,나바9883,in_age_043,8
2024,나바9883,in_age_044,5
2024,나바9883,in_age_045,5
2024,나바9883,in_age_046,5
2024,나바9883,in_age_047,5
2024,나바9883,in_age_066,0
2024,나바9883,in_age_070,5
2024,나바9883,in_age_072,5
2024,나바9883,in_age_073,8
2024,나바9883,in_age_074,8
2024,나바9883,in_age_075,5
2024,나바9883,in_age_076,5
2024,나바9883,in_age_077,5
2024,나바9883,in_age_078,5
2024,나바9883,to_in_001,53
2024,나바9883,to_in_007,28
2024,나바9883,to_in_008,23
2024,나바9884,in_age_005,0
2024,나바9884,in_age_006,0
2024,나바9884,in_age_007,0
2024,나바9884,in_age_009,5
2024,나바9884,in_age_011,5
2024,나바9884,in_age_012,5
2024,나바9884,in_age_013,8
2024,나바9884,in_age_014,8
2024,나바9884,in_age_015,5
2024,나바9884,in_age_016,0
2024,나바9884,in_age_017,5
2024,나바9884,in_age_018,0
2024,나바9884,in_age_036,0
2024,나바9884,in_age_043,8
2024,나바9884,in_age_044,5
2024,나바9884,in_age_045,5
2024,나바9884,in_age_046,0
2024,나바9884,in_age_047,0
2024,나바9884,in_age_065,0
2024,나바9884,in_age_067,0
2024,나바9884,in_age_069,5
2024,나바9884,in_age_071,5
2024,나바9884,in_age_072,5
2024,나바9884,in_age_073,0
2024,나바9884,in_age_074,5
2024,나바9884,in_age_075,0
2024,나바9884,in_age_077,5
2024,나바9884,in_age_078,0
2024,나바9884,to_in_001,28
2024,나바9884,to_in_007,13
2024,나바9884,to_in_008,13
2024,나바9885,in_age_007,5
2024,나바9885,in_age_008,5
2024,나바9885,in_age_009,5
2024,나바9885,in_age_011,5
2024,나바9885,in_age_012,5
2024,나바9885,in_age_013,5
2024,나바9885,in_age_014,5
2024,나바9885,in_age_015,8
2024,나바9885,in_age_016,0
2024,나바9885,in_age_017,0
2024,나바9885,in_age_018,5
2024,나바9885,in_age_037,5
2024,나바9885,in_age_038,0
2024,나바9885,in_age_039,5
2024,나바9885,in_age_042,5
2024,나바9885,in_age_044,5
2024,나바9885,in_age_045,5
2024,나바9885,in_age_048,0
2024,나바9885,in_age_068,0
2024,나바9885,in_age_071,5
2024,나바9885,in_age_073,5
2024,나바9885,in_age_074,0
2024,나바9885,in_age_075,5
2024,나바9885,in_age_076,0
2024,나바9885,in_age_077,0
2024,나바9885,in_age_078,0
2024,나바9885,to_in_001,18
2024,나바9885,to_in_007,13
2024,나바9885,to_in_008,8
2024,나바9887,in_age_005,5
2024,나바9887,in_age_007,0
2024,나바9887,in_age_011,5
2024,나바9887,in_age_012,0
2024,나바9887,in_age_013,5
2024,나바9887,in_age_014,5
2024,나바9887,in_age_015,5
2024,나바9887,in_age_016,5
2024,나바9887,in_age_017,0
2024,나바9887,in_age_035,5
2024,나바9887,in_age_037,0
2024,나바9887,in_age_041,5
2024,나바9887,in_age_042,0
2024,나바9887,in_age_043,5
2024,나바9887,in_age_044,5
2024,나바9887,in_age_046,5
2024,나바9887,in_age_047,0
2024,나바9887,in_age_065,0
2024,나바9887,in_age_071,0
2024,나바9887,in_age_074,0
2024,나바9887,in_age_075,5
2024,나바9887,in_age_076,0
2024,나바9887,to_in_001,18
2024,나바9887,to_in_007,13
2024,나바9887,to_in_008,8
2024,나바9888,in_age_001,0
2024,나바9888,in_age_003,5
2024,나바9888,in_age_004,0
2024,나바9888,in_age_005,8
2024,나바9888,in_age_006,5
2024,나바9888,in_age_007,8
2024,나바9888,in_age_008,0
2024,나바9888,in_age_009,5
2024,나바9888,in_age_010,8
2024,나바9888,in_age_011,13
2024,나바9888,in_age_012,18
2024,나바9888,in_age_013,18
2024,나바9888,in_age_014,13
2024,나바9888,in_age_015,5
2024,나바9888,in_age_016,5
2024,나바9888,in_age_017,5
2024,나바9888,in_age_018,8
2024,나바9888,in_age_019,5
2024,나바9888,in_age_033,5
2024,나바9888,in_age_034,0
2024,나바9888,in_age_035,5
2024,나바9888,in_age_036,0
2024,나바9888,in_age_037,8
2024,나바9888,in_age_038,0
2024,나바9888,in_age_039,5
2024,나바9888,in_age_040,5
2024,나바9888,in_age_041,8
2024,나바9888,in_age_042,13
2024,나바9888,in_age_043,13
2024,나바9888,in_age_044,5
2024,나바9888,in_age_046,5
2024,나바9888,in_age_047,0
2024,나바9888,in_age_048,5
2024,나바9888,in_age_049,0
2024,나바9888,in_age_061,0
2024,나바9888,in_age_065,8
2024,나바9888,in_age_066,5
2024,나바9888,in_age_069,5
2024,나바9888,in_age_070,5
2024,나바9888,in_age_071,8
2024,나바9888,in_age_072,8
2024,나바9888,in_age_073,8
2024,나바9888,in_age_074,8
2024,나바9888,in_age_075,5
2024,나바9888,in_age_077,5
2024,나바9888,in_age_078,5
2024,나바9888,in_age_079,5
2024,나바9888,to_in_001,113
2024,나바9888,to_in_007,63
2024,나바9888,to_in_008,53
2024,나바9889,in_age_007,5
2024,나바9889,in_age_008,5
2024,나바9889,in_age_009,5
2024,나바9889,in_age_010,0
2024,나바9889,in_age_016,0
2024,나바9889,in_age_037,5
2024,나바9889,in_age_038,5
2024,나바9889,in_age_039,5
2024,나바9889,in_age_040,0
2024,나바9889,in_age_046,0
2024,나바9889,to_in_001,8
2024,나바9889,to_in_007,8
2024,나바9889,to_in_008,0
2024,나바9924,in_age_007,0
2024,나바9924,in_age_011,0
2024,나바9924,in_age_012,5
2024,나바9924,in_age_013,0
2024,나바9924,in_age_014,8
2024,나바9924,in_age_015,5
2024,나바9924,in_age_016,5
2024,나바9924,in_age_017,5
2024,나바9924,in_age_019,5
2024,나바9924,in_age_041,0
2024,나바9924,in_age_043,0
2024,나바9924,in_age_044,0
2024,나바9924,in_age_045,5
2024,나바9924,in_age_047,5
2024,나바9924,in_age_067,0
2024,나바9924,in_age_072,5
2024,나바9924,in_age_074,8
2024,나바9924,in_age_076,5
2024,나바9924,in_age_077,0
2024,나바9924,in_age_079,5
2024,나바9924,to_in_001,18
2024,나바9924,to_in_007,8
2024,나바9924,to_in_008,13
2024,나바9925,in_age_003,0
2024,나바9925,in_age_004,0
2024,나바9925,in_age_007,0
2024,나바9925,in_age_009,5
2024,나바9925,in_age_011,0
2024,나바9925,in_age_012,0
2024,나바9925,in_age_013,5
2024,나바9925,in_age_014,5
2024,나바9925,in_age_015,0
2024,나바9925,in_age_016,5
2024,나바9925,in_age_017,5
2024,나바9925,in_age_018,5
2024,나바9925,in_age_019,0
2024,나바9925,in_age_033,0
2024,나바9925,in_age_034,0
2024,나바9925,in_age_037,0
2024,나바9925,in_age_039,0
2024,나바9925,in_age_041,0
2024,나바9925,in_age_043,5
2024,나바9925,in_age_044,0
2024,나바9925,in_age_046,5
2024,나바9925,in_age_047,0
2024,나바9925,in_age_048,0
2024,나바9925,in_age_049,0
2024,나바9925,in_age_069,5
2024,나바9925,in_age_072,0
2024,나바9925,in_age_073,5
2024,나바9925,in_age_074,5
2024,나바9925,in_age_075,0
2024,나바9925,in_age_076,5
2024,나바9925,in_age_077,5
2024,나바9925,in_age_078,5
2024,나바9925,to_in_001,28
2024,나바9925,to_in_007,13
2024,나바9925,to_in_008,13
2024,나바9926,in_age_009,0
2024,나바9926,in_age_011,5
2024,나바9926,in_age_012,0
2024,나바9926,in_age_013,5
2024,나바9926,in_age_014,5
2024,나바9926,in_age_015,5
2024,나바9926,in_age_016,8
2024,나바9926,in_age_017,5
2024,나바9926,in_age_018,5
2024,나바9926,in_age_039,0
2024,나바9926,in_age_041,5
2024,나바9926,in_age_042,0
2024,나바9926,in_age_043,5
2024,나바9926,in_age_044,5
2024,나바9926,in_age_045,5
2024,나바9926,in_age_046,5
2024,나바9926,in_age_047,5
2024,나바9926,in_age_048,5
2024,나바9926,in_age_071,0
2024,나바9926,in_age_073,5
2024,나바9926,in_age_074,0
2024,나바9926,in_age_076,5
2024,나바9926,in_age_077,0
2024,나바9926,in_age_078,0
2024,나바9926,to_in_001,23
2024,나바9926,to_in_007,18
2024,나바9926,to_in_008,8
2024,나바9927,in_age_001,5
2024,나바9927,in_age_002,0
2024,나바9927,in_age_004,5
2024,나바9927,in_age_005,5
2024,나바9927,in_age_006,0
2024,나바9927,in_age_007,5
2024,나바9927,in_age_008,5
2024,나바9927,in_age_009,5
2024,나바9927,in_age_010,8
2024,나바9927,in_age_011,8
2024,나바9927,in_age_012,5
2024,나바9927,in_age_013,8
2024,나바9927,in_age_014,8
2024,나바9927,in_age_015,8
2024,나바9927,in_age_016,5
2024,나바9927,in_age_017,8
2024,나바9927,in_age_018,5
2024,나바9927,in_age_019,5
2024,나바9927,in_age_031,0
2024,나바9927,in_age_034,5
2024,나바9927,in_age_035,0
2024,나바9927,in_age_037,0
2024,나바9927,in_age_038,0
2024,나바9927,in_age_040,8
2024,나바9927,in_age_041,5
2024,나바9927,in_age_042,0
2024,나바9927,in_age_043,5
2024,나바9927,in_age_044,5
2024,나바9927,in_age_045,8
2024,나바9927,in_age_046,0
2024,나바9927,in_age_047,5
2024,나바9927,in_age_048,0
2024,나바9927,in_age_061,0
2024,나바9927,in_age_062,0
2024,나바9927,in_age_064,0
2024,나바9927,in_age_065,5
2024,나바9927,in_age_066,0
2024,나바9927,in_age_067,0
2024,나바9927,in_age_068,5
2024,나바9927,in_age_069,5
2024,나바9927,in_age_071,5
2024,나바9927,in_age_072,0
2024,나바9927,in_age_073,5
2024,나바9927,in_age_074,0
2024,나바9927,in_age_075,5
2024,나바9927,in_age_076,5
2024,나바9927,in_age_077,8
2024,나바9927,in_age_078,5
2024,나바9927,in_age_079,5
2024,나바9927,to_in_001,73
2024,나바9927,to_in_007,38
2024,나바9927,to_in_008,38
2024,나바9928,in_age_008,0
2024,나바9928,in_age_010,0
2024,나바9928,in_age_012,5
2024,나바9928,in_age_013,5
2024,나바9928,in_age_014,5
2024,나바9928,in_age_015,5
2024,나바9928,in_age_016,5
2024,나바9928,in_age_017,5
2024,나바9928,in_age_038,0
2024,나바9928,in_age_040,0
2024,나바9928,in_age_042,5
2024,나바9928,in_age_043,0
2024,나바9928,in_age_044,5
2024,나바9928,in_age_045,5
2024,나바9928,in_age_046,0
2024,나바9928,in_age_047,0
2024,나바9928,in_age_072,0
2024,나바9928,in_age_073,5
2024,나바9928,in_age_075,5
2024,나바9928,in_age_076,0
2024,나바9928,in_age_077,5
2024,나바9928,to_in_001,18
2024,나바9928,to_in_007,13
2024,나바9928,to_in_008,8
2024,나바9929,in_age_002,5
2024,나바9929,in_age_004,5
2024,나바9929,in_age_005,5
2024,나바9929,in_age_006,5
2024,나바9929,in_age_007,5
2024,나바9929,in_age_010,0
2024,나바9929,in_age_011,5
2024,나바9929,in_age_012,8
2024,나바9929,in_age_013,5
2024,나바9929,in_age_014,8
2024,나바9929,in_age_015,5
2024,나바9929,in_age_016,8
2024,나바9929,in_age_017,5
2024,나바9929,in_age_018,8
2024,나바9929,in_age_032,0
2024,나바9929,in_age_035,5
2024,나바9929,in_age_036,0
2024,나바9929,in_age_037,5
2024,나바9929,in_age_041,5
2024,나바9929,in_age_042,5
2024,나바9929,in_age_043,0
2024,나바9929,in_age_044,5
2024,나바9929,in_age_045,5
2024,나바9929,in_age_046,5
2024,나바9929,in_age_047,5
2024,나바9929,in_age_048,5
2024,나바9929,in_age_062,0
2024,나바9929,in_age_064,5
2024,나바9929,in_age_066,0
2024,나바9929,in_age_070,0
2024,나바9929,in_age_071,5
2024,나바9929,in_age_072,5
2024,나바9929,in_age_073,5
2024,나바9929,in_age_074,5
2024,나바9929,in_age_075,5
2024,나바9929,in_age_076,5
2024,나바9929,in_age_077,5
2024,나바9929,in_age_078,5
2024,나바9929,to_in_001,48
2024,나바9929,to_in_007,23
2024,나바9929,to_in_008,23
2024,나바9930,in_age_005,5
2024,나바9930,in_age_006,0
2024,나바9930,in_age_008,0
2024,나바9930,in_age_009,5
2024,나바9930,in_age_010,5
2024,나바9930,in_age_011,5
2024,나바9930,in_age_012,5
2024,나바9930,in_age_013,8
2024,나바9930,in_age_014,8
2024,나바9930,in_age_015,8
2024,나바9930,in_age_016,8
2024,나바9930,in_age_017,8
2024,나바9930,in_age_035,0
2024,나바9930,in_age_036,0
2024,나바9930,in_age_038,0
2024,나바9930,in_age_040,5
2024,나바9930,in_age_041,0
2024,나바9930,in_age_042,5
2024,나바9930,in_age_043,5
2024,나바9930,in_age_044,5
2024,나바9930,in_age_045,5
2024,나바9930,in_age_046,5
2024,나바9930,in_age_047,5
2024,나바9930,in_age_065,5
2024,나바9930,in_age_069,5
2024,나바9930,in_age_070,5
2024,나바9930,in_age_071,5
2024,나바9930,in_age_072,5
2024,나바9930,in_age_073,5
2024,나바9930,in_age_074,5
2024,나바9930,in_age_075,5
2024,나바9930,in_age_076,5
2024,나바9930,in_age_077,5
2024,나바9930,to_in_001,48
2024,나바9930,to_in_007,23
2024,나바9930,to_in_008,28
2024,나바9931,in_age_002,5
2024,나바9931,in_age_003,5
2024,나바9931,in_age_006,0
2024,나바9931,in_age_007,0
2024,나바9931,in_age_009,8
2024,나바9931,in_age_010,5
2024,나바9931,in_age_011,5
2024,나바9931,in_age_012,8
2024,나바9931,in_age_013,5
2024,나바9931,in_age_014,8
2024,나바9931,in_age_015,8
2024,나바9931,in_age_016,8
2024,나바9931,in_age_017,5
2024,나바9931,in_age_018,5
2024,나바9931,in_age_032,0
2024,나바9931,in_age_033,0
2024,나바9931,in_age_036,0
2024,나바9931,in_age_037,0
2024,나바9931,in_age_039,5
2024,나바9931,in_age_040,0
2024,나바9931,in_age_041,5
2024,나바9931,in_age_042,5
2024,나바9931,in_age_043,0
2024,나바9931,in_age_044,5
2024,나바9931,in_age_045,5
2024,나바9931,in_age_046,5
2024,나바9931,in_age_047,0
2024,나바9931,in_age_048,0
2024,나바9931,in_age_062,5
2024,나바9931,in_age_063,0
2024,나바9931,in_age_069,8
2024,나바9931,in_age_070,0
2024,나바9931,in_age_072,8
2024,나바9931,in_age_073,5
2024,나바9931,in_age_074,5
2024,나바9931,in_age_075,5
2024,나바9931,in_age_076,5
2024,나바9931,in_age_077,5
2024,나바9931,in_age_078,5
2024,나바9931,to_in_001,48
2024,나바9931,to_in_007,23
2024,나바9931,to_in_008,23
2024,나바9932,in_age_002,5
2024,나바9932,in_age_005,0
2024,나바9932,in_age_007,0
2024,나바9932,in_age_008,0
2024,나바9932,in_age_009,0
2024,나바9932,in_age_010,5
2024,나바9932,in_age_011,5
2024,나바9932,in_age_012,5
2024,나바9932,in_age_013,5
2024,나바9932,in_age_014,5
2024,나바9932,in_age_016,0
2024,나바9932,in_age_017,0
2024,나바9932,in_age_019,0
2024,나바9932,in_age_032,5
2024,나바9932,in_age_035,0
2024,나바9932,in_age_039,0
2024,나바9932,in_age_040,5
2024,나바9932,in_age_041,0
2024,나바9932,in_age_043,5
2024,나바9932,in_age_044,5
2024,나바9932,in_age_067,0
2024,나바9932,in_age_068,0
2024,나바9932,in_age_070,0
2024,나바9932,in_age_071,0
2024,나바9932,in_age_072,5
2024,나바9932,in_age_073,5
2024,나바9932,in_age_074,0
2024,나바9932,in_age_076,0
2024,나바9932,in_age_077,0
2024,나바9932,in_age_079,0
2024,나바9932,to_in_001,23
2024,나바9932,to_in_007,8
2024,나바9932,to_in_008,13
2024,나바9933,in_age_007,0
2024,나바9933,in_age_008,0
2024,나바9933,in_age_009,0
2024,나바9933,in_age_012,5
2024,나바9933,in_age_013,5
2024,나바9933,in_age_014,5
2024,나바9933,in_age_015,5
2024,나바9933,in_age_017,5
2024,나바9933,in_age_037,0
2024,나바9933,in_age_038,0
2024,나바9933,in_age_043,5
2024,나바9933,in_age_045,5
2024,나바9933,in_age_069,0
2024,나바9933,in_age_072,5
2024,나바9933,in_age_074,5
2024,나바9933,in_age_077,5
2024,나바9933,to_in_001,8
2024,나바9933,to_in_007,5
2024,나바9933,to_in_008,8
2024,나바9934,in_age_007,0
2024,나바9934,in_age_012,5
2024,나바9934,in_age_013,5
2024,나바9934,in_age_014,5
2024,나바9934,in_age_015,5
2024,나바9934,in_age_016,5
2024,나바9934,in_age_017,5
2024,나바9934,in_age_018,0
2024,나바9934,in_age_037,0
2024,나바9934,in_age_042,5
2024,나바9934,in_age_043,0
2024,나바9934,in_age_044,5
2024,나바9934,in_age_045,5
2024,나바9934,in_age_046,0
2024,나바9934,in_age_047,5
2024,나바9934,in_age_072,5
2024,나바9934,in_age_073,0
2024,나바9934,in_age_074,5
2024,나바9934,in_age_075,0
2024,나바9934,in_age_076,5
2024,나바9934,in_age_077,5
2024,나바9934,in_age_078,0
2024,나바9934,to_in_001,23
2024,나바9934,to_in_007,13
2024,나바9934,to_in_008,13
2024,나바9935,in_age_003,5
2024,나바9935,in_age_004,0
2024,나바9935,in_age_009,5
2024,나바9935,in_age_010,5
2024,나바9935,in_age_012,5
2024,나바9935,in_age_013,5
2024,나바9935,in_age_014,8
2024,나바9935,in_age_015,13
2024,나바9935,in_age_016,8
2024,나바9935,in_age_017,5
2024,나바9935,in_age_018,8
2024,나바9935,in_age_019,0
2024,나바9935,in_age_034,0
2024,나바9935,in_age_039,5
2024,나바9935,in_age_040,0
2024,나바9935,in_age_042,0
2024,나바9935,in_age_043,5
2024,나바9935,in_age_044,8
2024,나바9935,in_age_045,8
2024,나바9935,in_age_046,5
2024,나바9935,in_age_047,0
2024,나바9935,in_age_048,0
2024,나바9935,in_age_063,5
2024,나바9935,in_age_069,0
2024,나바9935,in_age_070,0
2024,나바9935,in_age_072,5
2024,나바9935,in_age_073,5
2024,나바9935,in_age_074,5
2024,나바9935,in_age_075,8
2024,나바9935,in_age_076,5
2024,나바9935,in_age_077,5
2024,나바9935,in_age_078,8
2024,나바9935,in_age_079,0
2024,나바9935,to_in_001,48
2024,나바9935,to_in_007,23
2024,나바9935,to_in_008,28
2024,나바9936,in_age_006,5
2024,나바9936,in_age_007,5
2024,나바9936,in_age_008,0
2024,나바9936,in_age_009,0
2024,나바9936,in_age_010,5
2024,나바9936,in_age_011,5
2024,나바9936,in_age_012,5
2024,나바9936,in_age_013,8
2024,나바9936,in_age_014,5
2024,나바9936,in_age_015,5
2024,나바9936,in_age_016,5
2024,나바9936,in_age_017,5
2024,나바9936,in_age_019,0
2024,나바9936,in_age_036,5
2024,나바9936,in_age_037,5
2024,나바9936,in_age_038,0
2024,나바9936,in_age_039,0
2024,나바9936,in_age_040,5
2024,나바9936,in_age_042,5
2024,나바9936,in_age_043,5
2024,나바9936,in_age_044,5
2024,나바9936,in_age_045,0
2024,나바9936,in_age_046,5
2024,나바9936,in_age_049,0
2024,나바9936,in_age_066,0
2024,나바9936,in_age_071,5
2024,나바9936,in_age_072,0
2024,나바9936,in_age_073,5
2024,나바9936,in_age_074,0
2024,나바9936,in_age_075,5
2024,나바9936,in_age_077,5
2024,나바9936,to_in_001,33
2024,나바9936,to_in_007,18
2024,나바9936,to_in_008,13
2024,나바9937,in_age_004,5
2024,나바9937,in_age_010,5
2024,나바9937,in_age_011,5
2024,나바9937,in_age_013,5
2024,나바9937,in_age_014,13
2024,나바9937,in_age_015,0
2024,나바9937,in_age_016,8
2024,나바9937,in_age_018,0
2024,나바9937,in_age_034,0
2024,나바9937,in_age_040,0
2024,나바9937,in_age_041,5
2024,나바9937,in_age_043,5
2024,나바9937,in_age_044,8
2024,나바9937,in_age_045,0
2024,나바9937,in_age_046,0
2024,나바9937,in_age_048,0
2024,나바9937,in_age_064,0
2024,나바9937,in_age_070,5
2024,나바9937,in_age_071,0
2024,나바9937,in_age_073,5
2024,나바9937,in_age_074,8
2024,나바9937,in_age_076,8
2024,나바9937,to_in_001,28
2024,나바9937,to_in_007,18
2024,나바9937,to_in_008,13
2024,나바9938,in_age_011,0
2024,나바9938,in_age_012,0
2024,나바9938,in_age_013,0
2024,나바9938,in_age_014,0
2024,나바9938,in_age_015,0
2024,나바9938,in_age_042,0
2024,나바9938,in_age_043,0
2024,나바9938,in_age_045,0
2024,나바9938,in_age_071,0
2024,나바9938,in_age_074,0
2024,나바9938,to_in_001,5
2024,나바9938,to_in_007,5
2024,나바9938,to_in_008,5
2024,나바9939,in_age_006,5
2024,나바9939,in_age_010,0
2024,나바9939,in_age_012,5
2024,나바9939,in_age_040,0
2024,나바9939,in_age_042,5
2024,나바9939,in_age_066,5
2024,나바9939,to_in_001,8
2024,나바9939,to_in_007,5
2024,나바9939,to_in_008,5
2024,나바9940,in_age_008,5
2024,나바9940,in_age_009,0
2024,나바9940,in_age_011,0
2024,나바9940,in_age_012,5
2024,나바9940,in_age_014,5
2024,나바9940,in_age_015,0
2024,나바9940,in_age_016,5
2024,나바9940,in_age_042,5
2024,나바9940,in_age_044,0
2024,나바9940,in_age_045,0
2024,나바9940,in_age_068,5
2024,나바9940,in_age_069,0
2024,나바9940,in_age_071,0
2024,나바9940,in_age_074,5
2024,나바9940,in_age_076,5
2024,나바9940,to_in_001,8
2024,나바9940,to_in_007,5
2024,나바9940,to_in_008,8
2024,나바9941,in_age_003,0
2024,나바9941,in_age_009,5
2024,나바9941,in_age_011,0
2024,나바9941,in_age_015,5
2024,나바9941,in_age_016,0
2024,나바9941,in_age_017,5
2024,나바9941,in_age_041,0
2024,나바9941,in_age_045,5
2024,나바9941,in_age_047,0
2024,나바9941,in_age_063,0
2024,나바9941,in_age_069,5
2024,나바9941,in_age_075,5
2024,나바9941,in_age_076,0
2024,나바9941,in_age_077,0
2024,나바9941,to_in_001,8
2024,나바9941,to_in_007,5
2024,나바9941,to_in_008,8
2024,나바9942,in_age_012,0
2024,나바9942,in_age_014,5
2024,나바9942,in_age_015,0
2024,나바9942,in_age_042,0
2024,나바9942,in_age_045,0
2024,나바9942,in_age_074,5
2024,나바9942,to_in_001,5
2024,나바9942,to_in_007,5
2024,나바9942,to_in_008,5
2024,나바9943,in_age_016,5
2024,나바9943,in_age_046,0
2024,나바9943,in_age_076,5
2024,나바9943,to_in_001,5
2024,나바9943,to_in_007,0
2024,나바9943,to_in_008,5
2024,나바9944,in_age_001,0
2024,나바9944,in_age_002,0
2024,나바9944,in_age_003,5
2024,나바9944,in_age_004,5
2024,나바9944,in_age_005,5
2024,나바9944,in_age_006,5
2024,나바9944,in_age_007,5
2024,나바9944,in_age_009,5
2024,나바9944,in_age_010,8
2024,나바9944,in_age_011,13
2024,나바9944,in_age_012,13
2024,나바9944,in_age_013,13
2024,나바9944,in_age_014,13
2024,나바9944,in_age_015,8
2024,나바9944,in_age_016,8
2024,나바9944,in_age_017,5
2024,나바9944,in_age_018,5
2024,나바9944,in_age_020,0
2024,나바9944,in_age_031,0
2024,나바9944,in_age_033,5
2024,나바9944,in_age_035,5
2024,나바9944,in_age_036,5
2024,나바9944,in_age_037,0
2024,나바9944,in_age_039,0
2024,나바9944,in_age_040,5
2024,나바9944,in_age_041,8
2024,나바9944,in_age_042,8
2024,나바9944,in_age_043,8
2024,나바9944,in_age_044,8
2024,나바9944,in_age_045,8
2024,나바9944,in_age_046,5
2024,나바9944,in_age_047,5
2024,나바9944,in_age_048,5
2024,나바9944,in_age_062,0
2024,나바9944,in_age_063,5
2024,나바9944,in_age_064,5
2024,나바9944,in_age_065,5
2024,나바9944,in_age_066,0
2024,나바9944,in_age_067,5
2024,나바9944,in_age_069,5
2024,나바9944,in_age_070,5
2024,나바9944,in_age_071,8
2024,나바9944,in_age_072,8
2024,나바9944,in_age_073,8
2024,나바9944,in_age_074,8
2024,나바9944,in_age_075,5
2024,나바9944,in_age_076,8
2024,나바9944,in_age_077,5
2024,나바9944,in_age_080,0
2024,나바9944,to_in_001,103
2024,나바9944,to_in_007,53
2024,나바9944,to_in_008,53
2024,나바9945,in_age_001,5
2024,나바9945,in_age_002,0
2024,나바9945,in_age_005,0
2024,나바9945,in_age_007,0
2024,나바9945,in_age_008,0
2024,나바9945,in_age_010,8
2024,나바9945,in_age_011,5
2024,나바9945,in_age_012,8
2024,나바9945,in_age_013,13
2024,나바9945,in_age_014,18
2024,나바9945,in_age_015,8
2024,나바9945,in_age_016,8
2024,나바9945,in_age_017,8
2024,나바9945,in_age_018,5
2024,나바9945,in_age_019,5
2024,나바9945,in_age_020,5
2024,나바9945,in_age_031,0
2024,나바9945,in_age_037,0
2024,나바9945,in_age_040,5
2024,나바9945,in_age_041,5
2024,나바9945,in_age_042,5
2024,나바9945,in_age_043,8
2024,나바9945,in_age_044,8
2024,나바9945,in_age_045,5
2024,나바9945,in_age_046,5
2024,나바9945,in_age_047,5
2024,나바9945,in_age_048,5
2024,나바9945,in_age_061,5
2024,나바9945,in_age_062,0
2024,나바9945,in_age_065,0
2024,나바9945,in_age_068,0
2024,나바9945,in_age_070,5
2024,나바9945,in_age_071,0
2024,나바9945,in_age_072,5
2024,나바9945,in_age_073,5
2024,나바9945,in_age_074,8
2024,나바9945,in_age_075,8
2024,나바9945,in_age_076,8
2024,나바9945,in_age_077,5
2024,나바9945,in_age_078,5
2024,나바9945,in_age_079,5
2024,나바9945,in_age_080,5
2024,나바9945,to_in_001,88
2024,나바9945,to_in_007,43
2024,나바9945,to_in_008,43
2024,나바9947,in_age_009,5
2024,나바9947,in_age_012,5
2024,나바9947,in_age_013,5
2024,나바9947,in_age_014,5
2024,나바9947,in_age_015,5
2024,나바9947,in_age_016,0
2024,나바9947,in_age_017,5
2024,나바9947,in_age_039,5
2024,나바9947,in_age_042,0
2024,나바9947,in_age_043,0
2024,나바9947,in_age_044,5
2024,나바9947,in_age_045,0
2024,나바9947,in_age_046,0
2024,나바9947,in_age_072,0
2024,나바9947,in_age_073,5
2024,나바9947,in_age_074,0
2024,나바9947,in_age_075,5
2024,나바9947,in_age_077,5
2024,나바9947,to_in_001,18
2024,나바9947,to_in_007,8
2024,나바9947,to_in_008,8
2024,나바9948,in_age_002,5
2024,나바9948,in_age_003,5
2024,나바9948,in_age_004,0
2024,나바9948,in_age_006,5
2024,나바9948,in_age_008,5
2024,나바9948,in_age_009,5
2024,나바9948,in_age_010,5
2024,나바9948,in_age_011,5
2024,나바9948,in_age_012,5
2024,나바9948,in_age_013,8
2024,나바9948,in_age_014,8
2024,나바9948,in_age_015,5
2024,나바9948,in_age_016,5
2024,나바9948,in_age_017,8
2024,나바9948,in_age_018,5
2024,나바9948,in_age_032,5
2024,나바9948,in_age_033,0
2024,나바9948,in_age_036,5
2024,나바9948,in_age_038,0
2024,나바9948,in_age_039,0
2024,나바9948,in_age_040,5
2024,나바9948,in_age_041,5
2024,나바9948,in_age_042,0
2024,나바9948,in_age_043,5
2024,나바9948,in_age_044,5
2024,나바9948,in_age_045,5
2024,나바9948,in_age_046,5
2024,나바9948,in_age_047,5
2024,나바9948,in_age_063,5
2024,나바9948,in_age_064,0
2024,나바9948,in_age_068,0
2024,나바9948,in_age_069,0
2024,나바9948,in_age_070,0
2024,나바9948,in_age_071,0
2024,나바9948,in_age_072,5
2024,나바9948,in_age_073,0
2024,나바9948,in_age_074,5
2024,나바9948,in_age_075,5
2024,나바9948,in_age_076,0
2024,나바9948,in_age_077,5
2024,나바9948,in_age_078,5
2024,나바9948,to_in_001,48
2024,나바9948,to_in_007,23
2024,나바9948,to_in_008,23
2024,나바9949,in_age_003,0
2024,나바9949,in_age_004,0
2024,나바9949,in_age_008,5
2024,나바9949,in_age_009,0
2024,나바9949,in_age_010,5
2024,나바9949,in_age_011,5
2024,나바9949,in_age_012,5
2024,나바9949,in_age_013,5
2024,나바9949,in_age_014,5
2024,나바9949,in_age_015,5
2024,나바9949,in_age_016,5
2024,나바9949,in_age_017,5
2024,나바9949,in_age_018,5
2024,나바9949,in_age_019,5
2024,나바9949,in_age_038,0
2024,나바9949,in_age_040,0
2024,나바9949,in_age_041,5
2024,나바9949,in_age_042,5
2024,나바9949,in_age_043,0
2024,나바9949,in_age_044,0
2024,나바9949,in_age_045,5
2024,나바9949,in_age_046,5
2024,나바9949,in_age_047,5
2024,나바9949,in_age_048,0
2024,나바9949,in_age_049,5
2024,나바9949,in_age_063,0
2024,나바9949,in_age_064,0
2024,나바9949,in_age_068,0
2024,나바9949,in_age_069,0
2024,나바9949,in_age_070,0
2024,나바9949,in_age_073,5
2024,나바9949,in_age_074,5
2024,나바9949,in_age_075,0
2024,나바9949,in_age_076,5
2024,나바9949,in_age_077,5
2024,나바9949,in_age_078,5
2024,나바9949,to_in_001,43
2024,나바9949,to_in_007,18
2024,나바9949,to_in_008,23
2024,나바9950,in_age_005,0
2024,나바9950,in_age_007,0
2024,나바9950,in_age_009,0
2024,나바9950,in_age_010,0
2024,나바9950,in_age_011,5
2024,나바9950,in_age_013,5
2024,나바9950,in_age_014,5
2024,나바9950,in_age_015,5
2024,나바9950,in_age_017,0
2024,나바9950,in_age_035,0
2024,나바9950,in_age_037,0
2024,나바9950,in_age_039,0
2024,나바9950,in_age_041,5
2024,나바9950,in_age_043,0
2024,나바9950,in_age_044,0
2024,나바9950,in_age_045,0
2024,나바9950,in_age_070,0
2024,나바9950,in_age_073,5
2024,나바9950,in_age_074,5
2024,나바9950,in_age_075,5
2024,나바9950,in_age_077,0
2024,나바9950,to_in_001,18
2024,나바9950,to_in_007,8
2024,나바9950,to_in_008,8
2024,나바9951,in_age_003,8
2024,나바9951,in_age_004,0
2024,나바9951,in_age_005,5
2024,나바9951,in_age_007,5
2024,나바9951,in_age_008,0
2024,나바9951,in_age_009,0
2024,나바9951,in_age_010,5
2024,나바9951,in_age_011,5
2024,나바9951,in_age_012,5
2024,나바9951,in_age_013,5
2024,나바9951,in_age_014,13
2024,나바9951,in_age_015,8
2024,나바9951,in_age_016,5
2024,나바9951,in_age_017,8
2024,나바9951,in_age_018,5
2024,나바9951,in_age_019,5
2024,나바9951,in_age_033,5
2024,나바9951,in_age_034,0
2024,나바9951,in_age_035,5
2024,나바9951,in_age_037,5
2024,나바9951,in_age_040,5
2024,나바9951,in_age_041,0
2024,나바9951,in_age_042,0
2024,나바9951,in_age_043,0
2024,나바9951,in_age_044,8
2024,나바9951,in_age_045,5
2024,나바9951,in_age_046,0
2024,나바9951,in_age_047,5
2024,나바9951,in_age_048,5
2024,나바9951,in_age_063,5
2024,나바9951,in_age_068,0
2024,나바9951,in_age_069,0
2024,나바9951,in_age_071,5
2024,나바9951,in_age_072,5
2024,나바9951,in_age_073,0
2024,나바9951,in_age_074,8
2024,나바9951,in_age_075,5
2024,나바9951,in_age_076,5
2024,나바9951,in_age_077,5
2024,나바9951,in_age_078,0
2024,나바9951,in_age_079,5
2024,나바9951,to_in_001,53
2024,나바9951,to_in_007,33
2024,나바9951,to_in_008,23
2024,나바9952,in_age_010,0
2024,나바9952,in_age_014,0
2024,나바9952,in_age_015,5
2024,나바9952,in_age_017,5
2024,나바9952,in_age_018,0
2024,나바9952,in_age_040,0
2024,나바9952,in_age_044,0
2024,나바9952,in_age_045,0
2024,나바9952,in_age_047,5
2024,나바9952,in_age_075,5
2024,나바9952,in_age_077,0
2024,나바9952,in_age_078,0
2024,나바9952,to_in_001,8
2024,나바9952,to_in_007,5
2024,나바9952,to_in_008,5
2024,나바9953,in_age_013,0
2024,나바9953,in_age_016,5
2024,나바9953,in_age_017,5
2024,나바9953,in_age_018,0
2024,나바9953,in_age_043,0
2024,나바9953,in_age_046,0
2024,나바9953,in_age_076,0
2024,나바9953,in_age_077,5
2024,나바9953,in_age_078,0
2024,나바9953,to_in_001,5
2024,나바9953,to_in_007,5
2024,나바9953,to_in_008,5
2024,나바9954,in_age_004,0
2024,나바9954,in_age_005,5
2024,나바9954,in_age_008,0
2024,나바9954,in_age_009,0
2024,나바9954,in_age_010,5
2024,나바9954,in_age_011,0
2024,나바9954,in_age_012,8
2024,나바9954,in_age_013,5
2024,나바9954,in_age_014,13
2024,나바9954,in_age_015,8
2024,나바9954,in_age_016,13
2024,나바9954,in_age_017,8
2024,나바9954,in_age_018,8
2024,나바9954,in_age_019,5
2024,나바9954,in_age_035,0
2024,나바9954,in_age_038,0
2024,나바9954,in_age_039,0
2024,나바9954,in_age_040,5
2024,나바9954,in_age_041,0
2024,나바9954,in_age_042,0
2024,나바9954,in_age_043,0
2024,나바9954,in_age_044,8
2024,나바9954,in_age_045,5
2024,나바9954,in_age_046,8
2024,나바9954,in_age_047,5
2024,나바9954,in_age_048,5
2024,나바9954,in_age_049,0
2024,나바9954,in_age_064,0
2024,나바9954,in_age_065,0
2024,나바9954,in_age_070,0
2024,나바9954,in_age_072,5
2024,나바9954,in_age_073,5
2024,나바9954,in_age_074,8
2024,나바9954,in_age_075,5
2024,나바9954,in_age_076,8
2024,나바9954,in_age_077,8
2024,나바9954,in_age_078,5
2024,나바9954,in_age_079,5
2024,나바9954,to_in_001,73
2024,나바9954,to_in_007,33
2024,나바9954,to_in_008,38
2024,나바9955,in_age_012,0
2024,나바9955,in_age_017,0
2024,나바9955,in_age_018,0
2024,나바9955,in_age_042,0
2024,나바9955,in_age_077,0
2024,나바9955,in_age_078,0
2024,나바9955,to_in_001,5
2024,나바9955,to_in_007,0
2024,나바9955,to_in_008,5
2024,나바9957,in_age_007,0
2024,나바9957,in_age_008,5
2024,나바9957,in_age_012,5
2024,나바9957,in_age_013,0
2024,나바9957,in_age_014,0
2024,나바9957,in_age_015,5
2024,나바9957,in_age_017,0
2024,나바9957,in_age_037,0
2024,나바9957,in_age_038,5
2024,나바9957,in_age_042,5
2024,나바9957,in_age_043,0
2024,나바9957,in_age_044,0
2024,나바9957,in_age_045,5
2024,나바9957,in_age_075,5
2024,나바9957,in_age_077,0
2024,나바9957,to_in_001,13
2024,나바9957,to_in_007,8
2024,나바9957,to_in_008,5
2024,나바9958,in_age_001,0
2024,나바9958,in_age_002,0
2024,나바9958,in_age_004,5
2024,나바9958,in_age_005,5
2024,나바9958,in_age_006,5
2024,나바9958,in_age_007,8
2024,나바9958,in_age_008,8
2024,나바9958,in_age_009,5
2024,나바9958,in_age_010,5
2024,나바9958,in_age_011,0
2024,나바9958,in_age_012,13
2024,나바9958,in_age_013,13
2024,나바9958,in_age_014,23
2024,나바9958,in_age_015,23
2024,나바9958,in_age_016,13
2024,나바9958,in_age_017,8
2024,나바9958,in_age_018,8
2024,나바9958,in_age_019,8
2024,나바9958,in_age_035,5
2024,나바9958,in_age_036,5
2024,나바9958,in_age_037,8
2024,나바9958,in_age_038,5
2024,나바9958,in_age_039,5
2024,나바9958,in_age_040,5
2024,나바9958,in_age_041,0
2024,나바9958,in_age_042,8
2024,나바9958,in_age_043,5
2024,나바9958,in_age_044,13
2024,나바9958,in_age_045,13
2024,나바9958,in_age_046,8
2024,나바9958,in_age_047,5
2024,나바9958,in_age_048,5
2024,나바9958,in_age_049,8
2024,나바9958,in_age_061,0
2024,나바9958,in_age_062,0
2024,나바9958,in_age_064,5
2024,나바9958,in_age_066,0
2024,나바9958,in_age_068,5
2024,나바9958,in_age_070,0
2024,나바9958,in_age_072,8
2024,나바9958,in_age_073,8
2024,나바9958,in_age_074,8
2024,나바9958,in_age_075,8
2024,나바9958,in_age_076,8
2024,나바9958,in_age_077,8
2024,나바9958,in_age_078,8
2024,나바9958,in_age_079,0
2024,나바9958,to_in_001,128
2024,나바9958,to_in_007,68
2024,나바9958,to_in_008,63
2024,나바9959,in_age_002,5
2024,나바9959,in_age_003,5
2024,나바9959,in_age_004,5
2024,나바9959,in_age_005,5
2024,나바9959,in_age_007,5
2024,나바9959,in_age_008,8
2024,나바9959,in_age_009,0
2024,나바9959,in_age_010,5
2024,나바9959,in_age_011,8
2024,나바9959,in_age_012,8
2024,나바9959,in_age_013,8
2024,나바9959,in_age_014,18
2024,나바9959,in_age_015,8
2024,나바9959,in_age_016,8
2024,나바9959,in_age_017,8
2024,나바9959,in_age_018,13
2024,나바9959,in_age_019,8
2024,나바9959,in_age_033,0
2024,나바9959,in_age_034,5
2024,나바9959,in_age_035,5
2024,나바9959,in_age_037,0
2024,나바9959,in_age_038,8
2024,나바9959,in_age_039,0
2024,나바9959,in_age_040,5
2024,나바9959,in_age_041,5
2024,나바9959,in_age_042,5
2024,나바9959,in_age_043,5
2024,나바9959,in_age_044,8
2024,나바9959,in_age_045,5
2024,나바9959,in_age_046,5
2024,나바9959,in_age_047,5
2024,나바9959,in_age_048,5
2024,나바9959,in_age_049,5
2024,나바9959,in_age_062,5
2024,나바9959,in_age_063,0
2024,나바9959,in_age_065,0
2024,나바9959,in_age_067,5
2024,나바9959,in_age_068,0
2024,나바9959,in_age_071,0
2024,나바9959,in_age_072,8
2024,나바9959,in_age_073,8
2024,나바9959,in_age_074,13
2024,나바9959,in_age_075,8
2024,나바9959,in_age_076,5
2024,나바9959,in_age_077,5
2024,나바9959,in_age_078,8
2024,나바9959,in_age_079,5
2024,나바9959,to_in_001,93
2024,나바9959,to_in_007,48
2024,나바9959,to_in_008,48
2024,나바9960,in_age_002,0
2024,나바9960,in_age_004,5
2024,나바9960,in_age_005,8
2024,나바9960,in_age_008,0
2024,나바9960,in_age_009,8
2024,나바9960,in_age_010,5
2024,나바9960,in_age_011,0
2024,나바9960,in_age_012,8
2024,나바9960,in_age_013,8
2024,나바9960,in_age_014,13
2024,나바9960,in_age_015,8
2024,나바9960,in_age_016,8
2024,나바9960,in_age_017,8
2024,나바9960,in_age_018,5
2024,나바9960,in_age_019,5
2024,나바9960,in_age_020,5
2024,나바9960,in_age_032,0
2024,나바9960,in_age_034,5
2024,나바9960,in_age_035,5
2024,나바9960,in_age_038,0
2024,나바9960,in_age_039,5
2024,나바9960,in_age_040,5
2024,나바9960,in_age_041,0
2024,나바9960,in_age_042,5
2024,나바9960,in_age_043,5
2024,나바9960,in_age_044,8
2024,나바9960,in_age_045,5
2024,나바9960,in_age_046,8
2024,나바9960,in_age_047,5
2024,나바9960,in_age_048,0
2024,나바9960,in_age_065,5
2024,나바9960,in_age_069,5
2024,나바9960,in_age_070,0
2024,나바9960,in_age_072,5
2024,나바9960,in_age_073,5
2024,나바9960,in_age_074,8
2024,나바9960,in_age_075,8
2024,나바9960,in_age_076,5
2024,나바9960,in_age_077,5
2024,나바9960,in_age_078,0
2024,나바9960,in_age_079,5
2024,나바9960,in_age_080,5
2024,나바9960,to_in_001,83
2024,나바9960,to_in_007,38
2024,나바9960,to_in_008,43
2024,나바9961,in_age_001,0
2024,나바9961,in_age_004,0
2024,나바9961,in_age_005,8
2024,나바9961,in_age_006,5
2024,나바9961,in_age_007,5
2024,나바9961,in_age_008,0
2024,나바9961,in_age_009,8
2024,나바9961,in_age_010,8
2024,나바9961,in_age_011,8
2024,나바9961,in_age_012,8
2024,나바9961,in_age_013,18
2024,나바9961,in_age_014,13
2024,나바9961,in_age_015,8
2024,나바9961,in_age_016,18
2024,나바9961,in_age_017,13
2024,나바9961,in_age_018,5
2024,나바9961,in_age_019,5
2024,나바9961,in_age_034,0
2024,나바9961,in_age_035,5
2024,나바9961,in_age_036,5
2024,나바9961,in_age_037,5
2024,나바9961,in_age_038,0
2024,나바9961,in_age_039,5
2024,나바9961,in_age_040,5
2024,나바9961,in_age_041,5
2024,나바9961,in_age_042,5
2024,나바9961,in_age_043,8
2024,나바9961,in_age_044,5
2024,나바9961,in_age_045,8
2024,나바9961,in_age_046,8
2024,나바9961,in_age_047,8
2024,나바9961,in_age_048,0
2024,나바9961,in_age_061,0
2024,나바9961,in_age_065,5
2024,나바9961,in_age_066,0
2024,나바9961,in_age_067,0
2024,나바9961,in_age_069,5
2024,나바9961,in_age_070,0
2024,나바9961,in_age_071,5
2024,나바9961,in_age_072,5
2024,나바9961,in_age_073,13
2024,나바9961,in_age_074,8
2024,나바9961,in_age_075,5
2024,나바9961,in_age_076,8
2024,나바9961,in_age_077,8
2024,나바9961,in_age_078,5
2024,나바9961,in_age_079,5
2024,나바9961,to_in_001,113
2024,나바9961,to_in_007,53
2024,나바9961,to_in_008,58
2024,나바9962,in_age_001,0
2024,나바9962,in_age_002,5
2024,나바9962,in_age_003,8
2024,나바9962,in_age_004,8
2024,나바9962,in_age_005,5
2024,나바9962,in_age_006,5
2024,나바9962,in_age_007,8
2024,나바9962,in_age_008,5
2024,나바9962,in_age_009,8
2024,나바9962,in_age_010,8
2024,나바9962,in_age_011,13
2024,나바9962,in_age_012,13
2024,나바9962,in_age_013,23
2024,나바9962,in_age_014,18
2024,나바9962,in_age_015,18
2024,나바9962,in_age_016,13
2024,나바9962,in_age_017,8
2024,나바9962,in_age_018,13
2024,나바9962,in_age_019,5
2024,나바9962,in_age_021,0
2024,나바9962,in_age_031,0
2024,나바9962,in_age_032,5
2024,나바9962,in_age_033,5
2024,나바9962,in_age_034,5
2024,나바9962,in_age_035,0
2024,나바9962,in_age_036,0
2024,나바9962,in_age_037,5
2024,나바9962,in_age_038,5
2024,나바9962,in_age_039,5
2024,나바9962,in_age_040,8
2024,나바9962,in_age_041,8
2024,나바9962,in_age_042,8
2024,나바9962,in_age_043,13
2024,나바9962,in_age_044,13
2024,나바9962,in_age_045,8
2024,나바9962,in_age_046,8
2024,나바9962,in_age_047,8
2024,나바9962,in_age_048,5
2024,나바9962,in_age_049,5
2024,나바9962,in_age_062,0
2024,나바9962,in_age_063,5
2024,나바9962,in_age_064,5
2024,나바9962,in_age_065,5
2024,나바9962,in_age_066,0
2024,나바9962,in_age_067,5
2024,나바9962,in_age_068,0
2024,나바9962,in_age_069,5
2024,나바9962,in_age_070,5
2024,나바9962,in_age_071,5
2024,나바9962,in_age_072,8
2024,나바9962,in_age_073,8
2024,나바9962,in_age_074,8
2024,나바9962,in_age_075,8
2024,나바9962,in_age_076,5
2024,나바9962,in_age_077,8
2024,나바9962,in_age_078,8
2024,나바9962,in_age_079,5
2024,나바9962,in_age_081,0
2024,나바9962,to_in_001,168
2024,나바9962,to_in_007,93
2024,나바9962,to_in_008,73
2024,나바9963,in_age_001,0
2024,나바9963,in_age_003,5
2024,나바9963,in_age_004,0
2024,나바9963,in_age_005,5
2024,나바9963,in_age_006,5
2024,나바9963,in_age_007,0
2024,나바9963,in_age_008,5
2024,나바9963,in_age_009,5
2024,나바9963,in_age_010,5
2024,나바9963,in_age_011,8
2024,나바9963,in_age_012,8
2024,나바9963,in_age_013,8
2024,나바9963,in_age_014,8
2024,나바9963,in_age_015,8
2024,나바9963,in_age_016,8
2024,나바9963,in_age_017,8
2024,나바9963,in_age_020,5
2024,나바9963,in_age_031,0
2024,나바9963,in_age_033,0
2024,나바9963,in_age_034,0
2024,나바9963,in_age_035,0
2024,나바9963,in_age_037,0
2024,나바9963,in_age_038,5
2024,나바9963,in_age_039,0
2024,나바9963,in_age_040,5
2024,나바9963,in_age_041,5
2024,나바9963,in_age_042,8
2024,나바9963,in_age_043,8
2024,나바9963,in_age_044,5
2024,나바9963,in_age_045,8
2024,나바9963,in_age_046,8
2024,나바9963,in_age_047,5
2024,나바9963,in_age_063,5
2024,나바9963,in_age_065,0
2024,나바9963,in_age_066,5
2024,나바9963,in_age_069,5
2024,나바9963,in_age_071,5
2024,나바9963,in_age_072,5
2024,나바9963,in_age_073,8
2024,나바9963,in_age_074,5
2024,나바9963,in_age_075,5
2024,나바9963,in_age_076,0
2024,나바9963,in_age_077,8
2024,나바9963,in_age_080,5
2024,나바9963,to_in_001,63
2024,나바9963,to_in_007,33
2024,나바9963,to_in_008,28
2024,나바9964,in_age_005,0
2024,나바9964,in_age_006,5
2024,나바9964,in_age_007,5
2024,나바9964,in_age_008,0
2024,나바9964,in_age_010,5
2024,나바9964,in_age_011,5
2024,나바9964,in_age_012,8
2024,나바9964,in_age_013,13
2024,나바9964,in_age_014,13
2024,나바9964,in_age_015,13
2024,나바9964,in_age_016,8
2024,나바9964,in_age_017,5
2024,나바9964,in_age_018,5
2024,나바9964,in_age_019,8
2024,나바9964,in_age_020,0
2024,나바9964,in_age_036,5
2024,나바9964,in_age_037,5
2024,나바9964,in_age_038,0
2024,나바9964,in_age_040,5
2024,나바9964,in_age_041,5
2024,나바9964,in_age_042,8
2024,나바9964,in_age_043,8
2024,나바9964,in_age_044,8
2024,나바9964,in_age_045,8
2024,나바9964,in_age_046,5
2024,나바9964,in_age_047,5
2024,나바9964,in_age_048,0
2024,나바9964,in_age_049,8
2024,나바9964,in_age_065,0
2024,나바9964,in_age_066,5
2024,나바9964,in_age_070,0
2024,나바9964,in_age_071,5
2024,나바9964,in_age_072,5
2024,나바9964,in_age_073,5
2024,나바9964,in_age_074,8
2024,나바9964,in_age_075,8
2024,나바9964,in_age_076,5
2024,나바9964,in_age_077,5
2024,나바9964,in_age_078,5
2024,나바9964,in_age_079,0
2024,나바9964,in_age_080,0
2024,나바9964,to_in_001,78
2024,나바9964,to_in_007,43
2024,나바9964,to_in_008,33
2024,나바9965,in_age_003,0
2024,나바9965,in_age_004,0
2024,나바9965,in_age_007,5
2024,나바9965,in_age_009,5
2024,나바9965,in_age_011,5
2024,나바9965,in_age_012,8
2024,나바9965,in_age_013,8
2024,나바9965,in_age_014,8
2024,나바9965,in_age_015,8
2024,나바9965,in_age_016,8
2024,나바9965,in_age_017,8
2024,나바9965,in_age_033,0
2024,나바9965,in_age_034,0
2024,나바9965,in_age_037,5
2024,나바9965,in_age_039,0
2024,나바9965,in_age_041,0
2024,나바9965,in_age_042,5
2024,나바9965,in_age_043,8
2024,나바9965,in_age_044,5
2024,나바9965,in_age_045,5
2024,나바9965,in_age_046,8
2024,나바9965,in_age_047,5
2024,나바9965,in_age_069,0
2024,나바9965,in_age_071,0
2024,나바9965,in_age_072,5
2024,나바9965,in_age_074,8
2024,나바9965,in_age_075,5
2024,나바9965,in_age_076,5
2024,나바9965,in_age_077,5
2024,나바9965,to_in_001,43
2024,나바9965,to_in_007,23
2024,나바9965,to_in_008,18
2024,나바9966,in_age_002,0
2024,나바9966,in_age_003,5
2024,나바9966,in_age_004,5
2024,나바9966,in_age_005,5
2024,나바9966,in_age_006,0
2024,나바9966,in_age_007,0
2024,나바9966,in_age_008,5
2024,나바9966,in_age_009,5
2024,나바9966,in_age_010,8
2024,나바9966,in_age_011,5
2024,나바9966,in_age_012,8
2024,나바9966,in_age_013,13
2024,나바9966,in_age_014,18
2024,나바9966,in_age_015,8
2024,나바9966,in_age_016,8
2024,나바9966,in_age_017,5
2024,나바9966,in_age_018,5
2024,나바9966,in_age_019,5
2024,나바9966,in_age_033,0
2024,나바9966,in_age_035,5
2024,나바9966,in_age_036,0
2024,나바9966,in_age_037,0
2024,나바9966,in_age_038,0
2024,나바9966,in_age_039,0
2024,나바9966,in_age_040,8
2024,나바9966,in_age_041,5
2024,나바9966,in_age_042,5
2024,나바9966,in_age_043,8
2024,나바9966,in_age_044,8
2024,나바9966,in_age_045,5
2024,나바9966,in_age_046,8
2024,나바9966,in_age_047,0
2024,나바9966,in_age_048,0
2024,나바9966,in_age_049,5
2024,나바9966,in_age_062,0
2024,나바9966,in_age_063,5
2024,나바9966,in_age_064,5
2024,나바9966,in_age_068,0
2024,나바9966,in_age_069,0
2024,나바9966,in_age_070,0
2024,나바9966,in_age_071,0
2024,나바9966,in_age_072,5
2024,나바9966,in_age_073,8
2024,나바9966,in_age_074,8
2024,나바9966,in_age_075,5
2024,나바9966,in_age_076,5
2024,나바9966,in_age_077,5
2024,나바9966,in_age_078,5
2024,나바9966,in_age_079,0
2024,나바9966,to_in_001,88
2024,나바9966,to_in_007,48
2024,나바9966,to_in_008,38
2024,나바9967,in_age_013,5
2024,나바9967,in_age_014,5
2024,나바9967,in_age_016,0
2024,나바9967,in_age_018,5
2024,나바9967,in_age_019,0
2024,나바9967,in_age_044,5
2024,나바9967,in_age_046,0
2024,나바9967,in_age_049,0
2024,나바9967,in_age_073,5
2024,나바9967,in_age_078,5
2024,나바9967,to_in_001,8
2024,나바9967,to_in_007,5
2024,나바9967,to_in_008,5
2024,나바9969,in_age_007,0
2024,나바9969,in_age_008,5
2024,나바9969,in_age_010,0
2024,나바9969,in_age_011,5
2024,나바9969,in_age_012,5
2024,나바9969,in_age_013,8
2024,나바9969,in_age_014,8
2024,나바9969,in_age_015,5
2024,나바9969,in_age_016,8
2024,나바9969,in_age_017,5
2024,나바9969,in_age_018,5
2024,나바9969,in_age_037,0
2024,나바9969,in_age_038,5
2024,나바9969,in_age_040,0
2024,나바9969,in_age_042,0
2024,나바9969,in_age_043,5
2024,나바9969,in_age_044,5
2024,나바9969,in_age_045,5
2024,나바9969,in_age_046,5
2024,나바9969,in_age_047,5
2024,나바9969,in_age_048,0
2024,나바9969,in_age_071,5
2024,나바9969,in_age_072,0
2024,나바9969,in_age_073,5
2024,나바9969,in_age_074,5
2024,나바9969,in_age_075,0
2024,나바9969,in_age_076,8
2024,나바9969,in_age_077,0
2024,나바9969,in_age_078,5
2024,나바9969,to_in_001,38
2024,나바9969,to_in_007,18
2024,나바9969,to_in_008,23
2024,나바9970,in_age_003,0
2024,나바9970,in_age_004,0
2024,나바9970,in_age_005,5
2024,나바9970,in_age_006,5
2024,나바9970,in_age_007,0
2024,나바9970,in_age_009,0
2024,나바9970,in_age_010,5
2024,나바9970,in_age_011,8
2024,나바9970,in_age_012,8
2024,나바9970,in_age_013,8
2024,나바9970,in_age_014,8
2024,나바9970,in_age_015,13
2024,나바9970,in_age_016,13
2024,나바9970,in_age_017,13
2024,나바9970,in_age_018,8
2024,나바9970,in_age_019,0
2024,나바9970,in_age_020,5
2024,나바9970,in_age_033,0
2024,나바9970,in_age_035,5
2024,나바9970,in_age_036,5
2024,나바9970,in_age_040,5
2024,나바9970,in_age_041,5
2024,나바9970,in_age_042,8
2024,나바9970,in_age_043,8
2024,나바9970,in_age_044,5
2024,나바9970,in_age_045,5
2024,나바9970,in_age_046,8
2024,나바9970,in_age_047,8
2024,나바9970,in_age_064,0
2024,나바9970,in_age_067,0
2024,나바9970,in_age_069,0
2024,나바9970,in_age_071,5
2024,나바9970,in_age_072,5
2024,나바9970,in_age_073,5
2024,나바9970,in_age_074,5
2024,나바9970,in_age_075,8
2024,나바9970,in_age_076,8
2024,나바9970,in_age_077,8
2024,나바9970,in_age_078,8
2024,나바9970,in_age_079,0
2024,나바9970,in_age_080,5
2024,나바9970,to_in_001,98
2024,나바9970,to_in_007,48
2024,나바9970,to_in_008,48
2024,나바9971,in_age_001,5
2024,나바9971,in_age_002,5
2024,나바9971,in_age_003,5
2024,나바9971,in_age_004,5
2024,나바9971,in_age_006,5
2024,나바9971,in_age_007,5
2024,나바9971,in_age_008,5
2024,나바9971,in_age_009,8
2024,나바9971,in_age_010,5
2024,나바9971,in_age_011,8
2024,나바9971,in_age_012,8
2024,나바9971,in_age_013,18
2024,나바9971,in_age_014,23
2024,나바9971,in_age_015,13
2024,나바9971,in_age_016,13
2024,나바9971,in_age_017,13
2024,나바9971,in_age_018,13
2024,나바9971,in_age_019,5
2024,나바9971,in_age_031,0
2024,나바9971,in_age_032,5
2024,나바9971,in_age_033,0
2024,나바9971,in_age_034,0
2024,나바9971,in_age_036,5
2024,나바9971,in_age_037,0
2024,나바9971,in_age_038,0
2024,나바9971,in_age_039,5
2024,나바9971,in_age_040,5
2024,나바9971,in_age_041,5
2024,나바9971,in_age_042,5
2024,나바9971,in_age_043,8
2024,나바9971,in_age_044,8
2024,나바9971,in_age_045,8
2024,나바9971,in_age_046,5
2024,나바9971,in_age_047,5
2024,나바9971,in_age_048,5
2024,나바9971,in_age_061,5
2024,나바9971,in_age_063,5
2024,나바9971,in_age_064,5
2024,나바9971,in_age_066,5
2024,나바9971,in_age_067,5
2024,나바9971,in_age_068,0
2024,나바9971,in_age_069,5
2024,나바9971,in_age_070,5
2024,나바9971,in_age_071,5
2024,나바9971,in_age_072,5
2024,나바9971,in_age_073,13
2024,나바9971,in_age_074,13
2024,나바9971,in_age_075,8
2024,나바9971,in_age_076,8
2024,나바9971,in_age_077,8
2024,나바9971,in_age_078,8
2024,나바9971,in_age_079,5
2024,나바9971,to_in_001,143
2024,나바9971,to_in_007,63
2024,나바9971,to_in_008,78
2024,나바9972,in_age_001,0
2024,나바9972,in_age_002,5
2024,나바9972,in_age_003,5
2024,나바9972,in_age_004,5
2024,나바9972,in_age_005,5
2024,나바9972,in_age_006,5
2024,나바9972,in_age_008,5
2024,나바9972,in_age_009,5
2024,나바9972,in_age_010,5
2024,나바9972,in_age_011,5
2024,나바9972,in_age_012,13
2024,나바9972,in_age_013,13
2024,나바9972,in_age_014,5
2024,나바9972,in_age_015,5
2024,나바9972,in_age_016,8
2024,나바9972,in_age_017,13
2024,나바9972,in_age_018,8
2024,나바9972,in_age_019,5
2024,나바9972,in_age_020,0
2024,나바9972,in_age_031,0
2024,나바9972,in_age_032,0
2024,나바9972,in_age_033,5
2024,나바9972,in_age_034,0
2024,나바9972,in_age_035,5
2024,나바9972,in_age_036,5
2024,나바9972,in_age_038,5
2024,나바9972,in_age_039,5
2024,나바9972,in_age_041,5
2024,나바9972,in_age_042,8
2024,나바9972,in_age_043,8
2024,나바9972,in_age_045,5
2024,나바9972,in_age_046,5
2024,나바9972,in_age_047,8
2024,나바9972,in_age_048,5
2024,나바9972,in_age_062,0
2024,나바9972,in_age_063,5
2024,나바9972,in_age_064,5
2024,나바9972,in_age_068,5
2024,나바9972,in_age_069,5
2024,나바9972,in_age_070,5
2024,나바9972,in_age_071,0
2024,나바9972,in_age_072,8
2024,나바9972,in_age_073,5
2024,나바9972,in_age_074,5
2024,나바9972,in_age_075,0
2024,나바9972,in_age_076,8
2024,나바9972,in_age_077,8
2024,나바9972,in_age_078,5
2024,나바9972,in_age_079,5
2024,나바9972,in_age_080,0
2024,나바9972,to_in_001,93
2024,나바9972,to_in_007,48
2024,나바9972,to_in_008,48
2024,나바9973,in_age_012,0
2024,나바9973,in_age_017,5
2024,나바9973,in_age_018,5
2024,나바9973,in_age_042,0
2024,나바9973,in_age_048,0
2024,나바9973,in_age_077,5
2024,나바9973,in_age_078,0
2024,나바9973,to_in_001,5
2024,나바9973,to_in_007,5
2024,나바9973,to_in_008,5
2024,나바9975,in_age_003,0
2024,나바9975,in_age_004,8
2024,나바9975,in_age_005,5
2024,나바9975,in_age_006,5
2024,나바9975,in_age_007,5
2024,나바9975,in_age_008,5
2024,나바9975,in_age_009,8
2024,나바9975,in_age_010,8
2024,나바9975,in_age_011,13
2024,나바9975,in_age_012,18
2024,나바9975,in_age_013,18
2024,나바9975,in_age_014,23
2024,나바9975,in_age_015,18
2024,나바9975,in_age_016,8
2024,나바9975,in_age_017,8
2024,나바9975,in_age_018,8
2024,나바9975,in_age_019,0
2024,나바9975,in_age_034,8
2024,나바9975,in_age_035,5
2024,나바9975,in_age_036,5
2024,나바9975,in_age_037,5
2024,나바9975,in_age_038,5
2024,나바9975,in_age_039,5
2024,나바9975,in_age_040,5
2024,나바9975,in_age_041,8
2024,나바9975,in_age_042,13
2024,나바9975,in_age_043,8
2024,나바9975,in_age_044,8
2024,나바9975,in_age_045,8
2024,나바9975,in_age_046,5
2024,나바9975,in_age_047,5
2024,나바9975,in_age_048,5
2024,나바9975,in_age_063,0
2024,나바9975,in_age_064,8
2024,나바9975,in_age_068,0
2024,나바9975,in_age_069,0
2024,나바9975,in_age_070,5
2024,나바9975,in_age_071,8
2024,나바9975,in_age_072,8
2024,나바9975,in_age_073,8
2024,나바9975,in_age_074,13
2024,나바9975,in_age_075,8
2024,나바9975,in_age_076,8
2024,나바9975,in_age_077,5
2024,나바9975,in_age_078,5
2024,나바9975,in_age_079,0
2024,나바9975,to_in_001,148
2024,나바9975,to_in_007,78
2024,나바9975,to_in_008,68
2024,나바9976,in_age_004,0
2024,나바9976,in_age_007,5
2024,나바9976,in_age_008,5
2024,나바9976,in_age_009,0
2024,나바9976,in_age_010,5
2024,나바9976,in_age_012,0
2024,나바9976,in_age_013,8
2024,나바9976,in_age_014,5
2024,나바9976,in_age_015,8
2024,나바9976,in_age_016,5
2024,나바9976,in_age_037,5
2024,나바9976,in_age_038,5
2024,나바9976,in_age_039,0
2024,나바9976,in_age_040,5
2024,나바9976,in_age_043,5
2024,나바9976,in_age_044,5
2024,나바9976,in_age_045,8
2024,나바9976,in_age_046,0
2024,나바9976,in_age_064,0
2024,나바9976,in_age_067,0
2024,나바9976,in_age_070,0
2024,나바9976,in_age_072,0
2024,나바9976,in_age_073,5
2024,나바9976,in_age_075,5
2024,나바9976,in_age_076,5
2024,나바9976,to_in_001,23
2024,나바9976,to_in_007,13
2024,나바9976,to_in_008,8
2024,나바9980,in_age_006,5
2024,나바9980,in_age_012,5
2024,나바9980,in_age_013,0
2024,나바9980,in_age_014,5
2024,나바9980,in_age_015,5
2024,나바9980,in_age_016,0
2024,나바9980,in_age_017,0
2024,나바9980,in_age_036,5
2024,나바9980,in_age_042,0
2024,나바9980,in_age_044,0
2024,나바9980,in_age_045,0
2024,나바9980,in_age_046,0
2024,나바9980,in_age_047,0
2024,나바9980,in_age_066,0
2024,나바9980,in_age_072,0
2024,나바9980,in_age_073,0
2024,나바9980,in_age_074,0
2024,나바9980,in_age_075,5
2024,나바9980,to_in_001,13
2024,나바9980,to_in_007,8
2024,나바9980,to_in_008,8
2024,나바9981,in_age_006,5
2024,나바9981,in_age_007,0
2024,나바9981,in_age_010,0
2024,나바9981,in_age_011,5
2024,나바9981,in_age_012,0
2024,나바9981,in_age_013,8
2024,나바9981,in_age_014,5
2024,나바9981,in_age_015,5
2024,나바9981,in_age_016,5
2024,나바9981,in_age_017,8
2024,나바9981,in_age_018,0
2024,나바9981,in_age_040,0
2024,나바9981,in_age_041,5
2024,나바9981,in_age_043,5
2024,나바9981,in_age_044,0
2024,나바9981,in_age_045,5
2024,나바9981,in_age_046,5
2024,나바9981,in_age_047,5
2024,나바9981,in_age_048,0
2024,나바9981,in_age_066,5
2024,나바9981,in_age_067,0
2024,나바9981,in_age_072,0
2024,나바9981,in_age_073,5
2024,나바9981,in_age_074,5
2024,나바9981,in_age_076,5
2024,나바9981,in_age_077,5
2024,나바9981,to_in_001,23
2024,나바9981,to_in_007,13
2024,나바9981,to_in_008,8
2024,나바9983,in_age_011,5
2024,나바9983,in_age_013,5
2024,나바9983,in_age_014,0
2024,나바9983,in_age_016,5
2024,나바9983,in_age_018,5
2024,나바9983,in_age_019,0
2024,나바9983,in_age_043,0
2024,나바9983,in_age_044,0
2024,나바9983,in_age_046,0
2024,나바9983,in_age_071,5
2024,나바9983,in_age_073,0
2024,나바9983,in_age_076,0
2024,나바9983,in_age_078,5
2024,나바9983,in_age_079,0
2024,나바9983,to_in_001,8
2024,나바9983,to_in_007,5
2024,나바9983,to_in_008,8
2024,나바9984,in_age_003,0
2024,나바9984,in_age_004,5
2024,나바9984,in_age_006,5
2024,나바9984,in_age_007,5
2024,나바9984,in_age_008,0
2024,나바9984,in_age_009,0
2024,나바9984,in_age_011,5
2024,나바9984,in_age_012,13
2024,나바9984,in_age_013,8
2024,나바9984,in_age_014,8
2024,나바9984,in_age_015,8
2024,나바9984,in_age_016,5
2024,나바9984,in_age_017,5
2024,나바9984,in_age_018,5
2024,나바9984,in_age_019,5
2024,나바9984,in_age_034,0
2024,나바9984,in_age_036,0
2024,나바9984,in_age_037,5
2024,나바9984,in_age_038,0
2024,나바9984,in_age_039,0
2024,나바9984,in_age_041,0
2024,나바9984,in_age_042,5
2024,나바9984,in_age_043,5
2024,나바9984,in_age_044,5
2024,나바9984,in_age_045,5
2024,나바9984,in_age_046,5
2024,나바9984,in_age_048,0
2024,나바9984,in_age_063,0
2024,나바9984,in_age_064,0
2024,나바9984,in_age_066,0
2024,나바9984,in_age_071,0
2024,나바9984,in_age_072,8
2024,나바9984,in_age_073,5
2024,나바9984,in_age_074,8
2024,나바9984,in_age_075,5
2024,나바9984,in_age_076,0
2024,나바9984,in_age_077,5
2024,나바9984,in_age_078,5
2024,나바9984,in_age_079,5
2024,나바9984,to_in_001,58
2024,나바9984,to_in_007,28
2024,나바9984,to_in_008,28
2024,나바9985,in_age_006,0
2024,나바9985,in_age_007,0
2024,나바9985,in_age_011,0
2024,나바9985,in_age_012,5
2024,나바9985,in_age_013,8
2024,나바9985,in_age_014,8
2024,나바9985,in_age_015,0
2024,나바9985,in_age_036,0
2024,나바9985,in_age_037,0
2024,나바9985,in_age_041,0
2024,나바9985,in_age_043,8
2024,나바9985,in_age_044,5
2024,나바9985,in_age_072,5
2024,나바9985,in_age_073,0
2024,나바9985,in_age_074,0
2024,나바9985,in_age_075,0
2024,나바9985,to_in_001,13
2024,나바9985,to_in_007,8
2024,나바9985,to_in_008,5
2024,나바9987,in_age_005,0
2024,나바9987,in_age_006,0
2024,나바9987,in_age_010,5
2024,나바9987,in_age_011,0
2024,나바9987,in_age_012,0
2024,나바9987,in_age_015,0
2024,나바9987,in_age_017,5
2024,나바9987,in_age_040,5
2024,나바9987,in_age_042,0
2024,나바9987,in_age_047,0
2024,나바9987,in_age_065,0
2024,나바9987,in_age_066,0
2024,나바9987,in_age_070,0
2024,나바9987,in_age_071,0
2024,나바9987,in_age_075,0
2024,나바9987,in_age_077,0
2024,나바9987,to_in_001,8
2024,나바9987,to_in_007,5
2024,나바9987,to_in_008,8
2024,나바9988,in_age_001,5
2024,나바9988,in_age_002,5
2024,나바9988,in_age_003,5
2024,나바9988,in_age_004,5
2024,나바9988,in_age_005,5
2024,나바9988,in_age_006,13
2024,나바9988,in_age_007,13
2024,나바9988,in_age_008,8
2024,나바9988,in_age_009,8
2024,나바9988,in_age_010,13
2024,나바9988,in_age_011,23
2024,나바9988,in_age_012,23
2024,나바9988,in_age_013,28
2024,나바9988,in_age_014,8
2024,나바9988,in_age_015,13
2024,나바9988,in_age_016,13
2024,나바9988,in_age_017,5
2024,나바9988,in_age_018,0
2024,나바9988,in_age_019,5
2024,나바9988,in_age_032,5
2024,나바9988,in_age_033,0
2024,나바9988,in_age_034,5
2024,나바9988,in_age_035,5
2024,나바9988,in_age_036,8
2024,나바9988,in_age_037,13
2024,나바9988,in_age_038,5
2024,나바9988,in_age_039,8
2024,나바9988,in_age_040,8
2024,나바9988,in_age_041,18
2024,나바9988,in_age_042,13
2024,나바9988,in_age_043,18
2024,나바9988,in_age_044,5
2024,나바9988,in_age_045,8
2024,나바9988,in_age_046,8
2024,나바9988,in_age_047,5
2024,나바9988,in_age_061,5
2024,나바9988,in_age_062,0
2024,나바9988,in_age_063,5
2024,나바9988,in_age_064,5
2024,나바9988,in_age_065,0
2024,나바9988,in_age_066,5
2024,나바9988,in_age_067,5
2024,나바9988,in_age_068,5
2024,나바9988,in_age_069,5
2024,나바9988,in_age_070,0
2024,나바9988,in_age_071,8
2024,나바9988,in_age_072,13
2024,나바9988,in_age_073,13
2024,나바9988,in_age_074,8
2024,나바9988,in_age_075,8
2024,나바9988,in_age_076,8
2024,나바9988,in_age_077,5
2024,나바9988,in_age_078,0
2024,나바9988,in_age_079,5
2024,나바9988,to_in_001,188
2024,나바9988,to_in_007,118
2024,나바9988,to_in_008,68
